ISO-10303-21;
HEADER;
FILE_DESCRIPTION (( 'STEP AP214' ),
    '1' );
FILE_NAME ('HEPI-PbF2.STEP',
    '2026-01-08T14:24:47',
    ( '' ),
    ( '' ),
    'SwSTEP 2.0',
    'SolidWorks 2024',
    '' );
FILE_SCHEMA (( 'AUTOMOTIVE_DESIGN' ));
ENDSEC;

DATA;
#1 = ORIENTED_EDGE ( 'NONE', *, *, #5562, .T. ) ;
#2 = CARTESIAN_POINT ( 'NONE',  ( 16.00000000000000000, 7.500000000000000000, 9.000000000000000000 ) ) ;
#3 = ORIENTED_EDGE ( 'NONE', *, *, #6502, .F. ) ;
#4 = VECTOR ( 'NONE', #1625, 1000.000000000000000 ) ;
#5 = LINE ( 'NONE', #6002, #5105 ) ;
#6 = DIRECTION ( 'NONE',  ( 0.000000000000000000, 0.000000000000000000, -1.000000000000000000 ) ) ;
#7 = ORIENTED_EDGE ( 'NONE', *, *, #6682, .T. ) ;
#8 = CARTESIAN_POINT ( 'NONE',  ( 16.00000000000000000, 0.000000000000000000, -1.749999999999999334 ) ) ;
#9 = EDGE_CURVE ( 'NONE', #2263, #1337, #1885, .T. ) ;
#10 = VERTEX_POINT ( 'NONE', #7369 ) ;
#11 = ORIENTED_EDGE ( 'NONE', *, *, #5821, .F. ) ;
#12 = ORIENTED_EDGE ( 'NONE', *, *, #1107, .T. ) ;
#13 = LINE ( 'NONE', #2331, #1145 ) ;
#14 = CARTESIAN_POINT ( 'NONE',  ( 5.000000000000000000, 2.800000000000001155, 0.1000000000000000056 ) ) ;
#15 = ORIENTED_EDGE ( 'NONE', *, *, #2572, .F. ) ;
#16 = DIRECTION ( 'NONE',  ( -1.000000000000000000, 0.000000000000000000, 0.000000000000000000 ) ) ;
#17 = CARTESIAN_POINT ( 'NONE',  ( 15.50000000000000178, 0.000000000000000000, 3.799999999999999822 ) ) ;
#18 = ORIENTED_EDGE ( 'NONE', *, *, #2993, .F. ) ;
#19 = ORIENTED_EDGE ( 'NONE', *, *, #1057, .F. ) ;
#20 = CIRCLE ( 'NONE', #409, 0.8000000000000020428 ) ;
#21 = DIRECTION ( 'NONE',  ( 1.000000000000000000, 0.000000000000000000, 0.000000000000000000 ) ) ;
#22 = EDGE_CURVE ( 'NONE', #4783, #5021, #4207, .T. ) ;
#23 = EDGE_CURVE ( 'NONE', #7548, #1964, #6355, .T. ) ;
#24 = CARTESIAN_POINT ( 'NONE',  ( 15.49999999999999822, 7.500000000000000000, 1.750000000000000666 ) ) ;
#25 = DIRECTION ( 'NONE',  ( 0.000000000000000000, 0.000000000000000000, -1.000000000000000000 ) ) ;
#26 = AXIS2_PLACEMENT_3D ( 'NONE', #4263, #3749, #6707 ) ;
#27 = EDGE_CURVE ( 'NONE', #1094, #3252, #3685, .T. ) ;
#28 = ORIENTED_EDGE ( 'NONE', *, *, #1933, .T. ) ;
#29 = EDGE_CURVE ( 'NONE', #5523, #3088, #605, .T. ) ;
#30 = VERTEX_POINT ( 'NONE', #690 ) ;
#31 = VECTOR ( 'NONE', #5502, 1000.000000000000000 ) ;
#32 = DIRECTION ( 'NONE',  ( 0.000000000000000000, 0.000000000000000000, -1.000000000000000000 ) ) ;
#33 = CARTESIAN_POINT ( 'NONE',  ( 4.299999999999999822, -1.199999999999998623, 0.1000000000000000056 ) ) ;
#34 = PLANE ( 'NONE',  #4064 ) ;
#35 = DIRECTION ( 'NONE',  ( 0.000000000000000000, -1.000000000000000000, 0.000000000000000000 ) ) ;
#36 = EDGE_CURVE ( 'NONE', #5523, #3520, #617, .T. ) ;
#37 = DIRECTION ( 'NONE',  ( 0.000000000000000000, -1.000000000000000000, 0.000000000000000000 ) ) ;
#38 = AXIS2_PLACEMENT_3D ( 'NONE', #1143, #2298, #3584 ) ;
#39 = EDGE_LOOP ( 'NONE', ( #4785, #3737, #6894, #501 ) ) ;
#40 = DIRECTION ( 'NONE',  ( -0.000000000000000000, -0.000000000000000000, -1.000000000000000000 ) ) ;
#41 = ORIENTED_EDGE ( 'NONE', *, *, #4381, .T. ) ;
#42 = DIRECTION ( 'NONE',  ( 1.000000000000000000, 0.000000000000000000, 0.000000000000000000 ) ) ;
#43 = FACE_OUTER_BOUND ( 'NONE', #5795, .T. ) ;
#44 = LINE ( 'NONE', #4913, #219 ) ;
#45 = CARTESIAN_POINT ( 'NONE',  ( 9.249999999999998224, -3.499999999999999556, -18.50000000000000000 ) ) ;
#46 =( NAMED_UNIT ( * ) PLANE_ANGLE_UNIT ( ) SI_UNIT ( $, .RADIAN. ) );
#47 = EDGE_LOOP ( 'NONE', ( #6201, #7047, #4298, #3179 ) ) ;
#48 = ORIENTED_EDGE ( 'NONE', *, *, #1767, .F. ) ;
#49 = ORIENTED_EDGE ( 'NONE', *, *, #997, .F. ) ;
#50 = LINE ( 'NONE', #6172, #5474 ) ;
#51 = PLANE ( 'NONE',  #1766 ) ;
#52 = ORIENTED_EDGE ( 'NONE', *, *, #9, .F. ) ;
#53 = FACE_OUTER_BOUND ( 'NONE', #7650, .T. ) ;
#54 = LINE ( 'NONE', #5680, #3085 ) ;
#55 = VERTEX_POINT ( 'NONE', #79 ) ;
#56 = ORIENTED_EDGE ( 'NONE', *, *, #5645, .T. ) ;
#57 = DIRECTION ( 'NONE',  ( 0.000000000000000000, 0.000000000000000000, 1.000000000000000000 ) ) ;
#58 = SURFACE_STYLE_FILL_AREA ( #1265 ) ;
#59 = CARTESIAN_POINT ( 'NONE',  ( 17.50000000000000000, 0.4999999999999995559, 10.49999999999999645 ) ) ;
#60 = CARTESIAN_POINT ( 'NONE',  ( 14.74999999999999822, 0.5000000000000004441, -0.9999999999999995559 ) ) ;
#61 = DIRECTION ( 'NONE',  ( 0.000000000000000000, 1.000000000000000000, 0.000000000000000000 ) ) ;
#62 = ADVANCED_FACE ( 'NONE', ( #4838 ), #4247, .T. ) ;
#63 = EDGE_LOOP ( 'NONE', ( #1332, #687 ) ) ;
#64 = DIRECTION ( 'NONE',  ( 0.000000000000000000, 0.000000000000000000, 1.000000000000000000 ) ) ;
#65 = DIRECTION ( 'NONE',  ( 0.000000000000000000, 1.000000000000000000, 0.000000000000000000 ) ) ;
#66 = ADVANCED_FACE ( 'NONE', ( #1128 ), #7292, .F. ) ;
#67 = PRESENTATION_STYLE_ASSIGNMENT (( #1958 ) ) ;
#68 = FACE_OUTER_BOUND ( 'NONE', #5218, .T. ) ;
#69 = AXIS2_PLACEMENT_3D ( 'NONE', #7500, #209, #6256 ) ;
#70 = EDGE_CURVE ( 'NONE', #4783, #55, #4055, .T. ) ;
#71 = DIRECTION ( 'NONE',  ( 1.000000000000000000, 0.000000000000000000, -1.239088197126289831E-16 ) ) ;
#72 = VERTEX_POINT ( 'NONE', #1244 ) ;
#73 = CARTESIAN_POINT ( 'NONE',  ( 15.49999999999999822, 0.000000000000000000, 0.2500000000000009437 ) ) ;
#74 = AXIS2_PLACEMENT_3D ( 'NONE', #5188, #5794, #316 ) ;
#75 = VERTEX_POINT ( 'NONE', #534 ) ;
#76 = CARTESIAN_POINT ( 'NONE',  ( 17.50000000000000000, 7.500000000000000000, 3.250000000000002665 ) ) ;
#77 = AXIS2_PLACEMENT_3D ( 'NONE', #7079, #3368, #7645 ) ;
#78 = CARTESIAN_POINT ( 'NONE',  ( 13.99999999999999822, 0.000000000000000000, 0.2500000000000002220 ) ) ;
#79 = CARTESIAN_POINT ( 'NONE',  ( -6.050000000000000711, 2.000000000000000000, 0.1000000000000000056 ) ) ;
#80 = LINE ( 'NONE', #5394, #2497 ) ;
#81 = AXIS2_PLACEMENT_3D ( 'NONE', #4592, #7103, #4549 ) ;
#82 = ORIENTED_EDGE ( 'NONE', *, *, #7262, .F. ) ;
#83 = ORIENTED_EDGE ( 'NONE', *, *, #7328, .T. ) ;
#84 = EDGE_CURVE ( 'NONE', #6968, #7466, #5393, .T. ) ;
#85 = DIRECTION ( 'NONE',  ( -0.000000000000000000, 1.000000000000000000, -0.000000000000000000 ) ) ;
#86 = ORIENTED_EDGE ( 'NONE', *, *, #7235, .F. ) ;
#87 = DIRECTION ( 'NONE',  ( 1.326241189584715037E-16, -1.000000000000000000, 0.000000000000000000 ) ) ;
#88 = DIRECTION ( 'NONE',  ( 0.000000000000000000, 0.000000000000000000, 1.000000000000000000 ) ) ;
#89 = VERTEX_POINT ( 'NONE', #7890 ) ;
#90 = CARTESIAN_POINT ( 'NONE',  ( 16.00000000000000000, 7.500000000000000000, 10.49999999999999645 ) ) ;
#91 = CIRCLE ( 'NONE', #5191, 1.499999999999999556 ) ;
#92 = CARTESIAN_POINT ( 'NONE',  ( -6.800000000000001599, 3.299999999999999822, 0.000000000000000000 ) ) ;
#93 = ORIENTED_EDGE ( 'NONE', *, *, #4734, .T. ) ;
#94 = ORIENTED_EDGE ( 'NONE', *, *, #2952, .T. ) ;
#95 = AXIS2_PLACEMENT_3D ( 'NONE', #3857, #6811, #5752 ) ;
#96 = VECTOR ( 'NONE', #2804, 1000.000000000000000 ) ;
#97 = DIRECTION ( 'NONE',  ( -0.000000000000000000, -0.000000000000000000, -1.000000000000000000 ) ) ;
#98 = AXIS2_PLACEMENT_3D ( 'NONE', #951, #6398, #2259 ) ;
#99 = FACE_OUTER_BOUND ( 'NONE', #6897, .T. ) ;
#100 = LINE ( 'NONE', #6306, #108 ) ;
#101 = CARTESIAN_POINT ( 'NONE',  ( -9.000000000000000000, 7.500000000000000000, 9.799999999999998934 ) ) ;
#102 = VECTOR ( 'NONE', #4352, 1000.000000000000000 ) ;
#103 = DIRECTION ( 'NONE',  ( 0.000000000000000000, 1.000000000000000000, 0.000000000000000000 ) ) ;
#104 = AXIS2_PLACEMENT_3D ( 'NONE', #228, #3150, #762 ) ;
#105 = AXIS2_PLACEMENT_3D ( 'NONE', #3551, #5990, #3480 ) ;
#106 = EDGE_CURVE ( 'NONE', #1368, #5909, #4789, .T. ) ;
#107 = ORIENTED_EDGE ( 'NONE', *, *, #6786, .F. ) ;
#108 = VECTOR ( 'NONE', #672, 1000.000000000000000 ) ;
#109 = DIRECTION ( 'NONE',  ( 1.196361017915039239E-16, 0.000000000000000000, 1.000000000000000000 ) ) ;
#110 = DIRECTION ( 'NONE',  ( 0.000000000000000000, 0.000000000000000000, 1.000000000000000000 ) ) ;
#111 = VECTOR ( 'NONE', #918, 1000.000000000000000 ) ;
#112 = EDGE_CURVE ( 'NONE', #6994, #1089, #6995, .T. ) ;
#113 = CARTESIAN_POINT ( 'NONE',  ( 17.50000000000000000, 7.500000000000000000, 8.999999999999998224 ) ) ;
#114 = DIRECTION ( 'NONE',  ( 1.000000000000000000, 0.000000000000000000, 0.000000000000000000 ) ) ;
#115 = VECTOR ( 'NONE', #4333, 1000.000000000000000 ) ;
#116 = AXIS2_PLACEMENT_3D ( 'NONE', #7214, #6783, #4255 ) ;
#117 = ORIENTED_EDGE ( 'NONE', *, *, #3099, .T. ) ;
#118 = CARTESIAN_POINT ( 'NONE',  ( 3.700000000000000178, 0.000000000000000000, 0.1000000000000000056 ) ) ;
#119 = ORIENTED_EDGE ( 'NONE', *, *, #1107, .F. ) ;
#120 = FACE_OUTER_BOUND ( 'NONE', #5406, .T. ) ;
#121 = EDGE_CURVE ( 'NONE', #5949, #5422, #5073, .T. ) ;
#122 = DIRECTION ( 'NONE',  ( 1.652117596168387756E-16, 0.000000000000000000, -1.000000000000000000 ) ) ;
#123 = VECTOR ( 'NONE', #6341, 1000.000000000000000 ) ;
#124 = EDGE_CURVE ( 'NONE', #5028, #4513, #44, .T. ) ;
#125 = DIRECTION ( 'NONE',  ( 1.000000000000000000, 0.000000000000000000, 0.000000000000000000 ) ) ;
#126 = DIRECTION ( 'NONE',  ( -0.000000000000000000, 1.000000000000000000, -0.000000000000000000 ) ) ;
#127 = EDGE_CURVE ( 'NONE', #6410, #651, #2046, .T. ) ;
#128 = VERTEX_POINT ( 'NONE', #5589 ) ;
#129 = CIRCLE ( 'NONE', #4723, 1.499999999999999556 ) ;
#130 = ORIENTED_EDGE ( 'NONE', *, *, #4936, .T. ) ;
#131 = CARTESIAN_POINT ( 'NONE',  ( -6.570000000000002949, -3.069999999999999840, -1.074999999999999956 ) ) ;
#132 = AXIS2_PLACEMENT_3D ( 'NONE', #3855, #3245, #2043 ) ;
#133 = ORIENTED_EDGE ( 'NONE', *, *, #5201, .T. ) ;
#134 = CARTESIAN_POINT ( 'NONE',  ( -5.999999999999999112, -1.200000000000000178, 0.000000000000000000 ) ) ;
#135 = CARTESIAN_POINT ( 'NONE',  ( 9.000000000000000000, 0.000000000000000000, -9.000000000000001776 ) ) ;
#136 = LINE ( 'NONE', #1420, #6619 ) ;
#137 = EDGE_LOOP ( 'NONE', ( #5016, #7543, #4461, #5488 ) ) ;
#138 = CARTESIAN_POINT ( 'NONE',  ( 16.00000000000000000, 0.4999999999999995559, -9.800000000000000711 ) ) ;
#139 = DIRECTION ( 'NONE',  ( -0.000000000000000000, 1.000000000000000000, -0.000000000000000000 ) ) ;
#140 = VERTEX_POINT ( 'NONE', #2004 ) ;
#141 = ORIENTED_EDGE ( 'NONE', *, *, #6727, .T. ) ;
#142 = ADVANCED_FACE ( 'NONE', ( #6284 ), #1967, .F. ) ;
#143 = CARTESIAN_POINT ( 'NONE',  ( -17.50000000000000000, 0.000000000000000000, -10.50000000000000000 ) ) ;
#144 = LINE ( 'NONE', #59, #7147 ) ;
#145 = LINE ( 'NONE', #754, #4576 ) ;
#146 = FACE_BOUND ( 'NONE', #7274, .T. ) ;
#147 = VERTEX_POINT ( 'NONE', #6321 ) ;
#148 = DIRECTION ( 'NONE',  ( -1.000000000000000000, -0.000000000000000000, -0.000000000000000000 ) ) ;
#149 = PLANE ( 'NONE',  #5086 ) ;
#150 = EDGE_CURVE ( 'NONE', #7383, #2842, #4446, .T. ) ;
#151 = CARTESIAN_POINT ( 'NONE',  ( 16.00000000000000000, 7.500000000000000000, -10.50000000000000355 ) ) ;
#152 = AXIS2_PLACEMENT_3D ( 'NONE', #4794, #2966, #1658 ) ;
#153 = CYLINDRICAL_SURFACE ( 'NONE', #5564, 0.5000000000000000000 ) ;
#154 = CIRCLE ( 'NONE', #929, 1.500000000000000000 ) ;
#155 = EDGE_LOOP ( 'NONE', ( #470, #4762, #3379, #5609 ) ) ;
#156 = DIRECTION ( 'NONE',  ( -2.312964634635743450E-15, 0.000000000000000000, 1.000000000000000000 ) ) ;
#157 = ORIENTED_EDGE ( 'NONE', *, *, #216, .T. ) ;
#158 = CARTESIAN_POINT ( 'NONE',  ( -10.50000000000000533, 7.500000000000000000, 9.000000000000001776 ) ) ;
#159 = CARTESIAN_POINT ( 'NONE',  ( 0.000000000000000000, -3.249999999999999556, 0.5000000000000000000 ) ) ;
#160 = CARTESIAN_POINT ( 'NONE',  ( -0.4299999999999999378, 0.1750000000000000167, -3.069999999999999396 ) ) ;
#161 = DIRECTION ( 'NONE',  ( 0.000000000000000000, 1.000000000000000000, 0.000000000000000000 ) ) ;
#162 = AXIS2_PLACEMENT_3D ( 'NONE', #4238, #37, #3076 ) ;
#163 = ORIENTED_EDGE ( 'NONE', *, *, #3918, .T. ) ;
#164 = EDGE_CURVE ( 'NONE', #948, #3307, #7450, .T. ) ;
#165 = ORIENTED_EDGE ( 'NONE', *, *, #70, .F. ) ;
#166 = FACE_OUTER_BOUND ( 'NONE', #5877, .T. ) ;
#167 = EDGE_LOOP ( 'NONE', ( #5730, #4243, #7865, #1596 ) ) ;
#168 = PRODUCT ( 'PTFE Wrap', 'PTFE Wrap', '', ( #5234 ) ) ;
#169 = CARTESIAN_POINT ( 'NONE',  ( 1.350000000000000533, -2.000000000000000000, 0.1000000000000000056 ) ) ;
#170 = DIRECTION ( 'NONE',  ( 0.000000000000000000, 1.000000000000000000, -0.000000000000000000 ) ) ;
#171 = DIRECTION ( 'NONE',  ( 0.000000000000000000, 0.000000000000000000, 1.000000000000000000 ) ) ;
#172 = EDGE_LOOP ( 'NONE', ( #3816, #933, #3741, #7155 ) ) ;
#173 = EDGE_CURVE ( 'NONE', #5714, #1471, #1409, .T. ) ;
#174 = CARTESIAN_POINT ( 'NONE',  ( 6.000000000000000000, 2.800000000000001155, 0.1000000000000000056 ) ) ;
#175 = CARTESIAN_POINT ( 'NONE',  ( 16.00000000000000000, 7.500000000000000000, 9.000000000000000000 ) ) ;
#176 = ORIENTED_EDGE ( 'NONE', *, *, #3074, .T. ) ;
#177 = EDGE_CURVE ( 'NONE', #2593, #4534, #3286, .T. ) ;
#178 = ORIENTED_EDGE ( 'NONE', *, *, #3498, .F. ) ;
#179 = CARTESIAN_POINT ( 'NONE',  ( 16.75000000000000000, 7.500000000000000000, -2.499999999999999556 ) ) ;
#180 = ORIENTED_EDGE ( 'NONE', *, *, #5932, .F. ) ;
#181 = DIRECTION ( 'NONE',  ( 0.000000000000000000, 0.000000000000000000, 1.000000000000000000 ) ) ;
#182 = CARTESIAN_POINT ( 'NONE',  ( 6.769999999999996909, 3.500000000000000888, 0.000000000000000000 ) ) ;
#183 = DIRECTION ( 'NONE',  ( -0.000000000000000000, -0.000000000000000000, -1.000000000000000000 ) ) ;
#184 = VERTEX_POINT ( 'NONE', #3211 ) ;
#185 = DIRECTION ( 'NONE',  ( 0.000000000000000000, -1.000000000000000000, 0.000000000000000000 ) ) ;
#186 = DIRECTION ( 'NONE',  ( 0.000000000000000000, 0.000000000000000000, -1.000000000000000000 ) ) ;
#187 = DIRECTION ( 'NONE',  ( -0.000000000000000000, -0.000000000000000000, -1.000000000000000000 ) ) ;
#188 = ADVANCED_FACE ( 'NONE', ( #1929 ), #6198, .F. ) ;
#189 = CARTESIAN_POINT ( 'NONE',  ( -0.4300000000000025469, 3.070000000000000284, -1.074999999999999956 ) ) ;
#190 = ORIENTED_EDGE ( 'NONE', *, *, #6532, .T. ) ;
#191 = DIRECTION ( 'NONE',  ( 1.412641267082090664E-16, 1.000000000000000000, -0.000000000000000000 ) ) ;
#192 = ORIENTED_EDGE ( 'NONE', *, *, #570, .T. ) ;
#193 = PLANE ( 'NONE',  #5741 ) ;
#194 = DIRECTION ( 'NONE',  ( -0.000000000000000000, -0.000000000000000000, -1.000000000000000000 ) ) ;
#195 = CARTESIAN_POINT ( 'NONE',  ( 9.499999999999994671, 0.4999999999999995559, -9.500000000000000000 ) ) ;
#196 = AXIS2_PLACEMENT_3D ( 'NONE', #3826, #1461, #825 ) ;
#197 = CARTESIAN_POINT ( 'NONE',  ( -3.200000000000000178, -2.000000000000000000, 0.1000000000000000056 ) ) ;
#198 = ORIENTED_EDGE ( 'NONE', *, *, #3858, .T. ) ;
#199 = EDGE_CURVE ( 'NONE', #4281, #4028, #4366, .T. ) ;
#200 = ORIENTED_EDGE ( 'NONE', *, *, #808, .T. ) ;
#201 = AXIS2_PLACEMENT_3D ( 'NONE', #4557, #6930, #7451 ) ;
#202 = CARTESIAN_POINT ( 'NONE',  ( -12.00000000000000355, 0.000000000000000000, -2.999999999999998224 ) ) ;
#203 = VERTEX_POINT ( 'NONE', #3809 ) ;
#204 = CARTESIAN_POINT ( 'NONE',  ( -6.769999999999998685, 0.000000000000000000, -3.270000000000000018 ) ) ;
#205 = CARTESIAN_POINT ( 'NONE',  ( -9.000000000000000000, 2.999999999999999556, 0.000000000000000000 ) ) ;
#206 = ORIENTED_EDGE ( 'NONE', *, *, #2082, .F. ) ;
#207 = AXIS2_PLACEMENT_3D ( 'NONE', #6406, #5075, #1530 ) ;
#208 = EDGE_CURVE ( 'NONE', #7261, #3627, #243, .T. ) ;
#209 = DIRECTION ( 'NONE',  ( 0.000000000000000000, 0.000000000000000000, 1.000000000000000000 ) ) ;
#210 = AXIS2_PLACEMENT_3D ( 'NONE', #4398, #3915, #5697 ) ;
#211 = CARTESIAN_POINT ( 'NONE',  ( 3.299999999999999378, -1.199999999999998845, 0.000000000000000000 ) ) ;
#212 = ORIENTED_EDGE ( 'NONE', *, *, #5288, .F. ) ;
#213 = EDGE_LOOP ( 'NONE', ( #6490, #2566, #506, #28 ) ) ;
#214 = DIRECTION ( 'NONE',  ( 1.000000000000000000, 0.000000000000000000, 0.000000000000000000 ) ) ;
#215 = VERTEX_POINT ( 'NONE', #1447 ) ;
#216 = EDGE_CURVE ( 'NONE', #3666, #818, #7637, .T. ) ;
#217 = DIRECTION ( 'NONE',  ( 1.000000000000000000, 0.000000000000000000, -9.912705577010326782E-17 ) ) ;
#218 = CARTESIAN_POINT ( 'NONE',  ( 8.604945506379110043, 0.4999999999999995559, -9.695652173913043015 ) ) ;
#219 = VECTOR ( 'NONE', #3768, 1000.000000000000000 ) ;
#220 = FACE_OUTER_BOUND ( 'NONE', #2864, .T. ) ;
#221 = CIRCLE ( 'NONE', #1377, 1.500000000000000000 ) ;
#222 = EDGE_CURVE ( 'NONE', #5917, #2052, #6242, .T. ) ;
#223 = AXIS2_PLACEMENT_3D ( 'NONE', #6109, #6680, #5941 ) ;
#224 = ORIENTED_EDGE ( 'NONE', *, *, #7338, .T. ) ;
#225 = CARTESIAN_POINT ( 'NONE',  ( -9.000000000000000000, 0.000000000000000000, -9.000000000000001776 ) ) ;
#226 = CARTESIAN_POINT ( 'NONE',  ( -0.4300000000000025469, 3.070000000000000284, -1.074999999999999956 ) ) ;
#227 = VECTOR ( 'NONE', #1042, 1000.000000000000000 ) ;
#228 = CARTESIAN_POINT ( 'NONE',  ( 14.74999999999999822, 7.500000000000000000, -0.9999999999999995559 ) ) ;
#229 = CIRCLE ( 'NONE', #1121, 1.050000000000000266 ) ;
#230 = AXIS2_PLACEMENT_3D ( 'NONE', #7312, #6184, #6833 ) ;
#231 = DIRECTION ( 'NONE',  ( -0.000000000000000000, 0.000000000000000000, 1.000000000000000000 ) ) ;
#232 = EDGE_CURVE ( 'NONE', #3269, #2417, #748, .T. ) ;
#233 = PRODUCT ( 'SiPM base 2x1', 'SiPM base 2x1', '', ( #2391 ) ) ;
#234 = AXIS2_PLACEMENT_3D ( 'NONE', #1620, #2850, #3500 ) ;
#235 = VECTOR ( 'NONE', #2003, 1000.000000000000000 ) ;
#236 = ORIENTED_EDGE ( 'NONE', *, *, #7830, .F. ) ;
#237 = DIRECTION ( 'NONE',  ( -0.000000000000000000, -0.000000000000000000, -1.000000000000000000 ) ) ;
#238 = CIRCLE ( 'NONE', #494, 0.8000000000000003775 ) ;
#239 = ORIENTED_EDGE ( 'NONE', *, *, #1406, .T. ) ;
#240 = CARTESIAN_POINT ( 'NONE',  ( 15.50000000000000178, 0.4999999999999995559, -3.249999999999999112 ) ) ;
#241 = EDGE_CURVE ( 'NONE', #1122, #7725, #730, .T. ) ;
#242 = LINE ( 'NONE', #6810, #994 ) ;
#243 = LINE ( 'NONE', #160, #6616 ) ;
#244 = PLANE ( 'NONE',  #461 ) ;
#245 =( GEOMETRIC_REPRESENTATION_CONTEXT ( 3 ) GLOBAL_UNCERTAINTY_ASSIGNED_CONTEXT ( ( #6571 ) ) GLOBAL_UNIT_ASSIGNED_CONTEXT ( ( #1592, #3507, #4739 ) ) REPRESENTATION_CONTEXT ( 'NONE', 'WORKASPACE' ) );
#246 = DIRECTION ( 'NONE',  ( 1.000000000000000000, 0.000000000000000000, 0.000000000000000000 ) ) ;
#247 = VERTEX_POINT ( 'NONE', #2081 ) ;
#248 = ORIENTED_EDGE ( 'NONE', *, *, #3575, .F. ) ;
#249 = CARTESIAN_POINT ( 'NONE',  ( 6.769999999999997797, -3.499999999999999112, 0.000000000000000000 ) ) ;
#250 = EDGE_LOOP ( 'NONE', ( #7192, #469, #5240, #4100 ) ) ;
#251 = VECTOR ( 'NONE', #738, 1000.000000000000000 ) ;
#252 = LINE ( 'NONE', #6973, #3842 ) ;
#253 = VECTOR ( 'NONE', #7458, 1000.000000000000000 ) ;
#254 = CARTESIAN_POINT ( 'NONE',  ( 1.350000000000000533, 2.000000000000000000, 0.1000000000000000056 ) ) ;
#255 = EDGE_LOOP ( 'NONE', ( #5244, #6834, #1634, #1099 ) ) ;
#256 = ADVANCED_FACE ( 'NONE', ( #1362 ), #4520, .F. ) ;
#257 = CARTESIAN_POINT ( 'NONE',  ( 16.00000000000000000, 0.4999999999999995559, -10.04999999999999893 ) ) ;
#258 = CIRCLE ( 'NONE', #7419, 0.8000000000000009326 ) ;
#259 = DIRECTION ( 'NONE',  ( 0.000000000000000000, 0.000000000000000000, 1.000000000000000000 ) ) ;
#260 = ORIENTED_EDGE ( 'NONE', *, *, #2606, .T. ) ;
#261 = AXIS2_PLACEMENT_3D ( 'NONE', #7084, #1608, #5354 ) ;
#262 = VERTEX_POINT ( 'NONE', #2596 ) ;
#263 = DIRECTION ( 'NONE',  ( 0.000000000000000000, 1.000000000000000000, -0.000000000000000000 ) ) ;
#264 = EDGE_LOOP ( 'NONE', ( #1304, #330, #3756, #4188 ) ) ;
#265 = CARTESIAN_POINT ( 'NONE',  ( 1.850000000000000311, -2.000000000000000000, 0.1000000000000000056 ) ) ;
#266 = CYLINDRICAL_SURFACE ( 'NONE', #6106, 1.049999999999998934 ) ;
#267 = CARTESIAN_POINT ( 'NONE',  ( 4.999999999999999112, -1.199999999999998845, 0.1000000000000000056 ) ) ;
#268 = EDGE_CURVE ( 'NONE', #4040, #1866, #5031, .T. ) ;
#269 = ORIENTED_EDGE ( 'NONE', *, *, #1299, .T. ) ;
#270 = DIRECTION ( 'NONE',  ( -0.000000000000000000, -1.000000000000000000, -0.000000000000000000 ) ) ;
#271 = SURFACE_SIDE_STYLE ('',( #3319 ) ) ;
#272 = DIRECTION ( 'NONE',  ( -1.652117596168387756E-16, 0.000000000000000000, 1.000000000000000000 ) ) ;
#273 = EDGE_CURVE ( 'NONE', #4863, #3734, #5666, .T. ) ;
#274 = CARTESIAN_POINT ( 'NONE',  ( -9.000000000000000000, -3.000000000000000444, 0.000000000000000000 ) ) ;
#275 = EDGE_CURVE ( 'NONE', #2317, #5340, #5071, .T. ) ;
#276 = ORIENTED_EDGE ( 'NONE', *, *, #2663, .F. ) ;
#277 = ORIENTED_EDGE ( 'NONE', *, *, #2637, .F. ) ;
#278 = AXIS2_PLACEMENT_3D ( 'NONE', #371, #4047, #5129 ) ;
#279 = CARTESIAN_POINT ( 'NONE',  ( 3.700000000000000178, -2.000000000000000000, 0.000000000000000000 ) ) ;
#280 = PLANE ( 'NONE',  #6758 ) ;
#281 = CARTESIAN_POINT ( 'NONE',  ( -9.000000000000000000, 0.000000000000000000, -9.000000000000001776 ) ) ;
#282 = DIRECTION ( 'NONE',  ( 1.000000000000000000, 0.000000000000000000, 0.000000000000000000 ) ) ;
#283 = PRODUCT_CONTEXT ( 'NONE', #2608, 'mechanical' ) ;
#284 = ORIENTED_EDGE ( 'NONE', *, *, #7886, .F. ) ;
#285 = ORIENTED_EDGE ( 'NONE', *, *, #3708, .F. ) ;
#286 = LINE ( 'NONE', #5236, #1921 ) ;
#287 = ORIENTED_EDGE ( 'NONE', *, *, #7212, .F. ) ;
#288 = DIRECTION ( 'NONE',  ( -1.000000000000000000, -1.412641267082090664E-16, 0.000000000000000000 ) ) ;
#289 = CARTESIAN_POINT ( 'NONE',  ( 15.50000000000000178, 0.000000000000000000, -5.500000000000000000 ) ) ;
#290 = VECTOR ( 'NONE', #2454, 1000.000000000000000 ) ;
#291 = VERTEX_POINT ( 'NONE', #3397 ) ;
#292 = FACE_OUTER_BOUND ( 'NONE', #2307, .T. ) ;
#293 = CARTESIAN_POINT ( 'NONE',  ( 5.049999999999999822, -2.000000000000000000, 0.000000000000000000 ) ) ;
#294 = ORIENTED_EDGE ( 'NONE', *, *, #7358, .F. ) ;
#295 = VERTEX_POINT ( 'NONE', #1527 ) ;
#296 = CARTESIAN_POINT ( 'NONE',  ( -9.250000000000001776, -3.249999999999999556, -18.25000000000000000 ) ) ;
#297 = ORIENTED_EDGE ( 'NONE', *, *, #9, .T. ) ;
#298 = CARTESIAN_POINT ( 'NONE',  ( -10.50000000000000533, 0.4999999999999995559, 10.50000000000000355 ) ) ;
#299 = CARTESIAN_POINT ( 'NONE',  ( 3.200000000000000178, -2.000000000000000000, 0.000000000000000000 ) ) ;
#300 = DIRECTION ( 'NONE',  ( -0.000000000000000000, -0.000000000000000000, -1.000000000000000000 ) ) ;
#301 = ORIENTED_EDGE ( 'NONE', *, *, #393, .F. ) ;
#302 = CARTESIAN_POINT ( 'NONE',  ( 16.00000000000000000, 0.4999999999999995559, -9.000000000000000000 ) ) ;
#303 = PLANE ( 'NONE',  #3186 ) ;
#304 = SURFACE_STYLE_USAGE ( .BOTH. , #950 ) ;
#305 = EDGE_CURVE ( 'NONE', #5114, #6864, #7644, .T. ) ;
#306 = DIRECTION ( 'NONE',  ( 0.000000000000000000, 0.000000000000000000, -1.000000000000000000 ) ) ;
#307 = ORIENTED_EDGE ( 'NONE', *, *, #5678, .T. ) ;
#308 = ADVANCED_FACE ( 'NONE', ( #4600 ), #3964, .F. ) ;
#309 = ORIENTED_EDGE ( 'NONE', *, *, #5379, .F. ) ;
#310 = DIRECTION ( 'NONE',  ( 0.000000000000000000, 1.000000000000000000, -0.000000000000000000 ) ) ;
#311 = DIRECTION ( 'NONE',  ( 0.000000000000000000, 0.000000000000000000, -1.000000000000000000 ) ) ;
#312 = CARTESIAN_POINT ( 'NONE',  ( -9.500000000000001776, 3.499999999999999556, -18.50000000000000000 ) ) ;
#313 = CARTESIAN_POINT ( 'NONE',  ( 6.570000000000002061, 0.1750000000000000167, 3.070000000000000284 ) ) ;
#314 = ADVANCED_FACE ( 'NONE', ( #5944 ), #5823, .F. ) ;
#315 = CARTESIAN_POINT ( 'NONE',  ( -6.770000000000000462, -3.270000000000000462, -0.5000000000000000000 ) ) ;
#316 = DIRECTION ( 'NONE',  ( 9.637352644315592778E-17, 0.000000000000000000, 1.000000000000000000 ) ) ;
#317 = EDGE_LOOP ( 'NONE', ( #7323, #2138, #4561, #546, #6889, #6947, #6729, #5375, #7065, #5362, #1331, #6578, #6826, #2075, #3613, #5603, #94, #2135, #5513, #3012, #6663, #200, #2096, #5280, #6591, #4261, #6459, #2282, #3086, #5561, #4989, #3488 ) ) ;
#318 = EDGE_CURVE ( 'NONE', #7093, #1768, #3547, .T. ) ;
#319 = CARTESIAN_POINT ( 'NONE',  ( 16.00000000000000000, 7.500000000000000000, 1.750000000000000666 ) ) ;
#320 = ORIENTED_EDGE ( 'NONE', *, *, #1343, .T. ) ;
#321 = CARTESIAN_POINT ( 'NONE',  ( -9.000000000000000000, 2.999999999999999556, -18.00000000000000000 ) ) ;
#322 = DIRECTION ( 'NONE',  ( 0.000000000000000000, 0.000000000000000000, -1.000000000000000000 ) ) ;
#323 = VERTEX_POINT ( 'NONE', #1601 ) ;
#324 = UNCERTAINTY_MEASURE_WITH_UNIT (LENGTH_MEASURE( 1.000000000000000082E-05 ), #6430, 'distance_accuracy_value', 'NONE');
#325 = DIRECTION ( 'NONE',  ( 1.000000000000000000, 0.000000000000000000, 0.000000000000000000 ) ) ;
#326 = UNCERTAINTY_MEASURE_WITH_UNIT (LENGTH_MEASURE( 1.000000000000000082E-05 ), #536, 'distance_accuracy_value', 'NONE');
#327 = VECTOR ( 'NONE', #7905, 1000.000000000000000 ) ;
#328 = CARTESIAN_POINT ( 'NONE',  ( 15.50000000000000178, 0.4999999999999995559, -3.799999999999999822 ) ) ;
#329 = VERTEX_POINT ( 'NONE', #2197 ) ;
#330 = ORIENTED_EDGE ( 'NONE', *, *, #5226, .F. ) ;
#331 = DIRECTION ( 'NONE',  ( -1.000000000000000000, 0.000000000000000000, -4.956352788505165240E-16 ) ) ;
#332 = PRODUCT_DEFINITION_FORMATION_WITH_SPECIFIED_SOURCE ( 'ANY', '', #1828, .NOT_KNOWN. ) ;
#333 = ORIENTED_EDGE ( 'NONE', *, *, #6084, .T. ) ;
#334 = AXIS2_PLACEMENT_3D ( 'NONE', #4034, #3516, #7730 ) ;
#335 = CARTESIAN_POINT ( 'NONE',  ( 16.00000000000000000, 7.500000000000000000, -10.50000000000000355 ) ) ;
#336 = LINE ( 'NONE', #5136, #354 ) ;
#337 = DIRECTION ( 'NONE',  ( -0.000000000000000000, -0.000000000000000000, -1.000000000000000000 ) ) ;
#338 = AXIS2_PLACEMENT_3D ( 'NONE', #1837, #2471, #1874 ) ;
#339 = ORIENTED_EDGE ( 'NONE', *, *, #2315, .T. ) ;
#340 = CARTESIAN_POINT ( 'NONE',  ( -6.770000000000003126, 3.500000000000000888, 0.000000000000000000 ) ) ;
#341 = CARTESIAN_POINT ( 'NONE',  ( -3.700000000000000178, 2.000000000000000000, 0.1000000000000000056 ) ) ;
#342 = CARTESIAN_POINT ( 'NONE',  ( 3.700000000000000178, 2.000000000000000000, 0.1000000000000000056 ) ) ;
#343 = CARTESIAN_POINT ( 'NONE',  ( 14.74999999999999822, 7.500000000000000000, -2.499999999999999556 ) ) ;
#344 = EDGE_CURVE ( 'NONE', #818, #7165, #5151, .T. ) ;
#345 = EDGE_LOOP ( 'NONE', ( #18, #5740, #7774, #5694 ) ) ;
#346 = ORIENTED_EDGE ( 'NONE', *, *, #477, .T. ) ;
#347 = VECTOR ( 'NONE', #5425, 1000.000000000000000 ) ;
#348 = CARTESIAN_POINT ( 'NONE',  ( 9.249999999999998224, 3.249999999999999556, 0.2500000000000000000 ) ) ;
#349 = CARTESIAN_POINT ( 'NONE',  ( -4.200000000000000178, 0.000000000000000000, 0.000000000000000000 ) ) ;
#350 = CIRCLE ( 'NONE', #5715, 0.2500000000000002220 ) ;
#351 = DIRECTION ( 'NONE',  ( 0.000000000000000000, -1.000000000000000000, 0.000000000000000000 ) ) ;
#352 = DIRECTION ( 'NONE',  ( 0.000000000000000000, 0.000000000000000000, 1.000000000000000000 ) ) ;
#353 = CARTESIAN_POINT ( 'NONE',  ( -9.250000000000001776, -3.249999999999999556, 0.5000000000000000000 ) ) ;
#354 = VECTOR ( 'NONE', #7626, 1000.000000000000000 ) ;
#355 = VECTOR ( 'NONE', #6403, 1000.000000000000000 ) ;
#356 = APPLICATION_PROTOCOL_DEFINITION ( 'draft international standard', 'automotive_design', 1998, #3014 ) ;
#357 = VECTOR ( 'NONE', #4193, 1000.000000000000000 ) ;
#358 = ORIENTED_EDGE ( 'NONE', *, *, #4936, .F. ) ;
#359 = FACE_OUTER_BOUND ( 'NONE', #7424, .T. ) ;
#360 = EDGE_CURVE ( 'NONE', #649, #659, #2401, .T. ) ;
#361 = ORIENTED_EDGE ( 'NONE', *, *, #6577, .F. ) ;
#362 = EDGE_CURVE ( 'NONE', #5714, #5251, #7605, .T. ) ;
#363 = CYLINDRICAL_SURFACE ( 'NONE', #2171, 0.8000000000000020428 ) ;
#364 = CARTESIAN_POINT ( 'NONE',  ( -9.250000000000001776, 3.499999999999999556, -18.25000000000000000 ) ) ;
#365 = PRESENTATION_LAYER_ASSIGNMENT (  '', '', ( #4197 ) ) ;
#366 = ORIENTED_EDGE ( 'NONE', *, *, #6056, .T. ) ;
#367 = VECTOR ( 'NONE', #3540, 1000.000000000000000 ) ;
#368 = AXIS2_PLACEMENT_3D ( 'NONE', #3471, #4656, #5256 ) ;
#369 = DIRECTION ( 'NONE',  ( 0.000000000000000000, 0.000000000000000000, -1.000000000000000000 ) ) ;
#370 = EDGE_CURVE ( 'NONE', #5193, #6697, #7392, .T. ) ;
#371 = CARTESIAN_POINT ( 'NONE',  ( -16.00000000000000000, 0.000000000000000000, -5.575896887068297953E-16 ) ) ;
#372 = EDGE_LOOP ( 'NONE', ( #6642, #7623, #7836, #2956 ) ) ;
#373 = CIRCLE ( 'NONE', #5598, 0.4999999999999997780 ) ;
#374 = VERTEX_POINT ( 'NONE', #313 ) ;
#375 = VECTOR ( 'NONE', #5481, 1000.000000000000000 ) ;
#376 = ADVANCED_FACE ( 'NONE', ( #5871 ), #4632, .F. ) ;
#377 = ORIENTED_EDGE ( 'NONE', *, *, #7111, .F. ) ;
#378 = LINE ( 'NONE', #780, #115 ) ;
#379 = CARTESIAN_POINT ( 'NONE',  ( -9.500000000000005329, 0.4999999999999995559, -9.500000000000000000 ) ) ;
#380 = AXIS2_PLACEMENT_3D ( 'NONE', #5352, #6118, #7813 ) ;
#381 = CARTESIAN_POINT ( 'NONE',  ( 16.00000000000000000, 0.4999999999999995559, -9.000000000000000000 ) ) ;
#382 = ORIENTED_EDGE ( 'NONE', *, *, #121, .F. ) ;
#383 = AXIS2_PLACEMENT_3D ( 'NONE', #2301, #7790, #7099 ) ;
#384 = ORIENTED_EDGE ( 'NONE', *, *, #7024, .T. ) ;
#385 = LINE ( 'NONE', #2820, #1030 ) ;
#386 = AXIS2_PLACEMENT_3D ( 'NONE', #348, #1564, #3995 ) ;
#387 = LINE ( 'NONE', #1786, #3805 ) ;
#388 = CARTESIAN_POINT ( 'NONE',  ( -8.604945506379110043, 0.4999999999999995559, 9.695652173913043015 ) ) ;
#389 = FACE_OUTER_BOUND ( 'NONE', #4900, .T. ) ;
#390 = CARTESIAN_POINT ( 'NONE',  ( 5.549999999999999822, -2.000000000000000000, 0.1000000000000000056 ) ) ;
#391 = EDGE_CURVE ( 'NONE', #6980, #7466, #5266, .T. ) ;
#392 = ORIENTED_EDGE ( 'NONE', *, *, #3449, .T. ) ;
#393 = EDGE_CURVE ( 'NONE', #6612, #2686, #435, .T. ) ;
#394 = ORIENTED_EDGE ( 'NONE', *, *, #1199, .F. ) ;
#395 = DIRECTION ( 'NONE',  ( 0.000000000000000000, 0.000000000000000000, -1.000000000000000000 ) ) ;
#396 = CARTESIAN_POINT ( 'NONE',  ( -0.4299999999999991607, 0.1750000000000000167, 3.070000000000000284 ) ) ;
#397 = CARTESIAN_POINT ( 'NONE',  ( 0.4299999999999997158, 3.069999999999998508, -0.5000000000000000000 ) ) ;
#398 = CARTESIAN_POINT ( 'NONE',  ( 15.50000000000000178, 0.000000000000000000, 3.799999999999999822 ) ) ;
#399 = LINE ( 'NONE', #5187, #6861 ) ;
#400 = DIRECTION ( 'NONE',  ( 1.000000000000000000, 0.000000000000000000, 4.956352788505165240E-16 ) ) ;
#401 = DIRECTION ( 'NONE',  ( 1.000000000000000000, 0.000000000000000000, -3.652049423109067827E-16 ) ) ;
#402 = EDGE_LOOP ( 'NONE', ( #828, #2466, #6046, #6679, #4543, #4217 ) ) ;
#403 = DIRECTION ( 'NONE',  ( -0.000000000000000000, -1.000000000000000000, -0.000000000000000000 ) ) ;
#404 = ORIENTED_EDGE ( 'NONE', *, *, #4732, .T. ) ;
#405 = LINE ( 'NONE', #5273, #7029 ) ;
#406 = DIRECTION ( 'NONE',  ( 0.000000000000000000, 0.000000000000000000, -1.000000000000000000 ) ) ;
#407 = ORIENTED_EDGE ( 'NONE', *, *, #4484, .T. ) ;
#408 = PLANE ( 'NONE',  #5301 ) ;
#409 = AXIS2_PLACEMENT_3D ( 'NONE', #2245, #7130, #259 ) ;
#410 = ADVANCED_FACE ( 'NONE', ( #4556 ), #7078, .T. ) ;
#411 = CARTESIAN_POINT ( 'NONE',  ( -17.50000000000000000, 0.000000000000000000, 1.500000000000001332 ) ) ;
#412 = VERTEX_POINT ( 'NONE', #2792 ) ;
#413 = ORIENTED_EDGE ( 'NONE', *, *, #1738, .T. ) ;
#414 = SURFACE_STYLE_FILL_AREA ( #4050 ) ;
#415 = ADVANCED_FACE ( 'NONE', ( #927 ), #5792, .T. ) ;
#416 = APPLICATION_CONTEXT ( 'automotive_design' ) ;
#417 = VERTEX_POINT ( 'NONE', #7113 ) ;
#418 = PLANE ( 'NONE',  #234 ) ;
#419 = ADVANCED_FACE ( 'NONE', ( #3441 ), #2830, .T. ) ;
#420 = VECTOR ( 'NONE', #560, 1000.000000000000000 ) ;
#421 = DIRECTION ( 'NONE',  ( 1.000000000000000000, 0.000000000000000000, 0.000000000000000000 ) ) ;
#422 = ORIENTED_EDGE ( 'NONE', *, *, #1551, .T. ) ;
#423 = ORIENTED_EDGE ( 'NONE', *, *, #1444, .F. ) ;
#424 = FACE_BOUND ( 'NONE', #7556, .T. ) ;
#425 = EDGE_CURVE ( 'NONE', #767, #541, #5323, .T. ) ;
#426 = CARTESIAN_POINT ( 'NONE',  ( 9.499999999999994671, 0.4999999999999995559, -9.500000000000000000 ) ) ;
#427 = DIRECTION ( 'NONE',  ( -0.000000000000000000, -0.000000000000000000, -1.000000000000000000 ) ) ;
#428 = FILL_AREA_STYLE ('',( #6514 ) ) ;
#429 = CARTESIAN_POINT ( 'NONE',  ( 6.570000000000000284, 3.069999999999998508, -1.074999999999999956 ) ) ;
#430 = ORIENTED_EDGE ( 'NONE', *, *, #4479, .F. ) ;
#431 = ORIENTED_EDGE ( 'NONE', *, *, #4919, .T. ) ;
#432 = DIRECTION ( 'NONE',  ( 0.000000000000000000, -1.000000000000000000, 0.000000000000000000 ) ) ;
#433 = CARTESIAN_POINT ( 'NONE',  ( -17.50000000000000000, 7.500000000000000000, 10.50000000000000000 ) ) ;
#434 = DIRECTION ( 'NONE',  ( 0.000000000000000000, -1.000000000000000000, -0.000000000000000000 ) ) ;
#435 = LINE ( 'NONE', #6478, #7126 ) ;
#436 = CYLINDRICAL_SURFACE ( 'NONE', #734, 1.049999999999998934 ) ;
#437 = PRODUCT_RELATED_PRODUCT_CATEGORY ( 'part', '', ( #168 ) ) ;
#438 = CARTESIAN_POINT ( 'NONE',  ( 5.549999999999999822, 2.000000000000000000, 0.1000000000000000056 ) ) ;
#439 = SHAPE_DEFINITION_REPRESENTATION ( #6883, #3343 ) ;
#440 = ORIENTED_EDGE ( 'NONE', *, *, #2490, .T. ) ;
#441 = CARTESIAN_POINT ( 'NONE',  ( 9.249999999999998224, 3.499999999999999556, -18.25000000000000000 ) ) ;
#442 = ORIENTED_EDGE ( 'NONE', *, *, #1876, .T. ) ;
#443 = DIRECTION ( 'NONE',  ( 0.000000000000000000, 0.000000000000000000, 1.000000000000000000 ) ) ;
#444 = DIRECTION ( 'NONE',  ( 0.000000000000000000, 0.000000000000000000, 1.000000000000000000 ) ) ;
#445 = ORIENTED_EDGE ( 'NONE', *, *, #1803, .F. ) ;
#446 = DIRECTION ( 'NONE',  ( -0.000000000000000000, 1.000000000000000000, -0.000000000000000000 ) ) ;
#447 = EDGE_CURVE ( 'NONE', #2959, #2382, #523, .T. ) ;
#448 = VERTEX_POINT ( 'NONE', #5381 ) ;
#449 = ORIENTED_EDGE ( 'NONE', *, *, #671, .T. ) ;
#450 = PLANE ( 'NONE',  #4590 ) ;
#451 = ADVANCED_FACE ( 'NONE', ( #4934 ), #2312, .T. ) ;
#452 = ORIENTED_EDGE ( 'NONE', *, *, #6003, .F. ) ;
#453 = LINE ( 'NONE', #4733, #2274 ) ;
#454 = AXIS2_PLACEMENT_3D ( 'NONE', #4459, #5644, #5044 ) ;
#455 = DIRECTION ( 'NONE',  ( 1.000000000000000000, 1.239088197126291063E-16, 0.000000000000000000 ) ) ;
#456 = EDGE_LOOP ( 'NONE', ( #1381, #3903, #843, #3261 ) ) ;
#457 = EDGE_CURVE ( 'NONE', #4420, #3695, #145, .T. ) ;
#458 = ORIENTED_EDGE ( 'NONE', *, *, #561, .F. ) ;
#459 = PRODUCT_DEFINITION_FORMATION_WITH_SPECIFIED_SOURCE ( 'ANY', '', #615, .NOT_KNOWN. ) ;
#460 = DIRECTION ( 'NONE',  ( -0.000000000000000000, -0.000000000000000000, -1.000000000000000000 ) ) ;
#461 = AXIS2_PLACEMENT_3D ( 'NONE', #2119, #1484, #2083 ) ;
#462 = ADVANCED_FACE ( 'NONE', ( #1386 ), #2351, .F. ) ;
#463 = DIRECTION ( 'NONE',  ( 1.000000000000000000, 0.000000000000000000, -1.196361017915039239E-16 ) ) ;
#464 = CARTESIAN_POINT ( 'NONE',  ( 9.499999999999998224, -16.34050177399711501, -7.600000000000000533 ) ) ;
#465 = DIRECTION ( 'NONE',  ( -0.000000000000000000, 1.000000000000000000, -0.000000000000000000 ) ) ;
#466 = DIRECTION ( 'NONE',  ( 0.000000000000000000, -0.000000000000000000, 1.000000000000000000 ) ) ;
#467 = VECTOR ( 'NONE', #1674, 1000.000000000000000 ) ;
#468 = ADVANCED_FACE ( 'NONE', ( #4780 ), #5567, .T. ) ;
#469 = ORIENTED_EDGE ( 'NONE', *, *, #7237, .F. ) ;
#470 = ORIENTED_EDGE ( 'NONE', *, *, #6685, .T. ) ;
#471 = FACE_OUTER_BOUND ( 'NONE', #6436, .T. ) ;
#472 = DIRECTION ( 'NONE',  ( 1.000000000000000000, -2.168404344971008868E-16, 0.000000000000000000 ) ) ;
#473 = DIRECTION ( 'NONE',  ( 0.000000000000000000, 0.000000000000000000, -1.000000000000000000 ) ) ;
#474 = LINE ( 'NONE', #3789, #7525 ) ;
#475 = AXIS2_PLACEMENT_3D ( 'NONE', #3550, #5989, #519 ) ;
#476 = CARTESIAN_POINT ( 'NONE',  ( 8.604945506379110043, 0.4999999999999995559, 9.695652173913043015 ) ) ;
#477 = EDGE_CURVE ( 'NONE', #3382, #2219, #6183, .T. ) ;
#478 = CARTESIAN_POINT ( 'NONE',  ( -1.349999999999999645, -2.000000000000000000, 0.000000000000000000 ) ) ;
#479 = AXIS2_PLACEMENT_3D ( 'NONE', #2400, #6659, #5545 ) ;
#480 = APPLICATION_PROTOCOL_DEFINITION ( 'draft international standard', 'automotive_design', 1998, #416 ) ;
#481 = VECTOR ( 'NONE', #3318, 1000.000000000000000 ) ;
#482 = ORIENTED_EDGE ( 'NONE', *, *, #4800, .F. ) ;
#483 = EDGE_CURVE ( 'NONE', #448, #1710, #4980, .T. ) ;
#484 = DIRECTION ( 'NONE',  ( -1.000000000000000000, 0.000000000000000000, -1.652117596168387756E-16 ) ) ;
#485 = VECTOR ( 'NONE', #2484, 1000.000000000000000 ) ;
#486 = ORIENTED_EDGE ( 'NONE', *, *, #1185, .T. ) ;
#487 = CARTESIAN_POINT ( 'NONE',  ( 0.000000000000000000, -3.249999999999999556, 0.2500000000000000000 ) ) ;
#488 = DIRECTION ( 'NONE',  ( -0.000000000000000000, -0.000000000000000000, 1.000000000000000000 ) ) ;
#489 = VERTEX_POINT ( 'NONE', #3554 ) ;
#490 = VECTOR ( 'NONE', #7232, 1000.000000000000000 ) ;
#491 = EDGE_CURVE ( 'NONE', #147, #6171, #2523, .T. ) ;
#492 = DIRECTION ( 'NONE',  ( 0.000000000000000000, -1.000000000000000000, 0.000000000000000000 ) ) ;
#493 = CIRCLE ( 'NONE', #3544, 1.500000000000000000 ) ;
#494 = AXIS2_PLACEMENT_3D ( 'NONE', #3777, #741, #6206 ) ;
#495 = VERTEX_POINT ( 'NONE', #3753 ) ;
#496 = ORIENTED_EDGE ( 'NONE', *, *, #2757, .T. ) ;
#497 = AXIS2_PLACEMENT_3D ( 'NONE', #7138, #2252, #979 ) ;
#498 = DIRECTION ( 'NONE',  ( 0.000000000000000000, 1.000000000000000000, 0.000000000000000000 ) ) ;
#499 = CIRCLE ( 'NONE', #4961, 1.499999999999999556 ) ;
#500 = ADVANCED_FACE ( 'NONE', ( #7805 ), #1950, .T. ) ;
#501 = ORIENTED_EDGE ( 'NONE', *, *, #5577, .F. ) ;
#502 = CARTESIAN_POINT ( 'NONE',  ( 4.200000000000000178, 6.123233995736766036E-17, 0.1000000000000000056 ) ) ;
#503 = EDGE_CURVE ( 'NONE', #1288, #1812, #673, .T. ) ;
#504 =( GEOMETRIC_REPRESENTATION_CONTEXT ( 3 ) GLOBAL_UNCERTAINTY_ASSIGNED_CONTEXT ( ( #6269 ) ) GLOBAL_UNIT_ASSIGNED_CONTEXT ( ( #2191, #3472, #988 ) ) REPRESENTATION_CONTEXT ( 'NONE', 'WORKASPACE' ) );
#505 = DIRECTION ( 'NONE',  ( -0.000000000000000000, -1.000000000000000000, 0.000000000000000000 ) ) ;
#506 = ORIENTED_EDGE ( 'NONE', *, *, #1062, .T. ) ;
#507 = ORIENTED_EDGE ( 'NONE', *, *, #6711, .F. ) ;
#508 = CYLINDRICAL_SURFACE ( 'NONE', #383, 0.8000000000000003775 ) ;
#509 = AXIS2_PLACEMENT_3D ( 'NONE', #6831, #5054, #753 ) ;
#510 = LINE ( 'NONE', #5329, #7918 ) ;
#511 = FACE_BOUND ( 'NONE', #981, .T. ) ;
#512 = VECTOR ( 'NONE', #2522, 1000.000000000000000 ) ;
#513 = DIRECTION ( 'NONE',  ( 0.000000000000000000, 0.000000000000000000, 1.000000000000000000 ) ) ;
#514 = ADVANCED_FACE ( 'NONE', ( #7198 ), #4426, .F. ) ;
#515 = VECTOR ( 'NONE', #6566, 1000.000000000000000 ) ;
#516 = CIRCLE ( 'NONE', #6781, 1.500000000000000444 ) ;
#517 = EDGE_LOOP ( 'NONE', ( #993, #176 ) ) ;
#518 = EDGE_LOOP ( 'NONE', ( #2333, #4049, #3893, #4203, #2612, #5524, #1622, #6209, #528, #239, #1031, #4550, #7019, #1404, #7745, #7767, #1970, #3461, #6818, #3585, #5405, #967, #6310 ) ) ;
#519 = DIRECTION ( 'NONE',  ( 0.000000000000000000, 0.000000000000000000, 1.000000000000000000 ) ) ;
#520 = CARTESIAN_POINT ( 'NONE',  ( -6.000000000000000000, 2.799999999999999822, 0.000000000000000000 ) ) ;
#521 = EDGE_CURVE ( 'NONE', #1174, #6961, #1514, .T. ) ;
#522 = DIRECTION ( 'NONE',  ( 0.000000000000000000, 1.000000000000000000, 0.000000000000000000 ) ) ;
#523 = LINE ( 'NONE', #5992, #2780 ) ;
#524 = DIRECTION ( 'NONE',  ( -1.000000000000000000, -0.000000000000000000, 9.912705577010325549E-17 ) ) ;
#525 = EDGE_CURVE ( 'NONE', #6038, #5986, #5454, .T. ) ;
#526 = CARTESIAN_POINT ( 'NONE',  ( -1.849999999999999645, -2.000000000000000000, 0.1000000000000000056 ) ) ;
#527 = ITEM_DEFINED_TRANSFORMATION ( 'NONE', 'NONE', #6467,  #152 ) ;
#528 = ORIENTED_EDGE ( 'NONE', *, *, #1871, .T. ) ;
#529 = DIRECTION ( 'NONE',  ( -0.000000000000000000, 1.000000000000000000, -0.000000000000000000 ) ) ;
#530 = ORIENTED_EDGE ( 'NONE', *, *, #2960, .T. ) ;
#531 = EDGE_CURVE ( 'NONE', #1061, #1072, #7435, .T. ) ;
#532 = CARTESIAN_POINT ( 'NONE',  ( -6.569999999999999396, 0.7500000000000000000, -3.069999999999999396 ) ) ;
#533 = DIRECTION ( 'NONE',  ( -0.000000000000000000, -0.000000000000000000, -1.000000000000000000 ) ) ;
#534 = CARTESIAN_POINT ( 'NONE',  ( 15.25000000000000178, 0.5000000000000004441, -7.600000000000001421 ) ) ;
#535 = CARTESIAN_POINT ( 'NONE',  ( 3.299999999999998934, 2.799999999999999378, 0.1000000000000000056 ) ) ;
#536 =( LENGTH_UNIT ( ) NAMED_UNIT ( * ) SI_UNIT ( .MILLI., .METRE. ) );
#537 = ORIENTED_EDGE ( 'NONE', *, *, #4407, .F. ) ;
#538 = ORIENTED_EDGE ( 'NONE', *, *, #5785, .T. ) ;
#539 = CARTESIAN_POINT ( 'NONE',  ( -17.50000000000000000, 0.000000000000000000, 1.500000000000001332 ) ) ;
#540 = CARTESIAN_POINT ( 'NONE',  ( 17.50000000000000000, 0.000000000000000000, 3.250000000000002665 ) ) ;
#541 = VERTEX_POINT ( 'NONE', #101 ) ;
#542 = DIRECTION ( 'NONE',  ( -0.000000000000000000, -1.000000000000000000, 0.000000000000000000 ) ) ;
#543 = CARTESIAN_POINT ( 'NONE',  ( 0.4300000000000014366, 0.7500000000000000000, -3.069999999999999840 ) ) ;
#544 = EDGE_LOOP ( 'NONE', ( #6133, #3503, #1943, #2519 ) ) ;
#545 = CIRCLE ( 'NONE', #5642, 1.499999999999999556 ) ;
#546 = ORIENTED_EDGE ( 'NONE', *, *, #648, .T. ) ;
#547 = FACE_OUTER_BOUND ( 'NONE', #7247, .T. ) ;
#548 = DIRECTION ( 'NONE',  ( -1.826024711554533913E-16, -0.000000000000000000, -1.000000000000000000 ) ) ;
#549 = CARTESIAN_POINT ( 'NONE',  ( -1.849999999999999645, 2.000000000000000000, 0.1000000000000000056 ) ) ;
#550 = DIRECTION ( 'NONE',  ( 0.000000000000000000, 1.000000000000000000, -0.000000000000000000 ) ) ;
#551 = AXIS2_PLACEMENT_3D ( 'NONE', #4505, #3466, #4016 ) ;
#552 = CARTESIAN_POINT ( 'NONE',  ( 0.4300000000000014366, 0.7500000000000000000, -3.069999999999999840 ) ) ;
#553 = ORIENTED_EDGE ( 'NONE', *, *, #3526, .F. ) ;
#554 = EDGE_LOOP ( 'NONE', ( #165, #1192, #5112, #6943 ) ) ;
#555 = CARTESIAN_POINT ( 'NONE',  ( 0.000000000000000000, -3.249999999999999556, 0.5000000000000000000 ) ) ;
#556 = DIRECTION ( 'NONE',  ( 1.000000000000000000, 2.168404344971008868E-16, -0.000000000000000000 ) ) ;
#557 = EDGE_CURVE ( 'NONE', #1380, #4385, #474, .T. ) ;
#558 = DIRECTION ( 'NONE',  ( -0.000000000000000000, -0.000000000000000000, 1.000000000000000000 ) ) ;
#559 = CYLINDRICAL_SURFACE ( 'NONE', #4554, 0.5000000000000000000 ) ;
#560 = DIRECTION ( 'NONE',  ( -0.000000000000000000, -0.000000000000000000, -1.000000000000000000 ) ) ;
#561 = EDGE_CURVE ( 'NONE', #4145, #1384, #1129, .T. ) ;
#562 = ORIENTED_EDGE ( 'NONE', *, *, #7812, .T. ) ;
#563 = PLANE ( 'NONE',  #4473 ) ;
#564 = ORIENTED_EDGE ( 'NONE', *, *, #1724, .F. ) ;
#565 = DIRECTION ( 'NONE',  ( 1.236061108696829207E-16, 0.000000000000000000, 1.000000000000000000 ) ) ;
#566 = EDGE_CURVE ( 'NONE', #4537, #448, #7061, .T. ) ;
#567 = DIRECTION ( 'NONE',  ( -1.000000000000000000, -0.000000000000000000, -0.000000000000000000 ) ) ;
#568 = VERTEX_POINT ( 'NONE', #7510 ) ;
#569 = DIRECTION ( 'NONE',  ( 0.000000000000000000, -1.000000000000000000, 0.000000000000000000 ) ) ;
#570 = EDGE_CURVE ( 'NONE', #3110, #5374, #336, .T. ) ;
#571 =( NAMED_UNIT ( * ) PLANE_ANGLE_UNIT ( ) SI_UNIT ( $, .RADIAN. ) );
#572 = ORIENTED_EDGE ( 'NONE', *, *, #4154, .F. ) ;
#573 = ORIENTED_EDGE ( 'NONE', *, *, #3462, .T. ) ;
#574 = ORIENTED_EDGE ( 'NONE', *, *, #3909, .T. ) ;
#575 = CARTESIAN_POINT ( 'NONE',  ( 15.25000000000000178, -16.34050177399711501, 6.100000000000000533 ) ) ;
#576 = CARTESIAN_POINT ( 'NONE',  ( -9.000000000000000000, -3.000000000000000444, -18.00000000000000000 ) ) ;
#577 = SHAPE_REPRESENTATION ( 'AFBR-S4N66P024M Mount', ( #152 ), #3525 ) ;
#578 = ORIENTED_EDGE ( 'NONE', *, *, #7469, .T. ) ;
#579 = CARTESIAN_POINT ( 'NONE',  ( 9.249999999999998224, -3.249999999999999556, 0.2500000000000000000 ) ) ;
#580 = EDGE_CURVE ( 'NONE', #2418, #7010, #5055, .T. ) ;
#581 = CARTESIAN_POINT ( 'NONE',  ( -3.299999999999999378, -1.199999999999999734, 0.1000000000000000056 ) ) ;
#582 = ORIENTED_EDGE ( 'NONE', *, *, #7256, .T. ) ;
#583 = ORIENTED_EDGE ( 'NONE', *, *, #106, .T. ) ;
#584 = CARTESIAN_POINT ( 'NONE',  ( 16.00000000000000000, 0.000000000000000000, 10.04999999999999893 ) ) ;
#585 = DIRECTION ( 'NONE',  ( -0.000000000000000000, -0.000000000000000000, -1.000000000000000000 ) ) ;
#586 =( NAMED_UNIT ( * ) SI_UNIT ( $, .STERADIAN. ) SOLID_ANGLE_UNIT ( ) );
#587 = CIRCLE ( 'NONE', #6719, 1.499999999999999556 ) ;
#588 = FACE_OUTER_BOUND ( 'NONE', #943, .T. ) ;
#589 = DIRECTION ( 'NONE',  ( -0.000000000000000000, 1.000000000000000000, -0.000000000000000000 ) ) ;
#590 = AXIS2_PLACEMENT_3D ( 'NONE', #2514, #569, #4248 ) ;
#591 = VERTEX_POINT ( 'NONE', #7593 ) ;
#592 = VERTEX_POINT ( 'NONE', #2065 ) ;
#593 = CYLINDRICAL_SURFACE ( 'NONE', #475, 0.8000000000000009326 ) ;
#594 = DIRECTION ( 'NONE',  ( 0.000000000000000000, 0.000000000000000000, 1.000000000000000000 ) ) ;
#595 = EDGE_CURVE ( 'NONE', #3617, #2672, #1468, .T. ) ;
#596 = FACE_OUTER_BOUND ( 'NONE', #3136, .T. ) ;
#597 = AXIS2_PLACEMENT_3D ( 'NONE', #5659, #3800, #4988 ) ;
#598 = CARTESIAN_POINT ( 'NONE',  ( 4.299999999999999822, 2.799999999999999378, 0.1000000000000000056 ) ) ;
#599 = DIRECTION ( 'NONE',  ( -0.000000000000000000, -0.000000000000000000, -1.000000000000000000 ) ) ;
#600 = ORIENTED_EDGE ( 'NONE', *, *, #2413, .T. ) ;
#601 = LINE ( 'NONE', #3035, #4976 ) ;
#602 = ORIENTED_EDGE ( 'NONE', *, *, #4472, .T. ) ;
#603 = DIRECTION ( 'NONE',  ( 0.000000000000000000, -1.000000000000000000, 0.000000000000000000 ) ) ;
#604 = DIRECTION ( 'NONE',  ( 1.236061108696829207E-16, 1.000000000000000000, 0.000000000000000000 ) ) ;
#605 = LINE ( 'NONE', #1883, #7519 ) ;
#606 = CARTESIAN_POINT ( 'NONE',  ( 9.499999999999998224, -3.249999999999999556, 0.2500000000000000000 ) ) ;
#607 = AXIS2_PLACEMENT_3D ( 'NONE', #2665, #5106, #7631 ) ;
#608 =( NAMED_UNIT ( * ) PLANE_ANGLE_UNIT ( ) SI_UNIT ( $, .RADIAN. ) );
#609 = ORIENTED_EDGE ( 'NONE', *, *, #3062, .F. ) ;
#610 = AXIS2_PLACEMENT_3D ( 'NONE', #1480, #4664, #7109 ) ;
#611 = EDGE_CURVE ( 'NONE', #3627, #2819, #3982, .T. ) ;
#612 = EDGE_CURVE ( 'NONE', #6915, #1471, #6268, .T. ) ;
#613 = EDGE_LOOP ( 'NONE', ( #5817, #141, #3226, #2872, #3092, #2638, #4596, #3434 ) ) ;
#614 = ORIENTED_EDGE ( 'NONE', *, *, #3274, .T. ) ;
#615 = PRODUCT ( 'SiPM lens 2x1', 'SiPM lens 2x1', '', ( #2278 ) ) ;
#616 = PLANE ( 'NONE',  #2671 ) ;
#617 = CIRCLE ( 'NONE', #479, 0.8000000000000003775 ) ;
#618 = DIRECTION ( 'NONE',  ( -1.000000000000000000, 0.000000000000000000, 1.196361017915039239E-16 ) ) ;
#619 = VECTOR ( 'NONE', #194, 1000.000000000000000 ) ;
#620 = ORIENTED_EDGE ( 'NONE', *, *, #3399, .T. ) ;
#621 = EDGE_CURVE ( 'NONE', #6150, #1700, #5170, .T. ) ;
#622 = VECTOR ( 'NONE', #5372, 1000.000000000000000 ) ;
#623 = DIRECTION ( 'NONE',  ( -0.000000000000000000, -1.000000000000000000, -0.000000000000000000 ) ) ;
#624 = VECTOR ( 'NONE', #6404, 1000.000000000000000 ) ;
#625 = DIRECTION ( 'NONE',  ( 0.000000000000000000, 0.000000000000000000, 1.000000000000000000 ) ) ;
#626 = ORIENTED_EDGE ( 'NONE', *, *, #1959, .T. ) ;
#627 = EDGE_CURVE ( 'NONE', #6301, #7883, #3267, .T. ) ;
#628 = VECTOR ( 'NONE', #6963, 1000.000000000000000 ) ;
#629 = ORIENTED_EDGE ( 'NONE', *, *, #7068, .F. ) ;
#630 = VECTOR ( 'NONE', #4395, 1000.000000000000000 ) ;
#631 = CARTESIAN_POINT ( 'NONE',  ( 3.200000000000000178, -2.000000000000000000, 0.1000000000000000056 ) ) ;
#632 = PLANE ( 'NONE',  #5099 ) ;
#633 = AXIS2_PLACEMENT_3D ( 'NONE', #1069, #2893, #6057 ) ;
#634 = PRESENTATION_LAYER_ASSIGNMENT (  '', '', ( #3436 ) ) ;
#635 = DIRECTION ( 'NONE',  ( -1.000000000000000000, 0.000000000000000000, 0.000000000000000000 ) ) ;
#636 = VECTOR ( 'NONE', #1585, 1000.000000000000000 ) ;
#637 = ORIENTED_EDGE ( 'NONE', *, *, #4661, .T. ) ;
#638 = COLOUR_RGB ( '',0.7921568627450980005, 0.8196078431372548767, 0.9333333333333333481 ) ;
#639 = ORIENTED_EDGE ( 'NONE', *, *, #846, .T. ) ;
#640 = CARTESIAN_POINT ( 'NONE',  ( -16.00000000000000000, 0.4999999999999995559, 0.8000000000000009326 ) ) ;
#641 = CARTESIAN_POINT ( 'NONE',  ( 6.769999999999998685, -3.270000000000000462, -0.5000000000000000000 ) ) ;
#642 = DIRECTION ( 'NONE',  ( -0.000000000000000000, -0.000000000000000000, -1.000000000000000000 ) ) ;
#643 = LINE ( 'NONE', #3555, #4674 ) ;
#644 = AXIS2_PLACEMENT_3D ( 'NONE', #118, #40, #6807 ) ;
#645 = EDGE_CURVE ( 'NONE', #6381, #4963, #3351, .T. ) ;
#646 = VECTOR ( 'NONE', #3039, 1000.000000000000000 ) ;
#647 = LINE ( 'NONE', #267, #4752 ) ;
#648 = EDGE_CURVE ( 'NONE', #6816, #2317, #4454, .T. ) ;
#649 = VERTEX_POINT ( 'NONE', #3384 ) ;
#650 = CARTESIAN_POINT ( 'NONE',  ( -3.700000000000000178, -2.000000000000000000, 0.1000000000000000056 ) ) ;
#651 = VERTEX_POINT ( 'NONE', #4619 ) ;
#652 = CARTESIAN_POINT ( 'NONE',  ( -9.500000000000001776, 0.4999999999999995559, 9.500000000000000000 ) ) ;
#653 = DIRECTION ( 'NONE',  ( 1.000000000000000000, 0.000000000000000000, 0.000000000000000000 ) ) ;
#654 = DIRECTION ( 'NONE',  ( 0.000000000000000000, 1.000000000000000000, 0.000000000000000000 ) ) ;
#655 = DIRECTION ( 'NONE',  ( -0.000000000000000000, -0.000000000000000000, -1.000000000000000000 ) ) ;
#656 = CARTESIAN_POINT ( 'NONE',  ( 0.000000000000000000, 0.000000000000000000, 0.000000000000000000 ) ) ;
#657 = ORIENTED_EDGE ( 'NONE', *, *, #1450, .F. ) ;
#658 = ORIENTED_EDGE ( 'NONE', *, *, #5111, .T. ) ;
#659 = VERTEX_POINT ( 'NONE', #6985 ) ;
#660 = FACE_OUTER_BOUND ( 'NONE', #2355, .T. ) ;
#661 = CARTESIAN_POINT ( 'NONE',  ( 5.549999999999999822, -2.000000000000000000, 0.000000000000000000 ) ) ;
#662 = ORIENTED_EDGE ( 'NONE', *, *, #2076, .F. ) ;
#663 = ADVANCED_FACE ( 'NONE', ( #1429 ), #266, .F. ) ;
#664 = DIRECTION ( 'NONE',  ( 1.000000000000000000, 0.000000000000000000, -0.000000000000000000 ) ) ;
#665 = CARTESIAN_POINT ( 'NONE',  ( -0.4300000000000032685, -3.069999999999998952, -1.074999999999999956 ) ) ;
#666 = EDGE_LOOP ( 'NONE', ( #4497, #1427, #1889, #940 ) ) ;
#667 = VERTEX_POINT ( 'NONE', #6387 ) ;
#668 = EDGE_CURVE ( 'NONE', #6461, #7430, #912, .T. ) ;
#669 = VECTOR ( 'NONE', #2178, 1000.000000000000000 ) ;
#670 = LINE ( 'NONE', #6143, #1054 ) ;
#671 = EDGE_CURVE ( 'NONE', #5643, #3520, #3874, .T. ) ;
#672 = DIRECTION ( 'NONE',  ( -0.000000000000000000, 1.000000000000000000, -0.000000000000000000 ) ) ;
#673 = LINE ( 'NONE', #3104, #3677 ) ;
#674 = CARTESIAN_POINT ( 'NONE',  ( -3.200000000000000178, 2.000000000000000000, 0.1000000000000000056 ) ) ;
#675 = VECTOR ( 'NONE', #4670, 1000.000000000000000 ) ;
#676 = ORIENTED_EDGE ( 'NONE', *, *, #268, .T. ) ;
#677 = ORIENTED_EDGE ( 'NONE', *, *, #557, .T. ) ;
#678 = AXIS2_PLACEMENT_3D ( 'NONE', #4541, #914, #4650 ) ;
#679 = DIRECTION ( 'NONE',  ( 0.000000000000000000, -0.000000000000000000, -1.000000000000000000 ) ) ;
#680 = CARTESIAN_POINT ( 'NONE',  ( -6.569999999999999396, 0.7500000000000000000, -3.069999999999999396 ) ) ;
#681 = FACE_OUTER_BOUND ( 'NONE', #939, .T. ) ;
#682 = CARTESIAN_POINT ( 'NONE',  ( -9.000000000000007105, 0.4999999999999995559, -10.50000000000000000 ) ) ;
#683 = CARTESIAN_POINT ( 'NONE',  ( 6.770000000000000462, 0.000000000000000000, -3.270000000000000018 ) ) ;
#684 = VECTOR ( 'NONE', #4769, 1000.000000000000000 ) ;
#685 = ORIENTED_EDGE ( 'NONE', *, *, #3845, .F. ) ;
#686 = CARTESIAN_POINT ( 'NONE',  ( -9.250000000000001776, -3.249999999999999556, -18.25000000000000000 ) ) ;
#687 = ORIENTED_EDGE ( 'NONE', *, *, #5993, .F. ) ;
#688 = CARTESIAN_POINT ( 'NONE',  ( -6.770000000000003126, 3.500000000000000888, 0.000000000000000000 ) ) ;
#689 = CARTESIAN_POINT ( 'NONE',  ( 16.75000000000000000, -16.34050177399711501, 7.599999999999999645 ) ) ;
#690 = CARTESIAN_POINT ( 'NONE',  ( 6.769999999999997797, 3.269999999999999574, 0.000000000000000000 ) ) ;
#691 = LINE ( 'NONE', #6660, #6463 ) ;
#692 = SHAPE_REPRESENTATION_RELATIONSHIP ( 'NONE' , 'NONE' ,  #2760, #2450 ) ;
#693 = ORIENTED_EDGE ( 'NONE', *, *, #6960, .T. ) ;
#694 = VERTEX_POINT ( 'NONE', #299 ) ;
#695 = DIRECTION ( 'NONE',  ( 0.000000000000000000, 0.000000000000000000, -1.000000000000000000 ) ) ;
#696 = ORIENTED_EDGE ( 'NONE', *, *, #1082, .F. ) ;
#697 = CARTESIAN_POINT ( 'NONE',  ( -5.549999999999999822, 0.000000000000000000, 0.1000000000000000056 ) ) ;
#698 = CARTESIAN_POINT ( 'NONE',  ( 14.74999999999999822, -16.34050177399711501, 1.000000000000001110 ) ) ;
#699 = ORIENTED_EDGE ( 'NONE', *, *, #177, .T. ) ;
#700 = ADVANCED_FACE ( 'NONE', ( #6307 ), #5097, .F. ) ;
#701 = DIRECTION ( 'NONE',  ( 0.000000000000000000, 0.000000000000000000, 1.000000000000000000 ) ) ;
#702 = LINE ( 'NONE', #1902, #1306 ) ;
#703 = ORIENTED_EDGE ( 'NONE', *, *, #2679, .T. ) ;
#704 = ORIENTED_EDGE ( 'NONE', *, *, #3539, .F. ) ;
#705 = ADVANCED_FACE ( 'NONE', ( #5734 ), #2700, .T. ) ;
#706 = CARTESIAN_POINT ( 'NONE',  ( 15.25000000000000178, 0.5000000000000004441, -2.499999999999999556 ) ) ;
#707 = DIRECTION ( 'NONE',  ( -0.000000000000000000, 1.000000000000000000, -0.000000000000000000 ) ) ;
#708 = DIRECTION ( 'NONE',  ( -0.000000000000000000, -1.000000000000000000, -0.000000000000000000 ) ) ;
#709 = DIRECTION ( 'NONE',  ( 0.000000000000000000, -1.000000000000000000, 0.000000000000000000 ) ) ;
#710 = CARTESIAN_POINT ( 'NONE',  ( 13.99999999999999822, 7.500000000000000000, -0.2499999999999993616 ) ) ;
#711 = PRODUCT_DEFINITION_SHAPE ( 'NONE', 'NONE',  #7927 ) ;
#712 = EDGE_CURVE ( 'NONE', #1036, #4610, #7027, .T. ) ;
#713 = ADVANCED_FACE ( 'NONE', ( #5967 ), #1063, .T. ) ;
#714 = ORIENTED_EDGE ( 'NONE', *, *, #1406, .F. ) ;
#715 = CARTESIAN_POINT ( 'NONE',  ( -4.200000000000000178, -2.000000000000000000, 0.1000000000000000056 ) ) ;
#716 = PLANE ( 'NONE',  #7263 ) ;
#717 = DIRECTION ( 'NONE',  ( 0.000000000000000000, -1.000000000000000000, 0.000000000000000000 ) ) ;
#718 = EDGE_CURVE ( 'NONE', #5681, #7383, #7218, .T. ) ;
#719 = FACE_OUTER_BOUND ( 'NONE', #7531, .T. ) ;
#720 = CIRCLE ( 'NONE', #2876, 0.5500000000000014877 ) ;
#721 = CARTESIAN_POINT ( 'NONE',  ( 0.4300000000000022138, 0.1750000000000000167, 3.070000000000000284 ) ) ;
#722 = ORIENTED_EDGE ( 'NONE', *, *, #531, .F. ) ;
#723 = FACE_OUTER_BOUND ( 'NONE', #2805, .T. ) ;
#724 = VECTOR ( 'NONE', #2170, 1000.000000000000000 ) ;
#725 = APPLICATION_CONTEXT ( 'automotive_design' ) ;
#726 = ORIENTED_EDGE ( 'NONE', *, *, #6187, .F. ) ;
#727 = FACE_OUTER_BOUND ( 'NONE', #4222, .T. ) ;
#728 = AXIS2_PLACEMENT_3D ( 'NONE', #2680, #7003, #5118 ) ;
#729 = DIRECTION ( 'NONE',  ( -0.000000000000000000, 1.000000000000000000, -0.000000000000000000 ) ) ;
#730 = LINE ( 'NONE', #6847, #6226 ) ;
#731 = FACE_BOUND ( 'NONE', #1340, .T. ) ;
#732 = PRODUCT_DEFINITION_CONTEXT ( 'detailed design', #7530, 'design' ) ;
#733 = ADVANCED_FACE ( 'NONE', ( #1025 ), #3418, .T. ) ;
#734 = AXIS2_PLACEMENT_3D ( 'NONE', #2163, #5302, #1078 ) ;
#735 = SHAPE_REPRESENTATION_RELATIONSHIP ( 'NONE' , 'NONE' ,  #577, #7331 ) ;
#736 = ORIENTED_EDGE ( 'NONE', *, *, #3462, .F. ) ;
#737 = ORIENTED_EDGE ( 'NONE', *, *, #6957, .T. ) ;
#738 = DIRECTION ( 'NONE',  ( -0.000000000000000000, 1.000000000000000000, -0.000000000000000000 ) ) ;
#739 = EDGE_LOOP ( 'NONE', ( #52, #6160, #5674 ) ) ;
#740 = DIRECTION ( 'NONE',  ( -1.000000000000000000, -0.000000000000000000, -0.000000000000000000 ) ) ;
#741 = DIRECTION ( 'NONE',  ( 0.000000000000000000, 1.000000000000000000, 0.000000000000000000 ) ) ;
#742 = DIRECTION ( 'NONE',  ( 0.000000000000000000, 0.000000000000000000, 1.000000000000000000 ) ) ;
#743 = ORIENTED_EDGE ( 'NONE', *, *, #1444, .T. ) ;
#744 = CYLINDRICAL_SURFACE ( 'NONE', #1483, 1.500000000000000000 ) ;
#745 = DIRECTION ( 'NONE',  ( 0.000000000000000000, 0.000000000000000000, 1.000000000000000000 ) ) ;
#746 = EDGE_LOOP ( 'NONE', ( #2357, #7540 ) ) ;
#747 = EDGE_LOOP ( 'NONE', ( #6445, #7780, #1725, #4820, #7577, #2765, #3046, #3504 ) ) ;
#748 = CIRCLE ( 'NONE', #3811, 1.500000000000000000 ) ;
#749 = ADVANCED_FACE ( 'NONE', ( #1665 ), #3581, .T. ) ;
#750 = AXIS2_PLACEMENT_3D ( 'NONE', #2172, #4005, #1690 ) ;
#751 = SPHERICAL_SURFACE ( 'NONE', #1821, 0.2500000000000000000 ) ;
#752 = CIRCLE ( 'NONE', #3167, 1.500000000000000444 ) ;
#753 = DIRECTION ( 'NONE',  ( 1.000000000000000000, 0.000000000000000000, -0.000000000000000000 ) ) ;
#754 = CARTESIAN_POINT ( 'NONE',  ( -9.000000000000007105, 7.500000000000000000, 10.50000000000000000 ) ) ;
#755 = AXIS2_PLACEMENT_3D ( 'NONE', #3192, #5615, #2909 ) ;
#756 = LINE ( 'NONE', #1312, #2651 ) ;
#757 = CIRCLE ( 'NONE', #105, 0.5000000000000004441 ) ;
#758 = ORIENTED_EDGE ( 'NONE', *, *, #4329, .T. ) ;
#759 = DIRECTION ( 'NONE',  ( 1.326241189584715037E-16, 0.000000000000000000, 1.000000000000000000 ) ) ;
#760 = DIRECTION ( 'NONE',  ( -1.000000000000000000, 0.000000000000000000, 0.000000000000000000 ) ) ;
#761 = VECTOR ( 'NONE', #6586, 1000.000000000000000 ) ;
#762 = DIRECTION ( 'NONE',  ( 0.000000000000000000, 0.000000000000000000, -1.000000000000000000 ) ) ;
#763 = EDGE_CURVE ( 'NONE', #2473, #7396, #453, .T. ) ;
#764 = CARTESIAN_POINT ( 'NONE',  ( 9.000000000000000000, 7.500000000000000000, 9.799999999999998934 ) ) ;
#765 = AXIS2_PLACEMENT_3D ( 'NONE', #3774, #6249, #1294 ) ;
#766 =( GEOMETRIC_REPRESENTATION_CONTEXT ( 3 ) GLOBAL_UNCERTAINTY_ASSIGNED_CONTEXT ( ( #6350 ) ) GLOBAL_UNIT_ASSIGNED_CONTEXT ( ( #1023, #1093, #6421 ) ) REPRESENTATION_CONTEXT ( 'NONE', 'WORKASPACE' ) );
#767 = VERTEX_POINT ( 'NONE', #7784 ) ;
#768 = EDGE_CURVE ( 'NONE', #2446, #2365, #7094, .T. ) ;
#769 = CARTESIAN_POINT ( 'NONE',  ( -17.50000000000000000, 7.500000000000000000, 1.734723475976807094E-15 ) ) ;
#770 = EDGE_LOOP ( 'NONE', ( #1688, #2570, #5848, #7482 ) ) ;
#771 = LINE ( 'NONE', #1965, #1417 ) ;
#772 = DIRECTION ( 'NONE',  ( -0.000000000000000000, 1.000000000000000000, -0.000000000000000000 ) ) ;
#773 = CARTESIAN_POINT ( 'NONE',  ( -4.200000000000000178, -2.000000000000000000, 0.1000000000000000056 ) ) ;
#774 = AXIS2_PLACEMENT_3D ( 'NONE', #5310, #7123, #6411 ) ;
#775 = ADVANCED_FACE ( 'NONE', ( #6545 ), #418, .F. ) ;
#776 = CARTESIAN_POINT ( 'NONE',  ( -6.769999999999998685, 0.7500000000000000000, -3.270000000000000018 ) ) ;
#777 =( LENGTH_UNIT ( ) NAMED_UNIT ( * ) SI_UNIT ( .MILLI., .METRE. ) );
#778 = VERTEX_POINT ( 'NONE', #5248 ) ;
#779 = VERTEX_POINT ( 'NONE', #5850 ) ;
#780 = CARTESIAN_POINT ( 'NONE',  ( 6.000000000000000000, 2.800000000000001155, 0.000000000000000000 ) ) ;
#781 = CIRCLE ( 'NONE', #2810, 0.4999999999999995559 ) ;
#782 = VERTEX_POINT ( 'NONE', #5284 ) ;
#783 = DIRECTION ( 'NONE',  ( 1.000000000000000000, 0.000000000000000000, 0.000000000000000000 ) ) ;
#784 = DIRECTION ( 'NONE',  ( 0.000000000000000000, 1.000000000000000000, 0.000000000000000000 ) ) ;
#785 = DIRECTION ( 'NONE',  ( 0.000000000000000000, 0.000000000000000000, 1.000000000000000000 ) ) ;
#786 = ORIENTED_EDGE ( 'NONE', *, *, #5242, .F. ) ;
#787 = DIRECTION ( 'NONE',  ( -0.000000000000000000, 1.000000000000000000, -0.000000000000000000 ) ) ;
#788 = CARTESIAN_POINT ( 'NONE',  ( -12.00000000000000533, 0.4999999999999995559, 3.000000000000003997 ) ) ;
#789 = ORIENTED_EDGE ( 'NONE', *, *, #2269, .F. ) ;
#790 = EDGE_LOOP ( 'NONE', ( #4623, #3024, #3899, #726 ) ) ;
#791 = FACE_OUTER_BOUND ( 'NONE', #5542, .T. ) ;
#792 = EDGE_CURVE ( 'NONE', #7033, #6318, #4768, .T. ) ;
#793 = ORIENTED_EDGE ( 'NONE', *, *, #6473, .F. ) ;
#794 = DIRECTION ( 'NONE',  ( -1.239088197126290817E-16, 1.000000000000000000, -0.000000000000000000 ) ) ;
#795 = CARTESIAN_POINT ( 'NONE',  ( 17.50000000000000355, 7.500000000000000000, -9.000000000000007105 ) ) ;
#796 = LINE ( 'NONE', #3233, #3815 ) ;
#797 = EDGE_CURVE ( 'NONE', #2644, #1735, #5401, .T. ) ;
#798 = ORIENTED_EDGE ( 'NONE', *, *, #391, .F. ) ;
#799 = DIRECTION ( 'NONE',  ( 1.000000000000000000, 0.000000000000000000, -1.196361017915039239E-16 ) ) ;
#800 = FACE_OUTER_BOUND ( 'NONE', #1058, .T. ) ;
#801 = DIRECTION ( 'NONE',  ( 0.000000000000000000, 0.000000000000000000, 1.000000000000000000 ) ) ;
#802 = CIRCLE ( 'NONE', #2826, 1.499999999999999556 ) ;
#803 = CARTESIAN_POINT ( 'NONE',  ( 0.000000000000000000, 0.000000000000000000, -1.399999999999999911 ) ) ;
#804 = EDGE_CURVE ( 'NONE', #5197, #5597, #4699, .T. ) ;
#805 = AXIS2_PLACEMENT_3D ( 'NONE', #4116, #5303, #2234 ) ;
#806 = ORIENTED_EDGE ( 'NONE', *, *, #7720, .F. ) ;
#807 = CYLINDRICAL_SURFACE ( 'NONE', #644, 0.4999999999999995559 ) ;
#808 = EDGE_CURVE ( 'NONE', #495, #4467, #2973, .T. ) ;
#809 = ORIENTED_EDGE ( 'NONE', *, *, #7058, .T. ) ;
#810 = DIRECTION ( 'NONE',  ( 1.000000000000000000, 0.000000000000000000, 0.000000000000000000 ) ) ;
#811 = LINE ( 'NONE', #5030, #2277 ) ;
#812 = CARTESIAN_POINT ( 'NONE',  ( 16.00000000000000000, 0.000000000000000000, 8.999999999999998224 ) ) ;
#813 = CARTESIAN_POINT ( 'NONE',  ( -6.769999999999997797, 0.7500000000000000000, 3.270000000000000018 ) ) ;
#814 = CIRCLE ( 'NONE', #5260, 0.5000000000000004441 ) ;
#815 = ADVANCED_FACE ( 'NONE', ( #2816 ), #5928, .F. ) ;
#816 = DIRECTION ( 'NONE',  ( 6.982962677686062396E-15, 1.000000000000000000, -3.491481338843181476E-15 ) ) ;
#817 = EDGE_LOOP ( 'NONE', ( #2059, #5090, #6330, #3886 ) ) ;
#818 = VERTEX_POINT ( 'NONE', #6013 ) ;
#819 = DIRECTION ( 'NONE',  ( 1.000000000000000000, -0.000000000000000000, -0.000000000000000000 ) ) ;
#820 = ADVANCED_FACE ( 'NONE', ( #4171 ), #5365, .F. ) ;
#821 = ORIENTED_EDGE ( 'NONE', *, *, #7607, .T. ) ;
#822 = LINE ( 'NONE', #5124, #253 ) ;
#823 = LINE ( 'NONE', #6296, #5074 ) ;
#824 = VERTEX_POINT ( 'NONE', #502 ) ;
#825 = DIRECTION ( 'NONE',  ( 0.000000000000000000, 0.000000000000000000, -1.000000000000000000 ) ) ;
#826 = EDGE_CURVE ( 'NONE', #4727, #905, #5331, .T. ) ;
#827 = FACE_OUTER_BOUND ( 'NONE', #517, .T. ) ;
#828 = ORIENTED_EDGE ( 'NONE', *, *, #3308, .T. ) ;
#829 = ORIENTED_EDGE ( 'NONE', *, *, #7892, .F. ) ;
#830 = LINE ( 'NONE', #2696, #3234 ) ;
#831 = ORIENTED_EDGE ( 'NONE', *, *, #7058, .F. ) ;
#832 = CARTESIAN_POINT ( 'NONE',  ( 0.4299999999999989386, -3.070000000000001616, -1.074999999999999956 ) ) ;
#833 = CARTESIAN_POINT ( 'NONE',  ( -6.770000000000001350, 3.269999999999999574, -0.5000000000000000000 ) ) ;
#834 = EDGE_CURVE ( 'NONE', #3637, #2078, #2911, .T. ) ;
#835 = DIRECTION ( 'NONE',  ( -1.000000000000000000, 0.000000000000000000, 9.912705577010326782E-17 ) ) ;
#836 =( REPRESENTATION_RELATIONSHIP ('NONE','NONE', #5709, #5466 ) REPRESENTATION_RELATIONSHIP_WITH_TRANSFORMATION ( #1684 )SHAPE_REPRESENTATION_RELATIONSHIP( ) );
#837 = ORIENTED_EDGE ( 'NONE', *, *, #4857, .F. ) ;
#838 = CARTESIAN_POINT ( 'NONE',  ( -6.000000000000000000, 2.799999999999999822, 0.000000000000000000 ) ) ;
#839 = FACE_OUTER_BOUND ( 'NONE', #4048, .T. ) ;
#840 = EDGE_CURVE ( 'NONE', #592, #6743, #1141, .T. ) ;
#841 = FILL_AREA_STYLE ('',( #1353 ) ) ;
#842 = CARTESIAN_POINT ( 'NONE',  ( 3.700000000000000178, 0.000000000000000000, 0.000000000000000000 ) ) ;
#843 = ORIENTED_EDGE ( 'NONE', *, *, #566, .F. ) ;
#844 = DIRECTION ( 'NONE',  ( -1.000000000000000000, -0.000000000000000000, -0.000000000000000000 ) ) ;
#845 = ADVANCED_BREP_SHAPE_REPRESENTATION ( '', ( #3001, #152 ), #5305 ) ;
#846 = EDGE_CURVE ( 'NONE', #2362, #412, #6668, .T. ) ;
#847 = ORIENTED_EDGE ( 'NONE', *, *, #5662, .T. ) ;
#848 = CARTESIAN_POINT ( 'NONE',  ( -16.00000000000000000, 0.000000000000000000, 0.000000000000000000 ) ) ;
#849 = CARTESIAN_POINT ( 'NONE',  ( 15.49999999999999822, 0.4999999999999995559, 0.2500000000000009437 ) ) ;
#850 = CARTESIAN_POINT ( 'NONE',  ( 6.570000000000000284, 3.069999999999998508, -0.5000000000000000000 ) ) ;
#851 = EDGE_CURVE ( 'NONE', #1759, #1368, #6787, .T. ) ;
#852 = DIRECTION ( 'NONE',  ( -2.168404344971008868E-16, -1.000000000000000000, 0.000000000000000000 ) ) ;
#853 = SHAPE_DEFINITION_REPRESENTATION ( #6688, #6546 ) ;
#854 = VERTEX_POINT ( 'NONE', #4258 ) ;
#855 = ORIENTED_EDGE ( 'NONE', *, *, #2213, .T. ) ;
#856 = CARTESIAN_POINT ( 'NONE',  ( 15.50000000000000178, 0.000000000000000000, -3.799999999999999822 ) ) ;
#857 = ORIENTED_EDGE ( 'NONE', *, *, #612, .F. ) ;
#858 = CARTESIAN_POINT ( 'NONE',  ( -5.049999999999999822, 6.123233995736778362E-17, 0.1000000000000000056 ) ) ;
#859 = CARTESIAN_POINT ( 'NONE',  ( 9.499999999999994671, 0.4999999999999995559, -7.600000000000000533 ) ) ;
#860 = ORIENTED_EDGE ( 'NONE', *, *, #5662, .F. ) ;
#861 = CARTESIAN_POINT ( 'NONE',  ( 3.200000000000000622, 0.000000000000000000, 0.1000000000000000056 ) ) ;
#862 = CIRCLE ( 'NONE', #1743, 0.5000000000000000000 ) ;
#863 = ADVANCED_FACE ( 'NONE', ( #4379 ), #744, .F. ) ;
#864 = ADVANCED_FACE ( 'NONE', ( #1218 ), #1338, .T. ) ;
#865 = DIRECTION ( 'NONE',  ( -1.000000000000000000, 0.000000000000000000, 9.912705577010326782E-17 ) ) ;
#866 = VERTEX_POINT ( 'NONE', #3093 ) ;
#867 = ORIENTED_EDGE ( 'NONE', *, *, #7202, .T. ) ;
#868 = FACE_OUTER_BOUND ( 'NONE', #7447, .T. ) ;
#869 = EDGE_CURVE ( 'NONE', #7466, #329, #5424, .T. ) ;
#870 = ORIENTED_EDGE ( 'NONE', *, *, #2960, .F. ) ;
#871 = LINE ( 'NONE', #335, #3574 ) ;
#872 = DIRECTION ( 'NONE',  ( 1.000000000000000000, 0.000000000000000000, -0.000000000000000000 ) ) ;
#873 = EDGE_CURVE ( 'NONE', #6261, #5701, #6089, .T. ) ;
#874 = CLOSED_SHELL ( 'NONE', ( #6479, #2697, #7486, #4678, #3159, #1431, #5625, #468, #2262, #1918, #5742, #4714, #451, #5776, #5520, #4622, #2336, #2851, #2972, #5737, #1495, #6830, #5144, #3377, #7694, #308, #733, #2513, #5322, #2183, #2030, #5147, #5855, #7772, #3452, #5537, #4517, #4288, #4560, #5590, #6638, #3208, #5415, #6032, #1815, #3333, #2176, #7436, #7137, #2797, #6050, #864, #2370, #6460, #7463, #4224, #2275, #4236, #3055, #415, #2982, #2555, #3084, #5525 ) ) ;
#875 = DIRECTION ( 'NONE',  ( 0.000000000000000000, 0.000000000000000000, 1.000000000000000000 ) ) ;
#876 = CIRCLE ( 'NONE', #7642, 0.5000000000000004441 ) ;
#877 = VERTEX_POINT ( 'NONE', #3743 ) ;
#878 = DIRECTION ( 'NONE',  ( 0.000000000000000000, 0.000000000000000000, -1.000000000000000000 ) ) ;
#879 = DIRECTION ( 'NONE',  ( -1.000000000000000000, 0.000000000000000000, -0.000000000000000000 ) ) ;
#880 = VECTOR ( 'NONE', #2399, 1000.000000000000000 ) ;
#881 = FACE_OUTER_BOUND ( 'NONE', #2744, .T. ) ;
#882 = VECTOR ( 'NONE', #2295, 1000.000000000000000 ) ;
#883 = AXIS2_PLACEMENT_3D ( 'NONE', #926, #6439, #5791 ) ;
#884 = VERTEX_POINT ( 'NONE', #90 ) ;
#885 = CIRCLE ( 'NONE', #3689, 0.8000000000000020428 ) ;
#886 = ORIENTED_EDGE ( 'NONE', *, *, #5249, .T. ) ;
#887 = DIRECTION ( 'NONE',  ( 1.000000000000000000, 1.239088197126291063E-16, 0.000000000000000000 ) ) ;
#888 = FACE_OUTER_BOUND ( 'NONE', #4853, .T. ) ;
#889 = CARTESIAN_POINT ( 'NONE',  ( -9.250000000000001776, -3.499999999999999556, -18.50000000000000000 ) ) ;
#890 = PLANE ( 'NONE',  #201 ) ;
#891 = VECTOR ( 'NONE', #4181, 1000.000000000000000 ) ;
#892 =( NAMED_UNIT ( * ) PLANE_ANGLE_UNIT ( ) SI_UNIT ( $, .RADIAN. ) );
#893 = EDGE_LOOP ( 'NONE', ( #3354, #5496, #7296, #2991 ) ) ;
#894 = ORIENTED_EDGE ( 'NONE', *, *, #671, .F. ) ;
#895 = CARTESIAN_POINT ( 'NONE',  ( -6.770000000000003126, 3.500000000000000888, 0.000000000000000000 ) ) ;
#896 = ORIENTED_EDGE ( 'NONE', *, *, #5899, .F. ) ;
#897 = CIRCLE ( 'NONE', #1660, 0.4999999999999995559 ) ;
#898 = DIRECTION ( 'NONE',  ( -0.000000000000000000, -1.000000000000000000, -0.000000000000000000 ) ) ;
#899 = VECTOR ( 'NONE', #7744, 1000.000000000000000 ) ;
#900 = CARTESIAN_POINT ( 'NONE',  ( -2.349999999999999645, -2.000000000000000000, 0.000000000000000000 ) ) ;
#901 = ORIENTED_EDGE ( 'NONE', *, *, #2815, .F. ) ;
#902 = CARTESIAN_POINT ( 'NONE',  ( -10.50000000000000533, 0.000000000000000000, -10.49999999999999645 ) ) ;
#903 = CIRCLE ( 'NONE', #2045, 0.2500000000000002220 ) ;
#904 = LINE ( 'NONE', #411, #5632 ) ;
#905 = VERTEX_POINT ( 'NONE', #5009 ) ;
#906 = AXIS2_PLACEMENT_3D ( 'NONE', #3120, #1324, #6890 ) ;
#907 = ORIENTED_EDGE ( 'NONE', *, *, #3895, .F. ) ;
#908 = DIRECTION ( 'NONE',  ( -0.000000000000000000, -0.000000000000000000, -1.000000000000000000 ) ) ;
#909 = EDGE_CURVE ( 'NONE', #1866, #6540, #7617, .T. ) ;
#910 = ORIENTED_EDGE ( 'NONE', *, *, #1318, .F. ) ;
#911 = DIRECTION ( 'NONE',  ( 1.000000000000000000, 0.000000000000000000, 0.000000000000000000 ) ) ;
#912 = LINE ( 'NONE', #4503, #5082 ) ;
#913 = ADVANCED_FACE ( 'NONE', ( #4218 ), #5604, .F. ) ;
#914 = DIRECTION ( 'NONE',  ( 1.000000000000000000, 2.628368902995162518E-16, -0.000000000000000000 ) ) ;
#915 = ORIENTED_EDGE ( 'NONE', *, *, #4792, .F. ) ;
#916 = EDGE_CURVE ( 'NONE', #6968, #3872, #6740, .T. ) ;
#917 = CARTESIAN_POINT ( 'NONE',  ( 17.50000000000000000, 0.4999999999999995559, -9.000000000000000000 ) ) ;
#918 = DIRECTION ( 'NONE',  ( -0.000000000000000000, -0.000000000000000000, -1.000000000000000000 ) ) ;
#919 = CARTESIAN_POINT ( 'NONE',  ( 6.769999999999996909, 3.500000000000000888, 0.2500000000000000000 ) ) ;
#920 = CARTESIAN_POINT ( 'NONE',  ( 16.00000000000000000, 7.500000000000000000, 8.999999999999998224 ) ) ;
#921 = EDGE_LOOP ( 'NONE', ( #1252, #431, #2733, #3841 ) ) ;
#922 = EDGE_LOOP ( 'NONE', ( #41, #5685, #3183, #4614 ) ) ;
#923 = CIRCLE ( 'NONE', #5890, 0.5000000000000000000 ) ;
#924 = SPHERICAL_SURFACE ( 'NONE', #6613, 0.2500000000000000000 ) ;
#925 = CARTESIAN_POINT ( 'NONE',  ( -6.570000000000002061, 3.070000000000000284, -1.074999999999999956 ) ) ;
#926 = CARTESIAN_POINT ( 'NONE',  ( 1.850000000000000311, -2.000000000000000000, 0.1000000000000000056 ) ) ;
#927 = FACE_OUTER_BOUND ( 'NONE', #4027, .T. ) ;
#928 = DIRECTION ( 'NONE',  ( 1.000000000000000000, 0.000000000000000000, -0.000000000000000000 ) ) ;
#929 = AXIS2_PLACEMENT_3D ( 'NONE', #1165, #7843, #2953 ) ;
#930 = DIRECTION ( 'NONE',  ( 0.000000000000000000, 0.000000000000000000, 1.000000000000000000 ) ) ;
#931 = EDGE_LOOP ( 'NONE', ( #2006, #1936, #4006, #1463 ) ) ;
#932 = DIRECTION ( 'NONE',  ( 9.637352644315595243E-17, 0.000000000000000000, 1.000000000000000000 ) ) ;
#933 = ORIENTED_EDGE ( 'NONE', *, *, #5916, .F. ) ;
#934 = DIRECTION ( 'NONE',  ( 0.000000000000000000, 0.000000000000000000, 1.000000000000000000 ) ) ;
#935 = CARTESIAN_POINT ( 'NONE',  ( -6.769999999999998685, 0.7500000000000000000, -3.270000000000000018 ) ) ;
#936 = ORIENTED_EDGE ( 'NONE', *, *, #2854, .T. ) ;
#937 = FACE_OUTER_BOUND ( 'NONE', #6255, .T. ) ;
#938 = DIRECTION ( 'NONE',  ( 0.000000000000000000, 0.000000000000000000, 1.000000000000000000 ) ) ;
#939 = EDGE_LOOP ( 'NONE', ( #4439, #1202, #7228 ) ) ;
#940 = ORIENTED_EDGE ( 'NONE', *, *, #5391, .T. ) ;
#941 = CARTESIAN_POINT ( 'NONE',  ( 0.000000000000000000, 0.1750000000000000167, 0.000000000000000000 ) ) ;
#942 = EDGE_CURVE ( 'NONE', #3709, #2730, #4290, .T. ) ;
#943 = EDGE_LOOP ( 'NONE', ( #2032, #1413, #2838 ) ) ;
#944 = CARTESIAN_POINT ( 'NONE',  ( 15.50000000000000178, 0.000000000000000000, 5.500000000000000000 ) ) ;
#945 = DIRECTION ( 'NONE',  ( -1.000000000000000000, -0.000000000000000000, -0.000000000000000000 ) ) ;
#946 = DIRECTION ( 'NONE',  ( -4.956352788505165240E-16, 0.000000000000000000, 1.000000000000000000 ) ) ;
#947 = EDGE_CURVE ( 'NONE', #2263, #4616, #6977, .T. ) ;
#948 = VERTEX_POINT ( 'NONE', #3008 ) ;
#949 = CARTESIAN_POINT ( 'NONE',  ( -4.200000000000000178, 0.000000000000000000, 0.1000000000000000056 ) ) ;
#950 = SURFACE_SIDE_STYLE ('',( #4547 ) ) ;
#951 = CARTESIAN_POINT ( 'NONE',  ( 15.25000000000000178, 0.5000000000000004441, -4.000000000000000000 ) ) ;
#952 = EDGE_CURVE ( 'NONE', #7305, #3726, #5439, .T. ) ;
#953 = ADVANCED_FACE ( 'NONE', ( #1258 ), #2528, .T. ) ;
#954 = VERTEX_POINT ( 'NONE', #3703 ) ;
#955 = ORIENTED_EDGE ( 'NONE', *, *, #4022, .T. ) ;
#956 = CARTESIAN_POINT ( 'NONE',  ( 9.695652173913043015, 0.4999999999999995559, 8.604945506379108267 ) ) ;
#957 = DIRECTION ( 'NONE',  ( 0.000000000000000000, 0.000000000000000000, 1.000000000000000000 ) ) ;
#958 = EDGE_CURVE ( 'NONE', #6850, #6038, #4295, .T. ) ;
#959 = PLANE ( 'NONE',  #7526 ) ;
#960 = DIRECTION ( 'NONE',  ( 0.000000000000000000, 0.000000000000000000, 1.000000000000000000 ) ) ;
#961 = CARTESIAN_POINT ( 'NONE',  ( 6.570000000000001172, 0.7500000000000000000, -3.069999999999999840 ) ) ;
#962 = ORIENTED_EDGE ( 'NONE', *, *, #5403, .T. ) ;
#963 = CARTESIAN_POINT ( 'NONE',  ( 5.049999999999999822, 2.000000000000000000, 0.1000000000000000056 ) ) ;
#964 = VERTEX_POINT ( 'NONE', #5521 ) ;
#965 = CARTESIAN_POINT ( 'NONE',  ( 15.50000000000000178, 0.4999999999999995559, -4.949999999999998401 ) ) ;
#966 = DIRECTION ( 'NONE',  ( 0.000000000000000000, 0.000000000000000000, 1.000000000000000000 ) ) ;
#967 = ORIENTED_EDGE ( 'NONE', *, *, #4857, .T. ) ;
#968 = DIRECTION ( 'NONE',  ( 0.000000000000000000, 0.000000000000000000, 1.000000000000000000 ) ) ;
#969 = VECTOR ( 'NONE', #5485, 1000.000000000000000 ) ;
#970 = DIRECTION ( 'NONE',  ( -1.326241189584715037E-16, 1.000000000000000000, -0.000000000000000000 ) ) ;
#971 = ORIENTED_EDGE ( 'NONE', *, *, #2811, .F. ) ;
#972 = ORIENTED_EDGE ( 'NONE', *, *, #4604, .F. ) ;
#973 = LINE ( 'NONE', #4095, #1273 ) ;
#974 = PRODUCT_DEFINITION_FORMATION_WITH_SPECIFIED_SOURCE ( 'ANY', '', #4254, .NOT_KNOWN. ) ;
#975 = APPLICATION_CONTEXT ( 'automotive_design' ) ;
#976 = ORIENTED_EDGE ( 'NONE', *, *, #5109, .F. ) ;
#977 = VECTOR ( 'NONE', #2402, 1000.000000000000000 ) ;
#978 = DIRECTION ( 'NONE',  ( 0.000000000000000000, 1.000000000000000000, 0.000000000000000000 ) ) ;
#979 = DIRECTION ( 'NONE',  ( -1.000000000000000000, 0.000000000000000000, -0.000000000000000000 ) ) ;
#980 = DIRECTION ( 'NONE',  ( 1.000000000000000000, 0.000000000000000000, 0.000000000000000000 ) ) ;
#981 = EDGE_LOOP ( 'NONE', ( #7122, #2968, #1193, #4881 ) ) ;
#982 = ADVANCED_FACE ( 'NONE', ( #53 ), #2486, .T. ) ;
#983 = VECTOR ( 'NONE', #524, 1000.000000000000000 ) ;
#984 = ORIENTED_EDGE ( 'NONE', *, *, #7446, .T. ) ;
#985 = CARTESIAN_POINT ( 'NONE',  ( 4.299999999999999822, -1.199999999999998623, 0.000000000000000000 ) ) ;
#986 = DIRECTION ( 'NONE',  ( 0.000000000000000000, 0.000000000000000000, 1.000000000000000000 ) ) ;
#987 = CARTESIAN_POINT ( 'NONE',  ( -9.000000000000000000, 6.000000000000000000, -9.000000000000001776 ) ) ;
#988 =( NAMED_UNIT ( * ) SI_UNIT ( $, .STERADIAN. ) SOLID_ANGLE_UNIT ( ) );
#989 = DIRECTION ( 'NONE',  ( 0.000000000000000000, -0.000000000000000000, -1.000000000000000000 ) ) ;
#990 = CIRCLE ( 'NONE', #5445, 1.499999999999999556 ) ;
#991 = CIRCLE ( 'NONE', #610, 0.2500000000000000000 ) ;
#992 = EDGE_LOOP ( 'NONE', ( #3325, #3326, #5189 ) ) ;
#993 = ORIENTED_EDGE ( 'NONE', *, *, #4898, .T. ) ;
#994 = VECTOR ( 'NONE', #729, 1000.000000000000000 ) ;
#995 = DIRECTION ( 'NONE',  ( -0.000000000000000000, 1.000000000000000000, 0.000000000000000000 ) ) ;
#996 = FACE_OUTER_BOUND ( 'NONE', #2042, .T. ) ;
#997 = EDGE_CURVE ( 'NONE', #2574, #2136, #1860, .T. ) ;
#998 = DIRECTION ( 'NONE',  ( 0.000000000000000000, 0.000000000000000000, -1.000000000000000000 ) ) ;
#999 = DIRECTION ( 'NONE',  ( 1.000000000000000000, 0.000000000000000000, -0.000000000000000000 ) ) ;
#1000 = CARTESIAN_POINT ( 'NONE',  ( -6.770000000000003126, 3.500000000000000888, 0.000000000000000000 ) ) ;
#1001 = AXIS2_PLACEMENT_3D ( 'NONE', #7671, #1553, #2655 ) ;
#1002 = CARTESIAN_POINT ( 'NONE',  ( 17.50000000000000000, 7.500000000000000000, 3.250000000000001332 ) ) ;
#1003 = VECTOR ( 'NONE', #3922, 1000.000000000000000 ) ;
#1004 = EDGE_CURVE ( 'NONE', #1134, #6842, #5801, .T. ) ;
#1005 = DIRECTION ( 'NONE',  ( 1.406229888181569112E-14, -6.982962677686060818E-15, 1.000000000000000000 ) ) ;
#1006 = VECTOR ( 'NONE', #2332, 1000.000000000000000 ) ;
#1007 = VERTEX_POINT ( 'NONE', #7584 ) ;
#1008 = DIRECTION ( 'NONE',  ( 1.000000000000000000, 0.000000000000000000, 0.000000000000000000 ) ) ;
#1009 = ORIENTED_EDGE ( 'NONE', *, *, #6858, .T. ) ;
#1010 = LINE ( 'NONE', #2283, #1788 ) ;
#1011 = EDGE_CURVE ( 'NONE', #6129, #295, #5679, .T. ) ;
#1012 = CARTESIAN_POINT ( 'NONE',  ( 15.49999999999999822, 0.4999999999999995559, -0.2499999999999993616 ) ) ;
#1013 = PRESENTATION_LAYER_ASSIGNMENT (  '', '', ( #7140 ) ) ;
#1014 = ORIENTED_EDGE ( 'NONE', *, *, #7613, .T. ) ;
#1015 = VECTOR ( 'NONE', #2222, 1000.000000000000000 ) ;
#1016 = MECHANICAL_DESIGN_GEOMETRIC_PRESENTATION_REPRESENTATION (  '', ( #7658 ), #6636 ) ;
#1017 = DIRECTION ( 'NONE',  ( 1.000000000000000000, 0.000000000000000000, 0.000000000000000000 ) ) ;
#1018 = DIRECTION ( 'NONE',  ( 1.000000000000000000, 0.000000000000000000, 0.000000000000000000 ) ) ;
#1019 = ORIENTED_EDGE ( 'NONE', *, *, #7362, .F. ) ;
#1020 = CIRCLE ( 'NONE', #7028, 0.5000000000000004441 ) ;
#1021 = ORIENTED_EDGE ( 'NONE', *, *, #5782, .F. ) ;
#1022 = CIRCLE ( 'NONE', #4839, 1.500000000000000444 ) ;
#1023 =( LENGTH_UNIT ( ) NAMED_UNIT ( * ) SI_UNIT ( .MILLI., .METRE. ) );
#1024 = VERTEX_POINT ( 'NONE', #3974 ) ;
#1025 = FACE_OUTER_BOUND ( 'NONE', #5176, .T. ) ;
#1026 = CIRCLE ( 'NONE', #7153, 0.2500000000000002220 ) ;
#1027 = EDGE_CURVE ( 'NONE', #6952, #1072, #6457, .T. ) ;
#1028 = CARTESIAN_POINT ( 'NONE',  ( -3.700000000000000178, 0.000000000000000000, 0.1000000000000000056 ) ) ;
#1029 = ORIENTED_EDGE ( 'NONE', *, *, #2208, .T. ) ;
#1030 = VECTOR ( 'NONE', #237, 1000.000000000000000 ) ;
#1031 = ORIENTED_EDGE ( 'NONE', *, *, #2125, .T. ) ;
#1032 = FACE_BOUND ( 'NONE', #6035, .T. ) ;
#1033 = CARTESIAN_POINT ( 'NONE',  ( -5.549999999999999822, 0.000000000000000000, 0.1000000000000000056 ) ) ;
#1034 = CARTESIAN_POINT ( 'NONE',  ( 3.299999999999998934, 2.799999999999999378, 0.000000000000000000 ) ) ;
#1035 = PLANE ( 'NONE',  #2518 ) ;
#1036 = VERTEX_POINT ( 'NONE', #6902 ) ;
#1037 = ORIENTED_EDGE ( 'NONE', *, *, #6786, .T. ) ;
#1038 = PLANE ( 'NONE',  #4200 ) ;
#1039 = CARTESIAN_POINT ( 'NONE',  ( 0.000000000000000000, 0.000000000000000000, 0.1000000000000000056 ) ) ;
#1040 = ADVANCED_FACE ( 'NONE', ( #292 ), #1376, .F. ) ;
#1041 = DIRECTION ( 'NONE',  ( 0.000000000000000000, -0.000000000000000000, 1.000000000000000000 ) ) ;
#1042 = DIRECTION ( 'NONE',  ( -0.000000000000000000, -1.000000000000000000, -0.000000000000000000 ) ) ;
#1043 = DIRECTION ( 'NONE',  ( -9.637352644315595243E-17, -0.000000000000000000, -1.000000000000000000 ) ) ;
#1044 = DIRECTION ( 'NONE',  ( 0.000000000000000000, 1.000000000000000000, 0.000000000000000000 ) ) ;
#1045 = APPLICATION_PROTOCOL_DEFINITION ( 'draft international standard', 'automotive_design', 1998, #4401 ) ;
#1046 = EDGE_CURVE ( 'NONE', #1337, #6407, #5726, .T. ) ;
#1047 = ORIENTED_EDGE ( 'NONE', *, *, #1986, .F. ) ;
#1048 = PLANE ( 'NONE',  #7798 ) ;
#1049 = EDGE_LOOP ( 'NONE', ( #3133, #5357, #6293, #1 ) ) ;
#1050 = DIRECTION ( 'NONE',  ( 1.000000000000000000, 0.000000000000000000, -1.858632295689434870E-16 ) ) ;
#1051 = LINE ( 'NONE', #2919, #7777 ) ;
#1052 = ORIENTED_EDGE ( 'NONE', *, *, #2746, .F. ) ;
#1053 = CARTESIAN_POINT ( 'NONE',  ( 15.25000000000000178, -16.34050177399711501, -4.000000000000000000 ) ) ;
#1054 = VECTOR ( 'NONE', #5407, 1000.000000000000000 ) ;
#1055 =( LENGTH_UNIT ( ) NAMED_UNIT ( * ) SI_UNIT ( .MILLI., .METRE. ) );
#1056 = ORIENTED_EDGE ( 'NONE', *, *, #5438, .T. ) ;
#1057 = EDGE_CURVE ( 'NONE', #5367, #6261, #3344, .T. ) ;
#1058 = EDGE_LOOP ( 'NONE', ( #2628, #4093, #5247, #2121 ) ) ;
#1059 = VECTOR ( 'NONE', #7360, 1000.000000000000000 ) ;
#1060 = FACE_OUTER_BOUND ( 'NONE', #4640, .T. ) ;
#1061 = VERTEX_POINT ( 'NONE', #3867 ) ;
#1062 = EDGE_CURVE ( 'NONE', #4889, #1073, #5163, .T. ) ;
#1063 = PLANE ( 'NONE',  #4958 ) ;
#1064 = VECTOR ( 'NONE', #6014, 1000.000000000000000 ) ;
#1065 = FACE_OUTER_BOUND ( 'NONE', #3980, .T. ) ;
#1066 = ORIENTED_EDGE ( 'NONE', *, *, #4975, .F. ) ;
#1067 = ORIENTED_EDGE ( 'NONE', *, *, #7808, .F. ) ;
#1068 = PLANE ( 'NONE',  #3202 ) ;
#1069 = CARTESIAN_POINT ( 'NONE',  ( 0.000000000000000000, 6.000000000000000000, 0.000000000000000000 ) ) ;
#1070 = DIRECTION ( 'NONE',  ( 0.000000000000000000, 0.000000000000000000, 1.000000000000000000 ) ) ;
#1071 = DIRECTION ( 'NONE',  ( 0.000000000000000000, -1.000000000000000000, 0.000000000000000000 ) ) ;
#1072 = VERTEX_POINT ( 'NONE', #4532 ) ;
#1073 = VERTEX_POINT ( 'NONE', #6299 ) ;
#1074 = DIRECTION ( 'NONE',  ( 0.000000000000000000, 0.000000000000000000, -1.000000000000000000 ) ) ;
#1075 = CARTESIAN_POINT ( 'NONE',  ( -9.500000000000001776, -3.249999999999999556, 0.2500000000000000000 ) ) ;
#1076 = DIRECTION ( 'NONE',  ( 0.000000000000000000, 0.000000000000000000, 1.000000000000000000 ) ) ;
#1077 = CARTESIAN_POINT ( 'NONE',  ( -1.349999999999999645, -2.000000000000000000, 0.1000000000000000056 ) ) ;
#1078 = DIRECTION ( 'NONE',  ( 0.000000000000000000, 0.000000000000000000, 1.000000000000000000 ) ) ;
#1079 = EDGE_CURVE ( 'NONE', #2686, #3529, #4544, .T. ) ;
#1080 = CARTESIAN_POINT ( 'NONE',  ( -6.770000000000001350, 3.269999999999999574, -0.5000000000000000000 ) ) ;
#1081 = ITEM_DEFINED_TRANSFORMATION ( 'NONE', 'NONE', #3280,  #152 ) ;
#1082 = EDGE_CURVE ( 'NONE', #2930, #1990, #720, .T. ) ;
#1083 = ORIENTED_EDGE ( 'NONE', *, *, #2757, .F. ) ;
#1084 = CARTESIAN_POINT ( 'NONE',  ( 17.50000000000000000, 7.500000000000000000, 10.49999999999999645 ) ) ;
#1085 = ORIENTED_EDGE ( 'NONE', *, *, #668, .F. ) ;
#1086 = DIRECTION ( 'NONE',  ( 1.000000000000000000, 0.000000000000000000, -1.239088197126289831E-16 ) ) ;
#1087 = ADVANCED_FACE ( 'NONE', ( #5088 ), #7549, .T. ) ;
#1088 = CARTESIAN_POINT ( 'NONE',  ( -10.50000000000000533, 0.4999999999999995559, -10.49999999999999645 ) ) ;
#1089 = VERTEX_POINT ( 'NONE', #2131 ) ;
#1090 = CARTESIAN_POINT ( 'NONE',  ( -16.00000000000000000, 0.000000000000000000, 1.050000000000000266 ) ) ;
#1091 = VERTEX_POINT ( 'NONE', #6377 ) ;
#1092 = EDGE_LOOP ( 'NONE', ( #3214, #2166, #5227, #1250 ) ) ;
#1093 =( NAMED_UNIT ( * ) PLANE_ANGLE_UNIT ( ) SI_UNIT ( $, .RADIAN. ) );
#1094 = VERTEX_POINT ( 'NONE', #4494 ) ;
#1095 = EDGE_CURVE ( 'NONE', #5651, #5036, #6976, .T. ) ;
#1096 = DIRECTION ( 'NONE',  ( 0.000000000000000000, 0.000000000000000000, 1.000000000000000000 ) ) ;
#1097 = AXIS2_PLACEMENT_3D ( 'NONE', #2371, #6579, #1096 ) ;
#1098 = CARTESIAN_POINT ( 'NONE',  ( -16.00000000000000000, 0.000000000000000000, -1.050000000000000266 ) ) ;
#1099 = ORIENTED_EDGE ( 'NONE', *, *, #6929, .T. ) ;
#1100 = VERTEX_POINT ( 'NONE', #6940 ) ;
#1101 = ADVANCED_FACE ( 'NONE', ( #2692 ), #3900, .F. ) ;
#1102 = AXIS2_PLACEMENT_3D ( 'NONE', #656, #2516, #1888 ) ;
#1103 = FACE_BOUND ( 'NONE', #7185, .T. ) ;
#1104 = AXIS2_PLACEMENT_3D ( 'NONE', #7807, #2831, #3442 ) ;
#1105 = DIRECTION ( 'NONE',  ( 0.000000000000000000, 0.000000000000000000, 1.000000000000000000 ) ) ;
#1106 = DIRECTION ( 'NONE',  ( -2.168404344971008868E-16, 1.000000000000000000, 0.000000000000000000 ) ) ;
#1107 = EDGE_CURVE ( 'NONE', #5165, #5245, #2607, .T. ) ;
#1108 = CARTESIAN_POINT ( 'NONE',  ( -0.4300000000000025469, 3.070000000000000284, -0.5000000000000000000 ) ) ;
#1109 = DIRECTION ( 'NONE',  ( 0.000000000000000000, 0.000000000000000000, 1.000000000000000000 ) ) ;
#1110 = AXIS2_PLACEMENT_3D ( 'NONE', #5233, #5824, #7692 ) ;
#1111 = ORIENTED_EDGE ( 'NONE', *, *, #6711, .T. ) ;
#1112 = ORIENTED_EDGE ( 'NONE', *, *, #5178, .T. ) ;
#1113 = CARTESIAN_POINT ( 'NONE',  ( -5.549999999999999822, 0.000000000000000000, 0.1000000000000000056 ) ) ;
#1114 = CARTESIAN_POINT ( 'NONE',  ( 15.50000000000000178, 0.4999999999999995559, -6.050000000000000711 ) ) ;
#1115 = DIRECTION ( 'NONE',  ( 0.000000000000000000, 0.000000000000000000, 1.000000000000000000 ) ) ;
#1116 = DIRECTION ( 'NONE',  ( -0.000000000000000000, -1.000000000000000000, -0.000000000000000000 ) ) ;
#1117 = VECTOR ( 'NONE', #148, 1000.000000000000000 ) ;
#1118 = CARTESIAN_POINT ( 'NONE',  ( -9.000000000000000000, 2.999999999999999556, 0.000000000000000000 ) ) ;
#1119 = CARTESIAN_POINT ( 'NONE',  ( 13.99999999999999822, 0.4999999999999995559, 1.750000000000000888 ) ) ;
#1120 = VECTOR ( 'NONE', #3923, 1000.000000000000000 ) ;
#1121 = AXIS2_PLACEMENT_3D ( 'NONE', #5508, #1721, #7243 ) ;
#1122 = VERTEX_POINT ( 'NONE', #5762 ) ;
#1123 = DIRECTION ( 'NONE',  ( 1.000000000000000000, 0.000000000000000000, -1.927470528863119295E-16 ) ) ;
#1124 = VECTOR ( 'NONE', #6675, 1000.000000000000000 ) ;
#1125 = VERTEX_POINT ( 'NONE', #257 ) ;
#1126 = DIRECTION ( 'NONE',  ( -0.000000000000000000, 1.000000000000000000, -0.000000000000000000 ) ) ;
#1127 = FACE_OUTER_BOUND ( 'NONE', #3204, .T. ) ;
#1128 = FACE_OUTER_BOUND ( 'NONE', #1285, .T. ) ;
#1129 = CIRCLE ( 'NONE', #755, 0.5000000000000000000 ) ;
#1130 = PRODUCT_RELATED_PRODUCT_CATEGORY ( 'part', '', ( #5580 ) ) ;
#1131 = LINE ( 'NONE', #535, #4787 ) ;
#1132 = AXIS2_PLACEMENT_3D ( 'NONE', #3273, #4943, #3113 ) ;
#1133 = VECTOR ( 'NONE', #3996, 1000.000000000000000 ) ;
#1134 = VERTEX_POINT ( 'NONE', #4569 ) ;
#1135 = VERTEX_POINT ( 'NONE', #5128 ) ;
#1136 = VECTOR ( 'NONE', #6275, 1000.000000000000000 ) ;
#1137 = DIRECTION ( 'NONE',  ( 0.000000000000000000, 0.000000000000000000, 1.000000000000000000 ) ) ;
#1138 = CARTESIAN_POINT ( 'NONE',  ( 6.770000000000000462, 0.7500000000000000000, -3.270000000000000018 ) ) ;
#1139 = VECTOR ( 'NONE', #6274, 1000.000000000000000 ) ;
#1140 = ORIENTED_EDGE ( 'NONE', *, *, #2127, .T. ) ;
#1141 = LINE ( 'NONE', #1941, #5045 ) ;
#1142 = VECTOR ( 'NONE', #2685, 1000.000000000000000 ) ;
#1143 = CARTESIAN_POINT ( 'NONE',  ( -9.000000000000000000, 0.4999999999999995559, 9.000000000000000000 ) ) ;
#1144 = ORIENTED_EDGE ( 'NONE', *, *, #6721, .T. ) ;
#1145 = VECTOR ( 'NONE', #1894, 1000.000000000000000 ) ;
#1146 = ORIENTED_EDGE ( 'NONE', *, *, #1649, .F. ) ;
#1147 = ADVANCED_FACE ( 'NONE', ( #937 ), #5198, .F. ) ;
#1148 = FACE_OUTER_BOUND ( 'NONE', #4846, .T. ) ;
#1149 = AXIS2_PLACEMENT_3D ( 'NONE', #3969, #1606, #5271 ) ;
#1150 = DIRECTION ( 'NONE',  ( -1.000000000000000000, -0.000000000000000000, -0.000000000000000000 ) ) ;
#1151 = FILL_AREA_STYLE_COLOUR ( '', #2411 ) ;
#1152 = AXIS2_PLACEMENT_3D ( 'NONE', #7888, #1126, #3566 ) ;
#1153 = CARTESIAN_POINT ( 'NONE',  ( 4.299999999999999822, -1.199999999999998623, 0.1000000000000000056 ) ) ;
#1154 = EDGE_CURVE ( 'NONE', #3088, #5940, #587, .T. ) ;
#1155 = FACE_OUTER_BOUND ( 'NONE', #2621, .T. ) ;
#1156 = AXIS2_PLACEMENT_3D ( 'NONE', #6970, #6529, #7046 ) ;
#1157 = EDGE_CURVE ( 'NONE', #5728, #4493, #5313, .T. ) ;
#1158 = ORIENTED_EDGE ( 'NONE', *, *, #4180, .F. ) ;
#1159 = ORIENTED_EDGE ( 'NONE', *, *, #6232, .T. ) ;
#1160 = CARTESIAN_POINT ( 'NONE',  ( -9.500000000000001776, 3.249999999999999556, -18.25000000000000000 ) ) ;
#1161 = CYLINDRICAL_SURFACE ( 'NONE', #1906, 0.4999999999999995559 ) ;
#1162 = CARTESIAN_POINT ( 'NONE',  ( 9.695652173913041239, 0.4999999999999995559, -8.604945506379106490 ) ) ;
#1163 = EDGE_CURVE ( 'NONE', #5080, #4457, #6202, .T. ) ;
#1164 = DIRECTION ( 'NONE',  ( 1.000000000000000000, 0.000000000000000000, 0.000000000000000000 ) ) ;
#1165 = CARTESIAN_POINT ( 'NONE',  ( -16.00000000000000000, 0.000000000000000000, 1.734723475976807094E-15 ) ) ;
#1166 = VERTEX_POINT ( 'NONE', #7776 ) ;
#1167 = FACE_BOUND ( 'NONE', #3938, .T. ) ;
#1168 = ORIENTED_EDGE ( 'NONE', *, *, #3671, .F. ) ;
#1169 = CARTESIAN_POINT ( 'NONE',  ( -9.000000000000000000, -3.000000000000000444, -18.00000000000000000 ) ) ;
#1170 = LINE ( 'NONE', #6771, #5575 ) ;
#1171 = DIRECTION ( 'NONE',  ( 0.000000000000000000, 0.000000000000000000, -1.000000000000000000 ) ) ;
#1172 = DIRECTION ( 'NONE',  ( 1.000000000000000000, 0.000000000000000000, 4.956352788505165240E-16 ) ) ;
#1173 = ORIENTED_EDGE ( 'NONE', *, *, #5053, .T. ) ;
#1174 = VERTEX_POINT ( 'NONE', #5241 ) ;
#1175 = ORIENTED_EDGE ( 'NONE', *, *, #1554, .F. ) ;
#1176 = DIRECTION ( 'NONE',  ( 0.000000000000000000, -1.000000000000000000, -0.000000000000000000 ) ) ;
#1177 = DIRECTION ( 'NONE',  ( -0.000000000000000000, -0.000000000000000000, -1.000000000000000000 ) ) ;
#1178 = EDGE_CURVE ( 'NONE', #3375, #3892, #1723, .T. ) ;
#1179 = AXIS2_PLACEMENT_3D ( 'NONE', #6904, #4418, #2647 ) ;
#1180 = VERTEX_POINT ( 'NONE', #4760 ) ;
#1181 = DIRECTION ( 'NONE',  ( 0.000000000000000000, -1.000000000000000000, 0.000000000000000000 ) ) ;
#1182 = LINE ( 'NONE', #2974, #7713 ) ;
#1183 = ORIENTED_EDGE ( 'NONE', *, *, #5192, .F. ) ;
#1184 = VECTOR ( 'NONE', #5094, 1000.000000000000000 ) ;
#1185 = EDGE_CURVE ( 'NONE', #1735, #5455, #3270, .T. ) ;
#1186 = DIRECTION ( 'NONE',  ( -0.000000000000000000, 1.000000000000000000, -0.000000000000000000 ) ) ;
#1187 = CARTESIAN_POINT ( 'NONE',  ( 9.500000000000000000, 7.500000000000000000, 7.600000000000000533 ) ) ;
#1188 = DIRECTION ( 'NONE',  ( -1.000000000000000000, 0.000000000000000000, 0.000000000000000000 ) ) ;
#1189 = CARTESIAN_POINT ( 'NONE',  ( -8.999999999999998224, 6.000000000000000000, 8.999999999999998224 ) ) ;
#1190 = VECTOR ( 'NONE', #4152, 1000.000000000000000 ) ;
#1191 = DIRECTION ( 'NONE',  ( -0.000000000000000000, -0.000000000000000000, -1.000000000000000000 ) ) ;
#1192 = ORIENTED_EDGE ( 'NONE', *, *, #22, .T. ) ;
#1193 = ORIENTED_EDGE ( 'NONE', *, *, #2716, .F. ) ;
#1194 = FACE_OUTER_BOUND ( 'NONE', #255, .T. ) ;
#1195 = DIRECTION ( 'NONE',  ( -0.000000000000000000, -0.000000000000000000, -1.000000000000000000 ) ) ;
#1196 = DIRECTION ( 'NONE',  ( -0.000000000000000000, -0.000000000000000000, -1.000000000000000000 ) ) ;
#1197 = EDGE_CURVE ( 'NONE', #568, #5882, #2924, .T. ) ;
#1198 = LINE ( 'NONE', #1863, #983 ) ;
#1199 = EDGE_CURVE ( 'NONE', #779, #4136, #7701, .T. ) ;
#1200 = CARTESIAN_POINT ( 'NONE',  ( 16.75000000000000000, 7.500000000000000000, -6.100000000000001421 ) ) ;
#1201 = SHAPE_DEFINITION_REPRESENTATION ( #3819, #5512 ) ;
#1202 = ORIENTED_EDGE ( 'NONE', *, *, #4112, .T. ) ;
#1203 = EDGE_CURVE ( 'NONE', #7083, #2593, #6007, .T. ) ;
#1204 = CARTESIAN_POINT ( 'NONE',  ( 3.200000000000000178, 2.000000000000000000, 0.1000000000000000056 ) ) ;
#1205 = ORIENTED_EDGE ( 'NONE', *, *, #4856, .T. ) ;
#1206 = PLANE ( 'NONE',  #4978 ) ;
#1207 = DIRECTION ( 'NONE',  ( 1.000000000000000000, -1.236061108696829207E-16, 0.000000000000000000 ) ) ;
#1208 = CARTESIAN_POINT ( 'NONE',  ( 1.850000000000000311, 2.000000000000000000, 0.000000000000000000 ) ) ;
#1209 = EDGE_CURVE ( 'NONE', #262, #6612, #3787, .T. ) ;
#1210 = DIRECTION ( 'NONE',  ( 0.000000000000000000, -0.000000000000000000, -1.000000000000000000 ) ) ;
#1211 =( NAMED_UNIT ( * ) SI_UNIT ( $, .STERADIAN. ) SOLID_ANGLE_UNIT ( ) );
#1212 = ORIENTED_EDGE ( 'NONE', *, *, #3592, .F. ) ;
#1213 = VERTEX_POINT ( 'NONE', #7051 ) ;
#1214 = ORIENTED_EDGE ( 'NONE', *, *, #1613, .T. ) ;
#1215 = CARTESIAN_POINT ( 'NONE',  ( -9.000000000000000000, -3.000000000000000444, 0.000000000000000000 ) ) ;
#1216 = DIRECTION ( 'NONE',  ( 1.000000000000000000, 0.000000000000000000, 0.000000000000000000 ) ) ;
#1217 = ORIENTED_EDGE ( 'NONE', *, *, #491, .T. ) ;
#1218 = FACE_OUTER_BOUND ( 'NONE', #746, .T. ) ;
#1219 = DIRECTION ( 'NONE',  ( 1.000000000000000000, 0.000000000000000000, -1.826024711554533913E-16 ) ) ;
#1220 = ORIENTED_EDGE ( 'NONE', *, *, #7565, .F. ) ;
#1221 = ORIENTED_EDGE ( 'NONE', *, *, #7812, .F. ) ;
#1222 = FACE_OUTER_BOUND ( 'NONE', #3468, .T. ) ;
#1223 = DIRECTION ( 'NONE',  ( 0.000000000000000000, 1.000000000000000000, 0.000000000000000000 ) ) ;
#1224 = FACE_OUTER_BOUND ( 'NONE', #5026, .T. ) ;
#1225 = VECTOR ( 'NONE', #4849, 1000.000000000000000 ) ;
#1226 = DIRECTION ( 'NONE',  ( -0.000000000000000000, 1.000000000000000000, -0.000000000000000000 ) ) ;
#1227 = DIRECTION ( 'NONE',  ( 0.000000000000000000, 0.000000000000000000, -1.000000000000000000 ) ) ;
#1228 = EDGE_CURVE ( 'NONE', #1305, #2344, #3571, .T. ) ;
#1229 = ORIENTED_EDGE ( 'NONE', *, *, #6030, .T. ) ;
#1230 = ORIENTED_EDGE ( 'NONE', *, *, #5192, .T. ) ;
#1231 = CARTESIAN_POINT ( 'NONE',  ( 4.299999999999999822, 2.799999999999999378, 0.1000000000000000056 ) ) ;
#1232 = LINE ( 'NONE', #3669, #2787 ) ;
#1233 = AXIS2_PLACEMENT_3D ( 'NONE', #5633, #4000, #6442 ) ;
#1234 = CYLINDRICAL_SURFACE ( 'NONE', #7646, 0.4999999999999997780 ) ;
#1235 = AXIS2_PLACEMENT_3D ( 'NONE', #2352, #4314, #1164 ) ;
#1236 = CARTESIAN_POINT ( 'NONE',  ( -6.770000000000003126, -3.000000000000000444, 0.000000000000000000 ) ) ;
#1237 = LINE ( 'NONE', #3762, #1698 ) ;
#1238 = EDGE_LOOP ( 'NONE', ( #4663, #4157, #83, #3047 ) ) ;
#1239 = FACE_BOUND ( 'NONE', #7851, .T. ) ;
#1240 = EDGE_CURVE ( 'NONE', #1477, #568, #1131, .T. ) ;
#1241 = VERTEX_POINT ( 'NONE', #3408 ) ;
#1242 = PLANE ( 'NONE',  #3454 ) ;
#1243 = LINE ( 'NONE', #7889, #347 ) ;
#1244 = CARTESIAN_POINT ( 'NONE',  ( 13.99999999999999822, 7.500000000000000000, 0.2500000000000002220 ) ) ;
#1245 = LINE ( 'NONE', #2998, #6340 ) ;
#1246 = AXIS2_PLACEMENT_3D ( 'NONE', #812, #7573, #6964 ) ;
#1247 = EDGE_CURVE ( 'NONE', #6979, #140, #7127, .T. ) ;
#1248 = EDGE_LOOP ( 'NONE', ( #7250, #5123 ) ) ;
#1249 = AXIS2_PLACEMENT_3D ( 'NONE', #3629, #5377, #4866 ) ;
#1250 = ORIENTED_EDGE ( 'NONE', *, *, #3813, .F. ) ;
#1251 = ADVANCED_FACE ( 'NONE', ( #3524 ), #1579, .T. ) ;
#1252 = ORIENTED_EDGE ( 'NONE', *, *, #804, .F. ) ;
#1253 = LINE ( 'NONE', #7299, #3059 ) ;
#1254 = DIRECTION ( 'NONE',  ( -0.000000000000000000, -1.000000000000000000, -0.000000000000000000 ) ) ;
#1255 = CIRCLE ( 'NONE', #5712, 0.5000000000000000000 ) ;
#1256 = ORIENTED_EDGE ( 'NONE', *, *, #3458, .F. ) ;
#1257 = AXIS2_PLACEMENT_3D ( 'NONE', #3616, #6173, #5399 ) ;
#1258 = FACE_OUTER_BOUND ( 'NONE', #5999, .T. ) ;
#1259 = LINE ( 'NONE', #4892, #1576 ) ;
#1260 = ORIENTED_EDGE ( 'NONE', *, *, #4088, .F. ) ;
#1261 = VECTOR ( 'NONE', #351, 1000.000000000000000 ) ;
#1262 = EDGE_LOOP ( 'NONE', ( #4730, #2531 ) ) ;
#1263 = AXIS2_PLACEMENT_3D ( 'NONE', #6522, #6559, #7110 ) ;
#1264 = LINE ( 'NONE', #1907, #1313 ) ;
#1265 = FILL_AREA_STYLE ('',( #6673 ) ) ;
#1266 = ADVANCED_FACE ( 'NONE', ( #2289 ), #408, .F. ) ;
#1267 = CARTESIAN_POINT ( 'NONE',  ( 15.50000000000000178, 0.4999999999999995559, 5.500000000000000000 ) ) ;
#1268 = CARTESIAN_POINT ( 'NONE',  ( 0.000000000000000000, 0.4999999999999995559, 0.000000000000000000 ) ) ;
#1269 = AXIS2_PLACEMENT_3D ( 'NONE', #7224, #1226, #7916 ) ;
#1270 = DIRECTION ( 'NONE',  ( -2.168404344971008868E-16, -1.000000000000000000, 0.000000000000000000 ) ) ;
#1271 = VECTOR ( 'NONE', #1861, 1000.000000000000000 ) ;
#1272 = ORIENTED_EDGE ( 'NONE', *, *, #5884, .T. ) ;
#1273 = VECTOR ( 'NONE', #331, 1000.000000000000000 ) ;
#1274 = PRODUCT_RELATED_PRODUCT_CATEGORY ( 'part', '', ( #3032 ) ) ;
#1275 = ORIENTED_EDGE ( 'NONE', *, *, #6409, .F. ) ;
#1276 = CYLINDRICAL_SURFACE ( 'NONE', #7538, 1.500000000000000000 ) ;
#1277 = DIRECTION ( 'NONE',  ( 0.000000000000000000, 1.000000000000000000, 0.000000000000000000 ) ) ;
#1278 = CARTESIAN_POINT ( 'NONE',  ( 5.549999999999999822, 2.000000000000000000, 0.1000000000000000056 ) ) ;
#1279 = DIRECTION ( 'NONE',  ( -0.000000000000000000, -1.000000000000000000, -0.000000000000000000 ) ) ;
#1280 = AXIS2_PLACEMENT_3D ( 'NONE', #3128, #5550, #7375 ) ;
#1281 = DIRECTION ( 'NONE',  ( 0.000000000000000000, 0.000000000000000000, 1.000000000000000000 ) ) ;
#1282 = ORIENTED_EDGE ( 'NONE', *, *, #4805, .T. ) ;
#1283 = DIRECTION ( 'NONE',  ( 0.000000000000000000, 0.000000000000000000, 1.000000000000000000 ) ) ;
#1284 = EDGE_CURVE ( 'NONE', #4807, #7165, #2882, .T. ) ;
#1285 = EDGE_LOOP ( 'NONE', ( #6958, #5237, #2914, #5272 ) ) ;
#1286 = DIRECTION ( 'NONE',  ( -0.000000000000000000, -1.000000000000000000, 0.000000000000000000 ) ) ;
#1287 = CARTESIAN_POINT ( 'NONE',  ( -6.770000000000003126, 3.249999999999999556, 0.5000000000000000000 ) ) ;
#1288 = VERTEX_POINT ( 'NONE', #2843 ) ;
#1289 = DIRECTION ( 'NONE',  ( -0.000000000000000000, 1.000000000000000000, -0.000000000000000000 ) ) ;
#1290 = PRODUCT_DEFINITION_CONTEXT ( 'detailed design', #4647, 'design' ) ;
#1291 = ADVANCED_FACE ( 'NONE', ( #5276 ), #1657, .F. ) ;
#1292 = ORIENTED_EDGE ( 'NONE', *, *, #4999, .T. ) ;
#1293 = EDGE_LOOP ( 'NONE', ( #3407, #3648 ) ) ;
#1294 = DIRECTION ( 'NONE',  ( 0.000000000000000000, 0.000000000000000000, 1.000000000000000000 ) ) ;
#1295 = ORIENTED_EDGE ( 'NONE', *, *, #7217, .T. ) ;
#1296 = DIRECTION ( 'NONE',  ( 1.000000000000000000, 0.000000000000000000, 0.000000000000000000 ) ) ;
#1297 = CARTESIAN_POINT ( 'NONE',  ( -6.000000000000000000, 2.799999999999999822, 0.1000000000000000056 ) ) ;
#1298 = EDGE_LOOP ( 'NONE', ( #5181, #3628, #2214, #7822 ) ) ;
#1299 = EDGE_CURVE ( 'NONE', #7758, #5728, #6042, .T. ) ;
#1300 = CARTESIAN_POINT ( 'NONE',  ( -5.999999999999999112, -1.200000000000000178, 0.1000000000000000056 ) ) ;
#1301 = EDGE_CURVE ( 'NONE', #4722, #2644, #2443, .T. ) ;
#1302 = ADVANCED_FACE ( 'NONE', ( #3732 ), #5546, .F. ) ;
#1303 = DIRECTION ( 'NONE',  ( -1.000000000000000000, -1.412641267082090664E-16, 0.000000000000000000 ) ) ;
#1304 = ORIENTED_EDGE ( 'NONE', *, *, #5443, .T. ) ;
#1305 = VERTEX_POINT ( 'NONE', #7415 ) ;
#1306 = VECTOR ( 'NONE', #1980, 1000.000000000000000 ) ;
#1307 = CARTESIAN_POINT ( 'NONE',  ( 1.850000000000000311, -2.000000000000000000, 0.000000000000000000 ) ) ;
#1308 = EDGE_CURVE ( 'NONE', #5340, #4423, #3016, .T. ) ;
#1309 = CARTESIAN_POINT ( 'NONE',  ( -6.569999999999999396, 0.1750000000000000167, -3.069999999999999396 ) ) ;
#1310 = DIRECTION ( 'NONE',  ( 1.000000000000000000, 0.000000000000000000, 0.000000000000000000 ) ) ;
#1311 = CARTESIAN_POINT ( 'NONE',  ( 5.549999999999999822, 2.000000000000000000, 0.1000000000000000056 ) ) ;
#1312 = CARTESIAN_POINT ( 'NONE',  ( 6.570000000000000284, 3.069999999999998508, -1.074999999999999956 ) ) ;
#1313 = VECTOR ( 'NONE', #3710, 1000.000000000000000 ) ;
#1314 = EDGE_LOOP ( 'NONE', ( #3349, #5476, #7820, #5810 ) ) ;
#1315 = LINE ( 'NONE', #838, #2387 ) ;
#1316 = CYLINDRICAL_SURFACE ( 'NONE', #7787, 0.2500000000000002220 ) ;
#1317 = DIRECTION ( 'NONE',  ( -0.000000000000000000, -0.000000000000000000, -1.000000000000000000 ) ) ;
#1318 = EDGE_CURVE ( 'NONE', #1832, #5766, #1245, .T. ) ;
#1319 = DIRECTION ( 'NONE',  ( 1.000000000000000000, 0.000000000000000000, 0.000000000000000000 ) ) ;
#1320 = FACE_OUTER_BOUND ( 'NONE', #1982, .T. ) ;
#1321 = ORIENTED_EDGE ( 'NONE', *, *, #5929, .F. ) ;
#1322 = DIRECTION ( 'NONE',  ( 0.000000000000000000, 1.000000000000000000, 0.000000000000000000 ) ) ;
#1323 = EDGE_LOOP ( 'NONE', ( #119, #2698, #2300, #3290 ) ) ;
#1324 = DIRECTION ( 'NONE',  ( 0.000000000000000000, 1.000000000000000000, 0.000000000000000000 ) ) ;
#1325 = EDGE_CURVE ( 'NONE', #5940, #3734, #6696, .T. ) ;
#1326 = DIRECTION ( 'NONE',  ( 0.000000000000000000, 1.000000000000000000, 0.000000000000000000 ) ) ;
#1327 = DIRECTION ( 'NONE',  ( 0.000000000000000000, -1.000000000000000000, 0.000000000000000000 ) ) ;
#1328 = CARTESIAN_POINT ( 'NONE',  ( 6.000000000000000000, 2.800000000000001155, 0.1000000000000000056 ) ) ;
#1329 = EDGE_CURVE ( 'NONE', #1852, #2722, #7493, .T. ) ;
#1330 = DIRECTION ( 'NONE',  ( -1.000000000000000000, 6.982962677686471814E-15, 1.396592535537250660E-14 ) ) ;
#1331 = ORIENTED_EDGE ( 'NONE', *, *, #5403, .F. ) ;
#1332 = ORIENTED_EDGE ( 'NONE', *, *, #1284, .F. ) ;
#1333 = CARTESIAN_POINT ( 'NONE',  ( -10.50000000000000355, 7.500000000000000000, -2.999999999999998668 ) ) ;
#1334 = EDGE_LOOP ( 'NONE', ( #1762, #7583, #5497, #7717, #3896, #2505 ) ) ;
#1335 = DIRECTION ( 'NONE',  ( 1.000000000000000000, 0.000000000000000000, 0.000000000000000000 ) ) ;
#1336 = DIRECTION ( 'NONE',  ( -1.000000000000000000, 0.000000000000000000, 1.826024711554533913E-16 ) ) ;
#1337 = VERTEX_POINT ( 'NONE', #606 ) ;
#1338 = PLANE ( 'NONE',  #3911 ) ;
#1339 = DIRECTION ( 'NONE',  ( 0.000000000000000000, -1.000000000000000000, 0.000000000000000000 ) ) ;
#1340 = EDGE_LOOP ( 'NONE', ( #7059, #5042 ) ) ;
#1341 = ORIENTED_EDGE ( 'NONE', *, *, #6573, .T. ) ;
#1342 = CARTESIAN_POINT ( 'NONE',  ( 15.50000000000000178, 0.000000000000000000, 4.949999999999998401 ) ) ;
#1343 = EDGE_CURVE ( 'NONE', #2365, #215, #80, .T. ) ;
#1344 = LINE ( 'NONE', #1787, #2165 ) ;
#1345 = CARTESIAN_POINT ( 'NONE',  ( -17.50000000000000000, 0.4999999999999995559, -10.50000000000000000 ) ) ;
#1346 = CARTESIAN_POINT ( 'NONE',  ( 15.50000000000000178, 0.000000000000000000, 6.050000000000000711 ) ) ;
#1347 = DIRECTION ( 'NONE',  ( -9.912705577010326782E-17, 0.000000000000000000, -1.000000000000000000 ) ) ;
#1348 = ADVANCED_FACE ( 'NONE', ( #2479 ), #4959, .F. ) ;
#1349 = ORIENTED_EDGE ( 'NONE', *, *, #5927, .F. ) ;
#1350 = EDGE_CURVE ( 'NONE', #55, #291, #3769, .T. ) ;
#1351 = CARTESIAN_POINT ( 'NONE',  ( -6.569999999999999396, 0.1750000000000000167, -3.069999999999999396 ) ) ;
#1352 = FACE_OUTER_BOUND ( 'NONE', #4708, .T. ) ;
#1353 = FILL_AREA_STYLE_COLOUR ( '', #2921 ) ;
#1354 = CARTESIAN_POINT ( 'NONE',  ( -1.349999999999999645, 2.000000000000000000, 0.000000000000000000 ) ) ;
#1355 = VECTOR ( 'NONE', #4611, 1000.000000000000000 ) ;
#1356 = EDGE_LOOP ( 'NONE', ( #7081, #2874, #5286, #3185 ) ) ;
#1357 = DIRECTION ( 'NONE',  ( -0.000000000000000000, -0.000000000000000000, 1.000000000000000000 ) ) ;
#1358 = AXIS2_PLACEMENT_3D ( 'NONE', #2, #2356, #3727 ) ;
#1359 = ORIENTED_EDGE ( 'NONE', *, *, #7796, .T. ) ;
#1360 = CARTESIAN_POINT ( 'NONE',  ( -10.50000000000000533, 0.4999999999999995559, 3.000000000000004441 ) ) ;
#1361 = CARTESIAN_POINT ( 'NONE',  ( -6.800000000000001599, 3.299999999999999822, 0.000000000000000000 ) ) ;
#1362 = FACE_OUTER_BOUND ( 'NONE', #4883, .T. ) ;
#1363 = PLANE ( 'NONE',  #4430 ) ;
#1364 = VECTOR ( 'NONE', #7280, 1000.000000000000000 ) ;
#1365 =( NAMED_UNIT ( * ) SI_UNIT ( $, .STERADIAN. ) SOLID_ANGLE_UNIT ( ) );
#1366 = VERTEX_POINT ( 'NONE', #7891 ) ;
#1367 = EDGE_CURVE ( 'NONE', #7596, #1241, #4840, .T. ) ;
#1368 = VERTEX_POINT ( 'NONE', #7330 ) ;
#1369 = CARTESIAN_POINT ( 'NONE',  ( 6.769999999999996909, 2.999999999999999556, 0.000000000000000000 ) ) ;
#1370 = ORIENTED_EDGE ( 'NONE', *, *, #1830, .F. ) ;
#1371 = DIRECTION ( 'NONE',  ( 1.000000000000000000, 0.000000000000000000, 0.000000000000000000 ) ) ;
#1372 = CYLINDRICAL_SURFACE ( 'NONE', #6500, 1.500000000000000000 ) ;
#1373 = PRODUCT_DEFINITION ( 'UNKNOWN', '', #974, #4328 ) ;
#1374 = DIRECTION ( 'NONE',  ( 0.000000000000000000, 1.000000000000000000, 0.000000000000000000 ) ) ;
#1375 = ORIENTED_EDGE ( 'NONE', *, *, #3494, .T. ) ;
#1376 = PLANE ( 'NONE',  #1609 ) ;
#1377 = AXIS2_PLACEMENT_3D ( 'NONE', #2821, #270, #6511 ) ;
#1378 = VECTOR ( 'NONE', #6798, 1000.000000000000000 ) ;
#1379 = DIRECTION ( 'NONE',  ( 1.000000000000000000, 0.000000000000000000, -0.000000000000000000 ) ) ;
#1380 = VERTEX_POINT ( 'NONE', #8 ) ;
#1381 = ORIENTED_EDGE ( 'NONE', *, *, #3801, .T. ) ;
#1382 = CIRCLE ( 'NONE', #5838, 0.5000000000000000000 ) ;
#1383 = CARTESIAN_POINT ( 'NONE',  ( 15.25000000000000178, 7.500000000000000000, 7.599999999999999645 ) ) ;
#1384 = VERTEX_POINT ( 'NONE', #7294 ) ;
#1385 = CARTESIAN_POINT ( 'NONE',  ( -9.500000000000005329, 0.4999999999999995559, -9.500000000000000000 ) ) ;
#1386 = FACE_OUTER_BOUND ( 'NONE', #3070, .T. ) ;
#1387 = VECTOR ( 'NONE', #6891, 1000.000000000000000 ) ;
#1388 = CARTESIAN_POINT ( 'NONE',  ( -5.549999999999999822, 0.000000000000000000, 0.1000000000000000056 ) ) ;
#1389 = VECTOR ( 'NONE', #1870, 1000.000000000000000 ) ;
#1390 = EDGE_CURVE ( 'NONE', #6261, #5028, #6165, .T. ) ;
#1391 =( REPRESENTATION_RELATIONSHIP ('NONE','NONE', #6546, #7686 ) REPRESENTATION_RELATIONSHIP_WITH_TRANSFORMATION ( #4153 )SHAPE_REPRESENTATION_RELATIONSHIP( ) );
#1392 = ORIENTED_EDGE ( 'NONE', *, *, #4508, .F. ) ;
#1393 = MECHANICAL_DESIGN_GEOMETRIC_PRESENTATION_REPRESENTATION (  '', ( #4197 ), #504 ) ;
#1394 = DIRECTION ( 'NONE',  ( 0.000000000000000000, 1.000000000000000000, 0.000000000000000000 ) ) ;
#1395 = LINE ( 'NONE', #226, #5093 ) ;
#1396 = AXIS2_PLACEMENT_3D ( 'NONE', #1033, #4697, #3506 ) ;
#1397 = CARTESIAN_POINT ( 'NONE',  ( -5.549999999999999822, 0.000000000000000000, 0.1000000000000000056 ) ) ;
#1398 = CARTESIAN_POINT ( 'NONE',  ( -9.000000000000000000, 2.999999999999999556, 0.000000000000000000 ) ) ;
#1399 = ADVANCED_FACE ( 'NONE', ( #3043 ), #3644, .F. ) ;
#1400 = CIRCLE ( 'NONE', #6772, 1.499999999999999556 ) ;
#1401 = AXIS2_PLACEMENT_3D ( 'NONE', #1583, #2929, #6576 ) ;
#1402 = ORIENTED_EDGE ( 'NONE', *, *, #6167, .T. ) ;
#1403 = DIRECTION ( 'NONE',  ( 0.000000000000000000, 0.000000000000000000, -1.000000000000000000 ) ) ;
#1404 = ORIENTED_EDGE ( 'NONE', *, *, #3109, .F. ) ;
#1405 = PLANE ( 'NONE',  #132 ) ;
#1406 = EDGE_CURVE ( 'NONE', #4260, #4409, #1764, .T. ) ;
#1407 = CARTESIAN_POINT ( 'NONE',  ( -10.50000000000000533, 0.4999999999999995559, -9.000000000000001776 ) ) ;
#1408 = AXIS2_PLACEMENT_3D ( 'NONE', #1718, #529, #2958 ) ;
#1409 = LINE ( 'NONE', #7534, #5699 ) ;
#1410 = AXIS2_PLACEMENT_3D ( 'NONE', #2128, #2839, #1536 ) ;
#1411 = FACE_BOUND ( 'NONE', #7902, .T. ) ;
#1412 =( LENGTH_UNIT ( ) NAMED_UNIT ( * ) SI_UNIT ( .MILLI., .METRE. ) );
#1413 = ORIENTED_EDGE ( 'NONE', *, *, #4888, .T. ) ;
#1414 = VECTOR ( 'NONE', #844, 1000.000000000000000 ) ;
#1415 = EDGE_LOOP ( 'NONE', ( #4419, #7749, #7178, #5126 ) ) ;
#1416 = LINE ( 'NONE', #7455, #5611 ) ;
#1417 = VECTOR ( 'NONE', #5627, 1000.000000000000000 ) ;
#1418 = VERTEX_POINT ( 'NONE', #6775 ) ;
#1419 = CARTESIAN_POINT ( 'NONE',  ( 13.99999999999999822, 7.500000000000000000, -1.749999999999998890 ) ) ;
#1420 = CARTESIAN_POINT ( 'NONE',  ( 9.499999999999994671, 7.500000000000000000, -9.500000000000000000 ) ) ;
#1421 = ORIENTED_EDGE ( 'NONE', *, *, #7708, .T. ) ;
#1422 = CARTESIAN_POINT ( 'NONE',  ( 17.50000000000000000, 7.500000000000000000, 10.49999999999999645 ) ) ;
#1423 = CARTESIAN_POINT ( 'NONE',  ( 16.00000000000000000, 0.4999999999999995559, -9.000000000000000000 ) ) ;
#1424 = ORIENTED_EDGE ( 'NONE', *, *, #5531, .F. ) ;
#1425 = ORIENTED_EDGE ( 'NONE', *, *, #4285, .F. ) ;
#1426 = LINE ( 'NONE', #7554, #1184 ) ;
#1427 = ORIENTED_EDGE ( 'NONE', *, *, #1203, .F. ) ;
#1428 = CARTESIAN_POINT ( 'NONE',  ( -3.700000000000000178, -2.000000000000000000, 0.1000000000000000056 ) ) ;
#1429 = FACE_OUTER_BOUND ( 'NONE', #7819, .T. ) ;
#1430 = CARTESIAN_POINT ( 'NONE',  ( 9.249999999999998224, -3.249999999999999556, 0.5000000000000000000 ) ) ;
#1431 = ADVANCED_FACE ( 'NONE', ( #6126 ), #1884, .T. ) ;
#1432 = CIRCLE ( 'NONE', #6287, 0.5500000000000010436 ) ;
#1433 = ORIENTED_EDGE ( 'NONE', *, *, #5690, .T. ) ;
#1434 = LINE ( 'NONE', #3878, #1378 ) ;
#1435 = CARTESIAN_POINT ( 'NONE',  ( -3.200000000000000178, 6.123233995736764803E-17, 0.1000000000000000056 ) ) ;
#1436 = DIRECTION ( 'NONE',  ( -1.000000000000000000, 0.000000000000000000, 0.000000000000000000 ) ) ;
#1437 = AXIS2_PLACEMENT_3D ( 'NONE', #3902, #6334, #7618 ) ;
#1438 = DIRECTION ( 'NONE',  ( 0.000000000000000000, 0.000000000000000000, -1.000000000000000000 ) ) ;
#1439 = CIRCLE ( 'NONE', #2072, 0.5000000000000000000 ) ;
#1440 = ORIENTED_EDGE ( 'NONE', *, *, #3694, .T. ) ;
#1441 = CARTESIAN_POINT ( 'NONE',  ( -10.50000000000000533, 7.500000000000000000, -9.000000000000001776 ) ) ;
#1442 = ORIENTED_EDGE ( 'NONE', *, *, #7754, .T. ) ;
#1443 = LINE ( 'NONE', #6770, #2180 ) ;
#1444 = EDGE_CURVE ( 'NONE', #5771, #1730, #691, .T. ) ;
#1445 = DIRECTION ( 'NONE',  ( -0.000000000000000000, -1.000000000000000000, -0.000000000000000000 ) ) ;
#1446 = EDGE_CURVE ( 'NONE', #1494, #1366, #2375, .T. ) ;
#1447 = CARTESIAN_POINT ( 'NONE',  ( 9.000000000000000000, -3.000000000000000444, -18.00000000000000000 ) ) ;
#1448 = DIRECTION ( 'NONE',  ( 0.000000000000000000, 0.000000000000000000, -1.000000000000000000 ) ) ;
#1449 = CIRCLE ( 'NONE', #5511, 0.5000000000000000000 ) ;
#1450 = EDGE_CURVE ( 'NONE', #3222, #6583, #3810, .T. ) ;
#1451 = APPLICATION_PROTOCOL_DEFINITION ( 'draft international standard', 'automotive_design', 1998, #2608 ) ;
#1452 = EDGE_LOOP ( 'NONE', ( #5270, #5433, #5411 ) ) ;
#1453 = VERTEX_POINT ( 'NONE', #6965 ) ;
#1454 = LINE ( 'NONE', #3170, #5098 ) ;
#1455 = ORIENTED_EDGE ( 'NONE', *, *, #3421, .T. ) ;
#1456 = PRODUCT_DEFINITION_SHAPE ( 'NONE', 'NONE',  #7394 ) ;
#1457 = CARTESIAN_POINT ( 'NONE',  ( 17.50000000000000000, 7.500000000000000000, 3.250000000000001332 ) ) ;
#1458 = ADVANCED_FACE ( 'NONE', ( #5667 ), #2719, .T. ) ;
#1459 = CARTESIAN_POINT ( 'NONE',  ( 3.700000000000000178, -2.000000000000000000, 0.1000000000000000056 ) ) ;
#1460 = ORIENTED_EDGE ( 'NONE', *, *, #7669, .T. ) ;
#1461 = DIRECTION ( 'NONE',  ( 0.000000000000000000, -1.000000000000000000, 0.000000000000000000 ) ) ;
#1462 = LINE ( 'NONE', #665, #2444 ) ;
#1463 = ORIENTED_EDGE ( 'NONE', *, *, #2208, .F. ) ;
#1464 = EDGE_LOOP ( 'NONE', ( #2246, #6782, #2662, #6539 ) ) ;
#1465 = DIRECTION ( 'NONE',  ( 0.000000000000000000, 0.000000000000000000, 1.000000000000000000 ) ) ;
#1466 = EDGE_LOOP ( 'NONE', ( #2922, #2526, #5262, #3486 ) ) ;
#1467 = CARTESIAN_POINT ( 'NONE',  ( 3.299999999999998934, 2.799999999999999378, 0.1000000000000000056 ) ) ;
#1468 = LINE ( 'NONE', #4469, #6234 ) ;
#1469 = DIRECTION ( 'NONE',  ( 1.000000000000000000, 0.000000000000000000, -1.196361017915038993E-16 ) ) ;
#1470 = EDGE_CURVE ( 'NONE', #4566, #3528, #3248, .T. ) ;
#1471 = VERTEX_POINT ( 'NONE', #5153 ) ;
#1472 = CARTESIAN_POINT ( 'NONE',  ( -9.250000000000001776, -3.249999999999999556, -18.50000000000000000 ) ) ;
#1473 = CYLINDRICAL_SURFACE ( 'NONE', #3560, 0.4999999999999995559 ) ;
#1474 = PRODUCT_RELATED_PRODUCT_CATEGORY ( 'part', '', ( #6099 ) ) ;
#1475 = CARTESIAN_POINT ( 'NONE',  ( -4.299999999999999822, -1.199999999999999734, 0.000000000000000000 ) ) ;
#1476 = PRODUCT_DEFINITION_SHAPE ( 'NONE', 'NONE',  #7929 ) ;
#1477 = VERTEX_POINT ( 'NONE', #6362 ) ;
#1478 = CYLINDRICAL_SURFACE ( 'NONE', #7675, 1.049999999999998934 ) ;
#1479 = EDGE_LOOP ( 'NONE', ( #2613, #2653, #1212, #3985 ) ) ;
#1480 = CARTESIAN_POINT ( 'NONE',  ( -9.250000000000001776, -3.249999999999999556, 0.2500000000000000000 ) ) ;
#1481 = CARTESIAN_POINT ( 'NONE',  ( 17.50000000000000355, 0.000000000000000000, -3.249999999999994227 ) ) ;
#1482 = DIRECTION ( 'NONE',  ( 0.000000000000000000, 0.000000000000000000, 1.000000000000000000 ) ) ;
#1483 = AXIS2_PLACEMENT_3D ( 'NONE', #4341, #1181, #2571 ) ;
#1484 = DIRECTION ( 'NONE',  ( -0.000000000000000000, 1.000000000000000000, 0.000000000000000000 ) ) ;
#1485 = PRODUCT_DEFINITION_FORMATION_WITH_SPECIFIED_SOURCE ( 'ANY', '', #5019, .NOT_KNOWN. ) ;
#1486 = ORIENTED_EDGE ( 'NONE', *, *, #645, .T. ) ;
#1487 = EDGE_CURVE ( 'NONE', #2935, #7873, #4995, .T. ) ;
#1488 = ORIENTED_EDGE ( 'NONE', *, *, #7111, .T. ) ;
#1489 = VECTOR ( 'NONE', #6892, 1000.000000000000000 ) ;
#1490 = DIRECTION ( 'NONE',  ( 1.000000000000000000, 1.239088197126291063E-16, 0.000000000000000000 ) ) ;
#1491 = ORIENTED_EDGE ( 'NONE', *, *, #3115, .T. ) ;
#1492 = CARTESIAN_POINT ( 'NONE',  ( -6.050000000000000711, 0.000000000000000000, 0.1000000000000000056 ) ) ;
#1493 = CARTESIAN_POINT ( 'NONE',  ( -9.500000000000001776, -3.249999999999999556, -18.25000000000000000 ) ) ;
#1494 = VERTEX_POINT ( 'NONE', #3332 ) ;
#1495 = ADVANCED_FACE ( 'NONE', ( #7606 ), #3966, .T. ) ;
#1496 = DIRECTION ( 'NONE',  ( -1.000000000000000000, -7.063206335410453318E-17, 0.000000000000000000 ) ) ;
#1497 = VECTOR ( 'NONE', #6646, 1000.000000000000000 ) ;
#1498 = CARTESIAN_POINT ( 'NONE',  ( 15.50000000000000178, 0.000000000000000000, -4.949999999999998401 ) ) ;
#1499 = EDGE_LOOP ( 'NONE', ( #49, #7665 ) ) ;
#1500 = ADVANCED_FACE ( 'NONE', ( #4445 ), #244, .F. ) ;
#1501 = VERTEX_POINT ( 'NONE', #197 ) ;
#1502 = FACE_OUTER_BOUND ( 'NONE', #2236, .T. ) ;
#1503 = EDGE_LOOP ( 'NONE', ( #4223, #4776, #6140, #3 ) ) ;
#1504 = AXIS2_PLACEMENT_3D ( 'NONE', #5297, #887, #432 ) ;
#1505 = LINE ( 'NONE', #298, #6639 ) ;
#1506 = DIRECTION ( 'NONE',  ( -0.000000000000000000, -0.000000000000000000, -1.000000000000000000 ) ) ;
#1507 = VECTOR ( 'NONE', #2360, 1000.000000000000000 ) ;
#1508 = CARTESIAN_POINT ( 'NONE',  ( 6.050000000000000711, 2.000000000000000000, 0.000000000000000000 ) ) ;
#1509 = VECTOR ( 'NONE', #5834, 1000.000000000000000 ) ;
#1510 = CIRCLE ( 'NONE', #4313, 0.2500000000000002220 ) ;
#1511 = ORIENTED_EDGE ( 'NONE', *, *, #4229, .F. ) ;
#1512 = LINE ( 'NONE', #1626, #2768 ) ;
#1513 = DIRECTION ( 'NONE',  ( 0.000000000000000000, 0.000000000000000000, 1.000000000000000000 ) ) ;
#1514 = CIRCLE ( 'NONE', #3175, 1.500000000000000000 ) ;
#1515 = CARTESIAN_POINT ( 'NONE',  ( -6.770000000000001350, 3.269999999999999574, -0.5000000000000000000 ) ) ;
#1516 = VECTOR ( 'NONE', #4679, 1000.000000000000000 ) ;
#1517 = AXIS2_PLACEMENT_3D ( 'NONE', #1975, #2160, #4029 ) ;
#1518 = FACE_OUTER_BOUND ( 'NONE', #2290, .T. ) ;
#1519 = AXIS2_PLACEMENT_3D ( 'NONE', #3945, #2735, #4583 ) ;
#1520 = CIRCLE ( 'NONE', #104, 1.500000000000000000 ) ;
#1521 = ORIENTED_EDGE ( 'NONE', *, *, #3597, .T. ) ;
#1522 = AXIS2_PLACEMENT_3D ( 'NONE', #3954, #5813, #2148 ) ;
#1523 = ORIENTED_EDGE ( 'NONE', *, *, #7906, .T. ) ;
#1524 = DIRECTION ( 'NONE',  ( -0.000000000000000000, -0.000000000000000000, 1.000000000000000000 ) ) ;
#1525 = CARTESIAN_POINT ( 'NONE',  ( -17.50000000000000000, 7.500000000000000000, -10.50000000000000000 ) ) ;
#1526 = DIRECTION ( 'NONE',  ( -0.000000000000000000, -1.000000000000000000, -0.000000000000000000 ) ) ;
#1527 = CARTESIAN_POINT ( 'NONE',  ( 2.350000000000000089, 2.000000000000000000, 0.1000000000000000056 ) ) ;
#1528 = FACE_BOUND ( 'NONE', #6085, .T. ) ;
#1529 = AXIS2_PLACEMENT_3D ( 'NONE', #1397, #801, #5062 ) ;
#1530 = DIRECTION ( 'NONE',  ( 1.000000000000000000, 0.000000000000000000, 0.000000000000000000 ) ) ;
#1531 = EDGE_CURVE ( 'NONE', #6508, #3097, #4926, .T. ) ;
#1532 = ORIENTED_EDGE ( 'NONE', *, *, #1986, .T. ) ;
#1533 = LINE ( 'NONE', #2167, #4085 ) ;
#1534 = ORIENTED_EDGE ( 'NONE', *, *, #3169, .T. ) ;
#1535 = CIRCLE ( 'NONE', #4077, 1.499999999999999556 ) ;
#1536 = DIRECTION ( 'NONE',  ( 0.000000000000000000, 0.000000000000000000, 1.000000000000000000 ) ) ;
#1537 = VECTOR ( 'NONE', #3820, 1000.000000000000000 ) ;
#1538 = CARTESIAN_POINT ( 'NONE',  ( 13.99999999999999822, 7.500000000000000000, -1.749999999999998890 ) ) ;
#1539 = EDGE_LOOP ( 'NONE', ( #4928, #3870, #4169, #4165 ) ) ;
#1540 = ADVANCED_FACE ( 'NONE', ( #1411, #731, #1968, #7574, #4486, #2636, #1528, #2597 ), #890, .T. ) ;
#1541 = CARTESIAN_POINT ( 'NONE',  ( 15.25000000000000178, 0.5000000000000004441, -2.499999999999999556 ) ) ;
#1542 = UNCERTAINTY_MEASURE_WITH_UNIT (LENGTH_MEASURE( 1.000000000000000082E-05 ), #7854, 'distance_accuracy_value', 'NONE');
#1543 = AXIS2_PLACEMENT_3D ( 'NONE', #4280, #4784, #6723 ) ;
#1544 = CARTESIAN_POINT ( 'NONE',  ( 0.000000000000000000, 0.000000000000000000, 0.000000000000000000 ) ) ;
#1545 = ORIENTED_EDGE ( 'NONE', *, *, #3579, .T. ) ;
#1546 = VECTOR ( 'NONE', #2557, 1000.000000000000000 ) ;
#1547 = ORIENTED_EDGE ( 'NONE', *, *, #5932, .T. ) ;
#1548 = FILL_AREA_STYLE_COLOUR ( '', #6125 ) ;
#1549 = APPLICATION_CONTEXT ( 'automotive_design' ) ;
#1550 = EDGE_LOOP ( 'NONE', ( #3477, #6755, #5389, #5120 ) ) ;
#1551 = EDGE_CURVE ( 'NONE', #6816, #7896, #2005, .T. ) ;
#1552 = DIRECTION ( 'NONE',  ( 0.000000000000000000, 0.000000000000000000, 1.000000000000000000 ) ) ;
#1553 = DIRECTION ( 'NONE',  ( 0.000000000000000000, 1.000000000000000000, 0.000000000000000000 ) ) ;
#1554 = EDGE_CURVE ( 'NONE', #4493, #184, #3163, .T. ) ;
#1555 = CARTESIAN_POINT ( 'NONE',  ( 0.4300000000000022138, 0.1750000000000000167, 3.070000000000000284 ) ) ;
#1556 = ADVANCED_FACE ( 'NONE', ( #6243 ), #1363, .F. ) ;
#1557 = ORIENTED_EDGE ( 'NONE', *, *, #5875, .F. ) ;
#1558 = CARTESIAN_POINT ( 'NONE',  ( 13.99999999999999822, 0.000000000000000000, -1.749999999999998890 ) ) ;
#1559 = DIRECTION ( 'NONE',  ( -0.000000000000000000, -0.000000000000000000, -1.000000000000000000 ) ) ;
#1560 = DIRECTION ( 'NONE',  ( -4.956352788505165240E-16, 0.000000000000000000, 1.000000000000000000 ) ) ;
#1561 = ORIENTED_EDGE ( 'NONE', *, *, #6434, .F. ) ;
#1562 = EDGE_LOOP ( 'NONE', ( #685, #4991, #7352, #5048 ) ) ;
#1563 = VECTOR ( 'NONE', #7429, 1000.000000000000000 ) ;
#1564 = DIRECTION ( 'NONE',  ( 1.000000000000000000, 0.000000000000000000, 0.000000000000000000 ) ) ;
#1565 = DIRECTION ( 'NONE',  ( 0.000000000000000000, 0.000000000000000000, 1.000000000000000000 ) ) ;
#1566 = DIRECTION ( 'NONE',  ( 0.000000000000000000, 0.000000000000000000, 1.000000000000000000 ) ) ;
#1567 = DIRECTION ( 'NONE',  ( -0.000000000000000000, -1.000000000000000000, -0.000000000000000000 ) ) ;
#1568 = CARTESIAN_POINT ( 'NONE',  ( 15.25000000000000178, -16.34050177399711501, -6.100000000000001421 ) ) ;
#1569 = CIRCLE ( 'NONE', #805, 0.8000000000000009326 ) ;
#1570 =( LENGTH_UNIT ( ) NAMED_UNIT ( * ) SI_UNIT ( .MILLI., .METRE. ) );
#1571 = ORIENTED_EDGE ( 'NONE', *, *, #6747, .T. ) ;
#1572 = CARTESIAN_POINT ( 'NONE',  ( 16.00000000000000000, 7.500000000000000000, 9.800000000000000711 ) ) ;
#1573 = ORIENTED_EDGE ( 'NONE', *, *, #2702, .T. ) ;
#1574 = DIRECTION ( 'NONE',  ( 1.000000000000000000, 0.000000000000000000, 0.000000000000000000 ) ) ;
#1575 = CARTESIAN_POINT ( 'NONE',  ( 17.50000000000000355, 0.4999999999999995559, -3.249999999999994227 ) ) ;
#1576 = VECTOR ( 'NONE', #7304, 1000.000000000000000 ) ;
#1577 = EDGE_LOOP ( 'NONE', ( #2445, #6857, #2648, #4767 ) ) ;
#1578 = EDGE_CURVE ( 'NONE', #3617, #7735, #6285, .T. ) ;
#1579 = CYLINDRICAL_SURFACE ( 'NONE', #5686, 0.2500000000000002220 ) ;
#1580 = DIRECTION ( 'NONE',  ( -1.000000000000000000, -0.000000000000000000, -4.956352788505166226E-16 ) ) ;
#1581 = ORIENTED_EDGE ( 'NONE', *, *, #7307, .F. ) ;
#1582 = EDGE_LOOP ( 'NONE', ( #7586, #3119, #5159, #3611 ) ) ;
#1583 = CARTESIAN_POINT ( 'NONE',  ( 15.25000000000000178, 0.5000000000000004441, 6.100000000000000533 ) ) ;
#1584 = ORIENTED_EDGE ( 'NONE', *, *, #425, .T. ) ;
#1585 = DIRECTION ( 'NONE',  ( -0.000000000000000000, -0.000000000000000000, -1.000000000000000000 ) ) ;
#1586 = CARTESIAN_POINT ( 'NONE',  ( -6.569999999999999396, 0.1750000000000000167, -3.069999999999999396 ) ) ;
#1587 = FACE_OUTER_BOUND ( 'NONE', #7376, .T. ) ;
#1588 = ORIENTED_EDGE ( 'NONE', *, *, #3359, .F. ) ;
#1589 = ADVANCED_FACE ( 'NONE', ( #7536 ), #2049, .T. ) ;
#1590 = ORIENTED_EDGE ( 'NONE', *, *, #222, .F. ) ;
#1591 = DIRECTION ( 'NONE',  ( 0.000000000000000000, -1.000000000000000000, 0.000000000000000000 ) ) ;
#1592 =( LENGTH_UNIT ( ) NAMED_UNIT ( * ) SI_UNIT ( .MILLI., .METRE. ) );
#1593 = ADVANCED_FACE ( 'NONE', ( #7114 ), #2910, .F. ) ;
#1594 = LINE ( 'NONE', #5259, #4945 ) ;
#1595 = ADVANCED_FACE ( 'NONE', ( #1715 ), #1602, .T. ) ;
#1596 = ORIENTED_EDGE ( 'NONE', *, *, #2076, .T. ) ;
#1597 = VERTEX_POINT ( 'NONE', #1643 ) ;
#1598 = CARTESIAN_POINT ( 'NONE',  ( 13.24999999999999822, -16.34050177399711501, 1.000000000000001110 ) ) ;
#1599 = CARTESIAN_POINT ( 'NONE',  ( -3.700000000000000178, 2.000000000000000000, 0.1000000000000000056 ) ) ;
#1600 = LINE ( 'NONE', #4031, #6498 ) ;
#1601 = CARTESIAN_POINT ( 'NONE',  ( -9.695652173913044791, 0.4999999999999995559, -8.604945506379113596 ) ) ;
#1602 = PLANE ( 'NONE',  #77 ) ;
#1603 = CARTESIAN_POINT ( 'NONE',  ( 16.75000000000000000, 0.5000000000000004441, -7.600000000000001421 ) ) ;
#1604 = CARTESIAN_POINT ( 'NONE',  ( -19.97434152639470639, -0.8418290610425175347, 30.37057002075016499 ) ) ;
#1605 = ORIENTED_EDGE ( 'NONE', *, *, #6180, .T. ) ;
#1606 = DIRECTION ( 'NONE',  ( 0.000000000000000000, 1.000000000000000000, 0.000000000000000000 ) ) ;
#1607 = ORIENTED_EDGE ( 'NONE', *, *, #5790, .F. ) ;
#1608 = DIRECTION ( 'NONE',  ( 1.000000000000000000, 0.000000000000000000, -0.000000000000000000 ) ) ;
#1609 = AXIS2_PLACEMENT_3D ( 'NONE', #1422, #3933, #2728 ) ;
#1610 = CARTESIAN_POINT ( 'NONE',  ( 0.000000000000000000, 0.000000000000000000, 0.1000000000000000056 ) ) ;
#1611 = VERTEX_POINT ( 'NONE', #353 ) ;
#1612 = CARTESIAN_POINT ( 'NONE',  ( -6.769999999999997797, 0.7500000000000000000, 3.270000000000000018 ) ) ;
#1613 = EDGE_CURVE ( 'NONE', #4457, #5080, #3792, .T. ) ;
#1614 = VECTOR ( 'NONE', #852, 1000.000000000000000 ) ;
#1615 = DIRECTION ( 'NONE',  ( -0.000000000000000000, 0.000000000000000000, 1.000000000000000000 ) ) ;
#1616 = ORIENTED_EDGE ( 'NONE', *, *, #7302, .T. ) ;
#1617 = VERTEX_POINT ( 'NONE', #476 ) ;
#1618 = ORIENTED_EDGE ( 'NONE', *, *, #2815, .T. ) ;
#1619 = CIRCLE ( 'NONE', #7884, 0.2500000000000000000 ) ;
#1620 = CARTESIAN_POINT ( 'NONE',  ( -6.769999999999998685, 0.7500000000000000000, -3.270000000000000018 ) ) ;
#1621 = DIRECTION ( 'NONE',  ( 1.000000000000000000, -0.000000000000000000, 0.000000000000000000 ) ) ;
#1622 = ORIENTED_EDGE ( 'NONE', *, *, #7829, .T. ) ;
#1623 = EDGE_CURVE ( 'NONE', #1822, #10, #6525, .T. ) ;
#1624 = VERTEX_POINT ( 'NONE', #6405 ) ;
#1625 = DIRECTION ( 'NONE',  ( -0.000000000000000000, -0.000000000000000000, -1.000000000000000000 ) ) ;
#1626 = CARTESIAN_POINT ( 'NONE',  ( -16.00000000000000000, 0.4999999999999995559, 0.8000000000000009326 ) ) ;
#1627 = DIRECTION ( 'NONE',  ( -0.000000000000000000, -0.000000000000000000, -1.000000000000000000 ) ) ;
#1628 = EDGE_CURVE ( 'NONE', #591, #7083, #6480, .T. ) ;
#1629 = DIRECTION ( 'NONE',  ( 0.000000000000000000, -1.000000000000000000, 0.000000000000000000 ) ) ;
#1630 = CIRCLE ( 'NONE', #5702, 1.500000000000000222 ) ;
#1631 = AXIS2_PLACEMENT_3D ( 'NONE', #279, #2079, #7640 ) ;
#1632 = ORIENTED_EDGE ( 'NONE', *, *, #1724, .T. ) ;
#1633 = CLOSED_SHELL ( 'NONE', ( #3101, #7484, #2073, #2105, #62, #1996, #4119, #1302, #4187, #7663, #2380, #4703, #3891, #3722, #6389, #2711, #913, #4230, #3277, #2775, #6919, #2261, #6163, #2681, #3004, #4986 ) ) ;
#1634 = ORIENTED_EDGE ( 'NONE', *, *, #7196, .T. ) ;
#1635 = AXIS2_PLACEMENT_3D ( 'NONE', #2322, #4788, #5392 ) ;
#1636 = EDGE_CURVE ( 'NONE', #1337, #4616, #2002, .T. ) ;
#1637 = FACE_OUTER_BOUND ( 'NONE', #7619, .T. ) ;
#1638 = FACE_OUTER_BOUND ( 'NONE', #4684, .T. ) ;
#1639 = VECTOR ( 'NONE', #2542, 1000.000000000000000 ) ;
#1640 = CARTESIAN_POINT ( 'NONE',  ( 5.999999999999999112, -1.199999999999998623, 0.1000000000000000056 ) ) ;
#1641 = CARTESIAN_POINT ( 'NONE',  ( -5.549999999999999822, 2.000000000000000000, 0.1000000000000000056 ) ) ;
#1642 = ADVANCED_FACE ( 'NONE', ( #4115 ), #2793, .T. ) ;
#1643 = CARTESIAN_POINT ( 'NONE',  ( -16.00000000000000000, 0.000000000000000000, 1.500000000000001998 ) ) ;
#1644 = AXIS2_PLACEMENT_3D ( 'NONE', #3482, #4032, #7691 ) ;
#1645 = CARTESIAN_POINT ( 'NONE',  ( -17.50000000000000000, 0.000000000000000000, 10.50000000000000000 ) ) ;
#1646 = AXIS2_PLACEMENT_3D ( 'NONE', #3027, #522, #7197 ) ;
#1647 = VECTOR ( 'NONE', #1814, 1000.000000000000000 ) ;
#1648 = ORIENTED_EDGE ( 'NONE', *, *, #425, .F. ) ;
#1649 = EDGE_CURVE ( 'NONE', #3437, #4759, #4715, .T. ) ;
#1650 = FACE_OUTER_BOUND ( 'NONE', #7608, .T. ) ;
#1651 = ORIENTED_EDGE ( 'NONE', *, *, #7313, .T. ) ;
#1652 = CARTESIAN_POINT ( 'NONE',  ( -17.50000000000000000, 0.000000000000000000, 1.500000000000001332 ) ) ;
#1653 = CARTESIAN_POINT ( 'NONE',  ( 15.49999999999999822, 7.500000000000000000, 0.2500000000000009437 ) ) ;
#1654 = ORIENTED_EDGE ( 'NONE', *, *, #3229, .F. ) ;
#1655 = VECTOR ( 'NONE', #6347, 1000.000000000000000 ) ;
#1656 = VECTOR ( 'NONE', #2537, 1000.000000000000000 ) ;
#1657 = PLANE ( 'NONE',  #6726 ) ;
#1658 = DIRECTION ( 'NONE',  ( 1.000000000000000000, 0.000000000000000000, 0.000000000000000000 ) ) ;
#1659 = ORIENTED_EDGE ( 'NONE', *, *, #4378, .T. ) ;
#1660 = AXIS2_PLACEMENT_3D ( 'NONE', #5636, #6326, #5596 ) ;
#1661 = ORIENTED_EDGE ( 'NONE', *, *, #4917, .F. ) ;
#1662 = AXIS2_PLACEMENT_3D ( 'NONE', #4615, #498, #2182 ) ;
#1663 = DIRECTION ( 'NONE',  ( 9.912705577010326782E-17, -0.000000000000000000, 1.000000000000000000 ) ) ;
#1664 = ADVANCED_FACE ( 'NONE', ( #6562 ), #1682, .T. ) ;
#1665 = FACE_OUTER_BOUND ( 'NONE', #3168, .T. ) ;
#1666 = CIRCLE ( 'NONE', #6132, 0.5000000000000004441 ) ;
#1667 = EDGE_CURVE ( 'NONE', #7010, #3411, #7199, .T. ) ;
#1668 = CYLINDRICAL_SURFACE ( 'NONE', #6425, 0.4999999999999995559 ) ;
#1669 = EDGE_LOOP ( 'NONE', ( #3728, #1491, #4044, #7131 ) ) ;
#1670 = FACE_BOUND ( 'NONE', #7098, .T. ) ;
#1671 = CARTESIAN_POINT ( 'NONE',  ( -10.50000000000000533, 7.500000000000000000, 10.50000000000000355 ) ) ;
#1672 = CARTESIAN_POINT ( 'NONE',  ( 5.999999999999999112, -1.199999999999998623, 0.1000000000000000056 ) ) ;
#1673 = DIRECTION ( 'NONE',  ( 9.637352644315595243E-17, 0.000000000000000000, 1.000000000000000000 ) ) ;
#1674 = DIRECTION ( 'NONE',  ( 1.000000000000000000, 0.000000000000000000, 0.000000000000000000 ) ) ;
#1675 = EDGE_CURVE ( 'NONE', #7255, #4028, #5816, .T. ) ;
#1676 = ORIENTED_EDGE ( 'NONE', *, *, #7516, .T. ) ;
#1677 = ORIENTED_EDGE ( 'NONE', *, *, #7736, .T. ) ;
#1678 = CARTESIAN_POINT ( 'NONE',  ( 6.050000000000000711, -2.000000000000000000, 0.000000000000000000 ) ) ;
#1679 = CARTESIAN_POINT ( 'NONE',  ( -9.000000000000007105, 0.4999999999999995559, 9.000000000000001776 ) ) ;
#1680 = CARTESIAN_POINT ( 'NONE',  ( -4.299999999999999822, 2.799999999999998490, 0.000000000000000000 ) ) ;
#1681 = CARTESIAN_POINT ( 'NONE',  ( -10.50000000000000533, 0.000000000000000000, 3.000000000000003997 ) ) ;
#1682 = CYLINDRICAL_SURFACE ( 'NONE', #6599, 0.2500000000000000000 ) ;
#1683 = LINE ( 'NONE', #3484, #1952 ) ;
#1684 = ITEM_DEFINED_TRANSFORMATION ( 'NONE', 'NONE', #6731,  #1102 ) ;
#1685 = ORIENTED_EDGE ( 'NONE', *, *, #2310, .F. ) ;
#1686 = LINE ( 'NONE', #4121, #7281 ) ;
#1687 = ADVANCED_FACE ( 'NONE', ( #5793 ), #5913, .F. ) ;
#1688 = ORIENTED_EDGE ( 'NONE', *, *, #2464, .F. ) ;
#1689 = DIRECTION ( 'NONE',  ( -0.000000000000000000, 1.000000000000000000, -0.000000000000000000 ) ) ;
#1690 = DIRECTION ( 'NONE',  ( 0.000000000000000000, 0.000000000000000000, 1.000000000000000000 ) ) ;
#1691 = ORIENTED_EDGE ( 'NONE', *, *, #3315, .T. ) ;
#1692 = DIRECTION ( 'NONE',  ( 0.000000000000000000, 0.000000000000000000, -1.000000000000000000 ) ) ;
#1693 = AXIS2_PLACEMENT_3D ( 'NONE', #2870, #6481, #2276 ) ;
#1694 = EDGE_CURVE ( 'NONE', #1100, #3252, #399, .T. ) ;
#1695 = ORIENTED_EDGE ( 'NONE', *, *, #1329, .F. ) ;
#1696 = EDGE_LOOP ( 'NONE', ( #637, #4232, #2100, #4416 ) ) ;
#1697 = ADVANCED_FACE ( 'NONE', ( #2198 ), #436, .F. ) ;
#1698 = VECTOR ( 'NONE', #6192, 1000.000000000000000 ) ;
#1699 = SHAPE_REPRESENTATION ( 'PbF2 Radiator', ( #152 ), #2067 ) ;
#1700 = VERTEX_POINT ( 'NONE', #961 ) ;
#1701 = CARTESIAN_POINT ( 'NONE',  ( 0.000000000000000000, 0.000000000000000000, 0.000000000000000000 ) ) ;
#1702 = CARTESIAN_POINT ( 'NONE',  ( -5.999999999999999112, -1.200000000000000178, 0.1000000000000000056 ) ) ;
#1703 = ORIENTED_EDGE ( 'NONE', *, *, #2348, .T. ) ;
#1704 = FACE_BOUND ( 'NONE', #7566, .T. ) ;
#1705 = CARTESIAN_POINT ( 'NONE',  ( 16.00000000000000000, 0.000000000000000000, -9.000000000000000000 ) ) ;
#1706 = CYLINDRICAL_SURFACE ( 'NONE', #6766, 0.5000000000000004441 ) ;
#1707 = CARTESIAN_POINT ( 'NONE',  ( -16.00000000000000000, 7.500000000000000000, -1.500000000000000666 ) ) ;
#1708 = DIRECTION ( 'NONE',  ( 0.000000000000000000, -1.000000000000000000, 0.000000000000000000 ) ) ;
#1709 = EDGE_LOOP ( 'NONE', ( #7045, #6806, #4559, #163 ) ) ;
#1710 = VERTEX_POINT ( 'NONE', #3400 ) ;
#1711 = PLANE ( 'NONE',  #2770 ) ;
#1712 = LINE ( 'NONE', #2268, #1899 ) ;
#1713 = CARTESIAN_POINT ( 'NONE',  ( 15.25000000000000178, 0.5000000000000004441, -6.100000000000001421 ) ) ;
#1714 = DIRECTION ( 'NONE',  ( -0.000000000000000000, 1.000000000000000000, -0.000000000000000000 ) ) ;
#1715 = FACE_OUTER_BOUND ( 'NONE', #1049, .T. ) ;
#1716 = CARTESIAN_POINT ( 'NONE',  ( -10.50000000000000533, 7.500000000000000000, -10.49999999999999645 ) ) ;
#1717 = ORIENTED_EDGE ( 'NONE', *, *, #5833, .F. ) ;
#1718 = CARTESIAN_POINT ( 'NONE',  ( -7.864218330839943150, 0.4999999999999995559, 11.00000000000000000 ) ) ;
#1719 = EDGE_LOOP ( 'NONE', ( #4252, #1703, #5279, #407 ) ) ;
#1720 = CYLINDRICAL_SURFACE ( 'NONE', #1152, 1.050000000000000266 ) ;
#1721 = DIRECTION ( 'NONE',  ( -0.000000000000000000, -1.000000000000000000, -0.000000000000000000 ) ) ;
#1722 = DIRECTION ( 'NONE',  ( 0.000000000000000000, -0.000000000000000000, 1.000000000000000000 ) ) ;
#1723 = LINE ( 'NONE', #2243, #2749 ) ;
#1724 = EDGE_CURVE ( 'NONE', #4692, #1073, #2251, .T. ) ;
#1725 = ORIENTED_EDGE ( 'NONE', *, *, #6589, .F. ) ;
#1726 = ORIENTED_EDGE ( 'NONE', *, *, #7589, .F. ) ;
#1727 = LINE ( 'NONE', #2448, #375 ) ;
#1728 = DIRECTION ( 'NONE',  ( 1.000000000000000000, 0.000000000000000000, 0.000000000000000000 ) ) ;
#1729 = EDGE_CURVE ( 'NONE', #6301, #3437, #4946, .T. ) ;
#1730 = VERTEX_POINT ( 'NONE', #2988 ) ;
#1731 = DIRECTION ( 'NONE',  ( 1.000000000000000000, 0.000000000000000000, 0.000000000000000000 ) ) ;
#1732 = AXIS2_PLACEMENT_3D ( 'NONE', #7341, #623, #701 ) ;
#1733 = EDGE_CURVE ( 'NONE', #7340, #3278, #3409, .T. ) ;
#1734 = LINE ( 'NONE', #1819, #2084 ) ;
#1735 = VERTEX_POINT ( 'NONE', #2503 ) ;
#1736 = AXIS2_PLACEMENT_3D ( 'NONE', #3771, #930, #3369 ) ;
#1737 = CARTESIAN_POINT ( 'NONE',  ( 16.75000000000000000, 0.5000000000000004441, 4.000000000000000888 ) ) ;
#1738 = EDGE_CURVE ( 'NONE', #72, #3850, #3633, .T. ) ;
#1739 = DIRECTION ( 'NONE',  ( -1.000000000000000000, 0.000000000000000000, 0.000000000000000000 ) ) ;
#1740 = FACE_OUTER_BOUND ( 'NONE', #4251, .T. ) ;
#1741 = LINE ( 'NONE', #1189, #891 ) ;
#1742 = CARTESIAN_POINT ( 'NONE',  ( -9.000000000000007105, 7.500000000000000000, 9.000000000000001776 ) ) ;
#1743 = AXIS2_PLACEMENT_3D ( 'NONE', #5145, #1960, #114 ) ;
#1744 = ADVANCED_FACE ( 'NONE', ( #4151 ), #4781, .T. ) ;
#1745 = ADVANCED_FACE ( 'NONE', ( #68 ), #6718, .F. ) ;
#1746 = ORIENTED_EDGE ( 'NONE', *, *, #2561, .F. ) ;
#1747 = ORIENTED_EDGE ( 'NONE', *, *, #4276, .F. ) ;
#1748 = LINE ( 'NONE', #3025, #7635 ) ;
#1749 = DIRECTION ( 'NONE',  ( 0.000000000000000000, 0.000000000000000000, 1.000000000000000000 ) ) ;
#1750 = DIRECTION ( 'NONE',  ( 1.000000000000000000, 0.000000000000000000, 0.000000000000000000 ) ) ;
#1751 = CARTESIAN_POINT ( 'NONE',  ( 15.49999999999999822, 0.000000000000000000, 0.2500000000000009437 ) ) ;
#1752 = AXIS2_PLACEMENT_3D ( 'NONE', #2586, #1394, #6835 ) ;
#1753 = CARTESIAN_POINT ( 'NONE',  ( 13.99999999999999822, 0.000000000000000000, 0.2500000000000009437 ) ) ;
#1754 = LINE ( 'NONE', #1716, #1190 ) ;
#1755 = VECTOR ( 'NONE', #7085, 1000.000000000000000 ) ;
#1756 = ORIENTED_EDGE ( 'NONE', *, *, #2413, .F. ) ;
#1757 = DIRECTION ( 'NONE',  ( -1.927470528863119295E-16, 0.000000000000000000, -1.000000000000000000 ) ) ;
#1758 = AXIS2_PLACEMENT_3D ( 'NONE', #1742, #7191, #3591 ) ;
#1759 = VERTEX_POINT ( 'NONE', #3599 ) ;
#1760 = CYLINDRICAL_SURFACE ( 'NONE', #4725, 0.2500000000000000000 ) ;
#1761 = DIRECTION ( 'NONE',  ( -1.000000000000000000, -0.000000000000000000, -0.000000000000000000 ) ) ;
#1762 = ORIENTED_EDGE ( 'NONE', *, *, #4882, .T. ) ;
#1763 = VECTOR ( 'NONE', #7558, 1000.000000000000000 ) ;
#1764 = LINE ( 'NONE', #7371, #4033 ) ;
#1765 = VECTOR ( 'NONE', #6197, 1000.000000000000000 ) ;
#1766 = AXIS2_PLACEMENT_3D ( 'NONE', #2410, #4766, #4847 ) ;
#1767 = EDGE_CURVE ( 'NONE', #3097, #1418, #643, .T. ) ;
#1768 = VERTEX_POINT ( 'NONE', #2388 ) ;
#1769 = ORIENTED_EDGE ( 'NONE', *, *, #5905, .T. ) ;
#1770 = ORIENTED_EDGE ( 'NONE', *, *, #6971, .F. ) ;
#1771 = MECHANICAL_DESIGN_GEOMETRIC_PRESENTATION_REPRESENTATION (  '', ( #7269 ), #6635 ) ;
#1772 = CARTESIAN_POINT ( 'NONE',  ( -5.049999999999999822, 6.123233995736778362E-17, 0.000000000000000000 ) ) ;
#1773 = DIRECTION ( 'NONE',  ( -0.000000000000000000, 1.000000000000000000, 0.000000000000000000 ) ) ;
#1774 = CIRCLE ( 'NONE', #7270, 1.499999999999999556 ) ;
#1775 = VERTEX_POINT ( 'NONE', #682 ) ;
#1776 = DIRECTION ( 'NONE',  ( 0.000000000000000000, 0.000000000000000000, 1.000000000000000000 ) ) ;
#1777 = CIRCLE ( 'NONE', #4837, 1.500000000000000000 ) ;
#1778 = DIRECTION ( 'NONE',  ( -1.826024711554533913E-16, 0.000000000000000000, -1.000000000000000000 ) ) ;
#1779 = ORIENTED_EDGE ( 'NONE', *, *, #477, .F. ) ;
#1780 = VECTOR ( 'NONE', #3651, 1000.000000000000000 ) ;
#1781 = ORIENTED_EDGE ( 'NONE', *, *, #7164, .F. ) ;
#1782 = DIRECTION ( 'NONE',  ( 0.000000000000000000, 1.000000000000000000, 0.000000000000000000 ) ) ;
#1783 = EDGE_CURVE ( 'NONE', #1926, #262, #1198, .T. ) ;
#1784 = AXIS2_PLACEMENT_3D ( 'NONE', #6691, #6653, #4874 ) ;
#1785 = EDGE_CURVE ( 'NONE', #7297, #5480, #2951, .T. ) ;
#1786 = CARTESIAN_POINT ( 'NONE',  ( 16.75000000000000000, 7.500000000000000000, 6.100000000000000533 ) ) ;
#1787 = CARTESIAN_POINT ( 'NONE',  ( 9.000000000000000000, 2.999999999999999556, 0.000000000000000000 ) ) ;
#1788 = VECTOR ( 'NONE', #5195, 1000.000000000000000 ) ;
#1789 = PLANE ( 'NONE',  #7904 ) ;
#1790 = EDGE_CURVE ( 'NONE', #7175, #1477, #7842, .T. ) ;
#1791 = VECTOR ( 'NONE', #2938, 1000.000000000000000 ) ;
#1792 = AXIS2_PLACEMENT_3D ( 'NONE', #6474, #3920, #3479 ) ;
#1793 = ORIENTED_EDGE ( 'NONE', *, *, #6840, .F. ) ;
#1794 = EDGE_CURVE ( 'NONE', #1089, #6994, #3798, .T. ) ;
#1795 = EDGE_LOOP ( 'NONE', ( #6305, #798, #1067, #4450 ) ) ;
#1796 = DIRECTION ( 'NONE',  ( -0.000000000000000000, -0.000000000000000000, 1.000000000000000000 ) ) ;
#1797 = PLANE ( 'NONE',  #2527 ) ;
#1798 = APPLICATION_CONTEXT ( 'automotive_design' ) ;
#1799 = FACE_OUTER_BOUND ( 'NONE', #2684, .T. ) ;
#1800 = DIRECTION ( 'NONE',  ( -0.000000000000000000, -0.000000000000000000, -1.000000000000000000 ) ) ;
#1801 = CYLINDRICAL_SURFACE ( 'NONE', #7062, 0.5500000000000010436 ) ;
#1802 = ORIENTED_EDGE ( 'NONE', *, *, #6080, .T. ) ;
#1803 = EDGE_CURVE ( 'NONE', #7864, #3709, #6067, .T. ) ;
#1804 = CARTESIAN_POINT ( 'NONE',  ( -4.299999999999999822, 2.799999999999998490, 0.1000000000000000056 ) ) ;
#1805 = ORIENTED_EDGE ( 'NONE', *, *, #1079, .F. ) ;
#1806 = LINE ( 'NONE', #3683, #4350 ) ;
#1807 = DIRECTION ( 'NONE',  ( -0.000000000000000000, -1.000000000000000000, -0.000000000000000000 ) ) ;
#1808 = DIRECTION ( 'NONE',  ( -0.000000000000000000, -0.000000000000000000, -1.000000000000000000 ) ) ;
#1809 = DIRECTION ( 'NONE',  ( -0.000000000000000000, -1.000000000000000000, -0.000000000000000000 ) ) ;
#1810 = EDGE_LOOP ( 'NONE', ( #482, #7568, #1695, #3244 ) ) ;
#1811 = ORIENTED_EDGE ( 'NONE', *, *, #7649, .F. ) ;
#1812 = VERTEX_POINT ( 'NONE', #6031 ) ;
#1813 = FACE_OUTER_BOUND ( 'NONE', #1849, .T. ) ;
#1814 = DIRECTION ( 'NONE',  ( -0.000000000000000000, -0.000000000000000000, -1.000000000000000000 ) ) ;
#1815 = ADVANCED_FACE ( 'NONE', ( #2434 ), #559, .T. ) ;
#1816 = AXIS2_PLACEMENT_3D ( 'NONE', #3744, #6176, #5646 ) ;
#1817 = ORIENTED_EDGE ( 'NONE', *, *, #1835, .F. ) ;
#1818 = CARTESIAN_POINT ( 'NONE',  ( -1.849999999999999645, 2.000000000000000000, 0.000000000000000000 ) ) ;
#1819 = CARTESIAN_POINT ( 'NONE',  ( -9.000000000000007105, 7.500000000000000000, -10.50000000000000000 ) ) ;
#1820 = ORIENTED_EDGE ( 'NONE', *, *, #2633, .F. ) ;
#1821 = AXIS2_PLACEMENT_3D ( 'NONE', #296, #6865, #6828 ) ;
#1822 = VERTEX_POINT ( 'NONE', #1236 ) ;
#1823 = LINE ( 'NONE', #7913, #7056 ) ;
#1824 = CARTESIAN_POINT ( 'NONE',  ( 0.000000000000000000, 0.000000000000000000, 0.1000000000000000056 ) ) ;
#1825 = SURFACE_STYLE_USAGE ( .BOTH. , #3712 ) ;
#1826 = FACE_OUTER_BOUND ( 'NONE', #7588, .T. ) ;
#1827 = AXIS2_PLACEMENT_3D ( 'NONE', #6426, #7141, #6391 ) ;
#1828 = PRODUCT ( 'SiPM 2x1', 'SiPM 2x1', '', ( #5386 ) ) ;
#1829 = DIRECTION ( 'NONE',  ( 0.000000000000000000, 0.000000000000000000, -1.000000000000000000 ) ) ;
#1830 = EDGE_CURVE ( 'NONE', #1735, #7427, #1619, .T. ) ;
#1831 = ORIENTED_EDGE ( 'NONE', *, *, #4529, .F. ) ;
#1832 = VERTEX_POINT ( 'NONE', #4237 ) ;
#1833 = CARTESIAN_POINT ( 'NONE',  ( -9.250000000000001776, 3.249999999999999556, 0.2500000000000000000 ) ) ;
#1834 = CARTESIAN_POINT ( 'NONE',  ( 6.799999999999998046, 3.299999999999999822, -1.399999999999999911 ) ) ;
#1835 = EDGE_CURVE ( 'NONE', #2553, #6496, #5950, .T. ) ;
#1836 = CARTESIAN_POINT ( 'NONE',  ( 1.850000000000000311, 2.000000000000000000, 0.1000000000000000056 ) ) ;
#1837 = CARTESIAN_POINT ( 'NONE',  ( -5.549999999999999822, -2.000000000000000000, 0.000000000000000000 ) ) ;
#1838 = ADVANCED_FACE ( 'NONE', ( #4870 ), #4275, .F. ) ;
#1839 = DIRECTION ( 'NONE',  ( 1.000000000000000000, 0.000000000000000000, 0.000000000000000000 ) ) ;
#1840 = ORIENTED_EDGE ( 'NONE', *, *, #7679, .F. ) ;
#1841 = DIRECTION ( 'NONE',  ( 1.000000000000000000, 0.000000000000000000, -0.000000000000000000 ) ) ;
#1842 = EDGE_LOOP ( 'NONE', ( #1616, #1547, #7431, #4431 ) ) ;
#1843 = CARTESIAN_POINT ( 'NONE',  ( 17.50000000000000355, 7.500000000000000000, -3.249999999999997780 ) ) ;
#1844 = CARTESIAN_POINT ( 'NONE',  ( -8.604945506379110043, 0.4999999999999995559, 9.695652173913043015 ) ) ;
#1845 = DIRECTION ( 'NONE',  ( 1.000000000000000000, 0.000000000000000000, 0.000000000000000000 ) ) ;
#1846 = DIRECTION ( 'NONE',  ( -0.000000000000000000, -0.000000000000000000, -1.000000000000000000 ) ) ;
#1847 = ORIENTED_EDGE ( 'NONE', *, *, #2221, .F. ) ;
#1848 = ORIENTED_EDGE ( 'NONE', *, *, #7030, .T. ) ;
#1849 = EDGE_LOOP ( 'NONE', ( #7561, #3775 ) ) ;
#1850 = CARTESIAN_POINT ( 'NONE',  ( 9.499999999999998224, 0.4999999999999995559, 7.864218330839939597 ) ) ;
#1851 = PLANE ( 'NONE',  #2279 ) ;
#1852 = VERTEX_POINT ( 'NONE', #4905 ) ;
#1853 = CARTESIAN_POINT ( 'NONE',  ( 16.00000000000000000, 0.000000000000000000, 10.04999999999999893 ) ) ;
#1854 = UNCERTAINTY_MEASURE_WITH_UNIT (LENGTH_MEASURE( 1.000000000000000082E-05 ), #5033, 'distance_accuracy_value', 'NONE');
#1855 = DIRECTION ( 'NONE',  ( 1.000000000000000000, 0.000000000000000000, 0.000000000000000000 ) ) ;
#1856 = ORIENTED_EDGE ( 'NONE', *, *, #1446, .T. ) ;
#1857 = ORIENTED_EDGE ( 'NONE', *, *, #5431, .T. ) ;
#1858 = CARTESIAN_POINT ( 'NONE',  ( 13.99999999999999822, 0.4999999999999995559, -1.749999999999998890 ) ) ;
#1859 = CARTESIAN_POINT ( 'NONE',  ( 16.00000000000000000, 7.500000000000000000, 8.999999999999998224 ) ) ;
#1860 = CIRCLE ( 'NONE', #5938, 0.5000000000000000000 ) ;
#1861 = DIRECTION ( 'NONE',  ( -0.000000000000000000, -0.000000000000000000, 1.000000000000000000 ) ) ;
#1862 = DIRECTION ( 'NONE',  ( -0.000000000000000000, -0.000000000000000000, -1.000000000000000000 ) ) ;
#1863 = CARTESIAN_POINT ( 'NONE',  ( -17.50000000000000000, 7.500000000000000000, -10.50000000000000000 ) ) ;
#1864 = EDGE_CURVE ( 'NONE', #1990, #2930, #3284, .T. ) ;
#1865 = VECTOR ( 'NONE', #6199, 1000.000000000000000 ) ;
#1866 = VERTEX_POINT ( 'NONE', #1354 ) ;
#1867 = ORIENTED_EDGE ( 'NONE', *, *, #2438, .T. ) ;
#1868 = DIRECTION ( 'NONE',  ( 0.000000000000000000, 0.000000000000000000, 1.000000000000000000 ) ) ;
#1869 = CARTESIAN_POINT ( 'NONE',  ( -12.00000000000000533, 7.500000000000000000, 1.500000000000004219 ) ) ;
#1870 = DIRECTION ( 'NONE',  ( -0.000000000000000000, -0.000000000000000000, -1.000000000000000000 ) ) ;
#1871 = EDGE_CURVE ( 'NONE', #3718, #4260, #3921, .T. ) ;
#1872 = DIRECTION ( 'NONE',  ( 0.000000000000000000, -1.000000000000000000, 0.000000000000000000 ) ) ;
#1873 = VECTOR ( 'NONE', #3075, 1000.000000000000000 ) ;
#1874 = DIRECTION ( 'NONE',  ( 1.000000000000000000, 0.000000000000000000, 0.000000000000000000 ) ) ;
#1875 = CARTESIAN_POINT ( 'NONE',  ( -3.299999999999999822, 2.799999999999998490, 0.000000000000000000 ) ) ;
#1876 = EDGE_CURVE ( 'NONE', #3097, #6508, #4038, .T. ) ;
#1877 = EDGE_LOOP ( 'NONE', ( #3943, #3391, #2485, #677 ) ) ;
#1878 = DIRECTION ( 'NONE',  ( -0.000000000000000000, -1.000000000000000000, -0.000000000000000000 ) ) ;
#1879 = ORIENTED_EDGE ( 'NONE', *, *, #483, .T. ) ;
#1880 = LINE ( 'NONE', #4911, #6395 ) ;
#1881 = ADVANCED_FACE ( 'NONE', ( #5024 ), #6882, .T. ) ;
#1882 = CARTESIAN_POINT ( 'NONE',  ( 9.249999999999998224, -3.249999999999999556, -18.25000000000000000 ) ) ;
#1883 = CARTESIAN_POINT ( 'NONE',  ( 9.695652173913041239, 0.4999999999999995559, -8.604945506379106490 ) ) ;
#1884 = CYLINDRICAL_SURFACE ( 'NONE', #3916, 0.5000000000000004441 ) ;
#1885 = CIRCLE ( 'NONE', #6100, 0.2500000000000000000 ) ;
#1886 = AXIS2_PLACEMENT_3D ( 'NONE', #5005, #3221, #6856 ) ;
#1887 = EDGE_CURVE ( 'NONE', #2382, #2809, #2669, .T. ) ;
#1888 = DIRECTION ( 'NONE',  ( 1.000000000000000000, 0.000000000000000000, 0.000000000000000000 ) ) ;
#1889 = ORIENTED_EDGE ( 'NONE', *, *, #1628, .F. ) ;
#1890 = CIRCLE ( 'NONE', #6230, 1.049999999999998934 ) ;
#1891 = ORIENTED_EDGE ( 'NONE', *, *, #7571, .T. ) ;
#1892 = CARTESIAN_POINT ( 'NONE',  ( -6.770000000000003126, 3.500000000000000888, 0.000000000000000000 ) ) ;
#1893 = ORIENTED_EDGE ( 'NONE', *, *, #7649, .T. ) ;
#1894 = DIRECTION ( 'NONE',  ( 1.000000000000000000, 2.168404344971007882E-16, -0.000000000000000000 ) ) ;
#1895 = AXIS2_PLACEMENT_3D ( 'NONE', #2272, #3998, #5300 ) ;
#1896 = CARTESIAN_POINT ( 'NONE',  ( 9.499999999999998224, 3.499999999999999556, -18.25000000000000000 ) ) ;
#1897 = VECTOR ( 'NONE', #488, 1000.000000000000000 ) ;
#1898 = ORIENTED_EDGE ( 'NONE', *, *, #3022, .T. ) ;
#1899 = VECTOR ( 'NONE', #6028, 1000.000000000000000 ) ;
#1900 = DIRECTION ( 'NONE',  ( 0.000000000000000000, 0.000000000000000000, 1.000000000000000000 ) ) ;
#1901 = AXIS2_PLACEMENT_3D ( 'NONE', #6622, #5321, #4134 ) ;
#1902 = CARTESIAN_POINT ( 'NONE',  ( -10.50000000000000533, 0.000000000000000000, -10.49999999999999645 ) ) ;
#1903 = VERTEX_POINT ( 'NONE', #189 ) ;
#1904 = VECTOR ( 'NONE', #1919, 1000.000000000000000 ) ;
#1905 = VERTEX_POINT ( 'NONE', #6351 ) ;
#1906 = AXIS2_PLACEMENT_3D ( 'NONE', #4234, #1195, #2866 ) ;
#1907 = CARTESIAN_POINT ( 'NONE',  ( 0.000000000000000000, 3.249999999999999556, 0.5000000000000000000 ) ) ;
#1908 = EDGE_CURVE ( 'NONE', #3447, #4040, #862, .T. ) ;
#1909 = PLANE ( 'NONE',  #3194 ) ;
#1910 = CARTESIAN_POINT ( 'NONE',  ( 17.50000000000000355, 7.500000000000000000, -9.000000000000007105 ) ) ;
#1911 = DIRECTION ( 'NONE',  ( -0.000000000000000000, -0.000000000000000000, -1.000000000000000000 ) ) ;
#1912 =( GEOMETRIC_REPRESENTATION_CONTEXT ( 3 ) GLOBAL_UNCERTAINTY_ASSIGNED_CONTEXT ( ( #5292 ) ) GLOBAL_UNIT_ASSIGNED_CONTEXT ( ( #7071, #6466, #7682 ) ) REPRESENTATION_CONTEXT ( 'NONE', 'WORKASPACE' ) );
#1913 = CARTESIAN_POINT ( 'NONE',  ( -17.50000000000000000, 7.500000000000000000, 10.50000000000000000 ) ) ;
#1914 = ORIENTED_EDGE ( 'NONE', *, *, #6103, .F. ) ;
#1915 = AXIS2_PLACEMENT_3D ( 'NONE', #7251, #2367, #6047 ) ;
#1916 = DIRECTION ( 'NONE',  ( -0.000000000000000000, 1.000000000000000000, -0.000000000000000000 ) ) ;
#1917 = CYLINDRICAL_SURFACE ( 'NONE', #7400, 0.2500000000000000000 ) ;
#1918 = ADVANCED_FACE ( 'NONE', ( #881 ), #153, .T. ) ;
#1919 = DIRECTION ( 'NONE',  ( -0.000000000000000000, -0.000000000000000000, -1.000000000000000000 ) ) ;
#1920 = CARTESIAN_POINT ( 'NONE',  ( 9.000000000000000000, 2.999999999999999556, -18.00000000000000000 ) ) ;
#1921 = VECTOR ( 'NONE', #5190, 1000.000000000000000 ) ;
#1922 = FACE_OUTER_BOUND ( 'NONE', #3053, .T. ) ;
#1923 = PRODUCT_DEFINITION_SHAPE ( 'NONE', 'NONE',  #7922 ) ;
#1924 = ORIENTED_EDGE ( 'NONE', *, *, #3563, .T. ) ;
#1925 = CARTESIAN_POINT ( 'NONE',  ( 15.49999999999999822, 0.000000000000000000, -1.749999999999999112 ) ) ;
#1926 = VERTEX_POINT ( 'NONE', #3322 ) ;
#1927 = DIRECTION ( 'NONE',  ( -0.000000000000000000, -0.000000000000000000, 1.000000000000000000 ) ) ;
#1928 = LINE ( 'NONE', #7533, #619 ) ;
#1929 = FACE_OUTER_BOUND ( 'NONE', #1539, .T. ) ;
#1930 = CARTESIAN_POINT ( 'NONE',  ( 14.74999999999999822, 7.500000000000000000, 1.000000000000001110 ) ) ;
#1931 = PRODUCT_DEFINITION_CONTEXT ( 'detailed design', #6596, 'design' ) ;
#1932 = ORIENTED_EDGE ( 'NONE', *, *, #7066, .F. ) ;
#1933 = EDGE_CURVE ( 'NONE', #1073, #4692, #3151, .T. ) ;
#1934 = ORIENTED_EDGE ( 'NONE', *, *, #6716, .F. ) ;
#1935 = CARTESIAN_POINT ( 'NONE',  ( -5.049999999999999822, -2.000000000000000000, 0.1000000000000000056 ) ) ;
#1936 = ORIENTED_EDGE ( 'NONE', *, *, #1767, .T. ) ;
#1937 = DIRECTION ( 'NONE',  ( -0.000000000000000000, 1.000000000000000000, -0.000000000000000000 ) ) ;
#1938 = CARTESIAN_POINT ( 'NONE',  ( 16.00000000000000000, 7.500000000000000000, -9.000000000000005329 ) ) ;
#1939 = ORIENTED_EDGE ( 'NONE', *, *, #611, .F. ) ;
#1940 = ADVANCED_FACE ( 'NONE', ( #5110 ), #2550, .F. ) ;
#1941 = CARTESIAN_POINT ( 'NONE',  ( -8.604945506379110043, 0.4999999999999995559, -9.695652173913043015 ) ) ;
#1942 = CARTESIAN_POINT ( 'NONE',  ( -9.000000000000007105, 0.000000000000000000, -9.000000000000001776 ) ) ;
#1943 = ORIENTED_EDGE ( 'NONE', *, *, #305, .F. ) ;
#1944 = EDGE_CURVE ( 'NONE', #4759, #6988, #2626, .T. ) ;
#1945 = VERTEX_POINT ( 'NONE', #7442 ) ;
#1946 = CIRCLE ( 'NONE', #6023, 0.8000000000000020428 ) ;
#1947 = CARTESIAN_POINT ( 'NONE',  ( 15.25000000000000178, 7.500000000000000000, -4.000000000000000000 ) ) ;
#1948 = CARTESIAN_POINT ( 'NONE',  ( 13.99999999999999822, 0.000000000000000000, -0.2499999999999997780 ) ) ;
#1949 = FACE_OUTER_BOUND ( 'NONE', #2206, .T. ) ;
#1950 = PLANE ( 'NONE',  #4948 ) ;
#1951 = LINE ( 'NONE', #710, #2145 ) ;
#1952 = VECTOR ( 'NONE', #5914, 1000.000000000000000 ) ;
#1953 =( REPRESENTATION_RELATIONSHIP ('NONE','NONE', #5709, #2760 ) REPRESENTATION_RELATIONSHIP_WITH_TRANSFORMATION ( #5948 )SHAPE_REPRESENTATION_RELATIONSHIP( ) );
#1954 = EDGE_LOOP ( 'NONE', ( #7067, #2975, #4084, #2338 ) ) ;
#1955 = AXIS2_PLACEMENT_3D ( 'NONE', #5100, #7283, #71 ) ;
#1956 = CARTESIAN_POINT ( 'NONE',  ( 15.50000000000000178, 0.4999999999999995559, -5.500000000000000000 ) ) ;
#1957 = CARTESIAN_POINT ( 'NONE',  ( 15.50000000000000178, 0.4999999999999995559, 4.350000000000001421 ) ) ;
#1958 = SURFACE_STYLE_USAGE ( .BOTH. , #7441 ) ;
#1959 = EDGE_CURVE ( 'NONE', #6120, #1964, #3760, .T. ) ;
#1960 = DIRECTION ( 'NONE',  ( 0.000000000000000000, 0.000000000000000000, 1.000000000000000000 ) ) ;
#1961 = PRODUCT_DEFINITION ( 'UNKNOWN', '', #7622, #5839 ) ;
#1962 = ORIENTED_EDGE ( 'NONE', *, *, #947, .F. ) ;
#1963 = DIRECTION ( 'NONE',  ( 0.000000000000000000, -1.000000000000000000, 0.000000000000000000 ) ) ;
#1964 = VERTEX_POINT ( 'NONE', #5622 ) ;
#1965 = CARTESIAN_POINT ( 'NONE',  ( -9.500000000000001776, 0.4999999999999995559, 7.864218330839946702 ) ) ;
#1966 = CARTESIAN_POINT ( 'NONE',  ( -6.769999999999998685, 0.000000000000000000, -3.270000000000000018 ) ) ;
#1967 = PLANE ( 'NONE',  #95 ) ;
#1968 = FACE_BOUND ( 'NONE', #2242, .T. ) ;
#1969 = SHAPE_REPRESENTATION_RELATIONSHIP ( 'NONE' , 'NONE' ,  #6286, #845 ) ;
#1970 = ORIENTED_EDGE ( 'NONE', *, *, #7332, .T. ) ;
#1971 = VERTEX_POINT ( 'NONE', #764 ) ;
#1972 = LINE ( 'NONE', #4372, #1142 ) ;
#1973 = ORIENTED_EDGE ( 'NONE', *, *, #5677, .F. ) ;
#1974 = CARTESIAN_POINT ( 'NONE',  ( -16.00000000000000000, 0.000000000000000000, 1.500000000000001998 ) ) ;
#1975 = CARTESIAN_POINT ( 'NONE',  ( -9.250000000000001776, -3.249999999999999556, -18.25000000000000000 ) ) ;
#1976 = DIRECTION ( 'NONE',  ( 0.000000000000000000, 0.000000000000000000, 1.000000000000000000 ) ) ;
#1977 = EDGE_LOOP ( 'NONE', ( #1654, #7074 ) ) ;
#1978 = ADVANCED_FACE ( 'NONE', ( #3201 ), #7522, .T. ) ;
#1979 = CARTESIAN_POINT ( 'NONE',  ( 9.499999999999998224, -3.249999999999999556, -18.50000000000000000 ) ) ;
#1980 = DIRECTION ( 'NONE',  ( -1.927470528863119049E-16, -0.000000000000000000, -1.000000000000000000 ) ) ;
#1981 = ORIENTED_EDGE ( 'NONE', *, *, #7089, .F. ) ;
#1982 = EDGE_LOOP ( 'NONE', ( #15, #6149, #4586, #4278 ) ) ;
#1983 = EDGE_CURVE ( 'NONE', #6583, #3110, #2132, .T. ) ;
#1984 = CARTESIAN_POINT ( 'NONE',  ( -4.299999999999999822, 2.799999999999998490, 0.1000000000000000056 ) ) ;
#1985 = ORIENTED_EDGE ( 'NONE', *, *, #1908, .F. ) ;
#1986 = EDGE_CURVE ( 'NONE', #3637, #489, #4436, .T. ) ;
#1987 = LINE ( 'NONE', #7509, #6898 ) ;
#1988 = DIRECTION ( 'NONE',  ( 0.000000000000000000, 1.000000000000000000, 0.000000000000000000 ) ) ;
#1989 = FACE_OUTER_BOUND ( 'NONE', #7125, .T. ) ;
#1990 = VERTEX_POINT ( 'NONE', #3275 ) ;
#1991 = VECTOR ( 'NONE', #6137, 1000.000000000000000 ) ;
#1992 = DIRECTION ( 'NONE',  ( 0.000000000000000000, 0.000000000000000000, -1.000000000000000000 ) ) ;
#1993 = CARTESIAN_POINT ( 'NONE',  ( 4.299999999999999822, -1.199999999999998623, 0.1000000000000000056 ) ) ;
#1994 = DIRECTION ( 'NONE',  ( 1.000000000000000000, 0.000000000000000000, 0.000000000000000000 ) ) ;
#1995 = VECTOR ( 'NONE', #3781, 1000.000000000000000 ) ;
#1996 = ADVANCED_FACE ( 'NONE', ( #719 ), #3846, .F. ) ;
#1997 = ORIENTED_EDGE ( 'NONE', *, *, #1301, .F. ) ;
#1998 = CARTESIAN_POINT ( 'NONE',  ( -6.570000000000002061, 3.070000000000000284, -1.074999999999999956 ) ) ;
#1999 = PRODUCT_DEFINITION_FORMATION_WITH_SPECIFIED_SOURCE ( 'ANY', '', #168, .NOT_KNOWN. ) ;
#2000 = ORIENTED_EDGE ( 'NONE', *, *, #531, .T. ) ;
#2001 = DIRECTION ( 'NONE',  ( 0.000000000000000000, -1.000000000000000000, 0.000000000000000000 ) ) ;
#2002 = CIRCLE ( 'NONE', #4793, 0.2500000000000002220 ) ;
#2003 = DIRECTION ( 'NONE',  ( 1.000000000000000000, 0.000000000000000000, -0.000000000000000000 ) ) ;
#2004 = CARTESIAN_POINT ( 'NONE',  ( -4.299999999999999822, -1.199999999999999734, 0.1000000000000000056 ) ) ;
#2005 = LINE ( 'NONE', #6848, #6075 ) ;
#2006 = ORIENTED_EDGE ( 'NONE', *, *, #1876, .F. ) ;
#2007 = ORIENTED_EDGE ( 'NONE', *, *, #3171, .F. ) ;
#2008 = DIRECTION ( 'NONE',  ( 1.000000000000000000, 0.000000000000000000, -0.000000000000000000 ) ) ;
#2009 = EDGE_LOOP ( 'NONE', ( #7406, #857, #5225, #2878 ) ) ;
#2010 = DIRECTION ( 'NONE',  ( -0.000000000000000000, -0.000000000000000000, -1.000000000000000000 ) ) ;
#2011 = DIRECTION ( 'NONE',  ( 1.000000000000000000, 0.000000000000000000, -1.236061108696829207E-16 ) ) ;
#2012 = VERTEX_POINT ( 'NONE', #1475 ) ;
#2013 = EDGE_CURVE ( 'NONE', #7409, #374, #2710, .T. ) ;
#2014 = CARTESIAN_POINT ( 'NONE',  ( -3.700000000000000178, 0.000000000000000000, 0.000000000000000000 ) ) ;
#2015 = CIRCLE ( 'NONE', #1886, 1.500000000000000000 ) ;
#2016 = AXIS2_PLACEMENT_3D ( 'NONE', #3237, #6224, #5498 ) ;
#2017 = LINE ( 'NONE', #3782, #7052 ) ;
#2018 = VERTEX_POINT ( 'NONE', #2861 ) ;
#2019 = VERTEX_POINT ( 'NONE', #3473 ) ;
#2020 = CARTESIAN_POINT ( 'NONE',  ( 16.00000000000000000, 0.4999999999999995559, 1.750000000000001110 ) ) ;
#2021 = CIRCLE ( 'NONE', #7521, 0.5500000000000010436 ) ;
#2022 = ORIENTED_EDGE ( 'NONE', *, *, #7267, .F. ) ;
#2023 = FACE_OUTER_BOUND ( 'NONE', #4070, .T. ) ;
#2024 = DIRECTION ( 'NONE',  ( -0.000000000000000000, 1.000000000000000000, -0.000000000000000000 ) ) ;
#2025 = VECTOR ( 'NONE', #2635, 1000.000000000000000 ) ;
#2026 = DIRECTION ( 'NONE',  ( -1.000000000000000000, 0.000000000000000000, 0.000000000000000000 ) ) ;
#2027 = CIRCLE ( 'NONE', #5333, 1.499999999999999556 ) ;
#2028 = ADVANCED_FACE ( 'NONE', ( #2153 ), #3390, .T. ) ;
#2029 = CIRCLE ( 'NONE', #3942, 1.499999999999999556 ) ;
#2030 = ADVANCED_FACE ( 'NONE', ( #5293 ), #4105, .F. ) ;
#2031 = EDGE_CURVE ( 'NONE', #1822, #2382, #2225, .T. ) ;
#2032 = ORIENTED_EDGE ( 'NONE', *, *, #4035, .T. ) ;
#2033 = CARTESIAN_POINT ( 'NONE',  ( 16.00000000000000000, 0.4999999999999995559, 8.199999999999997513 ) ) ;
#2034 = CYLINDRICAL_SURFACE ( 'NONE', #4339, 0.2500000000000002220 ) ;
#2035 = FACE_OUTER_BOUND ( 'NONE', #790, .T. ) ;
#2036 = EDGE_CURVE ( 'NONE', #184, #4269, #4931, .T. ) ;
#2037 = CARTESIAN_POINT ( 'NONE',  ( 0.000000000000000000, 0.000000000000000000, 0.000000000000000000 ) ) ;
#2038 = CIRCLE ( 'NONE', #1401, 1.500000000000000444 ) ;
#2039 = ADVANCED_FACE ( 'NONE', ( #4023 ), #6992, .T. ) ;
#2040 = ORIENTED_EDGE ( 'NONE', *, *, #7571, .F. ) ;
#2041 = DIRECTION ( 'NONE',  ( -1.000000000000000000, -0.000000000000000000, -0.000000000000000000 ) ) ;
#2042 = EDGE_LOOP ( 'NONE', ( #3603, #4822, #5671, #4580 ) ) ;
#2043 = DIRECTION ( 'NONE',  ( -1.326241189584715037E-16, 0.000000000000000000, -1.000000000000000000 ) ) ;
#2044 = DIRECTION ( 'NONE',  ( 0.000000000000000000, -0.000000000000000000, 1.000000000000000000 ) ) ;
#2045 = AXIS2_PLACEMENT_3D ( 'NONE', #4481, #3764, #3118 ) ;
#2046 = LINE ( 'NONE', #850, #4687 ) ;
#2047 = EDGE_CURVE ( 'NONE', #89, #2769, #2742, .T. ) ;
#2048 = VECTOR ( 'NONE', #6488, 1000.000000000000000 ) ;
#2049 = CYLINDRICAL_SURFACE ( 'NONE', #5428, 0.2500000000000002220 ) ;
#2050 = ORIENTED_EDGE ( 'NONE', *, *, #5981, .F. ) ;
#2051 = AXIS2_PLACEMENT_3D ( 'NONE', #5857, #3536, #6462 ) ;
#2052 = VERTEX_POINT ( 'NONE', #3431 ) ;
#2053 = CYLINDRICAL_SURFACE ( 'NONE', #3330, 0.5500000000000010436 ) ;
#2054 = VERTEX_POINT ( 'NONE', #6554 ) ;
#2055 = CARTESIAN_POINT ( 'NONE',  ( 16.00000000000000000, 0.4999999999999995559, -9.000000000000000000 ) ) ;
#2056 = FACE_OUTER_BOUND ( 'NONE', #3402, .T. ) ;
#2057 = CARTESIAN_POINT ( 'NONE',  ( -11.00000000000000178, 0.4999999999999995559, 7.864218330839946702 ) ) ;
#2058 = CARTESIAN_POINT ( 'NONE',  ( -5.549999999999999822, -2.000000000000000000, 0.1000000000000000056 ) ) ;
#2059 = ORIENTED_EDGE ( 'NONE', *, *, #5790, .T. ) ;
#2060 = ORIENTED_EDGE ( 'NONE', *, *, #1154, .T. ) ;
#2061 = ADVANCED_FACE ( 'NONE', ( #6515 ), #7037, .F. ) ;
#2062 = CARTESIAN_POINT ( 'NONE',  ( 6.769999999999996909, 3.249999999999999556, 0.2500000000000000000 ) ) ;
#2063 = ORIENTED_EDGE ( 'NONE', *, *, #763, .F. ) ;
#2064 = CARTESIAN_POINT ( 'NONE',  ( 6.570000000000002061, 0.7500000000000000000, 3.070000000000000284 ) ) ;
#2065 = CARTESIAN_POINT ( 'NONE',  ( -8.604945506379110043, 0.4999999999999995559, -9.695652173913043015 ) ) ;
#2066 = FACE_OUTER_BOUND ( 'NONE', #7438, .T. ) ;
#2067 =( GEOMETRIC_REPRESENTATION_CONTEXT ( 3 ) GLOBAL_UNCERTAINTY_ASSIGNED_CONTEXT ( ( #326 ) ) GLOBAL_UNIT_ASSIGNED_CONTEXT ( ( #536, #608, #1211 ) ) REPRESENTATION_CONTEXT ( 'NONE', 'WORKASPACE' ) );
#2068 = ORIENTED_EDGE ( 'NONE', *, *, #6631, .F. ) ;
#2069 = CARTESIAN_POINT ( 'NONE',  ( -9.250000000000001776, 3.499999999999999556, -18.50000000000000000 ) ) ;
#2070 = FACE_OUTER_BOUND ( 'NONE', #3386, .T. ) ;
#2071 = CARTESIAN_POINT ( 'NONE',  ( 16.00000000000000000, 7.500000000000000000, 8.199999999999997513 ) ) ;
#2072 = AXIS2_PLACEMENT_3D ( 'NONE', #6263, #1465, #6981 ) ;
#2073 = ADVANCED_FACE ( 'NONE', ( #1518 ), #1035, .T. ) ;
#2074 = CARTESIAN_POINT ( 'NONE',  ( -16.00000000000000000, 0.4999999999999995559, 0.000000000000000000 ) ) ;
#2075 = ORIENTED_EDGE ( 'NONE', *, *, #273, .T. ) ;
#2076 = EDGE_CURVE ( 'NONE', #6924, #651, #3509, .T. ) ;
#2077 = FACE_BOUND ( 'NONE', #1499, .T. ) ;
#2078 = VERTEX_POINT ( 'NONE', #3956 ) ;
#2079 = DIRECTION ( 'NONE',  ( 0.000000000000000000, 0.000000000000000000, 1.000000000000000000 ) ) ;
#2080 = FACE_OUTER_BOUND ( 'NONE', #4808, .T. ) ;
#2081 = CARTESIAN_POINT ( 'NONE',  ( 16.00000000000000000, 0.4999999999999995559, 10.49999999999999645 ) ) ;
#2082 = EDGE_CURVE ( 'NONE', #6842, #778, #6492, .T. ) ;
#2083 = DIRECTION ( 'NONE',  ( 0.000000000000000000, -0.000000000000000000, 1.000000000000000000 ) ) ;
#2084 = VECTOR ( 'NONE', #5969, 1000.000000000000000 ) ;
#2085 =( NAMED_UNIT ( * ) PLANE_ANGLE_UNIT ( ) SI_UNIT ( $, .RADIAN. ) );
#2086 = EDGE_LOOP ( 'NONE', ( #7732, #4437, #3206, #722 ) ) ;
#2087 = VERTEX_POINT ( 'NONE', #5815 ) ;
#2088 = CARTESIAN_POINT ( 'NONE',  ( 6.769999999999998685, -3.270000000000000462, -0.5000000000000000000 ) ) ;
#2089 = ORIENTED_EDGE ( 'NONE', *, *, #6313, .T. ) ;
#2090 = DIRECTION ( 'NONE',  ( 1.000000000000000000, 2.168404344971008868E-16, -0.000000000000000000 ) ) ;
#2091 = CYLINDRICAL_SURFACE ( 'NONE', #6483, 1.499999999999999556 ) ;
#2092 = VERTEX_POINT ( 'NONE', #343 ) ;
#2093 = DIRECTION ( 'NONE',  ( 0.000000000000000000, 0.000000000000000000, 1.000000000000000000 ) ) ;
#2094 = ADVANCED_FACE ( 'NONE', ( #4704 ), #2785, .T. ) ;
#2095 = DIRECTION ( 'NONE',  ( -1.000000000000000000, -0.000000000000000000, 1.858632295689434870E-16 ) ) ;
#2096 = ORIENTED_EDGE ( 'NONE', *, *, #6666, .T. ) ;
#2097 = EDGE_CURVE ( 'NONE', #5515, #854, #5320, .T. ) ;
#2098 = ORIENTED_EDGE ( 'NONE', *, *, #580, .T. ) ;
#2099 = DIRECTION ( 'NONE',  ( 0.000000000000000000, 1.000000000000000000, 0.000000000000000000 ) ) ;
#2100 = ORIENTED_EDGE ( 'NONE', *, *, #566, .T. ) ;
#2101 = CARTESIAN_POINT ( 'NONE',  ( -9.000000000000000000, 7.500000000000000000, 9.000000000000000000 ) ) ;
#2102 = CARTESIAN_POINT ( 'NONE',  ( -6.569999999999999396, 0.7500000000000000000, -3.069999999999999396 ) ) ;
#2103 = CARTESIAN_POINT ( 'NONE',  ( -10.50000000000000533, 0.000000000000000000, 3.000000000000004441 ) ) ;
#2104 = ORIENTED_EDGE ( 'NONE', *, *, #3476, .F. ) ;
#2105 = ADVANCED_FACE ( 'NONE', ( #5783 ), #7683, .T. ) ;
#2106 = DIRECTION ( 'NONE',  ( -1.000000000000000000, 0.000000000000000000, 0.000000000000000000 ) ) ;
#2107 = PLANE ( 'NONE',  #2534 ) ;
#2108 = SURFACE_SIDE_STYLE ('',( #4591 ) ) ;
#2109 = CARTESIAN_POINT ( 'NONE',  ( -17.50000000000000000, 0.000000000000000000, -1.500000000000001332 ) ) ;
#2110 = EDGE_CURVE ( 'NONE', #2590, #2730, #1594, .T. ) ;
#2111 = EDGE_LOOP ( 'NONE', ( #5397, #1793, #2545, #3295 ) ) ;
#2112 = EDGE_CURVE ( 'NONE', #2936, #5395, #6148, .T. ) ;
#2113 = EDGE_LOOP ( 'NONE', ( #886, #4651, #1607, #496 ) ) ;
#2114 = CARTESIAN_POINT ( 'NONE',  ( -6.570000000000002061, 3.070000000000000284, -1.074999999999999956 ) ) ;
#2115 = PLANE ( 'NONE',  #6628 ) ;
#2116 = CARTESIAN_POINT ( 'NONE',  ( 16.00000000000000000, 0.4999999999999995559, 9.800000000000000711 ) ) ;
#2117 = DIRECTION ( 'NONE',  ( -0.000000000000000000, 1.000000000000000000, -0.000000000000000000 ) ) ;
#2118 = AXIS2_PLACEMENT_3D ( 'NONE', #579, #2453, #3134 ) ;
#2119 = CARTESIAN_POINT ( 'NONE',  ( -9.000000000000000000, 2.999999999999999556, -18.00000000000000000 ) ) ;
#2120 = AXIS2_PLACEMENT_3D ( 'NONE', #1604, #3401, #5119 ) ;
#2121 = ORIENTED_EDGE ( 'NONE', *, *, #2811, .T. ) ;
#2122 = ORIENTED_EDGE ( 'NONE', *, *, #5103, .T. ) ;
#2123 = VECTOR ( 'NONE', #2313, 1000.000000000000000 ) ;
#2124 = PLANE ( 'NONE',  #5477 ) ;
#2125 = EDGE_CURVE ( 'NONE', #4409, #948, #752, .T. ) ;
#2126 = ORIENTED_EDGE ( 'NONE', *, *, #7595, .F. ) ;
#2127 = EDGE_CURVE ( 'NONE', #2087, #3627, #5983, .T. ) ;
#2128 = CARTESIAN_POINT ( 'NONE',  ( 16.00000000000000000, 0.000000000000000000, -3.249999999999999112 ) ) ;
#2129 = CARTESIAN_POINT ( 'NONE',  ( 9.249999999999998224, 3.249999999999999556, -18.25000000000000000 ) ) ;
#2130 = ORIENTED_EDGE ( 'NONE', *, *, #4150, .F. ) ;
#2131 = CARTESIAN_POINT ( 'NONE',  ( 2.350000000000000089, 2.000000000000000000, 0.000000000000000000 ) ) ;
#2132 = CIRCLE ( 'NONE', #2632, 1.500000000000000000 ) ;
#2133 = EDGE_CURVE ( 'NONE', #6407, #2601, #1510, .T. ) ;
#2134 = CARTESIAN_POINT ( 'NONE',  ( -12.00000000000000533, 7.500000000000000000, 3.000000000000003997 ) ) ;
#2135 = ORIENTED_EDGE ( 'NONE', *, *, #5952, .T. ) ;
#2136 = VERTEX_POINT ( 'NONE', #4774 ) ;
#2137 = PLANE ( 'NONE',  #2541 ) ;
#2138 = ORIENTED_EDGE ( 'NONE', *, *, #3239, .T. ) ;
#2139 = AXIS2_PLACEMENT_3D ( 'NONE', #2159, #4552, #4071 ) ;
#2140 = CARTESIAN_POINT ( 'NONE',  ( 17.50000000000000355, 0.000000000000000000, -3.249999999999994227 ) ) ;
#2141 = CARTESIAN_POINT ( 'NONE',  ( -9.500000000000001776, 3.499999999999999556, -18.25000000000000000 ) ) ;
#2142 = VECTOR ( 'NONE', #6928, 1000.000000000000000 ) ;
#2143 = CARTESIAN_POINT ( 'NONE',  ( -9.000000000000000000, 2.999999999999999556, -18.00000000000000000 ) ) ;
#2144 = VECTOR ( 'NONE', #3177, 1000.000000000000000 ) ;
#2145 = VECTOR ( 'NONE', #4392, 1000.000000000000000 ) ;
#2146 = ORIENTED_EDGE ( 'NONE', *, *, #6271, .T. ) ;
#2147 = LINE ( 'NONE', #6464, #3673 ) ;
#2148 = DIRECTION ( 'NONE',  ( 0.000000000000000000, 0.000000000000000000, 1.000000000000000000 ) ) ;
#2149 = AXIS2_PLACEMENT_3D ( 'NONE', #1751, #709, #2580 ) ;
#2150 = CARTESIAN_POINT ( 'NONE',  ( 13.99999999999999822, 7.500000000000000000, 1.750000000000000888 ) ) ;
#2151 = VECTOR ( 'NONE', #1317, 1000.000000000000000 ) ;
#2152 = AXIS2_PLACEMENT_3D ( 'NONE', #698, #3699, #6048 ) ;
#2153 = FACE_OUTER_BOUND ( 'NONE', #4848, .T. ) ;
#2154 = PRESENTATION_LAYER_ASSIGNMENT (  '', '', ( #7269 ) ) ;
#2155 = ORIENTED_EDGE ( 'NONE', *, *, #5348, .T. ) ;
#2156 = PRESENTATION_LAYER_ASSIGNMENT (  '', '', ( #7658 ) ) ;
#2157 = ADVANCED_FACE ( 'NONE', ( #2305 ), #7271, .F. ) ;
#2158 = ORIENTED_EDGE ( 'NONE', *, *, #2609, .T. ) ;
#2159 = CARTESIAN_POINT ( 'NONE',  ( 9.249999999999998224, 3.249999999999999556, -18.25000000000000000 ) ) ;
#2160 = DIRECTION ( 'NONE',  ( -0.000000000000000000, -0.000000000000000000, -1.000000000000000000 ) ) ;
#2161 = CARTESIAN_POINT ( 'NONE',  ( -3.200000000000000178, 2.000000000000000000, 0.000000000000000000 ) ) ;
#2162 = CARTESIAN_POINT ( 'NONE',  ( -6.770000000000003126, 3.500000000000000888, 0.5000000000000000000 ) ) ;
#2163 = CARTESIAN_POINT ( 'NONE',  ( 16.00000000000000000, 0.000000000000000000, 9.000000000000000000 ) ) ;
#2164 = VECTOR ( 'NONE', #7472, 1000.000000000000000 ) ;
#2165 = VECTOR ( 'NONE', #3139, 1000.000000000000000 ) ;
#2166 = ORIENTED_EDGE ( 'NONE', *, *, #344, .T. ) ;
#2167 = CARTESIAN_POINT ( 'NONE',  ( 6.000000000000000000, 2.800000000000001155, 0.000000000000000000 ) ) ;
#2168 = ORIENTED_EDGE ( 'NONE', *, *, #2942, .F. ) ;
#2169 = VECTOR ( 'NONE', #932, 1000.000000000000000 ) ;
#2170 = DIRECTION ( 'NONE',  ( 1.652117596168387756E-16, 0.000000000000000000, -1.000000000000000000 ) ) ;
#2171 = AXIS2_PLACEMENT_3D ( 'NONE', #5880, #1689, #443 ) ;
#2172 = CARTESIAN_POINT ( 'NONE',  ( 9.249999999999998224, 3.249999999999999556, 0.2500000000000000000 ) ) ;
#2173 = ORIENTED_EDGE ( 'NONE', *, *, #3501, .F. ) ;
#2174 = CARTESIAN_POINT ( 'NONE',  ( -9.000000000000007105, 7.500000000000000000, -9.000000000000001776 ) ) ;
#2175 = UNCERTAINTY_MEASURE_WITH_UNIT (LENGTH_MEASURE( 1.000000000000000082E-05 ), #7295, 'distance_accuracy_value', 'NONE');
#2176 = ADVANCED_FACE ( 'NONE', ( #1155 ), #4268, .T. ) ;
#2177 = VECTOR ( 'NONE', #7567, 1000.000000000000000 ) ;
#2178 = DIRECTION ( 'NONE',  ( -1.000000000000000000, -0.000000000000000000, -0.000000000000000000 ) ) ;
#2179 = ORIENTED_EDGE ( 'NONE', *, *, #164, .T. ) ;
#2180 = VECTOR ( 'NONE', #2631, 1000.000000000000000 ) ;
#2181 = ORIENTED_EDGE ( 'NONE', *, *, #1079, .T. ) ;
#2182 = DIRECTION ( 'NONE',  ( 0.000000000000000000, 0.000000000000000000, 1.000000000000000000 ) ) ;
#2183 = ADVANCED_FACE ( 'NONE', ( #7225 ), #7350, .F. ) ;
#2184 = ORIENTED_EDGE ( 'NONE', *, *, #121, .T. ) ;
#2185 = DIRECTION ( 'NONE',  ( 0.000000000000000000, 1.000000000000000000, 0.000000000000000000 ) ) ;
#2186 = ADVANCED_FACE ( 'NONE', ( #7797 ), #1789, .F. ) ;
#2187 = CARTESIAN_POINT ( 'NONE',  ( 9.499999999999998224, 3.249999999999999556, -18.50000000000000000 ) ) ;
#2188 = ORIENTED_EDGE ( 'NONE', *, *, #3626, .F. ) ;
#2189 = DIRECTION ( 'NONE',  ( -1.000000000000000000, -0.000000000000000000, -0.000000000000000000 ) ) ;
#2190 = CARTESIAN_POINT ( 'NONE',  ( -9.250000000000001776, -3.249999999999999556, -18.50000000000000000 ) ) ;
#2191 =( LENGTH_UNIT ( ) NAMED_UNIT ( * ) SI_UNIT ( .MILLI., .METRE. ) );
#2192 = DIRECTION ( 'NONE',  ( -1.000000000000000000, -1.314184451497581259E-16, 0.000000000000000000 ) ) ;
#2193 = ORIENTED_EDGE ( 'NONE', *, *, #2835, .T. ) ;
#2194 = ORIENTED_EDGE ( 'NONE', *, *, #7272, .T. ) ;
#2195 = PLANE ( 'NONE',  #4330 ) ;
#2196 = DIRECTION ( 'NONE',  ( 1.000000000000000000, 0.000000000000000000, 0.000000000000000000 ) ) ;
#2197 = CARTESIAN_POINT ( 'NONE',  ( -12.00000000000000533, 0.000000000000000000, 1.500000000000004219 ) ) ;
#2198 = FACE_OUTER_BOUND ( 'NONE', #6620, .T. ) ;
#2199 = CIRCLE ( 'NONE', #3091, 0.8000000000000020428 ) ;
#2200 = APPLICATION_PROTOCOL_DEFINITION ( 'draft international standard', 'automotive_design', 1998, #3690 ) ;
#2201 = ORIENTED_EDGE ( 'NONE', *, *, #199, .T. ) ;
#2202 = CYLINDRICAL_SURFACE ( 'NONE', #2296, 1.499999999999999556 ) ;
#2203 = EDGE_LOOP ( 'NONE', ( #4605, #7786, #1292, #3779 ) ) ;
#2204 = FACE_OUTER_BOUND ( 'NONE', #5864, .T. ) ;
#2205 = PLANE ( 'NONE',  #3678 ) ;
#2206 = EDGE_LOOP ( 'NONE', ( #1488, #5765 ) ) ;
#2207 = DIRECTION ( 'NONE',  ( 1.000000000000000000, 0.000000000000000000, 0.000000000000000000 ) ) ;
#2208 = EDGE_CURVE ( 'NONE', #6508, #6853, #6588, .T. ) ;
#2209 = CARTESIAN_POINT ( 'NONE',  ( 0.000000000000000000, 0.000000000000000000, -18.50000000000000000 ) ) ;
#2210 = ORIENTED_EDGE ( 'NONE', *, *, #2464, .T. ) ;
#2211 = EDGE_LOOP ( 'NONE', ( #7638, #117, #6454, #1588 ) ) ;
#2212 = SURFACE_SIDE_STYLE ('',( #414 ) ) ;
#2213 = EDGE_CURVE ( 'NONE', #3872, #4420, #6104, .T. ) ;
#2214 = ORIENTED_EDGE ( 'NONE', *, *, #4604, .T. ) ;
#2215 = DIRECTION ( 'NONE',  ( -1.000000000000000000, 0.000000000000000000, 0.000000000000000000 ) ) ;
#2216 = LINE ( 'NONE', #6506, #5906 ) ;
#2217 = ORIENTED_EDGE ( 'NONE', *, *, #3074, .F. ) ;
#2218 = EDGE_CURVE ( 'NONE', #5251, #1100, #3036, .T. ) ;
#2219 = VERTEX_POINT ( 'NONE', #552 ) ;
#2220 = LINE ( 'NONE', #3505, #4 ) ;
#2221 = EDGE_CURVE ( 'NONE', #5515, #4214, #4142, .T. ) ;
#2222 = DIRECTION ( 'NONE',  ( -0.000000000000000000, -0.000000000000000000, 1.000000000000000000 ) ) ;
#2223 = CARTESIAN_POINT ( 'NONE',  ( 10.99999999999999822, 7.500000000000000000, 7.864218330839939597 ) ) ;
#2224 = FACE_OUTER_BOUND ( 'NONE', #5078, .T. ) ;
#2225 = LINE ( 'NONE', #4659, #3021 ) ;
#2226 = ORIENTED_EDGE ( 'NONE', *, *, #7806, .F. ) ;
#2227 = ORIENTED_EDGE ( 'NONE', *, *, #6957, .F. ) ;
#2228 = CARTESIAN_POINT ( 'NONE',  ( -7.864218330839943150, 0.4999999999999995559, -9.500000000000000000 ) ) ;
#2229 = CARTESIAN_POINT ( 'NONE',  ( -7.864218330839943150, 0.4999999999999995559, -11.00000000000000000 ) ) ;
#2230 = DIRECTION ( 'NONE',  ( 0.000000000000000000, 1.000000000000000000, 0.000000000000000000 ) ) ;
#2231 = CARTESIAN_POINT ( 'NONE',  ( 7.864218330839943150, 0.4999999999999995559, 11.00000000000000000 ) ) ;
#2232 = DIRECTION ( 'NONE',  ( 0.000000000000000000, -0.000000000000000000, -1.000000000000000000 ) ) ;
#2233 = EDGE_CURVE ( 'NONE', #4010, #5066, #2021, .T. ) ;
#2234 = DIRECTION ( 'NONE',  ( 0.000000000000000000, 0.000000000000000000, 1.000000000000000000 ) ) ;
#2235 = APPLICATION_PROTOCOL_DEFINITION ( 'draft international standard', 'automotive_design', 1998, #4647 ) ;
#2236 = EDGE_LOOP ( 'NONE', ( #7241, #5748, #4672, #6238 ) ) ;
#2237 = EDGE_CURVE ( 'NONE', #5367, #1945, #2463, .T. ) ;
#2238 = DIRECTION ( 'NONE',  ( 0.000000000000000000, 0.000000000000000000, -1.000000000000000000 ) ) ;
#2239 = ORIENTED_EDGE ( 'NONE', *, *, #2849, .F. ) ;
#2240 = LINE ( 'NONE', #4724, #5608 ) ;
#2241 = DIRECTION ( 'NONE',  ( 0.000000000000000000, 0.000000000000000000, 1.000000000000000000 ) ) ;
#2242 = EDGE_LOOP ( 'NONE', ( #2184, #1460 ) ) ;
#2243 = CARTESIAN_POINT ( 'NONE',  ( -6.800000000000000711, -3.299999999999999822, 0.000000000000000000 ) ) ;
#2244 = VECTOR ( 'NONE', #1809, 1000.000000000000000 ) ;
#2245 = CARTESIAN_POINT ( 'NONE',  ( 16.00000000000000000, 7.500000000000000000, -9.000000000000000000 ) ) ;
#2246 = ORIENTED_EDGE ( 'NONE', *, *, #5058, .T. ) ;
#2247 = VERTEX_POINT ( 'NONE', #6060 ) ;
#2248 = FACE_OUTER_BOUND ( 'NONE', #5166, .T. ) ;
#2249 = EDGE_CURVE ( 'NONE', #1471, #1926, #5966, .T. ) ;
#2250 = ORIENTED_EDGE ( 'NONE', *, *, #1240, .F. ) ;
#2251 = CIRCLE ( 'NONE', #1110, 0.4999999999999995559 ) ;
#2252 = DIRECTION ( 'NONE',  ( 0.000000000000000000, 0.000000000000000000, -1.000000000000000000 ) ) ;
#2253 = DIRECTION ( 'NONE',  ( -0.000000000000000000, -1.000000000000000000, -0.000000000000000000 ) ) ;
#2254 = ORIENTED_EDGE ( 'NONE', *, *, #621, .T. ) ;
#2255 = CARTESIAN_POINT ( 'NONE',  ( 0.000000000000000000, 0.000000000000000000, 0.000000000000000000 ) ) ;
#2256 = DIRECTION ( 'NONE',  ( -1.236061108696829207E-16, -0.000000000000000000, -1.000000000000000000 ) ) ;
#2257 = LINE ( 'NONE', #464, #4199 ) ;
#2258 = CYLINDRICAL_SURFACE ( 'NONE', #7014, 0.4999999999999997780 ) ;
#2259 = DIRECTION ( 'NONE',  ( 0.000000000000000000, 0.000000000000000000, 1.000000000000000000 ) ) ;
#2260 = AXIS2_PLACEMENT_3D ( 'NONE', #5722, #2011, #3340 ) ;
#2261 = ADVANCED_FACE ( 'NONE', ( #5450 ), #3665, .F. ) ;
#2262 = ADVANCED_FACE ( 'NONE', ( #2427 ), #4861, .T. ) ;
#2263 = VERTEX_POINT ( 'NONE', #1430 ) ;
#2264 = VECTOR ( 'NONE', #1714, 1000.000000000000000 ) ;
#2265 = ORIENTED_EDGE ( 'NONE', *, *, #2326, .F. ) ;
#2266 = AXIS2_PLACEMENT_3D ( 'NONE', #3522, #2877, #5955 ) ;
#2267 = DIRECTION ( 'NONE',  ( -2.168404344971008868E-16, 1.000000000000000000, 0.000000000000000000 ) ) ;
#2268 = CARTESIAN_POINT ( 'NONE',  ( -9.500000000000001776, -3.499999999999999556, -18.25000000000000000 ) ) ;
#2269 = EDGE_CURVE ( 'NONE', #3364, #7697, #1951, .T. ) ;
#2270 = AXIS2_PLACEMENT_3D ( 'NONE', #4922, #4338, #7378 ) ;
#2271 = DIRECTION ( 'NONE',  ( -1.236061108696829207E-16, -1.000000000000000000, 0.000000000000000000 ) ) ;
#2272 = CARTESIAN_POINT ( 'NONE',  ( 6.569999999999998508, -3.070000000000001172, -1.074999999999999956 ) ) ;
#2273 = CARTESIAN_POINT ( 'NONE',  ( 9.249999999999998224, -3.249999999999999556, 0.2500000000000000000 ) ) ;
#2274 = VECTOR ( 'NONE', #7823, 1000.000000000000000 ) ;
#2275 = ADVANCED_FACE ( 'NONE', ( #1989 ), #5568, .T. ) ;
#2276 = DIRECTION ( 'NONE',  ( 0.000000000000000000, 0.000000000000000000, 1.000000000000000000 ) ) ;
#2277 = VECTOR ( 'NONE', #3329, 1000.000000000000000 ) ;
#2278 = PRODUCT_CONTEXT ( 'NONE', #4401, 'mechanical' ) ;
#2279 = AXIS2_PLACEMENT_3D ( 'NONE', #4293, #1336, #5183 ) ;
#2280 = ORIENTED_EDGE ( 'NONE', *, *, #1197, .F. ) ;
#2281 = CARTESIAN_POINT ( 'NONE',  ( -6.050000000000000711, -2.000000000000000000, 0.000000000000000000 ) ) ;
#2282 = ORIENTED_EDGE ( 'NONE', *, *, #6908, .T. ) ;
#2283 = CARTESIAN_POINT ( 'NONE',  ( 6.570000000000000284, 3.069999999999998508, -1.074999999999999956 ) ) ;
#2284 = EDGE_CURVE ( 'NONE', #5021, #291, #876, .T. ) ;
#2285 = DIRECTION ( 'NONE',  ( -1.000000000000000000, -0.000000000000000000, -0.000000000000000000 ) ) ;
#2286 = CIRCLE ( 'NONE', #1269, 1.500000000000000000 ) ;
#2287 = ORIENTED_EDGE ( 'NONE', *, *, #3144, .F. ) ;
#2288 = AXIS2_PLACEMENT_3D ( 'NONE', #1859, #707, #3190 ) ;
#2289 = FACE_OUTER_BOUND ( 'NONE', #3108, .T. ) ;
#2290 = EDGE_LOOP ( 'NONE', ( #4463, #3906, #2599, #4627 ) ) ;
#2291 = AXIS2_PLACEMENT_3D ( 'NONE', #2617, #708, #6750 ) ;
#2292 = ORIENTED_EDGE ( 'NONE', *, *, #5684, .F. ) ;
#2293 = AXIS2_PLACEMENT_3D ( 'NONE', #3463, #7621, #6499 ) ;
#2294 = EDGE_LOOP ( 'NONE', ( #7700, #2563, #309, #1717 ) ) ;
#2295 = DIRECTION ( 'NONE',  ( -0.000000000000000000, 1.000000000000000000, -0.000000000000000000 ) ) ;
#2296 = AXIS2_PLACEMENT_3D ( 'NONE', #5878, #5796, #4526 ) ;
#2297 = VECTOR ( 'NONE', #6251, 1000.000000000000000 ) ;
#2298 = DIRECTION ( 'NONE',  ( -0.000000000000000000, 1.000000000000000000, -0.000000000000000000 ) ) ;
#2299 = ORIENTED_EDGE ( 'NONE', *, *, #4329, .F. ) ;
#2300 = ORIENTED_EDGE ( 'NONE', *, *, #7847, .F. ) ;
#2301 = CARTESIAN_POINT ( 'NONE',  ( 9.000000000000000000, 0.4999999999999995559, 9.000000000000000000 ) ) ;
#2302 = CARTESIAN_POINT ( 'NONE',  ( -3.299999999999999822, 2.799999999999998490, 0.1000000000000000056 ) ) ;
#2303 = SURFACE_STYLE_FILL_AREA ( #7868 ) ;
#2304 = LINE ( 'NONE', #3624, #5337 ) ;
#2305 = FACE_OUTER_BOUND ( 'NONE', #3117, .T. ) ;
#2306 = EDGE_LOOP ( 'NONE', ( #4496, #4377, #3586, #4775 ) ) ;
#2307 = EDGE_LOOP ( 'NONE', ( #5275, #7779, #5076, #5204 ) ) ;
#2308 = DIRECTION ( 'NONE',  ( 0.000000000000000000, -0.000000000000000000, -1.000000000000000000 ) ) ;
#2309 = CARTESIAN_POINT ( 'NONE',  ( 5.000000000000000000, 2.800000000000001155, 0.1000000000000000056 ) ) ;
#2310 = EDGE_CURVE ( 'NONE', #7894, #1971, #4186, .T. ) ;
#2311 = FACE_BOUND ( 'NONE', #4834, .T. ) ;
#2312 = CYLINDRICAL_SURFACE ( 'NONE', #6623, 0.5000000000000004441 ) ;
#2313 = DIRECTION ( 'NONE',  ( -1.000000000000000000, -0.000000000000000000, -0.000000000000000000 ) ) ;
#2314 = DIRECTION ( 'NONE',  ( 1.236061108696829207E-16, 0.000000000000000000, 1.000000000000000000 ) ) ;
#2315 = EDGE_CURVE ( 'NONE', #6850, #3257, #1890, .T. ) ;
#2316 = VECTOR ( 'NONE', #7053, 1000.000000000000000 ) ;
#2317 = VERTEX_POINT ( 'NONE', #3195 ) ;
#2318 = CARTESIAN_POINT ( 'NONE',  ( 0.4300000000000022138, 0.7500000000000000000, 3.070000000000000284 ) ) ;
#2319 = ORIENTED_EDGE ( 'NONE', *, *, #3631, .F. ) ;
#2320 = DIRECTION ( 'NONE',  ( -0.000000000000000000, -0.000000000000000000, -1.000000000000000000 ) ) ;
#2321 = ADVANCED_FACE ( 'NONE', ( #3875 ), #6308, .F. ) ;
#2322 = CARTESIAN_POINT ( 'NONE',  ( -16.00000000000000000, 0.000000000000000000, 0.000000000000000000 ) ) ;
#2323 = ORIENTED_EDGE ( 'NONE', *, *, #3107, .F. ) ;
#2324 = CARTESIAN_POINT ( 'NONE',  ( -9.500000000000001776, 7.500000000000000000, 9.500000000000000000 ) ) ;
#2325 = CIRCLE ( 'NONE', #7184, 0.4999999999999997780 ) ;
#2326 = EDGE_CURVE ( 'NONE', #374, #6150, #3790, .T. ) ;
#2327 =( NAMED_UNIT ( * ) PLANE_ANGLE_UNIT ( ) SI_UNIT ( $, .RADIAN. ) );
#2328 = VERTEX_POINT ( 'NONE', #4353 ) ;
#2329 = ORIENTED_EDGE ( 'NONE', *, *, #5385, .F. ) ;
#2330 = VECTOR ( 'NONE', #980, 1000.000000000000000 ) ;
#2331 = CARTESIAN_POINT ( 'NONE',  ( 4.299999999999999822, -1.199999999999998623, 0.000000000000000000 ) ) ;
#2332 = DIRECTION ( 'NONE',  ( -0.000000000000000000, -0.000000000000000000, -1.000000000000000000 ) ) ;
#2333 = ORIENTED_EDGE ( 'NONE', *, *, #4519, .F. ) ;
#2334 = CARTESIAN_POINT ( 'NONE',  ( -9.500000000000001776, 3.499999999999999556, 0.2500000000000002220 ) ) ;
#2335 = EDGE_CURVE ( 'NONE', #1213, #6924, #756, .T. ) ;
#2336 = ADVANCED_FACE ( 'NONE', ( #146, #3106, #2582 ), #5020, .F. ) ;
#2337 = CARTESIAN_POINT ( 'NONE',  ( 9.499999999999994671, 0.4999999999999995559, -9.500000000000000000 ) ) ;
#2338 = ORIENTED_EDGE ( 'NONE', *, *, #4088, .T. ) ;
#2339 = EDGE_LOOP ( 'NONE', ( #5051, #4683, #392, #984 ) ) ;
#2340 = DIRECTION ( 'NONE',  ( -0.000000000000000000, -1.000000000000000000, -0.000000000000000000 ) ) ;
#2341 = CARTESIAN_POINT ( 'NONE',  ( -4.200000000000000178, 2.000000000000000000, 0.1000000000000000056 ) ) ;
#2342 = DIRECTION ( 'NONE',  ( 1.000000000000000000, -0.000000000000000000, -0.000000000000000000 ) ) ;
#2343 = CARTESIAN_POINT ( 'NONE',  ( 13.99999999999999822, 0.000000000000000000, -1.749999999999998890 ) ) ;
#2344 = VERTEX_POINT ( 'NONE', #6270 ) ;
#2345 = ORIENTED_EDGE ( 'NONE', *, *, #2335, .T. ) ;
#2346 = CARTESIAN_POINT ( 'NONE',  ( -16.00000000000000000, 0.000000000000000000, -1.500000000000000666 ) ) ;
#2347 = CARTESIAN_POINT ( 'NONE',  ( 13.24999999999999822, 0.5000000000000004441, 2.500000000000001332 ) ) ;
#2348 = EDGE_CURVE ( 'NONE', #3877, #7725, #796, .T. ) ;
#2349 = APPLICATION_CONTEXT ( 'automotive_design' ) ;
#2350 = DIRECTION ( 'NONE',  ( 0.000000000000000000, 0.000000000000000000, -1.000000000000000000 ) ) ;
#2351 = CYLINDRICAL_SURFACE ( 'NONE', #2149, 1.500000000000000000 ) ;
#2352 = CARTESIAN_POINT ( 'NONE',  ( 1.850000000000000311, 2.000000000000000000, 0.000000000000000000 ) ) ;
#2353 = CARTESIAN_POINT ( 'NONE',  ( 6.769999999999996909, 3.500000000000000888, 0.5000000000000000000 ) ) ;
#2354 = EDGE_CURVE ( 'NONE', #4269, #4963, #350, .T. ) ;
#2355 = EDGE_LOOP ( 'NONE', ( #6235, #1375, #2188, #6062 ) ) ;
#2356 = DIRECTION ( 'NONE',  ( 0.000000000000000000, 1.000000000000000000, 0.000000000000000000 ) ) ;
#2357 = ORIENTED_EDGE ( 'NONE', *, *, #6630, .T. ) ;
#2358 = DIRECTION ( 'NONE',  ( -0.000000000000000000, 1.000000000000000000, -0.000000000000000000 ) ) ;
#2359 = CARTESIAN_POINT ( 'NONE',  ( -5.049999999999999822, 2.000000000000000000, 0.000000000000000000 ) ) ;
#2360 = DIRECTION ( 'NONE',  ( 0.000000000000000000, 0.000000000000000000, -1.000000000000000000 ) ) ;
#2361 = CARTESIAN_POINT ( 'NONE',  ( -6.050000000000000711, 2.000000000000000000, 0.1000000000000000056 ) ) ;
#2362 = VERTEX_POINT ( 'NONE', #4471 ) ;
#2363 = ADVANCED_FACE ( 'NONE', ( #3268 ), #6914, .T. ) ;
#2364 = EDGE_CURVE ( 'NONE', #6603, #3375, #4935, .T. ) ;
#2365 = VERTEX_POINT ( 'NONE', #576 ) ;
#2366 = ORIENTED_EDGE ( 'NONE', *, *, #5043, .T. ) ;
#2367 = DIRECTION ( 'NONE',  ( -0.000000000000000000, 1.000000000000000000, -0.000000000000000000 ) ) ;
#2368 = FACE_OUTER_BOUND ( 'NONE', #4412, .T. ) ;
#2369 = ORIENTED_EDGE ( 'NONE', *, *, #3751, .F. ) ;
#2370 = ADVANCED_FACE ( 'NONE', ( #2368 ), #3578, .T. ) ;
#2371 = CARTESIAN_POINT ( 'NONE',  ( 16.00000000000000000, 0.000000000000000000, -9.000000000000000000 ) ) ;
#2372 = DIRECTION ( 'NONE',  ( -1.000000000000000000, 0.000000000000000000, 1.858632295689434870E-16 ) ) ;
#2373 = ORIENTED_EDGE ( 'NONE', *, *, #6573, .F. ) ;
#2374 = CARTESIAN_POINT ( 'NONE',  ( 0.000000000000000000, 0.000000000000000000, 0.1000000000000000056 ) ) ;
#2375 = CIRCLE ( 'NONE', #3009, 0.4999999999999997780 ) ;
#2376 = CARTESIAN_POINT ( 'NONE',  ( -6.770000000000001350, 3.269999999999999574, 0.000000000000000000 ) ) ;
#2377 = FACE_BOUND ( 'NONE', #5724, .T. ) ;
#2378 = DIRECTION ( 'NONE',  ( 0.000000000000000000, 0.000000000000000000, 1.000000000000000000 ) ) ;
#2379 = DIRECTION ( 'NONE',  ( -0.000000000000000000, -0.000000000000000000, -1.000000000000000000 ) ) ;
#2380 = ADVANCED_FACE ( 'NONE', ( #7860 ), #7215, .T. ) ;
#2381 = VECTOR ( 'NONE', #5063, 1000.000000000000000 ) ;
#2382 = VERTEX_POINT ( 'NONE', #3007 ) ;
#2383 = ORIENTED_EDGE ( 'NONE', *, *, #792, .F. ) ;
#2384 = DIRECTION ( 'NONE',  ( -1.000000000000000000, 0.000000000000000000, 0.000000000000000000 ) ) ;
#2385 = DIRECTION ( 'NONE',  ( 0.000000000000000000, 0.000000000000000000, 1.000000000000000000 ) ) ;
#2386 = FACE_OUTER_BOUND ( 'NONE', #4060, .T. ) ;
#2387 = VECTOR ( 'NONE', #5656, 1000.000000000000000 ) ;
#2388 = CARTESIAN_POINT ( 'NONE',  ( 17.50000000000000000, 0.4999999999999995559, 3.250000000000002665 ) ) ;
#2389 = DIRECTION ( 'NONE',  ( 1.000000000000000000, 0.000000000000000000, -9.912705577010325549E-17 ) ) ;
#2390 = VECTOR ( 'NONE', #4877, 1000.000000000000000 ) ;
#2391 = PRODUCT_CONTEXT ( 'NONE', #416, 'mechanical' ) ;
#2392 = ADVANCED_FACE ( 'NONE', ( #4887 ), #3652, .F. ) ;
#2393 = AXIS2_PLACEMENT_3D ( 'NONE', #689, #2477, #4912 ) ;
#2394 = ORIENTED_EDGE ( 'NONE', *, *, #3526, .T. ) ;
#2395 = CARTESIAN_POINT ( 'NONE',  ( 9.000000000000000000, 0.4999999999999995559, 9.000000000000000000 ) ) ;
#2396 = AXIS2_PLACEMENT_3D ( 'NONE', #7634, #5223, #3360 ) ;
#2397 = ORIENTED_EDGE ( 'NONE', *, *, #1095, .F. ) ;
#2398 = DIRECTION ( 'NONE',  ( -0.000000000000000000, -1.000000000000000000, -0.000000000000000000 ) ) ;
#2399 = DIRECTION ( 'NONE',  ( -0.000000000000000000, 1.000000000000000000, -0.000000000000000000 ) ) ;
#2400 = CARTESIAN_POINT ( 'NONE',  ( 9.000000000000000000, 0.4999999999999995559, -9.000000000000000000 ) ) ;
#2401 = CIRCLE ( 'NONE', #4316, 1.500000000000000000 ) ;
#2402 = DIRECTION ( 'NONE',  ( 0.000000000000000000, 0.000000000000000000, 1.000000000000000000 ) ) ;
#2403 = VECTOR ( 'NONE', #642, 1000.000000000000000 ) ;
#2404 = VECTOR ( 'NONE', #6110, 1000.000000000000000 ) ;
#2405 = EDGE_LOOP ( 'NONE', ( #3929, #6982, #609, #5131 ) ) ;
#2406 = ORIENTED_EDGE ( 'NONE', *, *, #6747, .F. ) ;
#2407 = ORIENTED_EDGE ( 'NONE', *, *, #4917, .T. ) ;
#2408 = CARTESIAN_POINT ( 'NONE',  ( -10.50000000000000355, 0.4999999999999995559, -2.999999999999999112 ) ) ;
#2409 = VECTOR ( 'NONE', #7753, 1000.000000000000000 ) ;
#2410 = CARTESIAN_POINT ( 'NONE',  ( 9.000000000000000000, 6.000000000000000000, -9.000000000000001776 ) ) ;
#2411 = COLOUR_RGB ( '',0.7921568627450980005, 0.8196078431372548767, 0.9333333333333333481 ) ;
#2412 = ORIENTED_EDGE ( 'NONE', *, *, #3359, .T. ) ;
#2413 = EDGE_CURVE ( 'NONE', #5682, #5193, #3131, .T. ) ;
#2414 = CARTESIAN_POINT ( 'NONE',  ( -4.299999999999999822, 2.799999999999998490, 0.000000000000000000 ) ) ;
#2415 = CIRCLE ( 'NONE', #6123, 1.049999999999998934 ) ;
#2416 = FACE_OUTER_BOUND ( 'NONE', #1877, .T. ) ;
#2417 = VERTEX_POINT ( 'NONE', #540 ) ;
#2418 = VERTEX_POINT ( 'NONE', #4216 ) ;
#2419 = EDGE_CURVE ( 'NONE', #6407, #6400, #7253, .T. ) ;
#2420 = LINE ( 'NONE', #1858, #3610 ) ;
#2421 = AXIS2_PLACEMENT_3D ( 'NONE', #3336, #1490, #5829 ) ;
#2422 = CARTESIAN_POINT ( 'NONE',  ( 3.700000000000000178, 2.000000000000000000, 0.000000000000000000 ) ) ;
#2423 = CARTESIAN_POINT ( 'NONE',  ( -0.4300000000000025469, 3.070000000000000284, -1.074999999999999956 ) ) ;
#2424 = VECTOR ( 'NONE', #2358, 1000.000000000000000 ) ;
#2425 = ADVANCED_FACE ( 'NONE', ( #4168 ), #6087, .T. ) ;
#2426 = CARTESIAN_POINT ( 'NONE',  ( -9.500000000000001776, 7.500000000000000000, 7.864218330839946702 ) ) ;
#2427 = FACE_OUTER_BOUND ( 'NONE', #39, .T. ) ;
#2428 = VECTOR ( 'NONE', #2591, 1000.000000000000000 ) ;
#2429 = EDGE_LOOP ( 'NONE', ( #133, #2063, #3605, #7298 ) ) ;
#2430 = ORIENTED_EDGE ( 'NONE', *, *, #1154, .F. ) ;
#2431 = CARTESIAN_POINT ( 'NONE',  ( -9.000000000000000000, 6.000000000000000000, -9.000000000000001776 ) ) ;
#2432 = CARTESIAN_POINT ( 'NONE',  ( -4.299999999999999822, -1.199999999999999734, 0.000000000000000000 ) ) ;
#2433 = CARTESIAN_POINT ( 'NONE',  ( 6.569999999999998508, -3.070000000000001172, -1.074999999999999956 ) ) ;
#2434 = FACE_OUTER_BOUND ( 'NONE', #1954, .T. ) ;
#2435 = DIRECTION ( 'NONE',  ( -0.000000000000000000, 1.000000000000000000, -0.000000000000000000 ) ) ;
#2436 = VERTEX_POINT ( 'NONE', #6617 ) ;
#2437 = CARTESIAN_POINT ( 'NONE',  ( -9.000000000000007105, 0.4999999999999995559, 10.50000000000000000 ) ) ;
#2438 = EDGE_CURVE ( 'NONE', #5917, #2644, #2907, .T. ) ;
#2439 = VERTEX_POINT ( 'NONE', #6701 ) ;
#2440 = LINE ( 'NONE', #1843, #7552 ) ;
#2441 = CARTESIAN_POINT ( 'NONE',  ( -6.000000000000000000, 2.799999999999999822, 0.1000000000000000056 ) ) ;
#2442 = DIRECTION ( 'NONE',  ( 0.000000000000000000, 1.000000000000000000, 0.000000000000000000 ) ) ;
#2443 = LINE ( 'NONE', #3123, #977 ) ;
#2444 = VECTOR ( 'NONE', #1303, 1000.000000000000000 ) ;
#2445 = ORIENTED_EDGE ( 'NONE', *, *, #7115, .F. ) ;
#2446 = VERTEX_POINT ( 'NONE', #5435 ) ;
#2447 = VERTEX_POINT ( 'NONE', #1297 ) ;
#2448 = CARTESIAN_POINT ( 'NONE',  ( -3.299999999999999822, 2.799999999999998490, 0.000000000000000000 ) ) ;
#2449 = DIRECTION ( 'NONE',  ( -0.000000000000000000, -0.000000000000000000, -1.000000000000000000 ) ) ;
#2450 = ADVANCED_BREP_SHAPE_REPRESENTATION ( '', ( #3100, #152 ), #6210 ) ;
#2451 = EDGE_LOOP ( 'NONE', ( #5319, #6325 ) ) ;
#2452 = EDGE_CURVE ( 'NONE', #6318, #1288, #3739, .T. ) ;
#2453 = DIRECTION ( 'NONE',  ( 1.000000000000000000, 0.000000000000000000, -0.000000000000000000 ) ) ;
#2454 = DIRECTION ( 'NONE',  ( -1.000000000000000000, -0.000000000000000000, -0.000000000000000000 ) ) ;
#2455 = ORIENTED_EDGE ( 'NONE', *, *, #4529, .T. ) ;
#2456 = AXIS2_PLACEMENT_3D ( 'NONE', #1947, #7505, #6215 ) ;
#2457 = ORIENTED_EDGE ( 'NONE', *, *, #5246, .T. ) ;
#2458 = EDGE_CURVE ( 'NONE', #7861, #4214, #2661, .T. ) ;
#2459 = CARTESIAN_POINT ( 'NONE',  ( 17.50000000000000355, 0.000000000000000000, -9.000000000000000000 ) ) ;
#2460 = DIRECTION ( 'NONE',  ( -0.000000000000000000, -0.000000000000000000, -1.000000000000000000 ) ) ;
#2461 = DIRECTION ( 'NONE',  ( 1.000000000000000000, 0.000000000000000000, 0.000000000000000000 ) ) ;
#2462 = AXIS2_PLACEMENT_3D ( 'NONE', #2736, #5138, #6458 ) ;
#2463 = LINE ( 'NONE', #4817, #5576 ) ;
#2464 = EDGE_CURVE ( 'NONE', #877, #4145, #3090, .T. ) ;
#2465 = ORIENTED_EDGE ( 'NONE', *, *, #7169, .T. ) ;
#2466 = ORIENTED_EDGE ( 'NONE', *, *, #2031, .T. ) ;
#2467 = LINE ( 'NONE', #1351, #3537 ) ;
#2468 = DIRECTION ( 'NONE',  ( 0.000000000000000000, 0.000000000000000000, 1.000000000000000000 ) ) ;
#2469 = FACE_BOUND ( 'NONE', #2904, .T. ) ;
#2470 = ADVANCED_FACE ( 'NONE', ( #5518 ), #51, .F. ) ;
#2471 = DIRECTION ( 'NONE',  ( 0.000000000000000000, 0.000000000000000000, 1.000000000000000000 ) ) ;
#2472 = DIRECTION ( 'NONE',  ( 0.000000000000000000, 0.000000000000000000, -1.000000000000000000 ) ) ;
#2473 = VERTEX_POINT ( 'NONE', #1138 ) ;
#2474 = FACE_OUTER_BOUND ( 'NONE', #7848, .T. ) ;
#2475 = ORIENTED_EDGE ( 'NONE', *, *, #3983, .F. ) ;
#2476 = CARTESIAN_POINT ( 'NONE',  ( -16.00000000000000000, 7.500000000000000000, -5.575896887068297953E-16 ) ) ;
#2477 = DIRECTION ( 'NONE',  ( 1.000000000000000000, 0.000000000000000000, 0.000000000000000000 ) ) ;
#2478 = CARTESIAN_POINT ( 'NONE',  ( -4.999999999999999112, -1.200000000000000178, 0.1000000000000000056 ) ) ;
#2479 = FACE_OUTER_BOUND ( 'NONE', #6168, .T. ) ;
#2480 = EDGE_LOOP ( 'NONE', ( #614, #1677, #3904, #5312 ) ) ;
#2481 = ORIENTED_EDGE ( 'NONE', *, *, #7089, .T. ) ;
#2482 = ORIENTED_EDGE ( 'NONE', *, *, #3801, .F. ) ;
#2483 = DIRECTION ( 'NONE',  ( 0.000000000000000000, -1.000000000000000000, 0.000000000000000000 ) ) ;
#2484 = DIRECTION ( 'NONE',  ( 0.000000000000000000, 0.000000000000000000, 1.000000000000000000 ) ) ;
#2485 = ORIENTED_EDGE ( 'NONE', *, *, #7835, .F. ) ;
#2486 = CYLINDRICAL_SURFACE ( 'NONE', #5173, 0.2500000000000002220 ) ;
#2487 = FACE_OUTER_BOUND ( 'NONE', #47, .T. ) ;
#2488 = EDGE_LOOP ( 'NONE', ( #7527, #7351, #5155, #449 ) ) ;
#2489 = EDGE_LOOP ( 'NONE', ( #758, #1779, #7668, #6528 ) ) ;
#2490 = EDGE_CURVE ( 'NONE', #147, #6496, #6011, .T. ) ;
#2491 = FACE_OUTER_BOUND ( 'NONE', #5797, .T. ) ;
#2492 = FACE_BOUND ( 'NONE', #3155, .T. ) ;
#2493 = AXIS2_PLACEMENT_3D ( 'NONE', #2057, #787, #3223 ) ;
#2494 = CARTESIAN_POINT ( 'NONE',  ( -9.250000000000001776, -3.499999999999999556, 0.2500000000000000000 ) ) ;
#2495 = DIRECTION ( 'NONE',  ( 0.000000000000000000, 0.000000000000000000, 1.000000000000000000 ) ) ;
#2496 = DIRECTION ( 'NONE',  ( 0.000000000000000000, -0.000000000000000000, 1.000000000000000000 ) ) ;
#2497 = VECTOR ( 'NONE', #5510, 1000.000000000000000 ) ;
#2498 = VERTEX_POINT ( 'NONE', #5482 ) ;
#2499 = LINE ( 'NONE', #7439, #1117 ) ;
#2500 = DIRECTION ( 'NONE',  ( -1.000000000000000000, 0.000000000000000000, -0.000000000000000000 ) ) ;
#2501 = AXIS2_PLACEMENT_3D ( 'NONE', #1568, #2869, #2750 ) ;
#2502 = EDGE_CURVE ( 'NONE', #5028, #2935, #6738, .T. ) ;
#2503 = CARTESIAN_POINT ( 'NONE',  ( -9.500000000000001776, 3.249999999999999556, 0.2500000000000000000 ) ) ;
#2504 = CARTESIAN_POINT ( 'NONE',  ( -5.000000000000000000, 2.799999999999999822, 0.1000000000000000056 ) ) ;
#2505 = ORIENTED_EDGE ( 'NONE', *, *, #1785, .T. ) ;
#2506 = ADVANCED_FACE ( 'NONE', ( #7339 ), #1851, .F. ) ;
#2507 = FACE_OUTER_BOUND ( 'NONE', #456, .T. ) ;
#2508 = ORIENTED_EDGE ( 'NONE', *, *, #4695, .F. ) ;
#2509 = CARTESIAN_POINT ( 'NONE',  ( 15.50000000000000178, 0.000000000000000000, -5.500000000000000000 ) ) ;
#2510 = AXIS2_PLACEMENT_3D ( 'NONE', #7876, #5457, #2267 ) ;
#2511 = DIRECTION ( 'NONE',  ( 0.000000000000000000, 0.000000000000000000, 1.000000000000000000 ) ) ;
#2512 = CARTESIAN_POINT ( 'NONE',  ( 16.00000000000000000, 0.000000000000000000, -9.000000000000005329 ) ) ;
#2513 = ADVANCED_FACE ( 'NONE', ( #996 ), #2195, .F. ) ;
#2514 = CARTESIAN_POINT ( 'NONE',  ( 15.25000000000000178, 7.500000000000000000, 4.000000000000000888 ) ) ;
#2515 = CIRCLE ( 'NONE', #3164, 1.500000000000000000 ) ;
#2516 = DIRECTION ( 'NONE',  ( 0.000000000000000000, 0.000000000000000000, 1.000000000000000000 ) ) ;
#2517 = VERTEX_POINT ( 'NONE', #4598 ) ;
#2518 = AXIS2_PLACEMENT_3D ( 'NONE', #6433, #1071, #989 ) ;
#2519 = ORIENTED_EDGE ( 'NONE', *, *, #2862, .T. ) ;
#2520 = DIRECTION ( 'NONE',  ( 0.000000000000000000, 0.000000000000000000, 1.000000000000000000 ) ) ;
#2521 = EDGE_LOOP ( 'NONE', ( #4595, #5842, #837, #2786 ) ) ;
#2522 = DIRECTION ( 'NONE',  ( 0.000000000000000000, 1.000000000000000000, 0.000000000000000000 ) ) ;
#2523 = CIRCLE ( 'NONE', #2903, 0.5000000000000004441 ) ;
#2524 = DIRECTION ( 'NONE',  ( 0.000000000000000000, -1.000000000000000000, 0.000000000000000000 ) ) ;
#2525 = AXIS2_PLACEMENT_3D ( 'NONE', #2987, #7840, #2350 ) ;
#2526 = ORIENTED_EDGE ( 'NONE', *, *, #7736, .F. ) ;
#2527 = AXIS2_PLACEMENT_3D ( 'NONE', #2309, #472, #6644 ) ;
#2528 = CYLINDRICAL_SURFACE ( 'NONE', #7359, 0.2500000000000000000 ) ;
#2529 = VECTOR ( 'NONE', #7746, 1000.000000000000000 ) ;
#2530 = CARTESIAN_POINT ( 'NONE',  ( -1.849999999999999645, -2.000000000000000000, 0.1000000000000000056 ) ) ;
#2531 = ORIENTED_EDGE ( 'NONE', *, *, #1794, .F. ) ;
#2532 = AXIS2_PLACEMENT_3D ( 'NONE', #7761, #6477, #3396 ) ;
#2533 = ORIENTED_EDGE ( 'NONE', *, *, #1004, .F. ) ;
#2534 = AXIS2_PLACEMENT_3D ( 'NONE', #4546, #4510, #6397 ) ;
#2535 = DIRECTION ( 'NONE',  ( -0.000000000000000000, -1.000000000000000000, -0.000000000000000000 ) ) ;
#2536 = ADVANCED_FACE ( 'NONE', ( #4630 ), #7000, .T. ) ;
#2537 = DIRECTION ( 'NONE',  ( 1.000000000000000000, 0.000000000000000000, 0.000000000000000000 ) ) ;
#2538 = CARTESIAN_POINT ( 'NONE',  ( 15.49999999999999822, 0.000000000000000000, 1.750000000000000666 ) ) ;
#2539 = CARTESIAN_POINT ( 'NONE',  ( -6.569999999999999396, 0.1750000000000000167, 3.070000000000000284 ) ) ;
#2540 = AXIS2_PLACEMENT_3D ( 'NONE', #6218, #4468, #4351 ) ;
#2541 = AXIS2_PLACEMENT_3D ( 'NONE', #941, #5208, #4578 ) ;
#2542 = DIRECTION ( 'NONE',  ( -0.000000000000000000, 1.000000000000000000, -0.000000000000000000 ) ) ;
#2543 = EDGE_CURVE ( 'NONE', #948, #5245, #4553, .T. ) ;
#2544 = VECTOR ( 'NONE', #7434, 1000.000000000000000 ) ;
#2545 = ORIENTED_EDGE ( 'NONE', *, *, #4999, .F. ) ;
#2546 = CIRCLE ( 'NONE', #774, 1.499999999999999556 ) ;
#2547 = LINE ( 'NONE', #6876, #5830 ) ;
#2548 = CARTESIAN_POINT ( 'NONE',  ( -9.500000000000001776, 3.499999999999999556, 0.2500000000000002220 ) ) ;
#2549 = LINE ( 'NONE', #5658, #1904 ) ;
#2550 = PLANE ( 'NONE',  #6081 ) ;
#2551 = AXIS2_PLACEMENT_3D ( 'NONE', #5505, #5541, #5027 ) ;
#2552 = CIRCLE ( 'NONE', #7678, 0.5500000000000010436 ) ;
#2553 = VERTEX_POINT ( 'NONE', #6438 ) ;
#2554 = CYLINDRICAL_SURFACE ( 'NONE', #2932, 1.500000000000000000 ) ;
#2555 = ADVANCED_FACE ( 'NONE', ( #3961 ), #4375, .T. ) ;
#2556 = ORIENTED_EDGE ( 'NONE', *, *, #4506, .F. ) ;
#2557 = DIRECTION ( 'NONE',  ( -0.000000000000000000, 1.000000000000000000, -0.000000000000000000 ) ) ;
#2558 = FACE_BOUND ( 'NONE', #3831, .T. ) ;
#2559 = DIRECTION ( 'NONE',  ( 4.956352788505166226E-16, 0.000000000000000000, -1.000000000000000000 ) ) ;
#2560 = DIRECTION ( 'NONE',  ( -0.000000000000000000, -1.000000000000000000, -0.000000000000000000 ) ) ;
#2561 = EDGE_CURVE ( 'NONE', #5597, #5197, #5585, .T. ) ;
#2562 = ORIENTED_EDGE ( 'NONE', *, *, #1908, .T. ) ;
#2563 = ORIENTED_EDGE ( 'NONE', *, *, #3645, .F. ) ;
#2564 = CYLINDRICAL_SURFACE ( 'NONE', #3323, 1.500000000000000444 ) ;
#2565 = ADVANCED_FACE ( 'NONE', ( #5229 ), #4968, .T. ) ;
#2566 = ORIENTED_EDGE ( 'NONE', *, *, #6248, .F. ) ;
#2567 = LINE ( 'NONE', #1419, #1537 ) ;
#2568 = DIRECTION ( 'NONE',  ( -0.000000000000000000, 0.000000000000000000, -1.000000000000000000 ) ) ;
#2569 = DIRECTION ( 'NONE',  ( -1.826024711554533913E-16, -0.000000000000000000, -1.000000000000000000 ) ) ;
#2570 = ORIENTED_EDGE ( 'NONE', *, *, #4898, .F. ) ;
#2571 = DIRECTION ( 'NONE',  ( 0.000000000000000000, 0.000000000000000000, -1.000000000000000000 ) ) ;
#2572 = EDGE_CURVE ( 'NONE', #3695, #6968, #2029, .T. ) ;
#2573 = DIRECTION ( 'NONE',  ( 0.000000000000000000, 0.000000000000000000, 1.000000000000000000 ) ) ;
#2574 = VERTEX_POINT ( 'NONE', #349 ) ;
#2575 = VERTEX_POINT ( 'NONE', #7426 ) ;
#2576 = VECTOR ( 'NONE', #5243, 1000.000000000000000 ) ;
#2577 = DIRECTION ( 'NONE',  ( -0.000000000000000000, -1.000000000000000000, -0.000000000000000000 ) ) ;
#2578 = VERTEX_POINT ( 'NONE', #2790 ) ;
#2579 = DIRECTION ( 'NONE',  ( -0.000000000000000000, -1.000000000000000000, -0.000000000000000000 ) ) ;
#2580 = DIRECTION ( 'NONE',  ( 0.000000000000000000, 0.000000000000000000, -1.000000000000000000 ) ) ;
#2581 = EDGE_CURVE ( 'NONE', #7361, #2824, #238, .T. ) ;
#2582 = FACE_BOUND ( 'NONE', #2294, .T. ) ;
#2583 = VECTOR ( 'NONE', #2389, 1000.000000000000000 ) ;
#2584 = ORIENTED_EDGE ( 'NONE', *, *, #6262, .F. ) ;
#2585 = AXIS2_PLACEMENT_3D ( 'NONE', #3057, #7342, #625 ) ;
#2586 = CARTESIAN_POINT ( 'NONE',  ( -9.000000000000000000, 0.4999999999999995559, 9.000000000000000000 ) ) ;
#2587 = CARTESIAN_POINT ( 'NONE',  ( -16.00000000000000000, 0.4999999999999995559, 0.000000000000000000 ) ) ;
#2588 = DIRECTION ( 'NONE',  ( 1.000000000000000000, 0.000000000000000000, 0.000000000000000000 ) ) ;
#2589 = DIRECTION ( 'NONE',  ( -0.000000000000000000, 1.000000000000000000, -0.000000000000000000 ) ) ;
#2590 = VERTEX_POINT ( 'NONE', #5789 ) ;
#2591 = DIRECTION ( 'NONE',  ( 0.000000000000000000, 1.000000000000000000, 0.000000000000000000 ) ) ;
#2592 = EDGE_CURVE ( 'NONE', #5283, #412, #885, .T. ) ;
#2593 = VERTEX_POINT ( 'NONE', #135 ) ;
#2594 = FACE_OUTER_BOUND ( 'NONE', #2825, .T. ) ;
#2595 = DIRECTION ( 'NONE',  ( 0.000000000000000000, 1.000000000000000000, 0.000000000000000000 ) ) ;
#2596 = CARTESIAN_POINT ( 'NONE',  ( -9.000000000000007105, 7.500000000000000000, -10.50000000000000000 ) ) ;
#2597 = FACE_OUTER_BOUND ( 'NONE', #518, .T. ) ;
#2598 = ORIENTED_EDGE ( 'NONE', *, *, #491, .F. ) ;
#2599 = ORIENTED_EDGE ( 'NONE', *, *, #6996, .T. ) ;
#2600 = PLANE ( 'NONE',  #3963 ) ;
#2601 = VERTEX_POINT ( 'NONE', #7689 ) ;
#2602 = DIRECTION ( 'NONE',  ( 0.000000000000000000, 0.000000000000000000, 1.000000000000000000 ) ) ;
#2603 = DIRECTION ( 'NONE',  ( 0.000000000000000000, 0.000000000000000000, 1.000000000000000000 ) ) ;
#2604 = CARTESIAN_POINT ( 'NONE',  ( 10.99999999999999467, 0.4999999999999995559, -7.864218330839934268 ) ) ;
#2605 = ORIENTED_EDGE ( 'NONE', *, *, #4472, .F. ) ;
#2606 = EDGE_CURVE ( 'NONE', #2052, #4722, #6761, .T. ) ;
#2607 = LINE ( 'NONE', #6332, #4918 ) ;
#2608 = APPLICATION_CONTEXT ( 'automotive_design' ) ;
#2609 = EDGE_CURVE ( 'NONE', #6451, #6381, #6252, .T. ) ;
#2610 = ADVANCED_FACE ( 'NONE', ( #5004 ), #3220, .T. ) ;
#2611 = DIRECTION ( 'NONE',  ( 0.000000000000000000, 0.000000000000000000, 1.000000000000000000 ) ) ;
#2612 = ORIENTED_EDGE ( 'NONE', *, *, #241, .T. ) ;
#2613 = ORIENTED_EDGE ( 'NONE', *, *, #6353, .F. ) ;
#2614 = PLANE ( 'NONE',  #6026 ) ;
#2615 = ADVANCED_FACE ( 'NONE', ( #6855 ), #1372, .T. ) ;
#2616 = ORIENTED_EDGE ( 'NONE', *, *, #7313, .F. ) ;
#2617 = CARTESIAN_POINT ( 'NONE',  ( 16.00000000000000000, 0.4999999999999995559, -9.000000000000000000 ) ) ;
#2618 = DIRECTION ( 'NONE',  ( -1.000000000000000000, 0.000000000000000000, -0.000000000000000000 ) ) ;
#2619 = DIRECTION ( 'NONE',  ( -0.000000000000000000, -1.000000000000000000, 0.000000000000000000 ) ) ;
#2620 = ADVANCED_FACE ( 'NONE', ( #5040 ), #2115, .F. ) ;
#2621 = EDGE_LOOP ( 'NONE', ( #1847, #2846, #5594, #7203 ) ) ;
#2622 = VECTOR ( 'NONE', #4162, 1000.000000000000000 ) ;
#2623 = CARTESIAN_POINT ( 'NONE',  ( -12.00000000000000355, 0.000000000000000000, -1.499999999999998446 ) ) ;
#2624 = CARTESIAN_POINT ( 'NONE',  ( 16.00000000000000000, 0.4999999999999995559, 8.199999999999997513 ) ) ;
#2625 = SURFACE_STYLE_FILL_AREA ( #841 ) ;
#2626 = LINE ( 'NONE', #1398, #2381 ) ;
#2627 = AXIS2_PLACEMENT_3D ( 'NONE', #7044, #4633, #928 ) ;
#2628 = ORIENTED_EDGE ( 'NONE', *, *, #7446, .F. ) ;
#2629 = CYLINDRICAL_SURFACE ( 'NONE', #3063, 0.2500000000000000000 ) ;
#2630 = ORIENTED_EDGE ( 'NONE', *, *, #5884, .F. ) ;
#2631 = DIRECTION ( 'NONE',  ( -2.628368902995162518E-16, 1.000000000000000000, -0.000000000000000000 ) ) ;
#2632 = AXIS2_PLACEMENT_3D ( 'NONE', #4478, #2589, #1438 ) ;
#2633 = EDGE_CURVE ( 'NONE', #779, #7600, #5334, .T. ) ;
#2634 = CARTESIAN_POINT ( 'NONE',  ( 15.50000000000000178, 0.000000000000000000, -4.350000000000001421 ) ) ;
#2635 = DIRECTION ( 'NONE',  ( -1.826024711554533913E-16, -0.000000000000000000, -1.000000000000000000 ) ) ;
#2636 = FACE_BOUND ( 'NONE', #6169, .T. ) ;
#2637 = EDGE_CURVE ( 'NONE', #4108, #592, #6237, .T. ) ;
#2638 = ORIENTED_EDGE ( 'NONE', *, *, #7853, .T. ) ;
#2639 = ORIENTED_EDGE ( 'NONE', *, *, #3947, .T. ) ;
#2640 = DIRECTION ( 'NONE',  ( 0.000000000000000000, -1.000000000000000000, 0.000000000000000000 ) ) ;
#2641 = ORIENTED_EDGE ( 'NONE', *, *, #570, .F. ) ;
#2642 = CARTESIAN_POINT ( 'NONE',  ( 5.999999999999999112, -1.199999999999998623, 0.1000000000000000056 ) ) ;
#2643 = DIRECTION ( 'NONE',  ( 0.000000000000000000, 0.000000000000000000, 1.000000000000000000 ) ) ;
#2644 = VERTEX_POINT ( 'NONE', #1075 ) ;
#2645 = DIRECTION ( 'NONE',  ( -0.000000000000000000, -1.000000000000000000, -0.000000000000000000 ) ) ;
#2646 = AXIS2_PLACEMENT_3D ( 'NONE', #1824, #585, #6551 ) ;
#2647 = DIRECTION ( 'NONE',  ( -9.637352644315595243E-17, 0.000000000000000000, -1.000000000000000000 ) ) ;
#2648 = ORIENTED_EDGE ( 'NONE', *, *, #4035, .F. ) ;
#2649 = ORIENTED_EDGE ( 'NONE', *, *, #1350, .T. ) ;
#2650 = CARTESIAN_POINT ( 'NONE',  ( -6.770000000000000462, -3.270000000000000462, -0.5000000000000000000 ) ) ;
#2651 = VECTOR ( 'NONE', #5654, 1000.000000000000000 ) ;
#2652 = ADVANCED_FACE ( 'NONE', ( #7760 ), #2828, .T. ) ;
#2653 = ORIENTED_EDGE ( 'NONE', *, *, #5103, .F. ) ;
#2654 = DIRECTION ( 'NONE',  ( 1.000000000000000000, 0.000000000000000000, 0.000000000000000000 ) ) ;
#2655 = DIRECTION ( 'NONE',  ( 0.000000000000000000, 0.000000000000000000, 1.000000000000000000 ) ) ;
#2656 = PRODUCT_DEFINITION_SHAPE ( 'NONE', 'NONE',  #2879 ) ;
#2657 = VECTOR ( 'NONE', #5186, 1000.000000000000000 ) ;
#2658 = CIRCLE ( 'NONE', #2525, 1.499999999999999556 ) ;
#2659 = EDGE_CURVE ( 'NONE', #1174, #1024, #2947, .T. ) ;
#2660 = CYLINDRICAL_SURFACE ( 'NONE', #551, 1.500000000000000000 ) ;
#2661 = CIRCLE ( 'NONE', #3044, 0.5000000000000004441 ) ;
#2662 = ORIENTED_EDGE ( 'NONE', *, *, #2920, .T. ) ;
#2663 = EDGE_CURVE ( 'NONE', #4493, #2052, #7783, .T. ) ;
#2664 = AXIS2_PLACEMENT_3D ( 'NONE', #7151, #2941, #4773 ) ;
#2665 = CARTESIAN_POINT ( 'NONE',  ( 5.549999999999999822, 2.000000000000000000, 0.1000000000000000056 ) ) ;
#2666 = CARTESIAN_POINT ( 'NONE',  ( 5.000000000000000000, 2.800000000000001155, 0.000000000000000000 ) ) ;
#2667 = VECTOR ( 'NONE', #7433, 1000.000000000000000 ) ;
#2668 = CARTESIAN_POINT ( 'NONE',  ( 8.604945506379110043, 7.500000000000000000, -9.695652173913043015 ) ) ;
#2669 = LINE ( 'NONE', #274, #5184 ) ;
#2670 = VECTOR ( 'NONE', #6780, 1000.000000000000000 ) ;
#2671 = AXIS2_PLACEMENT_3D ( 'NONE', #3006, #1176, #5434 ) ;
#2672 = VERTEX_POINT ( 'NONE', #7839 ) ;
#2673 = DIRECTION ( 'NONE',  ( 0.000000000000000000, 0.000000000000000000, 1.000000000000000000 ) ) ;
#2674 = ORIENTED_EDGE ( 'NONE', *, *, #4381, .F. ) ;
#2675 = PLANE ( 'NONE',  #4851 ) ;
#2676 = CARTESIAN_POINT ( 'NONE',  ( 4.299999999999999822, 2.799999999999999378, 0.000000000000000000 ) ) ;
#2677 = AXIS2_PLACEMENT_3D ( 'NONE', #7009, #403, #6444 ) ;
#2678 = DIRECTION ( 'NONE',  ( -0.000000000000000000, 1.000000000000000000, 0.000000000000000000 ) ) ;
#2679 = EDGE_CURVE ( 'NONE', #4420, #884, #6681, .T. ) ;
#2680 = CARTESIAN_POINT ( 'NONE',  ( 3.700000000000000178, 2.000000000000000000, 0.1000000000000000056 ) ) ;
#2681 = ADVANCED_FACE ( 'NONE', ( #4824 ), #1797, .F. ) ;
#2682 =( LENGTH_UNIT ( ) NAMED_UNIT ( * ) SI_UNIT ( .MILLI., .METRE. ) );
#2683 = ORIENTED_EDGE ( 'NONE', *, *, #4956, .F. ) ;
#2684 = EDGE_LOOP ( 'NONE', ( #847, #1295 ) ) ;
#2685 = DIRECTION ( 'NONE',  ( -0.000000000000000000, -1.000000000000000000, -0.000000000000000000 ) ) ;
#2686 = VERTEX_POINT ( 'NONE', #4665 ) ;
#2687 = CARTESIAN_POINT ( 'NONE',  ( -6.770000000000003126, 2.999999999999999556, 0.000000000000000000 ) ) ;
#2688 = PRODUCT_DEFINITION ( 'UNKNOWN', '', #459, #732 ) ;
#2689 = PRODUCT_DEFINITION_SHAPE ( 'NONE', 'NONE',  #7923 ) ;
#2690 = DIRECTION ( 'NONE',  ( -0.000000000000000000, 1.000000000000000000, -0.000000000000000000 ) ) ;
#2691 = ORIENTED_EDGE ( 'NONE', *, *, #6822, .F. ) ;
#2692 = FACE_OUTER_BOUND ( 'NONE', #5139, .T. ) ;
#2693 = DIRECTION ( 'NONE',  ( 0.000000000000000000, 0.000000000000000000, -1.000000000000000000 ) ) ;
#2694 = EDGE_LOOP ( 'NONE', ( #4452, #1932, #2146, #4873 ) ) ;
#2695 = EDGE_LOOP ( 'NONE', ( #962, #5130, #6670, #198 ) ) ;
#2696 = CARTESIAN_POINT ( 'NONE',  ( -7.864218330839943150, 0.4999999999999995559, -9.500000000000000000 ) ) ;
#2697 = ADVANCED_FACE ( 'NONE', ( #1638 ), #1161, .T. ) ;
#2698 = ORIENTED_EDGE ( 'NONE', *, *, #5935, .T. ) ;
#2699 = CARTESIAN_POINT ( 'NONE',  ( -0.4300000000000025469, 3.070000000000000284, -0.5000000000000000000 ) ) ;
#2700 = CYLINDRICAL_SURFACE ( 'NONE', #1519, 1.499999999999999556 ) ;
#2701 = PLANE ( 'NONE',  #1827 ) ;
#2702 = EDGE_CURVE ( 'NONE', #6435, #6565, #5327, .T. ) ;
#2703 = AXIS2_PLACEMENT_3D ( 'NONE', #2134, #5841, #2693 ) ;
#2704 = ORIENTED_EDGE ( 'NONE', *, *, #2490, .F. ) ;
#2705 = LINE ( 'NONE', #2069, #481 ) ;
#2706 = DIRECTION ( 'NONE',  ( 0.000000000000000000, -1.000000000000000000, 0.000000000000000000 ) ) ;
#2707 = CARTESIAN_POINT ( 'NONE',  ( -16.00000000000000000, 0.000000000000000000, -1.500000000000000666 ) ) ;
#2708 = VECTOR ( 'NONE', #1044, 1000.000000000000000 ) ;
#2709 = EDGE_CURVE ( 'NONE', #4269, #4722, #1712, .T. ) ;
#2710 = LINE ( 'NONE', #5578, #467 ) ;
#2711 = ADVANCED_FACE ( 'NONE', ( #4072 ), #4111, .T. ) ;
#2712 = VECTOR ( 'NONE', #5171, 1000.000000000000000 ) ;
#2713 = EDGE_LOOP ( 'NONE', ( #3765, #3230, #3783, #4166 ) ) ;
#2714 = VERTEX_POINT ( 'NONE', #5298 ) ;
#2715 = DIRECTION ( 'NONE',  ( 1.000000000000000000, 0.000000000000000000, 0.000000000000000000 ) ) ;
#2716 = EDGE_CURVE ( 'NONE', #7873, #1945, #4711, .T. ) ;
#2717 = DIRECTION ( 'NONE',  ( 0.000000000000000000, -1.000000000000000000, -0.000000000000000000 ) ) ;
#2718 = DIRECTION ( 'NONE',  ( 0.000000000000000000, 0.000000000000000000, 1.000000000000000000 ) ) ;
#2719 = CYLINDRICAL_SURFACE ( 'NONE', #4296, 1.499999999999999556 ) ;
#2720 = APPLICATION_PROTOCOL_DEFINITION ( 'draft international standard', 'automotive_design', 1998, #725 ) ;
#2721 = ORIENTED_EDGE ( 'NONE', *, *, #2013, .F. ) ;
#2722 = VERTEX_POINT ( 'NONE', #5342 ) ;
#2723 = PLANE ( 'NONE',  #2421 ) ;
#2724 = VERTEX_POINT ( 'NONE', #4147 ) ;
#2725 = CARTESIAN_POINT ( 'NONE',  ( -6.770000000000000462, -3.270000000000000462, -0.5000000000000000000 ) ) ;
#2726 = CARTESIAN_POINT ( 'NONE',  ( -6.800000000000001599, 3.299999999999999822, -1.399999999999999911 ) ) ;
#2727 = ORIENTED_EDGE ( 'NONE', *, *, #1228, .T. ) ;
#2728 = DIRECTION ( 'NONE',  ( -1.652117596168387756E-16, 0.000000000000000000, 1.000000000000000000 ) ) ;
#2729 = CYLINDRICAL_SURFACE ( 'NONE', #278, 1.500000000000000000 ) ;
#2730 = VERTEX_POINT ( 'NONE', #1114 ) ;
#2731 = ORIENTED_EDGE ( 'NONE', *, *, #6631, .T. ) ;
#2732 = CARTESIAN_POINT ( 'NONE',  ( 16.00000000000000000, 0.4999999999999995559, -9.000000000000000000 ) ) ;
#2733 = ORIENTED_EDGE ( 'NONE', *, *, #2233, .F. ) ;
#2734 = FACE_OUTER_BOUND ( 'NONE', #1238, .T. ) ;
#2735 = DIRECTION ( 'NONE',  ( -0.000000000000000000, 1.000000000000000000, -0.000000000000000000 ) ) ;
#2736 = CARTESIAN_POINT ( 'NONE',  ( -9.000000000000000000, 7.500000000000000000, -9.000000000000000000 ) ) ;
#2737 = EDGE_CURVE ( 'NONE', #7725, #7090, #3552, .T. ) ;
#2738 = ORIENTED_EDGE ( 'NONE', *, *, #6036, .T. ) ;
#2739 = DIRECTION ( 'NONE',  ( -0.000000000000000000, 1.000000000000000000, -0.000000000000000000 ) ) ;
#2740 = SURFACE_STYLE_USAGE ( .BOTH. , #271 ) ;
#2741 = LINE ( 'NONE', #2150, #6244 ) ;
#2742 = LINE ( 'NONE', #7599, #6476 ) ;
#2743 = EDGE_LOOP ( 'NONE', ( #6247, #6713, #3380, #7276, #4972, #4331, #6773, #2755, #1159, #743, #574, #7314, #2181, #3372, #2155, #4318, #4250, #7504, #4801, #384, #7788, #5618, #5907 ) ) ;
#2744 = EDGE_LOOP ( 'NONE', ( #5953, #2853, #6815, #4763 ) ) ;
#2745 = DIRECTION ( 'NONE',  ( 0.000000000000000000, 0.000000000000000000, 1.000000000000000000 ) ) ;
#2746 = EDGE_CURVE ( 'NONE', #7757, #7430, #757, .T. ) ;
#2747 = LINE ( 'NONE', #2829, #355 ) ;
#2748 = DIRECTION ( 'NONE',  ( 0.000000000000000000, 0.000000000000000000, 1.000000000000000000 ) ) ;
#2749 = VECTOR ( 'NONE', #2806, 1000.000000000000000 ) ;
#2750 = DIRECTION ( 'NONE',  ( 0.000000000000000000, 0.000000000000000000, -1.000000000000000000 ) ) ;
#2751 = EDGE_CURVE ( 'NONE', #4893, #2436, #5867, .T. ) ;
#2752 =( REPRESENTATION_RELATIONSHIP ('NONE','NONE', #6546, #5512 ) REPRESENTATION_RELATIONSHIP_WITH_TRANSFORMATION ( #7882 )SHAPE_REPRESENTATION_RELATIONSHIP( ) );
#2753 = VERTEX_POINT ( 'NONE', #396 ) ;
#2754 = FACE_OUTER_BOUND ( 'NONE', #1503, .T. ) ;
#2755 = ORIENTED_EDGE ( 'NONE', *, *, #7164, .T. ) ;
#2756 = CARTESIAN_POINT ( 'NONE',  ( -9.000000000000007105, 0.000000000000000000, 10.50000000000000000 ) ) ;
#2757 = EDGE_CURVE ( 'NONE', #5882, #6735, #5911, .T. ) ;
#2758 = LINE ( 'NONE', #4609, #1516 ) ;
#2759 = EDGE_LOOP ( 'NONE', ( #736, #382, #1230, #5698 ) ) ;
#2760 = SHAPE_REPRESENTATION ( 'PTFE Wrap', ( #152 ), #6210 ) ;
#2761 = CARTESIAN_POINT ( 'NONE',  ( 6.569999999999998508, -3.070000000000001172, -0.5000000000000000000 ) ) ;
#2762 = VECTOR ( 'NONE', #6920, 1000.000000000000000 ) ;
#2763 = CARTESIAN_POINT ( 'NONE',  ( -3.200000000000000178, -2.000000000000000000, 0.1000000000000000056 ) ) ;
#2764 = ORIENTED_EDGE ( 'NONE', *, *, #1390, .T. ) ;
#2765 = ORIENTED_EDGE ( 'NONE', *, *, #4143, .F. ) ;
#2766 = CARTESIAN_POINT ( 'NONE',  ( 16.00000000000000000, 0.000000000000000000, 7.950000000000000178 ) ) ;
#2767 = AXIS2_PLACEMENT_3D ( 'NONE', #2109, #1560, #4626 ) ;
#2768 = VECTOR ( 'NONE', #4509, 1000.000000000000000 ) ;
#2769 = VERTEX_POINT ( 'NONE', #3200 ) ;
#2770 = AXIS2_PLACEMENT_3D ( 'NONE', #1113, #4233, #4146 ) ;
#2771 = DIRECTION ( 'NONE',  ( -0.000000000000000000, 1.000000000000000000, -0.000000000000000000 ) ) ;
#2772 = DIRECTION ( 'NONE',  ( 1.000000000000000000, 0.000000000000000000, 0.000000000000000000 ) ) ;
#2773 = CLOSED_SHELL ( 'NONE', ( #2470, #1593, #7712, #3296, #4658, #1745 ) ) ;
#2774 = DIRECTION ( 'NONE',  ( 0.000000000000000000, 0.000000000000000000, 1.000000000000000000 ) ) ;
#2775 = ADVANCED_FACE ( 'NONE', ( #5499 ), #716, .F. ) ;
#2776 = VECTOR ( 'NONE', #5861, 1000.000000000000000 ) ;
#2777 = EDGE_LOOP ( 'NONE', ( #6178, #5582, #2884, #6678 ) ) ;
#2778 = CARTESIAN_POINT ( 'NONE',  ( 6.769999999999996909, 3.500000000000000888, 0.000000000000000000 ) ) ;
#2779 = LINE ( 'NONE', #5175, #4831 ) ;
#2780 = VECTOR ( 'NONE', #2949, 1000.000000000000000 ) ;
#2781 = PRODUCT_RELATED_PRODUCT_CATEGORY ( 'part', '', ( #1828 ) ) ;
#2782 = PRESENTATION_STYLE_ASSIGNMENT (( #7036 ) ) ;
#2783 = VECTOR ( 'NONE', #5461, 1000.000000000000000 ) ;
#2784 = VECTOR ( 'NONE', #2986, 1000.000000000000000 ) ;
#2785 = CYLINDRICAL_SURFACE ( 'NONE', #2396, 0.2500000000000002220 ) ;
#2786 = ORIENTED_EDGE ( 'NONE', *, *, #7063, .T. ) ;
#2787 = VECTOR ( 'NONE', #6799, 1000.000000000000000 ) ;
#2788 = ORIENTED_EDGE ( 'NONE', *, *, #846, .F. ) ;
#2789 = DIRECTION ( 'NONE',  ( -0.000000000000000000, 1.000000000000000000, -0.000000000000000000 ) ) ;
#2790 = CARTESIAN_POINT ( 'NONE',  ( 6.770000000000000462, 0.000000000000000000, 3.270000000000000018 ) ) ;
#2791 = FACE_OUTER_BOUND ( 'NONE', #4082, .T. ) ;
#2792 = CARTESIAN_POINT ( 'NONE',  ( 16.00000000000000000, 7.500000000000000000, -9.800000000000000711 ) ) ;
#2793 = CYLINDRICAL_SURFACE ( 'NONE', #1104, 1.500000000000000000 ) ;
#2794 = AXIS2_PLACEMENT_3D ( 'NONE', #5212, #7592, #2654 ) ;
#2795 = AXIS2_PLACEMENT_3D ( 'NONE', #539, #3615, #4765 ) ;
#2796 = APPLICATION_PROTOCOL_DEFINITION ( 'draft international standard', 'automotive_design', 1998, #1798 ) ;
#2797 = ADVANCED_FACE ( 'NONE', ( #1352 ), #149, .T. ) ;
#2798 = ORIENTED_EDGE ( 'NONE', *, *, #4378, .F. ) ;
#2799 = CARTESIAN_POINT ( 'NONE',  ( -4.299999999999999822, -1.199999999999999734, 0.1000000000000000056 ) ) ;
#2800 = ORIENTED_EDGE ( 'NONE', *, *, #4362, .F. ) ;
#2801 = CIRCLE ( 'NONE', #5605, 0.2500000000000002220 ) ;
#2802 = CARTESIAN_POINT ( 'NONE',  ( -6.769999999999997797, 0.7500000000000000000, 3.270000000000000018 ) ) ;
#2803 = AXIS2_PLACEMENT_3D ( 'NONE', #7545, #6328, #7425 ) ;
#2804 = DIRECTION ( 'NONE',  ( 0.000000000000000000, 0.000000000000000000, -1.000000000000000000 ) ) ;
#2805 = EDGE_LOOP ( 'NONE', ( #6705, #5758, #3970, #1756 ) ) ;
#2806 = DIRECTION ( 'NONE',  ( 1.000000000000000000, 0.000000000000000000, 0.000000000000000000 ) ) ;
#2807 = VECTOR ( 'NONE', #7751, 1000.000000000000000 ) ;
#2808 = PLANE ( 'NONE',  #7569 ) ;
#2809 = VERTEX_POINT ( 'NONE', #4940 ) ;
#2810 = AXIS2_PLACEMENT_3D ( 'NONE', #3327, #7075, #2715 ) ;
#2811 = EDGE_CURVE ( 'NONE', #6365, #2328, #4867, .T. ) ;
#2812 = ORIENTED_EDGE ( 'NONE', *, *, #6385, .T. ) ;
#2813 = CARTESIAN_POINT ( 'NONE',  ( 3.299999999999998934, 2.799999999999999378, 0.1000000000000000056 ) ) ;
#2814 = ORIENTED_EDGE ( 'NONE', *, *, #6630, .F. ) ;
#2815 = EDGE_CURVE ( 'NONE', #2012, #1241, #5535, .T. ) ;
#2816 = FACE_OUTER_BOUND ( 'NONE', #3594, .T. ) ;
#2817 = CYLINDRICAL_SURFACE ( 'NONE', #5384, 1.500000000000000000 ) ;
#2818 = ORIENTED_EDGE ( 'NONE', *, *, #4030, .T. ) ;
#2819 = VERTEX_POINT ( 'NONE', #680 ) ;
#2820 = CARTESIAN_POINT ( 'NONE',  ( -4.299999999999999822, -1.199999999999999734, 0.1000000000000000056 ) ) ;
#2821 = CARTESIAN_POINT ( 'NONE',  ( -16.00000000000000000, 0.4999999999999995559, 1.734723475976807094E-15 ) ) ;
#2822 = CARTESIAN_POINT ( 'NONE',  ( 9.000000000000001776, 0.000000000000000000, 8.999999999999998224 ) ) ;
#2823 = DIRECTION ( 'NONE',  ( 1.000000000000000000, 0.000000000000000000, 0.000000000000000000 ) ) ;
#2824 = VERTEX_POINT ( 'NONE', #6877 ) ;
#2825 = EDGE_LOOP ( 'NONE', ( #4854, #5755, #5660, #3959 ) ) ;
#2826 = AXIS2_PLACEMENT_3D ( 'NONE', #1942, #1339, #6212 ) ;
#2827 = CARTESIAN_POINT ( 'NONE',  ( -1.349999999999999645, 2.000000000000000000, 0.1000000000000000056 ) ) ;
#2828 = PLANE ( 'NONE',  #7648 ) ;
#2829 = CARTESIAN_POINT ( 'NONE',  ( -9.000000000000000000, -3.000000000000000444, -18.00000000000000000 ) ) ;
#2830 = CYLINDRICAL_SURFACE ( 'NONE', #7258, 1.499999999999999556 ) ;
#2831 = DIRECTION ( 'NONE',  ( 0.000000000000000000, 1.000000000000000000, 0.000000000000000000 ) ) ;
#2832 = CARTESIAN_POINT ( 'NONE',  ( 9.000000000000000000, 2.999999999999999556, -18.00000000000000000 ) ) ;
#2833 = CIRCLE ( 'NONE', #26, 0.5000000000000000000 ) ;
#2834 = APPLICATION_PROTOCOL_DEFINITION ( 'draft international standard', 'automotive_design', 1998, #6860 ) ;
#2835 = EDGE_CURVE ( 'NONE', #5786, #4137, #6888, .T. ) ;
#2836 = ORIENTED_EDGE ( 'NONE', *, *, #3342, .T. ) ;
#2837 = DIRECTION ( 'NONE',  ( -0.000000000000000000, 1.000000000000000000, -0.000000000000000000 ) ) ;
#2838 = ORIENTED_EDGE ( 'NONE', *, *, #6721, .F. ) ;
#2839 = DIRECTION ( 'NONE',  ( 0.000000000000000000, 1.000000000000000000, 0.000000000000000000 ) ) ;
#2840 = CARTESIAN_POINT ( 'NONE',  ( -9.000000000000000000, 2.999999999999999556, 0.000000000000000000 ) ) ;
#2841 = CIRCLE ( 'NONE', #2462, 0.8000000000000003775 ) ;
#2842 = VERTEX_POINT ( 'NONE', #7354 ) ;
#2843 = CARTESIAN_POINT ( 'NONE',  ( 9.500000000000000000, 0.5000000000000004441, 7.600000000000000533 ) ) ;
#2844 = LINE ( 'NONE', #2763, #2576 ) ;
#2845 = ORIENTED_EDGE ( 'NONE', *, *, #6221, .T. ) ;
#2846 = ORIENTED_EDGE ( 'NONE', *, *, #3702, .F. ) ;
#2847 = CARTESIAN_POINT ( 'NONE',  ( -12.00000000000000533, 7.500000000000000000, 1.500000000000004219 ) ) ;
#2848 = ORIENTED_EDGE ( 'NONE', *, *, #5012, .T. ) ;
#2849 = EDGE_CURVE ( 'NONE', #2672, #2578, #5458, .T. ) ;
#2850 = DIRECTION ( 'NONE',  ( 0.000000000000000000, 0.000000000000000000, 1.000000000000000000 ) ) ;
#2851 = ADVANCED_FACE ( 'NONE', ( #6065 ), #3072, .T. ) ;
#2852 = LINE ( 'NONE', #3949, #2712 ) ;
#2853 = ORIENTED_EDGE ( 'NONE', *, *, #7106, .T. ) ;
#2854 = EDGE_CURVE ( 'NONE', #7090, #7374, #4902, .T. ) ;
#2855 = ORIENTED_EDGE ( 'NONE', *, *, #3813, .T. ) ;
#2856 = FACE_BOUND ( 'NONE', #6298, .T. ) ;
#2857 = LINE ( 'NONE', #2978, #4829 ) ;
#2858 = LINE ( 'NONE', #2940, #6116 ) ;
#2859 = EDGE_CURVE ( 'NONE', #6842, #6961, #7477, .T. ) ;
#2860 = PRESENTATION_STYLE_ASSIGNMENT (( #304 ) ) ;
#2861 = CARTESIAN_POINT ( 'NONE',  ( -5.000000000000000000, 2.799999999999999822, 0.1000000000000000056 ) ) ;
#2862 = EDGE_CURVE ( 'NONE', #5114, #7427, #7317, .T. ) ;
#2863 = ORIENTED_EDGE ( 'NONE', *, *, #4229, .T. ) ;
#2864 = EDGE_LOOP ( 'NONE', ( #1661, #2641, #7609, #657 ) ) ;
#2865 = FACE_OUTER_BOUND ( 'NONE', #921, .T. ) ;
#2866 = DIRECTION ( 'NONE',  ( -1.000000000000000000, 0.000000000000000000, 0.000000000000000000 ) ) ;
#2867 = CARTESIAN_POINT ( 'NONE',  ( 9.000000000000000000, 2.999999999999999556, 0.000000000000000000 ) ) ;
#2868 = DIRECTION ( 'NONE',  ( 0.000000000000000000, 0.000000000000000000, 1.000000000000000000 ) ) ;
#2869 = DIRECTION ( 'NONE',  ( 0.000000000000000000, -1.000000000000000000, 0.000000000000000000 ) ) ;
#2870 = CARTESIAN_POINT ( 'NONE',  ( 15.50000000000000178, 0.000000000000000000, -5.500000000000000000 ) ) ;
#2871 = PRODUCT_CONTEXT ( 'NONE', #5876, 'mechanical' ) ;
#2872 = ORIENTED_EDGE ( 'NONE', *, *, #4819, .T. ) ;
#2873 = DIRECTION ( 'NONE',  ( 0.000000000000000000, 1.000000000000000000, 0.000000000000000000 ) ) ;
#2874 = ORIENTED_EDGE ( 'NONE', *, *, #668, .T. ) ;
#2875 = DIRECTION ( 'NONE',  ( 0.000000000000000000, -1.000000000000000000, 0.000000000000000000 ) ) ;
#2876 = AXIS2_PLACEMENT_3D ( 'NONE', #3376, #2645, #5676 ) ;
#2877 = DIRECTION ( 'NONE',  ( -0.000000000000000000, 1.000000000000000000, -0.000000000000000000 ) ) ;
#2878 = ORIENTED_EDGE ( 'NONE', *, *, #5690, .F. ) ;
#2879 = PRODUCT_DEFINITION ( 'UNKNOWN', '', #3013, #3124 ) ;
#2880 = CARTESIAN_POINT ( 'NONE',  ( -4.299999999999999822, 2.799999999999998490, 0.1000000000000000056 ) ) ;
#2881 = AXIS2_PLACEMENT_3D ( 'NONE', #7647, #6967, #246 ) ;
#2882 = CIRCLE ( 'NONE', #3527, 0.5000000000000000000 ) ;
#2883 = ORIENTED_EDGE ( 'NONE', *, *, #22, .F. ) ;
#2884 = ORIENTED_EDGE ( 'NONE', *, *, #4761, .T. ) ;
#2885 = CARTESIAN_POINT ( 'NONE',  ( -8.999999999999998224, 6.000000000000000000, 8.999999999999998224 ) ) ;
#2886 = EDGE_LOOP ( 'NONE', ( #48, #3784, #1029, #5595 ) ) ;
#2887 = CARTESIAN_POINT ( 'NONE',  ( 13.99999999999999822, 0.000000000000000000, -1.749999999999998890 ) ) ;
#2888 = LINE ( 'NONE', #543, #5516 ) ;
#2889 = ORIENTED_EDGE ( 'NONE', *, *, #7685, .F. ) ;
#2890 = ORIENTED_EDGE ( 'NONE', *, *, #3328, .F. ) ;
#2891 = ADVANCED_FACE ( 'NONE', ( #5023 ), #1316, .T. ) ;
#2892 = FACE_BOUND ( 'NONE', #4144, .T. ) ;
#2893 = DIRECTION ( 'NONE',  ( 0.000000000000000000, 1.000000000000000000, 0.000000000000000000 ) ) ;
#2894 = LINE ( 'NONE', #1034, #3700 ) ;
#2895 = DIRECTION ( 'NONE',  ( -1.387778780781446149E-14, 0.000000000000000000, -1.000000000000000000 ) ) ;
#2896 = AXIS2_PLACEMENT_3D ( 'NONE', #2512, #7244, #1171 ) ;
#2897 = EDGE_CURVE ( 'NONE', #5732, #6451, #4356, .T. ) ;
#2898 = DIRECTION ( 'NONE',  ( -1.000000000000000000, -1.412641267082090664E-16, 0.000000000000000000 ) ) ;
#2899 = VECTOR ( 'NONE', #986, 1000.000000000000000 ) ;
#2900 = AXIS2_PLACEMENT_3D ( 'NONE', #1913, #1347, #835 ) ;
#2901 = EDGE_CURVE ( 'NONE', #3088, #5643, #2923, .T. ) ;
#2902 = VERTEX_POINT ( 'NONE', #1834 ) ;
#2903 = AXIS2_PLACEMENT_3D ( 'NONE', #4149, #3715, #4304 ) ;
#2904 = EDGE_LOOP ( 'NONE', ( #4637, #562 ) ) ;
#2905 = PLANE ( 'NONE',  #3928 ) ;
#2906 = CARTESIAN_POINT ( 'NONE',  ( 5.999999999999999112, -1.199999999999998623, 0.000000000000000000 ) ) ;
#2907 = CIRCLE ( 'NONE', #5209, 0.2500000000000002220 ) ;
#2908 = CARTESIAN_POINT ( 'NONE',  ( 6.050000000000000711, -2.000000000000000000, 0.1000000000000000056 ) ) ;
#2909 = DIRECTION ( 'NONE',  ( 1.000000000000000000, 0.000000000000000000, 0.000000000000000000 ) ) ;
#2910 = PLANE ( 'NONE',  #2627 ) ;
#2911 = CIRCLE ( 'NONE', #1097, 1.049999999999998934 ) ;
#2912 = DIRECTION ( 'NONE',  ( 0.000000000000000000, 0.000000000000000000, 1.000000000000000000 ) ) ;
#2913 = VECTOR ( 'NONE', #2271, 1000.000000000000000 ) ;
#2914 = ORIENTED_EDGE ( 'NONE', *, *, #7464, .T. ) ;
#2915 = FACE_BOUND ( 'NONE', #5560, .T. ) ;
#2916 = ORIENTED_EDGE ( 'NONE', *, *, #5974, .T. ) ;
#2917 = LINE ( 'NONE', #532, #6648 ) ;
#2918 = ADVANCED_FACE ( 'NONE', ( #4272 ), #1917, .T. ) ;
#2919 = CARTESIAN_POINT ( 'NONE',  ( 6.769999999999997797, 3.269999999999999574, -0.5000000000000000000 ) ) ;
#2920 = EDGE_CURVE ( 'NONE', #5340, #2722, #1232, .T. ) ;
#2921 = COLOUR_RGB ( '',0.7921568627450980005, 0.8196078431372548767, 0.9333333333333333481 ) ;
#2922 = ORIENTED_EDGE ( 'NONE', *, *, #3153, .F. ) ;
#2923 = CIRCLE ( 'NONE', #6375, 0.8000000000000003775 ) ;
#2924 = LINE ( 'NONE', #5923, #2622 ) ;
#2925 = ORIENTED_EDGE ( 'NONE', *, *, #2452, .T. ) ;
#2926 = CIRCLE ( 'NONE', #4206, 1.500000000000000000 ) ;
#2927 = ORIENTED_EDGE ( 'NONE', *, *, #1203, .T. ) ;
#2928 = PRESENTATION_LAYER_ASSIGNMENT (  '', '', ( #3957 ) ) ;
#2929 = DIRECTION ( 'NONE',  ( 0.000000000000000000, 1.000000000000000000, 0.000000000000000000 ) ) ;
#2930 = VERTEX_POINT ( 'NONE', #1957 ) ;
#2931 = DIRECTION ( 'NONE',  ( -0.000000000000000000, 0.000000000000000000, 1.000000000000000000 ) ) ;
#2932 = AXIS2_PLACEMENT_3D ( 'NONE', #4400, #6843, #5624 ) ;
#2933 = VECTOR ( 'NONE', #740, 1000.000000000000000 ) ;
#2934 = PLANE ( 'NONE',  #5013 ) ;
#2935 = VERTEX_POINT ( 'NONE', #2666 ) ;
#2936 = VERTEX_POINT ( 'NONE', #3388 ) ;
#2937 = EDGE_CURVE ( 'NONE', #6487, #3337, #2779, .T. ) ;
#2938 = DIRECTION ( 'NONE',  ( 1.000000000000000000, -0.000000000000000000, 4.956352788505166226E-16 ) ) ;
#2939 = CYLINDRICAL_SURFACE ( 'NONE', #6505, 0.4999999999999995559 ) ;
#2940 = CARTESIAN_POINT ( 'NONE',  ( -5.049999999999999822, 6.123233995736775897E-17, 0.1000000000000000056 ) ) ;
#2941 = DIRECTION ( 'NONE',  ( -0.000000000000000000, -0.000000000000000000, -1.000000000000000000 ) ) ;
#2942 = EDGE_CURVE ( 'NONE', #1903, #6105, #1395, .T. ) ;
#2943 = DIRECTION ( 'NONE',  ( -0.000000000000000000, 1.000000000000000000, -0.000000000000000000 ) ) ;
#2944 = ORIENTED_EDGE ( 'NONE', *, *, #804, .T. ) ;
#2945 = ORIENTED_EDGE ( 'NONE', *, *, #7906, .F. ) ;
#2946 = LINE ( 'NONE', #6643, #6352 ) ;
#2947 = LINE ( 'NONE', #2347, #5973 ) ;
#2948 = DIRECTION ( 'NONE',  ( 0.000000000000000000, 1.000000000000000000, 0.000000000000000000 ) ) ;
#2949 = DIRECTION ( 'NONE',  ( -1.239088197126290817E-16, 1.000000000000000000, -0.000000000000000000 ) ) ;
#2950 = ADVANCED_FACE ( 'NONE', ( #839 ), #2034, .T. ) ;
#2951 = LINE ( 'NONE', #5382, #1873 ) ;
#2952 = EDGE_CURVE ( 'NONE', #3520, #7145, #499, .T. ) ;
#2953 = DIRECTION ( 'NONE',  ( 0.000000000000000000, 0.000000000000000000, -1.000000000000000000 ) ) ;
#2954 = CONTEXT_DEPENDENT_SHAPE_REPRESENTATION ( #5359, #3068 ) ;
#2955 = VECTOR ( 'NONE', #3936, 1000.000000000000000 ) ;
#2956 = ORIENTED_EDGE ( 'NONE', *, *, #6727, .F. ) ;
#2957 = ADVANCED_FACE ( 'NONE', ( #3272 ), #5107, .F. ) ;
#2958 = DIRECTION ( 'NONE',  ( 0.000000000000000000, 0.000000000000000000, 1.000000000000000000 ) ) ;
#2959 = VERTEX_POINT ( 'NONE', #5744 ) ;
#2960 = EDGE_CURVE ( 'NONE', #5235, #5283, #7681, .T. ) ;
#2961 = LINE ( 'NONE', #5390, #5479 ) ;
#2962 = CARTESIAN_POINT ( 'NONE',  ( -6.570000000000002061, 3.070000000000000284, -1.074999999999999956 ) ) ;
#2963 = ORIENTED_EDGE ( 'NONE', *, *, #1487, .T. ) ;
#2964 = DIRECTION ( 'NONE',  ( 0.000000000000000000, -1.000000000000000000, 0.000000000000000000 ) ) ;
#2965 = AXIS2_PLACEMENT_3D ( 'NONE', #438, #4751, #3445 ) ;
#2966 = DIRECTION ( 'NONE',  ( 0.000000000000000000, 0.000000000000000000, 1.000000000000000000 ) ) ;
#2967 = VERTEX_POINT ( 'NONE', #2624 ) ;
#2968 = ORIENTED_EDGE ( 'NONE', *, *, #6414, .F. ) ;
#2969 = DIRECTION ( 'NONE',  ( 0.000000000000000000, 0.000000000000000000, 1.000000000000000000 ) ) ;
#2970 = CARTESIAN_POINT ( 'NONE',  ( -6.800000000000000711, -3.299999999999999822, -1.399999999999999911 ) ) ;
#2971 = ORIENTED_EDGE ( 'NONE', *, *, #4709, .F. ) ;
#2972 = ADVANCED_FACE ( 'NONE', ( #800 ), #7563, .T. ) ;
#2973 = LINE ( 'NONE', #379, #4326 ) ;
#2974 = CARTESIAN_POINT ( 'NONE',  ( -5.049999999999999822, -2.000000000000000000, 0.1000000000000000056 ) ) ;
#2975 = ORIENTED_EDGE ( 'NONE', *, *, #4024, .F. ) ;
#2976 = DIRECTION ( 'NONE',  ( -1.412641267082090664E-16, 0.000000000000000000, -1.000000000000000000 ) ) ;
#2977 = ADVANCED_FACE ( 'NONE', ( #2070 ), #2107, .F. ) ;
#2978 = CARTESIAN_POINT ( 'NONE',  ( -6.770000000000001350, 3.269999999999999574, 0.000000000000000000 ) ) ;
#2979 = FACE_BOUND ( 'NONE', #893, .T. ) ;
#2980 = LINE ( 'NONE', #3590, #5729 ) ;
#2981 = DIRECTION ( 'NONE',  ( -1.236061108696829207E-16, -0.000000000000000000, -1.000000000000000000 ) ) ;
#2982 = ADVANCED_FACE ( 'NONE', ( #3879 ), #1473, .T. ) ;
#2983 = ORIENTED_EDGE ( 'NONE', *, *, #106, .F. ) ;
#2984 = EDGE_LOOP ( 'NONE', ( #7817, #2194, #1856, #3415 ) ) ;
#2985 = DIRECTION ( 'NONE',  ( 1.000000000000000000, 0.000000000000000000, -0.000000000000000000 ) ) ;
#2986 = DIRECTION ( 'NONE',  ( -1.000000000000000000, -0.000000000000000000, -0.000000000000000000 ) ) ;
#2987 = CARTESIAN_POINT ( 'NONE',  ( -11.00000000000000178, 7.500000000000000000, 7.864218330839946702 ) ) ;
#2988 = CARTESIAN_POINT ( 'NONE',  ( -12.00000000000000355, 0.000000000000000000, -1.499999999999998446 ) ) ;
#2989 = CARTESIAN_POINT ( 'NONE',  ( 9.249999999999998224, 0.000000000000000000, 0.5000000000000000000 ) ) ;
#2990 = APPLICATION_PROTOCOL_DEFINITION ( 'draft international standard', 'automotive_design', 1998, #975 ) ;
#2991 = ORIENTED_EDGE ( 'NONE', *, *, #4387, .F. ) ;
#2992 = DIRECTION ( 'NONE',  ( -1.652117596168387756E-16, 0.000000000000000000, 1.000000000000000000 ) ) ;
#2993 = EDGE_CURVE ( 'NONE', #5080, #2136, #7518, .T. ) ;
#2994 = ORIENTED_EDGE ( 'NONE', *, *, #1318, .T. ) ;
#2995 = CARTESIAN_POINT ( 'NONE',  ( -2.349999999999999645, -2.000000000000000000, 0.1000000000000000056 ) ) ;
#2996 = LINE ( 'NONE', #4836, #6229 ) ;
#2997 = DIRECTION ( 'NONE',  ( -0.000000000000000000, 1.000000000000000000, -0.000000000000000000 ) ) ;
#2998 = CARTESIAN_POINT ( 'NONE',  ( -8.999999999999998224, 0.000000000000000000, 8.999999999999998224 ) ) ;
#2999 = ADVANCED_FACE ( 'NONE', ( #7632 ), #6312, .F. ) ;
#3000 = ORIENTED_EDGE ( 'NONE', *, *, #7796, .F. ) ;
#3001 = MANIFOLD_SOLID_BREP ( 'Cut-Extrude1', #5449 ) ;
#3002 = VERTEX_POINT ( 'NONE', #388 ) ;
#3003 = VECTOR ( 'NONE', #7616, 1000.000000000000000 ) ;
#3004 = ADVANCED_FACE ( 'NONE', ( #4140 ), #303, .F. ) ;
#3005 = ORIENTED_EDGE ( 'NONE', *, *, #5465, .F. ) ;
#3006 = CARTESIAN_POINT ( 'NONE',  ( 6.570000000000000284, 3.069999999999998508, -1.074999999999999956 ) ) ;
#3007 = CARTESIAN_POINT ( 'NONE',  ( 6.769999999999997797, -3.000000000000000444, 0.000000000000000000 ) ) ;
#3008 = CARTESIAN_POINT ( 'NONE',  ( -10.50000000000000355, 0.000000000000000000, -2.999999999999999112 ) ) ;
#3009 = AXIS2_PLACEMENT_3D ( 'NONE', #3609, #4521, #282 ) ;
#3010 = CARTESIAN_POINT ( 'NONE',  ( -5.549999999999999822, 2.000000000000000000, 0.1000000000000000056 ) ) ;
#3011 = ORIENTED_EDGE ( 'NONE', *, *, #1082, .T. ) ;
#3012 = ORIENTED_EDGE ( 'NONE', *, *, #4025, .T. ) ;
#3013 = PRODUCT_DEFINITION_FORMATION_WITH_SPECIFIED_SOURCE ( 'ANY', '', #3032, .NOT_KNOWN. ) ;
#3014 = APPLICATION_CONTEXT ( 'automotive_design' ) ;
#3015 = CARTESIAN_POINT ( 'NONE',  ( 15.50000000000000178, 0.4999999999999995559, 4.949999999999998401 ) ) ;
#3016 = CIRCLE ( 'NONE', #590, 1.500000000000000000 ) ;
#3017 = LINE ( 'NONE', #426, #6115 ) ;
#3018 = CYLINDRICAL_SURFACE ( 'NONE', #7414, 0.4999999999999995559 ) ;
#3019 = SPHERICAL_SURFACE ( 'NONE', #5091, 0.2500000000000000000 ) ;
#3020 = DIRECTION ( 'NONE',  ( 0.000000000000000000, 0.000000000000000000, -1.000000000000000000 ) ) ;
#3021 = VECTOR ( 'NONE', #5937, 1000.000000000000000 ) ;
#3022 = EDGE_CURVE ( 'NONE', #4863, #2769, #2257, .T. ) ;
#3023 = VERTEX_POINT ( 'NONE', #4063 ) ;
#3024 = ORIENTED_EDGE ( 'NONE', *, *, #164, .F. ) ;
#3025 = CARTESIAN_POINT ( 'NONE',  ( 9.499999999999998224, 3.249999999999999556, -18.50000000000000000 ) ) ;
#3026 = DIRECTION ( 'NONE',  ( 1.000000000000000000, 0.000000000000000000, 0.000000000000000000 ) ) ;
#3027 = CARTESIAN_POINT ( 'NONE',  ( 0.000000000000000000, 0.4999999999999995559, 0.000000000000000000 ) ) ;
#3028 = VECTOR ( 'NONE', #7581, 1000.000000000000000 ) ;
#3029 = VECTOR ( 'NONE', #3796, 1000.000000000000000 ) ;
#3030 = DIRECTION ( 'NONE',  ( 0.000000000000000000, 1.000000000000000000, -0.000000000000000000 ) ) ;
#3031 = CARTESIAN_POINT ( 'NONE',  ( 17.50000000000000000, 0.000000000000000000, 8.999999999999998224 ) ) ;
#3032 = PRODUCT ( 'PbF2+SiPM+PTFE', 'PbF2+SiPM+PTFE', '', ( #5154 ) ) ;
#3033 = VECTOR ( 'NONE', #1807, 1000.000000000000000 ) ;
#3034 = ORIENTED_EDGE ( 'NONE', *, *, #4620, .T. ) ;
#3035 = CARTESIAN_POINT ( 'NONE',  ( -3.299999999999999822, 2.799999999999998490, 0.1000000000000000056 ) ) ;
#3036 = CIRCLE ( 'NONE', #4571, 1.500000000000000000 ) ;
#3037 = EDGE_CURVE ( 'NONE', #5432, #7684, #2894, .T. ) ;
#3038 = ORIENTED_EDGE ( 'NONE', *, *, #7338, .F. ) ;
#3039 = DIRECTION ( 'NONE',  ( 0.000000000000000000, 1.000000000000000000, -0.000000000000000000 ) ) ;
#3040 = FACE_OUTER_BOUND ( 'NONE', #155, .T. ) ;
#3041 = ORIENTED_EDGE ( 'NONE', *, *, #6313, .F. ) ;
#3042 = AXIS2_PLACEMENT_3D ( 'NONE', #4667, #1567, #2718 ) ;
#3043 = FACE_OUTER_BOUND ( 'NONE', #1842, .T. ) ;
#3044 = AXIS2_PLACEMENT_3D ( 'NONE', #661, #5554, #7900 ) ;
#3045 = EDGE_CURVE ( 'NONE', #3087, #5172, #6465, .T. ) ;
#3046 = ORIENTED_EDGE ( 'NONE', *, *, #3935, .T. ) ;
#3047 = ORIENTED_EDGE ( 'NONE', *, *, #1004, .T. ) ;
#3048 = ORIENTED_EDGE ( 'NONE', *, *, #7720, .T. ) ;
#3049 = CIRCLE ( 'NONE', #7537, 1.500000000000000000 ) ;
#3050 = DIRECTION ( 'NONE',  ( 0.000000000000000000, 0.000000000000000000, 1.000000000000000000 ) ) ;
#3051 = CARTESIAN_POINT ( 'NONE',  ( -6.050000000000000711, -2.000000000000000000, 0.1000000000000000056 ) ) ;
#3052 = AXIS2_PLACEMENT_3D ( 'NONE', #7347, #4814, #3064 ) ;
#3053 = EDGE_LOOP ( 'NONE', ( #4645, #6082, #4299, #2800 ) ) ;
#3054 = CARTESIAN_POINT ( 'NONE',  ( -3.700000000000000178, -2.000000000000000000, 0.1000000000000000056 ) ) ;
#3055 = ADVANCED_FACE ( 'NONE', ( #1740 ), #1706, .T. ) ;
#3056 = AXIS2_PLACEMENT_3D ( 'NONE', #6386, #7670, #3417 ) ;
#3057 = CARTESIAN_POINT ( 'NONE',  ( 16.00000000000000000, 0.4999999999999995559, 9.000000000000000000 ) ) ;
#3058 = ORIENTED_EDGE ( 'NONE', *, *, #208, .T. ) ;
#3059 = VECTOR ( 'NONE', #7377, 1000.000000000000000 ) ;
#3060 = EDGE_LOOP ( 'NONE', ( #7097, #442 ) ) ;
#3061 = CYLINDRICAL_SURFACE ( 'NONE', #5132, 1.499999999999999556 ) ;
#3062 = EDGE_CURVE ( 'NONE', #203, #5803, #1774, .T. ) ;
#3063 = AXIS2_PLACEMENT_3D ( 'NONE', #4361, #1963, #4438 ) ;
#3064 = DIRECTION ( 'NONE',  ( 1.000000000000000000, 0.000000000000000000, 0.000000000000000000 ) ) ;
#3065 = CIRCLE ( 'NONE', #5863, 1.500000000000000000 ) ;
#3066 = LINE ( 'NONE', #5494, #4336 ) ;
#3067 = CARTESIAN_POINT ( 'NONE',  ( 15.50000000000000178, 0.4999999999999995559, -3.799999999999999822 ) ) ;
#3068 = PRODUCT_DEFINITION_SHAPE ( 'NONE', 'NONE',  #7924 ) ;
#3069 = VERTEX_POINT ( 'NONE', #987 ) ;
#3070 = EDGE_LOOP ( 'NONE', ( #4507, #6690, #2683, #6907 ) ) ;
#3071 = CARTESIAN_POINT ( 'NONE',  ( -6.570000000000002949, -3.069999999999999840, -1.074999999999999956 ) ) ;
#3072 = PLANE ( 'NONE',  #6245 ) ;
#3073 = FACE_OUTER_BOUND ( 'NONE', #1550, .T. ) ;
#3074 = EDGE_CURVE ( 'NONE', #877, #2498, #3833, .T. ) ;
#3075 = DIRECTION ( 'NONE',  ( -0.000000000000000000, -0.000000000000000000, 1.000000000000000000 ) ) ;
#3076 = DIRECTION ( 'NONE',  ( 0.000000000000000000, 0.000000000000000000, -1.000000000000000000 ) ) ;
#3077 = ORIENTED_EDGE ( 'NONE', *, *, #5402, .F. ) ;
#3078 = CARTESIAN_POINT ( 'NONE',  ( -6.770000000000001350, 3.269999999999999574, -0.5000000000000000000 ) ) ;
#3079 = ORIENTED_EDGE ( 'NONE', *, *, #1325, .F. ) ;
#3080 = CARTESIAN_POINT ( 'NONE',  ( 9.499999999999994671, 0.4999999999999995559, -7.864218330839934268 ) ) ;
#3081 = PLANE ( 'NONE',  #2393 ) ;
#3082 = DIRECTION ( 'NONE',  ( 0.000000000000000000, 0.000000000000000000, 1.000000000000000000 ) ) ;
#3083 = DIRECTION ( 'NONE',  ( 1.000000000000000000, 0.000000000000000000, 4.956352788505165240E-16 ) ) ;
#3084 = ADVANCED_FACE ( 'NONE', ( #5330 ), #6633, .T. ) ;
#3085 = VECTOR ( 'NONE', #139, 1000.000000000000000 ) ;
#3086 = ORIENTED_EDGE ( 'NONE', *, *, #6468, .T. ) ;
#3087 = VERTEX_POINT ( 'NONE', #3541 ) ;
#3088 = VERTEX_POINT ( 'NONE', #4698 ) ;
#3089 = CARTESIAN_POINT ( 'NONE',  ( 3.700000000000000178, 0.000000000000000000, 0.1000000000000000056 ) ) ;
#3090 = LINE ( 'NONE', #7300, #1006 ) ;
#3091 = AXIS2_PLACEMENT_3D ( 'NONE', #2732, #2099, #5167 ) ;
#3092 = ORIENTED_EDGE ( 'NONE', *, *, #7212, .T. ) ;
#3093 = CARTESIAN_POINT ( 'NONE',  ( 4.200000000000000178, -2.000000000000000000, 0.000000000000000000 ) ) ;
#3094 = PLANE ( 'NONE',  #3733 ) ;
#3095 = ORIENTED_EDGE ( 'NONE', *, *, #6473, .T. ) ;
#3096 = AXIS2_PLACEMENT_3D ( 'NONE', #7594, #946, #4099 ) ;
#3097 = VERTEX_POINT ( 'NONE', #5901 ) ;
#3098 = DIRECTION ( 'NONE',  ( 0.000000000000000000, 0.000000000000000000, 1.000000000000000000 ) ) ;
#3099 = EDGE_CURVE ( 'NONE', #3535, #3363, #2858, .T. ) ;
#3100 = MANIFOLD_SOLID_BREP ( 'Fillet1', #5317 ) ;
#3101 = ADVANCED_FACE ( 'NONE', ( #6020, #2979, #2377, #2492, #511 ), #4977, .T. ) ;
#3102 = LINE ( 'NONE', #6749, #5736 ) ;
#3103 = CARTESIAN_POINT ( 'NONE',  ( 9.499999999999994671, 7.500000000000000000, -7.864218330839934268 ) ) ;
#3104 = CARTESIAN_POINT ( 'NONE',  ( 9.500000000000000000, -16.34050177399711501, 7.600000000000000533 ) ) ;
#3105 = AXIS2_PLACEMENT_3D ( 'NONE', #17, #4297, #4135 ) ;
#3106 = FACE_OUTER_BOUND ( 'NONE', #7652, .T. ) ;
#3107 = EDGE_CURVE ( 'NONE', #6961, #2092, #4388, .T. ) ;
#3108 = EDGE_LOOP ( 'NONE', ( #7205, #2239, #7038, #3492 ) ) ;
#3109 = EDGE_CURVE ( 'NONE', #7548, #1624, #7389, .T. ) ;
#3110 = VERTEX_POINT ( 'NONE', #1948 ) ;
#3111 = FACE_OUTER_BOUND ( 'NONE', #3060, .T. ) ;
#3112 = CARTESIAN_POINT ( 'NONE',  ( 9.000000000000000000, 7.500000000000000000, -9.000000000000000000 ) ) ;
#3113 = DIRECTION ( 'NONE',  ( 0.000000000000000000, 0.000000000000000000, 1.000000000000000000 ) ) ;
#3114 = CARTESIAN_POINT ( 'NONE',  ( 15.50000000000000178, 0.000000000000000000, -4.949999999999998401 ) ) ;
#3115 = EDGE_CURVE ( 'NONE', #10, #2959, #3623, .T. ) ;
#3116 = CARTESIAN_POINT ( 'NONE',  ( 13.24999999999999822, 7.500000000000000000, -2.499999999999999556 ) ) ;
#3117 = EDGE_LOOP ( 'NONE', ( #2227, #600, #2556, #192 ) ) ;
#3118 = DIRECTION ( 'NONE',  ( -1.000000000000000000, 0.000000000000000000, 0.000000000000000000 ) ) ;
#3119 = ORIENTED_EDGE ( 'NONE', *, *, #3671, .T. ) ;
#3120 = CARTESIAN_POINT ( 'NONE',  ( -16.00000000000000000, 7.500000000000000000, 1.734723475976807094E-15 ) ) ;
#3121 = SPHERICAL_SURFACE ( 'NONE', #4570, 0.2500000000000000000 ) ;
#3122 = CARTESIAN_POINT ( 'NONE',  ( 15.49999999999999822, 0.000000000000000000, -1.749999999999999112 ) ) ;
#3123 = CARTESIAN_POINT ( 'NONE',  ( -9.500000000000001776, -3.249999999999999556, -18.50000000000000000 ) ) ;
#3124 = PRODUCT_DEFINITION_CONTEXT ( 'detailed design', #3014, 'design' ) ;
#3125 =( NAMED_UNIT ( * ) SI_UNIT ( $, .STERADIAN. ) SOLID_ANGLE_UNIT ( ) );
#3126 = ORIENTED_EDGE ( 'NONE', *, *, #768, .F. ) ;
#3127 = ORIENTED_EDGE ( 'NONE', *, *, #3389, .F. ) ;
#3128 = CARTESIAN_POINT ( 'NONE',  ( -12.00000000000000533, 0.000000000000000000, 3.000000000000003997 ) ) ;
#3129 = ORIENTED_EDGE ( 'NONE', *, *, #6262, .T. ) ;
#3130 = CARTESIAN_POINT ( 'NONE',  ( 1.850000000000000311, 2.000000000000000000, 0.1000000000000000056 ) ) ;
#3131 = LINE ( 'NONE', #6784, #3306 ) ;
#3132 = PRODUCT_RELATED_PRODUCT_CATEGORY ( 'part', '', ( #233 ) ) ;
#3133 = ORIENTED_EDGE ( 'NONE', *, *, #1046, .T. ) ;
#3134 = DIRECTION ( 'NONE',  ( 0.000000000000000000, 0.000000000000000000, -1.000000000000000000 ) ) ;
#3135 = DIRECTION ( 'NONE',  ( -1.236061108696829207E-16, -1.000000000000000000, 0.000000000000000000 ) ) ;
#3136 = EDGE_LOOP ( 'NONE', ( #2562, #2481 ) ) ;
#3137 = ORIENTED_EDGE ( 'NONE', *, *, #7613, .F. ) ;
#3138 = CYLINDRICAL_SURFACE ( 'NONE', #3876, 1.499999999999999556 ) ;
#3139 = DIRECTION ( 'NONE',  ( -0.000000000000000000, 1.000000000000000000, -0.000000000000000000 ) ) ;
#3140 = VECTOR ( 'NONE', #5958, 1000.000000000000000 ) ;
#3141 = LINE ( 'NONE', #6146, #2544 ) ;
#3142 = DIRECTION ( 'NONE',  ( -0.000000000000000000, -1.000000000000000000, -0.000000000000000000 ) ) ;
#3143 = CARTESIAN_POINT ( 'NONE',  ( 16.00000000000000000, 0.000000000000000000, 9.000000000000000000 ) ) ;
#3144 = EDGE_CURVE ( 'NONE', #6370, #4938, #4265, .T. ) ;
#3145 = AXIS2_PLACEMENT_3D ( 'NONE', #7763, #4750, #3483 ) ;
#3146 = ORIENTED_EDGE ( 'NONE', *, *, #4285, .T. ) ;
#3147 = CARTESIAN_POINT ( 'NONE',  ( -3.700000000000000178, 2.000000000000000000, 0.1000000000000000056 ) ) ;
#3148 = DIRECTION ( 'NONE',  ( -2.168404344971008128E-16, 1.000000000000000000, 0.000000000000000000 ) ) ;
#3149 = EDGE_CURVE ( 'NONE', #5011, #1903, #4932, .T. ) ;
#3150 = DIRECTION ( 'NONE',  ( -0.000000000000000000, 1.000000000000000000, -0.000000000000000000 ) ) ;
#3151 = CIRCLE ( 'NONE', #5307, 0.4999999999999995559 ) ;
#3152 = DIRECTION ( 'NONE',  ( 1.000000000000000000, 0.000000000000000000, 0.000000000000000000 ) ) ;
#3153 = EDGE_CURVE ( 'NONE', #884, #5681, #4707, .T. ) ;
#3154 = LINE ( 'NONE', #2504, #3236 ) ;
#3155 = EDGE_LOOP ( 'NONE', ( #2130, #6651, #3919, #3265 ) ) ;
#3156 = DIRECTION ( 'NONE',  ( 1.000000000000000000, 0.000000000000000000, 0.000000000000000000 ) ) ;
#3157 = ORIENTED_EDGE ( 'NONE', *, *, #6822, .T. ) ;
#3158 = DIRECTION ( 'NONE',  ( -0.000000000000000000, 1.000000000000000000, -0.000000000000000000 ) ) ;
#3159 = ADVANCED_FACE ( 'NONE', ( #6217 ), #3018, .T. ) ;
#3160 = AXIS2_PLACEMENT_3D ( 'NONE', #3147, #64, #7517 ) ;
#3161 = LINE ( 'NONE', #1361, #1003 ) ;
#3162 = DIRECTION ( 'NONE',  ( 0.000000000000000000, 0.000000000000000000, -1.000000000000000000 ) ) ;
#3163 = LINE ( 'NONE', #3924, #1489 ) ;
#3164 = AXIS2_PLACEMENT_3D ( 'NONE', #1653, #4089, #406 ) ;
#3165 = DIRECTION ( 'NONE',  ( 1.000000000000000000, -1.806491472956117034E-28, 1.577721810442023611E-30 ) ) ;
#3166 = ORIENTED_EDGE ( 'NONE', *, *, #27, .F. ) ;
#3167 = AXIS2_PLACEMENT_3D ( 'NONE', #7834, #2943, #3543 ) ;
#3168 = EDGE_LOOP ( 'NONE', ( #1455, #5338, #5467, #320 ) ) ;
#3169 = EDGE_CURVE ( 'NONE', #203, #1812, #3102, .T. ) ;
#3170 = CARTESIAN_POINT ( 'NONE',  ( -9.500000000000001776, 3.499999999999999556, 0.2500000000000002220 ) ) ;
#3171 = EDGE_CURVE ( 'NONE', #2809, #5480, #1344, .T. ) ;
#3172 = ORIENTED_EDGE ( 'NONE', *, *, #127, .F. ) ;
#3173 = PRODUCT_DEFINITION_SHAPE ( 'NONE', 'NONE',  #5617 ) ;
#3174 = DIRECTION ( 'NONE',  ( -1.000000000000000000, -0.000000000000000000, -0.000000000000000000 ) ) ;
#3175 = AXIS2_PLACEMENT_3D ( 'NONE', #60, #3142, #6869 ) ;
#3176 = CARTESIAN_POINT ( 'NONE',  ( 16.00000000000000000, 7.500000000000000000, -9.000000000000000000 ) ) ;
#3177 = DIRECTION ( 'NONE',  ( 1.000000000000000000, 0.000000000000000000, -0.000000000000000000 ) ) ;
#3178 = AXIS2_PLACEMENT_3D ( 'NONE', #6927, #2595, #3888 ) ;
#3179 = ORIENTED_EDGE ( 'NONE', *, *, #4522, .F. ) ;
#3180 = AXIS2_PLACEMENT_3D ( 'NONE', #7076, #3395, #1565 ) ;
#3181 = CARTESIAN_POINT ( 'NONE',  ( -12.00000000000000533, 0.000000000000000000, 3.000000000000003997 ) ) ;
#3182 = PLANE ( 'NONE',  #6801 ) ;
#3183 = ORIENTED_EDGE ( 'NONE', *, *, #1301, .T. ) ;
#3184 = AXIS2_PLACEMENT_3D ( 'NONE', #1515, #3428, #4657 ) ;
#3185 = ORIENTED_EDGE ( 'NONE', *, *, #6762, .F. ) ;
#3186 = AXIS2_PLACEMENT_3D ( 'NONE', #1672, #1106, #7102 ) ;
#3187 = CIRCLE ( 'NONE', #7660, 0.2500000000000000000 ) ;
#3188 = CARTESIAN_POINT ( 'NONE',  ( 15.49999999999999822, 7.500000000000000000, 1.750000000000000666 ) ) ;
#3189 = MANIFOLD_SOLID_BREP ( 'Boss-Extrude1', #2773 ) ;
#3190 = DIRECTION ( 'NONE',  ( 0.000000000000000000, 0.000000000000000000, -1.000000000000000000 ) ) ;
#3191 = CARTESIAN_POINT ( 'NONE',  ( -16.00000000000000000, 0.4999999999999995559, -1.050000000000000266 ) ) ;
#3192 = CARTESIAN_POINT ( 'NONE',  ( 0.000000000000000000, 0.000000000000000000, 0.000000000000000000 ) ) ;
#3193 = VECTOR ( 'NONE', #3714, 1000.000000000000000 ) ;
#3194 = AXIS2_PLACEMENT_3D ( 'NONE', #1309, #4859, #3663 ) ;
#3195 = CARTESIAN_POINT ( 'NONE',  ( 15.25000000000000178, 0.5000000000000004441, 2.500000000000000888 ) ) ;
#3196 = ADVANCED_FACE ( 'NONE', ( #1224 ), #1909, .F. ) ;
#3197 = ORIENTED_EDGE ( 'NONE', *, *, #525, .T. ) ;
#3198 = AXIS2_PLACEMENT_3D ( 'NONE', #4441, #7410, #810 ) ;
#3199 = CARTESIAN_POINT ( 'NONE',  ( -6.769999999999998685, 0.7500000000000000000, -3.270000000000000018 ) ) ;
#3200 = CARTESIAN_POINT ( 'NONE',  ( 9.499999999999998224, 7.500000000000000000, -7.600000000000000533 ) ) ;
#3201 = FACE_OUTER_BOUND ( 'NONE', #2743, .T. ) ;
#3202 = AXIS2_PLACEMENT_3D ( 'NONE', #2255, #4895, #4974 ) ;
#3203 = AXIS2_PLACEMENT_3D ( 'NONE', #848, #5866, #5819 ) ;
#3204 = EDGE_LOOP ( 'NONE', ( #7705, #2812, #3772 ) ) ;
#3205 = DIRECTION ( 'NONE',  ( 1.000000000000000000, 0.000000000000000000, 0.000000000000000000 ) ) ;
#3206 = ORIENTED_EDGE ( 'NONE', *, *, #5974, .F. ) ;
#3207 = DIRECTION ( 'NONE',  ( 1.156482317317871133E-15, 0.000000000000000000, -1.000000000000000000 ) ) ;
#3208 = ADVANCED_FACE ( 'NONE', ( #6096 ), #632, .T. ) ;
#3209 = CARTESIAN_POINT ( 'NONE',  ( 16.00000000000000000, 7.500000000000000000, -8.199999999999997513 ) ) ;
#3210 = ADVANCED_FACE ( 'NONE', ( #99 ), #7176, .T. ) ;
#3211 = CARTESIAN_POINT ( 'NONE',  ( -9.250000000000001776, 3.249999999999999556, -18.50000000000000000 ) ) ;
#3212 = DIRECTION ( 'NONE',  ( -0.000000000000000000, -1.000000000000000000, -0.000000000000000000 ) ) ;
#3213 = EDGE_CURVE ( 'NONE', #5134, #659, #973, .T. ) ;
#3214 = ORIENTED_EDGE ( 'NONE', *, *, #7708, .F. ) ;
#3215 = MANIFOLD_SOLID_BREP ( 'Fillet4', #7899 ) ;
#3216 = EDGE_LOOP ( 'NONE', ( #2226, #971, #4474, #1056 ) ) ;
#3217 = LINE ( 'NONE', #1333, #5347 ) ;
#3218 = EDGE_LOOP ( 'NONE', ( #4289, #2691, #3250, #6921 ) ) ;
#3219 = DIRECTION ( 'NONE',  ( 0.000000000000000000, 0.000000000000000000, 1.000000000000000000 ) ) ;
#3220 = PLANE ( 'NONE',  #5847 ) ;
#3221 = DIRECTION ( 'NONE',  ( -0.000000000000000000, 1.000000000000000000, -0.000000000000000000 ) ) ;
#3222 = VERTEX_POINT ( 'NONE', #4131 ) ;
#3223 = DIRECTION ( 'NONE',  ( 0.000000000000000000, 0.000000000000000000, 1.000000000000000000 ) ) ;
#3224 = DIRECTION ( 'NONE',  ( -1.000000000000000000, 2.825282534164181327E-16, 0.000000000000000000 ) ) ;
#3225 = EDGE_LOOP ( 'NONE', ( #7911, #2383, #907, #6736 ) ) ;
#3226 = ORIENTED_EDGE ( 'NONE', *, *, #222, .T. ) ;
#3227 = AXIS2_PLACEMENT_3D ( 'NONE', #3619, #6053, #6704 ) ;
#3228 = LINE ( 'NONE', #179, #5767 ) ;
#3229 = EDGE_CURVE ( 'NONE', #291, #5021, #6513, .T. ) ;
#3230 = ORIENTED_EDGE ( 'NONE', *, *, #1785, .F. ) ;
#3231 = LINE ( 'NONE', #832, #1271 ) ;
#3232 = DIRECTION ( 'NONE',  ( -0.000000000000000000, 1.000000000000000000, -0.000000000000000000 ) ) ;
#3233 = CARTESIAN_POINT ( 'NONE',  ( -10.50000000000000533, 0.000000000000000000, 3.000000000000003997 ) ) ;
#3234 = VECTOR ( 'NONE', #2577, 1000.000000000000000 ) ;
#3235 = EDGE_LOOP ( 'NONE', ( #6472, #4488 ) ) ;
#3236 = VECTOR ( 'NONE', #4947, 1000.000000000000000 ) ;
#3237 = CARTESIAN_POINT ( 'NONE',  ( -12.00000000000000355, 0.4999999999999995559, -2.999999999999998224 ) ) ;
#3238 = DIRECTION ( 'NONE',  ( -1.000000000000000000, 0.000000000000000000, 0.000000000000000000 ) ) ;
#3239 = EDGE_CURVE ( 'NONE', #6318, #7896, #2038, .T. ) ;
#3240 = LINE ( 'NONE', #6190, #7004 ) ;
#3241 = DIRECTION ( 'NONE',  ( 0.000000000000000000, 1.000000000000000000, 0.000000000000000000 ) ) ;
#3242 = ORIENTED_EDGE ( 'NONE', *, *, #344, .F. ) ;
#3243 = CARTESIAN_POINT ( 'NONE',  ( -11.00000000000000178, 0.4999999999999995559, 7.864218330839946702 ) ) ;
#3244 = ORIENTED_EDGE ( 'NONE', *, *, #4080, .F. ) ;
#3245 = DIRECTION ( 'NONE',  ( 1.000000000000000000, 0.000000000000000000, -1.326241189584715037E-16 ) ) ;
#3246 = DIRECTION ( 'NONE',  ( 1.000000000000000000, 0.000000000000000000, 0.000000000000000000 ) ) ;
#3247 = CARTESIAN_POINT ( 'NONE',  ( -10.50000000000000355, 7.500000000000000000, -2.999999999999998668 ) ) ;
#3248 = LINE ( 'NONE', #776, #3655 ) ;
#3249 = CARTESIAN_POINT ( 'NONE',  ( 1.639217007859697262, 2.271704923740746285, 3.973171188005539367 ) ) ;
#3250 = ORIENTED_EDGE ( 'NONE', *, *, #1308, .F. ) ;
#3251 = EDGE_CURVE ( 'NONE', #5828, #3382, #6453, .T. ) ;
#3252 = VERTEX_POINT ( 'NONE', #5846 ) ;
#3253 = FACE_OUTER_BOUND ( 'NONE', #6785, .T. ) ;
#3254 = ORIENTED_EDGE ( 'NONE', *, *, #2592, .F. ) ;
#3255 = CYLINDRICAL_SURFACE ( 'NONE', #7799, 0.8000000000000020428 ) ;
#3256 = DIRECTION ( 'NONE',  ( 0.000000000000000000, 1.000000000000000000, 0.000000000000000000 ) ) ;
#3257 = VERTEX_POINT ( 'NONE', #2766 ) ;
#3258 = EDGE_CURVE ( 'NONE', #329, #1180, #5889, .T. ) ;
#3259 = DIRECTION ( 'NONE',  ( -0.000000000000000000, -0.000000000000000000, -1.000000000000000000 ) ) ;
#3260 = LINE ( 'NONE', #5046, #4872 ) ;
#3261 = ORIENTED_EDGE ( 'NONE', *, *, #4321, .T. ) ;
#3262 = ADVANCED_FACE ( 'NONE', ( #5962 ), #2137, .T. ) ;
#3263 = ORIENTED_EDGE ( 'NONE', *, *, #360, .F. ) ;
#3264 = CARTESIAN_POINT ( 'NONE',  ( -9.000000000000000000, -3.000000000000000444, 0.000000000000000000 ) ) ;
#3265 = ORIENTED_EDGE ( 'NONE', *, *, #3037, .F. ) ;
#3266 = CARTESIAN_POINT ( 'NONE',  ( -4.999999999999999112, -1.200000000000000178, 0.000000000000000000 ) ) ;
#3267 = LINE ( 'NONE', #182, #3427 ) ;
#3268 = FACE_OUTER_BOUND ( 'NONE', #6213, .T. ) ;
#3269 = VERTEX_POINT ( 'NONE', #7023 ) ;
#3270 = CIRCLE ( 'NONE', #5811, 0.2500000000000002220 ) ;
#3271 = LINE ( 'NONE', #3425, #3832 ) ;
#3272 = FACE_OUTER_BOUND ( 'NONE', #2429, .T. ) ;
#3273 = CARTESIAN_POINT ( 'NONE',  ( 16.00000000000000000, 0.4999999999999995559, 9.000000000000000000 ) ) ;
#3274 = EDGE_CURVE ( 'NONE', #3695, #2842, #5281, .T. ) ;
#3275 = CARTESIAN_POINT ( 'NONE',  ( 15.50000000000000178, 0.4999999999999995559, 3.249999999999998668 ) ) ;
#3276 = AXIS2_PLACEMENT_3D ( 'NONE', #5475, #2964, #1210 ) ;
#3277 = ADVANCED_FACE ( 'NONE', ( #7667 ), #3413, .F. ) ;
#3278 = VERTEX_POINT ( 'NONE', #7091 ) ;
#3279 = CARTESIAN_POINT ( 'NONE',  ( 16.75000000000000000, 0.5000000000000004441, 4.000000000000000888 ) ) ;
#3280 = AXIS2_PLACEMENT_3D ( 'NONE', #3967, #4603, #5713 ) ;
#3281 = APPLICATION_CONTEXT ( 'automotive_design' ) ;
#3282 = EDGE_LOOP ( 'NONE', ( #1424, #6374, #1581, #180 ) ) ;
#3283 = CARTESIAN_POINT ( 'NONE',  ( 13.99999999999999822, 0.000000000000000000, -1.749999999999998890 ) ) ;
#3284 = CIRCLE ( 'NONE', #5692, 0.5500000000000014877 ) ;
#3285 = CARTESIAN_POINT ( 'NONE',  ( 16.00000000000000000, 0.4999999999999995559, -8.199999999999997513 ) ) ;
#3286 = LINE ( 'NONE', #281, #1120 ) ;
#3287 = CARTESIAN_POINT ( 'NONE',  ( 5.000000000000000000, 2.800000000000001155, 0.000000000000000000 ) ) ;
#3288 = ORIENTED_EDGE ( 'NONE', *, *, #7669, .F. ) ;
#3289 = ADVANCED_FACE ( 'NONE', ( #2248 ), #4686, .F. ) ;
#3290 = ORIENTED_EDGE ( 'NONE', *, *, #7756, .F. ) ;
#3291 = CARTESIAN_POINT ( 'NONE',  ( -6.800000000000001599, 3.299999999999999822, -1.399999999999999911 ) ) ;
#3292 = ORIENTED_EDGE ( 'NONE', *, *, #3531, .F. ) ;
#3293 = CARTESIAN_POINT ( 'NONE',  ( -2.349999999999999645, 2.000000000000000000, 0.1000000000000000056 ) ) ;
#3294 = FACE_OUTER_BOUND ( 'NONE', #4920, .T. ) ;
#3295 = ORIENTED_EDGE ( 'NONE', *, *, #5008, .T. ) ;
#3296 = ADVANCED_FACE ( 'NONE', ( #1060 ), #450, .F. ) ;
#3297 = DIRECTION ( 'NONE',  ( -0.000000000000000000, -1.000000000000000000, -0.000000000000000000 ) ) ;
#3298 = AXIS2_PLACEMENT_3D ( 'NONE', #302, #2739, #5174 ) ;
#3299 = AXIS2_PLACEMENT_3D ( 'NONE', #7602, #310, #6962 ) ;
#3300 = CARTESIAN_POINT ( 'NONE',  ( 6.769999999999997797, 3.269999999999999574, 0.000000000000000000 ) ) ;
#3301 = ORIENTED_EDGE ( 'NONE', *, *, #6240, .T. ) ;
#3302 = VERTEX_POINT ( 'NONE', #1850 ) ;
#3303 = AXIS2_PLACEMENT_3D ( 'NONE', #7043, #4713, #6524 ) ;
#3304 = VECTOR ( 'NONE', #533, 1000.000000000000000 ) ;
#3305 = DIRECTION ( 'NONE',  ( 0.000000000000000000, 0.000000000000000000, 1.000000000000000000 ) ) ;
#3306 = VECTOR ( 'NONE', #1254, 1000.000000000000000 ) ;
#3307 = VERTEX_POINT ( 'NONE', #2408 ) ;
#3308 = EDGE_CURVE ( 'NONE', #6988, #1822, #7821, .T. ) ;
#3309 = DIRECTION ( 'NONE',  ( 0.000000000000000000, 0.000000000000000000, 1.000000000000000000 ) ) ;
#3310 = DIRECTION ( 'NONE',  ( 0.000000000000000000, 0.000000000000000000, 1.000000000000000000 ) ) ;
#3311 = AXIS2_PLACEMENT_3D ( 'NONE', #4054, #4015, #4690 ) ;
#3312 = AXIS2_PLACEMENT_3D ( 'NONE', #6560, #4666, #4074 ) ;
#3313 = PLANE ( 'NONE',  #1955 ) ;
#3314 = AXIS2_PLACEMENT_3D ( 'NONE', #2229, #7278, #1749 ) ;
#3315 = EDGE_CURVE ( 'NONE', #824, #4692, #1253, .T. ) ;
#3316 = ORIENTED_EDGE ( 'NONE', *, *, #3592, .T. ) ;
#3317 = AXIS2_PLACEMENT_3D ( 'NONE', #5409, #7869, #2378 ) ;
#3318 = DIRECTION ( 'NONE',  ( 0.000000000000000000, -0.000000000000000000, 1.000000000000000000 ) ) ;
#3319 = SURFACE_STYLE_FILL_AREA ( #3913 ) ;
#3320 = VECTOR ( 'NONE', #2500, 1000.000000000000000 ) ;
#3321 = CARTESIAN_POINT ( 'NONE',  ( 1.850000000000000311, -2.000000000000000000, 0.1000000000000000056 ) ) ;
#3322 = CARTESIAN_POINT ( 'NONE',  ( 16.00000000000000000, 7.500000000000000000, -10.50000000000000355 ) ) ;
#3323 = AXIS2_PLACEMENT_3D ( 'NONE', #202, #2640, #695 ) ;
#3324 = CIRCLE ( 'NONE', #4345, 0.4999999999999995559 ) ;
#3325 = ORIENTED_EDGE ( 'NONE', *, *, #2036, .T. ) ;
#3326 = ORIENTED_EDGE ( 'NONE', *, *, #2354, .T. ) ;
#3327 = CARTESIAN_POINT ( 'NONE',  ( 3.700000000000000178, -2.000000000000000000, 0.1000000000000000056 ) ) ;
#3328 = EDGE_CURVE ( 'NONE', #4865, #4013, #3570, .T. ) ;
#3329 = DIRECTION ( 'NONE',  ( -2.628368902995162518E-16, 1.000000000000000000, -0.000000000000000000 ) ) ;
#3330 = AXIS2_PLACEMENT_3D ( 'NONE', #856, #85, #2520 ) ;
#3331 = DIRECTION ( 'NONE',  ( 1.652117596168387756E-16, 0.000000000000000000, -1.000000000000000000 ) ) ;
#3332 = CARTESIAN_POINT ( 'NONE',  ( 2.350000000000000089, -2.000000000000000000, 0.000000000000000000 ) ) ;
#3333 = ADVANCED_FACE ( 'NONE', ( #1813 ), #4292, .T. ) ;
#3334 = ORIENTED_EDGE ( 'NONE', *, *, #7181, .F. ) ;
#3335 = VERTEX_POINT ( 'NONE', #6010 ) ;
#3336 = CARTESIAN_POINT ( 'NONE',  ( 6.769999999999996909, 3.500000000000000888, 0.000000000000000000 ) ) ;
#3337 = VERTEX_POINT ( 'NONE', #4215 ) ;
#3338 = ADVANCED_FACE ( 'NONE', ( #4798 ), #6737, .F. ) ;
#3339 = DIRECTION ( 'NONE',  ( 1.000000000000000000, 0.000000000000000000, 0.000000000000000000 ) ) ;
#3340 = DIRECTION ( 'NONE',  ( -1.236061108696829207E-16, 0.000000000000000000, -1.000000000000000000 ) ) ;
#3341 = EDGE_LOOP ( 'NONE', ( #1014, #5364, #3334, #346 ) ) ;
#3342 = EDGE_CURVE ( 'NONE', #7684, #6735, #13, .T. ) ;
#3343 = SHAPE_REPRESENTATION ( 'SiPM base 2x1', ( #152 ), #4240 ) ;
#3344 = LINE ( 'NONE', #174, #3003 ) ;
#3345 = LINE ( 'NONE', #4008, #7702 ) ;
#3346 = ORIENTED_EDGE ( 'NONE', *, *, #2746, .T. ) ;
#3347 = EDGE_LOOP ( 'NONE', ( #3011, #4969 ) ) ;
#3348 = CARTESIAN_POINT ( 'NONE',  ( 6.769999999999997797, -3.250000000000000000, 0.5000000000000000000 ) ) ;
#3349 = ORIENTED_EDGE ( 'NONE', *, *, #3045, .F. ) ;
#3350 = DIRECTION ( 'NONE',  ( 0.000000000000000000, 0.000000000000000000, -1.000000000000000000 ) ) ;
#3351 = LINE ( 'NONE', #2141, #7907 ) ;
#3352 = CARTESIAN_POINT ( 'NONE',  ( -6.770000000000000462, -3.270000000000000462, 0.000000000000000000 ) ) ;
#3353 = EDGE_CURVE ( 'NONE', #1135, #5396, #5601, .T. ) ;
#3354 = ORIENTED_EDGE ( 'NONE', *, *, #2751, .F. ) ;
#3355 = DIRECTION ( 'NONE',  ( 1.652117596168387756E-16, 0.000000000000000000, -1.000000000000000000 ) ) ;
#3356 = DIRECTION ( 'NONE',  ( -0.000000000000000000, -0.000000000000000000, 1.000000000000000000 ) ) ;
#3357 = CARTESIAN_POINT ( 'NONE',  ( 17.50000000000000000, 7.500000000000000000, 10.49999999999999645 ) ) ;
#3358 = CIRCLE ( 'NONE', #3740, 0.4999999999999995559 ) ;
#3359 = EDGE_CURVE ( 'NONE', #3546, #2714, #6134, .T. ) ;
#3360 = DIRECTION ( 'NONE',  ( 0.000000000000000000, 0.000000000000000000, -1.000000000000000000 ) ) ;
#3361 = ADVANCED_FACE ( 'NONE', ( #660 ), #4337, .F. ) ;
#3362 = VECTOR ( 'NONE', #505, 1000.000000000000000 ) ;
#3363 = VERTEX_POINT ( 'NONE', #1772 ) ;
#3364 = VERTEX_POINT ( 'NONE', #6086 ) ;
#3365 = CARTESIAN_POINT ( 'NONE',  ( 9.249999999999998224, -3.249999999999999556, 0.2500000000000000000 ) ) ;
#3366 = CARTESIAN_POINT ( 'NONE',  ( -10.50000000000000533, 0.000000000000000000, -10.49999999999999645 ) ) ;
#3367 = DIRECTION ( 'NONE',  ( -0.000000000000000000, -1.000000000000000000, -0.000000000000000000 ) ) ;
#3368 = DIRECTION ( 'NONE',  ( 1.000000000000000000, 0.000000000000000000, -0.000000000000000000 ) ) ;
#3369 = DIRECTION ( 'NONE',  ( 1.000000000000000000, 0.000000000000000000, 0.000000000000000000 ) ) ;
#3370 = ORIENTED_EDGE ( 'NONE', *, *, #7319, .T. ) ;
#3371 = CARTESIAN_POINT ( 'NONE',  ( -9.000000000000000000, 0.000000000000000000, -9.000000000000001776 ) ) ;
#3372 = ORIENTED_EDGE ( 'NONE', *, *, #6427, .F. ) ;
#3373 = CARTESIAN_POINT ( 'NONE',  ( -0.4299999999999999378, 0.7500000000000000000, -3.069999999999999396 ) ) ;
#3374 = DIRECTION ( 'NONE',  ( -1.000000000000000000, -0.000000000000000000, -0.000000000000000000 ) ) ;
#3375 = VERTEX_POINT ( 'NONE', #6664 ) ;
#3376 = CARTESIAN_POINT ( 'NONE',  ( 15.50000000000000178, 0.4999999999999995559, 3.799999999999999822 ) ) ;
#3377 = ADVANCED_FACE ( 'NONE', ( #5363 ), #616, .F. ) ;
#3378 = DIRECTION ( 'NONE',  ( 1.000000000000000000, 0.000000000000000000, 0.000000000000000000 ) ) ;
#3379 = ORIENTED_EDGE ( 'NONE', *, *, #7679, .T. ) ;
#3380 = ORIENTED_EDGE ( 'NONE', *, *, #3274, .F. ) ;
#3381 = CARTESIAN_POINT ( 'NONE',  ( 0.4300000000000014366, 0.1750000000000000167, -3.069999999999999840 ) ) ;
#3382 = VERTEX_POINT ( 'NONE', #7898 ) ;
#3383 = CARTESIAN_POINT ( 'NONE',  ( -11.00000000000000533, 0.4999999999999995559, -7.864218330839952031 ) ) ;
#3384 = CARTESIAN_POINT ( 'NONE',  ( -17.50000000000000000, 0.4999999999999995559, 5.204170427930418128E-15 ) ) ;
#3385 = PLANE ( 'NONE',  #678 ) ;
#3386 = EDGE_LOOP ( 'NONE', ( #1205, #7088, #6354, #1898 ) ) ;
#3387 = CARTESIAN_POINT ( 'NONE',  ( 4.999999999999999112, -1.199999999999998845, 0.1000000000000000056 ) ) ;
#3388 = CARTESIAN_POINT ( 'NONE',  ( -3.200000000000000178, 2.000000000000000000, 0.1000000000000000056 ) ) ;
#3389 = EDGE_CURVE ( 'NONE', #824, #4889, #6390, .T. ) ;
#3390 = PLANE ( 'NONE',  #3661 ) ;
#3391 = ORIENTED_EDGE ( 'NONE', *, *, #1450, .T. ) ;
#3392 = EDGE_CURVE ( 'NONE', #1241, #7305, #1727, .T. ) ;
#3393 = ORIENTED_EDGE ( 'NONE', *, *, #2920, .F. ) ;
#3394 = CARTESIAN_POINT ( 'NONE',  ( -4.200000000000000178, -2.000000000000000000, 0.000000000000000000 ) ) ;
#3395 = DIRECTION ( 'NONE',  ( 0.000000000000000000, 1.000000000000000000, 0.000000000000000000 ) ) ;
#3396 = DIRECTION ( 'NONE',  ( 0.000000000000000000, 0.000000000000000000, -1.000000000000000000 ) ) ;
#3397 = CARTESIAN_POINT ( 'NONE',  ( -6.050000000000000711, 2.000000000000000000, 0.000000000000000000 ) ) ;
#3398 = AXIS2_PLACEMENT_3D ( 'NONE', #3181, #3618, #3654 ) ;
#3399 = EDGE_CURVE ( 'NONE', #3883, #3335, #1022, .T. ) ;
#3400 = CARTESIAN_POINT ( 'NONE',  ( -6.569999999999999396, 0.7500000000000000000, 3.070000000000000284 ) ) ;
#3401 = DIRECTION ( 'NONE',  ( 0.000000000000000000, 0.000000000000000000, 1.000000000000000000 ) ) ;
#3402 = EDGE_LOOP ( 'NONE', ( #1140, #5778, #7541, #1111 ) ) ;
#3403 = FACE_OUTER_BOUND ( 'NONE', #5095, .T. ) ;
#3404 = EDGE_LOOP ( 'NONE', ( #6136, #7418, #6073, #7050 ) ) ;
#3405 = CARTESIAN_POINT ( 'NONE',  ( -17.50000000000000000, 0.000000000000000000, 5.204170427930421283E-15 ) ) ;
#3406 = LINE ( 'NONE', #935, #4949 ) ;
#3407 = ORIENTED_EDGE ( 'NONE', *, *, #942, .T. ) ;
#3408 = CARTESIAN_POINT ( 'NONE',  ( -3.299999999999999378, -1.199999999999999734, 0.000000000000000000 ) ) ;
#3409 = CIRCLE ( 'NONE', #7506, 1.499999999999999556 ) ;
#3410 = FACE_OUTER_BOUND ( 'NONE', #3496, .T. ) ;
#3411 = VERTEX_POINT ( 'NONE', #3738 ) ;
#3412 = ORIENTED_EDGE ( 'NONE', *, *, #611, .T. ) ;
#3413 = PLANE ( 'NONE',  #7022 ) ;
#3414 = AXIS2_PLACEMENT_3D ( 'NONE', #1705, #4139, #1105 ) ;
#3415 = ORIENTED_EDGE ( 'NONE', *, *, #5012, .F. ) ;
#3416 = CIRCLE ( 'NONE', #2016, 1.500000000000000000 ) ;
#3417 = DIRECTION ( 'NONE',  ( 0.000000000000000000, -0.000000000000000000, -1.000000000000000000 ) ) ;
#3418 = PLANE ( 'NONE',  #497 ) ;
#3419 = FACE_OUTER_BOUND ( 'NONE', #554, .T. ) ;
#3420 = VERTEX_POINT ( 'NONE', #4921 ) ;
#3421 = EDGE_CURVE ( 'NONE', #215, #7297, #50, .T. ) ;
#3422 = CIRCLE ( 'NONE', #7520, 1.500000000000000000 ) ;
#3423 = EDGE_LOOP ( 'NONE', ( #4003, #1781, #6419, #4832 ) ) ;
#3424 = CARTESIAN_POINT ( 'NONE',  ( 16.00000000000000000, 0.000000000000000000, -9.000000000000000000 ) ) ;
#3425 = CARTESIAN_POINT ( 'NONE',  ( 9.695652173913043015, 0.4999999999999995559, 8.604945506379108267 ) ) ;
#3426 = DIRECTION ( 'NONE',  ( -1.000000000000000000, 0.000000000000000000, 0.000000000000000000 ) ) ;
#3427 = VECTOR ( 'NONE', #5653, 1000.000000000000000 ) ;
#3428 = DIRECTION ( 'NONE',  ( -1.000000000000000000, -1.326241189584715037E-16, 0.000000000000000000 ) ) ;
#3429 = CIRCLE ( 'NONE', #3549, 0.5000000000000004441 ) ;
#3430 = AXIS2_PLACEMENT_3D ( 'NONE', #2587, #6189, #594 ) ;
#3431 = CARTESIAN_POINT ( 'NONE',  ( -9.250000000000001776, -3.499999999999999556, -18.25000000000000000 ) ) ;
#3432 = EDGE_CURVE ( 'NONE', #3546, #3535, #7546, .T. ) ;
#3433 = APPLICATION_CONTEXT ( 'automotive_design' ) ;
#3434 = ORIENTED_EDGE ( 'NONE', *, *, #3115, .F. ) ;
#3435 = VECTOR ( 'NONE', #463, 1000.000000000000000 ) ;
#3436 = STYLED_ITEM ( 'NONE', ( #7149 ), #3100 ) ;
#3437 = VERTEX_POINT ( 'NONE', #2687 ) ;
#3438 = DIRECTION ( 'NONE',  ( 0.000000000000000000, 1.000000000000000000, 0.000000000000000000 ) ) ;
#3439 = DIRECTION ( 'NONE',  ( 0.000000000000000000, -1.000000000000000000, 0.000000000000000000 ) ) ;
#3440 = DIRECTION ( 'NONE',  ( 0.000000000000000000, 0.000000000000000000, 1.000000000000000000 ) ) ;
#3441 = FACE_OUTER_BOUND ( 'NONE', #172, .T. ) ;
#3442 = DIRECTION ( 'NONE',  ( 0.000000000000000000, 0.000000000000000000, 1.000000000000000000 ) ) ;
#3443 = AXIS2_PLACEMENT_3D ( 'NONE', #944, #2185, #6948 ) ;
#3444 = AXIS2_PLACEMENT_3D ( 'NONE', #5398, #3577, #2969 ) ;
#3445 = DIRECTION ( 'NONE',  ( 1.000000000000000000, 0.000000000000000000, 0.000000000000000000 ) ) ;
#3446 = CARTESIAN_POINT ( 'NONE',  ( -24.81639144120233098, 10.87941776518712089, 40.39527391377605170 ) ) ;
#3447 = VERTEX_POINT ( 'NONE', #3293 ) ;
#3448 = CARTESIAN_POINT ( 'NONE',  ( 9.499999999999998224, 3.249999999999999556, -18.25000000000000000 ) ) ;
#3449 = EDGE_CURVE ( 'NONE', #4648, #3411, #7580, .T. ) ;
#3450 = ORIENTED_EDGE ( 'NONE', *, *, #6541, .F. ) ;
#3451 = CIRCLE ( 'NONE', #1358, 0.8000000000000020428 ) ;
#3452 = ADVANCED_FACE ( 'NONE', ( #4491 ), #4453, .T. ) ;
#3453 = LINE ( 'NONE', #2725, #3965 ) ;
#3454 = AXIS2_PLACEMENT_3D ( 'NONE', #652, #6725, #42 ) ;
#3455 = FACE_OUTER_BOUND ( 'NONE', #4322, .T. ) ;
#3456 = ORIENTED_EDGE ( 'NONE', *, *, #4306, .F. ) ;
#3457 = DIRECTION ( 'NONE',  ( 1.084202172485504927E-16, -1.000000000000000000, 0.000000000000000000 ) ) ;
#3458 = EDGE_CURVE ( 'NONE', #4513, #5367, #3897, .T. ) ;
#3459 = AXIS2_PLACEMENT_3D ( 'NONE', #7221, #2340, #5328 ) ;
#3460 = VERTEX_POINT ( 'NONE', #169 ) ;
#3461 = ORIENTED_EDGE ( 'NONE', *, *, #7835, .T. ) ;
#3462 = EDGE_CURVE ( 'NONE', #5422, #1990, #822, .T. ) ;
#3463 = CARTESIAN_POINT ( 'NONE',  ( -5.549999999999999822, 2.000000000000000000, 0.000000000000000000 ) ) ;
#3464 = EDGE_LOOP ( 'NONE', ( #2836, #1083, #2280, #4018 ) ) ;
#3465 = CARTESIAN_POINT ( 'NONE',  ( 0.000000000000000000, 0.000000000000000000, -18.00000000000000000 ) ) ;
#3466 = DIRECTION ( 'NONE',  ( 0.000000000000000000, -1.000000000000000000, 0.000000000000000000 ) ) ;
#3467 = ORIENTED_EDGE ( 'NONE', *, *, #6590, .F. ) ;
#3468 = EDGE_LOOP ( 'NONE', ( #5092, #2265, #2721, #5442 ) ) ;
#3469 = DIRECTION ( 'NONE',  ( -0.000000000000000000, 1.000000000000000000, -0.000000000000000000 ) ) ;
#3470 = FACE_OUTER_BOUND ( 'NONE', #5655, .T. ) ;
#3471 = CARTESIAN_POINT ( 'NONE',  ( 0.000000000000000000, 0.000000000000000000, 0.1000000000000000056 ) ) ;
#3472 =( NAMED_UNIT ( * ) PLANE_ANGLE_UNIT ( ) SI_UNIT ( $, .RADIAN. ) );
#3473 = CARTESIAN_POINT ( 'NONE',  ( 6.799999999999999822, -3.299999999999999822, -1.399999999999999911 ) ) ;
#3474 = AXIS2_PLACEMENT_3D ( 'NONE', #7741, #6450, #865 ) ;
#3475 = ORIENTED_EDGE ( 'NONE', *, *, #4882, .F. ) ;
#3476 = EDGE_CURVE ( 'NONE', #6853, #1418, #3324, .T. ) ;
#3477 = ORIENTED_EDGE ( 'NONE', *, *, #4764, .F. ) ;
#3478 = AXIS2_PLACEMENT_3D ( 'NONE', #5563, #57, #21 ) ;
#3479 = DIRECTION ( 'NONE',  ( 0.000000000000000000, 0.000000000000000000, -1.000000000000000000 ) ) ;
#3480 = DIRECTION ( 'NONE',  ( 1.000000000000000000, 0.000000000000000000, 0.000000000000000000 ) ) ;
#3481 = CARTESIAN_POINT ( 'NONE',  ( 16.00000000000000000, 0.000000000000000000, 1.750000000000000666 ) ) ;
#3482 = CARTESIAN_POINT ( 'NONE',  ( 15.49999999999999822, 0.000000000000000000, 0.2500000000000009437 ) ) ;
#3483 = DIRECTION ( 'NONE',  ( 1.000000000000000000, 0.000000000000000000, 0.000000000000000000 ) ) ;
#3484 = CARTESIAN_POINT ( 'NONE',  ( 9.249999999999998224, -3.499999999999999556, -18.50000000000000000 ) ) ;
#3485 = PRODUCT_CONTEXT ( 'NONE', #975, 'mechanical' ) ;
#3486 = ORIENTED_EDGE ( 'NONE', *, *, #718, .F. ) ;
#3487 = FACE_OUTER_BOUND ( 'NONE', #3593, .T. ) ;
#3488 = ORIENTED_EDGE ( 'NONE', *, *, #4581, .T. ) ;
#3489 = DIRECTION ( 'NONE',  ( -0.000000000000000000, 0.000000000000000000, 1.000000000000000000 ) ) ;
#3490 = CARTESIAN_POINT ( 'NONE',  ( 0.000000000000000000, 0.000000000000000000, 0.1000000000000000056 ) ) ;
#3491 = AXIS2_PLACEMENT_3D ( 'NONE', #6951, #5539, #2472 ) ;
#3492 = ORIENTED_EDGE ( 'NONE', *, *, #1578, .T. ) ;
#3493 = DIRECTION ( 'NONE',  ( 1.000000000000000000, 0.000000000000000000, 0.000000000000000000 ) ) ;
#3494 = EDGE_CURVE ( 'NONE', #905, #1597, #5599, .T. ) ;
#3495 = ORIENTED_EDGE ( 'NONE', *, *, #6056, .F. ) ;
#3496 = EDGE_LOOP ( 'NONE', ( #1676, #269, #6345, #3735 ) ) ;
#3497 = PRESENTATION_STYLE_ASSIGNMENT (( #7057 ) ) ;
#3498 = EDGE_CURVE ( 'NONE', #4090, #3951, #5039, .T. ) ;
#3499 = EDGE_LOOP ( 'NONE', ( #297, #6291, #4973, #5922 ) ) ;
#3500 = DIRECTION ( 'NONE',  ( 1.000000000000000000, 0.000000000000000000, -0.000000000000000000 ) ) ;
#3501 = EDGE_CURVE ( 'NONE', #5634, #4173, #3930, .T. ) ;
#3502 = LINE ( 'NONE', #3352, #2330 ) ;
#3503 = ORIENTED_EDGE ( 'NONE', *, *, #4274, .T. ) ;
#3504 = ORIENTED_EDGE ( 'NONE', *, *, #7589, .T. ) ;
#3505 = CARTESIAN_POINT ( 'NONE',  ( 5.049999999999999822, 2.000000000000000000, 0.1000000000000000056 ) ) ;
#3506 = DIRECTION ( 'NONE',  ( -1.000000000000000000, 0.000000000000000000, 0.000000000000000000 ) ) ;
#3507 =( NAMED_UNIT ( * ) PLANE_ANGLE_UNIT ( ) SI_UNIT ( $, .RADIAN. ) );
#3508 = CARTESIAN_POINT ( 'NONE',  ( 7.864218330839943150, 7.500000000000000000, 11.00000000000000000 ) ) ;
#3509 = LINE ( 'NONE', #429, #2776 ) ;
#3510 = ORIENTED_EDGE ( 'NONE', *, *, #4334, .F. ) ;
#3511 = ORIENTED_EDGE ( 'NONE', *, *, #2110, .T. ) ;
#3512 = DIRECTION ( 'NONE',  ( 0.000000000000000000, 0.000000000000000000, 1.000000000000000000 ) ) ;
#3513 = DIRECTION ( 'NONE',  ( -0.000000000000000000, 0.000000000000000000, 1.000000000000000000 ) ) ;
#3514 = CARTESIAN_POINT ( 'NONE',  ( -3.299999999999999822, 2.799999999999998490, 0.1000000000000000056 ) ) ;
#3515 = DIRECTION ( 'NONE',  ( 0.000000000000000000, 1.000000000000000000, 0.000000000000000000 ) ) ;
#3516 = DIRECTION ( 'NONE',  ( 0.000000000000000000, 0.000000000000000000, 1.000000000000000000 ) ) ;
#3517 = DIRECTION ( 'NONE',  ( 0.000000000000000000, 1.000000000000000000, 0.000000000000000000 ) ) ;
#3518 = ORIENTED_EDGE ( 'NONE', *, *, #216, .F. ) ;
#3519 = PLANE ( 'NONE',  #4211 ) ;
#3520 = VERTEX_POINT ( 'NONE', #5081 ) ;
#3521 = FACE_OUTER_BOUND ( 'NONE', #4613, .T. ) ;
#3522 = CARTESIAN_POINT ( 'NONE',  ( 9.000000000000000000, 0.4999999999999995559, 9.000000000000000000 ) ) ;
#3523 = VERTEX_POINT ( 'NONE', #6899 ) ;
#3524 = FACE_OUTER_BOUND ( 'NONE', #4371, .T. ) ;
#3525 =( GEOMETRIC_REPRESENTATION_CONTEXT ( 3 ) GLOBAL_UNCERTAINTY_ASSIGNED_CONTEXT ( ( #4891 ) ) GLOBAL_UNIT_ASSIGNED_CONTEXT ( ( #777, #6289, #1365 ) ) REPRESENTATION_CONTEXT ( 'NONE', 'WORKASPACE' ) );
#3526 = EDGE_CURVE ( 'NONE', #2247, #7021, #7673, .T. ) ;
#3527 = AXIS2_PLACEMENT_3D ( 'NONE', #5883, #968, #6491 ) ;
#3528 = VERTEX_POINT ( 'NONE', #204 ) ;
#3529 = VERTEX_POINT ( 'NONE', #3864 ) ;
#3530 = DIRECTION ( 'NONE',  ( -0.000000000000000000, 1.000000000000000000, 0.000000000000000000 ) ) ;
#3531 = EDGE_CURVE ( 'NONE', #1007, #1094, #2567, .T. ) ;
#3532 = ORIENTED_EDGE ( 'NONE', *, *, #7272, .F. ) ;
#3533 = CARTESIAN_POINT ( 'NONE',  ( 15.25000000000000178, 0.5000000000000004441, 7.599999999999999645 ) ) ;
#3534 = LINE ( 'NONE', #7908, #684 ) ;
#3535 = VERTEX_POINT ( 'NONE', #858 ) ;
#3536 = DIRECTION ( 'NONE',  ( -0.000000000000000000, -0.000000000000000000, -1.000000000000000000 ) ) ;
#3537 = VECTOR ( 'NONE', #4901, 1000.000000000000000 ) ;
#3538 = ADVANCED_FACE ( 'NONE', ( #5552 ), #3776, .T. ) ;
#3539 = EDGE_CURVE ( 'NONE', #495, #1135, #6294, .T. ) ;
#3540 = DIRECTION ( 'NONE',  ( 0.000000000000000000, 0.000000000000000000, -1.000000000000000000 ) ) ;
#3541 = CARTESIAN_POINT ( 'NONE',  ( -16.00000000000000000, 0.4999999999999995559, 1.500000000000001998 ) ) ;
#3542 = DIRECTION ( 'NONE',  ( 1.000000000000000000, -0.000000000000000000, -0.000000000000000000 ) ) ;
#3543 = DIRECTION ( 'NONE',  ( 1.156482317317871133E-15, 0.000000000000000000, -1.000000000000000000 ) ) ;
#3544 = AXIS2_PLACEMENT_3D ( 'NONE', #1012, #4043, #444 ) ;
#3545 = AXIS2_PLACEMENT_3D ( 'NONE', #390, #7152, #2823 ) ;
#3546 = VERTEX_POINT ( 'NONE', #1492 ) ;
#3547 = CIRCLE ( 'NONE', #3042, 1.499999999999999556 ) ;
#3548 = ORIENTED_EDGE ( 'NONE', *, *, #7211, .F. ) ;
#3549 = AXIS2_PLACEMENT_3D ( 'NONE', #1278, #6837, #5536 ) ;
#3550 = CARTESIAN_POINT ( 'NONE',  ( -16.00000000000000000, 0.4999999999999995559, 0.000000000000000000 ) ) ;
#3551 = CARTESIAN_POINT ( 'NONE',  ( 5.549999999999999822, 2.000000000000000000, 0.000000000000000000 ) ) ;
#3552 = CIRCLE ( 'NONE', #4065, 1.500000000000000000 ) ;
#3553 = DIRECTION ( 'NONE',  ( 0.000000000000000000, 0.000000000000000000, 1.000000000000000000 ) ) ;
#3554 = CARTESIAN_POINT ( 'NONE',  ( 16.00000000000000000, 0.4999999999999995559, -7.950000000000000178 ) ) ;
#3555 = CARTESIAN_POINT ( 'NONE',  ( 4.200000000000000178, 2.000000000000000000, 0.1000000000000000056 ) ) ;
#3556 = AXIS2_PLACEMENT_3D ( 'NONE', #2887, #2215, #7711 ) ;
#3557 = DIRECTION ( 'NONE',  ( -1.239088197126290817E-16, 1.000000000000000000, -0.000000000000000000 ) ) ;
#3558 = CIRCLE ( 'NONE', #3317, 0.2500000000000002220 ) ;
#3559 = ITEM_DEFINED_TRANSFORMATION ( 'NONE', 'NONE', #5691,  #152 ) ;
#3560 = AXIS2_PLACEMENT_3D ( 'NONE', #341, #5061, #3238 ) ;
#3561 = ORIENTED_EDGE ( 'NONE', *, *, #4982, .F. ) ;
#3562 = ADVANCED_FACE ( 'NONE', ( #5639 ), #3255, .F. ) ;
#3563 = EDGE_CURVE ( 'NONE', #4865, #1971, #252, .T. ) ;
#3564 = DIRECTION ( 'NONE',  ( 0.000000000000000000, 1.000000000000000000, 0.000000000000000000 ) ) ;
#3565 = ORIENTED_EDGE ( 'NONE', *, *, #7847, .T. ) ;
#3566 = DIRECTION ( 'NONE',  ( 0.000000000000000000, 0.000000000000000000, 1.000000000000000000 ) ) ;
#3567 = LINE ( 'NONE', #3642, #880 ) ;
#3568 = VECTOR ( 'NONE', #3542, 1000.000000000000000 ) ;
#3569 = CARTESIAN_POINT ( 'NONE',  ( -5.549999999999999822, 2.000000000000000000, 0.1000000000000000056 ) ) ;
#3570 = CIRCLE ( 'NONE', #3444, 0.8000000000000003775 ) ;
#3571 = LINE ( 'NONE', #2324, #5294 ) ;
#3572 =( NAMED_UNIT ( * ) SI_UNIT ( $, .STERADIAN. ) SOLID_ANGLE_UNIT ( ) );
#3573 = ORIENTED_EDGE ( 'NONE', *, *, #5201, .F. ) ;
#3574 = VECTOR ( 'NONE', #6423, 1000.000000000000000 ) ;
#3575 = EDGE_CURVE ( 'NONE', #2902, #4736, #4374, .T. ) ;
#3576 = EDGE_LOOP ( 'NONE', ( #4644, #7453, #2158, #1486, #602, #2845, #7055, #1392 ) ) ;
#3577 = DIRECTION ( 'NONE',  ( 0.000000000000000000, 1.000000000000000000, 0.000000000000000000 ) ) ;
#3578 = CYLINDRICAL_SURFACE ( 'NONE', #1257, 0.5000000000000004441 ) ;
#3579 = EDGE_CURVE ( 'NONE', #2517, #5909, #5003, .T. ) ;
#3580 = ORIENTED_EDGE ( 'NONE', *, *, #5008, .F. ) ;
#3581 = PLANE ( 'NONE',  #5978 ) ;
#3582 = VECTOR ( 'NONE', #2041, 1000.000000000000000 ) ;
#3583 = AXIS2_PLACEMENT_3D ( 'NONE', #7570, #6809, #6196 ) ;
#3584 = DIRECTION ( 'NONE',  ( 0.000000000000000000, 0.000000000000000000, 1.000000000000000000 ) ) ;
#3585 = ORIENTED_EDGE ( 'NONE', *, *, #4506, .T. ) ;
#3586 = ORIENTED_EDGE ( 'NONE', *, *, #5111, .F. ) ;
#3587 = APPLICATION_CONTEXT ( 'automotive_design' ) ;
#3588 = CARTESIAN_POINT ( 'NONE',  ( -7.864218330839943150, 0.4999999999999995559, -11.00000000000000000 ) ) ;
#3589 = CARTESIAN_POINT ( 'NONE',  ( 9.249999999999998224, -3.499999999999999556, 0.2500000000000000000 ) ) ;
#3590 = CARTESIAN_POINT ( 'NONE',  ( -6.769999999999998685, 0.000000000000000000, -3.270000000000000018 ) ) ;
#3591 = DIRECTION ( 'NONE',  ( 0.000000000000000000, 0.000000000000000000, -1.000000000000000000 ) ) ;
#3592 = EDGE_CURVE ( 'NONE', #1305, #5551, #2546, .T. ) ;
#3593 = EDGE_LOOP ( 'NONE', ( #7086, #2394, #867, #4680, #6131, #7636, #7336, #5420 ) ) ;
#3594 = EDGE_LOOP ( 'NONE', ( #4001, #413, #6905, #6712 ) ) ;
#3595 = FACE_OUTER_BOUND ( 'NONE', #3235, .T. ) ;
#3596 = DIRECTION ( 'NONE',  ( 0.000000000000000000, 0.000000000000000000, 1.000000000000000000 ) ) ;
#3597 = EDGE_CURVE ( 'NONE', #3222, #4385, #7653, .T. ) ;
#3598 = DIRECTION ( 'NONE',  ( 1.000000000000000000, 0.000000000000000000, -0.000000000000000000 ) ) ;
#3599 = CARTESIAN_POINT ( 'NONE',  ( -5.999999999999999112, -1.200000000000000178, 0.1000000000000000056 ) ) ;
#3600 = ADVANCED_FACE ( 'NONE', ( #2204 ), #363, .F. ) ;
#3601 = CARTESIAN_POINT ( 'NONE',  ( -3.200000000000000178, -2.000000000000000000, 0.000000000000000000 ) ) ;
#3602 = CONTEXT_DEPENDENT_SHAPE_REPRESENTATION ( #1953, #4540 ) ;
#3603 = ORIENTED_EDGE ( 'NONE', *, *, #712, .T. ) ;
#3604 = CARTESIAN_POINT ( 'NONE',  ( 16.75000000000000000, 0.5000000000000004441, -6.100000000000001421 ) ) ;
#3605 = ORIENTED_EDGE ( 'NONE', *, *, #3761, .F. ) ;
#3606 = PLANE ( 'NONE',  #5355 ) ;
#3607 = DIRECTION ( 'NONE',  ( 0.000000000000000000, 0.000000000000000000, -1.000000000000000000 ) ) ;
#3608 = EDGE_LOOP ( 'NONE', ( #703, #7656, #4706, #955, #7495, #5504, #6724, #4241, #3292, #5805, #7579, #5716, #7260, #7471, #82, #620, #2022, #4915, #5635, #1275, #4653, #972, #855 ) ) ;
#3609 = CARTESIAN_POINT ( 'NONE',  ( 1.850000000000000311, -2.000000000000000000, 0.000000000000000000 ) ) ;
#3610 = VECTOR ( 'NONE', #6792, 1000.000000000000000 ) ;
#3611 = ORIENTED_EDGE ( 'NONE', *, *, #1733, .F. ) ;
#3612 = ORIENTED_EDGE ( 'NONE', *, *, #7829, .F. ) ;
#3613 = ORIENTED_EDGE ( 'NONE', *, *, #4792, .T. ) ;
#3614 = VECTOR ( 'NONE', #5738, 1000.000000000000000 ) ;
#3615 = DIRECTION ( 'NONE',  ( 4.956352788505166226E-16, 0.000000000000000000, -1.000000000000000000 ) ) ;
#3616 = CARTESIAN_POINT ( 'NONE',  ( -5.549999999999999822, -2.000000000000000000, 0.1000000000000000056 ) ) ;
#3617 = VERTEX_POINT ( 'NONE', #2802 ) ;
#3618 = DIRECTION ( 'NONE',  ( -0.000000000000000000, 1.000000000000000000, -0.000000000000000000 ) ) ;
#3619 = CARTESIAN_POINT ( 'NONE',  ( 16.00000000000000000, 0.4999999999999995559, -3.249999999999999112 ) ) ;
#3620 = EDGE_LOOP ( 'NONE', ( #7724, #4009, #7611, #4383 ) ) ;
#3621 = PLANE ( 'NONE',  #3989 ) ;
#3622 = LINE ( 'NONE', #2341, #7766 ) ;
#3623 = LINE ( 'NONE', #7310, #1656 ) ;
#3624 = CARTESIAN_POINT ( 'NONE',  ( -16.00000000000000000, 0.4999999999999995559, -0.8000000000000009326 ) ) ;
#3625 = CARTESIAN_POINT ( 'NONE',  ( 16.00000000000000000, 7.500000000000000000, -9.000000000000005329 ) ) ;
#3626 = EDGE_CURVE ( 'NONE', #329, #1597, #4677, .T. ) ;
#3627 = VERTEX_POINT ( 'NONE', #3373 ) ;
#3628 = ORIENTED_EDGE ( 'NONE', *, *, #916, .T. ) ;
#3629 = CARTESIAN_POINT ( 'NONE',  ( 0.000000000000000000, 0.000000000000000000, 0.5000000000000000000 ) ) ;
#3630 = DIRECTION ( 'NONE',  ( -0.000000000000000000, -1.000000000000000000, -0.000000000000000000 ) ) ;
#3631 = EDGE_CURVE ( 'NONE', #7427, #1611, #405, .T. ) ;
#3632 = FACE_BOUND ( 'NONE', #7887, .T. ) ;
#3633 = LINE ( 'NONE', #1753, #6216 ) ;
#3634 = CARTESIAN_POINT ( 'NONE',  ( 15.50000000000000178, 0.000000000000000000, 4.949999999999998401 ) ) ;
#3635 = APPLICATION_PROTOCOL_DEFINITION ( 'draft international standard', 'automotive_design', 1998, #7530 ) ;
#3636 = ADVANCED_FACE ( 'NONE', ( #5238 ), #5759, .T. ) ;
#3637 = VERTEX_POINT ( 'NONE', #7771 ) ;
#3638 = DIRECTION ( 'NONE',  ( 0.000000000000000000, 1.000000000000000000, 0.000000000000000000 ) ) ;
#3639 = ORIENTED_EDGE ( 'NONE', *, *, #2502, .F. ) ;
#3640 = FACE_OUTER_BOUND ( 'NONE', #402, .T. ) ;
#3641 = ADVANCED_FACE ( 'NONE', ( #7011 ), #7737, .F. ) ;
#3642 = CARTESIAN_POINT ( 'NONE',  ( 15.50000000000000178, 0.000000000000000000, -3.249999999999999112 ) ) ;
#3643 = DIRECTION ( 'NONE',  ( 0.000000000000000000, 0.000000000000000000, 1.000000000000000000 ) ) ;
#3644 = PLANE ( 'NONE',  #7233 ) ;
#3645 = EDGE_CURVE ( 'NONE', #4673, #1036, #2240, .T. ) ;
#3646 = SHAPE_REPRESENTATION_RELATIONSHIP ( 'NONE' , 'NONE' ,  #7686, #7722 ) ;
#3647 = ORIENTED_EDGE ( 'NONE', *, *, #5379, .T. ) ;
#3648 = ORIENTED_EDGE ( 'NONE', *, *, #4362, .T. ) ;
#3649 = VECTOR ( 'NONE', #7172, 1000.000000000000000 ) ;
#3650 = ORIENTED_EDGE ( 'NONE', *, *, #7464, .F. ) ;
#3651 = DIRECTION ( 'NONE',  ( -0.000000000000000000, -0.000000000000000000, -1.000000000000000000 ) ) ;
#3652 = PLANE ( 'NONE',  #2270 ) ;
#3653 = ORIENTED_EDGE ( 'NONE', *, *, #5984, .T. ) ;
#3654 = DIRECTION ( 'NONE',  ( 2.312964634635742661E-15, 0.000000000000000000, -1.000000000000000000 ) ) ;
#3655 = VECTOR ( 'NONE', #3212, 1000.000000000000000 ) ;
#3656 = DIRECTION ( 'NONE',  ( 0.000000000000000000, 0.000000000000000000, -1.000000000000000000 ) ) ;
#3657 = EDGE_LOOP ( 'NONE', ( #5988, #6323, #714, #658 ) ) ;
#3658 = ORIENTED_EDGE ( 'NONE', *, *, #4568, .F. ) ;
#3659 = CARTESIAN_POINT ( 'NONE',  ( 14.74999999999999822, 0.5000000000000004441, -2.499999999999999556 ) ) ;
#3660 = EDGE_CURVE ( 'NONE', #6924, #4212, #1010, .T. ) ;
#3661 = AXIS2_PLACEMENT_3D ( 'NONE', #6469, #5904, #466 ) ;
#3662 = DIRECTION ( 'NONE',  ( 1.000000000000000000, 0.000000000000000000, 0.000000000000000000 ) ) ;
#3663 = DIRECTION ( 'NONE',  ( -1.000000000000000000, 0.000000000000000000, -0.000000000000000000 ) ) ;
#3664 = DIRECTION ( 'NONE',  ( 1.326241189584715037E-16, 0.000000000000000000, 1.000000000000000000 ) ) ;
#3665 = PLANE ( 'NONE',  #4449 ) ;
#3666 = VERTEX_POINT ( 'NONE', #6533 ) ;
#3667 = EDGE_LOOP ( 'NONE', ( #6706, #564 ) ) ;
#3668 = FACE_OUTER_BOUND ( 'NONE', #2111, .T. ) ;
#3669 = CARTESIAN_POINT ( 'NONE',  ( 16.75000000000000000, 7.500000000000000000, 2.500000000000000888 ) ) ;
#3670 = AXIS2_PLACEMENT_3D ( 'NONE', #6124, #654, #5509 ) ;
#3671 = EDGE_CURVE ( 'NONE', #6077, #247, #4594, .T. ) ;
#3672 = DIRECTION ( 'NONE',  ( -1.000000000000000000, 0.000000000000000000, 0.000000000000000000 ) ) ;
#3673 = VECTOR ( 'NONE', #3912, 1000.000000000000000 ) ;
#3674 = DIRECTION ( 'NONE',  ( 0.000000000000000000, 0.000000000000000000, 1.000000000000000000 ) ) ;
#3675 = EDGE_CURVE ( 'NONE', #7010, #6365, #3453, .T. ) ;
#3676 = CARTESIAN_POINT ( 'NONE',  ( 16.00000000000000000, 0.000000000000000000, -10.04999999999999893 ) ) ;
#3677 = VECTOR ( 'NONE', #5529, 1000.000000000000000 ) ;
#3678 = AXIS2_PLACEMENT_3D ( 'NONE', #3490, #322, #4639 ) ;
#3679 = ORIENTED_EDGE ( 'NONE', *, *, #5952, .F. ) ;
#3680 = LINE ( 'NONE', #6071, #4844 ) ;
#3681 = AXIS2_PLACEMENT_3D ( 'NONE', #6870, #7474, #5530 ) ;
#3682 = ORIENTED_EDGE ( 'NONE', *, *, #1329, .T. ) ;
#3683 = CARTESIAN_POINT ( 'NONE',  ( 13.99999999999999822, 0.000000000000000000, 1.750000000000000888 ) ) ;
#3684 = PLANE ( 'NONE',  #4818 ) ;
#3685 = LINE ( 'NONE', #3122, #7385 ) ;
#3686 = AXIS2_PLACEMENT_3D ( 'NONE', #7179, #6456, #7862 ) ;
#3687 = DIRECTION ( 'NONE',  ( 0.000000000000000000, 1.000000000000000000, 0.000000000000000000 ) ) ;
#3688 = AXIS2_PLACEMENT_3D ( 'NONE', #7231, #4194, #3598 ) ;
#3689 = AXIS2_PLACEMENT_3D ( 'NONE', #3176, #784, #5600 ) ;
#3690 = APPLICATION_CONTEXT ( 'automotive_design' ) ;
#3691 = CARTESIAN_POINT ( 'NONE',  ( 1.639217007859752773, 2.271704923740745397, 2.723171188005506949 ) ) ;
#3692 = ORIENTED_EDGE ( 'NONE', *, *, #7516, .F. ) ;
#3693 = ADVANCED_FACE ( 'NONE', ( #7612 ), #5798, .F. ) ;
#3694 = EDGE_CURVE ( 'NONE', #5251, #6915, #5160, .T. ) ;
#3695 = VERTEX_POINT ( 'NONE', #2756 ) ;
#3696 = ORIENTED_EDGE ( 'NONE', *, *, #4022, .F. ) ;
#3697 = AXIS2_PLACEMENT_3D ( 'NONE', #3721, #6918, #5143 ) ;
#3698 = CARTESIAN_POINT ( 'NONE',  ( -6.050000000000000711, 0.000000000000000000, 0.1000000000000000056 ) ) ;
#3699 = DIRECTION ( 'NONE',  ( 0.000000000000000000, 1.000000000000000000, 0.000000000000000000 ) ) ;
#3700 = VECTOR ( 'NONE', #5977, 1000.000000000000000 ) ;
#3701 = ORIENTED_EDGE ( 'NONE', *, *, #6180, .F. ) ;
#3702 = EDGE_CURVE ( 'NONE', #854, #5515, #1666, .T. ) ;
#3703 = CARTESIAN_POINT ( 'NONE',  ( 16.75000000000000000, 7.500000000000000000, -4.000000000000000000 ) ) ;
#3704 = UNCERTAINTY_MEASURE_WITH_UNIT (LENGTH_MEASURE( 1.000000000000000082E-05 ), #1570, 'distance_accuracy_value', 'NONE');
#3705 = DIRECTION ( 'NONE',  ( -0.000000000000000000, -0.000000000000000000, -1.000000000000000000 ) ) ;
#3706 = ORIENTED_EDGE ( 'NONE', *, *, #873, .T. ) ;
#3707 = VECTOR ( 'NONE', #2090, 1000.000000000000000 ) ;
#3708 = EDGE_CURVE ( 'NONE', #4212, #4573, #5920, .T. ) ;
#3709 = VERTEX_POINT ( 'NONE', #965 ) ;
#3710 = DIRECTION ( 'NONE',  ( -1.000000000000000000, 0.000000000000000000, 0.000000000000000000 ) ) ;
#3711 = VECTOR ( 'NONE', #7651, 1000.000000000000000 ) ;
#3712 = SURFACE_SIDE_STYLE ('',( #58 ) ) ;
#3713 = AXIS2_PLACEMENT_3D ( 'NONE', #4042, #4638, #3339 ) ;
#3714 = DIRECTION ( 'NONE',  ( 0.000000000000000000, 1.000000000000000000, 0.000000000000000000 ) ) ;
#3715 = DIRECTION ( 'NONE',  ( 0.000000000000000000, 0.000000000000000000, 1.000000000000000000 ) ) ;
#3716 = DIRECTION ( 'NONE',  ( -1.000000000000000000, 0.000000000000000000, -0.000000000000000000 ) ) ;
#3717 = ORIENTED_EDGE ( 'NONE', *, *, #3755, .T. ) ;
#3718 = VERTEX_POINT ( 'NONE', #3405 ) ;
#3719 = CARTESIAN_POINT ( 'NONE',  ( 3.700000000000000178, 2.000000000000000000, 0.1000000000000000056 ) ) ;
#3720 = DIRECTION ( 'NONE',  ( 1.000000000000000000, -0.000000000000000000, -0.000000000000000000 ) ) ;
#3721 = CARTESIAN_POINT ( 'NONE',  ( -12.00000000000000355, 0.000000000000000000, -2.999999999999998224 ) ) ;
#3722 = ADVANCED_FACE ( 'NONE', ( #5832 ), #7698, .F. ) ;
#3723 = DIRECTION ( 'NONE',  ( 0.000000000000000000, 0.000000000000000000, -1.000000000000000000 ) ) ;
#3724 = LINE ( 'NONE', #7321, #3614 ) ;
#3725 = PRODUCT_DEFINITION ( 'UNKNOWN', '', #4791, #1290 ) ;
#3726 = VERTEX_POINT ( 'NONE', #4282 ) ;
#3727 = DIRECTION ( 'NONE',  ( 0.000000000000000000, 0.000000000000000000, 1.000000000000000000 ) ) ;
#3728 = ORIENTED_EDGE ( 'NONE', *, *, #1623, .T. ) ;
#3729 = DIRECTION ( 'NONE',  ( 0.000000000000000000, -0.000000000000000000, -1.000000000000000000 ) ) ;
#3730 = FACE_OUTER_BOUND ( 'NONE', #264, .T. ) ;
#3731 = DIRECTION ( 'NONE',  ( 0.000000000000000000, 0.000000000000000000, -1.000000000000000000 ) ) ;
#3732 = FACE_OUTER_BOUND ( 'NONE', #5831, .T. ) ;
#3733 = AXIS2_PLACEMENT_3D ( 'NONE', #7382, #3224, #6788 ) ;
#3734 = VERTEX_POINT ( 'NONE', #3080 ) ;
#3735 = ORIENTED_EDGE ( 'NONE', *, *, #1554, .T. ) ;
#3736 = CARTESIAN_POINT ( 'NONE',  ( -16.00000000000000000, 7.500000000000000000, 0.8000000000000009326 ) ) ;
#3737 = ORIENTED_EDGE ( 'NONE', *, *, #2221, .T. ) ;
#3738 = CARTESIAN_POINT ( 'NONE',  ( -6.770000000000000462, -3.270000000000000462, 0.000000000000000000 ) ) ;
#3739 = LINE ( 'NONE', #6135, #3825 ) ;
#3740 = AXIS2_PLACEMENT_3D ( 'NONE', #4196, #2912, #5383 ) ;
#3741 = ORIENTED_EDGE ( 'NONE', *, *, #6908, .F. ) ;
#3742 = ADVANCED_FACE ( 'NONE', ( #3521 ), #1242, .F. ) ;
#3743 = CARTESIAN_POINT ( 'NONE',  ( 0.5000000000000000000, 6.123233995736766036E-17, 0.1000000000000000056 ) ) ;
#3744 = CARTESIAN_POINT ( 'NONE',  ( -16.00000000000000000, 0.4999999999999995559, 0.000000000000000000 ) ) ;
#3745 = EDGE_LOOP ( 'NONE', ( #4929, #537, #1973, #2323 ) ) ;
#3746 = VECTOR ( 'NONE', #1621, 1000.000000000000000 ) ;
#3747 = EDGE_LOOP ( 'NONE', ( #7827, #6327, #5925, #5856 ) ) ;
#3748 = EDGE_CURVE ( 'NONE', #5787, #4727, #3065, .T. ) ;
#3749 = DIRECTION ( 'NONE',  ( 0.000000000000000000, 0.000000000000000000, 1.000000000000000000 ) ) ;
#3750 = CARTESIAN_POINT ( 'NONE',  ( 3.700000000000000178, 0.000000000000000000, 0.1000000000000000056 ) ) ;
#3751 = EDGE_CURVE ( 'NONE', #3257, #5986, #5507, .T. ) ;
#3752 = DIRECTION ( 'NONE',  ( 0.000000000000000000, 0.000000000000000000, 1.000000000000000000 ) ) ;
#3753 = CARTESIAN_POINT ( 'NONE',  ( -9.500000000000005329, 0.4999999999999995559, -7.864218330839952031 ) ) ;
#3754 = DIRECTION ( 'NONE',  ( 0.000000000000000000, 1.000000000000000000, 0.000000000000000000 ) ) ;
#3755 = EDGE_CURVE ( 'NONE', #5771, #5787, #1880, .T. ) ;
#3756 = ORIENTED_EDGE ( 'NONE', *, *, #3834, .F. ) ;
#3757 = LINE ( 'NONE', #6188, #3029 ) ;
#3758 = CARTESIAN_POINT ( 'NONE',  ( 13.24999999999999822, 0.5000000000000004441, -2.499999999999999556 ) ) ;
#3759 = SPHERICAL_SURFACE ( 'NONE', #4960, 0.2500000000000000000 ) ;
#3760 = LINE ( 'NONE', #6231, #2762 ) ;
#3761 = EDGE_CURVE ( 'NONE', #2672, #2473, #4786, .T. ) ;
#3762 = CARTESIAN_POINT ( 'NONE',  ( 0.4300000000000022138, 0.7500000000000000000, 3.070000000000000284 ) ) ;
#3763 = ORIENTED_EDGE ( 'NONE', *, *, #4641, .T. ) ;
#3764 = DIRECTION ( 'NONE',  ( 0.000000000000000000, 0.000000000000000000, -1.000000000000000000 ) ) ;
#3765 = ORIENTED_EDGE ( 'NONE', *, *, #3171, .T. ) ;
#3766 = CARTESIAN_POINT ( 'NONE',  ( -12.00000000000000355, 0.000000000000000000, -2.999999999999998224 ) ) ;
#3767 = LINE ( 'NONE', #1966, #1765 ) ;
#3768 = DIRECTION ( 'NONE',  ( -2.168404344971008868E-16, -1.000000000000000000, 0.000000000000000000 ) ) ;
#3769 = LINE ( 'NONE', #2361, #1865 ) ;
#3770 = PRODUCT_DEFINITION_CONTEXT ( 'detailed design', #3433, 'design' ) ;
#3771 = CARTESIAN_POINT ( 'NONE',  ( 4.842049914807622812, 4.721246826229636540, 10.02470389302588494 ) ) ;
#3772 = ORIENTED_EDGE ( 'NONE', *, *, #4030, .F. ) ;
#3773 = ORIENTED_EDGE ( 'NONE', *, *, #1470, .T. ) ;
#3774 = CARTESIAN_POINT ( 'NONE',  ( 15.50000000000000178, 0.000000000000000000, 3.799999999999999822 ) ) ;
#3775 = ORIENTED_EDGE ( 'NONE', *, *, #4862, .T. ) ;
#3776 = CYLINDRICAL_SURFACE ( 'NONE', #4213, 1.499999999999999556 ) ;
#3777 = CARTESIAN_POINT ( 'NONE',  ( -9.000000000000000000, 0.4999999999999995559, 9.000000000000000000 ) ) ;
#3778 = PRODUCT_DEFINITION_SHAPE ( 'NONE', 'NONE',  #7925 ) ;
#3779 = ORIENTED_EDGE ( 'NONE', *, *, #851, .T. ) ;
#3780 = ADVANCED_FACE ( 'NONE', ( #3640 ), #1206, .F. ) ;
#3781 = DIRECTION ( 'NONE',  ( -0.000000000000000000, -0.000000000000000000, -1.000000000000000000 ) ) ;
#3782 = CARTESIAN_POINT ( 'NONE',  ( -0.4300000000000025469, 3.070000000000000284, -1.074999999999999956 ) ) ;
#3783 = ORIENTED_EDGE ( 'NONE', *, *, #3421, .F. ) ;
#3784 = ORIENTED_EDGE ( 'NONE', *, *, #1531, .F. ) ;
#3785 = EDGE_CURVE ( 'NONE', #5926, #4938, #1806, .T. ) ;
#3786 = DIRECTION ( 'NONE',  ( 0.000000000000000000, 0.000000000000000000, 1.000000000000000000 ) ) ;
#3787 = CIRCLE ( 'NONE', #7747, 1.499999999999999556 ) ;
#3788 = DIRECTION ( 'NONE',  ( -1.000000000000000000, -0.000000000000000000, -0.000000000000000000 ) ) ;
#3789 = CARTESIAN_POINT ( 'NONE',  ( 16.00000000000000000, 0.000000000000000000, -1.749999999999999334 ) ) ;
#3790 = LINE ( 'NONE', #6220, #1639 ) ;
#3791 = PRODUCT_DEFINITION_FORMATION_WITH_SPECIFIED_SOURCE ( 'ANY', '', #5580, .NOT_KNOWN. ) ;
#3792 = CIRCLE ( 'NONE', #334, 0.5000000000000000000 ) ;
#3793 = ADVANCED_FACE ( 'NONE', ( #6693 ), #3606, .F. ) ;
#3794 = ADVANCED_FACE ( 'NONE', ( #7242 ), #1760, .T. ) ;
#3795 = ORIENTED_EDGE ( 'NONE', *, *, #7565, .T. ) ;
#3796 = DIRECTION ( 'NONE',  ( -0.000000000000000000, -1.000000000000000000, -0.000000000000000000 ) ) ;
#3797 = CARTESIAN_POINT ( 'NONE',  ( 6.770000000000000462, 0.7500000000000000000, 3.270000000000000018 ) ) ;
#3798 = CIRCLE ( 'NONE', #1235, 0.4999999999999997780 ) ;
#3799 = EDGE_CURVE ( 'NONE', #2824, #541, #5, .T. ) ;
#3800 = DIRECTION ( 'NONE',  ( 0.000000000000000000, 0.000000000000000000, 1.000000000000000000 ) ) ;
#3801 = EDGE_CURVE ( 'NONE', #2819, #1710, #2917, .T. ) ;
#3802 = ORIENTED_EDGE ( 'NONE', *, *, #1284, .T. ) ;
#3803 = LINE ( 'NONE', #6236, #6910 ) ;
#3804 = ORIENTED_EDGE ( 'NONE', *, *, #4143, .T. ) ;
#3805 = VECTOR ( 'NONE', #6019, 1000.000000000000000 ) ;
#3806 = CARTESIAN_POINT ( 'NONE',  ( -4.299999999999999822, 2.799999999999998490, 0.1000000000000000056 ) ) ;
#3807 = VECTOR ( 'NONE', #1916, 1000.000000000000000 ) ;
#3808 = CYLINDRICAL_SURFACE ( 'NONE', #6108, 0.8000000000000020428 ) ;
#3809 = CARTESIAN_POINT ( 'NONE',  ( 9.499999999999998224, 7.500000000000000000, 7.864218330839939597 ) ) ;
#3810 = LINE ( 'NONE', #5708, #5052 ) ;
#3811 = AXIS2_PLACEMENT_3D ( 'NONE', #3889, #1327, #5117 ) ;
#3812 = VECTOR ( 'NONE', #5602, 1000.000000000000000 ) ;
#3813 = EDGE_CURVE ( 'NONE', #3666, #4807, #7206, .T. ) ;
#3814 = ORIENTED_EDGE ( 'NONE', *, *, #5916, .T. ) ;
#3815 = VECTOR ( 'NONE', #2619, 1000.000000000000000 ) ;
#3816 = ORIENTED_EDGE ( 'NONE', *, *, #5905, .F. ) ;
#3817 = FACE_OUTER_BOUND ( 'NONE', #5047, .T. ) ;
#3818 = ORIENTED_EDGE ( 'NONE', *, *, #6530, .T. ) ;
#3819 = PRODUCT_DEFINITION_SHAPE ( 'NONE', 'NONE',  #5957 ) ;
#3820 = DIRECTION ( 'NONE',  ( -1.000000000000000000, -0.000000000000000000, 1.858632295689434870E-16 ) ) ;
#3821 = DIRECTION ( 'NONE',  ( 1.412641267082090664E-16, 1.000000000000000000, 0.000000000000000000 ) ) ;
#3822 = DIRECTION ( 'NONE',  ( 0.000000000000000000, 0.000000000000000000, 1.000000000000000000 ) ) ;
#3823 = AXIS2_PLACEMENT_3D ( 'NONE', #3962, #7604, #998 ) ;
#3824 = EDGE_LOOP ( 'NONE', ( #6008, #2329, #3126, #2639 ) ) ;
#3825 = VECTOR ( 'NONE', #618, 1000.000000000000000 ) ;
#3826 = CARTESIAN_POINT ( 'NONE',  ( -9.000000000000007105, 0.000000000000000000, -9.000000000000001776 ) ) ;
#3827 = ADVANCED_FACE ( 'NONE', ( #5423 ), #1720, .F. ) ;
#3828 = CARTESIAN_POINT ( 'NONE',  ( 5.049999999999999822, 2.000000000000000000, 0.000000000000000000 ) ) ;
#3829 = EDGE_LOOP ( 'NONE', ( #1085, #860, #7006, #3346 ) ) ;
#3830 = AXIS2_PLACEMENT_3D ( 'NONE', #3357, #5745, #272 ) ;
#3831 = EDGE_LOOP ( 'NONE', ( #4729, #7704, #2482, #1939 ) ) ;
#3832 = VECTOR ( 'NONE', #5255, 1000.000000000000000 ) ;
#3833 = CIRCLE ( 'NONE', #368, 0.5000000000000000000 ) ;
#3834 = EDGE_CURVE ( 'NONE', #4573, #1213, #2961, .T. ) ;
#3835 = DIRECTION ( 'NONE',  ( -0.000000000000000000, 1.000000000000000000, -0.000000000000000000 ) ) ;
#3836 = EDGE_LOOP ( 'NONE', ( #6177, #2193 ) ) ;
#3837 = LINE ( 'NONE', #1910, #4593 ) ;
#3838 = DIRECTION ( 'NONE',  ( -1.000000000000000000, 0.000000000000000000, 0.000000000000000000 ) ) ;
#3839 = DIRECTION ( 'NONE',  ( 0.000000000000000000, 0.000000000000000000, 1.000000000000000000 ) ) ;
#3840 = CIRCLE ( 'NONE', #2677, 1.499999999999999556 ) ;
#3841 = ORIENTED_EDGE ( 'NONE', *, *, #5101, .F. ) ;
#3842 = VECTOR ( 'NONE', #1937, 1000.000000000000000 ) ;
#3843 = LINE ( 'NONE', #3199, #6486 ) ;
#3844 = LINE ( 'NONE', #4511, #7910 ) ;
#3845 = EDGE_CURVE ( 'NONE', #4884, #6120, #2440, .T. ) ;
#3846 = PLANE ( 'NONE',  #6604 ) ;
#3847 = VECTOR ( 'NONE', #97, 1000.000000000000000 ) ;
#3848 = CIRCLE ( 'NONE', #1792, 0.2500000000000002220 ) ;
#3849 = PRODUCT_DEFINITION_SHAPE ( 'NONE', 'NONE',  #7926 ) ;
#3850 = VERTEX_POINT ( 'NONE', #6074 ) ;
#3851 = EDGE_CURVE ( 'NONE', #778, #954, #7289, .T. ) ;
#3852 = LINE ( 'NONE', #769, #2428 ) ;
#3853 =( REPRESENTATION_RELATIONSHIP ('NONE','NONE', #5466, #3343 ) REPRESENTATION_RELATIONSHIP_WITH_TRANSFORMATION ( #527 )SHAPE_REPRESENTATION_RELATIONSHIP( ) );
#3854 = ORIENTED_EDGE ( 'NONE', *, *, #2133, .F. ) ;
#3855 = CARTESIAN_POINT ( 'NONE',  ( -6.769999999999998685, 0.7500000000000000000, -3.270000000000000018 ) ) ;
#3856 = LINE ( 'NONE', #6282, #5980 ) ;
#3857 = CARTESIAN_POINT ( 'NONE',  ( 16.75000000000000000, -16.34050177399711501, -2.499999999999999556 ) ) ;
#3858 = EDGE_CURVE ( 'NONE', #7365, #6452, #4876, .T. ) ;
#3859 = CARTESIAN_POINT ( 'NONE',  ( 13.24999999999999822, -16.34050177399711501, 2.500000000000001332 ) ) ;
#3860 = ORIENTED_EDGE ( 'NONE', *, *, #7408, .F. ) ;
#3861 = ORIENTED_EDGE ( 'NONE', *, *, #7452, .F. ) ;
#3862 = LINE ( 'NONE', #3291, #2670 ) ;
#3863 = ORIENTED_EDGE ( 'NONE', *, *, #1163, .F. ) ;
#3864 = CARTESIAN_POINT ( 'NONE',  ( -9.000000000000007105, 0.000000000000000000, -10.50000000000000000 ) ) ;
#3865 = LINE ( 'NONE', #254, #3028 ) ;
#3866 = ORIENTED_EDGE ( 'NONE', *, *, #2237, .T. ) ;
#3867 = CARTESIAN_POINT ( 'NONE',  ( 15.50000000000000178, 0.000000000000000000, 6.050000000000000711 ) ) ;
#3868 = CARTESIAN_POINT ( 'NONE',  ( 9.249999999999998224, 3.249999999999999556, -18.50000000000000000 ) ) ;
#3869 = ORIENTED_EDGE ( 'NONE', *, *, #2581, .F. ) ;
#3870 = ORIENTED_EDGE ( 'NONE', *, *, #5631, .T. ) ;
#3871 = CARTESIAN_POINT ( 'NONE',  ( 1.850000000000000311, -2.000000000000000000, 0.1000000000000000056 ) ) ;
#3872 = VERTEX_POINT ( 'NONE', #158 ) ;
#3873 = DIRECTION ( 'NONE',  ( -0.000000000000000000, -0.000000000000000000, -1.000000000000000000 ) ) ;
#3874 = LINE ( 'NONE', #218, #3946 ) ;
#3875 = FACE_OUTER_BOUND ( 'NONE', #2480, .T. ) ;
#3876 = AXIS2_PLACEMENT_3D ( 'NONE', #3588, #1186, #3098 ) ;
#3877 = VERTEX_POINT ( 'NONE', #1360 ) ;
#3878 = CARTESIAN_POINT ( 'NONE',  ( -9.500000000000001776, 3.249999999999999556, -18.50000000000000000 ) ) ;
#3879 = FACE_OUTER_BOUND ( 'NONE', #7335, .T. ) ;
#3880 = DIRECTION ( 'NONE',  ( 0.000000000000000000, 1.000000000000000000, 0.000000000000000000 ) ) ;
#3881 = DIRECTION ( 'NONE',  ( 0.000000000000000000, 0.000000000000000000, 1.000000000000000000 ) ) ;
#3882 = ADVANCED_FACE ( 'NONE', ( #5664 ), #6280, .T. ) ;
#3883 = VERTEX_POINT ( 'NONE', #7532 ) ;
#3884 = CYLINDRICAL_SURFACE ( 'NONE', #6778, 1.500000000000000000 ) ;
#3885 = ADVANCED_FACE ( 'NONE', ( #727 ), #5115, .T. ) ;
#3886 = ORIENTED_EDGE ( 'NONE', *, *, #1197, .T. ) ;
#3887 = CYLINDRICAL_SURFACE ( 'NONE', #3203, 1.050000000000000266 ) ;
#3888 = DIRECTION ( 'NONE',  ( 0.000000000000000000, 0.000000000000000000, 1.000000000000000000 ) ) ;
#3889 = CARTESIAN_POINT ( 'NONE',  ( 16.00000000000000000, 0.000000000000000000, 3.250000000000001332 ) ) ;
#3890 = CARTESIAN_POINT ( 'NONE',  ( -9.500000000000001776, -3.249999999999999556, -18.25000000000000000 ) ) ;
#3891 = ADVANCED_FACE ( 'NONE', ( #2594 ), #193, .F. ) ;
#3892 = VERTEX_POINT ( 'NONE', #4953 ) ;
#3893 = ORIENTED_EDGE ( 'NONE', *, *, #7159, .F. ) ;
#3894 = DIRECTION ( 'NONE',  ( -0.000000000000000000, -0.000000000000000000, 1.000000000000000000 ) ) ;
#3895 = EDGE_CURVE ( 'NONE', #5891, #7033, #516, .T. ) ;
#3896 = ORIENTED_EDGE ( 'NONE', *, *, #7490, .F. ) ;
#3897 = LINE ( 'NONE', #2642, #3707 ) ;
#3898 = CARTESIAN_POINT ( 'NONE',  ( 9.499999999999998224, -3.499999999999999556, -18.25000000000000000 ) ) ;
#3899 = ORIENTED_EDGE ( 'NONE', *, *, #2125, .F. ) ;
#3900 = PLANE ( 'NONE',  #7095 ) ;
#3901 = ADVANCED_FACE ( 'NONE', ( #120 ), #4364, .T. ) ;
#3902 = CARTESIAN_POINT ( 'NONE',  ( -16.00000000000000000, 7.500000000000000000, 0.000000000000000000 ) ) ;
#3903 = ORIENTED_EDGE ( 'NONE', *, *, #483, .F. ) ;
#3904 = ORIENTED_EDGE ( 'NONE', *, *, #2679, .F. ) ;
#3905 = DIRECTION ( 'NONE',  ( 0.000000000000000000, 1.000000000000000000, 0.000000000000000000 ) ) ;
#3906 = ORIENTED_EDGE ( 'NONE', *, *, #2364, .F. ) ;
#3907 = DIRECTION ( 'NONE',  ( 0.000000000000000000, 0.000000000000000000, 1.000000000000000000 ) ) ;
#3908 = CARTESIAN_POINT ( 'NONE',  ( -6.770000000000003126, 3.500000000000000888, 0.2500000000000000000 ) ) ;
#3909 = EDGE_CURVE ( 'NONE', #1730, #6734, #6004, .T. ) ;
#3910 = ORIENTED_EDGE ( 'NONE', *, *, #3353, .F. ) ;
#3911 = AXIS2_PLACEMENT_3D ( 'NONE', #3054, #6823, #664 ) ;
#3912 = DIRECTION ( 'NONE',  ( -0.000000000000000000, 1.000000000000000000, 0.000000000000000000 ) ) ;
#3913 = FILL_AREA_STYLE ('',( #6990 ) ) ;
#3914 = PLANE ( 'NONE',  #3184 ) ;
#3915 = DIRECTION ( 'NONE',  ( 0.000000000000000000, -1.000000000000000000, 0.000000000000000000 ) ) ;
#3916 = AXIS2_PLACEMENT_3D ( 'NONE', #6812, #655, #4327 ) ;
#3917 = ORIENTED_EDGE ( 'NONE', *, *, #3983, .T. ) ;
#3918 = EDGE_CURVE ( 'NONE', #3278, #247, #5587, .T. ) ;
#3919 = ORIENTED_EDGE ( 'NONE', *, *, #3342, .F. ) ;
#3920 = DIRECTION ( 'NONE',  ( -0.000000000000000000, 1.000000000000000000, -0.000000000000000000 ) ) ;
#3921 = CIRCLE ( 'NONE', #210, 1.500000000000000000 ) ;
#3922 = DIRECTION ( 'NONE',  ( 1.314184451497581259E-16, -1.000000000000000000, 0.000000000000000000 ) ) ;
#3923 = DIRECTION ( 'NONE',  ( -1.000000000000000000, -0.000000000000000000, -0.000000000000000000 ) ) ;
#3924 = CARTESIAN_POINT ( 'NONE',  ( -9.250000000000001776, 3.499999999999999556, -18.50000000000000000 ) ) ;
#3925 = ORIENTED_EDGE ( 'NONE', *, *, #3675, .F. ) ;
#3926 = ORIENTED_EDGE ( 'NONE', *, *, #318, .T. ) ;
#3927 = LINE ( 'NONE', #7610, #6647 ) ;
#3928 = AXIS2_PLACEMENT_3D ( 'NONE', #1231, #5341, #2308 ) ;
#3929 = ORIENTED_EDGE ( 'NONE', *, *, #4466, .F. ) ;
#3930 = LINE ( 'NONE', #4967, #2933 ) ;
#3931 = CARTESIAN_POINT ( 'NONE',  ( 9.499999999999998224, 0.4999999999999995559, 7.864218330839939597 ) ) ;
#3932 = EDGE_LOOP ( 'NONE', ( #2104, #6867 ) ) ;
#3933 = DIRECTION ( 'NONE',  ( -1.000000000000000000, 0.000000000000000000, -1.652117596168387756E-16 ) ) ;
#3934 = AXIS2_PLACEMENT_3D ( 'NONE', #5689, #61, #2496 ) ;
#3935 = EDGE_CURVE ( 'NONE', #6290, #7315, #5029, .T. ) ;
#3936 = DIRECTION ( 'NONE',  ( 0.000000000000000000, 1.000000000000000000, 0.000000000000000000 ) ) ;
#3937 = EDGE_LOOP ( 'NONE', ( #2457, #6083, #358, #6484 ) ) ;
#3938 = EDGE_LOOP ( 'NONE', ( #3254, #284 ) ) ;
#3939 = VECTOR ( 'NONE', #5231, 1000.000000000000000 ) ;
#3940 = LINE ( 'NONE', #5650, #6805 ) ;
#3941 = ADVANCED_FACE ( 'NONE', ( #4992 ), #2675, .F. ) ;
#3942 = AXIS2_PLACEMENT_3D ( 'NONE', #5820, #2524, #6820 ) ;
#3943 = ORIENTED_EDGE ( 'NONE', *, *, #3597, .F. ) ;
#3944 = PLANE ( 'NONE',  #3056 ) ;
#3945 = CARTESIAN_POINT ( 'NONE',  ( 7.864218330839943150, 0.4999999999999995559, -11.00000000000000000 ) ) ;
#3946 = VECTOR ( 'NONE', #5773, 1000.000000000000000 ) ;
#3947 = EDGE_CURVE ( 'NONE', #2446, #4759, #5068, .T. ) ;
#3948 = AXIS2_PLACEMENT_3D ( 'NONE', #4235, #1196, #1436 ) ;
#3949 = CARTESIAN_POINT ( 'NONE',  ( 3.299999999999999378, -1.199999999999998845, 0.1000000000000000056 ) ) ;
#3950 = VECTOR ( 'NONE', #760, 1000.000000000000000 ) ;
#3951 = VERTEX_POINT ( 'NONE', #76 ) ;
#3952 = COLOUR_RGB ( '',0.7921568627450980005, 0.8196078431372548767, 0.9333333333333333481 ) ;
#3953 = CARTESIAN_POINT ( 'NONE',  ( 3.700000000000000178, 2.000000000000000000, 0.1000000000000000056 ) ) ;
#3954 = CARTESIAN_POINT ( 'NONE',  ( 6.770000000000000462, 0.7500000000000000000, -3.270000000000000018 ) ) ;
#3955 = PRESENTATION_LAYER_ASSIGNMENT (  '', '', ( #7405 ) ) ;
#3956 = CARTESIAN_POINT ( 'NONE',  ( 16.00000000000000000, 0.000000000000000000, -10.04999999999999893 ) ) ;
#3957 = STYLED_ITEM ( 'NONE', ( #5565 ), #3189 ) ;
#3958 = EDGE_LOOP ( 'NONE', ( #4966, #3860, #3137, #2299 ) ) ;
#3959 = ORIENTED_EDGE ( 'NONE', *, *, #5490, .T. ) ;
#3960 = CYLINDRICAL_SURFACE ( 'NONE', #6748, 0.5500000000000010436 ) ;
#3961 = FACE_OUTER_BOUND ( 'NONE', #5034, .T. ) ;
#3962 = CARTESIAN_POINT ( 'NONE',  ( 16.00000000000000000, 0.000000000000000000, -9.000000000000005329 ) ) ;
#3963 = AXIS2_PLACEMENT_3D ( 'NONE', #5037, #7494, #2008 ) ;
#3964 = PLANE ( 'NONE',  #1895 ) ;
#3965 = VECTOR ( 'NONE', #7168, 1000.000000000000000 ) ;
#3966 = PLANE ( 'NONE',  #7879 ) ;
#3967 = CARTESIAN_POINT ( 'NONE',  ( 16.59204991480768498, 7.721246826229926086, 10.02470389302552789 ) ) ;
#3968 = ORIENTED_EDGE ( 'NONE', *, *, #1178, .T. ) ;
#3969 = CARTESIAN_POINT ( 'NONE',  ( -9.250000000000001776, 3.249999999999999556, 0.2500000000000000000 ) ) ;
#3970 = ORIENTED_EDGE ( 'NONE', *, *, #370, .F. ) ;
#3971 = CARTESIAN_POINT ( 'NONE',  ( 16.00000000000000000, 0.4999999999999995559, 8.999999999999998224 ) ) ;
#3972 = CARTESIAN_POINT ( 'NONE',  ( 9.000000000000000000, 0.4999999999999995559, 9.799999999999998934 ) ) ;
#3973 = ORIENTED_EDGE ( 'NONE', *, *, #2592, .T. ) ;
#3974 = CARTESIAN_POINT ( 'NONE',  ( 13.24999999999999822, 0.5000000000000004441, 1.000000000000001110 ) ) ;
#3975 = DIRECTION ( 'NONE',  ( -0.000000000000000000, 0.000000000000000000, 1.000000000000000000 ) ) ;
#3976 = ORIENTED_EDGE ( 'NONE', *, *, #6996, .F. ) ;
#3977 = ORIENTED_EDGE ( 'NONE', *, *, #5833, .T. ) ;
#3978 = CARTESIAN_POINT ( 'NONE',  ( -17.50000000000000000, 0.000000000000000000, 10.50000000000000000 ) ) ;
#3979 = EDGE_CURVE ( 'NONE', #5895, #4467, #771, .T. ) ;
#3980 = EDGE_LOOP ( 'NONE', ( #7499, #7591, #4360, #5761 ) ) ;
#3981 = FACE_OUTER_BOUND ( 'NONE', #4894, .T. ) ;
#3982 = LINE ( 'NONE', #2102, #4821 ) ;
#3983 = EDGE_CURVE ( 'NONE', #2590, #7864, #2552, .T. ) ;
#3984 = DIRECTION ( 'NONE',  ( -0.000000000000000000, 1.000000000000000000, -0.000000000000000000 ) ) ;
#3985 = ORIENTED_EDGE ( 'NONE', *, *, #6030, .F. ) ;
#3986 = EDGE_CURVE ( 'NONE', #3892, #2439, #1443, .T. ) ;
#3987 = CYLINDRICAL_SURFACE ( 'NONE', #3298, 0.8000000000000020428 ) ;
#3988 =( NAMED_UNIT ( * ) PLANE_ANGLE_UNIT ( ) SI_UNIT ( $, .RADIAN. ) );
#3989 = AXIS2_PLACEMENT_3D ( 'NONE', #6055, #4855, #2976 ) ;
#3990 = DIRECTION ( 'NONE',  ( -1.412641267082090664E-16, 1.000000000000000000, 0.000000000000000000 ) ) ;
#3991 = ADVANCED_FACE ( 'NONE', ( #7483 ), #1405, .F. ) ;
#3992 = AXIS2_PLACEMENT_3D ( 'NONE', #7627, #337, #7096 ) ;
#3993 = ORIENTED_EDGE ( 'NONE', *, *, #1095, .T. ) ;
#3994 = ORIENTED_EDGE ( 'NONE', *, *, #3458, .T. ) ;
#3995 = DIRECTION ( 'NONE',  ( 0.000000000000000000, 0.000000000000000000, -1.000000000000000000 ) ) ;
#3996 = DIRECTION ( 'NONE',  ( -1.927470528863119049E-16, -0.000000000000000000, -1.000000000000000000 ) ) ;
#3997 = CARTESIAN_POINT ( 'NONE',  ( -0.4300000000000025469, 3.070000000000000284, -1.074999999999999956 ) ) ;
#3998 = DIRECTION ( 'NONE',  ( -7.063206335410453318E-17, 1.000000000000000000, 0.000000000000000000 ) ) ;
#3999 = CARTESIAN_POINT ( 'NONE',  ( 9.249999999999998224, 0.000000000000000000, 0.2500000000000000000 ) ) ;
#4000 = DIRECTION ( 'NONE',  ( 0.000000000000000000, 0.000000000000000000, 1.000000000000000000 ) ) ;
#4001 = ORIENTED_EDGE ( 'NONE', *, *, #4906, .T. ) ;
#4002 = LINE ( 'NONE', #4636, #6257 ) ;
#4003 = ORIENTED_EDGE ( 'NONE', *, *, #6682, .F. ) ;
#4004 = CARTESIAN_POINT ( 'NONE',  ( 6.569999999999998508, -3.070000000000001172, -1.074999999999999956 ) ) ;
#4005 = DIRECTION ( 'NONE',  ( 0.000000000000000000, 1.000000000000000000, 0.000000000000000000 ) ) ;
#4006 = ORIENTED_EDGE ( 'NONE', *, *, #4685, .T. ) ;
#4007 = CARTESIAN_POINT ( 'NONE',  ( 9.249999999999998224, 3.499999999999999556, -18.25000000000000000 ) ) ;
#4008 = CARTESIAN_POINT ( 'NONE',  ( 13.99999999999999822, 0.000000000000000000, -1.749999999999998890 ) ) ;
#4009 = ORIENTED_EDGE ( 'NONE', *, *, #7523, .T. ) ;
#4010 = VERTEX_POINT ( 'NONE', #240 ) ;
#4011 = DIRECTION ( 'NONE',  ( -1.000000000000000000, -0.000000000000000000, -0.000000000000000000 ) ) ;
#4012 = ADVANCED_FACE ( 'NONE', ( #6926 ), #3887, .F. ) ;
#4013 = VERTEX_POINT ( 'NONE', #956 ) ;
#4014 = LINE ( 'NONE', #5135, #5219 ) ;
#4015 = DIRECTION ( 'NONE',  ( 0.000000000000000000, 1.000000000000000000, 0.000000000000000000 ) ) ;
#4016 = DIRECTION ( 'NONE',  ( 0.000000000000000000, 0.000000000000000000, -1.000000000000000000 ) ) ;
#4017 = EDGE_LOOP ( 'NONE', ( #3647, #5961, #1840, #5412 ) ) ;
#4018 = ORIENTED_EDGE ( 'NONE', *, *, #7478, .T. ) ;
#4019 = CARTESIAN_POINT ( 'NONE',  ( -8.604945506379110043, 7.500000000000000000, -9.695652173913043015 ) ) ;
#4020 = LINE ( 'NONE', #2778, #1015 ) ;
#4021 = DIRECTION ( 'NONE',  ( -0.000000000000000000, 1.000000000000000000, -0.000000000000000000 ) ) ;
#4022 = EDGE_CURVE ( 'NONE', #3951, #6370, #4601, .T. ) ;
#4023 = FACE_OUTER_BOUND ( 'NONE', #1582, .T. ) ;
#4024 = EDGE_CURVE ( 'NONE', #5626, #3420, #781, .T. ) ;
#4025 = EDGE_CURVE ( 'NONE', #592, #323, #6657, .T. ) ;
#4026 = AXIS2_PLACEMENT_3D ( 'NONE', #1053, #4642, #369 ) ;
#4027 = EDGE_LOOP ( 'NONE', ( #5306, #6574 ) ) ;
#4028 = VERTEX_POINT ( 'NONE', #3394 ) ;
#4029 = DIRECTION ( 'NONE',  ( -1.000000000000000000, 0.000000000000000000, 0.000000000000000000 ) ) ;
#4030 = EDGE_CURVE ( 'NONE', #6407, #5728, #3848, .T. ) ;
#4031 = CARTESIAN_POINT ( 'NONE',  ( 6.769999999999997797, 3.269999999999999574, -0.5000000000000000000 ) ) ;
#4032 = DIRECTION ( 'NONE',  ( -0.000000000000000000, 1.000000000000000000, -0.000000000000000000 ) ) ;
#4033 = VECTOR ( 'NONE', #3083, 1000.000000000000000 ) ;
#4034 = CARTESIAN_POINT ( 'NONE',  ( -3.700000000000000178, 0.000000000000000000, 0.1000000000000000056 ) ) ;
#4035 = EDGE_CURVE ( 'NONE', #6451, #1091, #7290, .T. ) ;
#4036 = CARTESIAN_POINT ( 'NONE',  ( 6.769999999999997797, 3.269999999999999574, -0.5000000000000000000 ) ) ;
#4037 = ORIENTED_EDGE ( 'NONE', *, *, #362, .T. ) ;
#4038 = CIRCLE ( 'NONE', #597, 0.4999999999999995559 ) ;
#4039 = CYLINDRICAL_SURFACE ( 'NONE', #1156, 1.500000000000000000 ) ;
#4040 = VERTEX_POINT ( 'NONE', #2827 ) ;
#4041 = ADVANCED_FACE ( 'NONE', ( #2865 ), #3960, .F. ) ;
#4042 = CARTESIAN_POINT ( 'NONE',  ( -6.569999999999999396, 0.1750000000000000167, 3.070000000000000284 ) ) ;
#4043 = DIRECTION ( 'NONE',  ( -0.000000000000000000, -1.000000000000000000, -0.000000000000000000 ) ) ;
#4044 = ORIENTED_EDGE ( 'NONE', *, *, #447, .T. ) ;
#4045 = DIRECTION ( 'NONE',  ( 0.000000000000000000, 0.000000000000000000, -1.000000000000000000 ) ) ;
#4046 = AXIS2_PLACEMENT_3D ( 'NONE', #6600, #7880, #6155 ) ;
#4047 = DIRECTION ( 'NONE',  ( 0.000000000000000000, 1.000000000000000000, 0.000000000000000000 ) ) ;
#4048 = EDGE_LOOP ( 'NONE', ( #1867, #1997, #7551, #1590 ) ) ;
#4049 = ORIENTED_EDGE ( 'NONE', *, *, #1733, .T. ) ;
#4050 = FILL_AREA_STYLE ('',( #1548 ) ) ;
#4051 = AXIS2_PLACEMENT_3D ( 'NONE', #2604, #6708, #5041 ) ;
#4052 = ORIENTED_EDGE ( 'NONE', *, *, #1299, .F. ) ;
#4053 = VECTOR ( 'NONE', #5413, 1000.000000000000000 ) ;
#4054 = CARTESIAN_POINT ( 'NONE',  ( 15.50000000000000178, 0.000000000000000000, -3.799999999999999822 ) ) ;
#4055 = CIRCLE ( 'NONE', #4567, 0.5000000000000004441 ) ;
#4056 = DIRECTION ( 'NONE',  ( 0.000000000000000000, 0.000000000000000000, -1.000000000000000000 ) ) ;
#4057 = ORIENTED_EDGE ( 'NONE', *, *, #1367, .F. ) ;
#4058 = ADVANCED_FACE ( 'NONE', ( #7688 ), #5910, .T. ) ;
#4059 = VECTOR ( 'NONE', #122, 1000.000000000000000 ) ;
#4060 = EDGE_LOOP ( 'NONE', ( #3467, #7480, #6997, #5211 ) ) ;
#4061 = LINE ( 'NONE', #3279, #5870 ) ;
#4062 = LINE ( 'NONE', #4588, #4688 ) ;
#4063 = CARTESIAN_POINT ( 'NONE',  ( -17.50000000000000000, 0.000000000000000000, 5.204170427930421283E-15 ) ) ;
#4064 = AXIS2_PLACEMENT_3D ( 'NONE', #1836, #1115, #6683 ) ;
#4065 = AXIS2_PLACEMENT_3D ( 'NONE', #7803, #7195, #5378 ) ;
#4066 = DIRECTION ( 'NONE',  ( -1.000000000000000000, 0.000000000000000000, 1.196361017915038993E-16 ) ) ;
#4067 = ORIENTED_EDGE ( 'NONE', *, *, #5583, .F. ) ;
#4068 = AXIS2_PLACEMENT_3D ( 'NONE', #3953, #4655, #2106 ) ;
#4069 = VECTOR ( 'NONE', #4302, 1000.000000000000000 ) ;
#4070 = EDGE_LOOP ( 'NONE', ( #236, #2814, #2201, #1857 ) ) ;
#4071 = DIRECTION ( 'NONE',  ( 0.000000000000000000, 0.000000000000000000, -1.000000000000000000 ) ) ;
#4072 = FACE_OUTER_BOUND ( 'NONE', #4393, .T. ) ;
#4073 = EDGE_CURVE ( 'NONE', #6864, #4201, #6993, .T. ) ;
#4074 = DIRECTION ( 'NONE',  ( 0.000000000000000000, 0.000000000000000000, 1.000000000000000000 ) ) ;
#4075 = DIRECTION ( 'NONE',  ( -0.000000000000000000, 1.000000000000000000, -0.000000000000000000 ) ) ;
#4076 = DIRECTION ( 'NONE',  ( -0.000000000000000000, 1.000000000000000000, 0.000000000000000000 ) ) ;
#4077 = AXIS2_PLACEMENT_3D ( 'NONE', #5017, #7349, #5687 ) ;
#4078 = AXIS2_PLACEMENT_3D ( 'NONE', #697, #1137, #783 ) ;
#4079 = CARTESIAN_POINT ( 'NONE',  ( 7.864218330839941373, 0.4999999999999995559, -9.500000000000000000 ) ) ;
#4080 = EDGE_CURVE ( 'NONE', #1024, #1852, #4629, .T. ) ;
#4081 = CONTEXT_DEPENDENT_SHAPE_REPRESENTATION ( #6142, #3778 ) ;
#4082 = EDGE_LOOP ( 'NONE', ( #3532, #377, #2848, #5085 ) ) ;
#4083 = LINE ( 'NONE', #895, #3711 ) ;
#4084 = ORIENTED_EDGE ( 'NONE', *, *, #6966, .T. ) ;
#4085 = VECTOR ( 'NONE', #4606, 1000.000000000000000 ) ;
#4086 = CARTESIAN_POINT ( 'NONE',  ( 5.549999999999999822, -2.000000000000000000, 0.1000000000000000056 ) ) ;
#4087 = VECTOR ( 'NONE', #4158, 1000.000000000000000 ) ;
#4088 = EDGE_CURVE ( 'NONE', #694, #866, #5216, .T. ) ;
#4089 = DIRECTION ( 'NONE',  ( 0.000000000000000000, -1.000000000000000000, 0.000000000000000000 ) ) ;
#4090 = VERTEX_POINT ( 'NONE', #4516 ) ;
#4091 = CARTESIAN_POINT ( 'NONE',  ( -10.50000000000000533, 0.000000000000000000, 10.50000000000000355 ) ) ;
#4092 = PRODUCT_DEFINITION_CONTEXT ( 'detailed design', #3281, 'design' ) ;
#4093 = ORIENTED_EDGE ( 'NONE', *, *, #1667, .F. ) ;
#4094 = EDGE_LOOP ( 'NONE', ( #3977, #2168, #7515, #4952 ) ) ;
#4095 = CARTESIAN_POINT ( 'NONE',  ( -17.50000000000000000, 0.4999999999999995559, -1.500000000000001332 ) ) ;
#4096 = ORIENTED_EDGE ( 'NONE', *, *, #2993, .T. ) ;
#4097 = DIRECTION ( 'NONE',  ( 1.826024711554533913E-16, 0.000000000000000000, 1.000000000000000000 ) ) ;
#4098 = ADVANCED_FACE ( 'NONE', ( #7726 ), #6521, .T. ) ;
#4099 = DIRECTION ( 'NONE',  ( 1.000000000000000000, 0.000000000000000000, 4.956352788505165240E-16 ) ) ;
#4100 = ORIENTED_EDGE ( 'NONE', *, *, #7892, .T. ) ;
#4101 = DIRECTION ( 'NONE',  ( 0.000000000000000000, 0.000000000000000000, 1.000000000000000000 ) ) ;
#4102 = CYLINDRICAL_SURFACE ( 'NONE', #1396, 0.5000000000000004441 ) ;
#4103 = DIRECTION ( 'NONE',  ( -0.000000000000000000, -0.000000000000000000, -1.000000000000000000 ) ) ;
#4104 = CARTESIAN_POINT ( 'NONE',  ( 4.299999999999999822, 2.799999999999999378, 0.1000000000000000056 ) ) ;
#4105 = PLANE ( 'NONE',  #7239 ) ;
#4106 = CIRCLE ( 'NONE', #6925, 1.500000000000000000 ) ;
#4107 = ORIENTED_EDGE ( 'NONE', *, *, #3986, .T. ) ;
#4108 = VERTEX_POINT ( 'NONE', #2228 ) ;
#4109 = AXIS2_PLACEMENT_3D ( 'NONE', #2062, #4500, #3905 ) ;
#4110 = PLANE ( 'NONE',  #4177 ) ;
#4111 = PLANE ( 'NONE',  #7529 ) ;
#4112 = EDGE_CURVE ( 'NONE', #5917, #1611, #991, .T. ) ;
#4113 = CARTESIAN_POINT ( 'NONE',  ( -0.4300000000000025469, 3.070000000000000284, -0.5000000000000000000 ) ) ;
#4114 = DIRECTION ( 'NONE',  ( -0.000000000000000000, -1.000000000000000000, -0.000000000000000000 ) ) ;
#4115 = FACE_OUTER_BOUND ( 'NONE', #1314, .T. ) ;
#4116 = CARTESIAN_POINT ( 'NONE',  ( -16.00000000000000000, 0.4999999999999995559, 0.000000000000000000 ) ) ;
#4117 = VECTOR ( 'NONE', #1469, 1000.000000000000000 ) ;
#4118 = CONTEXT_DEPENDENT_SHAPE_REPRESENTATION ( #836, #3849 ) ;
#4119 = ADVANCED_FACE ( 'NONE', ( #1637 ), #1038, .F. ) ;
#4120 = ORIENTED_EDGE ( 'NONE', *, *, #3761, .T. ) ;
#4121 = CARTESIAN_POINT ( 'NONE',  ( -9.500000000000005329, 7.500000000000000000, -9.500000000000000000 ) ) ;
#4122 = ORIENTED_EDGE ( 'NONE', *, *, #7370, .F. ) ;
#4123 = DIRECTION ( 'NONE',  ( -1.000000000000000000, 0.000000000000000000, -0.000000000000000000 ) ) ;
#4124 = CARTESIAN_POINT ( 'NONE',  ( -0.4300000000000032685, -3.069999999999998952, -1.074999999999999956 ) ) ;
#4125 = CIRCLE ( 'NONE', #3227, 1.500000000000000000 ) ;
#4126 = ORIENTED_EDGE ( 'NONE', *, *, #5391, .F. ) ;
#4127 = DIRECTION ( 'NONE',  ( -0.000000000000000000, -1.000000000000000000, -0.000000000000000000 ) ) ;
#4128 = ORIENTED_EDGE ( 'NONE', *, *, #6232, .F. ) ;
#4129 = EDGE_CURVE ( 'NONE', #5011, #4610, #6999, .T. ) ;
#4130 = ORIENTED_EDGE ( 'NONE', *, *, #3909, .F. ) ;
#4131 = CARTESIAN_POINT ( 'NONE',  ( 15.49999999999999822, 0.4999999999999995559, -1.749999999999999556 ) ) ;
#4132 = ORIENTED_EDGE ( 'NONE', *, *, #6271, .F. ) ;
#4133 = ADVANCED_FACE ( 'NONE', ( #5788 ), #924, .T. ) ;
#4134 = DIRECTION ( 'NONE',  ( 0.000000000000000000, 0.000000000000000000, -1.000000000000000000 ) ) ;
#4135 = DIRECTION ( 'NONE',  ( 0.000000000000000000, 0.000000000000000000, 1.000000000000000000 ) ) ;
#4136 = VERTEX_POINT ( 'NONE', #6401 ) ;
#4137 = VERTEX_POINT ( 'NONE', #640 ) ;
#4138 = FACE_BOUND ( 'NONE', #3667, .T. ) ;
#4139 = DIRECTION ( 'NONE',  ( 0.000000000000000000, 1.000000000000000000, 0.000000000000000000 ) ) ;
#4140 = FACE_OUTER_BOUND ( 'NONE', #6699, .T. ) ;
#4141 = CARTESIAN_POINT ( 'NONE',  ( 9.695652173913043015, 7.500000000000000000, 8.604945506379108267 ) ) ;
#4142 = LINE ( 'NONE', #4897, #1124 ) ;
#4143 = EDGE_CURVE ( 'NONE', #6290, #3437, #4746, .T. ) ;
#4144 = EDGE_LOOP ( 'NONE', ( #1260, #6975 ) ) ;
#4145 = VERTEX_POINT ( 'NONE', #7759 ) ;
#4146 = DIRECTION ( 'NONE',  ( 1.000000000000000000, 0.000000000000000000, -0.000000000000000000 ) ) ;
#4147 = CARTESIAN_POINT ( 'NONE',  ( -6.800000000000001599, 3.299999999999999822, 0.000000000000000000 ) ) ;
#4148 = LINE ( 'NONE', #3514, #1389 ) ;
#4149 = CARTESIAN_POINT ( 'NONE',  ( -5.549999999999999822, -2.000000000000000000, 0.1000000000000000056 ) ) ;
#4150 = EDGE_CURVE ( 'NONE', #128, #5432, #2946, .T. ) ;
#4151 = FACE_OUTER_BOUND ( 'NONE', #1466, .T. ) ;
#4152 = DIRECTION ( 'NONE',  ( -1.927470528863119049E-16, -0.000000000000000000, -1.000000000000000000 ) ) ;
#4153 = ITEM_DEFINED_TRANSFORMATION ( 'NONE', 'NONE', #207,  #152 ) ;
#4154 = EDGE_CURVE ( 'NONE', #3069, #4534, #7229, .T. ) ;
#4155 = EDGE_LOOP ( 'NONE', ( #404, #3692, #5897, #4231 ) ) ;
#4156 = CARTESIAN_POINT ( 'NONE',  ( -2.349999999999999645, 2.000000000000000000, 0.000000000000000000 ) ) ;
#4157 = ORIENTED_EDGE ( 'NONE', *, *, #3107, .T. ) ;
#4158 = DIRECTION ( 'NONE',  ( -0.000000000000000000, -0.000000000000000000, -1.000000000000000000 ) ) ;
#4159 = AXIS2_PLACEMENT_3D ( 'NONE', #6536, #7209, #1017 ) ;
#4160 = CARTESIAN_POINT ( 'NONE',  ( -3.200000000000000178, 6.123233995736763571E-17, 0.1000000000000000056 ) ) ;
#4161 = DIRECTION ( 'NONE',  ( -0.000000000000000000, 1.000000000000000000, -0.000000000000000000 ) ) ;
#4162 = DIRECTION ( 'NONE',  ( 1.000000000000000000, 2.168404344971007882E-16, -0.000000000000000000 ) ) ;
#4163 =( GEOMETRIC_REPRESENTATION_CONTEXT ( 3 ) GLOBAL_UNCERTAINTY_ASSIGNED_CONTEXT ( ( #5200 ) ) GLOBAL_UNIT_ASSIGNED_CONTEXT ( ( #1412, #46, #3125 ) ) REPRESENTATION_CONTEXT ( 'NONE', 'WORKASPACE' ) );
#4164 = SHAPE_REPRESENTATION_RELATIONSHIP ( 'NONE' , 'NONE' ,  #3343, #5127 ) ;
#4165 = ORIENTED_EDGE ( 'NONE', *, *, #7211, .T. ) ;
#4166 = ORIENTED_EDGE ( 'NONE', *, *, #4954, .T. ) ;
#4167 = DIRECTION ( 'NONE',  ( 0.000000000000000000, -1.000000000000000000, 0.000000000000000000 ) ) ;
#4168 = FACE_OUTER_BOUND ( 'NONE', #1810, .T. ) ;
#4169 = ORIENTED_EDGE ( 'NONE', *, *, #4519, .T. ) ;
#4170 = ADVANCED_FACE ( 'NONE', ( #1194 ), #4777, .T. ) ;
#4171 = FACE_OUTER_BOUND ( 'NONE', #7107, .T. ) ;
#4172 = CARTESIAN_POINT ( 'NONE',  ( 15.49999999999999822, 0.4999999999999995559, 1.750000000000000666 ) ) ;
#4173 = VERTEX_POINT ( 'NONE', #7838 ) ;
#4174 = ORIENTED_EDGE ( 'NONE', *, *, #7524, .F. ) ;
#4175 = EDGE_CURVE ( 'NONE', #6277, #1036, #4823, .T. ) ;
#4176 = CARTESIAN_POINT ( 'NONE',  ( 7.864218330839943150, 0.4999999999999995559, 11.00000000000000000 ) ) ;
#4177 = AXIS2_PLACEMENT_3D ( 'NONE', #7316, #7157, #6064 ) ;
#4178 = FACE_OUTER_BOUND ( 'NONE', #7475, .T. ) ;
#4179 = CARTESIAN_POINT ( 'NONE',  ( -5.549999999999999822, 2.000000000000000000, 0.1000000000000000056 ) ) ;
#4180 = EDGE_CURVE ( 'NONE', #7427, #5455, #3187, .T. ) ;
#4181 = DIRECTION ( 'NONE',  ( 1.000000000000000000, 0.000000000000000000, 0.000000000000000000 ) ) ;
#4182 = VECTOR ( 'NONE', #6361, 1000.000000000000000 ) ;
#4183 = UNCERTAINTY_MEASURE_WITH_UNIT (LENGTH_MEASURE( 1.000000000000000082E-05 ), #4357, 'distance_accuracy_value', 'NONE');
#4184 = CARTESIAN_POINT ( 'NONE',  ( 9.249999999999998224, -3.249999999999999556, -18.25000000000000000 ) ) ;
#4185 = AXIS2_PLACEMENT_3D ( 'NONE', #5760, #1223, #742 ) ;
#4186 = CIRCLE ( 'NONE', #5077, 0.8000000000000003775 ) ;
#4187 = ADVANCED_FACE ( 'NONE', ( #3668 ), #6558, .F. ) ;
#4188 = ORIENTED_EDGE ( 'NONE', *, *, #5929, .T. ) ;
#4189 = AXIS2_PLACEMENT_3D ( 'NONE', #398, #2117, #352 ) ;
#4190 = ORIENTED_EDGE ( 'NONE', *, *, #4498, .T. ) ;
#4191 = CIRCLE ( 'NONE', #3823, 1.499999999999999556 ) ;
#4192 = DIRECTION ( 'NONE',  ( 0.000000000000000000, -0.000000000000000000, 1.000000000000000000 ) ) ;
#4193 = DIRECTION ( 'NONE',  ( 1.000000000000000000, 0.000000000000000000, -9.912705577010325549E-17 ) ) ;
#4194 = DIRECTION ( 'NONE',  ( 0.000000000000000000, 0.000000000000000000, 1.000000000000000000 ) ) ;
#4195 = DIRECTION ( 'NONE',  ( 0.000000000000000000, -0.000000000000000000, 1.000000000000000000 ) ) ;
#4196 = CARTESIAN_POINT ( 'NONE',  ( 3.700000000000000178, -2.000000000000000000, 0.000000000000000000 ) ) ;
#4197 = STYLED_ITEM ( 'NONE', ( #2782 ), #5777 ) ;
#4198 = APPLICATION_PROTOCOL_DEFINITION ( 'draft international standard', 'automotive_design', 1998, #3433 ) ;
#4199 = VECTOR ( 'NONE', #4021, 1000.000000000000000 ) ;
#4200 = AXIS2_PLACEMENT_3D ( 'NONE', #6358, #5750, #5149 ) ;
#4201 = VERTEX_POINT ( 'NONE', #7277 ) ;
#4202 = CARTESIAN_POINT ( 'NONE',  ( -16.00000000000000000, 7.500000000000000000, 0.000000000000000000 ) ) ;
#4203 = ORIENTED_EDGE ( 'NONE', *, *, #5532, .T. ) ;
#4204 = DIRECTION ( 'NONE',  ( 1.000000000000000000, 0.000000000000000000, -0.000000000000000000 ) ) ;
#4205 = LINE ( 'NONE', #6608, #3033 ) ;
#4206 = AXIS2_PLACEMENT_3D ( 'NONE', #7557, #2771, #3350 ) ;
#4207 = LINE ( 'NONE', #6164, #2390 ) ;
#4208 =( GEOMETRIC_REPRESENTATION_CONTEXT ( 3 ) GLOBAL_UNCERTAINTY_ASSIGNED_CONTEXT ( ( #6838 ) ) GLOBAL_UNIT_ASSIGNED_CONTEXT ( ( #6145, #6058, #586 ) ) REPRESENTATION_CONTEXT ( 'NONE', 'WORKASPACE' ) );
#4209 = CARTESIAN_POINT ( 'NONE',  ( -3.299999999999999378, -1.199999999999999734, 0.1000000000000000056 ) ) ;
#4210 = ORIENTED_EDGE ( 'NONE', *, *, #4811, .F. ) ;
#4211 = AXIS2_PLACEMENT_3D ( 'NONE', #5308, #7204, #1841 ) ;
#4212 = VERTEX_POINT ( 'NONE', #4710 ) ;
#4213 = AXIS2_PLACEMENT_3D ( 'NONE', #4413, #6854, #3219 ) ;
#4214 = VERTEX_POINT ( 'NONE', #1678 ) ;
#4215 = CARTESIAN_POINT ( 'NONE',  ( 7.864218330839944926, 0.4999999999999995559, 9.500000000000000000 ) ) ;
#4216 = CARTESIAN_POINT ( 'NONE',  ( -6.770000000000001350, 3.269999999999999574, -0.5000000000000000000 ) ) ;
#4217 = ORIENTED_EDGE ( 'NONE', *, *, #5385, .T. ) ;
#4218 = FACE_OUTER_BOUND ( 'NONE', #2113, .T. ) ;
#4219 = CIRCLE ( 'NONE', #2051, 0.2500000000000002220 ) ;
#4220 = AXIS2_PLACEMENT_3D ( 'NONE', #6437, #4597, #395 ) ;
#4221 = FACE_OUTER_BOUND ( 'NONE', #5939, .T. ) ;
#4222 = EDGE_LOOP ( 'NONE', ( #486, #2605, #6575, #2674 ) ) ;
#4223 = ORIENTED_EDGE ( 'NONE', *, *, #2218, .F. ) ;
#4224 = ADVANCED_FACE ( 'NONE', ( #471 ), #4110, .T. ) ;
#4225 = CARTESIAN_POINT ( 'NONE',  ( -5.999999999999999112, -1.200000000000000178, 0.1000000000000000056 ) ) ;
#4226 = LINE ( 'NONE', #4858, #5464 ) ;
#4227 = CARTESIAN_POINT ( 'NONE',  ( 16.00000000000000000, 0.000000000000000000, -9.000000000000000000 ) ) ;
#4228 = CARTESIAN_POINT ( 'NONE',  ( 3.200000000000000178, 2.000000000000000000, 0.1000000000000000056 ) ) ;
#4229 = EDGE_CURVE ( 'NONE', #2936, #7875, #7381, .T. ) ;
#4230 = ADVANCED_FACE ( 'NONE', ( #7802 ), #2905, .F. ) ;
#4231 = ORIENTED_EDGE ( 'NONE', *, *, #645, .F. ) ;
#4232 = ORIENTED_EDGE ( 'NONE', *, *, #4568, .T. ) ;
#4233 = DIRECTION ( 'NONE',  ( 0.000000000000000000, 0.000000000000000000, 1.000000000000000000 ) ) ;
#4234 = CARTESIAN_POINT ( 'NONE',  ( -3.700000000000000178, 2.000000000000000000, 0.1000000000000000056 ) ) ;
#4235 = CARTESIAN_POINT ( 'NONE',  ( -3.700000000000000178, -2.000000000000000000, 0.1000000000000000056 ) ) ;
#4236 = ADVANCED_FACE ( 'NONE', ( #3595 ), #1711, .T. ) ;
#4237 = CARTESIAN_POINT ( 'NONE',  ( -8.999999999999998224, 0.000000000000000000, 8.999999999999998224 ) ) ;
#4238 = CARTESIAN_POINT ( 'NONE',  ( 15.25000000000000178, 7.500000000000000000, -6.100000000000001421 ) ) ;
#4239 = APPLICATION_PROTOCOL_DEFINITION ( 'draft international standard', 'automotive_design', 1998, #3281 ) ;
#4240 =( GEOMETRIC_REPRESENTATION_CONTEXT ( 3 ) GLOBAL_UNCERTAINTY_ASSIGNED_CONTEXT ( ( #5440 ) ) GLOBAL_UNIT_ASSIGNED_CONTEXT ( ( #1055, #2327, #6043 ) ) REPRESENTATION_CONTEXT ( 'NONE', 'WORKASPACE' ) );
#4241 = ORIENTED_EDGE ( 'NONE', *, *, #4422, .T. ) ;
#4242 = FACE_BOUND ( 'NONE', #5253, .T. ) ;
#4243 = ORIENTED_EDGE ( 'NONE', *, *, #5493, .F. ) ;
#4244 = CARTESIAN_POINT ( 'NONE',  ( 16.75000000000000000, 7.500000000000000000, -4.000000000000000000 ) ) ;
#4245 = PLANE ( 'NONE',  #5326 ) ;
#4246 = ADVANCED_FACE ( 'NONE', ( #6593 ), #593, .F. ) ;
#4247 = PLANE ( 'NONE',  #4941 ) ;
#4248 = DIRECTION ( 'NONE',  ( 0.000000000000000000, 0.000000000000000000, -1.000000000000000000 ) ) ;
#4249 = CIRCLE ( 'NONE', #1693, 0.5500000000000010436 ) ;
#4250 = ORIENTED_EDGE ( 'NONE', *, *, #2218, .T. ) ;
#4251 = EDGE_LOOP ( 'NONE', ( #2883, #2126, #2649, #7325 ) ) ;
#4252 = ORIENTED_EDGE ( 'NONE', *, *, #6061, .F. ) ;
#4253 = AXIS2_PLACEMENT_3D ( 'NONE', #5404, #455, #6624 ) ;
#4254 = PRODUCT ( 'HEPI-PbF2', 'HEPI-PbF2', '', ( #283 ) ) ;
#4255 = DIRECTION ( 'NONE',  ( 1.000000000000000000, 0.000000000000000000, -0.000000000000000000 ) ) ;
#4256 = CARTESIAN_POINT ( 'NONE',  ( 0.000000000000000000, 0.000000000000000000, 0.1000000000000000056 ) ) ;
#4257 = ORIENTED_EDGE ( 'NONE', *, *, #6941, .F. ) ;
#4258 = CARTESIAN_POINT ( 'NONE',  ( 5.049999999999999822, -2.000000000000000000, 0.1000000000000000056 ) ) ;
#4259 = DIRECTION ( 'NONE',  ( 1.236061108696829207E-16, 0.000000000000000000, 1.000000000000000000 ) ) ;
#4260 = VERTEX_POINT ( 'NONE', #2346 ) ;
#4261 = ORIENTED_EDGE ( 'NONE', *, *, #6353, .T. ) ;
#4262 = EDGE_CURVE ( 'NONE', #6400, #1905, #1748, .T. ) ;
#4263 = CARTESIAN_POINT ( 'NONE',  ( -3.700000000000000178, 2.000000000000000000, 0.000000000000000000 ) ) ;
#4264 = DIRECTION ( 'NONE',  ( -9.637352644315595243E-17, -0.000000000000000000, -1.000000000000000000 ) ) ;
#4265 = LINE ( 'NONE', #5492, #2667 ) ;
#4266 = CARTESIAN_POINT ( 'NONE',  ( 16.00000000000000000, 0.000000000000000000, 3.250000000000001332 ) ) ;
#4267 = ADVANCED_BREP_SHAPE_REPRESENTATION ( '', ( #3215, #152 ), #6416 ) ;
#4268 = CYLINDRICAL_SURFACE ( 'NONE', #5840, 0.5000000000000004441 ) ;
#4269 = VERTEX_POINT ( 'NONE', #1160 ) ;
#4270 = ORIENTED_EDGE ( 'NONE', *, *, #23, .F. ) ;
#4271 = CARTESIAN_POINT ( 'NONE',  ( -6.770000000000003126, 3.500000000000000888, 0.000000000000000000 ) ) ;
#4272 = FACE_OUTER_BOUND ( 'NONE', #4983, .T. ) ;
#4273 = LINE ( 'NONE', #2433, #5845 ) ;
#4274 = EDGE_CURVE ( 'NONE', #1611, #6864, #6027, .T. ) ;
#4275 = CYLINDRICAL_SURFACE ( 'NONE', #5057, 0.8000000000000003775 ) ;
#4276 = EDGE_CURVE ( 'NONE', #6743, #4173, #91, .T. ) ;
#4277 = LINE ( 'NONE', #3116, #31 ) ;
#4278 = ORIENTED_EDGE ( 'NONE', *, *, #916, .F. ) ;
#4279 = ADVANCED_FACE ( 'NONE', ( #5060 ), #7353, .T. ) ;
#4280 = CARTESIAN_POINT ( 'NONE',  ( -1.849999999999999645, 2.000000000000000000, 0.1000000000000000056 ) ) ;
#4281 = VERTEX_POINT ( 'NONE', #715 ) ;
#4282 = CARTESIAN_POINT ( 'NONE',  ( -4.299999999999999822, 2.799999999999998490, 0.000000000000000000 ) ) ;
#4283 = DIRECTION ( 'NONE',  ( 0.000000000000000000, -1.000000000000000000, 0.000000000000000000 ) ) ;
#4284 = ORIENTED_EDGE ( 'NONE', *, *, #5049, .F. ) ;
#4285 = EDGE_CURVE ( 'NONE', #4566, #3617, #3843, .T. ) ;
#4286 = CARTESIAN_POINT ( 'NONE',  ( 16.75000000000000000, -16.34050177399711501, -7.600000000000001421 ) ) ;
#4287 = ORIENTED_EDGE ( 'NONE', *, *, #5101, .T. ) ;
#4288 = ADVANCED_FACE ( 'NONE', ( #3111 ), #4984, .T. ) ;
#4289 = ORIENTED_EDGE ( 'NONE', *, *, #648, .F. ) ;
#4290 = CIRCLE ( 'NONE', #1732, 0.5500000000000010436 ) ;
#4291 = ORIENTED_EDGE ( 'NONE', *, *, #2112, .T. ) ;
#4292 = PLANE ( 'NONE',  #116 ) ;
#4293 = CARTESIAN_POINT ( 'NONE',  ( -9.500000000000005329, 0.4999999999999995559, -9.500000000000000000 ) ) ;
#4294 = EDGE_LOOP ( 'NONE', ( #5469, #5956, #3814, #6592 ) ) ;
#4295 = LINE ( 'NONE', #1853, #1991 ) ;
#4296 = AXIS2_PLACEMENT_3D ( 'NONE', #4406, #126, #5591 ) ;
#4297 = DIRECTION ( 'NONE',  ( 0.000000000000000000, 1.000000000000000000, 0.000000000000000000 ) ) ;
#4298 = ORIENTED_EDGE ( 'NONE', *, *, #6434, .T. ) ;
#4299 = ORIENTED_EDGE ( 'NONE', *, *, #1803, .T. ) ;
#4300 = CARTESIAN_POINT ( 'NONE',  ( -9.250000000000001776, 3.499999999999999556, -18.25000000000000000 ) ) ;
#4301 = LINE ( 'NONE', #4225, #3847 ) ;
#4302 = DIRECTION ( 'NONE',  ( -1.000000000000000000, -0.000000000000000000, 9.912705577010325549E-17 ) ) ;
#4303 = CARTESIAN_POINT ( 'NONE',  ( 15.50000000000000178, 0.000000000000000000, 4.350000000000001421 ) ) ;
#4304 = DIRECTION ( 'NONE',  ( 1.000000000000000000, 0.000000000000000000, 0.000000000000000000 ) ) ;
#4305 = DIRECTION ( 'NONE',  ( -1.236061108696829207E-16, -1.000000000000000000, 0.000000000000000000 ) ) ;
#4306 = EDGE_CURVE ( 'NONE', #7875, #2936, #4937, .T. ) ;
#4307 = ORIENTED_EDGE ( 'NONE', *, *, #5087, .F. ) ;
#4308 = ORIENTED_EDGE ( 'NONE', *, *, #3748, .F. ) ;
#4309 = CARTESIAN_POINT ( 'NONE',  ( 16.75000000000000000, 7.500000000000000000, 4.000000000000000888 ) ) ;
#4310 = DIRECTION ( 'NONE',  ( -0.000000000000000000, 1.000000000000000000, 0.000000000000000000 ) ) ;
#4311 = CARTESIAN_POINT ( 'NONE',  ( 1.850000000000000311, 2.000000000000000000, 0.1000000000000000056 ) ) ;
#4312 = CIRCLE ( 'NONE', #5852, 0.4999999999999995559 ) ;
#4313 = AXIS2_PLACEMENT_3D ( 'NONE', #4184, #1829, #5495 ) ;
#4314 = DIRECTION ( 'NONE',  ( 0.000000000000000000, 0.000000000000000000, 1.000000000000000000 ) ) ;
#4315 = FACE_OUTER_BOUND ( 'NONE', #2521, .T. ) ;
#4316 = AXIS2_PLACEMENT_3D ( 'NONE', #7161, #3367, #960 ) ;
#4317 = VECTOR ( 'NONE', #1761, 1000.000000000000000 ) ;
#4318 = ORIENTED_EDGE ( 'NONE', *, *, #3694, .F. ) ;
#4319 = DIRECTION ( 'NONE',  ( -0.000000000000000000, -1.000000000000000000, -0.000000000000000000 ) ) ;
#4320 = AXIS2_PLACEMENT_3D ( 'NONE', #3625, #589, #3020 ) ;
#4321 = EDGE_CURVE ( 'NONE', #4537, #2819, #2467, .T. ) ;
#4322 = EDGE_LOOP ( 'NONE', ( #2890, #1924, #582, #4190 ) ) ;
#4323 = CARTESIAN_POINT ( 'NONE',  ( -9.000000000000000000, 2.999999999999999556, -18.00000000000000000 ) ) ;
#4324 = CARTESIAN_POINT ( 'NONE',  ( -4.299999999999999822, 2.799999999999998490, 0.1000000000000000056 ) ) ;
#4325 = CARTESIAN_POINT ( 'NONE',  ( -6.800000000000001599, 3.299999999999999822, -1.399999999999999911 ) ) ;
#4326 = VECTOR ( 'NONE', #4097, 1000.000000000000000 ) ;
#4327 = DIRECTION ( 'NONE',  ( -1.000000000000000000, 0.000000000000000000, 0.000000000000000000 ) ) ;
#4328 = PRODUCT_DEFINITION_CONTEXT ( 'detailed design', #7104, 'design' ) ;
#4329 = EDGE_CURVE ( 'NONE', #1700, #2219, #2499, .T. ) ;
#4330 = AXIS2_PLACEMENT_3D ( 'NONE', #925, #5640, #3821 ) ;
#4331 = ORIENTED_EDGE ( 'NONE', *, *, #869, .T. ) ;
#4332 = ORIENTED_EDGE ( 'NONE', *, *, #1446, .F. ) ;
#4333 = DIRECTION ( 'NONE',  ( -1.000000000000000000, 0.000000000000000000, 0.000000000000000000 ) ) ;
#4334 = EDGE_CURVE ( 'NONE', #2824, #3002, #5569, .T. ) ;
#4335 = ORIENTED_EDGE ( 'NONE', *, *, #5438, .F. ) ;
#4336 = VECTOR ( 'NONE', #1673, 1000.000000000000000 ) ;
#4337 = PLANE ( 'NONE',  #2795 ) ;
#4338 = DIRECTION ( 'NONE',  ( -1.239088197126289831E-16, 0.000000000000000000, -1.000000000000000000 ) ) ;
#4339 = AXIS2_PLACEMENT_3D ( 'NONE', #2190, #1513, #7598 ) ;
#4340 = ORIENTED_EDGE ( 'NONE', *, *, #3708, .T. ) ;
#4341 = CARTESIAN_POINT ( 'NONE',  ( 15.25000000000000178, -16.34050177399711501, 4.000000000000000888 ) ) ;
#4342 = CIRCLE ( 'NONE', #7412, 0.2500000000000000000 ) ;
#4343 = LINE ( 'NONE', #5089, #5373 ) ;
#4344 = ORIENTED_EDGE ( 'NONE', *, *, #3399, .F. ) ;
#4345 = AXIS2_PLACEMENT_3D ( 'NONE', #6371, #2602, #1335 ) ;
#4346 = ORIENTED_EDGE ( 'NONE', *, *, #4819, .F. ) ;
#4347 = DIRECTION ( 'NONE',  ( 1.000000000000000000, 0.000000000000000000, 0.000000000000000000 ) ) ;
#4348 = CIRCLE ( 'NONE', #380, 0.5000000000000000000 ) ;
#4349 = DIRECTION ( 'NONE',  ( 0.000000000000000000, 0.000000000000000000, 1.000000000000000000 ) ) ;
#4350 = VECTOR ( 'NONE', #1086, 1000.000000000000000 ) ;
#4351 = DIRECTION ( 'NONE',  ( 1.239088197126291063E-16, -1.000000000000000000, 0.000000000000000000 ) ) ;
#4352 = DIRECTION ( 'NONE',  ( -0.000000000000000000, 1.000000000000000000, -0.000000000000000000 ) ) ;
#4353 = CARTESIAN_POINT ( 'NONE',  ( 6.769999999999998685, -3.270000000000000462, 0.000000000000000000 ) ) ;
#4354 = EDGE_LOOP ( 'NONE', ( #2788, #806, #530, #3973 ) ) ;
#4355 = DIRECTION ( 'NONE',  ( -0.000000000000000000, 1.000000000000000000, -0.000000000000000000 ) ) ;
#4356 = LINE ( 'NONE', #2548, #5339 ) ;
#4357 =( LENGTH_UNIT ( ) NAMED_UNIT ( * ) SI_UNIT ( .MILLI., .METRE. ) );
#4358 = CARTESIAN_POINT ( 'NONE',  ( 3.700000000000000178, -2.000000000000000000, 0.1000000000000000056 ) ) ;
#4359 = CARTESIAN_POINT ( 'NONE',  ( -12.00000000000000533, 0.4999999999999995559, 1.500000000000004219 ) ) ;
#4360 = ORIENTED_EDGE ( 'NONE', *, *, #2737, .F. ) ;
#4361 = CARTESIAN_POINT ( 'NONE',  ( -9.250000000000001776, 0.000000000000000000, 0.2500000000000000000 ) ) ;
#4362 = EDGE_CURVE ( 'NONE', #2730, #3709, #6222, .T. ) ;
#4363 = EDGE_LOOP ( 'NONE', ( #2889, #5007, #5309, #2704 ) ) ;
#4364 = CYLINDRICAL_SURFACE ( 'NONE', #3583, 1.499999999999999556 ) ;
#4365 = LINE ( 'NONE', #7449, #4456 ) ;
#4366 = LINE ( 'NONE', #773, #2142 ) ;
#4367 = CARTESIAN_POINT ( 'NONE',  ( 0.000000000000000000, 0.000000000000000000, 0.000000000000000000 ) ) ;
#4368 = EDGE_CURVE ( 'NONE', #140, #7596, #2547, .T. ) ;
#4369 = CIRCLE ( 'NONE', #7177, 0.5000000000000004441 ) ;
#4370 = ORIENTED_EDGE ( 'NONE', *, *, #3660, .T. ) ;
#4371 = EDGE_LOOP ( 'NONE', ( #2818, #4052, #6544, #6640 ) ) ;
#4372 = CARTESIAN_POINT ( 'NONE',  ( -12.00000000000000355, 0.000000000000000000, -1.499999999999998446 ) ) ;
#4373 = EDGE_LOOP ( 'NONE', ( #3370, #507, #7249, #1879 ) ) ;
#4374 = LINE ( 'NONE', #6819, #6906 ) ;
#4375 = PLANE ( 'NONE',  #7395 ) ;
#4376 = AXIS2_PLACEMENT_3D ( 'NONE', #526, #7809, #7881 ) ;
#4377 = ORIENTED_EDGE ( 'NONE', *, *, #360, .T. ) ;
#4378 = EDGE_CURVE ( 'NONE', #2967, #5638, #5571, .T. ) ;
#4379 = FACE_OUTER_BOUND ( 'NONE', #3218, .T. ) ;
#4380 = ADVANCED_FACE ( 'NONE', ( #4476 ), #6916, .F. ) ;
#4381 = EDGE_CURVE ( 'NONE', #1735, #4269, #1434, .T. ) ;
#4382 = FACE_OUTER_BOUND ( 'NONE', #5540, .T. ) ;
#4383 = ORIENTED_EDGE ( 'NONE', *, *, #5875, .T. ) ;
#4384 = AXIS2_PLACEMENT_3D ( 'NONE', #5366, #4852, #3656 ) ;
#4385 = VERTEX_POINT ( 'NONE', #5022 ) ;
#4386 = LINE ( 'NONE', #1342, #5503 ) ;
#4387 = EDGE_CURVE ( 'NONE', #2436, #2517, #1315, .T. ) ;
#4388 = LINE ( 'NONE', #6793, #7539 ) ;
#4389 = PLANE ( 'NONE',  #509 ) ;
#4390 = CARTESIAN_POINT ( 'NONE',  ( -1.849999999999999645, -2.000000000000000000, 0.1000000000000000056 ) ) ;
#4391 = PRODUCT_DEFINITION_SHAPE ( 'NONE', 'NONE',  #6950 ) ;
#4392 = DIRECTION ( 'NONE',  ( 0.000000000000000000, 1.000000000000000000, 0.000000000000000000 ) ) ;
#4393 = EDGE_LOOP ( 'NONE', ( #190, #1173, #6886, #7227 ) ) ;
#4394 = CARTESIAN_POINT ( 'NONE',  ( 9.500000000000000000, -16.34050177399711501, 7.600000000000000533 ) ) ;
#4395 = DIRECTION ( 'NONE',  ( -0.000000000000000000, -0.000000000000000000, -1.000000000000000000 ) ) ;
#4396 = LINE ( 'NONE', #151, #1136 ) ;
#4397 = EDGE_CURVE ( 'NONE', #3307, #5134, #3416, .T. ) ;
#4398 = CARTESIAN_POINT ( 'NONE',  ( -16.00000000000000000, 0.000000000000000000, -5.575896887068297953E-16 ) ) ;
#4399 = ORIENTED_EDGE ( 'NONE', *, *, #7685, .T. ) ;
#4400 = CARTESIAN_POINT ( 'NONE',  ( -16.00000000000000000, 0.000000000000000000, -5.575896887068297953E-16 ) ) ;
#4401 = APPLICATION_CONTEXT ( 'automotive_design' ) ;
#4402 = ORIENTED_EDGE ( 'NONE', *, *, #6376, .F. ) ;
#4403 = DIRECTION ( 'NONE',  ( 0.000000000000000000, 1.000000000000000000, 0.000000000000000000 ) ) ;
#4404 = CARTESIAN_POINT ( 'NONE',  ( 5.549999999999999822, -2.000000000000000000, 0.000000000000000000 ) ) ;
#4405 = CARTESIAN_POINT ( 'NONE',  ( 17.50000000000000000, 7.500000000000000000, 10.49999999999999645 ) ) ;
#4406 = CARTESIAN_POINT ( 'NONE',  ( 10.99999999999999822, 0.4999999999999995559, 7.864218330839939597 ) ) ;
#4407 = EDGE_CURVE ( 'NONE', #5879, #1174, #3757, .T. ) ;
#4408 =( NAMED_UNIT ( * ) PLANE_ANGLE_UNIT ( ) SI_UNIT ( $, .RADIAN. ) );
#4409 = VERTEX_POINT ( 'NONE', #2623 ) ;
#4410 = ORIENTED_EDGE ( 'NONE', *, *, #6017, .T. ) ;
#4411 = CARTESIAN_POINT ( 'NONE',  ( 16.00000000000000000, 0.000000000000000000, 9.000000000000000000 ) ) ;
#4412 = EDGE_LOOP ( 'NONE', ( #5663, #2598, #440, #1037 ) ) ;
#4413 = CARTESIAN_POINT ( 'NONE',  ( -9.000000000000007105, 7.500000000000000000, -9.000000000000001776 ) ) ;
#4414 = DIRECTION ( 'NONE',  ( 1.000000000000000000, 0.000000000000000000, -0.000000000000000000 ) ) ;
#4415 = DIRECTION ( 'NONE',  ( 0.000000000000000000, 0.000000000000000000, 1.000000000000000000 ) ) ;
#4416 = ORIENTED_EDGE ( 'NONE', *, *, #5318, .T. ) ;
#4417 = DIRECTION ( 'NONE',  ( 1.000000000000000000, 0.000000000000000000, 0.000000000000000000 ) ) ;
#4418 = DIRECTION ( 'NONE',  ( 1.000000000000000000, 0.000000000000000000, -9.637352644315595243E-17 ) ) ;
#4419 = ORIENTED_EDGE ( 'NONE', *, *, #3531, .T. ) ;
#4420 = VERTEX_POINT ( 'NONE', #7476 ) ;
#4421 = CARTESIAN_POINT ( 'NONE',  ( -10.50000000000000533, 0.000000000000000000, 9.000000000000001776 ) ) ;
#4422 = EDGE_CURVE ( 'NONE', #7697, #1094, #7514, .T. ) ;
#4423 = VERTEX_POINT ( 'NONE', #4309 ) ;
#4424 = VECTOR ( 'NONE', #6859, 1000.000000000000000 ) ;
#4425 = CARTESIAN_POINT ( 'NONE',  ( 15.25000000000000178, 7.500000000000000000, -7.600000000000001421 ) ) ;
#4426 = CYLINDRICAL_SURFACE ( 'NONE', #5968, 0.5500000000000010436 ) ;
#4427 = DIRECTION ( 'NONE',  ( 0.000000000000000000, 0.000000000000000000, 1.000000000000000000 ) ) ;
#4428 = ADVANCED_FACE ( 'NONE', ( #6759 ), #1276, .F. ) ;
#4429 = DIRECTION ( 'NONE',  ( 1.000000000000000000, 0.000000000000000000, 0.000000000000000000 ) ) ;
#4430 = AXIS2_PLACEMENT_3D ( 'NONE', #3859, #5753, #1448 ) ;
#4431 = ORIENTED_EDGE ( 'NONE', *, *, #3022, .F. ) ;
#4432 = EDGE_CURVE ( 'NONE', #7883, #5732, #4020, .T. ) ;
#4433 = CARTESIAN_POINT ( 'NONE',  ( 15.49999999999999822, 7.500000000000000000, -0.2499999999999993616 ) ) ;
#4434 = DIRECTION ( 'NONE',  ( 1.000000000000000000, 0.000000000000000000, -0.000000000000000000 ) ) ;
#4435 = CARTESIAN_POINT ( 'NONE',  ( 6.000000000000000000, 2.800000000000001155, 0.000000000000000000 ) ) ;
#4436 = LINE ( 'NONE', #5746, #5437 ) ;
#4437 = ORIENTED_EDGE ( 'NONE', *, *, #7068, .T. ) ;
#4438 = DIRECTION ( 'NONE',  ( 0.000000000000000000, 0.000000000000000000, -1.000000000000000000 ) ) ;
#4439 = ORIENTED_EDGE ( 'NONE', *, *, #2438, .F. ) ;
#4440 = AXIS2_PLACEMENT_3D ( 'NONE', #2129, #5641, #6254 ) ;
#4441 = CARTESIAN_POINT ( 'NONE',  ( -9.250000000000001776, 3.249999999999999556, -18.50000000000000000 ) ) ;
#4442 = VECTOR ( 'NONE', #995, 1000.000000000000000 ) ;
#4443 = FACE_BOUND ( 'NONE', #3958, .T. ) ;
#4444 = CARTESIAN_POINT ( 'NONE',  ( -1.349999999999999645, 2.000000000000000000, 0.1000000000000000056 ) ) ;
#4445 = FACE_OUTER_BOUND ( 'NONE', #1334, .T. ) ;
#4446 = CIRCLE ( 'NONE', #1246, 1.499999999999999556 ) ;
#4447 = AXIS2_PLACEMENT_3D ( 'NONE', #4404, #5070, #6360 ) ;
#4448 = ORIENTED_EDGE ( 'NONE', *, *, #2702, .F. ) ;
#4449 = AXIS2_PLACEMENT_3D ( 'NONE', #7920, #6753, #1270 ) ;
#4450 = ORIENTED_EDGE ( 'NONE', *, *, #3258, .F. ) ;
#4451 = FACE_OUTER_BOUND ( 'NONE', #5924, .T. ) ;
#4452 = ORIENTED_EDGE ( 'NONE', *, *, #5277, .F. ) ;
#4453 = CYLINDRICAL_SURFACE ( 'NONE', #7794, 0.4999999999999997780 ) ;
#4454 = CIRCLE ( 'NONE', #1001, 1.500000000000000444 ) ;
#4455 = LINE ( 'NONE', #6900, #3812 ) ;
#4456 = VECTOR ( 'NONE', #6320, 1000.000000000000000 ) ;
#4457 = VERTEX_POINT ( 'NONE', #949 ) ;
#4458 = VECTOR ( 'NONE', #3630, 1000.000000000000000 ) ;
#4459 = CARTESIAN_POINT ( 'NONE',  ( 15.50000000000000178, 0.4999999999999995559, 5.500000000000000000 ) ) ;
#4460 = DIRECTION ( 'NONE',  ( 1.000000000000000000, 0.000000000000000000, 0.000000000000000000 ) ) ;
#4461 = ORIENTED_EDGE ( 'NONE', *, *, #7739, .F. ) ;
#4462 = CIRCLE ( 'NONE', #7020, 0.2500000000000002220 ) ;
#4463 = ORIENTED_EDGE ( 'NONE', *, *, #1178, .F. ) ;
#4464 = CIRCLE ( 'NONE', #3414, 1.049999999999998934 ) ;
#4465 = DIRECTION ( 'NONE',  ( 0.000000000000000000, 1.000000000000000000, 0.000000000000000000 ) ) ;
#4466 = EDGE_CURVE ( 'NONE', #4013, #3302, #7119, .T. ) ;
#4467 = VERTEX_POINT ( 'NONE', #7035 ) ;
#4468 = DIRECTION ( 'NONE',  ( -1.000000000000000000, -1.239088197126291063E-16, 0.000000000000000000 ) ) ;
#4469 = CARTESIAN_POINT ( 'NONE',  ( -6.769999999999997797, 0.7500000000000000000, 3.270000000000000018 ) ) ;
#4470 = AXIS2_PLACEMENT_3D ( 'NONE', #1428, #3873, #5096 ) ;
#4471 = CARTESIAN_POINT ( 'NONE',  ( 16.00000000000000000, 0.4999999999999995559, -9.800000000000000711 ) ) ;
#4472 = EDGE_CURVE ( 'NONE', #4963, #5455, #2705, .T. ) ;
#4473 = AXIS2_PLACEMENT_3D ( 'NONE', #7324, #1123, #1757 ) ;
#4474 = ORIENTED_EDGE ( 'NONE', *, *, #4982, .T. ) ;
#4475 = VECTOR ( 'NONE', #2320, 1000.000000000000000 ) ;
#4476 = FACE_OUTER_BOUND ( 'NONE', #5718, .T. ) ;
#4477 = CYLINDRICAL_SURFACE ( 'NONE', #3697, 1.500000000000000444 ) ;
#4478 = CARTESIAN_POINT ( 'NONE',  ( 15.49999999999999822, 0.000000000000000000, -0.2499999999999993616 ) ) ;
#4479 = EDGE_CURVE ( 'NONE', #3087, #649, #221, .T. ) ;
#4480 = ORIENTED_EDGE ( 'NONE', *, *, #561, .T. ) ;
#4481 = CARTESIAN_POINT ( 'NONE',  ( 9.249999999999998224, 3.249999999999999556, -18.25000000000000000 ) ) ;
#4482 = ORIENTED_EDGE ( 'NONE', *, *, #1027, .F. ) ;
#4483 = DIRECTION ( 'NONE',  ( 0.000000000000000000, -1.000000000000000000, 0.000000000000000000 ) ) ;
#4484 = EDGE_CURVE ( 'NONE', #1122, #6565, #2147, .T. ) ;
#4485 = DIRECTION ( 'NONE',  ( -1.000000000000000000, 0.000000000000000000, -1.652117596168387756E-16 ) ) ;
#4486 = FACE_BOUND ( 'NONE', #4910, .T. ) ;
#4487 = ORIENTED_EDGE ( 'NONE', *, *, #5645, .F. ) ;
#4488 = ORIENTED_EDGE ( 'NONE', *, *, #5704, .T. ) ;
#4489 = CARTESIAN_POINT ( 'NONE',  ( -16.00000000000000000, 0.000000000000000000, -5.575896887068297953E-16 ) ) ;
#4490 = ORIENTED_EDGE ( 'NONE', *, *, #5277, .T. ) ;
#4491 = FACE_OUTER_BOUND ( 'NONE', #2777, .T. ) ;
#4492 = DIRECTION ( 'NONE',  ( 1.000000000000000000, 0.000000000000000000, -1.239088197126289831E-16 ) ) ;
#4493 = VERTEX_POINT ( 'NONE', #1472 ) ;
#4494 = CARTESIAN_POINT ( 'NONE',  ( 15.49999999999999822, 7.500000000000000000, -1.749999999999999112 ) ) ;
#4495 = CARTESIAN_POINT ( 'NONE',  ( 13.99999999999999822, 7.500000000000000000, -0.2499999999999997780 ) ) ;
#4496 = ORIENTED_EDGE ( 'NONE', *, *, #6922, .T. ) ;
#4497 = ORIENTED_EDGE ( 'NONE', *, *, #4695, .T. ) ;
#4498 = EDGE_CURVE ( 'NONE', #5803, #4013, #3271, .T. ) ;
#4499 = CIRCLE ( 'NONE', #3478, 0.5000000000000000000 ) ;
#4500 = DIRECTION ( 'NONE',  ( -1.000000000000000000, -1.239088197126291063E-16, -0.000000000000000000 ) ) ;
#4501 = ORIENTED_EDGE ( 'NONE', *, *, #1209, .F. ) ;
#4502 = CARTESIAN_POINT ( 'NONE',  ( 1.350000000000000533, 2.000000000000000000, 0.1000000000000000056 ) ) ;
#4503 = CARTESIAN_POINT ( 'NONE',  ( 6.050000000000000711, 2.000000000000000000, 0.1000000000000000056 ) ) ;
#4504 = AXIS2_PLACEMENT_3D ( 'NONE', #6069, #6113, #875 ) ;
#4505 = CARTESIAN_POINT ( 'NONE',  ( 15.49999999999999822, 0.000000000000000000, -0.2499999999999993616 ) ) ;
#4506 = EDGE_CURVE ( 'NONE', #3110, #5193, #5141, .T. ) ;
#4507 = ORIENTED_EDGE ( 'NONE', *, *, #4755, .F. ) ;
#4508 = EDGE_CURVE ( 'NONE', #7883, #6290, #7597, .T. ) ;
#4509 = DIRECTION ( 'NONE',  ( -0.000000000000000000, 1.000000000000000000, -0.000000000000000000 ) ) ;
#4510 = DIRECTION ( 'NONE',  ( 1.000000000000000000, 0.000000000000000000, -1.826024711554533913E-16 ) ) ;
#4511 = CARTESIAN_POINT ( 'NONE',  ( 2.350000000000000089, 2.000000000000000000, 0.1000000000000000056 ) ) ;
#4512 = DIRECTION ( 'NONE',  ( 0.000000000000000000, -0.000000000000000000, 1.000000000000000000 ) ) ;
#4513 = VERTEX_POINT ( 'NONE', #3387 ) ;
#4514 = CARTESIAN_POINT ( 'NONE',  ( -5.549999999999999822, -2.000000000000000000, 0.000000000000000000 ) ) ;
#4515 = VERTEX_POINT ( 'NONE', #917 ) ;
#4516 = CARTESIAN_POINT ( 'NONE',  ( 17.50000000000000000, 0.000000000000000000, 3.250000000000002665 ) ) ;
#4517 = ADVANCED_FACE ( 'NONE', ( #7562 ), #4624, .T. ) ;
#4518 = DIRECTION ( 'NONE',  ( 0.000000000000000000, 0.000000000000000000, 1.000000000000000000 ) ) ;
#4519 = EDGE_CURVE ( 'NONE', #7340, #2417, #4062, .T. ) ;
#4520 = PLANE ( 'NONE',  #4816 ) ;
#4521 = DIRECTION ( 'NONE',  ( 0.000000000000000000, 0.000000000000000000, 1.000000000000000000 ) ) ;
#4522 = EDGE_CURVE ( 'NONE', #4137, #6193, #1512, .T. ) ;
#4523 =( NAMED_UNIT ( * ) SI_UNIT ( $, .STERADIAN. ) SOLID_ANGLE_UNIT ( ) );
#4524 = ORIENTED_EDGE ( 'NONE', *, *, #4652, .F. ) ;
#4525 = ORIENTED_EDGE ( 'NONE', *, *, #1157, .F. ) ;
#4526 = DIRECTION ( 'NONE',  ( 0.000000000000000000, 0.000000000000000000, 1.000000000000000000 ) ) ;
#4527 = ORIENTED_EDGE ( 'NONE', *, *, #3834, .T. ) ;
#4528 = CARTESIAN_POINT ( 'NONE',  ( -9.500000000000005329, 0.4999999999999995559, -7.864218330839952031 ) ) ;
#4529 = EDGE_CURVE ( 'NONE', #7145, #5634, #5695, .T. ) ;
#4530 = CARTESIAN_POINT ( 'NONE',  ( -3.299999999999999822, 2.799999999999998490, 0.1000000000000000056 ) ) ;
#4531 = ORIENTED_EDGE ( 'NONE', *, *, #7262, .T. ) ;
#4532 = CARTESIAN_POINT ( 'NONE',  ( 15.50000000000000178, 0.4999999999999995559, 6.050000000000000711 ) ) ;
#4533 = DIRECTION ( 'NONE',  ( -0.000000000000000000, -1.000000000000000000, -0.000000000000000000 ) ) ;
#4534 = VERTEX_POINT ( 'NONE', #225 ) ;
#4535 = ORIENTED_EDGE ( 'NONE', *, *, #6240, .F. ) ;
#4536 = LINE ( 'NONE', #3188, #4879 ) ;
#4537 = VERTEX_POINT ( 'NONE', #6989 ) ;
#4538 = DIRECTION ( 'NONE',  ( 1.000000000000000000, 0.000000000000000000, 0.000000000000000000 ) ) ;
#4539 = CARTESIAN_POINT ( 'NONE',  ( 6.570000000000001172, 0.7500000000000000000, -3.069999999999999840 ) ) ;
#4540 = PRODUCT_DEFINITION_SHAPE ( 'NONE', 'NONE',  #7928 ) ;
#4541 = CARTESIAN_POINT ( 'NONE',  ( 6.799999999999998046, 3.299999999999999822, -1.399999999999999911 ) ) ;
#4542 = ADVANCED_FACE ( 'NONE', ( #5779 ), #3987, .F. ) ;
#4543 = ORIENTED_EDGE ( 'NONE', *, *, #1343, .F. ) ;
#4544 = CIRCLE ( 'NONE', #196, 1.499999999999999556 ) ;
#4545 = DIRECTION ( 'NONE',  ( 0.000000000000000000, 1.000000000000000000, 0.000000000000000000 ) ) ;
#4546 = CARTESIAN_POINT ( 'NONE',  ( 9.499999999999994671, 0.4999999999999995559, -9.500000000000000000 ) ) ;
#4547 = SURFACE_STYLE_FILL_AREA ( #428 ) ;
#4548 =( GEOMETRIC_REPRESENTATION_CONTEXT ( 3 ) GLOBAL_UNCERTAINTY_ASSIGNED_CONTEXT ( ( #3704 ) ) GLOBAL_UNIT_ASSIGNED_CONTEXT ( ( #1570, #892, #5754 ) ) REPRESENTATION_CONTEXT ( 'NONE', 'WORKASPACE' ) );
#4549 = DIRECTION ( 'NONE',  ( 0.000000000000000000, 0.000000000000000000, 1.000000000000000000 ) ) ;
#4550 = ORIENTED_EDGE ( 'NONE', *, *, #2543, .T. ) ;
#4551 = ORIENTED_EDGE ( 'NONE', *, *, #393, .T. ) ;
#4552 = DIRECTION ( 'NONE',  ( -0.000000000000000000, 1.000000000000000000, 0.000000000000000000 ) ) ;
#4553 = LINE ( 'NONE', #3366, #1133 ) ;
#4554 = AXIS2_PLACEMENT_3D ( 'NONE', #5417, #1800, #5501 ) ;
#4555 = LINE ( 'NONE', #4113, #2913 ) ;
#4556 = FACE_OUTER_BOUND ( 'NONE', #2009, .T. ) ;
#4557 = CARTESIAN_POINT ( 'NONE',  ( 0.000000000000000000, 0.000000000000000000, 0.000000000000000000 ) ) ;
#4558 = SHAPE_DEFINITION_REPRESENTATION ( #2656, #5709 ) ;
#4559 = ORIENTED_EDGE ( 'NONE', *, *, #7159, .T. ) ;
#4560 = ADVANCED_FACE ( 'NONE', ( #6953 ), #5812, .T. ) ;
#4561 = ORIENTED_EDGE ( 'NONE', *, *, #1551, .F. ) ;
#4562 = CARTESIAN_POINT ( 'NONE',  ( 15.25000000000000178, 0.5000000000000004441, 7.599999999999999645 ) ) ;
#4563 = EDGE_LOOP ( 'NONE', ( #699, #572, #7801, #2927 ) ) ;
#4564 = CARTESIAN_POINT ( 'NONE',  ( 17.50000000000000000, 0.000000000000000000, 10.49999999999999645 ) ) ;
#4565 = LINE ( 'NONE', #1538, #5964 ) ;
#4566 = VERTEX_POINT ( 'NONE', #6429 ) ;
#4567 = AXIS2_PLACEMENT_3D ( 'NONE', #3569, #6006, #7329 ) ;
#4568 = EDGE_CURVE ( 'NONE', #7261, #4537, #5220, .T. ) ;
#4569 = CARTESIAN_POINT ( 'NONE',  ( 15.25000000000000000, 7.500000000000000000, -2.499999999999999556 ) ) ;
#4570 = AXIS2_PLACEMENT_3D ( 'NONE', #1882, #7850, #3607 ) ;
#4571 = AXIS2_PLACEMENT_3D ( 'NONE', #6022, #1708, #25 ) ;
#4572 = CARTESIAN_POINT ( 'NONE',  ( 16.75000000000000000, 0.5000000000000004441, 6.100000000000000533 ) ) ;
#4573 = VERTEX_POINT ( 'NONE', #5859 ) ;
#4574 = EDGE_CURVE ( 'NONE', #7896, #5891, #387, .T. ) ;
#4575 = ORIENTED_EDGE ( 'NONE', *, *, #6716, .T. ) ;
#4576 = VECTOR ( 'NONE', #1116, 1000.000000000000000 ) ;
#4577 = CIRCLE ( 'NONE', #1132, 1.049999999999998934 ) ;
#4578 = DIRECTION ( 'NONE',  ( 0.000000000000000000, -0.000000000000000000, 1.000000000000000000 ) ) ;
#4579 = AXIS2_PLACEMENT_3D ( 'NONE', #1938, #3439, #311 ) ;
#4580 = ORIENTED_EDGE ( 'NONE', *, *, #4175, .T. ) ;
#4581 = EDGE_CURVE ( 'NONE', #3302, #1288, #3017, .T. ) ;
#4582 = DIRECTION ( 'NONE',  ( 0.000000000000000000, 0.000000000000000000, -1.000000000000000000 ) ) ;
#4583 = DIRECTION ( 'NONE',  ( 0.000000000000000000, 0.000000000000000000, 1.000000000000000000 ) ) ;
#4584 = CARTESIAN_POINT ( 'NONE',  ( 0.000000000000000000, 0.000000000000000000, 0.000000000000000000 ) ) ;
#4585 = AXIS2_PLACEMENT_3D ( 'NONE', #5780, #186, #879 ) ;
#4586 = ORIENTED_EDGE ( 'NONE', *, *, #2213, .F. ) ;
#4587 = VECTOR ( 'NONE', #3894, 1000.000000000000000 ) ;
#4588 = CARTESIAN_POINT ( 'NONE',  ( 17.50000000000000000, 0.000000000000000000, 10.49999999999999645 ) ) ;
#4589 = CARTESIAN_POINT ( 'NONE',  ( -6.770000000000000462, -3.270000000000000462, -0.5000000000000000000 ) ) ;
#4590 = AXIS2_PLACEMENT_3D ( 'NONE', #2885, #5316, #7337 ) ;
#4591 = SURFACE_STYLE_FILL_AREA ( #5222 ) ;
#4592 = CARTESIAN_POINT ( 'NONE',  ( -9.250000000000001776, 3.249999999999999556, -18.25000000000000000 ) ) ;
#4593 = VECTOR ( 'NONE', #6794, 1000.000000000000000 ) ;
#4594 = CIRCLE ( 'NONE', #6260, 1.499999999999999556 ) ;
#4595 = ORIENTED_EDGE ( 'NONE', *, *, #7139, .F. ) ;
#4596 = ORIENTED_EDGE ( 'NONE', *, *, #6185, .F. ) ;
#4597 = DIRECTION ( 'NONE',  ( -0.000000000000000000, 1.000000000000000000, -0.000000000000000000 ) ) ;
#4598 = CARTESIAN_POINT ( 'NONE',  ( -5.999999999999999112, -1.200000000000000178, 0.000000000000000000 ) ) ;
#4599 = CARTESIAN_POINT ( 'NONE',  ( -9.695652173913044791, 7.500000000000000000, -8.604945506379113596 ) ) ;
#4600 = FACE_OUTER_BOUND ( 'NONE', #4795, .T. ) ;
#4601 = CIRCLE ( 'NONE', #4220, 1.500000000000000000 ) ;
#4602 = DIRECTION ( 'NONE',  ( -1.000000000000000000, -0.000000000000000000, 1.858632295689434870E-16 ) ) ;
#4603 = DIRECTION ( 'NONE',  ( 1.000000000000000000, -1.396592535537253342E-14, -3.491481338843133355E-15 ) ) ;
#4604 = EDGE_CURVE ( 'NONE', #3872, #6980, #5934, .T. ) ;
#4605 = ORIENTED_EDGE ( 'NONE', *, *, #7358, .T. ) ;
#4606 = DIRECTION ( 'NONE',  ( 2.168404344971008868E-16, 1.000000000000000000, -0.000000000000000000 ) ) ;
#4607 = ORIENTED_EDGE ( 'NONE', *, *, #3109, .T. ) ;
#4608 = DIRECTION ( 'NONE',  ( 0.000000000000000000, 0.000000000000000000, 1.000000000000000000 ) ) ;
#4609 = CARTESIAN_POINT ( 'NONE',  ( 15.50000000000000178, 0.000000000000000000, -4.350000000000001421 ) ) ;
#4610 = VERTEX_POINT ( 'NONE', #5447 ) ;
#4611 = DIRECTION ( 'NONE',  ( 0.000000000000000000, -1.000000000000000000, 0.000000000000000000 ) ) ;
#4612 = CARTESIAN_POINT ( 'NONE',  ( -9.695652173913044791, 0.4999999999999995559, 8.604945506379111819 ) ) ;
#4613 = EDGE_LOOP ( 'NONE', ( #7287, #1229, #2727, #7743 ) ) ;
#4614 = ORIENTED_EDGE ( 'NONE', *, *, #797, .T. ) ;
#4615 = CARTESIAN_POINT ( 'NONE',  ( 16.00000000000000000, 7.500000000000000000, 3.250000000000001332 ) ) ;
#4616 = VERTEX_POINT ( 'NONE', #3589 ) ;
#4617 = EDGE_CURVE ( 'NONE', #30, #4648, #2857, .T. ) ;
#4618 = LINE ( 'NONE', #7060, #636 ) ;
#4619 = CARTESIAN_POINT ( 'NONE',  ( 6.570000000000000284, 3.069999999999998508, -0.5000000000000000000 ) ) ;
#4620 = EDGE_CURVE ( 'NONE', #7875, #2575, #3622, .T. ) ;
#4621 = LINE ( 'NONE', #7064, #290 ) ;
#4622 = ADVANCED_FACE ( 'NONE', ( #4813 ), #5408, .T. ) ;
#4623 = ORIENTED_EDGE ( 'NONE', *, *, #4397, .F. ) ;
#4624 = CYLINDRICAL_SURFACE ( 'NONE', #4068, 0.5000000000000000000 ) ;
#4625 = CIRCLE ( 'NONE', #5258, 0.8000000000000003775 ) ;
#4626 = DIRECTION ( 'NONE',  ( 1.000000000000000000, 0.000000000000000000, 4.956352788505165240E-16 ) ) ;
#4627 = ORIENTED_EDGE ( 'NONE', *, *, #7629, .T. ) ;
#4628 = ORIENTED_EDGE ( 'NONE', *, *, #5152, .F. ) ;
#4629 = LINE ( 'NONE', #1598, #4442 ) ;
#4630 = FACE_OUTER_BOUND ( 'NONE', #5314, .T. ) ;
#4631 = CARTESIAN_POINT ( 'NONE',  ( 3.299999999999998934, 2.799999999999999378, 0.000000000000000000 ) ) ;
#4632 = CYLINDRICAL_SURFACE ( 'NONE', #4189, 0.5500000000000014877 ) ;
#4633 = DIRECTION ( 'NONE',  ( 0.000000000000000000, 0.000000000000000000, 1.000000000000000000 ) ) ;
#4634 = APPLICATION_PROTOCOL_DEFINITION ( 'draft international standard', 'automotive_design', 1998, #6596 ) ;
#4635 = ORIENTED_EDGE ( 'NONE', *, *, #4620, .F. ) ;
#4636 = CARTESIAN_POINT ( 'NONE',  ( 6.799999999999998046, 3.299999999999999822, -1.399999999999999911 ) ) ;
#4637 = ORIENTED_EDGE ( 'NONE', *, *, #2233, .T. ) ;
#4638 = DIRECTION ( 'NONE',  ( -0.000000000000000000, 0.000000000000000000, 1.000000000000000000 ) ) ;
#4639 = DIRECTION ( 'NONE',  ( -1.000000000000000000, 0.000000000000000000, -0.000000000000000000 ) ) ;
#4640 = EDGE_LOOP ( 'NONE', ( #2994, #4126, #1557, #3763 ) ) ;
#4641 = EDGE_CURVE ( 'NONE', #667, #1832, #5289, .T. ) ;
#4642 = DIRECTION ( 'NONE',  ( 0.000000000000000000, -1.000000000000000000, 0.000000000000000000 ) ) ;
#4643 = PRODUCT_DEFINITION_CONTEXT ( 'detailed design', #6860, 'design' ) ;
#4644 = ORIENTED_EDGE ( 'NONE', *, *, #4432, .T. ) ;
#4645 = ORIENTED_EDGE ( 'NONE', *, *, #2110, .F. ) ;
#4646 = DIRECTION ( 'NONE',  ( -1.084202172485504927E-16, 1.000000000000000000, 0.000000000000000000 ) ) ;
#4647 = APPLICATION_CONTEXT ( 'automotive_design' ) ;
#4648 = VERTEX_POINT ( 'NONE', #2376 ) ;
#4649 = CARTESIAN_POINT ( 'NONE',  ( 17.50000000000000000, 7.500000000000000000, 8.999999999999998224 ) ) ;
#4650 = DIRECTION ( 'NONE',  ( -2.628368902995162518E-16, 1.000000000000000000, 0.000000000000000000 ) ) ;
#4651 = ORIENTED_EDGE ( 'NONE', *, *, #6084, .F. ) ;
#4652 = EDGE_CURVE ( 'NONE', #1812, #7033, #7867, .T. ) ;
#4653 = ORIENTED_EDGE ( 'NONE', *, *, #7808, .T. ) ;
#4654 = LINE ( 'NONE', #4737, #5486 ) ;
#4655 = DIRECTION ( 'NONE',  ( -0.000000000000000000, -0.000000000000000000, -1.000000000000000000 ) ) ;
#4656 = DIRECTION ( 'NONE',  ( 0.000000000000000000, 0.000000000000000000, 1.000000000000000000 ) ) ;
#4657 = DIRECTION ( 'NONE',  ( 1.326241189584715037E-16, -1.000000000000000000, 0.000000000000000000 ) ) ;
#4658 = ADVANCED_FACE ( 'NONE', ( #7148 ), #7265, .T. ) ;
#4659 = CARTESIAN_POINT ( 'NONE',  ( -9.000000000000000000, -3.000000000000000444, 0.000000000000000000 ) ) ;
#4660 = VECTOR ( 'NONE', #1496, 1000.000000000000000 ) ;
#4661 = EDGE_CURVE ( 'NONE', #2753, #7261, #4226, .T. ) ;
#4662 = ORIENTED_EDGE ( 'NONE', *, *, #5984, .F. ) ;
#4663 = ORIENTED_EDGE ( 'NONE', *, *, #2859, .T. ) ;
#4664 = DIRECTION ( 'NONE',  ( -1.000000000000000000, 0.000000000000000000, 0.000000000000000000 ) ) ;
#4665 = CARTESIAN_POINT ( 'NONE',  ( -10.50000000000000533, 0.000000000000000000, -9.000000000000001776 ) ) ;
#4666 = DIRECTION ( 'NONE',  ( 0.000000000000000000, 1.000000000000000000, 0.000000000000000000 ) ) ;
#4667 = CARTESIAN_POINT ( 'NONE',  ( 16.00000000000000000, 0.4999999999999995559, 3.250000000000001332 ) ) ;
#4668 = VECTOR ( 'NONE', #1043, 1000.000000000000000 ) ;
#4669 = DIRECTION ( 'NONE',  ( 0.000000000000000000, 0.000000000000000000, 1.000000000000000000 ) ) ;
#4670 = DIRECTION ( 'NONE',  ( -1.000000000000000000, 0.000000000000000000, 1.239088197126289831E-16 ) ) ;
#4671 = APPLICATION_PROTOCOL_DEFINITION ( 'draft international standard', 'automotive_design', 1998, #2349 ) ;
#4672 = ORIENTED_EDGE ( 'NONE', *, *, #7181, .T. ) ;
#4673 = VERTEX_POINT ( 'NONE', #7915 ) ;
#4674 = VECTOR ( 'NONE', #5994, 1000.000000000000000 ) ;
#4675 = CARTESIAN_POINT ( 'NONE',  ( -17.50000000000000000, 0.000000000000000000, -10.50000000000000000 ) ) ;
#4676 = ORIENTED_EDGE ( 'NONE', *, *, #5402, .T. ) ;
#4677 = LINE ( 'NONE', #1652, #2048 ) ;
#4678 = ADVANCED_FACE ( 'NONE', ( #7309 ), #4102, .T. ) ;
#4679 = DIRECTION ( 'NONE',  ( -0.000000000000000000, 1.000000000000000000, -0.000000000000000000 ) ) ;
#4680 = ORIENTED_EDGE ( 'NONE', *, *, #7115, .T. ) ;
#4681 = CARTESIAN_POINT ( 'NONE',  ( -9.250000000000001776, 3.249999999999999556, 0.2500000000000000000 ) ) ;
#4682 = CARTESIAN_POINT ( 'NONE',  ( -4.200000000000000178, 2.000000000000000000, 0.1000000000000000056 ) ) ;
#4683 = ORIENTED_EDGE ( 'NONE', *, *, #4617, .T. ) ;
#4684 = EDGE_LOOP ( 'NONE', ( #1511, #4291, #693, #4635 ) ) ;
#4685 = EDGE_CURVE ( 'NONE', #1418, #6853, #4312, .T. ) ;
#4686 = PLANE ( 'NONE',  #7275 ) ;
#4687 = VECTOR ( 'NONE', #4957, 1000.000000000000000 ) ;
#4688 = VECTOR ( 'NONE', #3355, 1000.000000000000000 ) ;
#4689 = ORIENTED_EDGE ( 'NONE', *, *, #6971, .T. ) ;
#4690 = DIRECTION ( 'NONE',  ( 0.000000000000000000, 0.000000000000000000, 1.000000000000000000 ) ) ;
#4691 = CARTESIAN_POINT ( 'NONE',  ( -12.00000000000000533, 0.000000000000000000, 3.000000000000003997 ) ) ;
#4692 = VERTEX_POINT ( 'NONE', #7831 ) ;
#4693 = VECTOR ( 'NONE', #2285, 1000.000000000000000 ) ;
#4694 = AXIS2_PLACEMENT_3D ( 'NONE', #4256, #4799, #1728 ) ;
#4695 = EDGE_CURVE ( 'NONE', #5766, #2593, #510, .T. ) ;
#4696 = FACE_OUTER_BOUND ( 'NONE', #5835, .T. ) ;
#4697 = DIRECTION ( 'NONE',  ( -0.000000000000000000, -0.000000000000000000, -1.000000000000000000 ) ) ;
#4698 = CARTESIAN_POINT ( 'NONE',  ( 9.695652173913041239, 7.500000000000000000, -8.604945506379106490 ) ) ;
#4699 = CIRCLE ( 'NONE', #3311, 0.5500000000000010436 ) ;
#4700 = CARTESIAN_POINT ( 'NONE',  ( -9.250000000000001776, 3.249999999999999556, -18.25000000000000000 ) ) ;
#4701 = CIRCLE ( 'NONE', #6626, 0.5000000000000000000 ) ;
#4702 = VECTOR ( 'NONE', #2568, 1000.000000000000000 ) ;
#4703 = ADVANCED_FACE ( 'NONE', ( #3470 ), #7792, .F. ) ;
#4704 = FACE_OUTER_BOUND ( 'NONE', #4155, .T. ) ;
#4705 = MECHANICAL_DESIGN_GEOMETRIC_PRESENTATION_REPRESENTATION (  '', ( #7140 ), #1912 ) ;
#4706 = ORIENTED_EDGE ( 'NONE', *, *, #6827, .T. ) ;
#4707 = CIRCLE ( 'NONE', #2288, 1.499999999999999556 ) ;
#4708 = EDGE_LOOP ( 'NONE', ( #157, #1421 ) ) ;
#4709 = EDGE_CURVE ( 'NONE', #2078, #3637, #4464, .T. ) ;
#4710 = CARTESIAN_POINT ( 'NONE',  ( 6.569999999999998508, -3.070000000000001172, -1.074999999999999956 ) ) ;
#4711 = LINE ( 'NONE', #2906, #7007 ) ;
#4712 = LINE ( 'NONE', #1680, #1261 ) ;
#4713 = DIRECTION ( 'NONE',  ( 1.239088197126289831E-16, 0.000000000000000000, 1.000000000000000000 ) ) ;
#4714 = ADVANCED_FACE ( 'NONE', ( #4772 ), #2939, .T. ) ;
#4715 = LINE ( 'NONE', #5872, #2123 ) ;
#4716 = AXIS2_PLACEMENT_3D ( 'NONE', #3089, #3050, #1296 ) ;
#4717 = LINE ( 'NONE', #2989, #5376 ) ;
#4718 = ITEM_DEFINED_TRANSFORMATION ( 'NONE', 'NONE', #7364,  #5556 ) ;
#4719 = ORIENTED_EDGE ( 'NONE', *, *, #6960, .F. ) ;
#4720 = ADVANCED_FACE ( 'NONE', ( #4178 ), #6632, .F. ) ;
#4721 = CYLINDRICAL_SURFACE ( 'NONE', #1543, 0.5000000000000000000 ) ;
#4722 = VERTEX_POINT ( 'NONE', #1493 ) ;
#4723 = AXIS2_PLACEMENT_3D ( 'NONE', #3243, #1878, #156 ) ;
#4724 = CARTESIAN_POINT ( 'NONE',  ( -0.4300000000000032685, -3.069999999999998952, -0.5000000000000000000 ) ) ;
#4725 = AXIS2_PLACEMENT_3D ( 'NONE', #487, #4204, #6656 ) ;
#4726 = DIRECTION ( 'NONE',  ( 1.000000000000000000, 0.000000000000000000, 0.000000000000000000 ) ) ;
#4727 = VERTEX_POINT ( 'NONE', #6974 ) ;
#4728 = DIRECTION ( 'NONE',  ( 1.000000000000000000, 0.000000000000000000, 0.000000000000000000 ) ) ;
#4729 = ORIENTED_EDGE ( 'NONE', *, *, #2127, .F. ) ;
#4730 = ORIENTED_EDGE ( 'NONE', *, *, #112, .F. ) ;
#4731 = ORIENTED_EDGE ( 'NONE', *, *, #2036, .F. ) ;
#4732 = EDGE_CURVE ( 'NONE', #6381, #7758, #6745, .T. ) ;
#4733 = CARTESIAN_POINT ( 'NONE',  ( 6.770000000000000462, 0.7500000000000000000, -3.270000000000000018 ) ) ;
#4734 = EDGE_CURVE ( 'NONE', #6625, #4515, #990, .T. ) ;
#4735 = FACE_OUTER_BOUND ( 'NONE', #4998, .T. ) ;
#4736 = VERTEX_POINT ( 'NONE', #2726 ) ;
#4737 = CARTESIAN_POINT ( 'NONE',  ( -0.5000000000000000000, 0.000000000000000000, 0.1000000000000000056 ) ) ;
#4738 = DIRECTION ( 'NONE',  ( -1.000000000000000000, -1.084202172485504927E-16, 0.000000000000000000 ) ) ;
#4739 =( NAMED_UNIT ( * ) SI_UNIT ( $, .STERADIAN. ) SOLID_ANGLE_UNIT ( ) );
#4740 = DIRECTION ( 'NONE',  ( -0.000000000000000000, -0.000000000000000000, -1.000000000000000000 ) ) ;
#4741 = DIRECTION ( 'NONE',  ( -1.000000000000000000, 0.000000000000000000, 0.000000000000000000 ) ) ;
#4742 = ADVANCED_FACE ( 'NONE', ( #7460 ), #2091, .T. ) ;
#4743 = ORIENTED_EDGE ( 'NONE', *, *, #7524, .T. ) ;
#4744 = ORIENTED_EDGE ( 'NONE', *, *, #4306, .T. ) ;
#4745 = AXIS2_PLACEMENT_3D ( 'NONE', #4930, #5526, #7308 ) ;
#4746 = LINE ( 'NONE', #4271, #4053 ) ;
#4747 = DIRECTION ( 'NONE',  ( -0.000000000000000000, -1.000000000000000000, -0.000000000000000000 ) ) ;
#4748 = PLANE ( 'NONE',  #1646 ) ;
#4749 = DIRECTION ( 'NONE',  ( 0.000000000000000000, 0.000000000000000000, 1.000000000000000000 ) ) ;
#4750 = DIRECTION ( 'NONE',  ( 0.000000000000000000, 0.000000000000000000, 1.000000000000000000 ) ) ;
#4751 = DIRECTION ( 'NONE',  ( 0.000000000000000000, 0.000000000000000000, 1.000000000000000000 ) ) ;
#4752 = VECTOR ( 'NONE', #599, 1000.000000000000000 ) ;
#4753 = ORIENTED_EDGE ( 'NONE', *, *, #1667, .T. ) ;
#4754 = CYLINDRICAL_SURFACE ( 'NONE', #1408, 1.499999999999999556 ) ;
#4755 = EDGE_CURVE ( 'NONE', #3850, #5926, #2015, .T. ) ;
#4756 = EDGE_LOOP ( 'NONE', ( #4120, #130, #3146, #6494 ) ) ;
#4757 = DIRECTION ( 'NONE',  ( 0.000000000000000000, 0.000000000000000000, 1.000000000000000000 ) ) ;
#4758 = CARTESIAN_POINT ( 'NONE',  ( 16.75000000000000000, 0.5000000000000004441, 2.500000000000000888 ) ) ;
#4759 = VERTEX_POINT ( 'NONE', #205 ) ;
#4760 = CARTESIAN_POINT ( 'NONE',  ( -12.00000000000000533, 7.500000000000000000, 1.500000000000004219 ) ) ;
#4761 = EDGE_CURVE ( 'NONE', #6129, #6994, #3865, .T. ) ;
#4762 = ORIENTED_EDGE ( 'NONE', *, *, #3149, .T. ) ;
#4763 = ORIENTED_EDGE ( 'NONE', *, *, #6966, .F. ) ;
#4764 = EDGE_CURVE ( 'NONE', #295, #6129, #7513, .T. ) ;
#4765 = DIRECTION ( 'NONE',  ( -1.000000000000000000, 0.000000000000000000, -4.956352788505166226E-16 ) ) ;
#4766 = DIRECTION ( 'NONE',  ( -1.000000000000000000, 0.000000000000000000, 9.637352644315595243E-17 ) ) ;
#4767 = ORIENTED_EDGE ( 'NONE', *, *, #2897, .F. ) ;
#4768 = LINE ( 'NONE', #3533, #5721 ) ;
#4769 = DIRECTION ( 'NONE',  ( 0.000000000000000000, 0.000000000000000000, 1.000000000000000000 ) ) ;
#4770 = ORIENTED_EDGE ( 'NONE', *, *, #4617, .F. ) ;
#4771 = FACE_BOUND ( 'NONE', #1248, .T. ) ;
#4772 = FACE_OUTER_BOUND ( 'NONE', #6063, .T. ) ;
#4773 = DIRECTION ( 'NONE',  ( -1.000000000000000000, 0.000000000000000000, 0.000000000000000000 ) ) ;
#4774 = CARTESIAN_POINT ( 'NONE',  ( -3.200000000000000178, 6.123233995736763571E-17, 0.000000000000000000 ) ) ;
#4775 = ORIENTED_EDGE ( 'NONE', *, *, #1871, .F. ) ;
#4776 = ORIENTED_EDGE ( 'NONE', *, *, #362, .F. ) ;
#4777 = PLANE ( 'NONE',  #1249 ) ;
#4778 = DIRECTION ( 'NONE',  ( 9.912705577010326782E-17, -0.000000000000000000, 1.000000000000000000 ) ) ;
#4779 = PLANE ( 'NONE',  #3688 ) ;
#4780 = FACE_OUTER_BOUND ( 'NONE', #1092, .T. ) ;
#4781 = CYLINDRICAL_SURFACE ( 'NONE', #4046, 1.499999999999999556 ) ;
#4782 = DIRECTION ( 'NONE',  ( 0.000000000000000000, 0.000000000000000000, 1.000000000000000000 ) ) ;
#4783 = VERTEX_POINT ( 'NONE', #7547 ) ;
#4784 = DIRECTION ( 'NONE',  ( -0.000000000000000000, -0.000000000000000000, -1.000000000000000000 ) ) ;
#4785 = ORIENTED_EDGE ( 'NONE', *, *, #2097, .F. ) ;
#4786 = LINE ( 'NONE', #6568, #4475 ) ;
#4787 = VECTOR ( 'NONE', #3457, 1000.000000000000000 ) ;
#4788 = DIRECTION ( 'NONE',  ( 0.000000000000000000, 1.000000000000000000, 0.000000000000000000 ) ) ;
#4789 = LINE ( 'NONE', #2478, #7117 ) ;
#4790 = DIRECTION ( 'NONE',  ( -0.000000000000000000, -1.000000000000000000, 0.000000000000000000 ) ) ;
#4791 = PRODUCT_DEFINITION_FORMATION_WITH_SPECIFIED_SOURCE ( 'ANY', '', #6099, .NOT_KNOWN. ) ;
#4792 = EDGE_CURVE ( 'NONE', #3734, #5523, #6093, .T. ) ;
#4793 = AXIS2_PLACEMENT_3D ( 'NONE', #2273, #2232, #5346 ) ;
#4794 = CARTESIAN_POINT ( 'NONE',  ( 0.000000000000000000, 0.000000000000000000, 0.000000000000000000 ) ) ;
#4795 = EDGE_LOOP ( 'NONE', ( #3993, #1321, #285, #7492 ) ) ;
#4796 = ORIENTED_EDGE ( 'NONE', *, *, #5532, .F. ) ;
#4797 = VERTEX_POINT ( 'NONE', #4530 ) ;
#4798 = FACE_OUTER_BOUND ( 'NONE', #3225, .T. ) ;
#4799 = DIRECTION ( 'NONE',  ( -0.000000000000000000, 0.000000000000000000, 1.000000000000000000 ) ) ;
#4800 = EDGE_CURVE ( 'NONE', #417, #1024, #1630, .T. ) ;
#4801 = ORIENTED_EDGE ( 'NONE', *, *, #6103, .T. ) ;
#4802 = ADVANCED_FACE ( 'NONE', ( #2056 ), #7498, .F. ) ;
#4803 = DIRECTION ( 'NONE',  ( -0.000000000000000000, 0.000000000000000000, 1.000000000000000000 ) ) ;
#4804 = UNCERTAINTY_MEASURE_WITH_UNIT (LENGTH_MEASURE( 1.000000000000000082E-05 ), #7173, 'distance_accuracy_value', 'NONE');
#4805 = EDGE_CURVE ( 'NONE', #3302, #203, #5083, .T. ) ;
#4806 = PLANE ( 'NONE',  #7587 ) ;
#4807 = VERTEX_POINT ( 'NONE', #900 ) ;
#4808 = EDGE_LOOP ( 'NONE', ( #1805, #301, #4501, #1811 ) ) ;
#4809 = AXIS2_PLACEMENT_3D ( 'NONE', #7101, #6396, #5743 ) ;
#4810 = DIRECTION ( 'NONE',  ( -1.000000000000000000, 0.000000000000000000, -0.000000000000000000 ) ) ;
#4811 = EDGE_CURVE ( 'NONE', #2967, #5353, #6879, .T. ) ;
#4812 = AXIS2_PLACEMENT_3D ( 'NONE', #4394, #109, #799 ) ;
#4813 = FACE_OUTER_BOUND ( 'NONE', #6070, .T. ) ;
#4814 = DIRECTION ( 'NONE',  ( -0.000000000000000000, 0.000000000000000000, 1.000000000000000000 ) ) ;
#4815 = CYLINDRICAL_SURFACE ( 'NONE', #6380, 1.049999999999998934 ) ;
#4816 = AXIS2_PLACEMENT_3D ( 'NONE', #5629, #2559, #4994 ) ;
#4817 = CARTESIAN_POINT ( 'NONE',  ( 5.999999999999999112, -1.199999999999998623, 0.1000000000000000056 ) ) ;
#4818 = AXIS2_PLACEMENT_3D ( 'NONE', #5471, #6, #6162 ) ;
#4819 = EDGE_CURVE ( 'NONE', #2052, #2601, #5673, .T. ) ;
#4820 = ORIENTED_EDGE ( 'NONE', *, *, #1623, .F. ) ;
#4821 = VECTOR ( 'NONE', #945, 1000.000000000000000 ) ;
#4822 = ORIENTED_EDGE ( 'NONE', *, *, #4129, .F. ) ;
#4823 = LINE ( 'NONE', #3071, #5960 ) ;
#4824 = FACE_OUTER_BOUND ( 'NONE', #5453, .T. ) ;
#4825 = VECTOR ( 'NONE', #3026, 1000.000000000000000 ) ;
#4826 = CYLINDRICAL_SURFACE ( 'NONE', #3948, 0.4999999999999995559 ) ;
#4827 = DIRECTION ( 'NONE',  ( 0.000000000000000000, 0.000000000000000000, 1.000000000000000000 ) ) ;
#4828 = LINE ( 'NONE', #3676, #5648 ) ;
#4829 = VECTOR ( 'NONE', #1150, 1000.000000000000000 ) ;
#4830 = SHAPE_DEFINITION_REPRESENTATION ( #4391, #577 ) ;
#4831 = VECTOR ( 'NONE', #5142, 1000.000000000000000 ) ;
#4832 = ORIENTED_EDGE ( 'NONE', *, *, #826, .F. ) ;
#4833 = FACE_OUTER_BOUND ( 'NONE', #6335, .T. ) ;
#4834 = EDGE_LOOP ( 'NONE', ( #3197, #307 ) ) ;
#4835 = DIRECTION ( 'NONE',  ( 1.236061108696829207E-16, 1.000000000000000000, -0.000000000000000000 ) ) ;
#4836 = CARTESIAN_POINT ( 'NONE',  ( -16.00000000000000000, 0.000000000000000000, -1.500000000000000666 ) ) ;
#4837 = AXIS2_PLACEMENT_3D ( 'NONE', #4489, #6170, #6934 ) ;
#4838 = FACE_OUTER_BOUND ( 'NONE', #3747, .T. ) ;
#4839 = AXIS2_PLACEMENT_3D ( 'NONE', #4886, #4167, #5517 ) ;
#4840 = LINE ( 'NONE', #4209, #7367 ) ;
#4841 = ADVANCED_BREP_SHAPE_REPRESENTATION ( '', ( #3189, #152 ), #2067 ) ;
#4842 = EDGE_CURVE ( 'NONE', #7735, #2578, #4455, .T. ) ;
#4843 = EDGE_LOOP ( 'NONE', ( #7073, #1433, #5886, #1893 ) ) ;
#4844 = VECTOR ( 'NONE', #3564, 1000.000000000000000 ) ;
#4845 = ORIENTED_EDGE ( 'NONE', *, *, #5043, .F. ) ;
#4846 = EDGE_LOOP ( 'NONE', ( #4307, #1573, #5548, #4796 ) ) ;
#4847 = DIRECTION ( 'NONE',  ( 9.637352644315595243E-17, 0.000000000000000000, 1.000000000000000000 ) ) ;
#4848 = EDGE_LOOP ( 'NONE', ( #1891, #7897 ) ) ;
#4849 = DIRECTION ( 'NONE',  ( -1.000000000000000000, -0.000000000000000000, -0.000000000000000000 ) ) ;
#4850 = CIRCLE ( 'NONE', #3459, 1.050000000000000266 ) ;
#4851 = AXIS2_PLACEMENT_3D ( 'NONE', #3283, #7448, #6239 ) ;
#4852 = DIRECTION ( 'NONE',  ( -0.000000000000000000, 1.000000000000000000, -0.000000000000000000 ) ) ;
#4853 = EDGE_LOOP ( 'NONE', ( #2798, #2040, #3129, #7379 ) ) ;
#4854 = ORIENTED_EDGE ( 'NONE', *, *, #952, .T. ) ;
#4855 = DIRECTION ( 'NONE',  ( 1.000000000000000000, 0.000000000000000000, -1.412641267082090664E-16 ) ) ;
#4856 = EDGE_CURVE ( 'NONE', #2769, #5940, #136, .T. ) ;
#4857 = EDGE_CURVE ( 'NONE', #6697, #3269, #823, .T. ) ;
#4858 = CARTESIAN_POINT ( 'NONE',  ( -0.4299999999999999378, 0.1750000000000000167, -3.069999999999999396 ) ) ;
#4859 = DIRECTION ( 'NONE',  ( 0.000000000000000000, 0.000000000000000000, -1.000000000000000000 ) ) ;
#4860 = CYLINDRICAL_SURFACE ( 'NONE', #2664, 0.5000000000000000000 ) ;
#4861 = CYLINDRICAL_SURFACE ( 'NONE', #230, 0.5000000000000004441 ) ;
#4862 = EDGE_CURVE ( 'NONE', #3420, #5626, #4944, .T. ) ;
#4863 = VERTEX_POINT ( 'NONE', #859 ) ;
#4864 = ADVANCED_FACE ( 'NONE', ( #3294 ), #5881, .T. ) ;
#4865 = VERTEX_POINT ( 'NONE', #3972 ) ;
#4866 = DIRECTION ( 'NONE',  ( 1.000000000000000000, 0.000000000000000000, -0.000000000000000000 ) ) ;
#4867 = LINE ( 'NONE', #641, #2404 ) ;
#4868 = DIRECTION ( 'NONE',  ( 0.000000000000000000, 0.000000000000000000, -1.000000000000000000 ) ) ;
#4869 = CIRCLE ( 'NONE', #2703, 1.500000000000000000 ) ;
#4870 = FACE_OUTER_BOUND ( 'NONE', #2488, .T. ) ;
#4871 = CARTESIAN_POINT ( 'NONE',  ( 15.50000000000000178, 0.000000000000000000, -5.500000000000000000 ) ) ;
#4872 = VECTOR ( 'NONE', #4533, 1000.000000000000000 ) ;
#4873 = ORIENTED_EDGE ( 'NONE', *, *, #2364, .T. ) ;
#4874 = DIRECTION ( 'NONE',  ( 0.000000000000000000, -0.000000000000000000, -1.000000000000000000 ) ) ;
#4875 = ORIENTED_EDGE ( 'NONE', *, *, #7512, .F. ) ;
#4876 = LINE ( 'NONE', #7326, #7422 ) ;
#4877 = DIRECTION ( 'NONE',  ( -0.000000000000000000, -0.000000000000000000, -1.000000000000000000 ) ) ;
#4878 = DIRECTION ( 'NONE',  ( 1.000000000000000000, 0.000000000000000000, 0.000000000000000000 ) ) ;
#4879 = VECTOR ( 'NONE', #263, 1000.000000000000000 ) ;
#4880 = SHAPE_REPRESENTATION_RELATIONSHIP ( 'NONE' , 'NONE' ,  #1699, #4841 ) ;
#4881 = ORIENTED_EDGE ( 'NONE', *, *, #1487, .F. ) ;
#4882 = EDGE_CURVE ( 'NONE', #5480, #6301, #7049, .T. ) ;
#4883 = EDGE_LOOP ( 'NONE', ( #6223, #7142, #3612, #936 ) ) ;
#4884 = VERTEX_POINT ( 'NONE', #1575 ) ;
#4885 = AXIS2_PLACEMENT_3D ( 'NONE', #6686, #7403, #1839 ) ;
#4886 = CARTESIAN_POINT ( 'NONE',  ( -12.00000000000000355, 7.500000000000000000, -2.999999999999998224 ) ) ;
#4887 = FACE_OUTER_BOUND ( 'NONE', #1464, .T. ) ;
#4888 = EDGE_CURVE ( 'NONE', #1091, #1905, #7128, .T. ) ;
#4889 = VERTEX_POINT ( 'NONE', #6447 ) ;
#4890 = CARTESIAN_POINT ( 'NONE',  ( 0.000000000000000000, 3.249999999999999556, 0.2500000000000000000 ) ) ;
#4891 = UNCERTAINTY_MEASURE_WITH_UNIT (LENGTH_MEASURE( 1.000000000000000082E-05 ), #777, 'distance_accuracy_value', 'NONE');
#4892 = CARTESIAN_POINT ( 'NONE',  ( -16.00000000000000000, 0.000000000000000000, -1.050000000000000266 ) ) ;
#4893 = VERTEX_POINT ( 'NONE', #5239 ) ;
#4894 = EDGE_LOOP ( 'NONE', ( #1402, #3639, #6049, #3706 ) ) ;
#4895 = DIRECTION ( 'NONE',  ( -0.000000000000000000, 0.000000000000000000, 1.000000000000000000 ) ) ;
#4896 = FACE_OUTER_BOUND ( 'NONE', #747, .T. ) ;
#4897 = CARTESIAN_POINT ( 'NONE',  ( 6.050000000000000711, -2.000000000000000000, 0.1000000000000000056 ) ) ;
#4898 = EDGE_CURVE ( 'NONE', #2498, #877, #1255, .T. ) ;
#4899 = ORIENTED_EDGE ( 'NONE', *, *, #1247, .F. ) ;
#4900 = EDGE_LOOP ( 'NONE', ( #4908, #4037, #1440, #6739 ) ) ;
#4901 = DIRECTION ( 'NONE',  ( -0.000000000000000000, 1.000000000000000000, -0.000000000000000000 ) ) ;
#4902 = LINE ( 'NONE', #1869, #6382 ) ;
#4903 = EDGE_CURVE ( 'NONE', #6368, #4673, #7124, .T. ) ;
#4904 = CARTESIAN_POINT ( 'NONE',  ( -1.849999999999999645, 2.000000000000000000, 0.1000000000000000056 ) ) ;
#4905 = CARTESIAN_POINT ( 'NONE',  ( 13.24999999999999822, 7.500000000000000000, 1.000000000000001110 ) ) ;
#4906 = EDGE_CURVE ( 'NONE', #7697, #72, #4565, .T. ) ;
#4907 = CARTESIAN_POINT ( 'NONE',  ( 6.570000000000000284, 3.069999999999998508, -0.5000000000000000000 ) ) ;
#4908 = ORIENTED_EDGE ( 'NONE', *, *, #173, .F. ) ;
#4909 = FACE_OUTER_BOUND ( 'NONE', #2306, .T. ) ;
#4910 = EDGE_LOOP ( 'NONE', ( #339, #3301 ) ) ;
#4911 = CARTESIAN_POINT ( 'NONE',  ( -16.00000000000000000, 0.000000000000000000, -1.500000000000000666 ) ) ;
#4912 = DIRECTION ( 'NONE',  ( 0.000000000000000000, 0.000000000000000000, -1.000000000000000000 ) ) ;
#4913 = CARTESIAN_POINT ( 'NONE',  ( 5.000000000000000000, 2.800000000000001155, 0.1000000000000000056 ) ) ;
#4914 = DIRECTION ( 'NONE',  ( -1.196361017915038993E-16, 0.000000000000000000, -1.000000000000000000 ) ) ;
#4915 = ORIENTED_EDGE ( 'NONE', *, *, #3748, .T. ) ;
#4916 = ORIENTED_EDGE ( 'NONE', *, *, #580, .F. ) ;
#4917 = EDGE_CURVE ( 'NONE', #5374, #3222, #493, .T. ) ;
#4918 = VECTOR ( 'NONE', #3297, 1000.000000000000000 ) ;
#4919 = EDGE_CURVE ( 'NONE', #5197, #5066, #2758, .T. ) ;
#4920 = EDGE_LOOP ( 'NONE', ( #1144, #6279, #361, #7132 ) ) ;
#4921 = CARTESIAN_POINT ( 'NONE',  ( 4.200000000000000178, -2.000000000000000000, 0.1000000000000000056 ) ) ;
#4922 = CARTESIAN_POINT ( 'NONE',  ( 16.75000000000000000, -16.34050177399711501, 2.500000000000000888 ) ) ;
#4923 = ORIENTED_EDGE ( 'NONE', *, *, #7886, .T. ) ;
#4924 =( GEOMETRIC_REPRESENTATION_CONTEXT ( 3 ) GLOBAL_UNCERTAINTY_ASSIGNED_CONTEXT ( ( #6741 ) ) GLOBAL_UNIT_ASSIGNED_CONTEXT ( ( #2682, #2085, #4523 ) ) REPRESENTATION_CONTEXT ( 'NONE', 'WORKASPACE' ) );
#4925 = CARTESIAN_POINT ( 'NONE',  ( 9.249999999999998224, -3.249999999999999556, -18.50000000000000000 ) ) ;
#4926 = CIRCLE ( 'NONE', #728, 0.4999999999999995559 ) ;
#4927 = FACE_OUTER_BOUND ( 'NONE', #167, .T. ) ;
#4928 = ORIENTED_EDGE ( 'NONE', *, *, #7469, .F. ) ;
#4929 = ORIENTED_EDGE ( 'NONE', *, *, #521, .F. ) ;
#4930 = CARTESIAN_POINT ( 'NONE',  ( 0.4300000000000022138, 0.1750000000000000167, 3.070000000000000284 ) ) ;
#4931 = CIRCLE ( 'NONE', #81, 0.2500000000000002220 ) ;
#4932 = LINE ( 'NONE', #2423, #7143 ) ;
#4933 = DIRECTION ( 'NONE',  ( 1.652117596168387756E-16, 0.000000000000000000, -1.000000000000000000 ) ) ;
#4934 = FACE_OUTER_BOUND ( 'NONE', #1356, .T. ) ;
#4935 = LINE ( 'NONE', #2970, #485 ) ;
#4936 = EDGE_CURVE ( 'NONE', #2473, #4566, #3406, .T. ) ;
#4937 = CIRCLE ( 'NONE', #3160, 0.5000000000000000000 ) ;
#4938 = VERTEX_POINT ( 'NONE', #5196 ) ;
#4939 = DIRECTION ( 'NONE',  ( 0.000000000000000000, 0.000000000000000000, 1.000000000000000000 ) ) ;
#4940 = CARTESIAN_POINT ( 'NONE',  ( 9.000000000000000000, -3.000000000000000444, 0.000000000000000000 ) ) ;
#4941 = AXIS2_PLACEMENT_3D ( 'NONE', #4325, #2442, #1722 ) ;
#4942 = EDGE_CURVE ( 'NONE', #5165, #3307, #6489, .T. ) ;
#4943 = DIRECTION ( 'NONE',  ( -0.000000000000000000, -1.000000000000000000, -0.000000000000000000 ) ) ;
#4944 = CIRCLE ( 'NONE', #6998, 0.4999999999999995559 ) ;
#4945 = VECTOR ( 'NONE', #7723, 1000.000000000000000 ) ;
#4946 = LINE ( 'NONE', #1118, #6987 ) ;
#4947 = DIRECTION ( 'NONE',  ( -2.168404344971008868E-16, 1.000000000000000000, -0.000000000000000000 ) ) ;
#4948 = AXIS2_PLACEMENT_3D ( 'NONE', #1268, #1988, #6751 ) ;
#4949 = VECTOR ( 'NONE', #3374, 1000.000000000000000 ) ;
#4950 = ORIENTED_EDGE ( 'NONE', *, *, #6003, .T. ) ;
#4951 = DIRECTION ( 'NONE',  ( 0.000000000000000000, -1.000000000000000000, 0.000000000000000000 ) ) ;
#4952 = ORIENTED_EDGE ( 'NONE', *, *, #4129, .T. ) ;
#4953 = CARTESIAN_POINT ( 'NONE',  ( 6.799999999999999822, -3.299999999999999822, 0.000000000000000000 ) ) ;
#4954 = EDGE_CURVE ( 'NONE', #215, #2809, #5274, .T. ) ;
#4955 = CARTESIAN_POINT ( 'NONE',  ( -16.00000000000000000, 0.000000000000000000, 1.500000000000001998 ) ) ;
#4956 = EDGE_CURVE ( 'NONE', #782, #72, #2515, .T. ) ;
#4957 = DIRECTION ( 'NONE',  ( 1.000000000000000000, -0.000000000000000000, -0.000000000000000000 ) ) ;
#4958 = AXIS2_PLACEMENT_3D ( 'NONE', #1701, #2931, #1731 ) ;
#4959 = PLANE ( 'NONE',  #7100 ) ;
#4960 = AXIS2_PLACEMENT_3D ( 'NONE', #6228, #3880, #2588 ) ;
#4961 = AXIS2_PLACEMENT_3D ( 'NONE', #6954, #5657, #5221 ) ;
#4962 = ADVANCED_FACE ( 'NONE', ( #3455 ), #6534, .F. ) ;
#4963 = VERTEX_POINT ( 'NONE', #364 ) ;
#4964 = ORIENTED_EDGE ( 'NONE', *, *, #2901, .F. ) ;
#4965 = CARTESIAN_POINT ( 'NONE',  ( 16.00000000000000000, 0.4999999999999995559, 9.800000000000000711 ) ) ;
#4966 = ORIENTED_EDGE ( 'NONE', *, *, #621, .F. ) ;
#4967 = CARTESIAN_POINT ( 'NONE',  ( -9.500000000000005329, 7.500000000000000000, -9.500000000000000000 ) ) ;
#4968 = CYLINDRICAL_SURFACE ( 'NONE', #5459, 0.2500000000000000000 ) ;
#4969 = ORIENTED_EDGE ( 'NONE', *, *, #1864, .T. ) ;
#4970 = DIRECTION ( 'NONE',  ( -1.000000000000000000, 0.000000000000000000, 0.000000000000000000 ) ) ;
#4971 = DIRECTION ( 'NONE',  ( 0.000000000000000000, 1.000000000000000000, 0.000000000000000000 ) ) ;
#4972 = ORIENTED_EDGE ( 'NONE', *, *, #84, .T. ) ;
#4973 = ORIENTED_EDGE ( 'NONE', *, *, #4888, .F. ) ;
#4974 = DIRECTION ( 'NONE',  ( 1.000000000000000000, 0.000000000000000000, 0.000000000000000000 ) ) ;
#4975 = EDGE_CURVE ( 'NONE', #1852, #5879, #7013, .T. ) ;
#4976 = VECTOR ( 'NONE', #7166, 1000.000000000000000 ) ;
#4977 = PLANE ( 'NONE',  #3052 ) ;
#4978 = AXIS2_PLACEMENT_3D ( 'NONE', #1169, #603, #6607 ) ;
#4979 = CARTESIAN_POINT ( 'NONE',  ( 16.00000000000000000, 0.4999999999999995559, 7.950000000000000178 ) ) ;
#4980 = LINE ( 'NONE', #2539, #2264 ) ;
#4981 = DIRECTION ( 'NONE',  ( -1.000000000000000000, 0.000000000000000000, 0.000000000000000000 ) ) ;
#4982 = EDGE_CURVE ( 'NONE', #6365, #7216, #1051, .T. ) ;
#4983 = EDGE_LOOP ( 'NONE', ( #553, #7676, #1962, #212 ) ) ;
#4984 = PLANE ( 'NONE',  #6095 ) ;
#4985 = DIRECTION ( 'NONE',  ( 0.000000000000000000, 0.000000000000000000, -1.000000000000000000 ) ) ;
#4986 = ADVANCED_FACE ( 'NONE', ( #7699 ), #2205, .F. ) ;
#4987 = LINE ( 'NONE', #6314, #2151 ) ;
#4988 = DIRECTION ( 'NONE',  ( 1.000000000000000000, 0.000000000000000000, 0.000000000000000000 ) ) ;
#4989 = ORIENTED_EDGE ( 'NONE', *, *, #4466, .T. ) ;
#4990 = DIRECTION ( 'NONE',  ( 0.000000000000000000, 0.000000000000000000, 1.000000000000000000 ) ) ;
#4991 = ORIENTED_EDGE ( 'NONE', *, *, #7677, .T. ) ;
#4992 = FACE_OUTER_BOUND ( 'NONE', #1415, .T. ) ;
#4993 = CYLINDRICAL_SURFACE ( 'NONE', #3178, 1.499999999999999556 ) ;
#4994 = DIRECTION ( 'NONE',  ( -1.000000000000000000, 0.000000000000000000, -4.956352788505166226E-16 ) ) ;
#4995 = LINE ( 'NONE', #3287, #1614 ) ;
#4996 = AXIS2_PLACEMENT_3D ( 'NONE', #1544, #3975, #3378 ) ;
#4997 = DIRECTION ( 'NONE',  ( 1.577721810442023611E-30, 9.829871458033890529E-31, 1.000000000000000000 ) ) ;
#4998 = EDGE_LOOP ( 'NONE', ( #1545, #2983, #7825, #6001 ) ) ;
#4999 = EDGE_CURVE ( 'NONE', #2447, #1759, #5311, .T. ) ;
#5000 = ORIENTED_EDGE ( 'NONE', *, *, #4407, .T. ) ;
#5001 = CYLINDRICAL_SURFACE ( 'NONE', #1280, 1.500000000000000000 ) ;
#5002 = ORIENTED_EDGE ( 'NONE', *, *, #2237, .F. ) ;
#5003 = LINE ( 'NONE', #134, #5996 ) ;
#5004 = FACE_OUTER_BOUND ( 'NONE', #544, .T. ) ;
#5005 = CARTESIAN_POINT ( 'NONE',  ( 15.49999999999999822, 0.000000000000000000, 0.2500000000000009437 ) ) ;
#5006 = CIRCLE ( 'NONE', #7826, 0.4999999999999997780 ) ;
#5007 = ORIENTED_EDGE ( 'NONE', *, *, #7555, .T. ) ;
#5008 = EDGE_CURVE ( 'NONE', #2447, #2436, #7816, .T. ) ;
#5009 = CARTESIAN_POINT ( 'NONE',  ( -16.00000000000000000, 7.500000000000000000, 1.500000000000001998 ) ) ;
#5010 = DIRECTION ( 'NONE',  ( 1.000000000000000000, 0.000000000000000000, 0.000000000000000000 ) ) ;
#5011 = VERTEX_POINT ( 'NONE', #2962 ) ;
#5012 = EDGE_CURVE ( 'NONE', #3460, #1366, #1243, .T. ) ;
#5013 = AXIS2_PLACEMENT_3D ( 'NONE', #2337, #1219, #1778 ) ;
#5014 = ORIENTED_EDGE ( 'NONE', *, *, #6777, .T. ) ;
#5015 = LINE ( 'NONE', #6946, #5903 ) ;
#5016 = ORIENTED_EDGE ( 'NONE', *, *, #3645, .T. ) ;
#5017 = CARTESIAN_POINT ( 'NONE',  ( -9.000000000000007105, 0.4999999999999995559, -9.000000000000001776 ) ) ;
#5018 = DIRECTION ( 'NONE',  ( -1.000000000000000000, 0.000000000000000000, 0.000000000000000000 ) ) ;
#5019 = PRODUCT ( 'HEPI Housing', 'HEPI Housing', '', ( #2871 ) ) ;
#5020 = PLANE ( 'NONE',  #3681 ) ;
#5021 = VERTEX_POINT ( 'NONE', #2359 ) ;
#5022 = CARTESIAN_POINT ( 'NONE',  ( 16.00000000000000000, 0.4999999999999995559, -1.749999999999999334 ) ) ;
#5023 = FACE_OUTER_BOUND ( 'NONE', #5325, .T. ) ;
#5024 = FACE_OUTER_BOUND ( 'NONE', #3836, .T. ) ;
#5025 = PRODUCT_RELATED_PRODUCT_CATEGORY ( 'part', '', ( #5019 ) ) ;
#5026 = EDGE_LOOP ( 'NONE', ( #3412, #7193, #3658, #3058 ) ) ;
#5027 = DIRECTION ( 'NONE',  ( 0.000000000000000000, 0.000000000000000000, 1.000000000000000000 ) ) ;
#5028 = VERTEX_POINT ( 'NONE', #5544 ) ;
#5029 = LINE ( 'NONE', #688, #7034 ) ;
#5030 = CARTESIAN_POINT ( 'NONE',  ( 6.799999999999998046, 3.299999999999999822, -1.399999999999999911 ) ) ;
#5031 = LINE ( 'NONE', #4444, #1387 ) ;
#5032 = DIRECTION ( 'NONE',  ( 0.000000000000000000, 0.000000000000000000, 1.000000000000000000 ) ) ;
#5033 =( LENGTH_UNIT ( ) NAMED_UNIT ( * ) SI_UNIT ( .MILLI., .METRE. ) );
#5034 = EDGE_LOOP ( 'NONE', ( #4744, #2863 ) ) ;
#5035 = ADVANCED_FACE ( 'NONE', ( #1127 ), #3121, .T. ) ;
#5036 = VERTEX_POINT ( 'NONE', #7327 ) ;
#5037 = CARTESIAN_POINT ( 'NONE',  ( 0.000000000000000000, 0.000000000000000000, 0.000000000000000000 ) ) ;
#5038 = EDGE_LOOP ( 'NONE', ( #3005, #3926, #3548, #5649 ) ) ;
#5039 = LINE ( 'NONE', #1457, #512 ) ;
#5040 = FACE_OUTER_BOUND ( 'NONE', #4843, .T. ) ;
#5041 = DIRECTION ( 'NONE',  ( 2.312964634635743450E-15, 0.000000000000000000, 1.000000000000000000 ) ) ;
#5042 = ORIENTED_EDGE ( 'NONE', *, *, #5430, .T. ) ;
#5043 = EDGE_CURVE ( 'NONE', #7600, #779, #7639, .T. ) ;
#5044 = DIRECTION ( 'NONE',  ( 0.000000000000000000, 0.000000000000000000, 1.000000000000000000 ) ) ;
#5045 = VECTOR ( 'NONE', #6703, 1000.000000000000000 ) ;
#5046 = CARTESIAN_POINT ( 'NONE',  ( -12.00000000000000355, 0.000000000000000000, -1.499999999999998446 ) ) ;
#5047 = EDGE_LOOP ( 'NONE', ( #4130, #3000, #4344, #3701 ) ) ;
#5048 = ORIENTED_EDGE ( 'NONE', *, *, #7332, .F. ) ;
#5049 = EDGE_CURVE ( 'NONE', #6009, #4136, #229, .T. ) ;
#5050 = CARTESIAN_POINT ( 'NONE',  ( 0.000000000000000000, 0.1750000000000000167, 0.000000000000000000 ) ) ;
#5051 = ORIENTED_EDGE ( 'NONE', *, *, #7806, .T. ) ;
#5052 = VECTOR ( 'NONE', #2560, 1000.000000000000000 ) ;
#5053 = EDGE_CURVE ( 'NONE', #4797, #6979, #7291, .T. ) ;
#5054 = DIRECTION ( 'NONE',  ( 0.000000000000000000, 0.000000000000000000, 1.000000000000000000 ) ) ;
#5055 = LINE ( 'NONE', #833, #1763 ) ;
#5056 = CARTESIAN_POINT ( 'NONE',  ( -9.250000000000001776, 3.249999999999999556, -18.25000000000000000 ) ) ;
#5057 = AXIS2_PLACEMENT_3D ( 'NONE', #6764, #7320, #3674 ) ;
#5058 = EDGE_CURVE ( 'NONE', #417, #2317, #6040, .T. ) ;
#5059 = ORIENTED_EDGE ( 'NONE', *, *, #7092, .F. ) ;
#5060 = FACE_OUTER_BOUND ( 'NONE', #613, .T. ) ;
#5061 = DIRECTION ( 'NONE',  ( -0.000000000000000000, -0.000000000000000000, -1.000000000000000000 ) ) ;
#5062 = DIRECTION ( 'NONE',  ( 1.000000000000000000, 0.000000000000000000, 0.000000000000000000 ) ) ;
#5063 = DIRECTION ( 'NONE',  ( 0.000000000000000000, -1.000000000000000000, 0.000000000000000000 ) ) ;
#5064 = ORIENTED_EDGE ( 'NONE', *, *, #2502, .T. ) ;
#5065 = PLANE ( 'NONE',  #2551 ) ;
#5066 = VERTEX_POINT ( 'NONE', #7207 ) ;
#5067 = VECTOR ( 'NONE', #2189, 1000.000000000000000 ) ;
#5068 = LINE ( 'NONE', #4323, #6266 ) ;
#5069 = AXIS2_PLACEMENT_3D ( 'NONE', #4433, #185, #32 ) ;
#5070 = DIRECTION ( 'NONE',  ( 0.000000000000000000, 0.000000000000000000, 1.000000000000000000 ) ) ;
#5071 = LINE ( 'NONE', #7729, #7775 ) ;
#5072 = DIRECTION ( 'NONE',  ( -0.000000000000000000, -1.000000000000000000, -0.000000000000000000 ) ) ;
#5073 = CIRCLE ( 'NONE', #3670, 0.5500000000000014877 ) ;
#5074 = VECTOR ( 'NONE', #4492, 1000.000000000000000 ) ;
#5075 = DIRECTION ( 'NONE',  ( 0.000000000000000000, 0.000000000000000000, 1.000000000000000000 ) ) ;
#5076 = ORIENTED_EDGE ( 'NONE', *, *, #5194, .T. ) ;
#5077 = AXIS2_PLACEMENT_3D ( 'NONE', #6796, #3754, #4427 ) ;
#5078 = EDGE_LOOP ( 'NONE', ( #5549, #86, #2098, #4753 ) ) ;
#5079 = DIRECTION ( 'NONE',  ( 0.000000000000000000, 1.000000000000000000, 0.000000000000000000 ) ) ;
#5080 = VERTEX_POINT ( 'NONE', #4160 ) ;
#5081 = CARTESIAN_POINT ( 'NONE',  ( 8.604945506379110043, 0.4999999999999995559, -9.695652173913043015 ) ) ;
#5082 = VECTOR ( 'NONE', #1506, 1000.000000000000000 ) ;
#5083 = LINE ( 'NONE', #3931, #6364 ) ;
#5084 = CIRCLE ( 'NONE', #7782, 1.499999999999999556 ) ;
#5085 = ORIENTED_EDGE ( 'NONE', *, *, #6941, .T. ) ;
#5086 = AXIS2_PLACEMENT_3D ( 'NONE', #6836, #2468, #4434 ) ;
#5087 = EDGE_CURVE ( 'NONE', #6435, #1166, #4205, .T. ) ;
#5088 = FACE_OUTER_BOUND ( 'NONE', #7858, .T. ) ;
#5089 = CARTESIAN_POINT ( 'NONE',  ( 6.570000000000001172, 0.1750000000000000167, -3.069999999999999840 ) ) ;
#5090 = ORIENTED_EDGE ( 'NONE', *, *, #1790, .T. ) ;
#5091 = AXIS2_PLACEMENT_3D ( 'NONE', #6059, #5371, #6709 ) ;
#5092 = ORIENTED_EDGE ( 'NONE', *, *, #7408, .T. ) ;
#5093 = VECTOR ( 'NONE', #3356, 1000.000000000000000 ) ;
#5094 = DIRECTION ( 'NONE',  ( -0.000000000000000000, -0.000000000000000000, -1.000000000000000000 ) ) ;
#5095 = EDGE_LOOP ( 'NONE', ( #2430, #6767, #915, #3079 ) ) ;
#5096 = DIRECTION ( 'NONE',  ( -1.000000000000000000, 0.000000000000000000, 0.000000000000000000 ) ) ;
#5097 = PLANE ( 'NONE',  #7012 ) ;
#5098 = VECTOR ( 'NONE', #819, 1000.000000000000000 ) ;
#5099 = AXIS2_PLACEMENT_3D ( 'NONE', #3750, #4349, #6181 ) ;
#5100 = CARTESIAN_POINT ( 'NONE',  ( 13.99999999999999822, 0.000000000000000000, 1.750000000000000888 ) ) ;
#5101 = EDGE_CURVE ( 'NONE', #5597, #4010, #3567, .T. ) ;
#5102 = VECTOR ( 'NONE', #1357, 1000.000000000000000 ) ;
#5103 = EDGE_CURVE ( 'NONE', #5551, #3002, #6658, .T. ) ;
#5104 = ORIENTED_EDGE ( 'NONE', *, *, #7328, .F. ) ;
#5105 = VECTOR ( 'NONE', #6121, 1000.000000000000000 ) ;
#5106 = DIRECTION ( 'NONE',  ( -0.000000000000000000, -0.000000000000000000, -1.000000000000000000 ) ) ;
#5107 = PLANE ( 'NONE',  #1522 ) ;
#5108 =( NAMED_UNIT ( * ) SI_UNIT ( $, .STERADIAN. ) SOLID_ANGLE_UNIT ( ) );
#5109 = EDGE_CURVE ( 'NONE', #2018, #2447, #1170, .T. ) ;
#5110 = FACE_OUTER_BOUND ( 'NONE', #2713, .T. ) ;
#5111 = EDGE_CURVE ( 'NONE', #4260, #659, #2996, .T. ) ;
#5112 = ORIENTED_EDGE ( 'NONE', *, *, #2284, .T. ) ;
#5113 = DIRECTION ( 'NONE',  ( -0.000000000000000000, -1.000000000000000000, 0.000000000000000000 ) ) ;
#5114 = VERTEX_POINT ( 'NONE', #1287 ) ;
#5115 = CYLINDRICAL_SURFACE ( 'NONE', #3198, 0.2500000000000002220 ) ;
#5116 = CARTESIAN_POINT ( 'NONE',  ( 17.50000000000000000, 0.000000000000000000, 10.49999999999999645 ) ) ;
#5117 = DIRECTION ( 'NONE',  ( 0.000000000000000000, 0.000000000000000000, -1.000000000000000000 ) ) ;
#5118 = DIRECTION ( 'NONE',  ( 1.000000000000000000, 0.000000000000000000, 0.000000000000000000 ) ) ;
#5119 = DIRECTION ( 'NONE',  ( 1.000000000000000000, 0.000000000000000000, 0.000000000000000000 ) ) ;
#5120 = ORIENTED_EDGE ( 'NONE', *, *, #4761, .F. ) ;
#5121 = ORIENTED_EDGE ( 'NONE', *, *, #1636, .T. ) ;
#5122 = FACE_OUTER_BOUND ( 'NONE', #6519, .T. ) ;
#5123 = ORIENTED_EDGE ( 'NONE', *, *, #1675, .F. ) ;
#5124 = CARTESIAN_POINT ( 'NONE',  ( 15.50000000000000178, 0.000000000000000000, 3.249999999999998668 ) ) ;
#5125 = CARTESIAN_POINT ( 'NONE',  ( 16.00000000000000000, 0.4999999999999995559, -9.000000000000005329 ) ) ;
#5126 = ORIENTED_EDGE ( 'NONE', *, *, #6502, .T. ) ;
#5127 = ADVANCED_BREP_SHAPE_REPRESENTATION ( '', ( #5739, #152 ), #4240 ) ;
#5128 = CARTESIAN_POINT ( 'NONE',  ( -9.500000000000005329, 7.500000000000000000, -7.864218330839952031 ) ) ;
#5129 = DIRECTION ( 'NONE',  ( 0.000000000000000000, 0.000000000000000000, 1.000000000000000000 ) ) ;
#5130 = ORIENTED_EDGE ( 'NONE', *, *, #3851, .T. ) ;
#5131 = ORIENTED_EDGE ( 'NONE', *, *, #4805, .F. ) ;
#5132 = AXIS2_PLACEMENT_3D ( 'NONE', #6018, #7432, #6746 ) ;
#5133 = CARTESIAN_POINT ( 'NONE',  ( 9.000000000000000000, 6.000000000000000000, -9.000000000000001776 ) ) ;
#5134 = VERTEX_POINT ( 'NONE', #6728 ) ;
#5135 = CARTESIAN_POINT ( 'NONE',  ( -17.50000000000000000, 0.4999999999999995559, 10.50000000000000000 ) ) ;
#5136 = CARTESIAN_POINT ( 'NONE',  ( 13.99999999999999822, 7.500000000000000000, -0.2499999999999993616 ) ) ;
#5137 = VECTOR ( 'NONE', #7031, 1000.000000000000000 ) ;
#5138 = DIRECTION ( 'NONE',  ( 0.000000000000000000, 1.000000000000000000, 0.000000000000000000 ) ) ;
#5139 = EDGE_LOOP ( 'NONE', ( #5205, #12, #7384, #2179 ) ) ;
#5140 = AXIS2_PLACEMENT_3D ( 'NONE', #7219, #7863, #2372 ) ;
#5141 = LINE ( 'NONE', #1558, #2899 ) ;
#5142 = DIRECTION ( 'NONE',  ( 1.000000000000000000, 0.000000000000000000, 0.000000000000000000 ) ) ;
#5143 = DIRECTION ( 'NONE',  ( 0.000000000000000000, 0.000000000000000000, -1.000000000000000000 ) ) ;
#5144 = ADVANCED_FACE ( 'NONE', ( #3730 ), #4245, .F. ) ;
#5145 = CARTESIAN_POINT ( 'NONE',  ( -1.849999999999999645, 2.000000000000000000, 0.1000000000000000056 ) ) ;
#5146 = ORIENTED_EDGE ( 'NONE', *, *, #4180, .T. ) ;
#5147 = ADVANCED_FACE ( 'NONE', ( #3040 ), #3684, .T. ) ;
#5148 = ORIENTED_EDGE ( 'NONE', *, *, #3037, .T. ) ;
#5149 = DIRECTION ( 'NONE',  ( 2.168404344971008868E-16, -1.000000000000000000, 0.000000000000000000 ) ) ;
#5150 = PLANE ( 'NONE',  #5581 ) ;
#5151 = LINE ( 'NONE', #1077, #624 ) ;
#5152 = EDGE_CURVE ( 'NONE', #6540, #1866, #1382, .T. ) ;
#5153 = CARTESIAN_POINT ( 'NONE',  ( 17.50000000000000355, 7.500000000000000000, -9.000000000000000000 ) ) ;
#5154 = PRODUCT_CONTEXT ( 'NONE', #725, 'mechanical' ) ;
#5155 = ORIENTED_EDGE ( 'NONE', *, *, #2901, .T. ) ;
#5156 = ORIENTED_EDGE ( 'NONE', *, *, #4154, .T. ) ;
#5157 = ADVANCED_FACE ( 'NONE', ( #43 ), #3081, .F. ) ;
#5158 = CARTESIAN_POINT ( 'NONE',  ( 0.4299999999999997158, 3.069999999999998508, -0.5000000000000000000 ) ) ;
#5159 = ORIENTED_EDGE ( 'NONE', *, *, #3918, .F. ) ;
#5160 = LINE ( 'NONE', #4564, #724 ) ;
#5161 = CARTESIAN_POINT ( 'NONE',  ( 1.850000000000000311, 2.000000000000000000, 0.1000000000000000056 ) ) ;
#5162 = ORIENTED_EDGE ( 'NONE', *, *, #840, .F. ) ;
#5163 = LINE ( 'NONE', #861, #7488 ) ;
#5164 = CARTESIAN_POINT ( 'NONE',  ( 6.769999999999996909, 3.500000000000000888, 0.000000000000000000 ) ) ;
#5165 = VERTEX_POINT ( 'NONE', #1407 ) ;
#5166 = EDGE_LOOP ( 'NONE', ( #452, #366, #4607, #3565 ) ) ;
#5167 = DIRECTION ( 'NONE',  ( 0.000000000000000000, 0.000000000000000000, 1.000000000000000000 ) ) ;
#5168 = ORIENTED_EDGE ( 'NONE', *, *, #4942, .T. ) ;
#5169 = DIRECTION ( 'NONE',  ( -0.000000000000000000, 0.000000000000000000, 1.000000000000000000 ) ) ;
#5170 = LINE ( 'NONE', #4539, #6884 ) ;
#5171 = DIRECTION ( 'NONE',  ( -0.000000000000000000, -0.000000000000000000, -1.000000000000000000 ) ) ;
#5172 = VERTEX_POINT ( 'NONE', #4955 ) ;
#5173 = AXIS2_PLACEMENT_3D ( 'NONE', #4925, #7380, #325 ) ;
#5174 = DIRECTION ( 'NONE',  ( 0.000000000000000000, 0.000000000000000000, 1.000000000000000000 ) ) ;
#5175 = CARTESIAN_POINT ( 'NONE',  ( -9.500000000000001776, 0.4999999999999995559, 9.500000000000000000 ) ) ;
#5176 = EDGE_LOOP ( 'NONE', ( #4527, #2345, #4370, #4340 ) ) ;
#5177 = CARTESIAN_POINT ( 'NONE',  ( -6.800000000000001599, 3.299999999999999822, -1.399999999999999911 ) ) ;
#5178 = EDGE_CURVE ( 'NONE', #7576, #5682, #3422, .T. ) ;
#5179 = ORIENTED_EDGE ( 'NONE', *, *, #6017, .F. ) ;
#5180 = EDGE_CURVE ( 'NONE', #4214, #7861, #7901, .T. ) ;
#5181 = ORIENTED_EDGE ( 'NONE', *, *, #84, .F. ) ;
#5182 = DIRECTION ( 'NONE',  ( 0.000000000000000000, 0.000000000000000000, 1.000000000000000000 ) ) ;
#5183 = DIRECTION ( 'NONE',  ( 1.826024711554533913E-16, 0.000000000000000000, 1.000000000000000000 ) ) ;
#5184 = VECTOR ( 'NONE', #1319, 1000.000000000000000 ) ;
#5185 = CARTESIAN_POINT ( 'NONE',  ( 13.99999999999999822, 0.4999999999999995559, -0.2499999999999997780 ) ) ;
#5186 = DIRECTION ( 'NONE',  ( 1.239088197126290817E-16, -1.000000000000000000, 0.000000000000000000 ) ) ;
#5187 = CARTESIAN_POINT ( 'NONE',  ( 13.99999999999999822, 0.000000000000000000, -1.749999999999998890 ) ) ;
#5188 = CARTESIAN_POINT ( 'NONE',  ( 13.84204991480762637, 7.721246826229637428, 10.02470389302588494 ) ) ;
#5189 = ORIENTED_EDGE ( 'NONE', *, *, #5809, .F. ) ;
#5190 = DIRECTION ( 'NONE',  ( -1.000000000000000000, -0.000000000000000000, -4.956352788505166226E-16 ) ) ;
#5191 = AXIS2_PLACEMENT_3D ( 'NONE', #6151, #4355, #1992 ) ;
#5192 = EDGE_CURVE ( 'NONE', #5949, #2930, #242, .T. ) ;
#5193 = VERTEX_POINT ( 'NONE', #78 ) ;
#5194 = EDGE_CURVE ( 'NONE', #7383, #4090, #6846, .T. ) ;
#5195 = DIRECTION ( 'NONE',  ( -2.825282534164181327E-16, -1.000000000000000000, 0.000000000000000000 ) ) ;
#5196 = CARTESIAN_POINT ( 'NONE',  ( 16.00000000000000000, 0.000000000000000000, 1.750000000000000666 ) ) ;
#5197 = VERTEX_POINT ( 'NONE', #2634 ) ;
#5198 = CYLINDRICAL_SURFACE ( 'NONE', #4026, 1.499999999999999556 ) ;
#5199 = VECTOR ( 'NONE', #4283, 1000.000000000000000 ) ;
#5200 = UNCERTAINTY_MEASURE_WITH_UNIT (LENGTH_MEASURE( 1.000000000000000082E-05 ), #1412, 'distance_accuracy_value', 'NONE');
#5201 = EDGE_CURVE ( 'NONE', #2578, #7396, #1928, .T. ) ;
#5202 = ADVANCED_FACE ( 'NONE', ( #2558, #4443, #7572 ), #6241, .T. ) ;
#5203 = LINE ( 'NONE', #4612, #2316 ) ;
#5204 = ORIENTED_EDGE ( 'NONE', *, *, #3498, .T. ) ;
#5205 = ORIENTED_EDGE ( 'NONE', *, *, #4942, .F. ) ;
#5206 = AXIS2_PLACEMENT_3D ( 'NONE', #1641, #2748, #999 ) ;
#5207 = VECTOR ( 'NONE', #434, 1000.000000000000000 ) ;
#5208 = DIRECTION ( 'NONE',  ( 0.000000000000000000, 1.000000000000000000, 0.000000000000000000 ) ) ;
#5209 = AXIS2_PLACEMENT_3D ( 'NONE', #6665, #1177, #1216 ) ;
#5210 = APPLICATION_CONTEXT ( 'automotive_design' ) ;
#5211 = ORIENTED_EDGE ( 'NONE', *, *, #199, .F. ) ;
#5212 = CARTESIAN_POINT ( 'NONE',  ( -5.549999999999999822, 0.000000000000000000, 0.000000000000000000 ) ) ;
#5213 = DIRECTION ( 'NONE',  ( -1.412641267082090664E-16, -0.000000000000000000, -1.000000000000000000 ) ) ;
#5214 = COLOUR_RGB ( '',0.7921568627450980005, 0.8196078431372548767, 0.9333333333333333481 ) ;
#5215 = CARTESIAN_POINT ( 'NONE',  ( -9.250000000000001776, 3.249999999999999556, 0.5000000000000000000 ) ) ;
#5216 = CIRCLE ( 'NONE', #1631, 0.4999999999999995559 ) ;
#5217 = ADVANCED_FACE ( 'NONE', ( #2080 ), #4993, .T. ) ;
#5218 = EDGE_LOOP ( 'NONE', ( #2508, #910, #3041, #6627 ) ) ;
#5219 = VECTOR ( 'NONE', #217, 1000.000000000000000 ) ;
#5220 = LINE ( 'NONE', #7680, #5067 ) ;
#5221 = DIRECTION ( 'NONE',  ( 9.251858538542973800E-15, 0.000000000000000000, 1.000000000000000000 ) ) ;
#5222 = FILL_AREA_STYLE ('',( #7633 ) ) ;
#5223 = DIRECTION ( 'NONE',  ( 1.000000000000000000, -0.000000000000000000, 0.000000000000000000 ) ) ;
#5224 = AXIS2_PLACEMENT_3D ( 'NONE', #321, #4123, #3489 ) ;
#5225 = ORIENTED_EDGE ( 'NONE', *, *, #5348, .F. ) ;
#5226 = EDGE_CURVE ( 'NONE', #1213, #6410, #4365, .T. ) ;
#5227 = ORIENTED_EDGE ( 'NONE', *, *, #5993, .T. ) ;
#5228 = DIRECTION ( 'NONE',  ( 0.000000000000000000, 0.000000000000000000, 1.000000000000000000 ) ) ;
#5229 = FACE_OUTER_BOUND ( 'NONE', #1577, .T. ) ;
#5230 = CYLINDRICAL_SURFACE ( 'NONE', #883, 0.4999999999999997780 ) ;
#5231 = DIRECTION ( 'NONE',  ( -0.000000000000000000, -1.000000000000000000, 0.000000000000000000 ) ) ;
#5232 = AXIS2_PLACEMENT_3D ( 'NONE', #7040, #3438, #5182 ) ;
#5233 = CARTESIAN_POINT ( 'NONE',  ( 3.700000000000000178, 0.000000000000000000, 0.000000000000000000 ) ) ;
#5234 = PRODUCT_CONTEXT ( 'NONE', #1798, 'mechanical' ) ;
#5235 = VERTEX_POINT ( 'NONE', #3285 ) ;
#5236 = CARTESIAN_POINT ( 'NONE',  ( -17.50000000000000000, 7.500000000000000000, 1.500000000000001332 ) ) ;
#5237 = ORIENTED_EDGE ( 'NONE', *, *, #840, .T. ) ;
#5238 = FACE_OUTER_BOUND ( 'NONE', #1562, .T. ) ;
#5239 = CARTESIAN_POINT ( 'NONE',  ( -5.000000000000000000, 2.799999999999999822, 0.000000000000000000 ) ) ;
#5240 = ORIENTED_EDGE ( 'NONE', *, *, #4522, .T. ) ;
#5241 = CARTESIAN_POINT ( 'NONE',  ( 13.24999999999999822, 0.5000000000000004441, -0.9999999999999995559 ) ) ;
#5242 = EDGE_CURVE ( 'NONE', #2019, #2902, #811, .T. ) ;
#5243 = DIRECTION ( 'NONE',  ( -0.000000000000000000, -0.000000000000000000, -1.000000000000000000 ) ) ;
#5244 = ORIENTED_EDGE ( 'NONE', *, *, #7202, .F. ) ;
#5245 = VERTEX_POINT ( 'NONE', #5706 ) ;
#5246 = EDGE_CURVE ( 'NONE', #7396, #3528, #3767, .T. ) ;
#5247 = ORIENTED_EDGE ( 'NONE', *, *, #3675, .T. ) ;
#5248 = CARTESIAN_POINT ( 'NONE',  ( 16.75000000000000000, 0.5000000000000004441, -4.000000000000000000 ) ) ;
#5249 = EDGE_CURVE ( 'NONE', #6735, #128, #7485, .T. ) ;
#5250 = FACE_OUTER_BOUND ( 'NONE', #345, .T. ) ;
#5251 = VERTEX_POINT ( 'NONE', #1481 ) ;
#5252 = AXIS2_PLACEMENT_3D ( 'NONE', #175, #4971, #5559 ) ;
#5253 = EDGE_LOOP ( 'NONE', ( #7467, #3450 ) ) ;
#5254 = CARTESIAN_POINT ( 'NONE',  ( -17.50000000000000000, 0.4999999999999995559, 1.500000000000001332 ) ) ;
#5255 = DIRECTION ( 'NONE',  ( 0.000000000000000000, -1.000000000000000000, 0.000000000000000000 ) ) ;
#5256 = DIRECTION ( 'NONE',  ( 1.000000000000000000, 0.000000000000000000, 0.000000000000000000 ) ) ;
#5257 = DIRECTION ( 'NONE',  ( -1.000000000000000000, 0.000000000000000000, 0.000000000000000000 ) ) ;
#5258 = AXIS2_PLACEMENT_3D ( 'NONE', #6563, #3517, #4782 ) ;
#5259 = CARTESIAN_POINT ( 'NONE',  ( 15.50000000000000178, 0.000000000000000000, -6.050000000000000711 ) ) ;
#5260 = AXIS2_PLACEMENT_3D ( 'NONE', #3010, #6742, #1855 ) ;
#5261 = EDGE_LOOP ( 'NONE', ( #1914, #3166, #5387, #789 ) ) ;
#5262 = ORIENTED_EDGE ( 'NONE', *, *, #150, .F. ) ;
#5263 = CARTESIAN_POINT ( 'NONE',  ( 15.50000000000000178, 0.000000000000000000, -3.799999999999999822 ) ) ;
#5264 = CARTESIAN_POINT ( 'NONE',  ( -9.500000000000001776, 3.499999999999999556, -18.50000000000000000 ) ) ;
#5265 = CARTESIAN_POINT ( 'NONE',  ( 15.50000000000000178, 0.000000000000000000, 3.249999999999998668 ) ) ;
#5266 = LINE ( 'NONE', #1681, #3939 ) ;
#5267 = CARTESIAN_POINT ( 'NONE',  ( 9.000000000000000000, 6.000000000000000000, -9.000000000000001776 ) ) ;
#5268 = CARTESIAN_POINT ( 'NONE',  ( 0.4300000000000014366, 0.1750000000000000167, -3.069999999999999840 ) ) ;
#5269 = CONTEXT_DEPENDENT_SHAPE_REPRESENTATION ( #1391, #2689 ) ;
#5270 = ORIENTED_EDGE ( 'NONE', *, *, #6577, .T. ) ;
#5271 = DIRECTION ( 'NONE',  ( 1.000000000000000000, 0.000000000000000000, 0.000000000000000000 ) ) ;
#5272 = ORIENTED_EDGE ( 'NONE', *, *, #6295, .T. ) ;
#5273 = CARTESIAN_POINT ( 'NONE',  ( -9.250000000000001776, 0.000000000000000000, 0.5000000000000000000 ) ) ;
#5274 = LINE ( 'NONE', #5921, #1897 ) ;
#5275 = ORIENTED_EDGE ( 'NONE', *, *, #6827, .F. ) ;
#5276 = FACE_OUTER_BOUND ( 'NONE', #1719, .T. ) ;
#5277 = EDGE_CURVE ( 'NONE', #2724, #3375, #3161, .T. ) ;
#5278 = CARTESIAN_POINT ( 'NONE',  ( -9.000000000000007105, 7.500000000000000000, -10.50000000000000000 ) ) ;
#5279 = ORIENTED_EDGE ( 'NONE', *, *, #241, .F. ) ;
#5280 = ORIENTED_EDGE ( 'NONE', *, *, #2581, .T. ) ;
#5281 = LINE ( 'NONE', #3978, #899 ) ;
#5282 = ADVANCED_FACE ( 'NONE', ( #888 ), #3808, .F. ) ;
#5283 = VERTEX_POINT ( 'NONE', #3209 ) ;
#5284 = CARTESIAN_POINT ( 'NONE',  ( 15.49999999999999822, 7.500000000000000000, 1.750000000000000666 ) ) ;
#5285 = FACE_OUTER_BOUND ( 'NONE', #3657, .T. ) ;
#5286 = ORIENTED_EDGE ( 'NONE', *, *, #7362, .T. ) ;
#5287 = FACE_OUTER_BOUND ( 'NONE', #2339, .T. ) ;
#5288 = EDGE_CURVE ( 'NONE', #7021, #2263, #5628, .T. ) ;
#5289 = LINE ( 'NONE', #6585, #2409 ) ;
#5290 = SURFACE_SIDE_STYLE ('',( #2303 ) ) ;
#5291 = PLANE ( 'NONE',  #3830 ) ;
#5292 = UNCERTAINTY_MEASURE_WITH_UNIT (LENGTH_MEASURE( 1.000000000000000082E-05 ), #7071, 'distance_accuracy_value', 'NONE');
#5293 = FACE_OUTER_BOUND ( 'NONE', #137, .T. ) ;
#5294 = VECTOR ( 'NONE', #2207, 1000.000000000000000 ) ;
#5295 = ORIENTED_EDGE ( 'NONE', *, *, #6114, .T. ) ;
#5296 = ORIENTED_EDGE ( 'NONE', *, *, #5246, .F. ) ;
#5297 = CARTESIAN_POINT ( 'NONE',  ( -6.770000000000002238, -3.249999999999999556, 0.2500000000000000000 ) ) ;
#5298 = CARTESIAN_POINT ( 'NONE',  ( -6.050000000000000711, 0.000000000000000000, 0.000000000000000000 ) ) ;
#5299 = FACE_OUTER_BOUND ( 'NONE', #1298, .T. ) ;
#5300 = DIRECTION ( 'NONE',  ( -1.000000000000000000, -7.063206335410453318E-17, 0.000000000000000000 ) ) ;
#5301 = AXIS2_PLACEMENT_3D ( 'NONE', #1612, #4045, #5837 ) ;
#5302 = DIRECTION ( 'NONE',  ( -0.000000000000000000, 1.000000000000000000, -0.000000000000000000 ) ) ;
#5303 = DIRECTION ( 'NONE',  ( 0.000000000000000000, 1.000000000000000000, 0.000000000000000000 ) ) ;
#5304 = APPLICATION_PROTOCOL_DEFINITION ( 'draft international standard', 'automotive_design', 1998, #5210 ) ;
#5305 =( GEOMETRIC_REPRESENTATION_CONTEXT ( 3 ) GLOBAL_UNCERTAINTY_ASSIGNED_CONTEXT ( ( #2175 ) ) GLOBAL_UNIT_ASSIGNED_CONTEXT ( ( #7295, #4408, #6733 ) ) REPRESENTATION_CONTEXT ( 'NONE', 'WORKASPACE' ) );
#5306 = ORIENTED_EDGE ( 'NONE', *, *, #7595, .T. ) ;
#5307 = AXIS2_PLACEMENT_3D ( 'NONE', #842, #7564, #6956 ) ;
#5308 = CARTESIAN_POINT ( 'NONE',  ( -5.549999999999999822, -2.000000000000000000, 0.1000000000000000056 ) ) ;
#5309 = ORIENTED_EDGE ( 'NONE', *, *, #1835, .T. ) ;
#5310 = CARTESIAN_POINT ( 'NONE',  ( -7.864218330839943150, 7.500000000000000000, 11.00000000000000000 ) ) ;
#5311 = LINE ( 'NONE', #5356, #6754 ) ;
#5312 = ORIENTED_EDGE ( 'NONE', *, *, #457, .T. ) ;
#5313 = LINE ( 'NONE', #7740, #3140 ) ;
#5314 = EDGE_LOOP ( 'NONE', ( #3495, #93, #4662, #4270 ) ) ;
#5315 = ORIENTED_EDGE ( 'NONE', *, *, #2751, .T. ) ;
#5316 = DIRECTION ( 'NONE',  ( 0.000000000000000000, 0.000000000000000000, -1.000000000000000000 ) ) ;
#5317 = CLOSED_SHELL ( 'NONE', ( #4170, #1595, #4279, #2652, #5343, #7914, #2610, #7903, #6367, #5908, #713, #6309, #749, #1500, #3641, #3780, #1940, #700, #2918, #3794, #4133, #5637, #982, #1664, #2565, #953, #6611, #2950, #1589, #5035, #5825, #6324, #7017, #1251, #4864, #3885, #2891, #4058, #4098, #2094 ) ) ;
#5318 = EDGE_CURVE ( 'NONE', #448, #2753, #3856, .T. ) ;
#5319 = ORIENTED_EDGE ( 'NONE', *, *, #834, .T. ) ;
#5320 = CIRCLE ( 'NONE', #3545, 0.5000000000000004441 ) ;
#5321 = DIRECTION ( 'NONE',  ( -0.000000000000000000, 1.000000000000000000, -0.000000000000000000 ) ) ;
#5322 = ADVANCED_FACE ( 'NONE', ( #5665 ), #959, .F. ) ;
#5323 = CIRCLE ( 'NONE', #7133, 0.8000000000000003775 ) ;
#5324 = PLANE ( 'NONE',  #5140 ) ;
#5325 = EDGE_LOOP ( 'NONE', ( #1341, #6933, #4731, #1175 ) ) ;
#5326 = AXIS2_PLACEMENT_3D ( 'NONE', #6694, #1207, #604 ) ;
#5327 = CIRCLE ( 'NONE', #6366, 1.499999999999999556 ) ;
#5328 = DIRECTION ( 'NONE',  ( 0.000000000000000000, 0.000000000000000000, 1.000000000000000000 ) ) ;
#5329 = CARTESIAN_POINT ( 'NONE',  ( 9.000000000000000000, 0.000000000000000000, -9.000000000000001776 ) ) ;
#5330 = FACE_OUTER_BOUND ( 'NONE', #7620, .T. ) ;
#5331 = CIRCLE ( 'NONE', #1901, 1.500000000000000000 ) ;
#5332 = LINE ( 'NONE', #4104, #7917 ) ;
#5333 = AXIS2_PLACEMENT_3D ( 'NONE', #1713, #2948, #3553 ) ;
#5334 = CIRCLE ( 'NONE', #1263, 1.050000000000000266 ) ;
#5335 = CARTESIAN_POINT ( 'NONE',  ( -0.4299999999999999378, 0.7500000000000000000, -3.069999999999999396 ) ) ;
#5336 = EDGE_CURVE ( 'NONE', #5172, #3718, #5723, .T. ) ;
#5337 = VECTOR ( 'NONE', #6021, 1000.000000000000000 ) ;
#5338 = ORIENTED_EDGE ( 'NONE', *, *, #7490, .T. ) ;
#5339 = VECTOR ( 'NONE', #3720, 1000.000000000000000 ) ;
#5340 = VERTEX_POINT ( 'NONE', #7643 ) ;
#5341 = DIRECTION ( 'NONE',  ( 0.000000000000000000, -1.000000000000000000, 0.000000000000000000 ) ) ;
#5342 = CARTESIAN_POINT ( 'NONE',  ( 14.75000000000000000, 7.500000000000000000, 2.500000000000001332 ) ) ;
#5343 = ADVANCED_FACE ( 'NONE', ( #6523 ), #5150, .T. ) ;
#5344 = DIRECTION ( 'NONE',  ( -0.000000000000000000, -0.000000000000000000, -1.000000000000000000 ) ) ;
#5345 = DIRECTION ( 'NONE',  ( -0.000000000000000000, 1.000000000000000000, -0.000000000000000000 ) ) ;
#5346 = DIRECTION ( 'NONE',  ( 1.000000000000000000, 0.000000000000000000, 0.000000000000000000 ) ) ;
#5347 = VECTOR ( 'NONE', #6292, 1000.000000000000000 ) ;
#5348 = EDGE_CURVE ( 'NONE', #1453, #6915, #4191, .T. ) ;
#5349 = CYLINDRICAL_SURFACE ( 'NONE', #4376, 0.5000000000000000000 ) ;
#5350 = APPLICATION_PROTOCOL_DEFINITION ( 'draft international standard', 'automotive_design', 1998, #3587 ) ;
#5351 = ORIENTED_EDGE ( 'NONE', *, *, #1057, .T. ) ;
#5352 = CARTESIAN_POINT ( 'NONE',  ( -3.700000000000000178, 2.000000000000000000, 0.000000000000000000 ) ) ;
#5353 = VERTEX_POINT ( 'NONE', #2116 ) ;
#5354 = DIRECTION ( 'NONE',  ( -0.000000000000000000, 0.000000000000000000, -1.000000000000000000 ) ) ;
#5355 = AXIS2_PLACEMENT_3D ( 'NONE', #6039, #7366, #565 ) ;
#5356 = CARTESIAN_POINT ( 'NONE',  ( -6.000000000000000000, 2.799999999999999822, 0.1000000000000000056 ) ) ;
#5357 = ORIENTED_EDGE ( 'NONE', *, *, #2419, .T. ) ;
#5358 = CARTESIAN_POINT ( 'NONE',  ( 10.99999999999999467, 7.500000000000000000, -7.864218330839934268 ) ) ;
#5359 =( REPRESENTATION_RELATIONSHIP ('NONE','NONE', #6546, #5709 ) REPRESENTATION_RELATIONSHIP_WITH_TRANSFORMATION ( #4718 )SHAPE_REPRESENTATION_RELATIONSHIP( ) );
#5360 =( NAMED_UNIT ( * ) PLANE_ANGLE_UNIT ( ) SI_UNIT ( $, .RADIAN. ) );
#5361 = ORIENTED_EDGE ( 'NONE', *, *, #4734, .F. ) ;
#5362 = ORIENTED_EDGE ( 'NONE', *, *, #2082, .T. ) ;
#5363 = FACE_OUTER_BOUND ( 'NONE', #7709, .T. ) ;
#5364 = ORIENTED_EDGE ( 'NONE', *, *, #7507, .F. ) ;
#5365 = CYLINDRICAL_SURFACE ( 'NONE', #3686, 0.8000000000000003775 ) ;
#5366 = CARTESIAN_POINT ( 'NONE',  ( 7.864218330839943150, 7.500000000000000000, -11.00000000000000000 ) ) ;
#5367 = VERTEX_POINT ( 'NONE', #1640 ) ;
#5368 = FACE_BOUND ( 'NONE', #5429, .T. ) ;
#5369 = CARTESIAN_POINT ( 'NONE',  ( 3.700000000000000178, 0.000000000000000000, 0.1000000000000000056 ) ) ;
#5370 = SURFACE_STYLE_USAGE ( .BOTH. , #5290 ) ;
#5371 = DIRECTION ( 'NONE',  ( 0.000000000000000000, 1.000000000000000000, 0.000000000000000000 ) ) ;
#5372 = DIRECTION ( 'NONE',  ( -0.000000000000000000, -0.000000000000000000, -1.000000000000000000 ) ) ;
#5373 = VECTOR ( 'NONE', #6862, 1000.000000000000000 ) ;
#5374 = VERTEX_POINT ( 'NONE', #5185 ) ;
#5375 = ORIENTED_EDGE ( 'NONE', *, *, #521, .T. ) ;
#5376 = VECTOR ( 'NONE', #7731, 1000.000000000000000 ) ;
#5377 = DIRECTION ( 'NONE',  ( 0.000000000000000000, 0.000000000000000000, 1.000000000000000000 ) ) ;
#5378 = DIRECTION ( 'NONE',  ( 2.312964634635742661E-15, 0.000000000000000000, -1.000000000000000000 ) ) ;
#5379 = EDGE_CURVE ( 'NONE', #6105, #4673, #4555, .T. ) ;
#5380 = CARTESIAN_POINT ( 'NONE',  ( 9.499999999999998224, 3.499999999999999556, 0.2500000000000002220 ) ) ;
#5381 = CARTESIAN_POINT ( 'NONE',  ( -6.569999999999999396, 0.1750000000000000167, 3.070000000000000284 ) ) ;
#5382 = CARTESIAN_POINT ( 'NONE',  ( 9.000000000000000000, 2.999999999999999556, -18.00000000000000000 ) ) ;
#5383 = DIRECTION ( 'NONE',  ( 1.000000000000000000, 0.000000000000000000, 0.000000000000000000 ) ) ;
#5384 = AXIS2_PLACEMENT_3D ( 'NONE', #4691, #5894, #4056 ) ;
#5385 = EDGE_CURVE ( 'NONE', #2365, #6988, #2747, .T. ) ;
#5386 = PRODUCT_CONTEXT ( 'NONE', #2349, 'mechanical' ) ;
#5387 = ORIENTED_EDGE ( 'NONE', *, *, #4422, .F. ) ;
#5388 = FACE_OUTER_BOUND ( 'NONE', #3608, .T. ) ;
#5389 = ORIENTED_EDGE ( 'NONE', *, *, #1794, .T. ) ;
#5390 = CARTESIAN_POINT ( 'NONE',  ( 0.4299999999999997158, 3.069999999999998508, -1.074999999999999956 ) ) ;
#5391 = EDGE_CURVE ( 'NONE', #591, #5766, #5822, .T. ) ;
#5392 = DIRECTION ( 'NONE',  ( 0.000000000000000000, 0.000000000000000000, 1.000000000000000000 ) ) ;
#5393 = LINE ( 'NONE', #5426, #1507 ) ;
#5394 = CARTESIAN_POINT ( 'NONE',  ( -9.000000000000000000, -3.000000000000000444, -18.00000000000000000 ) ) ;
#5395 = VERTEX_POINT ( 'NONE', #2161 ) ;
#5396 = VERTEX_POINT ( 'NONE', #4599 ) ;
#5397 = ORIENTED_EDGE ( 'NONE', *, *, #4387, .T. ) ;
#5398 = CARTESIAN_POINT ( 'NONE',  ( 9.000000000000000000, 0.4999999999999995559, 9.000000000000000000 ) ) ;
#5399 = DIRECTION ( 'NONE',  ( -1.000000000000000000, 0.000000000000000000, 0.000000000000000000 ) ) ;
#5400 = ORIENTED_EDGE ( 'NONE', *, *, #124, .F. ) ;
#5401 = LINE ( 'NONE', #2334, #882 ) ;
#5402 = EDGE_CURVE ( 'NONE', #3726, #2012, #4712, .T. ) ;
#5403 = EDGE_CURVE ( 'NONE', #6452, #778, #7728, .T. ) ;
#5404 = CARTESIAN_POINT ( 'NONE',  ( -6.770000000000003126, 3.249999999999999556, 0.2500000000000000000 ) ) ;
#5405 = ORIENTED_EDGE ( 'NONE', *, *, #370, .T. ) ;
#5406 = EDGE_LOOP ( 'NONE', ( #7454, #6614, #3910, #704 ) ) ;
#5407 = DIRECTION ( 'NONE',  ( 0.000000000000000000, 0.000000000000000000, -1.000000000000000000 ) ) ;
#5408 = CYLINDRICAL_SURFACE ( 'NONE', #2646, 0.5000000000000000000 ) ;
#5409 = CARTESIAN_POINT ( 'NONE',  ( 9.249999999999998224, 3.249999999999999556, -18.25000000000000000 ) ) ;
#5410 = DIRECTION ( 'NONE',  ( -0.000000000000000000, -1.000000000000000000, -0.000000000000000000 ) ) ;
#5411 = ORIENTED_EDGE ( 'NONE', *, *, #4732, .F. ) ;
#5412 = ORIENTED_EDGE ( 'NONE', *, *, #2942, .T. ) ;
#5413 = DIRECTION ( 'NONE',  ( 1.239088197126290817E-16, -1.000000000000000000, 0.000000000000000000 ) ) ;
#5414 = DIRECTION ( 'NONE',  ( 0.000000000000000000, 0.000000000000000000, 1.000000000000000000 ) ) ;
#5415 = ADVANCED_FACE ( 'NONE', ( #2791 ), #5230, .T. ) ;
#5416 = DIRECTION ( 'NONE',  ( 0.000000000000000000, 0.000000000000000000, 1.000000000000000000 ) ) ;
#5417 = CARTESIAN_POINT ( 'NONE',  ( 3.700000000000000178, -2.000000000000000000, 0.1000000000000000056 ) ) ;
#5418 = LINE ( 'NONE', #1603, #4117 ) ;
#5419 = CONTEXT_DEPENDENT_SHAPE_REPRESENTATION ( #2752, #1923 ) ;
#5420 = ORIENTED_EDGE ( 'NONE', *, *, #447, .F. ) ;
#5421 = DIRECTION ( 'NONE',  ( 1.826024711554533913E-16, 0.000000000000000000, 1.000000000000000000 ) ) ;
#5422 = VERTEX_POINT ( 'NONE', #5265 ) ;
#5423 = FACE_OUTER_BOUND ( 'NONE', #7662, .T. ) ;
#5424 = CIRCLE ( 'NONE', #3398, 1.500000000000000000 ) ;
#5425 = DIRECTION ( 'NONE',  ( -0.000000000000000000, -0.000000000000000000, -1.000000000000000000 ) ) ;
#5426 = CARTESIAN_POINT ( 'NONE',  ( -10.50000000000000533, 0.000000000000000000, 10.50000000000000355 ) ) ;
#5427 = DIRECTION ( 'NONE',  ( 0.000000000000000000, 0.000000000000000000, -1.000000000000000000 ) ) ;
#5428 = AXIS2_PLACEMENT_3D ( 'NONE', #3890, #6322, #7162 ) ;
#5429 = EDGE_LOOP ( 'NONE', ( #107, #1817 ) ) ;
#5430 = EDGE_CURVE ( 'NONE', #7343, #1061, #7134, .T. ) ;
#5431 = EDGE_CURVE ( 'NONE', #4028, #7255, #4701, .T. ) ;
#5432 = VERTEX_POINT ( 'NONE', #4631 ) ;
#5433 = ORIENTED_EDGE ( 'NONE', *, *, #5887, .T. ) ;
#5434 = DIRECTION ( 'NONE',  ( 0.000000000000000000, 0.000000000000000000, -1.000000000000000000 ) ) ;
#5435 = CARTESIAN_POINT ( 'NONE',  ( -9.000000000000000000, 2.999999999999999556, -18.00000000000000000 ) ) ;
#5436 = ORIENTED_EDGE ( 'NONE', *, *, #6495, .F. ) ;
#5437 = VECTOR ( 'NONE', #6315, 1000.000000000000000 ) ;
#5438 = EDGE_CURVE ( 'NONE', #7216, #30, #1600, .T. ) ;
#5439 = LINE ( 'NONE', #2414, #1225 ) ;
#5440 = UNCERTAINTY_MEASURE_WITH_UNIT (LENGTH_MEASURE( 1.000000000000000082E-05 ), #1055, 'distance_accuracy_value', 'NONE');
#5441 = CARTESIAN_POINT ( 'NONE',  ( 16.00000000000000000, 0.000000000000000000, -10.50000000000000355 ) ) ;
#5442 = ORIENTED_EDGE ( 'NONE', *, *, #7507, .T. ) ;
#5443 = EDGE_CURVE ( 'NONE', #5036, #6410, #5869, .T. ) ;
#5444 = ORIENTED_EDGE ( 'NONE', *, *, #6392, .T. ) ;
#5445 = AXIS2_PLACEMENT_3D ( 'NONE', #5125, #6372, #3822 ) ;
#5446 = DIRECTION ( 'NONE',  ( 0.000000000000000000, 0.000000000000000000, -1.000000000000000000 ) ) ;
#5447 = CARTESIAN_POINT ( 'NONE',  ( -6.570000000000002061, 3.070000000000000284, -0.5000000000000000000 ) ) ;
#5448 = DIRECTION ( 'NONE',  ( -0.000000000000000000, 1.000000000000000000, -0.000000000000000000 ) ) ;
#5449 = CLOSED_SHELL ( 'NONE', ( #2957, #775, #3991, #1266, #5202, #1348, #6880, #6885, #3793, #2999, #7105, #4802, #3693, #6580, #3196, #3262 ) ) ;
#5450 = FACE_OUTER_BOUND ( 'NONE', #6744, .T. ) ;
#5451 = AXIS2_PLACEMENT_3D ( 'NONE', #7170, #6569, #4726 ) ;
#5452 = AXIS2_PLACEMENT_3D ( 'NONE', #5177, #2192, #7072 ) ;
#5453 = EDGE_LOOP ( 'NONE', ( #2963, #3038, #5400, #5064 ) ) ;
#5454 = CIRCLE ( 'NONE', #6752, 1.049999999999998934 ) ;
#5455 = VERTEX_POINT ( 'NONE', #5751 ) ;
#5456 = VECTOR ( 'NONE', #7160, 1000.000000000000000 ) ;
#5457 = DIRECTION ( 'NONE',  ( 1.000000000000000000, 2.168404344971008868E-16, -0.000000000000000000 ) ) ;
#5458 = LINE ( 'NONE', #3797, #4458 ) ;
#5459 = AXIS2_PLACEMENT_3D ( 'NONE', #7497, #7641, #88 ) ;
#5460 =( REPRESENTATION_RELATIONSHIP ('NONE','NONE', #5709, #577 ) REPRESENTATION_RELATIONSHIP_WITH_TRANSFORMATION ( #1081 )SHAPE_REPRESENTATION_RELATIONSHIP( ) );
#5461 = DIRECTION ( 'NONE',  ( -0.000000000000000000, -1.000000000000000000, -0.000000000000000000 ) ) ;
#5462 = CARTESIAN_POINT ( 'NONE',  ( 16.00000000000000000, 0.000000000000000000, 8.999999999999998224 ) ) ;
#5463 = CARTESIAN_POINT ( 'NONE',  ( 17.50000000000000000, 0.000000000000000000, 8.999999999999998224 ) ) ;
#5464 = VECTOR ( 'NONE', #2256, 1000.000000000000000 ) ;
#5465 = EDGE_CURVE ( 'NONE', #7093, #3269, #7112, .T. ) ;
#5466 = SHAPE_REPRESENTATION ( 'SiPM 2x1', ( #1102, #6467, #5691 ), #4163 ) ;
#5467 = ORIENTED_EDGE ( 'NONE', *, *, #768, .T. ) ;
#5468 = FACE_OUTER_BOUND ( 'NONE', #6849, .T. ) ;
#5469 = ORIENTED_EDGE ( 'NONE', *, *, #3563, .F. ) ;
#5470 = DIRECTION ( 'NONE',  ( -0.000000000000000000, 1.000000000000000000, -0.000000000000000000 ) ) ;
#5471 = CARTESIAN_POINT ( 'NONE',  ( 0.000000000000000000, 0.000000000000000000, -1.074999999999999956 ) ) ;
#5472 = AXIS2_PLACEMENT_3D ( 'NONE', #7625, #5169, #4538 ) ;
#5473 = ORIENTED_EDGE ( 'NONE', *, *, #2458, .F. ) ;
#5474 = VECTOR ( 'NONE', #6615, 1000.000000000000000 ) ;
#5475 = CARTESIAN_POINT ( 'NONE',  ( -6.000000000000000000, 2.799999999999999822, 0.1000000000000000056 ) ) ;
#5476 = ORIENTED_EDGE ( 'NONE', *, *, #4479, .T. ) ;
#5477 = AXIS2_PLACEMENT_3D ( 'NONE', #2799, #6369, #7578 ) ;
#5478 = EDGE_LOOP ( 'NONE', ( #6448, #5361, #4950, #7738, #5168, #6932, #6303, #3263, #430, #5014, #6250, #6844, #4448, #5295, #1168, #578, #7183, #5959, #1112, #737, #2407, #1521, #5865 ) ) ;
#5479 = VECTOR ( 'NONE', #4835, 1000.000000000000000 ) ;
#5480 = VERTEX_POINT ( 'NONE', #2867 ) ;
#5481 = DIRECTION ( 'NONE',  ( -1.084202172485504927E-16, 1.000000000000000000, -0.000000000000000000 ) ) ;
#5482 = CARTESIAN_POINT ( 'NONE',  ( -0.5000000000000000000, 0.000000000000000000, 0.1000000000000000056 ) ) ;
#5483 = ORIENTED_EDGE ( 'NONE', *, *, #792, .T. ) ;
#5484 = ADVANCED_FACE ( 'NONE', ( #5299 ), #280, .F. ) ;
#5485 = DIRECTION ( 'NONE',  ( 1.000000000000000000, 0.000000000000000000, 0.000000000000000000 ) ) ;
#5486 = VECTOR ( 'NONE', #460, 1000.000000000000000 ) ;
#5487 = CARTESIAN_POINT ( 'NONE',  ( 7.864218330839944926, 0.4999999999999995559, 9.500000000000000000 ) ) ;
#5488 = ORIENTED_EDGE ( 'NONE', *, *, #4903, .T. ) ;
#5489 = ORIENTED_EDGE ( 'NONE', *, *, #6144, .T. ) ;
#5490 = EDGE_CURVE ( 'NONE', #4797, #7305, #4148, .T. ) ;
#5491 = DIRECTION ( 'NONE',  ( 0.000000000000000000, 0.000000000000000000, 1.000000000000000000 ) ) ;
#5492 = CARTESIAN_POINT ( 'NONE',  ( 16.00000000000000000, 0.000000000000000000, 1.750000000000000666 ) ) ;
#5493 = EDGE_CURVE ( 'NONE', #4212, #5651, #4273, .T. ) ;
#5494 = CARTESIAN_POINT ( 'NONE',  ( -9.000000000000000000, 6.000000000000000000, -9.000000000000001776 ) ) ;
#5495 = DIRECTION ( 'NONE',  ( -1.000000000000000000, 0.000000000000000000, 0.000000000000000000 ) ) ;
#5496 = ORIENTED_EDGE ( 'NONE', *, *, #7607, .F. ) ;
#5497 = ORIENTED_EDGE ( 'NONE', *, *, #1649, .T. ) ;
#5498 = DIRECTION ( 'NONE',  ( -1.156482317317871331E-15, 0.000000000000000000, 1.000000000000000000 ) ) ;
#5499 = FACE_OUTER_BOUND ( 'NONE', #3464, .T. ) ;
#5500 = FACE_BOUND ( 'NONE', #3347, .T. ) ;
#5501 = DIRECTION ( 'NONE',  ( -1.000000000000000000, 0.000000000000000000, 0.000000000000000000 ) ) ;
#5502 = DIRECTION ( 'NONE',  ( 1.000000000000000000, 0.000000000000000000, 0.000000000000000000 ) ) ;
#5503 = VECTOR ( 'NONE', #3835, 1000.000000000000000 ) ;
#5504 = ORIENTED_EDGE ( 'NONE', *, *, #4956, .T. ) ;
#5505 = CARTESIAN_POINT ( 'NONE',  ( -6.569999999999999396, 0.1750000000000000167, -3.069999999999999396 ) ) ;
#5506 = ORIENTED_EDGE ( 'NONE', *, *, #2952, .F. ) ;
#5507 = LINE ( 'NONE', #5954, #2424 ) ;
#5508 = CARTESIAN_POINT ( 'NONE',  ( -16.00000000000000000, 0.4999999999999995559, 0.000000000000000000 ) ) ;
#5509 = DIRECTION ( 'NONE',  ( 0.000000000000000000, 0.000000000000000000, 1.000000000000000000 ) ) ;
#5510 = DIRECTION ( 'NONE',  ( 1.000000000000000000, 0.000000000000000000, 0.000000000000000000 ) ) ;
#5511 = AXIS2_PLACEMENT_3D ( 'NONE', #4584, #7714, #421 ) ;
#5512 = SHAPE_REPRESENTATION ( 'HEPI Housing', ( #152 ), #6416 ) ;
#5513 = ORIENTED_EDGE ( 'NONE', *, *, #2637, .T. ) ;
#5514 = ORIENTED_EDGE ( 'NONE', *, *, #6138, .T. ) ;
#5515 = VERTEX_POINT ( 'NONE', #2908 ) ;
#5516 = VECTOR ( 'NONE', #4259, 1000.000000000000000 ) ;
#5517 = DIRECTION ( 'NONE',  ( 0.000000000000000000, 0.000000000000000000, -1.000000000000000000 ) ) ;
#5518 = FACE_OUTER_BOUND ( 'NONE', #666, .T. ) ;
#5519 = ORIENTED_EDGE ( 'NONE', *, *, #4641, .F. ) ;
#5520 = ADVANCED_FACE ( 'NONE', ( #3073 ), #1234, .T. ) ;
#5521 = CARTESIAN_POINT ( 'NONE',  ( 6.769999999999996909, 3.249999999999999556, 0.5000000000000000000 ) ) ;
#5522 = CARTESIAN_POINT ( 'NONE',  ( -6.769999999999997797, 0.000000000000000000, 3.270000000000000018 ) ) ;
#5523 = VERTEX_POINT ( 'NONE', #1162 ) ;
#5524 = ORIENTED_EDGE ( 'NONE', *, *, #2737, .T. ) ;
#5525 = ADVANCED_FACE ( 'NONE', ( #596 ), #7804, .T. ) ;
#5526 = DIRECTION ( 'NONE',  ( -0.000000000000000000, 0.000000000000000000, 1.000000000000000000 ) ) ;
#5527 = DIRECTION ( 'NONE',  ( -1.826024711554533913E-16, -0.000000000000000000, -1.000000000000000000 ) ) ;
#5528 = DIRECTION ( 'NONE',  ( 0.000000000000000000, 0.000000000000000000, 1.000000000000000000 ) ) ;
#5529 = DIRECTION ( 'NONE',  ( -0.000000000000000000, 1.000000000000000000, -0.000000000000000000 ) ) ;
#5530 = DIRECTION ( 'NONE',  ( 1.000000000000000000, 0.000000000000000000, 0.000000000000000000 ) ) ;
#5531 = EDGE_CURVE ( 'NONE', #6452, #75, #2027, .T. ) ;
#5532 = EDGE_CURVE ( 'NONE', #1166, #1122, #5084, .T. ) ;
#5533 = ORIENTED_EDGE ( 'NONE', *, *, #6248, .T. ) ;
#5534 = DIRECTION ( 'NONE',  ( 1.000000000000000000, 0.000000000000000000, -0.000000000000000000 ) ) ;
#5535 = LINE ( 'NONE', #2432, #4825 ) ;
#5536 = DIRECTION ( 'NONE',  ( 1.000000000000000000, 0.000000000000000000, 0.000000000000000000 ) ) ;
#5537 = ADVANCED_FACE ( 'NONE', ( #5991 ), #34, .T. ) ;
#5538 = CARTESIAN_POINT ( 'NONE',  ( -9.250000000000001776, 3.249999999999999556, 0.2500000000000000000 ) ) ;
#5539 = DIRECTION ( 'NONE',  ( 0.000000000000000000, -1.000000000000000000, 0.000000000000000000 ) ) ;
#5540 = EDGE_LOOP ( 'NONE', ( #2089, #5519, #896, #5156 ) ) ;
#5541 = DIRECTION ( 'NONE',  ( -1.000000000000000000, 0.000000000000000000, 0.000000000000000000 ) ) ;
#5542 = EDGE_LOOP ( 'NONE', ( #6507, #260, #2373 ) ) ;
#5543 = DIRECTION ( 'NONE',  ( -0.000000000000000000, -0.000000000000000000, 1.000000000000000000 ) ) ;
#5544 = CARTESIAN_POINT ( 'NONE',  ( 5.000000000000000000, 2.800000000000001155, 0.1000000000000000056 ) ) ;
#5545 = DIRECTION ( 'NONE',  ( 0.000000000000000000, 0.000000000000000000, 1.000000000000000000 ) ) ;
#5546 = PLANE ( 'NONE',  #3276 ) ;
#5547 = DIRECTION ( 'NONE',  ( 0.000000000000000000, 0.000000000000000000, 1.000000000000000000 ) ) ;
#5548 = ORIENTED_EDGE ( 'NONE', *, *, #4484, .F. ) ;
#5549 = ORIENTED_EDGE ( 'NONE', *, *, #3449, .F. ) ;
#5550 = DIRECTION ( 'NONE',  ( 0.000000000000000000, -1.000000000000000000, 0.000000000000000000 ) ) ;
#5551 = VERTEX_POINT ( 'NONE', #5943 ) ;
#5552 = FACE_OUTER_BOUND ( 'NONE', #1323, .T. ) ;
#5553 = ADVANCED_FACE ( 'NONE', ( #3632, #5500, #6029, #2469, #7279, #6597, #7318, #2311 ), #4748, .T. ) ;
#5554 = DIRECTION ( 'NONE',  ( 0.000000000000000000, 0.000000000000000000, 1.000000000000000000 ) ) ;
#5555 = ORIENTED_EDGE ( 'NONE', *, *, #6873, .F. ) ;
#5556 = AXIS2_PLACEMENT_3D ( 'NONE', #7417, #5547, #6814 ) ;
#5557 = CARTESIAN_POINT ( 'NONE',  ( 6.000000000000000000, 2.800000000000001155, 0.1000000000000000056 ) ) ;
#5558 = VECTOR ( 'NONE', #6441, 1000.000000000000000 ) ;
#5559 = DIRECTION ( 'NONE',  ( 0.000000000000000000, 0.000000000000000000, 1.000000000000000000 ) ) ;
#5560 = EDGE_LOOP ( 'NONE', ( #5104, #7156, #1066, #3682, #3393, #6384, #5555, #5931, #4524, #7742, #6825, #7136, #1685, #1769, #6779, #3316, #7039, #1648, #6654, #793, #6808, #3650, #5970, #2173, #3795, #4964, #2060, #6012, #6662, #7171, #5059, #1848 ) ) ;
#5561 = ORIENTED_EDGE ( 'NONE', *, *, #3328, .T. ) ;
#5562 = EDGE_CURVE ( 'NONE', #1905, #1337, #6066, .T. ) ;
#5563 = CARTESIAN_POINT ( 'NONE',  ( -3.700000000000000178, 0.000000000000000000, 0.000000000000000000 ) ) ;
#5564 = AXIS2_PLACEMENT_3D ( 'NONE', #4358, #7479, #6839 ) ;
#5565 = PRESENTATION_STYLE_ASSIGNMENT (( #1825 ) ) ;
#5566 = LINE ( 'NONE', #1345, #2164 ) ;
#5567 = CYLINDRICAL_SURFACE ( 'NONE', #5710, 0.5000000000000000000 ) ;
#5568 = CYLINDRICAL_SURFACE ( 'NONE', #6621, 0.5000000000000004441 ) ;
#5569 = CIRCLE ( 'NONE', #1752, 0.8000000000000003775 ) ;
#5570 = EDGE_LOOP ( 'NONE', ( #3679, #2455, #5972, #809 ) ) ;
#5571 = LINE ( 'NONE', #2033, #3807 ) ;
#5572 = CARTESIAN_POINT ( 'NONE',  ( 6.769999999999997797, 3.269999999999999574, -0.5000000000000000000 ) ) ;
#5573 = AXIS2_PLACEMENT_3D ( 'NONE', #4405, #4485, #7487 ) ;
#5574 = CARTESIAN_POINT ( 'NONE',  ( 13.99999999999999822, 0.4999999999999995559, 0.2500000000000002220 ) ) ;
#5575 = VECTOR ( 'NONE', #567, 1000.000000000000000 ) ;
#5576 = VECTOR ( 'NONE', #1191, 1000.000000000000000 ) ;
#5577 = EDGE_CURVE ( 'NONE', #854, #7861, #6717, .T. ) ;
#5578 = CARTESIAN_POINT ( 'NONE',  ( 0.4300000000000022138, 0.1750000000000000167, 3.070000000000000284 ) ) ;
#5579 = DIRECTION ( 'NONE',  ( 0.000000000000000000, 0.000000000000000000, 1.000000000000000000 ) ) ;
#5580 = PRODUCT ( 'AFBR-S4N66P024M Mount', 'AFBR-S4N66P024M Mount', '', ( #6527 ) ) ;
#5581 = AXIS2_PLACEMENT_3D ( 'NONE', #312, #2230, #1041 ) ;
#5582 = ORIENTED_EDGE ( 'NONE', *, *, #1011, .F. ) ;
#5583 = EDGE_CURVE ( 'NONE', #767, #5895, #2658, .T. ) ;
#5584 = FACE_OUTER_BOUND ( 'NONE', #213, .T. ) ;
#5585 = CIRCLE ( 'NONE', #3180, 0.5500000000000010436 ) ;
#5586 = ORIENTED_EDGE ( 'NONE', *, *, #5180, .F. ) ;
#5587 = LINE ( 'NONE', #6161, #1546 ) ;
#5588 = CARTESIAN_POINT ( 'NONE',  ( 16.00000000000000000, 0.4999999999999995559, 9.000000000000000000 ) ) ;
#5589 = CARTESIAN_POINT ( 'NONE',  ( 4.299999999999999822, 2.799999999999999378, 0.000000000000000000 ) ) ;
#5590 = ADVANCED_FACE ( 'NONE', ( #1799 ), #4779, .T. ) ;
#5591 = DIRECTION ( 'NONE',  ( 0.000000000000000000, 0.000000000000000000, 1.000000000000000000 ) ) ;
#5592 = AXIS2_PLACEMENT_3D ( 'NONE', #342, #1559, #5257 ) ;
#5593 = COLOUR_RGB ( '',0.7921568627450980005, 0.8196078431372548767, 0.9333333333333333481 ) ;
#5594 = ORIENTED_EDGE ( 'NONE', *, *, #5577, .T. ) ;
#5595 = ORIENTED_EDGE ( 'NONE', *, *, #3476, .T. ) ;
#5596 = DIRECTION ( 'NONE',  ( 1.000000000000000000, 0.000000000000000000, 0.000000000000000000 ) ) ;
#5597 = VERTEX_POINT ( 'NONE', #7878 ) ;
#5598 = AXIS2_PLACEMENT_3D ( 'NONE', #265, #3309, #911 ) ;
#5599 = LINE ( 'NONE', #1974, #7282 ) ;
#5600 = DIRECTION ( 'NONE',  ( 0.000000000000000000, 0.000000000000000000, 1.000000000000000000 ) ) ;
#5601 = CIRCLE ( 'NONE', #1915, 1.499999999999999556 ) ;
#5602 = DIRECTION ( 'NONE',  ( 1.000000000000000000, 0.000000000000000000, 0.000000000000000000 ) ) ;
#5603 = ORIENTED_EDGE ( 'NONE', *, *, #36, .T. ) ;
#5604 = PLANE ( 'NONE',  #7872 ) ;
#5605 = AXIS2_PLACEMENT_3D ( 'NONE', #6408, #1008, #2238 ) ;
#5606 = CARTESIAN_POINT ( 'NONE',  ( 0.000000000000000000, 0.000000000000000000, 0.1000000000000000056 ) ) ;
#5607 = ORIENTED_EDGE ( 'NONE', *, *, #3755, .F. ) ;
#5608 = VECTOR ( 'NONE', #288, 1000.000000000000000 ) ;
#5609 = ORIENTED_EDGE ( 'NONE', *, *, #7739, .T. ) ;
#5610 = CARTESIAN_POINT ( 'NONE',  ( -12.00000000000000533, 0.000000000000000000, 1.500000000000004219 ) ) ;
#5611 = VECTOR ( 'NONE', #6852, 1000.000000000000000 ) ;
#5612 = DIRECTION ( 'NONE',  ( 0.000000000000000000, 1.000000000000000000, -0.000000000000000000 ) ) ;
#5613 = AXIS2_PLACEMENT_3D ( 'NONE', #3766, #3158, #3207 ) ;
#5614 = CARTESIAN_POINT ( 'NONE',  ( 16.00000000000000000, 0.4999999999999995559, 10.04999999999999893 ) ) ;
#5615 = DIRECTION ( 'NONE',  ( 0.000000000000000000, 0.000000000000000000, 1.000000000000000000 ) ) ;
#5616 = DIRECTION ( 'NONE',  ( 0.000000000000000000, 0.000000000000000000, 1.000000000000000000 ) ) ;
#5617 = PRODUCT_DEFINITION ( 'UNKNOWN', '', #332, #4092 ) ;
#5618 = ORIENTED_EDGE ( 'NONE', *, *, #3785, .T. ) ;
#5619 = DIRECTION ( 'NONE',  ( 0.000000000000000000, -1.000000000000000000, 0.000000000000000000 ) ) ;
#5620 = DIRECTION ( 'NONE',  ( 1.000000000000000000, 0.000000000000000000, -0.000000000000000000 ) ) ;
#5621 =( NAMED_UNIT ( * ) PLANE_ANGLE_UNIT ( ) SI_UNIT ( $, .RADIAN. ) );
#5622 = CARTESIAN_POINT ( 'NONE',  ( 17.50000000000000355, 0.000000000000000000, -9.000000000000000000 ) ) ;
#5623 = ORIENTED_EDGE ( 'NONE', *, *, #4764, .T. ) ;
#5624 = DIRECTION ( 'NONE',  ( 0.000000000000000000, 0.000000000000000000, 1.000000000000000000 ) ) ;
#5625 = ADVANCED_FACE ( 'NONE', ( #2386 ), #4826, .T. ) ;
#5626 = VERTEX_POINT ( 'NONE', #6800 ) ;
#5627 = DIRECTION ( 'NONE',  ( -0.000000000000000000, -1.000000000000000000, 0.000000000000000000 ) ) ;
#5628 = LINE ( 'NONE', #159, #235 ) ;
#5629 = CARTESIAN_POINT ( 'NONE',  ( -17.50000000000000000, 0.000000000000000000, 1.500000000000001332 ) ) ;
#5630 = DIRECTION ( 'NONE',  ( 0.000000000000000000, -0.000000000000000000, 1.000000000000000000 ) ) ;
#5631 = EDGE_CURVE ( 'NONE', #6077, #7340, #3240, .T. ) ;
#5632 = VECTOR ( 'NONE', #1580, 1000.000000000000000 ) ;
#5633 = CARTESIAN_POINT ( 'NONE',  ( 0.000000000000000000, 0.000000000000000000, 0.000000000000000000 ) ) ;
#5634 = VERTEX_POINT ( 'NONE', #6153 ) ;
#5635 = ORIENTED_EDGE ( 'NONE', *, *, #826, .T. ) ;
#5636 = CARTESIAN_POINT ( 'NONE',  ( 3.700000000000000178, 0.000000000000000000, 0.1000000000000000056 ) ) ;
#5637 = ADVANCED_FACE ( 'NONE', ( #681 ), #3759, .T. ) ;
#5638 = VERTEX_POINT ( 'NONE', #2071 ) ;
#5639 = FACE_OUTER_BOUND ( 'NONE', #6339, .T. ) ;
#5640 = DIRECTION ( 'NONE',  ( 1.000000000000000000, -1.412641267082090664E-16, 0.000000000000000000 ) ) ;
#5641 = DIRECTION ( 'NONE',  ( -1.000000000000000000, 0.000000000000000000, -0.000000000000000000 ) ) ;
#5642 = AXIS2_PLACEMENT_3D ( 'NONE', #4176, #2535, #7386 ) ;
#5643 = VERTEX_POINT ( 'NONE', #2668 ) ;
#5644 = DIRECTION ( 'NONE',  ( -0.000000000000000000, -1.000000000000000000, -0.000000000000000000 ) ) ;
#5645 = EDGE_CURVE ( 'NONE', #2018, #4893, #2549, .T. ) ;
#5646 = DIRECTION ( 'NONE',  ( 0.000000000000000000, 0.000000000000000000, 1.000000000000000000 ) ) ;
#5647 = ORIENTED_EDGE ( 'NONE', *, *, #6138, .F. ) ;
#5648 = VECTOR ( 'NONE', #6804, 1000.000000000000000 ) ;
#5649 = ORIENTED_EDGE ( 'NONE', *, *, #232, .F. ) ;
#5650 = CARTESIAN_POINT ( 'NONE',  ( -6.800000000000001599, 3.299999999999999822, -1.399999999999999911 ) ) ;
#5651 = VERTEX_POINT ( 'NONE', #7401 ) ;
#5652 = CARTESIAN_POINT ( 'NONE',  ( -1.849999999999999645, -2.000000000000000000, 0.000000000000000000 ) ) ;
#5653 = DIRECTION ( 'NONE',  ( -1.239088197126290817E-16, 1.000000000000000000, -0.000000000000000000 ) ) ;
#5654 = DIRECTION ( 'NONE',  ( 1.000000000000000000, -0.000000000000000000, -0.000000000000000000 ) ) ;
#5655 = EDGE_LOOP ( 'NONE', ( #6557, #7814, #6316, #6570 ) ) ;
#5656 = DIRECTION ( 'NONE',  ( 2.168404344971008868E-16, -1.000000000000000000, 0.000000000000000000 ) ) ;
#5657 = DIRECTION ( 'NONE',  ( -0.000000000000000000, -1.000000000000000000, -0.000000000000000000 ) ) ;
#5658 = CARTESIAN_POINT ( 'NONE',  ( -5.000000000000000000, 2.799999999999999822, 0.1000000000000000056 ) ) ;
#5659 = CARTESIAN_POINT ( 'NONE',  ( 3.700000000000000178, 2.000000000000000000, 0.1000000000000000056 ) ) ;
#5660 = ORIENTED_EDGE ( 'NONE', *, *, #5053, .F. ) ;
#5661 = LINE ( 'NONE', #6159, #2807 ) ;
#5662 = EDGE_CURVE ( 'NONE', #6356, #6461, #3429, .T. ) ;
#5663 = ORIENTED_EDGE ( 'NONE', *, *, #7555, .F. ) ;
#5664 = FACE_OUTER_BOUND ( 'NONE', #3423, .T. ) ;
#5665 = FACE_OUTER_BOUND ( 'NONE', #4094, .T. ) ;
#5666 = LINE ( 'NONE', #195, #2025 ) ;
#5667 = FACE_OUTER_BOUND ( 'NONE', #2405, .T. ) ;
#5668 = ORIENTED_EDGE ( 'NONE', *, *, #4975, .T. ) ;
#5669 = EDGE_LOOP ( 'NONE', ( #4128, #7, #4308, #5607 ) ) ;
#5670 = DIRECTION ( 'NONE',  ( 0.000000000000000000, 0.000000000000000000, 1.000000000000000000 ) ) ;
#5671 = ORIENTED_EDGE ( 'NONE', *, *, #6685, .F. ) ;
#5672 = DIRECTION ( 'NONE',  ( -1.000000000000000000, 0.000000000000000000, 0.000000000000000000 ) ) ;
#5673 = LINE ( 'NONE', #3898, #2144 ) ;
#5674 = ORIENTED_EDGE ( 'NONE', *, *, #1636, .F. ) ;
#5675 = EDGE_CURVE ( 'NONE', #295, #1089, #3844, .T. ) ;
#5676 = DIRECTION ( 'NONE',  ( 0.000000000000000000, 0.000000000000000000, 1.000000000000000000 ) ) ;
#5677 = EDGE_CURVE ( 'NONE', #2092, #5879, #1520, .T. ) ;
#5678 = EDGE_CURVE ( 'NONE', #5986, #6038, #4577, .T. ) ;
#5679 = CIRCLE ( 'NONE', #69, 0.4999999999999997780 ) ;
#5680 = CARTESIAN_POINT ( 'NONE',  ( 16.00000000000000000, 7.500000000000000000, 10.49999999999999645 ) ) ;
#5681 = VERTEX_POINT ( 'NONE', #113 ) ;
#5682 = VERTEX_POINT ( 'NONE', #5574 ) ;
#5683 = CARTESIAN_POINT ( 'NONE',  ( -6.800000000000000711, -3.299999999999999822, -1.399999999999999911 ) ) ;
#5684 = EDGE_CURVE ( 'NONE', #4457, #2574, #4987, .T. ) ;
#5685 = ORIENTED_EDGE ( 'NONE', *, *, #2709, .T. ) ;
#5686 = AXIS2_PLACEMENT_3D ( 'NONE', #4007, #492, #6449 ) ;
#5687 = DIRECTION ( 'NONE',  ( 0.000000000000000000, 0.000000000000000000, 1.000000000000000000 ) ) ;
#5688 = CARTESIAN_POINT ( 'NONE',  ( 16.00000000000000000, 0.000000000000000000, 9.000000000000000000 ) ) ;
#5689 = CARTESIAN_POINT ( 'NONE',  ( 16.00000000000000000, 0.4999999999999995559, -9.000000000000000000 ) ) ;
#5690 = EDGE_CURVE ( 'NONE', #1926, #1453, #4396, .T. ) ;
#5691 = AXIS2_PLACEMENT_3D ( 'NONE', #3691, #816, #1330 ) ;
#5692 = AXIS2_PLACEMENT_3D ( 'NONE', #7357, #1279, #3881 ) ;
#5693 = MANIFOLD_SOLID_BREP ( 'Boss-Extrude2', #1633 ) ;
#5694 = ORIENTED_EDGE ( 'NONE', *, *, #997, .T. ) ;
#5695 = LINE ( 'NONE', #7069, #5827 ) ;
#5696 = CARTESIAN_POINT ( 'NONE',  ( 16.00000000000000000, 0.4999999999999995559, -8.199999999999997513 ) ) ;
#5697 = DIRECTION ( 'NONE',  ( 0.000000000000000000, 0.000000000000000000, -1.000000000000000000 ) ) ;
#5698 = ORIENTED_EDGE ( 'NONE', *, *, #1864, .F. ) ;
#5699 = VECTOR ( 'NONE', #3331, 1000.000000000000000 ) ;
#5700 = LINE ( 'NONE', #5254, #1791 ) ;
#5701 = VERTEX_POINT ( 'NONE', #4435 ) ;
#5702 = AXIS2_PLACEMENT_3D ( 'NONE', #7614, #6937, #1976 ) ;
#5703 = DIRECTION ( 'NONE',  ( 0.000000000000000000, 0.000000000000000000, -1.000000000000000000 ) ) ;
#5704 = EDGE_CURVE ( 'NONE', #3535, #3546, #7655, .T. ) ;
#5705 = VECTOR ( 'NONE', #7194, 1000.000000000000000 ) ;
#5706 = CARTESIAN_POINT ( 'NONE',  ( -10.50000000000000533, 0.000000000000000000, -9.000000000000001776 ) ) ;
#5707 = CARTESIAN_POINT ( 'NONE',  ( -1.849999999999999645, -2.000000000000000000, 0.1000000000000000056 ) ) ;
#5708 = CARTESIAN_POINT ( 'NONE',  ( 15.49999999999999822, 0.000000000000000000, -1.749999999999999112 ) ) ;
#5709 = SHAPE_REPRESENTATION ( 'PbF2+SiPM+PTFE', ( #5556, #1736, #6731, #3280, #74 ), #4924 ) ;
#5710 = AXIS2_PLACEMENT_3D ( 'NONE', #4390, #1911, #5018 ) ;
#5711 = ADVANCED_FACE ( 'NONE', ( #2035 ), #4477, .F. ) ;
#5712 = AXIS2_PLACEMENT_3D ( 'NONE', #1610, #2241, #6412 ) ;
#5713 = DIRECTION ( 'NONE',  ( -3.491481338843133355E-15, 0.000000000000000000, -1.000000000000000000 ) ) ;
#5714 = VERTEX_POINT ( 'NONE', #7721 ) ;
#5715 = AXIS2_PLACEMENT_3D ( 'NONE', #5056, #7511, #2026 ) ;
#5716 = ORIENTED_EDGE ( 'NONE', *, *, #2249, .T. ) ;
#5717 = LINE ( 'NONE', #249, #4587 ) ;
#5718 = EDGE_LOOP ( 'NONE', ( #7167, #5483, #2925, #7220 ) ) ;
#5719 = PRODUCT_DEFINITION_SHAPE ( 'NONE', 'NONE',  #3725 ) ;
#5720 = DIRECTION ( 'NONE',  ( -0.000000000000000000, 1.000000000000000000, -0.000000000000000000 ) ) ;
#5721 = VECTOR ( 'NONE', #542, 1000.000000000000000 ) ;
#5722 = CARTESIAN_POINT ( 'NONE',  ( -0.4299999999999999378, 0.1750000000000000167, -3.069999999999999396 ) ) ;
#5723 = CIRCLE ( 'NONE', #2532, 1.500000000000000000 ) ;
#5724 = EDGE_LOOP ( 'NONE', ( #6107, #6044, #901, #3077 ) ) ;
#5725 = VECTOR ( 'NONE', #2449, 1000.000000000000000 ) ;
#5726 = LINE ( 'NONE', #1979, #6333 ) ;
#5727 = LINE ( 'NONE', #5764, #669 ) ;
#5728 = VERTEX_POINT ( 'NONE', #5814 ) ;
#5729 = VECTOR ( 'NONE', #3664, 1000.000000000000000 ) ;
#5730 = ORIENTED_EDGE ( 'NONE', *, *, #7370, .T. ) ;
#5731 = EDGE_CURVE ( 'NONE', #782, #6370, #2741, .T. ) ;
#5732 = VERTEX_POINT ( 'NONE', #919 ) ;
#5733 = CARTESIAN_POINT ( 'NONE',  ( 17.50000000000000000, 0.4999999999999995559, 8.999999999999998224 ) ) ;
#5734 = FACE_OUTER_BOUND ( 'NONE', #5888, .T. ) ;
#5735 = CIRCLE ( 'NONE', #2291, 1.049999999999998934 ) ;
#5736 = VECTOR ( 'NONE', #5527, 1000.000000000000000 ) ;
#5737 = ADVANCED_FACE ( 'NONE', ( #2224 ), #3914, .T. ) ;
#5738 = DIRECTION ( 'NONE',  ( 1.000000000000000000, 0.000000000000000000, 0.000000000000000000 ) ) ;
#5739 = MANIFOLD_SOLID_BREP ( 'Boss-Extrude8', #874 ) ;
#5740 = ORIENTED_EDGE ( 'NONE', *, *, #1613, .F. ) ;
#5741 = AXIS2_PLACEMENT_3D ( 'NONE', #3806, #2001, #3729 ) ;
#5742 = ADVANCED_FACE ( 'NONE', ( #6991 ), #2258, .T. ) ;
#5743 = DIRECTION ( 'NONE',  ( -2.312964634635743450E-15, 0.000000000000000000, 1.000000000000000000 ) ) ;
#5744 = CARTESIAN_POINT ( 'NONE',  ( 6.769999999999997797, -3.499999999999999112, 0.000000000000000000 ) ) ;
#5745 = DIRECTION ( 'NONE',  ( -1.000000000000000000, 0.000000000000000000, -1.652117596168387756E-16 ) ) ;
#5746 = CARTESIAN_POINT ( 'NONE',  ( 16.00000000000000000, 0.000000000000000000, -7.950000000000000178 ) ) ;
#5747 = PRODUCT_DEFINITION_SHAPE ( 'NONE', 'NONE',  #7930 ) ;
#5748 = ORIENTED_EDGE ( 'NONE', *, *, #3251, .T. ) ;
#5749 = ORIENTED_EDGE ( 'NONE', *, *, #7710, .F. ) ;
#5750 = DIRECTION ( 'NONE',  ( -1.000000000000000000, -2.168404344971008868E-16, 0.000000000000000000 ) ) ;
#5751 = CARTESIAN_POINT ( 'NONE',  ( -9.250000000000001776, 3.499999999999999556, 0.2500000000000000000 ) ) ;
#5752 = DIRECTION ( 'NONE',  ( 0.000000000000000000, 0.000000000000000000, -1.000000000000000000 ) ) ;
#5753 = DIRECTION ( 'NONE',  ( 1.000000000000000000, 0.000000000000000000, 0.000000000000000000 ) ) ;
#5754 =( NAMED_UNIT ( * ) SI_UNIT ( $, .STERADIAN. ) SOLID_ANGLE_UNIT ( ) );
#5755 = ORIENTED_EDGE ( 'NONE', *, *, #6530, .F. ) ;
#5756 = ORIENTED_EDGE ( 'NONE', *, *, #958, .T. ) ;
#5757 = SPHERICAL_SURFACE ( 'NONE', #1149, 0.2500000000000000000 ) ;
#5758 = ORIENTED_EDGE ( 'NONE', *, *, #7063, .F. ) ;
#5759 = CYLINDRICAL_SURFACE ( 'NONE', #1410, 1.500000000000000000 ) ;
#5760 = CARTESIAN_POINT ( 'NONE',  ( 16.00000000000000000, 0.4999999999999995559, 9.000000000000000000 ) ) ;
#5761 = ORIENTED_EDGE ( 'NONE', *, *, #2348, .F. ) ;
#5762 = CARTESIAN_POINT ( 'NONE',  ( -10.50000000000000533, 0.000000000000000000, 9.000000000000001776 ) ) ;
#5763 = CIRCLE ( 'NONE', #5252, 0.8000000000000020428 ) ;
#5764 = CARTESIAN_POINT ( 'NONE',  ( -9.500000000000001776, -3.499999999999999556, 0.2500000000000002220 ) ) ;
#5765 = ORIENTED_EDGE ( 'NONE', *, *, #6051, .T. ) ;
#5766 = VERTEX_POINT ( 'NONE', #2822 ) ;
#5767 = VECTOR ( 'NONE', #6338, 1000.000000000000000 ) ;
#5768 = CARTESIAN_POINT ( 'NONE',  ( -10.50000000000000533, 7.500000000000000000, 3.000000000000004441 ) ) ;
#5769 = ADVANCED_FACE ( 'NONE', ( #389 ), #5291, .F. ) ;
#5770 =( REPRESENTATION_RELATIONSHIP ('NONE','NONE', #5466, #6286 ) REPRESENTATION_RELATIONSHIP_WITH_TRANSFORMATION ( #3559 )SHAPE_REPRESENTATION_RELATIONSHIP( ) );
#5771 = VERTEX_POINT ( 'NONE', #2707 ) ;
#5772 = CARTESIAN_POINT ( 'NONE',  ( -9.250000000000001776, -3.249999999999999556, 0.2500000000000000000 ) ) ;
#5773 = DIRECTION ( 'NONE',  ( 0.000000000000000000, -1.000000000000000000, 0.000000000000000000 ) ) ;
#5774 = CIRCLE ( 'NONE', #162, 1.499999999999999556 ) ;
#5775 = PLANE ( 'NONE',  #3096 ) ;
#5776 = ADVANCED_FACE ( 'NONE', ( #6955 ), #5902, .T. ) ;
#5777 = MANIFOLD_SOLID_BREP ( 'Cut-Extrude12', #7765 ) ;
#5778 = ORIENTED_EDGE ( 'NONE', *, *, #208, .F. ) ;
#5779 = FACE_OUTER_BOUND ( 'NONE', #4354, .T. ) ;
#5780 = CARTESIAN_POINT ( 'NONE',  ( 0.4300000000000014366, 0.1750000000000000167, -3.069999999999999840 ) ) ;
#5781 = DIRECTION ( 'NONE',  ( 1.000000000000000000, 0.000000000000000000, -1.239088197126289831E-16 ) ) ;
#5782 = EDGE_CURVE ( 'NONE', #3447, #6540, #6431, .T. ) ;
#5783 = FACE_OUTER_BOUND ( 'NONE', #2694, .T. ) ;
#5784 = EDGE_CURVE ( 'NONE', #5786, #2054, #2304, .T. ) ;
#5785 = EDGE_CURVE ( 'NONE', #5926, #782, #7189, .T. ) ;
#5786 = VERTEX_POINT ( 'NONE', #7795 ) ;
#5787 = VERTEX_POINT ( 'NONE', #1707 ) ;
#5788 = FACE_OUTER_BOUND ( 'NONE', #739, .T. ) ;
#5789 = CARTESIAN_POINT ( 'NONE',  ( 15.50000000000000178, 0.000000000000000000, -6.050000000000000711 ) ) ;
#5790 = EDGE_CURVE ( 'NONE', #5882, #7175, #5332, .T. ) ;
#5791 = DIRECTION ( 'NONE',  ( -1.000000000000000000, 0.000000000000000000, 0.000000000000000000 ) ) ;
#5792 = PLANE ( 'NONE',  #5206 ) ;
#5793 = FACE_OUTER_BOUND ( 'NONE', #3282, .T. ) ;
#5794 = DIRECTION ( 'NONE',  ( 1.000000000000000000, 0.000000000000000000, -9.637352644315592778E-17 ) ) ;
#5795 = EDGE_LOOP ( 'NONE', ( #422, #6088, #6186, #3157 ) ) ;
#5796 = DIRECTION ( 'NONE',  ( -0.000000000000000000, 1.000000000000000000, -0.000000000000000000 ) ) ;
#5797 = EDGE_LOOP ( 'NONE', ( #1747, #5162, #277, #831 ) ) ;
#5798 = PLANE ( 'NONE',  #3713 ) ;
#5799 = CARTESIAN_POINT ( 'NONE',  ( 13.24999999999999822, 7.500000000000000000, 2.500000000000001332 ) ) ;
#5800 = ORIENTED_EDGE ( 'NONE', *, *, #4842, .F. ) ;
#5801 = LINE ( 'NONE', #1541, #4424 ) ;
#5802 = FACE_OUTER_BOUND ( 'NONE', #5669, .T. ) ;
#5803 = VERTEX_POINT ( 'NONE', #4141 ) ;
#5804 = EDGE_LOOP ( 'NONE', ( #5668, #5000, #7344, #6520 ) ) ;
#5805 = ORIENTED_EDGE ( 'NONE', *, *, #5868, .T. ) ;
#5806 = DIRECTION ( 'NONE',  ( 3.469446951953615372E-15, 0.000000000000000000, 1.000000000000000000 ) ) ;
#5807 = DIRECTION ( 'NONE',  ( 1.412641267082090664E-16, 1.000000000000000000, -0.000000000000000000 ) ) ;
#5808 = LINE ( 'NONE', #1555, #6166 ) ;
#5809 = EDGE_CURVE ( 'NONE', #184, #4963, #4462, .T. ) ;
#5810 = ORIENTED_EDGE ( 'NONE', *, *, #5336, .F. ) ;
#5811 = AXIS2_PLACEMENT_3D ( 'NONE', #4681, #7818, #3493 ) ;
#5812 = CYLINDRICAL_SURFACE ( 'NONE', #607, 0.5000000000000004441 ) ;
#5813 = DIRECTION ( 'NONE',  ( -1.000000000000000000, 0.000000000000000000, 0.000000000000000000 ) ) ;
#5814 = CARTESIAN_POINT ( 'NONE',  ( 9.249999999999998224, -3.249999999999999556, -18.50000000000000000 ) ) ;
#5815 = CARTESIAN_POINT ( 'NONE',  ( -0.4299999999999991607, 0.7500000000000000000, 3.070000000000000284 ) ) ;
#5816 = CIRCLE ( 'NONE', #3145, 0.5000000000000000000 ) ;
#5817 = ORIENTED_EDGE ( 'NONE', *, *, #6589, .T. ) ;
#5818 = EDGE_LOOP ( 'NONE', ( #4174, #1820, #6722, #4284 ) ) ;
#5819 = DIRECTION ( 'NONE',  ( 0.000000000000000000, 0.000000000000000000, 1.000000000000000000 ) ) ;
#5820 = CARTESIAN_POINT ( 'NONE',  ( -9.000000000000007105, 0.000000000000000000, 9.000000000000001776 ) ) ;
#5821 = EDGE_CURVE ( 'NONE', #4938, #4090, #3049, .T. ) ;
#5822 = LINE ( 'NONE', #7077, #7397 ) ;
#5823 = PLANE ( 'NONE',  #3303 ) ;
#5824 = DIRECTION ( 'NONE',  ( 0.000000000000000000, 0.000000000000000000, 1.000000000000000000 ) ) ;
#5825 = ADVANCED_FACE ( 'NONE', ( #588 ), #3019, .T. ) ;
#5826 = APPLICATION_PROTOCOL_DEFINITION ( 'draft international standard', 'automotive_design', 1998, #7104 ) ;
#5827 = VECTOR ( 'NONE', #4545, 1000.000000000000000 ) ;
#5828 = VERTEX_POINT ( 'NONE', #6587 ) ;
#5829 = DIRECTION ( 'NONE',  ( -1.239088197126291063E-16, 1.000000000000000000, 0.000000000000000000 ) ) ;
#5830 = VECTOR ( 'NONE', #6273, 1000.000000000000000 ) ;
#5831 = EDGE_LOOP ( 'NONE', ( #5315, #3580, #976, #56 ) ) ;
#5832 = FACE_OUTER_BOUND ( 'NONE', #5965, .T. ) ;
#5833 = EDGE_CURVE ( 'NONE', #4610, #6105, #6674, .T. ) ;
#5834 = DIRECTION ( 'NONE',  ( 1.927470528863119295E-16, -0.000000000000000000, 1.000000000000000000 ) ) ;
#5835 = EDGE_LOOP ( 'NONE', ( #2616, #6272, #1532, #5179 ) ) ;
#5836 = AXIS2_PLACEMENT_3D ( 'NONE', #1208, #3643, #1845 ) ;
#5837 = DIRECTION ( 'NONE',  ( -1.000000000000000000, 0.000000000000000000, -0.000000000000000000 ) ) ;
#5838 = AXIS2_PLACEMENT_3D ( 'NONE', #6122, #7368, #653 ) ;
#5839 = PRODUCT_DEFINITION_CONTEXT ( 'detailed design', #1549, 'design' ) ;
#5840 = AXIS2_PLACEMENT_3D ( 'NONE', #6637, #1862, #635 ) ;
#5841 = DIRECTION ( 'NONE',  ( 0.000000000000000000, -1.000000000000000000, 0.000000000000000000 ) ) ;
#5842 = ORIENTED_EDGE ( 'NONE', *, *, #5465, .T. ) ;
#5843 = ORIENTED_EDGE ( 'NONE', *, *, #3389, .T. ) ;
#5844 = VECTOR ( 'NONE', #3232, 1000.000000000000000 ) ;
#5845 = VECTOR ( 'NONE', #558, 1000.000000000000000 ) ;
#5846 = CARTESIAN_POINT ( 'NONE',  ( 15.49999999999999822, 0.000000000000000000, -1.749999999999999112 ) ) ;
#5847 = AXIS2_PLACEMENT_3D ( 'NONE', #7459, #2745, #4414 ) ;
#5848 = ORIENTED_EDGE ( 'NONE', *, *, #6802, .T. ) ;
#5849 = DIRECTION ( 'NONE',  ( -0.000000000000000000, -1.000000000000000000, -0.000000000000000000 ) ) ;
#5850 = CARTESIAN_POINT ( 'NONE',  ( -16.00000000000000000, 0.000000000000000000, 1.050000000000000266 ) ) ;
#5851 = VECTOR ( 'NONE', #550, 1000.000000000000000 ) ;
#5852 = AXIS2_PLACEMENT_3D ( 'NONE', #2422, #6672, #5900 ) ;
#5853 = DIRECTION ( 'NONE',  ( -1.000000000000000000, 0.000000000000000000, 0.000000000000000000 ) ) ;
#5854 = EDGE_LOOP ( 'NONE', ( #7503, #4346, #276, #4525 ) ) ;
#5855 = ADVANCED_FACE ( 'NONE', ( #7832 ), #4860, .T. ) ;
#5856 = ORIENTED_EDGE ( 'NONE', *, *, #7066, .T. ) ;
#5857 = CARTESIAN_POINT ( 'NONE',  ( 9.249999999999998224, 3.249999999999999556, 0.2500000000000000000 ) ) ;
#5858 = CIRCLE ( 'NONE', #3443, 0.5500000000000010436 ) ;
#5859 = CARTESIAN_POINT ( 'NONE',  ( 0.4299999999999989386, -3.070000000000001616, -1.074999999999999956 ) ) ;
#5860 = VECTOR ( 'NONE', #3530, 1000.000000000000000 ) ;
#5861 = DIRECTION ( 'NONE',  ( -0.000000000000000000, -0.000000000000000000, 1.000000000000000000 ) ) ;
#5862 = CIRCLE ( 'NONE', #6903, 0.8000000000000003775 ) ;
#5863 = AXIS2_PLACEMENT_3D ( 'NONE', #2476, #5470, #7849 ) ;
#5864 = EDGE_LOOP ( 'NONE', ( #4210, #1659, #6945, #2584 ) ) ;
#5865 = ORIENTED_EDGE ( 'NONE', *, *, #7677, .F. ) ;
#5866 = DIRECTION ( 'NONE',  ( -0.000000000000000000, 1.000000000000000000, -0.000000000000000000 ) ) ;
#5867 = LINE ( 'NONE', #520, #2784 ) ;
#5868 = EDGE_CURVE ( 'NONE', #1007, #5714, #2286, .T. ) ;
#5869 = LINE ( 'NONE', #397, #5456 ) ;
#5870 = VECTOR ( 'NONE', #5113, 1000.000000000000000 ) ;
#5871 = FACE_OUTER_BOUND ( 'NONE', #2759, .T. ) ;
#5872 = CARTESIAN_POINT ( 'NONE',  ( -9.000000000000000000, 2.999999999999999556, 0.000000000000000000 ) ) ;
#5873 = CARTESIAN_POINT ( 'NONE',  ( -17.50000000000000000, 7.500000000000000000, -1.500000000000001332 ) ) ;
#5874 = DIRECTION ( 'NONE',  ( -3.652049423109067827E-16, 0.000000000000000000, -1.000000000000000000 ) ) ;
#5875 = EDGE_CURVE ( 'NONE', #667, #591, #1741, .T. ) ;
#5876 = APPLICATION_CONTEXT ( 'automotive_design' ) ;
#5877 = EDGE_LOOP ( 'NONE', ( #6016, #2738, #3475, #2007 ) ) ;
#5878 = CARTESIAN_POINT ( 'NONE',  ( 10.99999999999999467, 0.4999999999999995559, -7.864218330839934268 ) ) ;
#5879 = VERTEX_POINT ( 'NONE', #6634 ) ;
#5880 = CARTESIAN_POINT ( 'NONE',  ( 16.00000000000000000, 0.4999999999999995559, 9.000000000000000000 ) ) ;
#5881 = CYLINDRICAL_SURFACE ( 'NONE', #5451, 0.2500000000000002220 ) ;
#5882 = VERTEX_POINT ( 'NONE', #1153 ) ;
#5883 = CARTESIAN_POINT ( 'NONE',  ( -1.849999999999999645, -2.000000000000000000, 0.000000000000000000 ) ) ;
#5884 = EDGE_CURVE ( 'NONE', #3528, #7735, #2980, .T. ) ;
#5885 = LINE ( 'NONE', #3300, #6154 ) ;
#5886 = ORIENTED_EDGE ( 'NONE', *, *, #6427, .T. ) ;
#5887 = EDGE_CURVE ( 'NONE', #6400, #7758, #3558, .T. ) ;
#5888 = EDGE_LOOP ( 'NONE', ( #5506, #894, #1220, #1831 ) ) ;
#5889 = LINE ( 'NONE', #2847, #5860 ) ;
#5890 = AXIS2_PLACEMENT_3D ( 'NONE', #2530, #7465, #4460 ) ;
#5891 = VERTEX_POINT ( 'NONE', #6553 ) ;
#5892 = ADVANCED_FACE ( 'NONE', ( #1826 ), #4815, .F. ) ;
#5893 = DIRECTION ( 'NONE',  ( 1.000000000000000000, 0.000000000000000000, 0.000000000000000000 ) ) ;
#5894 = DIRECTION ( 'NONE',  ( 0.000000000000000000, -1.000000000000000000, 0.000000000000000000 ) ) ;
#5895 = VERTEX_POINT ( 'NONE', #2426 ) ;
#5896 = VECTOR ( 'NONE', #6383, 1000.000000000000000 ) ;
#5897 = ORIENTED_EDGE ( 'NONE', *, *, #5809, .T. ) ;
#5898 = FACE_BOUND ( 'NONE', #63, .T. ) ;
#5899 = EDGE_CURVE ( 'NONE', #3069, #667, #3066, .T. ) ;
#5900 = DIRECTION ( 'NONE',  ( 1.000000000000000000, 0.000000000000000000, 0.000000000000000000 ) ) ;
#5901 = CARTESIAN_POINT ( 'NONE',  ( 4.200000000000000178, 2.000000000000000000, 0.1000000000000000056 ) ) ;
#5902 = CYLINDRICAL_SURFACE ( 'NONE', #5592, 0.5000000000000000000 ) ;
#5903 = VECTOR ( 'NONE', #3786, 1000.000000000000000 ) ;
#5904 = DIRECTION ( 'NONE',  ( 0.000000000000000000, 1.000000000000000000, 0.000000000000000000 ) ) ;
#5905 = EDGE_CURVE ( 'NONE', #7894, #2344, #7404, .T. ) ;
#5906 = VECTOR ( 'NONE', #5930, 1000.000000000000000 ) ;
#5907 = ORIENTED_EDGE ( 'NONE', *, *, #5821, .T. ) ;
#5908 = ADVANCED_FACE ( 'NONE', ( #4896 ), #6267, .F. ) ;
#5909 = VERTEX_POINT ( 'NONE', #3266 ) ;
#5910 = SPHERICAL_SURFACE ( 'NONE', #2139, 0.2500000000000000000 ) ;
#5911 = LINE ( 'NONE', #33, #630 ) ;
#5912 = CARTESIAN_POINT ( 'NONE',  ( 16.00000000000000000, 7.500000000000000000, -9.000000000000005329 ) ) ;
#5913 = CYLINDRICAL_SURFACE ( 'NONE', #2501, 1.499999999999999556 ) ;
#5914 = DIRECTION ( 'NONE',  ( 0.000000000000000000, 0.000000000000000000, 1.000000000000000000 ) ) ;
#5915 = PRODUCT_CONTEXT ( 'NONE', #3587, 'mechanical' ) ;
#5916 = EDGE_CURVE ( 'NONE', #1617, #7894, #100, .T. ) ;
#5917 = VERTEX_POINT ( 'NONE', #2494 ) ;
#5918 = DIRECTION ( 'NONE',  ( 0.000000000000000000, 0.000000000000000000, 1.000000000000000000 ) ) ;
#5919 = EDGE_LOOP ( 'NONE', ( #7695, #5623 ) ) ;
#5920 = LINE ( 'NONE', #4004, #6518 ) ;
#5921 = CARTESIAN_POINT ( 'NONE',  ( 9.000000000000000000, -3.000000000000000444, -18.00000000000000000 ) ) ;
#5922 = ORIENTED_EDGE ( 'NONE', *, *, #7196, .F. ) ;
#5923 = CARTESIAN_POINT ( 'NONE',  ( 4.299999999999999822, -1.199999999999998623, 0.1000000000000000056 ) ) ;
#5924 = EDGE_LOOP ( 'NONE', ( #7770, #1746, #4287, #1221 ) ) ;
#5925 = ORIENTED_EDGE ( 'NONE', *, *, #3575, .T. ) ;
#5926 = VERTEX_POINT ( 'NONE', #2538 ) ;
#5927 = EDGE_CURVE ( 'NONE', #4884, #4515, #144, .T. ) ;
#5928 = PLANE ( 'NONE',  #3556 ) ;
#5929 = EDGE_CURVE ( 'NONE', #4573, #5036, #3231, .T. ) ;
#5930 = DIRECTION ( 'NONE',  ( 1.652117596168387756E-16, 0.000000000000000000, -1.000000000000000000 ) ) ;
#5931 = ORIENTED_EDGE ( 'NONE', *, *, #3895, .T. ) ;
#5932 = EDGE_CURVE ( 'NONE', #75, #89, #6868, .T. ) ;
#5933 = LINE ( 'NONE', #7186, #2177 ) ;
#5934 = LINE ( 'NONE', #1671, #367 ) ;
#5935 = EDGE_CURVE ( 'NONE', #5165, #1775, #1535, .T. ) ;
#5936 = DIRECTION ( 'NONE',  ( -0.000000000000000000, 1.000000000000000000, -0.000000000000000000 ) ) ;
#5937 = DIRECTION ( 'NONE',  ( 1.000000000000000000, 0.000000000000000000, 0.000000000000000000 ) ) ;
#5938 = AXIS2_PLACEMENT_3D ( 'NONE', #2014, #2093, #4417 ) ;
#5939 = EDGE_LOOP ( 'NONE', ( #3510, #7837, #1802, #2122 ) ) ;
#5940 = VERTEX_POINT ( 'NONE', #3103 ) ;
#5941 = DIRECTION ( 'NONE',  ( 1.000000000000000000, 0.000000000000000000, 0.000000000000000000 ) ) ;
#5942 = DIRECTION ( 'NONE',  ( 1.000000000000000000, 0.000000000000000000, 0.000000000000000000 ) ) ;
#5943 = CARTESIAN_POINT ( 'NONE',  ( -8.604945506379110043, 7.500000000000000000, 9.695652173913043015 ) ) ;
#5944 = FACE_OUTER_BOUND ( 'NONE', #6895, .T. ) ;
#5945 = VECTOR ( 'NONE', #5072, 1000.000000000000000 ) ;
#5946 = DIRECTION ( 'NONE',  ( 1.239088197126290817E-16, -1.000000000000000000, 0.000000000000000000 ) ) ;
#5947 = LINE ( 'NONE', #1645, #2583 ) ;
#5948 = ITEM_DEFINED_TRANSFORMATION ( 'NONE', 'NONE', #74,  #152 ) ;
#5949 = VERTEX_POINT ( 'NONE', #4303 ) ;
#5950 = CIRCLE ( 'NONE', #338, 0.5000000000000004441 ) ;
#5951 = FACE_OUTER_BOUND ( 'NONE', #1479, .T. ) ;
#5952 = EDGE_CURVE ( 'NONE', #7145, #4108, #7390, .T. ) ;
#5953 = ORIENTED_EDGE ( 'NONE', *, *, #4862, .F. ) ;
#5954 = CARTESIAN_POINT ( 'NONE',  ( 16.00000000000000000, 0.000000000000000000, 7.950000000000000178 ) ) ;
#5955 = DIRECTION ( 'NONE',  ( 0.000000000000000000, 0.000000000000000000, 1.000000000000000000 ) ) ;
#5956 = ORIENTED_EDGE ( 'NONE', *, *, #6468, .F. ) ;
#5957 = PRODUCT_DEFINITION ( 'UNKNOWN', '', #1485, #6079 ) ;
#5958 = DIRECTION ( 'NONE',  ( -1.000000000000000000, 0.000000000000000000, -0.000000000000000000 ) ) ;
#5959 = ORIENTED_EDGE ( 'NONE', *, *, #7139, .T. ) ;
#5960 = VECTOR ( 'NONE', #1796, 1000.000000000000000 ) ;
#5961 = ORIENTED_EDGE ( 'NONE', *, *, #4903, .F. ) ;
#5962 = FACE_OUTER_BOUND ( 'NONE', #1696, .T. ) ;
#5963 = AXIS2_PLACEMENT_3D ( 'NONE', #6041, #4161, #3082 ) ;
#5964 = VECTOR ( 'NONE', #966, 1000.000000000000000 ) ;
#5965 = EDGE_LOOP ( 'NONE', ( #4676, #2406, #4899, #3818 ) ) ;
#5966 = CIRCLE ( 'NONE', #4320, 1.499999999999999556 ) ;
#5967 = FACE_OUTER_BOUND ( 'NONE', #7811, .T. ) ;
#5968 = AXIS2_PLACEMENT_3D ( 'NONE', #6795, #5345, #2495 ) ;
#5969 = DIRECTION ( 'NONE',  ( 0.000000000000000000, 1.000000000000000000, 0.000000000000000000 ) ) ;
#5970 = ORIENTED_EDGE ( 'NONE', *, *, #4276, .T. ) ;
#5971 = VECTOR ( 'NONE', #1566, 1000.000000000000000 ) ;
#5972 = ORIENTED_EDGE ( 'NONE', *, *, #3501, .T. ) ;
#5973 = VECTOR ( 'NONE', #5414, 1000.000000000000000 ) ;
#5974 = EDGE_CURVE ( 'NONE', #1072, #6952, #6343, .T. ) ;
#5975 = FACE_BOUND ( 'NONE', #1262, .T. ) ;
#5976 = DIRECTION ( 'NONE',  ( -0.000000000000000000, -0.000000000000000000, -1.000000000000000000 ) ) ;
#5977 = DIRECTION ( 'NONE',  ( 1.084202172485504927E-16, -1.000000000000000000, 0.000000000000000000 ) ) ;
#5978 = AXIS2_PLACEMENT_3D ( 'NONE', #3465, #4803, #5893 ) ;
#5979 = DIRECTION ( 'NONE',  ( 0.000000000000000000, -1.000000000000000000, 0.000000000000000000 ) ) ;
#5980 = VECTOR ( 'NONE', #3246, 1000.000000000000000 ) ;
#5981 = EDGE_CURVE ( 'NONE', #3363, #2714, #1020, .T. ) ;
#5982 = AXIS2_PLACEMENT_3D ( 'NONE', #4589, #2706, #6348 ) ;
#5983 = LINE ( 'NONE', #5335, #6359 ) ;
#5984 = EDGE_CURVE ( 'NONE', #1964, #4515, #3837, .T. ) ;
#5985 = AXIS2_PLACEMENT_3D ( 'NONE', #3508, #465, #2895 ) ;
#5986 = VERTEX_POINT ( 'NONE', #4979 ) ;
#5987 = VECTOR ( 'NONE', #4011, 1000.000000000000000 ) ;
#5988 = ORIENTED_EDGE ( 'NONE', *, *, #3213, .F. ) ;
#5989 = DIRECTION ( 'NONE',  ( -0.000000000000000000, 1.000000000000000000, -0.000000000000000000 ) ) ;
#5990 = DIRECTION ( 'NONE',  ( 0.000000000000000000, 0.000000000000000000, 1.000000000000000000 ) ) ;
#5991 = FACE_OUTER_BOUND ( 'NONE', #5919, .T. ) ;
#5992 = CARTESIAN_POINT ( 'NONE',  ( 6.769999999999996909, 3.500000000000000888, 0.000000000000000000 ) ) ;
#5993 = EDGE_CURVE ( 'NONE', #7165, #4807, #5995, .T. ) ;
#5994 = DIRECTION ( 'NONE',  ( -0.000000000000000000, -0.000000000000000000, -1.000000000000000000 ) ) ;
#5995 = CIRCLE ( 'NONE', #7791, 0.5000000000000000000 ) ;
#5996 = VECTOR ( 'NONE', #1371, 1000.000000000000000 ) ;
#5997 = CARTESIAN_POINT ( 'NONE',  ( -0.4299999999999999378, 0.1750000000000000167, -3.069999999999999396 ) ) ;
#5998 = CONTEXT_DEPENDENT_SHAPE_REPRESENTATION ( #5770, #5747 ) ;
#5999 = EDGE_LOOP ( 'NONE', ( #1726, #6501, #1158, #7306 ) ) ;
#6000 = LINE ( 'NONE', #1804, #515 ) ;
#6001 = ORIENTED_EDGE ( 'NONE', *, *, #6840, .T. ) ;
#6002 = CARTESIAN_POINT ( 'NONE',  ( -9.000000000000000000, 0.4999999999999995559, 9.799999999999998934 ) ) ;
#6003 = EDGE_CURVE ( 'NONE', #6625, #1775, #5566, .T. ) ;
#6004 = CIRCLE ( 'NONE', #5613, 1.500000000000000444 ) ;
#6005 = DIRECTION ( 'NONE',  ( 1.000000000000000000, 0.000000000000000000, -1.239088197126289831E-16 ) ) ;
#6006 = DIRECTION ( 'NONE',  ( 0.000000000000000000, 0.000000000000000000, 1.000000000000000000 ) ) ;
#6007 = LINE ( 'NONE', #6610, #7226 ) ;
#6008 = ORIENTED_EDGE ( 'NONE', *, *, #1944, .T. ) ;
#6009 = VERTEX_POINT ( 'NONE', #3191 ) ;
#6010 = CARTESIAN_POINT ( 'NONE',  ( -12.00000000000000355, 7.500000000000000000, -1.499999999999998446 ) ) ;
#6011 = LINE ( 'NONE', #3051, #1647 ) ;
#6012 = ORIENTED_EDGE ( 'NONE', *, *, #4856, .F. ) ;
#6013 = CARTESIAN_POINT ( 'NONE',  ( -1.349999999999999645, -2.000000000000000000, 0.1000000000000000056 ) ) ;
#6014 = DIRECTION ( 'NONE',  ( -2.168404344971008868E-16, 1.000000000000000000, -0.000000000000000000 ) ) ;
#6015 = ORIENTED_EDGE ( 'NONE', *, *, #3785, .F. ) ;
#6016 = ORIENTED_EDGE ( 'NONE', *, *, #1887, .F. ) ;
#6017 = EDGE_CURVE ( 'NONE', #1125, #489, #5735, .T. ) ;
#6018 = CARTESIAN_POINT ( 'NONE',  ( -9.000000000000007105, 0.000000000000000000, 9.000000000000001776 ) ) ;
#6019 = DIRECTION ( 'NONE',  ( 0.000000000000000000, 1.000000000000000000, -0.000000000000000000 ) ) ;
#6020 = FACE_OUTER_BOUND ( 'NONE', #7491, .T. ) ;
#6021 = DIRECTION ( 'NONE',  ( -0.000000000000000000, 1.000000000000000000, -0.000000000000000000 ) ) ;
#6022 = CARTESIAN_POINT ( 'NONE',  ( 16.00000000000000000, 0.000000000000000000, -3.249999999999999112 ) ) ;
#6023 = AXIS2_PLACEMENT_3D ( 'NONE', #1423, #6942, #6300 ) ;
#6024 = EDGE_LOOP ( 'NONE', ( #3863, #4096, #1009, #2292 ) ) ;
#6025 = ORIENTED_EDGE ( 'NONE', *, *, #6072, .F. ) ;
#6026 = AXIS2_PLACEMENT_3D ( 'NONE', #5050, #4465, #6909 ) ;
#6027 = LINE ( 'NONE', #555, #6872 ) ;
#6028 = DIRECTION ( 'NONE',  ( 0.000000000000000000, -1.000000000000000000, 0.000000000000000000 ) ) ;
#6029 = FACE_BOUND ( 'NONE', #1293, .T. ) ;
#6030 = EDGE_CURVE ( 'NONE', #6487, #1305, #3141, .T. ) ;
#6031 = CARTESIAN_POINT ( 'NONE',  ( 9.500000000000000000, 7.500000000000000000, 7.600000000000000533 ) ) ;
#6032 = ADVANCED_FACE ( 'NONE', ( #1949 ), #4389, .T. ) ;
#6033 = CARTESIAN_POINT ( 'NONE',  ( 2.350000000000000089, -2.000000000000000000, 0.1000000000000000056 ) ) ;
#6034 = CIRCLE ( 'NONE', #2585, 0.8000000000000020428 ) ;
#6035 = EDGE_LOOP ( 'NONE', ( #7301, #2050 ) ) ;
#6036 = EDGE_CURVE ( 'NONE', #2382, #6301, #1987, .T. ) ;
#6037 = CARTESIAN_POINT ( 'NONE',  ( -7.864218330839943150, 0.4999999999999995559, 9.500000000000000000 ) ) ;
#6038 = VERTEX_POINT ( 'NONE', #5614 ) ;
#6039 = CARTESIAN_POINT ( 'NONE',  ( 0.4300000000000014366, 0.1750000000000000167, -3.069999999999999840 ) ) ;
#6040 = LINE ( 'NONE', #4758, #7254 ) ;
#6041 = CARTESIAN_POINT ( 'NONE',  ( -9.000000000000000000, 0.4999999999999995559, -9.000000000000000000 ) ) ;
#6042 = LINE ( 'NONE', #45, #6470 ) ;
#6043 =( NAMED_UNIT ( * ) SI_UNIT ( $, .STERADIAN. ) SOLID_ANGLE_UNIT ( ) );
#6044 = ORIENTED_EDGE ( 'NONE', *, *, #3392, .F. ) ;
#6045 = ORIENTED_EDGE ( 'NONE', *, *, #1027, .T. ) ;
#6046 = ORIENTED_EDGE ( 'NONE', *, *, #1887, .T. ) ;
#6047 = DIRECTION ( 'NONE',  ( 0.000000000000000000, 0.000000000000000000, -1.000000000000000000 ) ) ;
#6048 = DIRECTION ( 'NONE',  ( 0.000000000000000000, 0.000000000000000000, 1.000000000000000000 ) ) ;
#6049 = ORIENTED_EDGE ( 'NONE', *, *, #1390, .F. ) ;
#6050 = ADVANCED_FACE ( 'NONE', ( #2023 ), #6912, .T. ) ;
#6051 = EDGE_CURVE ( 'NONE', #3523, #3460, #373, .T. ) ;
#6052 = CARTESIAN_POINT ( 'NONE',  ( -10.50000000000000533, 0.000000000000000000, 9.000000000000001776 ) ) ;
#6053 = DIRECTION ( 'NONE',  ( -0.000000000000000000, -1.000000000000000000, -0.000000000000000000 ) ) ;
#6054 = ORIENTED_EDGE ( 'NONE', *, *, #909, .F. ) ;
#6055 = CARTESIAN_POINT ( 'NONE',  ( 6.570000000000001172, 0.1750000000000000167, -3.069999999999999840 ) ) ;
#6056 = EDGE_CURVE ( 'NONE', #6625, #7548, #871, .T. ) ;
#6057 = DIRECTION ( 'NONE',  ( 0.000000000000000000, -0.000000000000000000, 1.000000000000000000 ) ) ;
#6058 =( NAMED_UNIT ( * ) PLANE_ANGLE_UNIT ( ) SI_UNIT ( $, .RADIAN. ) );
#6059 = CARTESIAN_POINT ( 'NONE',  ( 9.249999999999998224, 3.249999999999999556, 0.2500000000000000000 ) ) ;
#6060 = CARTESIAN_POINT ( 'NONE',  ( 6.769999999999997797, -3.499999999999999112, 0.2500000000000000000 ) ) ;
#6061 = EDGE_CURVE ( 'NONE', #3877, #6565, #1505, .T. ) ;
#6062 = ORIENTED_EDGE ( 'NONE', *, *, #3258, .T. ) ;
#6063 = EDGE_LOOP ( 'NONE', ( #3127, #1691, #1632, #6214 ) ) ;
#6064 = DIRECTION ( 'NONE',  ( 1.000000000000000000, 0.000000000000000000, -0.000000000000000000 ) ) ;
#6065 = FACE_OUTER_BOUND ( 'NONE', #3216, .T. ) ;
#6066 = LINE ( 'NONE', #5380, #2783 ) ;
#6067 = LINE ( 'NONE', #3114, #1364 ) ;
#6068 = AXIS2_PLACEMENT_3D ( 'NONE', #1818, #1776, #6175 ) ;
#6069 = CARTESIAN_POINT ( 'NONE',  ( -9.000000000000007105, 0.000000000000000000, 9.000000000000001776 ) ) ;
#6070 = EDGE_LOOP ( 'NONE', ( #2217, #2210, #4480, #6692 ) ) ;
#6071 = CARTESIAN_POINT ( 'NONE',  ( 16.00000000000000000, 0.000000000000000000, -1.749999999999999334 ) ) ;
#6072 = EDGE_CURVE ( 'NONE', #1061, #7343, #5858, .T. ) ;
#6073 = ORIENTED_EDGE ( 'NONE', *, *, #5242, .T. ) ;
#6074 = CARTESIAN_POINT ( 'NONE',  ( 13.99999999999999822, 0.000000000000000000, 0.2500000000000002220 ) ) ;
#6075 = VECTOR ( 'NONE', #5032, 1000.000000000000000 ) ;
#6076 = DIRECTION ( 'NONE',  ( 0.000000000000000000, 1.000000000000000000, 0.000000000000000000 ) ) ;
#6077 = VERTEX_POINT ( 'NONE', #5733 ) ;
#6078 = CARTESIAN_POINT ( 'NONE',  ( 9.499999999999994671, 0.4999999999999995559, -7.864218330839934268 ) ) ;
#6079 = PRODUCT_DEFINITION_CONTEXT ( 'detailed design', #5210, 'design' ) ;
#6080 = EDGE_CURVE ( 'NONE', #541, #5551, #7664, .T. ) ;
#6081 = AXIS2_PLACEMENT_3D ( 'NONE', #1920, #1994, #6191 ) ;
#6082 = ORIENTED_EDGE ( 'NONE', *, *, #7169, .F. ) ;
#6083 = ORIENTED_EDGE ( 'NONE', *, *, #1470, .F. ) ;
#6084 = EDGE_CURVE ( 'NONE', #7175, #128, #4618, .T. ) ;
#6085 = EDGE_LOOP ( 'NONE', ( #7601, #2944 ) ) ;
#6086 = CARTESIAN_POINT ( 'NONE',  ( 13.99999999999999822, 0.000000000000000000, -0.2499999999999997780 ) ) ;
#6087 = CYLINDRICAL_SURFACE ( 'NONE', #2152, 1.500000000000000222 ) ;
#6088 = ORIENTED_EDGE ( 'NONE', *, *, #4574, .T. ) ;
#6089 = LINE ( 'NONE', #5557, #1995 ) ;
#6090 = CYLINDRICAL_SURFACE ( 'NONE', #38, 0.8000000000000003775 ) ;
#6091 = ORIENTED_EDGE ( 'NONE', *, *, #1944, .F. ) ;
#6092 = ORIENTED_EDGE ( 'NONE', *, *, #3702, .T. ) ;
#6093 = CIRCLE ( 'NONE', #4051, 1.499999999999999556 ) ;
#6094 = LINE ( 'NONE', #631, #6549 ) ;
#6095 = AXIS2_PLACEMENT_3D ( 'NONE', #3719, #4939, #5534 ) ;
#6096 = FACE_OUTER_BOUND ( 'NONE', #7373, .T. ) ;
#6097 = ADVANCED_FACE ( 'NONE', ( #2734 ), #7026, .F. ) ;
#6098 = DIRECTION ( 'NONE',  ( 0.000000000000000000, 0.000000000000000000, 1.000000000000000000 ) ) ;
#6099 = PRODUCT ( 'PbF2 Radiator', 'PbF2 Radiator', '', ( #3485 ) ) ;
#6100 = AXIS2_PLACEMENT_3D ( 'NONE', #7208, #2997, #3731 ) ;
#6101 = CARTESIAN_POINT ( 'NONE',  ( -0.4300000000000025469, 3.070000000000000284, -1.074999999999999956 ) ) ;
#6102 = AXIS2_PLACEMENT_3D ( 'NONE', #7411, #1326, #2044 ) ;
#6103 = EDGE_CURVE ( 'NONE', #3252, #3364, #2926, .T. ) ;
#6104 = CIRCLE ( 'NONE', #1758, 1.499999999999999556 ) ;
#6105 = VERTEX_POINT ( 'NONE', #2699 ) ;
#6106 = AXIS2_PLACEMENT_3D ( 'NONE', #5688, #2024, #6913 ) ;
#6107 = ORIENTED_EDGE ( 'NONE', *, *, #952, .F. ) ;
#6108 = AXIS2_PLACEMENT_3D ( 'NONE', #5588, #772, #2511 ) ;
#6109 = CARTESIAN_POINT ( 'NONE',  ( -3.700000000000000178, 2.000000000000000000, 0.1000000000000000056 ) ) ;
#6110 = DIRECTION ( 'NONE',  ( 0.000000000000000000, 0.000000000000000000, 1.000000000000000000 ) ) ;
#6111 = CARTESIAN_POINT ( 'NONE',  ( 5.049999999999999822, -2.000000000000000000, 0.1000000000000000056 ) ) ;
#6112 = DIRECTION ( 'NONE',  ( 0.000000000000000000, 1.000000000000000000, 0.000000000000000000 ) ) ;
#6113 = DIRECTION ( 'NONE',  ( 0.000000000000000000, 1.000000000000000000, 0.000000000000000000 ) ) ;
#6114 = EDGE_CURVE ( 'NONE', #6435, #247, #4014, .T. ) ;
#6115 = VECTOR ( 'NONE', #548, 1000.000000000000000 ) ;
#6116 = VECTOR ( 'NONE', #427, 1000.000000000000000 ) ;
#6117 = ORIENTED_EDGE ( 'NONE', *, *, #7030, .F. ) ;
#6118 = DIRECTION ( 'NONE',  ( 0.000000000000000000, 0.000000000000000000, 1.000000000000000000 ) ) ;
#6119 = EDGE_CURVE ( 'NONE', #323, #495, #1400, .T. ) ;
#6120 = VERTEX_POINT ( 'NONE', #2140 ) ;
#6121 = DIRECTION ( 'NONE',  ( -0.000000000000000000, 1.000000000000000000, -0.000000000000000000 ) ) ;
#6122 = CARTESIAN_POINT ( 'NONE',  ( -1.849999999999999645, 2.000000000000000000, 0.000000000000000000 ) ) ;
#6123 = AXIS2_PLACEMENT_3D ( 'NONE', #4411, #5079, #5670 ) ;
#6124 = CARTESIAN_POINT ( 'NONE',  ( 15.50000000000000178, 0.000000000000000000, 3.799999999999999822 ) ) ;
#6125 = COLOUR_RGB ( '',0.7921568627450980005, 0.8196078431372548767, 0.9333333333333333481 ) ;
#6126 = FACE_OUTER_BOUND ( 'NONE', #4363, .T. ) ;
#6127 = EDGE_CURVE ( 'NONE', #2714, #3363, #6510, .T. ) ;
#6128 =( NAMED_UNIT ( * ) PLANE_ANGLE_UNIT ( ) SI_UNIT ( $, .RADIAN. ) );
#6129 = VERTEX_POINT ( 'NONE', #4502 ) ;
#6130 = CIRCLE ( 'NONE', #7032, 0.5000000000000000000 ) ;
#6131 = ORIENTED_EDGE ( 'NONE', *, *, #4432, .F. ) ;
#6132 = AXIS2_PLACEMENT_3D ( 'NONE', #4086, #4608, #1574 ) ;
#6133 = ORIENTED_EDGE ( 'NONE', *, *, #3631, .T. ) ;
#6134 = LINE ( 'NONE', #3698, #1780 ) ;
#6135 = CARTESIAN_POINT ( 'NONE',  ( 9.500000000000000000, 0.5000000000000004441, 7.600000000000000533 ) ) ;
#6136 = ORIENTED_EDGE ( 'NONE', *, *, #3986, .F. ) ;
#6137 = DIRECTION ( 'NONE',  ( -0.000000000000000000, 1.000000000000000000, -0.000000000000000000 ) ) ;
#6138 = EDGE_CURVE ( 'NONE', #1477, #5432, #6984, .T. ) ;
#6139 = CARTESIAN_POINT ( 'NONE',  ( -10.50000000000000533, 0.000000000000000000, 3.000000000000004441 ) ) ;
#6140 = ORIENTED_EDGE ( 'NONE', *, *, #5868, .F. ) ;
#6141 = ORIENTED_EDGE ( 'NONE', *, *, #4368, .F. ) ;
#6142 =( REPRESENTATION_RELATIONSHIP ('NONE','NONE', #5709, #1699 ) REPRESENTATION_RELATIONSHIP_WITH_TRANSFORMATION ( #7118 )SHAPE_REPRESENTATION_RELATIONSHIP( ) );
#6143 = CARTESIAN_POINT ( 'NONE',  ( 16.75000000000000000, 7.500000000000000000, 7.599999999999999645 ) ) ;
#6144 = EDGE_CURVE ( 'NONE', #2644, #1611, #4342, .T. ) ;
#6145 =( LENGTH_UNIT ( ) NAMED_UNIT ( * ) SI_UNIT ( .MILLI., .METRE. ) );
#6146 = CARTESIAN_POINT ( 'NONE',  ( -7.864218330839943150, 0.4999999999999995559, 9.500000000000000000 ) ) ;
#6147 = DIRECTION ( 'NONE',  ( 0.000000000000000000, 1.000000000000000000, 0.000000000000000000 ) ) ;
#6148 = LINE ( 'NONE', #674, #7129 ) ;
#6149 = ORIENTED_EDGE ( 'NONE', *, *, #457, .F. ) ;
#6150 = VERTEX_POINT ( 'NONE', #2064 ) ;
#6151 = CARTESIAN_POINT ( 'NONE',  ( -7.864218330839943150, 7.500000000000000000, -11.00000000000000000 ) ) ;
#6152 = DIRECTION ( 'NONE',  ( -1.326241189584715037E-16, 1.000000000000000000, 0.000000000000000000 ) ) ;
#6153 = CARTESIAN_POINT ( 'NONE',  ( 7.864218330839941373, 7.500000000000000000, -9.500000000000000000 ) ) ;
#6154 = VECTOR ( 'NONE', #970, 1000.000000000000000 ) ;
#6155 = DIRECTION ( 'NONE',  ( 0.000000000000000000, 0.000000000000000000, -1.000000000000000000 ) ) ;
#6156 = LINE ( 'NONE', #4907, #1059 ) ;
#6157 = VECTOR ( 'NONE', #2314, 1000.000000000000000 ) ;
#6158 = ORIENTED_EDGE ( 'NONE', *, *, #6495, .T. ) ;
#6159 = CARTESIAN_POINT ( 'NONE',  ( -0.4299999999999991607, 0.1750000000000000167, 3.070000000000000284 ) ) ;
#6160 = ORIENTED_EDGE ( 'NONE', *, *, #947, .T. ) ;
#6161 = CARTESIAN_POINT ( 'NONE',  ( 16.00000000000000000, 7.500000000000000000, 10.49999999999999645 ) ) ;
#6162 = DIRECTION ( 'NONE',  ( -1.000000000000000000, 0.000000000000000000, -0.000000000000000000 ) ) ;
#6163 = ADVANCED_FACE ( 'NONE', ( #3981 ), #3944, .F. ) ;
#6164 = CARTESIAN_POINT ( 'NONE',  ( -5.049999999999999822, 2.000000000000000000, 0.1000000000000000056 ) ) ;
#6165 = LINE ( 'NONE', #1328, #7624 ) ;
#6166 = VECTOR ( 'NONE', #3984, 1000.000000000000000 ) ;
#6167 = EDGE_CURVE ( 'NONE', #5701, #2935, #378, .T. ) ;
#6168 = EDGE_LOOP ( 'NONE', ( #3573, #5800, #2630, #5296 ) ) ;
#6169 = EDGE_LOOP ( 'NONE', ( #2465, #3917 ) ) ;
#6170 = DIRECTION ( 'NONE',  ( 0.000000000000000000, -1.000000000000000000, 0.000000000000000000 ) ) ;
#6171 = VERTEX_POINT ( 'NONE', #1935 ) ;
#6172 = CARTESIAN_POINT ( 'NONE',  ( 9.000000000000000000, 2.999999999999999556, -18.00000000000000000 ) ) ;
#6173 = DIRECTION ( 'NONE',  ( -0.000000000000000000, -0.000000000000000000, -1.000000000000000000 ) ) ;
#6174 = EDGE_LOOP ( 'NONE', ( #4531, #4551, #5749, #1605 ) ) ;
#6175 = DIRECTION ( 'NONE',  ( 1.000000000000000000, 0.000000000000000000, 0.000000000000000000 ) ) ;
#6176 = DIRECTION ( 'NONE',  ( -0.000000000000000000, 1.000000000000000000, -0.000000000000000000 ) ) ;
#6177 = ORIENTED_EDGE ( 'NONE', *, *, #7237, .T. ) ;
#6178 = ORIENTED_EDGE ( 'NONE', *, *, #5675, .F. ) ;
#6179 = PLANE ( 'NONE',  #4745 ) ;
#6180 = EDGE_CURVE ( 'NONE', #6734, #3883, #3217, .T. ) ;
#6181 = DIRECTION ( 'NONE',  ( 1.000000000000000000, 0.000000000000000000, -0.000000000000000000 ) ) ;
#6182 = CARTESIAN_POINT ( 'NONE',  ( -5.549999999999999822, 0.000000000000000000, 0.000000000000000000 ) ) ;
#6183 = LINE ( 'NONE', #7473, #490 ) ;
#6184 = DIRECTION ( 'NONE',  ( -0.000000000000000000, -0.000000000000000000, -1.000000000000000000 ) ) ;
#6185 = EDGE_CURVE ( 'NONE', #2959, #2247, #5717, .T. ) ;
#6186 = ORIENTED_EDGE ( 'NONE', *, *, #6873, .T. ) ;
#6187 = EDGE_CURVE ( 'NONE', #5134, #4409, #1972, .T. ) ;
#6188 = CARTESIAN_POINT ( 'NONE',  ( 13.24999999999999822, -16.34050177399711501, -0.9999999999999995559 ) ) ;
#6189 = DIRECTION ( 'NONE',  ( 0.000000000000000000, 1.000000000000000000, 0.000000000000000000 ) ) ;
#6190 = CARTESIAN_POINT ( 'NONE',  ( 17.50000000000000000, 7.500000000000000000, 8.999999999999998224 ) ) ;
#6191 = DIRECTION ( 'NONE',  ( 0.000000000000000000, 0.000000000000000000, -1.000000000000000000 ) ) ;
#6192 = DIRECTION ( 'NONE',  ( 1.000000000000000000, 0.000000000000000000, 0.000000000000000000 ) ) ;
#6193 = VERTEX_POINT ( 'NONE', #3736 ) ;
#6194 = CARTESIAN_POINT ( 'NONE',  ( -6.800000000000000711, -3.299999999999999822, -1.399999999999999911 ) ) ;
#6195 = ORIENTED_EDGE ( 'NONE', *, *, #4581, .F. ) ;
#6196 = DIRECTION ( 'NONE',  ( 0.000000000000000000, 0.000000000000000000, 1.000000000000000000 ) ) ;
#6197 = DIRECTION ( 'NONE',  ( -1.000000000000000000, -0.000000000000000000, -0.000000000000000000 ) ) ;
#6198 = PLANE ( 'NONE',  #5573 ) ;
#6199 = DIRECTION ( 'NONE',  ( -0.000000000000000000, -0.000000000000000000, -1.000000000000000000 ) ) ;
#6200 = ORIENTED_EDGE ( 'NONE', *, *, #1578, .F. ) ;
#6201 = ORIENTED_EDGE ( 'NONE', *, *, #2835, .F. ) ;
#6202 = CIRCLE ( 'NONE', #4159, 0.5000000000000000000 ) ;
#6203 = CARTESIAN_POINT ( 'NONE',  ( 6.000000000000000000, 2.800000000000001155, 0.1000000000000000056 ) ) ;
#6204 = ORIENTED_EDGE ( 'NONE', *, *, #7478, .F. ) ;
#6205 = DIRECTION ( 'NONE',  ( 0.000000000000000000, 0.000000000000000000, 1.000000000000000000 ) ) ;
#6206 = DIRECTION ( 'NONE',  ( 0.000000000000000000, 0.000000000000000000, 1.000000000000000000 ) ) ;
#6207 = PRODUCT_RELATED_PRODUCT_CATEGORY ( 'part', '', ( #615 ) ) ;
#6208 = CARTESIAN_POINT ( 'NONE',  ( 16.00000000000000000, 7.500000000000000000, 3.250000000000001332 ) ) ;
#6209 = ORIENTED_EDGE ( 'NONE', *, *, #5336, .T. ) ;
#6210 =( GEOMETRIC_REPRESENTATION_CONTEXT ( 3 ) GLOBAL_UNCERTAINTY_ASSIGNED_CONTEXT ( ( #1854 ) ) GLOBAL_UNIT_ASSIGNED_CONTEXT ( ( #5033, #6128, #7333 ) ) REPRESENTATION_CONTEXT ( 'NONE', 'WORKASPACE' ) );
#6211 = DIRECTION ( 'NONE',  ( -0.000000000000000000, 1.000000000000000000, -0.000000000000000000 ) ) ;
#6212 = DIRECTION ( 'NONE',  ( 0.000000000000000000, 0.000000000000000000, -1.000000000000000000 ) ) ;
#6213 = EDGE_LOOP ( 'NONE', ( #3048, #4689 ) ) ;
#6214 = ORIENTED_EDGE ( 'NONE', *, *, #1062, .F. ) ;
#6215 = DIRECTION ( 'NONE',  ( 0.000000000000000000, 0.000000000000000000, -1.000000000000000000 ) ) ;
#6216 = VECTOR ( 'NONE', #7402, 1000.000000000000000 ) ;
#6217 = FACE_OUTER_BOUND ( 'NONE', #6024, .T. ) ;
#6218 = CARTESIAN_POINT ( 'NONE',  ( -6.770000000000003126, 3.500000000000000888, 0.000000000000000000 ) ) ;
#6219 = DIRECTION ( 'NONE',  ( 0.000000000000000000, 1.000000000000000000, 0.000000000000000000 ) ) ;
#6220 = CARTESIAN_POINT ( 'NONE',  ( 6.570000000000002061, 0.1750000000000000167, 3.070000000000000284 ) ) ;
#6221 = EDGE_CURVE ( 'NONE', #5455, #7315, #1454, .T. ) ;
#6222 = CIRCLE ( 'NONE', #7248, 0.5500000000000010436 ) ;
#6223 = ORIENTED_EDGE ( 'NONE', *, *, #6777, .F. ) ;
#6224 = DIRECTION ( 'NONE',  ( -0.000000000000000000, -1.000000000000000000, -0.000000000000000000 ) ) ;
#6225 = DIRECTION ( 'NONE',  ( 1.000000000000000000, 1.326241189584715037E-16, -0.000000000000000000 ) ) ;
#6226 = VECTOR ( 'NONE', #3162, 1000.000000000000000 ) ;
#6227 = ADVANCED_FACE ( 'NONE', ( #3253 ), #6817, .F. ) ;
#6228 = CARTESIAN_POINT ( 'NONE',  ( -9.250000000000001776, -3.249999999999999556, 0.2500000000000000000 ) ) ;
#6229 = VECTOR ( 'NONE', #6076, 1000.000000000000000 ) ;
#6230 = AXIS2_PLACEMENT_3D ( 'NONE', #3143, #103, #5616 ) ;
#6231 = CARTESIAN_POINT ( 'NONE',  ( 17.50000000000000000, 0.000000000000000000, 10.49999999999999645 ) ) ;
#6232 = EDGE_CURVE ( 'NONE', #3023, #5771, #1777, .T. ) ;
#6233 = PRODUCT_DEFINITION_SHAPE ( 'NONE', 'NONE',  #1961 ) ;
#6234 = VECTOR ( 'NONE', #2772, 1000.000000000000000 ) ;
#6235 = ORIENTED_EDGE ( 'NONE', *, *, #6409, .T. ) ;
#6236 = CARTESIAN_POINT ( 'NONE',  ( 14.74999999999999822, -16.34050177399711501, 2.500000000000001332 ) ) ;
#6237 = CIRCLE ( 'NONE', #3314, 1.499999999999999556 ) ;
#6238 = ORIENTED_EDGE ( 'NONE', *, *, #2013, .T. ) ;
#6239 = DIRECTION ( 'NONE',  ( -1.000000000000000000, 0.000000000000000000, 1.858632295689434870E-16 ) ) ;
#6240 = EDGE_CURVE ( 'NONE', #3257, #6850, #2415, .T. ) ;
#6241 = PLANE ( 'NONE',  #6102 ) ;
#6242 = LINE ( 'NONE', #889, #4182 ) ;
#6243 = FACE_OUTER_BOUND ( 'NONE', #5804, .T. ) ;
#6244 = VECTOR ( 'NONE', #5781, 1000.000000000000000 ) ;
#6245 = AXIS2_PLACEMENT_3D ( 'NONE', #5572, #6225, #6152 ) ;
#6246 = ORIENTED_EDGE ( 'NONE', *, *, #1790, .F. ) ;
#6247 = ORIENTED_EDGE ( 'NONE', *, *, #5194, .F. ) ;
#6248 = EDGE_CURVE ( 'NONE', #4889, #824, #897, .T. ) ;
#6249 = DIRECTION ( 'NONE',  ( -0.000000000000000000, 1.000000000000000000, -0.000000000000000000 ) ) ;
#6250 = ORIENTED_EDGE ( 'NONE', *, *, #7789, .T. ) ;
#6251 = DIRECTION ( 'NONE',  ( 0.000000000000000000, 1.000000000000000000, -0.000000000000000000 ) ) ;
#6252 = LINE ( 'NONE', #7041, #4702 ) ;
#6253 = VECTOR ( 'NONE', #7859, 1000.000000000000000 ) ;
#6254 = DIRECTION ( 'NONE',  ( 0.000000000000000000, 0.000000000000000000, -1.000000000000000000 ) ) ;
#6255 = EDGE_LOOP ( 'NONE', ( #206, #2533, #6117, #6443 ) ) ;
#6256 = DIRECTION ( 'NONE',  ( 1.000000000000000000, 0.000000000000000000, 0.000000000000000000 ) ) ;
#6257 = VECTOR ( 'NONE', #5918, 1000.000000000000000 ) ;
#6258 = DIRECTION ( 'NONE',  ( -0.000000000000000000, -1.000000000000000000, -0.000000000000000000 ) ) ;
#6259 = EDGE_LOOP ( 'NONE', ( #1272, #6200, #1425, #3773 ) ) ;
#6260 = AXIS2_PLACEMENT_3D ( 'NONE', #3971, #898, #934 ) ;
#6261 = VERTEX_POINT ( 'NONE', #6203 ) ;
#6262 = EDGE_CURVE ( 'NONE', #5353, #6422, #7421, .T. ) ;
#6263 = CARTESIAN_POINT ( 'NONE',  ( -1.849999999999999645, 2.000000000000000000, 0.1000000000000000056 ) ) ;
#6264 = CIRCLE ( 'NONE', #7288, 0.5000000000000004441 ) ;
#6265 = ORIENTED_EDGE ( 'NONE', *, *, #7512, .T. ) ;
#6266 = VECTOR ( 'NONE', #5543, 1000.000000000000000 ) ;
#6267 = PLANE ( 'NONE',  #2540 ) ;
#6268 = LINE ( 'NONE', #795, #5844 ) ;
#6269 = UNCERTAINTY_MEASURE_WITH_UNIT (LENGTH_MEASURE( 1.000000000000000082E-05 ), #2191, 'distance_accuracy_value', 'NONE');
#6270 = CARTESIAN_POINT ( 'NONE',  ( 7.864218330839944926, 7.500000000000000000, 9.500000000000000000 ) ) ;
#6271 = EDGE_CURVE ( 'NONE', #4736, #6603, #3862, .T. ) ;
#6272 = ORIENTED_EDGE ( 'NONE', *, *, #834, .F. ) ;
#6273 = DIRECTION ( 'NONE',  ( 1.000000000000000000, 0.000000000000000000, 0.000000000000000000 ) ) ;
#6274 = DIRECTION ( 'NONE',  ( -0.000000000000000000, 1.000000000000000000, -0.000000000000000000 ) ) ;
#6275 = DIRECTION ( 'NONE',  ( 0.000000000000000000, -1.000000000000000000, 0.000000000000000000 ) ) ;
#6276 = DIRECTION ( 'NONE',  ( 0.000000000000000000, -0.000000000000000000, -1.000000000000000000 ) ) ;
#6277 = VERTEX_POINT ( 'NONE', #131 ) ;
#6278 = CARTESIAN_POINT ( 'NONE',  ( 15.49999999999999822, 0.000000000000000000, 1.750000000000000666 ) ) ;
#6279 = ORIENTED_EDGE ( 'NONE', *, *, #4262, .F. ) ;
#6280 = CYLINDRICAL_SURFACE ( 'NONE', #906, 1.500000000000000000 ) ;
#6281 = ADVANCED_FACE ( 'NONE', ( #3817 ), #2564, .F. ) ;
#6282 = CARTESIAN_POINT ( 'NONE',  ( -6.569999999999999396, 0.1750000000000000167, 3.070000000000000284 ) ) ;
#6283 = ADVANCED_FACE ( 'NONE', ( #7542 ), #5001, .F. ) ;
#6284 = FACE_OUTER_BOUND ( 'NONE', #2695, .T. ) ;
#6285 = LINE ( 'NONE', #813, #5945 ) ;
#6286 = SHAPE_REPRESENTATION ( 'SiPM lens 2x1', ( #152 ), #5305 ) ;
#6287 = AXIS2_PLACEMENT_3D ( 'NONE', #328, #6378, #938 ) ;
#6288 = ADVANCED_FACE ( 'NONE', ( #4451 ), #2053, .F. ) ;
#6289 =( NAMED_UNIT ( * ) PLANE_ANGLE_UNIT ( ) SI_UNIT ( $, .RADIAN. ) );
#6290 = VERTEX_POINT ( 'NONE', #1892 ) ;
#6291 = ORIENTED_EDGE ( 'NONE', *, *, #5562, .F. ) ;
#6292 = DIRECTION ( 'NONE',  ( -0.000000000000000000, 1.000000000000000000, 0.000000000000000000 ) ) ;
#6293 = ORIENTED_EDGE ( 'NONE', *, *, #4262, .T. ) ;
#6294 = LINE ( 'NONE', #4528, #2297 ) ;
#6295 = EDGE_CURVE ( 'NONE', #5396, #323, #1416, .T. ) ;
#6296 = CARTESIAN_POINT ( 'NONE',  ( 13.99999999999999822, 0.000000000000000000, 1.750000000000000888 ) ) ;
#6297 = VECTOR ( 'NONE', #3557, 1000.000000000000000 ) ;
#6298 = EDGE_LOOP ( 'NONE', ( #3861, #458 ) ) ;
#6299 = CARTESIAN_POINT ( 'NONE',  ( 3.200000000000000622, 0.000000000000000000, 0.000000000000000000 ) ) ;
#6300 = DIRECTION ( 'NONE',  ( 0.000000000000000000, 0.000000000000000000, 1.000000000000000000 ) ) ;
#6301 = VERTEX_POINT ( 'NONE', #1369 ) ;
#6302 = CIRCLE ( 'NONE', #4253, 0.2500000000000002220 ) ;
#6303 = ORIENTED_EDGE ( 'NONE', *, *, #3213, .T. ) ;
#6304 = DIRECTION ( 'NONE',  ( 0.000000000000000000, 0.000000000000000000, 1.000000000000000000 ) ) ;
#6305 = ORIENTED_EDGE ( 'NONE', *, *, #869, .F. ) ;
#6306 = CARTESIAN_POINT ( 'NONE',  ( 8.604945506379110043, 0.4999999999999995559, 9.695652173913043015 ) ) ;
#6307 = FACE_OUTER_BOUND ( 'NONE', #7444, .T. ) ;
#6308 = PLANE ( 'NONE',  #2900 ) ;
#6309 = ADVANCED_FACE ( 'NONE', ( #166 ), #2600, .F. ) ;
#6310 = ORIENTED_EDGE ( 'NONE', *, *, #232, .T. ) ;
#6311 = CARTESIAN_POINT ( 'NONE',  ( -9.500000000000001776, -3.499999999999999556, -18.50000000000000000 ) ) ;
#6312 = PLANE ( 'NONE',  #4585 ) ;
#6313 = EDGE_CURVE ( 'NONE', #4534, #1832, #6896, .T. ) ;
#6314 = CARTESIAN_POINT ( 'NONE',  ( -4.200000000000000178, 0.000000000000000000, 0.1000000000000000056 ) ) ;
#6315 = DIRECTION ( 'NONE',  ( -0.000000000000000000, 1.000000000000000000, -0.000000000000000000 ) ) ;
#6316 = ORIENTED_EDGE ( 'NONE', *, *, #6532, .F. ) ;
#6317 = FACE_OUTER_BOUND ( 'NONE', #4294, .T. ) ;
#6318 = VERTEX_POINT ( 'NONE', #4562 ) ;
#6319 = CARTESIAN_POINT ( 'NONE',  ( 15.25000000000000178, 7.500000000000000000, 6.100000000000000533 ) ) ;
#6320 = DIRECTION ( 'NONE',  ( -0.000000000000000000, -0.000000000000000000, 1.000000000000000000 ) ) ;
#6321 = CARTESIAN_POINT ( 'NONE',  ( -6.050000000000000711, -2.000000000000000000, 0.1000000000000000056 ) ) ;
#6322 = DIRECTION ( 'NONE',  ( -1.000000000000000000, 0.000000000000000000, 0.000000000000000000 ) ) ;
#6323 = ORIENTED_EDGE ( 'NONE', *, *, #6187, .T. ) ;
#6324 = ADVANCED_FACE ( 'NONE', ( #5122 ), #5757, .T. ) ;
#6325 = ORIENTED_EDGE ( 'NONE', *, *, #4709, .T. ) ;
#6326 = DIRECTION ( 'NONE',  ( 0.000000000000000000, 0.000000000000000000, 1.000000000000000000 ) ) ;
#6327 = ORIENTED_EDGE ( 'NONE', *, *, #6346, .F. ) ;
#6328 = DIRECTION ( 'NONE',  ( -1.000000000000000000, -1.239088197126291063E-16, -0.000000000000000000 ) ) ;
#6329 = DIRECTION ( 'NONE',  ( 1.000000000000000000, 0.000000000000000000, 0.000000000000000000 ) ) ;
#6330 = ORIENTED_EDGE ( 'NONE', *, *, #1240, .T. ) ;
#6331 = ADVANCED_FACE ( 'NONE', ( #2754 ), #4039, .T. ) ;
#6332 = CARTESIAN_POINT ( 'NONE',  ( -10.50000000000000533, 0.000000000000000000, -9.000000000000001776 ) ) ;
#6333 = VECTOR ( 'NONE', #3259, 1000.000000000000000 ) ;
#6334 = DIRECTION ( 'NONE',  ( 0.000000000000000000, 1.000000000000000000, 0.000000000000000000 ) ) ;
#6335 = EDGE_LOOP ( 'NONE', ( #1981, #676, #7856, #1021 ) ) ;
#6336 = ADVANCED_FACE ( 'NONE', ( #3403 ), #2202, .T. ) ;
#6337 = ORIENTED_EDGE ( 'NONE', *, *, #1729, .F. ) ;
#6338 = DIRECTION ( 'NONE',  ( 0.000000000000000000, 0.000000000000000000, -1.000000000000000000 ) ) ;
#6339 = EDGE_LOOP ( 'NONE', ( #1770, #639, #4923, #870 ) ) ;
#6340 = VECTOR ( 'NONE', #4878, 1000.000000000000000 ) ;
#6341 = DIRECTION ( 'NONE',  ( -0.000000000000000000, -0.000000000000000000, -1.000000000000000000 ) ) ;
#6342 = DIRECTION ( 'NONE',  ( 0.000000000000000000, 0.000000000000000000, 1.000000000000000000 ) ) ;
#6343 = CIRCLE ( 'NONE', #7544, 0.5500000000000010436 ) ;
#6344 = CYLINDRICAL_SURFACE ( 'NONE', #4504, 1.499999999999999556 ) ;
#6345 = ORIENTED_EDGE ( 'NONE', *, *, #1157, .T. ) ;
#6346 = EDGE_CURVE ( 'NONE', #2902, #2439, #4002, .T. ) ;
#6347 = DIRECTION ( 'NONE',  ( -1.000000000000000000, -0.000000000000000000, -0.000000000000000000 ) ) ;
#6348 = DIRECTION ( 'NONE',  ( 0.000000000000000000, -0.000000000000000000, -1.000000000000000000 ) ) ;
#6349 = DIRECTION ( 'NONE',  ( -1.000000000000000000, 0.000000000000000000, 0.000000000000000000 ) ) ;
#6350 = UNCERTAINTY_MEASURE_WITH_UNIT (LENGTH_MEASURE( 1.000000000000000082E-05 ), #1023, 'distance_accuracy_value', 'NONE');
#6351 = CARTESIAN_POINT ( 'NONE',  ( 9.499999999999998224, 3.249999999999999556, 0.2500000000000000000 ) ) ;
#6352 = VECTOR ( 'NONE', #2384, 1000.000000000000000 ) ;
#6353 = EDGE_CURVE ( 'NONE', #3002, #6487, #3840, .T. ) ;
#6354 = ORIENTED_EDGE ( 'NONE', *, *, #273, .F. ) ;
#6355 = CIRCLE ( 'NONE', #2896, 1.499999999999999556 ) ;
#6356 = VERTEX_POINT ( 'NONE', #963 ) ;
#6357 = AXIS2_PLACEMENT_3D ( 'NONE', #5161, #171, #3662 ) ;
#6358 = CARTESIAN_POINT ( 'NONE',  ( -5.000000000000000000, 2.799999999999999822, 0.1000000000000000056 ) ) ;
#6359 = VECTOR ( 'NONE', #2981, 1000.000000000000000 ) ;
#6360 = DIRECTION ( 'NONE',  ( 1.000000000000000000, 0.000000000000000000, 0.000000000000000000 ) ) ;
#6361 = DIRECTION ( 'NONE',  ( -0.000000000000000000, -0.000000000000000000, -1.000000000000000000 ) ) ;
#6362 = CARTESIAN_POINT ( 'NONE',  ( 3.299999999999998934, 2.799999999999999378, 0.1000000000000000056 ) ) ;
#6363 = AXIS2_PLACEMENT_3D ( 'NONE', #5912, #7002, #6561 ) ;
#6364 = VECTOR ( 'NONE', #3256, 1000.000000000000000 ) ;
#6365 = VERTEX_POINT ( 'NONE', #2088 ) ;
#6366 = AXIS2_PLACEMENT_3D ( 'NONE', #1679, #4747, #3596 ) ;
#6367 = ADVANCED_FACE ( 'NONE', ( #3487 ), #2723, .F. ) ;
#6368 = VERTEX_POINT ( 'NONE', #7733 ) ;
#6369 = DIRECTION ( 'NONE',  ( 0.000000000000000000, 1.000000000000000000, 0.000000000000000000 ) ) ;
#6370 = VERTEX_POINT ( 'NONE', #319 ) ;
#6371 = CARTESIAN_POINT ( 'NONE',  ( 3.700000000000000178, 2.000000000000000000, 0.000000000000000000 ) ) ;
#6372 = DIRECTION ( 'NONE',  ( -0.000000000000000000, -1.000000000000000000, -0.000000000000000000 ) ) ;
#6373 = AXIS2_PLACEMENT_3D ( 'NONE', #4904, #5416, #7355 ) ;
#6374 = ORIENTED_EDGE ( 'NONE', *, *, #3858, .F. ) ;
#6375 = AXIS2_PLACEMENT_3D ( 'NONE', #3112, #65, #7399 ) ;
#6376 = EDGE_CURVE ( 'NONE', #5828, #1700, #3927, .T. ) ;
#6377 = CARTESIAN_POINT ( 'NONE',  ( 9.249999999999998224, 3.249999999999999556, 0.5000000000000000000 ) ) ;
#6378 = DIRECTION ( 'NONE',  ( -0.000000000000000000, -1.000000000000000000, -0.000000000000000000 ) ) ;
#6379 = ORIENTED_EDGE ( 'NONE', *, *, #5049, .T. ) ;
#6380 = AXIS2_PLACEMENT_3D ( 'NONE', #4227, #5448, #6098 ) ;
#6381 = VERTEX_POINT ( 'NONE', #441 ) ;
#6382 = VECTOR ( 'NONE', #4310, 1000.000000000000000 ) ;
#6383 = DIRECTION ( 'NONE',  ( 1.000000000000000000, 0.000000000000000000, 0.000000000000000000 ) ) ;
#6384 = ORIENTED_EDGE ( 'NONE', *, *, #1308, .T. ) ;
#6385 = EDGE_CURVE ( 'NONE', #2601, #5728, #2801, .T. ) ;
#6386 = CARTESIAN_POINT ( 'NONE',  ( 6.000000000000000000, 2.800000000000001155, 0.1000000000000000056 ) ) ;
#6387 = CARTESIAN_POINT ( 'NONE',  ( -8.999999999999998224, 6.000000000000000000, 8.999999999999998224 ) ) ;
#6388 = VECTOR ( 'NONE', #3788, 1000.000000000000000 ) ;
#6389 = ADVANCED_FACE ( 'NONE', ( #359 ), #2124, .F. ) ;
#6390 = CIRCLE ( 'NONE', #4716, 0.4999999999999995559 ) ;
#6391 = DIRECTION ( 'NONE',  ( 1.000000000000000000, 0.000000000000000000, -0.000000000000000000 ) ) ;
#6392 = EDGE_CURVE ( 'NONE', #3437, #1822, #4083, .T. ) ;
#6393 = AXIS2_PLACEMENT_3D ( 'NONE', #6923, #1283, #3156 ) ;
#6394 = EDGE_LOOP ( 'NONE', ( #4770, #4335, #2731, #6399 ) ) ;
#6395 = VECTOR ( 'NONE', #7815, 1000.000000000000000 ) ;
#6396 = DIRECTION ( 'NONE',  ( -0.000000000000000000, -1.000000000000000000, -0.000000000000000000 ) ) ;
#6397 = DIRECTION ( 'NONE',  ( -1.826024711554533913E-16, 0.000000000000000000, -1.000000000000000000 ) ) ;
#6398 = DIRECTION ( 'NONE',  ( 0.000000000000000000, 1.000000000000000000, 0.000000000000000000 ) ) ;
#6399 = ORIENTED_EDGE ( 'NONE', *, *, #7235, .T. ) ;
#6400 = VERTEX_POINT ( 'NONE', #3448 ) ;
#6401 = CARTESIAN_POINT ( 'NONE',  ( -16.00000000000000000, 0.4999999999999995559, 1.050000000000000266 ) ) ;
#6402 = DIRECTION ( 'NONE',  ( 1.000000000000000000, 0.000000000000000000, -0.000000000000000000 ) ) ;
#6403 = DIRECTION ( 'NONE',  ( -0.000000000000000000, -0.000000000000000000, 1.000000000000000000 ) ) ;
#6404 = DIRECTION ( 'NONE',  ( -0.000000000000000000, -0.000000000000000000, -1.000000000000000000 ) ) ;
#6405 = CARTESIAN_POINT ( 'NONE',  ( -9.000000000000007105, 0.000000000000000000, -10.50000000000000000 ) ) ;
#6406 = CARTESIAN_POINT ( 'NONE',  ( -19.97434152639470639, 6.658170938957482576, 30.37057002075016499 ) ) ;
#6407 = VERTEX_POINT ( 'NONE', #7696 ) ;
#6408 = CARTESIAN_POINT ( 'NONE',  ( 9.249999999999998224, -3.249999999999999556, -18.25000000000000000 ) ) ;
#6409 = EDGE_CURVE ( 'NONE', #1180, #905, #286, .T. ) ;
#6410 = VERTEX_POINT ( 'NONE', #5158 ) ;
#6411 = DIRECTION ( 'NONE',  ( 0.000000000000000000, 0.000000000000000000, -1.000000000000000000 ) ) ;
#6412 = DIRECTION ( 'NONE',  ( 1.000000000000000000, 0.000000000000000000, 0.000000000000000000 ) ) ;
#6413 = EDGE_LOOP ( 'NONE', ( #5351, #2764, #6698, #3994 ) ) ;
#6414 = EDGE_CURVE ( 'NONE', #1945, #5701, #1533, .T. ) ;
#6415 = DIRECTION ( 'NONE',  ( -0.000000000000000000, -0.000000000000000000, -1.000000000000000000 ) ) ;
#6416 =( GEOMETRIC_REPRESENTATION_CONTEXT ( 3 ) GLOBAL_UNCERTAINTY_ASSIGNED_CONTEXT ( ( #4804 ) ) GLOBAL_UNIT_ASSIGNED_CONTEXT ( ( #7173, #571, #3572 ) ) REPRESENTATION_CONTEXT ( 'NONE', 'WORKASPACE' ) );
#6417 = FACE_OUTER_BOUND ( 'NONE', #1709, .T. ) ;
#6418 = ORIENTED_EDGE ( 'NONE', *, *, #1830, .T. ) ;
#6419 = ORIENTED_EDGE ( 'NONE', *, *, #3494, .F. ) ;
#6420 = CIRCLE ( 'NONE', #2965, 0.5000000000000004441 ) ;
#6421 =( NAMED_UNIT ( * ) SI_UNIT ( $, .STERADIAN. ) SOLID_ANGLE_UNIT ( ) );
#6422 = VERTEX_POINT ( 'NONE', #1572 ) ;
#6423 = DIRECTION ( 'NONE',  ( 0.000000000000000000, -1.000000000000000000, 0.000000000000000000 ) ) ;
#6424 = CARTESIAN_POINT ( 'NONE',  ( -6.570000000000002061, 3.070000000000000284, -0.5000000000000000000 ) ) ;
#6425 = AXIS2_PLACEMENT_3D ( 'NONE', #1028, #300, #5853 ) ;
#6426 = CARTESIAN_POINT ( 'NONE',  ( 5.549999999999999822, -2.000000000000000000, 0.1000000000000000056 ) ) ;
#6427 = EDGE_CURVE ( 'NONE', #1453, #3529, #7082, .T. ) ;
#6428 = ORIENTED_EDGE ( 'NONE', *, *, #2315, .F. ) ;
#6429 = CARTESIAN_POINT ( 'NONE',  ( -6.769999999999998685, 0.7500000000000000000, -3.270000000000000018 ) ) ;
#6430 =( LENGTH_UNIT ( ) NAMED_UNIT ( * ) SI_UNIT ( .MILLI., .METRE. ) );
#6431 = LINE ( 'NONE', #7268, #6504 ) ;
#6432 = ADVANCED_FACE ( 'NONE', ( #1650 ), #1048, .F. ) ;
#6433 = CARTESIAN_POINT ( 'NONE',  ( -6.800000000000000711, -3.299999999999999822, -1.399999999999999911 ) ) ;
#6434 = EDGE_CURVE ( 'NONE', #2054, #6193, #258, .T. ) ;
#6435 = VERTEX_POINT ( 'NONE', #2437 ) ;
#6436 = EDGE_LOOP ( 'NONE', ( #1214, #6582 ) ) ;
#6437 = CARTESIAN_POINT ( 'NONE',  ( 16.00000000000000000, 7.500000000000000000, 3.250000000000001332 ) ) ;
#6438 = CARTESIAN_POINT ( 'NONE',  ( -5.049999999999999822, -2.000000000000000000, 0.000000000000000000 ) ) ;
#6439 = DIRECTION ( 'NONE',  ( -0.000000000000000000, -0.000000000000000000, -1.000000000000000000 ) ) ;
#6440 = CARTESIAN_POINT ( 'NONE',  ( 17.50000000000000355, 7.500000000000000000, -3.249999999999997780 ) ) ;
#6441 = DIRECTION ( 'NONE',  ( 0.000000000000000000, 0.000000000000000000, 1.000000000000000000 ) ) ;
#6442 = DIRECTION ( 'NONE',  ( 1.000000000000000000, 0.000000000000000000, 0.000000000000000000 ) ) ;
#6443 = ORIENTED_EDGE ( 'NONE', *, *, #3851, .F. ) ;
#6444 = DIRECTION ( 'NONE',  ( 0.000000000000000000, 0.000000000000000000, 1.000000000000000000 ) ) ;
#6445 = ORIENTED_EDGE ( 'NONE', *, *, #305, .T. ) ;
#6446 = DIRECTION ( 'NONE',  ( -1.000000000000000000, -7.063206335410453318E-17, 0.000000000000000000 ) ) ;
#6447 = CARTESIAN_POINT ( 'NONE',  ( 3.200000000000000622, 0.000000000000000000, 0.1000000000000000056 ) ) ;
#6448 = ORIENTED_EDGE ( 'NONE', *, *, #5927, .T. ) ;
#6449 = DIRECTION ( 'NONE',  ( 0.000000000000000000, 0.000000000000000000, -1.000000000000000000 ) ) ;
#6450 = DIRECTION ( 'NONE',  ( -9.912705577010326782E-17, 0.000000000000000000, -1.000000000000000000 ) ) ;
#6451 = VERTEX_POINT ( 'NONE', #7885 ) ;
#6452 = VERTEX_POINT ( 'NONE', #3604 ) ;
#6453 = LINE ( 'NONE', #3381, #5987 ) ;
#6454 = ORIENTED_EDGE ( 'NONE', *, *, #5981, .T. ) ;
#6455 = DIRECTION ( 'NONE',  ( -0.000000000000000000, 1.000000000000000000, -0.000000000000000000 ) ) ;
#6456 = DIRECTION ( 'NONE',  ( -0.000000000000000000, 1.000000000000000000, -0.000000000000000000 ) ) ;
#6457 = CIRCLE ( 'NONE', #454, 0.5500000000000010436 ) ;
#6458 = DIRECTION ( 'NONE',  ( 0.000000000000000000, 0.000000000000000000, 1.000000000000000000 ) ) ;
#6459 = ORIENTED_EDGE ( 'NONE', *, *, #2937, .T. ) ;
#6460 = ADVANCED_FACE ( 'NONE', ( #5468 ), #3519, .T. ) ;
#6461 = VERTEX_POINT ( 'NONE', #7846 ) ;
#6462 = DIRECTION ( 'NONE',  ( 1.000000000000000000, 0.000000000000000000, 0.000000000000000000 ) ) ;
#6463 = VECTOR ( 'NONE', #1172, 1000.000000000000000 ) ;
#6464 = CARTESIAN_POINT ( 'NONE',  ( -10.50000000000000533, 0.000000000000000000, 9.000000000000001776 ) ) ;
#6465 = LINE ( 'NONE', #7188, #761 ) ;
#6466 =( NAMED_UNIT ( * ) PLANE_ANGLE_UNIT ( ) SI_UNIT ( $, .RADIAN. ) );
#6467 = AXIS2_PLACEMENT_3D ( 'NONE', #3249, #4997, #3165 ) ;
#6468 = EDGE_CURVE ( 'NONE', #1617, #4865, #5862, .T. ) ;
#6469 = CARTESIAN_POINT ( 'NONE',  ( 16.00000000000000000, 0.4999999999999995559, 9.000000000000000000 ) ) ;
#6470 = VECTOR ( 'NONE', #4790, 1000.000000000000000 ) ;
#6471 = ORIENTED_EDGE ( 'NONE', *, *, #5152, .T. ) ;
#6472 = ORIENTED_EDGE ( 'NONE', *, *, #3432, .T. ) ;
#6473 = EDGE_CURVE ( 'NONE', #1135, #5895, #1686, .T. ) ;
#6474 = CARTESIAN_POINT ( 'NONE',  ( 9.249999999999998224, -3.249999999999999556, -18.25000000000000000 ) ) ;
#6475 = CARTESIAN_POINT ( 'NONE',  ( 14.74999999999999822, -16.34050177399711501, -0.9999999999999995559 ) ) ;
#6476 = VECTOR ( 'NONE', #4066, 1000.000000000000000 ) ;
#6477 = DIRECTION ( 'NONE',  ( 0.000000000000000000, -1.000000000000000000, 0.000000000000000000 ) ) ;
#6478 = CARTESIAN_POINT ( 'NONE',  ( -10.50000000000000533, 0.000000000000000000, -9.000000000000001776 ) ) ;
#6479 = ADVANCED_FACE ( 'NONE', ( #4833 ), #4721, .T. ) ;
#6480 = LINE ( 'NONE', #5267, #4668 ) ;
#6481 = DIRECTION ( 'NONE',  ( 0.000000000000000000, 1.000000000000000000, 0.000000000000000000 ) ) ;
#6482 = CARTESIAN_POINT ( 'NONE',  ( 11.11887872680208744, 9.992951749970384157, 8.385486885166194782 ) ) ;
#6483 = AXIS2_PLACEMENT_3D ( 'NONE', #6208, #1374, #785 ) ;
#6484 = ORIENTED_EDGE ( 'NONE', *, *, #763, .T. ) ;
#6485 = ADVANCED_FACE ( 'NONE', ( #1239, #4242, #1167, #2915, #5388 ), #7286, .F. ) ;
#6486 = VECTOR ( 'NONE', #759, 1000.000000000000000 ) ;
#6487 = VERTEX_POINT ( 'NONE', #6037 ) ;
#6488 = DIRECTION ( 'NONE',  ( -1.000000000000000000, -0.000000000000000000, -4.956352788505166226E-16 ) ) ;
#6489 = LINE ( 'NONE', #1088, #1509 ) ;
#6490 = ORIENTED_EDGE ( 'NONE', *, *, #3315, .F. ) ;
#6491 = DIRECTION ( 'NONE',  ( 1.000000000000000000, 0.000000000000000000, 0.000000000000000000 ) ) ;
#6492 = CIRCLE ( 'NONE', #98, 1.500000000000000000 ) ;
#6493 = PLANE ( 'NONE',  #3474 ) ;
#6494 = ORIENTED_EDGE ( 'NONE', *, *, #595, .T. ) ;
#6495 = EDGE_CURVE ( 'NONE', #2575, #5395, #4348, .T. ) ;
#6496 = VERTEX_POINT ( 'NONE', #2281 ) ;
#6497 = VECTOR ( 'NONE', #3310, 1000.000000000000000 ) ;
#6498 = VECTOR ( 'NONE', #3440, 1000.000000000000000 ) ;
#6499 = DIRECTION ( 'NONE',  ( 1.000000000000000000, 0.000000000000000000, 0.000000000000000000 ) ) ;
#6500 = AXIS2_PLACEMENT_3D ( 'NONE', #6475, #170, #2603 ) ;
#6501 = ORIENTED_EDGE ( 'NONE', *, *, #6221, .F. ) ;
#6502 = EDGE_CURVE ( 'NONE', #1100, #1007, #3680, .T. ) ;
#6503 = DIRECTION ( 'NONE',  ( 0.000000000000000000, -1.000000000000000000, 0.000000000000000000 ) ) ;
#6504 = VECTOR ( 'NONE', #4740, 1000.000000000000000 ) ;
#6505 = AXIS2_PLACEMENT_3D ( 'NONE', #5369, #7222, #1739 ) ;
#6506 = CARTESIAN_POINT ( 'NONE',  ( 17.50000000000000000, 0.4999999999999995559, 10.49999999999999645 ) ) ;
#6507 = ORIENTED_EDGE ( 'NONE', *, *, #2663, .T. ) ;
#6508 = VERTEX_POINT ( 'NONE', #1204 ) ;
#6509 = FACE_BOUND ( 'NONE', #1977, .T. ) ;
#6510 = CIRCLE ( 'NONE', #2794, 0.5000000000000004441 ) ;
#6511 = DIRECTION ( 'NONE',  ( 0.000000000000000000, 0.000000000000000000, 1.000000000000000000 ) ) ;
#6512 = DIRECTION ( 'NONE',  ( -0.000000000000000000, 1.000000000000000000, -0.000000000000000000 ) ) ;
#6513 = CIRCLE ( 'NONE', #2293, 0.5000000000000004441 ) ;
#6514 = FILL_AREA_STYLE_COLOUR ( '', #5214 ) ;
#6515 = FACE_OUTER_BOUND ( 'NONE', #7285, .T. ) ;
#6516 = ADVANCED_FACE ( 'NONE', ( #7768 ), #563, .F. ) ;
#6517 = CIRCLE ( 'NONE', #6393, 0.5000000000000000000 ) ;
#6518 = VECTOR ( 'NONE', #6446, 1000.000000000000000 ) ;
#6519 = EDGE_LOOP ( 'NONE', ( #6418, #5146, #6661 ) ) ;
#6520 = ORIENTED_EDGE ( 'NONE', *, *, #4080, .T. ) ;
#6521 = SPHERICAL_SURFACE ( 'NONE', #3299, 0.2500000000000000000 ) ;
#6522 = CARTESIAN_POINT ( 'NONE',  ( -16.00000000000000000, 0.000000000000000000, 0.000000000000000000 ) ) ;
#6523 = FACE_OUTER_BOUND ( 'NONE', #3576, .T. ) ;
#6524 = DIRECTION ( 'NONE',  ( 1.000000000000000000, 0.000000000000000000, -1.239088197126289831E-16 ) ) ;
#6525 = LINE ( 'NONE', #1000, #6983 ) ;
#6526 = LINE ( 'NONE', #2353, #6297 ) ;
#6527 = PRODUCT_CONTEXT ( 'NONE', #3690, 'mechanical' ) ;
#6528 = ORIENTED_EDGE ( 'NONE', *, *, #6376, .T. ) ;
#6529 = DIRECTION ( 'NONE',  ( 0.000000000000000000, 1.000000000000000000, 0.000000000000000000 ) ) ;
#6530 = EDGE_CURVE ( 'NONE', #6979, #3726, #6000, .T. ) ;
#6531 = VERTEX_POINT ( 'NONE', #2318 ) ;
#6532 = EDGE_CURVE ( 'NONE', #7596, #4797, #601, .T. ) ;
#6533 = CARTESIAN_POINT ( 'NONE',  ( -2.349999999999999645, -2.000000000000000000, 0.1000000000000000056 ) ) ;
#6534 = CYLINDRICAL_SURFACE ( 'NONE', #2266, 0.8000000000000003775 ) ;
#6535 = ORIENTED_EDGE ( 'NONE', *, *, #3751, .T. ) ;
#6536 = CARTESIAN_POINT ( 'NONE',  ( -3.700000000000000178, 0.000000000000000000, 0.1000000000000000056 ) ) ;
#6537 = ADVANCED_FACE ( 'NONE', ( #5951 ), #4754, .T. ) ;
#6538 = SHAPE_REPRESENTATION_RELATIONSHIP ( 'NONE' , 'NONE' ,  #5512, #4267 ) ;
#6539 = ORIENTED_EDGE ( 'NONE', *, *, #6677, .T. ) ;
#6540 = VERTEX_POINT ( 'NONE', #4156 ) ;
#6541 = EDGE_CURVE ( 'NONE', #5638, #6422, #3451, .T. ) ;
#6542 = DIRECTION ( 'NONE',  ( 1.000000000000000000, 0.000000000000000000, -9.912705577010326782E-17 ) ) ;
#6543 =( GEOMETRIC_REPRESENTATION_CONTEXT ( 3 ) GLOBAL_UNCERTAINTY_ASSIGNED_CONTEXT ( ( #1542 ) ) GLOBAL_UNIT_ASSIGNED_CONTEXT ( ( #7854, #5360, #7246 ) ) REPRESENTATION_CONTEXT ( 'NONE', 'WORKASPACE' ) );
#6544 = ORIENTED_EDGE ( 'NONE', *, *, #5887, .F. ) ;
#6545 = FACE_OUTER_BOUND ( 'NONE', #3937, .T. ) ;
#6546 = SHAPE_REPRESENTATION ( 'HEPI-PbF2', ( #1233, #2120, #207, #7364 ), #4548 ) ;
#6547 = LINE ( 'NONE', #2143, #5137 ) ;
#6548 = ORIENTED_EDGE ( 'NONE', *, *, #3099, .F. ) ;
#6549 = VECTOR ( 'NONE', #908, 1000.000000000000000 ) ;
#6550 = CARTESIAN_POINT ( 'NONE',  ( -9.500000000000001776, -3.499999999999999556, 0.2500000000000002220 ) ) ;
#6551 = DIRECTION ( 'NONE',  ( -1.000000000000000000, 0.000000000000000000, 0.000000000000000000 ) ) ;
#6552 = DIRECTION ( 'NONE',  ( -2.312964634635743450E-15, 0.000000000000000000, -1.000000000000000000 ) ) ;
#6553 = CARTESIAN_POINT ( 'NONE',  ( 16.75000000000000000, 7.500000000000000000, 6.100000000000000533 ) ) ;
#6554 = CARTESIAN_POINT ( 'NONE',  ( -16.00000000000000000, 7.500000000000000000, -0.8000000000000009326 ) ) ;
#6555 = CIRCLE ( 'NONE', #3105, 0.5500000000000014877 ) ;
#6556 = ORIENTED_EDGE ( 'NONE', *, *, #5226, .T. ) ;
#6557 = ORIENTED_EDGE ( 'NONE', *, *, #3392, .T. ) ;
#6558 = PLANE ( 'NONE',  #2510 ) ;
#6559 = DIRECTION ( 'NONE',  ( 0.000000000000000000, 1.000000000000000000, 0.000000000000000000 ) ) ;
#6560 = CARTESIAN_POINT ( 'NONE',  ( 15.50000000000000178, 0.000000000000000000, 5.500000000000000000 ) ) ;
#6561 = DIRECTION ( 'NONE',  ( 0.000000000000000000, 0.000000000000000000, -1.000000000000000000 ) ) ;
#6562 = FACE_OUTER_BOUND ( 'NONE', #3499, .T. ) ;
#6563 = CARTESIAN_POINT ( 'NONE',  ( 9.000000000000000000, 7.500000000000000000, 9.000000000000000000 ) ) ;
#6564 = SHAPE_DEFINITION_REPRESENTATION ( #7322, #6286 ) ;
#6565 = VERTEX_POINT ( 'NONE', #7445 ) ;
#6566 = DIRECTION ( 'NONE',  ( -0.000000000000000000, -0.000000000000000000, -1.000000000000000000 ) ) ;
#6567 = ORIENTED_EDGE ( 'NONE', *, *, #6414, .T. ) ;
#6568 = CARTESIAN_POINT ( 'NONE',  ( 6.770000000000000462, 0.7500000000000000000, -3.270000000000000018 ) ) ;
#6569 = DIRECTION ( 'NONE',  ( 0.000000000000000000, -0.000000000000000000, 1.000000000000000000 ) ) ;
#6570 = ORIENTED_EDGE ( 'NONE', *, *, #1367, .T. ) ;
#6571 = UNCERTAINTY_MEASURE_WITH_UNIT (LENGTH_MEASURE( 1.000000000000000082E-05 ), #1592, 'distance_accuracy_value', 'NONE');
#6572 = DIRECTION ( 'NONE',  ( -0.000000000000000000, 1.000000000000000000, -0.000000000000000000 ) ) ;
#6573 = EDGE_CURVE ( 'NONE', #4493, #4722, #1026, .T. ) ;
#6574 = ORIENTED_EDGE ( 'NONE', *, *, #70, .T. ) ;
#6575 = ORIENTED_EDGE ( 'NONE', *, *, #2354, .F. ) ;
#6576 = DIRECTION ( 'NONE',  ( 0.000000000000000000, 0.000000000000000000, 1.000000000000000000 ) ) ;
#6577 = EDGE_CURVE ( 'NONE', #6381, #6400, #903, .T. ) ;
#6578 = ORIENTED_EDGE ( 'NONE', *, *, #5531, .T. ) ;
#6579 = DIRECTION ( 'NONE',  ( 0.000000000000000000, 1.000000000000000000, 0.000000000000000000 ) ) ;
#6580 = ADVANCED_FACE ( 'NONE', ( #2507 ), #5065, .F. ) ;
#6581 = LINE ( 'NONE', #7824, #1064 ) ;
#6582 = ORIENTED_EDGE ( 'NONE', *, *, #1163, .T. ) ;
#6583 = VERTEX_POINT ( 'NONE', #1925 ) ;
#6584 = FACE_BOUND ( 'NONE', #7008, .T. ) ;
#6585 = CARTESIAN_POINT ( 'NONE',  ( -8.999999999999998224, 6.000000000000000000, 8.999999999999998224 ) ) ;
#6586 = DIRECTION ( 'NONE',  ( -0.000000000000000000, -1.000000000000000000, -0.000000000000000000 ) ) ;
#6587 = CARTESIAN_POINT ( 'NONE',  ( 6.570000000000001172, 0.1750000000000000167, -3.069999999999999840 ) ) ;
#6588 = LINE ( 'NONE', #4228, #622 ) ;
#6589 = EDGE_CURVE ( 'NONE', #10, #4201, #6768, .T. ) ;
#6590 = EDGE_CURVE ( 'NONE', #1501, #4281, #6130, .T. ) ;
#6591 = ORIENTED_EDGE ( 'NONE', *, *, #4334, .T. ) ;
#6592 = ORIENTED_EDGE ( 'NONE', *, *, #2310, .T. ) ;
#6593 = FACE_OUTER_BOUND ( 'NONE', #250, .T. ) ;
#6594 = DIRECTION ( 'NONE',  ( 0.000000000000000000, 0.000000000000000000, 1.000000000000000000 ) ) ;
#6595 = PRODUCT_DEFINITION_FORMATION_WITH_SPECIFIED_SOURCE ( 'ANY', '', #233, .NOT_KNOWN. ) ;
#6596 = APPLICATION_CONTEXT ( 'automotive_design' ) ;
#6597 = FACE_BOUND ( 'NONE', #7210, .T. ) ;
#6598 = CARTESIAN_POINT ( 'NONE',  ( 16.00000000000000000, 0.4999999999999995559, 9.000000000000000000 ) ) ;
#6599 = AXIS2_PLACEMENT_3D ( 'NONE', #3999, #4076, #4669 ) ;
#6600 = CARTESIAN_POINT ( 'NONE',  ( 16.00000000000000000, 7.500000000000000000, 8.999999999999998224 ) ) ;
#6601 = LINE ( 'NONE', #5873, #6944 ) ;
#6602 = CONTEXT_DEPENDENT_SHAPE_REPRESENTATION ( #5460, #711 ) ;
#6603 = VERTEX_POINT ( 'NONE', #6194 ) ;
#6604 = AXIS2_PLACEMENT_3D ( 'NONE', #803, #231, #3152 ) ;
#6605 = DIRECTION ( 'NONE',  ( 0.000000000000000000, 0.000000000000000000, 1.000000000000000000 ) ) ;
#6606 = ORIENTED_EDGE ( 'NONE', *, *, #5782, .T. ) ;
#6607 = DIRECTION ( 'NONE',  ( 0.000000000000000000, -0.000000000000000000, -1.000000000000000000 ) ) ;
#6608 = CARTESIAN_POINT ( 'NONE',  ( -9.000000000000007105, 7.500000000000000000, 10.50000000000000000 ) ) ;
#6609 = DIRECTION ( 'NONE',  ( -0.000000000000000000, -1.000000000000000000, -0.000000000000000000 ) ) ;
#6610 = CARTESIAN_POINT ( 'NONE',  ( 9.000000000000000000, 6.000000000000000000, -9.000000000000001776 ) ) ;
#6611 = ADVANCED_FACE ( 'NONE', ( #2474 ), #2629, .T. ) ;
#6612 = VERTEX_POINT ( 'NONE', #1441 ) ;
#6613 = AXIS2_PLACEMENT_3D ( 'NONE', #3365, #4429, #1074 ) ;
#6614 = ORIENTED_EDGE ( 'NONE', *, *, #6295, .F. ) ;
#6615 = DIRECTION ( 'NONE',  ( -0.000000000000000000, 1.000000000000000000, -0.000000000000000000 ) ) ;
#6616 = VECTOR ( 'NONE', #7413, 1000.000000000000000 ) ;
#6617 = CARTESIAN_POINT ( 'NONE',  ( -6.000000000000000000, 2.799999999999999822, 0.000000000000000000 ) ) ;
#6618 = ADVANCED_FACE ( 'NONE', ( #723 ), #3884, .F. ) ;
#6619 = VECTOR ( 'NONE', #2569, 1000.000000000000000 ) ;
#6620 = EDGE_LOOP ( 'NONE', ( #4535, #6535, #7054, #6667 ) ) ;
#6621 = AXIS2_PLACEMENT_3D ( 'NONE', #1388, #183, #4981 ) ;
#6622 = CARTESIAN_POINT ( 'NONE',  ( -16.00000000000000000, 7.500000000000000000, 1.734723475976807094E-15 ) ) ;
#6623 = AXIS2_PLACEMENT_3D ( 'NONE', #1311, #7841, #3838 ) ;
#6624 = DIRECTION ( 'NONE',  ( 0.000000000000000000, -1.000000000000000000, 0.000000000000000000 ) ) ;
#6625 = VERTEX_POINT ( 'NONE', #7407 ) ;
#6626 = AXIS2_PLACEMENT_3D ( 'NONE', #7690, #1076, #2196 ) ;
#6627 = ORIENTED_EDGE ( 'NONE', *, *, #177, .F. ) ;
#6628 = AXIS2_PLACEMENT_3D ( 'NONE', #1525, #4778, #7158 ) ;
#6629 = FACE_OUTER_BOUND ( 'NONE', #817, .T. ) ;
#6630 = EDGE_CURVE ( 'NONE', #4281, #1501, #6517, .T. ) ;
#6631 = EDGE_CURVE ( 'NONE', #7216, #2418, #6887, .T. ) ;
#6632 = CYLINDRICAL_SURFACE ( 'NONE', #7893, 0.5500000000000010436 ) ;
#6633 = CYLINDRICAL_SURFACE ( 'NONE', #6893, 0.5000000000000000000 ) ;
#6634 = CARTESIAN_POINT ( 'NONE',  ( 13.24999999999999822, 7.500000000000000000, -0.9999999999999995559 ) ) ;
#6635 =( GEOMETRIC_REPRESENTATION_CONTEXT ( 3 ) GLOBAL_UNCERTAINTY_ASSIGNED_CONTEXT ( ( #4183 ) ) GLOBAL_UNIT_ASSIGNED_CONTEXT ( ( #4357, #5621, #5108 ) ) REPRESENTATION_CONTEXT ( 'NONE', 'WORKASPACE' ) );
#6636 =( GEOMETRIC_REPRESENTATION_CONTEXT ( 3 ) GLOBAL_UNCERTAINTY_ASSIGNED_CONTEXT ( ( #324 ) ) GLOBAL_UNIT_ASSIGNED_CONTEXT ( ( #6430, #3988, #7223 ) ) REPRESENTATION_CONTEXT ( 'NONE', 'WORKASPACE' ) );
#6637 = CARTESIAN_POINT ( 'NONE',  ( 5.549999999999999822, -2.000000000000000000, 0.1000000000000000056 ) ) ;
#6638 = ADVANCED_FACE ( 'NONE', ( #5584 ), #807, .T. ) ;
#6639 = VECTOR ( 'NONE', #1552, 1000.000000000000000 ) ;
#6640 = ORIENTED_EDGE ( 'NONE', *, *, #2419, .F. ) ;
#6641 = MECHANICAL_DESIGN_GEOMETRIC_PRESENTATION_REPRESENTATION (  '', ( #3957 ), #4208 ) ;
#6642 = ORIENTED_EDGE ( 'NONE', *, *, #4073, .F. ) ;
#6643 = CARTESIAN_POINT ( 'NONE',  ( 4.299999999999999822, 2.799999999999999378, 0.000000000000000000 ) ) ;
#6644 = DIRECTION ( 'NONE',  ( 2.168404344971008868E-16, 1.000000000000000000, 0.000000000000000000 ) ) ;
#6645 = CARTESIAN_POINT ( 'NONE',  ( -10.50000000000000533, 0.000000000000000000, 10.50000000000000355 ) ) ;
#6646 = DIRECTION ( 'NONE',  ( -1.000000000000000000, 0.000000000000000000, 0.000000000000000000 ) ) ;
#6647 = VECTOR ( 'NONE', #2837, 1000.000000000000000 ) ;
#6648 = VECTOR ( 'NONE', #4757, 1000.000000000000000 ) ;
#6649 = LINE ( 'NONE', #6033, #420 ) ;
#6650 = APPLICATION_PROTOCOL_DEFINITION ( 'draft international standard', 'automotive_design', 1998, #5876 ) ;
#6651 = ORIENTED_EDGE ( 'NONE', *, *, #5249, .F. ) ;
#6652 = ADVANCED_FACE ( 'NONE', ( #4909 ), #2554, .T. ) ;
#6653 = DIRECTION ( 'NONE',  ( 0.000000000000000000, -1.000000000000000000, 0.000000000000000000 ) ) ;
#6654 = ORIENTED_EDGE ( 'NONE', *, *, #5583, .T. ) ;
#6655 = VECTOR ( 'NONE', #191, 1000.000000000000000 ) ;
#6656 = DIRECTION ( 'NONE',  ( 0.000000000000000000, 0.000000000000000000, -1.000000000000000000 ) ) ;
#6657 = CIRCLE ( 'NONE', #5232, 0.8000000000000003775 ) ;
#6658 = LINE ( 'NONE', #1844, #5199 ) ;
#6659 = DIRECTION ( 'NONE',  ( 0.000000000000000000, 1.000000000000000000, 0.000000000000000000 ) ) ;
#6660 = CARTESIAN_POINT ( 'NONE',  ( -17.50000000000000000, 0.000000000000000000, -1.500000000000001332 ) ) ;
#6661 = ORIENTED_EDGE ( 'NONE', *, *, #1185, .F. ) ;
#6662 = ORIENTED_EDGE ( 'NONE', *, *, #2047, .F. ) ;
#6663 = ORIENTED_EDGE ( 'NONE', *, *, #6119, .T. ) ;
#6664 = CARTESIAN_POINT ( 'NONE',  ( -6.800000000000000711, -3.299999999999999822, 0.000000000000000000 ) ) ;
#6665 = CARTESIAN_POINT ( 'NONE',  ( -9.250000000000001776, -3.249999999999999556, 0.2500000000000000000 ) ) ;
#6666 = EDGE_CURVE ( 'NONE', #4467, #7361, #129, .T. ) ;
#6667 = ORIENTED_EDGE ( 'NONE', *, *, #958, .F. ) ;
#6668 = LINE ( 'NONE', #138, #6851 ) ;
#6669 = DIRECTION ( 'NONE',  ( 0.000000000000000000, -0.000000000000000000, 1.000000000000000000 ) ) ;
#6670 = ORIENTED_EDGE ( 'NONE', *, *, #7092, .T. ) ;
#6671 = CARTESIAN_POINT ( 'NONE',  ( 3.200000000000000178, 2.000000000000000000, 0.000000000000000000 ) ) ;
#6672 = DIRECTION ( 'NONE',  ( 0.000000000000000000, 0.000000000000000000, 1.000000000000000000 ) ) ;
#6673 = FILL_AREA_STYLE_COLOUR ( '', #638 ) ;
#6674 = LINE ( 'NONE', #1108, #3568 ) ;
#6675 = DIRECTION ( 'NONE',  ( -0.000000000000000000, -0.000000000000000000, -1.000000000000000000 ) ) ;
#6676 = CIRCLE ( 'NONE', #1437, 0.8000000000000009326 ) ;
#6677 = EDGE_CURVE ( 'NONE', #2722, #417, #3803, .T. ) ;
#6678 = ORIENTED_EDGE ( 'NONE', *, *, #112, .T. ) ;
#6679 = ORIENTED_EDGE ( 'NONE', *, *, #4954, .F. ) ;
#6680 = DIRECTION ( 'NONE',  ( 0.000000000000000000, 0.000000000000000000, 1.000000000000000000 ) ) ;
#6681 = LINE ( 'NONE', #433, #357 ) ;
#6682 = EDGE_CURVE ( 'NONE', #3023, #4727, #3852, .T. ) ;
#6683 = DIRECTION ( 'NONE',  ( 1.000000000000000000, 0.000000000000000000, -0.000000000000000000 ) ) ;
#6684 = CARTESIAN_POINT ( 'NONE',  ( 0.000000000000000000, 0.000000000000000000, 0.000000000000000000 ) ) ;
#6685 = EDGE_CURVE ( 'NONE', #6277, #5011, #7481, .T. ) ;
#6686 = CARTESIAN_POINT ( 'NONE',  ( 5.549999999999999822, 2.000000000000000000, 0.000000000000000000 ) ) ;
#6687 = CIRCLE ( 'NONE', #3491, 1.500000000000000000 ) ;
#6688 = PRODUCT_DEFINITION_SHAPE ( 'NONE', 'NONE',  #1373 ) ;
#6689 = SHAPE_DEFINITION_REPRESENTATION ( #6233, #7686 ) ;
#6690 = ORIENTED_EDGE ( 'NONE', *, *, #1738, .F. ) ;
#6691 = CARTESIAN_POINT ( 'NONE',  ( 0.000000000000000000, 7.500000000000000000, 0.000000000000000000 ) ) ;
#6692 = ORIENTED_EDGE ( 'NONE', *, *, #6802, .F. ) ;
#6693 = FACE_OUTER_BOUND ( 'NONE', #3341, .T. ) ;
#6694 = CARTESIAN_POINT ( 'NONE',  ( 0.4299999999999997158, 3.069999999999998508, -1.074999999999999956 ) ) ;
#6695 = DIRECTION ( 'NONE',  ( -0.000000000000000000, 1.000000000000000000, -0.000000000000000000 ) ) ;
#6696 = LINE ( 'NONE', #6078, #2244 ) ;
#6697 = VERTEX_POINT ( 'NONE', #6278 ) ;
#6698 = ORIENTED_EDGE ( 'NONE', *, *, #124, .T. ) ;
#6699 = EDGE_LOOP ( 'NONE', ( #7508, #5002, #1256, #224 ) ) ;
#6700 = DIRECTION ( 'NONE',  ( 0.000000000000000000, 0.000000000000000000, -1.000000000000000000 ) ) ;
#6701 = CARTESIAN_POINT ( 'NONE',  ( 6.799999999999998046, 3.299999999999999822, 0.000000000000000000 ) ) ;
#6702 = EDGE_LOOP ( 'NONE', ( #6265, #4410 ) ) ;
#6703 = DIRECTION ( 'NONE',  ( -0.000000000000000000, 1.000000000000000000, -0.000000000000000000 ) ) ;
#6704 = DIRECTION ( 'NONE',  ( 2.312964634635742661E-15, 0.000000000000000000, 1.000000000000000000 ) ) ;
#6705 = ORIENTED_EDGE ( 'NONE', *, *, #5178, .F. ) ;
#6706 = ORIENTED_EDGE ( 'NONE', *, *, #1933, .F. ) ;
#6707 = DIRECTION ( 'NONE',  ( 1.000000000000000000, 0.000000000000000000, 0.000000000000000000 ) ) ;
#6708 = DIRECTION ( 'NONE',  ( -0.000000000000000000, -1.000000000000000000, -0.000000000000000000 ) ) ;
#6709 = DIRECTION ( 'NONE',  ( 1.000000000000000000, 0.000000000000000000, 0.000000000000000000 ) ) ;
#6710 = DIRECTION ( 'NONE',  ( -1.000000000000000000, 1.236061108696829207E-16, 0.000000000000000000 ) ) ;
#6711 = EDGE_CURVE ( 'NONE', #2753, #2087, #5661, .T. ) ;
#6712 = ORIENTED_EDGE ( 'NONE', *, *, #2269, .T. ) ;
#6713 = ORIENTED_EDGE ( 'NONE', *, *, #150, .T. ) ;
#6714 = DIRECTION ( 'NONE',  ( -1.000000000000000000, 0.000000000000000000, 0.000000000000000000 ) ) ;
#6715 = CARTESIAN_POINT ( 'NONE',  ( 0.000000000000000000, -3.249999999999999556, 0.2500000000000000000 ) ) ;
#6716 = EDGE_CURVE ( 'NONE', #4136, #6009, #4850, .T. ) ;
#6717 = LINE ( 'NONE', #6111, #2403 ) ;
#6718 = PLANE ( 'NONE',  #7501 ) ;
#6719 = AXIS2_PLACEMENT_3D ( 'NONE', #5358, #6572, #7659 ) ;
#6720 = DIRECTION ( 'NONE',  ( -0.000000000000000000, 1.000000000000000000, -0.000000000000000000 ) ) ;
#6721 = EDGE_CURVE ( 'NONE', #6451, #1905, #4219, .T. ) ;
#6722 = ORIENTED_EDGE ( 'NONE', *, *, #1199, .T. ) ;
#6723 = DIRECTION ( 'NONE',  ( -1.000000000000000000, 0.000000000000000000, 0.000000000000000000 ) ) ;
#6724 = ORIENTED_EDGE ( 'NONE', *, *, #4906, .F. ) ;
#6725 = DIRECTION ( 'NONE',  ( -0.000000000000000000, 0.000000000000000000, 1.000000000000000000 ) ) ;
#6726 = AXIS2_PLACEMENT_3D ( 'NONE', #4091, #4728, #1692 ) ;
#6727 = EDGE_CURVE ( 'NONE', #4201, #5917, #6959, .T. ) ;
#6728 = CARTESIAN_POINT ( 'NONE',  ( -12.00000000000000355, 0.4999999999999995559, -1.499999999999998446 ) ) ;
#6729 = ORIENTED_EDGE ( 'NONE', *, *, #2659, .F. ) ;
#6730 = DIRECTION ( 'NONE',  ( -1.000000000000000000, 0.000000000000000000, 1.196361017915038993E-16 ) ) ;
#6731 = AXIS2_PLACEMENT_3D ( 'NONE', #6482, #7005, #1005 ) ;
#6732 = ADVANCED_FACE ( 'NONE', ( #4696 ), #1478, .F. ) ;
#6733 =( NAMED_UNIT ( * ) SI_UNIT ( $, .STERADIAN. ) SOLID_ANGLE_UNIT ( ) );
#6734 = VERTEX_POINT ( 'NONE', #7718 ) ;
#6735 = VERTEX_POINT ( 'NONE', #985 ) ;
#6736 = ORIENTED_EDGE ( 'NONE', *, *, #4574, .F. ) ;
#6737 = CYLINDRICAL_SURFACE ( 'NONE', #6774, 1.500000000000000444 ) ;
#6738 = LINE ( 'NONE', #14, #5725 ) ;
#6739 = ORIENTED_EDGE ( 'NONE', *, *, #612, .T. ) ;
#6740 = LINE ( 'NONE', #6052, #327 ) ;
#6741 = UNCERTAINTY_MEASURE_WITH_UNIT (LENGTH_MEASURE( 1.000000000000000082E-05 ), #2682, 'distance_accuracy_value', 'NONE');
#6742 = DIRECTION ( 'NONE',  ( 0.000000000000000000, 0.000000000000000000, 1.000000000000000000 ) ) ;
#6743 = VERTEX_POINT ( 'NONE', #4019 ) ;
#6744 = EDGE_LOOP ( 'NONE', ( #6567, #7213, #19, #3866 ) ) ;
#6745 = CIRCLE ( 'NONE', #4440, 0.2500000000000002220 ) ;
#6746 = DIRECTION ( 'NONE',  ( 0.000000000000000000, 0.000000000000000000, 1.000000000000000000 ) ) ;
#6747 = EDGE_CURVE ( 'NONE', #140, #2012, #385, .T. ) ;
#6748 = AXIS2_PLACEMENT_3D ( 'NONE', #5263, #2789, #5228 ) ;
#6749 = CARTESIAN_POINT ( 'NONE',  ( 9.499999999999994671, 7.500000000000000000, -9.500000000000000000 ) ) ;
#6750 = DIRECTION ( 'NONE',  ( 0.000000000000000000, 0.000000000000000000, 1.000000000000000000 ) ) ;
#6751 = DIRECTION ( 'NONE',  ( 0.000000000000000000, -0.000000000000000000, 1.000000000000000000 ) ) ;
#6752 = AXIS2_PLACEMENT_3D ( 'NONE', #6598, #6832, #7391 ) ;
#6753 = DIRECTION ( 'NONE',  ( -1.000000000000000000, 2.168404344971008868E-16, 0.000000000000000000 ) ) ;
#6754 = VECTOR ( 'NONE', #7773, 1000.000000000000000 ) ;
#6755 = ORIENTED_EDGE ( 'NONE', *, *, #5675, .T. ) ;
#6756 = VECTOR ( 'NONE', #5807, 1000.000000000000000 ) ;
#6757 = EDGE_LOOP ( 'NONE', ( #6195, #1282, #1534, #7615 ) ) ;
#6758 = AXIS2_PLACEMENT_3D ( 'NONE', #6645, #1750, #473 ) ;
#6759 = FACE_OUTER_BOUND ( 'NONE', #5261, .T. ) ;
#6760 = CARTESIAN_POINT ( 'NONE',  ( 0.000000000000000000, 3.249999999999999556, 0.5000000000000000000 ) ) ;
#6761 = CIRCLE ( 'NONE', #1517, 0.2500000000000002220 ) ;
#6762 = EDGE_CURVE ( 'NONE', #6356, #7757, #2220, .T. ) ;
#6763 = CARTESIAN_POINT ( 'NONE',  ( -9.000000000000007105, 0.000000000000000000, 9.000000000000001776 ) ) ;
#6764 = CARTESIAN_POINT ( 'NONE',  ( 9.000000000000000000, 0.4999999999999995559, -9.000000000000000000 ) ) ;
#6765 = CARTESIAN_POINT ( 'NONE',  ( -9.695652173913044791, 0.4999999999999995559, 8.604945506379111819 ) ) ;
#6766 = AXIS2_PLACEMENT_3D ( 'NONE', #4179, #4103, #7070 ) ;
#6767 = ORIENTED_EDGE ( 'NONE', *, *, #29, .F. ) ;
#6768 = LINE ( 'NONE', #7528, #5102 ) ;
#6769 = ORIENTED_EDGE ( 'NONE', *, *, #7716, .F. ) ;
#6770 = CARTESIAN_POINT ( 'NONE',  ( 6.799999999999998046, 3.299999999999999822, 0.000000000000000000 ) ) ;
#6771 = CARTESIAN_POINT ( 'NONE',  ( -6.000000000000000000, 2.799999999999999822, 0.1000000000000000056 ) ) ;
#6772 = AXIS2_PLACEMENT_3D ( 'NONE', #3383, #5849, #5806 ) ;
#6773 = ORIENTED_EDGE ( 'NONE', *, *, #3626, .T. ) ;
#6774 = AXIS2_PLACEMENT_3D ( 'NONE', #575, #2483, #6700 ) ;
#6775 = CARTESIAN_POINT ( 'NONE',  ( 4.200000000000000178, 2.000000000000000000, 0.000000000000000000 ) ) ;
#6776 = ORIENTED_EDGE ( 'NONE', *, *, #2097, .T. ) ;
#6777 = EDGE_CURVE ( 'NONE', #3087, #7374, #5700, .T. ) ;
#6778 = AXIS2_PLACEMENT_3D ( 'NONE', #73, #4951, #1403 ) ;
#6779 = ORIENTED_EDGE ( 'NONE', *, *, #1228, .F. ) ;
#6780 = DIRECTION ( 'NONE',  ( 1.314184451497581259E-16, -1.000000000000000000, 0.000000000000000000 ) ) ;
#6781 = AXIS2_PLACEMENT_3D ( 'NONE', #6319, #4483, #5703 ) ;
#6782 = ORIENTED_EDGE ( 'NONE', *, *, #275, .T. ) ;
#6783 = DIRECTION ( 'NONE',  ( 0.000000000000000000, 0.000000000000000000, 1.000000000000000000 ) ) ;
#6784 = CARTESIAN_POINT ( 'NONE',  ( 13.99999999999999822, 0.000000000000000000, 0.2500000000000009437 ) ) ;
#6785 = EDGE_LOOP ( 'NONE', ( #3288, #573, #696, #1183 ) ) ;
#6786 = EDGE_CURVE ( 'NONE', #6496, #2553, #6264, .T. ) ;
#6787 = LINE ( 'NONE', #1300, #969 ) ;
#6788 = DIRECTION ( 'NONE',  ( -2.825282534164181327E-16, -1.000000000000000000, 0.000000000000000000 ) ) ;
#6789 = ORIENTED_EDGE ( 'NONE', *, *, #4508, .T. ) ;
#6790 = ADVANCED_FACE ( 'NONE', ( #6317 ), #508, .F. ) ;
#6791 = EDGE_LOOP ( 'NONE', ( #7715, #5647, #6246, #333 ) ) ;
#6792 = DIRECTION ( 'NONE',  ( 0.000000000000000000, 0.000000000000000000, -1.000000000000000000 ) ) ;
#6793 = CARTESIAN_POINT ( 'NONE',  ( 14.74999999999999822, -16.34050177399711501, -2.499999999999999556 ) ) ;
#6794 = DIRECTION ( 'NONE',  ( -0.000000000000000000, 1.000000000000000000, -0.000000000000000000 ) ) ;
#6795 = CARTESIAN_POINT ( 'NONE',  ( 15.50000000000000178, 0.000000000000000000, 5.500000000000000000 ) ) ;
#6796 = CARTESIAN_POINT ( 'NONE',  ( 9.000000000000000000, 7.500000000000000000, 9.000000000000000000 ) ) ;
#6797 = ORIENTED_EDGE ( 'NONE', *, *, #5443, .F. ) ;
#6798 = DIRECTION ( 'NONE',  ( -0.000000000000000000, -0.000000000000000000, -1.000000000000000000 ) ) ;
#6799 = DIRECTION ( 'NONE',  ( -1.000000000000000000, 0.000000000000000000, 1.239088197126289831E-16 ) ) ;
#6800 = CARTESIAN_POINT ( 'NONE',  ( 3.200000000000000178, -2.000000000000000000, 0.1000000000000000056 ) ) ;
#6801 = AXIS2_PLACEMENT_3D ( 'NONE', #5606, #2573, #1379 ) ;
#6802 = EDGE_CURVE ( 'NONE', #2498, #1384, #4654, .T. ) ;
#6803 = DIRECTION ( 'NONE',  ( 0.000000000000000000, -1.000000000000000000, 0.000000000000000000 ) ) ;
#6804 = DIRECTION ( 'NONE',  ( -0.000000000000000000, 1.000000000000000000, -0.000000000000000000 ) ) ;
#6805 = VECTOR ( 'NONE', #3305, 1000.000000000000000 ) ;
#6806 = ORIENTED_EDGE ( 'NONE', *, *, #5087, .T. ) ;
#6807 = DIRECTION ( 'NONE',  ( -1.000000000000000000, 0.000000000000000000, 0.000000000000000000 ) ) ;
#6808 = ORIENTED_EDGE ( 'NONE', *, *, #3353, .T. ) ;
#6809 = DIRECTION ( 'NONE',  ( -0.000000000000000000, 1.000000000000000000, -0.000000000000000000 ) ) ;
#6810 = CARTESIAN_POINT ( 'NONE',  ( 15.50000000000000178, 0.000000000000000000, 4.350000000000001421 ) ) ;
#6811 = DIRECTION ( 'NONE',  ( 1.000000000000000000, 0.000000000000000000, 0.000000000000000000 ) ) ;
#6812 = CARTESIAN_POINT ( 'NONE',  ( -5.549999999999999822, -2.000000000000000000, 0.1000000000000000056 ) ) ;
#6813 = CIRCLE ( 'NONE', #7190, 1.049999999999998934 ) ;
#6814 = DIRECTION ( 'NONE',  ( 1.000000000000000000, 0.000000000000000000, 0.000000000000000000 ) ) ;
#6815 = ORIENTED_EDGE ( 'NONE', *, *, #7180, .T. ) ;
#6816 = VERTEX_POINT ( 'NONE', #1737 ) ;
#6817 = CYLINDRICAL_SURFACE ( 'NONE', #765, 0.5500000000000014877 ) ;
#6818 = ORIENTED_EDGE ( 'NONE', *, *, #1983, .T. ) ;
#6819 = CARTESIAN_POINT ( 'NONE',  ( -6.800000000000001599, 3.299999999999999822, -1.399999999999999911 ) ) ;
#6820 = DIRECTION ( 'NONE',  ( 0.000000000000000000, 0.000000000000000000, -1.000000000000000000 ) ) ;
#6821 = ORIENTED_EDGE ( 'NONE', *, *, #2326, .T. ) ;
#6822 = EDGE_CURVE ( 'NONE', #4423, #6816, #4061, .T. ) ;
#6823 = DIRECTION ( 'NONE',  ( 0.000000000000000000, 0.000000000000000000, 1.000000000000000000 ) ) ;
#6824 = CYLINDRICAL_SURFACE ( 'NONE', #1816, 0.8000000000000009326 ) ;
#6825 = ORIENTED_EDGE ( 'NONE', *, *, #3062, .T. ) ;
#6826 = ORIENTED_EDGE ( 'NONE', *, *, #7302, .F. ) ;
#6827 = EDGE_CURVE ( 'NONE', #5681, #3951, #5933, .T. ) ;
#6828 = DIRECTION ( 'NONE',  ( 0.000000000000000000, 0.000000000000000000, -1.000000000000000000 ) ) ;
#6829 = DIRECTION ( 'NONE',  ( 1.000000000000000000, -0.000000000000000000, -0.000000000000000000 ) ) ;
#6830 = ADVANCED_FACE ( 'NONE', ( #1103, #6584, #6509, #1032, #2077, #5368, #4771, #5898, #1704, #2892, #424, #4138, #1670, #7828, #5975, #2856, #5287 ), #1068, .T. ) ;
#6831 = CARTESIAN_POINT ( 'NONE',  ( 1.850000000000000311, -2.000000000000000000, 0.1000000000000000056 ) ) ;
#6832 = DIRECTION ( 'NONE',  ( -0.000000000000000000, -1.000000000000000000, -0.000000000000000000 ) ) ;
#6833 = DIRECTION ( 'NONE',  ( -1.000000000000000000, 0.000000000000000000, 0.000000000000000000 ) ) ;
#6834 = ORIENTED_EDGE ( 'NONE', *, *, #5288, .T. ) ;
#6835 = DIRECTION ( 'NONE',  ( 0.000000000000000000, 0.000000000000000000, 1.000000000000000000 ) ) ;
#6836 = CARTESIAN_POINT ( 'NONE',  ( -1.849999999999999645, -2.000000000000000000, 0.1000000000000000056 ) ) ;
#6837 = DIRECTION ( 'NONE',  ( 0.000000000000000000, 0.000000000000000000, 1.000000000000000000 ) ) ;
#6838 = UNCERTAINTY_MEASURE_WITH_UNIT (LENGTH_MEASURE( 1.000000000000000082E-05 ), #6145, 'distance_accuracy_value', 'NONE');
#6839 = DIRECTION ( 'NONE',  ( -1.000000000000000000, 0.000000000000000000, 0.000000000000000000 ) ) ;
#6840 = EDGE_CURVE ( 'NONE', #1759, #2517, #4301, .T. ) ;
#6841 = ADVANCED_FACE ( 'NONE', ( #1148 ), #3061, .T. ) ;
#6842 = VERTEX_POINT ( 'NONE', #706 ) ;
#6843 = DIRECTION ( 'NONE',  ( 0.000000000000000000, 1.000000000000000000, 0.000000000000000000 ) ) ;
#6844 = ORIENTED_EDGE ( 'NONE', *, *, #6061, .T. ) ;
#6845 = DIRECTION ( 'NONE',  ( 0.000000000000000000, 0.000000000000000000, 1.000000000000000000 ) ) ;
#6846 = LINE ( 'NONE', #5116, #4059 ) ;
#6847 = CARTESIAN_POINT ( 'NONE',  ( -10.50000000000000533, 0.000000000000000000, 10.50000000000000355 ) ) ;
#6848 = CARTESIAN_POINT ( 'NONE',  ( 16.75000000000000000, 0.5000000000000004441, 7.599999999999999645 ) ) ;
#6849 = EDGE_LOOP ( 'NONE', ( #1217, #4399 ) ) ;
#6850 = VERTEX_POINT ( 'NONE', #584 ) ;
#6851 = VECTOR ( 'NONE', #6211, 1000.000000000000000 ) ;
#6852 = DIRECTION ( 'NONE',  ( 0.000000000000000000, -1.000000000000000000, 0.000000000000000000 ) ) ;
#6853 = VERTEX_POINT ( 'NONE', #6671 ) ;
#6854 = DIRECTION ( 'NONE',  ( 0.000000000000000000, 1.000000000000000000, 0.000000000000000000 ) ) ;
#6855 = FACE_OUTER_BOUND ( 'NONE', #3745, .T. ) ;
#6856 = DIRECTION ( 'NONE',  ( 0.000000000000000000, 0.000000000000000000, -1.000000000000000000 ) ) ;
#6857 = ORIENTED_EDGE ( 'NONE', *, *, #6929, .F. ) ;
#6858 = EDGE_CURVE ( 'NONE', #2136, #2574, #4499, .T. ) ;
#6859 = DIRECTION ( 'NONE',  ( -0.000000000000000000, -1.000000000000000000, 0.000000000000000000 ) ) ;
#6860 = APPLICATION_CONTEXT ( 'automotive_design' ) ;
#6861 = VECTOR ( 'NONE', #4602, 1000.000000000000000 ) ;
#6862 = DIRECTION ( 'NONE',  ( -1.412641267082090664E-16, -0.000000000000000000, -1.000000000000000000 ) ) ;
#6863 = ORIENTED_EDGE ( 'NONE', *, *, #3539, .T. ) ;
#6864 = VERTEX_POINT ( 'NONE', #7346 ) ;
#6865 = DIRECTION ( 'NONE',  ( 1.000000000000000000, 0.000000000000000000, 0.000000000000000000 ) ) ;
#6866 = AXIS2_PLACEMENT_3D ( 'NONE', #2037, #6803, #6276 ) ;
#6867 = ORIENTED_EDGE ( 'NONE', *, *, #4685, .F. ) ;
#6868 = LINE ( 'NONE', #4425, #3193 ) ;
#6869 = DIRECTION ( 'NONE',  ( 0.000000000000000000, 0.000000000000000000, 1.000000000000000000 ) ) ;
#6870 = CARTESIAN_POINT ( 'NONE',  ( 0.000000000000000000, 0.000000000000000000, -0.5000000000000000000 ) ) ;
#6871 = AXIS2_PLACEMENT_3D ( 'NONE', #2302, #4738, #7187 ) ;
#6872 = VECTOR ( 'NONE', #2985, 1000.000000000000000 ) ;
#6873 = EDGE_CURVE ( 'NONE', #5891, #4423, #670, .T. ) ;
#6874 = ADVANCED_FACE ( 'NONE', ( #2491 ), #3138, .T. ) ;
#6875 = ORIENTED_EDGE ( 'NONE', *, *, #2112, .F. ) ;
#6876 = CARTESIAN_POINT ( 'NONE',  ( -4.299999999999999822, -1.199999999999999734, 0.1000000000000000056 ) ) ;
#6877 = CARTESIAN_POINT ( 'NONE',  ( -9.000000000000000000, 0.4999999999999995559, 9.799999999999998934 ) ) ;
#6878 = VECTOR ( 'NONE', #2678, 1000.000000000000000 ) ;
#6879 = CIRCLE ( 'NONE', #4185, 0.8000000000000020428 ) ;
#6880 = ADVANCED_FACE ( 'NONE', ( #547 ), #3621, .F. ) ;
#6881 = AXIS2_PLACEMENT_3D ( 'NONE', #6101, #6710, #4305 ) ;
#6882 = PLANE ( 'NONE',  #7372 ) ;
#6883 = PRODUCT_DEFINITION_SHAPE ( 'NONE', 'NONE',  #7874 ) ;
#6884 = VECTOR ( 'NONE', #5213, 1000.000000000000000 ) ;
#6885 = ADVANCED_FACE ( 'NONE', ( #1222 ), #6179, .F. ) ;
#6886 = ORIENTED_EDGE ( 'NONE', *, *, #1247, .T. ) ;
#6887 = LINE ( 'NONE', #3078, #3582 ) ;
#6888 = CIRCLE ( 'NONE', #3430, 0.8000000000000009326 ) ;
#6889 = ORIENTED_EDGE ( 'NONE', *, *, #5058, .F. ) ;
#6890 = DIRECTION ( 'NONE',  ( 0.000000000000000000, 0.000000000000000000, 1.000000000000000000 ) ) ;
#6891 = DIRECTION ( 'NONE',  ( -0.000000000000000000, -0.000000000000000000, -1.000000000000000000 ) ) ;
#6892 = DIRECTION ( 'NONE',  ( -0.000000000000000000, 1.000000000000000000, -0.000000000000000000 ) ) ;
#6893 = AXIS2_PLACEMENT_3D ( 'NONE', #549, #7793, #3426 ) ;
#6894 = ORIENTED_EDGE ( 'NONE', *, *, #5180, .T. ) ;
#6895 = EDGE_LOOP ( 'NONE', ( #6969, #7334, #6015, #538 ) ) ;
#6896 = LINE ( 'NONE', #3371, #2169 ) ;
#6897 = EDGE_LOOP ( 'NONE', ( #11, #2287, #3696, #178 ) ) ;
#6898 = VECTOR ( 'NONE', #794, 1000.000000000000000 ) ;
#6899 = CARTESIAN_POINT ( 'NONE',  ( 2.350000000000000089, -2.000000000000000000, 0.1000000000000000056 ) ) ;
#6900 = CARTESIAN_POINT ( 'NONE',  ( -6.769999999999997797, 0.000000000000000000, 3.270000000000000018 ) ) ;
#6901 = ORIENTED_EDGE ( 'NONE', *, *, #7267, .T. ) ;
#6902 = CARTESIAN_POINT ( 'NONE',  ( -6.570000000000002949, -3.069999999999999840, -0.5000000000000000000 ) ) ;
#6903 = AXIS2_PLACEMENT_3D ( 'NONE', #2395, #3638, #6605 ) ;
#6904 = CARTESIAN_POINT ( 'NONE',  ( -9.000000000000000000, 6.000000000000000000, -9.000000000000001776 ) ) ;
#6905 = ORIENTED_EDGE ( 'NONE', *, *, #7024, .F. ) ;
#6906 = VECTOR ( 'NONE', #3174, 1000.000000000000000 ) ;
#6907 = ORIENTED_EDGE ( 'NONE', *, *, #5785, .F. ) ;
#6908 = EDGE_CURVE ( 'NONE', #3337, #1617, #545, .T. ) ;
#6909 = DIRECTION ( 'NONE',  ( 0.000000000000000000, -0.000000000000000000, 1.000000000000000000 ) ) ;
#6910 = VECTOR ( 'NONE', #4319, 1000.000000000000000 ) ;
#6911 = ORIENTED_EDGE ( 'NONE', *, *, #2335, .F. ) ;
#6912 = CYLINDRICAL_SURFACE ( 'NONE', #4470, 0.4999999999999995559 ) ;
#6913 = DIRECTION ( 'NONE',  ( 0.000000000000000000, 0.000000000000000000, 1.000000000000000000 ) ) ;
#6914 = PLANE ( 'NONE',  #3934 ) ;
#6915 = VERTEX_POINT ( 'NONE', #2459 ) ;
#6916 = PLANE ( 'NONE',  #4812 ) ;
#6917 = PRESENTATION_STYLE_ASSIGNMENT (( #2740 ) ) ;
#6918 = DIRECTION ( 'NONE',  ( 0.000000000000000000, -1.000000000000000000, 0.000000000000000000 ) ) ;
#6919 = ADVANCED_FACE ( 'NONE', ( #6629 ), #7866, .F. ) ;
#6920 = DIRECTION ( 'NONE',  ( 1.652117596168387756E-16, 0.000000000000000000, -1.000000000000000000 ) ) ;
#6921 = ORIENTED_EDGE ( 'NONE', *, *, #275, .F. ) ;
#6922 = EDGE_CURVE ( 'NONE', #3718, #649, #1823, .T. ) ;
#6923 = CARTESIAN_POINT ( 'NONE',  ( -3.700000000000000178, -2.000000000000000000, 0.1000000000000000056 ) ) ;
#6924 = VERTEX_POINT ( 'NONE', #7264 ) ;
#6925 = AXIS2_PLACEMENT_3D ( 'NONE', #788, #6258, #2611 ) ;
#6926 = FACE_OUTER_BOUND ( 'NONE', #5818, .T. ) ;
#6927 = CARTESIAN_POINT ( 'NONE',  ( -9.000000000000007105, 7.500000000000000000, -9.000000000000001776 ) ) ;
#6928 = DIRECTION ( 'NONE',  ( -0.000000000000000000, -0.000000000000000000, -1.000000000000000000 ) ) ;
#6929 = EDGE_CURVE ( 'NONE', #1091, #964, #1264, .T. ) ;
#6930 = DIRECTION ( 'NONE',  ( 0.000000000000000000, -1.000000000000000000, 0.000000000000000000 ) ) ;
#6931 = AXIS2_PLACEMENT_3D ( 'NONE', #2374, #5446, #4810 ) ;
#6932 = ORIENTED_EDGE ( 'NONE', *, *, #4397, .T. ) ;
#6933 = ORIENTED_EDGE ( 'NONE', *, *, #2709, .F. ) ;
#6934 = DIRECTION ( 'NONE',  ( 0.000000000000000000, 0.000000000000000000, -1.000000000000000000 ) ) ;
#6935 = ORIENTED_EDGE ( 'NONE', *, *, #6127, .T. ) ;
#6936 = DIRECTION ( 'NONE',  ( -0.000000000000000000, -1.000000000000000000, -0.000000000000000000 ) ) ;
#6937 = DIRECTION ( 'NONE',  ( -0.000000000000000000, -1.000000000000000000, -0.000000000000000000 ) ) ;
#6938 = AXIS2_PLACEMENT_3D ( 'NONE', #7559, #2435, #1281 ) ;
#6939 = ORIENTED_EDGE ( 'NONE', *, *, #3308, .F. ) ;
#6940 = CARTESIAN_POINT ( 'NONE',  ( 16.00000000000000000, 0.000000000000000000, -1.749999999999999334 ) ) ;
#6941 = EDGE_CURVE ( 'NONE', #1366, #1494, #2325, .T. ) ;
#6942 = DIRECTION ( 'NONE',  ( 0.000000000000000000, 1.000000000000000000, 0.000000000000000000 ) ) ;
#6943 = ORIENTED_EDGE ( 'NONE', *, *, #1350, .F. ) ;
#6944 = VECTOR ( 'NONE', #400, 1000.000000000000000 ) ;
#6945 = ORIENTED_EDGE ( 'NONE', *, *, #6541, .T. ) ;
#6946 = CARTESIAN_POINT ( 'NONE',  ( 13.99999999999999822, 0.000000000000000000, -1.749999999999998890 ) ) ;
#6947 = ORIENTED_EDGE ( 'NONE', *, *, #4800, .T. ) ;
#6948 = DIRECTION ( 'NONE',  ( 0.000000000000000000, 0.000000000000000000, 1.000000000000000000 ) ) ;
#6949 = CARTESIAN_POINT ( 'NONE',  ( 0.000000000000000000, 0.000000000000000000, 0.000000000000000000 ) ) ;
#6950 = PRODUCT_DEFINITION ( 'UNKNOWN', '', #3791, #3770 ) ;
#6951 = CARTESIAN_POINT ( 'NONE',  ( 16.00000000000000000, 0.000000000000000000, -3.249999999999999112 ) ) ;
#6952 = VERTEX_POINT ( 'NONE', #3015 ) ;
#6953 = FACE_OUTER_BOUND ( 'NONE', #3829, .T. ) ;
#6954 = CARTESIAN_POINT ( 'NONE',  ( 7.864218330839943150, 0.4999999999999995559, -11.00000000000000000 ) ) ;
#6955 = FACE_OUTER_BOUND ( 'NONE', #931, .T. ) ;
#6956 = DIRECTION ( 'NONE',  ( 1.000000000000000000, 0.000000000000000000, 0.000000000000000000 ) ) ;
#6957 = EDGE_CURVE ( 'NONE', #5682, #5374, #2420, .T. ) ;
#6958 = ORIENTED_EDGE ( 'NONE', *, *, #4025, .F. ) ;
#6959 = LINE ( 'NONE', #6550, #1414 ) ;
#6960 = EDGE_CURVE ( 'NONE', #5395, #2575, #2833, .T. ) ;
#6961 = VERTEX_POINT ( 'NONE', #3659 ) ;
#6962 = DIRECTION ( 'NONE',  ( 0.000000000000000000, 0.000000000000000000, 1.000000000000000000 ) ) ;
#6963 = DIRECTION ( 'NONE',  ( -0.000000000000000000, 1.000000000000000000, -0.000000000000000000 ) ) ;
#6964 = DIRECTION ( 'NONE',  ( 0.000000000000000000, 0.000000000000000000, -1.000000000000000000 ) ) ;
#6965 = CARTESIAN_POINT ( 'NONE',  ( 16.00000000000000000, 0.000000000000000000, -10.50000000000000355 ) ) ;
#6966 = EDGE_CURVE ( 'NONE', #5626, #694, #6094, .T. ) ;
#6967 = DIRECTION ( 'NONE',  ( 0.000000000000000000, 0.000000000000000000, 1.000000000000000000 ) ) ;
#6968 = VERTEX_POINT ( 'NONE', #4421 ) ;
#6969 = ORIENTED_EDGE ( 'NONE', *, *, #5731, .T. ) ;
#6970 = CARTESIAN_POINT ( 'NONE',  ( 16.00000000000000000, 0.000000000000000000, -3.249999999999999112 ) ) ;
#6971 = EDGE_CURVE ( 'NONE', #2362, #5235, #2199, .T. ) ;
#6972 = ORIENTED_EDGE ( 'NONE', *, *, #6666, .F. ) ;
#6973 = CARTESIAN_POINT ( 'NONE',  ( 9.000000000000000000, 0.4999999999999995559, 9.799999999999998934 ) ) ;
#6974 = CARTESIAN_POINT ( 'NONE',  ( -17.50000000000000000, 7.500000000000000000, 5.204170427930421283E-15 ) ) ;
#6975 = ORIENTED_EDGE ( 'NONE', *, *, #7180, .F. ) ;
#6976 = LINE ( 'NONE', #2761, #4660 ) ;
#6977 = CIRCLE ( 'NONE', #2118, 0.2500000000000000000 ) ;
#6978 = LINE ( 'NONE', #5278, #2955 ) ;
#6979 = VERTEX_POINT ( 'NONE', #1984 ) ;
#6980 = VERTEX_POINT ( 'NONE', #5768 ) ;
#6981 = DIRECTION ( 'NONE',  ( 1.000000000000000000, 0.000000000000000000, 0.000000000000000000 ) ) ;
#6982 = ORIENTED_EDGE ( 'NONE', *, *, #4498, .F. ) ;
#6983 = VECTOR ( 'NONE', #5946, 1000.000000000000000 ) ;
#6984 = LINE ( 'NONE', #1467, #123 ) ;
#6985 = CARTESIAN_POINT ( 'NONE',  ( -16.00000000000000000, 0.4999999999999995559, -1.500000000000000666 ) ) ;
#6986 = CYLINDRICAL_SURFACE ( 'NONE', #3992, 0.5000000000000004441 ) ;
#6987 = VECTOR ( 'NONE', #7234, 1000.000000000000000 ) ;
#6988 = VERTEX_POINT ( 'NONE', #3264 ) ;
#6989 = CARTESIAN_POINT ( 'NONE',  ( -6.569999999999999396, 0.1750000000000000167, -3.069999999999999396 ) ) ;
#6990 = FILL_AREA_STYLE_COLOUR ( '', #5593 ) ;
#6991 = FACE_OUTER_BOUND ( 'NONE', #2984, .T. ) ;
#6992 = CYLINDRICAL_SURFACE ( 'NONE', #7628, 1.499999999999999556 ) ;
#6993 = CIRCLE ( 'NONE', #1504, 0.2500000000000002220 ) ;
#6994 = VERTEX_POINT ( 'NONE', #7468 ) ;
#6995 = CIRCLE ( 'NONE', #5836, 0.4999999999999997780 ) ;
#6996 = EDGE_CURVE ( 'NONE', #6603, #2019, #7590, .T. ) ;
#6997 = ORIENTED_EDGE ( 'NONE', *, *, #1675, .T. ) ;
#6998 = AXIS2_PLACEMENT_3D ( 'NONE', #1459, #4415, #6329 ) ;
#6999 = LINE ( 'NONE', #2114, #7769 ) ;
#7000 = CYLINDRICAL_SURFACE ( 'NONE', #4579, 1.499999999999999556 ) ;
#7001 = DIRECTION ( 'NONE',  ( 0.000000000000000000, 0.000000000000000000, -1.000000000000000000 ) ) ;
#7002 = DIRECTION ( 'NONE',  ( 0.000000000000000000, -1.000000000000000000, 0.000000000000000000 ) ) ;
#7003 = DIRECTION ( 'NONE',  ( 0.000000000000000000, 0.000000000000000000, 1.000000000000000000 ) ) ;
#7004 = VECTOR ( 'NONE', #717, 1000.000000000000000 ) ;
#7005 = DIRECTION ( 'NONE',  ( 1.000000000000000000, 3.491481338843179898E-15, -1.406229888181566588E-14 ) ) ;
#7006 = ORIENTED_EDGE ( 'NONE', *, *, #6762, .T. ) ;
#7007 = VECTOR ( 'NONE', #556, 1000.000000000000000 ) ;
#7008 = EDGE_LOOP ( 'NONE', ( #5436, #4719 ) ) ;
#7009 = CARTESIAN_POINT ( 'NONE',  ( -7.864218330839943150, 0.4999999999999995559, 11.00000000000000000 ) ) ;
#7010 = VERTEX_POINT ( 'NONE', #2650 ) ;
#7011 = FACE_OUTER_BOUND ( 'NONE', #3824, .T. ) ;
#7012 = AXIS2_PLACEMENT_3D ( 'NONE', #6949, #6342, #872 ) ;
#7013 = LINE ( 'NONE', #5799, #96 ) ;
#7014 = AXIS2_PLACEMENT_3D ( 'NONE', #3321, #1627, #6349 ) ;
#7015 = ORIENTED_EDGE ( 'NONE', *, *, #797, .F. ) ;
#7016 = DIRECTION ( 'NONE',  ( -1.927470528863119295E-16, 0.000000000000000000, -1.000000000000000000 ) ) ;
#7017 = ADVANCED_FACE ( 'NONE', ( #791 ), #751, .T. ) ;
#7018 = PLANE ( 'NONE',  #4996 ) ;
#7019 = ORIENTED_EDGE ( 'NONE', *, *, #7756, .T. ) ;
#7020 = AXIS2_PLACEMENT_3D ( 'NONE', #4700, #2342, #1070 ) ;
#7021 = VERTEX_POINT ( 'NONE', #3348 ) ;
#7022 = AXIS2_PLACEMENT_3D ( 'NONE', #2813, #7707, #4646 ) ;
#7023 = CARTESIAN_POINT ( 'NONE',  ( 16.00000000000000000, 0.000000000000000000, 1.750000000000000666 ) ) ;
#7024 = EDGE_CURVE ( 'NONE', #3364, #3850, #5015, .T. ) ;
#7025 = ORIENTED_EDGE ( 'NONE', *, *, #1046, .F. ) ;
#7026 = PLANE ( 'NONE',  #5472 ) ;
#7027 = LINE ( 'NONE', #6424, #6756 ) ;
#7028 = AXIS2_PLACEMENT_3D ( 'NONE', #6182, #5528, #1310 ) ;
#7029 = VECTOR ( 'NONE', #2875, 1000.000000000000000 ) ;
#7030 = EDGE_CURVE ( 'NONE', #954, #1134, #7575, .T. ) ;
#7031 = DIRECTION ( 'NONE',  ( -1.000000000000000000, -0.000000000000000000, -0.000000000000000000 ) ) ;
#7032 = AXIS2_PLACEMENT_3D ( 'NONE', #650, #4990, #3205 ) ;
#7033 = VERTEX_POINT ( 'NONE', #1383 ) ;
#7034 = VECTOR ( 'NONE', #1927, 1000.000000000000000 ) ;
#7035 = CARTESIAN_POINT ( 'NONE',  ( -9.500000000000001776, 0.4999999999999995559, 7.864218330839946702 ) ) ;
#7036 = SURFACE_STYLE_USAGE ( .BOTH. , #2108 ) ;
#7037 = PLANE ( 'NONE',  #2767 ) ;
#7038 = ORIENTED_EDGE ( 'NONE', *, *, #595, .F. ) ;
#7039 = ORIENTED_EDGE ( 'NONE', *, *, #6080, .F. ) ;
#7040 = CARTESIAN_POINT ( 'NONE',  ( -9.000000000000000000, 0.4999999999999995559, -9.000000000000000000 ) ) ;
#7041 = CARTESIAN_POINT ( 'NONE',  ( 9.249999999999998224, 3.499999999999999556, -18.50000000000000000 ) ) ;
#7042 = CARTESIAN_POINT ( 'NONE',  ( 16.75000000000000000, 0.5000000000000004441, -2.499999999999999556 ) ) ;
#7043 = CARTESIAN_POINT ( 'NONE',  ( 13.99999999999999822, 0.000000000000000000, 1.750000000000000888 ) ) ;
#7044 = CARTESIAN_POINT ( 'NONE',  ( -9.000000000000000000, 6.000000000000000000, -9.000000000000001776 ) ) ;
#7045 = ORIENTED_EDGE ( 'NONE', *, *, #6114, .F. ) ;
#7046 = DIRECTION ( 'NONE',  ( 0.000000000000000000, 0.000000000000000000, 1.000000000000000000 ) ) ;
#7047 = ORIENTED_EDGE ( 'NONE', *, *, #5784, .T. ) ;
#7048 = CARTESIAN_POINT ( 'NONE',  ( 13.99999999999999822, 0.4999999999999995559, -1.749999999999998890 ) ) ;
#7049 = LINE ( 'NONE', #2840, #4693 ) ;
#7050 = ORIENTED_EDGE ( 'NONE', *, *, #6346, .T. ) ;
#7051 = CARTESIAN_POINT ( 'NONE',  ( 0.4299999999999997158, 3.069999999999998508, -1.074999999999999956 ) ) ;
#7052 = VECTOR ( 'NONE', #3135, 1000.000000000000000 ) ;
#7053 = DIRECTION ( 'NONE',  ( -0.000000000000000000, 1.000000000000000000, -0.000000000000000000 ) ) ;
#7054 = ORIENTED_EDGE ( 'NONE', *, *, #525, .F. ) ;
#7055 = ORIENTED_EDGE ( 'NONE', *, *, #3935, .F. ) ;
#7056 = VECTOR ( 'NONE', #1782, 1000.000000000000000 ) ;
#7057 = SURFACE_STYLE_USAGE ( .BOTH. , #2212 ) ;
#7058 = EDGE_CURVE ( 'NONE', #4173, #4108, #830, .T. ) ;
#7059 = ORIENTED_EDGE ( 'NONE', *, *, #6072, .T. ) ;
#7060 = CARTESIAN_POINT ( 'NONE',  ( 4.299999999999999822, 2.799999999999999378, 0.1000000000000000056 ) ) ;
#7061 = LINE ( 'NONE', #1586, #6497 ) ;
#7062 = AXIS2_PLACEMENT_3D ( 'NONE', #4871, #6720, #5579 ) ;
#7063 = EDGE_CURVE ( 'NONE', #6697, #7576, #4536, .T. ) ;
#7064 = CARTESIAN_POINT ( 'NONE',  ( -9.000000000000000000, 6.000000000000000000, -9.000000000000001776 ) ) ;
#7065 = ORIENTED_EDGE ( 'NONE', *, *, #2859, .F. ) ;
#7066 = EDGE_CURVE ( 'NONE', #4736, #2724, #3940, .T. ) ;
#7067 = ORIENTED_EDGE ( 'NONE', *, *, #7106, .F. ) ;
#7068 = EDGE_CURVE ( 'NONE', #7343, #6952, #4386, .T. ) ;
#7069 = CARTESIAN_POINT ( 'NONE',  ( 7.864218330839941373, 0.4999999999999995559, -9.500000000000000000 ) ) ;
#7070 = DIRECTION ( 'NONE',  ( -1.000000000000000000, 0.000000000000000000, 0.000000000000000000 ) ) ;
#7071 =( LENGTH_UNIT ( ) NAMED_UNIT ( * ) SI_UNIT ( .MILLI., .METRE. ) );
#7072 = DIRECTION ( 'NONE',  ( 1.314184451497581259E-16, -1.000000000000000000, 0.000000000000000000 ) ) ;
#7073 = ORIENTED_EDGE ( 'NONE', *, *, #1783, .F. ) ;
#7074 = ORIENTED_EDGE ( 'NONE', *, *, #2284, .F. ) ;
#7075 = DIRECTION ( 'NONE',  ( 0.000000000000000000, 0.000000000000000000, 1.000000000000000000 ) ) ;
#7076 = CARTESIAN_POINT ( 'NONE',  ( 15.50000000000000178, 0.000000000000000000, -3.799999999999999822 ) ) ;
#7077 = CARTESIAN_POINT ( 'NONE',  ( 9.000000000000001776, 6.000000000000000000, 8.999999999999998224 ) ) ;
#7078 = CYLINDRICAL_SURFACE ( 'NONE', #6363, 1.499999999999999556 ) ;
#7079 = CARTESIAN_POINT ( 'NONE',  ( 9.499999999999998224, 3.499999999999999556, -18.50000000000000000 ) ) ;
#7080 = LINE ( 'NONE', #1002, #2708 ) ;
#7081 = ORIENTED_EDGE ( 'NONE', *, *, #7217, .F. ) ;
#7082 = LINE ( 'NONE', #4675, #7672 ) ;
#7083 = VERTEX_POINT ( 'NONE', #5133 ) ;
#7084 = CARTESIAN_POINT ( 'NONE',  ( -4.299999999999999822, 2.799999999999998490, 0.1000000000000000056 ) ) ;
#7085 = DIRECTION ( 'NONE',  ( -0.000000000000000000, -0.000000000000000000, 1.000000000000000000 ) ) ;
#7086 = ORIENTED_EDGE ( 'NONE', *, *, #6185, .T. ) ;
#7087 = DIRECTION ( 'NONE',  ( 0.000000000000000000, 0.000000000000000000, -1.000000000000000000 ) ) ;
#7088 = ORIENTED_EDGE ( 'NONE', *, *, #1325, .T. ) ;
#7089 = EDGE_CURVE ( 'NONE', #4040, #3447, #1439, .T. ) ;
#7090 = VERTEX_POINT ( 'NONE', #5610 ) ;
#7091 = CARTESIAN_POINT ( 'NONE',  ( 16.00000000000000000, 0.000000000000000000, 10.49999999999999645 ) ) ;
#7092 = EDGE_CURVE ( 'NONE', #954, #7365, #3228, .T. ) ;
#7093 = VERTEX_POINT ( 'NONE', #2020 ) ;
#7094 = LINE ( 'NONE', #7257, #2529 ) ;
#7095 = AXIS2_PLACEMENT_3D ( 'NONE', #902, #7462, #7016 ) ;
#7096 = DIRECTION ( 'NONE',  ( -1.000000000000000000, 0.000000000000000000, 0.000000000000000000 ) ) ;
#7097 = ORIENTED_EDGE ( 'NONE', *, *, #1531, .T. ) ;
#7098 = EDGE_LOOP ( 'NONE', ( #1052, #1019 ) ) ;
#7099 = DIRECTION ( 'NONE',  ( 0.000000000000000000, 0.000000000000000000, 1.000000000000000000 ) ) ;
#7100 = AXIS2_PLACEMENT_3D ( 'NONE', #4367, #3687, #7852 ) ;
#7101 = CARTESIAN_POINT ( 'NONE',  ( 10.99999999999999822, 0.4999999999999995559, 7.864218330839939597 ) ) ;
#7102 = DIRECTION ( 'NONE',  ( -1.000000000000000000, -2.168404344971008868E-16, 0.000000000000000000 ) ) ;
#7103 = DIRECTION ( 'NONE',  ( 0.000000000000000000, 1.000000000000000000, 0.000000000000000000 ) ) ;
#7104 = APPLICATION_CONTEXT ( 'automotive_design' ) ;
#7105 = ADVANCED_FACE ( 'NONE', ( #1502 ), #2614, .T. ) ;
#7106 = EDGE_CURVE ( 'NONE', #3420, #866, #1426, .T. ) ;
#7107 = EDGE_LOOP ( 'NONE', ( #7456, #3869, #1523, #1584 ) ) ;
#7108 = ORIENTED_EDGE ( 'NONE', *, *, #268, .F. ) ;
#7109 = DIRECTION ( 'NONE',  ( 0.000000000000000000, 0.000000000000000000, 1.000000000000000000 ) ) ;
#7110 = DIRECTION ( 'NONE',  ( 0.000000000000000000, 0.000000000000000000, 1.000000000000000000 ) ) ;
#7111 = EDGE_CURVE ( 'NONE', #3460, #3523, #5006, .T. ) ;
#7112 = LINE ( 'NONE', #3481, #5207 ) ;
#7113 = CARTESIAN_POINT ( 'NONE',  ( 14.74999999999999822, 0.5000000000000004441, 2.500000000000001332 ) ) ;
#7114 = FACE_OUTER_BOUND ( 'NONE', #4563, .T. ) ;
#7115 = EDGE_CURVE ( 'NONE', #964, #5732, #7706, .T. ) ;
#7116 = LINE ( 'NONE', #1119, #675 ) ;
#7117 = VECTOR ( 'NONE', #1808, 1000.000000000000000 ) ;
#7118 = ITEM_DEFINED_TRANSFORMATION ( 'NONE', 'NONE', #1736,  #152 ) ;
#7119 = CIRCLE ( 'NONE', #4809, 1.499999999999999556 ) ;
#7120 = ORIENTED_EDGE ( 'NONE', *, *, #942, .F. ) ;
#7121 = DIRECTION ( 'NONE',  ( -1.000000000000000000, -0.000000000000000000, 9.912705577010325549E-17 ) ) ;
#7122 = ORIENTED_EDGE ( 'NONE', *, *, #6167, .F. ) ;
#7123 = DIRECTION ( 'NONE',  ( -0.000000000000000000, 1.000000000000000000, -0.000000000000000000 ) ) ;
#7124 = LINE ( 'NONE', #4124, #1755 ) ;
#7125 = EDGE_LOOP ( 'NONE', ( #6548, #7909, #2412, #6935 ) ) ;
#7126 = VECTOR ( 'NONE', #4114, 1000.000000000000000 ) ;
#7127 = LINE ( 'NONE', #2880, #1355 ) ;
#7128 = CIRCLE ( 'NONE', #750, 0.2500000000000000000 ) ;
#7129 = VECTOR ( 'NONE', #2379, 1000.000000000000000 ) ;
#7130 = DIRECTION ( 'NONE',  ( 0.000000000000000000, 1.000000000000000000, 0.000000000000000000 ) ) ;
#7131 = ORIENTED_EDGE ( 'NONE', *, *, #2031, .F. ) ;
#7132 = ORIENTED_EDGE ( 'NONE', *, *, #2609, .F. ) ;
#7133 = AXIS2_PLACEMENT_3D ( 'NONE', #7762, #6147, #4749 ) ;
#7134 = CIRCLE ( 'NONE', #3312, 0.5500000000000010436 ) ;
#7135 = CARTESIAN_POINT ( 'NONE',  ( -17.50000000000000000, 7.500000000000000000, -10.50000000000000000 ) ) ;
#7136 = ORIENTED_EDGE ( 'NONE', *, *, #7256, .F. ) ;
#7137 = ADVANCED_FACE ( 'NONE', ( #868 ), #5349, .T. ) ;
#7138 = CARTESIAN_POINT ( 'NONE',  ( 0.000000000000000000, 0.000000000000000000, -1.074999999999999956 ) ) ;
#7139 = EDGE_CURVE ( 'NONE', #7093, #7576, #7116, .T. ) ;
#7140 = STYLED_ITEM ( 'NONE', ( #2860 ), #5739 ) ;
#7141 = DIRECTION ( 'NONE',  ( 0.000000000000000000, 0.000000000000000000, 1.000000000000000000 ) ) ;
#7142 = ORIENTED_EDGE ( 'NONE', *, *, #3045, .T. ) ;
#7143 = VECTOR ( 'NONE', #6829, 1000.000000000000000 ) ;
#7144 = PRODUCT_RELATED_PRODUCT_CATEGORY ( 'part', '', ( #7457 ) ) ;
#7145 = VERTEX_POINT ( 'NONE', #4079 ) ;
#7146 = DIRECTION ( 'NONE',  ( 1.000000000000000000, 0.000000000000000000, 0.000000000000000000 ) ) ;
#7147 = VECTOR ( 'NONE', #4933, 1000.000000000000000 ) ;
#7148 = FACE_OUTER_BOUND ( 'NONE', #3620, .T. ) ;
#7149 = PRESENTATION_STYLE_ASSIGNMENT (( #5370 ) ) ;
#7150 = VECTOR ( 'NONE', #87, 1000.000000000000000 ) ;
#7151 = CARTESIAN_POINT ( 'NONE',  ( 0.000000000000000000, 0.000000000000000000, 0.1000000000000000056 ) ) ;
#7152 = DIRECTION ( 'NONE',  ( 0.000000000000000000, 0.000000000000000000, 1.000000000000000000 ) ) ;
#7153 = AXIS2_PLACEMENT_3D ( 'NONE', #686, #1322, #7363 ) ;
#7154 = VECTOR ( 'NONE', #1050, 1000.000000000000000 ) ;
#7155 = ORIENTED_EDGE ( 'NONE', *, *, #7535, .F. ) ;
#7156 = ORIENTED_EDGE ( 'NONE', *, *, #5677, .T. ) ;
#7157 = DIRECTION ( 'NONE',  ( 0.000000000000000000, 0.000000000000000000, 1.000000000000000000 ) ) ;
#7158 = DIRECTION ( 'NONE',  ( 1.000000000000000000, 0.000000000000000000, -9.912705577010326782E-17 ) ) ;
#7159 = EDGE_CURVE ( 'NONE', #1166, #3278, #5947, .T. ) ;
#7160 = DIRECTION ( 'NONE',  ( 1.236061108696829207E-16, 1.000000000000000000, -0.000000000000000000 ) ) ;
#7161 = CARTESIAN_POINT ( 'NONE',  ( -16.00000000000000000, 0.4999999999999995559, -5.575896887068297953E-16 ) ) ;
#7162 = DIRECTION ( 'NONE',  ( 0.000000000000000000, 0.000000000000000000, 1.000000000000000000 ) ) ;
#7163 = LINE ( 'NONE', #1080, #7443 ) ;
#7164 = EDGE_CURVE ( 'NONE', #1597, #3023, #154, .T. ) ;
#7165 = VERTEX_POINT ( 'NONE', #478 ) ;
#7166 = DIRECTION ( 'NONE',  ( -1.084202172485504927E-16, 1.000000000000000000, -0.000000000000000000 ) ) ;
#7167 = ORIENTED_EDGE ( 'NONE', *, *, #4652, .T. ) ;
#7168 = DIRECTION ( 'NONE',  ( 1.000000000000000000, 0.000000000000000000, 0.000000000000000000 ) ) ;
#7169 = EDGE_CURVE ( 'NONE', #7864, #2590, #4249, .T. ) ;
#7170 = CARTESIAN_POINT ( 'NONE',  ( 9.249999999999998224, 3.249999999999999556, -18.50000000000000000 ) ) ;
#7171 = ORIENTED_EDGE ( 'NONE', *, *, #7307, .T. ) ;
#7172 = DIRECTION ( 'NONE',  ( -0.000000000000000000, 1.000000000000000000, -0.000000000000000000 ) ) ;
#7173 =( LENGTH_UNIT ( ) NAMED_UNIT ( * ) SI_UNIT ( .MILLI., .METRE. ) );
#7174 = ORIENTED_EDGE ( 'NONE', *, *, #3979, .F. ) ;
#7175 = VERTEX_POINT ( 'NONE', #7764 ) ;
#7176 = CYLINDRICAL_SURFACE ( 'NONE', #1662, 1.499999999999999556 ) ;
#7177 = AXIS2_PLACEMENT_3D ( 'NONE', #2058, #745, #5010 ) ;
#7178 = ORIENTED_EDGE ( 'NONE', *, *, #1694, .F. ) ;
#7179 = CARTESIAN_POINT ( 'NONE',  ( -9.000000000000000000, 0.4999999999999995559, 9.000000000000000000 ) ) ;
#7180 = EDGE_CURVE ( 'NONE', #866, #694, #3358, .T. ) ;
#7181 = EDGE_CURVE ( 'NONE', #3382, #7409, #7236, .T. ) ;
#7182 = LINE ( 'NONE', #5487, #3362 ) ;
#7183 = ORIENTED_EDGE ( 'NONE', *, *, #318, .F. ) ;
#7184 = AXIS2_PLACEMENT_3D ( 'NONE', #1307, #5491, #4347 ) ;
#7185 = EDGE_LOOP ( 'NONE', ( #4628, #6054 ) ) ;
#7186 = CARTESIAN_POINT ( 'NONE',  ( 17.50000000000000000, 7.500000000000000000, 10.49999999999999645 ) ) ;
#7187 = DIRECTION ( 'NONE',  ( 1.084202172485504927E-16, -1.000000000000000000, 0.000000000000000000 ) ) ;
#7188 = CARTESIAN_POINT ( 'NONE',  ( -16.00000000000000000, 0.000000000000000000, 1.500000000000001998 ) ) ;
#7189 = LINE ( 'NONE', #24, #5851 ) ;
#7190 = AXIS2_PLACEMENT_3D ( 'NONE', #381, #2253, #2774 ) ;
#7191 = DIRECTION ( 'NONE',  ( -0.000000000000000000, 1.000000000000000000, -0.000000000000000000 ) ) ;
#7192 = ORIENTED_EDGE ( 'NONE', *, *, #5784, .F. ) ;
#7193 = ORIENTED_EDGE ( 'NONE', *, *, #4321, .F. ) ;
#7194 = DIRECTION ( 'NONE',  ( -0.000000000000000000, -1.000000000000000000, -0.000000000000000000 ) ) ;
#7195 = DIRECTION ( 'NONE',  ( -0.000000000000000000, 1.000000000000000000, -0.000000000000000000 ) ) ;
#7196 = EDGE_CURVE ( 'NONE', #2263, #1091, #4717, .T. ) ;
#7197 = DIRECTION ( 'NONE',  ( 0.000000000000000000, -0.000000000000000000, 1.000000000000000000 ) ) ;
#7198 = FACE_OUTER_BOUND ( 'NONE', #2086, .T. ) ;
#7199 = LINE ( 'NONE', #315, #5558 ) ;
#7200 = DIRECTION ( 'NONE',  ( 0.000000000000000000, 0.000000000000000000, 1.000000000000000000 ) ) ;
#7201 = CONTEXT_DEPENDENT_SHAPE_REPRESENTATION ( #3853, #1476 ) ;
#7202 = EDGE_CURVE ( 'NONE', #7021, #964, #6526, .T. ) ;
#7203 = ORIENTED_EDGE ( 'NONE', *, *, #2458, .T. ) ;
#7204 = DIRECTION ( 'NONE',  ( 0.000000000000000000, 0.000000000000000000, 1.000000000000000000 ) ) ;
#7205 = ORIENTED_EDGE ( 'NONE', *, *, #4842, .T. ) ;
#7206 = LINE ( 'NONE', #2995, #4087 ) ;
#7207 = CARTESIAN_POINT ( 'NONE',  ( 15.50000000000000178, 0.4999999999999995559, -4.350000000000001421 ) ) ;
#7208 = CARTESIAN_POINT ( 'NONE',  ( 9.249999999999998224, -3.249999999999999556, 0.2500000000000000000 ) ) ;
#7209 = DIRECTION ( 'NONE',  ( 0.000000000000000000, 0.000000000000000000, 1.000000000000000000 ) ) ;
#7210 = EDGE_LOOP ( 'NONE', ( #4575, #6379 ) ) ;
#7211 = EDGE_CURVE ( 'NONE', #2417, #1768, #7080, .T. ) ;
#7212 = EDGE_CURVE ( 'NONE', #2601, #4616, #1683, .T. ) ;
#7213 = ORIENTED_EDGE ( 'NONE', *, *, #873, .F. ) ;
#7214 = CARTESIAN_POINT ( 'NONE',  ( 3.700000000000000178, -2.000000000000000000, 0.1000000000000000056 ) ) ;
#7215 = PLANE ( 'NONE',  #4694 ) ;
#7216 = VERTEX_POINT ( 'NONE', #4036 ) ;
#7217 = EDGE_CURVE ( 'NONE', #6461, #6356, #6420, .T. ) ;
#7218 = LINE ( 'NONE', #4649, #7781 ) ;
#7219 = CARTESIAN_POINT ( 'NONE',  ( 13.99999999999999822, 0.000000000000000000, -1.749999999999998890 ) ) ;
#7220 = ORIENTED_EDGE ( 'NONE', *, *, #503, .T. ) ;
#7221 = CARTESIAN_POINT ( 'NONE',  ( -16.00000000000000000, 0.4999999999999995559, 0.000000000000000000 ) ) ;
#7222 = DIRECTION ( 'NONE',  ( -0.000000000000000000, -0.000000000000000000, -1.000000000000000000 ) ) ;
#7223 =( NAMED_UNIT ( * ) SI_UNIT ( $, .STERADIAN. ) SOLID_ANGLE_UNIT ( ) );
#7224 = CARTESIAN_POINT ( 'NONE',  ( 16.00000000000000000, 7.500000000000000000, -3.249999999999999112 ) ) ;
#7225 = FACE_OUTER_BOUND ( 'NONE', #4017, .T. ) ;
#7226 = VECTOR ( 'NONE', #4127, 1000.000000000000000 ) ;
#7227 = ORIENTED_EDGE ( 'NONE', *, *, #4368, .T. ) ;
#7228 = ORIENTED_EDGE ( 'NONE', *, *, #6144, .F. ) ;
#7229 = LINE ( 'NONE', #2431, #5705 ) ;
#7230 = CARTESIAN_POINT ( 'NONE',  ( -9.250000000000001776, -3.249999999999999556, -18.25000000000000000 ) ) ;
#7231 = CARTESIAN_POINT ( 'NONE',  ( 5.549999999999999822, 2.000000000000000000, 0.1000000000000000056 ) ) ;
#7232 = DIRECTION ( 'NONE',  ( -0.000000000000000000, 1.000000000000000000, -0.000000000000000000 ) ) ;
#7233 = AXIS2_PLACEMENT_3D ( 'NONE', #4286, #4914, #6730 ) ;
#7234 = DIRECTION ( 'NONE',  ( -1.000000000000000000, -0.000000000000000000, -0.000000000000000000 ) ) ;
#7235 = EDGE_CURVE ( 'NONE', #2418, #4648, #7163, .T. ) ;
#7236 = LINE ( 'NONE', #5268, #6157 ) ;
#7237 = EDGE_CURVE ( 'NONE', #4137, #5786, #1569, .T. ) ;
#7238 = ORIENTED_EDGE ( 'NONE', *, *, #127, .T. ) ;
#7239 = AXIS2_PLACEMENT_3D ( 'NONE', #7755, #3990, #2898 ) ;
#7240 = DIRECTION ( 'NONE',  ( 0.000000000000000000, 0.000000000000000000, 1.000000000000000000 ) ) ;
#7241 = ORIENTED_EDGE ( 'NONE', *, *, #7716, .T. ) ;
#7242 = FACE_OUTER_BOUND ( 'NONE', #372, .T. ) ;
#7243 = DIRECTION ( 'NONE',  ( 0.000000000000000000, 0.000000000000000000, 1.000000000000000000 ) ) ;
#7244 = DIRECTION ( 'NONE',  ( 0.000000000000000000, -1.000000000000000000, 0.000000000000000000 ) ) ;
#7245 = DIRECTION ( 'NONE',  ( -1.000000000000000000, 0.000000000000000000, 0.000000000000000000 ) ) ;
#7246 =( NAMED_UNIT ( * ) SI_UNIT ( $, .STERADIAN. ) SOLID_ANGLE_UNIT ( ) );
#7247 = EDGE_LOOP ( 'NONE', ( #2254, #4402, #6769, #6821 ) ) ;
#7248 = AXIS2_PLACEMENT_3D ( 'NONE', #1956, #7398, #1868 ) ;
#7249 = ORIENTED_EDGE ( 'NONE', *, *, #5318, .F. ) ;
#7250 = ORIENTED_EDGE ( 'NONE', *, *, #5431, .F. ) ;
#7251 = CARTESIAN_POINT ( 'NONE',  ( -11.00000000000000533, 7.500000000000000000, -7.864218330839952031 ) ) ;
#7252 = AXIS2_PLACEMENT_3D ( 'NONE', #5707, #1482, #125 ) ;
#7253 = LINE ( 'NONE', #1896, #7778 ) ;
#7254 = VECTOR ( 'NONE', #6005, 1000.000000000000000 ) ;
#7255 = VERTEX_POINT ( 'NONE', #3601 ) ;
#7256 = EDGE_CURVE ( 'NONE', #1971, #5803, #4625, .T. ) ;
#7257 = CARTESIAN_POINT ( 'NONE',  ( -9.000000000000000000, 2.999999999999999556, -18.00000000000000000 ) ) ;
#7258 = AXIS2_PLACEMENT_3D ( 'NONE', #2231, #4075, #2868 ) ;
#7259 = DIRECTION ( 'NONE',  ( 0.000000000000000000, 1.000000000000000000, 0.000000000000000000 ) ) ;
#7260 = ORIENTED_EDGE ( 'NONE', *, *, #1783, .T. ) ;
#7261 = VERTEX_POINT ( 'NONE', #5997 ) ;
#7262 = EDGE_CURVE ( 'NONE', #3883, #6612, #1754, .T. ) ;
#7263 = AXIS2_PLACEMENT_3D ( 'NONE', #1993, #3148, #7440 ) ;
#7264 = CARTESIAN_POINT ( 'NONE',  ( 6.570000000000000284, 3.069999999999998508, -1.074999999999999956 ) ) ;
#7265 = PLANE ( 'NONE',  #633 ) ;
#7266 = CARTESIAN_POINT ( 'NONE',  ( -3.700000000000000178, 0.000000000000000000, 0.1000000000000000056 ) ) ;
#7267 = EDGE_CURVE ( 'NONE', #5787, #3335, #6601, .T. ) ;
#7268 = CARTESIAN_POINT ( 'NONE',  ( -2.349999999999999645, 2.000000000000000000, 0.1000000000000000056 ) ) ;
#7269 = STYLED_ITEM ( 'NONE', ( #67 ), #5693 ) ;
#7270 = AXIS2_PLACEMENT_3D ( 'NONE', #2223, #6512, #6552 ) ;
#7271 = PLANE ( 'NONE',  #7388 ) ;
#7272 = EDGE_CURVE ( 'NONE', #3523, #1494, #6649, .T. ) ;
#7273 = AXIS2_PLACEMENT_3D ( 'NONE', #2101, #978, #3907 ) ;
#7274 = EDGE_LOOP ( 'NONE', ( #6797, #2397, #4122, #3172 ) ) ;
#7275 = AXIS2_PLACEMENT_3D ( 'NONE', #7135, #1663, #6542 ) ;
#7276 = ORIENTED_EDGE ( 'NONE', *, *, #2572, .T. ) ;
#7277 = CARTESIAN_POINT ( 'NONE',  ( -6.770000000000002238, -3.499999999999999112, 0.2500000000000000000 ) ) ;
#7278 = DIRECTION ( 'NONE',  ( -0.000000000000000000, -1.000000000000000000, -0.000000000000000000 ) ) ;
#7279 = FACE_OUTER_BOUND ( 'NONE', #5478, .T. ) ;
#7280 = DIRECTION ( 'NONE',  ( -0.000000000000000000, 1.000000000000000000, -0.000000000000000000 ) ) ;
#7281 = VECTOR ( 'NONE', #5421, 1000.000000000000000 ) ;
#7282 = VECTOR ( 'NONE', #6936, 1000.000000000000000 ) ;
#7283 = DIRECTION ( 'NONE',  ( 1.239088197126289831E-16, 0.000000000000000000, 1.000000000000000000 ) ) ;
#7284 = SHAPE_DEFINITION_REPRESENTATION ( #3173, #5466 ) ;
#7285 = EDGE_LOOP ( 'NONE', ( #6901, #1359, #423, #3717 ) ) ;
#7286 = PLANE ( 'NONE',  #1784 ) ;
#7287 = ORIENTED_EDGE ( 'NONE', *, *, #2937, .F. ) ;
#7288 = AXIS2_PLACEMENT_3D ( 'NONE', #4514, #2673, #7146 ) ;
#7289 = LINE ( 'NONE', #4244, #646 ) ;
#7290 = CIRCLE ( 'NONE', #386, 0.2500000000000000000 ) ;
#7291 = LINE ( 'NONE', #4324, #4317 ) ;
#7292 = CYLINDRICAL_SURFACE ( 'NONE', #5963, 0.8000000000000003775 ) ;
#7293 = PRODUCT_RELATED_PRODUCT_CATEGORY ( 'part', '', ( #4254 ) ) ;
#7294 = CARTESIAN_POINT ( 'NONE',  ( -0.5000000000000000000, 0.000000000000000000, 0.000000000000000000 ) ) ;
#7295 =( LENGTH_UNIT ( ) NAMED_UNIT ( * ) SI_UNIT ( .MILLI., .METRE. ) );
#7296 = ORIENTED_EDGE ( 'NONE', *, *, #3579, .F. ) ;
#7297 = VERTEX_POINT ( 'NONE', #2832 ) ;
#7298 = ORIENTED_EDGE ( 'NONE', *, *, #2849, .T. ) ;
#7299 = CARTESIAN_POINT ( 'NONE',  ( 4.200000000000000178, 6.123233995736763571E-17, 0.1000000000000000056 ) ) ;
#7300 = CARTESIAN_POINT ( 'NONE',  ( 0.5000000000000000000, 6.123233995736766036E-17, 0.1000000000000000056 ) ) ;
#7301 = ORIENTED_EDGE ( 'NONE', *, *, #6127, .F. ) ;
#7302 = EDGE_CURVE ( 'NONE', #4863, #75, #5418, .T. ) ;
#7303 = CARTESIAN_POINT ( 'NONE',  ( 4.299999999999999822, 2.799999999999999378, 0.1000000000000000056 ) ) ;
#7304 = DIRECTION ( 'NONE',  ( -0.000000000000000000, 1.000000000000000000, -0.000000000000000000 ) ) ;
#7305 = VERTEX_POINT ( 'NONE', #1875 ) ;
#7306 = ORIENTED_EDGE ( 'NONE', *, *, #2862, .F. ) ;
#7307 = EDGE_CURVE ( 'NONE', #89, #7365, #5774, .T. ) ;
#7308 = DIRECTION ( 'NONE',  ( 1.000000000000000000, 0.000000000000000000, 0.000000000000000000 ) ) ;
#7309 = FACE_OUTER_BOUND ( 'NONE', #2211, .T. ) ;
#7310 = CARTESIAN_POINT ( 'NONE',  ( -6.770000000000002238, -3.499999999999999112, 0.000000000000000000 ) ) ;
#7311 = DIRECTION ( 'NONE',  ( 0.000000000000000000, 0.000000000000000000, -1.000000000000000000 ) ) ;
#7312 = CARTESIAN_POINT ( 'NONE',  ( 5.549999999999999822, -2.000000000000000000, 0.1000000000000000056 ) ) ;
#7313 = EDGE_CURVE ( 'NONE', #2078, #1125, #4828, .T. ) ;
#7314 = ORIENTED_EDGE ( 'NONE', *, *, #7710, .T. ) ;
#7315 = VERTEX_POINT ( 'NONE', #3908 ) ;
#7316 = CARTESIAN_POINT ( 'NONE',  ( -3.700000000000000178, 0.000000000000000000, 0.1000000000000000056 ) ) ;
#7317 = LINE ( 'NONE', #6760, #3950 ) ;
#7318 = FACE_BOUND ( 'NONE', #6702, .T. ) ;
#7319 = EDGE_CURVE ( 'NONE', #1710, #2087, #3724, .T. ) ;
#7320 = DIRECTION ( 'NONE',  ( -0.000000000000000000, 1.000000000000000000, -0.000000000000000000 ) ) ;
#7321 = CARTESIAN_POINT ( 'NONE',  ( -6.569999999999999396, 0.7500000000000000000, 3.070000000000000284 ) ) ;
#7322 = PRODUCT_DEFINITION_SHAPE ( 'NONE', 'NONE',  #2688 ) ;
#7323 = ORIENTED_EDGE ( 'NONE', *, *, #2452, .F. ) ;
#7324 = CARTESIAN_POINT ( 'NONE',  ( -10.50000000000000533, 0.000000000000000000, -10.49999999999999645 ) ) ;
#7325 = ORIENTED_EDGE ( 'NONE', *, *, #3229, .T. ) ;
#7326 = CARTESIAN_POINT ( 'NONE',  ( 16.75000000000000000, 0.5000000000000004441, -6.100000000000001421 ) ) ;
#7327 = CARTESIAN_POINT ( 'NONE',  ( 0.4299999999999989386, -3.070000000000001616, -0.5000000000000000000 ) ) ;
#7328 = EDGE_CURVE ( 'NONE', #2092, #1134, #4277, .T. ) ;
#7329 = DIRECTION ( 'NONE',  ( 1.000000000000000000, 0.000000000000000000, 0.000000000000000000 ) ) ;
#7330 = CARTESIAN_POINT ( 'NONE',  ( -4.999999999999999112, -1.200000000000000178, 0.1000000000000000056 ) ) ;
#7331 = ADVANCED_BREP_SHAPE_REPRESENTATION ( '', ( #5693, #152 ), #3525 ) ;
#7332 = EDGE_CURVE ( 'NONE', #6120, #1380, #6687, .T. ) ;
#7333 =( NAMED_UNIT ( * ) SI_UNIT ( $, .STERADIAN. ) SOLID_ANGLE_UNIT ( ) );
#7334 = ORIENTED_EDGE ( 'NONE', *, *, #3144, .T. ) ;
#7335 = EDGE_LOOP ( 'NONE', ( #6875, #3456, #3034, #6158 ) ) ;
#7336 = ORIENTED_EDGE ( 'NONE', *, *, #6036, .F. ) ;
#7337 = DIRECTION ( 'NONE',  ( -1.000000000000000000, 0.000000000000000000, -0.000000000000000000 ) ) ;
#7338 = EDGE_CURVE ( 'NONE', #4513, #7873, #647, .T. ) ;
#7339 = FACE_OUTER_BOUND ( 'NONE', #7420, .T. ) ;
#7340 = VERTEX_POINT ( 'NONE', #5463 ) ;
#7341 = CARTESIAN_POINT ( 'NONE',  ( 15.50000000000000178, 0.4999999999999995559, -5.500000000000000000 ) ) ;
#7342 = DIRECTION ( 'NONE',  ( 0.000000000000000000, 1.000000000000000000, 0.000000000000000000 ) ) ;
#7343 = VERTEX_POINT ( 'NONE', #3634 ) ;
#7344 = ORIENTED_EDGE ( 'NONE', *, *, #2659, .T. ) ;
#7345 = ADVANCED_FACE ( 'NONE', ( #1320 ), #6344, .T. ) ;
#7346 = CARTESIAN_POINT ( 'NONE',  ( -6.770000000000002238, -3.250000000000000000, 0.5000000000000000000 ) ) ;
#7347 = CARTESIAN_POINT ( 'NONE',  ( 0.000000000000000000, 0.000000000000000000, 0.000000000000000000 ) ) ;
#7348 = ADVANCED_FACE ( 'NONE', ( #4315 ), #3313, .F. ) ;
#7349 = DIRECTION ( 'NONE',  ( -0.000000000000000000, -1.000000000000000000, -0.000000000000000000 ) ) ;
#7350 = PLANE ( 'NONE',  #6881 ) ;
#7351 = ORIENTED_EDGE ( 'NONE', *, *, #29, .T. ) ;
#7352 = ORIENTED_EDGE ( 'NONE', *, *, #557, .F. ) ;
#7353 = PLANE ( 'NONE',  #7895 ) ;
#7354 = CARTESIAN_POINT ( 'NONE',  ( 16.00000000000000000, 0.000000000000000000, 10.49999999999999645 ) ) ;
#7355 = DIRECTION ( 'NONE',  ( 1.000000000000000000, 0.000000000000000000, -0.000000000000000000 ) ) ;
#7356 = ADVANCED_FACE ( 'NONE', ( #1922 ), #1801, .F. ) ;
#7357 = CARTESIAN_POINT ( 'NONE',  ( 15.50000000000000178, 0.4999999999999995559, 3.799999999999999822 ) ) ;
#7358 = EDGE_CURVE ( 'NONE', #1368, #2018, #3154, .T. ) ;
#7359 = AXIS2_PLACEMENT_3D ( 'NONE', #4890, #4970, #7428 ) ;
#7360 = DIRECTION ( 'NONE',  ( -2.825282534164181327E-16, -1.000000000000000000, 0.000000000000000000 ) ) ;
#7361 = VERTEX_POINT ( 'NONE', #6765 ) ;
#7362 = EDGE_CURVE ( 'NONE', #7430, #7757, #7582, .T. ) ;
#7363 = DIRECTION ( 'NONE',  ( 0.000000000000000000, 0.000000000000000000, -1.000000000000000000 ) ) ;
#7364 = AXIS2_PLACEMENT_3D ( 'NONE', #3446, #5874, #401 ) ;
#7365 = VERTEX_POINT ( 'NONE', #1200 ) ;
#7366 = DIRECTION ( 'NONE',  ( -1.000000000000000000, 0.000000000000000000, 1.236061108696829207E-16 ) ) ;
#7367 = VECTOR ( 'NONE', #1846, 1000.000000000000000 ) ;
#7368 = DIRECTION ( 'NONE',  ( 0.000000000000000000, 0.000000000000000000, 1.000000000000000000 ) ) ;
#7369 = CARTESIAN_POINT ( 'NONE',  ( -6.770000000000002238, -3.499999999999999112, 0.000000000000000000 ) ) ;
#7370 = EDGE_CURVE ( 'NONE', #651, #5651, #6156, .T. ) ;
#7371 = CARTESIAN_POINT ( 'NONE',  ( -17.50000000000000000, 0.000000000000000000, -1.500000000000001332 ) ) ;
#7372 = AXIS2_PLACEMENT_3D ( 'NONE', #2074, #3241, #4512 ) ;
#7373 = EDGE_LOOP ( 'NONE', ( #5533, #5843 ) ) ;
#7374 = VERTEX_POINT ( 'NONE', #4359 ) ;
#7375 = DIRECTION ( 'NONE',  ( 0.000000000000000000, 0.000000000000000000, -1.000000000000000000 ) ) ;
#7376 = EDGE_LOOP ( 'NONE', ( #6092, #6776 ) ) ;
#7377 = DIRECTION ( 'NONE',  ( -0.000000000000000000, -0.000000000000000000, -1.000000000000000000 ) ) ;
#7378 = DIRECTION ( 'NONE',  ( -1.000000000000000000, 0.000000000000000000, 1.239088197126289831E-16 ) ) ;
#7379 = ORIENTED_EDGE ( 'NONE', *, *, #7734, .T. ) ;
#7380 = DIRECTION ( 'NONE',  ( 0.000000000000000000, 0.000000000000000000, 1.000000000000000000 ) ) ;
#7381 = CIRCLE ( 'NONE', #223, 0.5000000000000000000 ) ;
#7382 = CARTESIAN_POINT ( 'NONE',  ( 6.570000000000000284, 3.069999999999998508, -1.074999999999999956 ) ) ;
#7383 = VERTEX_POINT ( 'NONE', #3031 ) ;
#7384 = ORIENTED_EDGE ( 'NONE', *, *, #2543, .F. ) ;
#7385 = VECTOR ( 'NONE', #6609, 1000.000000000000000 ) ;
#7386 = DIRECTION ( 'NONE',  ( 0.000000000000000000, 0.000000000000000000, 1.000000000000000000 ) ) ;
#7387 = ADVANCED_FACE ( 'NONE', ( #2066 ), #7921, .F. ) ;
#7388 = AXIS2_PLACEMENT_3D ( 'NONE', #2343, #4741, #513 ) ;
#7389 = LINE ( 'NONE', #143, #4069 ) ;
#7390 = LINE ( 'NONE', #1385, #6388 ) ;
#7391 = DIRECTION ( 'NONE',  ( 0.000000000000000000, 0.000000000000000000, 1.000000000000000000 ) ) ;
#7392 = CIRCLE ( 'NONE', #1644, 1.500000000000000000 ) ;
#7393 = DIRECTION ( 'NONE',  ( 1.000000000000000000, 0.000000000000000000, 0.000000000000000000 ) ) ;
#7394 = PRODUCT_DEFINITION ( 'UNKNOWN', '', #1999, #1931 ) ;
#7395 = AXIS2_PLACEMENT_3D ( 'NONE', #1599, #957, #6402 ) ;
#7396 = VERTEX_POINT ( 'NONE', #683 ) ;
#7397 = VECTOR ( 'NONE', #1526, 1000.000000000000000 ) ;
#7398 = DIRECTION ( 'NONE',  ( -0.000000000000000000, -1.000000000000000000, -0.000000000000000000 ) ) ;
#7399 = DIRECTION ( 'NONE',  ( 0.000000000000000000, 0.000000000000000000, 1.000000000000000000 ) ) ;
#7400 = AXIS2_PLACEMENT_3D ( 'NONE', #6715, #5620, #4985 ) ;
#7401 = CARTESIAN_POINT ( 'NONE',  ( 6.569999999999998508, -3.070000000000001172, -0.5000000000000000000 ) ) ;
#7402 = DIRECTION ( 'NONE',  ( -0.000000000000000000, -1.000000000000000000, -0.000000000000000000 ) ) ;
#7403 = DIRECTION ( 'NONE',  ( 0.000000000000000000, 0.000000000000000000, 1.000000000000000000 ) ) ;
#7404 = CIRCLE ( 'NONE', #5985, 1.499999999999999556 ) ;
#7405 = STYLED_ITEM ( 'NONE', ( #3497 ), #3215 ) ;
#7406 = ORIENTED_EDGE ( 'NONE', *, *, #2249, .F. ) ;
#7407 = CARTESIAN_POINT ( 'NONE',  ( 16.00000000000000000, 0.4999999999999995559, -10.50000000000000355 ) ) ;
#7408 = EDGE_CURVE ( 'NONE', #6531, #6150, #1237, .T. ) ;
#7409 = VERTEX_POINT ( 'NONE', #721 ) ;
#7410 = DIRECTION ( 'NONE',  ( 0.000000000000000000, -0.000000000000000000, 1.000000000000000000 ) ) ;
#7411 = CARTESIAN_POINT ( 'NONE',  ( 0.000000000000000000, 0.7500000000000000000, 0.000000000000000000 ) ) ;
#7412 = AXIS2_PLACEMENT_3D ( 'NONE', #5772, #6455, #4582 ) ;
#7413 = DIRECTION ( 'NONE',  ( -0.000000000000000000, 1.000000000000000000, -0.000000000000000000 ) ) ;
#7414 = AXIS2_PLACEMENT_3D ( 'NONE', #7266, #2460, #1188 ) ;
#7415 = CARTESIAN_POINT ( 'NONE',  ( -7.864218330839943150, 7.500000000000000000, 9.500000000000000000 ) ) ;
#7416 = ADVANCED_FACE ( 'NONE', ( #220 ), #2660, .F. ) ;
#7417 = CARTESIAN_POINT ( 'NONE',  ( 0.000000000000000000, 0.000000000000000000, 0.000000000000000000 ) ) ;
#7418 = ORIENTED_EDGE ( 'NONE', *, *, #7629, .F. ) ;
#7419 = AXIS2_PLACEMENT_3D ( 'NONE', #4202, #2873, #7240 ) ;
#7420 = EDGE_LOOP ( 'NONE', ( #3095, #7630, #7800, #6863 ) ) ;
#7421 = LINE ( 'NONE', #4965, #251 ) ;
#7422 = VECTOR ( 'NONE', #1286, 1000.000000000000000 ) ;
#7423 = ADVANCED_FACE ( 'NONE', ( #1065 ), #2817, .F. ) ;
#7424 = EDGE_LOOP ( 'NONE', ( #1618, #4057, #6141, #1571 ) ) ;
#7425 = DIRECTION ( 'NONE',  ( 0.000000000000000000, 1.000000000000000000, 0.000000000000000000 ) ) ;
#7426 = CARTESIAN_POINT ( 'NONE',  ( -4.200000000000000178, 2.000000000000000000, 0.000000000000000000 ) ) ;
#7427 = VERTEX_POINT ( 'NONE', #5215 ) ;
#7428 = DIRECTION ( 'NONE',  ( 0.000000000000000000, 0.000000000000000000, 1.000000000000000000 ) ) ;
#7429 = DIRECTION ( 'NONE',  ( -1.000000000000000000, -0.000000000000000000, -0.000000000000000000 ) ) ;
#7430 = VERTEX_POINT ( 'NONE', #1508 ) ;
#7431 = ORIENTED_EDGE ( 'NONE', *, *, #2047, .T. ) ;
#7432 = DIRECTION ( 'NONE',  ( 0.000000000000000000, 1.000000000000000000, 0.000000000000000000 ) ) ;
#7433 = DIRECTION ( 'NONE',  ( 0.000000000000000000, -1.000000000000000000, -0.000000000000000000 ) ) ;
#7434 = DIRECTION ( 'NONE',  ( 0.000000000000000000, 1.000000000000000000, -0.000000000000000000 ) ) ;
#7435 = LINE ( 'NONE', #1346, #102 ) ;
#7436 = ADVANCED_FACE ( 'NONE', ( #1587 ), #2701, .T. ) ;
#7437 = CARTESIAN_POINT ( 'NONE',  ( -5.549999999999999822, 2.000000000000000000, 0.000000000000000000 ) ) ;
#7438 = EDGE_LOOP ( 'NONE', ( #629, #6025, #2000, #4482 ) ) ;
#7439 = CARTESIAN_POINT ( 'NONE',  ( 0.4300000000000014366, 0.7500000000000000000, -3.069999999999999840 ) ) ;
#7440 = DIRECTION ( 'NONE',  ( -1.000000000000000000, -2.168404344971008128E-16, 0.000000000000000000 ) ) ;
#7441 = SURFACE_SIDE_STYLE ('',( #2625 ) ) ;
#7442 = CARTESIAN_POINT ( 'NONE',  ( 5.999999999999999112, -1.199999999999998623, 0.000000000000000000 ) ) ;
#7443 = VECTOR ( 'NONE', #7200, 1000.000000000000000 ) ;
#7444 = EDGE_LOOP ( 'NONE', ( #1146, #5444, #6939, #6091 ) ) ;
#7445 = CARTESIAN_POINT ( 'NONE',  ( -10.50000000000000533, 0.4999999999999995559, 9.000000000000001776 ) ) ;
#7446 = EDGE_CURVE ( 'NONE', #3411, #2328, #3502, .T. ) ;
#7447 = EDGE_LOOP ( 'NONE', ( #3242, #3518, #2855, #3802 ) ) ;
#7448 = DIRECTION ( 'NONE',  ( -1.858632295689434870E-16, 0.000000000000000000, -1.000000000000000000 ) ) ;
#7449 = CARTESIAN_POINT ( 'NONE',  ( 0.4299999999999997158, 3.069999999999998508, -1.074999999999999956 ) ) ;
#7450 = LINE ( 'NONE', #3247, #6878 ) ;
#7451 = DIRECTION ( 'NONE',  ( 0.000000000000000000, -0.000000000000000000, -1.000000000000000000 ) ) ;
#7452 = EDGE_CURVE ( 'NONE', #1384, #4145, #1449, .T. ) ;
#7453 = ORIENTED_EDGE ( 'NONE', *, *, #2897, .T. ) ;
#7454 = ORIENTED_EDGE ( 'NONE', *, *, #6119, .F. ) ;
#7455 = CARTESIAN_POINT ( 'NONE',  ( -9.695652173913044791, 0.4999999999999995559, -8.604945506379113596 ) ) ;
#7456 = ORIENTED_EDGE ( 'NONE', *, *, #3799, .F. ) ;
#7457 = PRODUCT ( 'HEPI Housing base', 'HEPI Housing base', '', ( #5915 ) ) ;
#7458 = DIRECTION ( 'NONE',  ( -0.000000000000000000, 1.000000000000000000, -0.000000000000000000 ) ) ;
#7459 = CARTESIAN_POINT ( 'NONE',  ( 0.000000000000000000, 0.000000000000000000, 0.5000000000000000000 ) ) ;
#7460 = FACE_OUTER_BOUND ( 'NONE', #5038, .T. ) ;
#7461 = ORIENTED_EDGE ( 'NONE', *, *, #2633, .T. ) ;
#7462 = DIRECTION ( 'NONE',  ( 1.000000000000000000, 0.000000000000000000, -1.927470528863119295E-16 ) ) ;
#7463 = ADVANCED_FACE ( 'NONE', ( #5250 ), #1668, .T. ) ;
#7464 = EDGE_CURVE ( 'NONE', #6743, #5396, #2841, .T. ) ;
#7465 = DIRECTION ( 'NONE',  ( 0.000000000000000000, 0.000000000000000000, 1.000000000000000000 ) ) ;
#7466 = VERTEX_POINT ( 'NONE', #2103 ) ;
#7467 = ORIENTED_EDGE ( 'NONE', *, *, #7734, .F. ) ;
#7468 = CARTESIAN_POINT ( 'NONE',  ( 1.350000000000000533, 2.000000000000000000, 0.000000000000000000 ) ) ;
#7469 = EDGE_CURVE ( 'NONE', #6077, #1768, #2216, .T. ) ;
#7470 = ADVANCED_FACE ( 'NONE', ( #5285 ), #5775, .F. ) ;
#7471 = ORIENTED_EDGE ( 'NONE', *, *, #1209, .T. ) ;
#7472 = DIRECTION ( 'NONE',  ( -1.000000000000000000, 0.000000000000000000, 9.912705577010326782E-17 ) ) ;
#7473 = CARTESIAN_POINT ( 'NONE',  ( 0.4300000000000014366, 0.1750000000000000167, -3.069999999999999840 ) ) ;
#7474 = DIRECTION ( 'NONE',  ( -0.000000000000000000, 0.000000000000000000, 1.000000000000000000 ) ) ;
#7475 = EDGE_LOOP ( 'NONE', ( #2475, #3511, #7120, #445 ) ) ;
#7476 = CARTESIAN_POINT ( 'NONE',  ( -9.000000000000007105, 7.500000000000000000, 10.50000000000000000 ) ) ;
#7477 = LINE ( 'NONE', #3758, #3320 ) ;
#7478 = EDGE_CURVE ( 'NONE', #568, #7684, #2852, .T. ) ;
#7479 = DIRECTION ( 'NONE',  ( -0.000000000000000000, -0.000000000000000000, -1.000000000000000000 ) ) ;
#7480 = ORIENTED_EDGE ( 'NONE', *, *, #7830, .T. ) ;
#7481 = LINE ( 'NONE', #1998, #6655 ) ;
#7482 = ORIENTED_EDGE ( 'NONE', *, *, #7452, .T. ) ;
#7483 = FACE_OUTER_BOUND ( 'NONE', #6259, .T. ) ;
#7484 = ADVANCED_FACE ( 'NONE', ( #7748 ), #3385, .T. ) ;
#7485 = LINE ( 'NONE', #2676, #628 ) ;
#7486 = ADVANCED_FACE ( 'NONE', ( #3419 ), #6986, .T. ) ;
#7487 = DIRECTION ( 'NONE',  ( -1.652117596168387756E-16, 0.000000000000000000, 1.000000000000000000 ) ) ;
#7488 = VECTOR ( 'NONE', #6415, 1000.000000000000000 ) ;
#7489 = CARTESIAN_POINT ( 'NONE',  ( -6.770000000000001350, 3.269999999999999574, -0.5000000000000000000 ) ) ;
#7490 = EDGE_CURVE ( 'NONE', #7297, #2446, #6547, .T. ) ;
#7491 = EDGE_LOOP ( 'NONE', ( #4107, #1442, #4490, #3968 ) ) ;
#7492 = ORIENTED_EDGE ( 'NONE', *, *, #5493, .T. ) ;
#7493 = CIRCLE ( 'NONE', #7752, 1.500000000000000000 ) ;
#7494 = DIRECTION ( 'NONE',  ( 0.000000000000000000, 0.000000000000000000, 1.000000000000000000 ) ) ;
#7495 = ORIENTED_EDGE ( 'NONE', *, *, #5731, .F. ) ;
#7496 = CARTESIAN_POINT ( 'NONE',  ( -6.770000000000001350, 3.269999999999999574, 0.000000000000000000 ) ) ;
#7497 = CARTESIAN_POINT ( 'NONE',  ( 0.000000000000000000, 3.249999999999999556, 0.2500000000000000000 ) ) ;
#7498 = PLANE ( 'NONE',  #2260 ) ;
#7499 = ORIENTED_EDGE ( 'NONE', *, *, #7789, .F. ) ;
#7500 = CARTESIAN_POINT ( 'NONE',  ( 1.850000000000000311, 2.000000000000000000, 0.1000000000000000056 ) ) ;
#7501 = AXIS2_PLACEMENT_3D ( 'NONE', #6684, #6112, #4195 ) ;
#7502 = LINE ( 'NONE', #92, #1563 ) ;
#7503 = ORIENTED_EDGE ( 'NONE', *, *, #6385, .F. ) ;
#7504 = ORIENTED_EDGE ( 'NONE', *, *, #1694, .T. ) ;
#7505 = DIRECTION ( 'NONE',  ( 0.000000000000000000, -1.000000000000000000, 0.000000000000000000 ) ) ;
#7506 = AXIS2_PLACEMENT_3D ( 'NONE', #5462, #35, #3723 ) ;
#7507 = EDGE_CURVE ( 'NONE', #7409, #6531, #5808, .T. ) ;
#7508 = ORIENTED_EDGE ( 'NONE', *, *, #2716, .T. ) ;
#7509 = CARTESIAN_POINT ( 'NONE',  ( 6.769999999999996909, 3.500000000000000888, 0.000000000000000000 ) ) ;
#7510 = CARTESIAN_POINT ( 'NONE',  ( 3.299999999999999378, -1.199999999999998845, 0.1000000000000000056 ) ) ;
#7511 = DIRECTION ( 'NONE',  ( 0.000000000000000000, 0.000000000000000000, -1.000000000000000000 ) ) ;
#7512 = EDGE_CURVE ( 'NONE', #489, #1125, #6813, .T. ) ;
#7513 = CIRCLE ( 'NONE', #6357, 0.4999999999999997780 ) ;
#7514 = CIRCLE ( 'NONE', #5069, 1.500000000000000000 ) ;
#7515 = ORIENTED_EDGE ( 'NONE', *, *, #3149, .F. ) ;
#7516 = EDGE_CURVE ( 'NONE', #184, #7758, #7674, .T. ) ;
#7517 = DIRECTION ( 'NONE',  ( 1.000000000000000000, 0.000000000000000000, 0.000000000000000000 ) ) ;
#7518 = LINE ( 'NONE', #1435, #111 ) ;
#7519 = VECTOR ( 'NONE', #6695, 1000.000000000000000 ) ;
#7520 = AXIS2_PLACEMENT_3D ( 'NONE', #849, #1445, #4518 ) ;
#7521 = AXIS2_PLACEMENT_3D ( 'NONE', #3067, #5410, #1109 ) ;
#7522 = PLANE ( 'NONE',  #6866 ) ;
#7523 = EDGE_CURVE ( 'NONE', #7083, #3069, #4621, .T. ) ;
#7524 = EDGE_CURVE ( 'NONE', #7600, #6009, #1259, .T. ) ;
#7525 = VECTOR ( 'NONE', #6219, 1000.000000000000000 ) ;
#7526 = AXIS2_PLACEMENT_3D ( 'NONE', #3997, #2717, #7001 ) ;
#7527 = ORIENTED_EDGE ( 'NONE', *, *, #36, .F. ) ;
#7528 = CARTESIAN_POINT ( 'NONE',  ( -6.770000000000002238, -3.499999999999999112, 0.000000000000000000 ) ) ;
#7529 = AXIS2_PLACEMENT_3D ( 'NONE', #1039, #3513, #5942 ) ;
#7530 = APPLICATION_CONTEXT ( 'automotive_design' ) ;
#7531 = EDGE_LOOP ( 'NONE', ( #786, #3976, #4132, #248 ) ) ;
#7532 = CARTESIAN_POINT ( 'NONE',  ( -10.50000000000000355, 7.500000000000000000, -2.999999999999999112 ) ) ;
#7533 = CARTESIAN_POINT ( 'NONE',  ( 6.770000000000000462, 0.000000000000000000, -3.270000000000000018 ) ) ;
#7534 = CARTESIAN_POINT ( 'NONE',  ( 17.50000000000000000, 7.500000000000000000, 10.49999999999999645 ) ) ;
#7535 = EDGE_CURVE ( 'NONE', #2344, #3337, #7182, .T. ) ;
#7536 = FACE_OUTER_BOUND ( 'NONE', #5854, .T. ) ;
#7537 = AXIS2_PLACEMENT_3D ( 'NONE', #4266, #5979, #7311 ) ;
#7538 = AXIS2_PLACEMENT_3D ( 'NONE', #7719, #1591, #878 ) ;
#7539 = VECTOR ( 'NONE', #5612, 1000.000000000000000 ) ;
#7540 = ORIENTED_EDGE ( 'NONE', *, *, #6590, .T. ) ;
#7541 = ORIENTED_EDGE ( 'NONE', *, *, #4661, .F. ) ;
#7542 = FACE_OUTER_BOUND ( 'NONE', #1795, .T. ) ;
#7543 = ORIENTED_EDGE ( 'NONE', *, *, #4175, .F. ) ;
#7544 = AXIS2_PLACEMENT_3D ( 'NONE', #1267, #2579, #181 ) ;
#7545 = CARTESIAN_POINT ( 'NONE',  ( 6.769999999999997797, -3.249999999999999556, 0.2500000000000000000 ) ) ;
#7546 = CIRCLE ( 'NONE', #4078, 0.5000000000000004441 ) ;
#7547 = CARTESIAN_POINT ( 'NONE',  ( -5.049999999999999822, 2.000000000000000000, 0.1000000000000000056 ) ) ;
#7548 = VERTEX_POINT ( 'NONE', #5441 ) ;
#7549 = CYLINDRICAL_SURFACE ( 'NONE', #2493, 1.499999999999999556 ) ;
#7550 = PLANE ( 'NONE',  #1179 ) ;
#7551 = ORIENTED_EDGE ( 'NONE', *, *, #2606, .F. ) ;
#7552 = VECTOR ( 'NONE', #2398, 1000.000000000000000 ) ;
#7553 = ORIENTED_EDGE ( 'NONE', *, *, #3845, .T. ) ;
#7554 = CARTESIAN_POINT ( 'NONE',  ( 4.200000000000000178, -2.000000000000000000, 0.1000000000000000056 ) ) ;
#7555 = EDGE_CURVE ( 'NONE', #6171, #2553, #1182, .T. ) ;
#7556 = EDGE_LOOP ( 'NONE', ( #4257, #4332 ) ) ;
#7557 = CARTESIAN_POINT ( 'NONE',  ( 15.49999999999999822, 0.000000000000000000, -0.2499999999999993616 ) ) ;
#7558 = DIRECTION ( 'NONE',  ( 1.326241189584715037E-16, -1.000000000000000000, 0.000000000000000000 ) ) ;
#7559 = CARTESIAN_POINT ( 'NONE',  ( 15.50000000000000178, 0.000000000000000000, 5.500000000000000000 ) ) ;
#7560 = ADVANCED_FACE ( 'NONE', ( #7785 ), #2934, .F. ) ;
#7561 = ORIENTED_EDGE ( 'NONE', *, *, #4024, .T. ) ;
#7562 = FACE_OUTER_BOUND ( 'NONE', #2886, .T. ) ;
#7563 = PLANE ( 'NONE',  #5982 ) ;
#7564 = DIRECTION ( 'NONE',  ( 0.000000000000000000, 0.000000000000000000, 1.000000000000000000 ) ) ;
#7565 = EDGE_CURVE ( 'NONE', #5634, #5643, #7833, .T. ) ;
#7566 = EDGE_LOOP ( 'NONE', ( #5473, #5586 ) ) ;
#7567 = DIRECTION ( 'NONE',  ( 1.652117596168387756E-16, 0.000000000000000000, -1.000000000000000000 ) ) ;
#7568 = ORIENTED_EDGE ( 'NONE', *, *, #6677, .F. ) ;
#7569 = AXIS2_PLACEMENT_3D ( 'NONE', #2209, #1615, #1018 ) ;
#7570 = CARTESIAN_POINT ( 'NONE',  ( -11.00000000000000533, 0.4999999999999995559, -7.864218330839952031 ) ) ;
#7571 = EDGE_CURVE ( 'NONE', #5353, #2967, #6034, .T. ) ;
#7572 = FACE_OUTER_BOUND ( 'NONE', #4756, .T. ) ;
#7573 = DIRECTION ( 'NONE',  ( 0.000000000000000000, -1.000000000000000000, 0.000000000000000000 ) ) ;
#7574 = FACE_BOUND ( 'NONE', #2451, .T. ) ;
#7575 = CIRCLE ( 'NONE', #2456, 1.499999999999999556 ) ;
#7576 = VERTEX_POINT ( 'NONE', #4172 ) ;
#7577 = ORIENTED_EDGE ( 'NONE', *, *, #6392, .F. ) ;
#7578 = DIRECTION ( 'NONE',  ( 0.000000000000000000, -0.000000000000000000, 1.000000000000000000 ) ) ;
#7579 = ORIENTED_EDGE ( 'NONE', *, *, #173, .T. ) ;
#7580 = LINE ( 'NONE', #7496, #7150 ) ;
#7581 = DIRECTION ( 'NONE',  ( -0.000000000000000000, -0.000000000000000000, -1.000000000000000000 ) ) ;
#7582 = CIRCLE ( 'NONE', #4885, 0.5000000000000004441 ) ;
#7583 = ORIENTED_EDGE ( 'NONE', *, *, #1729, .T. ) ;
#7584 = CARTESIAN_POINT ( 'NONE',  ( 16.00000000000000000, 7.500000000000000000, -1.749999999999999334 ) ) ;
#7585 = FACE_OUTER_BOUND ( 'NONE', #1669, .T. ) ;
#7586 = ORIENTED_EDGE ( 'NONE', *, *, #5631, .F. ) ;
#7587 = AXIS2_PLACEMENT_3D ( 'NONE', #1702, #7259, #6669 ) ;
#7588 = EDGE_LOOP ( 'NONE', ( #2971, #1651, #4875, #1047 ) ) ;
#7589 = EDGE_CURVE ( 'NONE', #7315, #5114, #6302, .T. ) ;
#7590 = LINE ( 'NONE', #5683, #5896 ) ;
#7591 = ORIENTED_EDGE ( 'NONE', *, *, #2854, .F. ) ;
#7592 = DIRECTION ( 'NONE',  ( 0.000000000000000000, 0.000000000000000000, 1.000000000000000000 ) ) ;
#7593 = CARTESIAN_POINT ( 'NONE',  ( 9.000000000000001776, 6.000000000000000000, 8.999999999999998224 ) ) ;
#7594 = CARTESIAN_POINT ( 'NONE',  ( -17.50000000000000000, 0.000000000000000000, -1.500000000000001332 ) ) ;
#7595 = EDGE_CURVE ( 'NONE', #55, #4783, #814, .T. ) ;
#7596 = VERTEX_POINT ( 'NONE', #581 ) ;
#7597 = LINE ( 'NONE', #340, #1655 ) ;
#7598 = DIRECTION ( 'NONE',  ( 1.000000000000000000, 0.000000000000000000, 0.000000000000000000 ) ) ;
#7599 = CARTESIAN_POINT ( 'NONE',  ( 16.75000000000000000, 7.500000000000000000, -7.600000000000001421 ) ) ;
#7600 = VERTEX_POINT ( 'NONE', #1098 ) ;
#7601 = ORIENTED_EDGE ( 'NONE', *, *, #2561, .T. ) ;
#7602 = CARTESIAN_POINT ( 'NONE',  ( -9.250000000000001776, 3.249999999999999556, -18.25000000000000000 ) ) ;
#7603 = ADVANCED_FACE ( 'NONE', ( #4221 ), #6090, .F. ) ;
#7604 = DIRECTION ( 'NONE',  ( 0.000000000000000000, -1.000000000000000000, 0.000000000000000000 ) ) ;
#7605 = LINE ( 'NONE', #6440, #227 ) ;
#7606 = FACE_OUTER_BOUND ( 'NONE', #6394, .T. ) ;
#7607 = EDGE_CURVE ( 'NONE', #5909, #4893, #6581, .T. ) ;
#7608 = EDGE_LOOP ( 'NONE', ( #1349, #7553, #626, #3653 ) ) ;
#7609 = ORIENTED_EDGE ( 'NONE', *, *, #1983, .F. ) ;
#7610 = CARTESIAN_POINT ( 'NONE',  ( 6.570000000000001172, 0.1750000000000000167, -3.069999999999999840 ) ) ;
#7611 = ORIENTED_EDGE ( 'NONE', *, *, #5899, .T. ) ;
#7612 = FACE_OUTER_BOUND ( 'NONE', #4373, .T. ) ;
#7613 = EDGE_CURVE ( 'NONE', #2219, #6531, #2888, .T. ) ;
#7614 = CARTESIAN_POINT ( 'NONE',  ( 14.74999999999999822, 0.5000000000000004441, 1.000000000000001110 ) ) ;
#7615 = ORIENTED_EDGE ( 'NONE', *, *, #503, .F. ) ;
#7616 = DIRECTION ( 'NONE',  ( 2.168404344971008868E-16, 1.000000000000000000, -0.000000000000000000 ) ) ;
#7617 = CIRCLE ( 'NONE', #6068, 0.5000000000000000000 ) ;
#7618 = DIRECTION ( 'NONE',  ( 0.000000000000000000, 0.000000000000000000, 1.000000000000000000 ) ) ;
#7619 = EDGE_LOOP ( 'NONE', ( #821, #4487, #294, #583 ) ) ;
#7620 = EDGE_LOOP ( 'NONE', ( #7108, #1985, #6606, #6471 ) ) ;
#7621 = DIRECTION ( 'NONE',  ( 0.000000000000000000, 0.000000000000000000, 1.000000000000000000 ) ) ;
#7622 = PRODUCT_DEFINITION_FORMATION_WITH_SPECIFIED_SOURCE ( 'ANY', '', #7457, .NOT_KNOWN. ) ;
#7623 = ORIENTED_EDGE ( 'NONE', *, *, #4274, .F. ) ;
#7624 = VECTOR ( 'NONE', #7245, 1000.000000000000000 ) ;
#7625 = CARTESIAN_POINT ( 'NONE',  ( 13.24999999999999822, -16.34050177399711501, -2.499999999999999556 ) ) ;
#7626 = DIRECTION ( 'NONE',  ( 0.000000000000000000, 1.000000000000000000, 0.000000000000000000 ) ) ;
#7627 = CARTESIAN_POINT ( 'NONE',  ( -5.549999999999999822, 2.000000000000000000, 0.1000000000000000056 ) ) ;
#7628 = AXIS2_PLACEMENT_3D ( 'NONE', #920, #1629, #306 ) ;
#7629 = EDGE_CURVE ( 'NONE', #2019, #3892, #3534, .T. ) ;
#7630 = ORIENTED_EDGE ( 'NONE', *, *, #3979, .T. ) ;
#7631 = DIRECTION ( 'NONE',  ( -1.000000000000000000, 0.000000000000000000, 0.000000000000000000 ) ) ;
#7632 = FACE_OUTER_BOUND ( 'NONE', #2489, .T. ) ;
#7633 = FILL_AREA_STYLE_COLOUR ( '', #3952 ) ;
#7634 = CARTESIAN_POINT ( 'NONE',  ( -9.500000000000001776, 3.249999999999999556, -18.25000000000000000 ) ) ;
#7635 = VECTOR ( 'NONE', #4192, 1000.000000000000000 ) ;
#7636 = ORIENTED_EDGE ( 'NONE', *, *, #627, .F. ) ;
#7637 = CIRCLE ( 'NONE', #7252, 0.5000000000000000000 ) ;
#7638 = ORIENTED_EDGE ( 'NONE', *, *, #5704, .F. ) ;
#7639 = CIRCLE ( 'NONE', #1635, 1.050000000000000266 ) ;
#7640 = DIRECTION ( 'NONE',  ( 1.000000000000000000, 0.000000000000000000, 0.000000000000000000 ) ) ;
#7641 = DIRECTION ( 'NONE',  ( -1.000000000000000000, 0.000000000000000000, 0.000000000000000000 ) ) ;
#7642 = AXIS2_PLACEMENT_3D ( 'NONE', #7437, #3839, #7393 ) ;
#7643 = CARTESIAN_POINT ( 'NONE',  ( 15.25000000000000178, 7.500000000000000000, 2.500000000000000888 ) ) ;
#7644 = LINE ( 'NONE', #2162, #2657 ) ;
#7645 = DIRECTION ( 'NONE',  ( -0.000000000000000000, 0.000000000000000000, -1.000000000000000000 ) ) ;
#7646 = AXIS2_PLACEMENT_3D ( 'NONE', #4311, #5344, #3672 ) ;
#7647 = CARTESIAN_POINT ( 'NONE',  ( 0.000000000000000000, 0.000000000000000000, 0.000000000000000000 ) ) ;
#7648 = AXIS2_PLACEMENT_3D ( 'NONE', #5264, #7727, #2385 ) ;
#7649 = EDGE_CURVE ( 'NONE', #3529, #262, #1734, .T. ) ;
#7650 = EDGE_LOOP ( 'NONE', ( #5121, #287, #3854, #7025 ) ) ;
#7651 = DIRECTION ( 'NONE',  ( 1.239088197126290817E-16, -1.000000000000000000, 0.000000000000000000 ) ) ;
#7652 = EDGE_LOOP ( 'NONE', ( #3561, #3925, #4916, #2068 ) ) ;
#7653 = LINE ( 'NONE', #7048, #7154 ) ;
#7654 = DIRECTION ( 'NONE',  ( -1.326241189584715037E-16, 1.000000000000000000, -0.000000000000000000 ) ) ;
#7655 = CIRCLE ( 'NONE', #1529, 0.5000000000000004441 ) ;
#7656 = ORIENTED_EDGE ( 'NONE', *, *, #3153, .T. ) ;
#7657 = ADVANCED_FACE ( 'NONE', ( #2416 ), #5324, .F. ) ;
#7658 = STYLED_ITEM ( 'NONE', ( #6917 ), #3001 ) ;
#7659 = DIRECTION ( 'NONE',  ( 2.312964634635743450E-15, 0.000000000000000000, -1.000000000000000000 ) ) ;
#7660 = AXIS2_PLACEMENT_3D ( 'NONE', #1833, #6714, #3512 ) ;
#7661 = CARTESIAN_POINT ( 'NONE',  ( 4.999999999999999112, -1.199999999999998845, 0.000000000000000000 ) ) ;
#7662 = EDGE_LOOP ( 'NONE', ( #4845, #4743, #1934, #394 ) ) ;
#7663 = ADVANCED_FACE ( 'NONE', ( #4735 ), #4806, .F. ) ;
#7664 = CIRCLE ( 'NONE', #7273, 0.8000000000000003775 ) ;
#7665 = ORIENTED_EDGE ( 'NONE', *, *, #6858, .F. ) ;
#7666 = MECHANICAL_DESIGN_GEOMETRIC_PRESENTATION_REPRESENTATION (  '', ( #7405 ), #766 ) ;
#7667 = FACE_OUTER_BOUND ( 'NONE', #7687, .T. ) ;
#7668 = ORIENTED_EDGE ( 'NONE', *, *, #3251, .F. ) ;
#7669 = EDGE_CURVE ( 'NONE', #5422, #5949, #6555, .T. ) ;
#7670 = DIRECTION ( 'NONE',  ( 0.000000000000000000, -1.000000000000000000, 0.000000000000000000 ) ) ;
#7671 = CARTESIAN_POINT ( 'NONE',  ( 15.25000000000000178, 0.5000000000000004441, 4.000000000000000888 ) ) ;
#7672 = VECTOR ( 'NONE', #7121, 1000.000000000000000 ) ;
#7673 = CIRCLE ( 'NONE', #2803, 0.2500000000000002220 ) ;
#7674 = LINE ( 'NONE', #2187, #3746 ) ;
#7675 = AXIS2_PLACEMENT_3D ( 'NONE', #3424, #3469, #4101 ) ;
#7676 = ORIENTED_EDGE ( 'NONE', *, *, #7853, .F. ) ;
#7677 = EDGE_CURVE ( 'NONE', #4884, #4385, #4125, .T. ) ;
#7678 = AXIS2_PLACEMENT_3D ( 'NONE', #2509, #4403, #6845 ) ;
#7679 = EDGE_CURVE ( 'NONE', #1903, #6368, #2017, .T. ) ;
#7680 = CARTESIAN_POINT ( 'NONE',  ( -6.569999999999999396, 0.1750000000000000167, -3.069999999999999396 ) ) ;
#7681 = LINE ( 'NONE', #5696, #1139 ) ;
#7682 =( NAMED_UNIT ( * ) SI_UNIT ( $, .STERADIAN. ) SOLID_ANGLE_UNIT ( ) );
#7683 = PLANE ( 'NONE',  #5452 ) ;
#7684 = VERTEX_POINT ( 'NONE', #211 ) ;
#7685 = EDGE_CURVE ( 'NONE', #6171, #147, #4369, .T. ) ;
#7686 = SHAPE_REPRESENTATION ( 'HEPI Housing base', ( #152 ), #6543 ) ;
#7687 = EDGE_LOOP ( 'NONE', ( #5148, #6204, #2250, #5514 ) ) ;
#7688 = FACE_OUTER_BOUND ( 'NONE', #1452, .T. ) ;
#7689 = CARTESIAN_POINT ( 'NONE',  ( 9.249999999999998224, -3.499999999999999556, -18.25000000000000000 ) ) ;
#7690 = CARTESIAN_POINT ( 'NONE',  ( -3.700000000000000178, -2.000000000000000000, 0.000000000000000000 ) ) ;
#7691 = DIRECTION ( 'NONE',  ( 0.000000000000000000, 0.000000000000000000, -1.000000000000000000 ) ) ;
#7692 = DIRECTION ( 'NONE',  ( 1.000000000000000000, 0.000000000000000000, 0.000000000000000000 ) ) ;
#7693 = SHAPE_DEFINITION_REPRESENTATION ( #1456, #2760 ) ;
#7694 = ADVANCED_FACE ( 'NONE', ( #4927 ), #3094, .F. ) ;
#7695 = ORIENTED_EDGE ( 'NONE', *, *, #1011, .T. ) ;
#7696 = CARTESIAN_POINT ( 'NONE',  ( 9.499999999999998224, -3.249999999999999556, -18.25000000000000000 ) ) ;
#7697 = VERTEX_POINT ( 'NONE', #4495 ) ;
#7698 = PLANE ( 'NONE',  #261 ) ;
#7699 = FACE_OUTER_BOUND ( 'NONE', #6413, .T. ) ;
#7700 = ORIENTED_EDGE ( 'NONE', *, *, #712, .F. ) ;
#7701 = LINE ( 'NONE', #1090, #3649 ) ;
#7702 = VECTOR ( 'NONE', #2095, 1000.000000000000000 ) ;
#7703 = CARTESIAN_POINT ( 'NONE',  ( 8.604945506379110043, 7.500000000000000000, 9.695652173913043015 ) ) ;
#7704 = ORIENTED_EDGE ( 'NONE', *, *, #7319, .F. ) ;
#7705 = ORIENTED_EDGE ( 'NONE', *, *, #2133, .T. ) ;
#7706 = CIRCLE ( 'NONE', #4109, 0.2500000000000002220 ) ;
#7707 = DIRECTION ( 'NONE',  ( 1.000000000000000000, 1.084202172485504927E-16, -0.000000000000000000 ) ) ;
#7708 = EDGE_CURVE ( 'NONE', #818, #3666, #923, .T. ) ;
#7709 = EDGE_LOOP ( 'NONE', ( #7238, #662, #6911, #6556 ) ) ;
#7710 = EDGE_CURVE ( 'NONE', #6734, #2686, #702, .T. ) ;
#7711 = DIRECTION ( 'NONE',  ( 0.000000000000000000, 0.000000000000000000, 1.000000000000000000 ) ) ;
#7712 = ADVANCED_FACE ( 'NONE', ( #4382 ), #7550, .F. ) ;
#7713 = VECTOR ( 'NONE', #3705, 1000.000000000000000 ) ;
#7714 = DIRECTION ( 'NONE',  ( 0.000000000000000000, 0.000000000000000000, 1.000000000000000000 ) ) ;
#7715 = ORIENTED_EDGE ( 'NONE', *, *, #4150, .T. ) ;
#7716 = EDGE_CURVE ( 'NONE', #374, #5828, #4343, .T. ) ;
#7717 = ORIENTED_EDGE ( 'NONE', *, *, #3947, .F. ) ;
#7718 = CARTESIAN_POINT ( 'NONE',  ( -10.50000000000000355, 0.000000000000000000, -2.999999999999999112 ) ) ;
#7719 = CARTESIAN_POINT ( 'NONE',  ( 15.49999999999999822, 0.000000000000000000, -0.2499999999999993616 ) ) ;
#7720 = EDGE_CURVE ( 'NONE', #5235, #2362, #1946, .T. ) ;
#7721 = CARTESIAN_POINT ( 'NONE',  ( 17.50000000000000355, 7.500000000000000000, -3.249999999999994227 ) ) ;
#7722 = ADVANCED_BREP_SHAPE_REPRESENTATION ( '', ( #5777, #152 ), #6543 ) ;
#7723 = DIRECTION ( 'NONE',  ( -0.000000000000000000, 1.000000000000000000, -0.000000000000000000 ) ) ;
#7724 = ORIENTED_EDGE ( 'NONE', *, *, #1628, .T. ) ;
#7725 = VERTEX_POINT ( 'NONE', #6139 ) ;
#7726 = FACE_OUTER_BOUND ( 'NONE', #992, .T. ) ;
#7727 = DIRECTION ( 'NONE',  ( -1.000000000000000000, 0.000000000000000000, 0.000000000000000000 ) ) ;
#7728 = LINE ( 'NONE', #7042, #5971 ) ;
#7729 = CARTESIAN_POINT ( 'NONE',  ( 15.25000000000000178, 7.500000000000000000, 2.500000000000000888 ) ) ;
#7730 = DIRECTION ( 'NONE',  ( 1.000000000000000000, 0.000000000000000000, 0.000000000000000000 ) ) ;
#7731 = DIRECTION ( 'NONE',  ( -0.000000000000000000, 1.000000000000000000, 0.000000000000000000 ) ) ;
#7732 = ORIENTED_EDGE ( 'NONE', *, *, #5430, .F. ) ;
#7733 = CARTESIAN_POINT ( 'NONE',  ( -0.4300000000000032685, -3.069999999999998952, -1.074999999999999956 ) ) ;
#7734 = EDGE_CURVE ( 'NONE', #6422, #5638, #5763, .T. ) ;
#7735 = VERTEX_POINT ( 'NONE', #5522 ) ;
#7736 = EDGE_CURVE ( 'NONE', #2842, #884, #54, .T. ) ;
#7737 = PLANE ( 'NONE',  #5224 ) ;
#7738 = ORIENTED_EDGE ( 'NONE', *, *, #5935, .F. ) ;
#7739 = EDGE_CURVE ( 'NONE', #6368, #6277, #1462, .T. ) ;
#7740 = CARTESIAN_POINT ( 'NONE',  ( -9.500000000000001776, -3.249999999999999556, -18.50000000000000000 ) ) ;
#7741 = CARTESIAN_POINT ( 'NONE',  ( -17.50000000000000000, 7.500000000000000000, 10.50000000000000000 ) ) ;
#7742 = ORIENTED_EDGE ( 'NONE', *, *, #3169, .F. ) ;
#7743 = ORIENTED_EDGE ( 'NONE', *, *, #7535, .T. ) ;
#7744 = DIRECTION ( 'NONE',  ( 1.000000000000000000, 0.000000000000000000, -9.912705577010325549E-17 ) ) ;
#7745 = ORIENTED_EDGE ( 'NONE', *, *, #23, .T. ) ;
#7746 = DIRECTION ( 'NONE',  ( 0.000000000000000000, -1.000000000000000000, 0.000000000000000000 ) ) ;
#7747 = AXIS2_PLACEMENT_3D ( 'NONE', #2174, #446, #7087 ) ;
#7748 = FACE_OUTER_BOUND ( 'NONE', #3404, .T. ) ;
#7749 = ORIENTED_EDGE ( 'NONE', *, *, #27, .T. ) ;
#7750 = ADVANCED_FACE ( 'NONE', ( #2487 ), #6824, .F. ) ;
#7751 = DIRECTION ( 'NONE',  ( -0.000000000000000000, 1.000000000000000000, -0.000000000000000000 ) ) ;
#7752 = AXIS2_PLACEMENT_3D ( 'NONE', #1930, #1289, #5427 ) ;
#7753 = DIRECTION ( 'NONE',  ( -0.000000000000000000, -1.000000000000000000, -0.000000000000000000 ) ) ;
#7754 = EDGE_CURVE ( 'NONE', #2439, #2724, #7502, .T. ) ;
#7755 = CARTESIAN_POINT ( 'NONE',  ( -0.4300000000000032685, -3.069999999999998952, -1.074999999999999956 ) ) ;
#7756 = EDGE_CURVE ( 'NONE', #5245, #1624, #802, .T. ) ;
#7757 = VERTEX_POINT ( 'NONE', #3828 ) ;
#7758 = VERTEX_POINT ( 'NONE', #3868 ) ;
#7759 = CARTESIAN_POINT ( 'NONE',  ( 0.5000000000000000000, 6.123233995736766036E-17, 0.000000000000000000 ) ) ;
#7760 = FACE_OUTER_BOUND ( 'NONE', #922, .T. ) ;
#7761 = CARTESIAN_POINT ( 'NONE',  ( -16.00000000000000000, 0.000000000000000000, 1.734723475976807094E-15 ) ) ;
#7762 = CARTESIAN_POINT ( 'NONE',  ( -9.000000000000000000, 7.500000000000000000, 9.000000000000000000 ) ) ;
#7763 = CARTESIAN_POINT ( 'NONE',  ( -3.700000000000000178, -2.000000000000000000, 0.000000000000000000 ) ) ;
#7764 = CARTESIAN_POINT ( 'NONE',  ( 4.299999999999999822, 2.799999999999999378, 0.1000000000000000056 ) ) ;
#7765 = CLOSED_SHELL ( 'NONE', ( #514, #6227, #4720, #4041, #3827, #5892, #1697, #188, #7857, #6432, #3289, #1101, #7470, #256, #1291, #7348, #2157, #7657, #663, #6732, #4012, #2039, #4742, #6618, #7416, #3636, #2536, #3538, #6841, #5711, #1642, #6652, #7423, #6288, #7356, #376, #7387, #1540, #5553 ) ) ;
#7766 = VECTOR ( 'NONE', #5976, 1000.000000000000000 ) ;
#7767 = ORIENTED_EDGE ( 'NONE', *, *, #1959, .F. ) ;
#7768 = FACE_OUTER_BOUND ( 'NONE', #6174, .T. ) ;
#7769 = VECTOR ( 'NONE', #1524, 1000.000000000000000 ) ;
#7770 = ORIENTED_EDGE ( 'NONE', *, *, #4919, .F. ) ;
#7771 = CARTESIAN_POINT ( 'NONE',  ( 16.00000000000000000, 0.000000000000000000, -7.950000000000000178 ) ) ;
#7772 = ADVANCED_FACE ( 'NONE', ( #827 ), #3182, .T. ) ;
#7773 = DIRECTION ( 'NONE',  ( 2.168404344971008868E-16, -1.000000000000000000, 0.000000000000000000 ) ) ;
#7774 = ORIENTED_EDGE ( 'NONE', *, *, #5684, .T. ) ;
#7775 = VECTOR ( 'NONE', #3515, 1000.000000000000000 ) ;
#7776 = CARTESIAN_POINT ( 'NONE',  ( -9.000000000000007105, 0.000000000000000000, 10.50000000000000000 ) ) ;
#7777 = VECTOR ( 'NONE', #7654, 1000.000000000000000 ) ;
#7778 = VECTOR ( 'NONE', #1773, 1000.000000000000000 ) ;
#7779 = ORIENTED_EDGE ( 'NONE', *, *, #718, .T. ) ;
#7780 = ORIENTED_EDGE ( 'NONE', *, *, #4073, .T. ) ;
#7781 = VECTOR ( 'NONE', #6503, 1000.000000000000000 ) ;
#7782 = AXIS2_PLACEMENT_3D ( 'NONE', #6763, #1872, #4868 ) ;
#7783 = CIRCLE ( 'NONE', #7912, 0.2500000000000002220 ) ;
#7784 = CARTESIAN_POINT ( 'NONE',  ( -9.695652173913044791, 7.500000000000000000, 8.604945506379111819 ) ) ;
#7785 = FACE_OUTER_BOUND ( 'NONE', #6757, .T. ) ;
#7786 = ORIENTED_EDGE ( 'NONE', *, *, #5109, .T. ) ;
#7787 = AXIS2_PLACEMENT_3D ( 'NONE', #4300, #1277, #110 ) ;
#7788 = ORIENTED_EDGE ( 'NONE', *, *, #4755, .T. ) ;
#7789 = EDGE_CURVE ( 'NONE', #7374, #3877, #4106, .T. ) ;
#7790 = DIRECTION ( 'NONE',  ( -0.000000000000000000, 1.000000000000000000, -0.000000000000000000 ) ) ;
#7791 = AXIS2_PLACEMENT_3D ( 'NONE', #5652, #3752, #2461 ) ;
#7792 = PLANE ( 'NONE',  #6871 ) ;
#7793 = DIRECTION ( 'NONE',  ( -0.000000000000000000, -0.000000000000000000, -1.000000000000000000 ) ) ;
#7794 = AXIS2_PLACEMENT_3D ( 'NONE', #3130, #2010, #5672 ) ;
#7795 = CARTESIAN_POINT ( 'NONE',  ( -16.00000000000000000, 0.4999999999999995559, -0.8000000000000009326 ) ) ;
#7796 = EDGE_CURVE ( 'NONE', #3335, #1730, #3260, .T. ) ;
#7797 = FACE_OUTER_BOUND ( 'NONE', #5570, .T. ) ;
#7798 = AXIS2_PLACEMENT_3D ( 'NONE', #1084, #484, #2992 ) ;
#7799 = AXIS2_PLACEMENT_3D ( 'NONE', #2055, #5720, #6205 ) ;
#7800 = ORIENTED_EDGE ( 'NONE', *, *, #808, .F. ) ;
#7801 = ORIENTED_EDGE ( 'NONE', *, *, #7523, .F. ) ;
#7802 = FACE_OUTER_BOUND ( 'NONE', #6791, .T. ) ;
#7803 = CARTESIAN_POINT ( 'NONE',  ( -12.00000000000000533, 0.000000000000000000, 3.000000000000003997 ) ) ;
#7804 = PLANE ( 'NONE',  #6373 ) ;
#7805 = FACE_OUTER_BOUND ( 'NONE', #317, .T. ) ;
#7806 = EDGE_CURVE ( 'NONE', #2328, #30, #5885, .T. ) ;
#7807 = CARTESIAN_POINT ( 'NONE',  ( -16.00000000000000000, 7.500000000000000000, 1.734723475976807094E-15 ) ) ;
#7808 = EDGE_CURVE ( 'NONE', #1180, #6980, #4869, .T. ) ;
#7809 = DIRECTION ( 'NONE',  ( -0.000000000000000000, -0.000000000000000000, -1.000000000000000000 ) ) ;
#7810 = SHAPE_DEFINITION_REPRESENTATION ( #5719, #1699 ) ;
#7811 = EDGE_LOOP ( 'NONE', ( #7855, #6789, #3804, #6337 ) ) ;
#7812 = EDGE_CURVE ( 'NONE', #5066, #4010, #1432, .T. ) ;
#7813 = DIRECTION ( 'NONE',  ( 1.000000000000000000, 0.000000000000000000, 0.000000000000000000 ) ) ;
#7814 = ORIENTED_EDGE ( 'NONE', *, *, #5490, .F. ) ;
#7815 = DIRECTION ( 'NONE',  ( 0.000000000000000000, 1.000000000000000000, 0.000000000000000000 ) ) ;
#7816 = LINE ( 'NONE', #2441, #3304 ) ;
#7817 = ORIENTED_EDGE ( 'NONE', *, *, #6051, .F. ) ;
#7818 = DIRECTION ( 'NONE',  ( -0.000000000000000000, 0.000000000000000000, -1.000000000000000000 ) ) ;
#7819 = EDGE_LOOP ( 'NONE', ( #2369, #6428, #5756, #7845 ) ) ;
#7820 = ORIENTED_EDGE ( 'NONE', *, *, #6922, .F. ) ;
#7821 = LINE ( 'NONE', #1215, #6253 ) ;
#7822 = ORIENTED_EDGE ( 'NONE', *, *, #391, .T. ) ;
#7823 = DIRECTION ( 'NONE',  ( -0.000000000000000000, -1.000000000000000000, -0.000000000000000000 ) ) ;
#7824 = CARTESIAN_POINT ( 'NONE',  ( -5.000000000000000000, 2.799999999999999822, 0.000000000000000000 ) ) ;
#7825 = ORIENTED_EDGE ( 'NONE', *, *, #851, .F. ) ;
#7826 = AXIS2_PLACEMENT_3D ( 'NONE', #3871, #6304, #214 ) ;
#7827 = ORIENTED_EDGE ( 'NONE', *, *, #7754, .F. ) ;
#7828 = FACE_BOUND ( 'NONE', #3932, .T. ) ;
#7829 = EDGE_CURVE ( 'NONE', #7090, #5172, #904, .T. ) ;
#7830 = EDGE_CURVE ( 'NONE', #1501, #7255, #2844, .T. ) ;
#7831 = CARTESIAN_POINT ( 'NONE',  ( 4.200000000000000178, 6.123233995736766036E-17, 0.000000000000000000 ) ) ;
#7832 = FACE_OUTER_BOUND ( 'NONE', #770, .T. ) ;
#7833 = CIRCLE ( 'NONE', #4384, 1.499999999999999556 ) ;
#7834 = CARTESIAN_POINT ( 'NONE',  ( -12.00000000000000355, 0.000000000000000000, -2.999999999999998224 ) ) ;
#7835 = EDGE_CURVE ( 'NONE', #1380, #6583, #3345, .T. ) ;
#7836 = ORIENTED_EDGE ( 'NONE', *, *, #4112, .F. ) ;
#7837 = ORIENTED_EDGE ( 'NONE', *, *, #3799, .T. ) ;
#7838 = CARTESIAN_POINT ( 'NONE',  ( -7.864218330839943150, 7.500000000000000000, -9.500000000000000000 ) ) ;
#7839 = CARTESIAN_POINT ( 'NONE',  ( 6.770000000000000462, 0.7500000000000000000, 3.270000000000000018 ) ) ;
#7840 = DIRECTION ( 'NONE',  ( -0.000000000000000000, 1.000000000000000000, -0.000000000000000000 ) ) ;
#7841 = DIRECTION ( 'NONE',  ( -0.000000000000000000, -0.000000000000000000, -1.000000000000000000 ) ) ;
#7842 = LINE ( 'NONE', #598, #1497 ) ;
#7843 = DIRECTION ( 'NONE',  ( 0.000000000000000000, -1.000000000000000000, 0.000000000000000000 ) ) ;
#7844 = APPLICATION_PROTOCOL_DEFINITION ( 'draft international standard', 'automotive_design', 1998, #1549 ) ;
#7845 = ORIENTED_EDGE ( 'NONE', *, *, #5678, .F. ) ;
#7846 = CARTESIAN_POINT ( 'NONE',  ( 6.050000000000000711, 2.000000000000000000, 0.1000000000000000056 ) ) ;
#7847 = EDGE_CURVE ( 'NONE', #1624, #1775, #6978, .T. ) ;
#7848 = EDGE_LOOP ( 'NONE', ( #5489, #2319, #1370, #7015 ) ) ;
#7849 = DIRECTION ( 'NONE',  ( 0.000000000000000000, 0.000000000000000000, -1.000000000000000000 ) ) ;
#7850 = DIRECTION ( 'NONE',  ( 1.000000000000000000, 0.000000000000000000, 0.000000000000000000 ) ) ;
#7851 = EDGE_LOOP ( 'NONE', ( #829, #1561 ) ) ;
#7852 = DIRECTION ( 'NONE',  ( 0.000000000000000000, -0.000000000000000000, 1.000000000000000000 ) ) ;
#7853 = EDGE_CURVE ( 'NONE', #4616, #2247, #5727, .T. ) ;
#7854 =( LENGTH_UNIT ( ) NAMED_UNIT ( * ) SI_UNIT ( .MILLI., .METRE. ) );
#7855 = ORIENTED_EDGE ( 'NONE', *, *, #627, .T. ) ;
#7856 = ORIENTED_EDGE ( 'NONE', *, *, #909, .T. ) ;
#7857 = ADVANCED_FACE ( 'NONE', ( #6417 ), #6493, .F. ) ;
#7858 = EDGE_LOOP ( 'NONE', ( #4067, #2945, #6972, #7174 ) ) ;
#7859 = DIRECTION ( 'NONE',  ( 1.000000000000000000, 0.000000000000000000, 0.000000000000000000 ) ) ;
#7860 = FACE_OUTER_BOUND ( 'NONE', #2203, .T. ) ;
#7861 = VERTEX_POINT ( 'NONE', #293 ) ;
#7862 = DIRECTION ( 'NONE',  ( 0.000000000000000000, 0.000000000000000000, 1.000000000000000000 ) ) ;
#7863 = DIRECTION ( 'NONE',  ( -1.858632295689434870E-16, 0.000000000000000000, -1.000000000000000000 ) ) ;
#7864 = VERTEX_POINT ( 'NONE', #1498 ) ;
#7865 = ORIENTED_EDGE ( 'NONE', *, *, #3660, .F. ) ;
#7866 = PLANE ( 'NONE',  #6931 ) ;
#7867 = LINE ( 'NONE', #1187, #3435 ) ;
#7868 = FILL_AREA_STYLE ('',( #1151 ) ) ;
#7869 = DIRECTION ( 'NONE',  ( -0.000000000000000000, 1.000000000000000000, 0.000000000000000000 ) ) ;
#7870 = CARTESIAN_POINT ( 'NONE',  ( -9.500000000000005329, 0.4999999999999995559, -9.500000000000000000 ) ) ;
#7871 = ADVANCED_FACE ( 'NONE', ( #5802 ), #2729, .T. ) ;
#7872 = AXIS2_PLACEMENT_3D ( 'NONE', #7303, #16, #1900 ) ;
#7873 = VERTEX_POINT ( 'NONE', #7661 ) ;
#7874 = PRODUCT_DEFINITION ( 'UNKNOWN', '', #6595, #4643 ) ;
#7875 = VERTEX_POINT ( 'NONE', #4682 ) ;
#7876 = CARTESIAN_POINT ( 'NONE',  ( -6.000000000000000000, 2.799999999999999822, 0.1000000000000000056 ) ) ;
#7877 = DIRECTION ( 'NONE',  ( -1.000000000000000000, -0.000000000000000000, -0.000000000000000000 ) ) ;
#7878 = CARTESIAN_POINT ( 'NONE',  ( 15.50000000000000178, 0.000000000000000000, -3.249999999999999112 ) ) ;
#7879 = AXIS2_PLACEMENT_3D ( 'NONE', #7489, #161, #5630 ) ;
#7880 = DIRECTION ( 'NONE',  ( 0.000000000000000000, -1.000000000000000000, 0.000000000000000000 ) ) ;
#7881 = DIRECTION ( 'NONE',  ( -1.000000000000000000, 0.000000000000000000, 0.000000000000000000 ) ) ;
#7882 = ITEM_DEFINED_TRANSFORMATION ( 'NONE', 'NONE', #2120,  #152 ) ;
#7883 = VERTEX_POINT ( 'NONE', #5164 ) ;
#7884 = AXIS2_PLACEMENT_3D ( 'NONE', #5538, #3030, #4827 ) ;
#7885 = CARTESIAN_POINT ( 'NONE',  ( 9.249999999999998224, 3.499999999999999556, 0.2500000000000000000 ) ) ;
#7886 = EDGE_CURVE ( 'NONE', #412, #5283, #20, .T. ) ;
#7887 = EDGE_LOOP ( 'NONE', ( #2916, #6045 ) ) ;
#7888 = CARTESIAN_POINT ( 'NONE',  ( -16.00000000000000000, 0.000000000000000000, 0.000000000000000000 ) ) ;
#7889 = CARTESIAN_POINT ( 'NONE',  ( 1.350000000000000533, -2.000000000000000000, 0.1000000000000000056 ) ) ;
#7890 = CARTESIAN_POINT ( 'NONE',  ( 15.25000000000000178, 7.500000000000000000, -7.600000000000001421 ) ) ;
#7891 = CARTESIAN_POINT ( 'NONE',  ( 1.350000000000000533, -2.000000000000000000, 0.000000000000000000 ) ) ;
#7892 = EDGE_CURVE ( 'NONE', #6193, #2054, #6676, .T. ) ;
#7893 = AXIS2_PLACEMENT_3D ( 'NONE', #289, #2690, #2643 ) ;
#7894 = VERTEX_POINT ( 'NONE', #7703 ) ;
#7895 = AXIS2_PLACEMENT_3D ( 'NONE', #6311, #5619, #679 ) ;
#7896 = VERTEX_POINT ( 'NONE', #4572 ) ;
#7897 = ORIENTED_EDGE ( 'NONE', *, *, #4811, .T. ) ;
#7898 = CARTESIAN_POINT ( 'NONE',  ( 0.4300000000000014366, 0.1750000000000000167, -3.069999999999999840 ) ) ;
#7899 = CLOSED_SHELL ( 'NONE', ( #7750, #3600, #3562, #4962, #7603, #2977, #1040, #2321, #5769, #2620, #6485, #1978, #7560, #3742, #2506, #2186, #500, #6516, #2061, #3361, #5484, #314, #815, #3941, #66, #1838, #820, #6790, #4542, #2363, #5282, #2028, #4246, #1881, #1399, #142, #6097, #1556, #2392, #5157, #4380, #1744, #3210, #462, #4428, #6331, #410, #5217, #7345, #6281, #3882, #7871, #6283, #1087, #6537, #419, #1458, #6336, #705, #6874, #3901, #3338, #2615, #1147, #1687, #863, #2425 ) ) ;
#7900 = DIRECTION ( 'NONE',  ( 1.000000000000000000, 0.000000000000000000, 0.000000000000000000 ) ) ;
#7901 = CIRCLE ( 'NONE', #4447, 0.5000000000000004441 ) ;
#7902 = EDGE_LOOP ( 'NONE', ( #7461, #2366 ) ) ;
#7903 = ADVANCED_FACE ( 'NONE', ( #7585 ), #7018, .T. ) ;
#7904 = AXIS2_PLACEMENT_3D ( 'NONE', #7870, #1227, #3716 ) ;
#7905 = DIRECTION ( 'NONE',  ( -0.000000000000000000, 1.000000000000000000, 0.000000000000000000 ) ) ;
#7906 = EDGE_CURVE ( 'NONE', #7361, #767, #5203, .T. ) ;
#7907 = VECTOR ( 'NONE', #2618, 1000.000000000000000 ) ;
#7908 = CARTESIAN_POINT ( 'NONE',  ( 6.799999999999999822, -3.299999999999999822, -1.399999999999999911 ) ) ;
#7909 = ORIENTED_EDGE ( 'NONE', *, *, #3432, .F. ) ;
#7910 = VECTOR ( 'NONE', #187, 1000.000000000000000 ) ;
#7911 = ORIENTED_EDGE ( 'NONE', *, *, #3239, .F. ) ;
#7912 = AXIS2_PLACEMENT_3D ( 'NONE', #7230, #7877, #6594 ) ;
#7913 = CARTESIAN_POINT ( 'NONE',  ( -17.50000000000000000, 7.500000000000000000, 1.734723475976807094E-15 ) ) ;
#7914 = ADVANCED_FACE ( 'NONE', ( #3410 ), #2808, .F. ) ;
#7915 = CARTESIAN_POINT ( 'NONE',  ( -0.4300000000000032685, -3.069999999999998952, -0.5000000000000000000 ) ) ;
#7916 = DIRECTION ( 'NONE',  ( 0.000000000000000000, 0.000000000000000000, -1.000000000000000000 ) ) ;
#7917 = VECTOR ( 'NONE', #5936, 1000.000000000000000 ) ;
#7918 = VECTOR ( 'NONE', #4264, 1000.000000000000000 ) ;
#7919 = MECHANICAL_DESIGN_GEOMETRIC_PRESENTATION_REPRESENTATION (  '', ( #3436 ), #245 ) ;
#7920 = CARTESIAN_POINT ( 'NONE',  ( 6.000000000000000000, 2.800000000000001155, 0.1000000000000000056 ) ) ;
#7921 = CYLINDRICAL_SURFACE ( 'NONE', #6938, 0.5500000000000010436 ) ;
#7922 = NEXT_ASSEMBLY_USAGE_OCCURRENCE ( 'NAUO1', ' ', ' ', #1373, #5957, $ ) ;
#7923 = NEXT_ASSEMBLY_USAGE_OCCURRENCE ( 'NAUO2', ' ', ' ', #1373, #1961, $ ) ;
#7924 = NEXT_ASSEMBLY_USAGE_OCCURRENCE ( 'NAUO3', ' ', ' ', #1373, #2879, $ ) ;
#7925 = NEXT_ASSEMBLY_USAGE_OCCURRENCE ( 'NAUO4', ' ', ' ', #2879, #3725, $ ) ;
#7926 = NEXT_ASSEMBLY_USAGE_OCCURRENCE ( 'NAUO5', ' ', ' ', #2879, #5617, $ ) ;
#7927 = NEXT_ASSEMBLY_USAGE_OCCURRENCE ( 'NAUO6', ' ', ' ', #2879, #6950, $ ) ;
#7928 = NEXT_ASSEMBLY_USAGE_OCCURRENCE ( 'NAUO7', ' ', ' ', #2879, #7394, $ ) ;
#7929 = NEXT_ASSEMBLY_USAGE_OCCURRENCE ( 'NAUO8', ' ', ' ', #5617, #7874, $ ) ;
#7930 = NEXT_ASSEMBLY_USAGE_OCCURRENCE ( 'NAUO9', ' ', ' ', #5617, #2688, $ ) ;
ENDSEC;
END-ISO-10303-21;
