ISO-10303-21;
HEADER;
FILE_DESCRIPTION (( 'STEP AP214' ),
    '1' );
FILE_NAME ('HEPI Housing.STEP',
    '2026-01-09T11:17:35',
    ( '' ),
    ( '' ),
    'SwSTEP 2.0',
    'SolidWorks 2024',
    '' );
FILE_SCHEMA (( 'AUTOMOTIVE_DESIGN' ));
ENDSEC;

DATA;
#1 = EDGE_CURVE ( 'NONE', #1831, #2164, #1835, .T. ) ;
#2 = ORIENTED_EDGE ( 'NONE', *, *, #974, .F. ) ;
#3 = DIRECTION ( 'NONE',  ( 0.000000000000000000, 0.000000000000000000, 1.000000000000000000 ) ) ;
#4 = ORIENTED_EDGE ( 'NONE', *, *, #64, .F. ) ;
#5 = LINE ( 'NONE', #1190, #275 ) ;
#6 = EDGE_CURVE ( 'NONE', #708, #1466, #1837, .T. ) ;
#7 = CYLINDRICAL_SURFACE ( 'NONE', #673, 1.499999999999999556 ) ;
#8 = FACE_OUTER_BOUND ( 'NONE', #1095, .T. ) ;
#9 = VECTOR ( 'NONE', #778, 1000.000000000000000 ) ;
#10 = VECTOR ( 'NONE', #975, 1000.000000000000000 ) ;
#11 = VERTEX_POINT ( 'NONE', #656 ) ;
#12 = EDGE_CURVE ( 'NONE', #1699, #1053, #862, .T. ) ;
#13 = ORIENTED_EDGE ( 'NONE', *, *, #943, .T. ) ;
#14 = CIRCLE ( 'NONE', #485, 0.8000000000000003775 ) ;
#15 = VERTEX_POINT ( 'NONE', #324 ) ;
#16 = DIRECTION ( 'NONE',  ( 0.000000000000000000, 0.000000000000000000, -1.000000000000000000 ) ) ;
#17 = ORIENTED_EDGE ( 'NONE', *, *, #325, .T. ) ;
#18 = DIRECTION ( 'NONE',  ( 0.000000000000000000, -1.000000000000000000, 0.000000000000000000 ) ) ;
#19 =( NAMED_UNIT ( * ) SI_UNIT ( $, .STERADIAN. ) SOLID_ANGLE_UNIT ( ) );
#20 = LINE ( 'NONE', #1882, #2015 ) ;
#21 = FACE_OUTER_BOUND ( 'NONE', #492, .T. ) ;
#22 = ORIENTED_EDGE ( 'NONE', *, *, #617, .T. ) ;
#23 = EDGE_CURVE ( 'NONE', #1700, #422, #1481, .T. ) ;
#24 = VERTEX_POINT ( 'NONE', #349 ) ;
#25 = ORIENTED_EDGE ( 'NONE', *, *, #60, .F. ) ;
#26 = VERTEX_POINT ( 'NONE', #1364 ) ;
#27 = AXIS2_PLACEMENT_3D ( 'NONE', #427, #949, #1638 ) ;
#28 = CARTESIAN_POINT ( 'NONE',  ( 16.00000000000000000, 7.500000000000000000, 1.750000000000000666 ) ) ;
#29 = ORIENTED_EDGE ( 'NONE', *, *, #1240, .F. ) ;
#30 = FACE_OUTER_BOUND ( 'NONE', #2071, .T. ) ;
#31 = LINE ( 'NONE', #2076, #1808 ) ;
#32 = DIRECTION ( 'NONE',  ( 0.000000000000000000, 0.000000000000000000, 1.000000000000000000 ) ) ;
#33 = CIRCLE ( 'NONE', #1100, 1.499999999999999556 ) ;
#34 = ORIENTED_EDGE ( 'NONE', *, *, #920, .F. ) ;
#35 = EDGE_LOOP ( 'NONE', ( #61, #297, #2054, #1621 ) ) ;
#36 = STYLED_ITEM ( 'NONE', ( #472 ), #2155 ) ;
#37 = ORIENTED_EDGE ( 'NONE', *, *, #954, .T. ) ;
#38 = DIRECTION ( 'NONE',  ( -0.000000000000000000, 1.000000000000000000, -0.000000000000000000 ) ) ;
#39 = VERTEX_POINT ( 'NONE', #2004 ) ;
#40 = CARTESIAN_POINT ( 'NONE',  ( 9.499999999999994671, 7.500000000000000000, -9.500000000000000000 ) ) ;
#41 = CIRCLE ( 'NONE', #1574, 1.499999999999999556 ) ;
#42 = DIRECTION ( 'NONE',  ( 0.000000000000000000, 0.000000000000000000, -1.000000000000000000 ) ) ;
#43 = PLANE ( 'NONE',  #1966 ) ;
#44 = ORIENTED_EDGE ( 'NONE', *, *, #779, .T. ) ;
#45 = VECTOR ( 'NONE', #814, 1000.000000000000000 ) ;
#46 = EDGE_CURVE ( 'NONE', #1909, #1540, #1303, .T. ) ;
#47 = AXIS2_PLACEMENT_3D ( 'NONE', #139, #1659, #131 ) ;
#48 = AXIS2_PLACEMENT_3D ( 'NONE', #1441, #799, #1478 ) ;
#49 = ORIENTED_EDGE ( 'NONE', *, *, #53, .T. ) ;
#50 = ORIENTED_EDGE ( 'NONE', *, *, #1229, .F. ) ;
#51 = DIRECTION ( 'NONE',  ( 0.000000000000000000, 0.000000000000000000, -1.000000000000000000 ) ) ;
#52 = CARTESIAN_POINT ( 'NONE',  ( 16.75000000000000000, 7.500000000000000000, 2.500000000000000888 ) ) ;
#53 = EDGE_CURVE ( 'NONE', #2079, #653, #767, .T. ) ;
#54 = AXIS2_PLACEMENT_3D ( 'NONE', #178, #1329, #987 ) ;
#55 = LINE ( 'NONE', #1234, #1454 ) ;
#56 = DIRECTION ( 'NONE',  ( 0.000000000000000000, 1.000000000000000000, 0.000000000000000000 ) ) ;
#57 = ADVANCED_FACE ( 'NONE', ( #839 ), #1513, .T. ) ;
#58 = CARTESIAN_POINT ( 'NONE',  ( -12.00000000000000355, 0.000000000000000000, -1.499999999999998446 ) ) ;
#59 = ORIENTED_EDGE ( 'NONE', *, *, #376, .T. ) ;
#60 = EDGE_CURVE ( 'NONE', #1967, #197, #1352, .T. ) ;
#61 = ORIENTED_EDGE ( 'NONE', *, *, #53, .F. ) ;
#62 = FACE_OUTER_BOUND ( 'NONE', #183, .T. ) ;
#63 = CARTESIAN_POINT ( 'NONE',  ( -10.50000000000000533, 7.500000000000000000, 3.000000000000004441 ) ) ;
#64 = EDGE_CURVE ( 'NONE', #1000, #1183, #505, .T. ) ;
#65 = CARTESIAN_POINT ( 'NONE',  ( 9.000000000000000000, 0.4999999999999995559, 9.799999999999998934 ) ) ;
#66 = FACE_OUTER_BOUND ( 'NONE', #1665, .T. ) ;
#67 = DIRECTION ( 'NONE',  ( 0.000000000000000000, -1.000000000000000000, 0.000000000000000000 ) ) ;
#68 = VERTEX_POINT ( 'NONE', #529 ) ;
#69 = ORIENTED_EDGE ( 'NONE', *, *, #706, .F. ) ;
#70 = DIRECTION ( 'NONE',  ( 0.000000000000000000, 0.000000000000000000, 1.000000000000000000 ) ) ;
#71 = LINE ( 'NONE', #1623, #1208 ) ;
#72 = DIRECTION ( 'NONE',  ( 0.000000000000000000, 1.000000000000000000, 0.000000000000000000 ) ) ;
#73 = ADVANCED_FACE ( 'NONE', ( #1180 ), #1669, .T. ) ;
#74 = CIRCLE ( 'NONE', #645, 1.500000000000000444 ) ;
#75 = CARTESIAN_POINT ( 'NONE',  ( 8.604945506379110043, 0.4999999999999995559, -9.695652173913043015 ) ) ;
#76 = CARTESIAN_POINT ( 'NONE',  ( -9.500000000000001776, 7.500000000000000000, 7.864218330839946702 ) ) ;
#77 = DIRECTION ( 'NONE',  ( 0.000000000000000000, 0.000000000000000000, 1.000000000000000000 ) ) ;
#78 = ORIENTED_EDGE ( 'NONE', *, *, #1191, .T. ) ;
#79 = DIRECTION ( 'NONE',  ( 0.000000000000000000, 1.000000000000000000, 0.000000000000000000 ) ) ;
#80 = CARTESIAN_POINT ( 'NONE',  ( 16.00000000000000000, 7.500000000000000000, -9.000000000000005329 ) ) ;
#81 = ORIENTED_EDGE ( 'NONE', *, *, #2166, .T. ) ;
#82 = ADVANCED_FACE ( 'NONE', ( #1848 ), #1872, .T. ) ;
#83 = AXIS2_PLACEMENT_3D ( 'NONE', #572, #1305, #607 ) ;
#84 = ORIENTED_EDGE ( 'NONE', *, *, #851, .T. ) ;
#85 = CIRCLE ( 'NONE', #1368, 1.499999999999999556 ) ;
#86 = CARTESIAN_POINT ( 'NONE',  ( 7.864218330839943150, 7.500000000000000000, 11.00000000000000000 ) ) ;
#87 = CARTESIAN_POINT ( 'NONE',  ( -7.864218330839943150, 0.4999999999999995559, -11.00000000000000000 ) ) ;
#88 = CARTESIAN_POINT ( 'NONE',  ( -12.00000000000000533, 0.000000000000000000, 3.000000000000003997 ) ) ;
#89 = CARTESIAN_POINT ( 'NONE',  ( 13.99999999999999822, 0.000000000000000000, -1.749999999999998890 ) ) ;
#90 = LINE ( 'NONE', #2099, #181 ) ;
#91 = FACE_OUTER_BOUND ( 'NONE', #1562, .T. ) ;
#92 = FACE_OUTER_BOUND ( 'NONE', #1126, .T. ) ;
#93 = EDGE_LOOP ( 'NONE', ( #1173, #1372, #1231, #1520 ) ) ;
#94 = PLANE ( 'NONE',  #534 ) ;
#95 = CARTESIAN_POINT ( 'NONE',  ( 9.499999999999994671, 0.4999999999999995559, -7.864218330839934268 ) ) ;
#96 = CARTESIAN_POINT ( 'NONE',  ( -17.50000000000000000, 7.500000000000000000, 10.50000000000000000 ) ) ;
#97 = CARTESIAN_POINT ( 'NONE',  ( 15.49999999999999822, 0.000000000000000000, -1.749999999999999112 ) ) ;
#98 = LINE ( 'NONE', #1460, #714 ) ;
#99 = DIRECTION ( 'NONE',  ( -0.000000000000000000, 1.000000000000000000, -0.000000000000000000 ) ) ;
#100 = DIRECTION ( 'NONE',  ( 0.000000000000000000, 1.000000000000000000, 0.000000000000000000 ) ) ;
#101 = EDGE_CURVE ( 'NONE', #1749, #832, #1029, .T. ) ;
#102 = ORIENTED_EDGE ( 'NONE', *, *, #1854, .T. ) ;
#103 = VECTOR ( 'NONE', #2095, 1000.000000000000000 ) ;
#104 = VERTEX_POINT ( 'NONE', #1497 ) ;
#105 = ADVANCED_FACE ( 'NONE', ( #311 ), #1698, .F. ) ;
#106 = DIRECTION ( 'NONE',  ( 0.000000000000000000, 1.000000000000000000, 0.000000000000000000 ) ) ;
#107 = CARTESIAN_POINT ( 'NONE',  ( -16.00000000000000000, 7.500000000000000000, 0.000000000000000000 ) ) ;
#108 = AXIS2_PLACEMENT_3D ( 'NONE', #80, #1118, #1789 ) ;
#109 = DIRECTION ( 'NONE',  ( -9.912705577010326782E-17, 0.000000000000000000, -1.000000000000000000 ) ) ;
#110 = FACE_OUTER_BOUND ( 'NONE', #1865, .T. ) ;
#111 = ADVANCED_FACE ( 'NONE', ( #8 ), #691, .F. ) ;
#112 = CARTESIAN_POINT ( 'NONE',  ( -16.00000000000000000, 0.000000000000000000, 1.500000000000001998 ) ) ;
#113 = DIRECTION ( 'NONE',  ( -1.000000000000000000, -0.000000000000000000, -4.956352788505166226E-16 ) ) ;
#114 = EDGE_CURVE ( 'NONE', #1361, #686, #1856, .T. ) ;
#115 = ORIENTED_EDGE ( 'NONE', *, *, #218, .T. ) ;
#116 = ORIENTED_EDGE ( 'NONE', *, *, #2026, .T. ) ;
#117 = AXIS2_PLACEMENT_3D ( 'NONE', #1479, #1128, #1938 ) ;
#118 = CARTESIAN_POINT ( 'NONE',  ( -8.604945506379110043, 7.500000000000000000, 9.695652173913043015 ) ) ;
#119 = VECTOR ( 'NONE', #1156, 1000.000000000000000 ) ;
#120 = CARTESIAN_POINT ( 'NONE',  ( 13.99999999999999822, 0.000000000000000000, -1.749999999999998890 ) ) ;
#121 = PRODUCT_DEFINITION ( 'General', '', #792, #985 ) ;
#122 = EDGE_CURVE ( 'NONE', #1207, #1480, #657, .T. ) ;
#123 = DIRECTION ( 'NONE',  ( 0.000000000000000000, 1.000000000000000000, 0.000000000000000000 ) ) ;
#124 = FACE_OUTER_BOUND ( 'NONE', #2138, .T. ) ;
#125 = EDGE_CURVE ( 'NONE', #1219, #1432, #540, .T. ) ;
#126 = CARTESIAN_POINT ( 'NONE',  ( 13.24999999999999822, 0.5000000000000004441, -0.9999999999999995559 ) ) ;
#127 = DIRECTION ( 'NONE',  ( -0.000000000000000000, 1.000000000000000000, -0.000000000000000000 ) ) ;
#128 = ORIENTED_EDGE ( 'NONE', *, *, #411, .F. ) ;
#129 = ORIENTED_EDGE ( 'NONE', *, *, #1425, .F. ) ;
#130 = CARTESIAN_POINT ( 'NONE',  ( 7.864218330839943150, 0.4999999999999995559, 11.00000000000000000 ) ) ;
#131 = DIRECTION ( 'NONE',  ( 0.000000000000000000, 0.000000000000000000, 1.000000000000000000 ) ) ;
#132 = CARTESIAN_POINT ( 'NONE',  ( 15.25000000000000178, 0.5000000000000004441, 4.000000000000000888 ) ) ;
#133 = CARTESIAN_POINT ( 'NONE',  ( -9.000000000000000000, 7.500000000000000000, 9.000000000000000000 ) ) ;
#134 = DIRECTION ( 'NONE',  ( 0.000000000000000000, 0.000000000000000000, 1.000000000000000000 ) ) ;
#135 = AXIS2_PLACEMENT_3D ( 'NONE', #1268, #278, #1754 ) ;
#136 = VECTOR ( 'NONE', #1034, 1000.000000000000000 ) ;
#137 = ORIENTED_EDGE ( 'NONE', *, *, #354, .T. ) ;
#138 = FACE_OUTER_BOUND ( 'NONE', #1461, .T. ) ;
#139 = CARTESIAN_POINT ( 'NONE',  ( 14.74999999999999822, -16.34050177399711501, 1.000000000000001110 ) ) ;
#140 = DIRECTION ( 'NONE',  ( -0.000000000000000000, 1.000000000000000000, -0.000000000000000000 ) ) ;
#141 = DIRECTION ( 'NONE',  ( 0.000000000000000000, 0.000000000000000000, -1.000000000000000000 ) ) ;
#142 = DIRECTION ( 'NONE',  ( 1.652117596168387756E-16, 0.000000000000000000, -1.000000000000000000 ) ) ;
#143 = ORIENTED_EDGE ( 'NONE', *, *, #1330, .T. ) ;
#144 = ADVANCED_FACE ( 'NONE', ( #66 ), #1428, .F. ) ;
#145 = VECTOR ( 'NONE', #1091, 1000.000000000000000 ) ;
#146 = ORIENTED_EDGE ( 'NONE', *, *, #1378, .T. ) ;
#147 = ADVANCED_FACE ( 'NONE', ( #21 ), #746, .T. ) ;
#148 = CARTESIAN_POINT ( 'NONE',  ( 15.25000000000000178, 0.5000000000000004441, -7.600000000000001421 ) ) ;
#149 = CARTESIAN_POINT ( 'NONE',  ( 9.695652173913041239, 0.4999999999999995559, -8.604945506379106490 ) ) ;
#150 = AXIS2_PLACEMENT_3D ( 'NONE', #403, #1880, #1547 ) ;
#151 = DIRECTION ( 'NONE',  ( 0.000000000000000000, 0.000000000000000000, -1.000000000000000000 ) ) ;
#152 = VECTOR ( 'NONE', #1127, 1000.000000000000000 ) ;
#153 = UNCERTAINTY_MEASURE_WITH_UNIT (LENGTH_MEASURE( 1.000000000000000082E-05 ), #984, 'distance_accuracy_value', 'NONE');
#154 = VERTEX_POINT ( 'NONE', #2077 ) ;
#155 = FACE_OUTER_BOUND ( 'NONE', #649, .T. ) ;
#156 = DIRECTION ( 'NONE',  ( 1.156482317317871133E-15, 0.000000000000000000, -1.000000000000000000 ) ) ;
#157 = ORIENTED_EDGE ( 'NONE', *, *, #1357, .T. ) ;
#158 = ORIENTED_EDGE ( 'NONE', *, *, #1141, .F. ) ;
#159 = ORIENTED_EDGE ( 'NONE', *, *, #699, .T. ) ;
#160 = ORIENTED_EDGE ( 'NONE', *, *, #1655, .T. ) ;
#161 = CYLINDRICAL_SURFACE ( 'NONE', #1205, 1.499999999999999556 ) ;
#162 = ORIENTED_EDGE ( 'NONE', *, *, #1813, .T. ) ;
#163 = DIRECTION ( 'NONE',  ( 0.000000000000000000, 1.000000000000000000, -0.000000000000000000 ) ) ;
#164 = VECTOR ( 'NONE', #1145, 1000.000000000000000 ) ;
#165 = LINE ( 'NONE', #838, #620 ) ;
#166 = CARTESIAN_POINT ( 'NONE',  ( -9.000000000000007105, 7.500000000000000000, -9.000000000000001776 ) ) ;
#167 = ORIENTED_EDGE ( 'NONE', *, *, #250, .F. ) ;
#168 = EDGE_CURVE ( 'NONE', #342, #1734, #2101, .T. ) ;
#169 = ORIENTED_EDGE ( 'NONE', *, *, #12, .F. ) ;
#170 = ORIENTED_EDGE ( 'NONE', *, *, #389, .F. ) ;
#171 = EDGE_CURVE ( 'NONE', #2019, #2124, #415, .T. ) ;
#172 = ORIENTED_EDGE ( 'NONE', *, *, #1082, .T. ) ;
#173 = CARTESIAN_POINT ( 'NONE',  ( -9.000000000000000000, 0.4999999999999995559, -9.000000000000000000 ) ) ;
#174 = ORIENTED_EDGE ( 'NONE', *, *, #1733, .T. ) ;
#175 = LINE ( 'NONE', #480, #1576 ) ;
#176 = APPLICATION_PROTOCOL_DEFINITION ( 'draft international standard', 'automotive_design', 1998, #958 ) ;
#177 = FACE_OUTER_BOUND ( 'NONE', #727, .T. ) ;
#178 = CARTESIAN_POINT ( 'NONE',  ( -11.00000000000000533, 0.4999999999999995559, -7.864218330839952031 ) ) ;
#179 = EDGE_CURVE ( 'NONE', #1219, #1402, #14, .T. ) ;
#180 = VECTOR ( 'NONE', #1642, 1000.000000000000000 ) ;
#181 = VECTOR ( 'NONE', #770, 1000.000000000000000 ) ;
#182 = ORIENTED_EDGE ( 'NONE', *, *, #354, .F. ) ;
#183 = EDGE_LOOP ( 'NONE', ( #1999, #1839, #1769, #102 ) ) ;
#184 = EDGE_CURVE ( 'NONE', #2165, #1507, #1386, .T. ) ;
#185 = EDGE_LOOP ( 'NONE', ( #854, #892, #1737, #922 ) ) ;
#186 = DIRECTION ( 'NONE',  ( 0.000000000000000000, 1.000000000000000000, 0.000000000000000000 ) ) ;
#187 = ORIENTED_EDGE ( 'NONE', *, *, #570, .F. ) ;
#188 = DIRECTION ( 'NONE',  ( 0.000000000000000000, 0.000000000000000000, 1.000000000000000000 ) ) ;
#189 = EDGE_CURVE ( 'NONE', #26, #1239, #2029, .T. ) ;
#190 = FACE_OUTER_BOUND ( 'NONE', #1130, .T. ) ;
#191 = CYLINDRICAL_SURFACE ( 'NONE', #1444, 0.8000000000000020428 ) ;
#192 = CIRCLE ( 'NONE', #83, 1.500000000000000222 ) ;
#193 = AXIS2_PLACEMENT_3D ( 'NONE', #2134, #464, #1809 ) ;
#194 = ORIENTED_EDGE ( 'NONE', *, *, #498, .T. ) ;
#195 = ORIENTED_EDGE ( 'NONE', *, *, #184, .F. ) ;
#196 = VECTOR ( 'NONE', #2014, 1000.000000000000000 ) ;
#197 = VERTEX_POINT ( 'NONE', #1256 ) ;
#198 = DIRECTION ( 'NONE',  ( -0.000000000000000000, -1.000000000000000000, -0.000000000000000000 ) ) ;
#199 = ORIENTED_EDGE ( 'NONE', *, *, #189, .F. ) ;
#200 = CARTESIAN_POINT ( 'NONE',  ( 13.24999999999999822, 7.500000000000000000, 1.000000000000001110 ) ) ;
#201 = CARTESIAN_POINT ( 'NONE',  ( -7.864218330839943150, 0.4999999999999995559, -9.500000000000000000 ) ) ;
#202 = DIRECTION ( 'NONE',  ( 0.000000000000000000, 1.000000000000000000, 0.000000000000000000 ) ) ;
#203 = VERTEX_POINT ( 'NONE', #1235 ) ;
#204 = ORIENTED_EDGE ( 'NONE', *, *, #1374, .F. ) ;
#205 = EDGE_LOOP ( 'NONE', ( #1342, #715, #1977, #167 ) ) ;
#206 = VERTEX_POINT ( 'NONE', #701 ) ;
#207 = ORIENTED_EDGE ( 'NONE', *, *, #1229, .T. ) ;
#208 = CIRCLE ( 'NONE', #1238, 1.500000000000000000 ) ;
#209 = DIRECTION ( 'NONE',  ( -0.000000000000000000, 0.000000000000000000, 1.000000000000000000 ) ) ;
#210 = ORIENTED_EDGE ( 'NONE', *, *, #1875, .F. ) ;
#211 = LINE ( 'NONE', #1223, #834 ) ;
#212 = EDGE_CURVE ( 'NONE', #1967, #24, #1263, .T. ) ;
#213 = CARTESIAN_POINT ( 'NONE',  ( -16.00000000000000000, 0.4999999999999995559, 0.000000000000000000 ) ) ;
#214 = DIRECTION ( 'NONE',  ( 0.000000000000000000, 0.000000000000000000, 1.000000000000000000 ) ) ;
#215 = CIRCLE ( 'NONE', #2115, 1.499999999999999556 ) ;
#216 = EDGE_LOOP ( 'NONE', ( #78, #577, #128, #1413 ) ) ;
#217 = ORIENTED_EDGE ( 'NONE', *, *, #2062, .F. ) ;
#218 = EDGE_CURVE ( 'NONE', #2114, #1000, #1062, .T. ) ;
#219 = AXIS2_PLACEMENT_3D ( 'NONE', #1037, #70, #1846 ) ;
#220 = ORIENTED_EDGE ( 'NONE', *, *, #60, .T. ) ;
#221 = ADVANCED_FACE ( 'NONE', ( #919 ), #191, .F. ) ;
#222 = DIRECTION ( 'NONE',  ( 0.000000000000000000, 0.000000000000000000, -1.000000000000000000 ) ) ;
#223 = CARTESIAN_POINT ( 'NONE',  ( 16.75000000000000000, 7.500000000000000000, -4.000000000000000000 ) ) ;
#224 = ADVANCED_FACE ( 'NONE', ( #895, #2088, #1573, #394, #575 ), #43, .F. ) ;
#225 = PLANE ( 'NONE',  #1937 ) ;
#226 = DIRECTION ( 'NONE',  ( -0.000000000000000000, 1.000000000000000000, -0.000000000000000000 ) ) ;
#227 = CARTESIAN_POINT ( 'NONE',  ( 15.49999999999999822, 7.500000000000000000, 1.750000000000000666 ) ) ;
#228 = ORIENTED_EDGE ( 'NONE', *, *, #101, .F. ) ;
#229 = AXIS2_PLACEMENT_3D ( 'NONE', #2106, #596, #1253 ) ;
#230 = AXIS2_PLACEMENT_3D ( 'NONE', #1407, #915, #188 ) ;
#231 = ORIENTED_EDGE ( 'NONE', *, *, #1636, .F. ) ;
#232 = AXIS2_PLACEMENT_3D ( 'NONE', #133, #813, #1339 ) ;
#233 = ORIENTED_EDGE ( 'NONE', *, *, #114, .T. ) ;
#234 = APPLICATION_CONTEXT ( 'automotive_design' ) ;
#235 = DIRECTION ( 'NONE',  ( 0.000000000000000000, 0.000000000000000000, -1.000000000000000000 ) ) ;
#236 = CARTESIAN_POINT ( 'NONE',  ( -12.00000000000000533, 0.000000000000000000, 3.000000000000003997 ) ) ;
#237 = AXIS2_PLACEMENT_3D ( 'NONE', #239, #1905, #32 ) ;
#238 = DIRECTION ( 'NONE',  ( 0.000000000000000000, -1.000000000000000000, 0.000000000000000000 ) ) ;
#239 = CARTESIAN_POINT ( 'NONE',  ( 16.00000000000000000, 0.4999999999999995559, 9.000000000000000000 ) ) ;
#240 = DIRECTION ( 'NONE',  ( 0.000000000000000000, 0.000000000000000000, 1.000000000000000000 ) ) ;
#241 = VERTEX_POINT ( 'NONE', #1550 ) ;
#242 = ADVANCED_FACE ( 'NONE', ( #1410 ), #565, .T. ) ;
#243 = ORIENTED_EDGE ( 'NONE', *, *, #387, .F. ) ;
#244 = DIRECTION ( 'NONE',  ( 0.000000000000000000, 0.000000000000000000, -1.000000000000000000 ) ) ;
#245 = LINE ( 'NONE', #1099, #1436 ) ;
#246 = AXIS2_PLACEMENT_3D ( 'NONE', #96, #109, #2119 ) ;
#247 = DIRECTION ( 'NONE',  ( -0.000000000000000000, -1.000000000000000000, 0.000000000000000000 ) ) ;
#248 = DIRECTION ( 'NONE',  ( 0.000000000000000000, 0.000000000000000000, -1.000000000000000000 ) ) ;
#249 = DIRECTION ( 'NONE',  ( 0.000000000000000000, 1.000000000000000000, 0.000000000000000000 ) ) ;
#250 = EDGE_CURVE ( 'NONE', #1063, #1207, #1581, .T. ) ;
#251 = AXIS2_PLACEMENT_3D ( 'NONE', #1868, #1533, #3 ) ;
#252 = DIRECTION ( 'NONE',  ( 3.469446951953615372E-15, 0.000000000000000000, 1.000000000000000000 ) ) ;
#253 = ORIENTED_EDGE ( 'NONE', *, *, #518, .T. ) ;
#254 = ORIENTED_EDGE ( 'NONE', *, *, #1007, .T. ) ;
#255 = CARTESIAN_POINT ( 'NONE',  ( -16.00000000000000000, 0.4999999999999995559, 0.000000000000000000 ) ) ;
#256 = DIRECTION ( 'NONE',  ( -0.000000000000000000, 1.000000000000000000, -0.000000000000000000 ) ) ;
#257 = DIRECTION ( 'NONE',  ( 0.000000000000000000, -1.000000000000000000, 0.000000000000000000 ) ) ;
#258 = DIRECTION ( 'NONE',  ( -0.000000000000000000, 1.000000000000000000, -0.000000000000000000 ) ) ;
#259 = AXIS2_PLACEMENT_3D ( 'NONE', #1786, #1616, #267 ) ;
#260 = CARTESIAN_POINT ( 'NONE',  ( 9.499999999999998224, 0.4999999999999995559, 7.864218330839939597 ) ) ;
#261 = LINE ( 'NONE', #787, #1819 ) ;
#262 = DIRECTION ( 'NONE',  ( -1.000000000000000000, -0.000000000000000000, 1.858632295689434870E-16 ) ) ;
#263 = ORIENTED_EDGE ( 'NONE', *, *, #1312, .F. ) ;
#264 = FACE_OUTER_BOUND ( 'NONE', #1587, .T. ) ;
#265 = CARTESIAN_POINT ( 'NONE',  ( -9.695652173913044791, 0.4999999999999995559, -8.604945506379113596 ) ) ;
#266 = CARTESIAN_POINT ( 'NONE',  ( -10.50000000000000533, 0.000000000000000000, 3.000000000000003997 ) ) ;
#267 = DIRECTION ( 'NONE',  ( 0.000000000000000000, 0.000000000000000000, -1.000000000000000000 ) ) ;
#268 = ADVANCED_FACE ( 'NONE', ( #405 ), #1040, .F. ) ;
#269 = FACE_OUTER_BOUND ( 'NONE', #2030, .T. ) ;
#270 = ORIENTED_EDGE ( 'NONE', *, *, #1783, .T. ) ;
#271 = LINE ( 'NONE', #1641, #152 ) ;
#272 = CARTESIAN_POINT ( 'NONE',  ( -10.50000000000000355, 7.500000000000000000, -2.999999999999999112 ) ) ;
#273 = VECTOR ( 'NONE', #163, 1000.000000000000000 ) ;
#274 = ORIENTED_EDGE ( 'NONE', *, *, #640, .T. ) ;
#275 = VECTOR ( 'NONE', #1686, 1000.000000000000000 ) ;
#276 = DIRECTION ( 'NONE',  ( -0.000000000000000000, 1.000000000000000000, -0.000000000000000000 ) ) ;
#277 = DIRECTION ( 'NONE',  ( 0.000000000000000000, 1.000000000000000000, 0.000000000000000000 ) ) ;
#278 = DIRECTION ( 'NONE',  ( 0.000000000000000000, -1.000000000000000000, 0.000000000000000000 ) ) ;
#279 = DIRECTION ( 'NONE',  ( -1.652117596168387756E-16, 0.000000000000000000, 1.000000000000000000 ) ) ;
#280 = DIRECTION ( 'NONE',  ( 0.000000000000000000, 0.000000000000000000, 1.000000000000000000 ) ) ;
#281 = EDGE_CURVE ( 'NONE', #15, #1968, #972, .T. ) ;
#282 = ORIENTED_EDGE ( 'NONE', *, *, #411, .T. ) ;
#283 = CARTESIAN_POINT ( 'NONE',  ( 8.604945506379110043, 0.4999999999999995559, -9.695652173913043015 ) ) ;
#285 = CARTESIAN_POINT ( 'NONE',  ( 16.75000000000000000, 0.5000000000000004441, 4.000000000000000888 ) ) ;
#284 = VECTOR ( 'NONE', #1307, 1000.000000000000000 ) ;
#286 = VERTEX_POINT ( 'NONE', #1438 ) ;
#287 = AXIS2_PLACEMENT_3D ( 'NONE', #536, #186, #545 ) ;
#288 = EDGE_CURVE ( 'NONE', #1507, #1380, #41, .T. ) ;
#289 = DIRECTION ( 'NONE',  ( 0.000000000000000000, 0.000000000000000000, 1.000000000000000000 ) ) ;
#290 = EDGE_CURVE ( 'NONE', #401, #1047, #2156, .T. ) ;
#291 = DIRECTION ( 'NONE',  ( 0.000000000000000000, 0.000000000000000000, 1.000000000000000000 ) ) ;
#292 = CARTESIAN_POINT ( 'NONE',  ( -9.000000000000000000, 0.4999999999999995559, 9.000000000000000000 ) ) ;
#293 = VECTOR ( 'NONE', #798, 1000.000000000000000 ) ;
#294 = DIRECTION ( 'NONE',  ( 1.000000000000000000, 0.000000000000000000, -9.912705577010326782E-17 ) ) ;
#295 = CARTESIAN_POINT ( 'NONE',  ( 7.864218330839941373, 7.500000000000000000, -9.500000000000000000 ) ) ;
#296 = DIRECTION ( 'NONE',  ( 0.000000000000000000, -1.000000000000000000, 0.000000000000000000 ) ) ;
#297 = ORIENTED_EDGE ( 'NONE', *, *, #325, .F. ) ;
#298 = AXIS2_PLACEMENT_3D ( 'NONE', #766, #1761, #2117 ) ;
#299 = ORIENTED_EDGE ( 'NONE', *, *, #784, .T. ) ;
#300 = CARTESIAN_POINT ( 'NONE',  ( -9.000000000000007105, 7.500000000000000000, 10.50000000000000000 ) ) ;
#301 = DIRECTION ( 'NONE',  ( 1.000000000000000000, 0.000000000000000000, -1.196361017915039239E-16 ) ) ;
#302 = CARTESIAN_POINT ( 'NONE',  ( -17.50000000000000000, 7.500000000000000000, 1.500000000000001332 ) ) ;
#303 = LINE ( 'NONE', #964, #1736 ) ;
#304 = AXIS2_PLACEMENT_3D ( 'NONE', #166, #1688, #134 ) ;
#305 = ORIENTED_EDGE ( 'NONE', *, *, #1811, .T. ) ;
#306 = EDGE_CURVE ( 'NONE', #531, #1140, #1806, .T. ) ;
#307 = ORIENTED_EDGE ( 'NONE', *, *, #355, .T. ) ;
#308 = CARTESIAN_POINT ( 'NONE',  ( 16.75000000000000000, 7.500000000000000000, 6.100000000000000533 ) ) ;
#309 = CARTESIAN_POINT ( 'NONE',  ( 16.00000000000000000, 7.500000000000000000, -9.000000000000005329 ) ) ;
#310 = FACE_OUTER_BOUND ( 'NONE', #1356, .T. ) ;
#311 = FACE_OUTER_BOUND ( 'NONE', #1264, .T. ) ;
#312 = ADVANCED_FACE ( 'NONE', ( #588 ), #1134, .F. ) ;
#313 = CIRCLE ( 'NONE', #2175, 0.8000000000000020428 ) ;
#314 = EDGE_LOOP ( 'NONE', ( #1228, #785, #1649, #2157 ) ) ;
#315 = ORIENTED_EDGE ( 'NONE', *, *, #1408, .T. ) ;
#316 = CIRCLE ( 'NONE', #1564, 1.499999999999999556 ) ;
#317 = EDGE_LOOP ( 'NONE', ( #1840, #866, #22, #864 ) ) ;
#318 = FACE_OUTER_BOUND ( 'NONE', #824, .T. ) ;
#319 = LINE ( 'NONE', #1001, #1296 ) ;
#320 = LINE ( 'NONE', #1992, #1985 ) ;
#321 = ORIENTED_EDGE ( 'NONE', *, *, #1628, .T. ) ;
#322 = AXIS2_PLACEMENT_3D ( 'NONE', #1660, #140, #1981 ) ;
#323 = DIRECTION ( 'NONE',  ( 0.000000000000000000, -1.000000000000000000, 0.000000000000000000 ) ) ;
#324 = CARTESIAN_POINT ( 'NONE',  ( 16.00000000000000000, 7.500000000000000000, -10.50000000000000355 ) ) ;
#325 = EDGE_CURVE ( 'NONE', #104, #2079, #950, .T. ) ;
#326 = EDGE_LOOP ( 'NONE', ( #1514, #1598, #1196, #315 ) ) ;
#327 = VECTOR ( 'NONE', #1626, 1000.000000000000000 ) ;
#328 = ORIENTED_EDGE ( 'NONE', *, *, #2107, .T. ) ;
#329 = ORIENTED_EDGE ( 'NONE', *, *, #1945, .F. ) ;
#330 = AXIS2_PLACEMENT_3D ( 'NONE', #1620, #1984, #615 ) ;
#331 = ORIENTED_EDGE ( 'NONE', *, *, #748, .F. ) ;
#332 = DIRECTION ( 'NONE',  ( 0.000000000000000000, 0.000000000000000000, 1.000000000000000000 ) ) ;
#333 = DIRECTION ( 'NONE',  ( 0.000000000000000000, 0.000000000000000000, -1.000000000000000000 ) ) ;
#334 = VECTOR ( 'NONE', #502, 1000.000000000000000 ) ;
#335 = VECTOR ( 'NONE', #1777, 1000.000000000000000 ) ;
#336 = ADVANCED_FACE ( 'NONE', ( #110 ), #1281, .F. ) ;
#337 = CARTESIAN_POINT ( 'NONE',  ( 10.99999999999999822, 0.4999999999999995559, 7.864218330839939597 ) ) ;
#338 = CARTESIAN_POINT ( 'NONE',  ( 9.500000000000000000, 0.5000000000000004441, 7.600000000000000533 ) ) ;
#339 = ADVANCED_FACE ( 'NONE', ( #1650 ), #624, .T. ) ;
#340 = AXIS2_PLACEMENT_3D ( 'NONE', #2036, #2162, #1204 ) ;
#341 = ORIENTED_EDGE ( 'NONE', *, *, #945, .T. ) ;
#342 = VERTEX_POINT ( 'NONE', #1764 ) ;
#343 = ADVANCED_FACE ( 'NONE', ( #1934 ), #1308, .F. ) ;
#344 = ORIENTED_EDGE ( 'NONE', *, *, #1663, .F. ) ;
#345 = CARTESIAN_POINT ( 'NONE',  ( -7.864218330839943150, 7.500000000000000000, -9.500000000000000000 ) ) ;
#346 = EDGE_LOOP ( 'NONE', ( #1108, #1949, #1694, #925 ) ) ;
#347 = CYLINDRICAL_SURFACE ( 'NONE', #1792, 1.500000000000000000 ) ;
#348 = PLANE ( 'NONE',  #871 ) ;
#349 = CARTESIAN_POINT ( 'NONE',  ( 16.75000000000000000, 7.500000000000000000, -6.100000000000001421 ) ) ;
#350 = EDGE_CURVE ( 'NONE', #725, #639, #2056, .T. ) ;
#351 = ORIENTED_EDGE ( 'NONE', *, *, #2062, .T. ) ;
#352 = VECTOR ( 'NONE', #1470, 1000.000000000000000 ) ;
#353 = ORIENTED_EDGE ( 'NONE', *, *, #1411, .T. ) ;
#354 = EDGE_CURVE ( 'NONE', #1691, #832, #1216, .T. ) ;
#355 = EDGE_CURVE ( 'NONE', #1181, #206, #1499, .T. ) ;
#356 = ORIENTED_EDGE ( 'NONE', *, *, #1105, .F. ) ;
#357 = DIRECTION ( 'NONE',  ( 1.000000000000000000, 0.000000000000000000, 0.000000000000000000 ) ) ;
#358 = EDGE_LOOP ( 'NONE', ( #1522, #194, #44, #1874 ) ) ;
#359 = CYLINDRICAL_SURFACE ( 'NONE', #1403, 1.500000000000000000 ) ;
#360 = CARTESIAN_POINT ( 'NONE',  ( 16.75000000000000000, -16.34050177399711501, 7.599999999999999645 ) ) ;
#361 = CARTESIAN_POINT ( 'NONE',  ( -11.00000000000000178, 0.4999999999999995559, 7.864218330839946702 ) ) ;
#362 = ORIENTED_EDGE ( 'NONE', *, *, #1858, .T. ) ;
#363 = CIRCLE ( 'NONE', #969, 1.499999999999999556 ) ;
#364 = VERTEX_POINT ( 'NONE', #97 ) ;
#365 = ORIENTED_EDGE ( 'NONE', *, *, #900, .F. ) ;
#366 = EDGE_LOOP ( 'NONE', ( #1369, #526, #129, #898 ) ) ;
#367 = PLANE ( 'NONE',  #1242 ) ;
#368 = VERTEX_POINT ( 'NONE', #2142 ) ;
#369 = DIRECTION ( 'NONE',  ( -0.000000000000000000, -1.000000000000000000, 0.000000000000000000 ) ) ;
#370 = DIRECTION ( 'NONE',  ( -1.196361017915038993E-16, 0.000000000000000000, -1.000000000000000000 ) ) ;
#371 = DIRECTION ( 'NONE',  ( 0.000000000000000000, -1.000000000000000000, 0.000000000000000000 ) ) ;
#372 = VECTOR ( 'NONE', #1069, 1000.000000000000000 ) ;
#373 = VECTOR ( 'NONE', #431, 1000.000000000000000 ) ;
#374 = VERTEX_POINT ( 'NONE', #462 ) ;
#375 = ORIENTED_EDGE ( 'NONE', *, *, #1531, .T. ) ;
#376 = EDGE_CURVE ( 'NONE', #1000, #846, #829, .T. ) ;
#377 = AXIS2_PLACEMENT_3D ( 'NONE', #884, #873, #1755 ) ;
#378 = VERTEX_POINT ( 'NONE', #76 ) ;
#379 = CARTESIAN_POINT ( 'NONE',  ( 16.00000000000000000, 0.4999999999999995559, -9.800000000000000711 ) ) ;
#380 = ORIENTED_EDGE ( 'NONE', *, *, #1733, .F. ) ;
#381 = CARTESIAN_POINT ( 'NONE',  ( -10.50000000000000355, 0.000000000000000000, -2.999999999999999112 ) ) ;
#382 = DIRECTION ( 'NONE',  ( 1.000000000000000000, 0.000000000000000000, -1.196361017915039239E-16 ) ) ;
#383 = CARTESIAN_POINT ( 'NONE',  ( 16.00000000000000000, 0.4999999999999995559, -9.000000000000000000 ) ) ;
#384 = ADVANCED_FACE ( 'NONE', ( #2098 ), #1962, .F. ) ;
#385 = VERTEX_POINT ( 'NONE', #1293 ) ;
#386 = EDGE_LOOP ( 'NONE', ( #29, #641, #1885, #555 ) ) ;
#387 = EDGE_CURVE ( 'NONE', #24, #1583, #1123, .T. ) ;
#388 = ORIENTED_EDGE ( 'NONE', *, *, #1636, .T. ) ;
#389 = EDGE_CURVE ( 'NONE', #1343, #1828, #512, .T. ) ;
#390 = CIRCLE ( 'NONE', #1274, 0.8000000000000003775 ) ;
#391 = CARTESIAN_POINT ( 'NONE',  ( 16.00000000000000000, 0.000000000000000000, 3.250000000000001332 ) ) ;
#392 = DIRECTION ( 'NONE',  ( 0.000000000000000000, 0.000000000000000000, -1.000000000000000000 ) ) ;
#393 = CARTESIAN_POINT ( 'NONE',  ( 7.864218330839944926, 0.4999999999999995559, 9.500000000000000000 ) ) ;
#394 = FACE_BOUND ( 'NONE', #833, .T. ) ;
#395 = AXIS2_PLACEMENT_3D ( 'NONE', #1634, #1793, #1751 ) ;
#396 = CARTESIAN_POINT ( 'NONE',  ( 16.75000000000000000, 0.5000000000000004441, 6.100000000000000533 ) ) ;
#397 = ORIENTED_EDGE ( 'NONE', *, *, #1811, .F. ) ;
#398 = VECTOR ( 'NONE', #127, 1000.000000000000000 ) ;
#399 = ORIENTED_EDGE ( 'NONE', *, *, #739, .T. ) ;
#400 = ORIENTED_EDGE ( 'NONE', *, *, #1408, .F. ) ;
#401 = VERTEX_POINT ( 'NONE', #1673 ) ;
#402 = CARTESIAN_POINT ( 'NONE',  ( 16.75000000000000000, 7.500000000000000000, 7.599999999999999645 ) ) ;
#403 = CARTESIAN_POINT ( 'NONE',  ( -16.00000000000000000, 0.000000000000000000, -5.575896887068297953E-16 ) ) ;
#404 = DIRECTION ( 'NONE',  ( 1.000000000000000000, 0.000000000000000000, -1.239088197126289831E-16 ) ) ;
#405 = FACE_OUTER_BOUND ( 'NONE', #216, .T. ) ;
#406 = FACE_OUTER_BOUND ( 'NONE', #2061, .T. ) ;
#407 = EDGE_CURVE ( 'NONE', #2114, #1042, #5, .T. ) ;
#408 = ORIENTED_EDGE ( 'NONE', *, *, #1433, .F. ) ;
#409 = AXIS2_PLACEMENT_3D ( 'NONE', #87, #947, #289 ) ;
#410 = AXIS2_PLACEMENT_3D ( 'NONE', #1836, #323, #1487 ) ;
#411 = EDGE_CURVE ( 'NONE', #1790, #11, #2001, .T. ) ;
#412 = VERTEX_POINT ( 'NONE', #836 ) ;
#413 = CARTESIAN_POINT ( 'NONE',  ( -11.00000000000000178, 7.500000000000000000, 7.864218330839946702 ) ) ;
#414 = LINE ( 'NONE', #970, #1474 ) ;
#415 = CIRCLE ( 'NONE', #913, 0.8000000000000009326 ) ;
#416 = EDGE_CURVE ( 'NONE', #412, #1063, #2159, .T. ) ;
#417 = FACE_OUTER_BOUND ( 'NONE', #1886, .T. ) ;
#418 = DIRECTION ( 'NONE',  ( -0.000000000000000000, 1.000000000000000000, -0.000000000000000000 ) ) ;
#419 = CARTESIAN_POINT ( 'NONE',  ( -16.00000000000000000, 0.4999999999999995559, -0.8000000000000009326 ) ) ;
#420 = LINE ( 'NONE', #1093, #335 ) ;
#421 = ORIENTED_EDGE ( 'NONE', *, *, #659, .F. ) ;
#422 = VERTEX_POINT ( 'NONE', #2009 ) ;
#423 = FACE_OUTER_BOUND ( 'NONE', #358, .T. ) ;
#424 = CARTESIAN_POINT ( 'NONE',  ( 15.25000000000000000, 7.500000000000000000, -2.499999999999999556 ) ) ;
#425 = ADVANCED_FACE ( 'NONE', ( #1844 ), #347, .F. ) ;
#426 = AXIS2_PLACEMENT_3D ( 'NONE', #652, #971, #2008 ) ;
#427 = CARTESIAN_POINT ( 'NONE',  ( 16.75000000000000000, -16.34050177399711501, -2.499999999999999556 ) ) ;
#428 = CARTESIAN_POINT ( 'NONE',  ( -17.50000000000000000, 7.500000000000000000, -10.50000000000000000 ) ) ;
#429 = CARTESIAN_POINT ( 'NONE',  ( 16.00000000000000000, 0.4999999999999995559, -9.800000000000000711 ) ) ;
#430 = CIRCLE ( 'NONE', #853, 0.8000000000000003775 ) ;
#431 = DIRECTION ( 'NONE',  ( 1.000000000000000000, 0.000000000000000000, -9.912705577010325549E-17 ) ) ;
#432 = CARTESIAN_POINT ( 'NONE',  ( -16.00000000000000000, 7.500000000000000000, 1.734723475976807094E-15 ) ) ;
#433 = ORIENTED_EDGE ( 'NONE', *, *, #739, .F. ) ;
#434 = DIRECTION ( 'NONE',  ( 0.000000000000000000, 0.000000000000000000, 1.000000000000000000 ) ) ;
#435 = DIRECTION ( 'NONE',  ( 0.000000000000000000, 0.000000000000000000, -1.000000000000000000 ) ) ;
#436 = DIRECTION ( 'NONE',  ( 0.000000000000000000, 0.000000000000000000, -1.000000000000000000 ) ) ;
#437 = DIRECTION ( 'NONE',  ( 0.000000000000000000, 0.000000000000000000, 1.000000000000000000 ) ) ;
#438 = CARTESIAN_POINT ( 'NONE',  ( 15.25000000000000178, 7.500000000000000000, 6.100000000000000533 ) ) ;
#439 = CARTESIAN_POINT ( 'NONE',  ( -9.000000000000007105, 0.000000000000000000, 9.000000000000001776 ) ) ;
#440 = FACE_OUTER_BOUND ( 'NONE', #535, .T. ) ;
#441 = AXIS2_PLACEMENT_3D ( 'NONE', #1132, #1924, #1803 ) ;
#443 = VERTEX_POINT ( 'NONE', #1695 ) ;
#442 = VECTOR ( 'NONE', #1162, 1000.000000000000000 ) ;
#444 = VECTOR ( 'NONE', #1935, 1000.000000000000000 ) ;
#445 = ORIENTED_EDGE ( 'NONE', *, *, #1312, .T. ) ;
#446 = DIRECTION ( 'NONE',  ( 1.652117596168387756E-16, 0.000000000000000000, -1.000000000000000000 ) ) ;
#447 = CARTESIAN_POINT ( 'NONE',  ( -16.00000000000000000, 0.000000000000000000, -1.500000000000000666 ) ) ;
#448 = ADVANCED_FACE ( 'NONE', ( #1317 ), #1980, .F. ) ;
#449 = CARTESIAN_POINT ( 'NONE',  ( 15.25000000000000178, 7.500000000000000000, -7.600000000000001421 ) ) ;
#450 = DIRECTION ( 'NONE',  ( 0.000000000000000000, 0.000000000000000000, -1.000000000000000000 ) ) ;
#451 = DIRECTION ( 'NONE',  ( 0.000000000000000000, 0.000000000000000000, 1.000000000000000000 ) ) ;
#452 = ORIENTED_EDGE ( 'NONE', *, *, #805, .T. ) ;
#453 = FACE_OUTER_BOUND ( 'NONE', #1321, .T. ) ;
#454 = LINE ( 'NONE', #800, #2025 ) ;
#455 = ADVANCED_FACE ( 'NONE', ( #470 ), #654, .F. ) ;
#456 = ORIENTED_EDGE ( 'NONE', *, *, #122, .T. ) ;
#457 = EDGE_CURVE ( 'NONE', #1790, #2070, #2169, .T. ) ;
#458 = VERTEX_POINT ( 'NONE', #664 ) ;
#459 = CARTESIAN_POINT ( 'NONE',  ( 9.695652173913043015, 7.500000000000000000, 8.604945506379108267 ) ) ;
#460 = ADVANCED_FACE ( 'NONE', ( #847 ), #1523, .F. ) ;
#461 = FACE_OUTER_BOUND ( 'NONE', #590, .T. ) ;
#462 = CARTESIAN_POINT ( 'NONE',  ( -16.00000000000000000, 7.500000000000000000, -1.500000000000000666 ) ) ;
#463 = CYLINDRICAL_SURFACE ( 'NONE', #322, 1.499999999999999556 ) ;
#464 = DIRECTION ( 'NONE',  ( 0.000000000000000000, 1.000000000000000000, 0.000000000000000000 ) ) ;
#465 = CARTESIAN_POINT ( 'NONE',  ( 13.99999999999999822, 7.500000000000000000, -0.2499999999999993616 ) ) ;
#466 = ORIENTED_EDGE ( 'NONE', *, *, #840, .T. ) ;
#467 = AXIS2_PLACEMENT_3D ( 'NONE', #1451, #296, #2113 ) ;
#468 = VERTEX_POINT ( 'NONE', #490 ) ;
#469 = DIRECTION ( 'NONE',  ( 1.000000000000000000, 0.000000000000000000, -1.196361017915038993E-16 ) ) ;
#470 = FACE_OUTER_BOUND ( 'NONE', #317, .T. ) ;
#471 = VECTOR ( 'NONE', #2078, 1000.000000000000000 ) ;
#472 = PRESENTATION_STYLE_ASSIGNMENT (( #1318 ) ) ;
#473 = LINE ( 'NONE', #302, #119 ) ;
#474 = LINE ( 'NONE', #592, #180 ) ;
#475 = ADVANCED_FACE ( 'NONE', ( #2022 ), #1347, .T. ) ;
#476 = ORIENTED_EDGE ( 'NONE', *, *, #179, .T. ) ;
#477 = VECTOR ( 'NONE', #1244, 1000.000000000000000 ) ;
#478 = VECTOR ( 'NONE', #99, 1000.000000000000000 ) ;
#479 = CARTESIAN_POINT ( 'NONE',  ( -10.50000000000000533, 0.000000000000000000, -9.000000000000001776 ) ) ;
#480 = CARTESIAN_POINT ( 'NONE',  ( -16.00000000000000000, 0.4999999999999995559, -0.8000000000000009326 ) ) ;
#481 = CARTESIAN_POINT ( 'NONE',  ( 16.00000000000000000, 0.000000000000000000, 1.750000000000000666 ) ) ;
#482 = EDGE_CURVE ( 'NONE', #1780, #39, #818, .T. ) ;
#483 = DIRECTION ( 'NONE',  ( 0.000000000000000000, 0.000000000000000000, 1.000000000000000000 ) ) ;
#484 = CARTESIAN_POINT ( 'NONE',  ( 7.864218330839943150, 7.500000000000000000, -11.00000000000000000 ) ) ;
#485 = AXIS2_PLACEMENT_3D ( 'NONE', #1247, #56, #1707 ) ;
#486 = ORIENTED_EDGE ( 'NONE', *, *, #12, .T. ) ;
#487 = ORIENTED_EDGE ( 'NONE', *, *, #1129, .F. ) ;
#488 = ORIENTED_EDGE ( 'NONE', *, *, #1845, .T. ) ;
#489 = CARTESIAN_POINT ( 'NONE',  ( -17.50000000000000000, 7.500000000000000000, 1.734723475976807094E-15 ) ) ;
#490 = CARTESIAN_POINT ( 'NONE',  ( -9.695652173913044791, 7.500000000000000000, -8.604945506379113596 ) ) ;
#491 = DIRECTION ( 'NONE',  ( -0.000000000000000000, 1.000000000000000000, -0.000000000000000000 ) ) ;
#492 = EDGE_LOOP ( 'NONE', ( #380, #158, #1026, #683 ) ) ;
#493 = LINE ( 'NONE', #2143, #689 ) ;
#494 = DIRECTION ( 'NONE',  ( 0.000000000000000000, 0.000000000000000000, -1.000000000000000000 ) ) ;
#495 = CIRCLE ( 'NONE', #1597, 1.500000000000000000 ) ;
#496 = ORIENTED_EDGE ( 'NONE', *, *, #1206, .F. ) ;
#497 = AXIS2_PLACEMENT_3D ( 'NONE', #173, #880, #867 ) ;
#498 = EDGE_CURVE ( 'NONE', #2019, #1940, #175, .T. ) ;
#499 = ORIENTED_EDGE ( 'NONE', *, *, #1401, .T. ) ;
#500 = DIRECTION ( 'NONE',  ( 0.000000000000000000, 0.000000000000000000, 1.000000000000000000 ) ) ;
#501 = ORIENTED_EDGE ( 'NONE', *, *, #1743, .F. ) ;
#502 = DIRECTION ( 'NONE',  ( -0.000000000000000000, 1.000000000000000000, 0.000000000000000000 ) ) ;
#503 = EDGE_CURVE ( 'NONE', #2124, #241, #859, .T. ) ;
#504 = LINE ( 'NONE', #1847, #1679 ) ;
#505 = LINE ( 'NONE', #1525, #1054 ) ;
#506 = EDGE_CURVE ( 'NONE', #2090, #364, #644, .T. ) ;
#507 = ORIENTED_EDGE ( 'NONE', *, *, #844, .T. ) ;
#508 = CIRCLE ( 'NONE', #1677, 1.500000000000000444 ) ;
#509 = VERTEX_POINT ( 'NONE', #1018 ) ;
#510 = LINE ( 'NONE', #1703, #672 ) ;
#511 = ORIENTED_EDGE ( 'NONE', *, *, #171, .T. ) ;
#512 = LINE ( 'NONE', #149, #1233 ) ;
#513 = EDGE_CURVE ( 'NONE', #1552, #15, #514, .T. ) ;
#514 = CIRCLE ( 'NONE', #1116, 1.499999999999999556 ) ;
#515 = AXIS2_PLACEMENT_3D ( 'NONE', #578, #1284, #1431 ) ;
#516 = DIRECTION ( 'NONE',  ( -1.927470528863119295E-16, 0.000000000000000000, -1.000000000000000000 ) ) ;
#517 = CARTESIAN_POINT ( 'NONE',  ( -16.00000000000000000, 0.000000000000000000, 1.734723475976807094E-15 ) ) ;
#518 = EDGE_CURVE ( 'NONE', #203, #537, #319, .T. ) ;
#519 = EDGE_CURVE ( 'NONE', #639, #1045, #1570, .T. ) ;
#520 = AXIS2_PLACEMENT_3D ( 'NONE', #517, #2172, #494 ) ;
#521 = ORIENTED_EDGE ( 'NONE', *, *, #1172, .T. ) ;
#522 = EDGE_CURVE ( 'NONE', #2050, #1699, #547, .T. ) ;
#523 = EDGE_LOOP ( 'NONE', ( #231, #2051, #1554, #1097 ) ) ;
#524 = ORIENTED_EDGE ( 'NONE', *, *, #2125, .T. ) ;
#525 = CARTESIAN_POINT ( 'NONE',  ( -9.500000000000001776, 0.4999999999999995559, 9.500000000000000000 ) ) ;
#526 = ORIENTED_EDGE ( 'NONE', *, *, #1357, .F. ) ;
#527 = FACE_OUTER_BOUND ( 'NONE', #1853, .T. ) ;
#528 = DIRECTION ( 'NONE',  ( 0.000000000000000000, 0.000000000000000000, 1.000000000000000000 ) ) ;
#529 = CARTESIAN_POINT ( 'NONE',  ( -8.604945506379110043, 7.500000000000000000, -9.695652173913043015 ) ) ;
#530 = ORIENTED_EDGE ( 'NONE', *, *, #613, .T. ) ;
#531 = VERTEX_POINT ( 'NONE', #2066 ) ;
#532 = AXIS2_PLACEMENT_3D ( 'NONE', #120, #1325, #642 ) ;
#533 = ORIENTED_EDGE ( 'NONE', *, *, #2006, .F. ) ;
#534 = AXIS2_PLACEMENT_3D ( 'NONE', #595, #935, #562 ) ;
#535 = EDGE_LOOP ( 'NONE', ( #1313, #400, #182, #1074 ) ) ;
#536 = CARTESIAN_POINT ( 'NONE',  ( 9.000000000000000000, 7.500000000000000000, 9.000000000000000000 ) ) ;
#537 = VERTEX_POINT ( 'NONE', #732 ) ;
#538 = DIRECTION ( 'NONE',  ( -1.000000000000000000, 0.000000000000000000, 1.239088197126289831E-16 ) ) ;
#539 = CARTESIAN_POINT ( 'NONE',  ( 16.75000000000000000, -16.34050177399711501, -7.600000000000001421 ) ) ;
#540 = LINE ( 'NONE', #1720, #626 ) ;
#541 = ORIENTED_EDGE ( 'NONE', *, *, #2125, .F. ) ;
#542 = VERTEX_POINT ( 'NONE', #200 ) ;
#543 = AXIS2_PLACEMENT_3D ( 'NONE', #1775, #1448, #930 ) ;
#544 = ORIENTED_EDGE ( 'NONE', *, *, #680, .F. ) ;
#545 = DIRECTION ( 'NONE',  ( 0.000000000000000000, 0.000000000000000000, 1.000000000000000000 ) ) ;
#546 = ORIENTED_EDGE ( 'NONE', *, *, #573, .F. ) ;
#547 = LINE ( 'NONE', #1728, #1010 ) ;
#548 = ADVANCED_FACE ( 'NONE', ( #527 ), #1417, .F. ) ;
#549 = FACE_OUTER_BOUND ( 'NONE', #804, .T. ) ;
#550 = CARTESIAN_POINT ( 'NONE',  ( 15.25000000000000178, 7.500000000000000000, -6.100000000000001421 ) ) ;
#551 = EDGE_CURVE ( 'NONE', #537, #1551, #721, .T. ) ;
#552 = EDGE_LOOP ( 'NONE', ( #697, #328, #2184, #1721 ) ) ;
#553 = ORIENTED_EDGE ( 'NONE', *, *, #776, .F. ) ;
#554 = DIRECTION ( 'NONE',  ( 0.000000000000000000, -0.000000000000000000, 1.000000000000000000 ) ) ;
#555 = ORIENTED_EDGE ( 'NONE', *, *, #482, .F. ) ;
#556 = DIRECTION ( 'NONE',  ( 1.239088197126289831E-16, 0.000000000000000000, 1.000000000000000000 ) ) ;
#557 = FACE_OUTER_BOUND ( 'NONE', #2028, .T. ) ;
#558 = DIRECTION ( 'NONE',  ( -0.000000000000000000, 1.000000000000000000, -0.000000000000000000 ) ) ;
#559 = ORIENTED_EDGE ( 'NONE', *, *, #1141, .T. ) ;
#560 = ORIENTED_EDGE ( 'NONE', *, *, #1240, .T. ) ;
#561 = ORIENTED_EDGE ( 'NONE', *, *, #1519, .T. ) ;
#562 = DIRECTION ( 'NONE',  ( 1.000000000000000000, 0.000000000000000000, 0.000000000000000000 ) ) ;
#563 = CARTESIAN_POINT ( 'NONE',  ( 17.50000000000000355, 7.500000000000000000, -3.249999999999997780 ) ) ;
#564 = CARTESIAN_POINT ( 'NONE',  ( 15.25000000000000178, -16.34050177399711501, -6.100000000000001421 ) ) ;
#565 = CYLINDRICAL_SURFACE ( 'NONE', #1110, 1.499999999999999556 ) ;
#566 = CARTESIAN_POINT ( 'NONE',  ( -7.864218330839943150, 0.4999999999999995559, 9.500000000000000000 ) ) ;
#567 = ORIENTED_EDGE ( 'NONE', *, *, #2173, .T. ) ;
#568 = AXIS2_PLACEMENT_3D ( 'NONE', #1463, #2123, #1397 ) ;
#569 = AXIS2_PLACEMENT_3D ( 'NONE', #2002, #634, #451 ) ;
#570 = EDGE_CURVE ( 'NONE', #1077, #2079, #211, .T. ) ;
#571 = CARTESIAN_POINT ( 'NONE',  ( -17.50000000000000000, 0.000000000000000000, -10.50000000000000000 ) ) ;
#572 = CARTESIAN_POINT ( 'NONE',  ( 14.74999999999999822, 0.5000000000000004441, 1.000000000000001110 ) ) ;
#573 = EDGE_CURVE ( 'NONE', #639, #725, #2060, .T. ) ;
#574 = DIRECTION ( 'NONE',  ( 0.000000000000000000, 0.000000000000000000, 1.000000000000000000 ) ) ;
#575 = FACE_OUTER_BOUND ( 'NONE', #582, .T. ) ;
#576 = CARTESIAN_POINT ( 'NONE',  ( 13.24999999999999822, -16.34050177399711501, -0.9999999999999995559 ) ) ;
#577 = ORIENTED_EDGE ( 'NONE', *, *, #2012, .T. ) ;
#578 = CARTESIAN_POINT ( 'NONE',  ( 16.00000000000000000, 7.500000000000000000, 9.000000000000000000 ) ) ;
#579 = CIRCLE ( 'NONE', #1818, 1.499999999999999556 ) ;
#580 = AXIS2_PLACEMENT_3D ( 'NONE', #932, #1936, #963 ) ;
#581 = EDGE_CURVE ( 'NONE', #1183, #1042, #1579, .T. ) ;
#582 = EDGE_LOOP ( 'NONE', ( #2149, #1210, #1710, #456, #487, #172, #661, #1035, #1075, #567, #270, #1814, #863, #1575, #329, #452, #356, #1955, #968, #1189, #2177, #1212, #1869 ) ) ;
#583 = ORIENTED_EDGE ( 'NONE', *, *, #1758, .F. ) ;
#584 = FACE_OUTER_BOUND ( 'NONE', #1528, .T. ) ;
#585 = LINE ( 'NONE', #1624, #1048 ) ;
#586 = AXIS2_PLACEMENT_3D ( 'NONE', #2047, #2058, #713 ) ;
#587 = CARTESIAN_POINT ( 'NONE',  ( -12.00000000000000533, 7.500000000000000000, 3.000000000000003997 ) ) ;
#588 = FACE_OUTER_BOUND ( 'NONE', #326, .T. ) ;
#589 = DIRECTION ( 'NONE',  ( 0.000000000000000000, -1.000000000000000000, 0.000000000000000000 ) ) ;
#590 = EDGE_LOOP ( 'NONE', ( #2039, #170, #263, #1236 ) ) ;
#591 = LINE ( 'NONE', #759, #373 ) ;
#592 = CARTESIAN_POINT ( 'NONE',  ( 16.75000000000000000, 0.5000000000000004441, 7.599999999999999645 ) ) ;
#593 = ORIENTED_EDGE ( 'NONE', *, *, #1160, .T. ) ;
#594 = ORIENTED_EDGE ( 'NONE', *, *, #1743, .T. ) ;
#595 = CARTESIAN_POINT ( 'NONE',  ( 13.24999999999999822, -16.34050177399711501, -2.499999999999999556 ) ) ;
#596 = DIRECTION ( 'NONE',  ( 0.000000000000000000, -1.000000000000000000, 0.000000000000000000 ) ) ;
#597 = CIRCLE ( 'NONE', #1164, 1.500000000000000000 ) ;
#598 = CARTESIAN_POINT ( 'NONE',  ( 7.864218330839944926, 7.500000000000000000, 9.500000000000000000 ) ) ;
#599 = DIRECTION ( 'NONE',  ( 0.000000000000000000, 1.000000000000000000, 0.000000000000000000 ) ) ;
#600 = DIRECTION ( 'NONE',  ( 0.000000000000000000, 0.000000000000000000, -1.000000000000000000 ) ) ;
#601 = AXIS2_PLACEMENT_3D ( 'NONE', #1578, #1068, #554 ) ;
#602 = CARTESIAN_POINT ( 'NONE',  ( 16.00000000000000000, 0.4999999999999995559, -9.000000000000000000 ) ) ;
#603 = CARTESIAN_POINT ( 'NONE',  ( 15.25000000000000178, 0.5000000000000004441, 2.500000000000000888 ) ) ;
#604 = ADVANCED_FACE ( 'NONE', ( #30 ), #1373, .T. ) ;
#605 = ORIENTED_EDGE ( 'NONE', *, *, #290, .T. ) ;
#606 = CARTESIAN_POINT ( 'NONE',  ( 16.00000000000000000, 7.500000000000000000, -10.50000000000000355 ) ) ;
#607 = DIRECTION ( 'NONE',  ( 0.000000000000000000, 0.000000000000000000, 1.000000000000000000 ) ) ;
#608 = CARTESIAN_POINT ( 'NONE',  ( 7.864218330839941373, 0.4999999999999995559, -9.500000000000000000 ) ) ;
#609 = ADVANCED_FACE ( 'NONE', ( #1049 ), #359, .F. ) ;
#610 = DIRECTION ( 'NONE',  ( 0.000000000000000000, 0.000000000000000000, 1.000000000000000000 ) ) ;
#611 = AXIS2_PLACEMENT_3D ( 'NONE', #89, #756, #2132 ) ;
#612 = LINE ( 'NONE', #909, #860 ) ;
#613 = EDGE_CURVE ( 'NONE', #2044, #1532, #2075, .T. ) ;
#614 = PLANE ( 'NONE',  #48 ) ;
#615 = DIRECTION ( 'NONE',  ( -1.000000000000000000, 0.000000000000000000, -4.956352788505166226E-16 ) ) ;
#616 = AXIS2_PLACEMENT_3D ( 'NONE', #432, #1272, #1311 ) ;
#617 = EDGE_CURVE ( 'NONE', #154, #1250, #1752, .T. ) ;
#619 = ORIENTED_EDGE ( 'NONE', *, *, #1401, .F. ) ;
#618 = VECTOR ( 'NONE', #1557, 1000.000000000000000 ) ;
#620 = VECTOR ( 'NONE', #1028, 1000.000000000000000 ) ;
#621 = DIRECTION ( 'NONE',  ( 0.000000000000000000, 0.000000000000000000, -1.000000000000000000 ) ) ;
#622 = DIRECTION ( 'NONE',  ( 0.000000000000000000, 0.000000000000000000, 1.000000000000000000 ) ) ;
#623 = LINE ( 'NONE', #2087, #284 ) ;
#624 = CYLINDRICAL_SURFACE ( 'NONE', #1881, 1.499999999999999556 ) ;
#625 =( NAMED_UNIT ( * ) SI_UNIT ( $, .STERADIAN. ) SOLID_ANGLE_UNIT ( ) );
#626 = VECTOR ( 'NONE', #558, 1000.000000000000000 ) ;
#627 = CARTESIAN_POINT ( 'NONE',  ( 13.99999999999999822, 0.000000000000000000, -1.749999999999998890 ) ) ;
#628 = CYLINDRICAL_SURFACE ( 'NONE', #616, 1.500000000000000000 ) ;
#629 = ORIENTED_EDGE ( 'NONE', *, *, #1477, .F. ) ;
#630 = FACE_OUTER_BOUND ( 'NONE', #185, .T. ) ;
#631 = DIRECTION ( 'NONE',  ( 0.000000000000000000, 1.000000000000000000, 0.000000000000000000 ) ) ;
#632 = CARTESIAN_POINT ( 'NONE',  ( -7.864218330839943150, 7.500000000000000000, 11.00000000000000000 ) ) ;
#633 = EDGE_CURVE ( 'NONE', #846, #368, #1716, .T. ) ;
#634 = DIRECTION ( 'NONE',  ( -0.000000000000000000, 1.000000000000000000, -0.000000000000000000 ) ) ;
#635 = VECTOR ( 'NONE', #1152, 1000.000000000000000 ) ;
#636 = CARTESIAN_POINT ( 'NONE',  ( 17.50000000000000000, 7.500000000000000000, 10.49999999999999645 ) ) ;
#637 = CARTESIAN_POINT ( 'NONE',  ( 14.74999999999999822, -16.34050177399711501, 2.500000000000001332 ) ) ;
#638 = VECTOR ( 'NONE', #1923, 1000.000000000000000 ) ;
#639 = VERTEX_POINT ( 'NONE', #711 ) ;
#640 = EDGE_CURVE ( 'NONE', #542, #206, #1739, .T. ) ;
#641 = ORIENTED_EDGE ( 'NONE', *, *, #1259, .F. ) ;
#642 = DIRECTION ( 'NONE',  ( -1.000000000000000000, 0.000000000000000000, 1.858632295689434870E-16 ) ) ;
#643 = ORIENTED_EDGE ( 'NONE', *, *, #1002, .T. ) ;
#644 = LINE ( 'NONE', #1326, #442 ) ;
#645 = AXIS2_PLACEMENT_3D ( 'NONE', #132, #665, #280 ) ;
#646 = CARTESIAN_POINT ( 'NONE',  ( 16.00000000000000000, 0.000000000000000000, 10.49999999999999645 ) ) ;
#647 = DIRECTION ( 'NONE',  ( 0.000000000000000000, -1.000000000000000000, -0.000000000000000000 ) ) ;
#648 = DIRECTION ( 'NONE',  ( 0.000000000000000000, 0.000000000000000000, -1.000000000000000000 ) ) ;
#649 = EDGE_LOOP ( 'NONE', ( #541, #299, #1681, #1260 ) ) ;
#650 = CIRCLE ( 'NONE', #1254, 0.8000000000000009326 ) ;
#651 = ORIENTED_EDGE ( 'NONE', *, *, #1758, .T. ) ;
#652 = CARTESIAN_POINT ( 'NONE',  ( 16.00000000000000000, 7.500000000000000000, -9.000000000000000000 ) ) ;
#653 = VERTEX_POINT ( 'NONE', #381 ) ;
#654 = PLANE ( 'NONE',  #841 ) ;
#655 = LINE ( 'NONE', #783, #444 ) ;
#656 = CARTESIAN_POINT ( 'NONE',  ( -9.500000000000001776, 0.4999999999999995559, 7.864218330839946702 ) ) ;
#657 = CIRCLE ( 'NONE', #1549, 1.500000000000000000 ) ;
#658 = ORIENTED_EDGE ( 'NONE', *, *, #2136, .F. ) ;
#659 = EDGE_CURVE ( 'NONE', #1700, #1534, #1870, .T. ) ;
#660 = ORIENTED_EDGE ( 'NONE', *, *, #795, .T. ) ;
#661 = ORIENTED_EDGE ( 'NONE', *, *, #1136, .F. ) ;
#662 = CARTESIAN_POINT ( 'NONE',  ( 9.695652173913043015, 0.4999999999999995559, 8.604945506379108267 ) ) ;
#663 = VERTEX_POINT ( 'NONE', #1036 ) ;
#664 = CARTESIAN_POINT ( 'NONE',  ( 16.75000000000000000, 0.5000000000000004441, -4.000000000000000000 ) ) ;
#665 = DIRECTION ( 'NONE',  ( 0.000000000000000000, 1.000000000000000000, 0.000000000000000000 ) ) ;
#666 = DIRECTION ( 'NONE',  ( -1.652117596168387756E-16, 0.000000000000000000, 1.000000000000000000 ) ) ;
#667 = CARTESIAN_POINT ( 'NONE',  ( 0.000000000000000000, 0.000000000000000000, 0.000000000000000000 ) ) ;
#668 = VECTOR ( 'NONE', #1925, 1000.000000000000000 ) ;
#669 = EDGE_LOOP ( 'NONE', ( #1055, #1553 ) ) ;
#670 = VERTEX_POINT ( 'NONE', #223 ) ;
#671 = EDGE_CURVE ( 'NONE', #758, #1749, #902, .T. ) ;
#672 = VECTOR ( 'NONE', #2053, 1000.000000000000000 ) ;
#673 = AXIS2_PLACEMENT_3D ( 'NONE', #1409, #861, #894 ) ;
#674 = CARTESIAN_POINT ( 'NONE',  ( -16.00000000000000000, 7.500000000000000000, 0.000000000000000000 ) ) ;
#675 = ORIENTED_EDGE ( 'NONE', *, *, #1875, .T. ) ;
#676 = DIRECTION ( 'NONE',  ( 1.196361017915039239E-16, 0.000000000000000000, 1.000000000000000000 ) ) ;
#677 = ADVANCED_FACE ( 'NONE', ( #1913 ), #1080, .F. ) ;
#678 = DIRECTION ( 'NONE',  ( -1.000000000000000000, 0.000000000000000000, -0.000000000000000000 ) ) ;
#679 = DIRECTION ( 'NONE',  ( 0.000000000000000000, 0.000000000000000000, 1.000000000000000000 ) ) ;
#680 = EDGE_CURVE ( 'NONE', #1077, #374, #957, .T. ) ;
#681 = ORIENTED_EDGE ( 'NONE', *, *, #350, .T. ) ;
#682 = EDGE_CURVE ( 'NONE', #68, #468, #2093, .T. ) ;
#683 = ORIENTED_EDGE ( 'NONE', *, *, #784, .F. ) ;
#684 = VERTEX_POINT ( 'NONE', #459 ) ;
#685 = DIRECTION ( 'NONE',  ( 0.000000000000000000, -1.000000000000000000, 0.000000000000000000 ) ) ;
#686 = VERTEX_POINT ( 'NONE', #265 ) ;
#687 = CIRCLE ( 'NONE', #977, 1.500000000000000000 ) ;
#688 = DIRECTION ( 'NONE',  ( 0.000000000000000000, 0.000000000000000000, -1.000000000000000000 ) ) ;
#689 = VECTOR ( 'NONE', #821, 1000.000000000000000 ) ;
#690 = CARTESIAN_POINT ( 'NONE',  ( 9.500000000000000000, 0.5000000000000004441, 7.600000000000000533 ) ) ;
#691 = CYLINDRICAL_SURFACE ( 'NONE', #340, 0.8000000000000003775 ) ;
#692 = VECTOR ( 'NONE', #1340, 1000.000000000000000 ) ;
#693 = ORIENTED_EDGE ( 'NONE', *, *, #1306, .T. ) ;
#694 = VERTEX_POINT ( 'NONE', #1424 ) ;
#695 = ORIENTED_EDGE ( 'NONE', *, *, #1854, .F. ) ;
#696 = PLANE ( 'NONE',  #823 ) ;
#697 = ORIENTED_EDGE ( 'NONE', *, *, #943, .F. ) ;
#698 = CARTESIAN_POINT ( 'NONE',  ( 7.864218330839944926, 0.4999999999999995559, 9.500000000000000000 ) ) ;
#699 = EDGE_CURVE ( 'NONE', #286, #1968, #1958, .T. ) ;
#700 = CARTESIAN_POINT ( 'NONE',  ( 9.499999999999994671, 0.4999999999999995559, -9.500000000000000000 ) ) ;
#701 = CARTESIAN_POINT ( 'NONE',  ( 13.24999999999999822, 7.500000000000000000, -0.9999999999999995559 ) ) ;
#702 = ORIENTED_EDGE ( 'NONE', *, *, #1845, .F. ) ;
#703 = ORIENTED_EDGE ( 'NONE', *, *, #1939, .T. ) ;
#704 = AXIS2_PLACEMENT_3D ( 'NONE', #1580, #2067, #1246 ) ;
#705 = ORIENTED_EDGE ( 'NONE', *, *, #1696, .F. ) ;
#706 = EDGE_CURVE ( 'NONE', #2182, #1181, #585, .T. ) ;
#707 = VECTOR ( 'NONE', #446, 1000.000000000000000 ) ;
#708 = VERTEX_POINT ( 'NONE', #424 ) ;
#709 = CARTESIAN_POINT ( 'NONE',  ( -7.864218330839943150, 0.4999999999999995559, 11.00000000000000000 ) ) ;
#710 = VERTEX_POINT ( 'NONE', #1635 ) ;
#711 = CARTESIAN_POINT ( 'NONE',  ( 16.00000000000000000, 0.4999999999999995559, 9.800000000000000711 ) ) ;
#712 = DIRECTION ( 'NONE',  ( 0.000000000000000000, 0.000000000000000000, 1.000000000000000000 ) ) ;
#713 = DIRECTION ( 'NONE',  ( 0.000000000000000000, 0.000000000000000000, 1.000000000000000000 ) ) ;
#714 = VECTOR ( 'NONE', #1420, 1000.000000000000000 ) ;
#715 = ORIENTED_EDGE ( 'NONE', *, *, #1939, .F. ) ;
#716 = VECTOR ( 'NONE', #769, 1000.000000000000000 ) ;
#717 = FACE_OUTER_BOUND ( 'NONE', #552, .T. ) ;
#718 = ORIENTED_EDGE ( 'NONE', *, *, #1374, .T. ) ;
#719 = CARTESIAN_POINT ( 'NONE',  ( -9.500000000000005329, 7.500000000000000000, -9.500000000000000000 ) ) ;
#720 = CIRCLE ( 'NONE', #409, 1.499999999999999556 ) ;
#721 = CIRCLE ( 'NONE', #230, 0.8000000000000020428 ) ;
#722 = CYLINDRICAL_SURFACE ( 'NONE', #789, 1.499999999999999556 ) ;
#723 = CARTESIAN_POINT ( 'NONE',  ( 0.000000000000000000, 7.500000000000000000, 0.000000000000000000 ) ) ;
#724 = AXIS2_PLACEMENT_3D ( 'NONE', #439, #1661, #483 ) ;
#725 = VERTEX_POINT ( 'NONE', #1932 ) ;
#726 = ORIENTED_EDGE ( 'NONE', *, *, #1267, .T. ) ;
#727 = EDGE_LOOP ( 'NONE', ( #1569, #2037, #375, #738 ) ) ;
#728 = EDGE_CURVE ( 'NONE', #2070, #468, #1148, .T. ) ;
#729 = AXIS2_PLACEMENT_3D ( 'NONE', #850, #1676, #156 ) ;
#730 = ORIENTED_EDGE ( 'NONE', *, *, #1378, .F. ) ;
#731 = CARTESIAN_POINT ( 'NONE',  ( -10.50000000000000533, 0.000000000000000000, 10.50000000000000355 ) ) ;
#732 = CARTESIAN_POINT ( 'NONE',  ( 16.00000000000000000, 7.500000000000000000, -8.199999999999997513 ) ) ;
#733 = EDGE_CURVE ( 'NONE', #542, #1250, #687, .T. ) ;
#734 = DIRECTION ( 'NONE',  ( 0.000000000000000000, 1.000000000000000000, 0.000000000000000000 ) ) ;
#735 = CARTESIAN_POINT ( 'NONE',  ( 17.50000000000000000, 7.500000000000000000, 3.250000000000001332 ) ) ;
#736 = DIRECTION ( 'NONE',  ( -0.000000000000000000, 1.000000000000000000, -0.000000000000000000 ) ) ;
#737 = VECTOR ( 'NONE', #961, 1000.000000000000000 ) ;
#738 = ORIENTED_EDGE ( 'NONE', *, *, #387, .T. ) ;
#739 = EDGE_CURVE ( 'NONE', #1715, #1287, #192, .T. ) ;
#740 = ORIENTED_EDGE ( 'NONE', *, *, #2034, .T. ) ;
#741 = EDGE_CURVE ( 'NONE', #725, #663, #245, .T. ) ;
#742 = EDGE_LOOP ( 'NONE', ( #274, #740, #1518, #802 ) ) ;
#743 = FACE_OUTER_BOUND ( 'NONE', #1766, .T. ) ;
#744 = CYLINDRICAL_SURFACE ( 'NONE', #441, 1.500000000000000000 ) ;
#745 = LINE ( 'NONE', #2130, #2042 ) ;
#746 = CYLINDRICAL_SURFACE ( 'NONE', #586, 1.499999999999999556 ) ;
#747 = CYLINDRICAL_SURFACE ( 'NONE', #1960, 1.499999999999999556 ) ;
#748 = EDGE_CURVE ( 'NONE', #653, #1159, #936, .T. ) ;
#749 = DIRECTION ( 'NONE',  ( 0.000000000000000000, 0.000000000000000000, 1.000000000000000000 ) ) ;
#750 = CIRCLE ( 'NONE', #568, 1.499999999999999556 ) ;
#751 = PRESENTATION_LAYER_ASSIGNMENT (  '', '', ( #36 ) ) ;
#752 = ORIENTED_EDGE ( 'NONE', *, *, #776, .T. ) ;
#753 = LINE ( 'NONE', #606, #103 ) ;
#754 = DIRECTION ( 'NONE',  ( 0.000000000000000000, 1.000000000000000000, 0.000000000000000000 ) ) ;
#755 = CARTESIAN_POINT ( 'NONE',  ( 9.000000000000000000, 7.500000000000000000, -9.000000000000000000 ) ) ;
#756 = DIRECTION ( 'NONE',  ( -1.000000000000000000, 0.000000000000000000, 0.000000000000000000 ) ) ;
#757 = CARTESIAN_POINT ( 'NONE',  ( 16.00000000000000000, 0.4999999999999995559, 9.000000000000000000 ) ) ;
#758 = VERTEX_POINT ( 'NONE', #1291 ) ;
#759 = CARTESIAN_POINT ( 'NONE',  ( -17.50000000000000000, 7.500000000000000000, 10.50000000000000000 ) ) ;
#760 = CARTESIAN_POINT ( 'NONE',  ( 13.99999999999999822, 7.500000000000000000, -1.749999999999998890 ) ) ;
#761 = AXIS2_PLACEMENT_3D ( 'NONE', #236, #1589, #688 ) ;
#762 = VECTOR ( 'NONE', #2161, 1000.000000000000000 ) ;
#763 = ORIENTED_EDGE ( 'NONE', *, *, #114, .F. ) ;
#764 = ORIENTED_EDGE ( 'NONE', *, *, #1531, .F. ) ;
#765 = DIRECTION ( 'NONE',  ( -0.000000000000000000, 1.000000000000000000, -0.000000000000000000 ) ) ;
#766 = CARTESIAN_POINT ( 'NONE',  ( -11.00000000000000533, 7.500000000000000000, -7.864218330839952031 ) ) ;
#767 = CIRCLE ( 'NONE', #729, 1.500000000000000444 ) ;
#768 = CARTESIAN_POINT ( 'NONE',  ( -9.500000000000005329, 7.500000000000000000, -9.500000000000000000 ) ) ;
#769 = DIRECTION ( 'NONE',  ( -1.000000000000000000, -0.000000000000000000, 9.912705577010325549E-17 ) ) ;
#770 = DIRECTION ( 'NONE',  ( -1.000000000000000000, 0.000000000000000000, -0.000000000000000000 ) ) ;
#771 = EDGE_CURVE ( 'NONE', #1828, #694, #1993, .T. ) ;
#772 = ORIENTED_EDGE ( 'NONE', *, *, #1198, .T. ) ;
#773 = CYLINDRICAL_SURFACE ( 'NONE', #724, 1.499999999999999556 ) ;
#774 = DIRECTION ( 'NONE',  ( -0.000000000000000000, -1.000000000000000000, 0.000000000000000000 ) ) ;
#775 = VERTEX_POINT ( 'NONE', #63 ) ;
#776 = EDGE_CURVE ( 'NONE', #2044, #684, #579, .T. ) ;
#777 = DIRECTION ( 'NONE',  ( -1.826024711554533913E-16, -0.000000000000000000, -1.000000000000000000 ) ) ;
#778 = DIRECTION ( 'NONE',  ( 0.000000000000000000, 1.000000000000000000, 0.000000000000000000 ) ) ;
#779 = EDGE_CURVE ( 'NONE', #1940, #241, #650, .T. ) ;
#780 = CIRCLE ( 'NONE', #1867, 1.499999999999999556 ) ;
#781 = DIRECTION ( 'NONE',  ( 0.000000000000000000, -1.000000000000000000, 0.000000000000000000 ) ) ;
#782 = CARTESIAN_POINT ( 'NONE',  ( 17.50000000000000000, 7.500000000000000000, 10.49999999999999645 ) ) ;
#783 = CARTESIAN_POINT ( 'NONE',  ( -9.695652173913044791, 0.4999999999999995559, 8.604945506379111819 ) ) ;
#784 = EDGE_CURVE ( 'NONE', #1262, #1700, #794, .T. ) ;
#785 = ORIENTED_EDGE ( 'NONE', *, *, #1978, .F. ) ;
#786 = AXIS2_PLACEMENT_3D ( 'NONE', #391, #685, #51 ) ;
#787 = CARTESIAN_POINT ( 'NONE',  ( 17.50000000000000000, 7.500000000000000000, 10.49999999999999645 ) ) ;
#788 = CARTESIAN_POINT ( 'NONE',  ( -7.864218330839943150, 7.500000000000000000, 9.500000000000000000 ) ) ;
#789 = AXIS2_PLACEMENT_3D ( 'NONE', #564, #1871, #2046 ) ;
#790 = ORIENTED_EDGE ( 'NONE', *, *, #728, .F. ) ;
#791 = ORIENTED_EDGE ( 'NONE', *, *, #904, .F. ) ;
#792 = PRODUCT_DEFINITION_FORMATION_WITH_SPECIFIED_SOURCE ( 'Symmetric', '', #1643, .NOT_KNOWN. ) ;
#793 = CARTESIAN_POINT ( 'NONE',  ( -11.00000000000000533, 0.4999999999999995559, -7.864218330839952031 ) ) ;
#794 = LINE ( 'NONE', #1089, #869 ) ;
#795 = EDGE_CURVE ( 'NONE', #1033, #1361, #720, .T. ) ;
#796 = CARTESIAN_POINT ( 'NONE',  ( 13.99999999999999822, 7.500000000000000000, -1.749999999999998890 ) ) ;
#797 = CARTESIAN_POINT ( 'NONE',  ( -9.000000000000000000, 0.4999999999999995559, 9.000000000000000000 ) ) ;
#798 = DIRECTION ( 'NONE',  ( -1.000000000000000000, -0.000000000000000000, -0.000000000000000000 ) ) ;
#799 = DIRECTION ( 'NONE',  ( -4.956352788505165240E-16, 0.000000000000000000, 1.000000000000000000 ) ) ;
#800 = CARTESIAN_POINT ( 'NONE',  ( 15.25000000000000178, 7.500000000000000000, 2.500000000000000888 ) ) ;
#801 = VECTOR ( 'NONE', #806, 1000.000000000000000 ) ;
#802 = ORIENTED_EDGE ( 'NONE', *, *, #1914, .T. ) ;
#803 = AXIS2_PLACEMENT_3D ( 'NONE', #993, #2153, #1668 ) ;
#804 = EDGE_LOOP ( 'NONE', ( #899, #195, #1165, #1388 ) ) ;
#805 = EDGE_CURVE ( 'NONE', #981, #104, #2126, .T. ) ;
#806 = DIRECTION ( 'NONE',  ( -0.000000000000000000, -1.000000000000000000, -0.000000000000000000 ) ) ;
#807 = DIRECTION ( 'NONE',  ( 2.312964634635743450E-15, 0.000000000000000000, 1.000000000000000000 ) ) ;
#808 = ADVANCED_FACE ( 'NONE', ( #1970 ), #744, .F. ) ;
#809 = DIRECTION ( 'NONE',  ( 0.000000000000000000, 1.000000000000000000, 0.000000000000000000 ) ) ;
#810 = SURFACE_STYLE_FILL_AREA ( #1495 ) ;
#811 = AXIS2_PLACEMENT_3D ( 'NONE', #1730, #202, #1215 ) ;
#812 = UNCERTAINTY_MEASURE_WITH_UNIT (LENGTH_MEASURE( 1.000000000000000082E-05 ), #1798, 'distance_accuracy_value', 'NONE');
#813 = DIRECTION ( 'NONE',  ( 0.000000000000000000, 1.000000000000000000, 0.000000000000000000 ) ) ;
#814 = DIRECTION ( 'NONE',  ( 0.000000000000000000, 1.000000000000000000, 0.000000000000000000 ) ) ;
#815 = EDGE_CURVE ( 'NONE', #2090, #1704, #414, .T. ) ;
#816 = ORIENTED_EDGE ( 'NONE', *, *, #920, .T. ) ;
#817 = DIRECTION ( 'NONE',  ( -0.000000000000000000, -1.000000000000000000, -0.000000000000000000 ) ) ;
#818 = LINE ( 'NONE', #1493, #334 ) ;
#819 = FACE_OUTER_BOUND ( 'NONE', #1058, .T. ) ;
#820 = CIRCLE ( 'NONE', #426, 0.8000000000000020428 ) ;
#821 = DIRECTION ( 'NONE',  ( -0.000000000000000000, 1.000000000000000000, 0.000000000000000000 ) ) ;
#822 = DIRECTION ( 'NONE',  ( 0.000000000000000000, 1.000000000000000000, 0.000000000000000000 ) ) ;
#823 = AXIS2_PLACEMENT_3D ( 'NONE', #731, #2064, #16 ) ;
#824 = EDGE_LOOP ( 'NONE', ( #1171, #583, #1379, #1954 ) ) ;
#825 = EDGE_LOOP ( 'NONE', ( #488, #1220 ) ) ;
#826 = LINE ( 'NONE', #489, #959 ) ;
#827 = DIRECTION ( 'NONE',  ( -0.000000000000000000, 1.000000000000000000, -0.000000000000000000 ) ) ;
#828 = SURFACE_SIDE_STYLE ('',( #810 ) ) ;
#829 = CIRCLE ( 'NONE', #1898, 1.499999999999999556 ) ;
#830 = CARTESIAN_POINT ( 'NONE',  ( -16.00000000000000000, 7.500000000000000000, -0.8000000000000009326 ) ) ;
#831 = DIRECTION ( 'NONE',  ( 0.000000000000000000, 0.000000000000000000, 1.000000000000000000 ) ) ;
#832 = VERTEX_POINT ( 'NONE', #2096 ) ;
#833 = EDGE_LOOP ( 'NONE', ( #1389, #307, #1391, #1546, #1732, #842, #344, #1273, #1709, #1506, #752, #1838, #397, #1541, #4, #59, #1302, #1702, #1400, #1855, #1301, #1414, #321, #421, #1222, #1896, #1511, #1822, #25, #1544, #764, #1322 ) ) ;
#834 = VECTOR ( 'NONE', #1202, 1000.000000000000000 ) ;
#835 = CARTESIAN_POINT ( 'NONE',  ( 17.50000000000000355, 7.500000000000000000, -9.000000000000007105 ) ) ;
#836 = CARTESIAN_POINT ( 'NONE',  ( 17.50000000000000000, 0.000000000000000000, 8.999999999999998224 ) ) ;
#837 =( NAMED_UNIT ( * ) PLANE_ANGLE_UNIT ( ) SI_UNIT ( $, .RADIAN. ) );
#838 = CARTESIAN_POINT ( 'NONE',  ( 9.695652173913043015, 0.4999999999999995559, 8.604945506379108267 ) ) ;
#839 = FACE_OUTER_BOUND ( 'NONE', #881, .T. ) ;
#840 = EDGE_CURVE ( 'NONE', #694, #1140, #1943, .T. ) ;
#841 = AXIS2_PLACEMENT_3D ( 'NONE', #1502, #1816, #2152 ) ;
#842 = ORIENTED_EDGE ( 'NONE', *, *, #1433, .T. ) ;
#843 = ORIENTED_EDGE ( 'NONE', *, *, #1237, .F. ) ;
#844 = EDGE_CURVE ( 'NONE', #1181, #708, #1482, .T. ) ;
#845 = CARTESIAN_POINT ( 'NONE',  ( 10.99999999999999467, 0.4999999999999995559, -7.864218330839934268 ) ) ;
#846 = VERTEX_POINT ( 'NONE', #118 ) ;
#847 = FACE_OUTER_BOUND ( 'NONE', #1489, .T. ) ;
#848 = ADVANCED_FACE ( 'NONE', ( #630 ), #2103, .F. ) ;
#849 = FACE_OUTER_BOUND ( 'NONE', #1197, .T. ) ;
#850 = CARTESIAN_POINT ( 'NONE',  ( -12.00000000000000355, 0.000000000000000000, -2.999999999999998224 ) ) ;
#851 = EDGE_CURVE ( 'NONE', #1704, #1829, #1801, .T. ) ;
#852 = ORIENTED_EDGE ( 'NONE', *, *, #250, .T. ) ;
#853 = AXIS2_PLACEMENT_3D ( 'NONE', #1957, #106, #434 ) ;
#854 = ORIENTED_EDGE ( 'NONE', *, *, #1973, .T. ) ;
#855 = ORIENTED_EDGE ( 'NONE', *, *, #522, .T. ) ;
#856 = CIRCLE ( 'NONE', #704, 1.500000000000000000 ) ;
#857 = CYLINDRICAL_SURFACE ( 'NONE', #251, 0.8000000000000020428 ) ;
#858 = ORIENTED_EDGE ( 'NONE', *, *, #795, .F. ) ;
#859 = LINE ( 'NONE', #1535, #905 ) ;
#860 = VECTOR ( 'NONE', #1776, 1000.000000000000000 ) ;
#861 = DIRECTION ( 'NONE',  ( 0.000000000000000000, -1.000000000000000000, 0.000000000000000000 ) ) ;
#862 = LINE ( 'NONE', #338, #692 ) ;
#863 = ORIENTED_EDGE ( 'NONE', *, *, #281, .T. ) ;
#864 = ORIENTED_EDGE ( 'NONE', *, *, #965, .T. ) ;
#865 = EDGE_CURVE ( 'NONE', #1699, #2049, #508, .T. ) ;
#866 = ORIENTED_EDGE ( 'NONE', *, *, #896, .T. ) ;
#867 = DIRECTION ( 'NONE',  ( 0.000000000000000000, 0.000000000000000000, 1.000000000000000000 ) ) ;
#868 = ORIENTED_EDGE ( 'NONE', *, *, #945, .F. ) ;
#869 = VECTOR ( 'NONE', #754, 1000.000000000000000 ) ;
#870 = DIRECTION ( 'NONE',  ( -0.000000000000000000, 1.000000000000000000, -0.000000000000000000 ) ) ;
#871 = AXIS2_PLACEMENT_3D ( 'NONE', #1146, #1179, #516 ) ;
#872 = DIRECTION ( 'NONE',  ( 0.000000000000000000, 1.000000000000000000, -0.000000000000000000 ) ) ;
#873 = DIRECTION ( 'NONE',  ( -0.000000000000000000, 1.000000000000000000, -0.000000000000000000 ) ) ;
#874 = ORIENTED_EDGE ( 'NONE', *, *, #573, .T. ) ;
#875 = AXIS2_PLACEMENT_3D ( 'NONE', #667, #1157, #1194 ) ;
#876 = ORIENTED_EDGE ( 'NONE', *, *, #865, .F. ) ;
#877 = EDGE_CURVE ( 'NONE', #1780, #1909, #1299, .T. ) ;
#878 = ORIENTED_EDGE ( 'NONE', *, *, #1723, .F. ) ;
#879 = ORIENTED_EDGE ( 'NONE', *, *, #1945, .T. ) ;
#880 = DIRECTION ( 'NONE',  ( -0.000000000000000000, 1.000000000000000000, -0.000000000000000000 ) ) ;
#881 = EDGE_LOOP ( 'NONE', ( #1218, #1897, #50, #772, #13, #560, #889, #1341, #1690, #1492, #49, #955, #37, #1505, #137, #228, #521, #1887, #996, #2073, #2151, #1201, #561 ) ) ;
#882 = DIRECTION ( 'NONE',  ( 0.000000000000000000, -1.000000000000000000, 0.000000000000000000 ) ) ;
#883 = FACE_OUTER_BOUND ( 'NONE', #2038, .T. ) ;
#884 = CARTESIAN_POINT ( 'NONE',  ( -16.00000000000000000, 7.500000000000000000, 1.734723475976807094E-15 ) ) ;
#885 = EDGE_LOOP ( 'NONE', ( #705, #1987, #790, #1713 ) ) ;
#886 = ORIENTED_EDGE ( 'NONE', *, *, #1471, .T. ) ;
#887 = VECTOR ( 'NONE', #247, 1000.000000000000000 ) ;
#888 = ORIENTED_EDGE ( 'NONE', *, *, #1136, .T. ) ;
#889 = ORIENTED_EDGE ( 'NONE', *, *, #877, .T. ) ;
#890 = AXIS2_PLACEMENT_3D ( 'NONE', #1568, #38, #1545 ) ;
#891 = CARTESIAN_POINT ( 'NONE',  ( 9.000000000000000000, 7.500000000000000000, 9.799999999999998934 ) ) ;
#892 = ORIENTED_EDGE ( 'NONE', *, *, #1753, .T. ) ;
#893 = DIRECTION ( 'NONE',  ( 0.000000000000000000, 1.000000000000000000, 0.000000000000000000 ) ) ;
#894 = DIRECTION ( 'NONE',  ( 0.000000000000000000, 0.000000000000000000, -1.000000000000000000 ) ) ;
#895 = FACE_BOUND ( 'NONE', #669, .T. ) ;
#896 = EDGE_CURVE ( 'NONE', #923, #154, #454, .T. ) ;
#897 = AXIS2_PLACEMENT_3D ( 'NONE', #2160, #491, #1651 ) ;
#898 = ORIENTED_EDGE ( 'NONE', *, *, #699, .F. ) ;
#899 = ORIENTED_EDGE ( 'NONE', *, *, #288, .F. ) ;
#900 = EDGE_CURVE ( 'NONE', #1343, #1757, #1849, .T. ) ;
#901 = LINE ( 'NONE', #379, #136 ) ;
#902 = LINE ( 'NONE', #563, #477 ) ;
#903 = AXIS2_PLACEMENT_3D ( 'NONE', #1821, #1107, #1810 ) ;
#904 = EDGE_CURVE ( 'NONE', #374, #26, #1748, .T. ) ;
#905 = VECTOR ( 'NONE', #1178, 1000.000000000000000 ) ;
#906 = DIRECTION ( 'NONE',  ( -1.000000000000000000, 0.000000000000000000, 1.196361017915038993E-16 ) ) ;
#907 = DIRECTION ( 'NONE',  ( 0.000000000000000000, -0.000000000000000000, -1.000000000000000000 ) ) ;
#908 = CIRCLE ( 'NONE', #1050, 1.500000000000000000 ) ;
#909 = CARTESIAN_POINT ( 'NONE',  ( -9.500000000000001776, 0.4999999999999995559, 7.864218330839946702 ) ) ;
#910 = ORIENTED_EDGE ( 'NONE', *, *, #1169, .T. ) ;
#911 = EDGE_CURVE ( 'NONE', #1453, #2021, #1609, .T. ) ;
#912 = ORIENTED_EDGE ( 'NONE', *, *, #1076, .F. ) ;
#913 = AXIS2_PLACEMENT_3D ( 'NONE', #1894, #1398, #1883 ) ;
#914 = LINE ( 'NONE', #402, #1873 ) ;
#915 = DIRECTION ( 'NONE',  ( 0.000000000000000000, 1.000000000000000000, 0.000000000000000000 ) ) ;
#916 = ADVANCED_FACE ( 'NONE', ( #92 ), #628, .T. ) ;
#917 = EDGE_CURVE ( 'NONE', #710, #1500, #1488, .T. ) ;
#918 = DIRECTION ( 'NONE',  ( 0.000000000000000000, 0.000000000000000000, -1.000000000000000000 ) ) ;
#919 = FACE_OUTER_BOUND ( 'NONE', #1877, .T. ) ;
#920 = EDGE_CURVE ( 'NONE', #1879, #2182, #1295, .T. ) ;
#921 = CARTESIAN_POINT ( 'NONE',  ( 16.00000000000000000, 0.000000000000000000, 8.999999999999998224 ) ) ;
#922 = ORIENTED_EDGE ( 'NONE', *, *, #482, .T. ) ;
#923 = VERTEX_POINT ( 'NONE', #603 ) ;
#924 = AXIS2_PLACEMENT_3D ( 'NONE', #674, #631, #1501 ) ;
#925 = ORIENTED_EDGE ( 'NONE', *, *, #815, .F. ) ;
#926 = FACE_OUTER_BOUND ( 'NONE', #1013, .T. ) ;
#927 = DIRECTION ( 'NONE',  ( 2.312964634635743450E-15, 0.000000000000000000, -1.000000000000000000 ) ) ;
#928 = AXIS2_PLACEMENT_3D ( 'NONE', #2043, #1859, #222 ) ;
#929 = CARTESIAN_POINT ( 'NONE',  ( 16.00000000000000000, 0.000000000000000000, -3.249999999999999112 ) ) ;
#930 = DIRECTION ( 'NONE',  ( 0.000000000000000000, 0.000000000000000000, -1.000000000000000000 ) ) ;
#931 = CARTESIAN_POINT ( 'NONE',  ( 16.00000000000000000, 0.4999999999999995559, -9.000000000000000000 ) ) ;
#932 = CARTESIAN_POINT ( 'NONE',  ( 7.864218330839943150, 0.4999999999999995559, -11.00000000000000000 ) ) ;
#933 = ORIENTED_EDGE ( 'NONE', *, *, #168, .T. ) ;
#934 = AXIS2_PLACEMENT_3D ( 'NONE', #292, #1946, #1484 ) ;
#935 = DIRECTION ( 'NONE',  ( -0.000000000000000000, 0.000000000000000000, 1.000000000000000000 ) ) ;
#936 = LINE ( 'NONE', #1446, #1331 ) ;
#937 = EDGE_CURVE ( 'NONE', #653, #981, #1965, .T. ) ;
#938 = PLANE ( 'NONE',  #246 ) ;
#939 = DIRECTION ( 'NONE',  ( 0.000000000000000000, 0.000000000000000000, 1.000000000000000000 ) ) ;
#940 = LINE ( 'NONE', #576, #1396 ) ;
#941 = CARTESIAN_POINT ( 'NONE',  ( 15.49999999999999822, 7.500000000000000000, -1.749999999999999112 ) ) ;
#942 = DIRECTION ( 'NONE',  ( 0.000000000000000000, 0.000000000000000000, -1.000000000000000000 ) ) ;
#943 = EDGE_CURVE ( 'NONE', #1354, #443, #303, .T. ) ;
#944 = ORIENTED_EDGE ( 'NONE', *, *, #518, .F. ) ;
#945 = EDGE_CURVE ( 'NONE', #1500, #2049, #474, .T. ) ;
#946 = CARTESIAN_POINT ( 'NONE',  ( -7.864218330839943150, 7.500000000000000000, -11.00000000000000000 ) ) ;
#947 = DIRECTION ( 'NONE',  ( -0.000000000000000000, -1.000000000000000000, -0.000000000000000000 ) ) ;
#948 = AXIS2_PLACEMENT_3D ( 'NONE', #550, #371, #1419 ) ;
#949 = DIRECTION ( 'NONE',  ( 1.000000000000000000, 0.000000000000000000, 0.000000000000000000 ) ) ;
#950 = LINE ( 'NONE', #1269, #145 ) ;
#951 = CARTESIAN_POINT ( 'NONE',  ( -10.50000000000000533, 7.500000000000000000, -9.000000000000001776 ) ) ;
#952 = CARTESIAN_POINT ( 'NONE',  ( 17.50000000000000355, 0.000000000000000000, -3.249999999999994227 ) ) ;
#953 = CARTESIAN_POINT ( 'NONE',  ( -16.00000000000000000, 7.500000000000000000, -5.575896887068297953E-16 ) ) ;
#954 = EDGE_CURVE ( 'NONE', #1159, #286, #1245, .T. ) ;
#955 = ORIENTED_EDGE ( 'NONE', *, *, #748, .T. ) ;
#956 = CARTESIAN_POINT ( 'NONE',  ( 9.499999999999994671, 0.4999999999999995559, -9.500000000000000000 ) ) ;
#957 = LINE ( 'NONE', #447, #1614 ) ;
#958 = APPLICATION_CONTEXT ( 'automotive_design' ) ;
#959 = VECTOR ( 'NONE', #1161, 1000.000000000000000 ) ;
#960 = CARTESIAN_POINT ( 'NONE',  ( 9.499999999999994671, 0.4999999999999995559, -7.864218330839934268 ) ) ;
#961 = DIRECTION ( 'NONE',  ( -0.000000000000000000, -1.000000000000000000, 0.000000000000000000 ) ) ;
#962 = CIRCLE ( 'NONE', #2048, 1.499999999999999556 ) ;
#963 = DIRECTION ( 'NONE',  ( 9.251858538542973800E-15, 0.000000000000000000, 1.000000000000000000 ) ) ;
#964 = CARTESIAN_POINT ( 'NONE',  ( -10.50000000000000533, 0.000000000000000000, 10.50000000000000355 ) ) ;
#965 = EDGE_CURVE ( 'NONE', #1250, #1715, #1952, .T. ) ;
#966 = AXIS2_PLACEMENT_3D ( 'NONE', #360, #1559, #1572 ) ;
#967 = ORIENTED_EDGE ( 'NONE', *, *, #46, .F. ) ;
#968 = ORIENTED_EDGE ( 'NONE', *, *, #189, .T. ) ;
#969 = AXIS2_PLACEMENT_3D ( 'NONE', #921, #67, #1510 ) ;
#970 = CARTESIAN_POINT ( 'NONE',  ( 16.00000000000000000, 0.000000000000000000, -1.749999999999999334 ) ) ;
#971 = DIRECTION ( 'NONE',  ( 0.000000000000000000, 1.000000000000000000, 0.000000000000000000 ) ) ;
#972 = LINE ( 'NONE', #428, #716 ) ;
#973 = CYLINDRICAL_SURFACE ( 'NONE', #897, 1.499999999999999556 ) ;
#974 = EDGE_CURVE ( 'NONE', #531, #197, #1654, .T. ) ;
#975 = DIRECTION ( 'NONE',  ( 0.000000000000000000, 0.000000000000000000, 1.000000000000000000 ) ) ;
#976 = DIRECTION ( 'NONE',  ( -0.000000000000000000, -1.000000000000000000, -0.000000000000000000 ) ) ;
#977 = AXIS2_PLACEMENT_3D ( 'NONE', #1277, #2085, #435 ) ;
#978 = ADVANCED_FACE ( 'NONE', ( #440 ), #1320, .T. ) ;
#979 = CIRCLE ( 'NONE', #1577, 0.8000000000000003775 ) ;
#980 = ORIENTED_EDGE ( 'NONE', *, *, #2034, .F. ) ;
#981 = VERTEX_POINT ( 'NONE', #272 ) ;
#982 = DIRECTION ( 'NONE',  ( 0.000000000000000000, -1.000000000000000000, 0.000000000000000000 ) ) ;
#983 = DIRECTION ( 'NONE',  ( 1.000000000000000000, 0.000000000000000000, 0.000000000000000000 ) ) ;
#984 =( LENGTH_UNIT ( ) NAMED_UNIT ( * ) SI_UNIT ( .MILLI., .METRE. ) );
#985 = PRODUCT_DEFINITION_CONTEXT ( 'detailed design', #234, 'design' ) ;
#986 = FACE_OUTER_BOUND ( 'NONE', #1283, .T. ) ;
#987 = DIRECTION ( 'NONE',  ( 0.000000000000000000, 0.000000000000000000, 1.000000000000000000 ) ) ;
#988 = ORIENTED_EDGE ( 'NONE', *, *, #306, .F. ) ;
#989 = DIRECTION ( 'NONE',  ( -0.000000000000000000, 1.000000000000000000, -0.000000000000000000 ) ) ;
#990 = CARTESIAN_POINT ( 'NONE',  ( -9.500000000000005329, 0.4999999999999995559, -9.500000000000000000 ) ) ;
#991 = CARTESIAN_POINT ( 'NONE',  ( 14.74999999999999822, 0.5000000000000004441, -2.499999999999999556 ) ) ;
#992 = VECTOR ( 'NONE', #404, 1000.000000000000000 ) ;
#993 = CARTESIAN_POINT ( 'NONE',  ( 16.00000000000000000, 0.4999999999999995559, -9.000000000000000000 ) ) ;
#994 = DIRECTION ( 'NONE',  ( 1.000000000000000000, 0.000000000000000000, 0.000000000000000000 ) ) ;
#995 = AXIS2_PLACEMENT_3D ( 'NONE', #86, #765, #1781 ) ;
#996 = ORIENTED_EDGE ( 'NONE', *, *, #2016, .T. ) ;
#997 = ORIENTED_EDGE ( 'NONE', *, *, #1486, .F. ) ;
#998 =( GEOMETRIC_REPRESENTATION_CONTEXT ( 3 ) GLOBAL_UNCERTAINTY_ASSIGNED_CONTEXT ( ( #812 ) ) GLOBAL_UNIT_ASSIGNED_CONTEXT ( ( #1798, #1473, #625 ) ) REPRESENTATION_CONTEXT ( 'NONE', 'WORKASPACE' ) );
#999 = CARTESIAN_POINT ( 'NONE',  ( -10.50000000000000533, 0.000000000000000000, 9.000000000000001776 ) ) ;
#1000 = VERTEX_POINT ( 'NONE', #788 ) ;
#1001 = CARTESIAN_POINT ( 'NONE',  ( 16.00000000000000000, 0.4999999999999995559, -8.199999999999997513 ) ) ;
#1002 = EDGE_CURVE ( 'NONE', #1583, #1392, #750, .T. ) ;
#1003 = CARTESIAN_POINT ( 'NONE',  ( -16.00000000000000000, 0.4999999999999995559, 0.8000000000000009326 ) ) ;
#1004 = PLANE ( 'NONE',  #1921 ) ;
#1005 = CARTESIAN_POINT ( 'NONE',  ( 13.99999999999999822, 0.000000000000000000, 1.750000000000000888 ) ) ;
#1006 = ORIENTED_EDGE ( 'NONE', *, *, #1105, .T. ) ;
#1007 = EDGE_CURVE ( 'NONE', #2124, #2019, #1426, .T. ) ;
#1008 = VECTOR ( 'NONE', #113, 1000.000000000000000 ) ;
#1009 = ORIENTED_EDGE ( 'NONE', *, *, #1567, .T. ) ;
#1010 = VECTOR ( 'NONE', #369, 1000.000000000000000 ) ;
#1011 = VECTOR ( 'NONE', #1629, 1000.000000000000000 ) ;
#1012 = EDGE_CURVE ( 'NONE', #1583, #458, #1718, .T. ) ;
#1013 = EDGE_LOOP ( 'NONE', ( #1009, #466, #988, #2065 ) ) ;
#1014 = ORIENTED_EDGE ( 'NONE', *, *, #896, .F. ) ;
#1015 = EDGE_CURVE ( 'NONE', #1879, #1287, #20, .T. ) ;
#1016 = PLANE ( 'NONE',  #532 ) ;
#1017 = VERTEX_POINT ( 'NONE', #1214 ) ;
#1018 = CARTESIAN_POINT ( 'NONE',  ( 8.604945506379110043, 7.500000000000000000, 9.695652173913043015 ) ) ;
#1019 = DIRECTION ( 'NONE',  ( 0.000000000000000000, 1.000000000000000000, 0.000000000000000000 ) ) ;
#1020 = VECTOR ( 'NONE', #1168, 1000.000000000000000 ) ;
#1021 = DIRECTION ( 'NONE',  ( -0.000000000000000000, 1.000000000000000000, -0.000000000000000000 ) ) ;
#1022 = ORIENTED_EDGE ( 'NONE', *, *, #1198, .F. ) ;
#1023 = ORIENTED_EDGE ( 'NONE', *, *, #1817, .F. ) ;
#1024 = ORIENTED_EDGE ( 'NONE', *, *, #1411, .F. ) ;
#1025 = CARTESIAN_POINT ( 'NONE',  ( 7.864218330839943150, 0.4999999999999995559, 11.00000000000000000 ) ) ;
#1026 = ORIENTED_EDGE ( 'NONE', *, *, #23, .F. ) ;
#1027 = CARTESIAN_POINT ( 'NONE',  ( 15.49999999999999822, 0.000000000000000000, -0.2499999999999993616 ) ) ;
#1028 = DIRECTION ( 'NONE',  ( 0.000000000000000000, -1.000000000000000000, 0.000000000000000000 ) ) ;
#1029 = LINE ( 'NONE', #1827, #1155 ) ;
#1030 = AXIS2_PLACEMENT_3D ( 'NONE', #1706, #872, #1548 ) ;
#1031 = ADVANCED_FACE ( 'NONE', ( #190 ), #1418, .F. ) ;
#1032 = ORIENTED_EDGE ( 'NONE', *, *, #1015, .F. ) ;
#1033 = VERTEX_POINT ( 'NONE', #201 ) ;
#1034 = DIRECTION ( 'NONE',  ( -0.000000000000000000, 1.000000000000000000, -0.000000000000000000 ) ) ;
#1035 = ORIENTED_EDGE ( 'NONE', *, *, #1988, .T. ) ;
#1036 = CARTESIAN_POINT ( 'NONE',  ( 16.00000000000000000, 7.500000000000000000, 8.199999999999997513 ) ) ;
#1037 = CARTESIAN_POINT ( 'NONE',  ( 0.000000000000000000, 0.000000000000000000, 0.000000000000000000 ) ) ;
#1038 = VECTOR ( 'NONE', #1440, 1000.000000000000000 ) ;
#1039 = CYLINDRICAL_SURFACE ( 'NONE', #1030, 1.500000000000000000 ) ;
#1040 = PLANE ( 'NONE',  #1399 ) ;
#1041 = ADVANCED_FACE ( 'NONE', ( #549 ), #7, .T. ) ;
#1042 = VERTEX_POINT ( 'NONE', #393 ) ;
#1043 = ORIENTED_EDGE ( 'NONE', *, *, #306, .T. ) ;
#1044 = ORIENTED_EDGE ( 'NONE', *, *, #1007, .F. ) ;
#1045 = VERTEX_POINT ( 'NONE', #1537 ) ;
#1046 = DIRECTION ( 'NONE',  ( 0.000000000000000000, 0.000000000000000000, -1.000000000000000000 ) ) ;
#1047 = VERTEX_POINT ( 'NONE', #1224 ) ;
#1048 = VECTOR ( 'NONE', #1435, 1000.000000000000000 ) ;
#1049 = FACE_OUTER_BOUND ( 'NONE', #1744, .T. ) ;
#1050 = AXIS2_PLACEMENT_3D ( 'NONE', #1917, #1429, #1092 ) ;
#1051 = LINE ( 'NONE', #1915, #992 ) ;
#1052 = DIRECTION ( 'NONE',  ( -0.000000000000000000, 1.000000000000000000, -0.000000000000000000 ) ) ;
#1053 = VERTEX_POINT ( 'NONE', #690 ) ;
#1054 = VECTOR ( 'NONE', #994, 1000.000000000000000 ) ;
#1055 = ORIENTED_EDGE ( 'NONE', *, *, #1366, .F. ) ;
#1056 = ORIENTED_EDGE ( 'NONE', *, *, #1251, .F. ) ;
#1057 = DIRECTION ( 'NONE',  ( 0.000000000000000000, 0.000000000000000000, 1.000000000000000000 ) ) ;
#1058 = EDGE_LOOP ( 'NONE', ( #1724, #1044, #1779, #1680 ) ) ;
#1059 = DIRECTION ( 'NONE',  ( -1.000000000000000000, -0.000000000000000000, -0.000000000000000000 ) ) ;
#1060 = ADVANCED_FACE ( 'NONE', ( #883 ), #2057, .F. ) ;
#1061 = CARTESIAN_POINT ( 'NONE',  ( 15.25000000000000178, 7.500000000000000000, -4.000000000000000000 ) ) ;
#1062 = LINE ( 'NONE', #1560, #1087 ) ;
#1063 = VERTEX_POINT ( 'NONE', #1375 ) ;
#1064 = VECTOR ( 'NONE', #1113, 1000.000000000000000 ) ;
#1065 = ORIENTED_EDGE ( 'NONE', *, *, #2040, .F. ) ;
#1066 = ORIENTED_EDGE ( 'NONE', *, *, #1914, .F. ) ;
#1067 = VECTOR ( 'NONE', #1508, 1000.000000000000000 ) ;
#1068 = DIRECTION ( 'NONE',  ( 0.000000000000000000, 1.000000000000000000, 0.000000000000000000 ) ) ;
#1069 = DIRECTION ( 'NONE',  ( 0.000000000000000000, 0.000000000000000000, -1.000000000000000000 ) ) ;
#1070 = EDGE_CURVE ( 'NONE', #1532, #2050, #31, .T. ) ;
#1071 = DIRECTION ( 'NONE',  ( 0.000000000000000000, -1.000000000000000000, 0.000000000000000000 ) ) ;
#1072 = CARTESIAN_POINT ( 'NONE',  ( 16.00000000000000000, 7.500000000000000000, 10.49999999999999645 ) ) ;
#1073 = CARTESIAN_POINT ( 'NONE',  ( 15.25000000000000178, 7.500000000000000000, 7.599999999999999645 ) ) ;
#1074 = ORIENTED_EDGE ( 'NONE', *, *, #1596, .F. ) ;
#1075 = ORIENTED_EDGE ( 'NONE', *, *, #851, .F. ) ;
#1076 = EDGE_CURVE ( 'NONE', #670, #708, #2082, .T. ) ;
#1077 = VERTEX_POINT ( 'NONE', #1385 ) ;
#1078 = ADVANCED_FACE ( 'NONE', ( #2035 ), #722, .F. ) ;
#1079 = DIRECTION ( 'NONE',  ( -1.826024711554533913E-16, 0.000000000000000000, -1.000000000000000000 ) ) ;
#1080 = CYLINDRICAL_SURFACE ( 'NONE', #761, 1.500000000000000000 ) ;
#1081 = AXIS2_PLACEMENT_3D ( 'NONE', #953, #2135, #2144 ) ;
#1082 = EDGE_CURVE ( 'NONE', #1467, #1670, #856, .T. ) ;
#1083 = CARTESIAN_POINT ( 'NONE',  ( -9.000000000000007105, 0.000000000000000000, 10.50000000000000000 ) ) ;
#1084 = CARTESIAN_POINT ( 'NONE',  ( -9.500000000000005329, 0.4999999999999995559, -9.500000000000000000 ) ) ;
#1085 = CARTESIAN_POINT ( 'NONE',  ( 13.99999999999999822, 7.500000000000000000, -0.2499999999999997780 ) ) ;
#1086 = ORIENTED_EDGE ( 'NONE', *, *, #1314, .F. ) ;
#1087 = VECTOR ( 'NONE', #1225, 1000.000000000000000 ) ;
#1088 = DIRECTION ( 'NONE',  ( -0.000000000000000000, 1.000000000000000000, -0.000000000000000000 ) ) ;
#1089 = CARTESIAN_POINT ( 'NONE',  ( 7.864218330839941373, 0.4999999999999995559, -9.500000000000000000 ) ) ;
#1090 = DIRECTION ( 'NONE',  ( 2.312964634635742661E-15, 0.000000000000000000, -1.000000000000000000 ) ) ;
#1091 = DIRECTION ( 'NONE',  ( -0.000000000000000000, -1.000000000000000000, -0.000000000000000000 ) ) ;
#1092 = DIRECTION ( 'NONE',  ( 0.000000000000000000, 0.000000000000000000, -1.000000000000000000 ) ) ;
#1093 = CARTESIAN_POINT ( 'NONE',  ( -7.864218330839943150, 0.4999999999999995559, -9.500000000000000000 ) ) ;
#1094 = ADVANCED_FACE ( 'NONE', ( #557 ), #1039, .T. ) ;
#1095 = EDGE_LOOP ( 'NONE', ( #1186, #533, #651, #305 ) ) ;
#1096 = CIRCLE ( 'NONE', #924, 0.8000000000000009326 ) ;
#1097 = ORIENTED_EDGE ( 'NONE', *, *, #633, .T. ) ;
#1098 = CARTESIAN_POINT ( 'NONE',  ( 16.00000000000000000, 7.500000000000000000, -9.800000000000000711 ) ) ;
#1099 = CARTESIAN_POINT ( 'NONE',  ( 16.00000000000000000, 0.4999999999999995559, 8.199999999999997513 ) ) ;
#1100 = AXIS2_PLACEMENT_3D ( 'NONE', #1025, #1693, #1057 ) ;
#1101 = LINE ( 'NONE', #796, #668 ) ;
#1102 = DIRECTION ( 'NONE',  ( -1.000000000000000000, 0.000000000000000000, -1.652117596168387756E-16 ) ) ;
#1103 = DIRECTION ( 'NONE',  ( 0.000000000000000000, 0.000000000000000000, -1.000000000000000000 ) ) ;
#1104 = ORIENTED_EDGE ( 'NONE', *, *, #1306, .F. ) ;
#1105 = EDGE_CURVE ( 'NONE', #374, #104, #55, .T. ) ;
#1106 = CARTESIAN_POINT ( 'NONE',  ( -9.500000000000005329, 0.4999999999999995559, -7.864218330839952031 ) ) ;
#1107 = DIRECTION ( 'NONE',  ( -0.000000000000000000, -1.000000000000000000, -0.000000000000000000 ) ) ;
#1108 = ORIENTED_EDGE ( 'NONE', *, *, #1172, .F. ) ;
#1109 = ORIENTED_EDGE ( 'NONE', *, *, #2016, .F. ) ;
#1110 = AXIS2_PLACEMENT_3D ( 'NONE', #361, #226, #2068 ) ;
#1111 = DIRECTION ( 'NONE',  ( 0.000000000000000000, 0.000000000000000000, 1.000000000000000000 ) ) ;
#1112 = DIRECTION ( 'NONE',  ( -0.000000000000000000, 1.000000000000000000, -0.000000000000000000 ) ) ;
#1113 = DIRECTION ( 'NONE',  ( 1.000000000000000000, 0.000000000000000000, -1.239088197126289831E-16 ) ) ;
#1114 = CARTESIAN_POINT ( 'NONE',  ( 16.00000000000000000, 0.4999999999999995559, 9.000000000000000000 ) ) ;
#1115 = DIRECTION ( 'NONE',  ( 0.000000000000000000, -1.000000000000000000, 0.000000000000000000 ) ) ;
#1116 = AXIS2_PLACEMENT_3D ( 'NONE', #309, #1153, #1833 ) ;
#1117 = CARTESIAN_POINT ( 'NONE',  ( 9.695652173913041239, 7.500000000000000000, -8.604945506379106490 ) ) ;
#1118 = DIRECTION ( 'NONE',  ( 0.000000000000000000, -1.000000000000000000, 0.000000000000000000 ) ) ;
#1119 = ORIENTED_EDGE ( 'NONE', *, *, #1288, .T. ) ;
#1120 = DIRECTION ( 'NONE',  ( 1.000000000000000000, 0.000000000000000000, -1.826024711554533913E-16 ) ) ;
#1121 = DIRECTION ( 'NONE',  ( -0.000000000000000000, 1.000000000000000000, -0.000000000000000000 ) ) ;
#1122 = CARTESIAN_POINT ( 'NONE',  ( -16.00000000000000000, 7.500000000000000000, 1.500000000000001998 ) ) ;
#1123 = LINE ( 'NONE', #1797, #737 ) ;
#1124 = ADVANCED_FACE ( 'NONE', ( #1904 ), #225, .F. ) ;
#1125 = AXIS2_PLACEMENT_3D ( 'NONE', #1362, #983, #333 ) ;
#1126 = EDGE_LOOP ( 'NONE', ( #730, #967, #1657, #199 ) ) ;
#1127 = DIRECTION ( 'NONE',  ( 0.000000000000000000, 0.000000000000000000, -1.000000000000000000 ) ) ;
#1128 = DIRECTION ( 'NONE',  ( 0.000000000000000000, 1.000000000000000000, 0.000000000000000000 ) ) ;
#1129 = EDGE_CURVE ( 'NONE', #1467, #1480, #1051, .T. ) ;
#1130 = EDGE_LOOP ( 'NONE', ( #501, #116, #530, #204 ) ) ;
#1131 = ADVANCED_FACE ( 'NONE', ( #177 ), #1437, .F. ) ;
#1132 = CARTESIAN_POINT ( 'NONE',  ( 15.25000000000000178, -16.34050177399711501, 4.000000000000000888 ) ) ;
#1133 = CARTESIAN_POINT ( 'NONE',  ( -8.604945506379110043, 0.4999999999999995559, -9.695652173913043015 ) ) ;
#1134 = PLANE ( 'NONE',  #1953 ) ;
#1135 = DIRECTION ( 'NONE',  ( 9.912705577010326782E-17, -0.000000000000000000, 1.000000000000000000 ) ) ;
#1136 = EDGE_CURVE ( 'NONE', #2021, #1670, #1101, .T. ) ;
#1137 = DIRECTION ( 'NONE',  ( 0.000000000000000000, 0.000000000000000000, 1.000000000000000000 ) ) ;
#1138 = CARTESIAN_POINT ( 'NONE',  ( -17.50000000000000000, 0.000000000000000000, 1.500000000000001332 ) ) ;
#1139 = VECTOR ( 'NONE', #1778, 1000.000000000000000 ) ;
#1140 = VERTEX_POINT ( 'NONE', #960 ) ;
#1141 = EDGE_CURVE ( 'NONE', #422, #1757, #1774, .T. ) ;
#1142 = AXIS2_PLACEMENT_3D ( 'NONE', #1309, #1135, #294 ) ;
#1143 = ORIENTED_EDGE ( 'NONE', *, *, #1267, .F. ) ;
#1144 = LINE ( 'NONE', #1483, #1664 ) ;
#1145 = DIRECTION ( 'NONE',  ( 1.652117596168387756E-16, 0.000000000000000000, -1.000000000000000000 ) ) ;
#1146 = CARTESIAN_POINT ( 'NONE',  ( -10.50000000000000533, 0.000000000000000000, -10.49999999999999645 ) ) ;
#1147 = CARTESIAN_POINT ( 'NONE',  ( 9.499999999999998224, -16.34050177399711501, -7.600000000000000533 ) ) ;
#1148 = CIRCLE ( 'NONE', #298, 1.499999999999999556 ) ;
#1149 = AXIS2_PLACEMENT_3D ( 'NONE', #2013, #141, #678 ) ;
#1150 = EDGE_LOOP ( 'NONE', ( #1906, #1517, #1889, #933 ) ) ;
#1151 = ORIENTED_EDGE ( 'NONE', *, *, #865, .T. ) ;
#1152 = DIRECTION ( 'NONE',  ( -0.000000000000000000, -1.000000000000000000, -0.000000000000000000 ) ) ;
#1153 = DIRECTION ( 'NONE',  ( -0.000000000000000000, 1.000000000000000000, -0.000000000000000000 ) ) ;
#1154 = DIRECTION ( 'NONE',  ( -0.000000000000000000, 1.000000000000000000, -0.000000000000000000 ) ) ;
#1155 = VECTOR ( 'NONE', #142, 1000.000000000000000 ) ;
#1156 = DIRECTION ( 'NONE',  ( -1.000000000000000000, -0.000000000000000000, -4.956352788505166226E-16 ) ) ;
#1157 = DIRECTION ( 'NONE',  ( 0.000000000000000000, -1.000000000000000000, 0.000000000000000000 ) ) ;
#1158 = ORIENTED_EDGE ( 'NONE', *, *, #355, .F. ) ;
#1159 = VERTEX_POINT ( 'NONE', #1625 ) ;
#1160 = EDGE_CURVE ( 'NONE', #1828, #422, #390, .T. ) ;
#1161 = DIRECTION ( 'NONE',  ( 0.000000000000000000, 1.000000000000000000, 0.000000000000000000 ) ) ;
#1162 = DIRECTION ( 'NONE',  ( -1.000000000000000000, -0.000000000000000000, 1.858632295689434870E-16 ) ) ;
#1163 = FACE_OUTER_BOUND ( 'NONE', #2137, .T. ) ;
#1164 = AXIS2_PLACEMENT_3D ( 'NONE', #88, #1447, #1090 ) ;
#1165 = ORIENTED_EDGE ( 'NONE', *, *, #2118, .F. ) ;
#1166 = ADVANCED_FACE ( 'NONE', ( #417 ), #938, .F. ) ;
#1167 = CARTESIAN_POINT ( 'NONE',  ( 15.49999999999999822, 0.000000000000000000, 1.750000000000000666 ) ) ;
#1168 = DIRECTION ( 'NONE',  ( 1.000000000000000000, 0.000000000000000000, -1.239088197126289831E-16 ) ) ;
#1169 = EDGE_CURVE ( 'NONE', #1045, #663, #313, .T. ) ;
#1170 = VECTOR ( 'NONE', #1815, 1000.000000000000000 ) ;
#1171 = ORIENTED_EDGE ( 'NONE', *, *, #1605, .F. ) ;
#1172 = EDGE_CURVE ( 'NONE', #1749, #2090, #1632, .T. ) ;
#1173 = ORIENTED_EDGE ( 'NONE', *, *, #1471, .F. ) ;
#1174 = CIRCLE ( 'NONE', #1606, 1.500000000000000444 ) ;
#1175 = EDGE_LOOP ( 'NONE', ( #1109, #1359, #1812, #1350 ) ) ;
#1176 = LINE ( 'NONE', #1133, #1170 ) ;
#1177 = ORIENTED_EDGE ( 'NONE', *, *, #1486, .T. ) ;
#1178 = DIRECTION ( 'NONE',  ( -0.000000000000000000, 1.000000000000000000, -0.000000000000000000 ) ) ;
#1179 = DIRECTION ( 'NONE',  ( 1.000000000000000000, 0.000000000000000000, -1.927470528863119295E-16 ) ) ;
#1180 = FACE_OUTER_BOUND ( 'NONE', #885, .T. ) ;
#1181 = VERTEX_POINT ( 'NONE', #1785 ) ;
#1182 = VECTOR ( 'NONE', #262, 1000.000000000000000 ) ;
#1183 = VERTEX_POINT ( 'NONE', #598 ) ;
#1184 = AXIS2_PLACEMENT_3D ( 'NONE', #1902, #893, #2033 ) ;
#1185 = CIRCLE ( 'NONE', #232, 0.8000000000000003775 ) ;
#1186 = ORIENTED_EDGE ( 'NONE', *, *, #125, .F. ) ;
#1187 = VERTEX_POINT ( 'NONE', #1083 ) ;
#1188 = CARTESIAN_POINT ( 'NONE',  ( 9.500000000000000000, 7.500000000000000000, 7.600000000000000533 ) ) ;
#1189 = ORIENTED_EDGE ( 'NONE', *, *, #1973, .F. ) ;
#1190 = CARTESIAN_POINT ( 'NONE',  ( -9.500000000000001776, 0.4999999999999995559, 9.500000000000000000 ) ) ;
#1191 = EDGE_CURVE ( 'NONE', #2070, #378, #1458, .T. ) ;
#1192 = DIRECTION ( 'NONE',  ( -0.000000000000000000, -1.000000000000000000, -0.000000000000000000 ) ) ;
#1193 = VECTOR ( 'NONE', #1052, 1000.000000000000000 ) ;
#1194 = DIRECTION ( 'NONE',  ( 0.000000000000000000, -0.000000000000000000, -1.000000000000000000 ) ) ;
#1195 = EDGE_CURVE ( 'NONE', #39, #775, #2146, .T. ) ;
#1196 = ORIENTED_EDGE ( 'NONE', *, *, #101, .T. ) ;
#1197 = EDGE_LOOP ( 'NONE', ( #169, #1151, #868, #2092, #1056, #399, #1032, #816, #1065, #1119, #1370, #643, #619, #1043, #445, #1771, #174, #524, #660, #233, #1324, #282, #1217, #605, #388, #886, #2063, #1336, #1199, #476, #362, #594 ) ) ;
#1198 = EDGE_CURVE ( 'NONE', #1187, #1354, #1561, .T. ) ;
#1199 = ORIENTED_EDGE ( 'NONE', *, *, #2006, .T. ) ;
#1200 = DIRECTION ( 'NONE',  ( -0.000000000000000000, -1.000000000000000000, -0.000000000000000000 ) ) ;
#1201 = ORIENTED_EDGE ( 'NONE', *, *, #1, .T. ) ;
#1202 = DIRECTION ( 'NONE',  ( 1.000000000000000000, 0.000000000000000000, 4.956352788505165240E-16 ) ) ;
#1203 = DIRECTION ( 'NONE',  ( 1.000000000000000000, 0.000000000000000000, -1.826024711554533913E-16 ) ) ;
#1204 = DIRECTION ( 'NONE',  ( 0.000000000000000000, 0.000000000000000000, 1.000000000000000000 ) ) ;
#1205 = AXIS2_PLACEMENT_3D ( 'NONE', #130, #2141, #500 ) ;
#1206 = EDGE_CURVE ( 'NONE', #1540, #1077, #208, .T. ) ;
#1207 = VERTEX_POINT ( 'NONE', #1592 ) ;
#1208 = VECTOR ( 'NONE', #777, 1000.000000000000000 ) ;
#1209 = EDGE_LOOP ( 'NONE', ( #1941, #1565, #912, #1023 ) ) ;
#1210 = ORIENTED_EDGE ( 'NONE', *, *, #288, .T. ) ;
#1211 = FACE_OUTER_BOUND ( 'NONE', #2011, .T. ) ;
#1212 = ORIENTED_EDGE ( 'NONE', *, *, #1712, .F. ) ;
#1213 = CARTESIAN_POINT ( 'NONE',  ( -8.604945506379110043, 0.4999999999999995559, 9.695652173913043015 ) ) ;
#1214 = CARTESIAN_POINT ( 'NONE',  ( 8.604945506379110043, 0.4999999999999995559, 9.695652173913043015 ) ) ;
#1215 = DIRECTION ( 'NONE',  ( 0.000000000000000000, 0.000000000000000000, 1.000000000000000000 ) ) ;
#1216 = CIRCLE ( 'NONE', #259, 1.499999999999999556 ) ;
#1217 = ORIENTED_EDGE ( 'NONE', *, *, #1526, .T. ) ;
#1218 = ORIENTED_EDGE ( 'NONE', *, *, #416, .F. ) ;
#1219 = VERTEX_POINT ( 'NONE', #65 ) ;
#1220 = ORIENTED_EDGE ( 'NONE', *, *, #1747, .T. ) ;
#1221 = CARTESIAN_POINT ( 'NONE',  ( 15.25000000000000178, 0.5000000000000004441, -2.499999999999999556 ) ) ;
#1222 = ORIENTED_EDGE ( 'NONE', *, *, #23, .T. ) ;
#1223 = CARTESIAN_POINT ( 'NONE',  ( -17.50000000000000000, 0.000000000000000000, -1.500000000000001332 ) ) ;
#1224 = CARTESIAN_POINT ( 'NONE',  ( -9.000000000000000000, 0.4999999999999995559, 9.799999999999998934 ) ) ;
#1225 = DIRECTION ( 'NONE',  ( 0.000000000000000000, 1.000000000000000000, -0.000000000000000000 ) ) ;
#1226 = ORIENTED_EDGE ( 'NONE', *, *, #1237, .T. ) ;
#1227 = ORIENTED_EDGE ( 'NONE', *, *, #682, .T. ) ;
#1228 = ORIENTED_EDGE ( 'NONE', *, *, #1689, .F. ) ;
#1229 = EDGE_CURVE ( 'NONE', #1187, #2165, #745, .T. ) ;
#1230 = CARTESIAN_POINT ( 'NONE',  ( 16.00000000000000000, 7.500000000000000000, 10.49999999999999645 ) ) ;
#1231 = ORIENTED_EDGE ( 'NONE', *, *, #376, .F. ) ;
#1232 = DIRECTION ( 'NONE',  ( 1.000000000000000000, 0.000000000000000000, -1.239088197126289831E-16 ) ) ;
#1233 = VECTOR ( 'NONE', #1991, 1000.000000000000000 ) ;
#1234 = CARTESIAN_POINT ( 'NONE',  ( -17.50000000000000000, 7.500000000000000000, -1.500000000000001332 ) ) ;
#1235 = CARTESIAN_POINT ( 'NONE',  ( 16.00000000000000000, 0.4999999999999995559, -8.199999999999997513 ) ) ;
#1236 = ORIENTED_EDGE ( 'NONE', *, *, #840, .F. ) ;
#1237 = EDGE_CURVE ( 'NONE', #2049, #1367, #623, .T. ) ;
#1238 = AXIS2_PLACEMENT_3D ( 'NONE', #1280, #238, #918 ) ;
#1239 = VERTEX_POINT ( 'NONE', #1122 ) ;
#1240 = EDGE_CURVE ( 'NONE', #443, #1780, #597, .T. ) ;
#1241 = ORIENTED_EDGE ( 'NONE', *, *, #416, .T. ) ;
#1242 = AXIS2_PLACEMENT_3D ( 'NONE', #525, #209, #357 ) ;
#1243 = CARTESIAN_POINT ( 'NONE',  ( -9.000000000000007105, 7.500000000000000000, 10.50000000000000000 ) ) ;
#1244 = DIRECTION ( 'NONE',  ( -0.000000000000000000, -1.000000000000000000, -0.000000000000000000 ) ) ;
#1245 = CIRCLE ( 'NONE', #467, 1.499999999999999556 ) ;
#1246 = DIRECTION ( 'NONE',  ( 0.000000000000000000, 0.000000000000000000, -1.000000000000000000 ) ) ;
#1247 = CARTESIAN_POINT ( 'NONE',  ( 9.000000000000000000, 0.4999999999999995559, 9.000000000000000000 ) ) ;
#1248 = DIRECTION ( 'NONE',  ( -0.000000000000000000, 1.000000000000000000, -0.000000000000000000 ) ) ;
#1249 = AXIS2_PLACEMENT_3D ( 'NONE', #931, #736, #240 ) ;
#1250 = VERTEX_POINT ( 'NONE', #2108 ) ;
#1251 = EDGE_CURVE ( 'NONE', #1715, #923, #1944, .T. ) ;
#1252 = CARTESIAN_POINT ( 'NONE',  ( -17.50000000000000000, 0.000000000000000000, 5.204170427930421283E-15 ) ) ;
#1253 = DIRECTION ( 'NONE',  ( 0.000000000000000000, 0.000000000000000000, -1.000000000000000000 ) ) ;
#1254 = AXIS2_PLACEMENT_3D ( 'NONE', #107, #277, #1782 ) ;
#1255 = DIRECTION ( 'NONE',  ( 1.000000000000000000, 0.000000000000000000, -9.912705577010325549E-17 ) ) ;
#1256 = CARTESIAN_POINT ( 'NONE',  ( 9.499999999999998224, 7.500000000000000000, -7.600000000000000533 ) ) ;
#1257 = AXIS2_PLACEMENT_3D ( 'NONE', #602, #79, #1137 ) ;
#1258 = PLANE ( 'NONE',  #2183 ) ;
#1259 = EDGE_CURVE ( 'NONE', #775, #443, #1971, .T. ) ;
#1260 = ORIENTED_EDGE ( 'NONE', *, *, #1824, .T. ) ;
#1261 = LINE ( 'NONE', #1929, #1543 ) ;
#1262 = VERTEX_POINT ( 'NONE', #608 ) ;
#1263 = CIRCLE ( 'NONE', #948, 1.499999999999999556 ) ;
#1264 = EDGE_LOOP ( 'NONE', ( #365, #1443, #593, #559 ) ) ;
#1265 = CARTESIAN_POINT ( 'NONE',  ( 17.50000000000000355, 7.500000000000000000, -9.000000000000000000 ) ) ;
#1266 = DIRECTION ( 'NONE',  ( 0.000000000000000000, 1.000000000000000000, 0.000000000000000000 ) ) ;
#1267 = EDGE_CURVE ( 'NONE', #1392, #1967, #1961, .T. ) ;
#1268 = CARTESIAN_POINT ( 'NONE',  ( -9.000000000000007105, 0.000000000000000000, 9.000000000000001776 ) ) ;
#1269 = CARTESIAN_POINT ( 'NONE',  ( -12.00000000000000355, 0.000000000000000000, -1.499999999999998446 ) ) ;
#1270 = CARTESIAN_POINT ( 'NONE',  ( 15.49999999999999822, 0.000000000000000000, -1.749999999999999112 ) ) ;
#1271 = DIRECTION ( 'NONE',  ( 0.000000000000000000, 1.000000000000000000, 0.000000000000000000 ) ) ;
#1272 = DIRECTION ( 'NONE',  ( 0.000000000000000000, 1.000000000000000000, 0.000000000000000000 ) ) ;
#1273 = ORIENTED_EDGE ( 'NONE', *, *, #2080, .T. ) ;
#1274 = AXIS2_PLACEMENT_3D ( 'NONE', #755, #1933, #574 ) ;
#1275 = ORIENTED_EDGE ( 'NONE', *, *, #1070, .T. ) ;
#1276 = DIRECTION ( 'NONE',  ( -0.000000000000000000, 1.000000000000000000, -0.000000000000000000 ) ) ;
#1277 = CARTESIAN_POINT ( 'NONE',  ( 14.74999999999999822, 7.500000000000000000, 1.000000000000001110 ) ) ;
#1278 = ADVANCED_FACE ( 'NONE', ( #138 ), #1016, .F. ) ;
#1279 = AXIS2_PLACEMENT_3D ( 'NONE', #1912, #1416, #1111 ) ;
#1280 = CARTESIAN_POINT ( 'NONE',  ( -16.00000000000000000, 0.000000000000000000, -5.575896887068297953E-16 ) ) ;
#1281 = PLANE ( 'NONE',  #611 ) ;
#1282 = DIRECTION ( 'NONE',  ( -0.000000000000000000, -1.000000000000000000, -0.000000000000000000 ) ) ;
#1283 = EDGE_LOOP ( 'NONE', ( #879, #157, #331, #1899 ) ) ;
#1284 = DIRECTION ( 'NONE',  ( 0.000000000000000000, 1.000000000000000000, 0.000000000000000000 ) ) ;
#1285 = CARTESIAN_POINT ( 'NONE',  ( -10.50000000000000355, 7.500000000000000000, -2.999999999999998668 ) ) ;
#1286 = AXIS2_PLACEMENT_3D ( 'NONE', #1674, #1154, #151 ) ;
#1287 = VERTEX_POINT ( 'NONE', #1832 ) ;
#1288 = EDGE_CURVE ( 'NONE', #1466, #458, #495, .T. ) ;
#1289 = AXIS2_PLACEMENT_3D ( 'NONE', #797, #123, #610 ) ;
#1290 = CYLINDRICAL_SURFACE ( 'NONE', #395, 0.8000000000000003775 ) ;
#1291 = CARTESIAN_POINT ( 'NONE',  ( 17.50000000000000355, 7.500000000000000000, -3.249999999999994227 ) ) ;
#1292 = DIRECTION ( 'NONE',  ( 0.000000000000000000, -1.000000000000000000, 0.000000000000000000 ) ) ;
#1293 = CARTESIAN_POINT ( 'NONE',  ( -10.50000000000000533, 7.500000000000000000, 9.000000000000001776 ) ) ;
#1294 = LINE ( 'NONE', #1270, #1430 ) ;
#1295 = CIRCLE ( 'NONE', #903, 1.500000000000000000 ) ;
#1296 = VECTOR ( 'NONE', #870, 1000.000000000000000 ) ;
#1297 = CIRCLE ( 'NONE', #1652, 1.499999999999999556 ) ;
#1298 = LINE ( 'NONE', #1619, #478 ) ;
#1299 = LINE ( 'NONE', #1138, #1008 ) ;
#1300 = ADVANCED_FACE ( 'NONE', ( #318 ), #161, .T. ) ;
#1301 = ORIENTED_EDGE ( 'NONE', *, *, #728, .T. ) ;
#1302 = ORIENTED_EDGE ( 'NONE', *, *, #1884, .F. ) ;
#1303 = CIRCLE ( 'NONE', #520, 1.500000000000000000 ) ;
#1304 = DIRECTION ( 'NONE',  ( -0.000000000000000000, -1.000000000000000000, -0.000000000000000000 ) ) ;
#1305 = DIRECTION ( 'NONE',  ( -0.000000000000000000, -1.000000000000000000, -0.000000000000000000 ) ) ;
#1306 = EDGE_CURVE ( 'NONE', #1645, #1187, #2168, .T. ) ;
#1307 = DIRECTION ( 'NONE',  ( 0.000000000000000000, 1.000000000000000000, -0.000000000000000000 ) ) ;
#1308 = CYLINDRICAL_SURFACE ( 'NONE', #934, 0.8000000000000003775 ) ;
#1309 = CARTESIAN_POINT ( 'NONE',  ( -17.50000000000000000, 7.500000000000000000, -10.50000000000000000 ) ) ;
#1310 = CARTESIAN_POINT ( 'NONE',  ( 15.25000000000000178, 0.5000000000000004441, 7.599999999999999645 ) ) ;
#1311 = DIRECTION ( 'NONE',  ( 0.000000000000000000, 0.000000000000000000, 1.000000000000000000 ) ) ;
#1312 = EDGE_CURVE ( 'NONE', #1140, #1343, #780, .T. ) ;
#1313 = ORIENTED_EDGE ( 'NONE', *, *, #513, .F. ) ;
#1314 = EDGE_CURVE ( 'NONE', #1551, #537, #820, .T. ) ;
#1315 = AXIS2_PLACEMENT_3D ( 'NONE', #1335, #1491, #2150 ) ;
#1316 = CARTESIAN_POINT ( 'NONE',  ( 9.500000000000000000, -16.34050177399711501, 7.600000000000000533 ) ) ;
#1317 = FACE_OUTER_BOUND ( 'NONE', #742, .T. ) ;
#1318 = SURFACE_STYLE_USAGE ( .BOTH. , #828 ) ;
#1319 = DIRECTION ( 'NONE',  ( -1.000000000000000000, 0.000000000000000000, -1.652117596168387756E-16 ) ) ;
#1320 = CYLINDRICAL_SURFACE ( 'NONE', #108, 1.499999999999999556 ) ;
#1321 = EDGE_LOOP ( 'NONE', ( #1006, #17, #187, #1895 ) ) ;
#1322 = ORIENTED_EDGE ( 'NONE', *, *, #1076, .T. ) ;
#1323 = CIRCLE ( 'NONE', #1701, 1.500000000000000000 ) ;
#1324 = ORIENTED_EDGE ( 'NONE', *, *, #1696, .T. ) ;
#1325 = DIRECTION ( 'NONE',  ( -1.858632295689434870E-16, 0.000000000000000000, -1.000000000000000000 ) ) ;
#1326 = CARTESIAN_POINT ( 'NONE',  ( 13.99999999999999822, 0.000000000000000000, -1.749999999999998890 ) ) ;
#1327 = CYLINDRICAL_SURFACE ( 'NONE', #569, 0.8000000000000009326 ) ;
#1328 = CARTESIAN_POINT ( 'NONE',  ( 13.99999999999999822, 0.000000000000000000, 0.2500000000000009437 ) ) ;
#1329 = DIRECTION ( 'NONE',  ( -0.000000000000000000, 1.000000000000000000, -0.000000000000000000 ) ) ;
#1330 = EDGE_CURVE ( 'NONE', #1380, #412, #1144, .T. ) ;
#1331 = VECTOR ( 'NONE', #1773, 1000.000000000000000 ) ;
#1332 = ORIENTED_EDGE ( 'NONE', *, *, #917, .T. ) ;
#1333 = CIRCLE ( 'NONE', #580, 1.499999999999999556 ) ;
#1334 = ADVANCED_FACE ( 'NONE', ( #461 ), #1648, .T. ) ;
#1335 = CARTESIAN_POINT ( 'NONE',  ( 15.25000000000000178, -16.34050177399711501, 6.100000000000000533 ) ) ;
#1336 = ORIENTED_EDGE ( 'NONE', *, *, #1536, .T. ) ;
#1337 = CARTESIAN_POINT ( 'NONE',  ( 9.500000000000000000, -16.34050177399711501, 7.600000000000000533 ) ) ;
#1338 = ADVANCED_FACE ( 'NONE', ( #2176 ), #1823, .F. ) ;
#1339 = DIRECTION ( 'NONE',  ( 0.000000000000000000, 0.000000000000000000, 1.000000000000000000 ) ) ;
#1340 = DIRECTION ( 'NONE',  ( -1.000000000000000000, 0.000000000000000000, 1.196361017915039239E-16 ) ) ;
#1341 = ORIENTED_EDGE ( 'NONE', *, *, #46, .T. ) ;
#1342 = ORIENTED_EDGE ( 'NONE', *, *, #1519, .F. ) ;
#1343 = VERTEX_POINT ( 'NONE', #1684 ) ;
#1344 = LINE ( 'NONE', #835, #1067 ) ;
#1345 = ORIENTED_EDGE ( 'NONE', *, *, #1314, .T. ) ;
#1346 = PRODUCT_RELATED_PRODUCT_CATEGORY ( 'part', '', ( #1643 ) ) ;
#1347 = CYLINDRICAL_SURFACE ( 'NONE', #47, 1.500000000000000222 ) ;
#1348 = APPLICATION_PROTOCOL_DEFINITION ( 'draft international standard', 'automotive_design', 1998, #234 ) ;
#1349 = AXIS2_PLACEMENT_3D ( 'NONE', #1805, #1666, #291 ) ;
#1350 = ORIENTED_EDGE ( 'NONE', *, *, #911, .F. ) ;
#1351 = PLANE ( 'NONE',  #2027 ) ;
#1352 = LINE ( 'NONE', #1538, #1928 ) ;
#1353 = CIRCLE ( 'NONE', #928, 1.499999999999999556 ) ;
#1354 = VERTEX_POINT ( 'NONE', #999 ) ;
#1355 = AXIS2_PLACEMENT_3D ( 'NONE', #700, #1203, #1740 ) ;
#1356 = EDGE_LOOP ( 'NONE', ( #1422, #143, #1241, #852 ) ) ;
#1357 = EDGE_CURVE ( 'NONE', #2032, #1159, #1989, .T. ) ;
#1358 =( GEOMETRIC_REPRESENTATION_CONTEXT ( 3 ) GLOBAL_UNCERTAINTY_ASSIGNED_CONTEXT ( ( #153 ) ) GLOBAL_UNIT_ASSIGNED_CONTEXT ( ( #984, #837, #19 ) ) REPRESENTATION_CONTEXT ( 'NONE', 'WORKASPACE' ) );
#1359 = ORIENTED_EDGE ( 'NONE', *, *, #2018, .F. ) ;
#1360 = LINE ( 'NONE', #1979, #2148 ) ;
#1361 = VERTEX_POINT ( 'NONE', #2158 ) ;
#1362 = CARTESIAN_POINT ( 'NONE',  ( 13.24999999999999822, -16.34050177399711501, 2.500000000000001332 ) ) ;
#1363 = DIRECTION ( 'NONE',  ( -2.312964634635743450E-15, 0.000000000000000000, 1.000000000000000000 ) ) ;
#1364 = CARTESIAN_POINT ( 'NONE',  ( -17.50000000000000000, 7.500000000000000000, 5.204170427930421283E-15 ) ) ;
#1365 = VECTOR ( 'NONE', #774, 1000.000000000000000 ) ;
#1366 = EDGE_CURVE ( 'NONE', #241, #1940, #1096, .T. ) ;
#1367 = VERTEX_POINT ( 'NONE', #308 ) ;
#1368 = AXIS2_PLACEMENT_3D ( 'NONE', #793, #1304, #252 ) ;
#1369 = ORIENTED_EDGE ( 'NONE', *, *, #954, .F. ) ;
#1370 = ORIENTED_EDGE ( 'NONE', *, *, #1012, .F. ) ;
#1371 = DIRECTION ( 'NONE',  ( 0.000000000000000000, -1.000000000000000000, 0.000000000000000000 ) ) ;
#1372 = ORIENTED_EDGE ( 'NONE', *, *, #633, .F. ) ;
#1373 = CYLINDRICAL_SURFACE ( 'NONE', #150, 1.500000000000000000 ) ;
#1374 = EDGE_CURVE ( 'NONE', #1053, #1532, #2000, .T. ) ;
#1375 = CARTESIAN_POINT ( 'NONE',  ( 17.50000000000000000, 0.000000000000000000, 3.250000000000002665 ) ) ;
#1376 = CARTESIAN_POINT ( 'NONE',  ( 15.25000000000000178, 0.5000000000000004441, -2.499999999999999556 ) ) ;
#1377 = ORIENTED_EDGE ( 'NONE', *, *, #1747, .F. ) ;
#1378 = EDGE_CURVE ( 'NONE', #1540, #26, #826, .T. ) ;
#1379 = ORIENTED_EDGE ( 'NONE', *, *, #1536, .F. ) ;
#1380 = VERTEX_POINT ( 'NONE', #1672 ) ;
#1381 = ORIENTED_EDGE ( 'NONE', *, *, #1762, .F. ) ;
#1382 = CARTESIAN_POINT ( 'NONE',  ( -11.00000000000000178, 0.4999999999999995559, 7.864218330839946702 ) ) ;
#1383 = ORIENTED_EDGE ( 'NONE', *, *, #2018, .T. ) ;
#1384 = CARTESIAN_POINT ( 'NONE',  ( 15.49999999999999822, 0.000000000000000000, 0.2500000000000009437 ) ) ;
#1385 = CARTESIAN_POINT ( 'NONE',  ( -16.00000000000000000, 0.000000000000000000, -1.500000000000000666 ) ) ;
#1386 = LINE ( 'NONE', #1072, #1193 ) ;
#1387 = VECTOR ( 'NONE', #989, 1000.000000000000000 ) ;
#1388 = ORIENTED_EDGE ( 'NONE', *, *, #1330, .F. ) ;
#1389 = ORIENTED_EDGE ( 'NONE', *, *, #844, .F. ) ;
#1390 = AXIS2_PLACEMENT_3D ( 'NONE', #1600, #1276, #1942 ) ;
#1391 = ORIENTED_EDGE ( 'NONE', *, *, #640, .F. ) ;
#1392 = VERTEX_POINT ( 'NONE', #148 ) ;
#1393 = FACE_OUTER_BOUND ( 'NONE', #825, .T. ) ;
#1394 = ORIENTED_EDGE ( 'NONE', *, *, #2026, .F. ) ;
#1395 = CARTESIAN_POINT ( 'NONE',  ( 13.99999999999999822, 0.000000000000000000, 1.750000000000000888 ) ) ;
#1396 = VECTOR ( 'NONE', #1282, 1000.000000000000000 ) ;
#1397 = DIRECTION ( 'NONE',  ( 0.000000000000000000, 0.000000000000000000, 1.000000000000000000 ) ) ;
#1398 = DIRECTION ( 'NONE',  ( 0.000000000000000000, 1.000000000000000000, 0.000000000000000000 ) ) ;
#1399 = AXIS2_PLACEMENT_3D ( 'NONE', #1084, #1926, #2109 ) ;
#1400 = ORIENTED_EDGE ( 'NONE', *, *, #1689, .T. ) ;
#1401 = EDGE_CURVE ( 'NONE', #531, #1392, #1360, .T. ) ;
#1402 = VERTEX_POINT ( 'NONE', #662 ) ;
#1403 = AXIS2_PLACEMENT_3D ( 'NONE', #1384, #18, #392 ) ;
#1404 = VECTOR ( 'NONE', #1975, 1000.000000000000000 ) ;
#1405 = PLANE ( 'NONE',  #601 ) ;
#1406 = ORIENTED_EDGE ( 'NONE', *, *, #733, .F. ) ;
#1407 = CARTESIAN_POINT ( 'NONE',  ( 16.00000000000000000, 7.500000000000000000, -9.000000000000000000 ) ) ;
#1408 = EDGE_CURVE ( 'NONE', #832, #1552, #1344, .T. ) ;
#1409 = CARTESIAN_POINT ( 'NONE',  ( 16.00000000000000000, 7.500000000000000000, 8.999999999999998224 ) ) ;
#1410 = FACE_OUTER_BOUND ( 'NONE', #314, .T. ) ;
#1411 = EDGE_CURVE ( 'NONE', #1361, #68, #1176, .T. ) ;
#1412 = ORIENTED_EDGE ( 'NONE', *, *, #519, .F. ) ;
#1413 = ORIENTED_EDGE ( 'NONE', *, *, #457, .T. ) ;
#1414 = ORIENTED_EDGE ( 'NONE', *, *, #682, .F. ) ;
#1415 = ORIENTED_EDGE ( 'NONE', *, *, #551, .T. ) ;
#1416 = DIRECTION ( 'NONE',  ( -0.000000000000000000, 1.000000000000000000, -0.000000000000000000 ) ) ;
#1417 = PLANE ( 'NONE',  #1784 ) ;
#1418 = PLANE ( 'NONE',  #1355 ) ;
#1419 = DIRECTION ( 'NONE',  ( 0.000000000000000000, 0.000000000000000000, -1.000000000000000000 ) ) ;
#1420 = DIRECTION ( 'NONE',  ( -0.000000000000000000, 1.000000000000000000, 0.000000000000000000 ) ) ;
#1421 = ORIENTED_EDGE ( 'NONE', *, *, #281, .F. ) ;
#1422 = ORIENTED_EDGE ( 'NONE', *, *, #1566, .F. ) ;
#1423 = PLANE ( 'NONE',  #2081 ) ;
#1424 = CARTESIAN_POINT ( 'NONE',  ( 9.499999999999994671, 7.500000000000000000, -7.864218330839934268 ) ) ;
#1425 = EDGE_CURVE ( 'NONE', #1968, #2032, #1353, .T. ) ;
#1426 = CIRCLE ( 'NONE', #1640, 0.8000000000000009326 ) ;
#1427 = CARTESIAN_POINT ( 'NONE',  ( 16.00000000000000000, 7.500000000000000000, 9.000000000000000000 ) ) ;
#1428 = CYLINDRICAL_SURFACE ( 'NONE', #237, 0.8000000000000020428 ) ;
#1429 = DIRECTION ( 'NONE',  ( 0.000000000000000000, -1.000000000000000000, 0.000000000000000000 ) ) ;
#1430 = VECTOR ( 'NONE', #1449, 1000.000000000000000 ) ;
#1431 = DIRECTION ( 'NONE',  ( 0.000000000000000000, 0.000000000000000000, 1.000000000000000000 ) ) ;
#1432 = VERTEX_POINT ( 'NONE', #891 ) ;
#1433 = EDGE_CURVE ( 'NONE', #154, #710, #1457, .T. ) ;
#1434 = CARTESIAN_POINT ( 'NONE',  ( 17.50000000000000000, 7.500000000000000000, 10.49999999999999645 ) ) ;
#1435 = DIRECTION ( 'NONE',  ( 0.000000000000000000, 1.000000000000000000, -0.000000000000000000 ) ) ;
#1436 = VECTOR ( 'NONE', #1121, 1000.000000000000000 ) ;
#1437 = PLANE ( 'NONE',  #27 ) ;
#1438 = CARTESIAN_POINT ( 'NONE',  ( -9.000000000000007105, 0.000000000000000000, -10.50000000000000000 ) ) ;
#1439 = CIRCLE ( 'NONE', #515, 0.8000000000000020428 ) ;
#1440 = DIRECTION ( 'NONE',  ( 0.000000000000000000, 1.000000000000000000, -0.000000000000000000 ) ) ;
#1441 = CARTESIAN_POINT ( 'NONE',  ( -17.50000000000000000, 0.000000000000000000, -1.500000000000001332 ) ) ;
#1442 = DIRECTION ( 'NONE',  ( 0.000000000000000000, 0.000000000000000000, 1.000000000000000000 ) ) ;
#1443 = ORIENTED_EDGE ( 'NONE', *, *, #389, .T. ) ;
#1444 = AXIS2_PLACEMENT_3D ( 'NONE', #383, #1593, #214 ) ;
#1445 = DIRECTION ( 'NONE',  ( 0.000000000000000000, 0.000000000000000000, -1.000000000000000000 ) ) ;
#1446 = CARTESIAN_POINT ( 'NONE',  ( -10.50000000000000533, 0.000000000000000000, -10.49999999999999645 ) ) ;
#1447 = DIRECTION ( 'NONE',  ( -0.000000000000000000, 1.000000000000000000, -0.000000000000000000 ) ) ;
#1448 = DIRECTION ( 'NONE',  ( -0.000000000000000000, 1.000000000000000000, -0.000000000000000000 ) ) ;
#1449 = DIRECTION ( 'NONE',  ( -0.000000000000000000, -1.000000000000000000, -0.000000000000000000 ) ) ;
#1450 = LINE ( 'NONE', #627, #10 ) ;
#1451 = CARTESIAN_POINT ( 'NONE',  ( -9.000000000000007105, 0.000000000000000000, -9.000000000000001776 ) ) ;
#1452 = EDGE_CURVE ( 'NONE', #1432, #684, #1834, .T. ) ;
#1453 = VERTEX_POINT ( 'NONE', #1900 ) ;
#1454 = VECTOR ( 'NONE', #1697, 1000.000000000000000 ) ;
#1455 = LINE ( 'NONE', #1434, #707 ) ;
#1456 = CARTESIAN_POINT ( 'NONE',  ( -9.000000000000007105, 7.500000000000000000, -10.50000000000000000 ) ) ;
#1457 = CIRCLE ( 'NONE', #1804, 1.500000000000000000 ) ;
#1458 = LINE ( 'NONE', #768, #352 ) ;
#1459 = CARTESIAN_POINT ( 'NONE',  ( 16.00000000000000000, 7.500000000000000000, 3.250000000000001332 ) ) ;
#1460 = CARTESIAN_POINT ( 'NONE',  ( -10.50000000000000533, 0.000000000000000000, 9.000000000000001776 ) ) ;
#1461 = EDGE_LOOP ( 'NONE', ( #84, #1383, #1857, #1585 ) ) ;
#1462 = CARTESIAN_POINT ( 'NONE',  ( 16.00000000000000000, 7.500000000000000000, -1.749999999999999334 ) ) ;
#1463 = CARTESIAN_POINT ( 'NONE',  ( 15.25000000000000178, 0.5000000000000004441, -6.100000000000001421 ) ) ;
#1464 = CIRCLE ( 'NONE', #2086, 0.8000000000000003775 ) ;
#1465 = ADVANCED_FACE ( 'NONE', ( #1211 ), #367, .F. ) ;
#1466 = VERTEX_POINT ( 'NONE', #1221 ) ;
#1467 = VERTEX_POINT ( 'NONE', #1878 ) ;
#1468 = CARTESIAN_POINT ( 'NONE',  ( 16.00000000000000000, 0.000000000000000000, -10.50000000000000355 ) ) ;
#1469 = CARTESIAN_POINT ( 'NONE',  ( -9.000000000000000000, 7.500000000000000000, -9.000000000000000000 ) ) ;
#1470 = DIRECTION ( 'NONE',  ( 1.826024711554533913E-16, 0.000000000000000000, 1.000000000000000000 ) ) ;
#1471 = EDGE_CURVE ( 'NONE', #368, #2114, #215, .T. ) ;
#1472 = CARTESIAN_POINT ( 'NONE',  ( 9.499999999999994671, 0.4999999999999995559, -9.500000000000000000 ) ) ;
#1473 =( NAMED_UNIT ( * ) PLANE_ANGLE_UNIT ( ) SI_UNIT ( $, .RADIAN. ) );
#1474 = VECTOR ( 'NONE', #72, 1000.000000000000000 ) ;
#1475 = VECTOR ( 'NONE', #2045, 1000.000000000000000 ) ;
#1476 = CIRCLE ( 'NONE', #1257, 0.8000000000000020428 ) ;
#1477 = EDGE_CURVE ( 'NONE', #1607, #1831, #1908, .T. ) ;
#1478 = DIRECTION ( 'NONE',  ( 1.000000000000000000, 0.000000000000000000, 4.956352788505165240E-16 ) ) ;
#1479 = CARTESIAN_POINT ( 'NONE',  ( 9.000000000000000000, 0.4999999999999995559, -9.000000000000000000 ) ) ;
#1480 = VERTEX_POINT ( 'NONE', #28 ) ;
#1481 = CIRCLE ( 'NONE', #1656, 1.499999999999999556 ) ;
#1482 = LINE ( 'NONE', #1646, #1956 ) ;
#1483 = CARTESIAN_POINT ( 'NONE',  ( 17.50000000000000000, 7.500000000000000000, 8.999999999999998224 ) ) ;
#1484 = DIRECTION ( 'NONE',  ( 0.000000000000000000, 0.000000000000000000, 1.000000000000000000 ) ) ;
#1485 = DIRECTION ( 'NONE',  ( 0.000000000000000000, -1.000000000000000000, 0.000000000000000000 ) ) ;
#1486 = EDGE_CURVE ( 'NONE', #1996, #1551, #901, .T. ) ;
#1487 = DIRECTION ( 'NONE',  ( 0.000000000000000000, 0.000000000000000000, -1.000000000000000000 ) ) ;
#1488 = LINE ( 'NONE', #285, #1365 ) ;
#1489 = EDGE_LOOP ( 'NONE', ( #1275, #855, #486, #718 ) ) ;
#1490 = VECTOR ( 'NONE', #257, 1000.000000000000000 ) ;
#1491 = DIRECTION ( 'NONE',  ( 0.000000000000000000, -1.000000000000000000, 0.000000000000000000 ) ) ;
#1492 = ORIENTED_EDGE ( 'NONE', *, *, #570, .T. ) ;
#1493 = CARTESIAN_POINT ( 'NONE',  ( -12.00000000000000533, 7.500000000000000000, 1.500000000000004219 ) ) ;
#1494 = ADVANCED_FACE ( 'NONE', ( #717 ), #696, .F. ) ;
#1495 = FILL_AREA_STYLE ('',( #2133 ) ) ;
#1496 = LINE ( 'NONE', #1328, #1711 ) ;
#1497 = CARTESIAN_POINT ( 'NONE',  ( -12.00000000000000355, 7.500000000000000000, -1.499999999999998446 ) ) ;
#1498 = ADVANCED_FACE ( 'NONE', ( #1393 ), #1405, .T. ) ;
#1499 = CIRCLE ( 'NONE', #543, 1.500000000000000000 ) ;
#1500 = VERTEX_POINT ( 'NONE', #2031 ) ;
#1501 = DIRECTION ( 'NONE',  ( 0.000000000000000000, 0.000000000000000000, 1.000000000000000000 ) ) ;
#1502 = CARTESIAN_POINT ( 'NONE',  ( 16.75000000000000000, -16.34050177399711501, 2.500000000000000888 ) ) ;
#1503 = CARTESIAN_POINT ( 'NONE',  ( -9.000000000000007105, 7.500000000000000000, -10.50000000000000000 ) ) ;
#1504 = DIRECTION ( 'NONE',  ( -0.000000000000000000, 1.000000000000000000, -0.000000000000000000 ) ) ;
#1505 = ORIENTED_EDGE ( 'NONE', *, *, #1655, .F. ) ;
#1506 = ORIENTED_EDGE ( 'NONE', *, *, #613, .F. ) ;
#1507 = VERTEX_POINT ( 'NONE', #1230 ) ;
#1508 = DIRECTION ( 'NONE',  ( -0.000000000000000000, 1.000000000000000000, -0.000000000000000000 ) ) ;
#1509 = DIRECTION ( 'NONE',  ( 0.000000000000000000, 0.000000000000000000, -1.000000000000000000 ) ) ;
#1510 = DIRECTION ( 'NONE',  ( 0.000000000000000000, 0.000000000000000000, -1.000000000000000000 ) ) ;
#1511 = ORIENTED_EDGE ( 'NONE', *, *, #771, .T. ) ;
#1512 = DIRECTION ( 'NONE',  ( 0.000000000000000000, -0.000000000000000000, 1.000000000000000000 ) ) ;
#1513 = PLANE ( 'NONE',  #875 ) ;
#1514 = ORIENTED_EDGE ( 'NONE', *, *, #1783, .F. ) ;
#1515 = ADVANCED_FACE ( 'NONE', ( #2020 ), #1555, .F. ) ;
#1516 = VECTOR ( 'NONE', #1861, 1000.000000000000000 ) ;
#1517 = ORIENTED_EDGE ( 'NONE', *, *, #290, .F. ) ;
#1518 = ORIENTED_EDGE ( 'NONE', *, *, #1015, .T. ) ;
#1519 = EDGE_CURVE ( 'NONE', #2164, #1063, #1735, .T. ) ;
#1520 = ORIENTED_EDGE ( 'NONE', *, *, #218, .F. ) ;
#1521 = DIRECTION ( 'NONE',  ( -0.000000000000000000, -1.000000000000000000, -0.000000000000000000 ) ) ;
#1522 = ORIENTED_EDGE ( 'NONE', *, *, #171, .F. ) ;
#1523 = PLANE ( 'NONE',  #2069 ) ;
#1524 = DIRECTION ( 'NONE',  ( -0.000000000000000000, 1.000000000000000000, -0.000000000000000000 ) ) ;
#1525 = CARTESIAN_POINT ( 'NONE',  ( -9.500000000000001776, 7.500000000000000000, 9.500000000000000000 ) ) ;
#1526 = EDGE_CURVE ( 'NONE', #11, #401, #962, .T. ) ;
#1527 = AXIS2_PLACEMENT_3D ( 'NONE', #946, #276, #1445 ) ;
#1528 = EDGE_LOOP ( 'NONE', ( #1727, #695, #553, #1394 ) ) ;
#1529 = VECTOR ( 'NONE', #976, 1000.000000000000000 ) ;
#1530 = ORIENTED_EDGE ( 'NONE', *, *, #1596, .T. ) ;
#1531 = EDGE_CURVE ( 'NONE', #670, #24, #510, .T. ) ;
#1532 = VERTEX_POINT ( 'NONE', #1188 ) ;
#1533 = DIRECTION ( 'NONE',  ( -0.000000000000000000, 1.000000000000000000, -0.000000000000000000 ) ) ;
#1534 = VERTEX_POINT ( 'NONE', #345 ) ;
#1535 = CARTESIAN_POINT ( 'NONE',  ( -16.00000000000000000, 0.4999999999999995559, 0.8000000000000009326 ) ) ;
#1536 = EDGE_CURVE ( 'NONE', #1042, #1017, #33, .T. ) ;
#1537 = CARTESIAN_POINT ( 'NONE',  ( 16.00000000000000000, 7.500000000000000000, 9.800000000000000711 ) ) ;
#1538 = CARTESIAN_POINT ( 'NONE',  ( 16.75000000000000000, 7.500000000000000000, -7.600000000000001421 ) ) ;
#1539 = ADVANCED_FACE ( 'NONE', ( #1726 ), #857, .F. ) ;
#1540 = VERTEX_POINT ( 'NONE', #1252 ) ;
#1541 = ORIENTED_EDGE ( 'NONE', *, *, #1605, .T. ) ;
#1542 = AXIS2_PLACEMENT_3D ( 'NONE', #1613, #256, #927 ) ;
#1543 = VECTOR ( 'NONE', #1951, 1000.000000000000000 ) ;
#1544 = ORIENTED_EDGE ( 'NONE', *, *, #212, .T. ) ;
#1545 = DIRECTION ( 'NONE',  ( 0.000000000000000000, 0.000000000000000000, -1.000000000000000000 ) ) ;
#1546 = ORIENTED_EDGE ( 'NONE', *, *, #733, .T. ) ;
#1547 = DIRECTION ( 'NONE',  ( 0.000000000000000000, 0.000000000000000000, 1.000000000000000000 ) ) ;
#1548 = DIRECTION ( 'NONE',  ( 0.000000000000000000, 0.000000000000000000, 1.000000000000000000 ) ) ;
#1549 = AXIS2_PLACEMENT_3D ( 'NONE', #2154, #1504, #648 ) ;
#1550 = CARTESIAN_POINT ( 'NONE',  ( -16.00000000000000000, 7.500000000000000000, 0.8000000000000009326 ) ) ;
#1551 = VERTEX_POINT ( 'NONE', #1098 ) ;
#1552 = VERTEX_POINT ( 'NONE', #1265 ) ;
#1553 = ORIENTED_EDGE ( 'NONE', *, *, #779, .F. ) ;
#1554 = ORIENTED_EDGE ( 'NONE', *, *, #1884, .T. ) ;
#1555 = CYLINDRICAL_SURFACE ( 'NONE', #497, 0.8000000000000003775 ) ;
#1556 = EDGE_LOOP ( 'NONE', ( #1644, #546, #1631, #910 ) ) ;
#1557 = DIRECTION ( 'NONE',  ( -0.000000000000000000, -1.000000000000000000, 0.000000000000000000 ) ) ;
#1558 = ADVANCED_FACE ( 'NONE', ( #743 ), #94, .F. ) ;
#1559 = DIRECTION ( 'NONE',  ( 1.000000000000000000, 0.000000000000000000, 0.000000000000000000 ) ) ;
#1560 = CARTESIAN_POINT ( 'NONE',  ( -7.864218330839943150, 0.4999999999999995559, 9.500000000000000000 ) ) ;
#1561 = CIRCLE ( 'NONE', #135, 1.499999999999999556 ) ;
#1562 = EDGE_LOOP ( 'NONE', ( #1022, #1104, #2052, #1745 ) ) ;
#1563 = ORIENTED_EDGE ( 'NONE', *, *, #911, .T. ) ;
#1564 = AXIS2_PLACEMENT_3D ( 'NONE', #413, #1088, #244 ) ;
#1565 = ORIENTED_EDGE ( 'NONE', *, *, #6, .F. ) ;
#1566 = EDGE_CURVE ( 'NONE', #1380, #1207, #1455, .T. ) ;
#1567 = EDGE_CURVE ( 'NONE', #197, #694, #71, .T. ) ;
#1568 = CARTESIAN_POINT ( 'NONE',  ( 15.49999999999999822, 0.000000000000000000, 0.2500000000000009437 ) ) ;
#1569 = ORIENTED_EDGE ( 'NONE', *, *, #1012, .T. ) ;
#1570 = LINE ( 'NONE', #1705, #2129 ) ;
#1571 = CIRCLE ( 'NONE', #1286, 1.500000000000000000 ) ;
#1572 = DIRECTION ( 'NONE',  ( 0.000000000000000000, 0.000000000000000000, -1.000000000000000000 ) ) ;
#1573 = FACE_BOUND ( 'NONE', #1860, .T. ) ;
#1574 = AXIS2_PLACEMENT_3D ( 'NONE', #1639, #418, #248 ) ;
#1575 = ORIENTED_EDGE ( 'NONE', *, *, #1425, .T. ) ;
#1576 = VECTOR ( 'NONE', #827, 1000.000000000000000 ) ;
#1577 = AXIS2_PLACEMENT_3D ( 'NONE', #1653, #1271, #749 ) ;
#1578 = CARTESIAN_POINT ( 'NONE',  ( 16.00000000000000000, 0.4999999999999995559, -9.000000000000000000 ) ) ;
#1579 = LINE ( 'NONE', #698, #618 ) ;
#1580 = CARTESIAN_POINT ( 'NONE',  ( 15.49999999999999822, 7.500000000000000000, 0.2500000000000009437 ) ) ;
#1581 = LINE ( 'NONE', #735, #1671 ) ;
#1582 = CARTESIAN_POINT ( 'NONE',  ( -9.500000000000005329, 7.500000000000000000, -7.864218330839952031 ) ) ;
#1583 = VERTEX_POINT ( 'NONE', #1760 ) ;
#1584 = AXIS2_PLACEMENT_3D ( 'NONE', #1662, #822, #831 ) ;
#1585 = ORIENTED_EDGE ( 'NONE', *, *, #815, .T. ) ;
#1586 = ADVANCED_FACE ( 'NONE', ( #264 ), #1423, .T. ) ;
#1587 = EDGE_LOOP ( 'NONE', ( #254, #511 ) ) ;
#1588 = CARTESIAN_POINT ( 'NONE',  ( 13.99999999999999822, 7.500000000000000000, 0.2500000000000002220 ) ) ;
#1589 = DIRECTION ( 'NONE',  ( 0.000000000000000000, -1.000000000000000000, 0.000000000000000000 ) ) ;
#1590 = ADVANCED_FACE ( 'NONE', ( #926 ), #2116, .F. ) ;
#1591 = AXIS2_PLACEMENT_3D ( 'NONE', #2120, #258, #939 ) ;
#1592 = CARTESIAN_POINT ( 'NONE',  ( 17.50000000000000000, 7.500000000000000000, 3.250000000000002665 ) ) ;
#1593 = DIRECTION ( 'NONE',  ( -0.000000000000000000, 1.000000000000000000, -0.000000000000000000 ) ) ;
#1594 = CARTESIAN_POINT ( 'NONE',  ( 9.499999999999998224, 0.4999999999999995559, 7.864218330839939597 ) ) ;
#1595 = ORIENTED_EDGE ( 'NONE', *, *, #1824, .F. ) ;
#1596 = EDGE_CURVE ( 'NONE', #15, #1691, #753, .T. ) ;
#1597 = AXIS2_PLACEMENT_3D ( 'NONE', #1843, #1658, #332 ) ;
#1598 = ORIENTED_EDGE ( 'NONE', *, *, #671, .T. ) ;
#1599 = ADVANCED_FACE ( 'NONE', ( #62 ), #1290, .F. ) ;
#1600 = CARTESIAN_POINT ( 'NONE',  ( 10.99999999999999822, 0.4999999999999995559, 7.864218330839939597 ) ) ;
#1601 = CARTESIAN_POINT ( 'NONE',  ( 10.99999999999999822, 7.500000000000000000, 7.864218330839939597 ) ) ;
#1602 = DIRECTION ( 'NONE',  ( 0.000000000000000000, 1.000000000000000000, 0.000000000000000000 ) ) ;
#1603 = DIRECTION ( 'NONE',  ( -0.000000000000000000, 1.000000000000000000, -0.000000000000000000 ) ) ;
#1604 = CARTESIAN_POINT ( 'NONE',  ( 15.49999999999999822, 0.000000000000000000, -0.2499999999999993616 ) ) ;
#1605 = EDGE_CURVE ( 'NONE', #509, #1183, #1637, .T. ) ;
#1606 = AXIS2_PLACEMENT_3D ( 'NONE', #438, #1115, #1765 ) ;
#1607 = VERTEX_POINT ( 'NONE', #1931 ) ;
#1608 = CARTESIAN_POINT ( 'NONE',  ( -9.000000000000000000, 7.500000000000000000, 9.799999999999998934 ) ) ;
#1609 = LINE ( 'NONE', #465, #45 ) ;
#1610 = ORIENTED_EDGE ( 'NONE', *, *, #184, .T. ) ;
#1611 = ORIENTED_EDGE ( 'NONE', *, *, #350, .F. ) ;
#1612 = DIRECTION ( 'NONE',  ( 0.000000000000000000, -0.000000000000000000, 1.000000000000000000 ) ) ;
#1613 = CARTESIAN_POINT ( 'NONE',  ( 10.99999999999999467, 7.500000000000000000, -7.864218330839934268 ) ) ;
#1614 = VECTOR ( 'NONE', #2128, 1000.000000000000000 ) ;
#1615 = DIRECTION ( 'NONE',  ( 0.000000000000000000, 1.000000000000000000, 0.000000000000000000 ) ) ;
#1616 = DIRECTION ( 'NONE',  ( 0.000000000000000000, -1.000000000000000000, 0.000000000000000000 ) ) ;
#1617 = AXIS2_PLACEMENT_3D ( 'NONE', #337, #1862, #1363 ) ;
#1618 = FACE_OUTER_BOUND ( 'NONE', #1209, .T. ) ;
#1619 = CARTESIAN_POINT ( 'NONE',  ( 8.604945506379110043, 0.4999999999999995559, 9.695652173913043015 ) ) ;
#1620 = CARTESIAN_POINT ( 'NONE',  ( -17.50000000000000000, 0.000000000000000000, 1.500000000000001332 ) ) ;
#1621 = ORIENTED_EDGE ( 'NONE', *, *, #937, .F. ) ;
#1622 = PRODUCT_DEFINITION_SHAPE ( 'NONE', 'NONE',  #121 ) ;
#1623 = CARTESIAN_POINT ( 'NONE',  ( 9.499999999999994671, 7.500000000000000000, -9.500000000000000000 ) ) ;
#1624 = CARTESIAN_POINT ( 'NONE',  ( 14.74999999999999822, -16.34050177399711501, -2.499999999999999556 ) ) ;
#1625 = CARTESIAN_POINT ( 'NONE',  ( -10.50000000000000533, 0.000000000000000000, -9.000000000000001776 ) ) ;
#1626 = DIRECTION ( 'NONE',  ( -1.826024711554533913E-16, -0.000000000000000000, -1.000000000000000000 ) ) ;
#1627 = CYLINDRICAL_SURFACE ( 'NONE', #1249, 0.8000000000000020428 ) ;
#1628 = EDGE_CURVE ( 'NONE', #68, #1534, #1770, .T. ) ;
#1629 = DIRECTION ( 'NONE',  ( -1.826024711554533913E-16, -0.000000000000000000, -1.000000000000000000 ) ) ;
#1630 = DIRECTION ( 'NONE',  ( 0.000000000000000000, 1.000000000000000000, 0.000000000000000000 ) ) ;
#1631 = ORIENTED_EDGE ( 'NONE', *, *, #519, .T. ) ;
#1632 = CIRCLE ( 'NONE', #2007, 1.500000000000000000 ) ;
#1633 = ADVANCED_FACE ( 'NONE', ( #584 ), #2105, .T. ) ;
#1634 = CARTESIAN_POINT ( 'NONE',  ( 9.000000000000000000, 0.4999999999999995559, 9.000000000000000000 ) ) ;
#1635 = CARTESIAN_POINT ( 'NONE',  ( 16.75000000000000000, 7.500000000000000000, 4.000000000000000888 ) ) ;
#1636 = EDGE_CURVE ( 'NONE', #1047, #368, #430, .T. ) ;
#1637 = CIRCLE ( 'NONE', #995, 1.499999999999999556 ) ;
#1638 = DIRECTION ( 'NONE',  ( 0.000000000000000000, 0.000000000000000000, -1.000000000000000000 ) ) ;
#1639 = CARTESIAN_POINT ( 'NONE',  ( 16.00000000000000000, 7.500000000000000000, 8.999999999999998224 ) ) ;
#1640 = AXIS2_PLACEMENT_3D ( 'NONE', #213, #734, #712 ) ;
#1641 = CARTESIAN_POINT ( 'NONE',  ( -10.50000000000000533, 7.500000000000000000, 10.50000000000000355 ) ) ;
#1642 = DIRECTION ( 'NONE',  ( 0.000000000000000000, 0.000000000000000000, 1.000000000000000000 ) ) ;
#1643 = PRODUCT ( 'HEPI Housing', 'HEPI Housing', '', ( #1717 ) ) ;
#1644 = ORIENTED_EDGE ( 'NONE', *, *, #741, .F. ) ;
#1645 = VERTEX_POINT ( 'NONE', #1243 ) ;
#1646 = CARTESIAN_POINT ( 'NONE',  ( 13.24999999999999822, 7.500000000000000000, -2.499999999999999556 ) ) ;
#1647 = ADVANCED_FACE ( 'NONE', ( #423 ), #1772, .F. ) ;
#1648 = CYLINDRICAL_SURFACE ( 'NONE', #1349, 1.499999999999999556 ) ;
#1649 = ORIENTED_EDGE ( 'NONE', *, *, #1526, .F. ) ;
#1650 = FACE_OUTER_BOUND ( 'NONE', #205, .T. ) ;
#1651 = DIRECTION ( 'NONE',  ( 0.000000000000000000, 0.000000000000000000, 1.000000000000000000 ) ) ;
#1652 = AXIS2_PLACEMENT_3D ( 'NONE', #2127, #1969, #621 ) ;
#1653 = CARTESIAN_POINT ( 'NONE',  ( 9.000000000000000000, 7.500000000000000000, 9.000000000000000000 ) ) ;
#1654 = LINE ( 'NONE', #1147, #398 ) ;
#1655 = EDGE_CURVE ( 'NONE', #1691, #286, #2074, .T. ) ;
#1656 = AXIS2_PLACEMENT_3D ( 'NONE', #484, #1021, #2024 ) ;
#1657 = ORIENTED_EDGE ( 'NONE', *, *, #1753, .F. ) ;
#1658 = DIRECTION ( 'NONE',  ( 0.000000000000000000, 1.000000000000000000, 0.000000000000000000 ) ) ;
#1659 = DIRECTION ( 'NONE',  ( 0.000000000000000000, 1.000000000000000000, 0.000000000000000000 ) ) ;
#1660 = CARTESIAN_POINT ( 'NONE',  ( -7.864218330839943150, 0.4999999999999995559, -11.00000000000000000 ) ) ;
#1661 = DIRECTION ( 'NONE',  ( 0.000000000000000000, 1.000000000000000000, 0.000000000000000000 ) ) ;
#1662 = CARTESIAN_POINT ( 'NONE',  ( -9.000000000000000000, 0.4999999999999995559, -9.000000000000000000 ) ) ;
#1663 = EDGE_CURVE ( 'NONE', #1367, #710, #914, .T. ) ;
#1664 = VECTOR ( 'NONE', #982, 1000.000000000000000 ) ;
#1665 = EDGE_LOOP ( 'NONE', ( #1611, #2167, #162, #1412 ) ) ;
#1666 = DIRECTION ( 'NONE',  ( -0.000000000000000000, 1.000000000000000000, -0.000000000000000000 ) ) ;
#1667 = DIRECTION ( 'NONE',  ( 0.000000000000000000, -1.000000000000000000, 0.000000000000000000 ) ) ;
#1668 = DIRECTION ( 'NONE',  ( 0.000000000000000000, 0.000000000000000000, 1.000000000000000000 ) ) ;
#1669 = CYLINDRICAL_SURFACE ( 'NONE', #54, 1.499999999999999556 ) ;
#1670 = VERTEX_POINT ( 'NONE', #1588 ) ;
#1671 = VECTOR ( 'NONE', #1916, 1000.000000000000000 ) ;
#1672 = CARTESIAN_POINT ( 'NONE',  ( 17.50000000000000000, 7.500000000000000000, 8.999999999999998224 ) ) ;
#1673 = CARTESIAN_POINT ( 'NONE',  ( -9.695652173913044791, 0.4999999999999995559, 8.604945506379111819 ) ) ;
#1674 = CARTESIAN_POINT ( 'NONE',  ( 16.00000000000000000, 7.500000000000000000, -3.249999999999999112 ) ) ;
#1675 = CARTESIAN_POINT ( 'NONE',  ( 0.000000000000000000, 0.4999999999999995559, 0.000000000000000000 ) ) ;
#1676 = DIRECTION ( 'NONE',  ( -0.000000000000000000, 1.000000000000000000, -0.000000000000000000 ) ) ;
#1677 = AXIS2_PLACEMENT_3D ( 'NONE', #1976, #1630, #1442 ) ;
#1678 = VECTOR ( 'NONE', #538, 1000.000000000000000 ) ;
#1679 = VECTOR ( 'NONE', #1524, 1000.000000000000000 ) ;
#1680 = ORIENTED_EDGE ( 'NONE', *, *, #1366, .T. ) ;
#1681 = ORIENTED_EDGE ( 'NONE', *, *, #659, .T. ) ;
#1682 = ORIENTED_EDGE ( 'NONE', *, *, #917, .F. ) ;
#1683 = CLOSED_SHELL ( 'NONE', ( #1647, #144, #221, #1599, #343, #1590, #1919, #1166, #312, #2163, #224, #57, #1031, #1465, #268, #1922, #1903, #1852, #1791, #848, #1494, #548, #336, #1278, #1515, #105, #384, #111, #2100, #1498, #1539, #2072, #2145, #1586, #1124, #1131, #1558, #448, #455, #1060, #460, #1041, #339, #609, #425, #1795, #978, #82, #1830, #1910, #916, #604, #677, #242, #2140, #1300, #1633, #1334, #147, #2131, #73, #1338, #1094, #1982, #1078, #808, #475 ) ) ;
#1684 = CARTESIAN_POINT ( 'NONE',  ( 9.695652173913041239, 0.4999999999999995559, -8.604945506379106490 ) ) ;
#1685 = ORIENTED_EDGE ( 'NONE', *, *, #1129, .T. ) ;
#1686 = DIRECTION ( 'NONE',  ( 1.000000000000000000, 0.000000000000000000, 0.000000000000000000 ) ) ;
#1687 = LINE ( 'NONE', #1994, #762 ) ;
#1688 = DIRECTION ( 'NONE',  ( 0.000000000000000000, 1.000000000000000000, 0.000000000000000000 ) ) ;
#1689 = EDGE_CURVE ( 'NONE', #342, #378, #316, .T. ) ;
#1690 = ORIENTED_EDGE ( 'NONE', *, *, #1206, .T. ) ;
#1691 = VERTEX_POINT ( 'NONE', #1468 ) ;
#1692 = EDGE_CURVE ( 'NONE', #385, #1645, #1297, .T. ) ;
#1693 = DIRECTION ( 'NONE',  ( -0.000000000000000000, -1.000000000000000000, -0.000000000000000000 ) ) ;
#1694 = ORIENTED_EDGE ( 'NONE', *, *, #2173, .F. ) ;
#1695 = CARTESIAN_POINT ( 'NONE',  ( -10.50000000000000533, 0.000000000000000000, 3.000000000000004441 ) ) ;
#1696 = EDGE_CURVE ( 'NONE', #686, #1790, #85, .T. ) ;
#1697 = DIRECTION ( 'NONE',  ( 1.000000000000000000, 0.000000000000000000, 4.956352788505165240E-16 ) ) ;
#1698 = CYLINDRICAL_SURFACE ( 'NONE', #1719, 0.8000000000000003775 ) ;
#1699 = VERTEX_POINT ( 'NONE', #1310 ) ;
#1700 = VERTEX_POINT ( 'NONE', #295 ) ;
#1701 = AXIS2_PLACEMENT_3D ( 'NONE', #1604, #1248, #600 ) ;
#1702 = ORIENTED_EDGE ( 'NONE', *, *, #168, .F. ) ;
#1703 = CARTESIAN_POINT ( 'NONE',  ( 16.75000000000000000, 7.500000000000000000, -2.499999999999999556 ) ) ;
#1704 = VERTEX_POINT ( 'NONE', #1462 ) ;
#1705 = CARTESIAN_POINT ( 'NONE',  ( 16.00000000000000000, 0.4999999999999995559, 9.800000000000000711 ) ) ;
#1706 = CARTESIAN_POINT ( 'NONE',  ( 14.74999999999999822, -16.34050177399711501, -0.9999999999999995559 ) ) ;
#1707 = DIRECTION ( 'NONE',  ( 0.000000000000000000, 0.000000000000000000, 1.000000000000000000 ) ) ;
#1708 = ORIENTED_EDGE ( 'NONE', *, *, #1, .F. ) ;
#1709 = ORIENTED_EDGE ( 'NONE', *, *, #1070, .F. ) ;
#1710 = ORIENTED_EDGE ( 'NONE', *, *, #1566, .T. ) ;
#1711 = VECTOR ( 'NONE', #1192, 1000.000000000000000 ) ;
#1712 = EDGE_CURVE ( 'NONE', #385, #775, #271, .T. ) ;
#1713 = ORIENTED_EDGE ( 'NONE', *, *, #457, .F. ) ;
#1714 = DIRECTION ( 'NONE',  ( 0.000000000000000000, 0.000000000000000000, 1.000000000000000000 ) ) ;
#1715 = VERTEX_POINT ( 'NONE', #1964 ) ;
#1716 = LINE ( 'NONE', #1213, #1959 ) ;
#1717 = PRODUCT_CONTEXT ( 'NONE', #958, 'mechanical' ) ;
#1718 = LINE ( 'NONE', #1893, #1911 ) ;
#1719 = AXIS2_PLACEMENT_3D ( 'NONE', #2180, #1995, #679 ) ;
#1720 = CARTESIAN_POINT ( 'NONE',  ( 9.000000000000000000, 0.4999999999999995559, 9.799999999999998934 ) ) ;
#1721 = ORIENTED_EDGE ( 'NONE', *, *, #1259, .T. ) ;
#1722 = EDGE_LOOP ( 'NONE', ( #499, #726, #220, #2 ) ) ;
#1723 = EDGE_CURVE ( 'NONE', #1453, #1607, #1450, .T. ) ;
#1724 = ORIENTED_EDGE ( 'NONE', *, *, #498, .F. ) ;
#1725 = ORIENTED_EDGE ( 'NONE', *, *, #1082, .F. ) ;
#1726 = FACE_OUTER_BOUND ( 'NONE', #1556, .T. ) ;
#1727 = ORIENTED_EDGE ( 'NONE', *, *, #1858, .F. ) ;
#1728 = CARTESIAN_POINT ( 'NONE',  ( 15.25000000000000178, 0.5000000000000004441, 7.599999999999999645 ) ) ;
#1729 = DIRECTION ( 'NONE',  ( 0.000000000000000000, 0.000000000000000000, 1.000000000000000000 ) ) ;
#1730 = CARTESIAN_POINT ( 'NONE',  ( -9.000000000000000000, 7.500000000000000000, 9.000000000000000000 ) ) ;
#1731 = VECTOR ( 'NONE', #817, 1000.000000000000000 ) ;
#1732 = ORIENTED_EDGE ( 'NONE', *, *, #617, .F. ) ;
#1733 = EDGE_CURVE ( 'NONE', #1757, #1262, #1333, .T. ) ;
#1734 = VERTEX_POINT ( 'NONE', #1608 ) ;
#1735 = CIRCLE ( 'NONE', #786, 1.500000000000000000 ) ;
#1736 = VECTOR ( 'NONE', #942, 1000.000000000000000 ) ;
#1737 = ORIENTED_EDGE ( 'NONE', *, *, #877, .F. ) ;
#1738 = CARTESIAN_POINT ( 'NONE',  ( 15.25000000000000178, 7.500000000000000000, 4.000000000000000888 ) ) ;
#1739 = LINE ( 'NONE', #1892, #372 ) ;
#1740 = DIRECTION ( 'NONE',  ( -1.826024711554533913E-16, 0.000000000000000000, -1.000000000000000000 ) ) ;
#1741 = DIRECTION ( 'NONE',  ( 0.000000000000000000, -1.000000000000000000, 0.000000000000000000 ) ) ;
#1742 = DIRECTION ( 'NONE',  ( 0.000000000000000000, 1.000000000000000000, 0.000000000000000000 ) ) ;
#1743 = EDGE_CURVE ( 'NONE', #2104, #1053, #1800, .T. ) ;
#1744 = EDGE_LOOP ( 'NONE', ( #629, #210, #1725, #217 ) ) ;
#1745 = ORIENTED_EDGE ( 'NONE', *, *, #2107, .F. ) ;
#1746 = ORIENTED_EDGE ( 'NONE', *, *, #1813, .F. ) ;
#1747 = EDGE_CURVE ( 'NONE', #1996, #203, #1476, .T. ) ;
#1748 = CIRCLE ( 'NONE', #1081, 1.500000000000000000 ) ;
#1749 = VERTEX_POINT ( 'NONE', #952 ) ;
#1750 = CIRCLE ( 'NONE', #803, 0.8000000000000020428 ) ;
#1751 = DIRECTION ( 'NONE',  ( 0.000000000000000000, 0.000000000000000000, 1.000000000000000000 ) ) ;
#1752 = LINE ( 'NONE', #52, #1678 ) ;
#1753 = EDGE_CURVE ( 'NONE', #1239, #1909, #2091, .T. ) ;
#1754 = DIRECTION ( 'NONE',  ( 0.000000000000000000, 0.000000000000000000, -1.000000000000000000 ) ) ;
#1755 = DIRECTION ( 'NONE',  ( 0.000000000000000000, 0.000000000000000000, -1.000000000000000000 ) ) ;
#1756 = DIRECTION ( 'NONE',  ( 0.000000000000000000, -0.000000000000000000, 1.000000000000000000 ) ) ;
#1757 = VERTEX_POINT ( 'NONE', #283 ) ;
#1758 = EDGE_CURVE ( 'NONE', #1017, #509, #1298, .T. ) ;
#1759 = SHAPE_DEFINITION_REPRESENTATION ( #1622, #1998 ) ;
#1760 = CARTESIAN_POINT ( 'NONE',  ( 16.75000000000000000, 0.5000000000000004441, -6.100000000000001421 ) ) ;
#1761 = DIRECTION ( 'NONE',  ( -0.000000000000000000, 1.000000000000000000, -0.000000000000000000 ) ) ;
#1762 = EDGE_CURVE ( 'NONE', #1645, #1507, #591, .T. ) ;
#1763 = CARTESIAN_POINT ( 'NONE',  ( 16.75000000000000000, 0.5000000000000004441, 2.500000000000000888 ) ) ;
#1764 = CARTESIAN_POINT ( 'NONE',  ( -9.695652173913044791, 7.500000000000000000, 8.604945506379111819 ) ) ;
#1765 = DIRECTION ( 'NONE',  ( 0.000000000000000000, 0.000000000000000000, -1.000000000000000000 ) ) ;
#1766 = EDGE_LOOP ( 'NONE', ( #1891, #1864, #507, #1997 ) ) ;
#1767 = CYLINDRICAL_SURFACE ( 'NONE', #193, 1.500000000000000000 ) ;
#1768 = AXIS2_PLACEMENT_3D ( 'NONE', #587, #1292, #1796 ) ;
#1769 = ORIENTED_EDGE ( 'NONE', *, *, #1452, .T. ) ;
#1770 = CIRCLE ( 'NONE', #1527, 1.499999999999999556 ) ;
#1771 = ORIENTED_EDGE ( 'NONE', *, *, #900, .T. ) ;
#1772 = CYLINDRICAL_SURFACE ( 'NONE', #1279, 0.8000000000000009326 ) ;
#1773 = DIRECTION ( 'NONE',  ( -1.927470528863119049E-16, -0.000000000000000000, -1.000000000000000000 ) ) ;
#1774 = LINE ( 'NONE', #75, #1490 ) ;
#1775 = CARTESIAN_POINT ( 'NONE',  ( 14.74999999999999822, 7.500000000000000000, -0.9999999999999995559 ) ) ;
#1776 = DIRECTION ( 'NONE',  ( -0.000000000000000000, -1.000000000000000000, 0.000000000000000000 ) ) ;
#1777 = DIRECTION ( 'NONE',  ( -0.000000000000000000, -1.000000000000000000, -0.000000000000000000 ) ) ;
#1778 = DIRECTION ( 'NONE',  ( -0.000000000000000000, 1.000000000000000000, 0.000000000000000000 ) ) ;
#1779 = ORIENTED_EDGE ( 'NONE', *, *, #503, .T. ) ;
#1780 = VERTEX_POINT ( 'NONE', #1788 ) ;
#1781 = DIRECTION ( 'NONE',  ( -1.387778780781446149E-14, 0.000000000000000000, -1.000000000000000000 ) ) ;
#1782 = DIRECTION ( 'NONE',  ( 0.000000000000000000, 0.000000000000000000, 1.000000000000000000 ) ) ;
#1783 = EDGE_CURVE ( 'NONE', #758, #1552, #261, .T. ) ;
#1784 = AXIS2_PLACEMENT_3D ( 'NONE', #1395, #556, #1232 ) ;
#1785 = CARTESIAN_POINT ( 'NONE',  ( 14.74999999999999822, 7.500000000000000000, -2.499999999999999556 ) ) ;
#1786 = CARTESIAN_POINT ( 'NONE',  ( 16.00000000000000000, 0.000000000000000000, -9.000000000000005329 ) ) ;
#1787 = CARTESIAN_POINT ( 'NONE',  ( 16.00000000000000000, 0.000000000000000000, -1.749999999999999334 ) ) ;
#1788 = CARTESIAN_POINT ( 'NONE',  ( -12.00000000000000533, 0.000000000000000000, 1.500000000000004219 ) ) ;
#1789 = DIRECTION ( 'NONE',  ( 0.000000000000000000, 0.000000000000000000, -1.000000000000000000 ) ) ;
#1790 = VERTEX_POINT ( 'NONE', #1106 ) ;
#1791 = ADVANCED_FACE ( 'NONE', ( #453 ), #614, .F. ) ;
#1792 = AXIS2_PLACEMENT_3D ( 'NONE', #1027, #1667, #1509 ) ;
#1793 = DIRECTION ( 'NONE',  ( -0.000000000000000000, 1.000000000000000000, -0.000000000000000000 ) ) ;
#1794 = DIRECTION ( 'NONE',  ( -2.312964634635743450E-15, 0.000000000000000000, -1.000000000000000000 ) ) ;
#1795 = ADVANCED_FACE ( 'NONE', ( #2102 ), #1767, .T. ) ;
#1796 = DIRECTION ( 'NONE',  ( 0.000000000000000000, 0.000000000000000000, -1.000000000000000000 ) ) ;
#1797 = CARTESIAN_POINT ( 'NONE',  ( 16.75000000000000000, 0.5000000000000004441, -6.100000000000001421 ) ) ;
#1798 =( LENGTH_UNIT ( ) NAMED_UNIT ( * ) SI_UNIT ( .MILLI., .METRE. ) );
#1799 = EDGE_LOOP ( 'NONE', ( #2083, #243, #1930, #1143 ) ) ;
#1800 = LINE ( 'NONE', #2111, #1011 ) ;
#1801 = LINE ( 'NONE', #760, #1182 ) ;
#1802 = EDGE_LOOP ( 'NONE', ( #1901, #1746 ) ) ;
#1803 = DIRECTION ( 'NONE',  ( 0.000000000000000000, 0.000000000000000000, -1.000000000000000000 ) ) ;
#1804 = AXIS2_PLACEMENT_3D ( 'NONE', #1738, #1371, #1046 ) ;
#1805 = CARTESIAN_POINT ( 'NONE',  ( 10.99999999999999467, 0.4999999999999995559, -7.864218330839934268 ) ) ;
#1806 = LINE ( 'NONE', #1472, #327 ) ;
#1807 = PLANE ( 'NONE',  #1142 ) ;
#1808 = VECTOR ( 'NONE', #382, 1000.000000000000000 ) ;
#1809 = DIRECTION ( 'NONE',  ( 0.000000000000000000, 0.000000000000000000, 1.000000000000000000 ) ) ;
#1810 = DIRECTION ( 'NONE',  ( 0.000000000000000000, 0.000000000000000000, 1.000000000000000000 ) ) ;
#1811 = EDGE_CURVE ( 'NONE', #509, #1432, #979, .T. ) ;
#1812 = ORIENTED_EDGE ( 'NONE', *, *, #1988, .F. ) ;
#1813 = EDGE_CURVE ( 'NONE', #663, #1045, #1439, .T. ) ;
#1814 = ORIENTED_EDGE ( 'NONE', *, *, #513, .T. ) ;
#1815 = DIRECTION ( 'NONE',  ( -0.000000000000000000, 1.000000000000000000, -0.000000000000000000 ) ) ;
#1816 = DIRECTION ( 'NONE',  ( -1.239088197126289831E-16, 0.000000000000000000, -1.000000000000000000 ) ) ;
#1817 = EDGE_CURVE ( 'NONE', #458, #670, #1261, .T. ) ;
#1818 = AXIS2_PLACEMENT_3D ( 'NONE', #1601, #1112, #1794 ) ;
#1819 = VECTOR ( 'NONE', #2122, 1000.000000000000000 ) ;
#1820 = CARTESIAN_POINT ( 'NONE',  ( 16.00000000000000000, 0.000000000000000000, 1.750000000000000666 ) ) ;
#1821 = CARTESIAN_POINT ( 'NONE',  ( 14.74999999999999822, 0.5000000000000004441, -0.9999999999999995559 ) ) ;
#1822 = ORIENTED_EDGE ( 'NONE', *, *, #1567, .F. ) ;
#1823 = CYLINDRICAL_SURFACE ( 'NONE', #1315, 1.500000000000000444 ) ;
#1824 = EDGE_CURVE ( 'NONE', #1534, #1033, #420, .T. ) ;
#1825 = CARTESIAN_POINT ( 'NONE',  ( 17.50000000000000000, 0.000000000000000000, 10.49999999999999645 ) ) ;
#1826 = CYLINDRICAL_SURFACE ( 'NONE', #410, 1.500000000000000444 ) ;
#1827 = CARTESIAN_POINT ( 'NONE',  ( 17.50000000000000000, 0.000000000000000000, 10.49999999999999645 ) ) ;
#1828 = VERTEX_POINT ( 'NONE', #1117 ) ;
#1829 = VERTEX_POINT ( 'NONE', #941 ) ;
#1830 = ADVANCED_FACE ( 'NONE', ( #91 ), #773, .T. ) ;
#1831 = VERTEX_POINT ( 'NONE', #1167 ) ;
#1832 = CARTESIAN_POINT ( 'NONE',  ( 13.24999999999999822, 0.5000000000000004441, 1.000000000000001110 ) ) ;
#1833 = DIRECTION ( 'NONE',  ( 0.000000000000000000, 0.000000000000000000, -1.000000000000000000 ) ) ;
#1834 = CIRCLE ( 'NONE', #287, 0.8000000000000003775 ) ;
#1835 = LINE ( 'NONE', #1005, #1020 ) ;
#1836 = CARTESIAN_POINT ( 'NONE',  ( -12.00000000000000355, 0.000000000000000000, -2.999999999999998224 ) ) ;
#1837 = LINE ( 'NONE', #1376, #196 ) ;
#1838 = ORIENTED_EDGE ( 'NONE', *, *, #1452, .F. ) ;
#1839 = ORIENTED_EDGE ( 'NONE', *, *, #125, .T. ) ;
#1840 = ORIENTED_EDGE ( 'NONE', *, *, #1251, .T. ) ;
#1841 = AXIS2_PLACEMENT_3D ( 'NONE', #1114, #599, #1972 ) ;
#1842 = EDGE_LOOP ( 'NONE', ( #876, #2059, #2005, #843 ) ) ;
#1843 = CARTESIAN_POINT ( 'NONE',  ( 15.25000000000000178, 0.5000000000000004441, -4.000000000000000000 ) ) ;
#1844 = FACE_OUTER_BOUND ( 'NONE', #1175, .T. ) ;
#1845 = EDGE_CURVE ( 'NONE', #203, #1996, #1750, .T. ) ;
#1846 = DIRECTION ( 'NONE',  ( 1.000000000000000000, 0.000000000000000000, 0.000000000000000000 ) ) ;
#1847 = CARTESIAN_POINT ( 'NONE',  ( -9.000000000000000000, 0.4999999999999995559, 9.799999999999998934 ) ) ;
#1848 = FACE_OUTER_BOUND ( 'NONE', #366, .T. ) ;
#1849 = CIRCLE ( 'NONE', #117, 0.8000000000000003775 ) ;
#1850 = VECTOR ( 'NONE', #647, 1000.000000000000000 ) ;
#1851 = ORIENTED_EDGE ( 'NONE', *, *, #1663, .T. ) ;
#1852 = ADVANCED_FACE ( 'NONE', ( #986 ), #348, .F. ) ;
#1853 = EDGE_LOOP ( 'NONE', ( #1685, #703, #1708, #351 ) ) ;
#1854 = EDGE_CURVE ( 'NONE', #684, #1402, #165, .T. ) ;
#1855 = ORIENTED_EDGE ( 'NONE', *, *, #1191, .F. ) ;
#1856 = CIRCLE ( 'NONE', #1584, 0.8000000000000003775 ) ;
#1857 = ORIENTED_EDGE ( 'NONE', *, *, #506, .F. ) ;
#1858 = EDGE_CURVE ( 'NONE', #1402, #2104, #2094, .T. ) ;
#1859 = DIRECTION ( 'NONE',  ( -0.000000000000000000, 1.000000000000000000, -0.000000000000000000 ) ) ;
#1860 = EDGE_LOOP ( 'NONE', ( #1876, #1086 ) ) ;
#1861 = DIRECTION ( 'NONE',  ( 1.826024711554533913E-16, 0.000000000000000000, 1.000000000000000000 ) ) ;
#1862 = DIRECTION ( 'NONE',  ( -0.000000000000000000, -1.000000000000000000, -0.000000000000000000 ) ) ;
#1863 = DIRECTION ( 'NONE',  ( -1.000000000000000000, 0.000000000000000000, 1.196361017915038993E-16 ) ) ;
#1864 = ORIENTED_EDGE ( 'NONE', *, *, #706, .T. ) ;
#1865 = EDGE_LOOP ( 'NONE', ( #888, #675, #878, #1563 ) ) ;
#1866 = ORIENTED_EDGE ( 'NONE', *, *, #965, .F. ) ;
#1867 = AXIS2_PLACEMENT_3D ( 'NONE', #845, #1521, #807 ) ;
#1868 = CARTESIAN_POINT ( 'NONE',  ( 16.00000000000000000, 0.4999999999999995559, 9.000000000000000000 ) ) ;
#1869 = ORIENTED_EDGE ( 'NONE', *, *, #1692, .T. ) ;
#1870 = LINE ( 'NONE', #719, #1888 ) ;
#1871 = DIRECTION ( 'NONE',  ( 0.000000000000000000, -1.000000000000000000, 0.000000000000000000 ) ) ;
#1872 = CYLINDRICAL_SURFACE ( 'NONE', #304, 1.499999999999999556 ) ;
#1873 = VECTOR ( 'NONE', #235, 1000.000000000000000 ) ;
#1874 = ORIENTED_EDGE ( 'NONE', *, *, #503, .F. ) ;
#1875 = EDGE_CURVE ( 'NONE', #1670, #1607, #1496, .T. ) ;
#1876 = ORIENTED_EDGE ( 'NONE', *, *, #551, .F. ) ;
#1877 = EDGE_LOOP ( 'NONE', ( #1377, #1177, #1345, #944 ) ) ;
#1878 = CARTESIAN_POINT ( 'NONE',  ( 15.49999999999999822, 7.500000000000000000, 1.750000000000000666 ) ) ;
#1879 = VERTEX_POINT ( 'NONE', #126 ) ;
#1880 = DIRECTION ( 'NONE',  ( 0.000000000000000000, 1.000000000000000000, 0.000000000000000000 ) ) ;
#1881 = AXIS2_PLACEMENT_3D ( 'NONE', #1459, #809, #437 ) ;
#1882 = CARTESIAN_POINT ( 'NONE',  ( 13.24999999999999822, 0.5000000000000004441, 2.500000000000001332 ) ) ;
#1883 = DIRECTION ( 'NONE',  ( 0.000000000000000000, 0.000000000000000000, 1.000000000000000000 ) ) ;
#1884 = EDGE_CURVE ( 'NONE', #1734, #846, #1185, .T. ) ;
#1885 = ORIENTED_EDGE ( 'NONE', *, *, #1195, .F. ) ;
#1886 = EDGE_LOOP ( 'NONE', ( #207, #1610, #1381, #693 ) ) ;
#1887 = ORIENTED_EDGE ( 'NONE', *, *, #506, .T. ) ;
#1888 = VECTOR ( 'NONE', #1059, 1000.000000000000000 ) ;
#1889 = ORIENTED_EDGE ( 'NONE', *, *, #1978, .T. ) ;
#1890 = DIRECTION ( 'NONE',  ( -2.312964634635743450E-15, 0.000000000000000000, 1.000000000000000000 ) ) ;
#1891 = ORIENTED_EDGE ( 'NONE', *, *, #2040, .T. ) ;
#1892 = CARTESIAN_POINT ( 'NONE',  ( 13.24999999999999822, 7.500000000000000000, 2.500000000000001332 ) ) ;
#1893 = CARTESIAN_POINT ( 'NONE',  ( 16.75000000000000000, 0.5000000000000004441, -2.499999999999999556 ) ) ;
#1894 = CARTESIAN_POINT ( 'NONE',  ( -16.00000000000000000, 0.4999999999999995559, 0.000000000000000000 ) ) ;
#1895 = ORIENTED_EDGE ( 'NONE', *, *, #680, .T. ) ;
#1896 = ORIENTED_EDGE ( 'NONE', *, *, #1160, .F. ) ;
#1897 = ORIENTED_EDGE ( 'NONE', *, *, #2118, .T. ) ;
#1898 = AXIS2_PLACEMENT_3D ( 'NONE', #632, #1603, #450 ) ;
#1899 = ORIENTED_EDGE ( 'NONE', *, *, #937, .T. ) ;
#1900 = CARTESIAN_POINT ( 'NONE',  ( 13.99999999999999822, 0.000000000000000000, -0.2499999999999997780 ) ) ;
#1901 = ORIENTED_EDGE ( 'NONE', *, *, #1169, .F. ) ;
#1902 = CARTESIAN_POINT ( 'NONE',  ( 16.00000000000000000, 0.4999999999999995559, 9.000000000000000000 ) ) ;
#1903 = ADVANCED_FACE ( 'NONE', ( #849 ), #1351, .T. ) ;
#1904 = FACE_OUTER_BOUND ( 'NONE', #1722, .T. ) ;
#1905 = DIRECTION ( 'NONE',  ( -0.000000000000000000, 1.000000000000000000, -0.000000000000000000 ) ) ;
#1906 = ORIENTED_EDGE ( 'NONE', *, *, #1950, .F. ) ;
#1907 = EDGE_LOOP ( 'NONE', ( #763, #353, #1227, #81 ) ) ;
#1908 = CIRCLE ( 'NONE', #890, 1.500000000000000000 ) ;
#1909 = VERTEX_POINT ( 'NONE', #2023 ) ;
#1910 = ADVANCED_FACE ( 'NONE', ( #2003 ), #1826, .F. ) ;
#1911 = VECTOR ( 'NONE', #1729, 1000.000000000000000 ) ;
#1912 = CARTESIAN_POINT ( 'NONE',  ( -16.00000000000000000, 0.4999999999999995559, 0.000000000000000000 ) ) ;
#1913 = FACE_OUTER_BOUND ( 'NONE', #386, .T. ) ;
#1914 = EDGE_CURVE ( 'NONE', #1287, #542, #493, .T. ) ;
#1915 = CARTESIAN_POINT ( 'NONE',  ( 13.99999999999999822, 7.500000000000000000, 1.750000000000000888 ) ) ;
#1916 = DIRECTION ( 'NONE',  ( 0.000000000000000000, 1.000000000000000000, 0.000000000000000000 ) ) ;
#1917 = CARTESIAN_POINT ( 'NONE',  ( 15.49999999999999822, 7.500000000000000000, -0.2499999999999993616 ) ) ;
#1918 = ORIENTED_EDGE ( 'NONE', *, *, #1628, .F. ) ;
#1919 = ADVANCED_FACE ( 'NONE', ( #310 ), #1004, .F. ) ;
#1920 = AXIS2_PLACEMENT_3D ( 'NONE', #1469, #1266, #622 ) ;
#1921 = AXIS2_PLACEMENT_3D ( 'NONE', #636, #1319, #666 ) ;
#1922 = ADVANCED_FACE ( 'NONE', ( #155 ), #2171, .F. ) ;
#1923 = DIRECTION ( 'NONE',  ( -1.000000000000000000, -0.000000000000000000, 9.912705577010325549E-17 ) ) ;
#1924 = DIRECTION ( 'NONE',  ( 0.000000000000000000, -1.000000000000000000, 0.000000000000000000 ) ) ;
#1925 = DIRECTION ( 'NONE',  ( 0.000000000000000000, 0.000000000000000000, 1.000000000000000000 ) ) ;
#1926 = DIRECTION ( 'NONE',  ( -1.000000000000000000, 0.000000000000000000, 1.826024711554533913E-16 ) ) ;
#1927 = CARTESIAN_POINT ( 'NONE',  ( 9.000000000000000000, 0.4999999999999995559, 9.000000000000000000 ) ) ;
#1928 = VECTOR ( 'NONE', #1863, 1000.000000000000000 ) ;
#1929 = CARTESIAN_POINT ( 'NONE',  ( 16.75000000000000000, 7.500000000000000000, -4.000000000000000000 ) ) ;
#1930 = ORIENTED_EDGE ( 'NONE', *, *, #212, .F. ) ;
#1931 = CARTESIAN_POINT ( 'NONE',  ( 13.99999999999999822, 0.000000000000000000, 0.2500000000000002220 ) ) ;
#1932 = CARTESIAN_POINT ( 'NONE',  ( 16.00000000000000000, 0.4999999999999995559, 8.199999999999997513 ) ) ;
#1933 = DIRECTION ( 'NONE',  ( 0.000000000000000000, 1.000000000000000000, 0.000000000000000000 ) ) ;
#1934 = FACE_OUTER_BOUND ( 'NONE', #523, .T. ) ;
#1935 = DIRECTION ( 'NONE',  ( -0.000000000000000000, 1.000000000000000000, -0.000000000000000000 ) ) ;
#1936 = DIRECTION ( 'NONE',  ( -0.000000000000000000, -1.000000000000000000, -0.000000000000000000 ) ) ;
#1938 = DIRECTION ( 'NONE',  ( 0.000000000000000000, 0.000000000000000000, 1.000000000000000000 ) ) ;
#1937 = AXIS2_PLACEMENT_3D ( 'NONE', #539, #370, #906 ) ;
#1939 = EDGE_CURVE ( 'NONE', #1480, #2164, #1983, .T. ) ;
#1940 = VERTEX_POINT ( 'NONE', #830 ) ;
#1941 = ORIENTED_EDGE ( 'NONE', *, *, #1288, .F. ) ;
#1942 = DIRECTION ( 'NONE',  ( 0.000000000000000000, 0.000000000000000000, 1.000000000000000000 ) ) ;
#1943 = LINE ( 'NONE', #95, #801 ) ;
#1944 = LINE ( 'NONE', #1763, #1064 ) ;
#1945 = EDGE_CURVE ( 'NONE', #981, #2032, #1687, .T. ) ;
#1946 = DIRECTION ( 'NONE',  ( -0.000000000000000000, 1.000000000000000000, -0.000000000000000000 ) ) ;
#1947 = COLOUR_RGB ( '',0.7921568627450980005, 0.8196078431372548767, 0.9333333333333333481 ) ;
#1948 = LINE ( 'NONE', #227, #1038 ) ;
#1949 = ORIENTED_EDGE ( 'NONE', *, *, #671, .F. ) ;
#1950 = EDGE_CURVE ( 'NONE', #1047, #1734, #504, .T. ) ;
#1951 = DIRECTION ( 'NONE',  ( 0.000000000000000000, 1.000000000000000000, -0.000000000000000000 ) ) ;
#1952 = LINE ( 'NONE', #637, #1529 ) ;
#1953 = AXIS2_PLACEMENT_3D ( 'NONE', #782, #1102, #279 ) ;
#1954 = ORIENTED_EDGE ( 'NONE', *, *, #581, .F. ) ;
#1955 = ORIENTED_EDGE ( 'NONE', *, *, #904, .T. ) ;
#1956 = VECTOR ( 'NONE', #2139, 1000.000000000000000 ) ;
#1957 = CARTESIAN_POINT ( 'NONE',  ( -9.000000000000000000, 0.4999999999999995559, 9.000000000000000000 ) ) ;
#1958 = LINE ( 'NONE', #1456, #9 ) ;
#1959 = VECTOR ( 'NONE', #882, 1000.000000000000000 ) ;
#1960 = AXIS2_PLACEMENT_3D ( 'NONE', #2121, #589, #1103 ) ;
#1961 = LINE ( 'NONE', #449, #2112 ) ;
#1962 = CYLINDRICAL_SURFACE ( 'NONE', #1591, 0.8000000000000003775 ) ;
#1963 = FACE_OUTER_BOUND ( 'NONE', #93, .T. ) ;
#1964 = CARTESIAN_POINT ( 'NONE',  ( 14.74999999999999822, 0.5000000000000004441, 2.500000000000001332 ) ) ;
#1965 = LINE ( 'NONE', #1285, #1139 ) ;
#1966 = AXIS2_PLACEMENT_3D ( 'NONE', #723, #1741, #907 ) ;
#1967 = VERTEX_POINT ( 'NONE', #2179 ) ;
#1968 = VERTEX_POINT ( 'NONE', #1503 ) ;
#1969 = DIRECTION ( 'NONE',  ( -0.000000000000000000, 1.000000000000000000, -0.000000000000000000 ) ) ;
#1970 = FACE_OUTER_BOUND ( 'NONE', #1986, .T. ) ;
#1971 = LINE ( 'NONE', #266, #887 ) ;
#1972 = DIRECTION ( 'NONE',  ( 0.000000000000000000, 0.000000000000000000, 1.000000000000000000 ) ) ;
#1973 = EDGE_CURVE ( 'NONE', #39, #1239, #473, .T. ) ;
#1974 = CARTESIAN_POINT ( 'NONE',  ( -9.500000000000005329, 0.4999999999999995559, -9.500000000000000000 ) ) ;
#1975 = DIRECTION ( 'NONE',  ( -0.000000000000000000, -1.000000000000000000, -0.000000000000000000 ) ) ;
#1976 = CARTESIAN_POINT ( 'NONE',  ( 15.25000000000000178, 0.5000000000000004441, 6.100000000000000533 ) ) ;
#1977 = ORIENTED_EDGE ( 'NONE', *, *, #122, .F. ) ;
#1978 = EDGE_CURVE ( 'NONE', #401, #342, #655, .T. ) ;
#1979 = CARTESIAN_POINT ( 'NONE',  ( 16.75000000000000000, 0.5000000000000004441, -7.600000000000001421 ) ) ;
#1980 = PLANE ( 'NONE',  #1125 ) ;
#1981 = DIRECTION ( 'NONE',  ( 0.000000000000000000, 0.000000000000000000, 1.000000000000000000 ) ) ;
#1982 = ADVANCED_FACE ( 'NONE', ( #1618 ), #747, .F. ) ;
#1983 = LINE ( 'NONE', #1820, #1850 ) ;
#1984 = DIRECTION ( 'NONE',  ( 4.956352788505166226E-16, 0.000000000000000000, -1.000000000000000000 ) ) ;
#1985 = VECTOR ( 'NONE', #1485, 1000.000000000000000 ) ;
#1986 = EDGE_LOOP ( 'NONE', ( #658, #1682, #408, #1014 ) ) ;
#1987 = ORIENTED_EDGE ( 'NONE', *, *, #2166, .F. ) ;
#1988 = EDGE_CURVE ( 'NONE', #2021, #1829, #908, .T. ) ;
#1989 = LINE ( 'NONE', #479, #635 ) ;
#1990 = ORIENTED_EDGE ( 'NONE', *, *, #407, .F. ) ;
#1991 = DIRECTION ( 'NONE',  ( -0.000000000000000000, 1.000000000000000000, -0.000000000000000000 ) ) ;
#1992 = CARTESIAN_POINT ( 'NONE',  ( -9.695652173913044791, 0.4999999999999995559, -8.604945506379113596 ) ) ;
#1993 = CIRCLE ( 'NONE', #1542, 1.499999999999999556 ) ;
#1994 = CARTESIAN_POINT ( 'NONE',  ( -10.50000000000000533, 7.500000000000000000, -10.49999999999999645 ) ) ;
#1995 = DIRECTION ( 'NONE',  ( -0.000000000000000000, 1.000000000000000000, -0.000000000000000000 ) ) ;
#1996 = VERTEX_POINT ( 'NONE', #429 ) ;
#1997 = ORIENTED_EDGE ( 'NONE', *, *, #6, .T. ) ;
#1998 = ADVANCED_BREP_SHAPE_REPRESENTATION ( 'HEPI Housing', ( #2155, #219 ), #1358 ) ;
#1999 = ORIENTED_EDGE ( 'NONE', *, *, #179, .F. ) ;
#2000 = LINE ( 'NONE', #1316, #1387 ) ;
#2001 = LINE ( 'NONE', #990, #1516 ) ;
#2002 = CARTESIAN_POINT ( 'NONE',  ( -16.00000000000000000, 0.4999999999999995559, 0.000000000000000000 ) ) ;
#2003 = FACE_OUTER_BOUND ( 'NONE', #35, .T. ) ;
#2004 = CARTESIAN_POINT ( 'NONE',  ( -12.00000000000000533, 7.500000000000000000, 1.500000000000004219 ) ) ;
#2005 = ORIENTED_EDGE ( 'NONE', *, *, #2080, .F. ) ;
#2006 = EDGE_CURVE ( 'NONE', #1017, #1219, #1464, .T. ) ;
#2007 = AXIS2_PLACEMENT_3D ( 'NONE', #929, #781, #436 ) ;
#2008 = DIRECTION ( 'NONE',  ( 0.000000000000000000, 0.000000000000000000, 1.000000000000000000 ) ) ;
#2009 = CARTESIAN_POINT ( 'NONE',  ( 8.604945506379110043, 7.500000000000000000, -9.695652173913043015 ) ) ;
#2010 = AXIS2_PLACEMENT_3D ( 'NONE', #956, #1120, #1079 ) ;
#2011 = EDGE_LOOP ( 'NONE', ( #1990, #115, #2041, #2174 ) ) ;
#2012 = EDGE_CURVE ( 'NONE', #378, #11, #612, .T. ) ;
#2013 = CARTESIAN_POINT ( 'NONE',  ( -9.500000000000005329, 0.4999999999999995559, -9.500000000000000000 ) ) ;
#2014 = DIRECTION ( 'NONE',  ( -0.000000000000000000, -1.000000000000000000, 0.000000000000000000 ) ) ;
#2015 = VECTOR ( 'NONE', #528, 1000.000000000000000 ) ;
#2016 = EDGE_CURVE ( 'NONE', #364, #1453, #1323, .T. ) ;
#2017 = MECHANICAL_DESIGN_GEOMETRIC_PRESENTATION_REPRESENTATION (  '', ( #36 ), #998 ) ;
#2018 = EDGE_CURVE ( 'NONE', #1829, #364, #1294, .T. ) ;
#2019 = VERTEX_POINT ( 'NONE', #419 ) ;
#2020 = FACE_OUTER_BOUND ( 'NONE', #1907, .T. ) ;
#2021 = VERTEX_POINT ( 'NONE', #1085 ) ;
#2022 = FACE_OUTER_BOUND ( 'NONE', #2147, .T. ) ;
#2023 = CARTESIAN_POINT ( 'NONE',  ( -16.00000000000000000, 0.000000000000000000, 1.500000000000001998 ) ) ;
#2024 = DIRECTION ( 'NONE',  ( 0.000000000000000000, 0.000000000000000000, -1.000000000000000000 ) ) ;
#2025 = VECTOR ( 'NONE', #100, 1000.000000000000000 ) ;
#2026 = EDGE_CURVE ( 'NONE', #2104, #2044, #2089, .T. ) ;
#2027 = AXIS2_PLACEMENT_3D ( 'NONE', #1675, #1019, #1512 ) ;
#2028 = EDGE_LOOP ( 'NONE', ( #34, #980, #1158, #69 ) ) ;
#2029 = CIRCLE ( 'NONE', #377, 1.500000000000000000 ) ;
#2030 = EDGE_LOOP ( 'NONE', ( #997, #702, #253, #1415 ) ) ;
#2031 = CARTESIAN_POINT ( 'NONE',  ( 16.75000000000000000, 0.5000000000000004441, 4.000000000000000888 ) ) ;
#2032 = VERTEX_POINT ( 'NONE', #951 ) ;
#2033 = DIRECTION ( 'NONE',  ( 0.000000000000000000, 0.000000000000000000, 1.000000000000000000 ) ) ;
#2034 = EDGE_CURVE ( 'NONE', #206, #1879, #940, .T. ) ;
#2035 = FACE_OUTER_BOUND ( 'NONE', #1799, .T. ) ;
#2036 = CARTESIAN_POINT ( 'NONE',  ( 9.000000000000000000, 0.4999999999999995559, 9.000000000000000000 ) ) ;
#2037 = ORIENTED_EDGE ( 'NONE', *, *, #1817, .T. ) ;
#2038 = EDGE_LOOP ( 'NONE', ( #341, #1226, #1851, #1332 ) ) ;
#2039 = ORIENTED_EDGE ( 'NONE', *, *, #771, .F. ) ;
#2040 = EDGE_CURVE ( 'NONE', #1466, #2182, #90, .T. ) ;
#2041 = ORIENTED_EDGE ( 'NONE', *, *, #64, .T. ) ;
#2042 = VECTOR ( 'NONE', #1255, 1000.000000000000000 ) ;
#2043 = CARTESIAN_POINT ( 'NONE',  ( -9.000000000000007105, 7.500000000000000000, -9.000000000000001776 ) ) ;
#2044 = VERTEX_POINT ( 'NONE', #2110 ) ;
#2045 = DIRECTION ( 'NONE',  ( -1.826024711554533913E-16, -0.000000000000000000, -1.000000000000000000 ) ) ;
#2046 = DIRECTION ( 'NONE',  ( 0.000000000000000000, 0.000000000000000000, -1.000000000000000000 ) ) ;
#2047 = CARTESIAN_POINT ( 'NONE',  ( 7.864218330839943150, 0.4999999999999995559, -11.00000000000000000 ) ) ;
#2048 = AXIS2_PLACEMENT_3D ( 'NONE', #1382, #1200, #1890 ) ;
#2049 = VERTEX_POINT ( 'NONE', #396 ) ;
#2050 = VERTEX_POINT ( 'NONE', #1073 ) ;
#2051 = ORIENTED_EDGE ( 'NONE', *, *, #1950, .T. ) ;
#2052 = ORIENTED_EDGE ( 'NONE', *, *, #1692, .F. ) ;
#2053 = DIRECTION ( 'NONE',  ( 0.000000000000000000, 0.000000000000000000, -1.000000000000000000 ) ) ;
#2054 = ORIENTED_EDGE ( 'NONE', *, *, #805, .F. ) ;
#2055 = DIRECTION ( 'NONE',  ( -0.000000000000000000, 1.000000000000000000, -0.000000000000000000 ) ) ;
#2056 = CIRCLE ( 'NONE', #1841, 0.8000000000000020428 ) ;
#2057 = PLANE ( 'NONE',  #966 ) ;
#2058 = DIRECTION ( 'NONE',  ( -0.000000000000000000, 1.000000000000000000, -0.000000000000000000 ) ) ;
#2059 = ORIENTED_EDGE ( 'NONE', *, *, #522, .F. ) ;
#2060 = CIRCLE ( 'NONE', #1184, 0.8000000000000020428 ) ;
#2061 = EDGE_LOOP ( 'NONE', ( #874, #681 ) ) ;
#2062 = EDGE_CURVE ( 'NONE', #1831, #1467, #1948, .T. ) ;
#2063 = ORIENTED_EDGE ( 'NONE', *, *, #407, .T. ) ;
#2064 = DIRECTION ( 'NONE',  ( 1.000000000000000000, 0.000000000000000000, 0.000000000000000000 ) ) ;
#2065 = ORIENTED_EDGE ( 'NONE', *, *, #974, .T. ) ;
#2066 = CARTESIAN_POINT ( 'NONE',  ( 9.499999999999994671, 0.4999999999999995559, -7.600000000000000533 ) ) ;
#2067 = DIRECTION ( 'NONE',  ( 0.000000000000000000, -1.000000000000000000, 0.000000000000000000 ) ) ;
#2068 = DIRECTION ( 'NONE',  ( 0.000000000000000000, 0.000000000000000000, 1.000000000000000000 ) ) ;
#2069 = AXIS2_PLACEMENT_3D ( 'NONE', #1337, #676, #301 ) ;
#2070 = VERTEX_POINT ( 'NONE', #1582 ) ;
#2071 = EDGE_LOOP ( 'NONE', ( #496, #146, #791, #544 ) ) ;
#2072 = ADVANCED_FACE ( 'NONE', ( #406 ), #1258, .T. ) ;
#2073 = ORIENTED_EDGE ( 'NONE', *, *, #1723, .T. ) ;
#2074 = LINE ( 'NONE', #571, #638 ) ;
#2075 = LINE ( 'NONE', #40, #1475 ) ;
#2076 = CARTESIAN_POINT ( 'NONE',  ( 9.500000000000000000, 7.500000000000000000, 7.600000000000000533 ) ) ;
#2077 = CARTESIAN_POINT ( 'NONE',  ( 15.25000000000000178, 7.500000000000000000, 2.500000000000000888 ) ) ;
#2078 = DIRECTION ( 'NONE',  ( 0.000000000000000000, 1.000000000000000000, 0.000000000000000000 ) ) ;
#2079 = VERTEX_POINT ( 'NONE', #58 ) ;
#2080 = EDGE_CURVE ( 'NONE', #1367, #2050, #1174, .T. ) ;
#2081 = AXIS2_PLACEMENT_3D ( 'NONE', #255, #2084, #1612 ) ;
#2082 = CIRCLE ( 'NONE', #2181, 1.499999999999999556 ) ;
#2083 = ORIENTED_EDGE ( 'NONE', *, *, #1002, .F. ) ;
#2084 = DIRECTION ( 'NONE',  ( 0.000000000000000000, 1.000000000000000000, 0.000000000000000000 ) ) ;
#2085 = DIRECTION ( 'NONE',  ( -0.000000000000000000, 1.000000000000000000, -0.000000000000000000 ) ) ;
#2086 = AXIS2_PLACEMENT_3D ( 'NONE', #1927, #1742, #77 ) ;
#2087 = CARTESIAN_POINT ( 'NONE',  ( 16.75000000000000000, 7.500000000000000000, 6.100000000000000533 ) ) ;
#2088 = FACE_BOUND ( 'NONE', #1802, .T. ) ;
#2089 = LINE ( 'NONE', #260, #471 ) ;
#2090 = VERTEX_POINT ( 'NONE', #1787 ) ;
#2091 = LINE ( 'NONE', #112, #1404 ) ;
#2092 = ORIENTED_EDGE ( 'NONE', *, *, #2136, .T. ) ;
#2093 = CIRCLE ( 'NONE', #1920, 0.8000000000000003775 ) ;
#2094 = CIRCLE ( 'NONE', #1617, 1.499999999999999556 ) ;
#2095 = DIRECTION ( 'NONE',  ( 0.000000000000000000, -1.000000000000000000, 0.000000000000000000 ) ) ;
#2096 = CARTESIAN_POINT ( 'NONE',  ( 17.50000000000000355, 0.000000000000000000, -9.000000000000000000 ) ) ;
#2097 = DIRECTION ( 'NONE',  ( 0.000000000000000000, 0.000000000000000000, 1.000000000000000000 ) ) ;
#2098 = FACE_OUTER_BOUND ( 'NONE', #1150, .T. ) ;
#2099 = CARTESIAN_POINT ( 'NONE',  ( 13.24999999999999822, 0.5000000000000004441, -2.499999999999999556 ) ) ;
#2100 = ADVANCED_FACE ( 'NONE', ( #269 ), #1627, .F. ) ;
#2101 = CIRCLE ( 'NONE', #811, 0.8000000000000003775 ) ;
#2102 = FACE_OUTER_BOUND ( 'NONE', #346, .T. ) ;
#2103 = PLANE ( 'NONE',  #330 ) ;
#2104 = VERTEX_POINT ( 'NONE', #1594 ) ;
#2105 = CYLINDRICAL_SURFACE ( 'NONE', #1390, 1.499999999999999556 ) ;
#2106 = CARTESIAN_POINT ( 'NONE',  ( -12.00000000000000355, 7.500000000000000000, -2.999999999999998224 ) ) ;
#2107 = EDGE_CURVE ( 'NONE', #1354, #385, #98, .T. ) ;
#2108 = CARTESIAN_POINT ( 'NONE',  ( 14.75000000000000000, 7.500000000000000000, 2.500000000000001332 ) ) ;
#2109 = DIRECTION ( 'NONE',  ( 1.826024711554533913E-16, 0.000000000000000000, 1.000000000000000000 ) ) ;
#2110 = CARTESIAN_POINT ( 'NONE',  ( 9.499999999999998224, 7.500000000000000000, 7.864218330839939597 ) ) ;
#2111 = CARTESIAN_POINT ( 'NONE',  ( 9.499999999999994671, 0.4999999999999995559, -9.500000000000000000 ) ) ;
#2113 = DIRECTION ( 'NONE',  ( 0.000000000000000000, 0.000000000000000000, -1.000000000000000000 ) ) ;
#2112 = VECTOR ( 'NONE', #1602, 1000.000000000000000 ) ;
#2114 = VERTEX_POINT ( 'NONE', #566 ) ;
#2115 = AXIS2_PLACEMENT_3D ( 'NONE', #709, #198, #1714 ) ;
#2116 = PLANE ( 'NONE',  #2010 ) ;
#2117 = DIRECTION ( 'NONE',  ( 0.000000000000000000, 0.000000000000000000, -1.000000000000000000 ) ) ;
#2118 = EDGE_CURVE ( 'NONE', #412, #2165, #363, .T. ) ;
#2119 = DIRECTION ( 'NONE',  ( -1.000000000000000000, 0.000000000000000000, 9.912705577010326782E-17 ) ) ;
#2120 = CARTESIAN_POINT ( 'NONE',  ( -9.000000000000000000, 0.4999999999999995559, 9.000000000000000000 ) ) ;
#2121 = CARTESIAN_POINT ( 'NONE',  ( 15.25000000000000178, -16.34050177399711501, -4.000000000000000000 ) ) ;
#2122 = DIRECTION ( 'NONE',  ( 1.652117596168387756E-16, 0.000000000000000000, -1.000000000000000000 ) ) ;
#2123 = DIRECTION ( 'NONE',  ( 0.000000000000000000, 1.000000000000000000, 0.000000000000000000 ) ) ;
#2124 = VERTEX_POINT ( 'NONE', #1003 ) ;
#2125 = EDGE_CURVE ( 'NONE', #1262, #1033, #2170, .T. ) ;
#2126 = CIRCLE ( 'NONE', #229, 1.500000000000000444 ) ;
#2127 = CARTESIAN_POINT ( 'NONE',  ( -9.000000000000007105, 7.500000000000000000, 9.000000000000001776 ) ) ;
#2128 = DIRECTION ( 'NONE',  ( 0.000000000000000000, 1.000000000000000000, 0.000000000000000000 ) ) ;
#2129 = VECTOR ( 'NONE', #2055, 1000.000000000000000 ) ;
#2130 = CARTESIAN_POINT ( 'NONE',  ( -17.50000000000000000, 0.000000000000000000, 10.50000000000000000 ) ) ;
#2131 = ADVANCED_FACE ( 'NONE', ( #124 ), #463, .T. ) ;
#2132 = DIRECTION ( 'NONE',  ( 0.000000000000000000, 0.000000000000000000, 1.000000000000000000 ) ) ;
#2133 = FILL_AREA_STYLE_COLOUR ( '', #1947 ) ;
#2134 = CARTESIAN_POINT ( 'NONE',  ( 16.00000000000000000, 0.000000000000000000, -3.249999999999999112 ) ) ;
#2135 = DIRECTION ( 'NONE',  ( -0.000000000000000000, 1.000000000000000000, -0.000000000000000000 ) ) ;
#2136 = EDGE_CURVE ( 'NONE', #1500, #923, #74, .T. ) ;
#2137 = EDGE_LOOP ( 'NONE', ( #1421, #1530, #160, #159 ) ) ;
#2138 = EDGE_LOOP ( 'NONE', ( #1918, #1024, #858, #1595 ) ) ;
#2139 = DIRECTION ( 'NONE',  ( 1.000000000000000000, 0.000000000000000000, 0.000000000000000000 ) ) ;
#2140 = ADVANCED_FACE ( 'NONE', ( #1963 ), #973, .T. ) ;
#2141 = DIRECTION ( 'NONE',  ( -0.000000000000000000, 1.000000000000000000, -0.000000000000000000 ) ) ;
#2142 = CARTESIAN_POINT ( 'NONE',  ( -8.604945506379110043, 0.4999999999999995559, 9.695652173913043015 ) ) ;
#2143 = CARTESIAN_POINT ( 'NONE',  ( 13.24999999999999822, -16.34050177399711501, 1.000000000000001110 ) ) ;
#2144 = DIRECTION ( 'NONE',  ( 0.000000000000000000, 0.000000000000000000, -1.000000000000000000 ) ) ;
#2145 = ADVANCED_FACE ( 'NONE', ( #819 ), #1327, .F. ) ;
#2146 = CIRCLE ( 'NONE', #1768, 1.500000000000000000 ) ;
#2147 = EDGE_LOOP ( 'NONE', ( #433, #1866, #1406, #1066 ) ) ;
#2148 = VECTOR ( 'NONE', #469, 1000.000000000000000 ) ;
#2149 = ORIENTED_EDGE ( 'NONE', *, *, #1762, .T. ) ;
#2150 = DIRECTION ( 'NONE',  ( 0.000000000000000000, 0.000000000000000000, -1.000000000000000000 ) ) ;
#2151 = ORIENTED_EDGE ( 'NONE', *, *, #1477, .T. ) ;
#2152 = DIRECTION ( 'NONE',  ( -1.000000000000000000, 0.000000000000000000, 1.239088197126289831E-16 ) ) ;
#2153 = DIRECTION ( 'NONE',  ( 0.000000000000000000, 1.000000000000000000, 0.000000000000000000 ) ) ;
#2154 = CARTESIAN_POINT ( 'NONE',  ( 16.00000000000000000, 7.500000000000000000, 3.250000000000001332 ) ) ;
#2155 = MANIFOLD_SOLID_BREP ( 'Fillet4', #1683 ) ;
#2156 = CIRCLE ( 'NONE', #1289, 0.8000000000000003775 ) ;
#2157 = ORIENTED_EDGE ( 'NONE', *, *, #2012, .F. ) ;
#2158 = CARTESIAN_POINT ( 'NONE',  ( -8.604945506379110043, 0.4999999999999995559, -9.695652173913043015 ) ) ;
#2159 = LINE ( 'NONE', #1825, #164 ) ;
#2160 = CARTESIAN_POINT ( 'NONE',  ( -7.864218330839943150, 0.4999999999999995559, 11.00000000000000000 ) ) ;
#2161 = DIRECTION ( 'NONE',  ( -1.927470528863119049E-16, -0.000000000000000000, -1.000000000000000000 ) ) ;
#2162 = DIRECTION ( 'NONE',  ( -0.000000000000000000, 1.000000000000000000, -0.000000000000000000 ) ) ;
#2163 = ADVANCED_FACE ( 'NONE', ( #1163 ), #1807, .F. ) ;
#2164 = VERTEX_POINT ( 'NONE', #481 ) ;
#2165 = VERTEX_POINT ( 'NONE', #646 ) ;
#2166 = EDGE_CURVE ( 'NONE', #468, #686, #320, .T. ) ;
#2167 = ORIENTED_EDGE ( 'NONE', *, *, #741, .T. ) ;
#2168 = LINE ( 'NONE', #300, #1731 ) ;
#2169 = LINE ( 'NONE', #2178, #273 ) ;
#2170 = LINE ( 'NONE', #1974, #293 ) ;
#2171 = PLANE ( 'NONE',  #1149 ) ;
#2172 = DIRECTION ( 'NONE',  ( 0.000000000000000000, -1.000000000000000000, 0.000000000000000000 ) ) ;
#2173 = EDGE_CURVE ( 'NONE', #1704, #758, #1571, .T. ) ;
#2174 = ORIENTED_EDGE ( 'NONE', *, *, #581, .T. ) ;
#2175 = AXIS2_PLACEMENT_3D ( 'NONE', #1427, #1615, #2097 ) ;
#2176 = FACE_OUTER_BOUND ( 'NONE', #1842, .T. ) ;
#2177 = ORIENTED_EDGE ( 'NONE', *, *, #1195, .T. ) ;
#2178 = CARTESIAN_POINT ( 'NONE',  ( -9.500000000000005329, 0.4999999999999995559, -7.864218330839952031 ) ) ;
#2179 = CARTESIAN_POINT ( 'NONE',  ( 15.25000000000000178, 7.500000000000000000, -7.600000000000001421 ) ) ;
#2180 = CARTESIAN_POINT ( 'NONE',  ( 9.000000000000000000, 0.4999999999999995559, -9.000000000000000000 ) ) ;
#2181 = AXIS2_PLACEMENT_3D ( 'NONE', #1061, #1071, #42 ) ;
#2182 = VERTEX_POINT ( 'NONE', #991 ) ;
#2183 = AXIS2_PLACEMENT_3D ( 'NONE', #757, #249, #1756 ) ;
#2184 = ORIENTED_EDGE ( 'NONE', *, *, #1712, .T. ) ;
ENDSEC;
END-ISO-10303-21;
