ISO-10303-21;
HEADER;
FILE_DESCRIPTION (( 'STEP AP214' ),
    '1' );
FILE_NAME ('SiPM base 2x1.STEP',
    '2026-01-09T11:21:24',
    ( '' ),
    ( '' ),
    'SwSTEP 2.0',
    'SolidWorks 2024',
    '' );
FILE_SCHEMA (( 'AUTOMOTIVE_DESIGN' ));
ENDSEC;

DATA;
#1 = ORIENTED_EDGE ( 'NONE', *, *, #678, .F. ) ;
#2 = CARTESIAN_POINT ( 'NONE',  ( -2.349999999999999645, -2.000000000000000000, 0.1000000000000000056 ) ) ;
#3 = CARTESIAN_POINT ( 'NONE',  ( 4.200000000000000178, 2.000000000000000000, 0.1000000000000000056 ) ) ;
#4 = UNCERTAINTY_MEASURE_WITH_UNIT (LENGTH_MEASURE( 1.000000000000000082E-05 ), #1802, 'distance_accuracy_value', 'NONE');
#5 = DIRECTION ( 'NONE',  ( 0.000000000000000000, -1.000000000000000000, 0.000000000000000000 ) ) ;
#6 = CARTESIAN_POINT ( 'NONE',  ( -4.200000000000000178, 0.000000000000000000, 0.1000000000000000056 ) ) ;
#7 = ORIENTED_EDGE ( 'NONE', *, *, #1564, .T. ) ;
#8 = UNCERTAINTY_MEASURE_WITH_UNIT (LENGTH_MEASURE( 1.000000000000000082E-05 ), #308, 'distance_accuracy_value', 'NONE');
#9 = SURFACE_STYLE_USAGE ( .BOTH. , #2378 ) ;
#10 = DIRECTION ( 'NONE',  ( 0.000000000000000000, 0.000000000000000000, 1.000000000000000000 ) ) ;
#11 = EDGE_CURVE ( 'NONE', #1707, #1903, #191, .T. ) ;
#12 = ORIENTED_EDGE ( 'NONE', *, *, #2343, .F. ) ;
#13 = FILL_AREA_STYLE_COLOUR ( '', #101 ) ;
#14 = DIRECTION ( 'NONE',  ( -1.000000000000000000, 0.000000000000000000, 0.000000000000000000 ) ) ;
#15 = VECTOR ( 'NONE', #1655, 1000.000000000000000 ) ;
#16 = ORIENTED_EDGE ( 'NONE', *, *, #2289, .F. ) ;
#17 = FACE_OUTER_BOUND ( 'NONE', #2635, .T. ) ;
#18 = VECTOR ( 'NONE', #201, 1000.000000000000000 ) ;
#19 = COLOUR_RGB ( '',1.000000000000000000, 1.000000000000000000, 0.000000000000000000 ) ;
#20 =( GEOMETRIC_REPRESENTATION_CONTEXT ( 3 ) GLOBAL_UNCERTAINTY_ASSIGNED_CONTEXT ( ( #819 ) ) GLOBAL_UNIT_ASSIGNED_CONTEXT ( ( #1231, #2080, #2275 ) ) REPRESENTATION_CONTEXT ( 'NONE', 'WORKASPACE' ) );
#21 = ORIENTED_EDGE ( 'NONE', *, *, #2037, .F. ) ;
#22 = AXIS2_PLACEMENT_3D ( 'NONE', #180, #1404, #1206 ) ;
#23 = AXIS2_PLACEMENT_3D ( 'NONE', #2186, #325, #99 ) ;
#24 =( NAMED_UNIT ( * ) SI_UNIT ( $, .STERADIAN. ) SOLID_ANGLE_UNIT ( ) );
#25 = MECHANICAL_DESIGN_GEOMETRIC_PRESENTATION_REPRESENTATION (  '', ( #836 ), #968 ) ;
#26 = AXIS2_PLACEMENT_3D ( 'NONE', #2119, #2095, #1513 ) ;
#27 = ORIENTED_EDGE ( 'NONE', *, *, #1594, .T. ) ;
#28 = CARTESIAN_POINT ( 'NONE',  ( -5.549999999999999822, 0.000000000000000000, 0.1000000000000000056 ) ) ;
#29 = AXIS2_PLACEMENT_3D ( 'NONE', #2531, #2326, #820 ) ;
#30 = FILL_AREA_STYLE ('',( #497 ) ) ;
#31 = UNCERTAINTY_MEASURE_WITH_UNIT (LENGTH_MEASURE( 1.000000000000000082E-05 ), #284, 'distance_accuracy_value', 'NONE');
#32 = ORIENTED_EDGE ( 'NONE', *, *, #1909, .T. ) ;
#33 = DIRECTION ( 'NONE',  ( -1.000000000000000000, 2.825282534164181327E-16, 0.000000000000000000 ) ) ;
#34 = SURFACE_STYLE_FILL_AREA ( #2166 ) ;
#35 = SURFACE_STYLE_USAGE ( .BOTH. , #648 ) ;
#36 = ORIENTED_EDGE ( 'NONE', *, *, #1167, .T. ) ;
#37 = EDGE_CURVE ( 'NONE', #754, #155, #50, .T. ) ;
#38 = DIRECTION ( 'NONE',  ( 0.000000000000000000, 0.000000000000000000, 1.000000000000000000 ) ) ;
#39 = FACE_OUTER_BOUND ( 'NONE', #365, .T. ) ;
#40 = ORIENTED_EDGE ( 'NONE', *, *, #2522, .F. ) ;
#41 = SURFACE_STYLE_USAGE ( .BOTH. , #1745 ) ;
#42 = SURFACE_SIDE_STYLE ('',( #1459 ) ) ;
#43 = DIRECTION ( 'NONE',  ( -0.000000000000000000, -0.000000000000000000, -1.000000000000000000 ) ) ;
#44 = EDGE_CURVE ( 'NONE', #1677, #927, #122, .T. ) ;
#45 = EDGE_LOOP ( 'NONE', ( #52, #1149, #1934, #215 ) ) ;
#46 =( LENGTH_UNIT ( ) NAMED_UNIT ( * ) SI_UNIT ( .MILLI., .METRE. ) );
#47 =( NAMED_UNIT ( * ) SI_UNIT ( $, .STERADIAN. ) SOLID_ANGLE_UNIT ( ) );
#48 = FACE_OUTER_BOUND ( 'NONE', #1550, .T. ) ;
#49 = ORIENTED_EDGE ( 'NONE', *, *, #2342, .T. ) ;
#50 = CIRCLE ( 'NONE', #411, 0.4999999999999995559 ) ;
#51 = LINE ( 'NONE', #2544, #1356 ) ;
#52 = ORIENTED_EDGE ( 'NONE', *, *, #755, .F. ) ;
#53 = EDGE_LOOP ( 'NONE', ( #2021, #2162, #763, #831 ) ) ;
#54 = ADVANCED_FACE ( 'NONE', ( #1396 ), #79, .T. ) ;
#55 = PLANE ( 'NONE',  #1104 ) ;
#56 = EDGE_LOOP ( 'NONE', ( #1332, #1587 ) ) ;
#57 = AXIS2_PLACEMENT_3D ( 'NONE', #2287, #2710, #1244 ) ;
#58 = VECTOR ( 'NONE', #1092, 1000.000000000000000 ) ;
#59 = SURFACE_STYLE_USAGE ( .BOTH. , #2146 ) ;
#60 = UNCERTAINTY_MEASURE_WITH_UNIT (LENGTH_MEASURE( 1.000000000000000082E-05 ), #925, 'distance_accuracy_value', 'NONE');
#61 =( LENGTH_UNIT ( ) NAMED_UNIT ( * ) SI_UNIT ( .MILLI., .METRE. ) );
#62 = STYLED_ITEM ( 'NONE', ( #2237 ), #1710 ) ;
#63 = AXIS2_PLACEMENT_3D ( 'NONE', #2270, #415, #1023 ) ;
#64 = CARTESIAN_POINT ( 'NONE',  ( -6.050000000000000711, 0.000000000000000000, 0.1000000000000000056 ) ) ;
#65 = FILL_AREA_STYLE_COLOUR ( '', #1135 ) ;
#66 = EDGE_CURVE ( 'NONE', #1285, #2565, #901, .T. ) ;
#67 = PRESENTATION_LAYER_ASSIGNMENT (  '', '', ( #1398 ) ) ;
#68 = VERTEX_POINT ( 'NONE', #344 ) ;
#69 = VECTOR ( 'NONE', #2174, 1000.000000000000000 ) ;
#70 = SURFACE_STYLE_USAGE ( .BOTH. , #312 ) ;
#71 = STYLED_ITEM ( 'NONE', ( #1150 ), #2493 ) ;
#72 = DIRECTION ( 'NONE',  ( 1.000000000000000000, 0.000000000000000000, 0.000000000000000000 ) ) ;
#73 = ORIENTED_EDGE ( 'NONE', *, *, #1505, .T. ) ;
#74 = EDGE_CURVE ( 'NONE', #1834, #420, #1256, .T. ) ;
#75 = EDGE_CURVE ( 'NONE', #2366, #1631, #1170, .T. ) ;
#76 = CARTESIAN_POINT ( 'NONE',  ( -6.050000000000000711, 0.000000000000000000, 0.1000000000000000056 ) ) ;
#77 = SURFACE_SIDE_STYLE ('',( #1582 ) ) ;
#78 = DIRECTION ( 'NONE',  ( -0.000000000000000000, -0.000000000000000000, -1.000000000000000000 ) ) ;
#79 = PLANE ( 'NONE',  #1798 ) ;
#80 = FACE_BOUND ( 'NONE', #911, .T. ) ;
#81 = ORIENTED_EDGE ( 'NONE', *, *, #2051, .T. ) ;
#82 = FILL_AREA_STYLE_COLOUR ( '', #1241 ) ;
#83 = SURFACE_SIDE_STYLE ('',( #1778 ) ) ;
#84 = VERTEX_POINT ( 'NONE', #2583 ) ;
#85 =( NAMED_UNIT ( * ) PLANE_ANGLE_UNIT ( ) SI_UNIT ( $, .RADIAN. ) );
#86 =( LENGTH_UNIT ( ) NAMED_UNIT ( * ) SI_UNIT ( .MILLI., .METRE. ) );
#87 = EDGE_CURVE ( 'NONE', #1719, #2547, #1372, .T. ) ;
#88 = DIRECTION ( 'NONE',  ( -1.000000000000000000, 0.000000000000000000, 0.000000000000000000 ) ) ;
#89 = FILL_AREA_STYLE ('',( #775 ) ) ;
#90 = CARTESIAN_POINT ( 'NONE',  ( 5.549999999999999822, 2.000000000000000000, 0.1000000000000000056 ) ) ;
#91 = FACE_BOUND ( 'NONE', #1353, .T. ) ;
#92 = MECHANICAL_DESIGN_GEOMETRIC_PRESENTATION_REPRESENTATION (  '', ( #2375 ), #412 ) ;
#93 = EDGE_LOOP ( 'NONE', ( #1544, #81 ) ) ;
#94 = FACE_OUTER_BOUND ( 'NONE', #2105, .T. ) ;
#95 = CARTESIAN_POINT ( 'NONE',  ( 1.850000000000000311, -2.000000000000000000, 0.1000000000000000056 ) ) ;
#96 = FILL_AREA_STYLE_COLOUR ( '', #1762 ) ;
#97 = DIRECTION ( 'NONE',  ( 1.000000000000000000, -0.000000000000000000, -0.000000000000000000 ) ) ;
#98 =( GEOMETRIC_REPRESENTATION_CONTEXT ( 3 ) GLOBAL_UNCERTAINTY_ASSIGNED_CONTEXT ( ( #1811 ) ) GLOBAL_UNIT_ASSIGNED_CONTEXT ( ( #2267, #2454, #2311 ) ) REPRESENTATION_CONTEXT ( 'NONE', 'WORKASPACE' ) );
#99 = DIRECTION ( 'NONE',  ( -1.000000000000000000, 0.000000000000000000, 0.000000000000000000 ) ) ;
#100 =( GEOMETRIC_REPRESENTATION_CONTEXT ( 3 ) GLOBAL_UNCERTAINTY_ASSIGNED_CONTEXT ( ( #569 ) ) GLOBAL_UNIT_ASSIGNED_CONTEXT ( ( #585, #1047, #841 ) ) REPRESENTATION_CONTEXT ( 'NONE', 'WORKASPACE' ) );
#101 = COLOUR_RGB ( '',1.000000000000000000, 1.000000000000000000, 0.000000000000000000 ) ;
#102 = SURFACE_STYLE_FILL_AREA ( #1418 ) ;
#103 = SURFACE_STYLE_FILL_AREA ( #343 ) ;
#104 =( GEOMETRIC_REPRESENTATION_CONTEXT ( 3 ) GLOBAL_UNCERTAINTY_ASSIGNED_CONTEXT ( ( #2685 ) ) GLOBAL_UNIT_ASSIGNED_CONTEXT ( ( #2403, #1756, #1606 ) ) REPRESENTATION_CONTEXT ( 'NONE', 'WORKASPACE' ) );
#105 = CARTESIAN_POINT ( 'NONE',  ( -5.549999999999999822, 2.000000000000000000, 0.000000000000000000 ) ) ;
#106 = FILL_AREA_STYLE_COLOUR ( '', #390 ) ;
#107 = COLOUR_RGB ( '',1.000000000000000000, 1.000000000000000000, 0.000000000000000000 ) ;
#108 = STYLED_ITEM ( 'NONE', ( #530 ), #1027 ) ;
#109 = EDGE_CURVE ( 'NONE', #2292, #1899, #2585, .T. ) ;
#110 = EDGE_CURVE ( 'NONE', #466, #172, #1895, .T. ) ;
#111 = ORIENTED_EDGE ( 'NONE', *, *, #2272, .T. ) ;
#112 = PRESENTATION_STYLE_ASSIGNMENT (( #942 ) ) ;
#113 = VECTOR ( 'NONE', #1920, 1000.000000000000000 ) ;
#114 = VECTOR ( 'NONE', #134, 1000.000000000000000 ) ;
#115 = UNCERTAINTY_MEASURE_WITH_UNIT (LENGTH_MEASURE( 1.000000000000000082E-05 ), #1892, 'distance_accuracy_value', 'NONE');
#116 = DIRECTION ( 'NONE',  ( -0.000000000000000000, -0.000000000000000000, -1.000000000000000000 ) ) ;
#117 = DIRECTION ( 'NONE',  ( -0.000000000000000000, -0.000000000000000000, -1.000000000000000000 ) ) ;
#118 = FILL_AREA_STYLE ('',( #1357 ) ) ;
#119 = COLOUR_RGB ( '',1.000000000000000000, 1.000000000000000000, 0.000000000000000000 ) ;
#120 = FILL_AREA_STYLE_COLOUR ( '', #792 ) ;
#121 =( GEOMETRIC_REPRESENTATION_CONTEXT ( 3 ) GLOBAL_UNCERTAINTY_ASSIGNED_CONTEXT ( ( #8 ) ) GLOBAL_UNIT_ASSIGNED_CONTEXT ( ( #308, #489, #1949 ) ) REPRESENTATION_CONTEXT ( 'NONE', 'WORKASPACE' ) );
#122 = LINE ( 'NONE', #2217, #1042 ) ;
#123 = SURFACE_STYLE_USAGE ( .BOTH. , #1596 ) ;
#124 = FACE_BOUND ( 'NONE', #2264, .T. ) ;
#125 = VERTEX_POINT ( 'NONE', #2424 ) ;
#126 = EDGE_CURVE ( 'NONE', #685, #351, #969, .T. ) ;
#127 = PRESENTATION_STYLE_ASSIGNMENT (( #2016 ) ) ;
#128 = FACE_OUTER_BOUND ( 'NONE', #1839, .T. ) ;
#129 = EDGE_CURVE ( 'NONE', #1583, #736, #1198, .T. ) ;
#130 = DIRECTION ( 'NONE',  ( 1.000000000000000000, 0.000000000000000000, 0.000000000000000000 ) ) ;
#131 = FILL_AREA_STYLE_COLOUR ( '', #2121 ) ;
#132 = EDGE_LOOP ( 'NONE', ( #675, #147, #1130, #310 ) ) ;
#133 =( NAMED_UNIT ( * ) SI_UNIT ( $, .STERADIAN. ) SOLID_ANGLE_UNIT ( ) );
#134 = DIRECTION ( 'NONE',  ( -0.000000000000000000, -0.000000000000000000, -1.000000000000000000 ) ) ;
#135 = UNCERTAINTY_MEASURE_WITH_UNIT (LENGTH_MEASURE( 1.000000000000000082E-05 ), #1720, 'distance_accuracy_value', 'NONE');
#136 = VERTEX_POINT ( 'NONE', #1744 ) ;
#137 = VECTOR ( 'NONE', #2188, 1000.000000000000000 ) ;
#138 = FILL_AREA_STYLE_COLOUR ( '', #1220 ) ;
#139 = FILL_AREA_STYLE_COLOUR ( '', #119 ) ;
#140 = COLOUR_RGB ( '',1.000000000000000000, 1.000000000000000000, 0.000000000000000000 ) ;
#141 = UNCERTAINTY_MEASURE_WITH_UNIT (LENGTH_MEASURE( 1.000000000000000082E-05 ), #1010, 'distance_accuracy_value', 'NONE');
#142 = CARTESIAN_POINT ( 'NONE',  ( 1.350000000000000533, -2.000000000000000000, 0.1000000000000000056 ) ) ;
#143 = DIRECTION ( 'NONE',  ( -1.326241189584715037E-16, 1.000000000000000000, -0.000000000000000000 ) ) ;
#144 = CARTESIAN_POINT ( 'NONE',  ( -6.050000000000000711, 2.000000000000000000, 0.1000000000000000056 ) ) ;
#145 = ADVANCED_FACE ( 'NONE', ( #576 ), #803, .T. ) ;
#146 = DIRECTION ( 'NONE',  ( 1.000000000000000000, 0.000000000000000000, 0.000000000000000000 ) ) ;
#147 = ORIENTED_EDGE ( 'NONE', *, *, #2037, .T. ) ;
#148 = VECTOR ( 'NONE', #116, 1000.000000000000000 ) ;
#149 = PRESENTATION_STYLE_ASSIGNMENT (( #1971 ) ) ;
#150 = DIRECTION ( 'NONE',  ( -0.000000000000000000, -0.000000000000000000, 1.000000000000000000 ) ) ;
#151 = AXIS2_PLACEMENT_3D ( 'NONE', #2444, #581, #2054 ) ;
#152 = FILL_AREA_STYLE_COLOUR ( '', #522 ) ;
#153 =( GEOMETRIC_REPRESENTATION_CONTEXT ( 3 ) GLOBAL_UNCERTAINTY_ASSIGNED_CONTEXT ( ( #2225 ) ) GLOBAL_UNIT_ASSIGNED_CONTEXT ( ( #529, #324, #1475 ) ) REPRESENTATION_CONTEXT ( 'NONE', 'WORKASPACE' ) );
#154 = STYLED_ITEM ( 'NONE', ( #1443 ), #933 ) ;
#155 = VERTEX_POINT ( 'NONE', #2064 ) ;
#156 = CARTESIAN_POINT ( 'NONE',  ( -1.849999999999999645, 2.000000000000000000, 0.000000000000000000 ) ) ;
#157 = MECHANICAL_DESIGN_GEOMETRIC_PRESENTATION_REPRESENTATION (  '', ( #62 ), #659 ) ;
#158 = MECHANICAL_DESIGN_GEOMETRIC_PRESENTATION_REPRESENTATION (  '', ( #161 ), #2079 ) ;
#159 = FILL_AREA_STYLE ('',( #139 ) ) ;
#160 = VECTOR ( 'NONE', #2327, 1000.000000000000000 ) ;
#161 = STYLED_ITEM ( 'NONE', ( #1724 ), #1007 ) ;
#162 =( LENGTH_UNIT ( ) NAMED_UNIT ( * ) SI_UNIT ( .MILLI., .METRE. ) );
#163 = DIRECTION ( 'NONE',  ( -0.000000000000000000, -0.000000000000000000, -1.000000000000000000 ) ) ;
#164 =( GEOMETRIC_REPRESENTATION_CONTEXT ( 3 ) GLOBAL_UNCERTAINTY_ASSIGNED_CONTEXT ( ( #31 ) ) GLOBAL_UNIT_ASSIGNED_CONTEXT ( ( #284, #1221, #317 ) ) REPRESENTATION_CONTEXT ( 'NONE', 'WORKASPACE' ) );
#165 = DIRECTION ( 'NONE',  ( 0.000000000000000000, 0.000000000000000000, 1.000000000000000000 ) ) ;
#166 = EDGE_LOOP ( 'NONE', ( #1649, #2199, #1868, #473 ) ) ;
#167 = ADVANCED_FACE ( 'NONE', ( #2274 ), #588, .T. ) ;
#168 = EDGE_CURVE ( 'NONE', #2122, #351, #601, .T. ) ;
#169 = CIRCLE ( 'NONE', #2002, 0.5000000000000000000 ) ;
#170 = DIRECTION ( 'NONE',  ( 1.000000000000000000, 0.000000000000000000, -0.000000000000000000 ) ) ;
#171 = MECHANICAL_DESIGN_GEOMETRIC_PRESENTATION_REPRESENTATION (  '', ( #1922 ), #2705 ) ;
#172 = VERTEX_POINT ( 'NONE', #1864 ) ;
#173 = DIRECTION ( 'NONE',  ( 0.000000000000000000, 0.000000000000000000, 1.000000000000000000 ) ) ;
#174 = DIRECTION ( 'NONE',  ( -0.000000000000000000, -0.000000000000000000, 1.000000000000000000 ) ) ;
#175 = FACE_OUTER_BOUND ( 'NONE', #2328, .T. ) ;
#176 = UNCERTAINTY_MEASURE_WITH_UNIT (LENGTH_MEASURE( 1.000000000000000082E-05 ), #362, 'distance_accuracy_value', 'NONE');
#177 =( LENGTH_UNIT ( ) NAMED_UNIT ( * ) SI_UNIT ( .MILLI., .METRE. ) );
#178 =( LENGTH_UNIT ( ) NAMED_UNIT ( * ) SI_UNIT ( .MILLI., .METRE. ) );
#179 = APPLICATION_CONTEXT ( 'automotive_design' ) ;
#180 = CARTESIAN_POINT ( 'NONE',  ( 3.700000000000000178, 2.000000000000000000, 0.000000000000000000 ) ) ;
#181 = EDGE_LOOP ( 'NONE', ( #2569, #719, #2623, #2315 ) ) ;
#182 = DIRECTION ( 'NONE',  ( 1.000000000000000000, 0.000000000000000000, 0.000000000000000000 ) ) ;
#183 = CYLINDRICAL_SURFACE ( 'NONE', #994, 0.4999999999999997780 ) ;
#184 =( NAMED_UNIT ( * ) SI_UNIT ( $, .STERADIAN. ) SOLID_ANGLE_UNIT ( ) );
#185 = CARTESIAN_POINT ( 'NONE',  ( -2.349999999999999645, -2.000000000000000000, 0.000000000000000000 ) ) ;
#186 = EDGE_LOOP ( 'NONE', ( #1201, #1473 ) ) ;
#187 = EDGE_CURVE ( 'NONE', #1572, #1225, #1848, .T. ) ;
#188 =( NAMED_UNIT ( * ) PLANE_ANGLE_UNIT ( ) SI_UNIT ( $, .RADIAN. ) );
#189 = PRESENTATION_STYLE_ASSIGNMENT (( #1447 ) ) ;
#190 = CARTESIAN_POINT ( 'NONE',  ( 0.000000000000000000, 0.000000000000000000, 0.1000000000000000056 ) ) ;
#191 = CIRCLE ( 'NONE', #1547, 0.5000000000000000000 ) ;
#192 = DIRECTION ( 'NONE',  ( 1.000000000000000000, 0.000000000000000000, -0.000000000000000000 ) ) ;
#193 = LINE ( 'NONE', #1069, #1361 ) ;
#194 = CARTESIAN_POINT ( 'NONE',  ( 1.850000000000000311, -2.000000000000000000, 0.000000000000000000 ) ) ;
#195 = ORIENTED_EDGE ( 'NONE', *, *, #1001, .F. ) ;
#196 = SURFACE_STYLE_FILL_AREA ( #2273 ) ;
#197 = FILL_AREA_STYLE ('',( #2288 ) ) ;
#198 = CARTESIAN_POINT ( 'NONE',  ( 0.4299999999999989386, -3.070000000000001616, -0.5000000000000000000 ) ) ;
#199 = FILL_AREA_STYLE ('',( #152 ) ) ;
#200 = VERTEX_POINT ( 'NONE', #2649 ) ;
#201 = DIRECTION ( 'NONE',  ( -0.000000000000000000, -0.000000000000000000, 1.000000000000000000 ) ) ;
#202 = FACE_OUTER_BOUND ( 'NONE', #132, .T. ) ;
#203 =( GEOMETRIC_REPRESENTATION_CONTEXT ( 3 ) GLOBAL_UNCERTAINTY_ASSIGNED_CONTEXT ( ( #2057 ) ) GLOBAL_UNIT_ASSIGNED_CONTEXT ( ( #1164, #916, #499 ) ) REPRESENTATION_CONTEXT ( 'NONE', 'WORKASPACE' ) );
#204 = MECHANICAL_DESIGN_GEOMETRIC_PRESENTATION_REPRESENTATION (  '', ( #1471 ), #2684 ) ;
#205 = ADVANCED_FACE ( 'NONE', ( #1619 ), #183, .T. ) ;
#206 = UNCERTAINTY_MEASURE_WITH_UNIT (LENGTH_MEASURE( 1.000000000000000082E-05 ), #1699, 'distance_accuracy_value', 'NONE');
#207 = FILL_AREA_STYLE_COLOUR ( '', #738 ) ;
#208 = CIRCLE ( 'NONE', #254, 0.5000000000000004441 ) ;
#209 = PRESENTATION_LAYER_ASSIGNMENT (  '', '', ( #1392 ) ) ;
#210 =( LENGTH_UNIT ( ) NAMED_UNIT ( * ) SI_UNIT ( .MILLI., .METRE. ) );
#211 = AXIS2_PLACEMENT_3D ( 'NONE', #194, #1638, #1629 ) ;
#212 = CIRCLE ( 'NONE', #1733, 0.4999999999999995559 ) ;
#213 = LINE ( 'NONE', #1059, #1690 ) ;
#214 = PRESENTATION_STYLE_ASSIGNMENT (( #35 ) ) ;
#215 = ORIENTED_EDGE ( 'NONE', *, *, #37, .T. ) ;
#216 = PRESENTATION_STYLE_ASSIGNMENT (( #2038 ) ) ;
#217 = COLOUR_RGB ( '',1.000000000000000000, 1.000000000000000000, 0.000000000000000000 ) ;
#218 =( NAMED_UNIT ( * ) PLANE_ANGLE_UNIT ( ) SI_UNIT ( $, .RADIAN. ) );
#219 = DIRECTION ( 'NONE',  ( -1.000000000000000000, 1.236061108696829207E-16, 0.000000000000000000 ) ) ;
#220 = STYLED_ITEM ( 'NONE', ( #1538 ), #2314 ) ;
#221 = ADVANCED_BREP_SHAPE_REPRESENTATION ( 'SiPM base 2x1', ( #2589, #1743 ), #1961 ) ;
#222 = ORIENTED_EDGE ( 'NONE', *, *, #2301, .T. ) ;
#223 = DIRECTION ( 'NONE',  ( 1.000000000000000000, 0.000000000000000000, 0.000000000000000000 ) ) ;
#224 = LINE ( 'NONE', #2656, #2212 ) ;
#225 = SURFACE_SIDE_STYLE ('',( #645 ) ) ;
#226 =( LENGTH_UNIT ( ) NAMED_UNIT ( * ) SI_UNIT ( .MILLI., .METRE. ) );
#227 =( NAMED_UNIT ( * ) SI_UNIT ( $, .STERADIAN. ) SOLID_ANGLE_UNIT ( ) );
#228 = VERTEX_POINT ( 'NONE', #2303 ) ;
#229 = CARTESIAN_POINT ( 'NONE',  ( 5.549999999999999822, -2.000000000000000000, 0.1000000000000000056 ) ) ;
#230 = DIRECTION ( 'NONE',  ( -1.000000000000000000, 0.000000000000000000, 0.000000000000000000 ) ) ;
#231 = CARTESIAN_POINT ( 'NONE',  ( 6.769999999999997797, 3.269999999999999574, -0.5000000000000000000 ) ) ;
#232 = FACE_OUTER_BOUND ( 'NONE', #1622, .T. ) ;
#233 = EDGE_LOOP ( 'NONE', ( #549, #332 ) ) ;
#234 = DIRECTION ( 'NONE',  ( -0.000000000000000000, -0.000000000000000000, -1.000000000000000000 ) ) ;
#235 =( NAMED_UNIT ( * ) SI_UNIT ( $, .STERADIAN. ) SOLID_ANGLE_UNIT ( ) );
#236 = UNCERTAINTY_MEASURE_WITH_UNIT (LENGTH_MEASURE( 1.000000000000000082E-05 ), #2291, 'distance_accuracy_value', 'NONE');
#237 = ORIENTED_EDGE ( 'NONE', *, *, #1615, .F. ) ;
#238 = DIRECTION ( 'NONE',  ( 0.000000000000000000, 0.000000000000000000, 1.000000000000000000 ) ) ;
#239 = ORIENTED_EDGE ( 'NONE', *, *, #66, .T. ) ;
#240 = EDGE_CURVE ( 'NONE', #1441, #580, #331, .T. ) ;
#241 = PRESENTATION_LAYER_ASSIGNMENT (  '', '', ( #2375 ) ) ;
#242 = CARTESIAN_POINT ( 'NONE',  ( -5.549999999999999822, 0.000000000000000000, 0.1000000000000000056 ) ) ;
#243 = CARTESIAN_POINT ( 'NONE',  ( -1.849999999999999645, -2.000000000000000000, 0.1000000000000000056 ) ) ;
#244 = SURFACE_STYLE_USAGE ( .BOTH. , #886 ) ;
#245 = EDGE_LOOP ( 'NONE', ( #1965, #407 ) ) ;
#246 = FILL_AREA_STYLE ('',( #65 ) ) ;
#247 = SURFACE_SIDE_STYLE ('',( #1502 ) ) ;
#248 = PRESENTATION_LAYER_ASSIGNMENT (  '', '', ( #1466 ) ) ;
#249 = ORIENTED_EDGE ( 'NONE', *, *, #1969, .F. ) ;
#250 = CIRCLE ( 'NONE', #2035, 0.5000000000000000000 ) ;
#251 = EDGE_CURVE ( 'NONE', #1192, #823, #1978, .T. ) ;
#252 = PRESENTATION_LAYER_ASSIGNMENT (  '', '', ( #1471 ) ) ;
#253 = FACE_OUTER_BOUND ( 'NONE', #1489, .T. ) ;
#254 = AXIS2_PLACEMENT_3D ( 'NONE', #242, #1486, #2316 ) ;
#255 = CARTESIAN_POINT ( 'NONE',  ( -6.570000000000002061, 3.070000000000000284, -1.074999999999999956 ) ) ;
#256 = ORIENTED_EDGE ( 'NONE', *, *, #74, .F. ) ;
#257 = VECTOR ( 'NONE', #1250, 1000.000000000000000 ) ;
#258 = VECTOR ( 'NONE', #1925, 1000.000000000000000 ) ;
#259 =( NAMED_UNIT ( * ) SI_UNIT ( $, .STERADIAN. ) SOLID_ANGLE_UNIT ( ) );
#260 = LINE ( 'NONE', #509, #1212 ) ;
#261 = DIRECTION ( 'NONE',  ( -1.326241189584715037E-16, 1.000000000000000000, 0.000000000000000000 ) ) ;
#262 = EDGE_CURVE ( 'NONE', #172, #466, #2456, .T. ) ;
#263 = SURFACE_STYLE_FILL_AREA ( #2331 ) ;
#264 = CIRCLE ( 'NONE', #1697, 0.5000000000000000000 ) ;
#265 = ORIENTED_EDGE ( 'NONE', *, *, #1044, .F. ) ;
#266 = CARTESIAN_POINT ( 'NONE',  ( 3.200000000000000622, 0.000000000000000000, 0.000000000000000000 ) ) ;
#267 =( LENGTH_UNIT ( ) NAMED_UNIT ( * ) SI_UNIT ( .MILLI., .METRE. ) );
#268 = AXIS2_PLACEMENT_3D ( 'NONE', #582, #2234, #2006 ) ;
#269 =( NAMED_UNIT ( * ) PLANE_ANGLE_UNIT ( ) SI_UNIT ( $, .RADIAN. ) );
#270 = PRESENTATION_STYLE_ASSIGNMENT (( #1546 ) ) ;
#271 = FACE_OUTER_BOUND ( 'NONE', #2674, .T. ) ;
#272 = ORIENTED_EDGE ( 'NONE', *, *, #804, .T. ) ;
#273 = CARTESIAN_POINT ( 'NONE',  ( 1.850000000000000311, 2.000000000000000000, 0.1000000000000000056 ) ) ;
#274 =( NAMED_UNIT ( * ) SI_UNIT ( $, .STERADIAN. ) SOLID_ANGLE_UNIT ( ) );
#275 = ORIENTED_EDGE ( 'NONE', *, *, #2254, .T. ) ;
#276 = CARTESIAN_POINT ( 'NONE',  ( 0.000000000000000000, 0.000000000000000000, 0.000000000000000000 ) ) ;
#277 = ORIENTED_EDGE ( 'NONE', *, *, #2254, .F. ) ;
#278 = SURFACE_STYLE_FILL_AREA ( #890 ) ;
#279 = CARTESIAN_POINT ( 'NONE',  ( -0.4300000000000025469, 3.070000000000000284, -0.5000000000000000000 ) ) ;
#280 = CARTESIAN_POINT ( 'NONE',  ( 4.200000000000000178, 2.000000000000000000, 0.1000000000000000056 ) ) ;
#281 = EDGE_LOOP ( 'NONE', ( #586, #847, #747, #500 ) ) ;
#282 = DIRECTION ( 'NONE',  ( 1.000000000000000000, 0.000000000000000000, 0.000000000000000000 ) ) ;
#283 = EDGE_CURVE ( 'NONE', #2360, #136, #860, .T. ) ;
#284 =( LENGTH_UNIT ( ) NAMED_UNIT ( * ) SI_UNIT ( .MILLI., .METRE. ) );
#285 = STYLED_ITEM ( 'NONE', ( #366 ), #167 ) ;
#286 = ORIENTED_EDGE ( 'NONE', *, *, #1692, .F. ) ;
#287 = CYLINDRICAL_SURFACE ( 'NONE', #1181, 0.5000000000000004441 ) ;
#288 =( LENGTH_UNIT ( ) NAMED_UNIT ( * ) SI_UNIT ( .MILLI., .METRE. ) );
#289 = SURFACE_STYLE_FILL_AREA ( #1930 ) ;
#290 = UNCERTAINTY_MEASURE_WITH_UNIT (LENGTH_MEASURE( 1.000000000000000082E-05 ), #288, 'distance_accuracy_value', 'NONE');
#291 = ORIENTED_EDGE ( 'NONE', *, *, #2343, .T. ) ;
#292 = LINE ( 'NONE', #1336, #1175 ) ;
#293 = EDGE_CURVE ( 'NONE', #2286, #68, #1338, .T. ) ;
#294 =( NAMED_UNIT ( * ) SI_UNIT ( $, .STERADIAN. ) SOLID_ANGLE_UNIT ( ) );
#295 = MECHANICAL_DESIGN_GEOMETRIC_PRESENTATION_REPRESENTATION (  '', ( #1000 ), #2244 ) ;
#296 = CARTESIAN_POINT ( 'NONE',  ( 5.549999999999999822, -2.000000000000000000, 0.1000000000000000056 ) ) ;
#297 = EDGE_LOOP ( 'NONE', ( #36, #49, #1514, #512 ) ) ;
#298 = COLOUR_RGB ( '',1.000000000000000000, 1.000000000000000000, 0.000000000000000000 ) ;
#299 = CARTESIAN_POINT ( 'NONE',  ( 5.549999999999999822, -2.000000000000000000, 0.1000000000000000056 ) ) ;
#300 = DIRECTION ( 'NONE',  ( 1.326241189584715037E-16, -1.000000000000000000, 0.000000000000000000 ) ) ;
#301 = PRESENTATION_LAYER_ASSIGNMENT (  '', '', ( #62 ) ) ;
#302 = MECHANICAL_DESIGN_GEOMETRIC_PRESENTATION_REPRESENTATION (  '', ( #345 ), #871 ) ;
#303 = CARTESIAN_POINT ( 'NONE',  ( 0.4299999999999997158, 3.069999999999998508, -1.074999999999999956 ) ) ;
#304 = PRESENTATION_LAYER_ASSIGNMENT (  '', '', ( #2034 ) ) ;
#305 = COLOUR_RGB ( '',1.000000000000000000, 1.000000000000000000, 0.000000000000000000 ) ;
#306 = DIRECTION ( 'NONE',  ( 0.000000000000000000, 0.000000000000000000, 1.000000000000000000 ) ) ;
#307 = CARTESIAN_POINT ( 'NONE',  ( -6.050000000000000711, -2.000000000000000000, 0.1000000000000000056 ) ) ;
#308 =( LENGTH_UNIT ( ) NAMED_UNIT ( * ) SI_UNIT ( .MILLI., .METRE. ) );
#309 = MECHANICAL_DESIGN_GEOMETRIC_PRESENTATION_REPRESENTATION (  '', ( #2307 ), #2609 ) ;
#310 = ORIENTED_EDGE ( 'NONE', *, *, #129, .F. ) ;
#311 = FILL_AREA_STYLE ('',( #2142 ) ) ;
#312 = SURFACE_SIDE_STYLE ('',( #1301 ) ) ;
#313 = ADVANCED_FACE ( 'NONE', ( #2116 ), #1906, .T. ) ;
#314 = FILL_AREA_STYLE_COLOUR ( '', #1850 ) ;
#315 = SURFACE_STYLE_USAGE ( .BOTH. , #83 ) ;
#316 = VERTEX_POINT ( 'NONE', #2398 ) ;
#317 =( NAMED_UNIT ( * ) SI_UNIT ( $, .STERADIAN. ) SOLID_ANGLE_UNIT ( ) );
#318 = DIRECTION ( 'NONE',  ( -0.000000000000000000, -0.000000000000000000, 1.000000000000000000 ) ) ;
#319 = PRESENTATION_STYLE_ASSIGNMENT (( #1365 ) ) ;
#320 = VERTEX_POINT ( 'NONE', #1548 ) ;
#321 = CARTESIAN_POINT ( 'NONE',  ( -6.570000000000002061, 3.070000000000000284, -1.074999999999999956 ) ) ;
#322 = CARTESIAN_POINT ( 'NONE',  ( 2.350000000000000089, -2.000000000000000000, 0.1000000000000000056 ) ) ;
#323 = UNCERTAINTY_MEASURE_WITH_UNIT (LENGTH_MEASURE( 1.000000000000000082E-05 ), #1593, 'distance_accuracy_value', 'NONE');
#324 =( NAMED_UNIT ( * ) PLANE_ANGLE_UNIT ( ) SI_UNIT ( $, .RADIAN. ) );
#325 = DIRECTION ( 'NONE',  ( -0.000000000000000000, -0.000000000000000000, -1.000000000000000000 ) ) ;
#326 = EDGE_CURVE ( 'NONE', #486, #228, #864, .T. ) ;
#327 = CARTESIAN_POINT ( 'NONE',  ( 4.200000000000000178, 6.123233995736766036E-17, 0.1000000000000000056 ) ) ;
#328 = DIRECTION ( 'NONE',  ( 1.000000000000000000, 0.000000000000000000, 0.000000000000000000 ) ) ;
#329 = FILL_AREA_STYLE ('',( #939 ) ) ;
#330 = SURFACE_STYLE_FILL_AREA ( #2177 ) ;
#331 = CIRCLE ( 'NONE', #1413, 0.4999999999999997780 ) ;
#332 = ORIENTED_EDGE ( 'NONE', *, *, #74, .T. ) ;
#333 = SURFACE_STYLE_FILL_AREA ( #525 ) ;
#334 = DIRECTION ( 'NONE',  ( 1.000000000000000000, 0.000000000000000000, 0.000000000000000000 ) ) ;
#335 = SURFACE_STYLE_FILL_AREA ( #1613 ) ;
#336 = CARTESIAN_POINT ( 'NONE',  ( 5.049999999999999822, 2.000000000000000000, 0.000000000000000000 ) ) ;
#337 = LINE ( 'NONE', #1956, #2559 ) ;
#338 = PRESENTATION_LAYER_ASSIGNMENT (  '', '', ( #1305 ) ) ;
#339 = PRESENTATION_STYLE_ASSIGNMENT (( #2198 ) ) ;
#340 = ORIENTED_EDGE ( 'NONE', *, *, #678, .T. ) ;
#341 = PRESENTATION_LAYER_ASSIGNMENT (  '', '', ( #2693 ) ) ;
#342 = CIRCLE ( 'NONE', #151, 0.5000000000000000000 ) ;
#343 = FILL_AREA_STYLE ('',( #2187 ) ) ;
#344 = CARTESIAN_POINT ( 'NONE',  ( 3.200000000000000178, 2.000000000000000000, 0.000000000000000000 ) ) ;
#345 = STYLED_ITEM ( 'NONE', ( #1254 ), #859 ) ;
#346 = CARTESIAN_POINT ( 'NONE',  ( -0.4300000000000032685, -3.069999999999998952, -1.074999999999999956 ) ) ;
#347 = SURFACE_STYLE_USAGE ( .BOTH. , #2203 ) ;
#348 = MECHANICAL_DESIGN_GEOMETRIC_PRESENTATION_REPRESENTATION (  '', ( #564 ), #1992 ) ;
#349 =( GEOMETRIC_REPRESENTATION_CONTEXT ( 3 ) GLOBAL_UNCERTAINTY_ASSIGNED_CONTEXT ( ( #323 ) ) GLOBAL_UNIT_ASSIGNED_CONTEXT ( ( #1593, #1551, #1767 ) ) REPRESENTATION_CONTEXT ( 'NONE', 'WORKASPACE' ) );
#350 = UNCERTAINTY_MEASURE_WITH_UNIT (LENGTH_MEASURE( 1.000000000000000082E-05 ), #178, 'distance_accuracy_value', 'NONE');
#351 = VERTEX_POINT ( 'NONE', #1705 ) ;
#352 = PRESENTATION_LAYER_ASSIGNMENT (  '', '', ( #1099 ) ) ;
#353 = CIRCLE ( 'NONE', #1571, 0.5000000000000000000 ) ;
#354 = UNCERTAINTY_MEASURE_WITH_UNIT (LENGTH_MEASURE( 1.000000000000000082E-05 ), #226, 'distance_accuracy_value', 'NONE');
#355 = COLOUR_RGB ( '',0.000000000000000000, 0.000000000000000000, 1.000000000000000000 ) ;
#356 = DIRECTION ( 'NONE',  ( 1.000000000000000000, -0.000000000000000000, -0.000000000000000000 ) ) ;
#357 = CARTESIAN_POINT ( 'NONE',  ( 6.769999999999998685, -3.270000000000000462, -0.5000000000000000000 ) ) ;
#358 = ORIENTED_EDGE ( 'NONE', *, *, #1790, .T. ) ;
#359 = PRESENTATION_STYLE_ASSIGNMENT (( #2223 ) ) ;
#360 = PLANE ( 'NONE',  #1364 ) ;
#361 = EDGE_CURVE ( 'NONE', #682, #2694, #1883, .T. ) ;
#362 =( LENGTH_UNIT ( ) NAMED_UNIT ( * ) SI_UNIT ( .MILLI., .METRE. ) );
#363 = CARTESIAN_POINT ( 'NONE',  ( -1.849999999999999645, -2.000000000000000000, 0.1000000000000000056 ) ) ;
#364 = CARTESIAN_POINT ( 'NONE',  ( 3.700000000000000178, 2.000000000000000000, 0.1000000000000000056 ) ) ;
#365 = EDGE_LOOP ( 'NONE', ( #277, #1988, #652, #394 ) ) ;
#366 = PRESENTATION_STYLE_ASSIGNMENT (( #2631 ) ) ;
#367 = EDGE_CURVE ( 'NONE', #1308, #2005, #260, .T. ) ;
#368 = CARTESIAN_POINT ( 'NONE',  ( -5.549999999999999822, 2.000000000000000000, 0.1000000000000000056 ) ) ;
#369 = ORIENTED_EDGE ( 'NONE', *, *, #1321, .T. ) ;
#370 = LINE ( 'NONE', #2294, #567 ) ;
#371 = LINE ( 'NONE', #1174, #1785 ) ;
#372 =( GEOMETRIC_REPRESENTATION_CONTEXT ( 3 ) GLOBAL_UNCERTAINTY_ASSIGNED_CONTEXT ( ( #141 ) ) GLOBAL_UNIT_ASSIGNED_CONTEXT ( ( #1010, #992, #1835 ) ) REPRESENTATION_CONTEXT ( 'NONE', 'WORKASPACE' ) );
#373 = UNCERTAINTY_MEASURE_WITH_UNIT (LENGTH_MEASURE( 1.000000000000000082E-05 ), #2703, 'distance_accuracy_value', 'NONE');
#374 = DIRECTION ( 'NONE',  ( 0.000000000000000000, 0.000000000000000000, 1.000000000000000000 ) ) ;
#375 = ADVANCED_FACE ( 'NONE', ( #1976 ), #2017, .T. ) ;
#376 = PLANE ( 'NONE',  #393 ) ;
#377 = CARTESIAN_POINT ( 'NONE',  ( 5.049999999999999822, -2.000000000000000000, 0.1000000000000000056 ) ) ;
#378 = FACE_OUTER_BOUND ( 'NONE', #1153, .T. ) ;
#379 = ORIENTED_EDGE ( 'NONE', *, *, #2503, .T. ) ;
#380 = AXIS2_PLACEMENT_3D ( 'NONE', #1177, #374, #1163 ) ;
#381 = CARTESIAN_POINT ( 'NONE',  ( 6.050000000000000711, -2.000000000000000000, 0.1000000000000000056 ) ) ;
#382 = FILL_AREA_STYLE ('',( #1663 ) ) ;
#383 = CIRCLE ( 'NONE', #2073, 0.4999999999999995559 ) ;
#384 = VECTOR ( 'NONE', #1935, 1000.000000000000000 ) ;
#385 = EDGE_LOOP ( 'NONE', ( #1271, #2489 ) ) ;
#386 = AXIS2_PLACEMENT_3D ( 'NONE', #1970, #1165, #934 ) ;
#387 = SURFACE_SIDE_STYLE ('',( #1416 ) ) ;
#388 = CARTESIAN_POINT ( 'NONE',  ( -6.770000000000001350, 3.269999999999999574, -0.5000000000000000000 ) ) ;
#389 = CARTESIAN_POINT ( 'NONE',  ( -5.549999999999999822, 0.000000000000000000, 0.1000000000000000056 ) ) ;
#390 = COLOUR_RGB ( '',0.2509803921568627416, 0.2509803921568627416, 0.2509803921568627416 ) ;
#391 = DIRECTION ( 'NONE',  ( 1.236061108696829207E-16, 1.000000000000000000, 0.000000000000000000 ) ) ;
#392 = LINE ( 'NONE', #2707, #1097 ) ;
#393 = AXIS2_PLACEMENT_3D ( 'NONE', #303, #531, #391 ) ;
#394 = ORIENTED_EDGE ( 'NONE', *, *, #1659, .T. ) ;
#395 = COLOUR_RGB ( '',1.000000000000000000, 1.000000000000000000, 0.000000000000000000 ) ;
#396 = DIRECTION ( 'NONE',  ( 0.000000000000000000, 0.000000000000000000, 1.000000000000000000 ) ) ;
#397 = CARTESIAN_POINT ( 'NONE',  ( 6.570000000000000284, 3.069999999999998508, -1.074999999999999956 ) ) ;
#398 =( LENGTH_UNIT ( ) NAMED_UNIT ( * ) SI_UNIT ( .MILLI., .METRE. ) );
#399 = ORIENTED_EDGE ( 'NONE', *, *, #1276, .F. ) ;
#400 = DIRECTION ( 'NONE',  ( 0.000000000000000000, 0.000000000000000000, 1.000000000000000000 ) ) ;
#401 = UNCERTAINTY_MEASURE_WITH_UNIT (LENGTH_MEASURE( 1.000000000000000082E-05 ), #398, 'distance_accuracy_value', 'NONE');
#402 =( NAMED_UNIT ( * ) SI_UNIT ( $, .STERADIAN. ) SOLID_ANGLE_UNIT ( ) );
#403 = DIRECTION ( 'NONE',  ( 1.000000000000000000, 0.000000000000000000, 0.000000000000000000 ) ) ;
#404 = ORIENTED_EDGE ( 'NONE', *, *, #1120, .F. ) ;
#405 = SURFACE_STYLE_USAGE ( .BOTH. , #622 ) ;
#406 =( NAMED_UNIT ( * ) SI_UNIT ( $, .STERADIAN. ) SOLID_ANGLE_UNIT ( ) );
#407 = ORIENTED_EDGE ( 'NONE', *, *, #654, .F. ) ;
#408 = DIRECTION ( 'NONE',  ( 1.000000000000000000, 0.000000000000000000, 0.000000000000000000 ) ) ;
#409 =( NAMED_UNIT ( * ) SI_UNIT ( $, .STERADIAN. ) SOLID_ANGLE_UNIT ( ) );
#410 =( LENGTH_UNIT ( ) NAMED_UNIT ( * ) SI_UNIT ( .MILLI., .METRE. ) );
#411 = AXIS2_PLACEMENT_3D ( 'NONE', #2175, #1770, #520 ) ;
#412 =( GEOMETRIC_REPRESENTATION_CONTEXT ( 3 ) GLOBAL_UNCERTAINTY_ASSIGNED_CONTEXT ( ( #739 ) ) GLOBAL_UNIT_ASSIGNED_CONTEXT ( ( #1468, #218, #24 ) ) REPRESENTATION_CONTEXT ( 'NONE', 'WORKASPACE' ) );
#413 = SURFACE_STYLE_USAGE ( .BOTH. , #2510 ) ;
#414 = DIRECTION ( 'NONE',  ( -1.000000000000000000, 0.000000000000000000, 0.000000000000000000 ) ) ;
#415 = DIRECTION ( 'NONE',  ( 0.000000000000000000, 0.000000000000000000, 1.000000000000000000 ) ) ;
#416 = EDGE_LOOP ( 'NONE', ( #2646, #1737, #1457, #1519 ) ) ;
#417 = CARTESIAN_POINT ( 'NONE',  ( 1.350000000000000533, 2.000000000000000000, 0.000000000000000000 ) ) ;
#418 = DIRECTION ( 'NONE',  ( -1.000000000000000000, 0.000000000000000000, 0.000000000000000000 ) ) ;
#419 = EDGE_CURVE ( 'NONE', #1084, #685, #1580, .T. ) ;
#420 = VERTEX_POINT ( 'NONE', #770 ) ;
#421 = AXIS2_PLACEMENT_3D ( 'NONE', #1045, #2282, #2089 ) ;
#422 = CYLINDRICAL_SURFACE ( 'NONE', #1728, 0.4999999999999995559 ) ;
#423 = CYLINDRICAL_SURFACE ( 'NONE', #919, 0.5000000000000004441 ) ;
#424 = STYLED_ITEM ( 'NONE', ( #216 ), #1383 ) ;
#425 = CARTESIAN_POINT ( 'NONE',  ( -3.700000000000000178, -2.000000000000000000, 0.000000000000000000 ) ) ;
#426 = UNCERTAINTY_MEASURE_WITH_UNIT (LENGTH_MEASURE( 1.000000000000000082E-05 ), #487, 'distance_accuracy_value', 'NONE');
#427 = ADVANCED_FACE ( 'NONE', ( #2226 ), #2235, .T. ) ;
#428 = DIRECTION ( 'NONE',  ( 0.000000000000000000, -0.000000000000000000, -1.000000000000000000 ) ) ;
#429 = VECTOR ( 'NONE', #2071, 1000.000000000000000 ) ;
#430 = MECHANICAL_DESIGN_GEOMETRIC_PRESENTATION_REPRESENTATION (  '', ( #1392 ), #1227 ) ;
#431 = DIRECTION ( 'NONE',  ( -1.000000000000000000, 0.000000000000000000, 0.000000000000000000 ) ) ;
#432 = COLOUR_RGB ( '',1.000000000000000000, 1.000000000000000000, 0.000000000000000000 ) ;
#433 = AXIS2_PLACEMENT_3D ( 'NONE', #273, #10, #282 ) ;
#434 = CARTESIAN_POINT ( 'NONE',  ( 3.700000000000000178, 0.000000000000000000, 0.1000000000000000056 ) ) ;
#435 = PRESENTATION_LAYER_ASSIGNMENT (  '', '', ( #1914 ) ) ;
#436 = ORIENTED_EDGE ( 'NONE', *, *, #2374, .F. ) ;
#437 =( NAMED_UNIT ( * ) SI_UNIT ( $, .STERADIAN. ) SOLID_ANGLE_UNIT ( ) );
#438 = STYLED_ITEM ( 'NONE', ( #1456 ), #2101 ) ;
#439 =( NAMED_UNIT ( * ) PLANE_ANGLE_UNIT ( ) SI_UNIT ( $, .RADIAN. ) );
#440 = VECTOR ( 'NONE', #78, 1000.000000000000000 ) ;
#441 =( LENGTH_UNIT ( ) NAMED_UNIT ( * ) SI_UNIT ( .MILLI., .METRE. ) );
#442 = ORIENTED_EDGE ( 'NONE', *, *, #293, .T. ) ;
#443 =( NAMED_UNIT ( * ) SI_UNIT ( $, .STERADIAN. ) SOLID_ANGLE_UNIT ( ) );
#444 = EDGE_CURVE ( 'NONE', #1722, #815, #1993, .T. ) ;
#445 = ORIENTED_EDGE ( 'NONE', *, *, #326, .T. ) ;
#446 = FACE_OUTER_BOUND ( 'NONE', #416, .T. ) ;
#447 = FILL_AREA_STYLE ('',( #2313 ) ) ;
#448 = FILL_AREA_STYLE_COLOUR ( '', #1607 ) ;
#449 = DIRECTION ( 'NONE',  ( -1.000000000000000000, 0.000000000000000000, 0.000000000000000000 ) ) ;
#450 = VERTEX_POINT ( 'NONE', #975 ) ;
#451 =( NAMED_UNIT ( * ) SI_UNIT ( $, .STERADIAN. ) SOLID_ANGLE_UNIT ( ) );
#452 = SURFACE_STYLE_FILL_AREA ( #2319 ) ;
#453 =( NAMED_UNIT ( * ) PLANE_ANGLE_UNIT ( ) SI_UNIT ( $, .RADIAN. ) );
#454 = ORIENTED_EDGE ( 'NONE', *, *, #696, .T. ) ;
#455 = EDGE_CURVE ( 'NONE', #1903, #1707, #1265, .T. ) ;
#456 =( NAMED_UNIT ( * ) PLANE_ANGLE_UNIT ( ) SI_UNIT ( $, .RADIAN. ) );
#457 = DIRECTION ( 'NONE',  ( 1.000000000000000000, 0.000000000000000000, 0.000000000000000000 ) ) ;
#458 = CYLINDRICAL_SURFACE ( 'NONE', #528, 0.5000000000000000000 ) ;
#459 = ORIENTED_EDGE ( 'NONE', *, *, #1253, .F. ) ;
#460 = SURFACE_STYLE_FILL_AREA ( #311 ) ;
#461 = SURFACE_STYLE_USAGE ( .BOTH. , #1712 ) ;
#462 = FILL_AREA_STYLE ('',( #448 ) ) ;
#463 = ADVANCED_FACE ( 'NONE', ( #128 ), #987, .T. ) ;
#464 = EDGE_CURVE ( 'NONE', #1899, #754, #1669, .T. ) ;
#465 = DIRECTION ( 'NONE',  ( 0.000000000000000000, 0.000000000000000000, 1.000000000000000000 ) ) ;
#466 = VERTEX_POINT ( 'NONE', #2249 ) ;
#467 = ADVANCED_FACE ( 'NONE', ( #17 ), #1260, .T. ) ;
#468 = DIRECTION ( 'NONE',  ( -1.236061108696829207E-16, -1.000000000000000000, 0.000000000000000000 ) ) ;
#469 = ORIENTED_EDGE ( 'NONE', *, *, #44, .T. ) ;
#470 = SURFACE_STYLE_USAGE ( .BOTH. , #895 ) ;
#471 = SURFACE_STYLE_USAGE ( .BOTH. , #2539 ) ;
#472 =( GEOMETRIC_REPRESENTATION_CONTEXT ( 3 ) GLOBAL_UNCERTAINTY_ASSIGNED_CONTEXT ( ( #206 ) ) GLOBAL_UNIT_ASSIGNED_CONTEXT ( ( #1699, #1545, #715 ) ) REPRESENTATION_CONTEXT ( 'NONE', 'WORKASPACE' ) );
#473 = ORIENTED_EDGE ( 'NONE', *, *, #2647, .T. ) ;
#474 = CARTESIAN_POINT ( 'NONE',  ( -5.549999999999999822, 2.000000000000000000, 0.1000000000000000056 ) ) ;
#475 = COLOUR_RGB ( '',1.000000000000000000, 1.000000000000000000, 0.000000000000000000 ) ;
#476 = PRESENTATION_LAYER_ASSIGNMENT (  '', '', ( #1391 ) ) ;
#477 = PRESENTATION_LAYER_ASSIGNMENT (  '', '', ( #1991 ) ) ;
#478 = FACE_OUTER_BOUND ( 'NONE', #2191, .T. ) ;
#479 = VERTEX_POINT ( 'NONE', #1875 ) ;
#480 = PRESENTATION_LAYER_ASSIGNMENT (  '', '', ( #564 ) ) ;
#481 = PRESENTATION_LAYER_ASSIGNMENT (  '', '', ( #108 ) ) ;
#482 = LINE ( 'NONE', #1945, #2117 ) ;
#483 = DIRECTION ( 'NONE',  ( 1.000000000000000000, 0.000000000000000000, -0.000000000000000000 ) ) ;
#484 = CARTESIAN_POINT ( 'NONE',  ( -5.549999999999999822, -2.000000000000000000, 0.000000000000000000 ) ) ;
#485 = AXIS2_PLACEMENT_3D ( 'NONE', #672, #2346, #2305 ) ;
#486 = VERTEX_POINT ( 'NONE', #2706 ) ;
#487 =( LENGTH_UNIT ( ) NAMED_UNIT ( * ) SI_UNIT ( .MILLI., .METRE. ) );
#488 = COLOUR_RGB ( '',0.000000000000000000, 0.000000000000000000, 1.000000000000000000 ) ;
#489 =( NAMED_UNIT ( * ) PLANE_ANGLE_UNIT ( ) SI_UNIT ( $, .RADIAN. ) );
#490 =( GEOMETRIC_REPRESENTATION_CONTEXT ( 3 ) GLOBAL_UNCERTAINTY_ASSIGNED_CONTEXT ( ( #2527 ) ) GLOBAL_UNIT_ASSIGNED_CONTEXT ( ( #2626, #1055, #2466 ) ) REPRESENTATION_CONTEXT ( 'NONE', 'WORKASPACE' ) );
#491 = ORIENTED_EDGE ( 'NONE', *, *, #2584, .T. ) ;
#492 = DIRECTION ( 'NONE',  ( -0.000000000000000000, -0.000000000000000000, -1.000000000000000000 ) ) ;
#493 = EDGE_LOOP ( 'NONE', ( #1504, #1062, #2339, #436 ) ) ;
#494 = VERTEX_POINT ( 'NONE', #851 ) ;
#495 = EDGE_CURVE ( 'NONE', #1937, #815, #1049, .T. ) ;
#496 = DIRECTION ( 'NONE',  ( 0.000000000000000000, 0.000000000000000000, 1.000000000000000000 ) ) ;
#497 = FILL_AREA_STYLE_COLOUR ( '', #1820 ) ;
#498 =( NAMED_UNIT ( * ) PLANE_ANGLE_UNIT ( ) SI_UNIT ( $, .RADIAN. ) );
#499 =( NAMED_UNIT ( * ) SI_UNIT ( $, .STERADIAN. ) SOLID_ANGLE_UNIT ( ) );
#500 = ORIENTED_EDGE ( 'NONE', *, *, #1704, .F. ) ;
#501 = COLOUR_RGB ( '',1.000000000000000000, 1.000000000000000000, 0.000000000000000000 ) ;
#502 =( NAMED_UNIT ( * ) PLANE_ANGLE_UNIT ( ) SI_UNIT ( $, .RADIAN. ) );
#503 = FILL_AREA_STYLE_COLOUR ( '', #355 ) ;
#504 = SURFACE_STYLE_USAGE ( .BOTH. , #1539 ) ;
#505 = DIRECTION ( 'NONE',  ( 1.000000000000000000, 0.000000000000000000, 0.000000000000000000 ) ) ;
#506 = EDGE_LOOP ( 'NONE', ( #1096, #726, #973, #1208 ) ) ;
#507 = FACE_OUTER_BOUND ( 'NONE', #1280, .T. ) ;
#508 = AXIS2_PLACEMENT_3D ( 'NONE', #2337, #33, #1299 ) ;
#509 = CARTESIAN_POINT ( 'NONE',  ( 3.200000000000000178, -2.000000000000000000, 0.1000000000000000056 ) ) ;
#510 = MECHANICAL_DESIGN_GEOMETRIC_PRESENTATION_REPRESENTATION (  '', ( #1859 ), #868 ) ;
#511 = DIRECTION ( 'NONE',  ( -0.000000000000000000, -0.000000000000000000, -1.000000000000000000 ) ) ;
#512 = ORIENTED_EDGE ( 'NONE', *, *, #2289, .T. ) ;
#513 = MECHANICAL_DESIGN_GEOMETRIC_PRESENTATION_REPRESENTATION (  '', ( #1986 ), #153 ) ;
#514 = PRESENTATION_LAYER_ASSIGNMENT (  '', '', ( #154 ) ) ;
#515 = AXIS2_PLACEMENT_3D ( 'NONE', #2483, #2269, #1002 ) ;
#516 = ORIENTED_EDGE ( 'NONE', *, *, #1449, .T. ) ;
#517 = SURFACE_STYLE_USAGE ( .BOTH. , #1782 ) ;
#518 = COLOUR_RGB ( '',1.000000000000000000, 1.000000000000000000, 0.000000000000000000 ) ;
#519 = VECTOR ( 'NONE', #97, 1000.000000000000000 ) ;
#520 = DIRECTION ( 'NONE',  ( 1.000000000000000000, 0.000000000000000000, 0.000000000000000000 ) ) ;
#521 = CARTESIAN_POINT ( 'NONE',  ( -6.050000000000000711, 2.000000000000000000, 0.1000000000000000056 ) ) ;
#522 = COLOUR_RGB ( '',0.000000000000000000, 0.000000000000000000, 1.000000000000000000 ) ;
#523 = VECTOR ( 'NONE', #1481, 1000.000000000000000 ) ;
#524 = ORIENTED_EDGE ( 'NONE', *, *, #1809, .F. ) ;
#525 = FILL_AREA_STYLE ('',( #1989 ) ) ;
#526 = MECHANICAL_DESIGN_GEOMETRIC_PRESENTATION_REPRESENTATION (  '', ( #71 ), #2648 ) ;
#527 = DIRECTION ( 'NONE',  ( 0.000000000000000000, 0.000000000000000000, 1.000000000000000000 ) ) ;
#528 = AXIS2_PLACEMENT_3D ( 'NONE', #1531, #43, #1327 ) ;
#529 =( LENGTH_UNIT ( ) NAMED_UNIT ( * ) SI_UNIT ( .MILLI., .METRE. ) );
#530 = PRESENTATION_STYLE_ASSIGNMENT (( #557 ) ) ;
#531 = DIRECTION ( 'NONE',  ( 1.000000000000000000, -1.236061108696829207E-16, 0.000000000000000000 ) ) ;
#532 = CARTESIAN_POINT ( 'NONE',  ( 5.549999999999999822, 2.000000000000000000, 0.1000000000000000056 ) ) ;
#533 = CARTESIAN_POINT ( 'NONE',  ( -4.200000000000000178, -2.000000000000000000, 0.1000000000000000056 ) ) ;
#534 = LINE ( 'NONE', #2405, #2214 ) ;
#535 = ADVANCED_FACE ( 'NONE', ( #446 ), #2069, .T. ) ;
#536 = EDGE_LOOP ( 'NONE', ( #1036, #1703, #1752, #2383 ) ) ;
#537 = DIRECTION ( 'NONE',  ( 1.000000000000000000, -1.412641267082090664E-16, 0.000000000000000000 ) ) ;
#538 = PRESENTATION_STYLE_ASSIGNMENT (( #1776 ) ) ;
#539 = UNCERTAINTY_MEASURE_WITH_UNIT (LENGTH_MEASURE( 1.000000000000000082E-05 ), #2163, 'distance_accuracy_value', 'NONE');
#540 = CARTESIAN_POINT ( 'NONE',  ( 5.049999999999999822, -2.000000000000000000, 0.000000000000000000 ) ) ;
#541 = DIRECTION ( 'NONE',  ( 0.000000000000000000, 0.000000000000000000, 1.000000000000000000 ) ) ;
#542 = ORIENTED_EDGE ( 'NONE', *, *, #1977, .F. ) ;
#543 = STYLED_ITEM ( 'NONE', ( #2612 ), #54 ) ;
#544 = ADVANCED_FACE ( 'NONE', ( #1111 ), #676, .F. ) ;
#545 = CARTESIAN_POINT ( 'NONE',  ( 2.350000000000000089, 2.000000000000000000, 0.1000000000000000056 ) ) ;
#546 = DIRECTION ( 'NONE',  ( -0.000000000000000000, -0.000000000000000000, -1.000000000000000000 ) ) ;
#547 = FACE_BOUND ( 'NONE', #506, .T. ) ;
#548 = SURFACE_STYLE_FILL_AREA ( #1586 ) ;
#549 = ORIENTED_EDGE ( 'NONE', *, *, #1107, .T. ) ;
#550 =( NAMED_UNIT ( * ) PLANE_ANGLE_UNIT ( ) SI_UNIT ( $, .RADIAN. ) );
#551 = FILL_AREA_STYLE_COLOUR ( '', #2219 ) ;
#552 = APPLICATION_CONTEXT ( 'automotive_design' ) ;
#553 = CARTESIAN_POINT ( 'NONE',  ( -3.700000000000000178, 2.000000000000000000, 0.000000000000000000 ) ) ;
#554 = CARTESIAN_POINT ( 'NONE',  ( -1.849999999999999645, 2.000000000000000000, 0.1000000000000000056 ) ) ;
#555 = VECTOR ( 'NONE', #1974, 1000.000000000000000 ) ;
#556 = PRODUCT ( 'SiPM base 2x1', 'SiPM base 2x1', '', ( #1503 ) ) ;
#557 = SURFACE_STYLE_USAGE ( .BOTH. , #1537 ) ;
#558 = AXIS2_PLACEMENT_3D ( 'NONE', #903, #465, #1291 ) ;
#559 = MECHANICAL_DESIGN_GEOMETRIC_PRESENTATION_REPRESENTATION (  '', ( #2247 ), #2115 ) ;
#560 = STYLED_ITEM ( 'NONE', ( #1999 ), #1347 ) ;
#561 = CARTESIAN_POINT ( 'NONE',  ( -3.700000000000000178, 2.000000000000000000, 0.000000000000000000 ) ) ;
#562 = EDGE_CURVE ( 'NONE', #714, #682, #292, .T. ) ;
#563 = FACE_BOUND ( 'NONE', #1794, .T. ) ;
#564 = STYLED_ITEM ( 'NONE', ( #1739 ), #1540 ) ;
#565 = CIRCLE ( 'NONE', #63, 0.4999999999999995559 ) ;
#566 = EDGE_LOOP ( 'NONE', ( #1029, #1340, #32, #2458 ) ) ;
#567 = VECTOR ( 'NONE', #1018, 1000.000000000000000 ) ;
#568 = AXIS2_PLACEMENT_3D ( 'NONE', #368, #1867, #1664 ) ;
#569 = UNCERTAINTY_MEASURE_WITH_UNIT (LENGTH_MEASURE( 1.000000000000000082E-05 ), #585, 'distance_accuracy_value', 'NONE');
#570 = SURFACE_SIDE_STYLE ('',( #2433 ) ) ;
#571 =( NAMED_UNIT ( * ) SI_UNIT ( $, .STERADIAN. ) SOLID_ANGLE_UNIT ( ) );
#572 = PRESENTATION_LAYER_ASSIGNMENT (  '', '', ( #1919 ) ) ;
#573 = ADVANCED_FACE ( 'NONE', ( #507 ), #1731, .T. ) ;
#574 =( NAMED_UNIT ( * ) PLANE_ANGLE_UNIT ( ) SI_UNIT ( $, .RADIAN. ) );
#575 = VECTOR ( 'NONE', #2056, 1000.000000000000000 ) ;
#576 = FACE_OUTER_BOUND ( 'NONE', #1128, .T. ) ;
#577 = SURFACE_STYLE_USAGE ( .BOTH. , #1826 ) ;
#578 = DIRECTION ( 'NONE',  ( 1.000000000000000000, 0.000000000000000000, 0.000000000000000000 ) ) ;
#579 = EDGE_CURVE ( 'NONE', #1890, #2067, #2602, .T. ) ;
#580 = VERTEX_POINT ( 'NONE', #2232 ) ;
#581 = DIRECTION ( 'NONE',  ( 0.000000000000000000, 0.000000000000000000, 1.000000000000000000 ) ) ;
#582 = CARTESIAN_POINT ( 'NONE',  ( -1.849999999999999645, 2.000000000000000000, 0.000000000000000000 ) ) ;
#583 = SURFACE_SIDE_STYLE ('',( #1812 ) ) ;
#584 = FILL_AREA_STYLE ('',( #1409 ) ) ;
#585 =( LENGTH_UNIT ( ) NAMED_UNIT ( * ) SI_UNIT ( .MILLI., .METRE. ) );
#586 = ORIENTED_EDGE ( 'NONE', *, *, #2221, .F. ) ;
#587 = DIRECTION ( 'NONE',  ( 1.000000000000000000, 0.000000000000000000, -0.000000000000000000 ) ) ;
#588 = CYLINDRICAL_SURFACE ( 'NONE', #1300, 0.5000000000000000000 ) ;
#589 = CARTESIAN_POINT ( 'NONE',  ( 0.000000000000000000, 0.000000000000000000, 0.000000000000000000 ) ) ;
#590 = VERTEX_POINT ( 'NONE', #1577 ) ;
#591 = STYLED_ITEM ( 'NONE', ( #2010 ), #145 ) ;
#592 = ADVANCED_FACE ( 'NONE', ( #94 ), #2180, .F. ) ;
#593 = LINE ( 'NONE', #388, #2530 ) ;
#594 = AXIS2_PLACEMENT_3D ( 'NONE', #2408, #527, #1403 ) ;
#595 = UNCERTAINTY_MEASURE_WITH_UNIT (LENGTH_MEASURE( 1.000000000000000082E-05 ), #86, 'distance_accuracy_value', 'NONE');
#596 = CARTESIAN_POINT ( 'NONE',  ( 4.200000000000000178, 2.000000000000000000, 0.000000000000000000 ) ) ;
#597 = CYLINDRICAL_SURFACE ( 'NONE', #1816, 0.5000000000000000000 ) ;
#598 = VERTEX_POINT ( 'NONE', #737 ) ;
#599 = MECHANICAL_DESIGN_GEOMETRIC_PRESENTATION_REPRESENTATION (  '', ( #1305 ), #472 ) ;
#600 = LINE ( 'NONE', #1037, #2158 ) ;
#601 = LINE ( 'NONE', #397, #2546 ) ;
#602 = COLOUR_RGB ( '',1.000000000000000000, 1.000000000000000000, 0.000000000000000000 ) ;
#603 = CARTESIAN_POINT ( 'NONE',  ( 6.569999999999998508, -3.070000000000001172, -1.074999999999999956 ) ) ;
#604 = AXIS2_PLACEMENT_3D ( 'NONE', #1536, #2543, #2534 ) ;
#605 = CIRCLE ( 'NONE', #2515, 0.5000000000000004441 ) ;
#606 = ORIENTED_EDGE ( 'NONE', *, *, #936, .F. ) ;
#607 = FILL_AREA_STYLE ('',( #1272 ) ) ;
#608 = MECHANICAL_DESIGN_GEOMETRIC_PRESENTATION_REPRESENTATION (  '', ( #1863 ), #2637 ) ;
#609 = AXIS2_PLACEMENT_3D ( 'NONE', #1791, #1781, #2592 ) ;
#610 = SURFACE_STYLE_FILL_AREA ( #2669 ) ;
#611 = MECHANICAL_DESIGN_GEOMETRIC_PRESENTATION_REPRESENTATION (  '', ( #1099 ), #835 ) ;
#612 = PRESENTATION_LAYER_ASSIGNMENT (  '', '', ( #836 ) ) ;
#613 = DIRECTION ( 'NONE',  ( 0.000000000000000000, 0.000000000000000000, 1.000000000000000000 ) ) ;
#614 = DIRECTION ( 'NONE',  ( 1.000000000000000000, 0.000000000000000000, 0.000000000000000000 ) ) ;
#615 = CARTESIAN_POINT ( 'NONE',  ( 4.200000000000000178, -2.000000000000000000, 0.1000000000000000056 ) ) ;
#616 = EDGE_CURVE ( 'NONE', #2014, #84, #2427, .T. ) ;
#617 = ADVANCED_FACE ( 'NONE', ( #1561 ), #1807, .T. ) ;
#618 = CARTESIAN_POINT ( 'NONE',  ( -6.570000000000002061, 3.070000000000000284, -0.5000000000000000000 ) ) ;
#619 = VERTEX_POINT ( 'NONE', #1611 ) ;
#620 = STYLED_ITEM ( 'NONE', ( #1953 ), #2453 ) ;
#621 = CYLINDRICAL_SURFACE ( 'NONE', #604, 0.5000000000000000000 ) ;
#622 = SURFACE_SIDE_STYLE ('',( #826 ) ) ;
#623 = SURFACE_STYLE_USAGE ( .BOTH. , #2664 ) ;
#624 = PRESENTATION_LAYER_ASSIGNMENT (  '', '', ( #2571 ) ) ;
#625 = SURFACE_STYLE_USAGE ( .BOTH. , #791 ) ;
#626 = ORIENTED_EDGE ( 'NONE', *, *, #1243, .T. ) ;
#627 = PRESENTATION_STYLE_ASSIGNMENT (( #1415 ) ) ;
#628 = FACE_OUTER_BOUND ( 'NONE', #1714, .T. ) ;
#629 = PRESENTATION_STYLE_ASSIGNMENT (( #1433 ) ) ;
#630 =( NAMED_UNIT ( * ) SI_UNIT ( $, .STERADIAN. ) SOLID_ANGLE_UNIT ( ) );
#631 = LINE ( 'NONE', #144, #1732 ) ;
#632 = CARTESIAN_POINT ( 'NONE',  ( 1.850000000000000311, -2.000000000000000000, 0.1000000000000000056 ) ) ;
#633 = ORIENTED_EDGE ( 'NONE', *, *, #1626, .F. ) ;
#634 = EDGE_CURVE ( 'NONE', #84, #2014, #342, .T. ) ;
#635 = EDGE_CURVE ( 'NONE', #2067, #889, #1666, .T. ) ;
#636 =( NAMED_UNIT ( * ) PLANE_ANGLE_UNIT ( ) SI_UNIT ( $, .RADIAN. ) );
#637 = SURFACE_STYLE_FILL_AREA ( #382 ) ;
#638 = DIRECTION ( 'NONE',  ( 0.000000000000000000, 0.000000000000000000, 1.000000000000000000 ) ) ;
#639 = ADVANCED_FACE ( 'NONE', ( #808 ), #1679, .T. ) ;
#640 = ORIENTED_EDGE ( 'NONE', *, *, #972, .T. ) ;
#641 = FACE_OUTER_BOUND ( 'NONE', #1387, .T. ) ;
#642 = FILL_AREA_STYLE ('',( #1871 ) ) ;
#643 = DIRECTION ( 'NONE',  ( 1.000000000000000000, 0.000000000000000000, -0.000000000000000000 ) ) ;
#644 = VECTOR ( 'NONE', #922, 1000.000000000000000 ) ;
#645 = SURFACE_STYLE_FILL_AREA ( #1056 ) ;
#646 = MECHANICAL_DESIGN_GEOMETRIC_PRESENTATION_REPRESENTATION (  '', ( #1126 ), #730 ) ;
#647 = CARTESIAN_POINT ( 'NONE',  ( -6.570000000000002061, 3.070000000000000284, -1.074999999999999956 ) ) ;
#648 = SURFACE_SIDE_STYLE ('',( #1672 ) ) ;
#649 = EDGE_LOOP ( 'NONE', ( #1214, #111, #1768, #1748 ) ) ;
#650 = CARTESIAN_POINT ( 'NONE',  ( -5.549999999999999822, -2.000000000000000000, 0.1000000000000000056 ) ) ;
#651 = FACE_OUTER_BOUND ( 'NONE', #932, .T. ) ;
#652 = ORIENTED_EDGE ( 'NONE', *, *, #444, .T. ) ;
#653 = PRESENTATION_LAYER_ASSIGNMENT (  '', '', ( #1810 ) ) ;
#654 = EDGE_CURVE ( 'NONE', #2547, #228, #2555, .T. ) ;
#655 = CARTESIAN_POINT ( 'NONE',  ( 0.000000000000000000, 0.000000000000000000, -1.074999999999999956 ) ) ;
#656 =( NAMED_UNIT ( * ) PLANE_ANGLE_UNIT ( ) SI_UNIT ( $, .RADIAN. ) );
#657 = VECTOR ( 'NONE', #2662, 1000.000000000000000 ) ;
#658 = FILL_AREA_STYLE_COLOUR ( '', #843 ) ;
#659 =( GEOMETRIC_REPRESENTATION_CONTEXT ( 3 ) GLOBAL_UNCERTAINTY_ASSIGNED_CONTEXT ( ( #1389 ) ) GLOBAL_UNIT_ASSIGNED_CONTEXT ( ( #1222, #1858, #1833 ) ) REPRESENTATION_CONTEXT ( 'NONE', 'WORKASPACE' ) );
#660 = AXIS2_PLACEMENT_3D ( 'NONE', #2290, #2698, #418 ) ;
#661 = DIRECTION ( 'NONE',  ( 1.000000000000000000, -0.000000000000000000, -0.000000000000000000 ) ) ;
#662 = AXIS2_PLACEMENT_3D ( 'NONE', #1109, #1929, #14 ) ;
#663 =( NAMED_UNIT ( * ) SI_UNIT ( $, .STERADIAN. ) SOLID_ANGLE_UNIT ( ) );
#664 = FILL_AREA_STYLE ('',( #2552 ) ) ;
#665 =( GEOMETRIC_REPRESENTATION_CONTEXT ( 3 ) GLOBAL_UNCERTAINTY_ASSIGNED_CONTEXT ( ( #1200 ) ) GLOBAL_UNIT_ASSIGNED_CONTEXT ( ( #2504, #453, #274 ) ) REPRESENTATION_CONTEXT ( 'NONE', 'WORKASPACE' ) );
#666 = ORIENTED_EDGE ( 'NONE', *, *, #1650, .F. ) ;
#667 = PRODUCT_RELATED_PRODUCT_CATEGORY ( 'part', '', ( #556 ) ) ;
#668 =( NAMED_UNIT ( * ) PLANE_ANGLE_UNIT ( ) SI_UNIT ( $, .RADIAN. ) );
#669 =( GEOMETRIC_REPRESENTATION_CONTEXT ( 3 ) GLOBAL_UNCERTAINTY_ASSIGNED_CONTEXT ( ( #953 ) ) GLOBAL_UNIT_ASSIGNED_CONTEXT ( ( #210, #2482, #630 ) ) REPRESENTATION_CONTEXT ( 'NONE', 'WORKASPACE' ) );
#670 = CARTESIAN_POINT ( 'NONE',  ( -3.700000000000000178, -2.000000000000000000, 0.000000000000000000 ) ) ;
#671 = MECHANICAL_DESIGN_GEOMETRIC_PRESENTATION_REPRESENTATION (  '', ( #1656 ), #490 ) ;
#672 = CARTESIAN_POINT ( 'NONE',  ( -5.549999999999999822, 0.000000000000000000, 0.000000000000000000 ) ) ;
#673 = ORIENTED_EDGE ( 'NONE', *, *, #129, .T. ) ;
#674 = CARTESIAN_POINT ( 'NONE',  ( 1.850000000000000311, 2.000000000000000000, 0.1000000000000000056 ) ) ;
#675 = ORIENTED_EDGE ( 'NONE', *, *, #1564, .F. ) ;
#676 = PLANE ( 'NONE',  #508 ) ;
#677 = CARTESIAN_POINT ( 'NONE',  ( -1.849999999999999645, 2.000000000000000000, 0.1000000000000000056 ) ) ;
#678 = EDGE_CURVE ( 'NONE', #1759, #873, #2681, .T. ) ;
#679 = ORIENTED_EDGE ( 'NONE', *, *, #126, .F. ) ;
#680 = CARTESIAN_POINT ( 'NONE',  ( 3.700000000000000178, 2.000000000000000000, 0.000000000000000000 ) ) ;
#681 =( NAMED_UNIT ( * ) PLANE_ANGLE_UNIT ( ) SI_UNIT ( $, .RADIAN. ) );
#682 = VERTEX_POINT ( 'NONE', #1474 ) ;
#683 = CARTESIAN_POINT ( 'NONE',  ( 3.700000000000000178, -2.000000000000000000, 0.1000000000000000056 ) ) ;
#684 = FACE_OUTER_BOUND ( 'NONE', #728, .T. ) ;
#685 = VERTEX_POINT ( 'NONE', #2667 ) ;
#686 =( NAMED_UNIT ( * ) SI_UNIT ( $, .STERADIAN. ) SOLID_ANGLE_UNIT ( ) );
#687 =( NAMED_UNIT ( * ) PLANE_ANGLE_UNIT ( ) SI_UNIT ( $, .RADIAN. ) );
#688 = ADVANCED_FACE ( 'NONE', ( #641 ), #422, .T. ) ;
#689 =( NAMED_UNIT ( * ) SI_UNIT ( $, .STERADIAN. ) SOLID_ANGLE_UNIT ( ) );
#690 = ORIENTED_EDGE ( 'NONE', *, *, #804, .F. ) ;
#691 = DIRECTION ( 'NONE',  ( -1.000000000000000000, -7.063206335410453318E-17, 0.000000000000000000 ) ) ;
#692 = LINE ( 'NONE', #885, #384 ) ;
#693 = DIRECTION ( 'NONE',  ( -1.000000000000000000, 0.000000000000000000, 0.000000000000000000 ) ) ;
#694 = EDGE_LOOP ( 'NONE', ( #1407, #2061 ) ) ;
#695 = SURFACE_STYLE_FILL_AREA ( #246 ) ;
#696 = EDGE_CURVE ( 'NONE', #494, #2005, #2467, .T. ) ;
#697 = COLOUR_RGB ( '',0.2509803921568627416, 0.2509803921568627416, 0.2509803921568627416 ) ;
#698 = EDGE_LOOP ( 'NONE', ( #2550, #1828 ) ) ;
#699 = MECHANICAL_DESIGN_GEOMETRIC_PRESENTATION_REPRESENTATION (  '', ( #2693 ), #1178 ) ;
#700 = COLOUR_RGB ( '',0.000000000000000000, 0.000000000000000000, 1.000000000000000000 ) ;
#701 =( NAMED_UNIT ( * ) PLANE_ANGLE_UNIT ( ) SI_UNIT ( $, .RADIAN. ) );
#702 = PRESENTATION_LAYER_ASSIGNMENT (  '', '', ( #1311 ) ) ;
#703 = FILL_AREA_STYLE_COLOUR ( '', #2257 ) ;
#704 = ORIENTED_EDGE ( 'NONE', *, *, #635, .F. ) ;
#705 = MECHANICAL_DESIGN_GEOMETRIC_PRESENTATION_REPRESENTATION (  '', ( #2209 ), #2600 ) ;
#706 = PRESENTATION_LAYER_ASSIGNMENT (  '', '', ( #1566 ) ) ;
#707 =( GEOMETRIC_REPRESENTATION_CONTEXT ( 3 ) GLOBAL_UNCERTAINTY_ASSIGNED_CONTEXT ( ( #354 ) ) GLOBAL_UNIT_ASSIGNED_CONTEXT ( ( #226, #1302, #663 ) ) REPRESENTATION_CONTEXT ( 'NONE', 'WORKASPACE' ) );
#708 =( LENGTH_UNIT ( ) NAMED_UNIT ( * ) SI_UNIT ( .MILLI., .METRE. ) );
#709 = SURFACE_STYLE_USAGE ( .BOTH. , #2558 ) ;
#710 = ORIENTED_EDGE ( 'NONE', *, *, #109, .T. ) ;
#711 = SURFACE_STYLE_FILL_AREA ( #1897 ) ;
#712 = CARTESIAN_POINT ( 'NONE',  ( -6.570000000000002061, 3.070000000000000284, -1.074999999999999956 ) ) ;
#713 =( GEOMETRIC_REPRESENTATION_CONTEXT ( 3 ) GLOBAL_UNCERTAINTY_ASSIGNED_CONTEXT ( ( #2477 ) ) GLOBAL_UNIT_ASSIGNED_CONTEXT ( ( #410, #1478, #235 ) ) REPRESENTATION_CONTEXT ( 'NONE', 'WORKASPACE' ) );
#714 = VERTEX_POINT ( 'NONE', #1446 ) ;
#715 =( NAMED_UNIT ( * ) SI_UNIT ( $, .STERADIAN. ) SOLID_ANGLE_UNIT ( ) );
#716 = CARTESIAN_POINT ( 'NONE',  ( -0.4300000000000025469, 3.070000000000000284, -1.074999999999999956 ) ) ;
#717 = ORIENTED_EDGE ( 'NONE', *, *, #110, .T. ) ;
#718 = SURFACE_STYLE_USAGE ( .BOTH. , #920 ) ;
#719 = ORIENTED_EDGE ( 'NONE', *, *, #1354, .T. ) ;
#720 = EDGE_CURVE ( 'NONE', #479, #2103, #1885, .T. ) ;
#721 = VERTEX_POINT ( 'NONE', #1296 ) ;
#722 = PRESENTATION_STYLE_ASSIGNMENT (( #2578 ) ) ;
#723 = FACE_OUTER_BOUND ( 'NONE', #1805, .T. ) ;
#724 = DIRECTION ( 'NONE',  ( -0.000000000000000000, -0.000000000000000000, -1.000000000000000000 ) ) ;
#725 = FILL_AREA_STYLE ('',( #703 ) ) ;
#726 = ORIENTED_EDGE ( 'NONE', *, *, #1449, .F. ) ;
#727 =( LENGTH_UNIT ( ) NAMED_UNIT ( * ) SI_UNIT ( .MILLI., .METRE. ) );
#728 = EDGE_LOOP ( 'NONE', ( #807, #941, #1552, #887 ) ) ;
#729 = CARTESIAN_POINT ( 'NONE',  ( -0.4300000000000032685, -3.069999999999998952, -1.074999999999999956 ) ) ;
#730 =( GEOMETRIC_REPRESENTATION_CONTEXT ( 3 ) GLOBAL_UNCERTAINTY_ASSIGNED_CONTEXT ( ( #176 ) ) GLOBAL_UNIT_ASSIGNED_CONTEXT ( ( #362, #1376, #999 ) ) REPRESENTATION_CONTEXT ( 'NONE', 'WORKASPACE' ) );
#731 = DIRECTION ( 'NONE',  ( -0.000000000000000000, -0.000000000000000000, -1.000000000000000000 ) ) ;
#732 = EDGE_CURVE ( 'NONE', #2127, #1308, #383, .T. ) ;
#733 = DIRECTION ( 'NONE',  ( 1.000000000000000000, 0.000000000000000000, 0.000000000000000000 ) ) ;
#734 =( LENGTH_UNIT ( ) NAMED_UNIT ( * ) SI_UNIT ( .MILLI., .METRE. ) );
#735 = UNCERTAINTY_MEASURE_WITH_UNIT (LENGTH_MEASURE( 1.000000000000000082E-05 ), #2633, 'distance_accuracy_value', 'NONE');
#736 = VERTEX_POINT ( 'NONE', #2334 ) ;
#737 = CARTESIAN_POINT ( 'NONE',  ( -3.200000000000000178, 2.000000000000000000, 0.1000000000000000056 ) ) ;
#738 = COLOUR_RGB ( '',1.000000000000000000, 1.000000000000000000, 0.000000000000000000 ) ;
#739 = UNCERTAINTY_MEASURE_WITH_UNIT (LENGTH_MEASURE( 1.000000000000000082E-05 ), #1468, 'distance_accuracy_value', 'NONE');
#740 = DIRECTION ( 'NONE',  ( 0.000000000000000000, 0.000000000000000000, 1.000000000000000000 ) ) ;
#741 = VECTOR ( 'NONE', #117, 1000.000000000000000 ) ;
#742 = CARTESIAN_POINT ( 'NONE',  ( 6.050000000000000711, 2.000000000000000000, 0.000000000000000000 ) ) ;
#743 = ORIENTED_EDGE ( 'NONE', *, *, #1107, .F. ) ;
#744 =( GEOMETRIC_REPRESENTATION_CONTEXT ( 3 ) GLOBAL_UNCERTAINTY_ASSIGNED_CONTEXT ( ( #1020 ) ) GLOBAL_UNIT_ASSIGNED_CONTEXT ( ( #2259, #1661, #437 ) ) REPRESENTATION_CONTEXT ( 'NONE', 'WORKASPACE' ) );
#745 =( NAMED_UNIT ( * ) SI_UNIT ( $, .STERADIAN. ) SOLID_ANGLE_UNIT ( ) );
#746 = PRESENTATION_LAYER_ASSIGNMENT (  '', '', ( #1477 ) ) ;
#747 = ORIENTED_EDGE ( 'NONE', *, *, #1909, .F. ) ;
#748 = ADVANCED_FACE ( 'NONE', ( #1693 ), #2123, .T. ) ;
#749 = CYLINDRICAL_SURFACE ( 'NONE', #1990, 0.5000000000000004441 ) ;
#750 = AXIS2_PLACEMENT_3D ( 'NONE', #674, #2322, #457 ) ;
#751 = DIRECTION ( 'NONE',  ( 0.000000000000000000, 0.000000000000000000, 1.000000000000000000 ) ) ;
#752 =( GEOMETRIC_REPRESENTATION_CONTEXT ( 3 ) GLOBAL_UNCERTAINTY_ASSIGNED_CONTEXT ( ( #735 ) ) GLOBAL_UNIT_ASSIGNED_CONTEXT ( ( #2633, #1786, #2615 ) ) REPRESENTATION_CONTEXT ( 'NONE', 'WORKASPACE' ) );
#753 = CIRCLE ( 'NONE', #1700, 0.5000000000000000000 ) ;
#754 = VERTEX_POINT ( 'NONE', #266 ) ;
#755 = EDGE_CURVE ( 'NONE', #2292, #155, #2524, .T. ) ;
#756 = EDGE_CURVE ( 'NONE', #1722, #2542, #787, .T. ) ;
#757 = PRESENTATION_LAYER_ASSIGNMENT (  '', '', ( #71 ) ) ;
#758 = CARTESIAN_POINT ( 'NONE',  ( -1.349999999999999645, 2.000000000000000000, 0.000000000000000000 ) ) ;
#759 = PRESENTATION_STYLE_ASSIGNMENT (( #2659 ) ) ;
#760 = PRESENTATION_LAYER_ASSIGNMENT (  '', '', ( #1922 ) ) ;
#761 = EDGE_CURVE ( 'NONE', #2366, #1524, #1134, .T. ) ;
#762 = CARTESIAN_POINT ( 'NONE',  ( -6.770000000000001350, 3.269999999999999574, -0.5000000000000000000 ) ) ;
#763 = ORIENTED_EDGE ( 'NONE', *, *, #1969, .T. ) ;
#764 = DIRECTION ( 'NONE',  ( -1.000000000000000000, -1.412641267082090664E-16, 0.000000000000000000 ) ) ;
#765 = LINE ( 'NONE', #545, #1180 ) ;
#766 =( NAMED_UNIT ( * ) SI_UNIT ( $, .STERADIAN. ) SOLID_ANGLE_UNIT ( ) );
#767 = FILL_AREA_STYLE_COLOUR ( '', #1950 ) ;
#768 = ORIENTED_EDGE ( 'NONE', *, *, #972, .F. ) ;
#769 = ADVANCED_FACE ( 'NONE', ( #2107 ), #287, .T. ) ;
#770 = CARTESIAN_POINT ( 'NONE',  ( 3.200000000000000178, 2.000000000000000000, 0.1000000000000000056 ) ) ;
#771 = LINE ( 'NONE', #2153, #1521 ) ;
#772 = DIRECTION ( 'NONE',  ( 0.000000000000000000, 0.000000000000000000, 1.000000000000000000 ) ) ;
#773 = PRESENTATION_STYLE_ASSIGNMENT (( #935 ) ) ;
#774 = MECHANICAL_DESIGN_GEOMETRIC_PRESENTATION_REPRESENTATION (  '', ( #543 ), #2059 ) ;
#775 = FILL_AREA_STYLE_COLOUR ( '', #1133 ) ;
#776 = CARTESIAN_POINT ( 'NONE',  ( 3.700000000000000178, 2.000000000000000000, 0.1000000000000000056 ) ) ;
#777 = SURFACE_STYLE_FILL_AREA ( #1199 ) ;
#778 =( GEOMETRIC_REPRESENTATION_CONTEXT ( 3 ) GLOBAL_UNCERTAINTY_ASSIGNED_CONTEXT ( ( #115 ) ) GLOBAL_UNIT_ASSIGNED_CONTEXT ( ( #1892, #439, #2094 ) ) REPRESENTATION_CONTEXT ( 'NONE', 'WORKASPACE' ) );
#779 = FACE_BOUND ( 'NONE', #385, .T. ) ;
#780 = VERTEX_POINT ( 'NONE', #923 ) ;
#781 = SURFACE_SIDE_STYLE ('',( #1367 ) ) ;
#782 = ADVANCED_FACE ( 'NONE', ( #2575 ), #1575, .F. ) ;
#783 = FILL_AREA_STYLE ('',( #1797 ) ) ;
#784 = DIRECTION ( 'NONE',  ( -0.000000000000000000, -0.000000000000000000, -1.000000000000000000 ) ) ;
#785 =( LENGTH_UNIT ( ) NAMED_UNIT ( * ) SI_UNIT ( .MILLI., .METRE. ) );
#786 =( GEOMETRIC_REPRESENTATION_CONTEXT ( 3 ) GLOBAL_UNCERTAINTY_ASSIGNED_CONTEXT ( ( #2088 ) ) GLOBAL_UNIT_ASSIGNED_CONTEXT ( ( #1169, #2438, #2049 ) ) REPRESENTATION_CONTEXT ( 'NONE', 'WORKASPACE' ) );
#787 = CIRCLE ( 'NONE', #2298, 0.4999999999999997780 ) ;
#788 = AXIS2_PLACEMENT_3D ( 'NONE', #1393, #989, #1604 ) ;
#789 = SURFACE_SIDE_STYLE ('',( #2449 ) ) ;
#790 = DIRECTION ( 'NONE',  ( -1.412641267082090664E-16, 1.000000000000000000, 0.000000000000000000 ) ) ;
#791 = SURFACE_SIDE_STYLE ('',( #1012 ) ) ;
#792 = COLOUR_RGB ( '',1.000000000000000000, 1.000000000000000000, 0.000000000000000000 ) ;
#793 = UNCERTAINTY_MEASURE_WITH_UNIT (LENGTH_MEASURE( 1.000000000000000082E-05 ), #1831, 'distance_accuracy_value', 'NONE');
#794 = VERTEX_POINT ( 'NONE', #521 ) ;
#795 =( LENGTH_UNIT ( ) NAMED_UNIT ( * ) SI_UNIT ( .MILLI., .METRE. ) );
#796 =( GEOMETRIC_REPRESENTATION_CONTEXT ( 3 ) GLOBAL_UNCERTAINTY_ASSIGNED_CONTEXT ( ( #1312 ) ) GLOBAL_UNIT_ASSIGNED_CONTEXT ( ( #1621, #846, #1430 ) ) REPRESENTATION_CONTEXT ( 'NONE', 'WORKASPACE' ) );
#797 = CIRCLE ( 'NONE', #2310, 0.5000000000000004441 ) ;
#798 = CARTESIAN_POINT ( 'NONE',  ( -6.770000000000001350, 3.269999999999999574, -0.5000000000000000000 ) ) ;
#799 = CIRCLE ( 'NONE', #268, 0.5000000000000000000 ) ;
#800 = SURFACE_SIDE_STYLE ('',( #2645 ) ) ;
#801 = ORIENTED_EDGE ( 'NONE', *, *, #634, .T. ) ;
#802 = AXIS2_PLACEMENT_3D ( 'NONE', #2309, #1287, #2452 ) ;
#803 = PLANE ( 'NONE',  #2498 ) ;
#804 = EDGE_CURVE ( 'NONE', #892, #889, #1803, .T. ) ;
#805 = CARTESIAN_POINT ( 'NONE',  ( 6.769999999999998685, -3.270000000000000462, -0.5000000000000000000 ) ) ;
#806 = DIRECTION ( 'NONE',  ( 1.000000000000000000, 0.000000000000000000, 0.000000000000000000 ) ) ;
#807 = ORIENTED_EDGE ( 'NONE', *, *, #1346, .F. ) ;
#808 = FACE_OUTER_BOUND ( 'NONE', #297, .T. ) ;
#809 =( LENGTH_UNIT ( ) NAMED_UNIT ( * ) SI_UNIT ( .MILLI., .METRE. ) );
#810 = SURFACE_SIDE_STYLE ('',( #2639 ) ) ;
#811 = FACE_OUTER_BOUND ( 'NONE', #1955, .T. ) ;
#812 = SURFACE_STYLE_FILL_AREA ( #2033 ) ;
#813 = VERTEX_POINT ( 'NONE', #1188 ) ;
#814 = LINE ( 'NONE', #2675, #2386 ) ;
#815 = VERTEX_POINT ( 'NONE', #1363 ) ;
#816 = SURFACE_SIDE_STYLE ('',( #1829 ) ) ;
#817 = DIRECTION ( 'NONE',  ( 0.000000000000000000, 0.000000000000000000, 1.000000000000000000 ) ) ;
#818 = ADVANCED_FACE ( 'NONE', ( #2176, #2415, #547 ), #1373, .F. ) ;
#819 = UNCERTAINTY_MEASURE_WITH_UNIT (LENGTH_MEASURE( 1.000000000000000082E-05 ), #1231, 'distance_accuracy_value', 'NONE');
#820 = DIRECTION ( 'NONE',  ( 1.000000000000000000, 0.000000000000000000, 0.000000000000000000 ) ) ;
#821 = CARTESIAN_POINT ( 'NONE',  ( -1.349999999999999645, 2.000000000000000000, 0.1000000000000000056 ) ) ;
#822 = SURFACE_SIDE_STYLE ('',( #812 ) ) ;
#823 = VERTEX_POINT ( 'NONE', #307 ) ;
#824 = PRESENTATION_LAYER_ASSIGNMENT (  '', '', ( #1000 ) ) ;
#825 = DIRECTION ( 'NONE',  ( -0.000000000000000000, -0.000000000000000000, -1.000000000000000000 ) ) ;
#826 = SURFACE_STYLE_FILL_AREA ( #2676 ) ;
#827 = SURFACE_STYLE_FILL_AREA ( #2677 ) ;
#828 = AXIS2_PLACEMENT_3D ( 'NONE', #2025, #2429, #1760 ) ;
#829 = CARTESIAN_POINT ( 'NONE',  ( -1.849999999999999645, -2.000000000000000000, 0.000000000000000000 ) ) ;
#830 = AXIS2_PLACEMENT_3D ( 'NONE', #2486, #396, #587 ) ;
#831 = ORIENTED_EDGE ( 'NONE', *, *, #2131, .T. ) ;
#832 = SURFACE_STYLE_USAGE ( .BOTH. , #816 ) ;
#833 = MECHANICAL_DESIGN_GEOMETRIC_PRESENTATION_REPRESENTATION (  '', ( #108 ), #1910 ) ;
#834 = LINE ( 'NONE', #2055, #2640 ) ;
#835 =( GEOMETRIC_REPRESENTATION_CONTEXT ( 3 ) GLOBAL_UNCERTAINTY_ASSIGNED_CONTEXT ( ( #2007 ) ) GLOBAL_UNIT_ASSIGNED_CONTEXT ( ( #1886, #656, #1854 ) ) REPRESENTATION_CONTEXT ( 'NONE', 'WORKASPACE' ) );
#836 = STYLED_ITEM ( 'NONE', ( #214 ), #1148 ) ;
#837 = EDGE_CURVE ( 'NONE', #450, #1572, #605, .T. ) ;
#838 = CIRCLE ( 'NONE', #568, 0.5000000000000004441 ) ;
#839 = CARTESIAN_POINT ( 'NONE',  ( -4.200000000000000178, -2.000000000000000000, 0.1000000000000000056 ) ) ;
#840 = CARTESIAN_POINT ( 'NONE',  ( -4.200000000000000178, -2.000000000000000000, 0.000000000000000000 ) ) ;
#841 =( NAMED_UNIT ( * ) SI_UNIT ( $, .STERADIAN. ) SOLID_ANGLE_UNIT ( ) );
#842 = ORIENTED_EDGE ( 'NONE', *, *, #367, .T. ) ;
#843 = COLOUR_RGB ( '',0.7960784313725489669, 0.8235294117647058432, 0.9372549019607843146 ) ;
#844 = CARTESIAN_POINT ( 'NONE',  ( 5.549999999999999822, -2.000000000000000000, 0.1000000000000000056 ) ) ;
#845 = PRESENTATION_STYLE_ASSIGNMENT (( #405 ) ) ;
#846 =( NAMED_UNIT ( * ) PLANE_ANGLE_UNIT ( ) SI_UNIT ( $, .RADIAN. ) );
#847 = ORIENTED_EDGE ( 'NONE', *, *, #1558, .F. ) ;
#848 = DIRECTION ( 'NONE',  ( -0.000000000000000000, -0.000000000000000000, -1.000000000000000000 ) ) ;
#849 =( NAMED_UNIT ( * ) SI_UNIT ( $, .STERADIAN. ) SOLID_ANGLE_UNIT ( ) );
#850 = UNCERTAINTY_MEASURE_WITH_UNIT (LENGTH_MEASURE( 1.000000000000000082E-05 ), #727, 'distance_accuracy_value', 'NONE');
#851 = CARTESIAN_POINT ( 'NONE',  ( 4.200000000000000178, -2.000000000000000000, 0.000000000000000000 ) ) ;
#852 = DIRECTION ( 'NONE',  ( 0.000000000000000000, 0.000000000000000000, 1.000000000000000000 ) ) ;
#853 = SURFACE_STYLE_USAGE ( .BOTH. , #2299 ) ;
#854 = ORIENTED_EDGE ( 'NONE', *, *, #1454, .F. ) ;
#855 = CARTESIAN_POINT ( 'NONE',  ( -1.849999999999999645, -2.000000000000000000, 0.000000000000000000 ) ) ;
#856 = FILL_AREA_STYLE ('',( #314 ) ) ;
#857 = SURFACE_STYLE_USAGE ( .BOTH. , #1088 ) ;
#858 = ORIENTED_EDGE ( 'NONE', *, *, #109, .F. ) ;
#859 = ADVANCED_FACE ( 'NONE', ( #1962 ), #1771, .T. ) ;
#860 = CIRCLE ( 'NONE', #1379, 0.5000000000000000000 ) ;
#861 = LINE ( 'NONE', #1450, #924 ) ;
#862 = ORIENTED_EDGE ( 'NONE', *, *, #367, .F. ) ;
#863 = CARTESIAN_POINT ( 'NONE',  ( 3.700000000000000178, -2.000000000000000000, 0.1000000000000000056 ) ) ;
#864 = LINE ( 'NONE', #884, #2333 ) ;
#865 =( NAMED_UNIT ( * ) SI_UNIT ( $, .STERADIAN. ) SOLID_ANGLE_UNIT ( ) );
#866 =( NAMED_UNIT ( * ) PLANE_ANGLE_UNIT ( ) SI_UNIT ( $, .RADIAN. ) );
#867 = EDGE_LOOP ( 'NONE', ( #2537, #666, #945, #1445 ) ) ;
#868 =( GEOMETRIC_REPRESENTATION_CONTEXT ( 3 ) GLOBAL_UNCERTAINTY_ASSIGNED_CONTEXT ( ( #1240 ) ) GLOBAL_UNIT_ASSIGNED_CONTEXT ( ( #1259, #188, #443 ) ) REPRESENTATION_CONTEXT ( 'NONE', 'WORKASPACE' ) );
#869 = CARTESIAN_POINT ( 'NONE',  ( -6.770000000000000462, -3.270000000000000462, -0.5000000000000000000 ) ) ;
#870 = VECTOR ( 'NONE', #731, 1000.000000000000000 ) ;
#871 =( GEOMETRIC_REPRESENTATION_CONTEXT ( 3 ) GLOBAL_UNCERTAINTY_ASSIGNED_CONTEXT ( ( #1579 ) ) GLOBAL_UNIT_ASSIGNED_CONTEXT ( ( #1837, #2022, #406 ) ) REPRESENTATION_CONTEXT ( 'NONE', 'WORKASPACE' ) );
#872 = UNCERTAINTY_MEASURE_WITH_UNIT (LENGTH_MEASURE( 1.000000000000000082E-05 ), #943, 'distance_accuracy_value', 'NONE');
#873 = VERTEX_POINT ( 'NONE', #2650 ) ;
#874 = PRESENTATION_STYLE_ASSIGNMENT (( #2044 ) ) ;
#875 = CIRCLE ( 'NONE', #2470, 0.5000000000000004441 ) ;
#876 =( NAMED_UNIT ( * ) SI_UNIT ( $, .STERADIAN. ) SOLID_ANGLE_UNIT ( ) );
#877 = VECTOR ( 'NONE', #2112, 1000.000000000000000 ) ;
#878 = DIRECTION ( 'NONE',  ( 1.000000000000000000, 0.000000000000000000, -0.000000000000000000 ) ) ;
#879 =( NAMED_UNIT ( * ) PLANE_ANGLE_UNIT ( ) SI_UNIT ( $, .RADIAN. ) );
#880 = MECHANICAL_DESIGN_GEOMETRIC_PRESENTATION_REPRESENTATION (  '', ( #1398 ), #2085 ) ;
#881 = ORIENTED_EDGE ( 'NONE', *, *, #2401, .F. ) ;
#882 = SURFACE_STYLE_USAGE ( .BOTH. , #2329 ) ;
#883 = VECTOR ( 'NONE', #764, 1000.000000000000000 ) ;
#884 = CARTESIAN_POINT ( 'NONE',  ( -2.349999999999999645, 2.000000000000000000, 0.1000000000000000056 ) ) ;
#885 = CARTESIAN_POINT ( 'NONE',  ( -3.200000000000000178, 2.000000000000000000, 0.1000000000000000056 ) ) ;
#886 = SURFACE_SIDE_STYLE ('',( #263 ) ) ;
#887 = ORIENTED_EDGE ( 'NONE', *, *, #240, .T. ) ;
#888 =( NAMED_UNIT ( * ) PLANE_ANGLE_UNIT ( ) SI_UNIT ( $, .RADIAN. ) );
#889 = VERTEX_POINT ( 'NONE', #1211 ) ;
#890 = FILL_AREA_STYLE ('',( #1123 ) ) ;
#891 = SURFACE_STYLE_FILL_AREA ( #900 ) ;
#892 = VERTEX_POINT ( 'NONE', #805 ) ;
#893 = FILL_AREA_STYLE_COLOUR ( '', #1574 ) ;
#894 = ORIENTED_EDGE ( 'NONE', *, *, #262, .F. ) ;
#895 = SURFACE_SIDE_STYLE ('',( #711 ) ) ;
#896 = SURFACE_STYLE_USAGE ( .BOTH. , #247 ) ;
#897 = ORIENTED_EDGE ( 'NONE', *, *, #2012, .F. ) ;
#898 = SURFACE_STYLE_USAGE ( .BOTH. , #2364 ) ;
#899 = ADVANCED_FACE ( 'NONE', ( #1866 ), #1676, .F. ) ;
#900 = FILL_AREA_STYLE ('',( #82 ) ) ;
#901 = CIRCLE ( 'NONE', #2670, 0.5000000000000004441 ) ;
#902 =( GEOMETRIC_REPRESENTATION_CONTEXT ( 3 ) GLOBAL_UNCERTAINTY_ASSIGNED_CONTEXT ( ( #4 ) ) GLOBAL_UNIT_ASSIGNED_CONTEXT ( ( #1802, #636, #2663 ) ) REPRESENTATION_CONTEXT ( 'NONE', 'WORKASPACE' ) );
#903 = CARTESIAN_POINT ( 'NONE',  ( -3.700000000000000178, -2.000000000000000000, 0.1000000000000000056 ) ) ;
#904 = ORIENTED_EDGE ( 'NONE', *, *, #2570, .F. ) ;
#905 = SURFACE_SIDE_STYLE ('',( #452 ) ) ;
#906 = FILL_AREA_STYLE ('',( #893 ) ) ;
#907 = ORIENTED_EDGE ( 'NONE', *, *, #950, .F. ) ;
#908 =( NAMED_UNIT ( * ) SI_UNIT ( $, .STERADIAN. ) SOLID_ANGLE_UNIT ( ) );
#909 =( LENGTH_UNIT ( ) NAMED_UNIT ( * ) SI_UNIT ( .MILLI., .METRE. ) );
#910 = MECHANICAL_DESIGN_GEOMETRIC_PRESENTATION_REPRESENTATION (  '', ( #1466 ), #2507 ) ;
#911 = EDGE_LOOP ( 'NONE', ( #1234, #894 ) ) ;
#912 = DIRECTION ( 'NONE',  ( -0.000000000000000000, -0.000000000000000000, 1.000000000000000000 ) ) ;
#913 = FILL_AREA_STYLE ('',( #2129 ) ) ;
#914 = VECTOR ( 'NONE', #1025, 1000.000000000000000 ) ;
#915 = MECHANICAL_DESIGN_GEOMETRIC_PRESENTATION_REPRESENTATION (  '', ( #1862 ), #1641 ) ;
#916 =( NAMED_UNIT ( * ) PLANE_ANGLE_UNIT ( ) SI_UNIT ( $, .RADIAN. ) );
#917 = ORIENTED_EDGE ( 'NONE', *, *, #2584, .F. ) ;
#918 = FILL_AREA_STYLE ('',( #2358 ) ) ;
#919 = AXIS2_PLACEMENT_3D ( 'NONE', #2108, #2525, #1939 ) ;
#920 = SURFACE_SIDE_STYLE ('',( #102 ) ) ;
#921 = AXIS2_PLACEMENT_3D ( 'NONE', #2520, #1894, #2137 ) ;
#922 = DIRECTION ( 'NONE',  ( -0.000000000000000000, -0.000000000000000000, -1.000000000000000000 ) ) ;
#923 = CARTESIAN_POINT ( 'NONE',  ( -3.200000000000000178, 6.123233995736763571E-17, 0.000000000000000000 ) ) ;
#924 = VECTOR ( 'NONE', #2689, 1000.000000000000000 ) ;
#925 =( LENGTH_UNIT ( ) NAMED_UNIT ( * ) SI_UNIT ( .MILLI., .METRE. ) );
#926 = AXIS2_PLACEMENT_3D ( 'NONE', #1612, #1203, #334 ) ;
#927 = VERTEX_POINT ( 'NONE', #198 ) ;
#928 = PRODUCT_DEFINITION_FORMATION_WITH_SPECIFIED_SOURCE ( 'Symmetric', '', #556, .NOT_KNOWN. ) ;
#929 = DIRECTION ( 'NONE',  ( -0.000000000000000000, -0.000000000000000000, -1.000000000000000000 ) ) ;
#930 = CARTESIAN_POINT ( 'NONE',  ( -3.700000000000000178, 0.000000000000000000, 0.1000000000000000056 ) ) ;
#931 = PRESENTATION_STYLE_ASSIGNMENT (( #315 ) ) ;
#932 = EDGE_LOOP ( 'NONE', ( #858, #1295, #1048, #2093 ) ) ;
#933 = ADVANCED_FACE ( 'NONE', ( #1026 ), #1412, .T. ) ;
#934 = DIRECTION ( 'NONE',  ( -1.000000000000000000, 0.000000000000000000, -0.000000000000000000 ) ) ;
#935 = SURFACE_STYLE_USAGE ( .BOTH. , #77 ) ;
#936 = EDGE_CURVE ( 'NONE', #598, #1903, #692, .T. ) ;
#937 = LINE ( 'NONE', #729, #883 ) ;
#938 = DIRECTION ( 'NONE',  ( 1.000000000000000000, 0.000000000000000000, -0.000000000000000000 ) ) ;
#939 = FILL_AREA_STYLE_COLOUR ( '', #1425 ) ;
#940 = FACE_BOUND ( 'NONE', #2114, .T. ) ;
#941 = ORIENTED_EDGE ( 'NONE', *, *, #1913, .F. ) ;
#942 = SURFACE_STYLE_USAGE ( .BOTH. , #781 ) ;
#943 =( LENGTH_UNIT ( ) NAMED_UNIT ( * ) SI_UNIT ( .MILLI., .METRE. ) );
#944 = EDGE_CURVE ( 'NONE', #1860, #780, #51, .T. ) ;
#945 = ORIENTED_EDGE ( 'NONE', *, *, #720, .T. ) ;
#946 = ORIENTED_EDGE ( 'NONE', *, *, #1824, .F. ) ;
#947 = CARTESIAN_POINT ( 'NONE',  ( 6.769999999999997797, 3.269999999999999574, -0.5000000000000000000 ) ) ;
#948 = AXIS2_PLACEMENT_3D ( 'NONE', #2590, #2711, #2078 ) ;
#949 = DIRECTION ( 'NONE',  ( 0.000000000000000000, 0.000000000000000000, 1.000000000000000000 ) ) ;
#950 = EDGE_CURVE ( 'NONE', #2406, #1090, #964, .T. ) ;
#951 =( NAMED_UNIT ( * ) PLANE_ANGLE_UNIT ( ) SI_UNIT ( $, .RADIAN. ) );
#952 = PLANE ( 'NONE',  #2564 ) ;
#953 = UNCERTAINTY_MEASURE_WITH_UNIT (LENGTH_MEASURE( 1.000000000000000082E-05 ), #210, 'distance_accuracy_value', 'NONE');
#954 = ORIENTED_EDGE ( 'NONE', *, *, #2528, .F. ) ;
#955 = DIRECTION ( 'NONE',  ( 1.000000000000000000, 0.000000000000000000, -0.000000000000000000 ) ) ;
#956 = AXIS2_PLACEMENT_3D ( 'NONE', #389, #613, #192 ) ;
#957 = FILL_AREA_STYLE_COLOUR ( '', #1556 ) ;
#958 = VECTOR ( 'NONE', #1534, 1000.000000000000000 ) ;
#959 = AXIS2_PLACEMENT_3D ( 'NONE', #655, #1623, #1286 ) ;
#960 = DIRECTION ( 'NONE',  ( 0.000000000000000000, 0.000000000000000000, 1.000000000000000000 ) ) ;
#961 = PRESENTATION_LAYER_ASSIGNMENT (  '', '', ( #1986 ) ) ;
#962 = SURFACE_STYLE_FILL_AREA ( #2411 ) ;
#963 = COLOUR_RGB ( '',1.000000000000000000, 1.000000000000000000, 0.000000000000000000 ) ;
#964 = CIRCLE ( 'NONE', #433, 0.4999999999999997780 ) ;
#965 = LINE ( 'NONE', #1628, #440 ) ;
#966 = SURFACE_SIDE_STYLE ('',( #103 ) ) ;
#967 = MECHANICAL_DESIGN_GEOMETRIC_PRESENTATION_REPRESENTATION (  '', ( #1914 ), #707 ) ;
#968 =( GEOMETRIC_REPRESENTATION_CONTEXT ( 3 ) GLOBAL_UNCERTAINTY_ASSIGNED_CONTEXT ( ( #1975 ) ) GLOBAL_UNIT_ASSIGNED_CONTEXT ( ( #2102, #1061, #1072 ) ) REPRESENTATION_CONTEXT ( 'NONE', 'WORKASPACE' ) );
#969 = LINE ( 'NONE', #2414, #2624 ) ;
#970 =( NAMED_UNIT ( * ) SI_UNIT ( $, .STERADIAN. ) SOLID_ANGLE_UNIT ( ) );
#971 =( NAMED_UNIT ( * ) SI_UNIT ( $, .STERADIAN. ) SOLID_ANGLE_UNIT ( ) );
#972 = EDGE_CURVE ( 'NONE', #125, #1631, #1014, .T. ) ;
#973 = ORIENTED_EDGE ( 'NONE', *, *, #361, .F. ) ;
#974 = CIRCLE ( 'NONE', #926, 0.5000000000000004441 ) ;
#975 = CARTESIAN_POINT ( 'NONE',  ( 5.049999999999999822, 2.000000000000000000, 0.1000000000000000056 ) ) ;
#976 = AXIS2_PLACEMENT_3D ( 'NONE', #2506, #1887, #1275 ) ;
#977 = DIRECTION ( 'NONE',  ( 1.000000000000000000, 0.000000000000000000, 0.000000000000000000 ) ) ;
#978 = DIRECTION ( 'NONE',  ( 1.000000000000000000, 0.000000000000000000, 0.000000000000000000 ) ) ;
#979 = DIRECTION ( 'NONE',  ( 0.000000000000000000, 0.000000000000000000, 1.000000000000000000 ) ) ;
#980 = DIRECTION ( 'NONE',  ( -0.000000000000000000, -0.000000000000000000, -1.000000000000000000 ) ) ;
#981 = DIRECTION ( 'NONE',  ( 0.000000000000000000, 0.000000000000000000, 1.000000000000000000 ) ) ;
#982 = PRODUCT_DEFINITION ( 'General', '', #928, #2317 ) ;
#983 = FACE_OUTER_BOUND ( 'NONE', #45, .T. ) ;
#984 = VERTEX_POINT ( 'NONE', #231 ) ;
#985 =( NAMED_UNIT ( * ) PLANE_ANGLE_UNIT ( ) SI_UNIT ( $, .RADIAN. ) );
#986 = UNCERTAINTY_MEASURE_WITH_UNIT (LENGTH_MEASURE( 1.000000000000000082E-05 ), #809, 'distance_accuracy_value', 'NONE');
#987 = PLANE ( 'NONE',  #2462 ) ;
#988 = ADVANCED_FACE ( 'NONE', ( #1076 ), #2136, .T. ) ;
#989 = DIRECTION ( 'NONE',  ( 0.000000000000000000, 0.000000000000000000, 1.000000000000000000 ) ) ;
#990 = MECHANICAL_DESIGN_GEOMETRIC_PRESENTATION_REPRESENTATION (  '', ( #591 ), #902 ) ;
#991 = DIRECTION ( 'NONE',  ( -0.000000000000000000, -0.000000000000000000, -1.000000000000000000 ) ) ;
#992 =( NAMED_UNIT ( * ) PLANE_ANGLE_UNIT ( ) SI_UNIT ( $, .RADIAN. ) );
#993 = DIRECTION ( 'NONE',  ( 1.000000000000000000, 0.000000000000000000, 0.000000000000000000 ) ) ;
#994 = AXIS2_PLACEMENT_3D ( 'NONE', #1675, #2500, #230 ) ;
#995 = CARTESIAN_POINT ( 'NONE',  ( 3.700000000000000178, 0.000000000000000000, 0.1000000000000000056 ) ) ;
#996 = EDGE_LOOP ( 'NONE', ( #2481, #2553 ) ) ;
#997 =( NAMED_UNIT ( * ) SI_UNIT ( $, .STERADIAN. ) SOLID_ANGLE_UNIT ( ) );
#998 = DIRECTION ( 'NONE',  ( 0.000000000000000000, 0.000000000000000000, 1.000000000000000000 ) ) ;
#999 =( NAMED_UNIT ( * ) SI_UNIT ( $, .STERADIAN. ) SOLID_ANGLE_UNIT ( ) );
#1000 = STYLED_ITEM ( 'NONE', ( #1966 ), #544 ) ;
#1001 = EDGE_CURVE ( 'NONE', #1192, #1932, #2344, .T. ) ;
#1002 = DIRECTION ( 'NONE',  ( 1.000000000000000000, 0.000000000000000000, 0.000000000000000000 ) ) ;
#1003 = AXIS2_PLACEMENT_3D ( 'NONE', #1869, #400, #223 ) ;
#1004 = ORIENTED_EDGE ( 'NONE', *, *, #1238, .F. ) ;
#1005 = MECHANICAL_DESIGN_GEOMETRIC_PRESENTATION_REPRESENTATION (  '', ( #424 ), #744 ) ;
#1006 = AXIS2_PLACEMENT_3D ( 'NONE', #156, #173, #2655 ) ;
#1007 = ADVANCED_FACE ( 'NONE', ( #651 ), #1469, .T. ) ;
#1008 = CARTESIAN_POINT ( 'NONE',  ( 6.569999999999998508, -3.070000000000001172, -1.074999999999999956 ) ) ;
#1009 = CIRCLE ( 'NONE', #2514, 0.4999999999999995559 ) ;
#1010 =( LENGTH_UNIT ( ) NAMED_UNIT ( * ) SI_UNIT ( .MILLI., .METRE. ) );
#1011 = AXIS2_PLACEMENT_3D ( 'NONE', #346, #790, #2201 ) ;
#1012 = SURFACE_STYLE_FILL_AREA ( #199 ) ;
#1013 = VECTOR ( 'NONE', #2704, 1000.000000000000000 ) ;
#1014 = CIRCLE ( 'NONE', #1098, 0.5000000000000000000 ) ;
#1015 = ORIENTED_EDGE ( 'NONE', *, *, #2152, .F. ) ;
#1016 = CARTESIAN_POINT ( 'NONE',  ( 6.569999999999998508, -3.070000000000001172, -1.074999999999999956 ) ) ;
#1017 = STYLED_ITEM ( 'NONE', ( #319 ), #1983 ) ;
#1018 = DIRECTION ( 'NONE',  ( -1.236061108696829207E-16, -1.000000000000000000, 0.000000000000000000 ) ) ;
#1019 = DIRECTION ( 'NONE',  ( 1.000000000000000000, 0.000000000000000000, 0.000000000000000000 ) ) ;
#1020 = UNCERTAINTY_MEASURE_WITH_UNIT (LENGTH_MEASURE( 1.000000000000000082E-05 ), #2259, 'distance_accuracy_value', 'NONE');
#1021 =( GEOMETRIC_REPRESENTATION_CONTEXT ( 3 ) GLOBAL_UNCERTAINTY_ASSIGNED_CONTEXT ( ( #1804 ) ) GLOBAL_UNIT_ASSIGNED_CONTEXT ( ( #2354, #687, #294 ) ) REPRESENTATION_CONTEXT ( 'NONE', 'WORKASPACE' ) );
#1022 = CYLINDRICAL_SURFACE ( 'NONE', #2216, 0.5000000000000000000 ) ;
#1023 = DIRECTION ( 'NONE',  ( 1.000000000000000000, 0.000000000000000000, 0.000000000000000000 ) ) ;
#1024 = ORIENTED_EDGE ( 'NONE', *, *, #87, .F. ) ;
#1025 = DIRECTION ( 'NONE',  ( -1.000000000000000000, -0.000000000000000000, -0.000000000000000000 ) ) ;
#1026 = FACE_OUTER_BOUND ( 'NONE', #2505, .T. ) ;
#1027 = ADVANCED_FACE ( 'NONE', ( #2368 ), #1997, .T. ) ;
#1028 = FACE_OUTER_BOUND ( 'NONE', #1289, .T. ) ;
#1029 = ORIENTED_EDGE ( 'NONE', *, *, #2384, .F. ) ;
#1030 = PLANE ( 'NONE',  #2082 ) ;
#1031 = DIRECTION ( 'NONE',  ( 0.000000000000000000, 0.000000000000000000, 1.000000000000000000 ) ) ;
#1032 = PRESENTATION_STYLE_ASSIGNMENT (( #2686 ) ) ;
#1033 = DIRECTION ( 'NONE',  ( -1.000000000000000000, 0.000000000000000000, 0.000000000000000000 ) ) ;
#1034 = DIRECTION ( 'NONE',  ( -1.000000000000000000, -0.000000000000000000, -0.000000000000000000 ) ) ;
#1035 = EDGE_CURVE ( 'NONE', #2565, #1285, #875, .T. ) ;
#1036 = ORIENTED_EDGE ( 'NONE', *, *, #2183, .F. ) ;
#1037 = CARTESIAN_POINT ( 'NONE',  ( -0.5000000000000000000, 0.000000000000000000, 0.1000000000000000056 ) ) ;
#1038 = FILL_AREA_STYLE_COLOUR ( '', #2419 ) ;
#1039 = DIRECTION ( 'NONE',  ( -1.236061108696829207E-16, -1.000000000000000000, 0.000000000000000000 ) ) ;
#1040 = PRESENTATION_STYLE_ASSIGNMENT (( #347 ) ) ;
#1041 = ORIENTED_EDGE ( 'NONE', *, *, #1321, .F. ) ;
#1042 = VECTOR ( 'NONE', #318, 1000.000000000000000 ) ;
#1043 = SURFACE_SIDE_STYLE ('',( #610 ) ) ;
#1044 = EDGE_CURVE ( 'NONE', #1308, #2127, #1185, .T. ) ;
#1045 = CARTESIAN_POINT ( 'NONE',  ( 1.850000000000000311, -2.000000000000000000, 0.000000000000000000 ) ) ;
#1046 = CARTESIAN_POINT ( 'NONE',  ( -1.849999999999999645, -2.000000000000000000, 0.1000000000000000056 ) ) ;
#1047 =( NAMED_UNIT ( * ) PLANE_ANGLE_UNIT ( ) SI_UNIT ( $, .RADIAN. ) );
#1048 = ORIENTED_EDGE ( 'NONE', *, *, #1120, .T. ) ;
#1049 = CIRCLE ( 'NONE', #421, 0.4999999999999997780 ) ;
#1050 = COLOUR_RGB ( '',1.000000000000000000, 1.000000000000000000, 0.000000000000000000 ) ;
#1051 = STYLED_ITEM ( 'NONE', ( #2367 ), #1494 ) ;
#1052 = EDGE_LOOP ( 'NONE', ( #606, #633, #1156, #1774 ) ) ;
#1053 =( NAMED_UNIT ( * ) SI_UNIT ( $, .STERADIAN. ) SOLID_ANGLE_UNIT ( ) );
#1054 = CARTESIAN_POINT ( 'NONE',  ( 6.570000000000000284, 3.069999999999998508, -1.074999999999999956 ) ) ;
#1055 =( NAMED_UNIT ( * ) PLANE_ANGLE_UNIT ( ) SI_UNIT ( $, .RADIAN. ) );
#1056 = FILL_AREA_STYLE ('',( #207 ) ) ;
#1057 = MECHANICAL_DESIGN_GEOMETRIC_PRESENTATION_REPRESENTATION (  '', ( #2606 ), #796 ) ;
#1058 = DIRECTION ( 'NONE',  ( 0.000000000000000000, 0.000000000000000000, 1.000000000000000000 ) ) ;
#1059 = CARTESIAN_POINT ( 'NONE',  ( -6.050000000000000711, -2.000000000000000000, 0.1000000000000000056 ) ) ;
#1060 = MECHANICAL_DESIGN_GEOMETRIC_PRESENTATION_REPRESENTATION (  '', ( #2400 ), #1319 ) ;
#1061 =( NAMED_UNIT ( * ) PLANE_ANGLE_UNIT ( ) SI_UNIT ( $, .RADIAN. ) );
#1062 = ORIENTED_EDGE ( 'NONE', *, *, #944, .T. ) ;
#1063 = LINE ( 'NONE', #1674, #2207 ) ;
#1064 = ORIENTED_EDGE ( 'NONE', *, *, #696, .F. ) ;
#1065 = ADVANCED_FACE ( 'NONE', ( #1958 ), #1370, .T. ) ;
#1066 = CARTESIAN_POINT ( 'NONE',  ( -5.049999999999999822, 6.123233995736778362E-17, 0.000000000000000000 ) ) ;
#1067 = UNCERTAINTY_MEASURE_WITH_UNIT (LENGTH_MEASURE( 1.000000000000000082E-05 ), #177, 'distance_accuracy_value', 'NONE');
#1068 = SURFACE_STYLE_USAGE ( .BOTH. , #225 ) ;
#1069 = CARTESIAN_POINT ( 'NONE',  ( -0.4300000000000025469, 3.070000000000000284, -1.074999999999999956 ) ) ;
#1070 = CARTESIAN_POINT ( 'NONE',  ( 0.4299999999999997158, 3.069999999999998508, -1.074999999999999956 ) ) ;
#1071 = ADVANCED_FACE ( 'NONE', ( #2573 ), #1166, .T. ) ;
#1072 =( NAMED_UNIT ( * ) SI_UNIT ( $, .STERADIAN. ) SOLID_ANGLE_UNIT ( ) );
#1073 = ORIENTED_EDGE ( 'NONE', *, *, #1238, .T. ) ;
#1074 = DIRECTION ( 'NONE',  ( 1.000000000000000000, 0.000000000000000000, 0.000000000000000000 ) ) ;
#1075 = DIRECTION ( 'NONE',  ( 1.000000000000000000, 0.000000000000000000, 0.000000000000000000 ) ) ;
#1076 = FACE_OUTER_BOUND ( 'NONE', #1110, .T. ) ;
#1077 = ORIENTED_EDGE ( 'NONE', *, *, #293, .F. ) ;
#1078 = DIRECTION ( 'NONE',  ( -1.000000000000000000, 0.000000000000000000, 0.000000000000000000 ) ) ;
#1079 =( NAMED_UNIT ( * ) SI_UNIT ( $, .STERADIAN. ) SOLID_ANGLE_UNIT ( ) );
#1080 =( NAMED_UNIT ( * ) PLANE_ANGLE_UNIT ( ) SI_UNIT ( $, .RADIAN. ) );
#1081 = MECHANICAL_DESIGN_GEOMETRIC_PRESENTATION_REPRESENTATION (  '', ( #285 ), #372 ) ;
#1082 =( NAMED_UNIT ( * ) PLANE_ANGLE_UNIT ( ) SI_UNIT ( $, .RADIAN. ) );
#1083 = SURFACE_STYLE_FILL_AREA ( #462 ) ;
#1084 = VERTEX_POINT ( 'NONE', #2457 ) ;
#1085 = FACE_OUTER_BOUND ( 'NONE', #1106, .T. ) ;
#1086 = FILL_AREA_STYLE_COLOUR ( '', #2390 ) ;
#1087 = AXIS2_PLACEMENT_3D ( 'NONE', #553, #1195, #2008 ) ;
#1088 = SURFACE_SIDE_STYLE ('',( #1294 ) ) ;
#1089 = CIRCLE ( 'NONE', #1307, 0.4999999999999997780 ) ;
#1090 = VERTEX_POINT ( 'NONE', #2673 ) ;
#1091 = MECHANICAL_DESIGN_GEOMETRIC_PRESENTATION_REPRESENTATION (  '', ( #1391 ), #2385 ) ;
#1092 = DIRECTION ( 'NONE',  ( -0.000000000000000000, -0.000000000000000000, -1.000000000000000000 ) ) ;
#1093 = CARTESIAN_POINT ( 'NONE',  ( -5.049999999999999822, -2.000000000000000000, 0.000000000000000000 ) ) ;
#1094 = MECHANICAL_DESIGN_GEOMETRIC_PRESENTATION_REPRESENTATION (  '', ( #1051 ), #2595 ) ;
#1095 = STYLED_ITEM ( 'NONE', ( #2001 ), #818 ) ;
#1096 = ORIENTED_EDGE ( 'NONE', *, *, #2551, .F. ) ;
#1097 = VECTOR ( 'NONE', #852, 1000.000000000000000 ) ;
#1098 = AXIS2_PLACEMENT_3D ( 'NONE', #670, #1688, #2519 ) ;
#1099 = STYLED_ITEM ( 'NONE', ( #2042 ), #1823 ) ;
#1100 = CARTESIAN_POINT ( 'NONE',  ( -3.700000000000000178, -2.000000000000000000, 0.1000000000000000056 ) ) ;
#1101 = PRESENTATION_LAYER_ASSIGNMENT (  '', '', ( #2606 ) ) ;
#1102 = ORIENTED_EDGE ( 'NONE', *, *, #75, .T. ) ;
#1103 = CIRCLE ( 'NONE', #1279, 0.5000000000000004441 ) ;
#1104 = AXIS2_PLACEMENT_3D ( 'NONE', #1375, #998, #955 ) ;
#1105 = CYLINDRICAL_SURFACE ( 'NONE', #2397, 0.4999999999999997780 ) ;
#1106 = EDGE_LOOP ( 'NONE', ( #2661, #265, #842, #2145 ) ) ;
#1107 = EDGE_CURVE ( 'NONE', #420, #1834, #212, .T. ) ;
#1108 = DIRECTION ( 'NONE',  ( -0.000000000000000000, -0.000000000000000000, -1.000000000000000000 ) ) ;
#1109 = CARTESIAN_POINT ( 'NONE',  ( 1.850000000000000311, 2.000000000000000000, 0.1000000000000000056 ) ) ;
#1110 = EDGE_LOOP ( 'NONE', ( #1800, #291 ) ) ;
#1111 = FACE_OUTER_BOUND ( 'NONE', #2300, .T. ) ;
#1112 = CYLINDRICAL_SURFACE ( 'NONE', #2204, 0.5000000000000004441 ) ;
#1113 = ORIENTED_EDGE ( 'NONE', *, *, #75, .F. ) ;
#1114 = PLANE ( 'NONE',  #386 ) ;
#1115 = CYLINDRICAL_SURFACE ( 'NONE', #1873, 0.4999999999999997780 ) ;
#1116 = VERTEX_POINT ( 'NONE', #618 ) ;
#1117 =( NAMED_UNIT ( * ) PLANE_ANGLE_UNIT ( ) SI_UNIT ( $, .RADIAN. ) );
#1118 = FILL_AREA_STYLE_COLOUR ( '', #518 ) ;
#1119 = DIRECTION ( 'NONE',  ( 0.000000000000000000, 0.000000000000000000, 1.000000000000000000 ) ) ;
#1120 = EDGE_CURVE ( 'NONE', #155, #754, #565, .T. ) ;
#1121 = EDGE_CURVE ( 'NONE', #136, #2360, #2304, .T. ) ;
#1122 = ORIENTED_EDGE ( 'NONE', *, *, #1591, .F. ) ;
#1123 = FILL_AREA_STYLE_COLOUR ( '', #1131 ) ;
#1124 = AXIS2_PLACEMENT_3D ( 'NONE', #1982, #981, #1792 ) ;
#1125 = ADVANCED_FACE ( 'NONE', ( #1423 ), #1819, .T. ) ;
#1126 = STYLED_ITEM ( 'NONE', ( #2629 ), #375 ) ;
#1127 = DIRECTION ( 'NONE',  ( 0.000000000000000000, 0.000000000000000000, 1.000000000000000000 ) ) ;
#1128 = EDGE_LOOP ( 'NONE', ( #2702, #1251 ) ) ;
#1129 = DIRECTION ( 'NONE',  ( -0.000000000000000000, -0.000000000000000000, -1.000000000000000000 ) ) ;
#1130 = ORIENTED_EDGE ( 'NONE', *, *, #2152, .T. ) ;
#1131 = COLOUR_RGB ( '',1.000000000000000000, 1.000000000000000000, 0.000000000000000000 ) ;
#1132 = ORIENTED_EDGE ( 'NONE', *, *, #562, .T. ) ;
#1133 = COLOUR_RGB ( '',1.000000000000000000, 1.000000000000000000, 0.000000000000000000 ) ;
#1134 = CIRCLE ( 'NONE', #2634, 0.5000000000000000000 ) ;
#1135 = COLOUR_RGB ( '',1.000000000000000000, 1.000000000000000000, 0.000000000000000000 ) ;
#1136 = ADVANCED_FACE ( 'NONE', ( #378 ), #1224, .T. ) ;
#1137 = LINE ( 'NONE', #2568, #958 ) ;
#1138 = ORIENTED_EDGE ( 'NONE', *, *, #283, .F. ) ;
#1139 = COLOUR_RGB ( '',0.000000000000000000, 0.000000000000000000, 1.000000000000000000 ) ;
#1140 = AXIS2_PLACEMENT_3D ( 'NONE', #1184, #541, #1753 ) ;
#1141 = DIRECTION ( 'NONE',  ( 1.000000000000000000, 0.000000000000000000, 0.000000000000000000 ) ) ;
#1142 = LINE ( 'NONE', #2030, #2169 ) ;
#1143 = CIRCLE ( 'NONE', #1434, 0.5000000000000000000 ) ;
#1144 = FILL_AREA_STYLE ('',( #1554 ) ) ;
#1145 = STYLED_ITEM ( 'NONE', ( #270 ), #2450 ) ;
#1146 = DIRECTION ( 'NONE',  ( -0.000000000000000000, -0.000000000000000000, -1.000000000000000000 ) ) ;
#1147 =( GEOMETRIC_REPRESENTATION_CONTEXT ( 3 ) GLOBAL_UNCERTAINTY_ASSIGNED_CONTEXT ( ( #793 ) ) GLOBAL_UNIT_ASSIGNED_CONTEXT ( ( #1831, #2194, #1162 ) ) REPRESENTATION_CONTEXT ( 'NONE', 'WORKASPACE' ) );
#1148 = ADVANCED_FACE ( 'NONE', ( #48 ), #1880, .T. ) ;
#1149 = ORIENTED_EDGE ( 'NONE', *, *, #1634, .F. ) ;
#1150 = PRESENTATION_STYLE_ASSIGNMENT (( #70 ) ) ;
#1151 = PRESENTATION_STYLE_ASSIGNMENT (( #9 ) ) ;
#1152 = CARTESIAN_POINT ( 'NONE',  ( 5.049999999999999822, -2.000000000000000000, 0.1000000000000000056 ) ) ;
#1153 = EDGE_LOOP ( 'NONE', ( #1041, #1453, #1102, #491 ) ) ;
#1154 = EDGE_CURVE ( 'NONE', #1524, #2366, #1187, .T. ) ;
#1155 = ADVANCED_FACE ( 'NONE', ( #478 ), #1112, .T. ) ;
#1156 = ORIENTED_EDGE ( 'NONE', *, *, #1342, .T. ) ;
#1157 = SURFACE_STYLE_FILL_AREA ( #89 ) ;
#1158 = SURFACE_STYLE_FILL_AREA ( #2425 ) ;
#1159 = FACE_BOUND ( 'NONE', #1484, .T. ) ;
#1160 = EDGE_LOOP ( 'NONE', ( #917, #768 ) ) ;
#1161 = DIRECTION ( 'NONE',  ( 1.000000000000000000, 0.000000000000000000, -0.000000000000000000 ) ) ;
#1162 =( NAMED_UNIT ( * ) SI_UNIT ( $, .STERADIAN. ) SOLID_ANGLE_UNIT ( ) );
#1163 = DIRECTION ( 'NONE',  ( 1.000000000000000000, 0.000000000000000000, -0.000000000000000000 ) ) ;
#1164 =( LENGTH_UNIT ( ) NAMED_UNIT ( * ) SI_UNIT ( .MILLI., .METRE. ) );
#1165 = DIRECTION ( 'NONE',  ( 0.000000000000000000, 0.000000000000000000, -1.000000000000000000 ) ) ;
#1166 = PLANE ( 'NONE',  #1395 ) ;
#1167 = EDGE_CURVE ( 'NONE', #619, #1921, #2338, .T. ) ;
#1168 = FACE_OUTER_BOUND ( 'NONE', #2461, .T. ) ;
#1169 =( LENGTH_UNIT ( ) NAMED_UNIT ( * ) SI_UNIT ( .MILLI., .METRE. ) );
#1170 = LINE ( 'NONE', #533, #2284 ) ;
#1171 = DIRECTION ( 'NONE',  ( 1.000000000000000000, 0.000000000000000000, 0.000000000000000000 ) ) ;
#1172 = ORIENTED_EDGE ( 'NONE', *, *, #1438, .F. ) ;
#1173 = SURFACE_SIDE_STYLE ('',( #333 ) ) ;
#1174 = CARTESIAN_POINT ( 'NONE',  ( -6.570000000000002061, 3.070000000000000284, -0.5000000000000000000 ) ) ;
#1175 = VECTOR ( 'NONE', #912, 1000.000000000000000 ) ;
#1176 = UNCERTAINTY_MEASURE_WITH_UNIT (LENGTH_MEASURE( 1.000000000000000082E-05 ), #2011, 'distance_accuracy_value', 'NONE');
#1177 = CARTESIAN_POINT ( 'NONE',  ( 5.549999999999999822, 2.000000000000000000, 0.1000000000000000056 ) ) ;
#1178 =( GEOMETRIC_REPRESENTATION_CONTEXT ( 3 ) GLOBAL_UNCERTAINTY_ASSIGNED_CONTEXT ( ( #2628 ) ) GLOBAL_UNIT_ASSIGNED_CONTEXT ( ( #1902, #879, #689 ) ) REPRESENTATION_CONTEXT ( 'NONE', 'WORKASPACE' ) );
#1179 = PRESENTATION_LAYER_ASSIGNMENT (  '', '', ( #2247 ) ) ;
#1180 = VECTOR ( 'NONE', #991, 1000.000000000000000 ) ;
#1181 = AXIS2_PLACEMENT_3D ( 'NONE', #1948, #234, #1078 ) ;
#1182 = CARTESIAN_POINT ( 'NONE',  ( -5.549999999999999822, 0.000000000000000000, 0.1000000000000000056 ) ) ;
#1183 = ADVANCED_FACE ( 'NONE', ( #271 ), #1721, .T. ) ;
#1184 = CARTESIAN_POINT ( 'NONE',  ( 3.700000000000000178, -2.000000000000000000, 0.1000000000000000056 ) ) ;
#1185 = CIRCLE ( 'NONE', #1140, 0.4999999999999995559 ) ;
#1186 = SURFACE_STYLE_USAGE ( .BOTH. , #966 ) ;
#1187 = CIRCLE ( 'NONE', #558, 0.5000000000000000000 ) ;
#1188 = CARTESIAN_POINT ( 'NONE',  ( -4.200000000000000178, 0.000000000000000000, 0.1000000000000000056 ) ) ;
#1189 = AXIS2_PLACEMENT_3D ( 'NONE', #603, #1444, #1406 ) ;
#1190 =( NAMED_UNIT ( * ) PLANE_ANGLE_UNIT ( ) SI_UNIT ( $, .RADIAN. ) );
#1191 = VECTOR ( 'NONE', #2236, 1000.000000000000000 ) ;
#1192 = VERTEX_POINT ( 'NONE', #1789 ) ;
#1193 =( GEOMETRIC_REPRESENTATION_CONTEXT ( 3 ) GLOBAL_UNCERTAINTY_ASSIGNED_CONTEXT ( ( #135 ) ) GLOBAL_UNIT_ASSIGNED_CONTEXT ( ( #1720, #701, #1749 ) ) REPRESENTATION_CONTEXT ( 'NONE', 'WORKASPACE' ) );
#1194 = SURFACE_SIDE_STYLE ('',( #2208 ) ) ;
#1195 = DIRECTION ( 'NONE',  ( 0.000000000000000000, 0.000000000000000000, 1.000000000000000000 ) ) ;
#1196 =( NAMED_UNIT ( * ) SI_UNIT ( $, .STERADIAN. ) SOLID_ANGLE_UNIT ( ) );
#1197 = SURFACE_SIDE_STYLE ('',( #1157 ) ) ;
#1198 = LINE ( 'NONE', #64, #644 ) ;
#1199 = FILL_AREA_STYLE ('',( #2189 ) ) ;
#1200 = UNCERTAINTY_MEASURE_WITH_UNIT (LENGTH_MEASURE( 1.000000000000000082E-05 ), #2504, 'distance_accuracy_value', 'NONE');
#1201 = ORIENTED_EDGE ( 'NONE', *, *, #756, .T. ) ;
#1202 = CARTESIAN_POINT ( 'NONE',  ( -6.770000000000000462, -3.270000000000000462, -0.5000000000000000000 ) ) ;
#1203 = DIRECTION ( 'NONE',  ( 0.000000000000000000, 0.000000000000000000, 1.000000000000000000 ) ) ;
#1204 = UNCERTAINTY_MEASURE_WITH_UNIT (LENGTH_MEASURE( 1.000000000000000082E-05 ), #909, 'distance_accuracy_value', 'NONE');
#1205 = DIRECTION ( 'NONE',  ( -1.000000000000000000, 0.000000000000000000, 0.000000000000000000 ) ) ;
#1206 = DIRECTION ( 'NONE',  ( 1.000000000000000000, 0.000000000000000000, 0.000000000000000000 ) ) ;
#1207 = DIRECTION ( 'NONE',  ( 1.000000000000000000, 0.000000000000000000, 0.000000000000000000 ) ) ;
#1208 = ORIENTED_EDGE ( 'NONE', *, *, #2472, .F. ) ;
#1209 = FACE_OUTER_BOUND ( 'NONE', #53, .T. ) ;
#1210 = DIRECTION ( 'NONE',  ( -0.000000000000000000, -0.000000000000000000, -1.000000000000000000 ) ) ;
#1211 = CARTESIAN_POINT ( 'NONE',  ( 6.769999999999998685, -3.270000000000000462, 0.000000000000000000 ) ) ;
#1212 = VECTOR ( 'NONE', #2642, 1000.000000000000000 ) ;
#1213 = CARTESIAN_POINT ( 'NONE',  ( -3.700000000000000178, 0.000000000000000000, 0.1000000000000000056 ) ) ;
#1214 = ORIENTED_EDGE ( 'NONE', *, *, #616, .F. ) ;
#1215 = DIRECTION ( 'NONE',  ( 0.000000000000000000, 0.000000000000000000, 1.000000000000000000 ) ) ;
#1216 = DIRECTION ( 'NONE',  ( 1.000000000000000000, 0.000000000000000000, -0.000000000000000000 ) ) ;
#1217 = DIRECTION ( 'NONE',  ( 0.000000000000000000, 0.000000000000000000, 1.000000000000000000 ) ) ;
#1218 = EDGE_CURVE ( 'NONE', #420, #68, #771, .T. ) ;
#1219 =( NAMED_UNIT ( * ) PLANE_ANGLE_UNIT ( ) SI_UNIT ( $, .RADIAN. ) );
#1220 = COLOUR_RGB ( '',0.000000000000000000, 0.000000000000000000, 1.000000000000000000 ) ;
#1221 =( NAMED_UNIT ( * ) PLANE_ANGLE_UNIT ( ) SI_UNIT ( $, .RADIAN. ) );
#1222 =( LENGTH_UNIT ( ) NAMED_UNIT ( * ) SI_UNIT ( .MILLI., .METRE. ) );
#1223 = EDGE_CURVE ( 'NONE', #1834, #2286, #2379, .T. ) ;
#1224 = CYLINDRICAL_SURFACE ( 'NONE', #2072, 0.4999999999999995559 ) ;
#1225 = VERTEX_POINT ( 'NONE', #742 ) ;
#1226 = AXIS2_PLACEMENT_3D ( 'NONE', #1642, #825, #1282 ) ;
#1227 =( GEOMETRIC_REPRESENTATION_CONTEXT ( 3 ) GLOBAL_UNCERTAINTY_ASSIGNED_CONTEXT ( ( #426 ) ) GLOBAL_UNIT_ASSIGNED_CONTEXT ( ( #487, #1117, #908 ) ) REPRESENTATION_CONTEXT ( 'NONE', 'WORKASPACE' ) );
#1228 = DIRECTION ( 'NONE',  ( 1.236061108696829207E-16, 1.000000000000000000, -0.000000000000000000 ) ) ;
#1229 = AXIS2_PLACEMENT_3D ( 'NONE', #863, #2135, #1685 ) ;
#1230 = STYLED_ITEM ( 'NONE', ( #773 ), #1065 ) ;
#1231 =( LENGTH_UNIT ( ) NAMED_UNIT ( * ) SI_UNIT ( .MILLI., .METRE. ) );
#1232 = MECHANICAL_DESIGN_GEOMETRIC_PRESENTATION_REPRESENTATION (  '', ( #2393 ), #2256 ) ;
#1233 = STYLED_ITEM ( 'NONE', ( #2484 ), #1136 ) ;
#1234 = ORIENTED_EDGE ( 'NONE', *, *, #110, .F. ) ;
#1235 = STYLED_ITEM ( 'NONE', ( #1936 ), #2178 ) ;
#1236 =( NAMED_UNIT ( * ) PLANE_ANGLE_UNIT ( ) SI_UNIT ( $, .RADIAN. ) );
#1237 = LINE ( 'NONE', #1842, #575 ) ;
#1238 = EDGE_CURVE ( 'NONE', #1084, #2122, #1590, .T. ) ;
#1239 = CIRCLE ( 'NONE', #29, 0.5000000000000004441 ) ;
#1240 = UNCERTAINTY_MEASURE_WITH_UNIT (LENGTH_MEASURE( 1.000000000000000082E-05 ), #1259, 'distance_accuracy_value', 'NONE');
#1241 = COLOUR_RGB ( '',1.000000000000000000, 1.000000000000000000, 0.000000000000000000 ) ;
#1242 = ORIENTED_EDGE ( 'NONE', *, *, #326, .F. ) ;
#1243 = EDGE_CURVE ( 'NONE', #580, #1441, #1089, .T. ) ;
#1244 = DIRECTION ( 'NONE',  ( 1.000000000000000000, 0.000000000000000000, 0.000000000000000000 ) ) ;
#1245 = CARTESIAN_POINT ( 'NONE',  ( 6.050000000000000711, 2.000000000000000000, 0.1000000000000000056 ) ) ;
#1246 = CARTESIAN_POINT ( 'NONE',  ( 6.570000000000000284, 3.069999999999998508, -1.074999999999999956 ) ) ;
#1247 = EDGE_CURVE ( 'NONE', #486, #1719, #2594, .T. ) ;
#1248 = ORIENTED_EDGE ( 'NONE', *, *, #251, .F. ) ;
#1249 = SURFACE_SIDE_STYLE ('',( #2682 ) ) ;
#1250 = DIRECTION ( 'NONE',  ( -0.000000000000000000, -0.000000000000000000, -1.000000000000000000 ) ) ;
#1251 = ORIENTED_EDGE ( 'NONE', *, *, #2183, .T. ) ;
#1252 = DIRECTION ( 'NONE',  ( 0.000000000000000000, 0.000000000000000000, 1.000000000000000000 ) ) ;
#1253 = EDGE_CURVE ( 'NONE', #200, #780, #250, .T. ) ;
#1254 = PRESENTATION_STYLE_ASSIGNMENT (( #577 ) ) ;
#1255 = FACE_OUTER_BOUND ( 'NONE', #166, .T. ) ;
#1256 = CIRCLE ( 'NONE', #1938, 0.4999999999999995559 ) ;
#1257 = ORIENTED_EDGE ( 'NONE', *, *, #1247, .T. ) ;
#1258 = PRESENTATION_LAYER_ASSIGNMENT (  '', '', ( #2150 ) ) ;
#1259 =( LENGTH_UNIT ( ) NAMED_UNIT ( * ) SI_UNIT ( .MILLI., .METRE. ) );
#1260 = PLANE ( 'NONE',  #956 ) ;
#1261 = DIRECTION ( 'NONE',  ( 0.000000000000000000, 0.000000000000000000, 1.000000000000000000 ) ) ;
#1262 = CARTESIAN_POINT ( 'NONE',  ( 1.350000000000000533, -2.000000000000000000, 0.1000000000000000056 ) ) ;
#1263 = FILL_AREA_STYLE_COLOUR ( '', #305 ) ;
#1264 = VERTEX_POINT ( 'NONE', #1152 ) ;
#1265 = CIRCLE ( 'NONE', #1087, 0.5000000000000000000 ) ;
#1266 = LINE ( 'NONE', #1008, #657 ) ;
#1267 = DIRECTION ( 'NONE',  ( 0.000000000000000000, 0.000000000000000000, 1.000000000000000000 ) ) ;
#1268 =( NAMED_UNIT ( * ) PLANE_ANGLE_UNIT ( ) SI_UNIT ( $, .RADIAN. ) );
#1269 = DIRECTION ( 'NONE',  ( 1.000000000000000000, 0.000000000000000000, 0.000000000000000000 ) ) ;
#1270 = COLOUR_RGB ( '',1.000000000000000000, 1.000000000000000000, 0.000000000000000000 ) ;
#1271 = ORIENTED_EDGE ( 'NONE', *, *, #1659, .F. ) ;
#1272 = FILL_AREA_STYLE_COLOUR ( '', #1050 ) ;
#1273 = VECTOR ( 'NONE', #1034, 1000.000000000000000 ) ;
#1274 = DIRECTION ( 'NONE',  ( 0.000000000000000000, -1.000000000000000000, -0.000000000000000000 ) ) ;
#1275 = DIRECTION ( 'NONE',  ( 1.000000000000000000, 0.000000000000000000, -0.000000000000000000 ) ) ;
#1276 = EDGE_CURVE ( 'NONE', #351, #873, #1137, .T. ) ;
#1277 = FILL_AREA_STYLE_COLOUR ( '', #2024 ) ;
#1278 = SURFACE_SIDE_STYLE ('',( #1083 ) ) ;
#1279 = AXIS2_PLACEMENT_3D ( 'NONE', #484, #1324, #1926 ) ;
#1280 = EDGE_LOOP ( 'NONE', ( #2278, #1730 ) ) ;
#1281 = MECHANICAL_DESIGN_GEOMETRIC_PRESENTATION_REPRESENTATION (  '', ( #620 ), #1021 ) ;
#1282 = DIRECTION ( 'NONE',  ( -1.000000000000000000, 0.000000000000000000, 0.000000000000000000 ) ) ;
#1283 = FILL_AREA_STYLE_COLOUR ( '', #1821 ) ;
#1284 = PRESENTATION_STYLE_ASSIGNMENT (( #244 ) ) ;
#1285 = VERTEX_POINT ( 'NONE', #540 ) ;
#1286 = DIRECTION ( 'NONE',  ( -1.000000000000000000, 0.000000000000000000, -0.000000000000000000 ) ) ;
#1287 = DIRECTION ( 'NONE',  ( 0.000000000000000000, 0.000000000000000000, 1.000000000000000000 ) ) ;
#1288 = UNCERTAINTY_MEASURE_WITH_UNIT (LENGTH_MEASURE( 1.000000000000000082E-05 ), #2538, 'distance_accuracy_value', 'NONE');
#1289 = EDGE_LOOP ( 'NONE', ( #2074, #2041, #2154, #340 ) ) ;
#1290 = PRESENTATION_STYLE_ASSIGNMENT (( #1068 ) ) ;
#1291 = DIRECTION ( 'NONE',  ( 1.000000000000000000, 0.000000000000000000, 0.000000000000000000 ) ) ;
#1292 = ORIENTED_EDGE ( 'NONE', *, *, #419, .T. ) ;
#1293 =( NAMED_UNIT ( * ) PLANE_ANGLE_UNIT ( ) SI_UNIT ( $, .RADIAN. ) );
#1294 = SURFACE_STYLE_FILL_AREA ( #2545 ) ;
#1295 = ORIENTED_EDGE ( 'NONE', *, *, #755, .T. ) ;
#1296 = CARTESIAN_POINT ( 'NONE',  ( -5.049999999999999822, 6.123233995736778362E-17, 0.1000000000000000056 ) ) ;
#1297 = PRESENTATION_STYLE_ASSIGNMENT (( #1310 ) ) ;
#1298 = ORIENTED_EDGE ( 'NONE', *, *, #361, .T. ) ;
#1299 = DIRECTION ( 'NONE',  ( -2.825282534164181327E-16, -1.000000000000000000, 0.000000000000000000 ) ) ;
#1300 = AXIS2_PLACEMENT_3D ( 'NONE', #2478, #1210, #2487 ) ;
#1301 = SURFACE_STYLE_FILL_AREA ( #913 ) ;
#1302 =( NAMED_UNIT ( * ) PLANE_ANGLE_UNIT ( ) SI_UNIT ( $, .RADIAN. ) );
#1303 = ORIENTED_EDGE ( 'NONE', *, *, #1247, .F. ) ;
#1304 =( NAMED_UNIT ( * ) PLANE_ANGLE_UNIT ( ) SI_UNIT ( $, .RADIAN. ) );
#1305 = STYLED_ITEM ( 'NONE', ( #1290 ), #535 ) ;
#1306 = DIRECTION ( 'NONE',  ( -0.000000000000000000, -0.000000000000000000, -1.000000000000000000 ) ) ;
#1307 = AXIS2_PLACEMENT_3D ( 'NONE', #1967, #2421, #72 ) ;
#1308 = VERTEX_POINT ( 'NONE', #1763 ) ;
#1309 = PRESENTATION_LAYER_ASSIGNMENT (  '', '', ( #1859 ) ) ;
#1310 = SURFACE_STYLE_USAGE ( .BOTH. , #42 ) ;
#1311 = STYLED_ITEM ( 'NONE', ( #149 ), #1334 ) ;
#1312 = UNCERTAINTY_MEASURE_WITH_UNIT (LENGTH_MEASURE( 1.000000000000000082E-05 ), #1621, 'distance_accuracy_value', 'NONE');
#1313 = EDGE_LOOP ( 'NONE', ( #40, #275, #1410, #1698 ) ) ;
#1314 = MECHANICAL_DESIGN_GEOMETRIC_PRESENTATION_REPRESENTATION (  '', ( #1230 ), #349 ) ;
#1315 = LINE ( 'NONE', #279, #1702 ) ;
#1316 = AXIS2_PLACEMENT_3D ( 'NONE', #1851, #2678, #2276 ) ;
#1317 = VERTEX_POINT ( 'NONE', #336 ) ;
#1318 = CYLINDRICAL_SURFACE ( 'NONE', #1229, 0.5000000000000000000 ) ;
#1319 =( GEOMETRIC_REPRESENTATION_CONTEXT ( 3 ) GLOBAL_UNCERTAINTY_ASSIGNED_CONTEXT ( ( #350 ) ) GLOBAL_UNIT_ASSIGNED_CONTEXT ( ( #178, #1082, #876 ) ) REPRESENTATION_CONTEXT ( 'NONE', 'WORKASPACE' ) );
#1320 = SURFACE_STYLE_USAGE ( .BOTH. , #905 ) ;
#1321 = EDGE_CURVE ( 'NONE', #1524, #125, #2365, .T. ) ;
#1322 = ADVANCED_FACE ( 'NONE', ( #1352 ), #1994, .T. ) ;
#1323 = CIRCLE ( 'NONE', #2651, 0.4999999999999997780 ) ;
#1324 = DIRECTION ( 'NONE',  ( 0.000000000000000000, 0.000000000000000000, 1.000000000000000000 ) ) ;
#1325 = ORIENTED_EDGE ( 'NONE', *, *, #2472, .T. ) ;
#1326 = EDGE_CURVE ( 'NONE', #889, #2336, #1603, .T. ) ;
#1327 = DIRECTION ( 'NONE',  ( -1.000000000000000000, 0.000000000000000000, 0.000000000000000000 ) ) ;
#1328 = ORIENTED_EDGE ( 'NONE', *, *, #66, .F. ) ;
#1329 = DIRECTION ( 'NONE',  ( -1.000000000000000000, 0.000000000000000000, 0.000000000000000000 ) ) ;
#1330 = EDGE_LOOP ( 'NONE', ( #459, #2391 ) ) ;
#1331 = SURFACE_STYLE_FILL_AREA ( #2556 ) ;
#1332 = ORIENTED_EDGE ( 'NONE', *, *, #11, .F. ) ;
#1333 = PRESENTATION_STYLE_ASSIGNMENT (( #41 ) ) ;
#1334 = ADVANCED_FACE ( 'NONE', ( #1209 ), #749, .T. ) ;
#1335 = ORIENTED_EDGE ( 'NONE', *, *, #168, .T. ) ;
#1336 = CARTESIAN_POINT ( 'NONE',  ( -0.4300000000000025469, 3.070000000000000284, -1.074999999999999956 ) ) ;
#1337 = FILL_AREA_STYLE_COLOUR ( '', #488 ) ;
#1338 = CIRCLE ( 'NONE', #1678, 0.4999999999999995559 ) ;
#1339 = DIRECTION ( 'NONE',  ( -0.000000000000000000, -0.000000000000000000, -1.000000000000000000 ) ) ;
#1340 = ORIENTED_EDGE ( 'NONE', *, *, #2647, .F. ) ;
#1341 =( LENGTH_UNIT ( ) NAMED_UNIT ( * ) SI_UNIT ( .MILLI., .METRE. ) );
#1342 = EDGE_CURVE ( 'NONE', #316, #1707, #1371, .T. ) ;
#1343 = CARTESIAN_POINT ( 'NONE',  ( -1.849999999999999645, 2.000000000000000000, 0.1000000000000000056 ) ) ;
#1344 = CARTESIAN_POINT ( 'NONE',  ( -5.549999999999999822, 2.000000000000000000, 0.1000000000000000056 ) ) ;
#1345 = ORIENTED_EDGE ( 'NONE', *, *, #1422, .F. ) ;
#1346 = EDGE_CURVE ( 'NONE', #2406, #580, #765, .T. ) ;
#1347 = ADVANCED_FACE ( 'NONE', ( #1801 ), #1553, .T. ) ;
#1348 = DIRECTION ( 'NONE',  ( 1.000000000000000000, -0.000000000000000000, -0.000000000000000000 ) ) ;
#1349 = CIRCLE ( 'NONE', #2469, 0.5000000000000000000 ) ;
#1350 = COLOUR_RGB ( '',0.2509803921568627416, 0.2509803921568627416, 0.2509803921568627416 ) ;
#1351 = CARTESIAN_POINT ( 'NONE',  ( 0.000000000000000000, 0.000000000000000000, 0.000000000000000000 ) ) ;
#1352 = FACE_OUTER_BOUND ( 'NONE', #1784, .T. ) ;
#1353 = EDGE_LOOP ( 'NONE', ( #1138, #2048 ) ) ;
#1354 = EDGE_CURVE ( 'NONE', #2336, #2023, #2695, .T. ) ;
#1355 =( GEOMETRIC_REPRESENTATION_CONTEXT ( 3 ) GLOBAL_UNCERTAINTY_ASSIGNED_CONTEXT ( ( #1204 ) ) GLOBAL_UNIT_ASSIGNED_CONTEXT ( ( #909, #2099, #1079 ) ) REPRESENTATION_CONTEXT ( 'NONE', 'WORKASPACE' ) );
#1356 = VECTOR ( 'NONE', #1129, 1000.000000000000000 ) ;
#1357 = FILL_AREA_STYLE_COLOUR ( '', #963 ) ;
#1358 = MECHANICAL_DESIGN_GEOMETRIC_PRESENTATION_REPRESENTATION (  '', ( #438 ), #2126 ) ;
#1359 = ORIENTED_EDGE ( 'NONE', *, *, #2401, .T. ) ;
#1360 = PRESENTATION_STYLE_ASSIGNMENT (( #517 ) ) ;
#1361 = VECTOR ( 'NONE', #661, 1000.000000000000000 ) ;
#1362 =( NAMED_UNIT ( * ) PLANE_ANGLE_UNIT ( ) SI_UNIT ( $, .RADIAN. ) );
#1363 = CARTESIAN_POINT ( 'NONE',  ( 1.350000000000000533, -2.000000000000000000, 0.000000000000000000 ) ) ;
#1364 = AXIS2_PLACEMENT_3D ( 'NONE', #190, #817, #643 ) ;
#1365 = SURFACE_STYLE_USAGE ( .BOTH. , #2622 ) ;
#1366 = ORIENTED_EDGE ( 'NONE', *, *, #262, .T. ) ;
#1367 = SURFACE_STYLE_FILL_AREA ( #2392 ) ;
#1368 = FACE_OUTER_BOUND ( 'NONE', #2451, .T. ) ;
#1369 = UNCERTAINTY_MEASURE_WITH_UNIT (LENGTH_MEASURE( 1.000000000000000082E-05 ), #2588, 'distance_accuracy_value', 'NONE');
#1370 = CYLINDRICAL_SURFACE ( 'NONE', #23, 0.4999999999999995559 ) ;
#1371 = LINE ( 'NONE', #2423, #870 ) ;
#1372 = LINE ( 'NONE', #1585, #137 ) ;
#1373 = PLANE ( 'NONE',  #1472 ) ;
#1374 = ORIENTED_EDGE ( 'NONE', *, *, #1510, .T. ) ;
#1375 = CARTESIAN_POINT ( 'NONE',  ( 1.850000000000000311, 2.000000000000000000, 0.1000000000000000056 ) ) ;
#1376 =( NAMED_UNIT ( * ) PLANE_ANGLE_UNIT ( ) SI_UNIT ( $, .RADIAN. ) );
#1377 = SURFACE_STYLE_USAGE ( .BOTH. , #2144 ) ;
#1378 = DIRECTION ( 'NONE',  ( -1.000000000000000000, 0.000000000000000000, 0.000000000000000000 ) ) ;
#1379 = AXIS2_PLACEMENT_3D ( 'NONE', #1351, #2168, #1686 ) ;
#1380 = FILL_AREA_STYLE_COLOUR ( '', #1865 ) ;
#1381 = ORIENTED_EDGE ( 'NONE', *, *, #1326, .F. ) ;
#1382 = EDGE_CURVE ( 'NONE', #1759, #1677, #1266, .T. ) ;
#1383 = ADVANCED_FACE ( 'NONE', ( #1882 ), #2076, .T. ) ;
#1384 = VERTEX_POINT ( 'NONE', #381 ) ;
#1385 = PRESENTATION_STYLE_ASSIGNMENT (( #2598 ) ) ;
#1386 = FACE_BOUND ( 'NONE', #56, .T. ) ;
#1387 = EDGE_LOOP ( 'NONE', ( #2320, #1946, #2497, #2448 ) ) ;
#1388 = FILL_AREA_STYLE ('',( #551 ) ) ;
#1389 = UNCERTAINTY_MEASURE_WITH_UNIT (LENGTH_MEASURE( 1.000000000000000082E-05 ), #1222, 'distance_accuracy_value', 'NONE');
#1390 = VECTOR ( 'NONE', #511, 1000.000000000000000 ) ;
#1391 = STYLED_ITEM ( 'NONE', ( #1651 ), #688 ) ;
#1392 = STYLED_ITEM ( 'NONE', ( #1333 ), #769 ) ;
#1393 = CARTESIAN_POINT ( 'NONE',  ( -3.700000000000000178, 0.000000000000000000, 0.000000000000000000 ) ) ;
#1394 = CIRCLE ( 'NONE', #211, 0.4999999999999997780 ) ;
#1395 = AXIS2_PLACEMENT_3D ( 'NONE', #632, #2060, #1845 ) ;
#1396 = FACE_OUTER_BOUND ( 'NONE', #2138, .T. ) ;
#1397 = SURFACE_SIDE_STYLE ('',( #1158 ) ) ;
#1398 = STYLED_ITEM ( 'NONE', ( #1284 ), #2139 ) ;
#1399 = MECHANICAL_DESIGN_GEOMETRIC_PRESENTATION_REPRESENTATION (  '', ( #2353 ), #164 ) ;
#1400 = ORIENTED_EDGE ( 'NONE', *, *, #1035, .F. ) ;
#1401 = STYLED_ITEM ( 'NONE', ( #629 ), #2589 ) ;
#1402 = CARTESIAN_POINT ( 'NONE',  ( -5.549999999999999822, -2.000000000000000000, 0.1000000000000000056 ) ) ;
#1403 = DIRECTION ( 'NONE',  ( 1.000000000000000000, 0.000000000000000000, -0.000000000000000000 ) ) ;
#1404 = DIRECTION ( 'NONE',  ( 0.000000000000000000, 0.000000000000000000, 1.000000000000000000 ) ) ;
#1405 = SURFACE_STYLE_USAGE ( .BOTH. , #789 ) ;
#1406 = DIRECTION ( 'NONE',  ( -1.000000000000000000, -7.063206335410453318E-17, 0.000000000000000000 ) ) ;
#1407 = ORIENTED_EDGE ( 'NONE', *, *, #1044, .T. ) ;
#1408 = CARTESIAN_POINT ( 'NONE',  ( 1.850000000000000311, -2.000000000000000000, 0.1000000000000000056 ) ) ;
#1409 = FILL_AREA_STYLE_COLOUR ( '', #1270 ) ;
#1410 = ORIENTED_EDGE ( 'NONE', *, *, #495, .T. ) ;
#1411 = DIRECTION ( 'NONE',  ( 1.000000000000000000, 0.000000000000000000, 0.000000000000000000 ) ) ;
#1412 = PLANE ( 'NONE',  #1563 ) ;
#1413 = AXIS2_PLACEMENT_3D ( 'NONE', #2318, #38, #1924 ) ;
#1414 = ORIENTED_EDGE ( 'NONE', *, *, #1218, .T. ) ;
#1415 = SURFACE_STYLE_USAGE ( .BOTH. , #2463 ) ;
#1416 = SURFACE_STYLE_FILL_AREA ( #2086 ) ;
#1417 = EDGE_CURVE ( 'NONE', #2103, #2616, #2250, .T. ) ;
#1418 = FILL_AREA_STYLE ('',( #1832 ) ) ;
#1419 = CARTESIAN_POINT ( 'NONE',  ( -3.700000000000000178, 2.000000000000000000, 0.1000000000000000056 ) ) ;
#1420 = AXIS2_PLACEMENT_3D ( 'NONE', #554, #1127, #977 ) ;
#1421 = VECTOR ( 'NONE', #1108, 1000.000000000000000 ) ;
#1422 = EDGE_CURVE ( 'NONE', #794, #590, #1813, .T. ) ;
#1423 = FACE_OUTER_BOUND ( 'NONE', #649, .T. ) ;
#1424 = EDGE_LOOP ( 'NONE', ( #946, #1345, #2349, #717 ) ) ;
#1425 = COLOUR_RGB ( '',1.000000000000000000, 1.000000000000000000, 0.000000000000000000 ) ;
#1426 = DIRECTION ( 'NONE',  ( -1.000000000000000000, -1.412641267082090664E-16, 0.000000000000000000 ) ) ;
#1427 = CIRCLE ( 'NONE', #22, 0.4999999999999995559 ) ;
#1428 = DIRECTION ( 'NONE',  ( 0.000000000000000000, 0.000000000000000000, 1.000000000000000000 ) ) ;
#1429 = AXIS2_PLACEMENT_3D ( 'NONE', #762, #2156, #300 ) ;
#1430 =( NAMED_UNIT ( * ) SI_UNIT ( $, .STERADIAN. ) SOLID_ANGLE_UNIT ( ) );
#1431 = ORIENTED_EDGE ( 'NONE', *, *, #1754, .T. ) ;
#1432 = DIRECTION ( 'NONE',  ( -0.000000000000000000, -0.000000000000000000, -1.000000000000000000 ) ) ;
#1433 = SURFACE_STYLE_USAGE ( .BOTH. , #1043 ) ;
#1434 = AXIS2_PLACEMENT_3D ( 'NONE', #1046, #1058, #2671 ) ;
#1435 = UNCERTAINTY_MEASURE_WITH_UNIT (LENGTH_MEASURE( 1.000000000000000082E-05 ), #46, 'distance_accuracy_value', 'NONE');
#1436 = CIRCLE ( 'NONE', #2402, 0.5000000000000000000 ) ;
#1437 = FACE_OUTER_BOUND ( 'NONE', #2222, .T. ) ;
#1438 = EDGE_CURVE ( 'NONE', #1384, #1264, #2345, .T. ) ;
#1439 = SURFACE_SIDE_STYLE ('',( #1451 ) ) ;
#1440 = CARTESIAN_POINT ( 'NONE',  ( 0.000000000000000000, 0.000000000000000000, 0.000000000000000000 ) ) ;
#1441 = VERTEX_POINT ( 'NONE', #417 ) ;
#1442 = FILL_AREA_STYLE_COLOUR ( '', #1516 ) ;
#1443 = PRESENTATION_STYLE_ASSIGNMENT (( #1646 ) ) ;
#1444 = DIRECTION ( 'NONE',  ( -7.063206335410453318E-17, 1.000000000000000000, 0.000000000000000000 ) ) ;
#1445 = ORIENTED_EDGE ( 'NONE', *, *, #1417, .T. ) ;
#1446 = CARTESIAN_POINT ( 'NONE',  ( -0.4300000000000025469, 3.070000000000000284, -1.074999999999999956 ) ) ;
#1447 = SURFACE_STYLE_USAGE ( .BOTH. , #1249 ) ;
#1448 = SURFACE_STYLE_FILL_AREA ( #1460 ) ;
#1449 = EDGE_CURVE ( 'NONE', #2694, #2231, #1063, .T. ) ;
#1450 = CARTESIAN_POINT ( 'NONE',  ( -6.770000000000001350, 3.269999999999999574, 0.000000000000000000 ) ) ;
#1451 = SURFACE_STYLE_FILL_AREA ( #584 ) ;
#1452 = DIRECTION ( 'NONE',  ( 0.000000000000000000, 0.000000000000000000, 1.000000000000000000 ) ) ;
#1453 = ORIENTED_EDGE ( 'NONE', *, *, #761, .F. ) ;
#1454 = EDGE_CURVE ( 'NONE', #927, #685, #814, .T. ) ;
#1455 = EDGE_CURVE ( 'NONE', #84, #2360, #600, .T. ) ;
#1456 = PRESENTATION_STYLE_ASSIGNMENT (( #625 ) ) ;
#1457 = ORIENTED_EDGE ( 'NONE', *, *, #1455, .T. ) ;
#1458 = SURFACE_STYLE_FILL_AREA ( #1853 ) ;
#1459 = SURFACE_STYLE_FILL_AREA ( #642 ) ;
#1460 = FILL_AREA_STYLE ('',( #2280 ) ) ;
#1461 = UNCERTAINTY_MEASURE_WITH_UNIT (LENGTH_MEASURE( 1.000000000000000082E-05 ), #1757, 'distance_accuracy_value', 'NONE');
#1462 = CARTESIAN_POINT ( 'NONE',  ( -5.549999999999999822, 2.000000000000000000, 0.1000000000000000056 ) ) ;
#1463 = DIRECTION ( 'NONE',  ( -0.000000000000000000, -0.000000000000000000, -1.000000000000000000 ) ) ;
#1464 = CARTESIAN_POINT ( 'NONE',  ( 3.700000000000000178, 2.000000000000000000, 0.1000000000000000056 ) ) ;
#1465 = ORIENTED_EDGE ( 'NONE', *, *, #1799, .F. ) ;
#1466 = STYLED_ITEM ( 'NONE', ( #759 ), #427 ) ;
#1467 = CARTESIAN_POINT ( 'NONE',  ( -6.770000000000001350, 3.269999999999999574, 0.000000000000000000 ) ) ;
#1468 =( LENGTH_UNIT ( ) NAMED_UNIT ( * ) SI_UNIT ( .MILLI., .METRE. ) );
#1469 = CYLINDRICAL_SURFACE ( 'NONE', #609, 0.4999999999999995559 ) ;
#1470 = PRESENTATION_LAYER_ASSIGNMENT (  '', '', ( #424 ) ) ;
#1471 = STYLED_ITEM ( 'NONE', ( #359 ), #617 ) ;
#1472 = AXIS2_PLACEMENT_3D ( 'NONE', #2621, #2218, #993 ) ;
#1473 = ORIENTED_EDGE ( 'NONE', *, *, #2522, .T. ) ;
#1474 = CARTESIAN_POINT ( 'NONE',  ( -0.4300000000000025469, 3.070000000000000284, -0.5000000000000000000 ) ) ;
#1475 =( NAMED_UNIT ( * ) SI_UNIT ( $, .STERADIAN. ) SOLID_ANGLE_UNIT ( ) );
#1476 = STYLED_ITEM ( 'NONE', ( #1297 ), #1876 ) ;
#1477 = STYLED_ITEM ( 'NONE', ( #1715 ), #988 ) ;
#1478 =( NAMED_UNIT ( * ) PLANE_ANGLE_UNIT ( ) SI_UNIT ( $, .RADIAN. ) );
#1479 = MECHANICAL_DESIGN_GEOMETRIC_PRESENTATION_REPRESENTATION (  '', ( #1017 ), #752 ) ;
#1480 = CARTESIAN_POINT ( 'NONE',  ( 3.200000000000000622, 0.000000000000000000, 0.1000000000000000056 ) ) ;
#1481 = DIRECTION ( 'NONE',  ( -0.000000000000000000, -0.000000000000000000, -1.000000000000000000 ) ) ;
#1482 = CARTESIAN_POINT ( 'NONE',  ( 6.569999999999998508, -3.070000000000001172, -1.074999999999999956 ) ) ;
#1483 = PRESENTATION_LAYER_ASSIGNMENT (  '', '', ( #1656 ) ) ;
#1484 = EDGE_LOOP ( 'NONE', ( #1328, #1400 ) ) ;
#1485 = CIRCLE ( 'NONE', #2480, 0.4999999999999995559 ) ;
#1486 = DIRECTION ( 'NONE',  ( 0.000000000000000000, 0.000000000000000000, 1.000000000000000000 ) ) ;
#1487 = SURFACE_SIDE_STYLE ('',( #1706 ) ) ;
#1488 = FILL_AREA_STYLE_COLOUR ( '', #1996 ) ;
#1489 = EDGE_LOOP ( 'NONE', ( #2133, #710 ) ) ;
#1490 =( NAMED_UNIT ( * ) SI_UNIT ( $, .STERADIAN. ) SOLID_ANGLE_UNIT ( ) );
#1491 = CARTESIAN_POINT ( 'NONE',  ( -3.200000000000000178, 2.000000000000000000, 0.000000000000000000 ) ) ;
#1492 = APPLICATION_PROTOCOL_DEFINITION ( 'draft international standard', 'automotive_design', 1998, #179 ) ;
#1493 = VERTEX_POINT ( 'NONE', #1847 ) ;
#1494 = ADVANCED_FACE ( 'NONE', ( #2475 ), #621, .T. ) ;
#1495 = CARTESIAN_POINT ( 'NONE',  ( 6.769999999999997797, 3.269999999999999574, 0.000000000000000000 ) ) ;
#1496 = PRESENTATION_STYLE_ASSIGNMENT (( #1889 ) ) ;
#1497 = ORIENTED_EDGE ( 'NONE', *, *, #2342, .F. ) ;
#1498 = PRESENTATION_STYLE_ASSIGNMENT (( #2572 ) ) ;
#1499 = SURFACE_STYLE_FILL_AREA ( #856 ) ;
#1500 = CARTESIAN_POINT ( 'NONE',  ( 6.769999999999997797, 3.269999999999999574, -0.5000000000000000000 ) ) ;
#1501 = ORIENTED_EDGE ( 'NONE', *, *, #562, .F. ) ;
#1502 = SURFACE_STYLE_FILL_AREA ( #2308 ) ;
#1503 = PRODUCT_CONTEXT ( 'NONE', #179, 'mechanical' ) ;
#1504 = ORIENTED_EDGE ( 'NONE', *, *, #2051, .F. ) ;
#1505 = EDGE_CURVE ( 'NONE', #1583, #721, #208, .T. ) ;
#1506 = EDGE_CURVE ( 'NONE', #873, #927, #482, .T. ) ;
#1507 = DIRECTION ( 'NONE',  ( -0.000000000000000000, -0.000000000000000000, -1.000000000000000000 ) ) ;
#1508 = ORIENTED_EDGE ( 'NONE', *, *, #1506, .F. ) ;
#1509 = SURFACE_SIDE_STYLE ('',( #1905 ) ) ;
#1510 = EDGE_CURVE ( 'NONE', #1264, #1384, #1520, .T. ) ;
#1511 = SURFACE_STYLE_USAGE ( .BOTH. , #1487 ) ;
#1512 =( GEOMETRIC_REPRESENTATION_CONTEXT ( 3 ) GLOBAL_UNCERTAINTY_ASSIGNED_CONTEXT ( ( #1067 ) ) GLOBAL_UNIT_ASSIGNED_CONTEXT ( ( #177, #1080, #402 ) ) REPRESENTATION_CONTEXT ( 'NONE', 'WORKASPACE' ) );
#1513 = DIRECTION ( 'NONE',  ( 1.000000000000000000, 0.000000000000000000, 0.000000000000000000 ) ) ;
#1514 = ORIENTED_EDGE ( 'NONE', *, *, #1809, .T. ) ;
#1515 = DIRECTION ( 'NONE',  ( 1.000000000000000000, 0.000000000000000000, 0.000000000000000000 ) ) ;
#1516 = COLOUR_RGB ( '',1.000000000000000000, 1.000000000000000000, 0.000000000000000000 ) ;
#1517 = SHAPE_DEFINITION_REPRESENTATION ( #1620, #221 ) ;
#1518 =( GEOMETRIC_REPRESENTATION_CONTEXT ( 3 ) GLOBAL_UNCERTAINTY_ASSIGNED_CONTEXT ( ( #1176 ) ) GLOBAL_UNIT_ASSIGNED_CONTEXT ( ( #2011, #2613, #133 ) ) REPRESENTATION_CONTEXT ( 'NONE', 'WORKASPACE' ) );
#1519 = ORIENTED_EDGE ( 'NONE', *, *, #283, .T. ) ;
#1520 = CIRCLE ( 'NONE', #2432, 0.5000000000000004441 ) ;
#1521 = VECTOR ( 'NONE', #1339, 1000.000000000000000 ) ;
#1522 = DIRECTION ( 'NONE',  ( -1.000000000000000000, 0.000000000000000000, 0.000000000000000000 ) ) ;
#1523 = COLOUR_RGB ( '',0.2509803921568627416, 0.2509803921568627416, 0.2509803921568627416 ) ;
#1524 = VERTEX_POINT ( 'NONE', #1891 ) ;
#1525 = ADVANCED_FACE ( 'NONE', ( #1085 ), #1318, .T. ) ;
#1526 = DIRECTION ( 'NONE',  ( 0.000000000000000000, 0.000000000000000000, 1.000000000000000000 ) ) ;
#1527 = PRESENTATION_LAYER_ASSIGNMENT (  '', '', ( #220 ) ) ;
#1528 = PRESENTATION_STYLE_ASSIGNMENT (( #709 ) ) ;
#1529 = ORIENTED_EDGE ( 'NONE', *, *, #251, .T. ) ;
#1530 = FACE_OUTER_BOUND ( 'NONE', #1973, .T. ) ;
#1531 = CARTESIAN_POINT ( 'NONE',  ( -1.849999999999999645, -2.000000000000000000, 0.1000000000000000056 ) ) ;
#1532 = ORIENTED_EDGE ( 'NONE', *, *, #2184, .F. ) ;
#1533 = CYLINDRICAL_SURFACE ( 'NONE', #2130, 0.5000000000000004441 ) ;
#1534 = DIRECTION ( 'NONE',  ( -2.825282534164181327E-16, -1.000000000000000000, 0.000000000000000000 ) ) ;
#1535 = ORIENTED_EDGE ( 'NONE', *, *, #2528, .T. ) ;
#1536 = CARTESIAN_POINT ( 'NONE',  ( -1.849999999999999645, -2.000000000000000000, 0.1000000000000000056 ) ) ;
#1537 = SURFACE_SIDE_STYLE ('',( #2215 ) ) ;
#1538 = PRESENTATION_STYLE_ASSIGNMENT (( #718 ) ) ;
#1539 = SURFACE_SIDE_STYLE ('',( #2000 ) ) ;
#1540 = ADVANCED_FACE ( 'NONE', ( #2516 ), #1114, .T. ) ;
#1541 = ADVANCED_FACE ( 'NONE', ( #2436 ), #2581, .T. ) ;
#1542 = CARTESIAN_POINT ( 'NONE',  ( -3.700000000000000178, -2.000000000000000000, 0.1000000000000000056 ) ) ;
#1543 = DIRECTION ( 'NONE',  ( -1.000000000000000000, 0.000000000000000000, 0.000000000000000000 ) ) ;
#1544 = ORIENTED_EDGE ( 'NONE', *, *, #2369, .T. ) ;
#1545 =( NAMED_UNIT ( * ) PLANE_ANGLE_UNIT ( ) SI_UNIT ( $, .RADIAN. ) );
#1546 = SURFACE_STYLE_USAGE ( .BOTH. , #2566 ) ;
#1547 = AXIS2_PLACEMENT_3D ( 'NONE', #561, #751, #733 ) ;
#1548 = CARTESIAN_POINT ( 'NONE',  ( -0.4300000000000032685, -3.069999999999998952, -1.074999999999999956 ) ) ;
#1549 = SURFACE_STYLE_FILL_AREA ( #725 ) ;
#1550 = EDGE_LOOP ( 'NONE', ( #2533, #743, #1414, #2110 ) ) ;
#1551 =( NAMED_UNIT ( * ) PLANE_ANGLE_UNIT ( ) SI_UNIT ( $, .RADIAN. ) );
#1552 = ORIENTED_EDGE ( 'NONE', *, *, #1977, .T. ) ;
#1553 = CYLINDRICAL_SURFACE ( 'NONE', #1226, 0.4999999999999995559 ) ;
#1554 = FILL_AREA_STYLE_COLOUR ( '', #501 ) ;
#1555 = SURFACE_STYLE_FILL_AREA ( #329 ) ;
#1556 = COLOUR_RGB ( '',1.000000000000000000, 1.000000000000000000, 0.000000000000000000 ) ;
#1557 = FACE_BOUND ( 'NONE', #1944, .T. ) ;
#1558 = EDGE_CURVE ( 'NONE', #1890, #892, #337, .T. ) ;
#1559 = MECHANICAL_DESIGN_GEOMETRIC_PRESENTATION_REPRESENTATION (  '', ( #1987 ), #1602 ) ;
#1560 = ORIENTED_EDGE ( 'NONE', *, *, #187, .T. ) ;
#1561 = FACE_OUTER_BOUND ( 'NONE', #694, .T. ) ;
#1562 = PRESENTATION_LAYER_ASSIGNMENT (  '', '', ( #560 ) ) ;
#1563 = AXIS2_PLACEMENT_3D ( 'NONE', #1500, #2104, #261 ) ;
#1564 = EDGE_CURVE ( 'NONE', #721, #1583, #2160, .T. ) ;
#1565 = COLOUR_RGB ( '',0.000000000000000000, 0.000000000000000000, 1.000000000000000000 ) ;
#1566 = STYLED_ITEM ( 'NONE', ( #339 ), #1071 ) ;
#1567 = DIRECTION ( 'NONE',  ( 1.000000000000000000, 0.000000000000000000, 0.000000000000000000 ) ) ;
#1568 = CARTESIAN_POINT ( 'NONE',  ( 6.570000000000000284, 3.069999999999998508, -1.074999999999999956 ) ) ;
#1569 = ORIENTED_EDGE ( 'NONE', *, *, #1510, .F. ) ;
#1570 = PRESENTATION_LAYER_ASSIGNMENT (  '', '', ( #2554 ) ) ;
#1571 = AXIS2_PLACEMENT_3D ( 'NONE', #1213, #2242, #578 ) ;
#1572 = VERTEX_POINT ( 'NONE', #2619 ) ;
#1573 = DIRECTION ( 'NONE',  ( -0.000000000000000000, -0.000000000000000000, -1.000000000000000000 ) ) ;
#1574 = COLOUR_RGB ( '',1.000000000000000000, 1.000000000000000000, 0.000000000000000000 ) ;
#1575 = PLANE ( 'NONE',  #1011 ) ;
#1576 = ORIENTED_EDGE ( 'NONE', *, *, #1738, .T. ) ;
#1577 = CARTESIAN_POINT ( 'NONE',  ( -5.049999999999999822, 2.000000000000000000, 0.1000000000000000056 ) ) ;
#1578 = CYLINDRICAL_SURFACE ( 'NONE', #2090, 0.5000000000000004441 ) ;
#1579 = UNCERTAINTY_MEASURE_WITH_UNIT (LENGTH_MEASURE( 1.000000000000000082E-05 ), #1837, 'distance_accuracy_value', 'NONE');
#1580 = LINE ( 'NONE', #2196, #2106 ) ;
#1581 = EDGE_CURVE ( 'NONE', #780, #200, #2031, .T. ) ;
#1582 = SURFACE_STYLE_FILL_AREA ( #2582 ) ;
#1583 = VERTEX_POINT ( 'NONE', #76 ) ;
#1584 = CARTESIAN_POINT ( 'NONE',  ( -6.570000000000002949, -3.069999999999999840, -0.5000000000000000000 ) ) ;
#1585 = CARTESIAN_POINT ( 'NONE',  ( -1.349999999999999645, 2.000000000000000000, 0.1000000000000000056 ) ) ;
#1586 = FILL_AREA_STYLE ('',( #106 ) ) ;
#1587 = ORIENTED_EDGE ( 'NONE', *, *, #455, .F. ) ;
#1588 = DIRECTION ( 'NONE',  ( 0.000000000000000000, 0.000000000000000000, 1.000000000000000000 ) ) ;
#1589 =( NAMED_UNIT ( * ) SI_UNIT ( $, .STERADIAN. ) SOLID_ANGLE_UNIT ( ) );
#1590 = LINE ( 'NONE', #1568, #519 ) ;
#1591 = EDGE_CURVE ( 'NONE', #68, #2286, #1427, .T. ) ;
#1592 = AXIS2_PLACEMENT_3D ( 'NONE', #650, #1267, #1075 ) ;
#1593 =( LENGTH_UNIT ( ) NAMED_UNIT ( * ) SI_UNIT ( .MILLI., .METRE. ) );
#1594 = EDGE_CURVE ( 'NONE', #984, #2336, #392, .T. ) ;
#1595 = DIRECTION ( 'NONE',  ( -1.000000000000000000, 0.000000000000000000, 0.000000000000000000 ) ) ;
#1596 = SURFACE_SIDE_STYLE ('',( #777 ) ) ;
#1597 = FACE_BOUND ( 'NONE', #1822, .T. ) ;
#1598 = ORIENTED_EDGE ( 'NONE', *, *, #1167, .F. ) ;
#1599 = PRESENTATION_LAYER_ASSIGNMENT (  '', '', ( #2202 ) ) ;
#1600 = UNCERTAINTY_MEASURE_WITH_UNIT (LENGTH_MEASURE( 1.000000000000000082E-05 ), #267, 'distance_accuracy_value', 'NONE');
#1601 = PRESENTATION_LAYER_ASSIGNMENT (  '', '', ( #1051 ) ) ;
#1602 =( GEOMETRIC_REPRESENTATION_CONTEXT ( 3 ) GLOBAL_UNCERTAINTY_ASSIGNED_CONTEXT ( ( #1288 ) ) GLOBAL_UNIT_ASSIGNED_CONTEXT ( ( #2538, #456, #1490 ) ) REPRESENTATION_CONTEXT ( 'NONE', 'WORKASPACE' ) );
#1603 = LINE ( 'NONE', #2434, #1861 ) ;
#1604 = DIRECTION ( 'NONE',  ( 1.000000000000000000, 0.000000000000000000, 0.000000000000000000 ) ) ;
#1605 = AXIS2_PLACEMENT_3D ( 'NONE', #1054, #1274, #2266 ) ;
#1606 =( NAMED_UNIT ( * ) SI_UNIT ( $, .STERADIAN. ) SOLID_ANGLE_UNIT ( ) );
#1607 = COLOUR_RGB ( '',1.000000000000000000, 1.000000000000000000, 0.000000000000000000 ) ;
#1608 = MECHANICAL_DESIGN_GEOMETRIC_PRESENTATION_REPRESENTATION (  '', ( #1235 ), #665 ) ;
#1609 = AXIS2_PLACEMENT_3D ( 'NONE', #1462, #2295, #431 ) ;
#1610 = ORIENTED_EDGE ( 'NONE', *, *, #1790, .F. ) ;
#1611 = CARTESIAN_POINT ( 'NONE',  ( -6.570000000000002949, -3.069999999999999840, -1.074999999999999956 ) ) ;
#1612 = CARTESIAN_POINT ( 'NONE',  ( -5.549999999999999822, 0.000000000000000000, 0.000000000000000000 ) ) ;
#1613 = FILL_AREA_STYLE ('',( #96 ) ) ;
#1614 = CARTESIAN_POINT ( 'NONE',  ( -4.200000000000000178, 2.000000000000000000, 0.000000000000000000 ) ) ;
#1615 = EDGE_CURVE ( 'NONE', #1264, #1285, #1671, .T. ) ;
#1616 = SURFACE_STYLE_USAGE ( .BOTH. , #800 ) ;
#1617 = ORIENTED_EDGE ( 'NONE', *, *, #2443, .T. ) ;
#1618 = FILL_AREA_STYLE ('',( #1825 ) ) ;
#1619 = FACE_OUTER_BOUND ( 'NONE', #1313, .T. ) ;
#1620 = PRODUCT_DEFINITION_SHAPE ( 'NONE', 'NONE',  #982 ) ;
#1621 =( LENGTH_UNIT ( ) NAMED_UNIT ( * ) SI_UNIT ( .MILLI., .METRE. ) );
#1622 = EDGE_LOOP ( 'NONE', ( #907, #2151, #626, #542 ) ) ;
#1623 = DIRECTION ( 'NONE',  ( 0.000000000000000000, 0.000000000000000000, -1.000000000000000000 ) ) ;
#1624 = PLANE ( 'NONE',  #1605 ) ;
#1625 = SURFACE_STYLE_USAGE ( .BOTH. , #1668 ) ;
#1626 = EDGE_CURVE ( 'NONE', #316, #598, #1777, .T. ) ;
#1627 = FILL_AREA_STYLE ('',( #957 ) ) ;
#1628 = CARTESIAN_POINT ( 'NONE',  ( 0.5000000000000000000, 6.123233995736766036E-17, 0.1000000000000000056 ) ) ;
#1629 = DIRECTION ( 'NONE',  ( 1.000000000000000000, 0.000000000000000000, 0.000000000000000000 ) ) ;
#1630 = SURFACE_STYLE_USAGE ( .BOTH. , #822 ) ;
#1631 = VERTEX_POINT ( 'NONE', #840 ) ;
#1632 = SURFACE_STYLE_FILL_AREA ( #1618 ) ;
#1633 = EDGE_LOOP ( 'NONE', ( #2036, #2580, #1004, #1292 ) ) ;
#1634 = EDGE_CURVE ( 'NONE', #1899, #2292, #1009, .T. ) ;
#1635 = DIRECTION ( 'NONE',  ( 0.000000000000000000, 0.000000000000000000, 1.000000000000000000 ) ) ;
#1636 = FILL_AREA_STYLE ('',( #1277 ) ) ;
#1637 = CARTESIAN_POINT ( 'NONE',  ( 2.350000000000000089, 2.000000000000000000, 0.1000000000000000056 ) ) ;
#1638 = DIRECTION ( 'NONE',  ( 0.000000000000000000, 0.000000000000000000, 1.000000000000000000 ) ) ;
#1639 = STYLED_ITEM ( 'NONE', ( #2447 ), #1125 ) ;
#1640 = ORIENTED_EDGE ( 'NONE', *, *, #732, .F. ) ;
#1641 =( GEOMETRIC_REPRESENTATION_CONTEXT ( 3 ) GLOBAL_UNCERTAINTY_ASSIGNED_CONTEXT ( ( #401 ) ) GLOBAL_UNIT_ASSIGNED_CONTEXT ( ( #398, #1268, #184 ) ) REPRESENTATION_CONTEXT ( 'NONE', 'WORKASPACE' ) );
#1642 = CARTESIAN_POINT ( 'NONE',  ( -3.700000000000000178, -2.000000000000000000, 0.1000000000000000056 ) ) ;
#1643 = PRESENTATION_LAYER_ASSIGNMENT (  '', '', ( #1863 ) ) ;
#1644 = FILL_AREA_STYLE_COLOUR ( '', #2148 ) ;
#1645 =( GEOMETRIC_REPRESENTATION_CONTEXT ( 3 ) GLOBAL_UNCERTAINTY_ASSIGNED_CONTEXT ( ( #2281 ) ) GLOBAL_UNIT_ASSIGNED_CONTEXT ( ( #2536, #681, #865 ) ) REPRESENTATION_CONTEXT ( 'NONE', 'WORKASPACE' ) );
#1646 = SURFACE_STYLE_USAGE ( .BOTH. , #2065 ) ;
#1647 = AXIS2_PLACEMENT_3D ( 'NONE', #434, #238, #878 ) ;
#1648 = AXIS2_PLACEMENT_3D ( 'NONE', #296, #2409, #1979 ) ;
#1649 = ORIENTED_EDGE ( 'NONE', *, *, #1354, .F. ) ;
#1650 = EDGE_CURVE ( 'NONE', #479, #1493, #1349, .T. ) ;
#1651 = PRESENTATION_STYLE_ASSIGNMENT (( #832 ) ) ;
#1652 = CIRCLE ( 'NONE', #485, 0.5000000000000004441 ) ;
#1653 =( NAMED_UNIT ( * ) PLANE_ANGLE_UNIT ( ) SI_UNIT ( $, .RADIAN. ) );
#1654 = MECHANICAL_DESIGN_GEOMETRIC_PRESENTATION_REPRESENTATION (  '', ( #220 ), #669 ) ;
#1655 = DIRECTION ( 'NONE',  ( -0.000000000000000000, -0.000000000000000000, -1.000000000000000000 ) ) ;
#1656 = STYLED_ITEM ( 'NONE', ( #127 ), #2579 ) ;
#1657 = CARTESIAN_POINT ( 'NONE',  ( -0.5000000000000000000, 0.000000000000000000, 0.000000000000000000 ) ) ;
#1658 = CARTESIAN_POINT ( 'NONE',  ( 3.700000000000000178, 0.000000000000000000, 0.1000000000000000056 ) ) ;
#1659 = EDGE_CURVE ( 'NONE', #815, #1937, #1394, .T. ) ;
#1660 = ORIENTED_EDGE ( 'NONE', *, *, #579, .F. ) ;
#1661 =( NAMED_UNIT ( * ) PLANE_ANGLE_UNIT ( ) SI_UNIT ( $, .RADIAN. ) );
#1662 = FILL_AREA_STYLE ('',( #1644 ) ) ;
#1663 = FILL_AREA_STYLE_COLOUR ( '', #1729 ) ;
#1664 = DIRECTION ( 'NONE',  ( 1.000000000000000000, 0.000000000000000000, 0.000000000000000000 ) ) ;
#1665 = EDGE_LOOP ( 'NONE', ( #2417, #404 ) ) ;
#1666 = LINE ( 'NONE', #2293, #2341 ) ;
#1667 = FILL_AREA_STYLE ('',( #1830 ) ) ;
#1668 = SURFACE_SIDE_STYLE ('',( #1448 ) ) ;
#1669 = LINE ( 'NONE', #1480, #15 ) ;
#1670 = CARTESIAN_POINT ( 'NONE',  ( -3.700000000000000178, 0.000000000000000000, 0.1000000000000000056 ) ) ;
#1671 = LINE ( 'NONE', #377, #257 ) ;
#1672 = SURFACE_STYLE_FILL_AREA ( #2132 ) ;
#1673 = EDGE_LOOP ( 'NONE', ( #358, #1073, #2332, #2428 ) ) ;
#1674 = CARTESIAN_POINT ( 'NONE',  ( -0.4300000000000032685, -3.069999999999998952, -0.5000000000000000000 ) ) ;
#1675 = CARTESIAN_POINT ( 'NONE',  ( 1.850000000000000311, -2.000000000000000000, 0.1000000000000000056 ) ) ;
#1676 = PLANE ( 'NONE',  #2430 ) ;
#1677 = VERTEX_POINT ( 'NONE', #2494 ) ;
#1678 = AXIS2_PLACEMENT_3D ( 'NONE', #680, #740, #1567 ) ;
#1679 = PLANE ( 'NONE',  #959 ) ;
#1680 = SURFACE_STYLE_FILL_AREA ( #447 ) ;
#1681 = LINE ( 'NONE', #647, #877 ) ;
#1682 = AXIS2_PLACEMENT_3D ( 'NONE', #2325, #492, #1329 ) ;
#1683 = DIRECTION ( 'NONE',  ( -0.000000000000000000, -0.000000000000000000, -1.000000000000000000 ) ) ;
#1684 = ORIENTED_EDGE ( 'NONE', *, *, #2233, .T. ) ;
#1685 = DIRECTION ( 'NONE',  ( -1.000000000000000000, 0.000000000000000000, 0.000000000000000000 ) ) ;
#1686 = DIRECTION ( 'NONE',  ( 1.000000000000000000, 0.000000000000000000, 0.000000000000000000 ) ) ;
#1687 = EDGE_CURVE ( 'NONE', #794, #466, #631, .T. ) ;
#1688 = DIRECTION ( 'NONE',  ( 0.000000000000000000, 0.000000000000000000, 1.000000000000000000 ) ) ;
#1689 =( NAMED_UNIT ( * ) SI_UNIT ( $, .STERADIAN. ) SOLID_ANGLE_UNIT ( ) );
#1690 = VECTOR ( 'NONE', #1463, 1000.000000000000000 ) ;
#1691 = ORIENTED_EDGE ( 'NONE', *, *, #1438, .T. ) ;
#1692 = EDGE_CURVE ( 'NONE', #1572, #450, #2077, .T. ) ;
#1693 = FACE_OUTER_BOUND ( 'NONE', #2587, .T. ) ;
#1694 = MECHANICAL_DESIGN_GEOMETRIC_PRESENTATION_REPRESENTATION (  '', ( #1476 ), #2517 ) ;
#1695 = DIRECTION ( 'NONE',  ( 1.326241189584715037E-16, -1.000000000000000000, 0.000000000000000000 ) ) ;
#1696 = DIRECTION ( 'NONE',  ( 1.000000000000000000, 0.000000000000000000, 0.000000000000000000 ) ) ;
#1697 = AXIS2_PLACEMENT_3D ( 'NONE', #829, #638, #806 ) ;
#1698 = ORIENTED_EDGE ( 'NONE', *, *, #444, .F. ) ;
#1699 =( LENGTH_UNIT ( ) NAMED_UNIT ( * ) SI_UNIT ( .MILLI., .METRE. ) );
#1700 = AXIS2_PLACEMENT_3D ( 'NONE', #1670, #1261, #2045 ) ;
#1701 = LINE ( 'NONE', #2532, #1013 ) ;
#1702 = VECTOR ( 'NONE', #1348, 1000.000000000000000 ) ;
#1703 = ORIENTED_EDGE ( 'NONE', *, *, #936, .T. ) ;
#1704 = EDGE_CURVE ( 'NONE', #984, #1716, #2643, .T. ) ;
#1705 = CARTESIAN_POINT ( 'NONE',  ( 6.570000000000000284, 3.069999999999998508, -0.5000000000000000000 ) ) ;
#1706 = SURFACE_STYLE_FILL_AREA ( #2557 ) ;
#1707 = VERTEX_POINT ( 'NONE', #1614 ) ;
#1708 = DIRECTION ( 'NONE',  ( 1.000000000000000000, 0.000000000000000000, 0.000000000000000000 ) ) ;
#1709 = SURFACE_STYLE_FILL_AREA ( #30 ) ;
#1710 = ADVANCED_FACE ( 'NONE', ( #811 ), #597, .T. ) ;
#1711 = ORIENTED_EDGE ( 'NONE', *, *, #1758, .F. ) ;
#1712 = SURFACE_SIDE_STYLE ('',( #891 ) ) ;
#1713 = PRESENTATION_STYLE_ASSIGNMENT (( #853 ) ) ;
#1714 = EDGE_LOOP ( 'NONE', ( #1359, #1529 ) ) ;
#1715 = PRESENTATION_STYLE_ASSIGNMENT (( #1511 ) ) ;
#1716 = VERTEX_POINT ( 'NONE', #2446 ) ;
#1717 = PRESENTATION_STYLE_ASSIGNMENT (( #470 ) ) ;
#1718 = MECHANICAL_DESIGN_GEOMETRIC_PRESENTATION_REPRESENTATION (  '', ( #2150 ), #778 ) ;
#1719 = VERTEX_POINT ( 'NONE', #821 ) ;
#1720 =( LENGTH_UNIT ( ) NAMED_UNIT ( * ) SI_UNIT ( .MILLI., .METRE. ) );
#1721 = PLANE ( 'NONE',  #1648 ) ;
#1722 = VERTEX_POINT ( 'NONE', #1262 ) ;
#1723 = FILL_AREA_STYLE_COLOUR ( '', #1565 ) ;
#1724 = PRESENTATION_STYLE_ASSIGNMENT (( #1320 ) ) ;
#1725 = STYLED_ITEM ( 'NONE', ( #1032 ), #463 ) ;
#1726 = SURFACE_STYLE_FILL_AREA ( #906 ) ;
#1727 = ORIENTED_EDGE ( 'NONE', *, *, #1505, .F. ) ;
#1728 = AXIS2_PLACEMENT_3D ( 'NONE', #2084, #1432, #2265 ) ;
#1729 = COLOUR_RGB ( '',0.000000000000000000, 0.000000000000000000, 1.000000000000000000 ) ;
#1730 = ORIENTED_EDGE ( 'NONE', *, *, #2012, .T. ) ;
#1731 = PLANE ( 'NONE',  #1856 ) ;
#1732 = VECTOR ( 'NONE', #2227, 1000.000000000000000 ) ;
#1733 = AXIS2_PLACEMENT_3D ( 'NONE', #364, #165, #1207 ) ;
#1734 = DIRECTION ( 'NONE',  ( 0.000000000000000000, 0.000000000000000000, -1.000000000000000000 ) ) ;
#1735 =( GEOMETRIC_REPRESENTATION_CONTEXT ( 3 ) GLOBAL_UNCERTAINTY_ASSIGNED_CONTEXT ( ( #986 ) ) GLOBAL_UNIT_ASSIGNED_CONTEXT ( ( #809, #1236, #409 ) ) REPRESENTATION_CONTEXT ( 'NONE', 'WORKASPACE' ) );
#1736 = CARTESIAN_POINT ( 'NONE',  ( -3.700000000000000178, 0.000000000000000000, 0.000000000000000000 ) ) ;
#1737 = ORIENTED_EDGE ( 'NONE', *, *, #634, .F. ) ;
#1738 = EDGE_CURVE ( 'NONE', #2127, #494, #2471, .T. ) ;
#1739 = PRESENTATION_STYLE_ASSIGNMENT (( #59 ) ) ;
#1740 = PRESENTATION_LAYER_ASSIGNMENT (  '', '', ( #2307 ) ) ;
#1741 = FILL_AREA_STYLE ('',( #131 ) ) ;
#1742 = DIRECTION ( 'NONE',  ( -0.000000000000000000, -0.000000000000000000, -1.000000000000000000 ) ) ;
#1743 = AXIS2_PLACEMENT_3D ( 'NONE', #276, #1119, #1696 ) ;
#1744 = CARTESIAN_POINT ( 'NONE',  ( 0.5000000000000000000, 6.123233995736766036E-17, 0.000000000000000000 ) ) ;
#1745 = SURFACE_SIDE_STYLE ('',( #695 ) ) ;
#1746 =( NAMED_UNIT ( * ) SI_UNIT ( $, .STERADIAN. ) SOLID_ANGLE_UNIT ( ) );
#1747 = FILL_AREA_STYLE_COLOUR ( '', #2134 ) ;
#1748 = ORIENTED_EDGE ( 'NONE', *, *, #1455, .F. ) ;
#1749 =( NAMED_UNIT ( * ) SI_UNIT ( $, .STERADIAN. ) SOLID_ANGLE_UNIT ( ) );
#1750 = DIRECTION ( 'NONE',  ( -0.000000000000000000, -0.000000000000000000, -1.000000000000000000 ) ) ;
#1751 = PRESENTATION_STYLE_ASSIGNMENT (( #1377 ) ) ;
#1752 = ORIENTED_EDGE ( 'NONE', *, *, #455, .T. ) ;
#1753 = DIRECTION ( 'NONE',  ( 1.000000000000000000, 0.000000000000000000, 0.000000000000000000 ) ) ;
#1754 = EDGE_CURVE ( 'NONE', #823, #2709, #213, .T. ) ;
#1755 = SURFACE_STYLE_FILL_AREA ( #1769 ) ;
#1756 =( NAMED_UNIT ( * ) PLANE_ANGLE_UNIT ( ) SI_UNIT ( $, .RADIAN. ) );
#1757 =( LENGTH_UNIT ( ) NAMED_UNIT ( * ) SI_UNIT ( .MILLI., .METRE. ) );
#1758 = EDGE_CURVE ( 'NONE', #1921, #1116, #1681, .T. ) ;
#1759 = VERTEX_POINT ( 'NONE', #1482 ) ;
#1760 = DIRECTION ( 'NONE',  ( 1.000000000000000000, 0.000000000000000000, 0.000000000000000000 ) ) ;
#1761 = DIRECTION ( 'NONE',  ( 0.000000000000000000, -1.000000000000000000, -0.000000000000000000 ) ) ;
#1762 = COLOUR_RGB ( '',1.000000000000000000, 1.000000000000000000, 0.000000000000000000 ) ;
#1763 = CARTESIAN_POINT ( 'NONE',  ( 3.200000000000000178, -2.000000000000000000, 0.1000000000000000056 ) ) ;
#1764 = EDGE_LOOP ( 'NONE', ( #195, #881, #1431, #1911 ) ) ;
#1765 =( LENGTH_UNIT ( ) NAMED_UNIT ( * ) SI_UNIT ( .MILLI., .METRE. ) );
#1766 = UNCERTAINTY_MEASURE_WITH_UNIT (LENGTH_MEASURE( 1.000000000000000082E-05 ), #1872, 'distance_accuracy_value', 'NONE');
#1767 =( NAMED_UNIT ( * ) SI_UNIT ( $, .STERADIAN. ) SOLID_ANGLE_UNIT ( ) );
#1768 = ORIENTED_EDGE ( 'NONE', *, *, #1121, .T. ) ;
#1769 = FILL_AREA_STYLE ('',( #503 ) ) ;
#1770 = DIRECTION ( 'NONE',  ( 0.000000000000000000, 0.000000000000000000, 1.000000000000000000 ) ) ;
#1771 = CYLINDRICAL_SURFACE ( 'NONE', #660, 0.4999999999999995559 ) ;
#1772 = MECHANICAL_DESIGN_GEOMETRIC_PRESENTATION_REPRESENTATION (  '', ( #2202 ), #98 ) ;
#1773 = LINE ( 'NONE', #2599, #114 ) ;
#1774 = ORIENTED_EDGE ( 'NONE', *, *, #11, .T. ) ;
#1775 = MECHANICAL_DESIGN_GEOMETRIC_PRESENTATION_REPRESENTATION (  '', ( #560 ), #786 ) ;
#1776 = SURFACE_STYLE_USAGE ( .BOTH. , #810 ) ;
#1777 = CIRCLE ( 'NONE', #2120, 0.5000000000000000000 ) ;
#1778 = SURFACE_STYLE_FILL_AREA ( #1954 ) ;
#1779 = VECTOR ( 'NONE', #1695, 1000.000000000000000 ) ;
#1780 = COLOUR_RGB ( '',1.000000000000000000, 1.000000000000000000, 0.000000000000000000 ) ;
#1781 = DIRECTION ( 'NONE',  ( -0.000000000000000000, -0.000000000000000000, -1.000000000000000000 ) ) ;
#1782 = SURFACE_SIDE_STYLE ('',( #1755 ) ) ;
#1783 = PRESENTATION_LAYER_ASSIGNMENT (  '', '', ( #2353 ) ) ;
#1784 = EDGE_LOOP ( 'NONE', ( #1640, #1576, #454, #862 ) ) ;
#1785 = VECTOR ( 'NONE', #2617, 1000.000000000000000 ) ;
#1786 =( NAMED_UNIT ( * ) PLANE_ANGLE_UNIT ( ) SI_UNIT ( $, .RADIAN. ) );
#1787 = ORIENTED_EDGE ( 'NONE', *, *, #761, .T. ) ;
#1788 = UNCERTAINTY_MEASURE_WITH_UNIT (LENGTH_MEASURE( 1.000000000000000082E-05 ), #162, 'distance_accuracy_value', 'NONE');
#1789 = CARTESIAN_POINT ( 'NONE',  ( -5.049999999999999822, -2.000000000000000000, 0.1000000000000000056 ) ) ;
#1790 = EDGE_CURVE ( 'NONE', #1677, #1084, #2296, .T. ) ;
#1791 = CARTESIAN_POINT ( 'NONE',  ( 3.700000000000000178, 0.000000000000000000, 0.1000000000000000056 ) ) ;
#1792 = DIRECTION ( 'NONE',  ( 1.000000000000000000, 0.000000000000000000, 0.000000000000000000 ) ) ;
#1793 = DIRECTION ( 'NONE',  ( -0.000000000000000000, -0.000000000000000000, -1.000000000000000000 ) ) ;
#1794 = EDGE_LOOP ( 'NONE', ( #1122, #1077 ) ) ;
#1795 = CARTESIAN_POINT ( 'NONE',  ( 3.700000000000000178, -2.000000000000000000, 0.1000000000000000056 ) ) ;
#1796 = ADVANCED_FACE ( 'NONE', ( #253 ), #2100, .T. ) ;
#1797 = FILL_AREA_STYLE_COLOUR ( '', #697 ) ;
#1798 = AXIS2_PLACEMENT_3D ( 'NONE', #1343, #2159, #938 ) ;
#1799 = EDGE_CURVE ( 'NONE', #320, #2694, #1701, .T. ) ;
#1800 = ORIENTED_EDGE ( 'NONE', *, *, #1650, .T. ) ;
#1801 = FACE_OUTER_BOUND ( 'NONE', #2271, .T. ) ;
#1802 =( LENGTH_UNIT ( ) NAMED_UNIT ( * ) SI_UNIT ( .MILLI., .METRE. ) );
#1803 = LINE ( 'NONE', #357, #2511 ) ;
#1804 = UNCERTAINTY_MEASURE_WITH_UNIT (LENGTH_MEASURE( 1.000000000000000082E-05 ), #2354, 'distance_accuracy_value', 'NONE');
#1805 = EDGE_LOOP ( 'NONE', ( #1248, #1896, #1968, #2666 ) ) ;
#1806 = MECHANICAL_DESIGN_GEOMETRIC_PRESENTATION_REPRESENTATION (  '', ( #1810 ), #2680 ) ;
#1807 = PLANE ( 'NONE',  #2205 ) ;
#1808 = FACE_OUTER_BOUND ( 'NONE', #1764, .T. ) ;
#1809 = EDGE_CURVE ( 'NONE', #714, #320, #370, .T. ) ;
#1810 = STYLED_ITEM ( 'NONE', ( #722 ), #573 ) ;
#1811 = UNCERTAINTY_MEASURE_WITH_UNIT (LENGTH_MEASURE( 1.000000000000000082E-05 ), #2267, 'distance_accuracy_value', 'NONE');
#1812 = SURFACE_STYLE_FILL_AREA ( #1627 ) ;
#1813 = CIRCLE ( 'NONE', #57, 0.5000000000000004441 ) ;
#1814 = AXIS2_PLACEMENT_3D ( 'NONE', #321, #537, #2193 ) ;
#1815 = CARTESIAN_POINT ( 'NONE',  ( 3.700000000000000178, -2.000000000000000000, 0.1000000000000000056 ) ) ;
#1816 = AXIS2_PLACEMENT_3D ( 'NONE', #2253, #2672, #414 ) ;
#1817 = PRESENTATION_LAYER_ASSIGNMENT (  '', '', ( #1862 ) ) ;
#1818 = DIRECTION ( 'NONE',  ( 1.000000000000000000, 0.000000000000000000, 0.000000000000000000 ) ) ;
#1819 = CYLINDRICAL_SURFACE ( 'NONE', #2245, 0.5000000000000000000 ) ;
#1820 = COLOUR_RGB ( '',1.000000000000000000, 1.000000000000000000, 0.000000000000000000 ) ;
#1821 = COLOUR_RGB ( '',1.000000000000000000, 1.000000000000000000, 0.000000000000000000 ) ;
#1822 = EDGE_LOOP ( 'NONE', ( #2387, #2601 ) ) ;
#1823 = ADVANCED_FACE ( 'NONE', ( #2668 ), #1624, .F. ) ;
#1824 = EDGE_CURVE ( 'NONE', #590, #172, #834, .T. ) ;
#1825 = FILL_AREA_STYLE_COLOUR ( '', #1908 ) ;
#1826 = SURFACE_SIDE_STYLE ('',( #1555 ) ) ;
#1827 = CARTESIAN_POINT ( 'NONE',  ( -6.770000000000001350, 3.269999999999999574, 0.000000000000000000 ) ) ;
#1828 = ORIENTED_EDGE ( 'NONE', *, *, #1243, .F. ) ;
#1829 = SURFACE_STYLE_FILL_AREA ( #607 ) ;
#1830 = FILL_AREA_STYLE_COLOUR ( '', #432 ) ;
#1831 =( LENGTH_UNIT ( ) NAMED_UNIT ( * ) SI_UNIT ( .MILLI., .METRE. ) );
#1832 = FILL_AREA_STYLE_COLOUR ( '', #2699 ) ;
#1833 =( NAMED_UNIT ( * ) SI_UNIT ( $, .STERADIAN. ) SOLID_ANGLE_UNIT ( ) );
#1834 = VERTEX_POINT ( 'NONE', #3 ) ;
#1835 =( NAMED_UNIT ( * ) SI_UNIT ( $, .STERADIAN. ) SOLID_ANGLE_UNIT ( ) );
#1836 = EDGE_CURVE ( 'NONE', #619, #2231, #224, .T. ) ;
#1837 =( LENGTH_UNIT ( ) NAMED_UNIT ( * ) SI_UNIT ( .MILLI., .METRE. ) );
#1838 =( NAMED_UNIT ( * ) SI_UNIT ( $, .STERADIAN. ) SOLID_ANGLE_UNIT ( ) );
#1839 = EDGE_LOOP ( 'NONE', ( #704, #1660, #2474, #272 ) ) ;
#1840 = FILL_AREA_STYLE_COLOUR ( '', #700 ) ;
#1841 = CARTESIAN_POINT ( 'NONE',  ( -5.549999999999999822, -2.000000000000000000, 0.1000000000000000056 ) ) ;
#1842 = CARTESIAN_POINT ( 'NONE',  ( 6.570000000000000284, 3.069999999999998508, -1.074999999999999956 ) ) ;
#1843 = SURFACE_STYLE_FILL_AREA ( #1636 ) ;
#1844 = CYLINDRICAL_SURFACE ( 'NONE', #1609, 0.5000000000000004441 ) ;
#1845 = DIRECTION ( 'NONE',  ( 1.000000000000000000, 0.000000000000000000, -0.000000000000000000 ) ) ;
#1846 = ORIENTED_EDGE ( 'NONE', *, *, #1758, .T. ) ;
#1847 = CARTESIAN_POINT ( 'NONE',  ( -1.349999999999999645, -2.000000000000000000, 0.1000000000000000056 ) ) ;
#1848 = LINE ( 'NONE', #1245, #2020 ) ;
#1849 = CARTESIAN_POINT ( 'NONE',  ( -0.4300000000000025469, 3.070000000000000284, -1.074999999999999956 ) ) ;
#1850 = COLOUR_RGB ( '',1.000000000000000000, 1.000000000000000000, 0.000000000000000000 ) ;
#1851 = CARTESIAN_POINT ( 'NONE',  ( 5.549999999999999822, 2.000000000000000000, 0.000000000000000000 ) ) ;
#1852 = VERTEX_POINT ( 'NONE', #1066 ) ;
#1853 = FILL_AREA_STYLE ('',( #1840 ) ) ;
#1854 =( NAMED_UNIT ( * ) SI_UNIT ( $, .STERADIAN. ) SOLID_ANGLE_UNIT ( ) );
#1855 = ADVANCED_FACE ( 'NONE', ( #628 ), #1030, .T. ) ;
#1856 = AXIS2_PLACEMENT_3D ( 'NONE', #474, #1215, #1161 ) ;
#1857 = LINE ( 'NONE', #6, #523 ) ;
#1858 =( NAMED_UNIT ( * ) PLANE_ANGLE_UNIT ( ) SI_UNIT ( $, .RADIAN. ) );
#1859 = STYLED_ITEM ( 'NONE', ( #627 ), #639 ) ;
#1860 = VERTEX_POINT ( 'NONE', #2026 ) ;
#1861 = VECTOR ( 'NONE', #143, 1000.000000000000000 ) ;
#1862 = STYLED_ITEM ( 'NONE', ( #2262 ), #899 ) ;
#1863 = STYLED_ITEM ( 'NONE', ( #1498 ), #1525 ) ;
#1864 = CARTESIAN_POINT ( 'NONE',  ( -5.049999999999999822, 2.000000000000000000, 0.000000000000000000 ) ) ;
#1865 = COLOUR_RGB ( '',1.000000000000000000, 1.000000000000000000, 0.000000000000000000 ) ;
#1866 = FACE_OUTER_BOUND ( 'NONE', #2654, .T. ) ;
#1867 = DIRECTION ( 'NONE',  ( 0.000000000000000000, 0.000000000000000000, 1.000000000000000000 ) ) ;
#1868 = ORIENTED_EDGE ( 'NONE', *, *, #1704, .T. ) ;
#1869 = CARTESIAN_POINT ( 'NONE',  ( 3.700000000000000178, -2.000000000000000000, 0.000000000000000000 ) ) ;
#1870 = PRESENTATION_LAYER_ASSIGNMENT (  '', '', ( #1017 ) ) ;
#1871 = FILL_AREA_STYLE_COLOUR ( '', #2164 ) ;
#1872 =( LENGTH_UNIT ( ) NAMED_UNIT ( * ) SI_UNIT ( .MILLI., .METRE. ) );
#1873 = AXIS2_PLACEMENT_3D ( 'NONE', #1408, #1573, #88 ) ;
#1874 = UNCERTAINTY_MEASURE_WITH_UNIT (LENGTH_MEASURE( 1.000000000000000082E-05 ), #2047, 'distance_accuracy_value', 'NONE');
#1875 = CARTESIAN_POINT ( 'NONE',  ( -2.349999999999999645, -2.000000000000000000, 0.1000000000000000056 ) ) ;
#1876 = ADVANCED_FACE ( 'NONE', ( #202 ), #423, .T. ) ;
#1877 = PRESENTATION_STYLE_ASSIGNMENT (( #413 ) ) ;
#1878 = DIRECTION ( 'NONE',  ( 0.000000000000000000, 0.000000000000000000, 1.000000000000000000 ) ) ;
#1879 = ADVANCED_FACE ( 'NONE', ( #684 ), #1898, .T. ) ;
#1880 = CYLINDRICAL_SURFACE ( 'NONE', #2683, 0.5000000000000000000 ) ;
#1881 = ORIENTED_EDGE ( 'NONE', *, *, #419, .F. ) ;
#1882 = FACE_OUTER_BOUND ( 'NONE', #93, .T. ) ;
#1883 = LINE ( 'NONE', #2535, #2238 ) ;
#1884 = ORIENTED_EDGE ( 'NONE', *, *, #2301, .F. ) ;
#1885 = LINE ( 'NONE', #2, #58 ) ;
#1886 =( LENGTH_UNIT ( ) NAMED_UNIT ( * ) SI_UNIT ( .MILLI., .METRE. ) );
#1887 = DIRECTION ( 'NONE',  ( 0.000000000000000000, 0.000000000000000000, 1.000000000000000000 ) ) ;
#1888 = SURFACE_SIDE_STYLE ('',( #1843 ) ) ;
#1889 = SURFACE_STYLE_USAGE ( .BOTH. , #1278 ) ;
#1890 = VERTEX_POINT ( 'NONE', #869 ) ;
#1891 = CARTESIAN_POINT ( 'NONE',  ( -3.200000000000000178, -2.000000000000000000, 0.1000000000000000056 ) ) ;
#1892 =( LENGTH_UNIT ( ) NAMED_UNIT ( * ) SI_UNIT ( .MILLI., .METRE. ) );
#1893 = DIRECTION ( 'NONE',  ( 0.000000000000000000, 0.000000000000000000, 1.000000000000000000 ) ) ;
#1894 = DIRECTION ( 'NONE',  ( 0.000000000000000000, 1.000000000000000000, 0.000000000000000000 ) ) ;
#1895 = CIRCLE ( 'NONE', #2018, 0.5000000000000004441 ) ;
#1896 = ORIENTED_EDGE ( 'NONE', *, *, #1001, .T. ) ;
#1897 = FILL_AREA_STYLE ('',( #13 ) ) ;
#1898 = CYLINDRICAL_SURFACE ( 'NONE', #662, 0.4999999999999997780 ) ;
#1899 = VERTEX_POINT ( 'NONE', #2335 ) ;
#1900 = DIRECTION ( 'NONE',  ( -0.000000000000000000, -0.000000000000000000, -1.000000000000000000 ) ) ;
#1901 = MECHANICAL_DESIGN_GEOMETRIC_PRESENTATION_REPRESENTATION (  '', ( #1725 ), #1512 ) ;
#1902 =( LENGTH_UNIT ( ) NAMED_UNIT ( * ) SI_UNIT ( .MILLI., .METRE. ) );
#1903 = VERTEX_POINT ( 'NONE', #1491 ) ;
#1904 = MECHANICAL_DESIGN_GEOMETRIC_PRESENTATION_REPRESENTATION (  '', ( #1233 ), #2350 ) ;
#1905 = SURFACE_STYLE_FILL_AREA ( #918 ) ;
#1906 = CYLINDRICAL_SURFACE ( 'NONE', #1940, 0.4999999999999995559 ) ;
#1907 =( NAMED_UNIT ( * ) SI_UNIT ( $, .STERADIAN. ) SOLID_ANGLE_UNIT ( ) );
#1908 = COLOUR_RGB ( '',1.000000000000000000, 1.000000000000000000, 0.000000000000000000 ) ;
#1909 = EDGE_CURVE ( 'NONE', #1716, #1890, #2563, .T. ) ;
#1910 =( GEOMETRIC_REPRESENTATION_CONTEXT ( 3 ) GLOBAL_UNCERTAINTY_ASSIGNED_CONTEXT ( ( #595 ) ) GLOBAL_UNIT_ASSIGNED_CONTEXT ( ( #86, #502, #745 ) ) REPRESENTATION_CONTEXT ( 'NONE', 'WORKASPACE' ) );
#1911 = ORIENTED_EDGE ( 'NONE', *, *, #2184, .T. ) ;
#1912 = DIRECTION ( 'NONE',  ( -1.000000000000000000, 0.000000000000000000, 0.000000000000000000 ) ) ;
#1913 = EDGE_CURVE ( 'NONE', #1090, #2406, #2124, .T. ) ;
#1914 = STYLED_ITEM ( 'NONE', ( #1496 ), #1796 ) ;
#1915 = CARTESIAN_POINT ( 'NONE',  ( 2.350000000000000089, -2.000000000000000000, 0.000000000000000000 ) ) ;
#1916 =( NAMED_UNIT ( * ) PLANE_ANGLE_UNIT ( ) SI_UNIT ( $, .RADIAN. ) );
#1917 = AXIS2_PLACEMENT_3D ( 'NONE', #995, #1146, #1543 ) ;
#1918 = ORIENTED_EDGE ( 'NONE', *, *, #2541, .T. ) ;
#1919 = STYLED_ITEM ( 'NONE', ( #538 ), #2502 ) ;
#1920 = DIRECTION ( 'NONE',  ( 1.412641267082090664E-16, 1.000000000000000000, -0.000000000000000000 ) ) ;
#1921 = VERTEX_POINT ( 'NONE', #712 ) ;
#1922 = STYLED_ITEM ( 'NONE', ( #2246 ), #2614 ) ;
#1923 =( LENGTH_UNIT ( ) NAMED_UNIT ( * ) SI_UNIT ( .MILLI., .METRE. ) );
#1924 = DIRECTION ( 'NONE',  ( 1.000000000000000000, 0.000000000000000000, 0.000000000000000000 ) ) ;
#1925 = DIRECTION ( 'NONE',  ( -0.000000000000000000, -0.000000000000000000, -1.000000000000000000 ) ) ;
#1926 = DIRECTION ( 'NONE',  ( 1.000000000000000000, 0.000000000000000000, 0.000000000000000000 ) ) ;
#1927 = ORIENTED_EDGE ( 'NONE', *, *, #720, .F. ) ;
#1928 = DIRECTION ( 'NONE',  ( 0.000000000000000000, 0.000000000000000000, 1.000000000000000000 ) ) ;
#1929 = DIRECTION ( 'NONE',  ( -0.000000000000000000, -0.000000000000000000, -1.000000000000000000 ) ) ;
#1930 = FILL_AREA_STYLE ('',( #1747 ) ) ;
#1931 = UNCERTAINTY_MEASURE_WITH_UNIT (LENGTH_MEASURE( 1.000000000000000082E-05 ), #441, 'distance_accuracy_value', 'NONE');
#1932 = VERTEX_POINT ( 'NONE', #1093 ) ;
#1933 =( NAMED_UNIT ( * ) PLANE_ANGLE_UNIT ( ) SI_UNIT ( $, .RADIAN. ) );
#1934 = ORIENTED_EDGE ( 'NONE', *, *, #464, .T. ) ;
#1935 = DIRECTION ( 'NONE',  ( -0.000000000000000000, -0.000000000000000000, -1.000000000000000000 ) ) ;
#1936 = PRESENTATION_STYLE_ASSIGNMENT (( #857 ) ) ;
#1937 = VERTEX_POINT ( 'NONE', #1915 ) ;
#1938 = AXIS2_PLACEMENT_3D ( 'NONE', #776, #306, #2596 ) ;
#1939 = DIRECTION ( 'NONE',  ( -1.000000000000000000, 0.000000000000000000, 0.000000000000000000 ) ) ;
#1940 = AXIS2_PLACEMENT_3D ( 'NONE', #930, #1750, #2330 ) ;
#1941 = EDGE_LOOP ( 'NONE', ( #516, #2529, #16, #2412 ) ) ;
#1942 = ADVANCED_FACE ( 'NONE', ( #1530 ), #2362, .T. ) ;
#1943 = FACE_OUTER_BOUND ( 'NONE', #996, .T. ) ;
#1944 = EDGE_LOOP ( 'NONE', ( #1532, #2523 ) ) ;
#1945 = CARTESIAN_POINT ( 'NONE',  ( 6.569999999999998508, -3.070000000000001172, -0.5000000000000000000 ) ) ;
#1946 = ORIENTED_EDGE ( 'NONE', *, *, #2369, .F. ) ;
#1947 = AXIS2_PLACEMENT_3D ( 'NONE', #28, #2361, #1912 ) ;
#1948 = CARTESIAN_POINT ( 'NONE',  ( 5.549999999999999822, 2.000000000000000000, 0.1000000000000000056 ) ) ;
#1949 =( NAMED_UNIT ( * ) SI_UNIT ( $, .STERADIAN. ) SOLID_ANGLE_UNIT ( ) );
#1950 = COLOUR_RGB ( '',0.000000000000000000, 0.000000000000000000, 1.000000000000000000 ) ;
#1951 = ORIENTED_EDGE ( 'NONE', *, *, #1223, .T. ) ;
#1952 = STYLED_ITEM ( 'NONE', ( #189 ), #1855 ) ;
#1953 = PRESENTATION_STYLE_ASSIGNMENT (( #461 ) ) ;
#1954 = FILL_AREA_STYLE ('',( #2399 ) ) ;
#1955 = EDGE_LOOP ( 'NONE', ( #1024, #1303, #445, #1918 ) ) ;
#1956 = CARTESIAN_POINT ( 'NONE',  ( -6.770000000000000462, -3.270000000000000462, -0.5000000000000000000 ) ) ;
#1957 = PRESENTATION_LAYER_ASSIGNMENT (  '', '', ( #2400 ) ) ;
#1958 = FACE_OUTER_BOUND ( 'NONE', #536, .T. ) ;
#1959 = EDGE_LOOP ( 'NONE', ( #904, #1064 ) ) ;
#1960 = LINE ( 'NONE', #2157, #1191 ) ;
#1961 =( GEOMETRIC_REPRESENTATION_CONTEXT ( 3 ) GLOBAL_UNCERTAINTY_ASSIGNED_CONTEXT ( ( #60 ) ) GLOBAL_UNIT_ASSIGNED_CONTEXT ( ( #925, #1916, #1964 ) ) REPRESENTATION_CONTEXT ( 'NONE', 'WORKASPACE' ) );
#1962 = FACE_OUTER_BOUND ( 'NONE', #1052, .T. ) ;
#1963 = FACE_BOUND ( 'NONE', #245, .T. ) ;
#1964 =( NAMED_UNIT ( * ) SI_UNIT ( $, .STERADIAN. ) SOLID_ANGLE_UNIT ( ) );
#1965 = ORIENTED_EDGE ( 'NONE', *, *, #2541, .F. ) ;
#1966 = PRESENTATION_STYLE_ASSIGNMENT (( #898 ) ) ;
#1967 = CARTESIAN_POINT ( 'NONE',  ( 1.850000000000000311, 2.000000000000000000, 0.000000000000000000 ) ) ;
#1968 = ORIENTED_EDGE ( 'NONE', *, *, #2618, .T. ) ;
#1969 = EDGE_CURVE ( 'NONE', #450, #1317, #534, .T. ) ;
#1970 = CARTESIAN_POINT ( 'NONE',  ( 0.000000000000000000, 0.000000000000000000, -1.074999999999999956 ) ) ;
#1971 = SURFACE_STYLE_USAGE ( .BOTH. , #1197 ) ;
#1972 = FACE_BOUND ( 'NONE', #698, .T. ) ;
#1973 = EDGE_LOOP ( 'NONE', ( #897, #2243, #1366, #2352 ) ) ;
#1974 = DIRECTION ( 'NONE',  ( 0.000000000000000000, 0.000000000000000000, 1.000000000000000000 ) ) ;
#1975 = UNCERTAINTY_MEASURE_WITH_UNIT (LENGTH_MEASURE( 1.000000000000000082E-05 ), #2102, 'distance_accuracy_value', 'NONE');
#1976 = FACE_OUTER_BOUND ( 'NONE', #233, .T. ) ;
#1977 = EDGE_CURVE ( 'NONE', #1090, #1441, #1773, .T. ) ;
#1978 = CIRCLE ( 'NONE', #1592, 0.5000000000000004441 ) ;
#1979 = DIRECTION ( 'NONE',  ( 1.000000000000000000, 0.000000000000000000, -0.000000000000000000 ) ) ;
#1980 = SURFACE_STYLE_USAGE ( .BOTH. , #2171 ) ;
#1981 =( NAMED_UNIT ( * ) SI_UNIT ( $, .STERADIAN. ) SOLID_ANGLE_UNIT ( ) );
#1982 = CARTESIAN_POINT ( 'NONE',  ( 3.700000000000000178, 0.000000000000000000, 0.1000000000000000056 ) ) ;
#1983 = ADVANCED_FACE ( 'NONE', ( #983 ), #2220, .T. ) ;
#1984 = DIRECTION ( 'NONE',  ( 0.000000000000000000, 0.000000000000000000, 1.000000000000000000 ) ) ;
#1985 = FACE_OUTER_BOUND ( 'NONE', #181, .T. ) ;
#1986 = STYLED_ITEM ( 'NONE', ( #931 ), #1322 ) ;
#1987 = STYLED_ITEM ( 'NONE', ( #1717 ), #748 ) ;
#1988 = ORIENTED_EDGE ( 'NONE', *, *, #756, .F. ) ;
#1989 = FILL_AREA_STYLE_COLOUR ( '', #298 ) ;
#1990 = AXIS2_PLACEMENT_3D ( 'NONE', #532, #980, #1595 ) ;
#1991 = STYLED_ITEM ( 'NONE', ( #1385 ), #782 ) ;
#1992 =( GEOMETRIC_REPRESENTATION_CONTEXT ( 3 ) GLOBAL_UNCERTAINTY_ASSIGNED_CONTEXT ( ( #850 ) ) GLOBAL_UNIT_ASSIGNED_CONTEXT ( ( #727, #2422, #571 ) ) REPRESENTATION_CONTEXT ( 'NONE', 'WORKASPACE' ) );
#1993 = LINE ( 'NONE', #142, #148 ) ;
#1994 = CYLINDRICAL_SURFACE ( 'NONE', #2297, 0.5000000000000000000 ) ;
#1995 = MECHANICAL_DESIGN_GEOMETRIC_PRESENTATION_REPRESENTATION (  '', ( #2554 ), #203 ) ;
#1996 = COLOUR_RGB ( '',1.000000000000000000, 1.000000000000000000, 0.000000000000000000 ) ;
#1997 = PLANE ( 'NONE',  #1429 ) ;
#1998 = PRESENTATION_LAYER_ASSIGNMENT (  '', '', ( #1145 ) ) ;
#1999 = PRESENTATION_STYLE_ASSIGNMENT (( #1186 ) ) ;
#2000 = SURFACE_STYLE_FILL_AREA ( #1144 ) ;
#2001 = PRESENTATION_STYLE_ASSIGNMENT (( #123 ) ) ;
#2002 = AXIS2_PLACEMENT_3D ( 'NONE', #425, #1635, #2043 ) ;
#2003 = FILL_AREA_STYLE_COLOUR ( '', #217 ) ;
#2004 = ADVANCED_FACE ( 'NONE', ( #1963, #1386, #80, #940, #2372, #1557, #2388, #124, #1159, #2586, #779, #2416, #1597, #563, #1972, #91, #1985 ), #952, .T. ) ;
#2005 = VERTEX_POINT ( 'NONE', #2652 ) ;
#2006 = DIRECTION ( 'NONE',  ( 1.000000000000000000, 0.000000000000000000, 0.000000000000000000 ) ) ;
#2007 = UNCERTAINTY_MEASURE_WITH_UNIT (LENGTH_MEASURE( 1.000000000000000082E-05 ), #1886, 'distance_accuracy_value', 'NONE');
#2008 = DIRECTION ( 'NONE',  ( 1.000000000000000000, 0.000000000000000000, 0.000000000000000000 ) ) ;
#2009 = EDGE_LOOP ( 'NONE', ( #854, #1508, #399, #679 ) ) ;
#2010 = PRESENTATION_STYLE_ASSIGNMENT (( #1405 ) ) ;
#2011 =( LENGTH_UNIT ( ) NAMED_UNIT ( * ) SI_UNIT ( .MILLI., .METRE. ) );
#2012 = EDGE_CURVE ( 'NONE', #590, #794, #838, .T. ) ;
#2013 = DIRECTION ( 'NONE',  ( -0.000000000000000000, -0.000000000000000000, -1.000000000000000000 ) ) ;
#2014 = VERTEX_POINT ( 'NONE', #2488 ) ;
#2015 =( NAMED_UNIT ( * ) SI_UNIT ( $, .STERADIAN. ) SOLID_ANGLE_UNIT ( ) );
#2016 = SURFACE_STYLE_USAGE ( .BOTH. , #1194 ) ;
#2017 = PLANE ( 'NONE',  #594 ) ;
#2018 = AXIS2_PLACEMENT_3D ( 'NONE', #105, #2200, #2620 ) ;
#2019 = DIRECTION ( 'NONE',  ( 0.000000000000000000, 0.000000000000000000, 1.000000000000000000 ) ) ;
#2020 = VECTOR ( 'NONE', #2050, 1000.000000000000000 ) ;
#2021 = ORIENTED_EDGE ( 'NONE', *, *, #187, .F. ) ;
#2022 =( NAMED_UNIT ( * ) PLANE_ANGLE_UNIT ( ) SI_UNIT ( $, .RADIAN. ) );
#2023 = VERTEX_POINT ( 'NONE', #1827 ) ;
#2024 = COLOUR_RGB ( '',1.000000000000000000, 1.000000000000000000, 0.000000000000000000 ) ;
#2025 = CARTESIAN_POINT ( 'NONE',  ( 0.000000000000000000, 0.000000000000000000, 0.1000000000000000056 ) ) ;
#2026 = CARTESIAN_POINT ( 'NONE',  ( -3.200000000000000178, 6.123233995736763571E-17, 0.1000000000000000056 ) ) ;
#2027 = UNCERTAINTY_MEASURE_WITH_UNIT (LENGTH_MEASURE( 1.000000000000000082E-05 ), #785, 'distance_accuracy_value', 'NONE');
#2028 = MECHANICAL_DESIGN_GEOMETRIC_PRESENTATION_REPRESENTATION (  '', ( #1311 ), #104 ) ;
#2029 = MECHANICAL_DESIGN_GEOMETRIC_PRESENTATION_REPRESENTATION (  '', ( #154 ), #20 ) ;
#2030 = CARTESIAN_POINT ( 'NONE',  ( 6.050000000000000711, -2.000000000000000000, 0.1000000000000000056 ) ) ;
#2031 = CIRCLE ( 'NONE', #788, 0.5000000000000000000 ) ;
#2032 = PRESENTATION_LAYER_ASSIGNMENT (  '', '', ( #1230 ) ) ;
#2033 = FILL_AREA_STYLE ('',( #2691 ) ) ;
#2034 = STYLED_ITEM ( 'NONE', ( #2125 ), #1879 ) ;
#2035 = AXIS2_PLACEMENT_3D ( 'NONE', #1736, #960, #2197 ) ;
#2036 = ORIENTED_EDGE ( 'NONE', *, *, #126, .T. ) ;
#2037 = EDGE_CURVE ( 'NONE', #721, #1852, #2263, .T. ) ;
#2038 = SURFACE_STYLE_USAGE ( .BOTH. , #2459 ) ;
#2039 = VECTOR ( 'NONE', #1742, 1000.000000000000000 ) ;
#2040 =( NAMED_UNIT ( * ) PLANE_ANGLE_UNIT ( ) SI_UNIT ( $, .RADIAN. ) );
#2041 = ORIENTED_EDGE ( 'NONE', *, *, #44, .F. ) ;
#2042 = PRESENTATION_STYLE_ASSIGNMENT (( #2464 ) ) ;
#2043 = DIRECTION ( 'NONE',  ( 1.000000000000000000, 0.000000000000000000, 0.000000000000000000 ) ) ;
#2044 = SURFACE_STYLE_USAGE ( .BOTH. , #1888 ) ;
#2045 = DIRECTION ( 'NONE',  ( 1.000000000000000000, 0.000000000000000000, 0.000000000000000000 ) ) ;
#2046 = DIRECTION ( 'NONE',  ( 1.000000000000000000, 0.000000000000000000, 0.000000000000000000 ) ) ;
#2047 =( LENGTH_UNIT ( ) NAMED_UNIT ( * ) SI_UNIT ( .MILLI., .METRE. ) );
#2048 = ORIENTED_EDGE ( 'NONE', *, *, #1121, .F. ) ;
#2049 =( NAMED_UNIT ( * ) SI_UNIT ( $, .STERADIAN. ) SOLID_ANGLE_UNIT ( ) );
#2050 = DIRECTION ( 'NONE',  ( -0.000000000000000000, -0.000000000000000000, -1.000000000000000000 ) ) ;
#2051 = EDGE_CURVE ( 'NONE', #1860, #813, #353, .T. ) ;
#2052 = CARTESIAN_POINT ( 'NONE',  ( 4.200000000000000178, -2.000000000000000000, 0.1000000000000000056 ) ) ;
#2053 = ORIENTED_EDGE ( 'NONE', *, *, #1454, .T. ) ;
#2054 = DIRECTION ( 'NONE',  ( 1.000000000000000000, 0.000000000000000000, 0.000000000000000000 ) ) ;
#2055 = CARTESIAN_POINT ( 'NONE',  ( -5.049999999999999822, 2.000000000000000000, 0.1000000000000000056 ) ) ;
#2056 = DIRECTION ( 'NONE',  ( -2.825282534164181327E-16, -1.000000000000000000, 0.000000000000000000 ) ) ;
#2057 = UNCERTAINTY_MEASURE_WITH_UNIT (LENGTH_MEASURE( 1.000000000000000082E-05 ), #1164, 'distance_accuracy_value', 'NONE');
#2058 = DIRECTION ( 'NONE',  ( 0.000000000000000000, 0.000000000000000000, 1.000000000000000000 ) ) ;
#2059 =( GEOMETRIC_REPRESENTATION_CONTEXT ( 3 ) GLOBAL_UNCERTAINTY_ASSIGNED_CONTEXT ( ( #1461 ) ) GLOBAL_UNIT_ASSIGNED_CONTEXT ( ( #1757, #1362, #766 ) ) REPRESENTATION_CONTEXT ( 'NONE', 'WORKASPACE' ) );
#2060 = DIRECTION ( 'NONE',  ( 0.000000000000000000, 0.000000000000000000, 1.000000000000000000 ) ) ;
#2061 = ORIENTED_EDGE ( 'NONE', *, *, #732, .T. ) ;
#2062 = PRESENTATION_LAYER_ASSIGNMENT (  '', '', ( #285 ) ) ;
#2063 = DIRECTION ( 'NONE',  ( 0.000000000000000000, 0.000000000000000000, 1.000000000000000000 ) ) ;
#2064 = CARTESIAN_POINT ( 'NONE',  ( 4.200000000000000178, 6.123233995736766036E-17, 0.000000000000000000 ) ) ;
#2065 = SURFACE_SIDE_STYLE ('',( #827 ) ) ;
#2066 = PLANE ( 'NONE',  #921 ) ;
#2067 = VERTEX_POINT ( 'NONE', #2479 ) ;
#2068 = DIRECTION ( 'NONE',  ( 0.000000000000000000, 0.000000000000000000, 1.000000000000000000 ) ) ;
#2069 = CYLINDRICAL_SURFACE ( 'NONE', #1682, 0.5000000000000000000 ) ;
#2070 = FACE_OUTER_BOUND ( 'NONE', #1424, .T. ) ;
#2071 = DIRECTION ( 'NONE',  ( -0.000000000000000000, -0.000000000000000000, -1.000000000000000000 ) ) ;
#2072 = AXIS2_PLACEMENT_3D ( 'NONE', #1100, #2356, #1522 ) ;
#2073 = AXIS2_PLACEMENT_3D ( 'NONE', #683, #2098, #1708 ) ;
#2074 = ORIENTED_EDGE ( 'NONE', *, *, #1506, .T. ) ;
#2075 = MECHANICAL_DESIGN_GEOMETRIC_PRESENTATION_REPRESENTATION (  '', ( #1991 ), #2251 ) ;
#2076 = PLANE ( 'NONE',  #830 ) ;
#2077 = CIRCLE ( 'NONE', #515, 0.5000000000000004441 ) ;
#2078 = DIRECTION ( 'NONE',  ( 1.000000000000000000, 0.000000000000000000, 0.000000000000000000 ) ) ;
#2079 =( GEOMETRIC_REPRESENTATION_CONTEXT ( 3 ) GLOBAL_UNCERTAINTY_ASSIGNED_CONTEXT ( ( #2195 ) ) GLOBAL_UNIT_ASSIGNED_CONTEXT ( ( #708, #1293, #1907 ) ) REPRESENTATION_CONTEXT ( 'NONE', 'WORKASPACE' ) );
#2080 =( NAMED_UNIT ( * ) PLANE_ANGLE_UNIT ( ) SI_UNIT ( $, .RADIAN. ) );
#2081 = CARTESIAN_POINT ( 'NONE',  ( -5.049999999999999822, 6.123233995736775897E-17, 0.1000000000000000056 ) ) ;
#2082 = AXIS2_PLACEMENT_3D ( 'NONE', #1841, #2068, #1216 ) ;
#2083 = ORIENTED_EDGE ( 'NONE', *, *, #2221, .T. ) ;
#2084 = CARTESIAN_POINT ( 'NONE',  ( -3.700000000000000178, 0.000000000000000000, 0.1000000000000000056 ) ) ;
#2085 =( GEOMETRIC_REPRESENTATION_CONTEXT ( 3 ) GLOBAL_UNCERTAINTY_ASSIGNED_CONTEXT ( ( #1931 ) ) GLOBAL_UNIT_ASSIGNED_CONTEXT ( ( #441, #866, #1689 ) ) REPRESENTATION_CONTEXT ( 'NONE', 'WORKASPACE' ) );
#2086 = FILL_AREA_STYLE ('',( #2279 ) ) ;
#2087 = CARTESIAN_POINT ( 'NONE',  ( -1.349999999999999645, -2.000000000000000000, 0.000000000000000000 ) ) ;
#2088 = UNCERTAINTY_MEASURE_WITH_UNIT (LENGTH_MEASURE( 1.000000000000000082E-05 ), #1169, 'distance_accuracy_value', 'NONE');
#2089 = DIRECTION ( 'NONE',  ( 1.000000000000000000, 0.000000000000000000, 0.000000000000000000 ) ) ;
#2090 = AXIS2_PLACEMENT_3D ( 'NONE', #1402, #2657, #2407 ) ;
#2091 = DIRECTION ( 'NONE',  ( 0.000000000000000000, 0.000000000000000000, 1.000000000000000000 ) ) ;
#2092 = FILL_AREA_STYLE_COLOUR ( '', #602 ) ;
#2093 = ORIENTED_EDGE ( 'NONE', *, *, #464, .F. ) ;
#2094 =( NAMED_UNIT ( * ) SI_UNIT ( $, .STERADIAN. ) SOLID_ANGLE_UNIT ( ) );
#2095 = DIRECTION ( 'NONE',  ( 0.000000000000000000, 0.000000000000000000, 1.000000000000000000 ) ) ;
#2096 = EDGE_LOOP ( 'NONE', ( #256, #1951, #442, #2179 ) ) ;
#2097 = EDGE_CURVE ( 'NONE', #2616, #2103, #264, .T. ) ;
#2098 = DIRECTION ( 'NONE',  ( 0.000000000000000000, 0.000000000000000000, 1.000000000000000000 ) ) ;
#2099 =( NAMED_UNIT ( * ) PLANE_ANGLE_UNIT ( ) SI_UNIT ( $, .RADIAN. ) );
#2100 = PLANE ( 'NONE',  #1647 ) ;
#2101 = ADVANCED_FACE ( 'NONE', ( #1028 ), #2460, .F. ) ;
#2102 =( LENGTH_UNIT ( ) NAMED_UNIT ( * ) SI_UNIT ( .MILLI., .METRE. ) );
#2103 = VERTEX_POINT ( 'NONE', #185 ) ;
#2104 = DIRECTION ( 'NONE',  ( 1.000000000000000000, 1.326241189584715037E-16, -0.000000000000000000 ) ) ;
#2105 = EDGE_LOOP ( 'NONE', ( #2240, #1711, #1598, #2363 ) ) ;
#2106 = VECTOR ( 'NONE', #2211, 1000.000000000000000 ) ;
#2107 = FACE_OUTER_BOUND ( 'NONE', #2485, .T. ) ;
#2108 = CARTESIAN_POINT ( 'NONE',  ( -5.549999999999999822, 0.000000000000000000, 0.1000000000000000056 ) ) ;
#2109 = CARTESIAN_POINT ( 'NONE',  ( -0.4300000000000032685, -3.069999999999998952, -0.5000000000000000000 ) ) ;
#2110 = ORIENTED_EDGE ( 'NONE', *, *, #1591, .T. ) ;
#2111 = SURFACE_SIDE_STYLE ('',( #278 ) ) ;
#2112 = DIRECTION ( 'NONE',  ( -0.000000000000000000, -0.000000000000000000, 1.000000000000000000 ) ) ;
#2113 = CARTESIAN_POINT ( 'NONE',  ( 5.549999999999999822, -2.000000000000000000, 0.1000000000000000056 ) ) ;
#2114 = EDGE_LOOP ( 'NONE', ( #2170, #1015 ) ) ;
#2115 =( GEOMETRIC_REPRESENTATION_CONTEXT ( 3 ) GLOBAL_UNCERTAINTY_ASSIGNED_CONTEXT ( ( #1369 ) ) GLOBAL_UNIT_ASSIGNED_CONTEXT ( ( #2588, #985, #997 ) ) REPRESENTATION_CONTEXT ( 'NONE', 'WORKASPACE' ) );
#2116 = FACE_OUTER_BOUND ( 'NONE', #493, .T. ) ;
#2117 = VECTOR ( 'NONE', #691, 1000.000000000000000 ) ;
#2118 = PRESENTATION_LAYER_ASSIGNMENT (  '', '', ( #1095 ) ) ;
#2119 = CARTESIAN_POINT ( 'NONE',  ( -3.700000000000000178, 2.000000000000000000, 0.1000000000000000056 ) ) ;
#2120 = AXIS2_PLACEMENT_3D ( 'NONE', #1419, #2019, #403 ) ;
#2121 = COLOUR_RGB ( '',0.2509803921568627416, 0.2509803921568627416, 0.2509803921568627416 ) ;
#2122 = VERTEX_POINT ( 'NONE', #1246 ) ;
#2123 = CYLINDRICAL_SURFACE ( 'NONE', #1947, 0.5000000000000004441 ) ;
#2124 = CIRCLE ( 'NONE', #750, 0.4999999999999997780 ) ;
#2125 = PRESENTATION_STYLE_ASSIGNMENT (( #896 ) ) ;
#2126 =( GEOMETRIC_REPRESENTATION_CONTEXT ( 3 ) GLOBAL_UNCERTAINTY_ASSIGNED_CONTEXT ( ( #236 ) ) GLOBAL_UNIT_ASSIGNED_CONTEXT ( ( #2291, #2040, #1838 ) ) REPRESENTATION_CONTEXT ( 'NONE', 'WORKASPACE' ) );
#2127 = VERTEX_POINT ( 'NONE', #2052 ) ;
#2128 = COLOUR_RGB ( '',1.000000000000000000, 1.000000000000000000, 0.000000000000000000 ) ;
#2129 = FILL_AREA_STYLE_COLOUR ( '', #395 ) ;
#2130 = AXIS2_PLACEMENT_3D ( 'NONE', #2143, #929, #2377 ) ;
#2131 = EDGE_CURVE ( 'NONE', #1317, #1225, #2476, .T. ) ;
#2132 = FILL_AREA_STYLE ('',( #2092 ) ) ;
#2133 = ORIENTED_EDGE ( 'NONE', *, *, #1634, .T. ) ;
#2134 = COLOUR_RGB ( '',1.000000000000000000, 1.000000000000000000, 0.000000000000000000 ) ;
#2135 = DIRECTION ( 'NONE',  ( -0.000000000000000000, -0.000000000000000000, -1.000000000000000000 ) ) ;
#2136 = PLANE ( 'NONE',  #2165 ) ;
#2137 = DIRECTION ( 'NONE',  ( 0.000000000000000000, -0.000000000000000000, 1.000000000000000000 ) ) ;
#2138 = EDGE_LOOP ( 'NONE', ( #1257, #1535 ) ) ;
#2139 = ADVANCED_FACE ( 'NONE', ( #1255 ), #2066, .T. ) ;
#2140 = UNCERTAINTY_MEASURE_WITH_UNIT (LENGTH_MEASURE( 1.000000000000000082E-05 ), #61, 'distance_accuracy_value', 'NONE');
#2141 = EDGE_LOOP ( 'NONE', ( #1172, #222, #2206, #237 ) ) ;
#2142 = FILL_AREA_STYLE_COLOUR ( '', #2381 ) ;
#2143 = CARTESIAN_POINT ( 'NONE',  ( -5.549999999999999822, -2.000000000000000000, 0.1000000000000000056 ) ) ;
#2144 = SURFACE_SIDE_STYLE ('',( #1549 ) ) ;
#2145 = ORIENTED_EDGE ( 'NONE', *, *, #2570, .T. ) ;
#2146 = SURFACE_SIDE_STYLE ('',( #1331 ) ) ;
#2147 = ORIENTED_EDGE ( 'NONE', *, *, #654, .T. ) ;
#2148 = COLOUR_RGB ( '',1.000000000000000000, 1.000000000000000000, 0.000000000000000000 ) ;
#2149 = CARTESIAN_POINT ( 'NONE',  ( -6.770000000000001350, 3.269999999999999574, -0.5000000000000000000 ) ) ;
#2150 = STYLED_ITEM ( 'NONE', ( #845 ), #205 ) ;
#2151 = ORIENTED_EDGE ( 'NONE', *, *, #1346, .T. ) ;
#2152 = EDGE_CURVE ( 'NONE', #1852, #736, #1652, .T. ) ;
#2153 = CARTESIAN_POINT ( 'NONE',  ( 3.200000000000000178, 2.000000000000000000, 0.1000000000000000056 ) ) ;
#2154 = ORIENTED_EDGE ( 'NONE', *, *, #1382, .F. ) ;
#2155 = PRESENTATION_STYLE_ASSIGNMENT (( #1980 ) ) ;
#2156 = DIRECTION ( 'NONE',  ( -1.000000000000000000, -1.326241189584715037E-16, 0.000000000000000000 ) ) ;
#2157 = CARTESIAN_POINT ( 'NONE',  ( 2.350000000000000089, -2.000000000000000000, 0.1000000000000000056 ) ) ;
#2158 = VECTOR ( 'NONE', #2499, 1000.000000000000000 ) ;
#2159 = DIRECTION ( 'NONE',  ( 0.000000000000000000, 0.000000000000000000, 1.000000000000000000 ) ) ;
#2160 = CIRCLE ( 'NONE', #2389, 0.5000000000000004441 ) ;
#2161 = SURFACE_STYLE_USAGE ( .BOTH. , #2351 ) ;
#2162 = ORIENTED_EDGE ( 'NONE', *, *, #837, .F. ) ;
#2163 =( LENGTH_UNIT ( ) NAMED_UNIT ( * ) SI_UNIT ( .MILLI., .METRE. ) );
#2164 = COLOUR_RGB ( '',1.000000000000000000, 1.000000000000000000, 0.000000000000000000 ) ;
#2165 = AXIS2_PLACEMENT_3D ( 'NONE', #243, #1893, #483 ) ;
#2166 = FILL_AREA_STYLE ('',( #1337 ) ) ;
#2167 = CIRCLE ( 'NONE', #26, 0.5000000000000000000 ) ;
#2168 = DIRECTION ( 'NONE',  ( 0.000000000000000000, 0.000000000000000000, 1.000000000000000000 ) ) ;
#2169 = VECTOR ( 'NONE', #163, 1000.000000000000000 ) ;
#2170 = ORIENTED_EDGE ( 'NONE', *, *, #2503, .F. ) ;
#2171 = SURFACE_SIDE_STYLE ('',( #2410 ) ) ;
#2172 = ORIENTED_EDGE ( 'NONE', *, *, #87, .T. ) ;
#2173 = CIRCLE ( 'NONE', #802, 0.5000000000000004441 ) ;
#2174 = DIRECTION ( 'NONE',  ( -1.326241189584715037E-16, 1.000000000000000000, -0.000000000000000000 ) ) ;
#2175 = CARTESIAN_POINT ( 'NONE',  ( 3.700000000000000178, 0.000000000000000000, 0.000000000000000000 ) ) ;
#2176 = FACE_BOUND ( 'NONE', #2009, .T. ) ;
#2177 = FILL_AREA_STYLE ('',( #2003 ) ) ;
#2178 = ADVANCED_FACE ( 'NONE', ( #232 ), #1105, .T. ) ;
#2179 = ORIENTED_EDGE ( 'NONE', *, *, #1218, .F. ) ;
#2180 = PLANE ( 'NONE',  #1814 ) ;
#2181 = DIRECTION ( 'NONE',  ( 1.000000000000000000, 0.000000000000000000, 0.000000000000000000 ) ) ;
#2182 = SURFACE_STYLE_USAGE ( .BOTH. , #2420 ) ;
#2183 = EDGE_CURVE ( 'NONE', #598, #316, #2167, .T. ) ;
#2184 = EDGE_CURVE ( 'NONE', #2709, #1932, #1103, .T. ) ;
#2185 = DIRECTION ( 'NONE',  ( -0.000000000000000000, -0.000000000000000000, -1.000000000000000000 ) ) ;
#2186 = CARTESIAN_POINT ( 'NONE',  ( -3.700000000000000178, 2.000000000000000000, 0.1000000000000000056 ) ) ;
#2187 = FILL_AREA_STYLE_COLOUR ( '', #19 ) ;
#2188 = DIRECTION ( 'NONE',  ( -0.000000000000000000, -0.000000000000000000, -1.000000000000000000 ) ) ;
#2189 = FILL_AREA_STYLE_COLOUR ( '', #2597 ) ;
#2190 = DIRECTION ( 'NONE',  ( -1.000000000000000000, 0.000000000000000000, 0.000000000000000000 ) ) ;
#2191 = EDGE_LOOP ( 'NONE', ( #1884, #1569, #2324, #239 ) ) ;
#2192 = CLOSED_SHELL ( 'NONE', ( #2314, #1065, #1942, #1876, #313, #2453, #1347, #2708, #1541, #1322, #205, #1007, #769, #167, #2178, #1125, #818, #933, #463, #1027, #2139, #2004, #2277, #1823, #544, #2101, #1540, #592, #2450, #899, #782, #639, #535, #2579, #1879, #2493, #1148, #375, #1334, #427, #1983, #1796, #2213, #1071, #1525, #617, #1155, #1183, #1494, #988, #1136, #2614, #2502, #1855, #688, #1383, #748, #467, #2395, #573, #859, #145, #1710, #54 ) ) ;
#2193 = DIRECTION ( 'NONE',  ( 1.412641267082090664E-16, 1.000000000000000000, 0.000000000000000000 ) ) ;
#2194 =( NAMED_UNIT ( * ) PLANE_ANGLE_UNIT ( ) SI_UNIT ( $, .RADIAN. ) );
#2195 = UNCERTAINTY_MEASURE_WITH_UNIT (LENGTH_MEASURE( 1.000000000000000082E-05 ), #708, 'distance_accuracy_value', 'NONE');
#2196 = CARTESIAN_POINT ( 'NONE',  ( 0.4299999999999997158, 3.069999999999998508, -1.074999999999999956 ) ) ;
#2197 = DIRECTION ( 'NONE',  ( 1.000000000000000000, 0.000000000000000000, 0.000000000000000000 ) ) ;
#2198 = SURFACE_STYLE_USAGE ( .BOTH. , #2610 ) ;
#2199 = ORIENTED_EDGE ( 'NONE', *, *, #1594, .F. ) ;
#2200 = DIRECTION ( 'NONE',  ( 0.000000000000000000, 0.000000000000000000, 1.000000000000000000 ) ) ;
#2201 = DIRECTION ( 'NONE',  ( -1.000000000000000000, -1.412641267082090664E-16, 0.000000000000000000 ) ) ;
#2202 = STYLED_ITEM ( 'NONE', ( #874 ), #467 ) ;
#2203 = SURFACE_SIDE_STYLE ('',( #548 ) ) ;
#2204 = AXIS2_PLACEMENT_3D ( 'NONE', #2113, #1507, #2512 ) ;
#2205 = AXIS2_PLACEMENT_3D ( 'NONE', #1795, #2636, #2625 ) ;
#2206 = ORIENTED_EDGE ( 'NONE', *, *, #1035, .T. ) ;
#2207 = VECTOR ( 'NONE', #1426, 1000.000000000000000 ) ;
#2208 = SURFACE_STYLE_FILL_AREA ( #1388 ) ;
#2209 = STYLED_ITEM ( 'NONE', ( #2155 ), #1541 ) ;
#2210 = MECHANICAL_DESIGN_GEOMETRIC_PRESENTATION_REPRESENTATION (  '', ( #1566 ), #2560 ) ;
#2211 = DIRECTION ( 'NONE',  ( -0.000000000000000000, -0.000000000000000000, 1.000000000000000000 ) ) ;
#2212 = VECTOR ( 'NONE', #174, 1000.000000000000000 ) ;
#2213 = ADVANCED_FACE ( 'NONE', ( #39 ), #1115, .T. ) ;
#2214 = VECTOR ( 'NONE', #1793, 1000.000000000000000 ) ;
#2215 = SURFACE_STYLE_FILL_AREA ( #1741 ) ;
#2216 = AXIS2_PLACEMENT_3D ( 'NONE', #677, #1900, #1033 ) ;
#2217 = CARTESIAN_POINT ( 'NONE',  ( 0.4299999999999989386, -3.070000000000001616, -1.074999999999999956 ) ) ;
#2218 = DIRECTION ( 'NONE',  ( -0.000000000000000000, 0.000000000000000000, 1.000000000000000000 ) ) ;
#2219 = COLOUR_RGB ( '',1.000000000000000000, 1.000000000000000000, 0.000000000000000000 ) ;
#2220 = CYLINDRICAL_SURFACE ( 'NONE', #1917, 0.4999999999999995559 ) ;
#2221 = EDGE_CURVE ( 'NONE', #892, #984, #2611, .T. ) ;
#2222 = EDGE_LOOP ( 'NONE', ( #1325, #1501, #1497, #1846 ) ) ;
#2223 = SURFACE_STYLE_USAGE ( .BOTH. , #1173 ) ;
#2224 = CARTESIAN_POINT ( 'NONE',  ( 3.700000000000000178, -2.000000000000000000, 0.000000000000000000 ) ) ;
#2225 = UNCERTAINTY_MEASURE_WITH_UNIT (LENGTH_MEASURE( 1.000000000000000082E-05 ), #529, 'distance_accuracy_value', 'NONE');
#2226 = FACE_OUTER_BOUND ( 'NONE', #2577, .T. ) ;
#2227 = DIRECTION ( 'NONE',  ( -0.000000000000000000, -0.000000000000000000, -1.000000000000000000 ) ) ;
#2228 =( NAMED_UNIT ( * ) SI_UNIT ( $, .STERADIAN. ) SOLID_ANGLE_UNIT ( ) );
#2229 = ORIENTED_EDGE ( 'NONE', *, *, #1276, .T. ) ;
#2230 = CARTESIAN_POINT ( 'NONE',  ( -3.700000000000000178, 2.000000000000000000, 0.1000000000000000056 ) ) ;
#2231 = VERTEX_POINT ( 'NONE', #1584 ) ;
#2232 = CARTESIAN_POINT ( 'NONE',  ( 2.350000000000000089, 2.000000000000000000, 0.000000000000000000 ) ) ;
#2233 = EDGE_CURVE ( 'NONE', #1493, #2616, #2252, .T. ) ;
#2234 = DIRECTION ( 'NONE',  ( 0.000000000000000000, 0.000000000000000000, 1.000000000000000000 ) ) ;
#2235 = PLANE ( 'NONE',  #380 ) ;
#2236 = DIRECTION ( 'NONE',  ( -0.000000000000000000, -0.000000000000000000, -1.000000000000000000 ) ) ;
#2237 = PRESENTATION_STYLE_ASSIGNMENT (( #2283 ) ) ;
#2238 = VECTOR ( 'NONE', #468, 1000.000000000000000 ) ;
#2239 = DIRECTION ( 'NONE',  ( -1.000000000000000000, 0.000000000000000000, 0.000000000000000000 ) ) ;
#2240 = ORIENTED_EDGE ( 'NONE', *, *, #2551, .T. ) ;
#2241 = FILL_AREA_STYLE_COLOUR ( '', #1350 ) ;
#2242 = DIRECTION ( 'NONE',  ( 0.000000000000000000, 0.000000000000000000, 1.000000000000000000 ) ) ;
#2243 = ORIENTED_EDGE ( 'NONE', *, *, #1824, .T. ) ;
#2244 =( GEOMETRIC_REPRESENTATION_CONTEXT ( 3 ) GLOBAL_UNCERTAINTY_ASSIGNED_CONTEXT ( ( #1435 ) ) GLOBAL_UNIT_ASSIGNED_CONTEXT ( ( #46, #1933, #2540 ) ) REPRESENTATION_CONTEXT ( 'NONE', 'WORKASPACE' ) );
#2245 = AXIS2_PLACEMENT_3D ( 'NONE', #2255, #2630, #2239 ) ;
#2246 = PRESENTATION_STYLE_ASSIGNMENT (( #1625 ) ) ;
#2247 = STYLED_ITEM ( 'NONE', ( #112 ), #592 ) ;
#2248 = UNCERTAINTY_MEASURE_WITH_UNIT (LENGTH_MEASURE( 1.000000000000000082E-05 ), #1923, 'distance_accuracy_value', 'NONE');
#2249 = CARTESIAN_POINT ( 'NONE',  ( -6.050000000000000711, 2.000000000000000000, 0.000000000000000000 ) ) ;
#2250 = CIRCLE ( 'NONE', #2426, 0.5000000000000000000 ) ;
#2251 =( GEOMETRIC_REPRESENTATION_CONTEXT ( 3 ) GLOBAL_UNCERTAINTY_ASSIGNED_CONTEXT ( ( #2607 ) ) GLOBAL_UNIT_ASSIGNED_CONTEXT ( ( #734, #951, #970 ) ) REPRESENTATION_CONTEXT ( 'NONE', 'WORKASPACE' ) );
#2252 = LINE ( 'NONE', #2455, #2039 ) ;
#2253 = CARTESIAN_POINT ( 'NONE',  ( -1.849999999999999645, 2.000000000000000000, 0.1000000000000000056 ) ) ;
#2254 = EDGE_CURVE ( 'NONE', #2542, #1937, #1960, .T. ) ;
#2255 = CARTESIAN_POINT ( 'NONE',  ( 0.000000000000000000, 0.000000000000000000, 0.1000000000000000056 ) ) ;
#2256 =( GEOMETRIC_REPRESENTATION_CONTEXT ( 3 ) GLOBAL_UNCERTAINTY_ASSIGNED_CONTEXT ( ( #290 ) ) GLOBAL_UNIT_ASSIGNED_CONTEXT ( ( #288, #1190, #971 ) ) REPRESENTATION_CONTEXT ( 'NONE', 'WORKASPACE' ) );
#2257 = COLOUR_RGB ( '',1.000000000000000000, 1.000000000000000000, 0.000000000000000000 ) ;
#2258 = EDGE_LOOP ( 'NONE', ( #12, #1684, #2306, #1927 ) ) ;
#2259 =( LENGTH_UNIT ( ) NAMED_UNIT ( * ) SI_UNIT ( .MILLI., .METRE. ) );
#2260 = AXIS2_PLACEMENT_3D ( 'NONE', #1344, #2013, #2190 ) ;
#2261 = SURFACE_SIDE_STYLE ('',( #2697 ) ) ;
#2262 = PRESENTATION_STYLE_ASSIGNMENT (( #623 ) ) ;
#2263 = LINE ( 'NONE', #2081, #2696 ) ;
#2264 = EDGE_LOOP ( 'NONE', ( #2357, #2561 ) ) ;
#2265 = DIRECTION ( 'NONE',  ( -1.000000000000000000, 0.000000000000000000, 0.000000000000000000 ) ) ;
#2266 = DIRECTION ( 'NONE',  ( 0.000000000000000000, 0.000000000000000000, -1.000000000000000000 ) ) ;
#2267 =( LENGTH_UNIT ( ) NAMED_UNIT ( * ) SI_UNIT ( .MILLI., .METRE. ) );
#2268 = PLANE ( 'NONE',  #2312 ) ;
#2269 = DIRECTION ( 'NONE',  ( 0.000000000000000000, 0.000000000000000000, 1.000000000000000000 ) ) ;
#2270 = CARTESIAN_POINT ( 'NONE',  ( 3.700000000000000178, 0.000000000000000000, 0.000000000000000000 ) ) ;
#2271 = EDGE_LOOP ( 'NONE', ( #2380, #369, #640, #1113 ) ) ;
#2272 = EDGE_CURVE ( 'NONE', #2014, #136, #965, .T. ) ;
#2273 = FILL_AREA_STYLE ('',( #1442 ) ) ;
#2274 = FACE_OUTER_BOUND ( 'NONE', #2096, .T. ) ;
#2275 =( NAMED_UNIT ( * ) SI_UNIT ( $, .STERADIAN. ) SOLID_ANGLE_UNIT ( ) );
#2276 = DIRECTION ( 'NONE',  ( 1.000000000000000000, 0.000000000000000000, 0.000000000000000000 ) ) ;
#2277 = ADVANCED_FACE ( 'NONE', ( #2413 ), #376, .F. ) ;
#2278 = ORIENTED_EDGE ( 'NONE', *, *, #1422, .T. ) ;
#2279 = FILL_AREA_STYLE_COLOUR ( '', #1139 ) ;
#2280 = FILL_AREA_STYLE_COLOUR ( '', #2567 ) ;
#2281 = UNCERTAINTY_MEASURE_WITH_UNIT (LENGTH_MEASURE( 1.000000000000000082E-05 ), #2536, 'distance_accuracy_value', 'NONE');
#2282 = DIRECTION ( 'NONE',  ( 0.000000000000000000, 0.000000000000000000, 1.000000000000000000 ) ) ;
#2283 = SURFACE_STYLE_USAGE ( .BOTH. , #1439 ) ;
#2284 = VECTOR ( 'NONE', #546, 1000.000000000000000 ) ;
#2285 = FILL_AREA_STYLE ('',( #1263 ) ) ;
#2286 = VERTEX_POINT ( 'NONE', #596 ) ;
#2287 = CARTESIAN_POINT ( 'NONE',  ( -5.549999999999999822, 2.000000000000000000, 0.1000000000000000056 ) ) ;
#2288 = FILL_AREA_STYLE_COLOUR ( '', #140 ) ;
#2289 = EDGE_CURVE ( 'NONE', #320, #619, #937, .T. ) ;
#2290 = CARTESIAN_POINT ( 'NONE',  ( -3.700000000000000178, 2.000000000000000000, 0.1000000000000000056 ) ) ;
#2291 =( LENGTH_UNIT ( ) NAMED_UNIT ( * ) SI_UNIT ( .MILLI., .METRE. ) );
#2292 = VERTEX_POINT ( 'NONE', #327 ) ;
#2293 = CARTESIAN_POINT ( 'NONE',  ( -6.770000000000000462, -3.270000000000000462, 0.000000000000000000 ) ) ;
#2294 = CARTESIAN_POINT ( 'NONE',  ( -0.4300000000000025469, 3.070000000000000284, -1.074999999999999956 ) ) ;
#2295 = DIRECTION ( 'NONE',  ( -0.000000000000000000, -0.000000000000000000, -1.000000000000000000 ) ) ;
#2296 = LINE ( 'NONE', #1070, #160 ) ;
#2297 = AXIS2_PLACEMENT_3D ( 'NONE', #1815, #784, #1205 ) ;
#2298 = AXIS2_PLACEMENT_3D ( 'NONE', #2370, #1928, #1515 ) ;
#2299 = SURFACE_SIDE_STYLE ('',( #2496 ) ) ;
#2300 = EDGE_LOOP ( 'NONE', ( #2229, #1, #2513, #1335 ) ) ;
#2301 = EDGE_CURVE ( 'NONE', #1384, #2565, #1142, .T. ) ;
#2302 = PRESENTATION_LAYER_ASSIGNMENT (  '', '', ( #1952 ) ) ;
#2303 = CARTESIAN_POINT ( 'NONE',  ( -2.349999999999999645, 2.000000000000000000, 0.000000000000000000 ) ) ;
#2304 = CIRCLE ( 'NONE', #2641, 0.5000000000000000000 ) ;
#2305 = DIRECTION ( 'NONE',  ( 1.000000000000000000, 0.000000000000000000, 0.000000000000000000 ) ) ;
#2306 = ORIENTED_EDGE ( 'NONE', *, *, #2097, .T. ) ;
#2307 = STYLED_ITEM ( 'NONE', ( #1360 ), #2277 ) ;
#2308 = FILL_AREA_STYLE ('',( #1118 ) ) ;
#2309 = CARTESIAN_POINT ( 'NONE',  ( -5.549999999999999822, -2.000000000000000000, 0.000000000000000000 ) ) ;
#2310 = AXIS2_PLACEMENT_3D ( 'NONE', #2468, #2091, #614 ) ;
#2311 =( NAMED_UNIT ( * ) SI_UNIT ( $, .STERADIAN. ) SOLID_ANGLE_UNIT ( ) );
#2312 = AXIS2_PLACEMENT_3D ( 'NONE', #716, #1761, #1734 ) ;
#2313 = FILL_AREA_STYLE_COLOUR ( '', #2128 ) ;
#2314 = ADVANCED_FACE ( 'NONE', ( #1168 ), #1022, .T. ) ;
#2315 = ORIENTED_EDGE ( 'NONE', *, *, #635, .T. ) ;
#2316 = DIRECTION ( 'NONE',  ( 1.000000000000000000, 0.000000000000000000, 0.000000000000000000 ) ) ;
#2317 = PRODUCT_DEFINITION_CONTEXT ( 'detailed design', #552, 'design' ) ;
#2318 = CARTESIAN_POINT ( 'NONE',  ( 1.850000000000000311, 2.000000000000000000, 0.000000000000000000 ) ) ;
#2319 = FILL_AREA_STYLE ('',( #1086 ) ) ;
#2320 = ORIENTED_EDGE ( 'NONE', *, *, #944, .F. ) ;
#2321 = CARTESIAN_POINT ( 'NONE',  ( 4.200000000000000178, 6.123233995736763571E-17, 0.1000000000000000056 ) ) ;
#2322 = DIRECTION ( 'NONE',  ( 0.000000000000000000, 0.000000000000000000, 1.000000000000000000 ) ) ;
#2323 = PRESENTATION_STYLE_ASSIGNMENT (( #2161 ) ) ;
#2324 = ORIENTED_EDGE ( 'NONE', *, *, #1615, .T. ) ;
#2325 = CARTESIAN_POINT ( 'NONE',  ( 0.000000000000000000, 0.000000000000000000, 0.1000000000000000056 ) ) ;
#2326 = DIRECTION ( 'NONE',  ( 0.000000000000000000, 0.000000000000000000, 1.000000000000000000 ) ) ;
#2327 = DIRECTION ( 'NONE',  ( 1.236061108696829207E-16, 1.000000000000000000, -0.000000000000000000 ) ) ;
#2328 = EDGE_LOOP ( 'NONE', ( #1787, #2593 ) ) ;
#2329 = SURFACE_SIDE_STYLE ('',( #196 ) ) ;
#2330 = DIRECTION ( 'NONE',  ( -1.000000000000000000, 0.000000000000000000, 0.000000000000000000 ) ) ;
#2331 = FILL_AREA_STYLE ('',( #2700 ) ) ;
#2332 = ORIENTED_EDGE ( 'NONE', *, *, #2660, .T. ) ;
#2333 = VECTOR ( 'NONE', #724, 1000.000000000000000 ) ;
#2334 = CARTESIAN_POINT ( 'NONE',  ( -6.050000000000000711, 0.000000000000000000, 0.000000000000000000 ) ) ;
#2335 = CARTESIAN_POINT ( 'NONE',  ( 3.200000000000000622, 0.000000000000000000, 0.1000000000000000056 ) ) ;
#2336 = VERTEX_POINT ( 'NONE', #1495 ) ;
#2337 = CARTESIAN_POINT ( 'NONE',  ( 6.570000000000000284, 3.069999999999998508, -1.074999999999999956 ) ) ;
#2338 = LINE ( 'NONE', #255, #113 ) ;
#2339 = ORIENTED_EDGE ( 'NONE', *, *, #1581, .T. ) ;
#2340 = COLOUR_RGB ( '',1.000000000000000000, 1.000000000000000000, 0.000000000000000000 ) ;
#2341 = VECTOR ( 'NONE', #408, 1000.000000000000000 ) ;
#2342 = EDGE_CURVE ( 'NONE', #1921, #714, #193, .T. ) ;
#2343 = EDGE_CURVE ( 'NONE', #1493, #479, #1143, .T. ) ;
#2344 = LINE ( 'NONE', #2501, #258 ) ;
#2345 = CIRCLE ( 'NONE', #2687, 0.5000000000000004441 ) ;
#2346 = DIRECTION ( 'NONE',  ( 0.000000000000000000, 0.000000000000000000, 1.000000000000000000 ) ) ;
#2347 = PRESENTATION_LAYER_ASSIGNMENT (  '', '', ( #2209 ) ) ;
#2348 = MECHANICAL_DESIGN_GEOMETRIC_PRESENTATION_REPRESENTATION (  '', ( #1477 ), #1645 ) ;
#2349 = ORIENTED_EDGE ( 'NONE', *, *, #1687, .T. ) ;
#2350 =( GEOMETRIC_REPRESENTATION_CONTEXT ( 3 ) GLOBAL_UNCERTAINTY_ASSIGNED_CONTEXT ( ( #1874 ) ) GLOBAL_UNIT_ASSIGNED_CONTEXT ( ( #2047, #2473, #227 ) ) REPRESENTATION_CONTEXT ( 'NONE', 'WORKASPACE' ) );
#2351 = SURFACE_SIDE_STYLE ('',( #289 ) ) ;
#2352 = ORIENTED_EDGE ( 'NONE', *, *, #1687, .F. ) ;
#2353 = STYLED_ITEM ( 'NONE', ( #1528 ), #2213 ) ;
#2354 =( LENGTH_UNIT ( ) NAMED_UNIT ( * ) SI_UNIT ( .MILLI., .METRE. ) );
#2355 = PRESENTATION_LAYER_ASSIGNMENT (  '', '', ( #1401 ) ) ;
#2356 = DIRECTION ( 'NONE',  ( -0.000000000000000000, -0.000000000000000000, -1.000000000000000000 ) ) ;
#2357 = ORIENTED_EDGE ( 'NONE', *, *, #1417, .F. ) ;
#2358 = FILL_AREA_STYLE_COLOUR ( '', #107 ) ;
#2359 = CARTESIAN_POINT ( 'NONE',  ( 1.850000000000000311, 2.000000000000000000, 0.1000000000000000056 ) ) ;
#2360 = VERTEX_POINT ( 'NONE', #1657 ) ;
#2361 = DIRECTION ( 'NONE',  ( -0.000000000000000000, -0.000000000000000000, -1.000000000000000000 ) ) ;
#2362 = CYLINDRICAL_SURFACE ( 'NONE', #2260, 0.5000000000000004441 ) ;
#2363 = ORIENTED_EDGE ( 'NONE', *, *, #1836, .T. ) ;
#2364 = SURFACE_SIDE_STYLE ('',( #460 ) ) ;
#2365 = LINE ( 'NONE', #2608, #1390 ) ;
#2366 = VERTEX_POINT ( 'NONE', #839 ) ;
#2367 = PRESENTATION_STYLE_ASSIGNMENT (( #882 ) ) ;
#2368 = FACE_OUTER_BOUND ( 'NONE', #566, .T. ) ;
#2369 = EDGE_CURVE ( 'NONE', #813, #1860, #753, .T. ) ;
#2370 = CARTESIAN_POINT ( 'NONE',  ( 1.850000000000000311, -2.000000000000000000, 0.1000000000000000056 ) ) ;
#2371 = PRESENTATION_LAYER_ASSIGNMENT (  '', '', ( #591 ) ) ;
#2372 = FACE_BOUND ( 'NONE', #1330, .T. ) ;
#2373 = CARTESIAN_POINT ( 'NONE',  ( -6.050000000000000711, -2.000000000000000000, 0.000000000000000000 ) ) ;
#2374 = EDGE_CURVE ( 'NONE', #813, #200, #1857, .T. ) ;
#2375 = STYLED_ITEM ( 'NONE', ( #1151 ), #313 ) ;
#2376 = ORIENTED_EDGE ( 'NONE', *, *, #616, .T. ) ;
#2377 = DIRECTION ( 'NONE',  ( -1.000000000000000000, 0.000000000000000000, 0.000000000000000000 ) ) ;
#2378 = SURFACE_SIDE_STYLE ('',( #1499 ) ) ;
#2379 = LINE ( 'NONE', #280, #741 ) ;
#2380 = ORIENTED_EDGE ( 'NONE', *, *, #1154, .F. ) ;
#2381 = COLOUR_RGB ( '',0.000000000000000000, 0.000000000000000000, 1.000000000000000000 ) ;
#2382 = CARTESIAN_POINT ( 'NONE',  ( 5.549999999999999822, -2.000000000000000000, 0.000000000000000000 ) ) ;
#2383 = ORIENTED_EDGE ( 'NONE', *, *, #1342, .F. ) ;
#2384 = EDGE_CURVE ( 'NONE', #2023, #2067, #861, .T. ) ;
#2385 =( GEOMETRIC_REPRESENTATION_CONTEXT ( 3 ) GLOBAL_UNCERTAINTY_ASSIGNED_CONTEXT ( ( #373 ) ) GLOBAL_UNIT_ASSIGNED_CONTEXT ( ( #2703, #2490, #1053 ) ) REPRESENTATION_CONTEXT ( 'NONE', 'WORKASPACE' ) );
#2386 = VECTOR ( 'NONE', #1228, 1000.000000000000000 ) ;
#2387 = ORIENTED_EDGE ( 'NONE', *, *, #2131, .F. ) ;
#2388 = FACE_BOUND ( 'NONE', #1160, .T. ) ;
#2389 = AXIS2_PLACEMENT_3D ( 'NONE', #1182, #772, #978 ) ;
#2390 = COLOUR_RGB ( '',1.000000000000000000, 1.000000000000000000, 0.000000000000000000 ) ;
#2391 = ORIENTED_EDGE ( 'NONE', *, *, #1581, .F. ) ;
#2392 = FILL_AREA_STYLE ('',( #138 ) ) ;
#2393 = STYLED_ITEM ( 'NONE', ( #2548 ), #1942 ) ;
#2394 = PRESENTATION_LAYER_ASSIGNMENT (  '', '', ( #1233 ) ) ;
#2395 = ADVANCED_FACE ( 'NONE', ( #2070 ), #1844, .T. ) ;
#2396 = DIRECTION ( 'NONE',  ( 1.000000000000000000, 0.000000000000000000, 0.000000000000000000 ) ) ;
#2397 = AXIS2_PLACEMENT_3D ( 'NONE', #2359, #1306, #693 ) ;
#2398 = CARTESIAN_POINT ( 'NONE',  ( -4.200000000000000178, 2.000000000000000000, 0.1000000000000000056 ) ) ;
#2399 = FILL_AREA_STYLE_COLOUR ( '', #475 ) ;
#2400 = STYLED_ITEM ( 'NONE', ( #1877 ), #2395 ) ;
#2401 = EDGE_CURVE ( 'NONE', #823, #1192, #1239, .T. ) ;
#2402 = AXIS2_PLACEMENT_3D ( 'NONE', #2605, #2431, #2396 ) ;
#2403 =( LENGTH_UNIT ( ) NAMED_UNIT ( * ) SI_UNIT ( .MILLI., .METRE. ) );
#2404 = CARTESIAN_POINT ( 'NONE',  ( 5.549999999999999822, -2.000000000000000000, 0.000000000000000000 ) ) ;
#2405 = CARTESIAN_POINT ( 'NONE',  ( 5.049999999999999822, 2.000000000000000000, 0.1000000000000000056 ) ) ;
#2406 = VERTEX_POINT ( 'NONE', #1637 ) ;
#2407 = DIRECTION ( 'NONE',  ( -1.000000000000000000, 0.000000000000000000, 0.000000000000000000 ) ) ;
#2408 = CARTESIAN_POINT ( 'NONE',  ( 3.700000000000000178, 2.000000000000000000, 0.1000000000000000056 ) ) ;
#2409 = DIRECTION ( 'NONE',  ( 0.000000000000000000, 0.000000000000000000, 1.000000000000000000 ) ) ;
#2410 = SURFACE_STYLE_FILL_AREA ( #118 ) ;
#2411 = FILL_AREA_STYLE ('',( #1380 ) ) ;
#2412 = ORIENTED_EDGE ( 'NONE', *, *, #1799, .T. ) ;
#2413 = FACE_OUTER_BOUND ( 'NONE', #2442, .T. ) ;
#2414 = CARTESIAN_POINT ( 'NONE',  ( 6.570000000000000284, 3.069999999999998508, -0.5000000000000000000 ) ) ;
#2415 = FACE_OUTER_BOUND ( 'NONE', #281, .T. ) ;
#2416 = FACE_BOUND ( 'NONE', #1665, .T. ) ;
#2417 = ORIENTED_EDGE ( 'NONE', *, *, #37, .F. ) ;
#2418 = CARTESIAN_POINT ( 'NONE',  ( 6.050000000000000711, -2.000000000000000000, 0.000000000000000000 ) ) ;
#2419 = COLOUR_RGB ( '',1.000000000000000000, 1.000000000000000000, 0.000000000000000000 ) ;
#2420 = SURFACE_SIDE_STYLE ('',( #335 ) ) ;
#2421 = DIRECTION ( 'NONE',  ( 0.000000000000000000, 0.000000000000000000, 1.000000000000000000 ) ) ;
#2422 =( NAMED_UNIT ( * ) PLANE_ANGLE_UNIT ( ) SI_UNIT ( $, .RADIAN. ) );
#2423 = CARTESIAN_POINT ( 'NONE',  ( -4.200000000000000178, 2.000000000000000000, 0.1000000000000000056 ) ) ;
#2424 = CARTESIAN_POINT ( 'NONE',  ( -3.200000000000000178, -2.000000000000000000, 0.000000000000000000 ) ) ;
#2425 = FILL_AREA_STYLE ('',( #767 ) ) ;
#2426 = AXIS2_PLACEMENT_3D ( 'NONE', #855, #1252, #182 ) ;
#2427 = CIRCLE ( 'NONE', #828, 0.5000000000000000000 ) ;
#2428 = ORIENTED_EDGE ( 'NONE', *, *, #1382, .T. ) ;
#2429 = DIRECTION ( 'NONE',  ( 0.000000000000000000, 0.000000000000000000, 1.000000000000000000 ) ) ;
#2430 = AXIS2_PLACEMENT_3D ( 'NONE', #1849, #219, #1039 ) ;
#2431 = DIRECTION ( 'NONE',  ( 0.000000000000000000, 0.000000000000000000, 1.000000000000000000 ) ) ;
#2432 = AXIS2_PLACEMENT_3D ( 'NONE', #229, #1526, #1074 ) ;
#2433 = SURFACE_STYLE_FILL_AREA ( #783 ) ;
#2434 = CARTESIAN_POINT ( 'NONE',  ( 6.769999999999997797, 3.269999999999999574, 0.000000000000000000 ) ) ;
#2435 = MECHANICAL_DESIGN_GEOMETRIC_PRESENTATION_REPRESENTATION (  '', ( #2034 ), #1355 ) ;
#2436 = FACE_OUTER_BOUND ( 'NONE', #2141, .T. ) ;
#2437 = PRESENTATION_LAYER_ASSIGNMENT (  '', '', ( #1235 ) ) ;
#2438 =( NAMED_UNIT ( * ) PLANE_ANGLE_UNIT ( ) SI_UNIT ( $, .RADIAN. ) );
#2439 = DIRECTION ( 'NONE',  ( 0.000000000000000000, 0.000000000000000000, 1.000000000000000000 ) ) ;
#2440 = PRESENTATION_LAYER_ASSIGNMENT (  '', '', ( #620 ) ) ;
#2441 = DIRECTION ( 'NONE',  ( -0.000000000000000000, 0.000000000000000000, 1.000000000000000000 ) ) ;
#2442 = EDGE_LOOP ( 'NONE', ( #2053, #1881, #1610, #469 ) ) ;
#2443 = EDGE_CURVE ( 'NONE', #1225, #1317, #797, .T. ) ;
#2444 = CARTESIAN_POINT ( 'NONE',  ( 0.000000000000000000, 0.000000000000000000, 0.1000000000000000056 ) ) ;
#2445 = UNCERTAINTY_MEASURE_WITH_UNIT (LENGTH_MEASURE( 1.000000000000000082E-05 ), #795, 'distance_accuracy_value', 'NONE');
#2446 = CARTESIAN_POINT ( 'NONE',  ( -6.770000000000001350, 3.269999999999999574, -0.5000000000000000000 ) ) ;
#2447 = PRESENTATION_STYLE_ASSIGNMENT (( #1616 ) ) ;
#2448 = ORIENTED_EDGE ( 'NONE', *, *, #1253, .T. ) ;
#2449 = SURFACE_STYLE_FILL_AREA ( #1662 ) ;
#2450 = ADVANCED_FACE ( 'NONE', ( #1437 ), #2268, .F. ) ;
#2451 = EDGE_LOOP ( 'NONE', ( #801, #2376 ) ) ;
#2452 = DIRECTION ( 'NONE',  ( 1.000000000000000000, 0.000000000000000000, 0.000000000000000000 ) ) ;
#2453 = ADVANCED_FACE ( 'NONE', ( #723 ), #1533, .T. ) ;
#2454 =( NAMED_UNIT ( * ) PLANE_ANGLE_UNIT ( ) SI_UNIT ( $, .RADIAN. ) );
#2455 = CARTESIAN_POINT ( 'NONE',  ( -1.349999999999999645, -2.000000000000000000, 0.1000000000000000056 ) ) ;
#2456 = CIRCLE ( 'NONE', #948, 0.5000000000000004441 ) ;
#2457 = CARTESIAN_POINT ( 'NONE',  ( 0.4299999999999997158, 3.069999999999998508, -1.074999999999999956 ) ) ;
#2458 = ORIENTED_EDGE ( 'NONE', *, *, #579, .T. ) ;
#2459 = SURFACE_SIDE_STYLE ('',( #1632 ) ) ;
#2460 = PLANE ( 'NONE',  #1189 ) ;
#2461 = EDGE_LOOP ( 'NONE', ( #954, #2172, #2147, #1242 ) ) ;
#2462 = AXIS2_PLACEMENT_3D ( 'NONE', #2508, #5, #428 ) ;
#2463 = SURFACE_SIDE_STYLE ('',( #1458 ) ) ;
#2464 = SURFACE_STYLE_USAGE ( .BOTH. , #387 ) ;
#2465 = MECHANICAL_DESIGN_GEOMETRIC_PRESENTATION_REPRESENTATION (  '', ( #1639 ), #100 ) ;
#2466 =( NAMED_UNIT ( * ) SI_UNIT ( $, .STERADIAN. ) SOLID_ANGLE_UNIT ( ) );
#2467 = CIRCLE ( 'NONE', #1003, 0.4999999999999995559 ) ;
#2468 = CARTESIAN_POINT ( 'NONE',  ( 5.549999999999999822, 2.000000000000000000, 0.000000000000000000 ) ) ;
#2469 = AXIS2_PLACEMENT_3D ( 'NONE', #363, #1878, #2046 ) ;
#2470 = AXIS2_PLACEMENT_3D ( 'NONE', #2382, #979, #1141 ) ;
#2471 = LINE ( 'NONE', #615, #429 ) ;
#2472 = EDGE_CURVE ( 'NONE', #1116, #682, #1315, .T. ) ;
#2473 =( NAMED_UNIT ( * ) PLANE_ANGLE_UNIT ( ) SI_UNIT ( $, .RADIAN. ) );
#2474 = ORIENTED_EDGE ( 'NONE', *, *, #1558, .T. ) ;
#2475 = FACE_OUTER_BOUND ( 'NONE', #867, .T. ) ;
#2476 = CIRCLE ( 'NONE', #1316, 0.5000000000000004441 ) ;
#2477 = UNCERTAINTY_MEASURE_WITH_UNIT (LENGTH_MEASURE( 1.000000000000000082E-05 ), #410, 'distance_accuracy_value', 'NONE');
#2478 = CARTESIAN_POINT ( 'NONE',  ( 3.700000000000000178, 2.000000000000000000, 0.1000000000000000056 ) ) ;
#2479 = CARTESIAN_POINT ( 'NONE',  ( -6.770000000000000462, -3.270000000000000462, 0.000000000000000000 ) ) ;
#2480 = AXIS2_PLACEMENT_3D ( 'NONE', #2224, #1217, #1019 ) ;
#2481 = ORIENTED_EDGE ( 'NONE', *, *, #1913, .T. ) ;
#2482 =( NAMED_UNIT ( * ) PLANE_ANGLE_UNIT ( ) SI_UNIT ( $, .RADIAN. ) );
#2483 = CARTESIAN_POINT ( 'NONE',  ( 5.549999999999999822, 2.000000000000000000, 0.1000000000000000056 ) ) ;
#2484 = PRESENTATION_STYLE_ASSIGNMENT (( #1630 ) ) ;
#2485 = EDGE_LOOP ( 'NONE', ( #286, #1560, #1617, #249 ) ) ;
#2486 = CARTESIAN_POINT ( 'NONE',  ( -3.700000000000000178, 0.000000000000000000, 0.1000000000000000056 ) ) ;
#2487 = DIRECTION ( 'NONE',  ( -1.000000000000000000, 0.000000000000000000, 0.000000000000000000 ) ) ;
#2488 = CARTESIAN_POINT ( 'NONE',  ( 0.5000000000000000000, 6.123233995736766036E-17, 0.1000000000000000056 ) ) ;
#2489 = ORIENTED_EDGE ( 'NONE', *, *, #495, .F. ) ;
#2490 =( NAMED_UNIT ( * ) PLANE_ANGLE_UNIT ( ) SI_UNIT ( $, .RADIAN. ) );
#2491 = PLANE ( 'NONE',  #976 ) ;
#2492 = UNCERTAINTY_MEASURE_WITH_UNIT (LENGTH_MEASURE( 1.000000000000000082E-05 ), #1765, 'distance_accuracy_value', 'NONE');
#2493 = ADVANCED_FACE ( 'NONE', ( #1943 ), #55, .T. ) ;
#2494 = CARTESIAN_POINT ( 'NONE',  ( 0.4299999999999989386, -3.070000000000001616, -1.074999999999999956 ) ) ;
#2495 = PRESENTATION_LAYER_ASSIGNMENT (  '', '', ( #543 ) ) ;
#2496 = SURFACE_STYLE_FILL_AREA ( #664 ) ;
#2497 = ORIENTED_EDGE ( 'NONE', *, *, #2374, .T. ) ;
#2498 = AXIS2_PLACEMENT_3D ( 'NONE', #2230, #1428, #170 ) ;
#2499 = DIRECTION ( 'NONE',  ( -0.000000000000000000, -0.000000000000000000, -1.000000000000000000 ) ) ;
#2500 = DIRECTION ( 'NONE',  ( -0.000000000000000000, -0.000000000000000000, -1.000000000000000000 ) ) ;
#2501 = CARTESIAN_POINT ( 'NONE',  ( -5.049999999999999822, -2.000000000000000000, 0.1000000000000000056 ) ) ;
#2502 = ADVANCED_FACE ( 'NONE', ( #1808 ), #1578, .T. ) ;
#2503 = EDGE_CURVE ( 'NONE', #736, #1852, #974, .T. ) ;
#2504 =( LENGTH_UNIT ( ) NAMED_UNIT ( * ) SI_UNIT ( .MILLI., .METRE. ) );
#2505 = EDGE_LOOP ( 'NONE', ( #1381, #690, #2083, #27 ) ) ;
#2506 = CARTESIAN_POINT ( 'NONE',  ( -3.700000000000000178, -2.000000000000000000, 0.1000000000000000056 ) ) ;
#2507 =( GEOMETRIC_REPRESENTATION_CONTEXT ( 3 ) GLOBAL_UNCERTAINTY_ASSIGNED_CONTEXT ( ( #1788 ) ) GLOBAL_UNIT_ASSIGNED_CONTEXT ( ( #162, #1219, #1589 ) ) REPRESENTATION_CONTEXT ( 'NONE', 'WORKASPACE' ) );
#2508 = CARTESIAN_POINT ( 'NONE',  ( -6.770000000000000462, -3.270000000000000462, -0.5000000000000000000 ) ) ;
#2509 = PRESENTATION_LAYER_ASSIGNMENT (  '', '', ( #1987 ) ) ;
#2510 = SURFACE_SIDE_STYLE ('',( #1680 ) ) ;
#2511 = VECTOR ( 'NONE', #2439, 1000.000000000000000 ) ;
#2512 = DIRECTION ( 'NONE',  ( -1.000000000000000000, 0.000000000000000000, 0.000000000000000000 ) ) ;
#2513 = ORIENTED_EDGE ( 'NONE', *, *, #2660, .F. ) ;
#2514 = AXIS2_PLACEMENT_3D ( 'NONE', #1658, #2058, #1818 ) ;
#2515 = AXIS2_PLACEMENT_3D ( 'NONE', #90, #1984, #1171 ) ;
#2516 = FACE_OUTER_BOUND ( 'NONE', #1673, .T. ) ;
#2517 =( GEOMETRIC_REPRESENTATION_CONTEXT ( 3 ) GLOBAL_UNCERTAINTY_ASSIGNED_CONTEXT ( ( #1600 ) ) GLOBAL_UNIT_ASSIGNED_CONTEXT ( ( #267, #888, #1746 ) ) REPRESENTATION_CONTEXT ( 'NONE', 'WORKASPACE' ) );
#2518 = PRESENTATION_LAYER_ASSIGNMENT (  '', '', ( #161 ) ) ;
#2519 = DIRECTION ( 'NONE',  ( 1.000000000000000000, 0.000000000000000000, 0.000000000000000000 ) ) ;
#2520 = CARTESIAN_POINT ( 'NONE',  ( -6.770000000000001350, 3.269999999999999574, -0.5000000000000000000 ) ) ;
#2521 = PRESENTATION_LAYER_ASSIGNMENT (  '', '', ( #438 ) ) ;
#2522 = EDGE_CURVE ( 'NONE', #2542, #1722, #1323, .T. ) ;
#2523 = ORIENTED_EDGE ( 'NONE', *, *, #2618, .F. ) ;
#2524 = LINE ( 'NONE', #2321, #1421 ) ;
#2525 = DIRECTION ( 'NONE',  ( -0.000000000000000000, -0.000000000000000000, -1.000000000000000000 ) ) ;
#2526 = MECHANICAL_DESIGN_GEOMETRIC_PRESENTATION_REPRESENTATION (  '', ( #1919 ), #1147 ) ;
#2527 = UNCERTAINTY_MEASURE_WITH_UNIT (LENGTH_MEASURE( 1.000000000000000082E-05 ), #2626, 'distance_accuracy_value', 'NONE');
#2528 = EDGE_CURVE ( 'NONE', #1719, #486, #1436, .T. ) ;
#2529 = ORIENTED_EDGE ( 'NONE', *, *, #1836, .F. ) ;
#2530 = VECTOR ( 'NONE', #1031, 1000.000000000000000 ) ;
#2531 = CARTESIAN_POINT ( 'NONE',  ( -5.549999999999999822, -2.000000000000000000, 0.1000000000000000056 ) ) ;
#2532 = CARTESIAN_POINT ( 'NONE',  ( -0.4300000000000032685, -3.069999999999998952, -1.074999999999999956 ) ) ;
#2533 = ORIENTED_EDGE ( 'NONE', *, *, #1223, .F. ) ;
#2534 = DIRECTION ( 'NONE',  ( -1.000000000000000000, 0.000000000000000000, 0.000000000000000000 ) ) ;
#2535 = CARTESIAN_POINT ( 'NONE',  ( -0.4300000000000025469, 3.070000000000000284, -0.5000000000000000000 ) ) ;
#2536 =( LENGTH_UNIT ( ) NAMED_UNIT ( * ) SI_UNIT ( .MILLI., .METRE. ) );
#2537 = ORIENTED_EDGE ( 'NONE', *, *, #2233, .F. ) ;
#2538 =( LENGTH_UNIT ( ) NAMED_UNIT ( * ) SI_UNIT ( .MILLI., .METRE. ) );
#2539 = SURFACE_SIDE_STYLE ('',( #1709 ) ) ;
#2540 =( NAMED_UNIT ( * ) SI_UNIT ( $, .STERADIAN. ) SOLID_ANGLE_UNIT ( ) );
#2541 = EDGE_CURVE ( 'NONE', #228, #2547, #799, .T. ) ;
#2542 = VERTEX_POINT ( 'NONE', #322 ) ;
#2543 = DIRECTION ( 'NONE',  ( -0.000000000000000000, -0.000000000000000000, -1.000000000000000000 ) ) ;
#2544 = CARTESIAN_POINT ( 'NONE',  ( -3.200000000000000178, 6.123233995736764803E-17, 0.1000000000000000056 ) ) ;
#2545 = FILL_AREA_STYLE ('',( #1488 ) ) ;
#2546 = VECTOR ( 'NONE', #150, 1000.000000000000000 ) ;
#2547 = VERTEX_POINT ( 'NONE', #758 ) ;
#2548 = PRESENTATION_STYLE_ASSIGNMENT (( #471 ) ) ;
#2549 = APPLICATION_PROTOCOL_DEFINITION ( 'draft international standard', 'automotive_design', 1998, #552 ) ;
#2550 = ORIENTED_EDGE ( 'NONE', *, *, #240, .F. ) ;
#2551 = EDGE_CURVE ( 'NONE', #2231, #1116, #371, .T. ) ;
#2552 = FILL_AREA_STYLE_COLOUR ( '', #1780 ) ;
#2553 = ORIENTED_EDGE ( 'NONE', *, *, #950, .T. ) ;
#2554 = STYLED_ITEM ( 'NONE', ( #1751 ), #1183 ) ;
#2555 = CIRCLE ( 'NONE', #1006, 0.5000000000000000000 ) ;
#2556 = FILL_AREA_STYLE ('',( #1723 ) ) ;
#2557 = FILL_AREA_STYLE ('',( #1283 ) ) ;
#2558 = SURFACE_SIDE_STYLE ('',( #1726 ) ) ;
#2559 = VECTOR ( 'NONE', #130, 1000.000000000000000 ) ;
#2560 =( GEOMETRIC_REPRESENTATION_CONTEXT ( 3 ) GLOBAL_UNCERTAINTY_ASSIGNED_CONTEXT ( ( #2027 ) ) GLOBAL_UNIT_ASSIGNED_CONTEXT ( ( #785, #574, #2228 ) ) REPRESENTATION_CONTEXT ( 'NONE', 'WORKASPACE' ) );
#2561 = ORIENTED_EDGE ( 'NONE', *, *, #2097, .F. ) ;
#2562 = MECHANICAL_DESIGN_GEOMETRIC_PRESENTATION_REPRESENTATION (  '', ( #1952 ), #1735 ) ;
#2563 = LINE ( 'NONE', #2149, #1779 ) ;
#2564 = AXIS2_PLACEMENT_3D ( 'NONE', #589, #2441, #1269 ) ;
#2565 = VERTEX_POINT ( 'NONE', #2418 ) ;
#2566 = SURFACE_SIDE_STYLE ('',( #34 ) ) ;
#2567 = COLOUR_RGB ( '',1.000000000000000000, 1.000000000000000000, 0.000000000000000000 ) ;
#2568 = CARTESIAN_POINT ( 'NONE',  ( 6.570000000000000284, 3.069999999999998508, -0.5000000000000000000 ) ) ;
#2569 = ORIENTED_EDGE ( 'NONE', *, *, #1326, .T. ) ;
#2570 = EDGE_CURVE ( 'NONE', #2005, #494, #1485, .T. ) ;
#2571 = STYLED_ITEM ( 'NONE', ( #2323 ), #2708 ) ;
#2572 = SURFACE_STYLE_USAGE ( .BOTH. , #1509 ) ;
#2573 = FACE_OUTER_BOUND ( 'NONE', #186, .T. ) ;
#2574 =( NAMED_UNIT ( * ) PLANE_ANGLE_UNIT ( ) SI_UNIT ( $, .RADIAN. ) );
#2575 = FACE_OUTER_BOUND ( 'NONE', #1941, .T. ) ;
#2576 = FACE_OUTER_BOUND ( 'NONE', #2258, .T. ) ;
#2577 = EDGE_LOOP ( 'NONE', ( #2591, #2679 ) ) ;
#2578 = SURFACE_STYLE_USAGE ( .BOTH. , #2111 ) ;
#2579 = ADVANCED_FACE ( 'NONE', ( #1368 ), #360, .T. ) ;
#2580 = ORIENTED_EDGE ( 'NONE', *, *, #168, .F. ) ;
#2581 = CYLINDRICAL_SURFACE ( 'NONE', #2690, 0.5000000000000004441 ) ;
#2582 = FILL_AREA_STYLE ('',( #120 ) ) ;
#2583 = CARTESIAN_POINT ( 'NONE',  ( -0.5000000000000000000, 0.000000000000000000, 0.1000000000000000056 ) ) ;
#2584 = EDGE_CURVE ( 'NONE', #1631, #125, #169, .T. ) ;
#2585 = CIRCLE ( 'NONE', #1124, 0.4999999999999995559 ) ;
#2586 = FACE_BOUND ( 'NONE', #1959, .T. ) ;
#2587 = EDGE_LOOP ( 'NONE', ( #21, #1727, #673, #379 ) ) ;
#2588 =( LENGTH_UNIT ( ) NAMED_UNIT ( * ) SI_UNIT ( .MILLI., .METRE. ) );
#2589 = MANIFOLD_SOLID_BREP ( 'Boss-Extrude8', #2192 ) ;
#2590 = CARTESIAN_POINT ( 'NONE',  ( -5.549999999999999822, 2.000000000000000000, 0.000000000000000000 ) ) ;
#2591 = ORIENTED_EDGE ( 'NONE', *, *, #837, .T. ) ;
#2592 = DIRECTION ( 'NONE',  ( -1.000000000000000000, 0.000000000000000000, 0.000000000000000000 ) ) ;
#2593 = ORIENTED_EDGE ( 'NONE', *, *, #1154, .T. ) ;
#2594 = CIRCLE ( 'NONE', #1420, 0.5000000000000000000 ) ;
#2595 =( GEOMETRIC_REPRESENTATION_CONTEXT ( 3 ) GLOBAL_UNCERTAINTY_ASSIGNED_CONTEXT ( ( #2658 ) ) GLOBAL_UNIT_ASSIGNED_CONTEXT ( ( #1341, #668, #451 ) ) REPRESENTATION_CONTEXT ( 'NONE', 'WORKASPACE' ) );
#2596 = DIRECTION ( 'NONE',  ( 1.000000000000000000, 0.000000000000000000, 0.000000000000000000 ) ) ;
#2597 = COLOUR_RGB ( '',0.2509803921568627416, 0.2509803921568627416, 0.2509803921568627416 ) ;
#2598 = SURFACE_STYLE_USAGE ( .BOTH. , #1397 ) ;
#2599 = CARTESIAN_POINT ( 'NONE',  ( 1.350000000000000533, 2.000000000000000000, 0.1000000000000000056 ) ) ;
#2600 =( GEOMETRIC_REPRESENTATION_CONTEXT ( 3 ) GLOBAL_UNCERTAINTY_ASSIGNED_CONTEXT ( ( #2492 ) ) GLOBAL_UNIT_ASSIGNED_CONTEXT ( ( #1765, #85, #1196 ) ) REPRESENTATION_CONTEXT ( 'NONE', 'WORKASPACE' ) );
#2601 = ORIENTED_EDGE ( 'NONE', *, *, #2443, .F. ) ;
#2602 = LINE ( 'NONE', #1202, #555 ) ;
#2603 = PRESENTATION_LAYER_ASSIGNMENT (  '', '', ( #2393 ) ) ;
#2604 = PRESENTATION_LAYER_ASSIGNMENT (  '', '', ( #1639 ) ) ;
#2605 = CARTESIAN_POINT ( 'NONE',  ( -1.849999999999999645, 2.000000000000000000, 0.1000000000000000056 ) ) ;
#2606 = STYLED_ITEM ( 'NONE', ( #1040 ), #2004 ) ;
#2607 = UNCERTAINTY_MEASURE_WITH_UNIT (LENGTH_MEASURE( 1.000000000000000082E-05 ), #734, 'distance_accuracy_value', 'NONE');
#2608 = CARTESIAN_POINT ( 'NONE',  ( -3.200000000000000178, -2.000000000000000000, 0.1000000000000000056 ) ) ;
#2609 =( GEOMETRIC_REPRESENTATION_CONTEXT ( 3 ) GLOBAL_UNCERTAINTY_ASSIGNED_CONTEXT ( ( #2140 ) ) GLOBAL_UNIT_ASSIGNED_CONTEXT ( ( #61, #2574, #1981 ) ) REPRESENTATION_CONTEXT ( 'NONE', 'WORKASPACE' ) );
#2610 = SURFACE_SIDE_STYLE ('',( #962 ) ) ;
#2611 = LINE ( 'NONE', #947, #69 ) ;
#2612 = PRESENTATION_STYLE_ASSIGNMENT (( #504 ) ) ;
#2613 =( NAMED_UNIT ( * ) PLANE_ANGLE_UNIT ( ) SI_UNIT ( $, .RADIAN. ) );
#2614 = ADVANCED_FACE ( 'NONE', ( #175 ), #2491, .T. ) ;
#2615 =( NAMED_UNIT ( * ) SI_UNIT ( $, .STERADIAN. ) SOLID_ANGLE_UNIT ( ) );
#2616 = VERTEX_POINT ( 'NONE', #2087 ) ;
#2617 = DIRECTION ( 'NONE',  ( 1.412641267082090664E-16, 1.000000000000000000, -0.000000000000000000 ) ) ;
#2618 = EDGE_CURVE ( 'NONE', #1932, #2709, #2173, .T. ) ;
#2619 = CARTESIAN_POINT ( 'NONE',  ( 6.050000000000000711, 2.000000000000000000, 0.1000000000000000056 ) ) ;
#2620 = DIRECTION ( 'NONE',  ( 1.000000000000000000, 0.000000000000000000, 0.000000000000000000 ) ) ;
#2621 = CARTESIAN_POINT ( 'NONE',  ( 0.000000000000000000, 0.000000000000000000, -0.5000000000000000000 ) ) ;
#2622 = SURFACE_SIDE_STYLE ('',( #330 ) ) ;
#2623 = ORIENTED_EDGE ( 'NONE', *, *, #2384, .T. ) ;
#2624 = VECTOR ( 'NONE', #356, 1000.000000000000000 ) ;
#2625 = DIRECTION ( 'NONE',  ( 1.000000000000000000, 0.000000000000000000, -0.000000000000000000 ) ) ;
#2626 =( LENGTH_UNIT ( ) NAMED_UNIT ( * ) SI_UNIT ( .MILLI., .METRE. ) );
#2627 = PRESENTATION_LAYER_ASSIGNMENT (  '', '', ( #1126 ) ) ;
#2628 = UNCERTAINTY_MEASURE_WITH_UNIT (LENGTH_MEASURE( 1.000000000000000082E-05 ), #1902, 'distance_accuracy_value', 'NONE');
#2629 = PRESENTATION_STYLE_ASSIGNMENT (( #2182 ) ) ;
#2630 = DIRECTION ( 'NONE',  ( -0.000000000000000000, -0.000000000000000000, -1.000000000000000000 ) ) ;
#2631 = SURFACE_STYLE_USAGE ( .BOTH. , #2261 ) ;
#2632 = PRESENTATION_LAYER_ASSIGNMENT (  '', '', ( #1725 ) ) ;
#2633 =( LENGTH_UNIT ( ) NAMED_UNIT ( * ) SI_UNIT ( .MILLI., .METRE. ) );
#2634 = AXIS2_PLACEMENT_3D ( 'NONE', #1542, #496, #505 ) ;
#2635 = EDGE_LOOP ( 'NONE', ( #73, #7 ) ) ;
#2636 = DIRECTION ( 'NONE',  ( 0.000000000000000000, 0.000000000000000000, 1.000000000000000000 ) ) ;
#2637 =( GEOMETRIC_REPRESENTATION_CONTEXT ( 3 ) GLOBAL_UNCERTAINTY_ASSIGNED_CONTEXT ( ( #2248 ) ) GLOBAL_UNIT_ASSIGNED_CONTEXT ( ( #1923, #1304, #259 ) ) REPRESENTATION_CONTEXT ( 'NONE', 'WORKASPACE' ) );
#2638 = PRESENTATION_LAYER_ASSIGNMENT (  '', '', ( #345 ) ) ;
#2639 = SURFACE_STYLE_FILL_AREA ( #159 ) ;
#2640 = VECTOR ( 'NONE', #848, 1000.000000000000000 ) ;
#2641 = AXIS2_PLACEMENT_3D ( 'NONE', #1440, #1452, #146 ) ;
#2642 = DIRECTION ( 'NONE',  ( -0.000000000000000000, -0.000000000000000000, -1.000000000000000000 ) ) ;
#2643 = LINE ( 'NONE', #798, #1273 ) ;
#2644 = MECHANICAL_DESIGN_GEOMETRIC_PRESENTATION_REPRESENTATION (  '', ( #1145 ), #1193 ) ;
#2645 = SURFACE_STYLE_FILL_AREA ( #2285 ) ;
#2646 = ORIENTED_EDGE ( 'NONE', *, *, #2272, .F. ) ;
#2647 = EDGE_CURVE ( 'NONE', #1716, #2023, #593, .T. ) ;
#2648 =( GEOMETRIC_REPRESENTATION_CONTEXT ( 3 ) GLOBAL_UNCERTAINTY_ASSIGNED_CONTEXT ( ( #872 ) ) GLOBAL_UNIT_ASSIGNED_CONTEXT ( ( #943, #498, #47 ) ) REPRESENTATION_CONTEXT ( 'NONE', 'WORKASPACE' ) );
#2649 = CARTESIAN_POINT ( 'NONE',  ( -4.200000000000000178, 0.000000000000000000, 0.000000000000000000 ) ) ;
#2650 = CARTESIAN_POINT ( 'NONE',  ( 6.569999999999998508, -3.070000000000001172, -0.5000000000000000000 ) ) ;
#2651 = AXIS2_PLACEMENT_3D ( 'NONE', #95, #1588, #2181 ) ;
#2652 = CARTESIAN_POINT ( 'NONE',  ( 3.200000000000000178, -2.000000000000000000, 0.000000000000000000 ) ) ;
#2653 = MECHANICAL_DESIGN_GEOMETRIC_PRESENTATION_REPRESENTATION (  '', ( #2571 ), #121 ) ;
#2654 = EDGE_LOOP ( 'NONE', ( #1298, #1465, #524, #1132 ) ) ;
#2655 = DIRECTION ( 'NONE',  ( 1.000000000000000000, 0.000000000000000000, 0.000000000000000000 ) ) ;
#2656 = CARTESIAN_POINT ( 'NONE',  ( -6.570000000000002949, -3.069999999999999840, -1.074999999999999956 ) ) ;
#2657 = DIRECTION ( 'NONE',  ( -0.000000000000000000, -0.000000000000000000, -1.000000000000000000 ) ) ;
#2658 = UNCERTAINTY_MEASURE_WITH_UNIT (LENGTH_MEASURE( 1.000000000000000082E-05 ), #1341, 'distance_accuracy_value', 'NONE');
#2659 = SURFACE_STYLE_USAGE ( .BOTH. , #583 ) ;
#2660 = EDGE_CURVE ( 'NONE', #2122, #1759, #1237, .T. ) ;
#2661 = ORIENTED_EDGE ( 'NONE', *, *, #1738, .F. ) ;
#2662 = DIRECTION ( 'NONE',  ( -1.000000000000000000, -7.063206335410453318E-17, 0.000000000000000000 ) ) ;
#2663 =( NAMED_UNIT ( * ) SI_UNIT ( $, .STERADIAN. ) SOLID_ANGLE_UNIT ( ) );
#2664 = SURFACE_SIDE_STYLE ('',( #637 ) ) ;
#2665 = DIRECTION ( 'NONE',  ( -0.000000000000000000, -0.000000000000000000, -1.000000000000000000 ) ) ;
#2666 = ORIENTED_EDGE ( 'NONE', *, *, #1754, .F. ) ;
#2667 = CARTESIAN_POINT ( 'NONE',  ( 0.4299999999999997158, 3.069999999999998508, -0.5000000000000000000 ) ) ;
#2668 = FACE_OUTER_BOUND ( 'NONE', #1633, .T. ) ;
#2669 = FILL_AREA_STYLE ('',( #658 ) ) ;
#2670 = AXIS2_PLACEMENT_3D ( 'NONE', #2404, #949, #328 ) ;
#2671 = DIRECTION ( 'NONE',  ( 1.000000000000000000, 0.000000000000000000, 0.000000000000000000 ) ) ;
#2672 = DIRECTION ( 'NONE',  ( -0.000000000000000000, -0.000000000000000000, -1.000000000000000000 ) ) ;
#2673 = CARTESIAN_POINT ( 'NONE',  ( 1.350000000000000533, 2.000000000000000000, 0.1000000000000000056 ) ) ;
#2674 = EDGE_LOOP ( 'NONE', ( #1374, #1691 ) ) ;
#2675 = CARTESIAN_POINT ( 'NONE',  ( 0.4299999999999997158, 3.069999999999998508, -0.5000000000000000000 ) ) ;
#2676 = FILL_AREA_STYLE ('',( #1038 ) ) ;
#2677 = FILL_AREA_STYLE ('',( #2241 ) ) ;
#2678 = DIRECTION ( 'NONE',  ( 0.000000000000000000, 0.000000000000000000, 1.000000000000000000 ) ) ;
#2679 = ORIENTED_EDGE ( 'NONE', *, *, #1692, .T. ) ;
#2680 =( GEOMETRIC_REPRESENTATION_CONTEXT ( 3 ) GLOBAL_UNCERTAINTY_ASSIGNED_CONTEXT ( ( #539 ) ) GLOBAL_UNIT_ASSIGNED_CONTEXT ( ( #2163, #269, #686 ) ) REPRESENTATION_CONTEXT ( 'NONE', 'WORKASPACE' ) );
#2681 = LINE ( 'NONE', #1016, #18 ) ;
#2682 = SURFACE_STYLE_FILL_AREA ( #1667 ) ;
#2683 = AXIS2_PLACEMENT_3D ( 'NONE', #1464, #1683, #449 ) ;
#2684 =( GEOMETRIC_REPRESENTATION_CONTEXT ( 3 ) GLOBAL_UNCERTAINTY_ASSIGNED_CONTEXT ( ( #2445 ) ) GLOBAL_UNIT_ASSIGNED_CONTEXT ( ( #795, #550, #2015 ) ) REPRESENTATION_CONTEXT ( 'NONE', 'WORKASPACE' ) );
#2685 = UNCERTAINTY_MEASURE_WITH_UNIT (LENGTH_MEASURE( 1.000000000000000082E-05 ), #2403, 'distance_accuracy_value', 'NONE');
#2686 = SURFACE_STYLE_USAGE ( .BOTH. , #570 ) ;
#2687 = AXIS2_PLACEMENT_3D ( 'NONE', #844, #2063, #1411 ) ;
#2688 = MECHANICAL_DESIGN_GEOMETRIC_PRESENTATION_REPRESENTATION (  '', ( #1095 ), #1518 ) ;
#2689 = DIRECTION ( 'NONE',  ( 1.326241189584715037E-16, -1.000000000000000000, 0.000000000000000000 ) ) ;
#2690 = AXIS2_PLACEMENT_3D ( 'NONE', #299, #2185, #1378 ) ;
#2691 = FILL_AREA_STYLE_COLOUR ( '', #2340 ) ;
#2692 = PRESENTATION_LAYER_ASSIGNMENT (  '', '', ( #1476 ) ) ;
#2693 = STYLED_ITEM ( 'NONE', ( #1713 ), #1155 ) ;
#2694 = VERTEX_POINT ( 'NONE', #2109 ) ;
#2695 = LINE ( 'NONE', #1467, #914 ) ;
#2696 = VECTOR ( 'NONE', #2665, 1000.000000000000000 ) ;
#2697 = SURFACE_STYLE_FILL_AREA ( #197 ) ;
#2698 = DIRECTION ( 'NONE',  ( -0.000000000000000000, -0.000000000000000000, -1.000000000000000000 ) ) ;
#2699 = COLOUR_RGB ( '',1.000000000000000000, 1.000000000000000000, 0.000000000000000000 ) ;
#2700 = FILL_AREA_STYLE_COLOUR ( '', #1523 ) ;
#2701 = MECHANICAL_DESIGN_GEOMETRIC_PRESENTATION_REPRESENTATION (  '', ( #1401 ), #713 ) ;
#2702 = ORIENTED_EDGE ( 'NONE', *, *, #1626, .T. ) ;
#2703 =( LENGTH_UNIT ( ) NAMED_UNIT ( * ) SI_UNIT ( .MILLI., .METRE. ) );
#2704 = DIRECTION ( 'NONE',  ( -0.000000000000000000, -0.000000000000000000, 1.000000000000000000 ) ) ;
#2705 =( GEOMETRIC_REPRESENTATION_CONTEXT ( 3 ) GLOBAL_UNCERTAINTY_ASSIGNED_CONTEXT ( ( #1766 ) ) GLOBAL_UNIT_ASSIGNED_CONTEXT ( ( #1872, #1653, #849 ) ) REPRESENTATION_CONTEXT ( 'NONE', 'WORKASPACE' ) );
#2706 = CARTESIAN_POINT ( 'NONE',  ( -2.349999999999999645, 2.000000000000000000, 0.1000000000000000056 ) ) ;
#2707 = CARTESIAN_POINT ( 'NONE',  ( 6.769999999999997797, 3.269999999999999574, -0.5000000000000000000 ) ) ;
#2708 = ADVANCED_FACE ( 'NONE', ( #2576 ), #458, .T. ) ;
#2709 = VERTEX_POINT ( 'NONE', #2373 ) ;
#2710 = DIRECTION ( 'NONE',  ( 0.000000000000000000, 0.000000000000000000, 1.000000000000000000 ) ) ;
#2711 = DIRECTION ( 'NONE',  ( 0.000000000000000000, 0.000000000000000000, 1.000000000000000000 ) ) ;
ENDSEC;
END-ISO-10303-21;
