ISO-10303-21;
HEADER;
FILE_DESCRIPTION (( 'STEP AP214' ),
    '1' );
FILE_NAME ('Lid.STEP',
    '2026-01-09T12:25:54',
    ( '' ),
    ( '' ),
    'SwSTEP 2.0',
    'SolidWorks 2024',
    '' );
FILE_SCHEMA (( 'AUTOMOTIVE_DESIGN' ));
ENDSEC;

DATA;
#1 = CYLINDRICAL_SURFACE ( 'NONE', #899, 3.000000000000002665 ) ;
#2 = ADVANCED_FACE ( 'NONE', ( #1028 ), #47, .T. ) ;
#3 = VERTEX_POINT ( 'NONE', #3893 ) ;
#4 = LINE ( 'NONE', #3806, #2036 ) ;
#5 = CARTESIAN_POINT ( 'NONE',  ( 44.49999999999999289, -2.999999999999999112, 42.94999999999999574 ) ) ;
#6 = LINE ( 'NONE', #1661, #19 ) ;
#7 = EDGE_CURVE ( 'NONE', #3717, #3855, #1992, .T. ) ;
#8 = ADVANCED_FACE ( 'NONE', ( #1321 ), #397, .F. ) ;
#9 = DIRECTION ( 'NONE',  ( 1.000000000000000000, 0.000000000000000000, 0.000000000000000000 ) ) ;
#10 = CARTESIAN_POINT ( 'NONE',  ( -19.45171895677000862, 0.000000000000000000, -15.90086864691863688 ) ) ;
#11 = VERTEX_POINT ( 'NONE', #3858 ) ;
#12 = DIRECTION ( 'NONE',  ( -0.4733061507711230909, 0.7429418384264315778, 0.4733061507711229798 ) ) ;
#13 = EDGE_CURVE ( 'NONE', #392, #2555, #952, .T. ) ;
#14 = CARTESIAN_POINT ( 'NONE',  ( 28.86149815160421639, 0.000000000000000000, -5.451718956770010394 ) ) ;
#15 = DIRECTION ( 'NONE',  ( -0.000000000000000000, 1.000000000000000000, -0.000000000000000000 ) ) ;
#16 = ORIENTED_EDGE ( 'NONE', *, *, #3970, .T. ) ;
#17 = APPLICATION_PROTOCOL_DEFINITION ( 'draft international standard', 'automotive_design', 1998, #3001 ) ;
#18 = VERTEX_POINT ( 'NONE', #3874 ) ;
#19 = VECTOR ( 'NONE', #1359, 1000.000000000000000 ) ;
#20 = DIRECTION ( 'NONE',  ( 0.000000000000000000, 0.000000000000000000, 1.000000000000000000 ) ) ;
#21 = EDGE_LOOP ( 'NONE', ( #2516, #2057, #3438, #2670 ) ) ;
#22 = DIRECTION ( 'NONE',  ( 0.000000000000000000, 0.000000000000000000, 1.000000000000000000 ) ) ;
#23 = CIRCLE ( 'NONE', #1354, 1.550000000000002709 ) ;
#24 = DIRECTION ( 'NONE',  ( 0.000000000000000000, -1.000000000000000000, 0.000000000000000000 ) ) ;
#25 = EDGE_LOOP ( 'NONE', ( #1626, #1328, #1750, #64 ) ) ;
#26 = AXIS2_PLACEMENT_3D ( 'NONE', #4079, #1262, #2839 ) ;
#27 = LINE ( 'NONE', #3482, #3975 ) ;
#28 = CARTESIAN_POINT ( 'NONE',  ( -44.50000000000001421, -2.999999999999999112, 44.50000000000000000 ) ) ;
#29 = CARTESIAN_POINT ( 'NONE',  ( -3.000000000000002220, -0.2000000000000000111, -12.99999999999999112 ) ) ;
#30 = VECTOR ( 'NONE', #2427, 1000.000000000000000 ) ;
#31 = EDGE_CURVE ( 'NONE', #2551, #2829, #3254, .T. ) ;
#32 = EDGE_LOOP ( 'NONE', ( #2092, #3976, #3555, #3409 ) ) ;
#33 = PLANE ( 'NONE',  #2564 ) ;
#34 = VECTOR ( 'NONE', #3379, 1000.000000000000000 ) ;
#35 = VECTOR ( 'NONE', #1448, 1000.000000000000000 ) ;
#36 = DIRECTION ( 'NONE',  ( 0.000000000000000000, 1.000000000000000000, 0.000000000000000000 ) ) ;
#37 = DIRECTION ( 'NONE',  ( 1.000000000000000000, 0.000000000000000000, -2.168404344971018236E-16 ) ) ;
#38 = EDGE_CURVE ( 'NONE', #922, #927, #2305, .T. ) ;
#39 = ORIENTED_EDGE ( 'NONE', *, *, #1439, .T. ) ;
#40 = CIRCLE ( 'NONE', #2375, 2.100000000000004530 ) ;
#41 = ORIENTED_EDGE ( 'NONE', *, *, #2054, .T. ) ;
#42 = AXIS2_PLACEMENT_3D ( 'NONE', #1607, #1280, #3550 ) ;
#43 = DIRECTION ( 'NONE',  ( -0.000000000000000000, 1.000000000000000000, -0.000000000000000000 ) ) ;
#44 = VERTEX_POINT ( 'NONE', #1641 ) ;
#45 = DIRECTION ( 'NONE',  ( 0.000000000000000000, 1.000000000000000000, 0.000000000000000000 ) ) ;
#46 = PLANE ( 'NONE',  #3175 ) ;
#47 = PLANE ( 'NONE',  #2830 ) ;
#48 = ORIENTED_EDGE ( 'NONE', *, *, #1934, .F. ) ;
#49 = PRODUCT_RELATED_PRODUCT_CATEGORY ( 'part', '', ( #816 ) ) ;
#50 = DIRECTION ( 'NONE',  ( 0.000000000000000000, -0.000000000000000000, 1.000000000000000000 ) ) ;
#51 = DIRECTION ( 'NONE',  ( -0.000000000000000000, -0.000000000000000000, -1.000000000000000000 ) ) ;
#52 = ORIENTED_EDGE ( 'NONE', *, *, #1692, .T. ) ;
#53 = DIRECTION ( 'NONE',  ( 0.000000000000000000, 1.000000000000000000, 0.000000000000000000 ) ) ;
#54 = ADVANCED_FACE ( 'NONE', ( #2253 ), #2919, .T. ) ;
#55 = LINE ( 'NONE', #3903, #1231 ) ;
#56 = CARTESIAN_POINT ( 'NONE',  ( 31.00000000000000355, -7.000000000000000000, -16.00000000000000000 ) ) ;
#57 = ORIENTED_EDGE ( 'NONE', *, *, #58, .F. ) ;
#58 = EDGE_CURVE ( 'NONE', #2686, #682, #3563, .T. ) ;
#59 = VERTEX_POINT ( 'NONE', #1678 ) ;
#60 = DIRECTION ( 'NONE',  ( 1.000000000000000000, 0.000000000000000000, -2.312964634635735561E-15 ) ) ;
#61 = VERTEX_POINT ( 'NONE', #1970 ) ;
#62 = CARTESIAN_POINT ( 'NONE',  ( -22.00000000000000000, -4.000000000000000000, -9.686782891625751901 ) ) ;
#63 = ORIENTED_EDGE ( 'NONE', *, *, #2994, .T. ) ;
#64 = ORIENTED_EDGE ( 'NONE', *, *, #7, .T. ) ;
#65 = CYLINDRICAL_SURFACE ( 'NONE', #1578, 1.000000000000000888 ) ;
#66 = DIRECTION ( 'NONE',  ( 0.000000000000000000, 1.000000000000000000, 0.000000000000000000 ) ) ;
#67 = CARTESIAN_POINT ( 'NONE',  ( 19.45171895677000862, 0.000000000000000000, -7.138501848395785387 ) ) ;
#68 = ORIENTED_EDGE ( 'NONE', *, *, #1649, .F. ) ;
#69 = CARTESIAN_POINT ( 'NONE',  ( -44.49999999999999289, -2.999999999999999112, -44.50000000000000000 ) ) ;
#70 = CARTESIAN_POINT ( 'NONE',  ( -19.64052665499921346, 0.000000000000000000, -2.327309546624991565 ) ) ;
#71 = CARTESIAN_POINT ( 'NONE',  ( -1.999999999999994893, 0.000000000000000000, -14.49999999999999822 ) ) ;
#72 = ORIENTED_EDGE ( 'NONE', *, *, #2445, .F. ) ;
#73 = ORIENTED_EDGE ( 'NONE', *, *, #2878, .F. ) ;
#74 = LINE ( 'NONE', #3912, #3911 ) ;
#75 = EDGE_CURVE ( 'NONE', #354, #609, #379, .T. ) ;
#76 = EDGE_CURVE ( 'NONE', #1564, #3464, #6, .T. ) ;
#77 = ORIENTED_EDGE ( 'NONE', *, *, #1692, .F. ) ;
#78 = DIRECTION ( 'NONE',  ( -0.000000000000000000, 1.000000000000000000, -0.000000000000000000 ) ) ;
#79 = VECTOR ( 'NONE', #1666, 1000.000000000000000 ) ;
#80 = EDGE_CURVE ( 'NONE', #3340, #332, #2647, .T. ) ;
#81 = EDGE_LOOP ( 'NONE', ( #762, #1986, #1668, #2166 ) ) ;
#82 = VERTEX_POINT ( 'NONE', #637 ) ;
#83 = AXIS2_PLACEMENT_3D ( 'NONE', #1371, #1959, #3592 ) ;
#84 = DIRECTION ( 'NONE',  ( 0.000000000000000000, -1.000000000000000000, 0.000000000000000000 ) ) ;
#85 = CARTESIAN_POINT ( 'NONE',  ( -31.00000000000000355, -4.000000000000000000, -16.00000000000000000 ) ) ;
#86 = VERTEX_POINT ( 'NONE', #1604 ) ;
#87 = CARTESIAN_POINT ( 'NONE',  ( 21.70518047803411221, 0.5931385510448721199, 39.01839758640834788 ) ) ;
#88 = VECTOR ( 'NONE', #1917, 1000.000000000000000 ) ;
#89 = VERTEX_POINT ( 'NONE', #1275 ) ;
#90 = AXIS2_PLACEMENT_3D ( 'NONE', #878, #203, #1124 ) ;
#91 = DIRECTION ( 'NONE',  ( 0.4733061507711229243, -0.7429418384264315778, -0.4733061507711229798 ) ) ;
#92 = CYLINDRICAL_SURFACE ( 'NONE', #1708, 3.000000000000002665 ) ;
#93 = VERTEX_POINT ( 'NONE', #3287 ) ;
#94 = CIRCLE ( 'NONE', #1176, 0.9999999999999991118 ) ;
#95 = VECTOR ( 'NONE', #3301, 1000.000000000000000 ) ;
#96 = ORIENTED_EDGE ( 'NONE', *, *, #3608, .T. ) ;
#97 = CARTESIAN_POINT ( 'NONE',  ( -21.32730954662498846, 0.000000000000000000, -6.166164091659107849E-15 ) ) ;
#98 = VECTOR ( 'NONE', #1985, 1000.000000000000000 ) ;
#99 = ORIENTED_EDGE ( 'NONE', *, *, #3611, .T. ) ;
#100 = ADVANCED_FACE ( 'NONE', ( #138 ), #4002, .F. ) ;
#101 = CARTESIAN_POINT ( 'NONE',  ( -28.00000000000000000, -4.000000000000000000, -12.31321710837424632 ) ) ;
#102 = AXIS2_PLACEMENT_3D ( 'NONE', #2985, #3941, #3963 ) ;
#103 = DIRECTION ( 'NONE',  ( 1.000000000000000000, 0.000000000000000000, 0.000000000000000000 ) ) ;
#104 = VERTEX_POINT ( 'NONE', #183 ) ;
#105 = EDGE_CURVE ( 'NONE', #1799, #3820, #436, .T. ) ;
#106 = FACE_OUTER_BOUND ( 'NONE', #1717, .T. ) ;
#107 = CARTESIAN_POINT ( 'NONE',  ( 44.49999999999999289, -17.50000000000000000, 42.94999999999999574 ) ) ;
#108 = VERTEX_POINT ( 'NONE', #118 ) ;
#109 = LINE ( 'NONE', #2015, #2355 ) ;
#110 =( NAMED_UNIT ( * ) PLANE_ANGLE_UNIT ( ) SI_UNIT ( $, .RADIAN. ) );
#111 = CARTESIAN_POINT ( 'NONE',  ( -10.17857998249391471, -17.49999999999999645, 10.50820290913185673 ) ) ;
#112 = DIRECTION ( 'NONE',  ( -0.000000000000000000, 1.000000000000000000, -0.000000000000000000 ) ) ;
#113 = ORIENTED_EDGE ( 'NONE', *, *, #1004, .F. ) ;
#114 = ORIENTED_EDGE ( 'NONE', *, *, #1776, .T. ) ;
#115 = FACE_OUTER_BOUND ( 'NONE', #21, .T. ) ;
#116 = ORIENTED_EDGE ( 'NONE', *, *, #2006, .F. ) ;
#117 = LINE ( 'NONE', #588, #3250 ) ;
#118 = CARTESIAN_POINT ( 'NONE',  ( 29.00000000000000355, -4.000000000000000000, -16.00000000000000000 ) ) ;
#119 = DIRECTION ( 'NONE',  ( -0.4733061507711229798, 0.7429418384264315778, -0.4733061507711230909 ) ) ;
#120 = EDGE_CURVE ( 'NONE', #2941, #509, #2704, .T. ) ;
#121 = VERTEX_POINT ( 'NONE', #3035 ) ;
#122 = DIRECTION ( 'NONE',  ( 0.000000000000000000, 1.000000000000000000, 0.000000000000000000 ) ) ;
#123 = LINE ( 'NONE', #2980, #3253 ) ;
#124 = ORIENTED_EDGE ( 'NONE', *, *, #1030, .T. ) ;
#125 = CYLINDRICAL_SURFACE ( 'NONE', #3960, 2.100000000000004530 ) ;
#126 = ADVANCED_FACE ( 'NONE', ( #3980 ), #2664, .F. ) ;
#127 = EDGE_CURVE ( 'NONE', #1967, #2410, #1398, .T. ) ;
#128 = CARTESIAN_POINT ( 'NONE',  ( 44.50000000000000000, -4.000000000000000000, 47.49999999999998579 ) ) ;
#129 = LINE ( 'NONE', #149, #1583 ) ;
#130 = VERTEX_POINT ( 'NONE', #756 ) ;
#131 = ADVANCED_FACE ( 'NONE', ( #1381 ), #1738, .F. ) ;
#132 = ORIENTED_EDGE ( 'NONE', *, *, #3308, .T. ) ;
#133 = DIRECTION ( 'NONE',  ( 0.000000000000000000, -1.000000000000000000, 0.000000000000000000 ) ) ;
#134 = CARTESIAN_POINT ( 'NONE',  ( 47.50000000000000000, -3.000000000000000000, -41.50000000000000000 ) ) ;
#135 = VERTEX_POINT ( 'NONE', #800 ) ;
#136 = DIRECTION ( 'NONE',  ( -1.000000000000000000, 0.000000000000000000, -0.000000000000000000 ) ) ;
#137 = LINE ( 'NONE', #1417, #4041 ) ;
#138 = FACE_OUTER_BOUND ( 'NONE', #2861, .T. ) ;
#139 = CARTESIAN_POINT ( 'NONE',  ( -19.00000000000000355, -7.000000000000000000, -14.00000000000000000 ) ) ;
#140 = VERTEX_POINT ( 'NONE', #2390 ) ;
#141 = DIRECTION ( 'NONE',  ( -1.000000000000000000, -0.000000000000000000, -4.336808689942032527E-16 ) ) ;
#142 = PLANE ( 'NONE',  #2449 ) ;
#143 = VERTEX_POINT ( 'NONE', #1446 ) ;
#144 = CARTESIAN_POINT ( 'NONE',  ( 44.49999999999998579, -4.000000000000000000, -44.50000000000001421 ) ) ;
#145 = CIRCLE ( 'NONE', #414, 1.500000000000001332 ) ;
#146 = CARTESIAN_POINT ( 'NONE',  ( -23.49999999999999289, -4.000000000000000000, -6.938893903907228378E-15 ) ) ;
#147 = EDGE_CURVE ( 'NONE', #1251, #768, #1126, .T. ) ;
#148 = DIRECTION ( 'NONE',  ( 0.000000000000000000, 1.000000000000000000, -0.000000000000000000 ) ) ;
#149 = CARTESIAN_POINT ( 'NONE',  ( -44.50000000000001421, -17.50000000000000000, 42.94999999999999574 ) ) ;
#150 = AXIS2_PLACEMENT_3D ( 'NONE', #1777, #3343, #1754 ) ;
#151 = ORIENTED_EDGE ( 'NONE', *, *, #1846, .T. ) ;
#152 = DIRECTION ( 'NONE',  ( 0.000000000000000000, 0.000000000000000000, -1.000000000000000000 ) ) ;
#153 = VECTOR ( 'NONE', #2592, 1000.000000000000114 ) ;
#154 = ORIENTED_EDGE ( 'NONE', *, *, #4018, .F. ) ;
#155 = ADVANCED_FACE ( 'NONE', ( #2030 ), #3309, .F. ) ;
#156 = CARTESIAN_POINT ( 'NONE',  ( -3.000000000000000888, -0.2000000000000000111, -9.000000000000007105 ) ) ;
#157 = CARTESIAN_POINT ( 'NONE',  ( 3.499999999999998668, -0.2000000000000000111, -12.99999999999998579 ) ) ;
#158 = VECTOR ( 'NONE', #4109, 1000.000000000000000 ) ;
#159 = AXIS2_PLACEMENT_3D ( 'NONE', #3403, #535, #808 ) ;
#160 = ORIENTED_EDGE ( 'NONE', *, *, #933, .T. ) ;
#161 = AXIS2_PLACEMENT_3D ( 'NONE', #1273, #2796, #2858 ) ;
#162 = LINE ( 'NONE', #3744, #30 ) ;
#163 = DIRECTION ( 'NONE',  ( -0.000000000000000000, 1.000000000000000000, 0.000000000000000000 ) ) ;
#164 = DIRECTION ( 'NONE',  ( 1.000000000000000000, -0.000000000000000000, -0.000000000000000000 ) ) ;
#165 = VECTOR ( 'NONE', #3219, 1000.000000000000000 ) ;
#166 = ORIENTED_EDGE ( 'NONE', *, *, #1526, .F. ) ;
#167 = PLANE ( 'NONE',  #3248 ) ;
#168 = VECTOR ( 'NONE', #51, 1000.000000000000000 ) ;
#169 = DIRECTION ( 'NONE',  ( 0.000000000000000000, 0.000000000000000000, 1.000000000000000000 ) ) ;
#170 = ORIENTED_EDGE ( 'NONE', *, *, #2802, .T. ) ;
#171 = CARTESIAN_POINT ( 'NONE',  ( -22.00000000000000711, -4.000000000000000000, -1.272130549049658957E-14 ) ) ;
#172 = CARTESIAN_POINT ( 'NONE',  ( 1.999999999999998224, -0.2000000000000000111, -12.99999999999999822 ) ) ;
#173 = CARTESIAN_POINT ( 'NONE',  ( -44.50000000000000000, -3.000000000000000000, 47.49999999999998579 ) ) ;
#174 = LINE ( 'NONE', #3362, #1308 ) ;
#175 = VERTEX_POINT ( 'NONE', #1061 ) ;
#176 = ADVANCED_FACE ( 'NONE', ( #2725 ), #1081, .T. ) ;
#177 = EDGE_LOOP ( 'NONE', ( #2280, #813, #300, #1160 ) ) ;
#178 = LINE ( 'NONE', #1460, #2025 ) ;
#179 = DIRECTION ( 'NONE',  ( 0.000000000000000000, 0.000000000000000000, 1.000000000000000000 ) ) ;
#180 = EDGE_CURVE ( 'NONE', #2803, #4127, #2185, .T. ) ;
#181 = ORIENTED_EDGE ( 'NONE', *, *, #3104, .T. ) ;
#182 = CARTESIAN_POINT ( 'NONE',  ( -20.67989715031363573, 0.000000000000000000, -2.327309546624991121 ) ) ;
#183 = CARTESIAN_POINT ( 'NONE',  ( -19.45171895677001217, 0.000000000000000000, -7.138501848395784499 ) ) ;
#184 = DIRECTION ( 'NONE',  ( 0.4733061507711229243, -0.7429418384264315778, -0.4733061507711229798 ) ) ;
#185 = EDGE_CURVE ( 'NONE', #2043, #1967, #1414, .T. ) ;
#186 = EDGE_LOOP ( 'NONE', ( #937, #2336, #3799, #3755 ) ) ;
#187 = LINE ( 'NONE', #2748, #2514 ) ;
#188 = CARTESIAN_POINT ( 'NONE',  ( -2.000000000000000888, 0.000000000000000000, -7.999999999999998224 ) ) ;
#189 = EDGE_LOOP ( 'NONE', ( #2492, #124, #3803, #401 ) ) ;
#190 = DIRECTION ( 'NONE',  ( -0.000000000000000000, 1.000000000000000000, -0.000000000000000000 ) ) ;
#191 = LINE ( 'NONE', #1473, #2371 ) ;
#192 = DIRECTION ( 'NONE',  ( -0.000000000000000000, 1.000000000000000000, 0.000000000000000000 ) ) ;
#193 = CARTESIAN_POINT ( 'NONE',  ( -1.999999999999994005, 0.000000000000000000, -7.499999999999998224 ) ) ;
#194 = ORIENTED_EDGE ( 'NONE', *, *, #1030, .F. ) ;
#195 = CARTESIAN_POINT ( 'NONE',  ( -33.00000000000000000, -7.000000000000000000, -5.204170427930421283E-15 ) ) ;
#196 = ORIENTED_EDGE ( 'NONE', *, *, #499, .F. ) ;
#197 = LINE ( 'NONE', #1479, #3629 ) ;
#198 = EDGE_CURVE ( 'NONE', #3832, #2821, #1466, .T. ) ;
#199 = CARTESIAN_POINT ( 'NONE',  ( 41.49999999999995737, 0.000000000000000000, 44.50000000000000000 ) ) ;
#200 = EDGE_LOOP ( 'NONE', ( #2186, #640, #4088, #1536 ) ) ;
#201 = ADVANCED_FACE ( 'NONE', ( #4020 ), #2324, .F. ) ;
#202 = EDGE_CURVE ( 'NONE', #3867, #2539, #2159, .T. ) ;
#203 = DIRECTION ( 'NONE',  ( -0.000000000000000000, 1.000000000000000000, -0.000000000000000000 ) ) ;
#204 = EDGE_CURVE ( 'NONE', #2705, #1000, #1613, .T. ) ;
#205 = LINE ( 'NONE', #3745, #553 ) ;
#206 = CARTESIAN_POINT ( 'NONE',  ( -30.54828104322999138, 0.000000000000000000, -15.90086864691863866 ) ) ;
#207 = ORIENTED_EDGE ( 'NONE', *, *, #3357, .T. ) ;
#208 = FACE_BOUND ( 'NONE', #1644, .T. ) ;
#209 = EDGE_CURVE ( 'NONE', #2151, #271, #205, .T. ) ;
#210 = DIRECTION ( 'NONE',  ( -1.000000000000000000, 0.000000000000000000, 0.000000000000000000 ) ) ;
#211 = EDGE_LOOP ( 'NONE', ( #3134, #1921 ) ) ;
#212 = CARTESIAN_POINT ( 'NONE',  ( 0.000000000000000000, 0.000000000000000000, 0.000000000000000000 ) ) ;
#213 = VECTOR ( 'NONE', #3416, 1000.000000000000000 ) ;
#214 = DIRECTION ( 'NONE',  ( -0.4733061507711229243, 0.7429418384264316888, 0.4733061507711229243 ) ) ;
#215 = DIRECTION ( 'NONE',  ( 7.228014483236695816E-17, 0.000000000000000000, -1.000000000000000000 ) ) ;
#216 = DIRECTION ( 'NONE',  ( 0.000000000000000000, 0.000000000000000000, 1.000000000000000000 ) ) ;
#217 = ORIENTED_EDGE ( 'NONE', *, *, #943, .T. ) ;
#218 = FACE_OUTER_BOUND ( 'NONE', #953, .T. ) ;
#219 = CIRCLE ( 'NONE', #2499, 0.9999999999999991118 ) ;
#220 = ORIENTED_EDGE ( 'NONE', *, *, #1191, .F. ) ;
#221 = AXIS2_PLACEMENT_3D ( 'NONE', #3277, #2633, #404 ) ;
#222 = DIRECTION ( 'NONE',  ( -1.000000000000000000, 0.000000000000000000, 3.252606517456529572E-16 ) ) ;
#223 = DIRECTION ( 'NONE',  ( 0.000000000000000000, 0.000000000000000000, 1.000000000000000000 ) ) ;
#224 = CARTESIAN_POINT ( 'NONE',  ( 31.00000000000000355, -7.000000000000000000, -6.000000000000000000 ) ) ;
#225 = VECTOR ( 'NONE', #1406, 1000.000000000000000 ) ;
#226 = ORIENTED_EDGE ( 'NONE', *, *, #2927, .T. ) ;
#227 = VECTOR ( 'NONE', #2204, 1000.000000000000000 ) ;
#228 = LINE ( 'NONE', #3435, #2106 ) ;
#229 = CARTESIAN_POINT ( 'NONE',  ( 1.999999999999992228, -0.2000000000000000111, -7.999999999999998224 ) ) ;
#230 = LINE ( 'NONE', #879, #3964 ) ;
#231 = AXIS2_PLACEMENT_3D ( 'NONE', #3688, #214, #4058 ) ;
#232 = AXIS2_PLACEMENT_3D ( 'NONE', #2154, #2384, #452 ) ;
#233 = ADVANCED_FACE ( 'NONE', ( #3202 ), #3396, .F. ) ;
#234 = ORIENTED_EDGE ( 'NONE', *, *, #726, .F. ) ;
#235 = DIRECTION ( 'NONE',  ( -1.000000000000000000, 0.000000000000000000, -4.336808689942033020E-16 ) ) ;
#236 = DIRECTION ( 'NONE',  ( -1.000000000000000000, 0.000000000000000000, 0.000000000000000000 ) ) ;
#237 =( GEOMETRIC_REPRESENTATION_CONTEXT ( 3 ) GLOBAL_UNCERTAINTY_ASSIGNED_CONTEXT ( ( #1568 ) ) GLOBAL_UNIT_ASSIGNED_CONTEXT ( ( #1623, #1261, #599 ) ) REPRESENTATION_CONTEXT ( 'NONE', 'WORKASPACE' ) );
#238 = AXIS2_PLACEMENT_3D ( 'NONE', #3653, #1392, #3610 ) ;
#239 = ORIENTED_EDGE ( 'NONE', *, *, #3925, .T. ) ;
#240 = EDGE_CURVE ( 'NONE', #593, #3251, #2614, .T. ) ;
#241 = AXIS2_PLACEMENT_3D ( 'NONE', #1918, #1559, #2231 ) ;
#242 = DIRECTION ( 'NONE',  ( -0.000000000000000000, -0.000000000000000000, -1.000000000000000000 ) ) ;
#243 = LINE ( 'NONE', #929, #2841 ) ;
#244 = CARTESIAN_POINT ( 'NONE',  ( 14.89955147909884836, -17.49999999999999645, 3.299566178593752873E-15 ) ) ;
#245 = ORIENTED_EDGE ( 'NONE', *, *, #895, .F. ) ;
#246 = CARTESIAN_POINT ( 'NONE',  ( -44.50000000000001421, -6.000000000000000000, -46.60000000000001563 ) ) ;
#247 = VERTEX_POINT ( 'NONE', #1484 ) ;
#248 = DIRECTION ( 'NONE',  ( -0.000000000000000000, -1.000000000000000000, 0.000000000000000000 ) ) ;
#249 = PLANE ( 'NONE',  #3310 ) ;
#250 = ORIENTED_EDGE ( 'NONE', *, *, #3968, .F. ) ;
#251 = ORIENTED_EDGE ( 'NONE', *, *, #2491, .F. ) ;
#252 = LINE ( 'NONE', #3979, #423 ) ;
#253 = CARTESIAN_POINT ( 'NONE',  ( 21.32730954662498846, -8.673617379884035472E-16, -1.679897150313643062 ) ) ;
#254 = VERTEX_POINT ( 'NONE', #1532 ) ;
#255 = DIRECTION ( 'NONE',  ( 0.000000000000000000, -0.000000000000000000, -1.000000000000000000 ) ) ;
#256 = CARTESIAN_POINT ( 'NONE',  ( 44.49999999999999289, -5.000000000000000888, 46.04999999999999716 ) ) ;
#257 = EDGE_CURVE ( 'NONE', #3582, #3014, #4043, .T. ) ;
#258 = ORIENTED_EDGE ( 'NONE', *, *, #3232, .T. ) ;
#259 = LINE ( 'NONE', #2545, #502 ) ;
#260 = DIRECTION ( 'NONE',  ( 1.000000000000000000, 0.000000000000000000, 0.000000000000000000 ) ) ;
#261 = CARTESIAN_POINT ( 'NONE',  ( 21.58878921757749580, -6.999999999999999112, -2.588789217577479818 ) ) ;
#262 = ADVANCED_FACE ( 'NONE', ( #2455 ), #861, .T. ) ;
#263 = VERTEX_POINT ( 'NONE', #4071 ) ;
#264 = CARTESIAN_POINT ( 'NONE',  ( 39.99999999999999289, -5.000000000000000000, 43.49999999999998579 ) ) ;
#265 = EDGE_CURVE ( 'NONE', #2151, #3315, #4090, .T. ) ;
#266 = VERTEX_POINT ( 'NONE', #2044 ) ;
#267 = CARTESIAN_POINT ( 'NONE',  ( -19.45171895677001217, 0.000000000000000000, -7.138501848395784499 ) ) ;
#268 = FACE_OUTER_BOUND ( 'NONE', #4098, .T. ) ;
#269 = EDGE_CURVE ( 'NONE', #59, #2373, #1374, .T. ) ;
#270 = ORIENTED_EDGE ( 'NONE', *, *, #1819, .T. ) ;
#271 = VERTEX_POINT ( 'NONE', #3906 ) ;
#272 = CARTESIAN_POINT ( 'NONE',  ( -47.50000000000001421, -4.000000000000000000, -44.50000000000001421 ) ) ;
#273 = ORIENTED_EDGE ( 'NONE', *, *, #2878, .T. ) ;
#274 = CARTESIAN_POINT ( 'NONE',  ( -44.50000000000000000, -6.000000000000000000, 44.49999999999998579 ) ) ;
#275 = DIRECTION ( 'NONE',  ( 0.000000000000000000, 0.000000000000000000, -1.000000000000000000 ) ) ;
#276 = ORIENTED_EDGE ( 'NONE', *, *, #3259, .F. ) ;
#277 = EDGE_LOOP ( 'NONE', ( #1433, #2225, #1139, #736, #1092, #3190, #2402, #3678 ) ) ;
#278 = ADVANCED_FACE ( 'NONE', ( #1962 ), #2600, .T. ) ;
#279 = DIRECTION ( 'NONE',  ( -0.000000000000000000, 1.000000000000000000, -0.000000000000000000 ) ) ;
#280 = DIRECTION ( 'NONE',  ( -0.000000000000000000, 1.000000000000000000, -0.000000000000000000 ) ) ;
#281 = FACE_OUTER_BOUND ( 'NONE', #3570, .T. ) ;
#282 = ORIENTED_EDGE ( 'NONE', *, *, #2316, .F. ) ;
#283 = DIRECTION ( 'NONE',  ( 0.000000000000000000, 1.000000000000000000, 0.000000000000000000 ) ) ;
#284 = AXIS2_PLACEMENT_3D ( 'NONE', #195, #472, #2736 ) ;
#285 = EDGE_CURVE ( 'NONE', #1875, #652, #407, .T. ) ;
#286 = ORIENTED_EDGE ( 'NONE', *, *, #318, .T. ) ;
#287 = LINE ( 'NONE', #3800, #1290 ) ;
#288 = CARTESIAN_POINT ( 'NONE',  ( 28.00000000000000000, -4.000000000000000000, -9.686782891625753678 ) ) ;
#289 = VECTOR ( 'NONE', #53, 1000.000000000000000 ) ;
#290 = ORIENTED_EDGE ( 'NONE', *, *, #2491, .T. ) ;
#291 = VECTOR ( 'NONE', #91, 1000.000000000000114 ) ;
#292 = EDGE_CURVE ( 'NONE', #1132, #247, #2560, .T. ) ;
#293 = VERTEX_POINT ( 'NONE', #1161 ) ;
#294 = PLANE ( 'NONE',  #705 ) ;
#295 = AXIS2_PLACEMENT_3D ( 'NONE', #3504, #994, #2230 ) ;
#296 = ORIENTED_EDGE ( 'NONE', *, *, #2003, .T. ) ;
#297 = CIRCLE ( 'NONE', #2702, 3.000000000000002665 ) ;
#298 = FACE_OUTER_BOUND ( 'NONE', #1993, .T. ) ;
#299 = DIRECTION ( 'NONE',  ( -0.000000000000000000, 1.000000000000000000, -0.000000000000000000 ) ) ;
#300 = ORIENTED_EDGE ( 'NONE', *, *, #980, .F. ) ;
#301 = VECTOR ( 'NONE', #3210, 1000.000000000000000 ) ;
#302 = VECTOR ( 'NONE', #901, 1000.000000000000000 ) ;
#303 = EDGE_LOOP ( 'NONE', ( #2608, #4141 ) ) ;
#304 = VECTOR ( 'NONE', #1461, 1000.000000000000000 ) ;
#305 = CARTESIAN_POINT ( 'NONE',  ( 41.49999999999995737, -3.000000000000000000, 47.50000000000001421 ) ) ;
#306 = LINE ( 'NONE', #2820, #1845 ) ;
#307 = ORIENTED_EDGE ( 'NONE', *, *, #2137, .F. ) ;
#308 = CARTESIAN_POINT ( 'NONE',  ( 2.999999999999999112, -0.2000000000000000111, -9.000000000000007105 ) ) ;
#309 = VECTOR ( 'NONE', #873, 1000.000000000000000 ) ;
#310 = ORIENTED_EDGE ( 'NONE', *, *, #408, .F. ) ;
#311 = CARTESIAN_POINT ( 'NONE',  ( -2.000000000000000888, -0.2000000000000000111, -7.999999999999998224 ) ) ;
#312 = PLANE ( 'NONE',  #1302 ) ;
#313 = VECTOR ( 'NONE', #2611, 1000.000000000000000 ) ;
#314 = EDGE_LOOP ( 'NONE', ( #2636, #276, #2149, #1580 ) ) ;
#315 = ADVANCED_FACE ( 'NONE', ( #3341 ), #519, .T. ) ;
#316 = ORIENTED_EDGE ( 'NONE', *, *, #525, .T. ) ;
#317 = LINE ( 'NONE', #2248, #302 ) ;
#318 = EDGE_CURVE ( 'NONE', #1493, #4033, #3050, .T. ) ;
#319 = ORIENTED_EDGE ( 'NONE', *, *, #3511, .F. ) ;
#320 = DIRECTION ( 'NONE',  ( 0.000000000000000000, 0.000000000000000000, 1.000000000000000000 ) ) ;
#321 = DIRECTION ( 'NONE',  ( 0.000000000000000000, 1.000000000000000000, 0.000000000000000000 ) ) ;
#322 = EDGE_CURVE ( 'NONE', #1259, #1872, #1794, .T. ) ;
#323 = CARTESIAN_POINT ( 'NONE',  ( -1.999999999999994893, -0.2000000000000000111, -14.49999999999999822 ) ) ;
#324 = ORIENTED_EDGE ( 'NONE', *, *, #1874, .F. ) ;
#325 = CARTESIAN_POINT ( 'NONE',  ( -2.000000000000001776, 0.000000000000000000, -12.99999999999999822 ) ) ;
#326 = FACE_OUTER_BOUND ( 'NONE', #1478, .T. ) ;
#327 = CARTESIAN_POINT ( 'NONE',  ( 21.58878921757750646, -6.999999999999993783, -5.204170427930421283E-15 ) ) ;
#328 = EDGE_LOOP ( 'NONE', ( #1944, #2191, #3923, #663 ) ) ;
#329 = LINE ( 'NONE', #308, #4034 ) ;
#330 = DIRECTION ( 'NONE',  ( 0.000000000000000000, -1.000000000000000000, 0.000000000000000000 ) ) ;
#331 = DIRECTION ( 'NONE',  ( -1.000000000000000000, 0.000000000000000000, 0.000000000000000000 ) ) ;
#332 = VERTEX_POINT ( 'NONE', #3673 ) ;
#333 = DIRECTION ( 'NONE',  ( 0.000000000000000000, 0.000000000000000000, -1.000000000000000000 ) ) ;
#334 = EDGE_LOOP ( 'NONE', ( #662, #3180, #2684, #251 ) ) ;
#335 = EDGE_CURVE ( 'NONE', #3969, #1909, #1457, .T. ) ;
#336 = FACE_OUTER_BOUND ( 'NONE', #2172, .T. ) ;
#337 = ORIENTED_EDGE ( 'NONE', *, *, #3284, .T. ) ;
#338 = EDGE_CURVE ( 'NONE', #354, #130, #3692, .T. ) ;
#339 = DIRECTION ( 'NONE',  ( 0.4733061507711228688, -0.7429418384264315778, 0.4733061507711230353 ) ) ;
#340 = DIRECTION ( 'NONE',  ( 0.000000000000000000, 0.8433914458128867198, -0.5372996083468221107 ) ) ;
#341 = CARTESIAN_POINT ( 'NONE',  ( -13.72097149660497983, -19.34999999999999787, -4.051419807382005643E-15 ) ) ;
#342 = ADVANCED_FACE ( 'NONE', ( #3071 ), #1477, .F. ) ;
#343 = CARTESIAN_POINT ( 'NONE',  ( -47.50000000000001421, 0.000000000000000000, -47.50000000000001421 ) ) ;
#344 = CARTESIAN_POINT ( 'NONE',  ( -28.00000000000002842, -4.000000000000000000, -8.647412396311322524 ) ) ;
#345 = ORIENTED_EDGE ( 'NONE', *, *, #1878, .F. ) ;
#346 = CARTESIAN_POINT ( 'NONE',  ( 44.49999999999999289, -2.999999999999999112, -46.04999999999999716 ) ) ;
#347 = CARTESIAN_POINT ( 'NONE',  ( 28.37787093140915218, -3.406861448955146976, -12.69108803978337541 ) ) ;
#348 = FACE_OUTER_BOUND ( 'NONE', #2735, .T. ) ;
#349 = ORIENTED_EDGE ( 'NONE', *, *, #2933, .F. ) ;
#350 = ORIENTED_EDGE ( 'NONE', *, *, #2081, .F. ) ;
#351 = VECTOR ( 'NONE', #3025, 1000.000000000000000 ) ;
#352 = DIRECTION ( 'NONE',  ( 0.000000000000000000, -1.000000000000000000, 0.000000000000000000 ) ) ;
#353 = VECTOR ( 'NONE', #1957, 1000.000000000000000 ) ;
#354 = VERTEX_POINT ( 'NONE', #1751 ) ;
#355 = CARTESIAN_POINT ( 'NONE',  ( -21.32730954662498846, 0.000000000000000000, -0.6405266549992186809 ) ) ;
#356 = AXIS2_PLACEMENT_3D ( 'NONE', #3656, #133, #3410 ) ;
#357 = CARTESIAN_POINT ( 'NONE',  ( -46.60000000000001563, -6.000000000000000000, -44.50000000000001421 ) ) ;
#358 = CARTESIAN_POINT ( 'NONE',  ( -21.00000000000000355, -7.000000000000000000, -8.000000000000000000 ) ) ;
#359 = EDGE_CURVE ( 'NONE', #3528, #1277, #4013, .T. ) ;
#360 = AXIS2_PLACEMENT_3D ( 'NONE', #4031, #2733, #2349 ) ;
#361 = ORIENTED_EDGE ( 'NONE', *, *, #1205, .T. ) ;
#362 = DIRECTION ( 'NONE',  ( -1.000000000000000000, 0.000000000000000000, -0.000000000000000000 ) ) ;
#363 = DIRECTION ( 'NONE',  ( 0.000000000000000000, -0.000000000000000000, -1.000000000000000000 ) ) ;
#364 = LINE ( 'NONE', #85, #168 ) ;
#365 = ORIENTED_EDGE ( 'NONE', *, *, #708, .T. ) ;
#366 = FACE_OUTER_BOUND ( 'NONE', #1151, .T. ) ;
#367 = ADVANCED_FACE ( 'NONE', ( #3407 ), #1138, .F. ) ;
#368 = VECTOR ( 'NONE', #3723, 1000.000000000000114 ) ;
#369 = FACE_BOUND ( 'NONE', #2215, .T. ) ;
#370 = CYLINDRICAL_SURFACE ( 'NONE', #2517, 0.9999999999999991118 ) ;
#371 = ORIENTED_EDGE ( 'NONE', *, *, #2116, .F. ) ;
#372 = AXIS2_PLACEMENT_3D ( 'NONE', #2168, #1537, #3859 ) ;
#373 = CARTESIAN_POINT ( 'NONE',  ( -43.50000000000001421, -5.000000000000000000, -43.50000000000001421 ) ) ;
#374 = AXIS2_PLACEMENT_3D ( 'NONE', #1506, #2488, #2787 ) ;
#375 = ORIENTED_EDGE ( 'NONE', *, *, #3591, .T. ) ;
#376 = DIRECTION ( 'NONE',  ( 0.000000000000000000, 0.000000000000000000, -1.000000000000000000 ) ) ;
#377 = ORIENTED_EDGE ( 'NONE', *, *, #1948, .F. ) ;
#378 = FACE_OUTER_BOUND ( 'NONE', #3847, .T. ) ;
#379 = LINE ( 'NONE', #2936, #4028 ) ;
#380 = VERTEX_POINT ( 'NONE', #2444 ) ;
#381 = DIRECTION ( 'NONE',  ( 0.000000000000000000, 0.000000000000000000, -1.000000000000000000 ) ) ;
#382 = EDGE_CURVE ( 'NONE', #1388, #3340, #854, .T. ) ;
#383 = DIRECTION ( 'NONE',  ( 0.000000000000000000, 0.000000000000000000, 1.000000000000000000 ) ) ;
#384 = DIRECTION ( 'NONE',  ( 0.000000000000000000, 1.000000000000000000, 0.000000000000000000 ) ) ;
#385 = ORIENTED_EDGE ( 'NONE', *, *, #3488, .T. ) ;
#386 = FACE_OUTER_BOUND ( 'NONE', #584, .T. ) ;
#387 = EDGE_CURVE ( 'NONE', #977, #3265, #539, .T. ) ;
#388 = DIRECTION ( 'NONE',  ( 0.000000000000000000, 0.000000000000000000, -1.000000000000000000 ) ) ;
#389 = LINE ( 'NONE', #1670, #3456 ) ;
#390 = EDGE_CURVE ( 'NONE', #3766, #1097, #1599, .T. ) ;
#391 = ORIENTED_EDGE ( 'NONE', *, *, #752, .F. ) ;
#392 = VERTEX_POINT ( 'NONE', #2783 ) ;
#393 = ADVANCED_FACE ( 'NONE', ( #218 ), #1502, .T. ) ;
#394 = CARTESIAN_POINT ( 'NONE',  ( -28.00000000000000000, -4.000000000000000000, 0.000000000000000000 ) ) ;
#395 = EDGE_LOOP ( 'NONE', ( #3305, #220, #1868, #1788 ) ) ;
#396 = CYLINDRICAL_SURFACE ( 'NONE', #2310, 1.499999999999999556 ) ;
#397 = CYLINDRICAL_SURFACE ( 'NONE', #2161, 3.000000000000002665 ) ;
#398 = ORIENTED_EDGE ( 'NONE', *, *, #1667, .T. ) ;
#399 = DIRECTION ( 'NONE',  ( -0.000000000000000000, -0.000000000000000000, 1.000000000000000000 ) ) ;
#400 = CARTESIAN_POINT ( 'NONE',  ( 44.50000000000000000, -6.000000000000000000, 44.49999999999998579 ) ) ;
#401 = ORIENTED_EDGE ( 'NONE', *, *, #1672, .T. ) ;
#402 = CARTESIAN_POINT ( 'NONE',  ( 29.23936908301335080, 0.5931385510448748954, -16.92615197463912224 ) ) ;
#403 = ORIENTED_EDGE ( 'NONE', *, *, #269, .F. ) ;
#404 = DIRECTION ( 'NONE',  ( 0.000000000000000000, 0.000000000000000000, 1.000000000000000000 ) ) ;
#405 = FACE_OUTER_BOUND ( 'NONE', #3167, .T. ) ;
#406 = ORIENTED_EDGE ( 'NONE', *, *, #2744, .T. ) ;
#407 = LINE ( 'NONE', #1688, #2089 ) ;
#408 = EDGE_CURVE ( 'NONE', #416, #1411, #558, .T. ) ;
#409 = EDGE_LOOP ( 'NONE', ( #4022, #3422, #1481, #1857 ) ) ;
#410 = EDGE_CURVE ( 'NONE', #1564, #2649, #1525, .T. ) ;
#411 = VECTOR ( 'NONE', #2877, 1000.000000000000000 ) ;
#412 = ORIENTED_EDGE ( 'NONE', *, *, #1795, .F. ) ;
#413 = FACE_OUTER_BOUND ( 'NONE', #2643, .T. ) ;
#414 = AXIS2_PLACEMENT_3D ( 'NONE', #1766, #446, #3084 ) ;
#415 = DIRECTION ( 'NONE',  ( -0.000000000000000000, 0.000000000000000000, 1.000000000000000000 ) ) ;
#416 = VERTEX_POINT ( 'NONE', #3839 ) ;
#417 = VECTOR ( 'NONE', #2533, 1000.000000000000114 ) ;
#418 = LINE ( 'NONE', #1976, #3910 ) ;
#419 = CARTESIAN_POINT ( 'NONE',  ( -33.00000000000000000, -7.000000000000000000, -18.00000000000001066 ) ) ;
#420 = ORIENTED_EDGE ( 'NONE', *, *, #180, .F. ) ;
#421 = CARTESIAN_POINT ( 'NONE',  ( -44.50000000000001421, -17.50000000000000000, 44.50000000000000000 ) ) ;
#422 = AXIS2_PLACEMENT_3D ( 'NONE', #2017, #330, #2262 ) ;
#423 = VECTOR ( 'NONE', #3662, 1000.000000000000000 ) ;
#424 = CARTESIAN_POINT ( 'NONE',  ( 44.50000000000000000, -3.000000000000000000, 47.50000000000001421 ) ) ;
#425 = DIRECTION ( 'NONE',  ( 1.000000000000000000, 0.000000000000000000, 0.000000000000000000 ) ) ;
#426 = ORIENTED_EDGE ( 'NONE', *, *, #1101, .F. ) ;
#427 = VECTOR ( 'NONE', #236, 1000.000000000000000 ) ;
#428 = VECTOR ( 'NONE', #141, 1000.000000000000000 ) ;
#429 = ORIENTED_EDGE ( 'NONE', *, *, #105, .T. ) ;
#430 = CIRCLE ( 'NONE', #2446, 2.000000000000000000 ) ;
#431 = EDGE_CURVE ( 'NONE', #892, #1812, #4146, .T. ) ;
#432 = LINE ( 'NONE', #1716, #1841 ) ;
#433 = AXIS2_PLACEMENT_3D ( 'NONE', #2840, #3861, #947 ) ;
#434 = VERTEX_POINT ( 'NONE', #2173 ) ;
#435 = DIRECTION ( 'NONE',  ( 0.000000000000000000, 1.000000000000000000, -0.000000000000000000 ) ) ;
#436 =( BOUNDED_CURVE ( )  B_SPLINE_CURVE ( 3, ( #2055, #1760, #2992, #1699 ),
 .UNSPECIFIED., .F., .F. ) 
 B_SPLINE_CURVE_WITH_KNOTS ( ( 4, 4 ),
 ( 5.644216746759608938, 6.922153867599562638 ),
 .UNSPECIFIED. ) 
 CURVE ( )  GEOMETRIC_REPRESENTATION_ITEM ( )  RATIONAL_B_SPLINE_CURVE ( ( 1.000000000000000000, 0.8684742014189966719, 0.8684742014189966719, 1.000000000000000000 ) ) 
 REPRESENTATION_ITEM ( '' )  );
#437 = EDGE_CURVE ( 'NONE', #2539, #672, #1265, .T. ) ;
#438 = PRESENTATION_LAYER_ASSIGNMENT (  '', '', ( #2983 ) ) ;
#439 = EDGE_CURVE ( 'NONE', #2513, #3388, #219, .T. ) ;
#440 = DIRECTION ( 'NONE',  ( 0.000000000000000000, 0.000000000000000000, 1.000000000000000000 ) ) ;
#441 = ORIENTED_EDGE ( 'NONE', *, *, #494, .F. ) ;
#442 = CARTESIAN_POINT ( 'NONE',  ( 22.64741239631131720, -4.000000000000000000, -7.999999999999970690 ) ) ;
#443 = ADVANCED_FACE ( 'NONE', ( #2213 ), #932, .F. ) ;
#444 = DIRECTION ( 'NONE',  ( 0.000000000000000000, -1.000000000000000000, -0.000000000000000000 ) ) ;
#445 = ORIENTED_EDGE ( 'NONE', *, *, #1889, .T. ) ;
#446 = DIRECTION ( 'NONE',  ( 0.000000000000000000, 1.000000000000000000, 0.000000000000000000 ) ) ;
#447 = LINE ( 'NONE', #829, #3831 ) ;
#448 = PLANE ( 'NONE',  #238 ) ;
#449 = EDGE_LOOP ( 'NONE', ( #154, #2865, #3372, #3443 ) ) ;
#450 = ORIENTED_EDGE ( 'NONE', *, *, #749, .T. ) ;
#451 = CARTESIAN_POINT ( 'NONE',  ( 19.00000000000000355, -4.000000000000000000, -14.00000000000000000 ) ) ;
#452 = DIRECTION ( 'NONE',  ( 0.000000000000000000, 0.000000000000000000, 1.000000000000000000 ) ) ;
#453 = EDGE_CURVE ( 'NONE', #4116, #2046, #1223, .T. ) ;
#454 = EDGE_LOOP ( 'NONE', ( #4073, #2125, #3515, #1463 ) ) ;
#455 = DIRECTION ( 'NONE',  ( -0.000000000000000000, -1.000000000000000000, 0.000000000000000000 ) ) ;
#456 = CARTESIAN_POINT ( 'NONE',  ( -44.50000000000001421, -6.000000000000000000, -44.50000000000001421 ) ) ;
#457 = DIRECTION ( 'NONE',  ( 0.000000000000000000, 0.000000000000000000, 1.000000000000000000 ) ) ;
#458 = PLANE ( 'NONE',  #3165 ) ;
#459 = ADVANCED_FACE ( 'NONE', ( #1920 ), #4082, .F. ) ;
#460 = ORIENTED_EDGE ( 'NONE', *, *, #2286, .F. ) ;
#461 =( BOUNDED_CURVE ( )  B_SPLINE_CURVE ( 3, ( #3890, #1026, #1356, #62 ),
 .UNSPECIFIED., .F., .F. ) 
 B_SPLINE_CURVE_WITH_KNOTS ( ( 4, 4 ),
 ( 2.502624093169815378, 3.780561214009769522 ),
 .UNSPECIFIED. ) 
 CURVE ( )  GEOMETRIC_REPRESENTATION_ITEM ( )  RATIONAL_B_SPLINE_CURVE ( ( 1.000000000000000000, 0.8684742014189966719, 0.8684742014189966719, 1.000000000000000000 ) ) 
 REPRESENTATION_ITEM ( '' )  );
#462 = EDGE_CURVE ( 'NONE', #2871, #2043, #1893, .T. ) ;
#463 = DIRECTION ( 'NONE',  ( 1.559302000878028960E-16, 0.000000000000000000, -1.000000000000000000 ) ) ;
#464 = DIRECTION ( 'NONE',  ( -1.000000000000000000, 0.000000000000000000, 0.000000000000000000 ) ) ;
#465 = ORIENTED_EDGE ( 'NONE', *, *, #3102, .T. ) ;
#466 = DIRECTION ( 'NONE',  ( 1.000000000000000000, 0.000000000000000000, 0.000000000000000000 ) ) ;
#467 = EDGE_CURVE ( 'NONE', #3288, #977, #1204, .T. ) ;
#468 = CARTESIAN_POINT ( 'NONE',  ( 0.000000000000000000, -17.49999999999999645, 29.17857998249390761 ) ) ;
#469 = CARTESIAN_POINT ( 'NONE',  ( -9.531167586182563767, -17.49999999999999645, 8.821420017506083511 ) ) ;
#470 = CARTESIAN_POINT ( 'NONE',  ( 43.50000000000000000, -4.000000000000000000, 43.49999999999998579 ) ) ;
#471 = ORIENTED_EDGE ( 'NONE', *, *, #335, .F. ) ;
#472 = DIRECTION ( 'NONE',  ( 0.000000000000000000, 0.000000000000000000, -1.000000000000000000 ) ) ;
#473 = ORIENTED_EDGE ( 'NONE', *, *, #202, .T. ) ;
#474 = FACE_OUTER_BOUND ( 'NONE', #2737, .T. ) ;
#475 = LINE ( 'NONE', #1734, #903 ) ;
#476 = VERTEX_POINT ( 'NONE', #246 ) ;
#477 = CARTESIAN_POINT ( 'NONE',  ( 39.99999999999999289, -5.000000000000000000, -43.50000000000001421 ) ) ;
#478 = DIRECTION ( 'NONE',  ( -0.000000000000000000, -0.000000000000000000, 1.000000000000000000 ) ) ;
#479 = DIRECTION ( 'NONE',  ( 0.000000000000000000, 0.000000000000000000, -1.000000000000000000 ) ) ;
#480 = DIRECTION ( 'NONE',  ( 0.8433914458128869418, 0.5372996083468219997, 0.000000000000000000 ) ) ;
#481 = VECTOR ( 'NONE', #1811, 1000.000000000000000 ) ;
#482 = ORIENTED_EDGE ( 'NONE', *, *, #3760, .F. ) ;
#483 = LINE ( 'NONE', #2771, #2372 ) ;
#484 = VECTOR ( 'NONE', #3726, 1000.000000000000000 ) ;
#485 = FACE_OUTER_BOUND ( 'NONE', #1706, .T. ) ;
#486 = EDGE_CURVE ( 'NONE', #2197, #3004, #3198, .T. ) ;
#487 = ORIENTED_EDGE ( 'NONE', *, *, #1257, .F. ) ;
#488 = DIRECTION ( 'NONE',  ( 1.000000000000000000, 0.000000000000000000, 0.000000000000000000 ) ) ;
#489 = VECTOR ( 'NONE', #1728, 1000.000000000000000 ) ;
#490 = DIRECTION ( 'NONE',  ( 0.000000000000000000, -1.000000000000000000, 0.000000000000000000 ) ) ;
#491 = CARTESIAN_POINT ( 'NONE',  ( 19.45171895677000862, 0.000000000000000000, -13.99999999999999822 ) ) ;
#492 = FACE_OUTER_BOUND ( 'NONE', #3224, .T. ) ;
#493 = VECTOR ( 'NONE', #119, 1000.000000000000000 ) ;
#494 = EDGE_CURVE ( 'NONE', #538, #1765, #2296, .T. ) ;
#495 = ORIENTED_EDGE ( 'NONE', *, *, #2568, .T. ) ;
#496 = AXIS2_PLACEMENT_3D ( 'NONE', #1710, #2674, #3940 ) ;
#497 = ORIENTED_EDGE ( 'NONE', *, *, #1276, .F. ) ;
#498 = CARTESIAN_POINT ( 'NONE',  ( 23.30891196021664058, -2.332262232261528734, -9.308911960216640580 ) ) ;
#499 = EDGE_CURVE ( 'NONE', #3152, #59, #329, .T. ) ;
#500 = CARTESIAN_POINT ( 'NONE',  ( -41.49999999999995737, -3.000000000000000000, 47.50000000000001421 ) ) ;
#501 = VECTOR ( 'NONE', #3870, 1000.000000000000000 ) ;
#502 = VECTOR ( 'NONE', #1605, 1000.000000000000000 ) ;
#503 = ORIENTED_EDGE ( 'NONE', *, *, #2261, .F. ) ;
#504 = VECTOR ( 'NONE', #1763, 1000.000000000000000 ) ;
#505 = DIRECTION ( 'NONE',  ( -1.000000000000000000, 0.000000000000000000, 0.000000000000000000 ) ) ;
#506 = CARTESIAN_POINT ( 'NONE',  ( 15.24068116371769044, -5.831774792516411843, 3.759318836282303344 ) ) ;
#507 = DIRECTION ( 'NONE',  ( -0.000000000000000000, -1.000000000000000000, -0.000000000000000000 ) ) ;
#508 = VECTOR ( 'NONE', #1546, 1000.000000000000114 ) ;
#509 = VERTEX_POINT ( 'NONE', #1591 ) ;
#510 = DIRECTION ( 'NONE',  ( 0.000000000000000000, 1.000000000000000000, 0.000000000000000000 ) ) ;
#511 = AXIS2_PLACEMENT_3D ( 'NONE', #2755, #868, #1157 ) ;
#512 = FACE_OUTER_BOUND ( 'NONE', #2862, .T. ) ;
#513 = ORIENTED_EDGE ( 'NONE', *, *, #1210, .T. ) ;
#514 = CARTESIAN_POINT ( 'NONE',  ( -44.50000000000000000, -6.000000000000000000, 46.59999999999997300 ) ) ;
#515 = CARTESIAN_POINT ( 'NONE',  ( -30.54828104322998783, 0.000000000000000000, -14.86149815160421284 ) ) ;
#516 = CARTESIAN_POINT ( 'NONE',  ( -44.50000000000001421, -5.000000000000000000, -46.60000000000001563 ) ) ;
#517 = DIRECTION ( 'NONE',  ( -0.000000000000000000, -0.000000000000000000, -1.000000000000000000 ) ) ;
#518 = ORIENTED_EDGE ( 'NONE', *, *, #1851, .F. ) ;
#519 = PLANE ( 'NONE',  #885 ) ;
#520 = EDGE_CURVE ( 'NONE', #44, #1961, #2866, .T. ) ;
#521 = EDGE_LOOP ( 'NONE', ( #2235, #1996, #964, #3320 ) ) ;
#522 = ADVANCED_FACE ( 'NONE', ( #1834 ), #1247, .F. ) ;
#523 = CARTESIAN_POINT ( 'NONE',  ( -44.49999999999999289, -2.999999999999999112, -44.50000000000000000 ) ) ;
#524 = LINE ( 'NONE', #1165, #970 ) ;
#525 = EDGE_CURVE ( 'NONE', #1411, #2799, #585, .T. ) ;
#526 = ORIENTED_EDGE ( 'NONE', *, *, #185, .F. ) ;
#527 = LINE ( 'NONE', #1800, #4117 ) ;
#528 = CARTESIAN_POINT ( 'NONE',  ( 21.32730954662499201, 0.000000000000000000, -0.6405266549992204572 ) ) ;
#529 = CARTESIAN_POINT ( 'NONE',  ( -28.00000000000000000, -4.000000000000045297, -14.00000000000000000 ) ) ;
#530 = ORIENTED_EDGE ( 'NONE', *, *, #2468, .F. ) ;
#531 = LINE ( 'NONE', #1786, #2440 ) ;
#532 = LINE ( 'NONE', #1804, #1365 ) ;
#533 = ORIENTED_EDGE ( 'NONE', *, *, #3211, .F. ) ;
#534 = CARTESIAN_POINT ( 'NONE',  ( -21.00000000000000355, -4.000000000000000000, -16.00000000000000000 ) ) ;
#535 = DIRECTION ( 'NONE',  ( -1.000000000000000000, 0.000000000000000000, 0.000000000000000000 ) ) ;
#536 = CARTESIAN_POINT ( 'NONE',  ( 39.99999999999999289, -5.000000000000000000, 39.99999999999997868 ) ) ;
#537 = DIRECTION ( 'NONE',  ( 1.000000000000000000, 0.000000000000000000, 2.312964634635735561E-15 ) ) ;
#538 = VERTEX_POINT ( 'NONE', #3471 ) ;
#539 = LINE ( 'NONE', #812, #481 ) ;
#540 = EDGE_LOOP ( 'NONE', ( #2915, #2909, #1585, #2259 ) ) ;
#541 = DIRECTION ( 'NONE',  ( -0.000000000000000000, 1.000000000000000000, -0.000000000000000000 ) ) ;
#542 = LINE ( 'NONE', #1755, #1036 ) ;
#543 = EDGE_CURVE ( 'NONE', #3872, #981, #1556, .T. ) ;
#544 = ORIENTED_EDGE ( 'NONE', *, *, #2742, .T. ) ;
#545 = CARTESIAN_POINT ( 'NONE',  ( -33.00000000000000000, -7.000000000000000000, -18.00000000000001066 ) ) ;
#546 = EDGE_CURVE ( 'NONE', #3427, #143, #3798, .T. ) ;
#547 = CARTESIAN_POINT ( 'NONE',  ( 21.00000000000000355, -7.000000000000000000, -14.00000000000000000 ) ) ;
#548 = CARTESIAN_POINT ( 'NONE',  ( -1.999999999999994005, -0.2000000000000000111, -7.499999999999998224 ) ) ;
#549 = ORIENTED_EDGE ( 'NONE', *, *, #322, .T. ) ;
#550 = DIRECTION ( 'NONE',  ( 0.000000000000000000, 0.000000000000000000, 1.000000000000000000 ) ) ;
#551 = PLANE ( 'NONE',  #1715 ) ;
#552 = ORIENTED_EDGE ( 'NONE', *, *, #359, .F. ) ;
#553 = VECTOR ( 'NONE', #2242, 1000.000000000000000 ) ;
#554 = LINE ( 'NONE', #2127, #2438 ) ;
#555 = PLANE ( 'NONE',  #2363 ) ;
#556 = FACE_BOUND ( 'NONE', #2486, .T. ) ;
#557 = ORIENTED_EDGE ( 'NONE', *, *, #7, .F. ) ;
#558 = LINE ( 'NONE', #2692, #2294 ) ;
#559 = AXIS2_PLACEMENT_3D ( 'NONE', #212, #3651, #1180 ) ;
#560 = ORIENTED_EDGE ( 'NONE', *, *, #486, .F. ) ;
#561 = VECTOR ( 'NONE', #2160, 1000.000000000000114 ) ;
#562 = CYLINDRICAL_SURFACE ( 'NONE', #3572, 2.000000000000000444 ) ;
#563 = DIRECTION ( 'NONE',  ( -1.000000000000000000, 0.000000000000000000, 0.000000000000000000 ) ) ;
#564 = ORIENTED_EDGE ( 'NONE', *, *, #147, .T. ) ;
#565 = AXIS2_PLACEMENT_3D ( 'NONE', #912, #2147, #1808 ) ;
#566 = EDGE_LOOP ( 'NONE', ( #2142, #2888, #3279, #2019, #2005, #1839, #2476, #3830 ) ) ;
#567 = ADVANCED_FACE ( 'NONE', ( #2347 ), #707, .T. ) ;
#568 = CIRCLE ( 'NONE', #2908, 2.099999999999997868 ) ;
#569 = DIRECTION ( 'NONE',  ( -0.4733061507711229243, 0.7429418384264316888, -0.4733061507711227578 ) ) ;
#570 = LINE ( 'NONE', #3675, #1153 ) ;
#571 = VECTOR ( 'NONE', #3400, 1000.000000000000000 ) ;
#572 = AXIS2_PLACEMENT_3D ( 'NONE', #3029, #1121, #2136 ) ;
#573 = EDGE_LOOP ( 'NONE', ( #1504, #2329, #2037, #758 ) ) ;
#574 = ADVANCED_FACE ( 'NONE', ( #1389 ), #3590, .F. ) ;
#575 = CARTESIAN_POINT ( 'NONE',  ( -2.000000000000000888, 0.000000000000000000, -8.999999999999998224 ) ) ;
#576 = EDGE_CURVE ( 'NONE', #130, #1024, #1344, .T. ) ;
#577 = DIRECTION ( 'NONE',  ( -0.000000000000000000, 1.000000000000000000, 0.000000000000000000 ) ) ;
#578 = VECTOR ( 'NONE', #339, 1000.000000000000114 ) ;
#579 = VERTEX_POINT ( 'NONE', #2900 ) ;
#580 = EDGE_CURVE ( 'NONE', #263, #1735, #997, .T. ) ;
#581 = CYLINDRICAL_SURFACE ( 'NONE', #3247, 2.000000000000000000 ) ;
#582 = DIRECTION ( 'NONE',  ( -0.000000000000000000, 1.000000000000000000, -0.000000000000000000 ) ) ;
#583 = DIRECTION ( 'NONE',  ( 1.000000000000000000, 0.000000000000000000, 0.000000000000000000 ) ) ;
#584 = EDGE_LOOP ( 'NONE', ( #723, #3650, #2548, #530 ) ) ;
#585 = LINE ( 'NONE', #3135, #3294 ) ;
#586 = ORIENTED_EDGE ( 'NONE', *, *, #3970, .F. ) ;
#587 = DIRECTION ( 'NONE',  ( -1.000000000000000000, 0.000000000000000000, 0.000000000000000000 ) ) ;
#588 = CARTESIAN_POINT ( 'NONE',  ( 43.50000000000000000, -5.000000000000000000, -43.50000000000001421 ) ) ;
#589 = ORIENTED_EDGE ( 'NONE', *, *, #1363, .F. ) ;
#590 = ORIENTED_EDGE ( 'NONE', *, *, #3974, .F. ) ;
#591 = DIRECTION ( 'NONE',  ( 0.000000000000000000, 0.000000000000000000, -1.000000000000000000 ) ) ;
#592 = EDGE_CURVE ( 'NONE', #2244, #3928, #2655, .T. ) ;
#593 = VERTEX_POINT ( 'NONE', #1981 ) ;
#594 = DIRECTION ( 'NONE',  ( 0.000000000000000000, 1.000000000000000000, 0.000000000000000000 ) ) ;
#595 = LINE ( 'NONE', #4093, #301 ) ;
#596 = ORIENTED_EDGE ( 'NONE', *, *, #2809, .F. ) ;
#597 = ADVANCED_FACE ( 'NONE', ( #1051, #366 ), #33, .T. ) ;
#598 = ORIENTED_EDGE ( 'NONE', *, *, #2075, .F. ) ;
#599 =( NAMED_UNIT ( * ) SI_UNIT ( $, .STERADIAN. ) SOLID_ANGLE_UNIT ( ) );
#600 = DIRECTION ( 'NONE',  ( 0.000000000000000000, -0.000000000000000000, -1.000000000000000000 ) ) ;
#601 = DIRECTION ( 'NONE',  ( 0.000000000000000000, 1.000000000000000000, -0.000000000000000000 ) ) ;
#602 = ORIENTED_EDGE ( 'NONE', *, *, #3557, .T. ) ;
#603 = CARTESIAN_POINT ( 'NONE',  ( 44.50000000000000000, -6.000000000000000000, 44.49999999999998579 ) ) ;
#604 = EDGE_CURVE ( 'NONE', #3255, #1199, #2982, .T. ) ;
#605 = ORIENTED_EDGE ( 'NONE', *, *, #1428, .T. ) ;
#606 = CARTESIAN_POINT ( 'NONE',  ( -21.13850184839578716, 0.000000000000000000, -5.451718956770010394 ) ) ;
#607 = CARTESIAN_POINT ( 'NONE',  ( 13.72097149660499049, -19.34999999999999787, 3.038564855536506796E-15 ) ) ;
#608 = UNCERTAINTY_MEASURE_WITH_UNIT (LENGTH_MEASURE( 1.000000000000000082E-05 ), #1998, 'distance_accuracy_value', 'NONE');
#609 = VERTEX_POINT ( 'NONE', #2957 ) ;
#610 = ORIENTED_EDGE ( 'NONE', *, *, #1437, .T. ) ;
#611 = DIRECTION ( 'NONE',  ( 0.000000000000000000, 0.000000000000000000, -1.000000000000000000 ) ) ;
#612 = ORIENTED_EDGE ( 'NONE', *, *, #1064, .F. ) ;
#613 = DIRECTION ( 'NONE',  ( 0.000000000000000000, 0.000000000000000000, 1.000000000000000000 ) ) ;
#614 = LINE ( 'NONE', #2252, #3702 ) ;
#615 = ORIENTED_EDGE ( 'NONE', *, *, #3332, .F. ) ;
#616 = EDGE_CURVE ( 'NONE', #2987, #86, #3693, .T. ) ;
#617 = CARTESIAN_POINT ( 'NONE',  ( 47.50000000000000000, -3.000000000000000000, 44.49999999999998579 ) ) ;
#618 = DIRECTION ( 'NONE',  ( 0.000000000000000000, 1.000000000000000000, 0.000000000000000000 ) ) ;
#619 = VERTEX_POINT ( 'NONE', #3571 ) ;
#620 = CARTESIAN_POINT ( 'NONE',  ( -1.999999999999994893, -0.2000000000000000111, -14.49999999999999822 ) ) ;
#621 = VECTOR ( 'NONE', #697, 1000.000000000000000 ) ;
#622 = ORIENTED_EDGE ( 'NONE', *, *, #127, .T. ) ;
#623 = EDGE_CURVE ( 'NONE', #2046, #836, #2613, .T. ) ;
#624 = CARTESIAN_POINT ( 'NONE',  ( -47.49999999999997158, -3.000000000000000000, 41.50000000000000000 ) ) ;
#625 = LINE ( 'NONE', #2279, #2585 ) ;
#626 = VECTOR ( 'NONE', #890, 1000.000000000000000 ) ;
#627 = EDGE_LOOP ( 'NONE', ( #2836, #674, #1185, #884, #3173, #116 ) ) ;
#628 = CIRCLE ( 'NONE', #2635, 1.550000000000002709 ) ;
#629 = ORIENTED_EDGE ( 'NONE', *, *, #1068, .T. ) ;
#630 = EDGE_CURVE ( 'NONE', #380, #1225, #668, .T. ) ;
#631 = FACE_OUTER_BOUND ( 'NONE', #81, .T. ) ;
#632 = CIRCLE ( 'NONE', #698, 1.550000000000002709 ) ;
#633 = VERTEX_POINT ( 'NONE', #3261 ) ;
#634 = AXIS2_PLACEMENT_3D ( 'NONE', #4000, #3059, #2388 ) ;
#635 = LINE ( 'NONE', #3789, #3447 ) ;
#636 = CARTESIAN_POINT ( 'NONE',  ( -17.00000000000000000, -19.34999999999999787, 5.279028503395025496 ) ) ;
#637 = CARTESIAN_POINT ( 'NONE',  ( -3.500000000000001776, 0.000000000000000000, -12.99999999999999112 ) ) ;
#638 = CIRCLE ( 'NONE', #1166, 2.000000000000000000 ) ;
#639 = VECTOR ( 'NONE', #2472, 1000.000000000000000 ) ;
#640 = ORIENTED_EDGE ( 'NONE', *, *, #3308, .F. ) ;
#641 = FACE_OUTER_BOUND ( 'NONE', #4145, .T. ) ;
#642 = AXIS2_PLACEMENT_3D ( 'NONE', #3278, #3263, #2658 ) ;
#643 = DIRECTION ( 'NONE',  ( 0.000000000000000000, -1.000000000000000000, 0.000000000000000000 ) ) ;
#644 = CARTESIAN_POINT ( 'NONE',  ( -2.000000000000000888, -0.2000000000000000111, -7.999999999999998224 ) ) ;
#645 = ORIENTED_EDGE ( 'NONE', *, *, #1184, .F. ) ;
#646 = CARTESIAN_POINT ( 'NONE',  ( 25.34697576563669585, -4.442095883016145663, -11.34697576563669763 ) ) ;
#647 = EDGE_CURVE ( 'NONE', #3129, #2526, #2595, .T. ) ;
#648 = ORIENTED_EDGE ( 'NONE', *, *, #1925, .T. ) ;
#649 = CARTESIAN_POINT ( 'NONE',  ( 33.00000000000000000, -4.000000000000000000, -5.204170427930421283E-15 ) ) ;
#650 = CARTESIAN_POINT ( 'NONE',  ( 0.000000000000000000, -4.000000000000000000, -8.000000000000000000 ) ) ;
#651 = VECTOR ( 'NONE', #279, 1000.000000000000000 ) ;
#652 = VERTEX_POINT ( 'NONE', #3607 ) ;
#653 = ADVANCED_FACE ( 'NONE', ( #386 ), #3939, .F. ) ;
#654 = EDGE_CURVE ( 'NONE', #1765, #140, #1707, .T. ) ;
#655 = LINE ( 'NONE', #3203, #2711 ) ;
#656 = ORIENTED_EDGE ( 'NONE', *, *, #3868, .T. ) ;
#657 = DIRECTION ( 'NONE',  ( -0.8433914458128869418, 0.5372996083468219997, -2.438418234149394175E-16 ) ) ;
#658 = EDGE_CURVE ( 'NONE', #175, #293, #109, .T. ) ;
#659 = EDGE_LOOP ( 'NONE', ( #3394, #2113, #2284, #160 ) ) ;
#660 = FACE_OUTER_BOUND ( 'NONE', #4101, .T. ) ;
#661 = CARTESIAN_POINT ( 'NONE',  ( 44.50000000000000000, -3.000000000000000000, 44.49999999999998579 ) ) ;
#662 = ORIENTED_EDGE ( 'NONE', *, *, #3657, .F. ) ;
#663 = ORIENTED_EDGE ( 'NONE', *, *, #3614, .T. ) ;
#664 = DIRECTION ( 'NONE',  ( 1.000000000000000000, 0.000000000000000000, 0.000000000000000000 ) ) ;
#665 = DIRECTION ( 'NONE',  ( 0.000000000000000000, 0.000000000000000000, -1.000000000000000000 ) ) ;
#666 = CARTESIAN_POINT ( 'NONE',  ( 19.00000000000000355, -4.000000000000000000, -8.000000000000000000 ) ) ;
#667 = ORIENTED_EDGE ( 'NONE', *, *, #900, .F. ) ;
#668 = LINE ( 'NONE', #87, #353 ) ;
#669 = VERTEX_POINT ( 'NONE', #346 ) ;
#670 = FACE_OUTER_BOUND ( 'NONE', #3682, .T. ) ;
#671 = DIRECTION ( 'NONE',  ( 0.000000000000000000, 0.000000000000000000, 1.000000000000000000 ) ) ;
#672 = VERTEX_POINT ( 'NONE', #3237 ) ;
#673 = CARTESIAN_POINT ( 'NONE',  ( 28.00000000000000000, -4.000000000000000000, 0.000000000000000000 ) ) ;
#674 = ORIENTED_EDGE ( 'NONE', *, *, #1934, .T. ) ;
#675 = ADVANCED_FACE ( 'NONE', ( #2926, #1627, #3863, #3625, #1806 ), #1745, .T. ) ;
#676 = CARTESIAN_POINT ( 'NONE',  ( 1.999999999999999112, 0.000000000000000000, -8.999999999999998224 ) ) ;
#677 = ORIENTED_EDGE ( 'NONE', *, *, #708, .F. ) ;
#678 = FACE_OUTER_BOUND ( 'NONE', #2947, .T. ) ;
#679 = EDGE_CURVE ( 'NONE', #509, #3158, #1021, .T. ) ;
#680 = DIRECTION ( 'NONE',  ( 1.000000000000000000, 0.000000000000000000, -1.084202172485510227E-16 ) ) ;
#681 = CARTESIAN_POINT ( 'NONE',  ( 44.49999999999996447, -3.000000000000000000, 44.50000000000000000 ) ) ;
#682 = VERTEX_POINT ( 'NONE', #1152 ) ;
#683 = FACE_OUTER_BOUND ( 'NONE', #3738, .T. ) ;
#684 = CARTESIAN_POINT ( 'NONE',  ( -19.00000000000000355, -7.000000000000000000, -14.00000000000000000 ) ) ;
#685 = CARTESIAN_POINT ( 'NONE',  ( 19.45171895677000862, 0.000000000000000000, -7.138501848395785387 ) ) ;
#686 = ORIENTED_EDGE ( 'NONE', *, *, #1563, .F. ) ;
#687 = CARTESIAN_POINT ( 'NONE',  ( 44.49999999999999289, -3.000000000000000000, -44.50000000000000000 ) ) ;
#688 = PLANE ( 'NONE',  #3299 ) ;
#689 = DIRECTION ( 'NONE',  ( 0.8433914458128868308, -0.5372996083468222217, 1.867724604880386367E-16 ) ) ;
#690 = VERTEX_POINT ( 'NONE', #1112 ) ;
#691 = EDGE_LOOP ( 'NONE', ( #1409, #2756 ) ) ;
#692 = LINE ( 'NONE', #1658, #2644 ) ;
#693 = ADVANCED_FACE ( 'NONE', ( #2126 ), #3316, .T. ) ;
#694 = EDGE_LOOP ( 'NONE', ( #855, #1077, #2122, #3802 ) ) ;
#695 = FACE_OUTER_BOUND ( 'NONE', #186, .T. ) ;
#696 = VECTOR ( 'NONE', #2720, 1000.000000000000000 ) ;
#697 = DIRECTION ( 'NONE',  ( 1.000000000000000000, 0.000000000000000000, 0.000000000000000000 ) ) ;
#698 = AXIS2_PLACEMENT_3D ( 'NONE', #2083, #1090, #3361 ) ;
#699 = ADVANCED_FACE ( 'NONE', ( #4053 ), #125, .F. ) ;
#700 = ORIENTED_EDGE ( 'NONE', *, *, #1987, .F. ) ;
#701 = EDGE_CURVE ( 'NONE', #1812, #3988, #4027, .T. ) ;
#702 = DIRECTION ( 'NONE',  ( 0.000000000000000000, 0.000000000000000000, -1.000000000000000000 ) ) ;
#703 = DIRECTION ( 'NONE',  ( -0.000000000000000000, 0.000000000000000000, 1.000000000000000000 ) ) ;
#704 = DIRECTION ( 'NONE',  ( 2.891205793294678819E-16, 0.000000000000000000, -1.000000000000000000 ) ) ;
#705 = AXIS2_PLACEMENT_3D ( 'NONE', #2854, #657, #4136 ) ;
#706 = ORIENTED_EDGE ( 'NONE', *, *, #3586, .F. ) ;
#707 = PLANE ( 'NONE',  #2632 ) ;
#708 = EDGE_CURVE ( 'NONE', #817, #3230, #3402, .T. ) ;
#709 = CIRCLE ( 'NONE', #2642, 1.550000000000002709 ) ;
#710 = DIRECTION ( 'NONE',  ( 0.000000000000000000, 0.000000000000000000, 1.000000000000000000 ) ) ;
#711 = PLANE ( 'NONE',  #2380 ) ;
#712 = ORIENTED_EDGE ( 'NONE', *, *, #2596, .T. ) ;
#713 = CIRCLE ( 'NONE', #972, 1.499999999999999556 ) ;
#714 = DIRECTION ( 'NONE',  ( 1.000000000000000000, 0.000000000000000000, -0.000000000000000000 ) ) ;
#715 = VECTOR ( 'NONE', #2598, 1000.000000000000000 ) ;
#716 = VERTEX_POINT ( 'NONE', #1088 ) ;
#717 = CIRCLE ( 'NONE', #102, 2.100000000000004530 ) ;
#718 = DIRECTION ( 'NONE',  ( 2.312964634635735561E-15, 0.000000000000000000, 1.000000000000000000 ) ) ;
#719 = EDGE_LOOP ( 'NONE', ( #1043, #2824, #1039, #3750 ) ) ;
#720 = DIRECTION ( 'NONE',  ( -1.000000000000000000, 0.000000000000000000, 0.000000000000000000 ) ) ;
#721 = EDGE_CURVE ( 'NONE', #3246, #380, #2396, .T. ) ;
#722 = CARTESIAN_POINT ( 'NONE',  ( -44.50000000000001421, -6.000000000000000000, -47.50000000000001421 ) ) ;
#723 = ORIENTED_EDGE ( 'NONE', *, *, #1120, .F. ) ;
#724 = FACE_OUTER_BOUND ( 'NONE', #3810, .T. ) ;
#725 = FACE_OUTER_BOUND ( 'NONE', #1550, .T. ) ;
#726 = EDGE_CURVE ( 'NONE', #89, #1128, #787, .T. ) ;
#727 = EDGE_LOOP ( 'NONE', ( #2119, #598, #48, #1924 ) ) ;
#728 = CARTESIAN_POINT ( 'NONE',  ( -47.49999999999997158, 0.000000000000000000, 41.50000000000000000 ) ) ;
#729 = EDGE_LOOP ( 'NONE', ( #1509, #2945, #2433, #1861 ) ) ;
#730 = LINE ( 'NONE', #2278, #2428 ) ;
#731 = CARTESIAN_POINT ( 'NONE',  ( 47.49999999999997158, -3.000000000000000000, 47.50000000000001421 ) ) ;
#732 = EDGE_CURVE ( 'NONE', #1111, #2532, #3669, .T. ) ;
#733 = ORIENTED_EDGE ( 'NONE', *, *, #1146, .F. ) ;
#734 = ORIENTED_EDGE ( 'NONE', *, *, #4100, .T. ) ;
#735 = LINE ( 'NONE', #2640, #2779 ) ;
#736 = ORIENTED_EDGE ( 'NONE', *, *, #13, .T. ) ;
#737 = FACE_OUTER_BOUND ( 'NONE', #3298, .T. ) ;
#738 = DIRECTION ( 'NONE',  ( -0.000000000000000000, 0.000000000000000000, -1.000000000000000000 ) ) ;
#739 = ORIENTED_EDGE ( 'NONE', *, *, #2930, .F. ) ;
#740 = CARTESIAN_POINT ( 'NONE',  ( 43.50000000000000000, -5.000000000000000000, -40.00000000000000711 ) ) ;
#741 = VERTEX_POINT ( 'NONE', #534 ) ;
#742 = CARTESIAN_POINT ( 'NONE',  ( 39.99999999999999289, -5.000000000000000000, -40.00000000000000711 ) ) ;
#743 = EDGE_CURVE ( 'NONE', #2250, #2551, #145, .T. ) ;
#744 = DIRECTION ( 'NONE',  ( 1.000000000000000000, 0.000000000000000000, 0.000000000000000000 ) ) ;
#745 = FACE_OUTER_BOUND ( 'NONE', #334, .T. ) ;
#746 = ORIENTED_EDGE ( 'NONE', *, *, #1482, .F. ) ;
#747 = EDGE_CURVE ( 'NONE', #3559, #2803, #2774, .T. ) ;
#748 = ORIENTED_EDGE ( 'NONE', *, *, #2116, .T. ) ;
#749 = EDGE_CURVE ( 'NONE', #1735, #3325, #3162, .T. ) ;
#750 = CARTESIAN_POINT ( 'NONE',  ( 9.531167586182558438, -17.49999999999999645, 29.17857998249391116 ) ) ;
#751 = AXIS2_PLACEMENT_3D ( 'NONE', #2095, #3375, #3060 ) ;
#752 = EDGE_CURVE ( 'NONE', #3274, #3747, #1888, .T. ) ;
#753 = ORIENTED_EDGE ( 'NONE', *, *, #3586, .T. ) ;
#754 = CARTESIAN_POINT ( 'NONE',  ( 39.99999999999999289, -5.000000000000000000, 43.49999999999998579 ) ) ;
#755 = AXIS2_PLACEMENT_3D ( 'NONE', #620, #2233, #3815 ) ;
#756 = CARTESIAN_POINT ( 'NONE',  ( -44.49999999999996447, 0.000000000000000000, 41.49999999999999289 ) ) ;
#757 = CARTESIAN_POINT ( 'NONE',  ( -14.90357266443553819, -17.49368800337406427, 4.096427335564467143 ) ) ;
#758 = ORIENTED_EDGE ( 'NONE', *, *, #2618, .T. ) ;
#759 = VECTOR ( 'NONE', #587, 1000.000000000000000 ) ;
#760 = PLANE ( 'NONE',  #2849 ) ;
#761 = DIRECTION ( 'NONE',  ( -2.891205793294678819E-16, 0.000000000000000000, 1.000000000000000000 ) ) ;
#762 = ORIENTED_EDGE ( 'NONE', *, *, #2696, .T. ) ;
#763 = CARTESIAN_POINT ( 'NONE',  ( -47.50000000000000000, 0.000000000000000000, 47.49999999999998579 ) ) ;
#764 = CIRCLE ( 'NONE', #3698, 3.000000000000002665 ) ;
#765 = AXIS2_PLACEMENT_3D ( 'NONE', #2583, #1598, #2537 ) ;
#766 = DIRECTION ( 'NONE',  ( -0.000000000000000000, -1.000000000000000000, 0.000000000000000000 ) ) ;
#767 = CARTESIAN_POINT ( 'NONE',  ( -44.50000000000001421, -17.50000000000000000, 46.04999999999999716 ) ) ;
#768 = VERTEX_POINT ( 'NONE', #2062 ) ;
#769 = VECTOR ( 'NONE', #3733, 1000.000000000000000 ) ;
#770 = VECTOR ( 'NONE', #1848, 1000.000000000000000 ) ;
#771 = ORIENTED_EDGE ( 'NONE', *, *, #2389, .T. ) ;
#772 = CARTESIAN_POINT ( 'NONE',  ( -21.32730954662499911, 0.000000000000000000, 38.64052665499922057 ) ) ;
#773 = CIRCLE ( 'NONE', #1369, 1.500000000000001332 ) ;
#774 = VECTOR ( 'NONE', #435, 1000.000000000000000 ) ;
#775 = PLANE ( 'NONE',  #835 ) ;
#776 = EDGE_CURVE ( 'NONE', #4134, #1251, #2731, .T. ) ;
#777 = VECTOR ( 'NONE', #2377, 1000.000000000000000 ) ;
#778 = VERTEX_POINT ( 'NONE', #1133 ) ;
#779 = LINE ( 'NONE', #2387, #309 ) ;
#780 = CARTESIAN_POINT ( 'NONE',  ( 8.869668022277267028, -16.90686144895513010, 29.55645091390304557 ) ) ;
#781 = EDGE_CURVE ( 'NONE', #2422, #2799, #2415, .T. ) ;
#782 = DIRECTION ( 'NONE',  ( 0.000000000000000000, 0.000000000000000000, -1.000000000000000000 ) ) ;
#783 = ORIENTED_EDGE ( 'NONE', *, *, #3511, .T. ) ;
#784 = LINE ( 'NONE', #2058, #35 ) ;
#785 = CARTESIAN_POINT ( 'NONE',  ( 39.99999999999999289, -4.000000000000000000, -40.00000000000000711 ) ) ;
#786 = ORIENTED_EDGE ( 'NONE', *, *, #2132, .T. ) ;
#787 = LINE ( 'NONE', #2434, #3231 ) ;
#788 = DIRECTION ( 'NONE',  ( 0.000000000000000000, 1.000000000000000000, 0.000000000000000000 ) ) ;
#789 = LINE ( 'NONE', #2064, #3439 ) ;
#790 = CARTESIAN_POINT ( 'NONE',  ( 31.00000000000000355, -7.000000000000000000, -6.000000000000000000 ) ) ;
#791 = ORIENTED_EDGE ( 'NONE', *, *, #338, .F. ) ;
#792 = DIRECTION ( 'NONE',  ( 0.000000000000000000, 1.000000000000000000, -0.000000000000000000 ) ) ;
#793 = ORIENTED_EDGE ( 'NONE', *, *, #3281, .F. ) ;
#794 = CARTESIAN_POINT ( 'NONE',  ( -28.86149815160421639, 0.000000000000000000, -16.54828104322998783 ) ) ;
#795 = CARTESIAN_POINT ( 'NONE',  ( -1.999999999999994893, -0.2000000000000000111, -14.49999999999999822 ) ) ;
#796 = ORIENTED_EDGE ( 'NONE', *, *, #1240, .F. ) ;
#797 = EDGE_CURVE ( 'NONE', #992, #2563, #1472, .T. ) ;
#798 = FACE_OUTER_BOUND ( 'NONE', #3694, .T. ) ;
#799 = CARTESIAN_POINT ( 'NONE',  ( 41.49999999999998579, 0.000000000000000000, -44.50000000000000000 ) ) ;
#800 = CARTESIAN_POINT ( 'NONE',  ( -28.86149815160421639, 0.000000000000000000, -16.54828104322998783 ) ) ;
#801 = DIRECTION ( 'NONE',  ( 0.000000000000000000, -0.5372996083468222217, 0.8433914458128868308 ) ) ;
#802 = ORIENTED_EDGE ( 'NONE', *, *, #3154, .T. ) ;
#803 = EDGE_CURVE ( 'NONE', #836, #1493, #956, .T. ) ;
#804 = CARTESIAN_POINT ( 'NONE',  ( -47.50000000000000000, -3.000000000000000000, -41.50000000000000000 ) ) ;
#805 = LINE ( 'NONE', #4025, #4057 ) ;
#806 = VERTEX_POINT ( 'NONE', #2366 ) ;
#807 = CARTESIAN_POINT ( 'NONE',  ( -41.49999999999998579, -3.000000000000000000, -47.50000000000001421 ) ) ;
#808 = DIRECTION ( 'NONE',  ( 0.000000000000000000, 0.000000000000000000, 1.000000000000000000 ) ) ;
#809 = DIRECTION ( 'NONE',  ( -0.000000000000000000, 1.000000000000000000, -0.000000000000000000 ) ) ;
#810 = CARTESIAN_POINT ( 'NONE',  ( 27.35258760368867925, -4.000000000000000000, -14.00000000000002842 ) ) ;
#811 = EDGE_LOOP ( 'NONE', ( #3141, #319, #350, #3083 ) ) ;
#812 = CARTESIAN_POINT ( 'NONE',  ( -3.000000000000000888, -0.2000000000000000111, -9.000000000000007105 ) ) ;
#813 = ORIENTED_EDGE ( 'NONE', *, *, #1746, .T. ) ;
#814 = DIRECTION ( 'NONE',  ( 0.000000000000000000, 0.000000000000000000, 1.000000000000000000 ) ) ;
#815 = LINE ( 'NONE', #3370, #368 ) ;
#816 = PRODUCT ( 'Lid', 'Lid', '', ( #1291 ) ) ;
#817 = VERTEX_POINT ( 'NONE', #3982 ) ;
#818 = CARTESIAN_POINT ( 'NONE',  ( 31.00000000000000355, -7.000000000000000000, -16.00000000000000000 ) ) ;
#819 = DIRECTION ( 'NONE',  ( 0.000000000000000000, -1.000000000000000000, 0.000000000000000000 ) ) ;
#820 = VERTEX_POINT ( 'NONE', #1420 ) ;
#821 = FACE_OUTER_BOUND ( 'NONE', #3458, .T. ) ;
#822 = DIRECTION ( 'NONE',  ( -0.000000000000000000, 1.000000000000000000, -0.000000000000000000 ) ) ;
#823 = ORIENTED_EDGE ( 'NONE', *, *, #2798, .T. ) ;
#824 = DIRECTION ( 'NONE',  ( -0.4733061507711230353, -0.7429418384264315778, -0.4733061507711230909 ) ) ;
#825 = EDGE_CURVE ( 'NONE', #1225, #1988, #2902, .T. ) ;
#826 = VECTOR ( 'NONE', #2069, 1000.000000000000000 ) ;
#827 = EDGE_CURVE ( 'NONE', #2501, #1447, #3397, .T. ) ;
#828 = FACE_OUTER_BOUND ( 'NONE', #2400, .T. ) ;
#829 = CARTESIAN_POINT ( 'NONE',  ( -19.45171895677001217, 0.000000000000000000, -7.999999999999998224 ) ) ;
#830 = DIRECTION ( 'NONE',  ( 0.000000000000000000, 1.000000000000000000, 0.000000000000000000 ) ) ;
#831 = VECTOR ( 'NONE', #1729, 1000.000000000000000 ) ;
#832 = VERTEX_POINT ( 'NONE', #2391 ) ;
#833 = CARTESIAN_POINT ( 'NONE',  ( -44.49999999999999289, -17.50000000000000000, -44.50000000000000000 ) ) ;
#834 = ADVANCED_FACE ( 'NONE', ( #2342 ), #1739, .T. ) ;
#835 = AXIS2_PLACEMENT_3D ( 'NONE', #2967, #718, #60 ) ;
#836 = VERTEX_POINT ( 'NONE', #2993 ) ;
#837 = CARTESIAN_POINT ( 'NONE',  ( 1.999999999999991340, 0.000000000000000000, -14.49999999999999822 ) ) ;
#838 = VECTOR ( 'NONE', #942, 1000.000000000000000 ) ;
#839 = AXIS2_PLACEMENT_3D ( 'NONE', #3635, #2603, #376 ) ;
#840 = ORIENTED_EDGE ( 'NONE', *, *, #2973, .F. ) ;
#841 = VECTOR ( 'NONE', #3985, 1000.000000000000000 ) ;
#842 = CARTESIAN_POINT ( 'NONE',  ( 19.00000000000000355, -7.000000000000000000, -8.000000000000000000 ) ) ;
#843 = AXIS2_PLACEMENT_3D ( 'NONE', #1311, #1899, #1567 ) ;
#844 = ORIENTED_EDGE ( 'NONE', *, *, #3358, .T. ) ;
#845 = CARTESIAN_POINT ( 'NONE',  ( -44.49999999999996447, -3.000000000000000000, 44.50000000000000000 ) ) ;
#846 = CIRCLE ( 'NONE', #2717, 3.500000000000003109 ) ;
#847 = DIRECTION ( 'NONE',  ( -0.4733061507711229243, -0.7429418384264316888, -0.4733061507711229798 ) ) ;
#848 = ORIENTED_EDGE ( 'NONE', *, *, #726, .T. ) ;
#849 = DIRECTION ( 'NONE',  ( 0.000000000000000000, 0.000000000000000000, 1.000000000000000000 ) ) ;
#850 = PLANE ( 'NONE',  #2246 ) ;
#851 = ADVANCED_FACE ( 'NONE', ( #1721 ), #458, .T. ) ;
#852 = CYLINDRICAL_SURFACE ( 'NONE', #2904, 1.999999999999999778 ) ;
#853 = ORIENTED_EDGE ( 'NONE', *, *, #986, .F. ) ;
#854 = LINE ( 'NONE', #2131, #2495 ) ;
#855 = ORIENTED_EDGE ( 'NONE', *, *, #576, .T. ) ;
#856 = EDGE_CURVE ( 'NONE', #3158, #871, #1761, .T. ) ;
#857 = LINE ( 'NONE', #2679, #1693 ) ;
#858 = LINE ( 'NONE', #199, #3510 ) ;
#859 = ORIENTED_EDGE ( 'NONE', *, *, #3017, .T. ) ;
#860 = CARTESIAN_POINT ( 'NONE',  ( 21.13850184839578361, 0.000000000000000000, -5.451718956770010394 ) ) ;
#861 = CYLINDRICAL_SURFACE ( 'NONE', #3430, 3.000000000000002665 ) ;
#862 = LINE ( 'NONE', #1820, #561 ) ;
#863 = ORIENTED_EDGE ( 'NONE', *, *, #2972, .T. ) ;
#864 = DIRECTION ( 'NONE',  ( 0.000000000000000000, 0.000000000000000000, 1.000000000000000000 ) ) ;
#865 = ORIENTED_EDGE ( 'NONE', *, *, #1383, .F. ) ;
#866 = DIRECTION ( 'NONE',  ( 0.000000000000000000, 0.000000000000000000, -1.000000000000000000 ) ) ;
#867 = CARTESIAN_POINT ( 'NONE',  ( -21.70518047803411932, 0.5931385510448720089, -1.018397586408351874 ) ) ;
#868 = DIRECTION ( 'NONE',  ( -0.000000000000000000, 0.000000000000000000, 1.000000000000000000 ) ) ;
#869 = VERTEX_POINT ( 'NONE', #3036 ) ;
#870 = EDGE_CURVE ( 'NONE', #904, #1671, #3013, .T. ) ;
#871 = VERTEX_POINT ( 'NONE', #1784 ) ;
#872 = CARTESIAN_POINT ( 'NONE',  ( -19.45171895677000862, 0.000000000000000000, -6.099131353081357787 ) ) ;
#873 = DIRECTION ( 'NONE',  ( 0.000000000000000000, 1.000000000000000000, 0.000000000000000000 ) ) ;
#874 = CYLINDRICAL_SURFACE ( 'NONE', #232, 3.000000000000002665 ) ;
#875 = ADVANCED_FACE ( 'NONE', ( #1382 ), #1082, .T. ) ;
#876 = EDGE_CURVE ( 'NONE', #3494, #1447, #3061, .T. ) ;
#877 = ORIENTED_EDGE ( 'NONE', *, *, #2876, .F. ) ;
#878 = CARTESIAN_POINT ( 'NONE',  ( 39.99999999999999289, -5.000000000000000000, 39.99999999999997868 ) ) ;
#879 = CARTESIAN_POINT ( 'NONE',  ( -30.54828104322998783, 0.000000000000000000, -14.00000000000000000 ) ) ;
#880 = EDGE_CURVE ( 'NONE', #3655, #1259, #3169, .T. ) ;
#881 = ORIENTED_EDGE ( 'NONE', *, *, #2137, .T. ) ;
#882 = PLANE ( 'NONE',  #1579 ) ;
#883 = LINE ( 'NONE', #3334, #1507 ) ;
#884 = ORIENTED_EDGE ( 'NONE', *, *, #75, .T. ) ;
#885 = AXIS2_PLACEMENT_3D ( 'NONE', #1117, #2379, #1773 ) ;
#886 = DIRECTION ( 'NONE',  ( 0.000000000000000000, 1.000000000000000000, 0.000000000000000000 ) ) ;
#887 = LINE ( 'NONE', #3775, #2171 ) ;
#888 = CARTESIAN_POINT ( 'NONE',  ( -29.00000000000000355, -4.000000000000000000, -8.000000000000000000 ) ) ;
#889 = ORIENTED_EDGE ( 'NONE', *, *, #3078, .F. ) ;
#890 = DIRECTION ( 'NONE',  ( -1.000000000000000000, 0.000000000000000000, -2.312964634635735561E-15 ) ) ;
#891 = VECTOR ( 'NONE', #2293, 1000.000000000000000 ) ;
#892 = VERTEX_POINT ( 'NONE', #3953 ) ;
#893 = DIRECTION ( 'NONE',  ( -0.000000000000000000, 1.000000000000000000, -0.000000000000000000 ) ) ;
#894 = CARTESIAN_POINT ( 'NONE',  ( -43.50000000000001421, -5.000000000000000000, 43.49999999999998579 ) ) ;
#895 = EDGE_CURVE ( 'NONE', #869, #672, #1467, .T. ) ;
#896 = ORIENTED_EDGE ( 'NONE', *, *, #1818, .F. ) ;
#897 = VECTOR ( 'NONE', #1391, 1000.000000000000000 ) ;
#898 = ORIENTED_EDGE ( 'NONE', *, *, #948, .F. ) ;
#899 = AXIS2_PLACEMENT_3D ( 'NONE', #3142, #2556, #3824 ) ;
#900 = EDGE_CURVE ( 'NONE', #2162, #3265, #2767, .T. ) ;
#901 = DIRECTION ( 'NONE',  ( 1.000000000000000000, -0.000000000000000000, 0.000000000000000000 ) ) ;
#902 = VECTOR ( 'NONE', #2144, 1000.000000000000000 ) ;
#903 = VECTOR ( 'NONE', #1413, 1000.000000000000000 ) ;
#904 = VERTEX_POINT ( 'NONE', #2141 ) ;
#905 = FACE_OUTER_BOUND ( 'NONE', #3342, .T. ) ;
#906 = EDGE_CURVE ( 'NONE', #3331, #593, #1195, .T. ) ;
#907 = FACE_BOUND ( 'NONE', #1541, .T. ) ;
#908 = PRODUCT_DEFINITION_FORMATION_WITH_SPECIFIED_SOURCE ( 'Symmetric', '', #816, .NOT_KNOWN. ) ;
#909 = VECTOR ( 'NONE', #1969, 1000.000000000000000 ) ;
#910 = ORIENTED_EDGE ( 'NONE', *, *, #3546, .T. ) ;
#911 = CARTESIAN_POINT ( 'NONE',  ( 17.00000000000000000, -4.000000000000000000, -4.499999999999990230 ) ) ;
#912 = CARTESIAN_POINT ( 'NONE',  ( -44.50000000000000000, -6.000000000000000000, 44.49999999999998579 ) ) ;
#913 = CARTESIAN_POINT ( 'NONE',  ( 31.00000000000000355, -7.000000000000000000, -14.00000000000000000 ) ) ;
#914 = ORIENTED_EDGE ( 'NONE', *, *, #3136, .T. ) ;
#915 = ORIENTED_EDGE ( 'NONE', *, *, #80, .T. ) ;
#916 = DIRECTION ( 'NONE',  ( -0.4733061507711229243, -0.7429418384264317998, -0.4733061507711230353 ) ) ;
#917 = DIRECTION ( 'NONE',  ( 0.000000000000000000, 0.000000000000000000, -1.000000000000000000 ) ) ;
#918 = ORIENTED_EDGE ( 'NONE', *, *, #3998, .F. ) ;
#919 = ORIENTED_EDGE ( 'NONE', *, *, #1358, .F. ) ;
#920 = CARTESIAN_POINT ( 'NONE',  ( -41.49999999999995737, -3.000000000000000000, 44.50000000000000000 ) ) ;
#921 = EDGE_CURVE ( 'NONE', #633, #690, #2475, .T. ) ;
#922 = VERTEX_POINT ( 'NONE', #2456 ) ;
#923 = CARTESIAN_POINT ( 'NONE',  ( -44.50000000000001421, -5.000000000000000888, 46.04999999999999716 ) ) ;
#924 = CARTESIAN_POINT ( 'NONE',  ( 22.64741239631131720, -4.000000000000000000, -14.00000000000002665 ) ) ;
#925 = ORIENTED_EDGE ( 'NONE', *, *, #2922, .F. ) ;
#926 = EDGE_CURVE ( 'NONE', #3820, #3855, #230, .T. ) ;
#927 = VERTEX_POINT ( 'NONE', #3746 ) ;
#928 = DIRECTION ( 'NONE',  ( 0.000000000000000000, 0.000000000000000000, -1.000000000000000000 ) ) ;
#929 = CARTESIAN_POINT ( 'NONE',  ( 41.49999999999995737, -3.000000000000000000, 47.50000000000001421 ) ) ;
#930 = FACE_OUTER_BOUND ( 'NONE', #694, .T. ) ;
#931 = VERTEX_POINT ( 'NONE', #4072 ) ;
#932 = PLANE ( 'NONE',  #755 ) ;
#933 = EDGE_CURVE ( 'NONE', #2607, #3177, #3417, .T. ) ;
#934 = ORIENTED_EDGE ( 'NONE', *, *, #2666, .F. ) ;
#935 = LINE ( 'NONE', #4128, #417 ) ;
#936 = FACE_BOUND ( 'NONE', #566, .T. ) ;
#937 = ORIENTED_EDGE ( 'NONE', *, *, #1798, .T. ) ;
#938 = ORIENTED_EDGE ( 'NONE', *, *, #3918, .F. ) ;
#939 = FACE_OUTER_BOUND ( 'NONE', #454, .T. ) ;
#940 = ORIENTED_EDGE ( 'NONE', *, *, #1230, .T. ) ;
#941 = FACE_BOUND ( 'NONE', #691, .T. ) ;
#942 = DIRECTION ( 'NONE',  ( 0.000000000000000000, 0.000000000000000000, 1.000000000000000000 ) ) ;
#943 = EDGE_CURVE ( 'NONE', #3559, #104, #862, .T. ) ;
#944 = ORIENTED_EDGE ( 'NONE', *, *, #2666, .T. ) ;
#945 = LINE ( 'NONE', #1916, #3707 ) ;
#946 = CARTESIAN_POINT ( 'NONE',  ( -41.49999999999998579, 0.000000000000000000, -44.50000000000000000 ) ) ;
#947 = DIRECTION ( 'NONE',  ( -1.000000000000000000, 0.000000000000000000, 2.312964634635735561E-15 ) ) ;
#948 = EDGE_CURVE ( 'NONE', #3855, #135, #1159, .T. ) ;
#949 = ORIENTED_EDGE ( 'NONE', *, *, #732, .F. ) ;
#950 = CARTESIAN_POINT ( 'NONE',  ( 47.49999999999997158, -3.000000000000000000, 41.50000000000000000 ) ) ;
#951 = EDGE_CURVE ( 'NONE', #247, #1066, #570, .T. ) ;
#952 = CIRCLE ( 'NONE', #3622, 2.000000000000000000 ) ;
#953 = EDGE_LOOP ( 'NONE', ( #1732, #840, #290, #2751, #2676, #2061, #1656, #2032 ) ) ;
#954 = LINE ( 'NONE', #3199, #1562 ) ;
#955 = DIRECTION ( 'NONE',  ( -2.168404344971018236E-16, 0.000000000000000000, -1.000000000000000000 ) ) ;
#956 = CIRCLE ( 'NONE', #3825, 3.000000000000002665 ) ;
#957 = EDGE_CURVE ( 'NONE', #836, #1850, #197, .T. ) ;
#958 = ORIENTED_EDGE ( 'NONE', *, *, #3441, .F. ) ;
#959 = AXIS2_PLACEMENT_3D ( 'NONE', #3574, #2001, #3926 ) ;
#960 = APPLICATION_PROTOCOL_DEFINITION ( 'draft international standard', 'automotive_design', 1998, #1289 ) ;
#961 = ORIENTED_EDGE ( 'NONE', *, *, #1769, .F. ) ;
#962 = DIRECTION ( 'NONE',  ( 0.000000000000000000, 1.000000000000000000, -0.000000000000000000 ) ) ;
#963 = VECTOR ( 'NONE', #766, 1000.000000000000000 ) ;
#964 = ORIENTED_EDGE ( 'NONE', *, *, #2353, .T. ) ;
#965 = AXIS2_PLACEMENT_3D ( 'NONE', #2454, #1531, #1758 ) ;
#966 = DIRECTION ( 'NONE',  ( 0.000000000000000000, 0.5372996083468219997, 0.8433914458128868308 ) ) ;
#967 = CARTESIAN_POINT ( 'NONE',  ( 23.68678289162575368, -4.000000000000000000, -13.99999999999999822 ) ) ;
#968 = DIRECTION ( 'NONE',  ( -0.4733061507711229798, 0.7429418384264317998, -0.4733061507711226468 ) ) ;
#969 = VECTOR ( 'NONE', #340, 999.9999999999998863 ) ;
#970 = VECTOR ( 'NONE', #3658, 1000.000000000000000 ) ;
#971 = ORIENTED_EDGE ( 'NONE', *, *, #3521, .F. ) ;
#972 = AXIS2_PLACEMENT_3D ( 'NONE', #2609, #122, #993 ) ;
#973 = CARTESIAN_POINT ( 'NONE',  ( 0.000000000000000000, -17.49999999999999645, 33.89955147909885369 ) ) ;
#974 = VECTOR ( 'NONE', #2217, 1000.000000000000000 ) ;
#975 = CARTESIAN_POINT ( 'NONE',  ( -23.68678289162575723, -4.000000000000000000, -8.000000000000000000 ) ) ;
#976 = CARTESIAN_POINT ( 'NONE',  ( -20.09913135308135068, 0.000000000000000000, -16.54828104322998783 ) ) ;
#977 = VERTEX_POINT ( 'NONE', #156 ) ;
#978 = CARTESIAN_POINT ( 'NONE',  ( 44.49999999999999289, -5.000000000000000888, -44.50000000000000000 ) ) ;
#979 = VECTOR ( 'NONE', #3715, 1000.000000000000000 ) ;
#980 = EDGE_CURVE ( 'NONE', #86, #2987, #628, .T. ) ;
#981 = VERTEX_POINT ( 'NONE', #1412 ) ;
#982 = DIRECTION ( 'NONE',  ( -0.000000000000000000, 1.000000000000000000, -0.000000000000000000 ) ) ;
#983 = FACE_OUTER_BOUND ( 'NONE', #3498, .T. ) ;
#984 = VECTOR ( 'NONE', #3166, 1000.000000000000000 ) ;
#985 = ORIENTED_EDGE ( 'NONE', *, *, #616, .T. ) ;
#986 = EDGE_CURVE ( 'NONE', #2758, #778, #3028, .T. ) ;
#987 = ORIENTED_EDGE ( 'NONE', *, *, #4135, .F. ) ;
#988 = CYLINDRICAL_SURFACE ( 'NONE', #3444, 3.000000000000002665 ) ;
#989 = ORIENTED_EDGE ( 'NONE', *, *, #1694, .F. ) ;
#990 = LINE ( 'NONE', #1380, #909 ) ;
#991 = DIRECTION ( 'NONE',  ( 0.000000000000000000, 0.5372996083468219997, -0.8433914458128869418 ) ) ;
#992 = VERTEX_POINT ( 'NONE', #2448 ) ;
#993 = DIRECTION ( 'NONE',  ( 0.000000000000000000, 0.000000000000000000, 1.000000000000000000 ) ) ;
#994 = DIRECTION ( 'NONE',  ( -0.000000000000000000, -1.000000000000000000, 0.000000000000000000 ) ) ;
#995 = CARTESIAN_POINT ( 'NONE',  ( 20.09913135308135779, 0.000000000000000000, -5.451718956770009505 ) ) ;
#996 = ORIENTED_EDGE ( 'NONE', *, *, #2100, .T. ) ;
#997 = LINE ( 'NONE', #1067, #891 ) ;
#998 = DIRECTION ( 'NONE',  ( 0.000000000000000000, 0.000000000000000000, 1.000000000000000000 ) ) ;
#999 = PLANE ( 'NONE',  #1778 ) ;
#1000 = VERTEX_POINT ( 'NONE', #2738 ) ;
#1001 = EDGE_CURVE ( 'NONE', #3759, #2599, #3721, .T. ) ;
#1002 = VERTEX_POINT ( 'NONE', #451 ) ;
#1003 = CARTESIAN_POINT ( 'NONE',  ( 10.17857998249390761, -17.49999999999999645, 27.49179709086813972 ) ) ;
#1004 = EDGE_CURVE ( 'NONE', #2551, #2197, #857, .T. ) ;
#1005 = ADVANCED_FACE ( 'NONE', ( #1098 ), #3007, .F. ) ;
#1006 = ORIENTED_EDGE ( 'NONE', *, *, #776, .F. ) ;
#1007 = CARTESIAN_POINT ( 'NONE',  ( -19.00000000000000355, -7.000000000000000000, -16.00000000000000000 ) ) ;
#1008 = EDGE_CURVE ( 'NONE', #1931, #263, #3695, .T. ) ;
#1009 = CARTESIAN_POINT ( 'NONE',  ( 19.00000000000000355, -7.000000000000000000, -16.00000000000000000 ) ) ;
#1010 = ORIENTED_EDGE ( 'NONE', *, *, #1458, .T. ) ;
#1011 = CARTESIAN_POINT ( 'NONE',  ( 28.00000000000000000, -4.000000000000000000, -9.686782891625753678 ) ) ;
#1012 = CARTESIAN_POINT ( 'NONE',  ( -44.50000000000001421, -6.000000000000000000, -46.60000000000001563 ) ) ;
#1013 = CYLINDRICAL_SURFACE ( 'NONE', #3051, 3.500000000000003109 ) ;
#1014 = ORIENTED_EDGE ( 'NONE', *, *, #2189, .T. ) ;
#1015 = DIRECTION ( 'NONE',  ( 0.000000000000000000, 0.000000000000000000, -1.000000000000000000 ) ) ;
#1016 = ORIENTED_EDGE ( 'NONE', *, *, #1874, .T. ) ;
#1017 = DIRECTION ( 'NONE',  ( 0.000000000000000000, 0.000000000000000000, -1.000000000000000000 ) ) ;
#1018 = LINE ( 'NONE', #2042, #2975 ) ;
#1019 = VERTEX_POINT ( 'NONE', #1119 ) ;
#1020 = ORIENTED_EDGE ( 'NONE', *, *, #431, .T. ) ;
#1021 = CIRCLE ( 'NONE', #2895, 3.500000000000003109 ) ;
#1022 = DIRECTION ( 'NONE',  ( 1.000000000000000000, 0.000000000000000000, 0.000000000000000000 ) ) ;
#1023 = AXIS2_PLACEMENT_3D ( 'NONE', #2726, #801, #3349 ) ;
#1024 = VERTEX_POINT ( 'NONE', #4015 ) ;
#1025 = ADVANCED_FACE ( 'NONE', ( #474 ), #1140, .F. ) ;
#1026 = CARTESIAN_POINT ( 'NONE',  ( -22.64741239631132430, -4.000000000000000000, -7.999999999999968914 ) ) ;
#1027 = VECTOR ( 'NONE', #164, 1000.000000000000000 ) ;
#1028 = FACE_OUTER_BOUND ( 'NONE', #1108, .T. ) ;
#1029 = ORIENTED_EDGE ( 'NONE', *, *, #2543, .F. ) ;
#1030 = EDGE_CURVE ( 'NONE', #1394, #1872, #3369, .T. ) ;
#1031 = DIRECTION ( 'NONE',  ( -0.000000000000000000, 1.000000000000000000, -0.000000000000000000 ) ) ;
#1032 = VECTOR ( 'NONE', #1636, 1000.000000000000000 ) ;
#1033 = ORIENTED_EDGE ( 'NONE', *, *, #1526, .T. ) ;
#1034 = DIRECTION ( 'NONE',  ( -5.782411586589357639E-16, 0.000000000000000000, 1.000000000000000000 ) ) ;
#1035 = AXIS2_PLACEMENT_3D ( 'NONE', #3312, #1362, #2012 ) ;
#1036 = VECTOR ( 'NONE', #1441, 1000.000000000000000 ) ;
#1037 = DIRECTION ( 'NONE',  ( -0.000000000000000000, 0.000000000000000000, 1.000000000000000000 ) ) ;
#1038 = DIRECTION ( 'NONE',  ( -0.000000000000000000, 1.000000000000000000, 0.000000000000000000 ) ) ;
#1039 = ORIENTED_EDGE ( 'NONE', *, *, #580, .F. ) ;
#1040 = AXIS2_PLACEMENT_3D ( 'NONE', #3200, #2886, #3801 ) ;
#1041 = ORIENTED_EDGE ( 'NONE', *, *, #647, .F. ) ;
#1042 = CARTESIAN_POINT ( 'NONE',  ( 33.00000000000000000, -7.000000000000000000, -18.00000000000001066 ) ) ;
#1043 = ORIENTED_EDGE ( 'NONE', *, *, #2268, .T. ) ;
#1044 = CARTESIAN_POINT ( 'NONE',  ( 47.50000000000000000, 0.000000000000000000, -41.50000000000000000 ) ) ;
#1045 = CARTESIAN_POINT ( 'NONE',  ( -10.17857998249391116, -17.49999999999999645, -2.942836941289964748E-15 ) ) ;
#1046 = ADVANCED_FACE ( 'NONE', ( #3392 ), #1074, .F. ) ;
#1047 = ORIENTED_EDGE ( 'NONE', *, *, #1120, .T. ) ;
#1048 = LINE ( 'NONE', #2996, #1975 ) ;
#1049 = CARTESIAN_POINT ( 'NONE',  ( 30.54828104322998783, 0.000000000000000000, -14.86149815160421461 ) ) ;
#1050 = ORIENTED_EDGE ( 'NONE', *, *, #3492, .F. ) ;
#1051 = FACE_BOUND ( 'NONE', #211, .T. ) ;
#1052 = EDGE_CURVE ( 'NONE', #2023, #1111, #4037, .T. ) ;
#1053 = DIRECTION ( 'NONE',  ( 0.000000000000000000, 1.000000000000000000, -0.000000000000000000 ) ) ;
#1054 = CARTESIAN_POINT ( 'NONE',  ( -8.491797090868139719, -17.49999999999999645, 29.17857998249390761 ) ) ;
#1055 = ORIENTED_EDGE ( 'NONE', *, *, #948, .T. ) ;
#1056 = EDGE_CURVE ( 'NONE', #682, #3268, #1422, .T. ) ;
#1057 = ORIENTED_EDGE ( 'NONE', *, *, #580, .T. ) ;
#1058 = DIRECTION ( 'NONE',  ( 0.000000000000000000, -1.000000000000000000, -0.000000000000000000 ) ) ;
#1059 = ORIENTED_EDGE ( 'NONE', *, *, #2245, .F. ) ;
#1060 = CARTESIAN_POINT ( 'NONE',  ( 23.30891196021664058, -2.332262232261528734, -12.69108803978335942 ) ) ;
#1061 = CARTESIAN_POINT ( 'NONE',  ( -29.00000000000000355, -7.000000000000000000, -16.00000000000000000 ) ) ;
#1062 = ORIENTED_EDGE ( 'NONE', *, *, #285, .F. ) ;
#1063 = CARTESIAN_POINT ( 'NONE',  ( 28.00000000000003197, -4.000000000000000000, -8.647412396311320748 ) ) ;
#1064 = EDGE_CURVE ( 'NONE', #3507, #3255, #178, .T. ) ;
#1065 = DIRECTION ( 'NONE',  ( 0.000000000000000000, 0.000000000000000000, -1.000000000000000000 ) ) ;
#1066 = VERTEX_POINT ( 'NONE', #3696 ) ;
#1067 = CARTESIAN_POINT ( 'NONE',  ( 31.00000000000000355, -4.000000000000000000, -6.000000000000000000 ) ) ;
#1068 = EDGE_CURVE ( 'NONE', #1961, #1388, #3465, .T. ) ;
#1069 = CARTESIAN_POINT ( 'NONE',  ( 1.999999999999988676, -0.2000000000000000111, -7.499999999999998224 ) ) ;
#1070 = CARTESIAN_POINT ( 'NONE',  ( -44.49999999999999289, -2.999999999999999112, -46.04999999999999716 ) ) ;
#1071 = ORIENTED_EDGE ( 'NONE', *, *, #120, .T. ) ;
#1072 = VERTEX_POINT ( 'NONE', #3091 ) ;
#1073 = EDGE_CURVE ( 'NONE', #4040, #2848, #2094, .T. ) ;
#1074 = CYLINDRICAL_SURFACE ( 'NONE', #2571, 1.999999999999999778 ) ;
#1075 = CARTESIAN_POINT ( 'NONE',  ( 44.49999999999999289, -17.50000000000000000, 44.50000000000000000 ) ) ;
#1076 = VECTOR ( 'NONE', #3228, 1000.000000000000000 ) ;
#1077 = ORIENTED_EDGE ( 'NONE', *, *, #1210, .F. ) ;
#1078 = DIRECTION ( 'NONE',  ( -1.000000000000000000, 0.000000000000000000, 0.000000000000000000 ) ) ;
#1079 = DIRECTION ( 'NONE',  ( 0.000000000000000000, 1.000000000000000000, 0.000000000000000000 ) ) ;
#1080 = VECTOR ( 'NONE', #1368, 1000.000000000000000 ) ;
#1081 = PLANE ( 'NONE',  #1553 ) ;
#1082 = PLANE ( 'NONE',  #2167 ) ;
#1083 = ORIENTED_EDGE ( 'NONE', *, *, #1889, .F. ) ;
#1084 = VECTOR ( 'NONE', #3437, 1000.000000000000000 ) ;
#1085 = CYLINDRICAL_SURFACE ( 'NONE', #3306, 2.100000000000004530 ) ;
#1086 = DIRECTION ( 'NONE',  ( 0.000000000000000000, 1.000000000000000000, 0.000000000000000000 ) ) ;
#1087 = ORIENTED_EDGE ( 'NONE', *, *, #2214, .F. ) ;
#1088 = CARTESIAN_POINT ( 'NONE',  ( 3.499999999999998224, -0.2000000000000000111, -9.000000000000007105 ) ) ;
#1089 = AXIS2_PLACEMENT_3D ( 'NONE', #1685, #2574, #998 ) ;
#1090 = DIRECTION ( 'NONE',  ( -0.000000000000000000, 1.000000000000000000, -0.000000000000000000 ) ) ;
#1091 = FACE_OUTER_BOUND ( 'NONE', #719, .T. ) ;
#1092 = ORIENTED_EDGE ( 'NONE', *, *, #2749, .F. ) ;
#1093 = CARTESIAN_POINT ( 'NONE',  ( -44.49999999999996447, -3.000000000000000000, 41.49999999999999289 ) ) ;
#1094 = AXIS2_PLACEMENT_3D ( 'NONE', #2480, #788, #2256 ) ;
#1095 = AXIS2_PLACEMENT_3D ( 'NONE', #845, #4024, #2393 ) ;
#1096 = EDGE_CURVE ( 'NONE', #3747, #3274, #23, .T. ) ;
#1097 = VERTEX_POINT ( 'NONE', #1876 ) ;
#1098 = FACE_OUTER_BOUND ( 'NONE', #2604, .T. ) ;
#1099 = CIRCLE ( 'NONE', #3452, 1.550000000000002709 ) ;
#1100 = LINE ( 'NONE', #795, #2708 ) ;
#1101 = EDGE_CURVE ( 'NONE', #2046, #2292, #287, .T. ) ;
#1102 = AXIS2_PLACEMENT_3D ( 'NONE', #400, #1031, #3605 ) ;
#1103 = ORIENTED_EDGE ( 'NONE', *, *, #1929, .T. ) ;
#1104 = LINE ( 'NONE', #3429, #2182 ) ;
#1105 = LINE ( 'NONE', #818, #1296 ) ;
#1106 = DIRECTION ( 'NONE',  ( -0.000000000000000000, 1.000000000000000000, -0.000000000000000000 ) ) ;
#1107 = CARTESIAN_POINT ( 'NONE',  ( 22.00000000000000000, -4.000000000000000000, 0.000000000000000000 ) ) ;
#1108 = EDGE_LOOP ( 'NONE', ( #473, #1883, #245, #3602, #170, #226 ) ) ;
#1109 = DIRECTION ( 'NONE',  ( -0.000000000000000000, -1.000000000000000000, -0.000000000000000000 ) ) ;
#1110 = CARTESIAN_POINT ( 'NONE',  ( 44.49999999999999289, -5.000000000000000888, 44.50000000000000000 ) ) ;
#1111 = VERTEX_POINT ( 'NONE', #1227 ) ;
#1112 = CARTESIAN_POINT ( 'NONE',  ( -46.60000000000002984, -5.000000000000000000, 44.49999999999998579 ) ) ;
#1113 = DIRECTION ( 'NONE',  ( 0.000000000000000000, 0.000000000000000000, 1.000000000000000000 ) ) ;
#1114 = LINE ( 'NONE', #128, #2029 ) ;
#1115 = FACE_OUTER_BOUND ( 'NONE', #540, .T. ) ;
#1116 = ORIENTED_EDGE ( 'NONE', *, *, #1385, .T. ) ;
#1117 = CARTESIAN_POINT ( 'NONE',  ( 43.50000000000000000, -5.000000000000000000, 43.49999999999998579 ) ) ;
#1118 = ORIENTED_EDGE ( 'NONE', *, *, #3891, .F. ) ;
#1119 = CARTESIAN_POINT ( 'NONE',  ( -43.50000000000001421, -5.000000000000000000, 39.99999999999997868 ) ) ;
#1120 = EDGE_CURVE ( 'NONE', #3351, #2694, #4110, .T. ) ;
#1121 = DIRECTION ( 'NONE',  ( -0.4733061507711230909, 0.7429418384264317998, -0.4733061507711227023 ) ) ;
#1122 = VERTEX_POINT ( 'NONE', #2511 ) ;
#1123 = EDGE_CURVE ( 'NONE', #2526, #869, #3428, .T. ) ;
#1124 = DIRECTION ( 'NONE',  ( 0.000000000000000000, 0.000000000000000000, -1.000000000000000000 ) ) ;
#1125 = ADVANCED_FACE ( 'NONE', ( #4148 ), #562, .F. ) ;
#1126 = LINE ( 'NONE', #1783, #1218 ) ;
#1127 = DIRECTION ( 'NONE',  ( 2.168404344971017496E-16, 0.000000000000000000, 1.000000000000000000 ) ) ;
#1128 = VERTEX_POINT ( 'NONE', #1837 ) ;
#1129 = CARTESIAN_POINT ( 'NONE',  ( 41.49999999999995737, 0.000000000000000000, 44.50000000000000000 ) ) ;
#1130 = EDGE_CURVE ( 'NONE', #1314, #593, #3739, .T. ) ;
#1131 = DIRECTION ( 'NONE',  ( 0.000000000000000000, 0.000000000000000000, -1.000000000000000000 ) ) ;
#1132 = VERTEX_POINT ( 'NONE', #1566 ) ;
#1133 = CARTESIAN_POINT ( 'NONE',  ( -3.500000000000000444, -0.2000000000000000111, -9.000000000000008882 ) ) ;
#1134 = FACE_OUTER_BOUND ( 'NONE', #1753, .T. ) ;
#1135 = CARTESIAN_POINT ( 'NONE',  ( -44.50000000000000000, -4.000000000000000000, 47.49999999999998579 ) ) ;
#1136 = DIRECTION ( 'NONE',  ( 0.000000000000000000, 0.000000000000000000, -1.000000000000000000 ) ) ;
#1137 = ORIENTED_EDGE ( 'NONE', *, *, #2268, .F. ) ;
#1138 = CYLINDRICAL_SURFACE ( 'NONE', #2693, 1.550000000000002709 ) ;
#1139 = ORIENTED_EDGE ( 'NONE', *, *, #2308, .F. ) ;
#1140 = PLANE ( 'NONE',  #3371 ) ;
#1141 = LINE ( 'NONE', #134, #1705 ) ;
#1142 = ORIENTED_EDGE ( 'NONE', *, *, #2026, .T. ) ;
#1143 = LINE ( 'NONE', #3701, #3908 ) ;
#1144 = DIRECTION ( 'NONE',  ( 0.000000000000000000, -1.000000000000000000, 0.000000000000000000 ) ) ;
#1145 = CARTESIAN_POINT ( 'NONE',  ( 30.54828104322999138, 0.000000000000000000, -6.099131353081359563 ) ) ;
#1146 = EDGE_CURVE ( 'NONE', #3832, #3817, #3895, .T. ) ;
#1147 = ORIENTED_EDGE ( 'NONE', *, *, #3075, .T. ) ;
#1148 = LINE ( 'NONE', #3015, #428 ) ;
#1149 = VECTOR ( 'NONE', #488, 1000.000000000000000 ) ;
#1150 = CARTESIAN_POINT ( 'NONE',  ( -44.50000000000000000, -6.000000000000000000, 47.49999999999998579 ) ) ;
#1151 = EDGE_LOOP ( 'NONE', ( #3088, #2414, #3486, #286, #656, #1701 ) ) ;
#1152 = CARTESIAN_POINT ( 'NONE',  ( 44.49999999999998579, -6.000000000000000000, -47.50000000000001421 ) ) ;
#1153 = VECTOR ( 'NONE', #3073, 1000.000000000000000 ) ;
#1154 = EDGE_CURVE ( 'NONE', #254, #3672, #2699, .T. ) ;
#1155 = LINE ( 'NONE', #2082, #769 ) ;
#1156 = DIRECTION ( 'NONE',  ( 0.000000000000000000, 0.000000000000000000, -1.000000000000000000 ) ) ;
#1157 = DIRECTION ( 'NONE',  ( 1.000000000000000000, 0.000000000000000000, 0.000000000000000000 ) ) ;
#1158 = AXIS2_PLACEMENT_3D ( 'NONE', #3257, #3951, #665 ) ;
#1159 =( BOUNDED_CURVE ( )  B_SPLINE_CURVE ( 3, ( #3079, #206, #2759, #794 ),
 .UNSPECIFIED., .F., .F. ) 
 B_SPLINE_CURVE_WITH_KNOTS ( ( 4, 4 ),
 ( 5.644216746759609826, 6.922153867599563526 ),
 .UNSPECIFIED. ) 
 CURVE ( )  GEOMETRIC_REPRESENTATION_ITEM ( )  RATIONAL_B_SPLINE_CURVE ( ( 1.000000000000000000, 0.8684742014189966719, 0.8684742014189966719, 1.000000000000000000 ) ) 
 REPRESENTATION_ITEM ( '' )  );
#1160 = ORIENTED_EDGE ( 'NONE', *, *, #3391, .F. ) ;
#1161 = CARTESIAN_POINT ( 'NONE',  ( -21.00000000000000355, -7.000000000000000000, -16.00000000000000000 ) ) ;
#1162 = CIRCLE ( 'NONE', #2579, 2.000000000000000000 ) ;
#1163 = EDGE_LOOP ( 'NONE', ( #3724, #3406, #589, #1659 ) ) ;
#1164 = DIRECTION ( 'NONE',  ( 0.000000000000000000, 0.000000000000000000, -1.000000000000000000 ) ) ;
#1165 = CARTESIAN_POINT ( 'NONE',  ( 44.49999999999999289, -17.50000000000000000, 46.04999999999999716 ) ) ;
#1166 = AXIS2_PLACEMENT_3D ( 'NONE', #2459, #822, #1131 ) ;
#1167 = CIRCLE ( 'NONE', #161, 2.000000000000000000 ) ;
#1168 = ORIENTED_EDGE ( 'NONE', *, *, #3182, .T. ) ;
#1169 = AXIS2_PLACEMENT_3D ( 'NONE', #2663, #2624, #3915 ) ;
#1170 = CARTESIAN_POINT ( 'NONE',  ( -19.64052665499921346, 0.000000000000000000, -2.327309546624991565 ) ) ;
#1171 = CARTESIAN_POINT ( 'NONE',  ( 17.00000000000000000, -7.000000000000000000, -18.00000000000001066 ) ) ;
#1172 = DIRECTION ( 'NONE',  ( 0.4733061507711230353, 0.7429418384264316888, -0.4733061507711230353 ) ) ;
#1173 = VECTOR ( 'NONE', #1764, 1000.000000000000000 ) ;
#1174 = ORIENTED_EDGE ( 'NONE', *, *, #3968, .T. ) ;
#1175 = DIRECTION ( 'NONE',  ( -1.000000000000000000, -0.000000000000000000, -4.336808689942032527E-16 ) ) ;
#1176 = AXIS2_PLACEMENT_3D ( 'NONE', #2797, #1198, #2478 ) ;
#1177 = CARTESIAN_POINT ( 'NONE',  ( -3.500000000000001776, 0.000000000000000000, -12.99999999999999112 ) ) ;
#1178 = EDGE_CURVE ( 'NONE', #2373, #3699, #1226, .T. ) ;
#1179 = ORIENTED_EDGE ( 'NONE', *, *, #2828, .T. ) ;
#1180 = DIRECTION ( 'NONE',  ( 0.000000000000000000, -0.000000000000000000, 1.000000000000000000 ) ) ;
#1181 = DIRECTION ( 'NONE',  ( -0.000000000000000000, 1.000000000000000000, -0.000000000000000000 ) ) ;
#1182 = LINE ( 'NONE', #3734, #3241 ) ;
#1183 = CARTESIAN_POINT ( 'NONE',  ( 26.31321710837424632, -4.000000000000000000, -13.99999999999999822 ) ) ;
#1184 = EDGE_CURVE ( 'NONE', #1879, #832, #2200, .T. ) ;
#1185 = ORIENTED_EDGE ( 'NONE', *, *, #1602, .T. ) ;
#1186 = CARTESIAN_POINT ( 'NONE',  ( 20.09913135308135779, 0.000000000000000000, -16.54828104322998783 ) ) ;
#1187 = EDGE_CURVE ( 'NONE', #104, #1393, #3324, .T. ) ;
#1188 = ORIENTED_EDGE ( 'NONE', *, *, #933, .F. ) ;
#1189 = DIRECTION ( 'NONE',  ( -0.000000000000000000, 1.000000000000000000, -0.000000000000000000 ) ) ;
#1190 = LINE ( 'NONE', #2072, #508 ) ;
#1191 = EDGE_CURVE ( 'NONE', #3236, #3543, #1545, .T. ) ;
#1192 = DIRECTION ( 'NONE',  ( -0.000000000000000000, 1.000000000000000000, -0.000000000000000000 ) ) ;
#1193 = ORIENTED_EDGE ( 'NONE', *, *, #2411, .T. ) ;
#1194 = CARTESIAN_POINT ( 'NONE',  ( 19.07384802536087776, 0.5931385510448714538, -15.23936908301334547 ) ) ;
#1195 = LINE ( 'NONE', #2794, #3436 ) ;
#1196 = ORIENTED_EDGE ( 'NONE', *, *, #2360, .T. ) ;
#1197 = DIRECTION ( 'NONE',  ( -0.000000000000000000, 1.000000000000000000, -0.000000000000000000 ) ) ;
#1198 = DIRECTION ( 'NONE',  ( 0.000000000000000000, 1.000000000000000000, -0.000000000000000000 ) ) ;
#1199 = VERTEX_POINT ( 'NONE', #2825 ) ;
#1200 = DIRECTION ( 'NONE',  ( -1.000000000000000000, 0.000000000000000000, 0.000000000000000000 ) ) ;
#1201 = CARTESIAN_POINT ( 'NONE',  ( -40.00000000000000711, -4.000000000000000000, 39.99999999999997868 ) ) ;
#1202 = DIRECTION ( 'NONE',  ( 0.000000000000000000, -1.000000000000000000, 0.000000000000000000 ) ) ;
#1203 = ORIENTED_EDGE ( 'NONE', *, *, #951, .F. ) ;
#1204 = LINE ( 'NONE', #2843, #2695 ) ;
#1205 = EDGE_CURVE ( 'NONE', #2925, #3655, #935, .T. ) ;
#1206 = ORIENTED_EDGE ( 'NONE', *, *, #3485, .T. ) ;
#1207 = DIRECTION ( 'NONE',  ( 0.000000000000000000, 0.000000000000000000, -1.000000000000000000 ) ) ;
#1208 = FACE_OUTER_BOUND ( 'NONE', #4069, .T. ) ;
#1209 = ORIENTED_EDGE ( 'NONE', *, *, #209, .T. ) ;
#1210 = EDGE_CURVE ( 'NONE', #609, #1024, #2216, .T. ) ;
#1211 = ORIENTED_EDGE ( 'NONE', *, *, #1383, .T. ) ;
#1212 = DIRECTION ( 'NONE',  ( 0.000000000000000000, 0.000000000000000000, 1.000000000000000000 ) ) ;
#1213 = CARTESIAN_POINT ( 'NONE',  ( 33.00000000000000000, -7.000000000000000000, -5.204170427930421283E-15 ) ) ;
#1214 = ORIENTED_EDGE ( 'NONE', *, *, #2722, .T. ) ;
#1215 = FACE_BOUND ( 'NONE', #2138, .T. ) ;
#1216 = LINE ( 'NONE', #1552, #838 ) ;
#1217 = ORIENTED_EDGE ( 'NONE', *, *, #3843, .F. ) ;
#1218 = VECTOR ( 'NONE', #457, 1000.000000000000000 ) ;
#1219 = DIRECTION ( 'NONE',  ( 0.000000000000000000, 1.000000000000000000, 0.000000000000000000 ) ) ;
#1220 = CARTESIAN_POINT ( 'NONE',  ( 39.99999999999999289, -4.000000000000000000, 43.49999999999998579 ) ) ;
#1221 = LINE ( 'NONE', #3171, #2118 ) ;
#1222 = ORIENTED_EDGE ( 'NONE', *, *, #1123, .T. ) ;
#1223 = LINE ( 'NONE', #3508, #1759 ) ;
#1224 = AXIS2_PLACEMENT_3D ( 'NONE', #3066, #2999, #1405 ) ;
#1225 = VERTEX_POINT ( 'NONE', #3513 ) ;
#1226 = CIRCLE ( 'NONE', #3238, 0.9999999999999991118 ) ;
#1227 = CARTESIAN_POINT ( 'NONE',  ( -41.49999999999998579, -3.000000000000000000, -47.50000000000001421 ) ) ;
#1228 = CARTESIAN_POINT ( 'NONE',  ( 44.49999999999998579, -5.000000000000000000, -46.60000000000001563 ) ) ;
#1229 = EDGE_LOOP ( 'NONE', ( #1016, #1174, #2085, #3335 ) ) ;
#1230 = EDGE_CURVE ( 'NONE', #271, #3624, #3119, .T. ) ;
#1231 = VECTOR ( 'NONE', #1053, 1000.000000000000000 ) ;
#1232 = VERTEX_POINT ( 'NONE', #1267 ) ;
#1233 = AXIS2_PLACEMENT_3D ( 'NONE', #2934, #2358, #1691 ) ;
#1234 = FACE_OUTER_BOUND ( 'NONE', #3954, .T. ) ;
#1235 = EDGE_CURVE ( 'NONE', #3325, #1875, #4066, .T. ) ;
#1236 = AXIS2_PLACEMENT_3D ( 'NONE', #3145, #966, #4074 ) ;
#1237 = ORIENTED_EDGE ( 'NONE', *, *, #630, .F. ) ;
#1238 = CARTESIAN_POINT ( 'NONE',  ( -41.49999999999998579, 0.000000000000000000, -47.50000000000001421 ) ) ;
#1239 = CARTESIAN_POINT ( 'NONE',  ( -28.00000000000000000, -4.000000000000000000, -12.31321710837424632 ) ) ;
#1240 = EDGE_CURVE ( 'NONE', #1306, #2816, #954, .T. ) ;
#1241 = EDGE_LOOP ( 'NONE', ( #3026, #4132, #1425, #1731 ) ) ;
#1242 = AXIS2_PLACEMENT_3D ( 'NONE', #1540, #601, #3484 ) ;
#1243 = DIRECTION ( 'NONE',  ( -1.000000000000000000, 0.000000000000000000, 0.000000000000000000 ) ) ;
#1244 = DIRECTION ( 'NONE',  ( 0.000000000000000000, 0.000000000000000000, 1.000000000000000000 ) ) ;
#1245 = CARTESIAN_POINT ( 'NONE',  ( -3.000000000000000888, 0.000000000000000000, -9.000000000000007105 ) ) ;
#1246 = ORIENTED_EDGE ( 'NONE', *, *, #2650, .T. ) ;
#1247 = CYLINDRICAL_SURFACE ( 'NONE', #3365, 1.550000000000002709 ) ;
#1248 = ORIENTED_EDGE ( 'NONE', *, *, #2132, .F. ) ;
#1249 = CARTESIAN_POINT ( 'NONE',  ( 0.000000000000000000, -17.49999999999999645, 4.100448520901167626 ) ) ;
#1250 = FACE_OUTER_BOUND ( 'NONE', #3475, .T. ) ;
#1251 = VERTEX_POINT ( 'NONE', #2317 ) ;
#1252 = ORIENTED_EDGE ( 'NONE', *, *, #3663, .T. ) ;
#1253 = CARTESIAN_POINT ( 'NONE',  ( 13.72097149660499049, -19.34999999999999787, -5.204170427930421283E-15 ) ) ;
#1254 = ORIENTED_EDGE ( 'NONE', *, *, #1515, .T. ) ;
#1255 = ADVANCED_FACE ( 'NONE', ( #1345, #2657 ), #2960, .F. ) ;
#1256 = FACE_BOUND ( 'NONE', #1744, .T. ) ;
#1257 = EDGE_CURVE ( 'NONE', #3820, #2133, #1310, .T. ) ;
#1258 = FACE_OUTER_BOUND ( 'NONE', #3049, .T. ) ;
#1259 = VERTEX_POINT ( 'NONE', #14 ) ;
#1260 = ADVANCED_FACE ( 'NONE', ( #670 ), #1942, .F. ) ;
#1261 =( NAMED_UNIT ( * ) PLANE_ANGLE_UNIT ( ) SI_UNIT ( $, .RADIAN. ) );
#1262 = DIRECTION ( 'NONE',  ( 0.000000000000000000, 1.000000000000000000, 0.000000000000000000 ) ) ;
#1263 = CARTESIAN_POINT ( 'NONE',  ( -21.13850184839578006, 0.000000000000000000, -16.54828104322998783 ) ) ;
#1264 = ORIENTED_EDGE ( 'NONE', *, *, #1795, .T. ) ;
#1265 = LINE ( 'NONE', #3487, #1690 ) ;
#1266 = ORIENTED_EDGE ( 'NONE', *, *, #3560, .T. ) ;
#1267 = CARTESIAN_POINT ( 'NONE',  ( 43.50000000000000000, -5.000000000000000000, 39.99999999999997868 ) ) ;
#1268 = PLANE ( 'NONE',  #1646 ) ;
#1269 = ORIENTED_EDGE ( 'NONE', *, *, #3391, .T. ) ;
#1270 = ORIENTED_EDGE ( 'NONE', *, *, #3441, .T. ) ;
#1271 = CARTESIAN_POINT ( 'NONE',  ( 44.50000000000000000, -5.000000000000000000, 44.49999999999998579 ) ) ;
#1272 = EDGE_LOOP ( 'NONE', ( #3065, #686, #1059, #622 ) ) ;
#1273 = CARTESIAN_POINT ( 'NONE',  ( -29.00000000000000355, -7.000000000000000000, -8.000000000000000000 ) ) ;
#1274 = FACE_OUTER_BOUND ( 'NONE', #3220, .T. ) ;
#1275 = CARTESIAN_POINT ( 'NONE',  ( 47.49999999999997158, 0.000000000000000000, 41.50000000000000000 ) ) ;
#1276 = EDGE_CURVE ( 'NONE', #3236, #2705, #730, .T. ) ;
#1277 = VERTEX_POINT ( 'NONE', #2597 ) ;
#1278 = DIRECTION ( 'NONE',  ( 1.460819769243627131E-16, 0.000000000000000000, 1.000000000000000000 ) ) ;
#1279 = FACE_BOUND ( 'NONE', #277, .T. ) ;
#1280 = DIRECTION ( 'NONE',  ( -0.4733061507711228133, -0.7429418384264316888, -0.4733061507711229798 ) ) ;
#1281 = ORIENTED_EDGE ( 'NONE', *, *, #2261, .T. ) ;
#1282 = DIRECTION ( 'NONE',  ( -0.4733061507711229798, -0.7429418384264317998, 0.4733061507711229243 ) ) ;
#1283 = ADVANCED_FACE ( 'NONE', ( #1630 ), #2928, .F. ) ;
#1284 = AXIS2_PLACEMENT_3D ( 'NONE', #373, #714, #3280 ) ;
#1285 = CARTESIAN_POINT ( 'NONE',  ( -2.000000000000001776, -0.2000000000000000111, -12.99999999999999822 ) ) ;
#1286 = LINE ( 'NONE', #1943, #715 ) ;
#1287 = VECTOR ( 'NONE', #1307, 1000.000000000000000 ) ;
#1288 = ORIENTED_EDGE ( 'NONE', *, *, #2416, .F. ) ;
#1289 = APPLICATION_CONTEXT ( 'automotive_design' ) ;
#1290 = VECTOR ( 'NONE', #1189, 1000.000000000000000 ) ;
#1291 = PRODUCT_CONTEXT ( 'NONE', #3001, 'mechanical' ) ;
#1292 = ORIENTED_EDGE ( 'NONE', *, *, #2979, .F. ) ;
#1293 = CARTESIAN_POINT ( 'NONE',  ( -41.49999999999998579, -3.000000000000000000, -44.50000000000000000 ) ) ;
#1294 = VECTOR ( 'NONE', #1653, 1000.000000000000000 ) ;
#1295 = ORIENTED_EDGE ( 'NONE', *, *, #1056, .F. ) ;
#1296 = VECTOR ( 'NONE', #2093, 1000.000000000000000 ) ;
#1297 = CARTESIAN_POINT ( 'NONE',  ( 46.59999999999998721, -6.000000000000000000, -44.50000000000001421 ) ) ;
#1298 = DIRECTION ( 'NONE',  ( 0.000000000000000000, 0.000000000000000000, -1.000000000000000000 ) ) ;
#1299 = ORIENTED_EDGE ( 'NONE', *, *, #292, .T. ) ;
#1300 = ORIENTED_EDGE ( 'NONE', *, *, #2568, .F. ) ;
#1301 = DIRECTION ( 'NONE',  ( 1.000000000000000000, 0.000000000000000000, -0.000000000000000000 ) ) ;
#1302 = AXIS2_PLACEMENT_3D ( 'NONE', #56, #331, #2575 ) ;
#1303 = EDGE_CURVE ( 'NONE', #4116, #11, #3297, .T. ) ;
#1304 = CARTESIAN_POINT ( 'NONE',  ( -27.35258760368866859, -4.000000000000000000, -7.999999999999972466 ) ) ;
#1305 = DIRECTION ( 'NONE',  ( -0.000000000000000000, 0.000000000000000000, -1.000000000000000000 ) ) ;
#1306 = VERTEX_POINT ( 'NONE', #3865 ) ;
#1307 = DIRECTION ( 'NONE',  ( -0.000000000000000000, -0.000000000000000000, 1.000000000000000000 ) ) ;
#1308 = VECTOR ( 'NONE', #216, 1000.000000000000000 ) ;
#1309 = EDGE_CURVE ( 'NONE', #1277, #2162, #2359, .T. ) ;
#1310 = LINE ( 'NONE', #2943, #291 ) ;
#1311 = CARTESIAN_POINT ( 'NONE',  ( -44.50000000000000000, -6.000000000000000000, 44.49999999999998579 ) ) ;
#1312 = EDGE_CURVE ( 'NONE', #4094, #108, #55, .T. ) ;
#1313 = ORIENTED_EDGE ( 'NONE', *, *, #439, .T. ) ;
#1314 = VERTEX_POINT ( 'NONE', #70 ) ;
#1315 = ADVANCED_FACE ( 'NONE', ( #3553 ), #688, .T. ) ;
#1316 = LINE ( 'NONE', #1042, #2844 ) ;
#1317 = ORIENTED_EDGE ( 'NONE', *, *, #2155, .T. ) ;
#1318 = DIRECTION ( 'NONE',  ( -1.000000000000000000, 0.000000000000000000, 0.000000000000000000 ) ) ;
#1319 =( BOUNDED_CURVE ( )  B_SPLINE_CURVE ( 3, ( #4032, #3087, #810, #1183 ),
 .UNSPECIFIED., .F., .F. ) 
 B_SPLINE_CURVE_WITH_KNOTS ( ( 4, 4 ),
 ( 2.502624093169816710, 3.780561214009769078 ),
 .UNSPECIFIED. ) 
 CURVE ( )  GEOMETRIC_REPRESENTATION_ITEM ( )  RATIONAL_B_SPLINE_CURVE ( ( 1.000000000000000000, 0.8684742014189970050, 0.8684742014189970050, 1.000000000000000000 ) ) 
 REPRESENTATION_ITEM ( '' )  );
#1320 = CARTESIAN_POINT ( 'NONE',  ( -28.00000000000000000, -4.000000000000045297, -8.000000000000000000 ) ) ;
#1321 = FACE_OUTER_BOUND ( 'NONE', #3792, .T. ) ;
#1322 = EDGE_LOOP ( 'NONE', ( #465, #3909, #3058, #1569 ) ) ;
#1323 = CARTESIAN_POINT ( 'NONE',  ( -44.50000000000000000, -5.000000000000000000, 44.49999999999998579 ) ) ;
#1324 = LINE ( 'NONE', #780, #88 ) ;
#1325 = DIRECTION ( 'NONE',  ( 0.000000000000000000, 0.000000000000000000, 1.000000000000000000 ) ) ;
#1326 = ORIENTED_EDGE ( 'NONE', *, *, #3304, .F. ) ;
#1327 = CARTESIAN_POINT ( 'NONE',  ( -22.00000000000000000, -4.000000000000045297, -14.00000000000000000 ) ) ;
#1328 = ORIENTED_EDGE ( 'NONE', *, *, #1257, .T. ) ;
#1329 = CARTESIAN_POINT ( 'NONE',  ( 44.49999999999996447, 0.000000000000000000, 44.50000000000000000 ) ) ;
#1330 = CARTESIAN_POINT ( 'NONE',  ( -33.00000000000000000, -7.000000000000000000, -5.204170427930421283E-15 ) ) ;
#1331 = VERTEX_POINT ( 'NONE', #3242 ) ;
#1332 = EDGE_CURVE ( 'NONE', #3265, #3543, #2236, .T. ) ;
#1333 = ORIENTED_EDGE ( 'NONE', *, *, #3332, .T. ) ;
#1334 = LINE ( 'NONE', #2007, #2641 ) ;
#1335 = ADVANCED_FACE ( 'NONE', ( #1610, #369 ), #3218, .F. ) ;
#1336 = ORIENTED_EDGE ( 'NONE', *, *, #2650, .F. ) ;
#1337 = LINE ( 'NONE', #2646, #2853 ) ;
#1338 = VERTEX_POINT ( 'NONE', #3262 ) ;
#1339 = ORIENTED_EDGE ( 'NONE', *, *, #3488, .F. ) ;
#1340 = CARTESIAN_POINT ( 'NONE',  ( -21.00000000000000355, -4.000000000000000000, -5.999999999999999112 ) ) ;
#1341 = CARTESIAN_POINT ( 'NONE',  ( -28.00000000000000000, -4.000000000000000000, -9.686782891625753678 ) ) ;
#1342 = CARTESIAN_POINT ( 'NONE',  ( 44.50000000000000000, -6.000000000000000000, 47.49999999999998579 ) ) ;
#1343 = ORIENTED_EDGE ( 'NONE', *, *, #2353, .F. ) ;
#1344 = LINE ( 'NONE', #728, #79 ) ;
#1345 = FACE_OUTER_BOUND ( 'NONE', #2322, .T. ) ;
#1346 = LINE ( 'NONE', #470, #1375 ) ;
#1347 = PRODUCT_DEFINITION ( 'General', '', #908, #2576 ) ;
#1348 = ORIENTED_EDGE ( 'NONE', *, *, #3460, .T. ) ;
#1349 = VECTOR ( 'NONE', #3945, 1000.000000000000000 ) ;
#1350 = ORIENTED_EDGE ( 'NONE', *, *, #240, .T. ) ;
#1351 = VECTOR ( 'NONE', #2671, 1000.000000000000114 ) ;
#1352 = EDGE_CURVE ( 'NONE', #1596, #1600, #2885, .T. ) ;
#1353 = CARTESIAN_POINT ( 'NONE',  ( 33.00000000000000000, -7.000000000000000000, -5.204170427930421283E-15 ) ) ;
#1354 = AXIS2_PLACEMENT_3D ( 'NONE', #4102, #2469, #2152 ) ;
#1355 = ORIENTED_EDGE ( 'NONE', *, *, #2436, .T. ) ;
#1356 = CARTESIAN_POINT ( 'NONE',  ( -21.99999999999996803, -4.000000000000000000, -8.647412396311318972 ) ) ;
#1357 = CIRCLE ( 'NONE', #26, 3.000000000000002665 ) ;
#1358 = EDGE_CURVE ( 'NONE', #1128, #2410, #764, .T. ) ;
#1359 = DIRECTION ( 'NONE',  ( -1.000000000000000000, -0.000000000000000000, -0.000000000000000000 ) ) ;
#1360 = CIRCLE ( 'NONE', #3302, 1.550000000000002709 ) ;
#1361 = EDGE_LOOP ( 'NONE', ( #2730, #1947, #1633, #1103 ) ) ;
#1362 = DIRECTION ( 'NONE',  ( -0.4733061507711234794, -0.7429418384264316888, 0.4733061507711225913 ) ) ;
#1363 = EDGE_CURVE ( 'NONE', #927, #2686, #2637, .T. ) ;
#1364 = CARTESIAN_POINT ( 'NONE',  ( 21.32730954662498490, 0.000000000000000000, 28.00000000000000000 ) ) ;
#1365 = VECTOR ( 'NONE', #1826, 1000.000000000000000 ) ;
#1366 = VECTOR ( 'NONE', #1469, 1000.000000000000000 ) ;
#1367 = ORIENTED_EDGE ( 'NONE', *, *, #520, .F. ) ;
#1368 = DIRECTION ( 'NONE',  ( -0.000000000000000000, 1.000000000000000000, -0.000000000000000000 ) ) ;
#1369 = AXIS2_PLACEMENT_3D ( 'NONE', #325, #886, #1937 ) ;
#1370 = EDGE_LOOP ( 'NONE', ( #2110, #3140, #1805, #2269 ) ) ;
#1371 = CARTESIAN_POINT ( 'NONE',  ( -41.49999999999998579, -3.000000000000000000, -44.50000000000000000 ) ) ;
#1372 = PLANE ( 'NONE',  #2978 ) ;
#1373 = EDGE_LOOP ( 'NONE', ( #1810, #1741, #3805, #3519, #3597, #863, #2264, #1673 ) ) ;
#1374 = LINE ( 'NONE', #3577, #1349 ) ;
#1375 = VECTOR ( 'NONE', #3593, 1000.000000000000000 ) ;
#1376 = EDGE_LOOP ( 'NONE', ( #3620, #4047, #3321, #4151 ) ) ;
#1377 = VECTOR ( 'NONE', #2327, 1000.000000000000000 ) ;
#1378 = CARTESIAN_POINT ( 'NONE',  ( 2.999999999999998224, -0.2000000000000000111, -12.99999999999998934 ) ) ;
#1379 = EDGE_LOOP ( 'NONE', ( #518, #3769, #1817, #250 ) ) ;
#1380 = CARTESIAN_POINT ( 'NONE',  ( 17.00000000000000000, -4.000000000000000000, -18.00000000000001066 ) ) ;
#1381 = FACE_OUTER_BOUND ( 'NONE', #3126, .T. ) ;
#1382 = FACE_OUTER_BOUND ( 'NONE', #3889, .T. ) ;
#1383 = EDGE_CURVE ( 'NONE', #3817, #93, #2295, .T. ) ;
#1384 = ORIENTED_EDGE ( 'NONE', *, *, #1718, .F. ) ;
#1385 = EDGE_CURVE ( 'NONE', #135, #931, #3714, .T. ) ;
#1386 = DIRECTION ( 'NONE',  ( -1.000000000000000000, 0.000000000000000000, -0.000000000000000000 ) ) ;
#1387 = DIRECTION ( 'NONE',  ( 0.000000000000000000, 1.000000000000000000, 0.000000000000000000 ) ) ;
#1388 = VERTEX_POINT ( 'NONE', #3962 ) ;
#1389 = FACE_OUTER_BOUND ( 'NONE', #2562, .T. ) ;
#1390 = EDGE_CURVE ( 'NONE', #266, #332, #2314, .T. ) ;
#1391 = DIRECTION ( 'NONE',  ( 1.000000000000000000, 0.000000000000000000, 2.312964634635735561E-15 ) ) ;
#1392 = DIRECTION ( 'NONE',  ( -1.000000000000000000, 0.000000000000000000, 0.000000000000000000 ) ) ;
#1393 = VERTEX_POINT ( 'NONE', #3627 ) ;
#1394 = VERTEX_POINT ( 'NONE', #3652 ) ;
#1395 = LINE ( 'NONE', #1378, #95 ) ;
#1396 = ORIENTED_EDGE ( 'NONE', *, *, #1363, .T. ) ;
#1397 = CARTESIAN_POINT ( 'NONE',  ( -31.00000000000000355, -7.000000000000000000, -8.000000000000000000 ) ) ;
#1398 = LINE ( 'NONE', #2974, #3227 ) ;
#1399 = CARTESIAN_POINT ( 'NONE',  ( 28.86149815160421639, 0.000000000000000000, -5.451718956770010394 ) ) ;
#1400 = EDGE_LOOP ( 'NONE', ( #96, #629, #2405, #2489, #3070, #1350, #3594, #2525 ) ) ;
#1401 = FACE_OUTER_BOUND ( 'NONE', #1361, .T. ) ;
#1402 = LINE ( 'NONE', #1342, #1377 ) ;
#1403 = EDGE_CURVE ( 'NONE', #1519, #716, #1427, .T. ) ;
#1404 = ORIENTED_EDGE ( 'NONE', *, *, #2282, .F. ) ;
#1405 = DIRECTION ( 'NONE',  ( 0.000000000000000000, 0.000000000000000000, 1.000000000000000000 ) ) ;
#1406 = DIRECTION ( 'NONE',  ( 1.000000000000000000, 0.000000000000000000, 0.000000000000000000 ) ) ;
#1407 = PLANE ( 'NONE',  #3117 ) ;
#1408 = EDGE_CURVE ( 'NONE', #1338, #1735, #789, .T. ) ;
#1409 = ORIENTED_EDGE ( 'NONE', *, *, #1462, .T. ) ;
#1410 = CARTESIAN_POINT ( 'NONE',  ( -1.999999999999994893, -0.2000000000000000111, -13.99999999999999822 ) ) ;
#1411 = VERTEX_POINT ( 'NONE', #1431 ) ;
#1412 = CARTESIAN_POINT ( 'NONE',  ( 44.50000000000000000, -6.000000000000000000, 47.49999999999998579 ) ) ;
#1413 = DIRECTION ( 'NONE',  ( -1.000000000000000000, 0.000000000000000000, 2.891205793294677833E-16 ) ) ;
#1414 = CIRCLE ( 'NONE', #751, 3.000000000000002665 ) ;
#1415 = VERTEX_POINT ( 'NONE', #173 ) ;
#1416 = PLANE ( 'NONE',  #2115 ) ;
#1417 = CARTESIAN_POINT ( 'NONE',  ( 0.000000000000000000, -6.999999999999999112, -2.588789217577481594 ) ) ;
#1418 = VECTOR ( 'NONE', #1494, 1000.000000000000000 ) ;
#1419 = CARTESIAN_POINT ( 'NONE',  ( 29.00000000000000355, -7.000000000000000000, -8.000000000000000000 ) ) ;
#1420 = CARTESIAN_POINT ( 'NONE',  ( -43.50000000000001421, -4.000000000000000000, 39.99999999999997868 ) ) ;
#1421 = VERTEX_POINT ( 'NONE', #424 ) ;
#1422 = CIRCLE ( 'NONE', #356, 3.000000000000002665 ) ;
#1423 = FACE_OUTER_BOUND ( 'NONE', #3009, .T. ) ;
#1424 = CARTESIAN_POINT ( 'NONE',  ( -1.999999999999994893, -0.2000000000000000111, -13.99999999999999822 ) ) ;
#1425 = ORIENTED_EDGE ( 'NONE', *, *, #3834, .T. ) ;
#1426 = DIRECTION ( 'NONE',  ( -2.891205793294678819E-16, 0.000000000000000000, 1.000000000000000000 ) ) ;
#1427 = CIRCLE ( 'NONE', #2770, 1.499999999999999556 ) ;
#1428 = EDGE_CURVE ( 'NONE', #1415, #3539, #2689, .T. ) ;
#1429 = DIRECTION ( 'NONE',  ( 0.000000000000000000, -0.000000000000000000, -1.000000000000000000 ) ) ;
#1430 = CIRCLE ( 'NONE', #1968, 1.550000000000002709 ) ;
#1431 = CARTESIAN_POINT ( 'NONE',  ( 44.50000000000000000, -5.000000000000000000, 46.59999999999998010 ) ) ;
#1432 = LINE ( 'NONE', #3883, #98 ) ;
#1433 = ORIENTED_EDGE ( 'NONE', *, *, #1801, .F. ) ;
#1434 = DIRECTION ( 'NONE',  ( 0.4733061507711230909, -0.7429418384264314668, -0.4733061507711229798 ) ) ;
#1435 = COLOUR_RGB ( '',0.8980392156862745390, 0.9176470588235293713, 0.9294117647058823817 ) ;
#1436 = VECTOR ( 'NONE', #1192, 1000.000000000000000 ) ;
#1437 = EDGE_CURVE ( 'NONE', #981, #1421, #1114, .T. ) ;
#1438 = ORIENTED_EDGE ( 'NONE', *, *, #630, .T. ) ;
#1439 = EDGE_CURVE ( 'NONE', #3122, #143, #2713, .T. ) ;
#1440 = CARTESIAN_POINT ( 'NONE',  ( -3.500000000000001776, -0.2000000000000000111, -12.99999999999999112 ) ) ;
#1441 = DIRECTION ( 'NONE',  ( -1.084202172485510104E-16, -0.000000000000000000, -1.000000000000000000 ) ) ;
#1442 = AXIS2_PLACEMENT_3D ( 'NONE', #2734, #2399, #1771 ) ;
#1443 = EDGE_CURVE ( 'NONE', #4087, #2569, #1500, .T. ) ;
#1444 = ORIENTED_EDGE ( 'NONE', *, *, #3211, .T. ) ;
#1445 = DIRECTION ( 'NONE',  ( -0.000000000000000000, -0.000000000000000000, -1.000000000000000000 ) ) ;
#1446 = CARTESIAN_POINT ( 'NONE',  ( -44.49999999999999289, 0.000000000000000000, -41.49999999999999289 ) ) ;
#1447 = VERTEX_POINT ( 'NONE', #2041 ) ;
#1448 = DIRECTION ( 'NONE',  ( 1.000000000000000000, 0.000000000000000000, 0.000000000000000000 ) ) ;
#1449 = DIRECTION ( 'NONE',  ( -0.000000000000000000, -0.000000000000000000, -1.000000000000000000 ) ) ;
#1450 = EDGE_LOOP ( 'NONE', ( #2727, #310, #3944, #2510 ) ) ;
#1451 = DIRECTION ( 'NONE',  ( -0.000000000000000000, 1.000000000000000000, -0.000000000000000000 ) ) ;
#1452 = FACE_BOUND ( 'NONE', #1590, .T. ) ;
#1453 = LINE ( 'NONE', #491, #3373 ) ;
#1454 = FACE_OUTER_BOUND ( 'NONE', #2594, .T. ) ;
#1455 =( BOUNDED_CURVE ( )  B_SPLINE_CURVE ( 3, ( #1341, #344, #1304, #2683 ),
 .UNSPECIFIED., .F., .F. ) 
 B_SPLINE_CURVE_WITH_KNOTS ( ( 4, 4 ),
 ( 5.644216746759609826, 6.922153867599562638 ),
 .UNSPECIFIED. ) 
 CURVE ( )  GEOMETRIC_REPRESENTATION_ITEM ( )  RATIONAL_B_SPLINE_CURVE ( ( 1.000000000000000000, 0.8684742014189967829, 0.8684742014189967829, 1.000000000000000000 ) ) 
 REPRESENTATION_ITEM ( '' )  );
#1456 = ORIENTED_EDGE ( 'NONE', *, *, #269, .T. ) ;
#1457 = LINE ( 'NONE', #2067, #3093 ) ;
#1458 = EDGE_CURVE ( 'NONE', #2513, #2373, #3338, .T. ) ;
#1459 = EDGE_LOOP ( 'NONE', ( #3118, #113, #4065, #2004 ) ) ;
#1460 = CARTESIAN_POINT ( 'NONE',  ( 31.00000000000000355, -7.000000000000000000, -14.00000000000000000 ) ) ;
#1461 = DIRECTION ( 'NONE',  ( -1.000000000000000000, 0.000000000000000000, 7.228014483236695816E-17 ) ) ;
#1462 = EDGE_CURVE ( 'NONE', #2569, #4087, #632, .T. ) ;
#1463 = ORIENTED_EDGE ( 'NONE', *, *, #2823, .T. ) ;
#1464 = CARTESIAN_POINT ( 'NONE',  ( -21.00000000000000355, -7.000000000000000000, -14.00000000000000000 ) ) ;
#1465 = EDGE_CURVE ( 'NONE', #3494, #3766, #1453, .T. ) ;
#1466 = LINE ( 'NONE', #1720, #3290 ) ;
#1467 = LINE ( 'NONE', #757, #493 ) ;
#1468 = ORIENTED_EDGE ( 'NONE', *, *, #387, .T. ) ;
#1469 = DIRECTION ( 'NONE',  ( 1.000000000000000000, 0.000000000000000000, 2.312964634635735561E-15 ) ) ;
#1470 = CARTESIAN_POINT ( 'NONE',  ( -41.49999999999998579, -3.000000000000000000, -47.50000000000001421 ) ) ;
#1471 = ORIENTED_EDGE ( 'NONE', *, *, #3974, .T. ) ;
#1472 = LINE ( 'NONE', #3686, #2425 ) ;
#1473 = CARTESIAN_POINT ( 'NONE',  ( -47.50000000000000000, -3.000000000000000000, -41.50000000000000000 ) ) ;
#1474 = CARTESIAN_POINT ( 'NONE',  ( -19.00000000000000355, -4.000000000000000000, -8.000000000000000000 ) ) ;
#1475 = PLANE ( 'NONE',  #511 ) ;
#1476 = VERTEX_POINT ( 'NONE', #516 ) ;
#1477 = PLANE ( 'NONE',  #284 ) ;
#1478 = EDGE_LOOP ( 'NONE', ( #1300, #1617, #3946, #2769 ) ) ;
#1479 = CARTESIAN_POINT ( 'NONE',  ( 41.49999999999998579, -3.000000000000000000, -44.50000000000000000 ) ) ;
#1480 = FACE_OUTER_BOUND ( 'NONE', #3453, .T. ) ;
#1481 = ORIENTED_EDGE ( 'NONE', *, *, #1187, .F. ) ;
#1482 = EDGE_CURVE ( 'NONE', #3528, #3288, #2301, .T. ) ;
#1483 = DIRECTION ( 'NONE',  ( 0.000000000000000000, 1.000000000000000000, 0.000000000000000000 ) ) ;
#1484 = CARTESIAN_POINT ( 'NONE',  ( -47.50000000000001421, -3.000000000000000000, -44.50000000000001421 ) ) ;
#1485 = DIRECTION ( 'NONE',  ( -0.000000000000000000, 1.000000000000000000, -0.000000000000000000 ) ) ;
#1486 = AXIS2_PLACEMENT_3D ( 'NONE', #547, #1144, #333 ) ;
#1487 = EDGE_LOOP ( 'NONE', ( #1689, #989, #2659, #1237 ) ) ;
#1488 = ADVANCED_FACE ( 'NONE', ( #2441 ), #852, .F. ) ;
#1489 = PLANE ( 'NONE',  #1095 ) ;
#1490 = AXIS2_PLACEMENT_3D ( 'NONE', #2374, #1451, #2080 ) ;
#1491 = EDGE_CURVE ( 'NONE', #18, #104, #447, .T. ) ;
#1492 = LINE ( 'NONE', #3354, #1173 ) ;
#1493 = VERTEX_POINT ( 'NONE', #3386 ) ;
#1494 = DIRECTION ( 'NONE',  ( -0.000000000000000000, 1.000000000000000000, -0.000000000000000000 ) ) ;
#1495 = VECTOR ( 'NONE', #3818, 1000.000000000000000 ) ;
#1496 = EDGE_CURVE ( 'NONE', #2555, #2700, #1791, .T. ) ;
#1497 = CARTESIAN_POINT ( 'NONE',  ( 44.49999999999996447, -3.000000000000000000, 44.50000000000000000 ) ) ;
#1498 = CARTESIAN_POINT ( 'NONE',  ( -41.49999999999995737, -3.000000000000000000, 47.50000000000001421 ) ) ;
#1499 = DIRECTION ( 'NONE',  ( 0.000000000000000000, 0.000000000000000000, 1.000000000000000000 ) ) ;
#1500 = CIRCLE ( 'NONE', #3033, 1.550000000000002709 ) ;
#1501 = VERTEX_POINT ( 'NONE', #3295 ) ;
#1502 = PLANE ( 'NONE',  #1958 ) ;
#1503 = AXIS2_PLACEMENT_3D ( 'NONE', #28, #1079, #2364 ) ;
#1504 = ORIENTED_EDGE ( 'NONE', *, *, #3937, .F. ) ;
#1505 = DIRECTION ( 'NONE',  ( -0.000000000000000000, -1.000000000000000000, 0.000000000000000000 ) ) ;
#1506 = CARTESIAN_POINT ( 'NONE',  ( -44.49999999999996447, -3.000000000000000000, 44.50000000000000000 ) ) ;
#1507 = VECTOR ( 'NONE', #577, 1000.000000000000000 ) ;
#1508 = CIRCLE ( 'NONE', #1972, 3.500000000000003109 ) ;
#1509 = ORIENTED_EDGE ( 'NONE', *, *, #4054, .F. ) ;
#1510 = VECTOR ( 'NONE', #2991, 1000.000000000000000 ) ;
#1511 = DIRECTION ( 'NONE',  ( -0.000000000000000000, -0.000000000000000000, -1.000000000000000000 ) ) ;
#1512 = DIRECTION ( 'NONE',  ( 0.000000000000000000, 1.000000000000000000, 0.000000000000000000 ) ) ;
#1513 = CARTESIAN_POINT ( 'NONE',  ( -3.000000000000001776, 0.000000000000000000, -12.99999999999999112 ) ) ;
#1514 = CIRCLE ( 'NONE', #1904, 1.500000000000001332 ) ;
#1515 = EDGE_CURVE ( 'NONE', #3759, #416, #4113, .T. ) ;
#1516 = ORIENTED_EDGE ( 'NONE', *, *, #749, .F. ) ;
#1517 = DIRECTION ( 'NONE',  ( -0.8433914458128869418, 0.5372996083468219997, 0.000000000000000000 ) ) ;
#1518 = LINE ( 'NONE', #3016, #3509 ) ;
#1519 = VERTEX_POINT ( 'NONE', #1069 ) ;
#1520 = EDGE_CURVE ( 'NONE', #2292, #2532, #1890, .T. ) ;
#1521 = LINE ( 'NONE', #3067, #3041 ) ;
#1522 = DIRECTION ( 'NONE',  ( -1.000000000000000000, -0.000000000000000000, -0.000000000000000000 ) ) ;
#1523 = CARTESIAN_POINT ( 'NONE',  ( -41.49999999999995737, -3.000000000000000000, 47.50000000000001421 ) ) ;
#1524 = ORIENTED_EDGE ( 'NONE', *, *, #453, .F. ) ;
#1525 = LINE ( 'NONE', #264, #3159 ) ;
#1526 = EDGE_CURVE ( 'NONE', #3464, #820, #3101, .T. ) ;
#1527 = ORIENTED_EDGE ( 'NONE', *, *, #3722, .T. ) ;
#1528 = DIRECTION ( 'NONE',  ( -0.000000000000000000, 1.000000000000000000, -0.000000000000000000 ) ) ;
#1529 = ORIENTED_EDGE ( 'NONE', *, *, #2979, .T. ) ;
#1530 = ORIENTED_EDGE ( 'NONE', *, *, #185, .T. ) ;
#1531 = DIRECTION ( 'NONE',  ( -0.000000000000000000, -1.000000000000000000, -0.000000000000000000 ) ) ;
#1532 = CARTESIAN_POINT ( 'NONE',  ( 44.49999999999999289, -2.999999999999999112, 46.04999999999999716 ) ) ;
#1533 = VERTEX_POINT ( 'NONE', #2481 ) ;
#1534 = CARTESIAN_POINT ( 'NONE',  ( 23.68678289162575368, -4.000000000000000000, -13.99999999999999822 ) ) ;
#1535 = CARTESIAN_POINT ( 'NONE',  ( 23.50000000000000711, -4.000000000000000000, -6.938893903907228378E-15 ) ) ;
#1536 = ORIENTED_EDGE ( 'NONE', *, *, #359, .T. ) ;
#1537 = DIRECTION ( 'NONE',  ( 1.000000000000000000, 0.000000000000000000, 1.559302000878028960E-16 ) ) ;
#1538 = EDGE_CURVE ( 'NONE', #2873, #1421, #243, .T. ) ;
#1539 = LINE ( 'NONE', #2128, #3502 ) ;
#1540 = CARTESIAN_POINT ( 'NONE',  ( -44.49999999999999289, 0.000000000000000000, -44.50000000000000000 ) ) ;
#1541 = EDGE_LOOP ( 'NONE', ( #1137, #3240, #3478, #2156, #2747, #2299, #1062, #1266 ) ) ;
#1542 = DIRECTION ( 'NONE',  ( -1.000000000000000000, -0.000000000000000000, -0.000000000000000000 ) ) ;
#1543 = ORIENTED_EDGE ( 'NONE', *, *, #1538, .F. ) ;
#1544 = ADVANCED_FACE ( 'NONE', ( #3112, #1558 ), #1588, .T. ) ;
#1545 = LINE ( 'NONE', #311, #2298 ) ;
#1546 = DIRECTION ( 'NONE',  ( -0.4733061507711232019, 0.7429418384264313557, 0.4733061507711230353 ) ) ;
#1547 = ORIENTED_EDGE ( 'NONE', *, *, #1491, .F. ) ;
#1548 = EDGE_LOOP ( 'NONE', ( #3106, #612, #3838, #2842 ) ) ;
#1549 = CARTESIAN_POINT ( 'NONE',  ( 44.49999999999999289, -2.999999999999999112, -44.50000000000000000 ) ) ;
#1550 = EDGE_LOOP ( 'NONE', ( #1595, #1367, #2066, #2429 ) ) ;
#1551 = CARTESIAN_POINT ( 'NONE',  ( 2.999999999999998224, -0.2000000000000000111, -12.99999999999998934 ) ) ;
#1552 = CARTESIAN_POINT ( 'NONE',  ( -19.00000000000000355, -4.000000000000000000, -16.00000000000000000 ) ) ;
#1553 = AXIS2_PLACEMENT_3D ( 'NONE', #2074, #3933, #2341 ) ;
#1554 = ORIENTED_EDGE ( 'NONE', *, *, #797, .F. ) ;
#1555 = EDGE_LOOP ( 'NONE', ( #615, #194, #2810, #4017 ) ) ;
#1556 = CIRCLE ( 'NONE', #2091, 3.000000000000002665 ) ;
#1557 = LINE ( 'NONE', #343, #2255 ) ;
#1558 = FACE_BOUND ( 'NONE', #1373, .T. ) ;
#1559 = DIRECTION ( 'NONE',  ( -0.000000000000000000, -1.000000000000000000, -0.000000000000000000 ) ) ;
#1560 = ORIENTED_EDGE ( 'NONE', *, *, #3709, .T. ) ;
#1561 = DIRECTION ( 'NONE',  ( 0.000000000000000000, 0.000000000000000000, 1.000000000000000000 ) ) ;
#1562 = VECTOR ( 'NONE', #2332, 1000.000000000000000 ) ;
#1563 = EDGE_CURVE ( 'NONE', #2873, #3230, #3752, .T. ) ;
#1564 = VERTEX_POINT ( 'NONE', #1220 ) ;
#1565 = VECTOR ( 'NONE', #1922, 1000.000000000000000 ) ;
#1566 = CARTESIAN_POINT ( 'NONE',  ( -44.50000000000001421, -3.000000000000000000, -47.50000000000001421 ) ) ;
#1567 = DIRECTION ( 'NONE',  ( 0.000000000000000000, 0.000000000000000000, -1.000000000000000000 ) ) ;
#1568 = UNCERTAINTY_MEASURE_WITH_UNIT (LENGTH_MEASURE( 1.000000000000000082E-05 ), #1623, 'distance_accuracy_value', 'NONE');
#1569 = ORIENTED_EDGE ( 'NONE', *, *, #3385, .T. ) ;
#1570 = AXIS2_PLACEMENT_3D ( 'NONE', #1201, #3795, #2801 ) ;
#1571 = EDGE_CURVE ( 'NONE', #332, #2580, #3468, .T. ) ;
#1572 = ADVANCED_FACE ( 'NONE', ( #1869 ), #3812, .F. ) ;
#1573 = ORIENTED_EDGE ( 'NONE', *, *, #494, .T. ) ;
#1574 = AXIS2_PLACEMENT_3D ( 'NONE', #3463, #299, #4140 ) ;
#1575 = CIRCLE ( 'NONE', #90, 3.500000000000003109 ) ;
#1576 = DIRECTION ( 'NONE',  ( 0.000000000000000000, 1.000000000000000000, 0.000000000000000000 ) ) ;
#1577 = EDGE_CURVE ( 'NONE', #2758, #82, #4144, .T. ) ;
#1578 = AXIS2_PLACEMENT_3D ( 'NONE', #2344, #3896, #2309 ) ;
#1579 = AXIS2_PLACEMENT_3D ( 'NONE', #2163, #3440, #255 ) ;
#1580 = ORIENTED_EDGE ( 'NONE', *, *, #120, .F. ) ;
#1581 = FACE_OUTER_BOUND ( 'NONE', #200, .T. ) ;
#1582 = LINE ( 'NONE', #636, #969 ) ;
#1583 = VECTOR ( 'NONE', #2944, 1000.000000000000000 ) ;
#1584 = ORIENTED_EDGE ( 'NONE', *, *, #957, .F. ) ;
#1585 = ORIENTED_EDGE ( 'NONE', *, *, #2874, .F. ) ;
#1586 = VECTOR ( 'NONE', #1891, 1000.000000000000000 ) ;
#1587 = CARTESIAN_POINT ( 'NONE',  ( -28.00000000000000000, -4.000000000000045297, -14.00000000000000000 ) ) ;
#1588 = PLANE ( 'NONE',  #3967 ) ;
#1589 = DIRECTION ( 'NONE',  ( 1.559302000878028960E-16, 0.000000000000000000, -1.000000000000000000 ) ) ;
#1590 = EDGE_LOOP ( 'NONE', ( #2453, #52 ) ) ;
#1591 = CARTESIAN_POINT ( 'NONE',  ( -43.50000000000001421, -4.000000000000000000, -40.00000000000000711 ) ) ;
#1592 = ORIENTED_EDGE ( 'NONE', *, *, #647, .T. ) ;
#1593 = DIRECTION ( 'NONE',  ( 0.000000000000000000, 0.5372996083468217776, -0.8433914458128870528 ) ) ;
#1594 = CARTESIAN_POINT ( 'NONE',  ( -43.50000000000001421, -5.000000000000000000, -40.00000000000000711 ) ) ;
#1595 = ORIENTED_EDGE ( 'NONE', *, *, #1068, .F. ) ;
#1596 = VERTEX_POINT ( 'NONE', #4096 ) ;
#1597 = EDGE_CURVE ( 'NONE', #2422, #633, #2103, .T. ) ;
#1598 = DIRECTION ( 'NONE',  ( 0.000000000000000000, 0.000000000000000000, 1.000000000000000000 ) ) ;
#1599 =( BOUNDED_CURVE ( )  B_SPLINE_CURVE ( 3, ( #2086, #3364, #1186, #3089 ),
 .UNSPECIFIED., .F., .F. ) 
 B_SPLINE_CURVE_WITH_KNOTS ( ( 4, 4 ),
 ( 5.644216746759609826, 6.922153867599563526 ),
 .UNSPECIFIED. ) 
 CURVE ( )  GEOMETRIC_REPRESENTATION_ITEM ( )  RATIONAL_B_SPLINE_CURVE ( ( 1.000000000000000000, 0.8684742014189966719, 0.8684742014189966719, 1.000000000000000000 ) ) 
 REPRESENTATION_ITEM ( '' )  );
#1600 = VERTEX_POINT ( 'NONE', #2505 ) ;
#1601 = LINE ( 'NONE', #2558, #2247 ) ;
#1602 = EDGE_CURVE ( 'NONE', #3630, #354, #1357, .T. ) ;
#1603 = FACE_OUTER_BOUND ( 'NONE', #1548, .T. ) ;
#1604 = CARTESIAN_POINT ( 'NONE',  ( -44.49999999999999289, -2.999999999999999112, -42.94999999999999574 ) ) ;
#1605 = DIRECTION ( 'NONE',  ( 0.000000000000000000, 0.000000000000000000, 1.000000000000000000 ) ) ;
#1606 = PLANE ( 'NONE',  #3837 ) ;
#1607 = CARTESIAN_POINT ( 'NONE',  ( 10.98432562891992781, -12.51291468657269057, 29.98432562891993314 ) ) ;
#1608 = ORIENTED_EDGE ( 'NONE', *, *, #900, .T. ) ;
#1609 = DIRECTION ( 'NONE',  ( 2.952720810173288619E-16, 0.000000000000000000, -1.000000000000000000 ) ) ;
#1610 = FACE_OUTER_BOUND ( 'NONE', #3367, .T. ) ;
#1611 = LINE ( 'NONE', #1330, #165 ) ;
#1612 = ORIENTED_EDGE ( 'NONE', *, *, #1332, .T. ) ;
#1613 = LINE ( 'NONE', #229, #484 ) ;
#1614 = ORIENTED_EDGE ( 'NONE', *, *, #3853, .F. ) ;
#1615 = CARTESIAN_POINT ( 'NONE',  ( 44.49999999999999289, -2.999999999999999112, -44.50000000000000000 ) ) ;
#1616 = EDGE_CURVE ( 'NONE', #293, #741, #887, .T. ) ;
#1617 = ORIENTED_EDGE ( 'NONE', *, *, #3591, .F. ) ;
#1618 = CYLINDRICAL_SURFACE ( 'NONE', #2914, 2.000000000000000888 ) ;
#1619 = CYLINDRICAL_SURFACE ( 'NONE', #3109, 2.000000000000000000 ) ;
#1620 = ORIENTED_EDGE ( 'NONE', *, *, #3611, .F. ) ;
#1621 = ADVANCED_FACE ( 'NONE', ( #2528 ), #2195, .T. ) ;
#1622 = EDGE_CURVE ( 'NONE', #1415, #3221, #3448, .T. ) ;
#1623 =( LENGTH_UNIT ( ) NAMED_UNIT ( * ) SI_UNIT ( .MILLI., .METRE. ) );
#1624 = DIRECTION ( 'NONE',  ( 0.000000000000000000, 0.5372996083468221107, -0.8433914458128867198 ) ) ;
#1625 = CARTESIAN_POINT ( 'NONE',  ( -40.00000000000000711, -5.000000000000000000, -43.50000000000001421 ) ) ;
#1626 = ORIENTED_EDGE ( 'NONE', *, *, #926, .F. ) ;
#1627 = FACE_BOUND ( 'NONE', #2473, .T. ) ;
#1628 = AXIS2_PLACEMENT_3D ( 'NONE', #2020, #792, #152 ) ;
#1629 = EDGE_CURVE ( 'NONE', #1850, #3, #297, .T. ) ;
#1630 = FACE_OUTER_BOUND ( 'NONE', #2723, .T. ) ;
#1631 = CARTESIAN_POINT ( 'NONE',  ( 41.49999999999995737, -3.000000000000000000, 47.50000000000001421 ) ) ;
#1632 = VECTOR ( 'NONE', #1789, 1000.000000000000000 ) ;
#1633 = ORIENTED_EDGE ( 'NONE', *, *, #654, .T. ) ;
#1634 = VECTOR ( 'NONE', #4044, 1000.000000000000000 ) ;
#1635 = ORIENTED_EDGE ( 'NONE', *, *, #1482, .T. ) ;
#1636 = DIRECTION ( 'NONE',  ( 1.000000000000000000, 0.000000000000000000, 0.000000000000000000 ) ) ;
#1637 = ORIENTED_EDGE ( 'NONE', *, *, #2973, .T. ) ;
#1638 = AXIS2_PLACEMENT_3D ( 'NONE', #3763, #3161, #1928 ) ;
#1639 = DIRECTION ( 'NONE',  ( 1.000000000000000000, 0.000000000000000000, -0.000000000000000000 ) ) ;
#1640 = DIRECTION ( 'NONE',  ( -0.000000000000000000, 1.000000000000000000, -0.000000000000000000 ) ) ;
#1641 = CARTESIAN_POINT ( 'NONE',  ( -8.491797090868139719, -17.49999999999999645, 29.17857998249390761 ) ) ;
#1642 = VECTOR ( 'NONE', #242, 1000.000000000000000 ) ;
#1643 = AXIS2_PLACEMENT_3D ( 'NONE', #3499, #1517, #3462 ) ;
#1644 = EDGE_LOOP ( 'NONE', ( #497, #2467, #2857, #746, #72, #2627, #3461, #1620 ) ) ;
#1645 = CARTESIAN_POINT ( 'NONE',  ( 1.999999999999988676, 0.000000000000000000, -7.499999999999998224 ) ) ;
#1646 = AXIS2_PLACEMENT_3D ( 'NONE', #2929, #37, #955 ) ;
#1647 = CARTESIAN_POINT ( 'NONE',  ( -44.50000000000001421, -6.000000000000000000, -46.60000000000001563 ) ) ;
#1648 = CYLINDRICAL_SURFACE ( 'NONE', #2918, 2.000000000000000888 ) ;
#1649 = EDGE_CURVE ( 'NONE', #3014, #2623, #1539, .T. ) ;
#1650 = ORIENTED_EDGE ( 'NONE', *, *, #1240, .T. ) ;
#1651 = CARTESIAN_POINT ( 'NONE',  ( 44.49999999999999289, -17.50000000000000000, -42.94999999999999574 ) ) ;
#1652 = AXIS2_PLACEMENT_3D ( 'NONE', #888, #3133, #1499 ) ;
#1653 = DIRECTION ( 'NONE',  ( -0.4733061507711229798, -0.7429418384264316888, 0.4733061507711229243 ) ) ;
#1654 = LINE ( 'NONE', #650, #3186 ) ;
#1655 = ADVANCED_FACE ( 'NONE', ( #2819 ), #555, .T. ) ;
#1656 = ORIENTED_EDGE ( 'NONE', *, *, #2306, .T. ) ;
#1657 = ORIENTED_EDGE ( 'NONE', *, *, #1465, .T. ) ;
#1658 = CARTESIAN_POINT ( 'NONE',  ( -29.23936908301334725, 0.5931385510448722309, -5.073848025360877756 ) ) ;
#1659 = ORIENTED_EDGE ( 'NONE', *, *, #2048, .F. ) ;
#1660 = DIRECTION ( 'NONE',  ( 0.000000000000000000, 0.000000000000000000, 1.000000000000000000 ) ) ;
#1661 = CARTESIAN_POINT ( 'NONE',  ( -43.50000000000001421, -4.000000000000000000, 43.49999999999998579 ) ) ;
#1662 = ORIENTED_EDGE ( 'NONE', *, *, #1004, .T. ) ;
#1663 = DIRECTION ( 'NONE',  ( -0.000000000000000000, 1.000000000000000000, 0.000000000000000000 ) ) ;
#1664 = FACE_OUTER_BOUND ( 'NONE', #4108, .T. ) ;
#1665 = VERTEX_POINT ( 'NONE', #617 ) ;
#1666 = DIRECTION ( 'NONE',  ( -1.000000000000000000, -0.000000000000000000, 2.312964634635735561E-15 ) ) ;
#1667 = EDGE_CURVE ( 'NONE', #3817, #3759, #1182, .T. ) ;
#1668 = ORIENTED_EDGE ( 'NONE', *, *, #856, .F. ) ;
#1669 = CARTESIAN_POINT ( 'NONE',  ( 46.59999999999998721, -6.000000000000000000, -44.50000000000001421 ) ) ;
#1670 = CARTESIAN_POINT ( 'NONE',  ( 31.00000000000000355, -4.000000000000000000, -16.00000000000000000 ) ) ;
#1671 = VERTEX_POINT ( 'NONE', #684 ) ;
#1672 = EDGE_CURVE ( 'NONE', #1259, #3639, #3195, .T. ) ;
#1673 = ORIENTED_EDGE ( 'NONE', *, *, #2183, .T. ) ;
#1674 = FACE_OUTER_BOUND ( 'NONE', #2845, .T. ) ;
#1675 = ADVANCED_FACE ( 'NONE', ( #326 ), #2610, .T. ) ;
#1676 = ORIENTED_EDGE ( 'NONE', *, *, #1902, .T. ) ;
#1677 = CARTESIAN_POINT ( 'NONE',  ( -27.35258760368867925, -4.000000000000000000, -14.00000000000003197 ) ) ;
#1678 = CARTESIAN_POINT ( 'NONE',  ( 2.999999999999999112, 0.000000000000000000, -9.000000000000007105 ) ) ;
#1679 = ORIENTED_EDGE ( 'NONE', *, *, #2237, .T. ) ;
#1680 = FACE_OUTER_BOUND ( 'NONE', #189, .T. ) ;
#1681 = CARTESIAN_POINT ( 'NONE',  ( -43.50000000000001421, -5.000000000000000000, 39.99999999999997868 ) ) ;
#1682 = EDGE_LOOP ( 'NONE', ( #3163, #2678, #3814, #734 ) ) ;
#1683 = DIRECTION ( 'NONE',  ( 0.000000000000000000, -0.000000000000000000, 1.000000000000000000 ) ) ;
#1684 = CARTESIAN_POINT ( 'NONE',  ( 0.000000000000000000, 0.000000000000000000, 0.000000000000000000 ) ) ;
#1685 = CARTESIAN_POINT ( 'NONE',  ( -2.000000000000001776, 0.000000000000000000, -12.99999999999999822 ) ) ;
#1686 = DIRECTION ( 'NONE',  ( -1.000000000000000000, 0.000000000000000000, 1.460819769243627131E-16 ) ) ;
#1687 = ORIENTED_EDGE ( 'NONE', *, *, #1698, .T. ) ;
#1688 = CARTESIAN_POINT ( 'NONE',  ( 19.00000000000000355, -7.000000000000000000, -16.00000000000000000 ) ) ;
#1689 = ORIENTED_EDGE ( 'NONE', *, *, #2183, .F. ) ;
#1690 = VECTOR ( 'NONE', #1609, 1000.000000000000000 ) ;
#1691 = DIRECTION ( 'NONE',  ( 0.000000000000000000, 0.000000000000000000, -1.000000000000000000 ) ) ;
#1692 = EDGE_CURVE ( 'NONE', #3672, #254, #2507, .T. ) ;
#1693 = VECTOR ( 'NONE', #2403, 1000.000000000000000 ) ;
#1694 = EDGE_CURVE ( 'NONE', #1988, #1847, #1324, .T. ) ;
#1695 = ORIENTED_EDGE ( 'NONE', *, *, #1629, .F. ) ;
#1696 = DIRECTION ( 'NONE',  ( 0.4733061507711229798, -0.7429418384264317998, 0.4733061507711225913 ) ) ;
#1697 = VECTOR ( 'NONE', #3877, 1000.000000000000000 ) ;
#1698 = EDGE_CURVE ( 'NONE', #619, #2941, #2430, .T. ) ;
#1699 = CARTESIAN_POINT ( 'NONE',  ( -30.54828104322998783, 0.000000000000000000, -7.138501848395785387 ) ) ;
#1700 = VECTOR ( 'NONE', #66, 1000.000000000000000 ) ;
#1701 = ORIENTED_EDGE ( 'NONE', *, *, #1303, .F. ) ;
#1702 = CARTESIAN_POINT ( 'NONE',  ( 31.00000000000000355, -4.000000000000000000, -16.00000000000000000 ) ) ;
#1703 = LINE ( 'NONE', #2924, #313 ) ;
#1704 = AXIS2_PLACEMENT_3D ( 'NONE', #172, #1181, #2778 ) ;
#1705 = VECTOR ( 'NONE', #1816, 1000.000000000000000 ) ;
#1706 = EDGE_LOOP ( 'NONE', ( #2535, #3018, #99, #1772 ) ) ;
#1707 = LINE ( 'NONE', #1651, #289 ) ;
#1708 = AXIS2_PLACEMENT_3D ( 'NONE', #3339, #2018, #3319 ) ;
#1709 = DIRECTION ( 'NONE',  ( 0.000000000000000000, 0.000000000000000000, -1.000000000000000000 ) ) ;
#1710 = CARTESIAN_POINT ( 'NONE',  ( 44.50000000000000000, -6.000000000000000000, 44.49999999999998579 ) ) ;
#1711 = LINE ( 'NONE', #767, #777 ) ;
#1712 = ORIENTED_EDGE ( 'NONE', *, *, #1458, .F. ) ;
#1713 = VECTOR ( 'NONE', #1086, 1000.000000000000000 ) ;
#1714 = ORIENTED_EDGE ( 'NONE', *, *, #2645, .F. ) ;
#1715 = AXIS2_PLACEMENT_3D ( 'NONE', #3064, #210, #864 ) ;
#1716 = CARTESIAN_POINT ( 'NONE',  ( -23.49999999999999289, -4.000000000000000000, -4.499999999999990230 ) ) ;
#1717 = EDGE_LOOP ( 'NONE', ( #3576, #3732, #426, #1524, #1196, #57, #3606, #971 ) ) ;
#1718 = EDGE_CURVE ( 'NONE', #476, #3832, #3328, .T. ) ;
#1719 = CARTESIAN_POINT ( 'NONE',  ( -44.49999999999999289, -17.50000000000000000, -44.50000000000000000 ) ) ;
#1720 = CARTESIAN_POINT ( 'NONE',  ( 44.49999999999998579, -6.000000000000000000, -46.60000000000001563 ) ) ;
#1721 = FACE_OUTER_BOUND ( 'NONE', #25, .T. ) ;
#1722 = ORIENTED_EDGE ( 'NONE', *, *, #1403, .T. ) ;
#1723 = ADVANCED_FACE ( 'NONE', ( #1664, #3860 ), #3011, .T. ) ;
#1724 = LINE ( 'NONE', #673, #1907 ) ;
#1725 = ADVANCED_FACE ( 'NONE', ( #3549 ), #1737, .F. ) ;
#1726 = DIRECTION ( 'NONE',  ( -0.000000000000000000, 1.000000000000000000, -0.000000000000000000 ) ) ;
#1727 = ORIENTED_EDGE ( 'NONE', *, *, #2645, .T. ) ;
#1728 = DIRECTION ( 'NONE',  ( 5.782411586589357639E-16, 0.000000000000000000, -1.000000000000000000 ) ) ;
#1729 = DIRECTION ( 'NONE',  ( -0.000000000000000000, 1.000000000000000000, -0.000000000000000000 ) ) ;
#1730 = CARTESIAN_POINT ( 'NONE',  ( -10.17857998249391827, -17.49999999999999645, 28.53116758618256910 ) ) ;
#1731 = ORIENTED_EDGE ( 'NONE', *, *, #520, .T. ) ;
#1732 = ORIENTED_EDGE ( 'NONE', *, *, #3793, .F. ) ;
#1733 = DIRECTION ( 'NONE',  ( 3.252606517456529572E-16, 0.000000000000000000, 1.000000000000000000 ) ) ;
#1734 = CARTESIAN_POINT ( 'NONE',  ( -4.047688110612546206E-15, -4.000000000000000000, -13.99999999999999112 ) ) ;
#1735 = VERTEX_POINT ( 'NONE', #2053 ) ;
#1736 = DIRECTION ( 'NONE',  ( 0.000000000000000000, 0.000000000000000000, -1.000000000000000000 ) ) ;
#1737 = CYLINDRICAL_SURFACE ( 'NONE', #1901, 1.999999999999999112 ) ;
#1738 = PLANE ( 'NONE',  #3888 ) ;
#1739 = PLANE ( 'NONE',  #1023 ) ;
#1740 = ADVANCED_FACE ( 'NONE', ( #2273 ), #1606, .F. ) ;
#1741 = ORIENTED_EDGE ( 'NONE', *, *, #3223, .T. ) ;
#1742 = CARTESIAN_POINT ( 'NONE',  ( 44.49999999999998579, -6.000000000000000000, -44.50000000000001421 ) ) ;
#1743 = LINE ( 'NONE', #1470, #3520 ) ;
#1744 = EDGE_LOOP ( 'NONE', ( #4035, #1573 ) ) ;
#1745 = PLANE ( 'NONE',  #559 ) ;
#1746 = EDGE_CURVE ( 'NONE', #3747, #2987, #1938, .T. ) ;
#1747 = ADVANCED_FACE ( 'NONE', ( #2880, #1279 ), #3568, .F. ) ;
#1748 = CYLINDRICAL_SURFACE ( 'NONE', #1840, 2.000000000000000000 ) ;
#1749 = CARTESIAN_POINT ( 'NONE',  ( 17.00000000000000000, -4.000000000000000000, -18.00000000000001066 ) ) ;
#1750 = ORIENTED_EDGE ( 'NONE', *, *, #2052, .F. ) ;
#1751 = CARTESIAN_POINT ( 'NONE',  ( -44.49999999999996447, -3.000000000000000000, 41.49999999999999289 ) ) ;
#1752 = EDGE_CURVE ( 'NONE', #3255, #4094, #1835, .T. ) ;
#1753 = EDGE_LOOP ( 'NONE', ( #3090, #1637, #1867, #1530, #3266, #3633 ) ) ;
#1754 = DIRECTION ( 'NONE',  ( 0.000000000000000000, 0.000000000000000000, -1.000000000000000000 ) ) ;
#1755 = CARTESIAN_POINT ( 'NONE',  ( 3.499999999999997780, -0.2000000000000000111, -12.99999999999998579 ) ) ;
#1756 = VECTOR ( 'NONE', #2494, 1000.000000000000000 ) ;
#1757 = ORIENTED_EDGE ( 'NONE', *, *, #743, .T. ) ;
#1758 = DIRECTION ( 'NONE',  ( 0.000000000000000000, 0.000000000000000000, 1.000000000000000000 ) ) ;
#1759 = VECTOR ( 'NONE', #4124, 1000.000000000000000 ) ;
#1760 = CARTESIAN_POINT ( 'NONE',  ( -29.90086864691863866, 0.000000000000000000, -5.451718956770011282 ) ) ;
#1761 = LINE ( 'NONE', #3330, #1027 ) ;
#1762 = VERTEX_POINT ( 'NONE', #975 ) ;
#1763 = DIRECTION ( 'NONE',  ( -0.000000000000000000, -1.000000000000000000, -0.000000000000000000 ) ) ;
#1764 = DIRECTION ( 'NONE',  ( -0.000000000000000000, 1.000000000000000000, -0.000000000000000000 ) ) ;
#1765 = VERTEX_POINT ( 'NONE', #1978 ) ;
#1766 = CARTESIAN_POINT ( 'NONE',  ( 1.999999999999998224, -0.2000000000000000111, -12.99999999999999822 ) ) ;
#1767 = AXIS2_PLACEMENT_3D ( 'NONE', #3844, #36, #710 ) ;
#1768 = FACE_OUTER_BOUND ( 'NONE', #3885, .T. ) ;
#1769 = EDGE_CURVE ( 'NONE', #2133, #2536, #1455, .T. ) ;
#1770 = DIRECTION ( 'NONE',  ( 0.000000000000000000, 0.000000000000000000, -1.000000000000000000 ) ) ;
#1771 = DIRECTION ( 'NONE',  ( 0.000000000000000000, 0.000000000000000000, 1.000000000000000000 ) ) ;
#1772 = ORIENTED_EDGE ( 'NONE', *, *, #499, .T. ) ;
#1773 = DIRECTION ( 'NONE',  ( -0.000000000000000000, 0.000000000000000000, 1.000000000000000000 ) ) ;
#1774 = AXIS2_PLACEMENT_3D ( 'NONE', #2916, #22, #1639 ) ;
#1775 = ORIENTED_EDGE ( 'NONE', *, *, #1667, .F. ) ;
#1776 = EDGE_CURVE ( 'NONE', #2848, #4040, #3700, .T. ) ;
#1777 = CARTESIAN_POINT ( 'NONE',  ( -29.00000000000000355, -7.000000000000000000, -8.000000000000000000 ) ) ;
#1778 = AXIS2_PLACEMENT_3D ( 'NONE', #607, #689, #2263 ) ;
#1779 = CARTESIAN_POINT ( 'NONE',  ( 23.30891196021662282, -3.406861448955147864, -14.37787093140914862 ) ) ;
#1780 = AXIS2_PLACEMENT_3D ( 'NONE', #1792, #2482, #537 ) ;
#1781 = ORIENTED_EDGE ( 'NONE', *, *, #951, .T. ) ;
#1782 = CARTESIAN_POINT ( 'NONE',  ( 8.491797090868134390, -17.49999999999999645, 29.17857998249390761 ) ) ;
#1783 = CARTESIAN_POINT ( 'NONE',  ( -17.00000000000000000, -7.000000000000000000, -18.00000000000001066 ) ) ;
#1784 = CARTESIAN_POINT ( 'NONE',  ( 39.99999999999999289, -4.000000000000000000, -43.50000000000001421 ) ) ;
#1785 = VERTEX_POINT ( 'NONE', #946 ) ;
#1786 = CARTESIAN_POINT ( 'NONE',  ( -14.89955147909883770, -17.49999999999999645, -4.399421571458334535E-15 ) ) ;
#1787 = CARTESIAN_POINT ( 'NONE',  ( 1.999999999999999112, -0.2000000000000000111, -8.999999999999998224 ) ) ;
#1788 = ORIENTED_EDGE ( 'NONE', *, *, #204, .T. ) ;
#1789 = DIRECTION ( 'NONE',  ( 0.000000000000000000, 0.000000000000000000, 1.000000000000000000 ) ) ;
#1790 = CARTESIAN_POINT ( 'NONE',  ( 47.50000000000000000, -6.000000000000000000, 44.49999999999998579 ) ) ;
#1791 = LINE ( 'NONE', #1474, #2573 ) ;
#1792 = CARTESIAN_POINT ( 'NONE',  ( -47.50000000000000000, -3.000000000000000000, -41.50000000000000000 ) ) ;
#1793 = ORIENTED_EDGE ( 'NONE', *, *, #2308, .T. ) ;
#1794 = LINE ( 'NONE', #3718, #4104 ) ;
#1795 = EDGE_CURVE ( 'NONE', #3129, #1909, #137, .T. ) ;
#1796 = VERTEX_POINT ( 'NONE', #2407 ) ;
#1797 = DIRECTION ( 'NONE',  ( 0.000000000000000000, -0.5372996083468219997, 0.8433914458128869418 ) ) ;
#1798 = EDGE_CURVE ( 'NONE', #832, #4094, #1105, .T. ) ;
#1799 = VERTEX_POINT ( 'NONE', #2073 ) ;
#1800 = CARTESIAN_POINT ( 'NONE',  ( -31.00000000000000355, -7.000000000000000000, -8.000000000000000000 ) ) ;
#1801 = EDGE_CURVE ( 'NONE', #2827, #1306, #2120, .T. ) ;
#1802 = ORIENTED_EDGE ( 'NONE', *, *, #3205, .T. ) ;
#1803 = LINE ( 'NONE', #3420, #841 ) ;
#1804 = CARTESIAN_POINT ( 'NONE',  ( -23.50000000000000711, -4.000000000000000000, 42.50000000000000711 ) ) ;
#1805 = ORIENTED_EDGE ( 'NONE', *, *, #3485, .F. ) ;
#1806 = FACE_BOUND ( 'NONE', #1400, .T. ) ;
#1807 = CARTESIAN_POINT ( 'NONE',  ( 47.50000000000000000, -3.000000000000000000, -47.50000000000001421 ) ) ;
#1808 = DIRECTION ( 'NONE',  ( 0.000000000000000000, 0.000000000000000000, -1.000000000000000000 ) ) ;
#1809 = CARTESIAN_POINT ( 'NONE',  ( -31.00000000000000355, -4.000000000000000000, -16.00000000000000000 ) ) ;
#1810 = ORIENTED_EDGE ( 'NONE', *, *, #721, .F. ) ;
#1811 = DIRECTION ( 'NONE',  ( -0.000000000000000000, 1.000000000000000000, -0.000000000000000000 ) ) ;
#1812 = VERTEX_POINT ( 'NONE', #3347 ) ;
#1813 = DIRECTION ( 'NONE',  ( -0.4733061507711229243, 0.7429418384264316888, 0.4733061507711229243 ) ) ;
#1814 = CARTESIAN_POINT ( 'NONE',  ( 44.49999999999999289, -5.000000000000000888, 44.50000000000000000 ) ) ;
#1815 = EDGE_CURVE ( 'NONE', #1909, #3582, #3034, .T. ) ;
#1816 = DIRECTION ( 'NONE',  ( -0.000000000000000000, 1.000000000000000000, -0.000000000000000000 ) ) ;
#1817 = ORIENTED_EDGE ( 'NONE', *, *, #1819, .F. ) ;
#1818 = EDGE_CURVE ( 'NONE', #2580, #1314, #4055, .T. ) ;
#1819 = EDGE_CURVE ( 'NONE', #3934, #1564, #3506, .T. ) ;
#1820 = CARTESIAN_POINT ( 'NONE',  ( -19.07384802536087776, 0.5931385510448732301, -6.760630916986650085 ) ) ;
#1821 = AXIS2_PLACEMENT_3D ( 'NONE', #1009, #2287, #3917 ) ;
#1822 = EDGE_LOOP ( 'NONE', ( #2962, #865, #398, #2479 ) ) ;
#1823 = DIRECTION ( 'NONE',  ( -0.000000000000000000, 1.000000000000000000, -0.000000000000000000 ) ) ;
#1824 = VECTOR ( 'NONE', #3880, 1000.000000000000114 ) ;
#1825 = EDGE_CURVE ( 'NONE', #778, #434, #162, .T. ) ;
#1826 = DIRECTION ( 'NONE',  ( -1.000000000000000000, -0.000000000000000000, -0.000000000000000000 ) ) ;
#1827 = ORIENTED_EDGE ( 'NONE', *, *, #2518, .T. ) ;
#1828 = AXIS2_PLACEMENT_3D ( 'NONE', #2047, #2786, #1858 ) ;
#1829 = CARTESIAN_POINT ( 'NONE',  ( -47.49999999999997158, -3.000000000000000000, 47.50000000000001421 ) ) ;
#1830 = CARTESIAN_POINT ( 'NONE',  ( -47.50000000000001421, 0.000000000000000000, -47.50000000000001421 ) ) ;
#1831 = LINE ( 'NONE', #244, #979 ) ;
#1832 = VECTOR ( 'NONE', #280, 1000.000000000000000 ) ;
#1833 = ORIENTED_EDGE ( 'NONE', *, *, #2360, .F. ) ;
#1834 = FACE_OUTER_BOUND ( 'NONE', #3931, .T. ) ;
#1835 = CIRCLE ( 'NONE', #3770, 2.000000000000000000 ) ;
#1836 = ORIENTED_EDGE ( 'NONE', *, *, #3560, .F. ) ;
#1837 = CARTESIAN_POINT ( 'NONE',  ( 44.49999999999996447, 0.000000000000000000, 41.49999999999999289 ) ) ;
#1838 = CARTESIAN_POINT ( 'NONE',  ( -47.50000000000000000, -4.000000000000000000, 44.49999999999998579 ) ) ;
#1839 = ORIENTED_EDGE ( 'NONE', *, *, #4131, .T. ) ;
#1840 = AXIS2_PLACEMENT_3D ( 'NONE', #2105, #3384, #866 ) ;
#1841 = VECTOR ( 'NONE', #2988, 1000.000000000000000 ) ;
#1842 = ORIENTED_EDGE ( 'NONE', *, *, #127, .F. ) ;
#1843 = CARTESIAN_POINT ( 'NONE',  ( 17.00000000000000000, -6.999999999999993783, -2.588789217577489143 ) ) ;
#1844 = CARTESIAN_POINT ( 'NONE',  ( -46.60000000000002984, -6.000000000000000000, 44.49999999999998579 ) ) ;
#1845 = VECTOR ( 'NONE', #1589, 1000.000000000000000 ) ;
#1846 = EDGE_CURVE ( 'NONE', #3427, #2023, #2968, .T. ) ;
#1847 = VERTEX_POINT ( 'NONE', #1782 ) ;
#1848 = DIRECTION ( 'NONE',  ( 1.000000000000000000, 0.000000000000000000, 0.000000000000000000 ) ) ;
#1849 = PLANE ( 'NONE',  #2777 ) ;
#1850 = VERTEX_POINT ( 'NONE', #799 ) ;
#1851 = EDGE_CURVE ( 'NONE', #2649, #1232, #1575, .T. ) ;
#1852 = LINE ( 'NONE', #2194, #651 ) ;
#1853 = DIRECTION ( 'NONE',  ( 1.000000000000000000, -0.000000000000000000, -0.000000000000000000 ) ) ;
#1854 = CARTESIAN_POINT ( 'NONE',  ( 8.491797090868136166, -17.49999999999999645, 8.821420017506085287 ) ) ;
#1855 = ORIENTED_EDGE ( 'NONE', *, *, #1073, .T. ) ;
#1856 = DIRECTION ( 'NONE',  ( 0.000000000000000000, 0.000000000000000000, 1.000000000000000000 ) ) ;
#1857 = ORIENTED_EDGE ( 'NONE', *, *, #943, .F. ) ;
#1858 = DIRECTION ( 'NONE',  ( 0.000000000000000000, 0.000000000000000000, 1.000000000000000000 ) ) ;
#1859 = LINE ( 'NONE', #3139, #3645 ) ;
#1860 = ORIENTED_EDGE ( 'NONE', *, *, #1616, .T. ) ;
#1861 = ORIENTED_EDGE ( 'NONE', *, *, #1205, .F. ) ;
#1862 = LINE ( 'NONE', #920, #227 ) ;
#1863 = ORIENTED_EDGE ( 'NONE', *, *, #721, .T. ) ;
#1864 = PLANE ( 'NONE',  #1236 ) ;
#1865 = LINE ( 'NONE', #4115, #3317 ) ;
#1866 = EDGE_CURVE ( 'NONE', #1671, #293, #1162, .T. ) ;
#1867 = ORIENTED_EDGE ( 'NONE', *, *, #462, .T. ) ;
#1868 = ORIENTED_EDGE ( 'NONE', *, *, #1276, .T. ) ;
#1869 = FACE_OUTER_BOUND ( 'NONE', #1379, .T. ) ;
#1870 = DIRECTION ( 'NONE',  ( 1.000000000000000000, 0.000000000000000000, -0.000000000000000000 ) ) ;
#1871 = ADVANCED_FACE ( 'NONE', ( #3098 ), #3725, .F. ) ;
#1872 = VERTEX_POINT ( 'NONE', #860 ) ;
#1873 = DIRECTION ( 'NONE',  ( 0.000000000000000000, -1.000000000000000000, 0.000000000000000000 ) ) ;
#1874 = EDGE_CURVE ( 'NONE', #3351, #1232, #1143, .T. ) ;
#1875 = VERTEX_POINT ( 'NONE', #842 ) ;
#1876 = CARTESIAN_POINT ( 'NONE',  ( 21.13850184839578361, 0.000000000000000000, -16.54828104322998428 ) ) ;
#1877 = CARTESIAN_POINT ( 'NONE',  ( -1.999999999999994893, -0.2000000000000000111, -14.49999999999999822 ) ) ;
#1878 = EDGE_CURVE ( 'NONE', #3315, #3129, #228, .T. ) ;
#1879 = VERTEX_POINT ( 'NONE', #2139 ) ;
#1880 = ORIENTED_EDGE ( 'NONE', *, *, #2406, .T. ) ;
#1881 = LINE ( 'NONE', #1253, #3973 ) ;
#1882 =( BOUNDED_CURVE ( )  B_SPLINE_CURVE ( 3, ( #3856, #1677, #1991, #101 ),
 .UNSPECIFIED., .F., .F. ) 
 B_SPLINE_CURVE_WITH_KNOTS ( ( 4, 4 ),
 ( 5.644216746759609826, 6.922153867599563526 ),
 .UNSPECIFIED. ) 
 CURVE ( )  GEOMETRIC_REPRESENTATION_ITEM ( )  RATIONAL_B_SPLINE_CURVE ( ( 1.000000000000000000, 0.8684742014189966719, 0.8684742014189966719, 1.000000000000000000 ) ) 
 REPRESENTATION_ITEM ( '' )  );
#1883 = ORIENTED_EDGE ( 'NONE', *, *, #437, .T. ) ;
#1884 = CARTESIAN_POINT ( 'NONE',  ( -1.999999999999994893, -0.2000000000000000111, -13.99999999999999822 ) ) ;
#1885 = DIRECTION ( 'NONE',  ( -1.000000000000000000, -0.000000000000000000, -0.000000000000000000 ) ) ;
#1886 = VECTOR ( 'NONE', #968, 1000.000000000000000 ) ;
#1887 = ORIENTED_EDGE ( 'NONE', *, *, #3566, .F. ) ;
#1888 = CIRCLE ( 'NONE', #1490, 1.550000000000002709 ) ;
#1889 = EDGE_CURVE ( 'NONE', #3851, #2827, #527, .T. ) ;
#1890 = LINE ( 'NONE', #1830, #3168 ) ;
#1891 = DIRECTION ( 'NONE',  ( -0.000000000000000000, 1.000000000000000000, -0.000000000000000000 ) ) ;
#1892 = EDGE_LOOP ( 'NONE', ( #3919, #938, #2426, #2011 ) ) ;
#1893 = LINE ( 'NONE', #950, #626 ) ;
#1894 = AXIS2_PLACEMENT_3D ( 'NONE', #3971, #2135, #814 ) ;
#1895 = EDGE_CURVE ( 'NONE', #3197, #4134, #4042, .T. ) ;
#1896 = VERTEX_POINT ( 'NONE', #2792 ) ;
#1897 = VECTOR ( 'NONE', #1853, 1000.000000000000000 ) ;
#1898 = DIRECTION ( 'NONE',  ( -1.000000000000000000, 0.000000000000000000, 0.000000000000000000 ) ) ;
#1899 = DIRECTION ( 'NONE',  ( 0.000000000000000000, -1.000000000000000000, 0.000000000000000000 ) ) ;
#1900 = ORIENTED_EDGE ( 'NONE', *, *, #1577, .T. ) ;
#1901 = AXIS2_PLACEMENT_3D ( 'NONE', #1954, #2939, #1624 ) ;
#1902 = EDGE_CURVE ( 'NONE', #2501, #3766, #4070, .T. ) ;
#1903 = ORIENTED_EDGE ( 'NONE', *, *, #2282, .T. ) ;
#1904 = AXIS2_PLACEMENT_3D ( 'NONE', #3987, #3731, #169 ) ;
#1905 = AXIS2_PLACEMENT_3D ( 'NONE', #2098, #510, #3063 ) ;
#1906 = CARTESIAN_POINT ( 'NONE',  ( -19.64052665499922057, 0.000000000000000000, 40.32730954662498846 ) ) ;
#1907 = VECTOR ( 'NONE', #1709, 1000.000000000000000 ) ;
#1908 = CIRCLE ( 'NONE', #642, 2.000000000000000000 ) ;
#1909 = VERTEX_POINT ( 'NONE', #1843 ) ;
#1910 = DIRECTION ( 'NONE',  ( 0.000000000000000000, 0.000000000000000000, 1.000000000000000000 ) ) ;
#1911 = LINE ( 'NONE', #3192, #2910 ) ;
#1912 = CIRCLE ( 'NONE', #4051, 2.000000000000000000 ) ;
#1913 = ORIENTED_EDGE ( 'NONE', *, *, #3154, .F. ) ;
#1914 = VERTEX_POINT ( 'NONE', #3124 ) ;
#1915 = AXIS2_PLACEMENT_3D ( 'NONE', #2685, #3649, #1325 ) ;
#1916 = CARTESIAN_POINT ( 'NONE',  ( 23.49999999999999645, -4.000000000000000000, 42.50000000000000711 ) ) ;
#1917 = DIRECTION ( 'NONE',  ( -0.4733061507711227578, -0.7429418384264316888, -0.4733061507711230353 ) ) ;
#1918 = CARTESIAN_POINT ( 'NONE',  ( -29.00000000000000355, -4.000000000000000000, -14.00000000000000000 ) ) ;
#1919 = ORIENTED_EDGE ( 'NONE', *, *, #2240, .F. ) ;
#1920 = FACE_OUTER_BOUND ( 'NONE', #1370, .T. ) ;
#1921 = ORIENTED_EDGE ( 'NONE', *, *, #2026, .F. ) ;
#1922 = DIRECTION ( 'NONE',  ( -0.000000000000000000, 1.000000000000000000, -0.000000000000000000 ) ) ;
#1923 = DIRECTION ( 'NONE',  ( 0.000000000000000000, 1.000000000000000000, 0.000000000000000000 ) ) ;
#1924 = ORIENTED_EDGE ( 'NONE', *, *, #2240, .T. ) ;
#1925 = EDGE_CURVE ( 'NONE', #3867, #4150, #252, .T. ) ;
#1926 = DIRECTION ( 'NONE',  ( -0.000000000000000000, -0.000000000000000000, -1.000000000000000000 ) ) ;
#1927 = ORIENTED_EDGE ( 'NONE', *, *, #1825, .F. ) ;
#1928 = DIRECTION ( 'NONE',  ( 1.000000000000000000, 0.000000000000000000, 0.000000000000000000 ) ) ;
#1929 = EDGE_CURVE ( 'NONE', #140, #669, #1360, .T. ) ;
#1930 = ADVANCED_FACE ( 'NONE', ( #939 ), #2519, .F. ) ;
#1931 = VERTEX_POINT ( 'NONE', #2220 ) ;
#1932 = CYLINDRICAL_SURFACE ( 'NONE', #4120, 2.100000000000011635 ) ;
#1933 = CARTESIAN_POINT ( 'NONE',  ( 1.999999999999991784, 0.000000000000000000, -13.99999999999999645 ) ) ;
#1934 = EDGE_CURVE ( 'NONE', #3221, #3630, #1862, .T. ) ;
#1935 = ORIENTED_EDGE ( 'NONE', *, *, #3542, .T. ) ;
#1936 = ORIENTED_EDGE ( 'NONE', *, *, #1895, .T. ) ;
#1937 = DIRECTION ( 'NONE',  ( 0.000000000000000000, 0.000000000000000000, 1.000000000000000000 ) ) ;
#1938 = LINE ( 'NONE', #2290, #1700 ) ;
#1939 = FACE_OUTER_BOUND ( 'NONE', #1487, .T. ) ;
#1940 = ORIENTED_EDGE ( 'NONE', *, *, #3412, .F. ) ;
#1941 = DIRECTION ( 'NONE',  ( 0.000000000000000000, 0.000000000000000000, -1.000000000000000000 ) ) ;
#1942 = PLANE ( 'NONE',  #83 ) ;
#1943 = CARTESIAN_POINT ( 'NONE',  ( 3.499999999999998668, -0.2000000000000000111, -12.99999999999998579 ) ) ;
#1944 = ORIENTED_EDGE ( 'NONE', *, *, #3538, .F. ) ;
#1945 = ORIENTED_EDGE ( 'NONE', *, *, #265, .F. ) ;
#1946 = CARTESIAN_POINT ( 'NONE',  ( -44.49999999999999289, -3.000000000000000000, -44.50000000000000000 ) ) ;
#1947 = ORIENTED_EDGE ( 'NONE', *, *, #3681, .F. ) ;
#1948 = EDGE_CURVE ( 'NONE', #2536, #1762, #317, .T. ) ;
#1949 = CARTESIAN_POINT ( 'NONE',  ( 33.00000000000000000, -4.000000000000000000, -18.00000000000001066 ) ) ;
#1950 = FACE_OUTER_BOUND ( 'NONE', #2202, .T. ) ;
#1951 = DIRECTION ( 'NONE',  ( 0.000000000000000000, 0.000000000000000000, 1.000000000000000000 ) ) ;
#1952 = ADVANCED_FACE ( 'NONE', ( #631 ), #3522, .T. ) ;
#1953 = DIRECTION ( 'NONE',  ( 1.000000000000000000, -0.000000000000000000, -0.000000000000000000 ) ) ;
#1954 = CARTESIAN_POINT ( 'NONE',  ( 26.69108803978335942, -2.332262232261528734, -9.308911960216640580 ) ) ;
#1955 = DIRECTION ( 'NONE',  ( 1.000000000000000000, 0.000000000000000000, -2.891205793294677833E-16 ) ) ;
#1956 = EDGE_LOOP ( 'NONE', ( #549, #1333, #1657, #3587, #3038, #1206, #3894, #3271 ) ) ;
#1957 = DIRECTION ( 'NONE',  ( 0.4733061507711228133, 0.7429418384264316888, 0.4733061507711229798 ) ) ;
#1958 = AXIS2_PLACEMENT_3D ( 'NONE', #4062, #2466, #2150 ) ;
#1959 = DIRECTION ( 'NONE',  ( 1.000000000000000000, 0.000000000000000000, 0.000000000000000000 ) ) ;
#1960 = CARTESIAN_POINT ( 'NONE',  ( -2.000000000000000888, -0.2000000000000000111, -8.999999999999998224 ) ) ;
#1961 = VERTEX_POINT ( 'NONE', #1906 ) ;
#1962 = FACE_OUTER_BOUND ( 'NONE', #2890, .T. ) ;
#1963 = VECTOR ( 'NONE', #184, 1000.000000000000114 ) ;
#1964 = ORIENTED_EDGE ( 'NONE', *, *, #2081, .T. ) ;
#1965 = DIRECTION ( 'NONE',  ( 1.000000000000000000, -0.000000000000000000, -0.000000000000000000 ) ) ;
#1966 = AXIS2_PLACEMENT_3D ( 'NONE', #4121, #215, #2169 ) ;
#1967 = VERTEX_POINT ( 'NONE', #3804 ) ;
#1968 = AXIS2_PLACEMENT_3D ( 'NONE', #1549, #3854, #3540 ) ;
#1969 = DIRECTION ( 'NONE',  ( -0.000000000000000000, -0.000000000000000000, -1.000000000000000000 ) ) ;
#1970 = CARTESIAN_POINT ( 'NONE',  ( -46.60000000000001563, -6.000000000000000000, -44.50000000000001421 ) ) ;
#1971 = AXIS2_PLACEMENT_3D ( 'NONE', #1497, #490, #1429 ) ;
#1972 = AXIS2_PLACEMENT_3D ( 'NONE', #3081, #2123, #3705 ) ;
#1973 = EDGE_CURVE ( 'NONE', #4076, #1122, #2367, .T. ) ;
#1974 = ORIENTED_EDGE ( 'NONE', *, *, #1390, .F. ) ;
#1975 = VECTOR ( 'NONE', #399, 1000.000000000000000 ) ;
#1976 = CARTESIAN_POINT ( 'NONE',  ( 44.50000000000000000, -6.000000000000000000, 46.59999999999998721 ) ) ;
#1977 = VECTOR ( 'NONE', #1078, 1000.000000000000000 ) ;
#1978 = CARTESIAN_POINT ( 'NONE',  ( 44.49999999999999289, -5.000000000000000888, -42.94999999999999574 ) ) ;
#1979 = CARTESIAN_POINT ( 'NONE',  ( 1.999999999999991784, -0.2000000000000000111, -13.99999999999999645 ) ) ;
#1980 = EDGE_LOOP ( 'NONE', ( #3776, #3472, #1936, #2956, #564, #3929 ) ) ;
#1981 = CARTESIAN_POINT ( 'NONE',  ( 19.64052665499921346, 0.000000000000000000, -2.327309546624991565 ) ) ;
#1982 = ADVANCED_FACE ( 'NONE', ( #1234 ), #294, .T. ) ;
#1983 = VECTOR ( 'NONE', #704, 1000.000000000000000 ) ;
#1984 = DIRECTION ( 'NONE',  ( 0.000000000000000000, 1.000000000000000000, -0.000000000000000000 ) ) ;
#1985 = DIRECTION ( 'NONE',  ( 1.000000000000000000, -0.000000000000000000, -2.312964634635735561E-15 ) ) ;
#1986 = ORIENTED_EDGE ( 'NONE', *, *, #2468, .T. ) ;
#1987 = EDGE_CURVE ( 'NONE', #2599, #1411, #568, .T. ) ;
#1988 = VERTEX_POINT ( 'NONE', #3477 ) ;
#1989 = LINE ( 'NONE', #394, #2303 ) ;
#1990 = ORIENTED_EDGE ( 'NONE', *, *, #1178, .F. ) ;
#1991 = CARTESIAN_POINT ( 'NONE',  ( -28.00000000000003197, -4.000000000000000000, -13.35258760368867748 ) ) ;
#1992 = LINE ( 'NONE', #3270, #1886 ) ;
#1993 = EDGE_LOOP ( 'NONE', ( #2302, #337, #3300, #495, #273, #771, #3419, #316 ) ) ;
#1994 = CARTESIAN_POINT ( 'NONE',  ( -44.50000000000001421, -5.000000000000000888, 42.94999999999999574 ) ) ;
#1995 = CARTESIAN_POINT ( 'NONE',  ( 44.49999999999999289, -17.50000000000000000, -46.04999999999999716 ) ) ;
#1996 = ORIENTED_EDGE ( 'NONE', *, *, #921, .F. ) ;
#1997 = DIRECTION ( 'NONE',  ( 0.000000000000000000, 0.000000000000000000, 1.000000000000000000 ) ) ;
#1998 =( LENGTH_UNIT ( ) NAMED_UNIT ( * ) SI_UNIT ( .MILLI., .METRE. ) );
#1999 = ADVANCED_FACE ( 'NONE', ( #3187 ), #988, .F. ) ;
#2000 = ADVANCED_FACE ( 'NONE', ( #3496 ), #2872, .F. ) ;
#2001 = DIRECTION ( 'NONE',  ( 0.000000000000000000, 1.000000000000000000, 0.000000000000000000 ) ) ;
#2002 = FACE_OUTER_BOUND ( 'NONE', #2503, .T. ) ;
#2003 = EDGE_CURVE ( 'NONE', #3315, #3624, #1881, .T. ) ;
#2004 = ORIENTED_EDGE ( 'NONE', *, *, #2930, .T. ) ;
#2005 = ORIENTED_EDGE ( 'NONE', *, *, #827, .T. ) ;
#2006 = EDGE_CURVE ( 'NONE', #1415, #806, #2174, .T. ) ;
#2007 = CARTESIAN_POINT ( 'NONE',  ( -21.00000000000000355, -7.000000000000000000, -5.999999999999999112 ) ) ;
#2008 = EDGE_LOOP ( 'NONE', ( #896, #3995, #1974, #1336 ) ) ;
#2009 = DIRECTION ( 'NONE',  ( 0.000000000000000000, 0.000000000000000000, -1.000000000000000000 ) ) ;
#2010 = DIRECTION ( 'NONE',  ( -1.000000000000000000, 0.000000000000000000, 0.000000000000000000 ) ) ;
#2011 = ORIENTED_EDGE ( 'NONE', *, *, #546, .T. ) ;
#2012 = DIRECTION ( 'NONE',  ( 0.8433914458128869418, -0.5372996083468221107, 0.000000000000000000 ) ) ;
#2013 = LINE ( 'NONE', #3936, #3188 ) ;
#2014 = ORIENTED_EDGE ( 'NONE', *, *, #2874, .T. ) ;
#2015 = CARTESIAN_POINT ( 'NONE',  ( -31.00000000000000355, -7.000000000000000000, -16.00000000000000000 ) ) ;
#2016 =( BOUNDED_CURVE ( )  B_SPLINE_CURVE ( 3, ( #2634, #1730, #3628, #1054 ),
 .UNSPECIFIED., .F., .F. ) 
 B_SPLINE_CURVE_WITH_KNOTS ( ( 4, 4 ),
 ( 5.644216746759609826, 6.922153867599563526 ),
 .UNSPECIFIED. ) 
 CURVE ( )  GEOMETRIC_REPRESENTATION_ITEM ( )  RATIONAL_B_SPLINE_CURVE ( ( 1.000000000000000000, 0.8684742014189966719, 0.8684742014189966719, 1.000000000000000000 ) ) 
 REPRESENTATION_ITEM ( '' )  );
#2017 = CARTESIAN_POINT ( 'NONE',  ( -44.49999999999999289, -3.000000000000000000, -44.50000000000000000 ) ) ;
#2018 = DIRECTION ( 'NONE',  ( -0.000000000000000000, 1.000000000000000000, 0.000000000000000000 ) ) ;
#2019 = ORIENTED_EDGE ( 'NONE', *, *, #3661, .T. ) ;
#2020 = CARTESIAN_POINT ( 'NONE',  ( -44.50000000000001421, -3.000000000000000000, -44.50000000000001421 ) ) ;
#2021 = VECTOR ( 'NONE', #3537, 999.9999999999998863 ) ;
#2022 = ADVANCED_FACE ( 'NONE', ( #336 ), #1, .T. ) ;
#2023 = VERTEX_POINT ( 'NONE', #1293 ) ;
#2024 = DIRECTION ( 'NONE',  ( -0.000000000000000000, -0.000000000000000000, -1.000000000000000000 ) ) ;
#2025 = VECTOR ( 'NONE', #3947, 1000.000000000000000 ) ;
#2026 = EDGE_CURVE ( 'NONE', #669, #140, #1430, .T. ) ;
#2027 = ORIENTED_EDGE ( 'NONE', *, *, #3385, .F. ) ;
#2028 = CARTESIAN_POINT ( 'NONE',  ( 0.000000000000000000, -19.34999999999999787, 5.279028503395025496 ) ) ;
#2029 = VECTOR ( 'NONE', #192, 1000.000000000000000 ) ;
#2030 = FACE_OUTER_BOUND ( 'NONE', #2351, .T. ) ;
#2031 = AXIS2_PLACEMENT_3D ( 'NONE', #3459, #3206, #3786 ) ;
#2032 = ORIENTED_EDGE ( 'NONE', *, *, #2518, .F. ) ;
#2033 = DIRECTION ( 'NONE',  ( 0.000000000000000000, 0.5372996083468219997, -0.8433914458128869418 ) ) ;
#2034 = CARTESIAN_POINT ( 'NONE',  ( 30.54828104322999138, 0.000000000000000000, -15.90086864691863866 ) ) ;
#2035 = AXIS2_PLACEMENT_3D ( 'NONE', #3545, #680, #2606 ) ;
#2036 = VECTOR ( 'NONE', #2222, 1000.000000000000000 ) ;
#2037 = ORIENTED_EDGE ( 'NONE', *, *, #1385, .F. ) ;
#2038 = DIRECTION ( 'NONE',  ( -1.000000000000000000, 0.000000000000000000, -2.312964634635735561E-15 ) ) ;
#2039 = VECTOR ( 'NONE', #3575, 1000.000000000000000 ) ;
#2040 = CARTESIAN_POINT ( 'NONE',  ( -33.00000000000000000, -4.000000000000000000, -5.204170427930421283E-15 ) ) ;
#2041 = CARTESIAN_POINT ( 'NONE',  ( 22.00000000000000000, -4.000000000000000000, -9.686782891625753678 ) ) ;
#2042 = CARTESIAN_POINT ( 'NONE',  ( 44.49999999999996447, -3.000000000000000000, 41.49999999999999289 ) ) ;
#2043 = VERTEX_POINT ( 'NONE', #2812 ) ;
#2044 = CARTESIAN_POINT ( 'NONE',  ( -8.491797090868139719, -17.49999999999999645, 8.821420017506085287 ) ) ;
#2045 = CIRCLE ( 'NONE', #241, 2.000000000000000000 ) ;
#2046 = VERTEX_POINT ( 'NONE', #4089 ) ;
#2047 = CARTESIAN_POINT ( 'NONE',  ( -44.50000000000001421, -2.999999999999999112, 44.50000000000000000 ) ) ;
#2048 = EDGE_CURVE ( 'NONE', #247, #927, #2184, .T. ) ;
#2049 = DIRECTION ( 'NONE',  ( 0.000000000000000000, 1.000000000000000000, 0.000000000000000000 ) ) ;
#2050 = ORIENTED_EDGE ( 'NONE', *, *, #2436, .F. ) ;
#2051 = CYLINDRICAL_SURFACE ( 'NONE', #2249, 1.550000000000002709 ) ;
#2052 = EDGE_CURVE ( 'NONE', #3717, #2133, #1989, .T. ) ;
#2053 = CARTESIAN_POINT ( 'NONE',  ( 21.00000000000000355, -4.000000000000000000, -5.999999999999999112 ) ) ;
#2054 = EDGE_CURVE ( 'NONE', #1000, #59, #3037, .T. ) ;
#2055 = CARTESIAN_POINT ( 'NONE',  ( -28.86149815160421639, 0.000000000000000000, -5.451718956770010394 ) ) ;
#2056 = CARTESIAN_POINT ( 'NONE',  ( 20.67989715031363218, 0.000000000000000000, 40.32730954662498846 ) ) ;
#2057 = ORIENTED_EDGE ( 'NONE', *, *, #3412, .T. ) ;
#2058 = CARTESIAN_POINT ( 'NONE',  ( 0.000000000000000000, -6.999999999999999112, -2.588789217577481594 ) ) ;
#2059 = ADVANCED_FACE ( 'NONE', ( #1674 ), #3249, .T. ) ;
#2060 = FACE_OUTER_BOUND ( 'NONE', #3822, .T. ) ;
#2061 = ORIENTED_EDGE ( 'NONE', *, *, #3868, .F. ) ;
#2062 = CARTESIAN_POINT ( 'NONE',  ( -17.00000000000000000, -7.000000000000000888, -2.588789217577479818 ) ) ;
#2063 = CARTESIAN_POINT ( 'NONE',  ( 44.49999999999998579, -6.000000000000000000, -46.60000000000001563 ) ) ;
#2064 = CARTESIAN_POINT ( 'NONE',  ( 21.00000000000000355, -4.000000000000000000, -5.999999999999999112 ) ) ;
#2065 = DIRECTION ( 'NONE',  ( -7.228014483236695816E-17, 0.000000000000000000, -1.000000000000000000 ) ) ;
#2066 = ORIENTED_EDGE ( 'NONE', *, *, #2972, .F. ) ;
#2067 = CARTESIAN_POINT ( 'NONE',  ( 17.00000000000000000, -19.34999999999999787, 5.279028503395025496 ) ) ;
#2068 = ORIENTED_EDGE ( 'NONE', *, *, #2550, .T. ) ;
#2069 = DIRECTION ( 'NONE',  ( -0.000000000000000000, 1.000000000000000000, -0.000000000000000000 ) ) ;
#2070 = DIRECTION ( 'NONE',  ( 0.000000000000000000, 0.000000000000000000, 1.000000000000000000 ) ) ;
#2071 = ORIENTED_EDGE ( 'NONE', *, *, #2622, .F. ) ;
#2072 = CARTESIAN_POINT ( 'NONE',  ( -10.64721712963777733, -24.17482789743035454, 29.64721712963778444 ) ) ;
#2073 = CARTESIAN_POINT ( 'NONE',  ( -28.86149815160421639, 0.000000000000000000, -5.451718956770010394 ) ) ;
#2074 = CARTESIAN_POINT ( 'NONE',  ( 22.00000000000000000, -4.000000000000045297, -13.99999999999999822 ) ) ;
#2075 = EDGE_CURVE ( 'NONE', #3630, #3556, #2948, .T. ) ;
#2076 = ORIENTED_EDGE ( 'NONE', *, *, #2286, .T. ) ;
#2077 = DIRECTION ( 'NONE',  ( 0.000000000000000000, 1.000000000000000000, -0.000000000000000000 ) ) ;
#2078 = CARTESIAN_POINT ( 'NONE',  ( 31.00000000000000355, -4.000000000000000000, -14.00000000000000000 ) ) ;
#2079 = ORIENTED_EDGE ( 'NONE', *, *, #1309, .T. ) ;
#2080 = DIRECTION ( 'NONE',  ( 0.000000000000000000, 0.000000000000000000, -1.000000000000000000 ) ) ;
#2081 = EDGE_CURVE ( 'NONE', #3582, #1533, #1316, .T. ) ;
#2082 = CARTESIAN_POINT ( 'NONE',  ( -17.00000000000000000, -7.000000000000000000, -18.00000000000001066 ) ) ;
#2083 = CARTESIAN_POINT ( 'NONE',  ( -44.50000000000001421, -5.000000000000000888, 44.50000000000000000 ) ) ;
#2084 = CYLINDRICAL_SURFACE ( 'NONE', #1442, 1.550000000000002709 ) ;
#2085 = ORIENTED_EDGE ( 'NONE', *, *, #3017, .F. ) ;
#2086 = CARTESIAN_POINT ( 'NONE',  ( 19.45171895677000862, 0.000000000000000000, -14.86149815160421284 ) ) ;
#2087 = ORIENTED_EDGE ( 'NONE', *, *, #1008, .F. ) ;
#2088 = CARTESIAN_POINT ( 'NONE',  ( -3.500000000000001776, -0.2000000000000000111, -12.99999999999999112 ) ) ;
#2089 = VECTOR ( 'NONE', #2963, 1000.000000000000000 ) ;
#2090 = CYLINDRICAL_SURFACE ( 'NONE', #3841, 1.500000000000001332 ) ;
#2091 = AXIS2_PLACEMENT_3D ( 'NONE', #603, #1873, #2531 ) ;
#2092 = ORIENTED_EDGE ( 'NONE', *, *, #1332, .F. ) ;
#2093 = DIRECTION ( 'NONE',  ( 1.000000000000000000, -0.000000000000000000, -0.000000000000000000 ) ) ;
#2094 = CIRCLE ( 'NONE', #1828, 1.550000000000002709 ) ;
#2095 = CARTESIAN_POINT ( 'NONE',  ( 44.49999999999996447, -3.000000000000000000, 44.50000000000000000 ) ) ;
#2096 = EDGE_LOOP ( 'NONE', ( #2660, #677, #1919, #2981, #605, #1339, #610, #1543 ) ) ;
#2097 = AXIS2_PLACEMENT_3D ( 'NONE', #1012, #703, #9 ) ;
#2098 = CARTESIAN_POINT ( 'NONE',  ( -2.000000000000001776, -0.2000000000000000111, -12.99999999999999822 ) ) ;
#2099 = CARTESIAN_POINT ( 'NONE',  ( 10.55645091390304557, -16.90686144895513010, 10.13033197772272587 ) ) ;
#2100 = EDGE_CURVE ( 'NONE', #2607, #1519, #3283, .T. ) ;
#2101 = ORIENTED_EDGE ( 'NONE', *, *, #3075, .F. ) ;
#2102 = DIRECTION ( 'NONE',  ( -0.000000000000000000, -1.000000000000000000, -0.000000000000000000 ) ) ;
#2103 = CIRCLE ( 'NONE', #565, 2.100000000000011635 ) ;
#2104 = CIRCLE ( 'NONE', #1574, 2.000000000000000000 ) ;
#2105 = CARTESIAN_POINT ( 'NONE',  ( 21.00000000000000355, -7.000000000000000000, -8.000000000000000000 ) ) ;
#2106 = VECTOR ( 'NONE', #3395, 1000.000000000000000 ) ;
#2107 = DIRECTION ( 'NONE',  ( -5.782411586589357639E-16, 0.000000000000000000, 1.000000000000000000 ) ) ;
#2108 = DIRECTION ( 'NONE',  ( 0.000000000000000000, -0.000000000000000000, 1.000000000000000000 ) ) ;
#2109 = ADVANCED_FACE ( 'NONE', ( #2300 ), #2620, .F. ) ;
#2110 = ORIENTED_EDGE ( 'NONE', *, *, #3108, .F. ) ;
#2111 = DIRECTION ( 'NONE',  ( 0.000000000000000000, -0.8433914458128867198, 0.5372996083468221107 ) ) ;
#2112 = CIRCLE ( 'NONE', #4118, 2.100000000000004530 ) ;
#2113 = ORIENTED_EDGE ( 'NONE', *, *, #2823, .F. ) ;
#2114 = CARTESIAN_POINT ( 'NONE',  ( -21.32730954662499556, -1.734723475976807094E-15, 39.67989715031364995 ) ) ;
#2115 = AXIS2_PLACEMENT_3D ( 'NONE', #2028, #2701, #563 ) ;
#2116 = EDGE_CURVE ( 'NONE', #2536, #1799, #692, .T. ) ;
#2117 = DIRECTION ( 'NONE',  ( -0.000000000000000000, 1.000000000000000000, -0.000000000000000000 ) ) ;
#2118 = VECTOR ( 'NONE', #3813, 1000.000000000000000 ) ;
#2119 = ORIENTED_EDGE ( 'NONE', *, *, #3408, .T. ) ;
#2120 = LINE ( 'NONE', #3415, #3245 ) ;
#2121 = CARTESIAN_POINT ( 'NONE',  ( 19.64052665499920636, 0.000000000000000000, 40.32730954662498846 ) ) ;
#2122 = ORIENTED_EDGE ( 'NONE', *, *, #75, .F. ) ;
#2123 = DIRECTION ( 'NONE',  ( -0.000000000000000000, 1.000000000000000000, -0.000000000000000000 ) ) ;
#2124 = CARTESIAN_POINT ( 'NONE',  ( 17.00000000000000000, -7.000000000000000000, -18.00000000000001066 ) ) ;
#2125 = ORIENTED_EDGE ( 'NONE', *, *, #3709, .F. ) ;
#2126 = FACE_OUTER_BOUND ( 'NONE', #3096, .T. ) ;
#2127 = CARTESIAN_POINT ( 'NONE',  ( 47.49999999999997158, -3.000000000000000000, 41.50000000000000000 ) ) ;
#2128 = CARTESIAN_POINT ( 'NONE',  ( 33.00000000000000000, -4.000000000000000000, -18.00000000000001066 ) ) ;
#2129 = CARTESIAN_POINT ( 'NONE',  ( 10.17857998249391471, -17.50000000000000000, 9.468832413817432681 ) ) ;
#2130 = ORIENTED_EDGE ( 'NONE', *, *, #198, .F. ) ;
#2131 = CARTESIAN_POINT ( 'NONE',  ( -10.55645091390305090, -16.90686144895513010, 27.86966802227727769 ) ) ;
#2132 = EDGE_CURVE ( 'NONE', #4112, #392, #1334, .T. ) ;
#2133 = VERTEX_POINT ( 'NONE', #3615 ) ;
#2134 = ADVANCED_FACE ( 'NONE', ( #3580 ), #775, .F. ) ;
#2135 = DIRECTION ( 'NONE',  ( -0.000000000000000000, -1.000000000000000000, -0.000000000000000000 ) ) ;
#2136 = DIRECTION ( 'NONE',  ( -0.8433914458128869418, -0.5372996083468218886, 0.000000000000000000 ) ) ;
#2137 = EDGE_CURVE ( 'NONE', #4150, #892, #735, .T. ) ;
#2138 = EDGE_LOOP ( 'NONE', ( #3864, #2447 ) ) ;
#2139 = CARTESIAN_POINT ( 'NONE',  ( 21.00000000000000355, -4.000000000000000000, -16.00000000000000000 ) ) ;
#2140 = CARTESIAN_POINT ( 'NONE',  ( -44.50000000000001421, -4.000000000000000000, -44.50000000000001421 ) ) ;
#2141 = CARTESIAN_POINT ( 'NONE',  ( -19.00000000000000355, -4.000000000000000000, -14.00000000000000000 ) ) ;
#2142 = ORIENTED_EDGE ( 'NONE', *, *, #4135, .T. ) ;
#2143 = LINE ( 'NONE', #4005, #3176 ) ;
#2144 = DIRECTION ( 'NONE',  ( 3.252606517456529079E-16, 0.000000000000000000, 1.000000000000000000 ) ) ;
#2145 = ORIENTED_EDGE ( 'NONE', *, *, #1520, .T. ) ;
#2146 = FACE_OUTER_BOUND ( 'NONE', #1272, .T. ) ;
#2147 = DIRECTION ( 'NONE',  ( 0.000000000000000000, -1.000000000000000000, 0.000000000000000000 ) ) ;
#2148 = LINE ( 'NONE', #193, #2315 ) ;
#2149 = ORIENTED_EDGE ( 'NONE', *, *, #679, .F. ) ;
#2150 = DIRECTION ( 'NONE',  ( -1.460819769243627131E-16, 0.000000000000000000, -1.000000000000000000 ) ) ;
#2151 = VERTEX_POINT ( 'NONE', #1353 ) ;
#2152 = DIRECTION ( 'NONE',  ( 0.000000000000000000, 0.000000000000000000, -1.000000000000000000 ) ) ;
#2153 = CARTESIAN_POINT ( 'NONE',  ( -29.00000000000000355, -7.000000000000000000, -16.00000000000000000 ) ) ;
#2154 = CARTESIAN_POINT ( 'NONE',  ( 44.49999999999999289, -3.000000000000000000, -44.50000000000000000 ) ) ;
#2155 = EDGE_CURVE ( 'NONE', #3543, #1000, #2283, .T. ) ;
#2156 = ORIENTED_EDGE ( 'NONE', *, *, #1752, .T. ) ;
#2157 = DIRECTION ( 'NONE',  ( -0.000000000000000000, 0.000000000000000000, -1.000000000000000000 ) ) ;
#2158 = EDGE_CURVE ( 'NONE', #3288, #2162, #74, .T. ) ;
#2159 = LINE ( 'NONE', #3821, #2021 ) ;
#2160 = DIRECTION ( 'NONE',  ( 0.4733061507711228133, 0.7429418384264315778, 0.4733061507711229798 ) ) ;
#2161 = AXIS2_PLACEMENT_3D ( 'NONE', #681, #2626, #2590 ) ;
#2162 = VERTEX_POINT ( 'NONE', #2321 ) ;
#2163 = CARTESIAN_POINT ( 'NONE',  ( -44.50000000000001421, -5.000000000000000000, -44.50000000000001421 ) ) ;
#2164 = AXIS2_PLACEMENT_3D ( 'NONE', #646, #1282, #2883 ) ;
#2165 = LINE ( 'NONE', #357, #3840 ) ;
#2166 = ORIENTED_EDGE ( 'NONE', *, *, #3259, .T. ) ;
#2167 = AXIS2_PLACEMENT_3D ( 'NONE', #4003, #2746, #1127 ) ;
#2168 = CARTESIAN_POINT ( 'NONE',  ( -46.60000000000002984, -6.000000000000000000, 44.49999999999998579 ) ) ;
#2169 = DIRECTION ( 'NONE',  ( -1.000000000000000000, 0.000000000000000000, -7.228014483236695816E-17 ) ) ;
#2170 = CARTESIAN_POINT ( 'NONE',  ( 9.531167586182561990, -17.50000000000000000, 8.821420017506085287 ) ) ;
#2171 = VECTOR ( 'NONE', #3424, 1000.000000000000000 ) ;
#2172 = EDGE_LOOP ( 'NONE', ( #2867, #3551, #596, #925 ) ) ;
#2173 = CARTESIAN_POINT ( 'NONE',  ( -3.500000000000000444, 0.000000000000000000, -9.000000000000008882 ) ) ;
#2174 = CIRCLE ( 'NONE', #2509, 3.000000000000002665 ) ;
#2175 = ORIENTED_EDGE ( 'NONE', *, *, #3542, .F. ) ;
#2176 = DIRECTION ( 'NONE',  ( 1.000000000000000000, 0.000000000000000000, 0.000000000000000000 ) ) ;
#2177 = CARTESIAN_POINT ( 'NONE',  ( -22.00000000000000000, -4.000000000000000000, -12.31321710837424455 ) ) ;
#2178 = VERTEX_POINT ( 'NONE', #3598 ) ;
#2179 = VECTOR ( 'NONE', #1243, 1000.000000000000000 ) ;
#2180 = VECTOR ( 'NONE', #1022, 1000.000000000000000 ) ;
#2181 = ORIENTED_EDGE ( 'NONE', *, *, #2851, .T. ) ;
#2182 = VECTOR ( 'NONE', #2808, 1000.000000000000000 ) ;
#2183 = EDGE_CURVE ( 'NONE', #1847, #380, #2334, .T. ) ;
#2184 = LINE ( 'NONE', #272, #158 ) ;
#2185 =( BOUNDED_CURVE ( )  B_SPLINE_CURVE ( 3, ( #3348, #2408, #3680, #2365 ),
 .UNSPECIFIED., .F., .F. ) 
 B_SPLINE_CURVE_WITH_KNOTS ( ( 4, 4 ),
 ( 2.502624093169815822, 3.780561214009768634 ),
 .UNSPECIFIED. ) 
 CURVE ( )  GEOMETRIC_REPRESENTATION_ITEM ( )  RATIONAL_B_SPLINE_CURVE ( ( 1.000000000000000000, 0.8684742014189967829, 0.8684742014189967829, 1.000000000000000000 ) ) 
 REPRESENTATION_ITEM ( '' )  );
#2186 = ORIENTED_EDGE ( 'NONE', *, *, #2471, .F. ) ;
#2187 = EDGE_CURVE ( 'NONE', #3152, #2513, #1395, .T. ) ;
#2188 = PLANE ( 'NONE',  #1643 ) ;
#2189 = EDGE_CURVE ( 'NONE', #3988, #3969, #432, .T. ) ;
#2190 = DIRECTION ( 'NONE',  ( 0.000000000000000000, 0.000000000000000000, -1.000000000000000000 ) ) ;
#2191 = ORIENTED_EDGE ( 'NONE', *, *, #1235, .T. ) ;
#2192 = ORIENTED_EDGE ( 'NONE', *, *, #13, .F. ) ;
#2193 = ADVANCED_FACE ( 'NONE', ( #115 ), #2680, .F. ) ;
#2194 = CARTESIAN_POINT ( 'NONE',  ( -41.49999999999998579, -3.000000000000000000, -44.50000000000000000 ) ) ;
#2195 = PLANE ( 'NONE',  #1966 ) ;
#2196 = CARTESIAN_POINT ( 'NONE',  ( 28.00000000000000000, 0.000000000000000000, -16.54828104322998783 ) ) ;
#2197 = VERTEX_POINT ( 'NONE', #837 ) ;
#2198 = CARTESIAN_POINT ( 'NONE',  ( -20.01839758640835853, 0.5931385510448803355, 40.70518047803412998 ) ) ;
#2199 = ORIENTED_EDGE ( 'NONE', *, *, #38, .T. ) ;
#2200 = LINE ( 'NONE', #3473, #3099 ) ;
#2201 = DIRECTION ( 'NONE',  ( -0.000000000000000000, 1.000000000000000000, -0.000000000000000000 ) ) ;
#2202 = EDGE_LOOP ( 'NONE', ( #2460, #910, #377, #748 ) ) ;
#2203 = ORIENTED_EDGE ( 'NONE', *, *, #2805, .T. ) ;
#2204 = DIRECTION ( 'NONE',  ( -0.000000000000000000, -0.000000000000000000, -1.000000000000000000 ) ) ;
#2205 = ORIENTED_EDGE ( 'NONE', *, *, #2158, .F. ) ;
#2206 = FACE_OUTER_BOUND ( 'NONE', #449, .T. ) ;
#2207 = CARTESIAN_POINT ( 'NONE',  ( 0.000000000000000000, -7.000000000000000000, 0.000000000000000000 ) ) ;
#2208 = EDGE_LOOP ( 'NONE', ( #258, #3710, #3377, #783 ) ) ;
#2209 = ADVANCED_FACE ( 'NONE', ( #2761 ), #2090, .F. ) ;
#2210 = DIRECTION ( 'NONE',  ( -0.4733061507711228688, 0.7429418384264316888, -0.4733061507711229798 ) ) ;
#2211 = CARTESIAN_POINT ( 'NONE',  ( 47.49999999999998579, -6.000000000000000000, -44.50000000000001421 ) ) ;
#2212 = ORIENTED_EDGE ( 'NONE', *, *, #3666, .F. ) ;
#2213 = FACE_OUTER_BOUND ( 'NONE', #4083, .T. ) ;
#2214 = EDGE_CURVE ( 'NONE', #4127, #931, #815, .T. ) ;
#2215 = EDGE_LOOP ( 'NONE', ( #2266, #985 ) ) ;
#2216 = LINE ( 'NONE', #624, #1565 ) ;
#2217 = DIRECTION ( 'NONE',  ( 2.952720810173288619E-16, 0.000000000000000000, -1.000000000000000000 ) ) ;
#2218 = ORIENTED_EDGE ( 'NONE', *, *, #3557, .F. ) ;
#2219 = ORIENTED_EDGE ( 'NONE', *, *, #1352, .T. ) ;
#2220 = CARTESIAN_POINT ( 'NONE',  ( 31.00000000000000355, -4.000000000000000000, -8.000000000000000000 ) ) ;
#2221 = ORIENTED_EDGE ( 'NONE', *, *, #1309, .F. ) ;
#2222 = DIRECTION ( 'NONE',  ( -1.460819769243627131E-16, -0.000000000000000000, -1.000000000000000000 ) ) ;
#2223 = DIRECTION ( 'NONE',  ( -0.000000000000000000, 0.000000000000000000, -1.000000000000000000 ) ) ;
#2224 = VECTOR ( 'NONE', #163, 1000.000000000000000 ) ;
#2225 = ORIENTED_EDGE ( 'NONE', *, *, #2538, .T. ) ;
#2226 = ORIENTED_EDGE ( 'NONE', *, *, #1439, .F. ) ;
#2227 = VECTOR ( 'NONE', #1426, 1000.000000000000000 ) ;
#2228 = FILL_AREA_STYLE_COLOUR ( '', #1435 ) ;
#2229 = ADVANCED_FACE ( 'NONE', ( #4068 ), #2698, .F. ) ;
#2230 = DIRECTION ( 'NONE',  ( 0.000000000000000000, 0.000000000000000000, -1.000000000000000000 ) ) ;
#2231 = DIRECTION ( 'NONE',  ( 0.000000000000000000, 0.000000000000000000, 1.000000000000000000 ) ) ;
#2232 = ORIENTED_EDGE ( 'NONE', *, *, #1052, .T. ) ;
#2233 = DIRECTION ( 'NONE',  ( 0.000000000000000000, 0.000000000000000000, -1.000000000000000000 ) ) ;
#2234 = AXIS2_PLACEMENT_3D ( 'NONE', #3138, #3756, #3490 ) ;
#2235 = ORIENTED_EDGE ( 'NONE', *, *, #3284, .F. ) ;
#2236 = CIRCLE ( 'NONE', #1767, 0.9999999999999991118 ) ;
#2237 = EDGE_CURVE ( 'NONE', #3654, #254, #524, .T. ) ;
#2238 = DIRECTION ( 'NONE',  ( 0.000000000000000000, 1.000000000000000000, 0.000000000000000000 ) ) ;
#2239 = DIRECTION ( 'NONE',  ( 0.000000000000000000, 0.000000000000000000, 1.000000000000000000 ) ) ;
#2240 = EDGE_CURVE ( 'NONE', #3221, #817, #3997, .T. ) ;
#2241 = ORIENTED_EDGE ( 'NONE', *, *, #803, .F. ) ;
#2242 = DIRECTION ( 'NONE',  ( -0.000000000000000000, 1.000000000000000000, -0.000000000000000000 ) ) ;
#2243 = AXIS2_PLACEMENT_3D ( 'NONE', #4019, #2764, #2157 ) ;
#2244 = VERTEX_POINT ( 'NONE', #3972 ) ;
#2245 = EDGE_CURVE ( 'NONE', #1967, #2873, #2739, .T. ) ;
#2246 = AXIS2_PLACEMENT_3D ( 'NONE', #2732, #1113, #4030 ) ;
#2247 = VECTOR ( 'NONE', #2814, 1000.000000000000000 ) ;
#2248 = CARTESIAN_POINT ( 'NONE',  ( 0.000000000000000000, -4.000000000000000000, -8.000000000000000000 ) ) ;
#2249 = AXIS2_PLACEMENT_3D ( 'NONE', #1719, #2362, #223 ) ;
#2250 = VERTEX_POINT ( 'NONE', #157 ) ;
#2251 = CARTESIAN_POINT ( 'NONE',  ( 14.89955147909884126, -17.50000000000000000, 33.89955147909886080 ) ) ;
#2252 = CARTESIAN_POINT ( 'NONE',  ( -33.00000000000000000, -7.000000000000000000, -5.204170427930421283E-15 ) ) ;
#2253 = FACE_OUTER_BOUND ( 'NONE', #328, .T. ) ;
#2254 = ORIENTED_EDGE ( 'NONE', *, *, #1895, .F. ) ;
#2255 = VECTOR ( 'NONE', #1278, 1000.000000000000000 ) ;
#2256 = DIRECTION ( 'NONE',  ( 0.000000000000000000, 0.000000000000000000, 1.000000000000000000 ) ) ;
#2257 = DIRECTION ( 'NONE',  ( -0.000000000000000000, 0.000000000000000000, -1.000000000000000000 ) ) ;
#2258 = DIRECTION ( 'NONE',  ( 0.000000000000000000, 0.000000000000000000, 1.000000000000000000 ) ) ;
#2259 = ORIENTED_EDGE ( 'NONE', *, *, #1616, .F. ) ;
#2260 = DIRECTION ( 'NONE',  ( 0.000000000000000000, -1.000000000000000000, -0.000000000000000000 ) ) ;
#2261 = EDGE_CURVE ( 'NONE', #1097, #2542, #3411, .T. ) ;
#2262 = DIRECTION ( 'NONE',  ( 0.000000000000000000, -0.000000000000000000, -1.000000000000000000 ) ) ;
#2263 = DIRECTION ( 'NONE',  ( 2.214540607629966587E-16, 0.000000000000000000, -1.000000000000000000 ) ) ;
#2264 = ORIENTED_EDGE ( 'NONE', *, *, #3834, .F. ) ;
#2265 = EDGE_CURVE ( 'NONE', #2410, #3230, #858, .T. ) ;
#2266 = ORIENTED_EDGE ( 'NONE', *, *, #980, .T. ) ;
#2267 = DIRECTION ( 'NONE',  ( -0.000000000000000000, 1.000000000000000000, -0.000000000000000000 ) ) ;
#2268 = EDGE_CURVE ( 'NONE', #1072, #1338, #3056, .T. ) ;
#2269 = ORIENTED_EDGE ( 'NONE', *, *, #592, .F. ) ;
#2270 = CARTESIAN_POINT ( 'NONE',  ( 19.45171895677000862, 0.000000000000000000, -14.86149815160421284 ) ) ;
#2271 = DIRECTION ( 'NONE',  ( -2.952720810173288619E-16, 0.000000000000000000, 1.000000000000000000 ) ) ;
#2272 = CARTESIAN_POINT ( 'NONE',  ( 27.35258760368867925, -4.000000000000000000, -7.999999999999970690 ) ) ;
#2273 = FACE_OUTER_BOUND ( 'NONE', #727, .T. ) ;
#2274 = CARTESIAN_POINT ( 'NONE',  ( 19.45171895677001217, 0.000000000000000000, -6.099131353081358675 ) ) ;
#2275 = ORIENTED_EDGE ( 'NONE', *, *, #1629, .T. ) ;
#2276 = DIRECTION ( 'NONE',  ( 0.000000000000000000, 0.000000000000000000, 1.000000000000000000 ) ) ;
#2277 = EDGE_LOOP ( 'NONE', ( #349, #645, #1288, #3153 ) ) ;
#2278 = CARTESIAN_POINT ( 'NONE',  ( -1.999999999999994005, -0.2000000000000000111, -7.999999999999998224 ) ) ;
#2279 = CARTESIAN_POINT ( 'NONE',  ( 29.00000000000000355, -7.000000000000000000, -6.000000000000000000 ) ) ;
#2280 = ORIENTED_EDGE ( 'NONE', *, *, #1096, .F. ) ;
#2281 = ORIENTED_EDGE ( 'NONE', *, *, #180, .T. ) ;
#2282 = EDGE_CURVE ( 'NONE', #18, #2803, #2404, .T. ) ;
#2283 = LINE ( 'NONE', #3887, #2180 ) ;
#2284 = ORIENTED_EDGE ( 'NONE', *, *, #2100, .F. ) ;
#2285 = DIRECTION ( 'NONE',  ( 0.8433914458128869418, 0.5372996083468219997, 0.000000000000000000 ) ) ;
#2286 = EDGE_CURVE ( 'NONE', #716, #2250, #542, .T. ) ;
#2287 = DIRECTION ( 'NONE',  ( 1.000000000000000000, 0.000000000000000000, -0.000000000000000000 ) ) ;
#2288 = ORIENTED_EDGE ( 'NONE', *, *, #604, .T. ) ;
#2289 = CARTESIAN_POINT ( 'NONE',  ( 22.00000000000000000, -4.000000000000045297, -8.000000000000000000 ) ) ;
#2290 = CARTESIAN_POINT ( 'NONE',  ( -44.49999999999999289, -17.50000000000000000, -46.04999999999999716 ) ) ;
#2291 = CARTESIAN_POINT ( 'NONE',  ( 28.86149815160421639, 0.000000000000000000, -16.54828104322998783 ) ) ;
#2292 = VERTEX_POINT ( 'NONE', #3344 ) ;
#2293 = DIRECTION ( 'NONE',  ( -1.000000000000000000, 0.000000000000000000, 7.228014483236695816E-17 ) ) ;
#2294 = VECTOR ( 'NONE', #2716, 1000.000000000000000 ) ;
#2295 = LINE ( 'NONE', #1669, #831 ) ;
#2296 = CIRCLE ( 'NONE', #3095, 1.550000000000002709 ) ;
#2297 = EDGE_LOOP ( 'NONE', ( #881, #4081, #2254, #2181 ) ) ;
#2298 = VECTOR ( 'NONE', #3155, 1000.000000000000000 ) ;
#2299 = ORIENTED_EDGE ( 'NONE', *, *, #2933, .T. ) ;
#2300 = FACE_OUTER_BOUND ( 'NONE', #314, .T. ) ;
#2301 = CIRCLE ( 'NONE', #360, 1.000000000000000888 ) ;
#2302 = ORIENTED_EDGE ( 'NONE', *, *, #4018, .T. ) ;
#2303 = VECTOR ( 'NONE', #3267, 1000.000000000000000 ) ;
#2304 = CARTESIAN_POINT ( 'NONE',  ( -44.49999999999996447, 0.000000000000000000, 44.50000000000000000 ) ) ;
#2305 = LINE ( 'NONE', #3585, #411 ) ;
#2306 = EDGE_CURVE ( 'NONE', #4033, #2630, #1141, .T. ) ;
#2307 = ORIENTED_EDGE ( 'NONE', *, *, #1146, .T. ) ;
#2308 = EDGE_CURVE ( 'NONE', #392, #1331, #3697, .T. ) ;
#2309 = DIRECTION ( 'NONE',  ( 0.000000000000000000, 0.000000000000000000, 1.000000000000000000 ) ) ;
#2310 = AXIS2_PLACEMENT_3D ( 'NONE', #2951, #78, #1660 ) ;
#2311 = LINE ( 'NONE', #419, #2589 ) ;
#2312 = ORIENTED_EDGE ( 'NONE', *, *, #1001, .F. ) ;
#2313 = CARTESIAN_POINT ( 'NONE',  ( -44.49999999999999289, -3.000000000000000000, -41.49999999999999289 ) ) ;
#2314 =( BOUNDED_CURVE ( )  B_SPLINE_CURVE ( 3, ( #3047, #469, #3671, #111 ),
 .UNSPECIFIED., .F., .T. ) 
 B_SPLINE_CURVE_WITH_KNOTS ( ( 4, 4 ),
 ( 5.644216746759609826, 6.922153867599561750 ),
 .UNSPECIFIED. ) 
 CURVE ( )  GEOMETRIC_REPRESENTATION_ITEM ( )  RATIONAL_B_SPLINE_CURVE ( ( 1.000000000000000000, 0.8684742014189970050, 0.8684742014189970050, 1.000000000000000000 ) ) 
 REPRESENTATION_ITEM ( '' )  );
#2315 = VECTOR ( 'NONE', #3690, 1000.000000000000000 ) ;
#2316 = EDGE_CURVE ( 'NONE', #2829, #3004, #1100, .T. ) ;
#2317 = CARTESIAN_POINT ( 'NONE',  ( -17.00000000000000000, -7.000000000000000000, -18.00000000000001066 ) ) ;
#2318 = CARTESIAN_POINT ( 'NONE',  ( 0.000000000000000000, 0.000000000000000000, 40.32730954662498846 ) ) ;
#2319 = ORIENTED_EDGE ( 'NONE', *, *, #1443, .F. ) ;
#2320 = ORIENTED_EDGE ( 'NONE', *, *, #1948, .T. ) ;
#2321 = CARTESIAN_POINT ( 'NONE',  ( -3.000000000000002220, 0.000000000000000000, -12.99999999999999112 ) ) ;
#2322 = EDGE_LOOP ( 'NONE', ( #914, #2014, #3489, #1179, #3949, #802, #1270, #3072 ) ) ;
#2323 = FACE_OUTER_BOUND ( 'NONE', #1376, .T. ) ;
#2324 = PLANE ( 'NONE',  #2352 ) ;
#2325 = ORIENTED_EDGE ( 'NONE', *, *, #1052, .F. ) ;
#2326 = DIRECTION ( 'NONE',  ( 0.000000000000000000, 0.000000000000000000, -1.000000000000000000 ) ) ;
#2327 = DIRECTION ( 'NONE',  ( -1.000000000000000000, 0.000000000000000000, 0.000000000000000000 ) ) ;
#2328 = EDGE_CURVE ( 'NONE', #1796, #3351, #3094, .T. ) ;
#2329 = ORIENTED_EDGE ( 'NONE', *, *, #2214, .T. ) ;
#2330 = CARTESIAN_POINT ( 'NONE',  ( 14.90357266443554529, -17.49368800337406427, 4.096427335564468919 ) ) ;
#2331 =( NAMED_UNIT ( * ) SI_UNIT ( $, .STERADIAN. ) SOLID_ANGLE_UNIT ( ) );
#2332 = DIRECTION ( 'NONE',  ( -0.000000000000000000, 1.000000000000000000, 0.000000000000000000 ) ) ;
#2333 = CARTESIAN_POINT ( 'NONE',  ( -29.00000000000000355, -4.000000000000000000, -6.000000000000000000 ) ) ;
#2334 =( BOUNDED_CURVE ( )  B_SPLINE_CURVE ( 3, ( #2661, #750, #3930, #1003 ),
 .UNSPECIFIED., .F., .F. ) 
 B_SPLINE_CURVE_WITH_KNOTS ( ( 4, 4 ),
 ( 2.502624093169817154, 3.780561214009768634 ),
 .UNSPECIFIED. ) 
 CURVE ( )  GEOMETRIC_REPRESENTATION_ITEM ( )  RATIONAL_B_SPLINE_CURVE ( ( 1.000000000000000000, 0.8684742014189971160, 0.8684742014189971160, 1.000000000000000000 ) ) 
 REPRESENTATION_ITEM ( '' )  );
#2335 = ADVANCED_FACE ( 'NONE', ( #1480 ), #874, .F. ) ;
#2336 = ORIENTED_EDGE ( 'NONE', *, *, #1312, .T. ) ;
#2337 = ORIENTED_EDGE ( 'NONE', *, *, #2075, .T. ) ;
#2338 = CARTESIAN_POINT ( 'NONE',  ( -1.999999999999994005, -0.2000000000000000111, -7.499999999999998224 ) ) ;
#2339 = ORIENTED_EDGE ( 'NONE', *, *, #1462, .F. ) ;
#2340 = DIRECTION ( 'NONE',  ( -0.4733061507711229798, 0.7429418384264317998, -0.4733061507711227023 ) ) ;
#2341 = DIRECTION ( 'NONE',  ( 1.000000000000000000, 0.000000000000000000, -2.891205793294677833E-16 ) ) ;
#2342 = FACE_OUTER_BOUND ( 'NONE', #3345, .T. ) ;
#2343 = ORIENTED_EDGE ( 'NONE', *, *, #3223, .F. ) ;
#2344 = CARTESIAN_POINT ( 'NONE',  ( -2.000000000000001776, -0.2000000000000000111, -12.99999999999999822 ) ) ;
#2345 = CARTESIAN_POINT ( 'NONE',  ( -21.32730954662499201, 0.000000000000000000, 9.999999999999994671 ) ) ;
#2346 = ORIENTED_EDGE ( 'NONE', *, *, #3538, .T. ) ;
#2347 = FACE_OUTER_BOUND ( 'NONE', #3579, .T. ) ;
#2348 = EDGE_CURVE ( 'NONE', #2244, #2542, #475, .T. ) ;
#2349 = DIRECTION ( 'NONE',  ( 0.000000000000000000, 0.000000000000000000, 1.000000000000000000 ) ) ;
#2350 = CARTESIAN_POINT ( 'NONE',  ( -47.50000000000001421, -4.000000000000000000, -47.50000000000001421 ) ) ;
#2351 = EDGE_LOOP ( 'NONE', ( #2343, #1887, #2931, #3958 ) ) ;
#2352 = AXIS2_PLACEMENT_3D ( 'NONE', #3601, #738, #2010 ) ;
#2353 = EDGE_CURVE ( 'NONE', #633, #61, #2143, .T. ) ;
#2354 = ORIENTED_EDGE ( 'NONE', *, *, #546, .F. ) ;
#2355 = VECTOR ( 'NONE', #3293, 1000.000000000000000 ) ;
#2356 = ADVANCED_FACE ( 'NONE', ( #821 ), #1085, .F. ) ;
#2357 = CARTESIAN_POINT ( 'NONE',  ( -19.64052665499922057, 0.000000000000000000, 40.32730954662498846 ) ) ;
#2358 = DIRECTION ( 'NONE',  ( 0.000000000000000000, 1.000000000000000000, -0.000000000000000000 ) ) ;
#2359 = CIRCLE ( 'NONE', #1089, 1.000000000000000888 ) ;
#2360 = EDGE_CURVE ( 'NONE', #4116, #682, #3378, .T. ) ;
#2361 = ORIENTED_EDGE ( 'NONE', *, *, #1925, .F. ) ;
#2362 = DIRECTION ( 'NONE',  ( 0.000000000000000000, 1.000000000000000000, 0.000000000000000000 ) ) ;
#2363 = AXIS2_PLACEMENT_3D ( 'NONE', #4059, #1244, #3483 ) ;
#2364 = DIRECTION ( 'NONE',  ( 0.000000000000000000, 0.000000000000000000, 1.000000000000000000 ) ) ;
#2365 = CARTESIAN_POINT ( 'NONE',  ( -23.68678289162575368, -4.000000000000000000, -14.00000000000000000 ) ) ;
#2366 = CARTESIAN_POINT ( 'NONE',  ( -47.49999999999997158, -3.000000000000000000, 44.49999999999998579 ) ) ;
#2367 = CIRCLE ( 'NONE', #3107, 1.499999999999999556 ) ;
#2368 = ORIENTED_EDGE ( 'NONE', *, *, #2416, .T. ) ;
#2369 = CARTESIAN_POINT ( 'NONE',  ( 44.49999999999998579, -4.000000000000000000, -47.50000000000001421 ) ) ;
#2370 = FACE_OUTER_BOUND ( 'NONE', #2852, .T. ) ;
#2371 = VECTOR ( 'NONE', #2800, 1000.000000000000000 ) ;
#2372 = VECTOR ( 'NONE', #1175, 1000.000000000000000 ) ;
#2373 = VERTEX_POINT ( 'NONE', #3647 ) ;
#2374 = CARTESIAN_POINT ( 'NONE',  ( -44.49999999999999289, -5.000000000000000888, -44.50000000000000000 ) ) ;
#2375 = AXIS2_PLACEMENT_3D ( 'NONE', #3179, #2906, #917 ) ;
#2376 = CARTESIAN_POINT ( 'NONE',  ( -47.50000000000000000, 0.000000000000000000, -41.50000000000000000 ) ) ;
#2377 = DIRECTION ( 'NONE',  ( 0.000000000000000000, 1.000000000000000000, 0.000000000000000000 ) ) ;
#2378 = ORIENTED_EDGE ( 'NONE', *, *, #3104, .F. ) ;
#2379 = DIRECTION ( 'NONE',  ( -1.000000000000000000, 0.000000000000000000, -0.000000000000000000 ) ) ;
#2380 = AXIS2_PLACEMENT_3D ( 'NONE', #2318, #3296, #425 ) ;
#2381 = ADVANCED_FACE ( 'NONE', ( #3399 ), #167, .T. ) ;
#2382 = ORIENTED_EDGE ( 'NONE', *, *, #1408, .F. ) ;
#2383 = CARTESIAN_POINT ( 'NONE',  ( 46.59999999999998721, -6.000000000000000000, 44.49999999999998579 ) ) ;
#2384 = DIRECTION ( 'NONE',  ( -0.000000000000000000, 1.000000000000000000, -0.000000000000000000 ) ) ;
#2385 = ADVANCED_FACE ( 'NONE', ( #3730, #3039 ), #1489, .T. ) ;
#2386 = ORIENTED_EDGE ( 'NONE', *, *, #1496, .F. ) ;
#2387 = CARTESIAN_POINT ( 'NONE',  ( 31.00000000000000355, -4.000000000000000000, -8.000000000000000000 ) ) ;
#2388 = DIRECTION ( 'NONE',  ( 0.000000000000000000, 0.000000000000000000, -1.000000000000000000 ) ) ;
#2389 = EDGE_CURVE ( 'NONE', #93, #2599, #1803, .T. ) ;
#2390 = CARTESIAN_POINT ( 'NONE',  ( 44.49999999999999289, -2.999999999999999112, -42.94999999999999574 ) ) ;
#2391 = CARTESIAN_POINT ( 'NONE',  ( 21.00000000000000355, -7.000000000000000000, -16.00000000000000000 ) ) ;
#2392 = ORIENTED_EDGE ( 'NONE', *, *, #876, .T. ) ;
#2393 = DIRECTION ( 'NONE',  ( 0.000000000000000000, -0.000000000000000000, 1.000000000000000000 ) ) ;
#2394 = DIRECTION ( 'NONE',  ( -0.000000000000000000, 1.000000000000000000, -0.000000000000000000 ) ) ;
#2395 = ORIENTED_EDGE ( 'NONE', *, *, #3891, .T. ) ;
#2396 = LINE ( 'NONE', #3019, #2227 ) ;
#2397 = DIRECTION ( 'NONE',  ( -0.000000000000000000, 1.000000000000000000, -0.000000000000000000 ) ) ;
#2398 = CARTESIAN_POINT ( 'NONE',  ( 2.999999999999998224, -0.2000000000000000111, -12.99999999999998934 ) ) ;
#2399 = DIRECTION ( 'NONE',  ( 0.000000000000000000, 1.000000000000000000, 0.000000000000000000 ) ) ;
#2400 = EDGE_LOOP ( 'NONE', ( #1836, #3879, #1516, #2382 ) ) ;
#2401 = DIRECTION ( 'NONE',  ( 0.000000000000000000, 1.000000000000000000, 0.000000000000000000 ) ) ;
#2402 = ORIENTED_EDGE ( 'NONE', *, *, #658, .F. ) ;
#2403 = DIRECTION ( 'NONE',  ( -0.000000000000000000, 1.000000000000000000, -0.000000000000000000 ) ) ;
#2404 = LINE ( 'NONE', #2424, #3640 ) ;
#2405 = ORIENTED_EDGE ( 'NONE', *, *, #3418, .T. ) ;
#2406 = EDGE_CURVE ( 'NONE', #672, #768, #784, .T. ) ;
#2407 = CARTESIAN_POINT ( 'NONE',  ( 43.50000000000000000, -4.000000000000000000, -40.00000000000000711 ) ) ;
#2408 = CARTESIAN_POINT ( 'NONE',  ( -21.99999999999997513, -4.000000000000000000, -13.35258760368867570 ) ) ;
#2409 = CARTESIAN_POINT ( 'NONE',  ( 21.62212906859084782, -3.406861448955147420, -9.308911960216624593 ) ) ;
#2410 = VERTEX_POINT ( 'NONE', #1129 ) ;
#2411 = EDGE_CURVE ( 'NONE', #1066, #3427, #2728, .T. ) ;
#2412 = CARTESIAN_POINT ( 'NONE',  ( 44.50000000000000000, -6.000000000000000000, 46.59999999999998721 ) ) ;
#2413 = LINE ( 'NONE', #2099, #571 ) ;
#2414 = ORIENTED_EDGE ( 'NONE', *, *, #623, .T. ) ;
#2415 = LINE ( 'NONE', #514, #2762 ) ;
#2416 = EDGE_CURVE ( 'NONE', #1002, #1879, #3703, .T. ) ;
#2417 = FACE_OUTER_BOUND ( 'NONE', #3881, .T. ) ;
#2418 = DIRECTION ( 'NONE',  ( 0.000000000000000000, 1.000000000000000000, 0.000000000000000000 ) ) ;
#2419 = FACE_OUTER_BOUND ( 'NONE', #395, .T. ) ;
#2420 = ORIENTED_EDGE ( 'NONE', *, *, #3232, .F. ) ;
#2421 = DIRECTION ( 'NONE',  ( 1.000000000000000000, -0.000000000000000000, -2.312964634635735561E-15 ) ) ;
#2422 = VERTEX_POINT ( 'NONE', #3683 ) ;
#2423 = DIRECTION ( 'NONE',  ( -0.000000000000000000, -1.000000000000000000, 0.000000000000000000 ) ) ;
#2424 = CARTESIAN_POINT ( 'NONE',  ( -21.62212906859084782, -3.406861448955146532, -12.69108803978337363 ) ) ;
#2425 = VECTOR ( 'NONE', #824, 1000.000000000000000 ) ;
#2426 = ORIENTED_EDGE ( 'NONE', *, *, #1846, .F. ) ;
#2427 = DIRECTION ( 'NONE',  ( -0.000000000000000000, 1.000000000000000000, -0.000000000000000000 ) ) ;
#2428 = VECTOR ( 'NONE', #2905, 1000.000000000000000 ) ;
#2429 = ORIENTED_EDGE ( 'NONE', *, *, #382, .F. ) ;
#2430 = CIRCLE ( 'NONE', #1158, 3.500000000000003109 ) ;
#2431 = PLANE ( 'NONE',  #1905 ) ;
#2432 = DIRECTION ( 'NONE',  ( -1.000000000000000000, 0.000000000000000000, -0.000000000000000000 ) ) ;
#2433 = ORIENTED_EDGE ( 'NONE', *, *, #880, .F. ) ;
#2434 = CARTESIAN_POINT ( 'NONE',  ( 47.49999999999997158, 0.000000000000000000, 41.50000000000000000 ) ) ;
#2435 = VECTOR ( 'NONE', #569, 1000.000000000000114 ) ;
#2436 = EDGE_CURVE ( 'NONE', #1019, #579, #1508, .T. ) ;
#2437 = EDGE_CURVE ( 'NONE', #869, #1914, #531, .T. ) ;
#2438 = VECTOR ( 'NONE', #2397, 1000.000000000000000 ) ;
#2439 = LINE ( 'NONE', #1829, #3638 ) ;
#2440 = VECTOR ( 'NONE', #4048, 1000.000000000000000 ) ;
#2441 = FACE_OUTER_BOUND ( 'NONE', #2008, .T. ) ;
#2442 = PLANE ( 'NONE',  #1780 ) ;
#2443 = ORIENTED_EDGE ( 'NONE', *, *, #462, .F. ) ;
#2444 = CARTESIAN_POINT ( 'NONE',  ( 10.17857998249390761, -17.49999999999999645, 27.49179709086813972 ) ) ;
#2445 = EDGE_CURVE ( 'NONE', #3388, #3528, #1148, .T. ) ;
#2446 = AXIS2_PLACEMENT_3D ( 'NONE', #2553, #3554, #2239 ) ;
#2447 = ORIENTED_EDGE ( 'NONE', *, *, #1096, .T. ) ;
#2448 = CARTESIAN_POINT ( 'NONE',  ( 23.49999999999999645, -4.000000000000000000, 42.50000000000000711 ) ) ;
#2449 = AXIS2_PLACEMENT_3D ( 'NONE', #3040, #2432, #3667 ) ;
#2450 = CARTESIAN_POINT ( 'NONE',  ( 1.999999999999998224, -0.2000000000000000111, -12.99999999999999822 ) ) ;
#2451 =( BOUNDED_CURVE ( )  B_SPLINE_CURVE ( 3, ( #2628, #3935, #442, #3876 ),
 .UNSPECIFIED., .F., .F. ) 
 B_SPLINE_CURVE_WITH_KNOTS ( ( 4, 4 ),
 ( 5.644216746759608938, 6.922153867599562638 ),
 .UNSPECIFIED. ) 
 CURVE ( )  GEOMETRIC_REPRESENTATION_ITEM ( )  RATIONAL_B_SPLINE_CURVE ( ( 1.000000000000000000, 0.8684742014189966719, 0.8684742014189966719, 1.000000000000000000 ) ) 
 REPRESENTATION_ITEM ( '' )  );
#2452 = CIRCLE ( 'NONE', #1652, 2.000000000000000000 ) ;
#2453 = ORIENTED_EDGE ( 'NONE', *, *, #1154, .T. ) ;
#2454 = CARTESIAN_POINT ( 'NONE',  ( 39.99999999999999289, -4.000000000000000000, 39.99999999999997868 ) ) ;
#2455 = FACE_OUTER_BOUND ( 'NONE', #1163, .T. ) ;
#2456 = CARTESIAN_POINT ( 'NONE',  ( -47.50000000000000000, -6.000000000000000000, 44.49999999999998579 ) ) ;
#2457 = ORIENTED_EDGE ( 'NONE', *, *, #1878, .T. ) ;
#2458 = CYLINDRICAL_SURFACE ( 'NONE', #3380, 1.550000000000002709 ) ;
#2459 = CARTESIAN_POINT ( 'NONE',  ( 21.00000000000000355, -7.000000000000000000, -8.000000000000000000 ) ) ;
#2460 = ORIENTED_EDGE ( 'NONE', *, *, #2742, .F. ) ;
#2461 = CARTESIAN_POINT ( 'NONE',  ( 46.59999999999998721, -6.000000000000000000, -44.50000000000001421 ) ) ;
#2462 = ADVANCED_FACE ( 'NONE', ( #208, #1423 ), #2431, .T. ) ;
#2463 = DIRECTION ( 'NONE',  ( 0.000000000000000000, -1.000000000000000000, 0.000000000000000000 ) ) ;
#2464 = CARTESIAN_POINT ( 'NONE',  ( 2.999999999999999112, -0.2000000000000000111, -9.000000000000007105 ) ) ;
#2465 = ORIENTED_EDGE ( 'NONE', *, *, #1825, .T. ) ;
#2466 = DIRECTION ( 'NONE',  ( 1.000000000000000000, 0.000000000000000000, -1.460819769243627131E-16 ) ) ;
#2467 = ORIENTED_EDGE ( 'NONE', *, *, #3303, .F. ) ;
#2468 = EDGE_CURVE ( 'NONE', #2694, #871, #187, .T. ) ;
#2469 = DIRECTION ( 'NONE',  ( -0.000000000000000000, 1.000000000000000000, -0.000000000000000000 ) ) ;
#2470 = FACE_OUTER_BOUND ( 'NONE', #1682, .T. ) ;
#2471 = EDGE_CURVE ( 'NONE', #3699, #1277, #483, .T. ) ;
#2472 = DIRECTION ( 'NONE',  ( 0.4733061507711229798, -0.7429418384264317998, 0.4733061507711227023 ) ) ;
#2473 = EDGE_LOOP ( 'NONE', ( #590, #560, #2907, #3062, #3024, #3355, #1029, #3762 ) ) ;
#2474 = CARTESIAN_POINT ( 'NONE',  ( 17.00000000000000000, -7.000000000000000000, -18.00000000000001066 ) ) ;
#2475 = LINE ( 'NONE', #1844, #1634 ) ;
#2476 = ORIENTED_EDGE ( 'NONE', *, *, #2855, .T. ) ;
#2477 = FACE_BOUND ( 'NONE', #3754, .T. ) ;
#2478 = DIRECTION ( 'NONE',  ( 0.000000000000000000, 0.000000000000000000, -1.000000000000000000 ) ) ;
#2479 = ORIENTED_EDGE ( 'NONE', *, *, #1001, .T. ) ;
#2480 = CARTESIAN_POINT ( 'NONE',  ( 44.49999999999999289, -17.50000000000000000, -44.50000000000000000 ) ) ;
#2481 = CARTESIAN_POINT ( 'NONE',  ( 33.00000000000000000, -7.000000000000000000, -18.00000000000001066 ) ) ;
#2482 = DIRECTION ( 'NONE',  ( -2.312964634635735561E-15, 0.000000000000000000, 1.000000000000000000 ) ) ;
#2483 = ORIENTED_EDGE ( 'NONE', *, *, #2538, .F. ) ;
#2484 = DIRECTION ( 'NONE',  ( 0.000000000000000000, 0.000000000000000000, -1.000000000000000000 ) ) ;
#2485 = ADVANCED_FACE ( 'NONE', ( #1401 ), #2458, .F. ) ;
#2486 = EDGE_LOOP ( 'NONE', ( #3869, #2420, #68, #934, #2791, #3599, #4026, #307, #2361, #2899, #706, #586 ) ) ;
#2487 = DIRECTION ( 'NONE',  ( 0.000000000000000000, 0.000000000000000000, -1.000000000000000000 ) ) ;
#2488 = DIRECTION ( 'NONE',  ( -0.000000000000000000, 1.000000000000000000, -0.000000000000000000 ) ) ;
#2489 = ORIENTED_EDGE ( 'NONE', *, *, #1818, .T. ) ;
#2490 = EDGE_CURVE ( 'NONE', #3564, #2197, #2850, .T. ) ;
#2491 = EDGE_CURVE ( 'NONE', #1665, #3872, #635, .T. ) ;
#2492 = ORIENTED_EDGE ( 'NONE', *, *, #2855, .F. ) ;
#2493 = DIRECTION ( 'NONE',  ( -0.000000000000000000, -1.000000000000000000, -0.000000000000000000 ) ) ;
#2494 = DIRECTION ( 'NONE',  ( -1.000000000000000000, 0.000000000000000000, 0.000000000000000000 ) ) ;
#2495 = VECTOR ( 'NONE', #1434, 1000.000000000000114 ) ;
#2496 = ADVANCED_FACE ( 'NONE', ( #1581 ), #3127, .T. ) ;
#2497 = ORIENTED_EDGE ( 'NONE', *, *, #3102, .F. ) ;
#2498 = DIRECTION ( 'NONE',  ( 4.336808689942033020E-16, 0.000000000000000000, -1.000000000000000000 ) ) ;
#2499 = AXIS2_PLACEMENT_3D ( 'NONE', #2549, #283, #1561 ) ;
#2500 = PLANE ( 'NONE',  #3523 ) ;
#2501 = VERTEX_POINT ( 'NONE', #3191 ) ;
#2502 = VECTOR ( 'NONE', #1164, 1000.000000000000000 ) ;
#2503 = EDGE_LOOP ( 'NONE', ( #2654, #2521, #3984, #2838 ) ) ;
#2504 = LINE ( 'NONE', #3811, #3181 ) ;
#2505 = CARTESIAN_POINT ( 'NONE',  ( 28.00000000000000000, -4.000000000000000000, -12.31321710837424632 ) ) ;
#2506 = CARTESIAN_POINT ( 'NONE',  ( -44.49999999999999289, -5.000000000000000888, -42.94999999999999574 ) ) ;
#2507 = CIRCLE ( 'NONE', #295, 1.550000000000002709 ) ;
#2508 = ORIENTED_EDGE ( 'NONE', *, *, #2316, .T. ) ;
#2509 = AXIS2_PLACEMENT_3D ( 'NONE', #3222, #2493, #20 ) ;
#2510 = ORIENTED_EDGE ( 'NONE', *, *, #781, .T. ) ;
#2511 = CARTESIAN_POINT ( 'NONE',  ( 3.499999999999998224, 0.000000000000000000, -9.000000000000007105 ) ) ;
#2512 = CARTESIAN_POINT ( 'NONE',  ( -28.00000000000000000, 0.000000000000000000, -5.451718956770010394 ) ) ;
#2513 = VERTEX_POINT ( 'NONE', #1551 ) ;
#2514 = VECTOR ( 'NONE', #2077, 1000.000000000000000 ) ;
#2515 = VECTOR ( 'NONE', #664, 1000.000000000000000 ) ;
#2516 = ORIENTED_EDGE ( 'NONE', *, *, #2722, .F. ) ;
#2517 = AXIS2_PLACEMENT_3D ( 'NONE', #1960, #2201, #671 ) ;
#2518 = EDGE_CURVE ( 'NONE', #89, #2630, #4, .T. ) ;
#2519 = CYLINDRICAL_SURFACE ( 'NONE', #2031, 1.499999999999999556 ) ;
#2520 = AXIS2_PLACEMENT_3D ( 'NONE', #3992, #1202, #1136 ) ;
#2521 = ORIENTED_EDGE ( 'NONE', *, *, #147, .F. ) ;
#2522 = CARTESIAN_POINT ( 'NONE',  ( -21.58878921757748515, -7.000000000000000888, -5.204170427930421283E-15 ) ) ;
#2523 = ADVANCED_FACE ( 'NONE', ( #905 ), #2188, .T. ) ;
#2524 = DIRECTION ( 'NONE',  ( 0.000000000000000000, -0.000000000000000000, -1.000000000000000000 ) ) ;
#2525 = ORIENTED_EDGE ( 'NONE', *, *, #825, .T. ) ;
#2526 = VERTEX_POINT ( 'NONE', #4114 ) ;
#2527 = LINE ( 'NONE', #3751, #2179 ) ;
#2528 = FACE_OUTER_BOUND ( 'NONE', #3589, .T. ) ;
#2529 = CARTESIAN_POINT ( 'NONE',  ( -19.45171895677000862, 0.000000000000000000, -14.86149815160420928 ) ) ;
#2530 = EDGE_LOOP ( 'NONE', ( #1343, #3431, #3006, #4091, #1775, #733, #1384, #3914 ) ) ;
#2531 = DIRECTION ( 'NONE',  ( 0.000000000000000000, 0.000000000000000000, -1.000000000000000000 ) ) ;
#2532 = VERTEX_POINT ( 'NONE', #1238 ) ;
#2533 = DIRECTION ( 'NONE',  ( 0.4733061507711229243, 0.7429418384264315778, 0.4733061507711229798 ) ) ;
#2534 = PLANE ( 'NONE',  #1040 ) ;
#2535 = ORIENTED_EDGE ( 'NONE', *, *, #2054, .F. ) ;
#2536 = VERTEX_POINT ( 'NONE', #2875 ) ;
#2537 = DIRECTION ( 'NONE',  ( 1.000000000000000000, 0.000000000000000000, -0.000000000000000000 ) ) ;
#2538 = EDGE_CURVE ( 'NONE', #2827, #1331, #1167, .T. ) ;
#2539 = VERTEX_POINT ( 'NONE', #2522 ) ;
#2540 = DIRECTION ( 'NONE',  ( -0.000000000000000000, -1.000000000000000000, -0.000000000000000000 ) ) ;
#2541 = DIRECTION ( 'NONE',  ( 0.000000000000000000, 1.000000000000000000, -0.000000000000000000 ) ) ;
#2542 = VERTEX_POINT ( 'NONE', #1534 ) ;
#2543 = EDGE_CURVE ( 'NONE', #434, #3177, #2582, .T. ) ;
#2544 = ORIENTED_EDGE ( 'NONE', *, *, #4139, .F. ) ;
#2545 = CARTESIAN_POINT ( 'NONE',  ( 30.54828104322998783, 0.000000000000000000, -8.000000000000000000 ) ) ;
#2546 = DIRECTION ( 'NONE',  ( 0.000000000000000000, 1.000000000000000000, 0.000000000000000000 ) ) ;
#2547 = CARTESIAN_POINT ( 'NONE',  ( -2.000000000000000888, -0.2000000000000000111, -8.999999999999998224 ) ) ;
#2548 = ORIENTED_EDGE ( 'NONE', *, *, #3357, .F. ) ;
#2549 = CARTESIAN_POINT ( 'NONE',  ( 1.999999999999998224, -0.2000000000000000111, -12.99999999999999822 ) ) ;
#2550 = EDGE_CURVE ( 'NONE', #1122, #3564, #1601, .T. ) ;
#2551 = VERTEX_POINT ( 'NONE', #3827 ) ;
#2552 = CARTESIAN_POINT ( 'NONE',  ( 19.00000000000000355, -7.000000000000000000, -8.000000000000000000 ) ) ;
#2553 = CARTESIAN_POINT ( 'NONE',  ( -21.00000000000000355, -4.000000000000000000, -14.00000000000000000 ) ) ;
#2554 = ORIENTED_EDGE ( 'NONE', *, *, #1008, .T. ) ;
#2555 = VERTEX_POINT ( 'NONE', #3164 ) ;
#2556 = DIRECTION ( 'NONE',  ( 0.000000000000000000, 1.000000000000000000, -0.000000000000000000 ) ) ;
#2557 = ORIENTED_EDGE ( 'NONE', *, *, #4029, .T. ) ;
#2558 = CARTESIAN_POINT ( 'NONE',  ( 3.499999999999997780, 0.000000000000000000, -12.99999999999998579 ) ) ;
#2559 = DIRECTION ( 'NONE',  ( 1.559302000878028960E-16, 0.000000000000000000, 1.000000000000000000 ) ) ;
#2560 = CIRCLE ( 'NONE', #1628, 3.000000000000002665 ) ;
#2561 = ADVANCED_FACE ( 'NONE', ( #660 ), #1864, .T. ) ;
#2562 = EDGE_LOOP ( 'NONE', ( #1292, #2339, #1147, #114 ) ) ;
#2563 = VERTEX_POINT ( 'NONE', #2251 ) ;
#2564 = AXIS2_PLACEMENT_3D ( 'NONE', #687, #3924, #1683 ) ;
#2565 = CARTESIAN_POINT ( 'NONE',  ( -17.00000000000000000, -4.000000000000000000, -4.499999999999990230 ) ) ;
#2566 = DIRECTION ( 'NONE',  ( 0.000000000000000000, 1.000000000000000000, 0.000000000000000000 ) ) ;
#2567 = CARTESIAN_POINT ( 'NONE',  ( 8.491797090868136166, -17.49999999999999645, 8.821420017506085287 ) ) ;
#2568 = EDGE_CURVE ( 'NONE', #1476, #2821, #3525, .T. ) ;
#2569 = VERTEX_POINT ( 'NONE', #923 ) ;
#2570 = DIRECTION ( 'NONE',  ( -0.000000000000000000, 1.000000000000000000, -0.000000000000000000 ) ) ;
#2571 = AXIS2_PLACEMENT_3D ( 'NONE', #498, #1813, #1797 ) ;
#2572 = ADVANCED_FACE ( 'NONE', ( #2206 ), #1932, .F. ) ;
#2573 = VECTOR ( 'NONE', #2754, 1000.000000000000000 ) ;
#2574 = DIRECTION ( 'NONE',  ( 0.000000000000000000, 1.000000000000000000, 0.000000000000000000 ) ) ;
#2575 = DIRECTION ( 'NONE',  ( 0.000000000000000000, 0.000000000000000000, 1.000000000000000000 ) ) ;
#2576 = PRODUCT_DEFINITION_CONTEXT ( 'detailed design', #1289, 'design' ) ;
#2577 = ADVANCED_FACE ( 'NONE', ( #298, #2477, #1256, #1215, #941, #3748 ), #882, .T. ) ;
#2578 = ORIENTED_EDGE ( 'NONE', *, *, #2802, .F. ) ;
#2579 = AXIS2_PLACEMENT_3D ( 'NONE', #1464, #1483, #2743 ) ;
#2580 = VERTEX_POINT ( 'NONE', #355 ) ;
#2581 = VECTOR ( 'NONE', #1200, 1000.000000000000000 ) ;
#2582 = CIRCLE ( 'NONE', #3977, 1.499999999999999556 ) ;
#2583 = CARTESIAN_POINT ( 'NONE',  ( 43.50000000000000000, -5.000000000000000000, -43.50000000000001421 ) ) ;
#2584 = CIRCLE ( 'NONE', #3516, 2.100000000000011635 ) ;
#2585 = VECTOR ( 'NONE', #3491, 1000.000000000000000 ) ;
#2586 = ORIENTED_EDGE ( 'NONE', *, *, #1064, .T. ) ;
#2587 = PLANE ( 'NONE',  #2652 ) ;
#2588 = CARTESIAN_POINT ( 'NONE',  ( -44.49999999999999289, -5.000000000000000888, -46.04999999999999716 ) ) ;
#2589 = VECTOR ( 'NONE', #1726, 1000.000000000000000 ) ;
#2590 = DIRECTION ( 'NONE',  ( 0.000000000000000000, 0.000000000000000000, 1.000000000000000000 ) ) ;
#2591 = PLANE ( 'NONE',  #2913 ) ;
#2592 = DIRECTION ( 'NONE',  ( -0.4733061507711229798, -0.7429418384264315778, -0.4733061507711229243 ) ) ;
#2593 = CARTESIAN_POINT ( 'NONE',  ( 21.13850184839578361, 0.000000000000000000, -5.451718956770010394 ) ) ;
#2594 = EDGE_LOOP ( 'NONE', ( #859, #270, #3157, #1033, #3053, #3147, #2995, #207 ) ) ;
#2595 = LINE ( 'NONE', #2330, #1824 ) ;
#2596 = EDGE_CURVE ( 'NONE', #1762, #3559, #461, .T. ) ;
#2597 = CARTESIAN_POINT ( 'NONE',  ( -1.999999999999994893, 0.000000000000000000, -13.99999999999999822 ) ) ;
#2598 = DIRECTION ( 'NONE',  ( -0.000000000000000000, 1.000000000000000000, -0.000000000000000000 ) ) ;
#2599 = VERTEX_POINT ( 'NONE', #3544 ) ;
#2600 = PLANE ( 'NONE',  #1284 ) ;
#2601 = ADVANCED_FACE ( 'NONE', ( #695 ), #3583, .T. ) ;
#2602 = ORIENTED_EDGE ( 'NONE', *, *, #2437, .F. ) ;
#2603 = DIRECTION ( 'NONE',  ( 0.000000000000000000, -1.000000000000000000, 0.000000000000000000 ) ) ;
#2604 = EDGE_LOOP ( 'NONE', ( #2483, #1083, #1913, #2990 ) ) ;
#2605 = CARTESIAN_POINT ( 'NONE',  ( 22.00000000000000000, -4.000000000000045297, -8.000000000000000000 ) ) ;
#2606 = DIRECTION ( 'NONE',  ( -1.084202172485510227E-16, 0.000000000000000000, -1.000000000000000000 ) ) ;
#2607 = VERTEX_POINT ( 'NONE', #3617 ) ;
#2608 = ORIENTED_EDGE ( 'NONE', *, *, #1776, .F. ) ;
#2609 = CARTESIAN_POINT ( 'NONE',  ( -2.000000000000000888, -0.2000000000000000111, -8.999999999999998224 ) ) ;
#2610 = PLANE ( 'NONE',  #2097 ) ;
#2611 = DIRECTION ( 'NONE',  ( -0.000000000000000000, 1.000000000000000000, -0.000000000000000000 ) ) ;
#2612 = ORIENTED_EDGE ( 'NONE', *, *, #3408, .F. ) ;
#2613 = LINE ( 'NONE', #3217, #1287 ) ;
#2614 =( BOUNDED_CURVE ( )  B_SPLINE_CURVE ( 3, ( #3849, #3125, #253, #528 ),
 .UNSPECIFIED., .F., .F. ) 
 B_SPLINE_CURVE_WITH_KNOTS ( ( 4, 4 ),
 ( 2.502624093169816266, 3.780561214009768634 ),
 .UNSPECIFIED. ) 
 CURVE ( )  GEOMETRIC_REPRESENTATION_ITEM ( )  RATIONAL_B_SPLINE_CURVE ( ( 1.000000000000000000, 0.8684742014189970050, 0.8684742014189970050, 1.000000000000000000 ) ) 
 REPRESENTATION_ITEM ( '' )  );
#2615 = DIRECTION ( 'NONE',  ( 0.000000000000000000, -1.000000000000000000, 0.000000000000000000 ) ) ;
#2616 = DIRECTION ( 'NONE',  ( 1.000000000000000000, -0.000000000000000000, 0.000000000000000000 ) ) ;
#2617 = ORIENTED_EDGE ( 'NONE', *, *, #2994, .F. ) ;
#2618 = EDGE_CURVE ( 'NONE', #135, #3076, #1337, .T. ) ;
#2619 = ORIENTED_EDGE ( 'NONE', *, *, #105, .F. ) ;
#2620 = CYLINDRICAL_SURFACE ( 'NONE', #839, 3.500000000000003109 ) ;
#2621 = ADVANCED_FACE ( 'NONE', ( #678 ), #3561, .F. ) ;
#2622 = EDGE_CURVE ( 'NONE', #3556, #130, #3983, .T. ) ;
#2623 = VERTEX_POINT ( 'NONE', #1949 ) ;
#2624 = DIRECTION ( 'NONE',  ( 2.312964634635735561E-15, 0.000000000000000000, -1.000000000000000000 ) ) ;
#2625 = ADVANCED_FACE ( 'NONE', ( #3286 ), #2587, .T. ) ;
#2626 = DIRECTION ( 'NONE',  ( -0.000000000000000000, 1.000000000000000000, -0.000000000000000000 ) ) ;
#2627 = ORIENTED_EDGE ( 'NONE', *, *, #439, .F. ) ;
#2628 = CARTESIAN_POINT ( 'NONE',  ( 22.00000000000000000, -4.000000000000000000, -9.686782891625753678 ) ) ;
#2629 = LINE ( 'NONE', #2345, #1983 ) ;
#2630 = VERTEX_POINT ( 'NONE', #1044 ) ;
#2631 = CARTESIAN_POINT ( 'NONE',  ( 31.00000000000000355, -7.000000000000000000, -16.00000000000000000 ) ) ;
#2632 = AXIS2_PLACEMENT_3D ( 'NONE', #1327, #3900, #1034 ) ;
#2633 = DIRECTION ( 'NONE',  ( -0.000000000000000000, -1.000000000000000000, -0.000000000000000000 ) ) ;
#2634 = CARTESIAN_POINT ( 'NONE',  ( -10.17857998249392004, -17.49999999999999645, 27.49179709086814327 ) ) ;
#2635 = AXIS2_PLACEMENT_3D ( 'NONE', #523, #2423, #3996 ) ;
#2636 = ORIENTED_EDGE ( 'NONE', *, *, #1698, .F. ) ;
#2637 = CIRCLE ( 'NONE', #3632, 3.000000000000002665 ) ;
#2638 = ORIENTED_EDGE ( 'NONE', *, *, #3229, .F. ) ;
#2639 = ADVANCED_FACE ( 'NONE', ( #2323 ), #3252, .T. ) ;
#2640 = CARTESIAN_POINT ( 'NONE',  ( -33.00000000000000000, -4.000000000000000000, -18.00000000000001066 ) ) ;
#2641 = VECTOR ( 'NONE', #1058, 1000.000000000000000 ) ;
#2642 = AXIS2_PLACEMENT_3D ( 'NONE', #3500, #3146, #275 ) ;
#2643 = EDGE_LOOP ( 'NONE', ( #3204, #3704, #3993, #503 ) ) ;
#2644 = VECTOR ( 'NONE', #3948, 1000.000000000000114 ) ;
#2645 = EDGE_CURVE ( 'NONE', #3076, #3717, #1882, .T. ) ;
#2646 = CARTESIAN_POINT ( 'NONE',  ( -26.69108803978337718, -3.406861448955146976, -14.37787093140915040 ) ) ;
#2647 = LINE ( 'NONE', #1045, #3495 ) ;
#2648 = VECTOR ( 'NONE', #3074, 1000.000000000000000 ) ;
#2649 = VERTEX_POINT ( 'NONE', #754 ) ;
#2650 = EDGE_CURVE ( 'NONE', #1314, #266, #3932, .T. ) ;
#2651 = CARTESIAN_POINT ( 'NONE',  ( -44.50000000000001421, -6.000000000000000000, -44.50000000000001421 ) ) ;
#2652 = AXIS2_PLACEMENT_3D ( 'NONE', #1297, #1318, #3873 ) ;
#2653 = LINE ( 'NONE', #1681, #3916 ) ;
#2654 = ORIENTED_EDGE ( 'NONE', *, *, #3722, .F. ) ;
#2655 = LINE ( 'NONE', #402, #1351 ) ;
#2656 = VECTOR ( 'NONE', #761, 1000.000000000000000 ) ;
#2657 = FACE_BOUND ( 'NONE', #4147, .T. ) ;
#2658 = DIRECTION ( 'NONE',  ( 0.000000000000000000, 0.000000000000000000, 1.000000000000000000 ) ) ;
#2659 = ORIENTED_EDGE ( 'NONE', *, *, #825, .F. ) ;
#2660 = ORIENTED_EDGE ( 'NONE', *, *, #1563, .T. ) ;
#2661 = CARTESIAN_POINT ( 'NONE',  ( 8.491797090868134390, -17.49999999999999645, 29.17857998249390761 ) ) ;
#2662 = ORIENTED_EDGE ( 'NONE', *, *, #4064, .T. ) ;
#2663 = CARTESIAN_POINT ( 'NONE',  ( 47.49999999999997158, -3.000000000000000000, 41.50000000000000000 ) ) ;
#2664 = CYLINDRICAL_SURFACE ( 'NONE', #3359, 2.000000000000000000 ) ;
#2665 = CARTESIAN_POINT ( 'NONE',  ( 21.32730954662498135, 0.000000000000000000, 39.67989715031364995 ) ) ;
#2666 = EDGE_CURVE ( 'NONE', #3969, #3014, #990, .T. ) ;
#2667 = EDGE_LOOP ( 'NONE', ( #1326, #1281, #3043, #3185 ) ) ;
#2668 = CARTESIAN_POINT ( 'NONE',  ( -33.00000000000000000, -7.000000000000000000, -18.00000000000001066 ) ) ;
#2669 = LINE ( 'NONE', #107, #3782 ) ;
#2670 = ORIENTED_EDGE ( 'NONE', *, *, #2237, .F. ) ;
#2671 = DIRECTION ( 'NONE',  ( 0.4733061507711229798, 0.7429418384264315778, -0.4733061507711229243 ) ) ;
#2672 = ADVANCED_FACE ( 'NONE', ( #737 ), #3600, .T. ) ;
#2673 = ADVANCED_FACE ( 'NONE', ( #378 ), #396, .F. ) ;
#2674 = DIRECTION ( 'NONE',  ( 0.000000000000000000, -1.000000000000000000, 0.000000000000000000 ) ) ;
#2675 = DIRECTION ( 'NONE',  ( 1.460819769243627131E-16, 0.000000000000000000, 1.000000000000000000 ) ) ;
#2676 = ORIENTED_EDGE ( 'NONE', *, *, #3737, .T. ) ;
#2677 = ADVANCED_FACE ( 'NONE', ( #413 ), #1618, .F. ) ;
#2678 = ORIENTED_EDGE ( 'NONE', *, *, #410, .T. ) ;
#2679 = CARTESIAN_POINT ( 'NONE',  ( 1.999999999999991340, -0.2000000000000000111, -14.49999999999999822 ) ) ;
#2680 = CYLINDRICAL_SURFACE ( 'NONE', #3111, 1.550000000000002709 ) ;
#2681 = ORIENTED_EDGE ( 'NONE', *, *, #382, .T. ) ;
#2682 = DIRECTION ( 'NONE',  ( -0.000000000000000000, -1.000000000000000000, -0.000000000000000000 ) ) ;
#2683 = CARTESIAN_POINT ( 'NONE',  ( -26.31321710837424632, -4.000000000000000000, -8.000000000000000000 ) ) ;
#2684 = ORIENTED_EDGE ( 'NONE', *, *, #543, .F. ) ;
#2685 = CARTESIAN_POINT ( 'NONE',  ( -29.00000000000000355, -7.000000000000000000, -14.00000000000000000 ) ) ;
#2686 = VERTEX_POINT ( 'NONE', #2891 ) ;
#2687 = CARTESIAN_POINT ( 'NONE',  ( -44.50000000000001421, -6.000000000000000000, -44.50000000000001421 ) ) ;
#2688 = ADVANCED_FACE ( 'NONE', ( #2470 ), #249, .T. ) ;
#2689 = LINE ( 'NONE', #1135, #963 ) ;
#2690 = FACE_OUTER_BOUND ( 'NONE', #1241, .T. ) ;
#2691 = ORIENTED_EDGE ( 'NONE', *, *, #2805, .F. ) ;
#2692 = CARTESIAN_POINT ( 'NONE',  ( 44.50000000000000000, -6.000000000000000000, 46.59999999999998010 ) ) ;
#2693 = AXIS2_PLACEMENT_3D ( 'NONE', #833, #2401, #2757 ) ;
#2694 = VERTEX_POINT ( 'NONE', #477 ) ;
#2695 = VECTOR ( 'NONE', #3777, 1000.000000000000000 ) ;
#2696 = EDGE_CURVE ( 'NONE', #619, #2694, #117, .T. ) ;
#2697 = CARTESIAN_POINT ( 'NONE',  ( 20.76063091698665275, 0.5931385510448722309, -5.073848025360877756 ) ) ;
#2698 = CYLINDRICAL_SURFACE ( 'NONE', #572, 2.000000000000000888 ) ;
#2699 = CIRCLE ( 'NONE', #3030, 1.550000000000002709 ) ;
#2700 = VERTEX_POINT ( 'NONE', #3010 ) ;
#2701 = DIRECTION ( 'NONE',  ( -0.000000000000000000, -0.5372996083468222217, -0.8433914458128868308 ) ) ;
#2702 = AXIS2_PLACEMENT_3D ( 'NONE', #3132, #2546, #3086 ) ;
#2703 = CARTESIAN_POINT ( 'NONE',  ( 29.00000000000000355, -7.000000000000000000, -14.00000000000000000 ) ) ;
#2704 = LINE ( 'NONE', #3618, #2224 ) ;
#2705 = VERTEX_POINT ( 'NONE', #3327 ) ;
#2706 = DIRECTION ( 'NONE',  ( 1.559302000878028960E-16, 0.000000000000000000, -1.000000000000000000 ) ) ;
#2707 = DIRECTION ( 'NONE',  ( 0.000000000000000000, 0.000000000000000000, 1.000000000000000000 ) ) ;
#2708 = VECTOR ( 'NONE', #2117, 1000.000000000000000 ) ;
#2709 = EDGE_LOOP ( 'NONE', ( #544, #429, #3668, #1055, #1116, #3216, #4137, #3426 ) ) ;
#2710 = DIRECTION ( 'NONE',  ( -0.000000000000000000, 1.000000000000000000, -0.000000000000000000 ) ) ;
#2711 = VECTOR ( 'NONE', #1926, 1000.000000000000000 ) ;
#2712 = LINE ( 'NONE', #1807, #1642 ) ;
#2713 = LINE ( 'NONE', #2376, #897 ) ;
#2714 = CARTESIAN_POINT ( 'NONE',  ( 41.49999999999995737, 0.000000000000000000, 47.50000000000001421 ) ) ;
#2715 = ORIENTED_EDGE ( 'NONE', *, *, #3631, .F. ) ;
#2716 = DIRECTION ( 'NONE',  ( -0.000000000000000000, 1.000000000000000000, -0.000000000000000000 ) ) ;
#2717 = AXIS2_PLACEMENT_3D ( 'NONE', #785, #3291, #3258 ) ;
#2718 = ADVANCED_FACE ( 'NONE', ( #268 ), #1416, .T. ) ;
#2719 = ORIENTED_EDGE ( 'NONE', *, *, #2744, .F. ) ;
#2720 = DIRECTION ( 'NONE',  ( 3.252606517456529079E-16, 0.000000000000000000, 1.000000000000000000 ) ) ;
#2721 = DIRECTION ( 'NONE',  ( -0.000000000000000000, 1.000000000000000000, -0.000000000000000000 ) ) ;
#2722 = EDGE_CURVE ( 'NONE', #1896, #3654, #1099, .T. ) ;
#2723 = EDGE_LOOP ( 'NONE', ( #1471, #4014, #2175, #2508 ) ) ;
#2724 = DIRECTION ( 'NONE',  ( -0.000000000000000000, -0.000000000000000000, -1.000000000000000000 ) ) ;
#2725 = FACE_OUTER_BOUND ( 'NONE', #2667, .T. ) ;
#2726 = CARTESIAN_POINT ( 'NONE',  ( 0.000000000000000000, -19.34999999999999787, 32.72097149660499582 ) ) ;
#2727 = ORIENTED_EDGE ( 'NONE', *, *, #525, .F. ) ;
#2728 = LINE ( 'NONE', #804, #1366 ) ;
#2729 = DIRECTION ( 'NONE',  ( 0.000000000000000000, 0.000000000000000000, -1.000000000000000000 ) ) ;
#2730 = ORIENTED_EDGE ( 'NONE', *, *, #3358, .F. ) ;
#2731 = LINE ( 'NONE', #4008, #3565 ) ;
#2732 = CARTESIAN_POINT ( 'NONE',  ( 33.00000000000000000, -7.000000000000000000, -18.00000000000001066 ) ) ;
#2733 = DIRECTION ( 'NONE',  ( 0.000000000000000000, 1.000000000000000000, 0.000000000000000000 ) ) ;
#2734 = CARTESIAN_POINT ( 'NONE',  ( 44.49999999999999289, -17.50000000000000000, 44.50000000000000000 ) ) ;
#2735 = EDGE_LOOP ( 'NONE', ( #403, #196, #2795, #1010 ) ) ;
#2736 = DIRECTION ( 'NONE',  ( -1.000000000000000000, 0.000000000000000000, -0.000000000000000000 ) ) ;
#2737 = EDGE_LOOP ( 'NONE', ( #3616, #1927, #853, #1900 ) ) ;
#2738 = CARTESIAN_POINT ( 'NONE',  ( 1.999999999999992228, 0.000000000000000000, -7.999999999999998224 ) ) ;
#2739 = LINE ( 'NONE', #4038, #3774 ) ;
#2740 =( BOUNDED_CURVE ( )  B_SPLINE_CURVE ( 3, ( #4080, #2129, #2170, #1854 ),
 .UNSPECIFIED., .F., .F. ) 
 B_SPLINE_CURVE_WITH_KNOTS ( ( 4, 4 ),
 ( 2.502624093169815378, 3.780561214009769078 ),
 .UNSPECIFIED. ) 
 CURVE ( )  GEOMETRIC_REPRESENTATION_ITEM ( )  RATIONAL_B_SPLINE_CURVE ( ( 1.000000000000000000, 0.8684742014189966719, 0.8684742014189966719, 1.000000000000000000 ) ) 
 REPRESENTATION_ITEM ( '' )  );
#2741 = ORIENTED_EDGE ( 'NONE', *, *, #658, .T. ) ;
#2742 = EDGE_CURVE ( 'NONE', #1393, #1799, #4086, .T. ) ;
#2743 = DIRECTION ( 'NONE',  ( 0.000000000000000000, 0.000000000000000000, 1.000000000000000000 ) ) ;
#2744 = EDGE_CURVE ( 'NONE', #1785, #2532, #3978, .T. ) ;
#2745 = DIRECTION ( 'NONE',  ( -0.000000000000000000, 1.000000000000000000, -0.000000000000000000 ) ) ;
#2746 = DIRECTION ( 'NONE',  ( -1.000000000000000000, 0.000000000000000000, 2.168404344971017496E-16 ) ) ;
#2747 = ORIENTED_EDGE ( 'NONE', *, *, #1798, .F. ) ;
#2748 = CARTESIAN_POINT ( 'NONE',  ( 39.99999999999999289, -4.000000000000000000, -43.50000000000001421 ) ) ;
#2749 = EDGE_CURVE ( 'NONE', #1671, #2555, #1104, .T. ) ;
#2750 = FACE_OUTER_BOUND ( 'NONE', #2208, .T. ) ;
#2751 = ORIENTED_EDGE ( 'NONE', *, *, #3663, .F. ) ;
#2752 = CARTESIAN_POINT ( 'NONE',  ( 44.49999999999999289, -3.000000000000000000, -44.50000000000000000 ) ) ;
#2753 = FACE_OUTER_BOUND ( 'NONE', #3433, .T. ) ;
#2754 = DIRECTION ( 'NONE',  ( 0.000000000000000000, 1.000000000000000000, 0.000000000000000000 ) ) ;
#2755 = CARTESIAN_POINT ( 'NONE',  ( -1.999999999999994005, -0.2000000000000000111, -7.999999999999998224 ) ) ;
#2756 = ORIENTED_EDGE ( 'NONE', *, *, #1443, .T. ) ;
#2757 = DIRECTION ( 'NONE',  ( 0.000000000000000000, 0.000000000000000000, 1.000000000000000000 ) ) ;
#2758 = VERTEX_POINT ( 'NONE', #3641 ) ;
#2759 = CARTESIAN_POINT ( 'NONE',  ( -29.90086864691863866, 0.000000000000000000, -16.54828104322998783 ) ) ;
#2760 = AXIS2_PLACEMENT_3D ( 'NONE', #506, #3012, #3664 ) ;
#2761 = FACE_OUTER_BOUND ( 'NONE', #1459, .T. ) ;
#2762 = VECTOR ( 'NONE', #190, 1000.000000000000000 ) ;
#2763 = ORIENTED_EDGE ( 'NONE', *, *, #747, .F. ) ;
#2764 = DIRECTION ( 'NONE',  ( 1.000000000000000000, 0.000000000000000000, -0.000000000000000000 ) ) ;
#2765 = VECTOR ( 'NONE', #2176, 1000.000000000000000 ) ;
#2766 =( BOUNDED_CURVE ( )  B_SPLINE_CURVE ( 3, ( #2593, #995, #2274, #685 ),
 .UNSPECIFIED., .F., .T. ) 
 B_SPLINE_CURVE_WITH_KNOTS ( ( 4, 4 ),
 ( 5.644216746759608938, 6.922153867599563526 ),
 .UNSPECIFIED. ) 
 CURVE ( )  GEOMETRIC_REPRESENTATION_ITEM ( )  RATIONAL_B_SPLINE_CURVE ( ( 1.000000000000000000, 0.8684742014189963388, 0.8684742014189963388, 1.000000000000000000 ) ) 
 REPRESENTATION_ITEM ( '' )  );
#2767 = LINE ( 'NONE', #1513, #1084 ) ;
#2768 = ADVANCED_FACE ( 'NONE', ( #1208 ), #2051, .F. ) ;
#2769 = ORIENTED_EDGE ( 'NONE', *, *, #198, .T. ) ;
#2770 = AXIS2_PLACEMENT_3D ( 'NONE', #3021, #148, #1156 ) ;
#2771 = CARTESIAN_POINT ( 'NONE',  ( -1.999999999999994893, 0.000000000000000000, -13.99999999999999822 ) ) ;
#2772 = DIRECTION ( 'NONE',  ( -0.000000000000000000, 1.000000000000000000, -0.000000000000000000 ) ) ;
#2773 = ORIENTED_EDGE ( 'NONE', *, *, #2809, .T. ) ;
#2774 = LINE ( 'NONE', #171, #489 ) ;
#2775 = AXIS2_PLACEMENT_3D ( 'NONE', #2897, #2566, #50 ) ;
#2776 = ADVANCED_FACE ( 'NONE', ( #798 ), #3346, .F. ) ;
#2777 = AXIS2_PLACEMENT_3D ( 'NONE', #2207, #3442, #2524 ) ;
#2778 = DIRECTION ( 'NONE',  ( 0.000000000000000000, 0.000000000000000000, 1.000000000000000000 ) ) ;
#2779 = VECTOR ( 'NONE', #2024, 1000.000000000000000 ) ;
#2780 = DIRECTION ( 'NONE',  ( 1.000000000000000000, -0.000000000000000000, -0.000000000000000000 ) ) ;
#2781 = PLANE ( 'NONE',  #3584 ) ;
#2782 = ORIENTED_EDGE ( 'NONE', *, *, #2622, .T. ) ;
#2783 = CARTESIAN_POINT ( 'NONE',  ( -21.00000000000000355, -7.000000000000000000, -5.999999999999999112 ) ) ;
#2784 = CIRCLE ( 'NONE', #843, 3.000000000000002665 ) ;
#2785 = ORIENTED_EDGE ( 'NONE', *, *, #1123, .F. ) ;
#2786 = DIRECTION ( 'NONE',  ( 0.000000000000000000, 1.000000000000000000, 0.000000000000000000 ) ) ;
#2787 = DIRECTION ( 'NONE',  ( 0.000000000000000000, 0.000000000000000000, 1.000000000000000000 ) ) ;
#2788 = VECTOR ( 'NONE', #1955, 1000.000000000000000 ) ;
#2789 = DIRECTION ( 'NONE',  ( -0.000000000000000000, -1.000000000000000000, -0.000000000000000000 ) ) ;
#2790 = MECHANICAL_DESIGN_GEOMETRIC_PRESENTATION_REPRESENTATION (  '', ( #2983 ), #237 ) ;
#2791 = ORIENTED_EDGE ( 'NONE', *, *, #2189, .F. ) ;
#2792 = CARTESIAN_POINT ( 'NONE',  ( 44.49999999999999289, -5.000000000000000888, 42.94999999999999574 ) ) ;
#2793 = DIRECTION ( 'NONE',  ( 0.000000000000000000, 0.000000000000000000, 1.000000000000000000 ) ) ;
#2794 = CARTESIAN_POINT ( 'NONE',  ( 20.01839758640834788, 0.5931385510448758946, -2.705180478034127312 ) ) ;
#2795 = ORIENTED_EDGE ( 'NONE', *, *, #2187, .T. ) ;
#2796 = DIRECTION ( 'NONE',  ( 0.000000000000000000, 1.000000000000000000, 0.000000000000000000 ) ) ;
#2797 = CARTESIAN_POINT ( 'NONE',  ( 1.999999999999999112, -0.2000000000000000111, -8.999999999999998224 ) ) ;
#2798 = EDGE_CURVE ( 'NONE', #1199, #1931, #779, .T. ) ;
#2799 = VERTEX_POINT ( 'NONE', #4067 ) ;
#2800 = DIRECTION ( 'NONE',  ( -0.000000000000000000, 1.000000000000000000, -0.000000000000000000 ) ) ;
#2801 = DIRECTION ( 'NONE',  ( 0.000000000000000000, 0.000000000000000000, 1.000000000000000000 ) ) ;
#2802 = EDGE_CURVE ( 'NONE', #1914, #1501, #1190, .T. ) ;
#2803 = VERTEX_POINT ( 'NONE', #2177 ) ;
#2804 = CARTESIAN_POINT ( 'NONE',  ( -1.999999999999994893, 0.000000000000000000, -14.49999999999999822 ) ) ;
#2805 = EDGE_CURVE ( 'NONE', #2178, #175, #3757, .T. ) ;
#2806 = EDGE_LOOP ( 'NONE', ( #2288, #823, #2378, #2586 ) ) ;
#2807 = CARTESIAN_POINT ( 'NONE',  ( 1.999999999999998224, 0.000000000000000000, -12.99999999999999822 ) ) ;
#2808 = DIRECTION ( 'NONE',  ( 0.000000000000000000, 0.000000000000000000, 1.000000000000000000 ) ) ;
#2809 = EDGE_CURVE ( 'NONE', #922, #806, #4103, .T. ) ;
#2810 = ORIENTED_EDGE ( 'NONE', *, *, #4131, .F. ) ;
#2811 = ORIENTED_EDGE ( 'NONE', *, *, #2696, .F. ) ;
#2812 = CARTESIAN_POINT ( 'NONE',  ( 44.49999999999996447, -3.000000000000000000, 41.49999999999999289 ) ) ;
#2813 = ORIENTED_EDGE ( 'NONE', *, *, #1056, .T. ) ;
#2814 = DIRECTION ( 'NONE',  ( -1.084202172485510104E-16, -0.000000000000000000, -1.000000000000000000 ) ) ;
#2815 = CARTESIAN_POINT ( 'NONE',  ( -31.00000000000000355, -4.000000000000000000, -6.000000000000000000 ) ) ;
#2816 = VERTEX_POINT ( 'NONE', #3120 ) ;
#2817 = EDGE_CURVE ( 'NONE', #2649, #579, #1859, .T. ) ;
#2818 = PLANE ( 'NONE',  #3445 ) ;
#2819 = FACE_OUTER_BOUND ( 'NONE', #2096, .T. ) ;
#2820 = CARTESIAN_POINT ( 'NONE',  ( -46.60000000000002984, -5.000000000000000000, 44.49999999999998579 ) ) ;
#2821 = VERTEX_POINT ( 'NONE', #1228 ) ;
#2822 = DIRECTION ( 'NONE',  ( -1.000000000000000000, 0.000000000000000000, -1.559302000878028960E-16 ) ) ;
#2823 = EDGE_CURVE ( 'NONE', #1519, #4076, #3781, .T. ) ;
#2824 = ORIENTED_EDGE ( 'NONE', *, *, #1408, .T. ) ;
#2825 = CARTESIAN_POINT ( 'NONE',  ( 31.00000000000000355, -7.000000000000000000, -8.000000000000000000 ) ) ;
#2826 = DIRECTION ( 'NONE',  ( -1.000000000000000000, -0.000000000000000000, -0.000000000000000000 ) ) ;
#2827 = VERTEX_POINT ( 'NONE', #1397 ) ;
#2828 = EDGE_CURVE ( 'NONE', #2700, #4112, #1912, .T. ) ;
#2829 = VERTEX_POINT ( 'NONE', #1877 ) ;
#2830 = AXIS2_PLACEMENT_3D ( 'NONE', #341, #3547, #2271 ) ;
#2831 = DIRECTION ( 'NONE',  ( 0.5372996083468221107, 0.8433914458128867198, 0.000000000000000000 ) ) ;
#2832 = ORIENTED_EDGE ( 'NONE', *, *, #3925, .F. ) ;
#2833 = DIRECTION ( 'NONE',  ( 0.000000000000000000, 1.000000000000000000, 0.000000000000000000 ) ) ;
#2834 = VECTOR ( 'NONE', #440, 1000.000000000000000 ) ;
#2835 = CARTESIAN_POINT ( 'NONE',  ( -41.49999999999995737, -3.000000000000000000, 44.50000000000000000 ) ) ;
#2836 = ORIENTED_EDGE ( 'NONE', *, *, #1622, .T. ) ;
#2837 = VECTOR ( 'NONE', #1485, 1000.000000000000000 ) ;
#2838 = ORIENTED_EDGE ( 'NONE', *, *, #701, .T. ) ;
#2839 = DIRECTION ( 'NONE',  ( 0.000000000000000000, 0.000000000000000000, 1.000000000000000000 ) ) ;
#2840 = CARTESIAN_POINT ( 'NONE',  ( -47.49999999999997158, -3.000000000000000000, 41.50000000000000000 ) ) ;
#2841 = VECTOR ( 'NONE', #260, 1000.000000000000000 ) ;
#2842 = ORIENTED_EDGE ( 'NONE', *, *, #1312, .F. ) ;
#2843 = CARTESIAN_POINT ( 'NONE',  ( -3.000000000000001776, -0.2000000000000000111, -12.99999999999999112 ) ) ;
#2844 = VECTOR ( 'NONE', #1965, 1000.000000000000000 ) ;
#2845 = EDGE_LOOP ( 'NONE', ( #3467, #2681, #915, #3450 ) ) ;
#2846 = DIRECTION ( 'NONE',  ( 0.000000000000000000, 0.000000000000000000, 1.000000000000000000 ) ) ;
#2847 = CARTESIAN_POINT ( 'NONE',  ( -44.50000000000001421, -2.999999999999999112, 46.04999999999999716 ) ) ;
#2848 = VERTEX_POINT ( 'NONE', #2847 ) ;
#2849 = AXIS2_PLACEMENT_3D ( 'NONE', #2289, #2033, #362 ) ;
#2850 = CIRCLE ( 'NONE', #2970, 1.500000000000001332 ) ;
#2851 = EDGE_CURVE ( 'NONE', #3197, #4150, #1611, .T. ) ;
#2852 = EDGE_LOOP ( 'NONE', ( #700, #2312, #1254, #2937 ) ) ;
#2853 = VECTOR ( 'NONE', #1696, 1000.000000000000114 ) ;
#2854 = CARTESIAN_POINT ( 'NONE',  ( 21.32730954662499201, 0.000000000000000000, 6.166164091659108638E-15 ) ) ;
#2855 = EDGE_CURVE ( 'NONE', #1394, #3639, #1654, .T. ) ;
#2856 = AXIS2_PLACEMENT_3D ( 'NONE', #4097, #1870, #1305 ) ;
#2857 = ORIENTED_EDGE ( 'NONE', *, *, #467, .F. ) ;
#2858 = DIRECTION ( 'NONE',  ( 0.000000000000000000, 0.000000000000000000, 1.000000000000000000 ) ) ;
#2859 = CARTESIAN_POINT ( 'NONE',  ( 26.31321710837424632, -4.000000000000000000, -8.000000000000000000 ) ) ;
#2860 = ADVANCED_FACE ( 'NONE', ( #3156 ), #2534, .T. ) ;
#2861 = EDGE_LOOP ( 'NONE', ( #2212, #877, #2087, #2950 ) ) ;
#2862 = EDGE_LOOP ( 'NONE', ( #2662, #1584, #3193, #4004 ) ) ;
#2863 = CARTESIAN_POINT ( 'NONE',  ( 28.86149815160421639, 0.000000000000000000, -16.54828104322998783 ) ) ;
#2864 = DIRECTION ( 'NONE',  ( 0.000000000000000000, 0.000000000000000000, -1.000000000000000000 ) ) ;
#2865 = ORIENTED_EDGE ( 'NONE', *, *, #781, .F. ) ;
#2866 = LINE ( 'NONE', #2198, #3761 ) ;
#2867 = ORIENTED_EDGE ( 'NONE', *, *, #1428, .F. ) ;
#2868 = CARTESIAN_POINT ( 'NONE',  ( 39.99999999999999289, -5.000000000000000000, -40.00000000000000711 ) ) ;
#2869 = PLANE ( 'NONE',  #4125 ) ;
#2870 = EDGE_LOOP ( 'NONE', ( #2068, #739, #460, #1560 ) ) ;
#2871 = VERTEX_POINT ( 'NONE', #3845 ) ;
#2872 = PLANE ( 'NONE',  #1638 ) ;
#2873 = VERTEX_POINT ( 'NONE', #1631 ) ;
#2874 = EDGE_CURVE ( 'NONE', #741, #904, #430, .T. ) ;
#2875 = CARTESIAN_POINT ( 'NONE',  ( -26.31321710837424632, -4.000000000000000000, -8.000000000000000000 ) ) ;
#2876 = EDGE_CURVE ( 'NONE', #263, #1072, #625, .T. ) ;
#2877 = DIRECTION ( 'NONE',  ( -1.559302000878028960E-16, 0.000000000000000000, -1.000000000000000000 ) ) ;
#2878 = EDGE_CURVE ( 'NONE', #2821, #93, #40, .T. ) ;
#2879 = DIRECTION ( 'NONE',  ( 0.000000000000000000, -1.000000000000000000, 0.000000000000000000 ) ) ;
#2880 = FACE_OUTER_BOUND ( 'NONE', #1980, .T. ) ;
#2881 = CARTESIAN_POINT ( 'NONE',  ( -46.60000000000001563, -5.000000000000000000, -44.50000000000001421 ) ) ;
#2882 = ORIENTED_EDGE ( 'NONE', *, *, #4023, .F. ) ;
#2883 = DIRECTION ( 'NONE',  ( 0.8433914458128870528, -0.5372996083468217776, 0.000000000000000000 ) ) ;
#2884 = ORIENTED_EDGE ( 'NONE', *, *, #1178, .T. ) ;
#2885 = LINE ( 'NONE', #347, #1294 ) ;
#2886 = DIRECTION ( 'NONE',  ( 0.000000000000000000, 1.000000000000000000, 0.000000000000000000 ) ) ;
#2887 = EDGE_LOOP ( 'NONE', ( #2741, #1860, #3292, #2203 ) ) ;
#2888 = ORIENTED_EDGE ( 'NONE', *, *, #3108, .T. ) ;
#2889 = DIRECTION ( 'NONE',  ( 0.000000000000000000, 0.000000000000000000, 1.000000000000000000 ) ) ;
#2890 = EDGE_LOOP ( 'NONE', ( #1802, #1071, #2544, #1348 ) ) ;
#2891 = CARTESIAN_POINT ( 'NONE',  ( -44.50000000000001421, -6.000000000000000000, -47.50000000000001421 ) ) ;
#2892 = CARTESIAN_POINT ( 'NONE',  ( 29.00000000000000355, -7.000000000000000000, -14.00000000000000000 ) ) ;
#2893 = ORIENTED_EDGE ( 'NONE', *, *, #335, .T. ) ;
#2894 = ADVANCED_FACE ( 'NONE', ( #3535 ), #370, .T. ) ;
#2895 = AXIS2_PLACEMENT_3D ( 'NONE', #3336, #2102, #3356 ) ;
#2896 = PLANE ( 'NONE',  #372 ) ;
#2897 = CARTESIAN_POINT ( 'NONE',  ( 0.000000000000000000, -7.000000000000000000, 0.000000000000000000 ) ) ;
#2898 = CARTESIAN_POINT ( 'NONE',  ( -10.17857998249392004, -17.49999999999999645, 27.49179709086814327 ) ) ;
#2899 = ORIENTED_EDGE ( 'NONE', *, *, #2927, .F. ) ;
#2900 = CARTESIAN_POINT ( 'NONE',  ( -40.00000000000000711, -5.000000000000000000, 43.49999999999998579 ) ) ;
#2901 = VECTOR ( 'NONE', #507, 1000.000000000000000 ) ;
#2902 =( BOUNDED_CURVE ( )  B_SPLINE_CURVE ( 3, ( #3644, #2665, #2056, #2121 ),
 .UNSPECIFIED., .F., .F. ) 
 B_SPLINE_CURVE_WITH_KNOTS ( ( 4, 4 ),
 ( 2.502624093169816266, 3.780561214009769966 ),
 .UNSPECIFIED. ) 
 CURVE ( )  GEOMETRIC_REPRESENTATION_ITEM ( )  RATIONAL_B_SPLINE_CURVE ( ( 1.000000000000000000, 0.8684742014189966719, 0.8684742014189966719, 1.000000000000000000 ) ) 
 REPRESENTATION_ITEM ( '' )  );
#2903 = ADVANCED_FACE ( 'NONE', ( #348 ), #1268, .T. ) ;
#2904 = AXIS2_PLACEMENT_3D ( 'NONE', #4010, #3318, #2984 ) ;
#2905 = DIRECTION ( 'NONE',  ( 1.000000000000000000, 0.000000000000000000, 0.000000000000000000 ) ) ;
#2906 = DIRECTION ( 'NONE',  ( 0.000000000000000000, -1.000000000000000000, 0.000000000000000000 ) ) ;
#2907 = ORIENTED_EDGE ( 'NONE', *, *, #2490, .F. ) ;
#2908 = AXIS2_PLACEMENT_3D ( 'NONE', #1271, #352, #591 ) ;
#2909 = ORIENTED_EDGE ( 'NONE', *, *, #870, .F. ) ;
#2910 = VECTOR ( 'NONE', #321, 1000.000000000000000 ) ;
#2911 = VECTOR ( 'NONE', #2789, 1000.000000000000000 ) ;
#2912 = CARTESIAN_POINT ( 'NONE',  ( -41.49999999999995737, -3.000000000000000000, 44.50000000000000000 ) ) ;
#2913 = AXIS2_PLACEMENT_3D ( 'NONE', #3256, #381, #1386 ) ;
#2914 = AXIS2_PLACEMENT_3D ( 'NONE', #1060, #2340, #3208 ) ;
#2915 = ORIENTED_EDGE ( 'NONE', *, *, #1866, .F. ) ;
#2916 = CARTESIAN_POINT ( 'NONE',  ( 31.00000000000000355, -7.000000000000000000, -16.00000000000000000 ) ) ;
#2917 = FACE_OUTER_BOUND ( 'NONE', #2870, .T. ) ;
#2918 = AXIS2_PLACEMENT_3D ( 'NONE', #2997, #2940, #3957 ) ;
#2919 = PLANE ( 'NONE',  #1821 ) ;
#2920 = ORIENTED_EDGE ( 'NONE', *, *, #797, .T. ) ;
#2921 = CARTESIAN_POINT ( 'NONE',  ( -40.00000000000000711, -4.000000000000000000, 43.49999999999998579 ) ) ;
#2922 = EDGE_CURVE ( 'NONE', #3539, #922, #2784, .T. ) ;
#2923 = DIRECTION ( 'NONE',  ( 1.000000000000000000, 0.000000000000000000, -0.000000000000000000 ) ) ;
#2924 = CARTESIAN_POINT ( 'NONE',  ( 44.49999999999999289, -3.000000000000000000, -41.49999999999999289 ) ) ;
#2925 = VERTEX_POINT ( 'NONE', #288 ) ;
#2926 = FACE_OUTER_BOUND ( 'NONE', #3862, .T. ) ;
#2927 = EDGE_CURVE ( 'NONE', #1501, #3867, #3474, .T. ) ;
#2928 = CYLINDRICAL_SURFACE ( 'NONE', #3828, 1.500000000000001332 ) ;
#2929 = CARTESIAN_POINT ( 'NONE',  ( 2.999999999999998224, -0.2000000000000000111, -12.99999999999998934 ) ) ;
#2930 = EDGE_CURVE ( 'NONE', #2250, #3564, #1286, .T. ) ;
#2931 = ORIENTED_EDGE ( 'NONE', *, *, #240, .F. ) ;
#2932 = ORIENTED_EDGE ( 'NONE', *, *, #2828, .F. ) ;
#2933 = EDGE_CURVE ( 'NONE', #832, #652, #3045, .T. ) ;
#2934 = CARTESIAN_POINT ( 'NONE',  ( 1.999999999999999112, 0.000000000000000000, -8.999999999999998224 ) ) ;
#2935 = ORIENTED_EDGE ( 'NONE', *, *, #486, .T. ) ;
#2936 = CARTESIAN_POINT ( 'NONE',  ( -47.49999999999997158, -3.000000000000000000, 41.50000000000000000 ) ) ;
#2937 = ORIENTED_EDGE ( 'NONE', *, *, #408, .T. ) ;
#2938 = CYLINDRICAL_SURFACE ( 'NONE', #1035, 2.000000000000000888 ) ;
#2939 = DIRECTION ( 'NONE',  ( -0.4733061507711229243, -0.7429418384264316888, -0.4733061507711229243 ) ) ;
#2940 = DIRECTION ( 'NONE',  ( -0.4733061507711231464, 0.7429418384264316888, 0.4733061507711229798 ) ) ;
#2941 = VERTEX_POINT ( 'NONE', #1594 ) ;
#2942 = DIRECTION ( 'NONE',  ( 0.000000000000000000, -1.000000000000000000, 0.000000000000000000 ) ) ;
#2943 = CARTESIAN_POINT ( 'NONE',  ( -28.37787093140915218, -3.406861448955146976, -9.308911960216624593 ) ) ;
#2944 = DIRECTION ( 'NONE',  ( 0.000000000000000000, 1.000000000000000000, 0.000000000000000000 ) ) ;
#2945 = ORIENTED_EDGE ( 'NONE', *, *, #1672, .F. ) ;
#2946 = ADVANCED_FACE ( 'NONE', ( #4149 ), #312, .T. ) ;
#2947 = EDGE_LOOP ( 'NONE', ( #848, #2617, #2443, #3728 ) ) ;
#2948 = LINE ( 'NONE', #2912, #501 ) ;
#2949 = ADVANCED_FACE ( 'NONE', ( #983 ), #999, .T. ) ;
#2950 = ORIENTED_EDGE ( 'NONE', *, *, #2798, .F. ) ;
#2951 = CARTESIAN_POINT ( 'NONE',  ( -2.000000000000000888, -0.2000000000000000111, -8.999999999999998224 ) ) ;
#2952 = DIRECTION ( 'NONE',  ( -1.000000000000000000, -0.000000000000000000, 2.312964634635735561E-15 ) ) ;
#2953 = ORIENTED_EDGE ( 'NONE', *, *, #2048, .T. ) ;
#2954 = LINE ( 'NONE', #1702, #4050 ) ;
#2955 = LINE ( 'NONE', #1364, #2656 ) ;
#2956 = ORIENTED_EDGE ( 'NONE', *, *, #776, .T. ) ;
#2957 = CARTESIAN_POINT ( 'NONE',  ( -47.49999999999997158, -3.000000000000000000, 41.50000000000000000 ) ) ;
#2958 = VECTOR ( 'NONE', #1542, 1000.000000000000000 ) ;
#2959 = SHAPE_DEFINITION_REPRESENTATION ( #3352, #4126 ) ;
#2960 = PLANE ( 'NONE',  #959 ) ;
#2961 = CARTESIAN_POINT ( 'NONE',  ( -26.31321710837424632, -4.000000000000000000, -14.00000000000000000 ) ) ;
#2962 = ORIENTED_EDGE ( 'NONE', *, *, #2389, .F. ) ;
#2963 = DIRECTION ( 'NONE',  ( -0.000000000000000000, -0.000000000000000000, -1.000000000000000000 ) ) ;
#2964 = VECTOR ( 'NONE', #2210, 1000.000000000000000 ) ;
#2965 = EDGE_LOOP ( 'NONE', ( #3612, #1945, #1209, #940 ) ) ;
#2966 = ADVANCED_FACE ( 'NONE', ( #1250, #936 ), #2869, .F. ) ;
#2967 = CARTESIAN_POINT ( 'NONE',  ( 47.50000000000000000, -3.000000000000000000, -41.50000000000000000 ) ) ;
#2968 = CIRCLE ( 'NONE', #634, 3.000000000000002665 ) ;
#2969 = ORIENTED_EDGE ( 'NONE', *, *, #3521, .T. ) ;
#2970 = AXIS2_PLACEMENT_3D ( 'NONE', #3768, #4092, #1910 ) ;
#2971 = DIRECTION ( 'NONE',  ( 0.000000000000000000, 0.000000000000000000, 1.000000000000000000 ) ) ;
#2972 = EDGE_CURVE ( 'NONE', #3340, #44, #2016, .T. ) ;
#2973 = EDGE_CURVE ( 'NONE', #1665, #2871, #3003, .T. ) ;
#2974 = CARTESIAN_POINT ( 'NONE',  ( 41.49999999999995737, -3.000000000000000000, 44.50000000000000000 ) ) ;
#2975 = VECTOR ( 'NONE', #112, 1000.000000000000000 ) ;
#2976 = ORIENTED_EDGE ( 'NONE', *, *, #895, .T. ) ;
#2977 = CARTESIAN_POINT ( 'NONE',  ( -44.50000000000001421, -2.999999999999999112, 42.94999999999999574 ) ) ;
#2978 = AXIS2_PLACEMENT_3D ( 'NONE', #790, #2065, #3927 ) ;
#2979 = EDGE_CURVE ( 'NONE', #4087, #4040, #129, .T. ) ;
#2980 = CARTESIAN_POINT ( 'NONE',  ( -44.49999999999999289, -17.50000000000000000, -42.94999999999999574 ) ) ;
#2981 = ORIENTED_EDGE ( 'NONE', *, *, #1622, .F. ) ;
#2982 = LINE ( 'NONE', #2631, #3626 ) ;
#2983 = STYLED_ITEM ( 'NONE', ( #3446 ), #3943 ) ;
#2984 = DIRECTION ( 'NONE',  ( 0.000000000000000000, 0.5372996083468219997, 0.8433914458128869418 ) ) ;
#2985 = CARTESIAN_POINT ( 'NONE',  ( -44.50000000000001421, -5.000000000000000000, -44.50000000000001421 ) ) ;
#2986 = ORIENTED_EDGE ( 'NONE', *, *, #3918, .T. ) ;
#2987 = VERTEX_POINT ( 'NONE', #1070 ) ;
#2988 = DIRECTION ( 'NONE',  ( 1.000000000000000000, 0.000000000000000000, 0.000000000000000000 ) ) ;
#2989 = ADVANCED_FACE ( 'NONE', ( #2002 ), #448, .F. ) ;
#2990 = ORIENTED_EDGE ( 'NONE', *, *, #3023, .F. ) ;
#2991 = DIRECTION ( 'NONE',  ( -0.000000000000000000, 1.000000000000000000, -0.000000000000000000 ) ) ;
#2992 = CARTESIAN_POINT ( 'NONE',  ( -30.54828104322999138, 0.000000000000000000, -6.099131353081359563 ) ) ;
#2993 = CARTESIAN_POINT ( 'NONE',  ( 41.49999999999998579, -3.000000000000000000, -44.50000000000000000 ) ) ;
#2994 = EDGE_CURVE ( 'NONE', #2043, #1128, #1018, .T. ) ;
#2995 = ORIENTED_EDGE ( 'NONE', *, *, #856, .T. ) ;
#2996 = CARTESIAN_POINT ( 'NONE',  ( 41.49999999999998579, 0.000000000000000000, -44.50000000000000000 ) ) ;
#2997 = CARTESIAN_POINT ( 'NONE',  ( -10.98432562891993314, -12.51291468657269945, 29.98432562891993314 ) ) ;
#2998 = ORIENTED_EDGE ( 'NONE', *, *, #2265, .F. ) ;
#2999 = DIRECTION ( 'NONE',  ( -0.000000000000000000, -1.000000000000000000, -0.000000000000000000 ) ) ;
#3000 = ADVANCED_FACE ( 'NONE', ( #745 ), #92, .T. ) ;
#3001 = APPLICATION_CONTEXT ( 'automotive_design' ) ;
#3002 = DIRECTION ( 'NONE',  ( 0.000000000000000000, 0.000000000000000000, -1.000000000000000000 ) ) ;
#3003 = LINE ( 'NONE', #731, #2039 ) ;
#3004 = VERTEX_POINT ( 'NONE', #71 ) ;
#3005 = DIRECTION ( 'NONE',  ( -1.000000000000000000, 0.000000000000000000, 0.000000000000000000 ) ) ;
#3006 = ORIENTED_EDGE ( 'NONE', *, *, #4078, .F. ) ;
#3007 = CYLINDRICAL_SURFACE ( 'NONE', #150, 2.000000000000000000 ) ;
#3008 = DIRECTION ( 'NONE',  ( 0.000000000000000000, 0.000000000000000000, 1.000000000000000000 ) ) ;
#3009 = EDGE_LOOP ( 'NONE', ( #1935, #3390, #3114, #996, #1722, #2076, #1757, #3414 ) ) ;
#3010 = CARTESIAN_POINT ( 'NONE',  ( -19.00000000000000355, -4.000000000000000000, -8.000000000000000000 ) ) ;
#3011 = PLANE ( 'NONE',  #4039 ) ;
#3012 = DIRECTION ( 'NONE',  ( -0.4733061507711230909, -0.7429418384264316888, 0.4733061507711229798 ) ) ;
#3013 = LINE ( 'NONE', #139, #2901 ) ;
#3014 = VERTEX_POINT ( 'NONE', #1749 ) ;
#3015 = CARTESIAN_POINT ( 'NONE',  ( -1.999999999999994893, -0.2000000000000000111, -13.99999999999999822 ) ) ;
#3016 = CARTESIAN_POINT ( 'NONE',  ( -23.30891196021662637, -3.406861448955147864, -7.622129068590851375 ) ) ;
#3017 = EDGE_CURVE ( 'NONE', #1796, #3934, #1346, .T. ) ;
#3018 = ORIENTED_EDGE ( 'NONE', *, *, #204, .F. ) ;
#3019 = CARTESIAN_POINT ( 'NONE',  ( 10.17857998249391649, -17.49999999999999645, 2.942836941289966325E-15 ) ) ;
#3020 = FACE_OUTER_BOUND ( 'NONE', #811, .T. ) ;
#3021 = CARTESIAN_POINT ( 'NONE',  ( 1.999999999999999112, -0.2000000000000000111, -8.999999999999998224 ) ) ;
#3022 = LINE ( 'NONE', #2333, #3708 ) ;
#3023 = EDGE_CURVE ( 'NONE', #1331, #121, #3022, .T. ) ;
#3024 = ORIENTED_EDGE ( 'NONE', *, *, #1973, .F. ) ;
#3025 = DIRECTION ( 'NONE',  ( -0.000000000000000000, 1.000000000000000000, -0.000000000000000000 ) ) ;
#3026 = ORIENTED_EDGE ( 'NONE', *, *, #3608, .F. ) ;
#3027 = AXIS2_PLACEMENT_3D ( 'NONE', #421, #3552, #2276 ) ;
#3028 = LINE ( 'NONE', #1440, #696 ) ;
#3029 = CARTESIAN_POINT ( 'NONE',  ( -26.69108803978335942, -2.332262232261528734, -12.69108803978335942 ) ) ;
#3030 = AXIS2_PLACEMENT_3D ( 'NONE', #3454, #1505, #2487 ) ;
#3031 =( BOUNDED_CURVE ( )  B_SPLINE_CURVE ( 3, ( #1263, #976, #10, #2529 ),
 .UNSPECIFIED., .F., .F. ) 
 B_SPLINE_CURVE_WITH_KNOTS ( ( 4, 4 ),
 ( 2.502624093169816710, 3.780561214009770410 ),
 .UNSPECIFIED. ) 
 CURVE ( )  GEOMETRIC_REPRESENTATION_ITEM ( )  RATIONAL_B_SPLINE_CURVE ( ( 1.000000000000000000, 0.8684742014189966719, 0.8684742014189966719, 1.000000000000000000 ) ) 
 REPRESENTATION_ITEM ( '' )  );
#3032 = ORIENTED_EDGE ( 'NONE', *, *, #2618, .F. ) ;
#3033 = AXIS2_PLACEMENT_3D ( 'NONE', #3689, #3991, #3002 ) ;
#3034 = LINE ( 'NONE', #2474, #3636 ) ;
#3035 = CARTESIAN_POINT ( 'NONE',  ( -29.00000000000000355, -4.000000000000000000, -6.000000000000000000 ) ) ;
#3036 = CARTESIAN_POINT ( 'NONE',  ( -14.89955147909883948, -17.49999999999999645, 4.100448520901167626 ) ) ;
#3037 = CIRCLE ( 'NONE', #1233, 0.9999999999999991118 ) ;
#3038 = ORIENTED_EDGE ( 'NONE', *, *, #3304, .T. ) ;
#3039 = FACE_OUTER_BOUND ( 'NONE', #627, .T. ) ;
#3040 = CARTESIAN_POINT ( 'NONE',  ( 41.49999999999998579, -3.000000000000000000, -44.50000000000000000 ) ) ;
#3041 = VECTOR ( 'NONE', #3360, 1000.000000000000000 ) ;
#3042 = AXIS2_PLACEMENT_3D ( 'NONE', #1884, #2498, #235 ) ;
#3043 = ORIENTED_EDGE ( 'NONE', *, *, #2348, .F. ) ;
#3044 = CARTESIAN_POINT ( 'NONE',  ( -17.00000000000000000, -4.000000000000000000, -18.00000000000001066 ) ) ;
#3045 = CIRCLE ( 'NONE', #3383, 2.000000000000000000 ) ;
#3046 = CYLINDRICAL_SURFACE ( 'NONE', #1704, 0.9999999999999991118 ) ;
#3047 = CARTESIAN_POINT ( 'NONE',  ( -8.491797090868139719, -17.49999999999999645, 8.821420017506085287 ) ) ;
#3048 = CARTESIAN_POINT ( 'NONE',  ( -40.00000000000000711, -4.000000000000000000, -43.50000000000001421 ) ) ;
#3049 = EDGE_LOOP ( 'NONE', ( #2457, #1264, #3524, #1964, #1168, #3784 ) ) ;
#3050 = LINE ( 'NONE', #3994, #3758 ) ;
#3051 = AXIS2_PLACEMENT_3D ( 'NONE', #3569, #3588, #1065 ) ;
#3052 = EDGE_CURVE ( 'NONE', #108, #3507, #1908, .T. ) ;
#3053 = ORIENTED_EDGE ( 'NONE', *, *, #4139, .T. ) ;
#3054 = ADVANCED_FACE ( 'NONE', ( #405 ), #1407, .T. ) ;
#3055 = CARTESIAN_POINT ( 'NONE',  ( -41.49999999999998579, -3.000000000000000000, -44.50000000000000000 ) ) ;
#3056 = LINE ( 'NONE', #224, #304 ) ;
#3057 = ADVANCED_FACE ( 'NONE', ( #2690 ), #711, .T. ) ;
#3058 = ORIENTED_EDGE ( 'NONE', *, *, #318, .F. ) ;
#3059 = DIRECTION ( 'NONE',  ( 0.000000000000000000, 1.000000000000000000, -0.000000000000000000 ) ) ;
#3060 = DIRECTION ( 'NONE',  ( 0.000000000000000000, 0.000000000000000000, -1.000000000000000000 ) ) ;
#3061 = LINE ( 'NONE', #2409, #1963 ) ;
#3062 = ORIENTED_EDGE ( 'NONE', *, *, #2550, .F. ) ;
#3063 = DIRECTION ( 'NONE',  ( 0.000000000000000000, -0.000000000000000000, 1.000000000000000000 ) ) ;
#3064 = CARTESIAN_POINT ( 'NONE',  ( 33.00000000000000000, -7.000000000000000000, -18.00000000000001066 ) ) ;
#3065 = ORIENTED_EDGE ( 'NONE', *, *, #2265, .T. ) ;
#3066 = CARTESIAN_POINT ( 'NONE',  ( 21.00000000000000355, -4.000000000000000000, -8.000000000000000000 ) ) ;
#3067 = CARTESIAN_POINT ( 'NONE',  ( -44.50000000000001421, -4.000000000000000000, -47.50000000000001421 ) ) ;
#3068 = CARTESIAN_POINT ( 'NONE',  ( -22.00000000000000000, 0.000000000000000000, -16.54828104322998783 ) ) ;
#3069 = CARTESIAN_POINT ( 'NONE',  ( -1.999999999999994005, 0.000000000000000000, -7.499999999999998224 ) ) ;
#3070 = ORIENTED_EDGE ( 'NONE', *, *, #1130, .T. ) ;
#3071 = FACE_OUTER_BOUND ( 'NONE', #3207, .T. ) ;
#3072 = ORIENTED_EDGE ( 'NONE', *, *, #3281, .T. ) ;
#3073 = DIRECTION ( 'NONE',  ( 0.000000000000000000, 0.000000000000000000, 1.000000000000000000 ) ) ;
#3074 = DIRECTION ( 'NONE',  ( -1.000000000000000000, -0.000000000000000000, -7.228014483236695816E-17 ) ) ;
#3075 = EDGE_CURVE ( 'NONE', #2569, #2848, #1711, .T. ) ;
#3076 = VERTEX_POINT ( 'NONE', #2961 ) ;
#3077 = DIRECTION ( 'NONE',  ( 0.000000000000000000, -1.000000000000000000, -0.000000000000000000 ) ) ;
#3078 = EDGE_CURVE ( 'NONE', #3311, #1476, #717, .T. ) ;
#3079 = CARTESIAN_POINT ( 'NONE',  ( -30.54828104322998783, 0.000000000000000000, -14.86149815160421284 ) ) ;
#3080 = ORIENTED_EDGE ( 'NONE', *, *, #4100, .F. ) ;
#3081 = CARTESIAN_POINT ( 'NONE',  ( -40.00000000000000711, -5.000000000000000000, 39.99999999999997868 ) ) ;
#3082 = CARTESIAN_POINT ( 'NONE',  ( -44.50000000000001421, -6.000000000000000000, -46.60000000000001563 ) ) ;
#3083 = ORIENTED_EDGE ( 'NONE', *, *, #257, .T. ) ;
#3084 = DIRECTION ( 'NONE',  ( 0.000000000000000000, 0.000000000000000000, 1.000000000000000000 ) ) ;
#3085 = LINE ( 'NONE', #468, #2581 ) ;
#3086 = DIRECTION ( 'NONE',  ( 0.000000000000000000, 0.000000000000000000, 1.000000000000000000 ) ) ;
#3087 = CARTESIAN_POINT ( 'NONE',  ( 28.00000000000002842, -4.000000000000000000, -13.35258760368867570 ) ) ;
#3088 = ORIENTED_EDGE ( 'NONE', *, *, #453, .T. ) ;
#3089 = CARTESIAN_POINT ( 'NONE',  ( 21.13850184839578361, 0.000000000000000000, -16.54828104322998428 ) ) ;
#3090 = ORIENTED_EDGE ( 'NONE', *, *, #3657, .T. ) ;
#3091 = CARTESIAN_POINT ( 'NONE',  ( 29.00000000000000355, -7.000000000000000000, -6.000000000000000000 ) ) ;
#3092 = DIRECTION ( 'NONE',  ( 0.000000000000000000, 0.000000000000000000, -1.000000000000000000 ) ) ;
#3093 = VECTOR ( 'NONE', #2111, 999.9999999999998863 ) ;
#3094 = LINE ( 'NONE', #3393, #2911 ) ;
#3095 = AXIS2_PLACEMENT_3D ( 'NONE', #978, #2570, #2484 ) ;
#3096 = EDGE_LOOP ( 'NONE', ( #1833, #3381, #3536, #1295 ) ) ;
#3097 = ADVANCED_FACE ( 'NONE', ( #1091 ), #1372, .T. ) ;
#3098 = FACE_OUTER_BOUND ( 'NONE', #2297, .T. ) ;
#3099 = VECTOR ( 'NONE', #248, 1000.000000000000000 ) ;
#3100 = ORIENTED_EDGE ( 'NONE', *, *, #3023, .T. ) ;
#3101 = CIRCLE ( 'NONE', #1570, 3.500000000000003109 ) ;
#3102 = EDGE_CURVE ( 'NONE', #3, #2630, #1432, .T. ) ;
#3103 = CARTESIAN_POINT ( 'NONE',  ( 44.49999999999999289, -17.50000000000000000, -44.50000000000000000 ) ) ;
#3104 = EDGE_CURVE ( 'NONE', #3507, #1931, #389, .T. ) ;
#3105 = CARTESIAN_POINT ( 'NONE',  ( -9.000000000000005329, 0.000000000000000000, 40.32730954662498846 ) ) ;
#3106 = ORIENTED_EDGE ( 'NONE', *, *, #1752, .F. ) ;
#3107 = AXIS2_PLACEMENT_3D ( 'NONE', #676, #962, #611 ) ;
#3108 = EDGE_CURVE ( 'NONE', #1600, #2244, #1319, .T. ) ;
#3109 = AXIS2_PLACEMENT_3D ( 'NONE', #2892, #24, #1298 ) ;
#3110 = DIRECTION ( 'NONE',  ( -1.000000000000000000, 0.000000000000000000, -0.000000000000000000 ) ) ;
#3111 = AXIS2_PLACEMENT_3D ( 'NONE', #1075, #2049, #179 ) ;
#3112 = FACE_OUTER_BOUND ( 'NONE', #3743, .T. ) ;
#3113 = LINE ( 'NONE', #1809, #3121 ) ;
#3114 = ORIENTED_EDGE ( 'NONE', *, *, #4023, .T. ) ;
#3115 = CARTESIAN_POINT ( 'NONE',  ( -44.50000000000001421, -17.50000000000000000, 44.50000000000000000 ) ) ;
#3116 = VECTOR ( 'NONE', #1663, 1000.000000000000000 ) ;
#3117 = AXIS2_PLACEMENT_3D ( 'NONE', #2350, #1686, #2675 ) ;
#3118 = ORIENTED_EDGE ( 'NONE', *, *, #2490, .T. ) ;
#3119 = LINE ( 'NONE', #649, #3901 ) ;
#3120 = CARTESIAN_POINT ( 'NONE',  ( -31.00000000000000355, -4.000000000000000000, -14.00000000000000000 ) ) ;
#3121 = VECTOR ( 'NONE', #583, 1000.000000000000000 ) ;
#3122 = VERTEX_POINT ( 'NONE', #4060 ) ;
#3123 = ORIENTED_EDGE ( 'NONE', *, *, #827, .F. ) ;
#3124 = CARTESIAN_POINT ( 'NONE',  ( -14.89955147909884836, -17.49999999999999645, 33.89955147909885369 ) ) ;
#3125 = CARTESIAN_POINT ( 'NONE',  ( 20.67989715031364284, -8.673617379884035472E-16, -2.327309546624991121 ) ) ;
#3126 = EDGE_LOOP ( 'NONE', ( #1020, #1217, #1006, #3512 ) ) ;
#3127 = PLANE ( 'NONE',  #3042 ) ;
#3128 = CARTESIAN_POINT ( 'NONE',  ( 30.54828104322998783, 0.000000000000000000, -7.138501848395784499 ) ) ;
#3129 = VERTEX_POINT ( 'NONE', #261 ) ;
#3130 = ADVANCED_FACE ( 'NONE', ( #492 ), #2084, .F. ) ;
#3131 = FILL_AREA_STYLE ('',( #2228 ) ) ;
#3132 = CARTESIAN_POINT ( 'NONE',  ( 44.49999999999999289, 0.000000000000000000, -44.50000000000000000 ) ) ;
#3133 = DIRECTION ( 'NONE',  ( -0.000000000000000000, -1.000000000000000000, -0.000000000000000000 ) ) ;
#3134 = ORIENTED_EDGE ( 'NONE', *, *, #1929, .F. ) ;
#3135 = CARTESIAN_POINT ( 'NONE',  ( 44.50000000000000000, -5.000000000000000000, 46.59999999999998721 ) ) ;
#3136 = EDGE_CURVE ( 'NONE', #2178, #741, #3113, .T. ) ;
#3137 = ORIENTED_EDGE ( 'NONE', *, *, #4064, .F. ) ;
#3138 = CARTESIAN_POINT ( 'NONE',  ( 44.49999999999998579, -6.000000000000000000, -44.50000000000001421 ) ) ;
#3139 = CARTESIAN_POINT ( 'NONE',  ( -43.50000000000001421, -5.000000000000000000, 43.49999999999998579 ) ) ;
#3140 = ORIENTED_EDGE ( 'NONE', *, *, #1352, .F. ) ;
#3141 = ORIENTED_EDGE ( 'NONE', *, *, #1649, .T. ) ;
#3142 = CARTESIAN_POINT ( 'NONE',  ( -44.50000000000000000, -4.000000000000000000, 44.49999999999998579 ) ) ;
#3143 = ORIENTED_EDGE ( 'NONE', *, *, #1769, .T. ) ;
#3144 =( BOUNDED_CURVE ( )  B_SPLINE_CURVE ( 3, ( #967, #924, #3526, #3791 ),
 .UNSPECIFIED., .F., .F. ) 
 B_SPLINE_CURVE_WITH_KNOTS ( ( 4, 4 ),
 ( 5.644216746759609826, 6.922153867599563526 ),
 .UNSPECIFIED. ) 
 CURVE ( )  GEOMETRIC_REPRESENTATION_ITEM ( )  RATIONAL_B_SPLINE_CURVE ( ( 1.000000000000000000, 0.8684742014189966719, 0.8684742014189966719, 1.000000000000000000 ) ) 
 REPRESENTATION_ITEM ( '' )  );
#3145 = CARTESIAN_POINT ( 'NONE',  ( 0.000000000000000000, 0.000000000000000000, -2.327309546624991565 ) ) ;
#3146 = DIRECTION ( 'NONE',  ( -0.000000000000000000, 1.000000000000000000, -0.000000000000000000 ) ) ;
#3147 = ORIENTED_EDGE ( 'NONE', *, *, #679, .T. ) ;
#3148 = DIRECTION ( 'NONE',  ( 0.000000000000000000, 0.5372996083468216666, 0.8433914458128871638 ) ) ;
#3149 = ADVANCED_FACE ( 'NONE', ( #1115 ), #3405, .F. ) ;
#3150 = CARTESIAN_POINT ( 'NONE',  ( -3.500000000000001776, -0.2000000000000000111, -12.99999999999999112 ) ) ;
#3151 = LINE ( 'NONE', #1625, #4130 ) ;
#3152 = VERTEX_POINT ( 'NONE', #2464 ) ;
#3153 = ORIENTED_EDGE ( 'NONE', *, *, #3614, .F. ) ;
#3154 = EDGE_CURVE ( 'NONE', #121, #3851, #2452, .T. ) ;
#3155 = DIRECTION ( 'NONE',  ( -0.000000000000000000, 1.000000000000000000, -0.000000000000000000 ) ) ;
#3156 = FACE_OUTER_BOUND ( 'NONE', #3646, .T. ) ;
#3157 = ORIENTED_EDGE ( 'NONE', *, *, #76, .T. ) ;
#3158 = VERTEX_POINT ( 'NONE', #3048 ) ;
#3159 = VECTOR ( 'NONE', #2260, 1000.000000000000000 ) ;
#3160 = EDGE_CURVE ( 'NONE', #3177, #4076, #2148, .T. ) ;
#3161 = DIRECTION ( 'NONE',  ( -0.000000000000000000, 0.000000000000000000, 1.000000000000000000 ) ) ;
#3162 = CIRCLE ( 'NONE', #1224, 2.000000000000000000 ) ;
#3163 = ORIENTED_EDGE ( 'NONE', *, *, #76, .F. ) ;
#3164 = CARTESIAN_POINT ( 'NONE',  ( -19.00000000000000355, -7.000000000000000000, -8.000000000000000000 ) ) ;
#3165 = AXIS2_PLACEMENT_3D ( 'NONE', #529, #480, #3376 ) ;
#3166 = DIRECTION ( 'NONE',  ( -1.000000000000000000, -0.000000000000000000, -7.228014483236695816E-17 ) ) ;
#3167 = EDGE_LOOP ( 'NONE', ( #1118, #1203, #2953, #3965, #2773, #1614, #513, #2832 ) ) ;
#3168 = VECTOR ( 'NONE', #1522, 1000.000000000000000 ) ;
#3169 =( BOUNDED_CURVE ( )  B_SPLINE_CURVE ( 3, ( #4021, #1145, #3619, #1399 ),
 .UNSPECIFIED., .F., .F. ) 
 B_SPLINE_CURVE_WITH_KNOTS ( ( 4, 4 ),
 ( 2.502624093169816710, 3.780561214009769966 ),
 .UNSPECIFIED. ) 
 CURVE ( )  GEOMETRIC_REPRESENTATION_ITEM ( )  RATIONAL_B_SPLINE_CURVE ( ( 1.000000000000000000, 0.8684742014189966719, 0.8684742014189966719, 1.000000000000000000 ) ) 
 REPRESENTATION_ITEM ( '' )  );
#3170 = CARTESIAN_POINT ( 'NONE',  ( 0.000000000000000000, -17.49999999999999645, 0.000000000000000000 ) ) ;
#3171 = CARTESIAN_POINT ( 'NONE',  ( 33.00000000000000000, -4.000000000000000000, -18.00000000000001066 ) ) ;
#3172 = VECTOR ( 'NONE', #1511, 1000.000000000000000 ) ;
#3173 = ORIENTED_EDGE ( 'NONE', *, *, #3853, .T. ) ;
#3174 = DIRECTION ( 'NONE',  ( 1.000000000000000000, 0.000000000000000000, 0.000000000000000000 ) ) ;
#3175 = AXIS2_PLACEMENT_3D ( 'NONE', #1320, #991, #3110 ) ;
#3176 = VECTOR ( 'NONE', #463, 1000.000000000000000 ) ;
#3177 = VERTEX_POINT ( 'NONE', #3069 ) ;
#3178 = CARTESIAN_POINT ( 'NONE',  ( 9.000000000000000000, 0.000000000000000000, -2.327309546624991565 ) ) ;
#3179 = CARTESIAN_POINT ( 'NONE',  ( 44.49999999999998579, -5.000000000000000000, -44.50000000000001421 ) ) ;
#3180 = ORIENTED_EDGE ( 'NONE', *, *, #1437, .F. ) ;
#3181 = VECTOR ( 'NONE', #1219, 1000.000000000000000 ) ;
#3182 = EDGE_CURVE ( 'NONE', #1533, #2151, #174, .T. ) ;
#3183 = ADVANCED_FACE ( 'NONE', ( #2419 ), #1475, .T. ) ;
#3184 = DIRECTION ( 'NONE',  ( 0.000000000000000000, 0.000000000000000000, 1.000000000000000000 ) ) ;
#3185 = ORIENTED_EDGE ( 'NONE', *, *, #592, .T. ) ;
#3186 = VECTOR ( 'NONE', #2616, 1000.000000000000000 ) ;
#3187 = FACE_OUTER_BOUND ( 'NONE', #1892, .T. ) ;
#3188 = VECTOR ( 'NONE', #3878, 1000.000000000000000 ) ;
#3189 = ADVANCED_FACE ( 'NONE', ( #1454, #556 ), #2781, .F. ) ;
#3190 = ORIENTED_EDGE ( 'NONE', *, *, #1866, .T. ) ;
#3191 = CARTESIAN_POINT ( 'NONE',  ( 22.00000000000000000, -4.000000000000000000, -12.31321710837424455 ) ) ;
#3192 = CARTESIAN_POINT ( 'NONE',  ( 47.49999999999998579, -4.000000000000000000, -44.50000000000001421 ) ) ;
#3193 = ORIENTED_EDGE ( 'NONE', *, *, #623, .F. ) ;
#3194 = DIRECTION ( 'NONE',  ( -2.214540607629966587E-16, -0.000000000000000000, 1.000000000000000000 ) ) ;
#3195 = LINE ( 'NONE', #3642, #153 ) ;
#3196 = LINE ( 'NONE', #3531, #1586 ) ;
#3197 = VERTEX_POINT ( 'NONE', #3387 ) ;
#3198 = LINE ( 'NONE', #2804, #2958 ) ;
#3199 = CARTESIAN_POINT ( 'NONE',  ( -31.00000000000000355, -4.000000000000000000, -14.00000000000000000 ) ) ;
#3200 = CARTESIAN_POINT ( 'NONE',  ( 0.000000000000000000, 0.000000000000000000, 0.000000000000000000 ) ) ;
#3201 = ORIENTED_EDGE ( 'NONE', *, *, #2411, .F. ) ;
#3202 = FACE_OUTER_BOUND ( 'NONE', #2277, .T. ) ;
#3203 = CARTESIAN_POINT ( 'NONE',  ( -43.50000000000001421, -4.000000000000000000, -43.50000000000001421 ) ) ;
#3204 = ORIENTED_EDGE ( 'NONE', *, *, #390, .F. ) ;
#3205 = EDGE_CURVE ( 'NONE', #1019, #2941, #3425, .T. ) ;
#3206 = DIRECTION ( 'NONE',  ( -0.000000000000000000, 1.000000000000000000, -0.000000000000000000 ) ) ;
#3207 = EDGE_LOOP ( 'NONE', ( #4052, #648, #3401, #2715 ) ) ;
#3208 = DIRECTION ( 'NONE',  ( -0.8433914458128869418, -0.5372996083468218886, 0.000000000000000000 ) ) ;
#3209 = ADVANCED_FACE ( 'NONE', ( #3753 ), #2442, .F. ) ;
#3210 = DIRECTION ( 'NONE',  ( -0.000000000000000000, 1.000000000000000000, -0.000000000000000000 ) ) ;
#3211 = EDGE_CURVE ( 'NONE', #2563, #2526, #1831, .T. ) ;
#3212 = DIRECTION ( 'NONE',  ( 0.000000000000000000, 1.000000000000000000, 0.000000000000000000 ) ) ;
#3213 = ORIENTED_EDGE ( 'NONE', *, *, #3937, .T. ) ;
#3214 = FACE_OUTER_BOUND ( 'NONE', #521, .T. ) ;
#3215 = CYLINDRICAL_SURFACE ( 'NONE', #42, 2.000000000000000888 ) ;
#3216 = ORIENTED_EDGE ( 'NONE', *, *, #3229, .T. ) ;
#3217 = CARTESIAN_POINT ( 'NONE',  ( 41.49999999999998579, -3.000000000000000000, -44.50000000000000000 ) ) ;
#3218 = PLANE ( 'NONE',  #422 ) ;
#3219 = DIRECTION ( 'NONE',  ( -0.000000000000000000, 1.000000000000000000, -0.000000000000000000 ) ) ;
#3220 = EDGE_LOOP ( 'NONE', ( #471, #944, #3905, #3999 ) ) ;
#3221 = VERTEX_POINT ( 'NONE', #1523 ) ;
#3222 = CARTESIAN_POINT ( 'NONE',  ( -44.50000000000000000, -3.000000000000000000, 44.49999999999998579 ) ) ;
#3223 = EDGE_CURVE ( 'NONE', #3246, #3331, #2740, .T. ) ;
#3224 = EDGE_LOOP ( 'NONE', ( #1940, #2218, #1679, #77 ) ) ;
#3225 = DIRECTION ( 'NONE',  ( 0.000000000000000000, 0.000000000000000000, 1.000000000000000000 ) ) ;
#3226 = PLANE ( 'NONE',  #2035 ) ;
#3227 = VECTOR ( 'NONE', #1106, 1000.000000000000000 ) ;
#3228 = DIRECTION ( 'NONE',  ( -1.000000000000000000, -0.000000000000000000, -0.000000000000000000 ) ) ;
#3229 = EDGE_CURVE ( 'NONE', #931, #18, #3031, .T. ) ;
#3230 = VERTEX_POINT ( 'NONE', #2714 ) ;
#3231 = VECTOR ( 'NONE', #2038, 1000.000000000000000 ) ;
#3232 = EDGE_CURVE ( 'NONE', #2623, #271, #1221, .T. ) ;
#3233 = LINE ( 'NONE', #2921, #3116 ) ;
#3234 = CARTESIAN_POINT ( 'NONE',  ( -41.49999999999995737, -3.000000000000000000, 44.50000000000000000 ) ) ;
#3235 = PLANE ( 'NONE',  #2856 ) ;
#3236 = VERTEX_POINT ( 'NONE', #644 ) ;
#3237 = CARTESIAN_POINT ( 'NONE',  ( -21.58878921757748870, -6.999999999999998224, -2.588789217577482038 ) ) ;
#3238 = AXIS2_PLACEMENT_3D ( 'NONE', #2807, #2238, #2846 ) ;
#3239 = ADVANCED_FACE ( 'NONE', ( #930 ), #3469, .F. ) ;
#3240 = ORIENTED_EDGE ( 'NONE', *, *, #3666, .T. ) ;
#3241 = VECTOR ( 'NONE', #383, 1000.000000000000000 ) ;
#3242 = CARTESIAN_POINT ( 'NONE',  ( -29.00000000000000355, -7.000000000000000000, -6.000000000000000000 ) ) ;
#3243 = DIRECTION ( 'NONE',  ( 0.000000000000000000, 0.000000000000000000, 1.000000000000000000 ) ) ;
#3244 = ORIENTED_EDGE ( 'NONE', *, *, #576, .F. ) ;
#3245 = VECTOR ( 'NONE', #1445, 1000.000000000000000 ) ;
#3246 = VERTEX_POINT ( 'NONE', #3796 ) ;
#3247 = AXIS2_PLACEMENT_3D ( 'NONE', #3794, #2879, #928 ) ;
#3248 = AXIS2_PLACEMENT_3D ( 'NONE', #2412, #2706, #3353 ) ;
#3249 = PLANE ( 'NONE',  #3578 ) ;
#3250 = VECTOR ( 'NONE', #3660, 1000.000000000000000 ) ;
#3251 = VERTEX_POINT ( 'NONE', #4122 ) ;
#3252 = PLANE ( 'NONE',  #3517 ) ;
#3253 = VECTOR ( 'NONE', #1387, 1000.000000000000000 ) ;
#3254 = LINE ( 'NONE', #323, #1076 ) ;
#3255 = VERTEX_POINT ( 'NONE', #913 ) ;
#3256 = CARTESIAN_POINT ( 'NONE',  ( -47.50000000000001421, -4.000000000000000000, -47.50000000000001421 ) ) ;
#3257 = CARTESIAN_POINT ( 'NONE',  ( -40.00000000000000711, -5.000000000000000000, -40.00000000000000711 ) ) ;
#3258 = DIRECTION ( 'NONE',  ( 0.000000000000000000, 0.000000000000000000, 1.000000000000000000 ) ) ;
#3259 = EDGE_CURVE ( 'NONE', #3158, #619, #3151, .T. ) ;
#3260 = ORIENTED_EDGE ( 'NONE', *, *, #3460, .F. ) ;
#3261 = CARTESIAN_POINT ( 'NONE',  ( -46.60000000000002984, -6.000000000000000000, 44.49999999999998579 ) ) ;
#3262 = CARTESIAN_POINT ( 'NONE',  ( 21.00000000000000355, -7.000000000000000000, -5.999999999999999112 ) ) ;
#3263 = DIRECTION ( 'NONE',  ( -0.000000000000000000, -1.000000000000000000, -0.000000000000000000 ) ) ;
#3264 = ADVANCED_FACE ( 'NONE', ( #281 ), #3235, .T. ) ;
#3265 = VERTEX_POINT ( 'NONE', #1245 ) ;
#3266 = ORIENTED_EDGE ( 'NONE', *, *, #2245, .T. ) ;
#3267 = DIRECTION ( 'NONE',  ( 0.000000000000000000, -0.000000000000000000, 1.000000000000000000 ) ) ;
#3268 = VERTEX_POINT ( 'NONE', #2211 ) ;
#3269 = CARTESIAN_POINT ( 'NONE',  ( -8.869668022277274133, -16.90686144895512655, 8.443549086096950873 ) ) ;
#3270 = CARTESIAN_POINT ( 'NONE',  ( -30.92615197463912224, 0.5931385510448707876, -15.23936908301334547 ) ) ;
#3271 = ORIENTED_EDGE ( 'NONE', *, *, #880, .T. ) ;
#3272 = CARTESIAN_POINT ( 'NONE',  ( 26.31321710837424632, -4.000000000000000000, -8.000000000000000000 ) ) ;
#3273 = CARTESIAN_POINT ( 'NONE',  ( -44.49999999999999289, -3.000000000000000000, -41.49999999999999289 ) ) ;
#3274 = VERTEX_POINT ( 'NONE', #2506 ) ;
#3275 = DIRECTION ( 'NONE',  ( -0.000000000000000000, -1.000000000000000000, 0.000000000000000000 ) ) ;
#3276 = EDGE_CURVE ( 'NONE', #143, #1785, #3986, .T. ) ;
#3277 = CARTESIAN_POINT ( 'NONE',  ( 44.49999999999998579, -3.000000000000000000, -44.50000000000001421 ) ) ;
#3278 = CARTESIAN_POINT ( 'NONE',  ( 29.00000000000000355, -4.000000000000000000, -14.00000000000000000 ) ) ;
#3279 = ORIENTED_EDGE ( 'NONE', *, *, #2348, .T. ) ;
#3280 = DIRECTION ( 'NONE',  ( -0.000000000000000000, 0.000000000000000000, -1.000000000000000000 ) ) ;
#3281 = EDGE_CURVE ( 'NONE', #2816, #2178, #2045, .T. ) ;
#3282 = EDGE_LOOP ( 'NONE', ( #889, #482, #3685, #375 ) ) ;
#3283 = LINE ( 'NONE', #2338, #1032 ) ;
#3284 = EDGE_CURVE ( 'NONE', #690, #3311, #306, .T. ) ;
#3285 = ORIENTED_EDGE ( 'NONE', *, *, #1851, .T. ) ;
#3286 = FACE_OUTER_BOUND ( 'NONE', #1822, .T. ) ;
#3287 = CARTESIAN_POINT ( 'NONE',  ( 46.59999999999998721, -5.000000000000000000, -44.50000000000001421 ) ) ;
#3288 = VERTEX_POINT ( 'NONE', #29 ) ;
#3289 = CARTESIAN_POINT ( 'NONE',  ( -23.68678289162575368, -4.000000000000000000, -14.00000000000000000 ) ) ;
#3290 = VECTOR ( 'NONE', #2745, 1000.000000000000000 ) ;
#3291 = DIRECTION ( 'NONE',  ( -0.000000000000000000, -1.000000000000000000, -0.000000000000000000 ) ) ;
#3292 = ORIENTED_EDGE ( 'NONE', *, *, #3136, .F. ) ;
#3293 = DIRECTION ( 'NONE',  ( 1.000000000000000000, 0.000000000000000000, 0.000000000000000000 ) ) ;
#3294 = VECTOR ( 'NONE', #2822, 1000.000000000000000 ) ;
#3295 = CARTESIAN_POINT ( 'NONE',  ( -23.50000000000000711, -4.000000000000000000, 42.50000000000000711 ) ) ;
#3296 = DIRECTION ( 'NONE',  ( 0.000000000000000000, 0.5372996083468219997, -0.8433914458128868308 ) ) ;
#3297 = CIRCLE ( 'NONE', #221, 3.000000000000002665 ) ;
#3298 = EDGE_LOOP ( 'NONE', ( #3123, #1676, #3493, #2392 ) ) ;
#3299 = AXIS2_PLACEMENT_3D ( 'NONE', #3609, #1037, #744 ) ;
#3300 = ORIENTED_EDGE ( 'NONE', *, *, #3078, .T. ) ;
#3301 = DIRECTION ( 'NONE',  ( -2.168404344971018236E-16, -0.000000000000000000, -1.000000000000000000 ) ) ;
#3302 = AXIS2_PLACEMENT_3D ( 'NONE', #1615, #1576, #2889 ) ;
#3303 = EDGE_CURVE ( 'NONE', #977, #3236, #3389, .T. ) ;
#3304 = EDGE_CURVE ( 'NONE', #1097, #3928, #3836, .T. ) ;
#3305 = ORIENTED_EDGE ( 'NONE', *, *, #2155, .F. ) ;
#3306 = AXIS2_PLACEMENT_3D ( 'NONE', #1742, #1823, #3955 ) ;
#3307 = CARTESIAN_POINT ( 'NONE',  ( 1.999999999999988676, -0.2000000000000000111, -7.499999999999998224 ) ) ;
#3308 = EDGE_CURVE ( 'NONE', #3388, #3699, #3196, .T. ) ;
#3309 = CYLINDRICAL_SURFACE ( 'NONE', #2760, 2.000000000000000888 ) ;
#3310 = AXIS2_PLACEMENT_3D ( 'NONE', #894, #1736, #136 ) ;
#3311 = VERTEX_POINT ( 'NONE', #2881 ) ;
#3312 = CARTESIAN_POINT ( 'NONE',  ( -24.65302423436330415, -4.442095883016146551, -11.34697576563669763 ) ) ;
#3313 = AXIS2_PLACEMENT_3D ( 'NONE', #2547, #618, #2258 ) ;
#3314 = LINE ( 'NONE', #1995, #1713 ) ;
#3315 = VERTEX_POINT ( 'NONE', #327 ) ;
#3316 = CYLINDRICAL_SURFACE ( 'NONE', #3432, 3.000000000000002665 ) ;
#3317 = VECTOR ( 'NONE', #2559, 1000.000000000000000 ) ;
#3318 = DIRECTION ( 'NONE',  ( -0.4733061507711228688, 0.7429418384264316888, -0.4733061507711229798 ) ) ;
#3319 = DIRECTION ( 'NONE',  ( 0.000000000000000000, 0.000000000000000000, 1.000000000000000000 ) ) ;
#3320 = ORIENTED_EDGE ( 'NONE', *, *, #3760, .T. ) ;
#3321 = ORIENTED_EDGE ( 'NONE', *, *, #2749, .T. ) ;
#3322 = DIRECTION ( 'NONE',  ( -0.4733061507711229798, 0.7429418384264315778, 0.4733061507711229243 ) ) ;
#3323 = DIRECTION ( 'NONE',  ( 0.8433914458128868308, 0.5372996083468219997, 2.438418234149393682E-16 ) ) ;
#3324 =( BOUNDED_CURVE ( )  B_SPLINE_CURVE ( 3, ( #267, #872, #4085, #606 ),
 .UNSPECIFIED., .F., .F. ) 
 B_SPLINE_CURVE_WITH_KNOTS ( ( 4, 4 ),
 ( 2.502624093169817154, 3.780561214009771298 ),
 .UNSPECIFIED. ) 
 CURVE ( )  GEOMETRIC_REPRESENTATION_ITEM ( )  RATIONAL_B_SPLINE_CURVE ( ( 1.000000000000000000, 0.8684742014189966719, 0.8684742014189966719, 1.000000000000000000 ) ) 
 REPRESENTATION_ITEM ( '' )  );
#3325 = VERTEX_POINT ( 'NONE', #666 ) ;
#3326 = ADVANCED_FACE ( 'NONE', ( #1939 ), #3215, .F. ) ;
#3327 = CARTESIAN_POINT ( 'NONE',  ( 1.999999999999992228, -0.2000000000000000111, -7.999999999999998224 ) ) ;
#3328 = LINE ( 'NONE', #1647, #1697 ) ;
#3329 = CARTESIAN_POINT ( 'NONE',  ( -33.00000000000000000, -7.000000000000000000, -18.00000000000001066 ) ) ;
#3330 = CARTESIAN_POINT ( 'NONE',  ( 43.50000000000000000, -4.000000000000000000, -43.50000000000001421 ) ) ;
#3331 = VERTEX_POINT ( 'NONE', #2567 ) ;
#3332 = EDGE_CURVE ( 'NONE', #1872, #3494, #2766, .T. ) ;
#3333 = CARTESIAN_POINT ( 'NONE',  ( 21.00000000000000355, -4.000000000000000000, -14.00000000000000000 ) ) ;
#3334 = CARTESIAN_POINT ( 'NONE',  ( 19.00000000000000355, -4.000000000000000000, -14.00000000000000000 ) ) ;
#3335 = ORIENTED_EDGE ( 'NONE', *, *, #2328, .T. ) ;
#3336 = CARTESIAN_POINT ( 'NONE',  ( -40.00000000000000711, -4.000000000000000000, -40.00000000000000711 ) ) ;
#3337 = CARTESIAN_POINT ( 'NONE',  ( -30.54828104322998783, 0.000000000000000000, -7.138501848395785387 ) ) ;
#3338 = LINE ( 'NONE', #2398, #3573 ) ;
#3339 = CARTESIAN_POINT ( 'NONE',  ( 44.50000000000000000, -4.000000000000000000, 44.49999999999998579 ) ) ;
#3340 = VERTEX_POINT ( 'NONE', #2898 ) ;
#3341 = FACE_OUTER_BOUND ( 'NONE', #1229, .T. ) ;
#3342 = EDGE_LOOP ( 'NONE', ( #987, #361, #4105, #2219 ) ) ;
#3343 = DIRECTION ( 'NONE',  ( 0.000000000000000000, -1.000000000000000000, 0.000000000000000000 ) ) ;
#3344 = CARTESIAN_POINT ( 'NONE',  ( 41.49999999999998579, 0.000000000000000000, -47.50000000000001421 ) ) ;
#3345 = EDGE_LOOP ( 'NONE', ( #2578, #3363, #1554, #753 ) ) ;
#3346 = CYLINDRICAL_SURFACE ( 'NONE', #374, 3.000000000000002665 ) ;
#3347 = CARTESIAN_POINT ( 'NONE',  ( -17.00000000000000000, -4.000000000000000000, -18.00000000000001066 ) ) ;
#3348 = CARTESIAN_POINT ( 'NONE',  ( -22.00000000000000000, -4.000000000000000000, -12.31321710837424455 ) ) ;
#3349 = DIRECTION ( 'NONE',  ( 1.000000000000000000, 0.000000000000000000, 0.000000000000000000 ) ) ;
#3350 = ADVANCED_FACE ( 'NONE', ( #725 ), #1648, .F. ) ;
#3351 = VERTEX_POINT ( 'NONE', #740 ) ;
#3352 = PRODUCT_DEFINITION_SHAPE ( 'NONE', 'NONE',  #1347 ) ;
#3353 = DIRECTION ( 'NONE',  ( -1.000000000000000000, 0.000000000000000000, -1.559302000878028960E-16 ) ) ;
#3354 = CARTESIAN_POINT ( 'NONE',  ( 33.00000000000000000, -7.000000000000000000, -18.00000000000001066 ) ) ;
#3355 = ORIENTED_EDGE ( 'NONE', *, *, #3160, .F. ) ;
#3356 = DIRECTION ( 'NONE',  ( 0.000000000000000000, 0.000000000000000000, 1.000000000000000000 ) ) ;
#3357 = EDGE_CURVE ( 'NONE', #871, #1796, #846, .T. ) ;
#3358 = EDGE_CURVE ( 'NONE', #538, #669, #3314, .T. ) ;
#3359 = AXIS2_PLACEMENT_3D ( 'NONE', #3952, #819, #782 ) ;
#3360 = DIRECTION ( 'NONE',  ( 0.000000000000000000, 1.000000000000000000, 0.000000000000000000 ) ) ;
#3361 = DIRECTION ( 'NONE',  ( 0.000000000000000000, 0.000000000000000000, -1.000000000000000000 ) ) ;
#3362 = CARTESIAN_POINT ( 'NONE',  ( 33.00000000000000000, -7.000000000000000000, -18.00000000000001066 ) ) ;
#3363 = ORIENTED_EDGE ( 'NONE', *, *, #3998, .T. ) ;
#3364 = CARTESIAN_POINT ( 'NONE',  ( 19.45171895677000862, 0.000000000000000000, -15.90086864691863866 ) ) ;
#3365 = AXIS2_PLACEMENT_3D ( 'NONE', #3115, #3451, #1856 ) ;
#3366 = ADVANCED_FACE ( 'NONE', ( #2370 ), #3623, .F. ) ;
#3367 = EDGE_LOOP ( 'NONE', ( #1299, #1781, #1193, #151, #2232, #2969 ) ) ;
#3368 = AXIS2_PLACEMENT_3D ( 'NONE', #742, #2942, #1941 ) ;
#3369 = LINE ( 'NONE', #2697, #3764 ) ;
#3370 = CARTESIAN_POINT ( 'NONE',  ( -20.76063091698664920, 0.5931385510448717868, -16.92615197463911869 ) ) ;
#3371 = AXIS2_PLACEMENT_3D ( 'NONE', #2088, #222, #1733 ) ;
#3372 = ORIENTED_EDGE ( 'NONE', *, *, #1597, .T. ) ;
#3373 = VECTOR ( 'NONE', #1770, 1000.000000000000000 ) ;
#3374 = CARTESIAN_POINT ( 'NONE',  ( -21.32730954662498846, 0.000000000000000000, -1.679897150313641507 ) ) ;
#3375 = DIRECTION ( 'NONE',  ( 0.000000000000000000, 1.000000000000000000, -0.000000000000000000 ) ) ;
#3376 = DIRECTION ( 'NONE',  ( 0.000000000000000000, 0.000000000000000000, -1.000000000000000000 ) ) ;
#3377 = ORIENTED_EDGE ( 'NONE', *, *, #3182, .F. ) ;
#3378 = LINE ( 'NONE', #2369, #504 ) ;
#3379 = DIRECTION ( 'NONE',  ( -0.000000000000000000, 1.000000000000000000, -0.000000000000000000 ) ) ;
#3380 = AXIS2_PLACEMENT_3D ( 'NONE', #3103, #2833, #320 ) ;
#3381 = ORIENTED_EDGE ( 'NONE', *, *, #1303, .T. ) ;
#3382 = DIRECTION ( 'NONE',  ( 0.000000000000000000, 0.000000000000000000, 1.000000000000000000 ) ) ;
#3383 = AXIS2_PLACEMENT_3D ( 'NONE', #3866, #15, #3514 ) ;
#3384 = DIRECTION ( 'NONE',  ( 0.000000000000000000, -1.000000000000000000, 0.000000000000000000 ) ) ;
#3385 = EDGE_CURVE ( 'NONE', #1493, #3, #1703, .T. ) ;
#3386 = CARTESIAN_POINT ( 'NONE',  ( 44.49999999999999289, -3.000000000000000000, -41.49999999999999289 ) ) ;
#3387 = CARTESIAN_POINT ( 'NONE',  ( -33.00000000000000000, -7.000000000000000000, -5.204170427930421283E-15 ) ) ;
#3388 = VERTEX_POINT ( 'NONE', #1979 ) ;
#3389 = CIRCLE ( 'NONE', #3313, 0.9999999999999991118 ) ;
#3390 = ORIENTED_EDGE ( 'NONE', *, *, #986, .T. ) ;
#3391 = EDGE_CURVE ( 'NONE', #3274, #86, #123, .T. ) ;
#3392 = FACE_OUTER_BOUND ( 'NONE', #1555, .T. ) ;
#3393 = CARTESIAN_POINT ( 'NONE',  ( 43.50000000000000000, -5.000000000000000000, -40.00000000000000711 ) ) ;
#3394 = ORIENTED_EDGE ( 'NONE', *, *, #3160, .T. ) ;
#3395 = DIRECTION ( 'NONE',  ( 2.214540607629966587E-16, 0.000000000000000000, -1.000000000000000000 ) ) ;
#3396 = CYLINDRICAL_SURFACE ( 'NONE', #1486, 2.000000000000000000 ) ;
#3397 = LINE ( 'NONE', #1107, #2834 ) ;
#3398 = ORIENTED_EDGE ( 'NONE', *, *, #747, .T. ) ;
#3399 = FACE_OUTER_BOUND ( 'NONE', #1450, .T. ) ;
#3400 = DIRECTION ( 'NONE',  ( -0.4733061507711230353, -0.7429418384264315778, 0.4733061507711229798 ) ) ;
#3401 = ORIENTED_EDGE ( 'NONE', *, *, #2851, .F. ) ;
#3402 = LINE ( 'NONE', #763, #1149 ) ;
#3403 = CARTESIAN_POINT ( 'NONE',  ( 41.49999999999995737, -3.000000000000000000, 44.50000000000000000 ) ) ;
#3404 = DIRECTION ( 'NONE',  ( 0.000000000000000000, -1.000000000000000000, 0.000000000000000000 ) ) ;
#3405 = CYLINDRICAL_SURFACE ( 'NONE', #2520, 2.000000000000000000 ) ;
#3406 = ORIENTED_EDGE ( 'NONE', *, *, #3886, .F. ) ;
#3407 = FACE_OUTER_BOUND ( 'NONE', #177, .T. ) ;
#3408 = EDGE_CURVE ( 'NONE', #817, #3556, #2013, .T. ) ;
#3409 = ORIENTED_EDGE ( 'NONE', *, *, #1191, .T. ) ;
#3410 = DIRECTION ( 'NONE',  ( 0.000000000000000000, 0.000000000000000000, -1.000000000000000000 ) ) ;
#3411 = LINE ( 'NONE', #1779, #639 ) ;
#3412 = EDGE_CURVE ( 'NONE', #1896, #3672, #2669, .T. ) ;
#3413 = EDGE_CURVE ( 'NONE', #4134, #892, #2311, .T. ) ;
#3414 = ORIENTED_EDGE ( 'NONE', *, *, #31, .T. ) ;
#3415 = CARTESIAN_POINT ( 'NONE',  ( -31.00000000000000355, -7.000000000000000000, -16.00000000000000000 ) ) ;
#3416 = DIRECTION ( 'NONE',  ( -0.000000000000000000, 1.000000000000000000, -0.000000000000000000 ) ) ;
#3417 = LINE ( 'NONE', #548, #2837 ) ;
#3418 = EDGE_CURVE ( 'NONE', #1388, #2580, #2629, .T. ) ;
#3419 = ORIENTED_EDGE ( 'NONE', *, *, #1987, .T. ) ;
#3420 = CARTESIAN_POINT ( 'NONE',  ( 46.59999999999998721, -5.000000000000000000, -44.50000000000001421 ) ) ;
#3421 = LINE ( 'NONE', #3105, #427 ) ;
#3422 = ORIENTED_EDGE ( 'NONE', *, *, #3546, .F. ) ;
#3423 = CARTESIAN_POINT ( 'NONE',  ( -31.00000000000000355, -4.000000000000000000, -8.000000000000000000 ) ) ;
#3424 = DIRECTION ( 'NONE',  ( 0.000000000000000000, 1.000000000000000000, -0.000000000000000000 ) ) ;
#3425 = LINE ( 'NONE', #3735, #3648 ) ;
#3426 = ORIENTED_EDGE ( 'NONE', *, *, #1187, .T. ) ;
#3427 = VERTEX_POINT ( 'NONE', #3273 ) ;
#3428 = LINE ( 'NONE', #1249, #759 ) ;
#3429 = CARTESIAN_POINT ( 'NONE',  ( -19.00000000000000355, -7.000000000000000000, -16.00000000000000000 ) ) ;
#3430 = AXIS2_PLACEMENT_3D ( 'NONE', #2140, #1512, #2793 ) ;
#3431 = ORIENTED_EDGE ( 'NONE', *, *, #1597, .F. ) ;
#3432 = AXIS2_PLACEMENT_3D ( 'NONE', #144, #3959, #3989 ) ;
#3433 = EDGE_LOOP ( 'NONE', ( #441, #844, #1142, #3457 ) ) ;
#3434 = ADVANCED_FACE ( 'NONE', ( #2060 ), #1013, .F. ) ;
#3435 = CARTESIAN_POINT ( 'NONE',  ( 21.58878921757749580, -6.999999999999999112, 4.780925039188933717E-15 ) ) ;
#3436 = VECTOR ( 'NONE', #1172, 999.9999999999998863 ) ;
#3437 = DIRECTION ( 'NONE',  ( 2.168404344971017250E-16, 0.000000000000000000, 1.000000000000000000 ) ) ;
#3438 = ORIENTED_EDGE ( 'NONE', *, *, #1154, .F. ) ;
#3439 = VECTOR ( 'NONE', #2418, 1000.000000000000000 ) ;
#3440 = DIRECTION ( 'NONE',  ( 0.000000000000000000, -1.000000000000000000, 0.000000000000000000 ) ) ;
#3441 = EDGE_CURVE ( 'NONE', #3851, #2816, #364, .T. ) ;
#3442 = DIRECTION ( 'NONE',  ( 0.000000000000000000, -1.000000000000000000, 0.000000000000000000 ) ) ;
#3443 = ORIENTED_EDGE ( 'NONE', *, *, #921, .T. ) ;
#3444 = AXIS2_PLACEMENT_3D ( 'NONE', #1946, #2267, #1212 ) ;
#3445 = AXIS2_PLACEMENT_3D ( 'NONE', #1587, #3148, #3529 ) ;
#3446 = PRESENTATION_STYLE_ASSIGNMENT (( #4095 ) ) ;
#3447 = VECTOR ( 'NONE', #2540, 1000.000000000000000 ) ;
#3448 = LINE ( 'NONE', #1498, #1897 ) ;
#3449 = DIRECTION ( 'NONE',  ( 0.000000000000000000, 0.000000000000000000, 1.000000000000000000 ) ) ;
#3450 = ORIENTED_EDGE ( 'NONE', *, *, #1571, .T. ) ;
#3451 = DIRECTION ( 'NONE',  ( 0.000000000000000000, 1.000000000000000000, 0.000000000000000000 ) ) ;
#3452 = AXIS2_PLACEMENT_3D ( 'NONE', #1814, #1528, #3092 ) ;
#3453 = EDGE_LOOP ( 'NONE', ( #2275, #2027, #2241, #3826 ) ) ;
#3454 = CARTESIAN_POINT ( 'NONE',  ( 44.49999999999999289, -2.999999999999999112, 44.50000000000000000 ) ) ;
#3455 = DIRECTION ( 'NONE',  ( 0.000000000000000000, 0.000000000000000000, -1.000000000000000000 ) ) ;
#3456 = VECTOR ( 'NONE', #3449, 1000.000000000000000 ) ;
#3457 = ORIENTED_EDGE ( 'NONE', *, *, #654, .F. ) ;
#3458 = EDGE_LOOP ( 'NONE', ( #73, #2130, #2307, #1211 ) ) ;
#3459 = CARTESIAN_POINT ( 'NONE',  ( 1.999999999999999112, -0.2000000000000000111, -8.999999999999998224 ) ) ;
#3460 = EDGE_CURVE ( 'NONE', #820, #1019, #2653, .T. ) ;
#3461 = ORIENTED_EDGE ( 'NONE', *, *, #2187, .F. ) ;
#3462 = DIRECTION ( 'NONE',  ( 0.000000000000000000, 0.000000000000000000, 1.000000000000000000 ) ) ;
#3463 = CARTESIAN_POINT ( 'NONE',  ( 29.00000000000000355, -7.000000000000000000, -8.000000000000000000 ) ) ;
#3464 = VERTEX_POINT ( 'NONE', #3898 ) ;
#3465 =( BOUNDED_CURVE ( )  B_SPLINE_CURVE ( 3, ( #2357, #3634, #2114, #772 ),
 .UNSPECIFIED., .F., .F. ) 
 B_SPLINE_CURVE_WITH_KNOTS ( ( 4, 4 ),
 ( 5.644216746759608938, 6.922153867599559973 ),
 .UNSPECIFIED. ) 
 CURVE ( )  GEOMETRIC_REPRESENTATION_ITEM ( )  RATIONAL_B_SPLINE_CURVE ( ( 1.000000000000000000, 0.8684742014189972270, 0.8684742014189972270, 1.000000000000000000 ) ) 
 REPRESENTATION_ITEM ( '' )  );
#3466 = EDGE_CURVE ( 'NONE', #3251, #1225, #2955, .T. ) ;
#3467 = ORIENTED_EDGE ( 'NONE', *, *, #3418, .F. ) ;
#3468 = LINE ( 'NONE', #867, #2964 ) ;
#3469 = PLANE ( 'NONE',  #433 ) ;
#3470 = ORIENTED_EDGE ( 'NONE', *, *, #1130, .F. ) ;
#3471 = CARTESIAN_POINT ( 'NONE',  ( 44.49999999999999289, -5.000000000000000888, -46.04999999999999716 ) ) ;
#3472 = ORIENTED_EDGE ( 'NONE', *, *, #3631, .T. ) ;
#3473 = CARTESIAN_POINT ( 'NONE',  ( 21.00000000000000355, -7.000000000000000000, -16.00000000000000000 ) ) ;
#3474 = LINE ( 'NONE', #4129, #974 ) ;
#3475 = EDGE_LOOP ( 'NONE', ( #1057, #450, #2346, #2368, #2557, #3875, #181, #2554 ) ) ;
#3476 = ORIENTED_EDGE ( 'NONE', *, *, #616, .F. ) ;
#3477 = CARTESIAN_POINT ( 'NONE',  ( 19.64052665499920636, 0.000000000000000000, 40.32730954662498846 ) ) ;
#3478 = ORIENTED_EDGE ( 'NONE', *, *, #604, .F. ) ;
#3479 = DIRECTION ( 'NONE',  ( 0.000000000000000000, 0.000000000000000000, 1.000000000000000000 ) ) ;
#3480 = CARTESIAN_POINT ( 'NONE',  ( 17.00000000000000000, -7.000000000000000000, -18.00000000000001066 ) ) ;
#3481 = ORIENTED_EDGE ( 'NONE', *, *, #3205, .F. ) ;
#3482 = CARTESIAN_POINT ( 'NONE',  ( 0.000000000000000000, -17.49999999999999645, 8.821420017506085287 ) ) ;
#3483 = DIRECTION ( 'NONE',  ( 1.000000000000000000, 0.000000000000000000, -0.000000000000000000 ) ) ;
#3484 = DIRECTION ( 'NONE',  ( 0.000000000000000000, 0.000000000000000000, -1.000000000000000000 ) ) ;
#3485 = EDGE_CURVE ( 'NONE', #3928, #1596, #3596, .T. ) ;
#3486 = ORIENTED_EDGE ( 'NONE', *, *, #803, .T. ) ;
#3487 = CARTESIAN_POINT ( 'NONE',  ( -21.58878921757748870, -6.999999999999999112, -6.374566718918574608E-15 ) ) ;
#3488 = EDGE_CURVE ( 'NONE', #981, #3539, #1402, .T. ) ;
#3489 = ORIENTED_EDGE ( 'NONE', *, *, #3716, .T. ) ;
#3490 = DIRECTION ( 'NONE',  ( 0.000000000000000000, 0.000000000000000000, -1.000000000000000000 ) ) ;
#3491 = DIRECTION ( 'NONE',  ( -0.000000000000000000, -1.000000000000000000, -0.000000000000000000 ) ) ;
#3492 = EDGE_CURVE ( 'NONE', #175, #1306, #3719, .T. ) ;
#3493 = ORIENTED_EDGE ( 'NONE', *, *, #1465, .F. ) ;
#3494 = VERTEX_POINT ( 'NONE', #67 ) ;
#3495 = VECTOR ( 'NONE', #3501, 1000.000000000000000 ) ;
#3496 = FACE_OUTER_BOUND ( 'NONE', #659, .T. ) ;
#3497 = VECTOR ( 'NONE', #3174, 1000.000000000000000 ) ;
#3498 = EDGE_LOOP ( 'NONE', ( #345, #296, #16, #2920, #1444, #1041 ) ) ;
#3499 = CARTESIAN_POINT ( 'NONE',  ( 28.00000000000000000, -4.000000000000045297, -8.000000000000000000 ) ) ;
#3500 = CARTESIAN_POINT ( 'NONE',  ( 44.49999999999999289, -5.000000000000000888, -44.50000000000000000 ) ) ;
#3501 = DIRECTION ( 'NONE',  ( 2.891205793294678819E-16, 0.000000000000000000, -1.000000000000000000 ) ) ;
#3502 = VECTOR ( 'NONE', #2780, 1000.000000000000000 ) ;
#3503 = FACE_OUTER_BOUND ( 'NONE', #573, .T. ) ;
#3504 = CARTESIAN_POINT ( 'NONE',  ( 44.49999999999999289, -2.999999999999999112, 44.50000000000000000 ) ) ;
#3505 = DIRECTION ( 'NONE',  ( -0.000000000000000000, -1.000000000000000000, 0.000000000000000000 ) ) ;
#3506 = CIRCLE ( 'NONE', #965, 3.500000000000003109 ) ;
#3507 = VERTEX_POINT ( 'NONE', #2078 ) ;
#3508 = CARTESIAN_POINT ( 'NONE',  ( 41.49999999999998579, -3.000000000000000000, -47.50000000000001421 ) ) ;
#3509 = VECTOR ( 'NONE', #847, 1000.000000000000000 ) ;
#3510 = VECTOR ( 'NONE', #3741, 1000.000000000000000 ) ;
#3511 = EDGE_CURVE ( 'NONE', #1533, #2623, #1492, .T. ) ;
#3512 = ORIENTED_EDGE ( 'NONE', *, *, #3413, .T. ) ;
#3513 = CARTESIAN_POINT ( 'NONE',  ( 21.32730954662498135, 0.000000000000000000, 38.64052665499921346 ) ) ;
#3514 = DIRECTION ( 'NONE',  ( 0.000000000000000000, 0.000000000000000000, -1.000000000000000000 ) ) ;
#3515 = ORIENTED_EDGE ( 'NONE', *, *, #1403, .F. ) ;
#3516 = AXIS2_PLACEMENT_3D ( 'NONE', #1323, #84, #702 ) ;
#3517 = AXIS2_PLACEMENT_3D ( 'NONE', #1007, #720, #3225 ) ;
#3518 = ADVANCED_FACE ( 'NONE', ( #512 ), #142, .F. ) ;
#3519 = ORIENTED_EDGE ( 'NONE', *, *, #1390, .T. ) ;
#3520 = VECTOR ( 'NONE', #464, 1000.000000000000000 ) ;
#3521 = EDGE_CURVE ( 'NONE', #1111, #1132, #1743, .T. ) ;
#3522 = PLANE ( 'NONE',  #765 ) ;
#3523 = AXIS2_PLACEMENT_3D ( 'NONE', #3480, #3807, #2223 ) ;
#3524 = ORIENTED_EDGE ( 'NONE', *, *, #1815, .T. ) ;
#3525 = LINE ( 'NONE', #4138, #770 ) ;
#3526 = CARTESIAN_POINT ( 'NONE',  ( 21.99999999999996803, -4.000000000000000000, -13.35258760368867570 ) ) ;
#3527 = ORIENTED_EDGE ( 'NONE', *, *, #3466, .F. ) ;
#3528 = VERTEX_POINT ( 'NONE', #1424 ) ;
#3529 = DIRECTION ( 'NONE',  ( 1.000000000000000000, -0.000000000000000000, 0.000000000000000000 ) ) ;
#3530 = DIRECTION ( 'NONE',  ( 0.000000000000000000, 0.000000000000000000, -1.000000000000000000 ) ) ;
#3531 = CARTESIAN_POINT ( 'NONE',  ( 1.999999999999991784, -0.2000000000000000111, -13.99999999999999645 ) ) ;
#3532 = ORIENTED_EDGE ( 'NONE', *, *, #1746, .F. ) ;
#3533 = DIRECTION ( 'NONE',  ( -0.000000000000000000, 1.000000000000000000, -0.000000000000000000 ) ) ;
#3534 = DIRECTION ( 'NONE',  ( 0.000000000000000000, 0.000000000000000000, 1.000000000000000000 ) ) ;
#3535 = FACE_OUTER_BOUND ( 'NONE', #32, .T. ) ;
#3536 = ORIENTED_EDGE ( 'NONE', *, *, #3737, .F. ) ;
#3537 = DIRECTION ( 'NONE',  ( 0.5372996083468221107, -0.8433914458128867198, 0.000000000000000000 ) ) ;
#3538 = EDGE_CURVE ( 'NONE', #3325, #1002, #805, .T. ) ;
#3539 = VERTEX_POINT ( 'NONE', #1150 ) ;
#3540 = DIRECTION ( 'NONE',  ( 0.000000000000000000, 0.000000000000000000, 1.000000000000000000 ) ) ;
#3541 = ADVANCED_FACE ( 'NONE', ( #485 ), #3706, .T. ) ;
#3542 = EDGE_CURVE ( 'NONE', #2829, #2758, #1514, .T. ) ;
#3543 = VERTEX_POINT ( 'NONE', #188 ) ;
#3544 = CARTESIAN_POINT ( 'NONE',  ( 46.59999999999999432, -5.000000000000000000, 44.49999999999998579 ) ) ;
#3545 = CARTESIAN_POINT ( 'NONE',  ( 3.499999999999997780, -0.2000000000000000111, -12.99999999999998579 ) ) ;
#3546 = EDGE_CURVE ( 'NONE', #1393, #1762, #1518, .T. ) ;
#3547 = DIRECTION ( 'NONE',  ( -0.8433914458128868308, -0.5372996083468222217, -2.490299473173848489E-16 ) ) ;
#3548 = DIRECTION ( 'NONE',  ( -1.000000000000000000, 0.000000000000000000, -1.559302000878028960E-16 ) ) ;
#3549 = FACE_OUTER_BOUND ( 'NONE', #729, .T. ) ;
#3550 = DIRECTION ( 'NONE',  ( 0.000000000000000000, 0.5372996083468221107, -0.8433914458128869418 ) ) ;
#3551 = ORIENTED_EDGE ( 'NONE', *, *, #2006, .T. ) ;
#3552 = DIRECTION ( 'NONE',  ( 0.000000000000000000, 1.000000000000000000, 0.000000000000000000 ) ) ;
#3553 = FACE_OUTER_BOUND ( 'NONE', #2887, .T. ) ;
#3554 = DIRECTION ( 'NONE',  ( -0.000000000000000000, -1.000000000000000000, -0.000000000000000000 ) ) ;
#3555 = ORIENTED_EDGE ( 'NONE', *, *, #3303, .T. ) ;
#3556 = VERTEX_POINT ( 'NONE', #3684 ) ;
#3557 = EDGE_CURVE ( 'NONE', #3654, #1896, #4045, .T. ) ;
#3558 = DIRECTION ( 'NONE',  ( -2.891205793294678819E-16, 0.000000000000000000, 1.000000000000000000 ) ) ;
#3559 = VERTEX_POINT ( 'NONE', #4006 ) ;
#3560 = EDGE_CURVE ( 'NONE', #1875, #1338, #638, .T. ) ;
#3561 = PLANE ( 'NONE',  #1169 ) ;
#3562 = AXIS2_PLACEMENT_3D ( 'NONE', #1419, #3643, #479 ) ;
#3563 = LINE ( 'NONE', #722, #621 ) ;
#3564 = VERTEX_POINT ( 'NONE', #4075 ) ;
#3565 = VECTOR ( 'NONE', #466, 1000.000000000000000 ) ;
#3566 = EDGE_CURVE ( 'NONE', #3251, #3246, #2413, .T. ) ;
#3567 = CARTESIAN_POINT ( 'NONE',  ( 47.49999999999998579, -3.000000000000000000, -41.49999999999999289 ) ) ;
#3568 = PLANE ( 'NONE',  #2775 ) ;
#3569 = CARTESIAN_POINT ( 'NONE',  ( -40.00000000000000711, -5.000000000000000000, 39.99999999999997868 ) ) ;
#3570 = EDGE_LOOP ( 'NONE', ( #3736, #1650, #958, #445 ) ) ;
#3571 = CARTESIAN_POINT ( 'NONE',  ( -40.00000000000000711, -5.000000000000000000, -43.50000000000001421 ) ) ;
#3572 = AXIS2_PLACEMENT_3D ( 'NONE', #3780, #916, #1593 ) ;
#3573 = VECTOR ( 'NONE', #809, 1000.000000000000000 ) ;
#3574 = CARTESIAN_POINT ( 'NONE',  ( 0.000000000000000000, -4.000000000000000000, 0.000000000000000000 ) ) ;
#3575 = DIRECTION ( 'NONE',  ( 0.000000000000000000, 0.000000000000000000, -1.000000000000000000 ) ) ;
#3576 = ORIENTED_EDGE ( 'NONE', *, *, #732, .T. ) ;
#3577 = CARTESIAN_POINT ( 'NONE',  ( 2.999999999999998224, 0.000000000000000000, -12.99999999999998934 ) ) ;
#3578 = AXIS2_PLACEMENT_3D ( 'NONE', #97, #3323, #3558 ) ;
#3579 = EDGE_LOOP ( 'NONE', ( #1547, #1903, #2763, #217 ) ) ;
#3580 = FACE_OUTER_BOUND ( 'NONE', #1322, .T. ) ;
#3581 = AXIS2_PLACEMENT_3D ( 'NONE', #2304, #45, #2971 ) ;
#3582 = VERTEX_POINT ( 'NONE', #2124 ) ;
#3583 = PLANE ( 'NONE',  #1774 ) ;
#3584 = AXIS2_PLACEMENT_3D ( 'NONE', #4011, #830, #2108 ) ;
#3585 = CARTESIAN_POINT ( 'NONE',  ( -47.50000000000000000, -6.000000000000000000, 44.49999999999998579 ) ) ;
#3586 = EDGE_CURVE ( 'NONE', #992, #1501, #532, .T. ) ;
#3587 = ORIENTED_EDGE ( 'NONE', *, *, #390, .T. ) ;
#3588 = DIRECTION ( 'NONE',  ( 0.000000000000000000, -1.000000000000000000, 0.000000000000000000 ) ) ;
#3589 = EDGE_LOOP ( 'NONE', ( #1793, #3100, #3674, #786 ) ) ;
#3590 = CYLINDRICAL_SURFACE ( 'NONE', #3027, 1.550000000000002709 ) ;
#3591 = EDGE_CURVE ( 'NONE', #476, #1476, #3749, .T. ) ;
#3592 = DIRECTION ( 'NONE',  ( 0.000000000000000000, 0.000000000000000000, -1.000000000000000000 ) ) ;
#3593 = DIRECTION ( 'NONE',  ( -0.000000000000000000, -0.000000000000000000, 1.000000000000000000 ) ) ;
#3594 = ORIENTED_EDGE ( 'NONE', *, *, #3466, .T. ) ;
#3595 = ADVANCED_FACE ( 'NONE', ( #2750 ), #551, .F. ) ;
#3596 =( BOUNDED_CURVE ( )  B_SPLINE_CURVE ( 3, ( #2291, #3922, #2034, #1049 ),
 .UNSPECIFIED., .F., .F. ) 
 B_SPLINE_CURVE_WITH_KNOTS ( ( 4, 4 ),
 ( 2.502624093169816710, 3.780561214009769966 ),
 .UNSPECIFIED. ) 
 CURVE ( )  GEOMETRIC_REPRESENTATION_ITEM ( )  RATIONAL_B_SPLINE_CURVE ( ( 1.000000000000000000, 0.8684742014189966719, 0.8684742014189966719, 1.000000000000000000 ) ) 
 REPRESENTATION_ITEM ( '' )  );
#3597 = ORIENTED_EDGE ( 'NONE', *, *, #80, .F. ) ;
#3598 = CARTESIAN_POINT ( 'NONE',  ( -29.00000000000000355, -4.000000000000000000, -16.00000000000000000 ) ) ;
#3599 = ORIENTED_EDGE ( 'NONE', *, *, #701, .F. ) ;
#3600 = PLANE ( 'NONE',  #3778 ) ;
#3601 = CARTESIAN_POINT ( 'NONE',  ( 33.00000000000000000, -7.000000000000000000, -5.204170427930421283E-15 ) ) ;
#3602 = ORIENTED_EDGE ( 'NONE', *, *, #2437, .T. ) ;
#3603 = CARTESIAN_POINT ( 'NONE',  ( 44.49999999999998579, -3.000000000000000000, -47.50000000000001421 ) ) ;
#3604 = EDGE_CURVE ( 'NONE', #82, #434, #4049, .T. ) ;
#3605 = DIRECTION ( 'NONE',  ( 0.000000000000000000, 0.000000000000000000, 1.000000000000000000 ) ) ;
#3606 = ORIENTED_EDGE ( 'NONE', *, *, #3886, .T. ) ;
#3607 = CARTESIAN_POINT ( 'NONE',  ( 19.00000000000000355, -7.000000000000000000, -14.00000000000000000 ) ) ;
#3608 = EDGE_CURVE ( 'NONE', #1988, #1961, #3421, .T. ) ;
#3609 = CARTESIAN_POINT ( 'NONE',  ( -31.00000000000000355, -7.000000000000000000, -16.00000000000000000 ) ) ;
#3610 = DIRECTION ( 'NONE',  ( 0.000000000000000000, 0.000000000000000000, 1.000000000000000000 ) ) ;
#3611 = EDGE_CURVE ( 'NONE', #2705, #3152, #94, .T. ) ;
#3612 = ORIENTED_EDGE ( 'NONE', *, *, #2003, .F. ) ;
#3613 = ORIENTED_EDGE ( 'NONE', *, *, #2471, .T. ) ;
#3614 = EDGE_CURVE ( 'NONE', #652, #1002, #883, .T. ) ;
#3615 = CARTESIAN_POINT ( 'NONE',  ( -28.00000000000000000, -4.000000000000000000, -9.686782891625753678 ) ) ;
#3616 = ORIENTED_EDGE ( 'NONE', *, *, #3604, .T. ) ;
#3617 = CARTESIAN_POINT ( 'NONE',  ( -1.999999999999994005, -0.2000000000000000111, -7.499999999999998224 ) ) ;
#3618 = CARTESIAN_POINT ( 'NONE',  ( -43.50000000000001421, -4.000000000000000000, -40.00000000000000711 ) ) ;
#3619 = CARTESIAN_POINT ( 'NONE',  ( 29.90086864691863866, 0.000000000000000000, -5.451718956770009505 ) ) ;
#3620 = ORIENTED_EDGE ( 'NONE', *, *, #3716, .F. ) ;
#3621 = CARTESIAN_POINT ( 'NONE',  ( 29.00000000000000355, -7.000000000000000000, -16.00000000000000000 ) ) ;
#3622 = AXIS2_PLACEMENT_3D ( 'NONE', #358, #3212, #1951 ) ;
#3623 = CYLINDRICAL_SURFACE ( 'NONE', #1102, 2.099999999999997868 ) ;
#3624 = VERTEX_POINT ( 'NONE', #1535 ) ;
#3625 = FACE_BOUND ( 'NONE', #1956, .T. ) ;
#3626 = VECTOR ( 'NONE', #1997, 1000.000000000000000 ) ;
#3627 = CARTESIAN_POINT ( 'NONE',  ( -21.13850184839578716, 0.000000000000000000, -5.451718956770010394 ) ) ;
#3628 = CARTESIAN_POINT ( 'NONE',  ( -9.531167586182565543, -17.49999999999999645, 29.17857998249391827 ) ) ;
#3629 = VECTOR ( 'NONE', #541, 1000.000000000000000 ) ;
#3630 = VERTEX_POINT ( 'NONE', #2835 ) ;
#3631 = EDGE_CURVE ( 'NONE', #2539, #3197, #614, .T. ) ;
#3632 = AXIS2_PLACEMENT_3D ( 'NONE', #3882, #2615, #1017 ) ;
#3633 = ORIENTED_EDGE ( 'NONE', *, *, #1538, .T. ) ;
#3634 = CARTESIAN_POINT ( 'NONE',  ( -20.67989715031364639, -1.734723475976807094E-15, 40.32730954662499556 ) ) ;
#3635 = CARTESIAN_POINT ( 'NONE',  ( -40.00000000000000711, -5.000000000000000000, -40.00000000000000711 ) ) ;
#3636 = VECTOR ( 'NONE', #2724, 1000.000000000000000 ) ;
#3637 = ADVANCED_FACE ( 'NONE', ( #1258, #907 ), #1849, .T. ) ;
#3638 = VECTOR ( 'NONE', #3670, 1000.000000000000000 ) ;
#3639 = VERTEX_POINT ( 'NONE', #2859 ) ;
#3640 = VECTOR ( 'NONE', #4016, 1000.000000000000000 ) ;
#3641 = CARTESIAN_POINT ( 'NONE',  ( -3.500000000000001776, -0.2000000000000000111, -12.99999999999999112 ) ) ;
#3642 = CARTESIAN_POINT ( 'NONE',  ( 26.69108803978337718, -3.406861448955147420, -7.622129068590851375 ) ) ;
#3643 = DIRECTION ( 'NONE',  ( 0.000000000000000000, -1.000000000000000000, 0.000000000000000000 ) ) ;
#3644 = CARTESIAN_POINT ( 'NONE',  ( 21.32730954662498135, 0.000000000000000000, 38.64052665499921346 ) ) ;
#3645 = VECTOR ( 'NONE', #2826, 1000.000000000000000 ) ;
#3646 = EDGE_LOOP ( 'NONE', ( #1317, #41, #1456, #2884, #3613, #2079, #1608, #1612 ) ) ;
#3647 = CARTESIAN_POINT ( 'NONE',  ( 2.999999999999998224, 0.000000000000000000, -12.99999999999998934 ) ) ;
#3648 = VECTOR ( 'NONE', #517, 1000.000000000000000 ) ;
#3649 = DIRECTION ( 'NONE',  ( 0.000000000000000000, 1.000000000000000000, 0.000000000000000000 ) ) ;
#3650 = ORIENTED_EDGE ( 'NONE', *, *, #2328, .F. ) ;
#3651 = DIRECTION ( 'NONE',  ( 0.000000000000000000, 1.000000000000000000, 0.000000000000000000 ) ) ;
#3652 = CARTESIAN_POINT ( 'NONE',  ( 23.68678289162575368, -4.000000000000000000, -8.000000000000000000 ) ) ;
#3653 = CARTESIAN_POINT ( 'NONE',  ( -17.00000000000000000, -7.000000000000000000, -18.00000000000001066 ) ) ;
#3654 = VERTEX_POINT ( 'NONE', #256 ) ;
#3655 = VERTEX_POINT ( 'NONE', #3128 ) ;
#3656 = CARTESIAN_POINT ( 'NONE',  ( 44.49999999999998579, -6.000000000000000000, -44.50000000000001421 ) ) ;
#3657 = EDGE_CURVE ( 'NONE', #1421, #1665, #3772, .T. ) ;
#3658 = DIRECTION ( 'NONE',  ( 0.000000000000000000, 1.000000000000000000, 0.000000000000000000 ) ) ;
#3659 = ORIENTED_EDGE ( 'NONE', *, *, #3920, .T. ) ;
#3660 = DIRECTION ( 'NONE',  ( 1.000000000000000000, -0.000000000000000000, -0.000000000000000000 ) ) ;
#3661 = EDGE_CURVE ( 'NONE', #2542, #2501, #3144, .T. ) ;
#3662 = DIRECTION ( 'NONE',  ( -1.000000000000000000, 0.000000000000000000, 0.000000000000000000 ) ) ;
#3663 = EDGE_CURVE ( 'NONE', #3268, #3872, #1865, .T. ) ;
#3664 = DIRECTION ( 'NONE',  ( 0.8433914458128869418, -0.5372996083468221107, 0.000000000000000000 ) ) ;
#3665 = ORIENTED_EDGE ( 'NONE', *, *, #1358, .T. ) ;
#3666 = EDGE_CURVE ( 'NONE', #1072, #1199, #2104, .T. ) ;
#3667 = DIRECTION ( 'NONE',  ( -0.000000000000000000, 0.000000000000000000, 1.000000000000000000 ) ) ;
#3668 = ORIENTED_EDGE ( 'NONE', *, *, #926, .T. ) ;
#3669 = LINE ( 'NONE', #807, #1418 ) ;
#3670 = DIRECTION ( 'NONE',  ( -0.000000000000000000, -0.000000000000000000, 1.000000000000000000 ) ) ;
#3671 = CARTESIAN_POINT ( 'NONE',  ( -10.17857998249391471, -17.49999999999999645, 9.468832413817432681 ) ) ;
#3672 = VERTEX_POINT ( 'NONE', #5 ) ;
#3673 = CARTESIAN_POINT ( 'NONE',  ( -10.17857998249391471, -17.49999999999999645, 10.50820290913185673 ) ) ;
#3674 = ORIENTED_EDGE ( 'NONE', *, *, #3687, .F. ) ;
#3675 = CARTESIAN_POINT ( 'NONE',  ( -47.50000000000000000, -3.000000000000000000, -47.50000000000001421 ) ) ;
#3676 = CARTESIAN_POINT ( 'NONE',  ( -31.00000000000000355, -7.000000000000000000, -6.000000000000000000 ) ) ;
#3677 = ADVANCED_FACE ( 'NONE', ( #1274 ), #2500, .F. ) ;
#3678 = ORIENTED_EDGE ( 'NONE', *, *, #3492, .T. ) ;
#3679 = CARTESIAN_POINT ( 'NONE',  ( -21.32730954662498846, 0.000000000000000000, -0.6405266549992186809 ) ) ;
#3680 = CARTESIAN_POINT ( 'NONE',  ( -22.64741239631132075, -4.000000000000000000, -14.00000000000002842 ) ) ;
#3681 = EDGE_CURVE ( 'NONE', #1765, #538, #709, .T. ) ;
#3682 = EDGE_LOOP ( 'NONE', ( #406, #949, #2325, #2986 ) ) ;
#3683 = CARTESIAN_POINT ( 'NONE',  ( -44.50000000000000000, -6.000000000000000000, 46.59999999999997300 ) ) ;
#3684 = CARTESIAN_POINT ( 'NONE',  ( -41.49999999999995737, 0.000000000000000000, 44.50000000000000000 ) ) ;
#3685 = ORIENTED_EDGE ( 'NONE', *, *, #4111, .T. ) ;
#3686 = CARTESIAN_POINT ( 'NONE',  ( 6.390861594840009374, -30.85596779148663771, 25.39086159484002181 ) ) ;
#3687 = EDGE_CURVE ( 'NONE', #4112, #121, #3829, .T. ) ;
#3688 = CARTESIAN_POINT ( 'NONE',  ( -25.34697576563669585, -4.442095883016144775, -10.65302423436330415 ) ) ;
#3689 = CARTESIAN_POINT ( 'NONE',  ( -44.50000000000001421, -5.000000000000000888, 44.50000000000000000 ) ) ;
#3690 = DIRECTION ( 'NONE',  ( 1.000000000000000000, 0.000000000000000000, 0.000000000000000000 ) ) ;
#3691 = EDGE_LOOP ( 'NONE', ( #39, #2354, #3201, #2395 ) ) ;
#3692 = LINE ( 'NONE', #1093, #3956 ) ;
#3693 = CIRCLE ( 'NONE', #3892, 1.550000000000002709 ) ;
#3694 = EDGE_LOOP ( 'NONE', ( #2782, #791, #3779, #2337 ) ) ;
#3695 = CIRCLE ( 'NONE', #1894, 2.000000000000000000 ) ;
#3696 = CARTESIAN_POINT ( 'NONE',  ( -47.50000000000000000, -3.000000000000000000, -41.50000000000000000 ) ) ;
#3697 = LINE ( 'NONE', #3676, #2648 ) ;
#3698 = AXIS2_PLACEMENT_3D ( 'NONE', #1329, #1984, #388 ) ;
#3699 = VERTEX_POINT ( 'NONE', #1933 ) ;
#3700 = CIRCLE ( 'NONE', #1503, 1.550000000000002709 ) ;
#3701 = CARTESIAN_POINT ( 'NONE',  ( 43.50000000000000000, -5.000000000000000000, 43.49999999999998579 ) ) ;
#3702 = VECTOR ( 'NONE', #1885, 1000.000000000000000 ) ;
#3703 = CIRCLE ( 'NONE', #4046, 2.000000000000000000 ) ;
#3704 = ORIENTED_EDGE ( 'NONE', *, *, #1902, .F. ) ;
#3705 = DIRECTION ( 'NONE',  ( 0.000000000000000000, 0.000000000000000000, -1.000000000000000000 ) ) ;
#3706 = CYLINDRICAL_SURFACE ( 'NONE', #3852, 0.9999999999999991118 ) ;
#3707 = VECTOR ( 'NONE', #3194, 1000.000000000000000 ) ;
#3708 = VECTOR ( 'NONE', #1038, 1000.000000000000000 ) ;
#3709 = EDGE_CURVE ( 'NONE', #716, #1122, #595, .T. ) ;
#3710 = ORIENTED_EDGE ( 'NONE', *, *, #209, .F. ) ;
#3711 = DIRECTION ( 'NONE',  ( 0.000000000000000000, 1.000000000000000000, 0.000000000000000000 ) ) ;
#3712 = VECTOR ( 'NONE', #455, 1000.000000000000000 ) ;
#3713 = PLANE ( 'NONE',  #159 ) ;
#3714 = LINE ( 'NONE', #3068, #225 ) ;
#3715 = DIRECTION ( 'NONE',  ( 2.214540607629966587E-16, 0.000000000000000000, -1.000000000000000000 ) ) ;
#3716 = EDGE_CURVE ( 'NONE', #904, #2700, #1216, .T. ) ;
#3717 = VERTEX_POINT ( 'NONE', #1239 ) ;
#3718 = CARTESIAN_POINT ( 'NONE',  ( 22.00000000000000000, 0.000000000000000000, -5.451718956770010394 ) ) ;
#3719 = CIRCLE ( 'NONE', #1915, 2.000000000000000000 ) ;
#3720 = ORIENTED_EDGE ( 'NONE', *, *, #3566, .T. ) ;
#3721 = LINE ( 'NONE', #2383, #826 ) ;
#3722 = EDGE_CURVE ( 'NONE', #768, #3988, #1582, .T. ) ;
#3723 = DIRECTION ( 'NONE',  ( 0.4733061507711234239, 0.7429418384264315778, -0.4733061507711224802 ) ) ;
#3724 = ORIENTED_EDGE ( 'NONE', *, *, #292, .F. ) ;
#3725 = PLANE ( 'NONE',  #2243 ) ;
#3726 = DIRECTION ( 'NONE',  ( -0.000000000000000000, 1.000000000000000000, -0.000000000000000000 ) ) ;
#3727 = DIRECTION ( 'NONE',  ( 0.000000000000000000, 0.000000000000000000, -1.000000000000000000 ) ) ;
#3728 = ORIENTED_EDGE ( 'NONE', *, *, #3793, .T. ) ;
#3729 =( BOUNDED_CURVE ( )  B_SPLINE_CURVE ( 3, ( #3272, #2272, #1063, #1011 ),
 .UNSPECIFIED., .F., .T. ) 
 B_SPLINE_CURVE_WITH_KNOTS ( ( 4, 4 ),
 ( 2.502624093169817154, 3.780561214009770410 ),
 .UNSPECIFIED. ) 
 CURVE ( )  GEOMETRIC_REPRESENTATION_ITEM ( )  RATIONAL_B_SPLINE_CURVE ( ( 1.000000000000000000, 0.8684742014189966719, 0.8684742014189966719, 1.000000000000000000 ) ) 
 REPRESENTATION_ITEM ( '' )  );
#3730 = FACE_BOUND ( 'NONE', #303, .T. ) ;
#3731 = DIRECTION ( 'NONE',  ( 0.000000000000000000, 1.000000000000000000, 0.000000000000000000 ) ) ;
#3732 = ORIENTED_EDGE ( 'NONE', *, *, #1520, .F. ) ;
#3733 = DIRECTION ( 'NONE',  ( -0.000000000000000000, 1.000000000000000000, -0.000000000000000000 ) ) ;
#3734 = CARTESIAN_POINT ( 'NONE',  ( 46.59999999999998721, -6.000000000000000000, -44.50000000000001421 ) ) ;
#3735 = CARTESIAN_POINT ( 'NONE',  ( -43.50000000000001421, -5.000000000000000000, -43.50000000000001421 ) ) ;
#3736 = ORIENTED_EDGE ( 'NONE', *, *, #1801, .T. ) ;
#3737 = EDGE_CURVE ( 'NONE', #3268, #11, #1911, .T. ) ;
#3738 = EDGE_LOOP ( 'NONE', ( #2221, #552, #1635, #4061 ) ) ;
#3739 = LINE ( 'NONE', #3178, #2765 ) ;
#3740 = CARTESIAN_POINT ( 'NONE',  ( -41.49999999999998579, 0.000000000000000000, -44.50000000000000000 ) ) ;
#3741 = DIRECTION ( 'NONE',  ( 0.000000000000000000, 0.000000000000000000, 1.000000000000000000 ) ) ;
#3742 = ADVANCED_FACE ( 'NONE', ( #1603 ), #1619, .F. ) ;
#3743 = EDGE_LOOP ( 'NONE', ( #2602, #2785, #533, #918 ) ) ;
#3744 = CARTESIAN_POINT ( 'NONE',  ( -3.500000000000000444, -0.2000000000000000111, -9.000000000000008882 ) ) ;
#3745 = CARTESIAN_POINT ( 'NONE',  ( 33.00000000000000000, -7.000000000000000000, -5.204170427930421283E-15 ) ) ;
#3746 = CARTESIAN_POINT ( 'NONE',  ( -47.50000000000001421, -6.000000000000000000, -44.50000000000001421 ) ) ;
#3747 = VERTEX_POINT ( 'NONE', #2588 ) ;
#3748 = FACE_BOUND ( 'NONE', #3938, .T. ) ;
#3749 = LINE ( 'NONE', #3082, #34 ) ;
#3750 = ORIENTED_EDGE ( 'NONE', *, *, #2876, .T. ) ;
#3751 = CARTESIAN_POINT ( 'NONE',  ( 0.000000000000000000, -4.000000000000000000, -14.00000000000000000 ) ) ;
#3752 = LINE ( 'NONE', #305, #3902 ) ;
#3753 = FACE_OUTER_BOUND ( 'NONE', #3691, .T. ) ;
#3754 = EDGE_LOOP ( 'NONE', ( #602, #1214 ) ) ;
#3755 = ORIENTED_EDGE ( 'NONE', *, *, #1184, .T. ) ;
#3756 = DIRECTION ( 'NONE',  ( 0.000000000000000000, -1.000000000000000000, 0.000000000000000000 ) ) ;
#3757 = LINE ( 'NONE', #2153, #3712 ) ;
#3758 = VECTOR ( 'NONE', #2421, 1000.000000000000000 ) ;
#3759 = VERTEX_POINT ( 'NONE', #3857 ) ;
#3760 = EDGE_CURVE ( 'NONE', #61, #3311, #2165, .T. ) ;
#3761 = VECTOR ( 'NONE', #12, 1000.000000000000000 ) ;
#3762 = ORIENTED_EDGE ( 'NONE', *, *, #3604, .F. ) ;
#3763 = CARTESIAN_POINT ( 'NONE',  ( -1.999999999999994005, -0.2000000000000000111, -7.499999999999998224 ) ) ;
#3764 = VECTOR ( 'NONE', #3322, 1000.000000000000114 ) ;
#3765 = ADVANCED_FACE ( 'NONE', ( #2917 ), #3226, .F. ) ;
#3766 = VERTEX_POINT ( 'NONE', #2270 ) ;
#3767 = AXIS2_PLACEMENT_3D ( 'NONE', #536, #2463, #2864 ) ;
#3768 = CARTESIAN_POINT ( 'NONE',  ( 1.999999999999998224, 0.000000000000000000, -12.99999999999999822 ) ) ;
#3769 = ORIENTED_EDGE ( 'NONE', *, *, #410, .F. ) ;
#3770 = AXIS2_PLACEMENT_3D ( 'NONE', #2703, #3835, #3530 ) ;
#3771 = ORIENTED_EDGE ( 'NONE', *, *, #543, .T. ) ;
#3772 = CIRCLE ( 'NONE', #4063, 3.000000000000002665 ) ;
#3773 = SURFACE_SIDE_STYLE ('',( #4143 ) ) ;
#3774 = VECTOR ( 'NONE', #2070, 1000.000000000000000 ) ;
#3775 = CARTESIAN_POINT ( 'NONE',  ( -21.00000000000000355, -4.000000000000000000, -16.00000000000000000 ) ) ;
#3776 = ORIENTED_EDGE ( 'NONE', *, *, #437, .F. ) ;
#3777 = DIRECTION ( 'NONE',  ( 2.168404344971017250E-16, 0.000000000000000000, 1.000000000000000000 ) ) ;
#3778 = AXIS2_PLACEMENT_3D ( 'NONE', #2605, #2285, #2009 ) ;
#3779 = ORIENTED_EDGE ( 'NONE', *, *, #1602, .F. ) ;
#3780 = CARTESIAN_POINT ( 'NONE',  ( -24.65302423436330059, -4.442095883016144775, -10.65302423436330237 ) ) ;
#3781 = LINE ( 'NONE', #3307, #1510 ) ;
#3782 = VECTOR ( 'NONE', #384, 1000.000000000000000 ) ;
#3783 = ORIENTED_EDGE ( 'NONE', *, *, #3276, .F. ) ;
#3784 = ORIENTED_EDGE ( 'NONE', *, *, #265, .T. ) ;
#3785 = ADVANCED_FACE ( 'NONE', ( #1950 ), #46, .T. ) ;
#3786 = DIRECTION ( 'NONE',  ( 0.000000000000000000, 0.000000000000000000, 1.000000000000000000 ) ) ;
#3787 = ORIENTED_EDGE ( 'NONE', *, *, #2922, .T. ) ;
#3788 = ADVANCED_FACE ( 'NONE', ( #1134, #1452 ), #3990, .F. ) ;
#3789 = CARTESIAN_POINT ( 'NONE',  ( 47.50000000000000000, -4.000000000000000000, 44.49999999999998579 ) ) ;
#3790 = ADVANCED_FACE ( 'NONE', ( #1768 ), #3046, .T. ) ;
#3791 = CARTESIAN_POINT ( 'NONE',  ( 22.00000000000000000, -4.000000000000000000, -12.31321710837424455 ) ) ;
#3792 = EDGE_LOOP ( 'NONE', ( #3665, #1842, #526, #63 ) ) ;
#3793 = EDGE_CURVE ( 'NONE', #2871, #89, #554, .T. ) ;
#3794 = CARTESIAN_POINT ( 'NONE',  ( -29.00000000000000355, -7.000000000000000000, -14.00000000000000000 ) ) ;
#3795 = DIRECTION ( 'NONE',  ( -0.000000000000000000, -1.000000000000000000, -0.000000000000000000 ) ) ;
#3796 = CARTESIAN_POINT ( 'NONE',  ( 10.17857998249391294, -17.49999999999999645, 10.50820290913185850 ) ) ;
#3797 = ORIENTED_EDGE ( 'NONE', *, *, #467, .T. ) ;
#3798 = LINE ( 'NONE', #2313, #1080 ) ;
#3799 = ORIENTED_EDGE ( 'NONE', *, *, #4029, .F. ) ;
#3800 = CARTESIAN_POINT ( 'NONE',  ( 41.49999999999998579, -3.000000000000000000, -47.50000000000001421 ) ) ;
#3801 = DIRECTION ( 'NONE',  ( 0.000000000000000000, -0.000000000000000000, 1.000000000000000000 ) ) ;
#3802 = ORIENTED_EDGE ( 'NONE', *, *, #338, .T. ) ;
#3803 = ORIENTED_EDGE ( 'NONE', *, *, #322, .F. ) ;
#3804 = CARTESIAN_POINT ( 'NONE',  ( 41.49999999999995737, -3.000000000000000000, 44.50000000000000000 ) ) ;
#3805 = ORIENTED_EDGE ( 'NONE', *, *, #3920, .F. ) ;
#3806 = CARTESIAN_POINT ( 'NONE',  ( 47.49999999999998579, 0.000000000000000000, -47.50000000000001421 ) ) ;
#3807 = DIRECTION ( 'NONE',  ( 1.000000000000000000, 0.000000000000000000, -0.000000000000000000 ) ) ;
#3808 = ORIENTED_EDGE ( 'NONE', *, *, #31, .F. ) ;
#3809 = ADVANCED_FACE ( 'NONE', ( #3020 ), #850, .F. ) ;
#3810 = EDGE_LOOP ( 'NONE', ( #420, #1404, #2638, #1087 ) ) ;
#3811 = CARTESIAN_POINT ( 'NONE',  ( 43.50000000000000000, -4.000000000000000000, 39.99999999999997868 ) ) ;
#3812 = CYLINDRICAL_SURFACE ( 'NONE', #3767, 3.500000000000003109 ) ;
#3813 = DIRECTION ( 'NONE',  ( 0.000000000000000000, 0.000000000000000000, 1.000000000000000000 ) ) ;
#3814 = ORIENTED_EDGE ( 'NONE', *, *, #2817, .T. ) ;
#3815 = DIRECTION ( 'NONE',  ( -1.000000000000000000, 0.000000000000000000, -0.000000000000000000 ) ) ;
#3816 = ADVANCED_FACE ( 'NONE', ( #2417 ), #4009, .F. ) ;
#3817 = VERTEX_POINT ( 'NONE', #2461 ) ;
#3818 = DIRECTION ( 'NONE',  ( 0.000000000000000000, -1.000000000000000000, -0.000000000000000000 ) ) ;
#3819 = CARTESIAN_POINT ( 'NONE',  ( 0.000000000000000000, -4.000000000000000000, 0.000000000000000000 ) ) ;
#3820 = VERTEX_POINT ( 'NONE', #3337 ) ;
#3821 = CARTESIAN_POINT ( 'NONE',  ( -13.72097149660497983, -19.34999999999999787, -5.204170427930421283E-15 ) ) ;
#3822 = EDGE_LOOP ( 'NONE', ( #2050, #3260, #166, #3080 ) ) ;
#3823 = CLOSED_SHELL ( 'NONE', ( #2193, #367, #3897, #522, #693, #2022, #574, #2485, #3189, #2, #2718, #2966, #834, #2949, #3057, #2059, #1982, #2561, #1255, #2577, #1952, #315, #2688, #278, #675, #262, #4084, #3054, #3000, #1655, #393, #1572, #653, #2109, #3434, #1544, #3785, #567, #851, #3913, #4106, #2523, #2672, #176, #1283, #443, #2209, #3765, #1930, #2000, #2673, #1025, #2462, #3541, #3183, #2894, #875, #4056, #2496, #3790, #2903, #2860, #1747, #1871, #131, #2989, #342, #3264, #1315, #2639, #1621, #3637, #3595, #201, #3677, #3809, #2946, #3097, #54, #2601, #2768, #3130, #8, #2621, #3871, #3788, #2335, #3518, #2134, #597, #1999, #3209, #1260, #1335, #2776, #1740, #3239, #2385, #1723, #2572, #4001, #699, #1675, #2356, #2625, #3366, #2381, #4107, #1125, #3816, #2229, #2677, #1046, #1725, #459, #155, #3326, #3350, #1488, #3846, #100, #3742, #3149, #233, #3942, #1005, #126 ) ) ;
#3824 = DIRECTION ( 'NONE',  ( 0.000000000000000000, 0.000000000000000000, 1.000000000000000000 ) ) ;
#3825 = AXIS2_PLACEMENT_3D ( 'NONE', #2752, #3711, #849 ) ;
#3826 = ORIENTED_EDGE ( 'NONE', *, *, #957, .T. ) ;
#3827 = CARTESIAN_POINT ( 'NONE',  ( 1.999999999999991340, -0.2000000000000000111, -14.49999999999999822 ) ) ;
#3828 = AXIS2_PLACEMENT_3D ( 'NONE', #1285, #982, #3534 ) ;
#3829 = LINE ( 'NONE', #2815, #984 ) ;
#3830 = ORIENTED_EDGE ( 'NONE', *, *, #4054, .T. ) ;
#3831 = VECTOR ( 'NONE', #2107, 1000.000000000000000 ) ;
#3832 = VERTEX_POINT ( 'NONE', #2063 ) ;
#3833 = LINE ( 'NONE', #973, #2515 ) ;
#3834 = EDGE_CURVE ( 'NONE', #1847, #44, #3085, .T. ) ;
#3835 = DIRECTION ( 'NONE',  ( -0.000000000000000000, 1.000000000000000000, -0.000000000000000000 ) ) ;
#3836 = LINE ( 'NONE', #2196, #2788 ) ;
#3837 = AXIS2_PLACEMENT_3D ( 'NONE', #3234, #2923, #2257 ) ;
#3838 = ORIENTED_EDGE ( 'NONE', *, *, #3052, .F. ) ;
#3839 = CARTESIAN_POINT ( 'NONE',  ( 44.50000000000000000, -6.000000000000000000, 46.59999999999998721 ) ) ;
#3840 = VECTOR ( 'NONE', #1640, 1000.000000000000000 ) ;
#3841 = AXIS2_PLACEMENT_3D ( 'NONE', #2450, #2721, #3008 ) ;
#3842 = ORIENTED_EDGE ( 'NONE', *, *, #2817, .F. ) ;
#3843 = EDGE_CURVE ( 'NONE', #1251, #1812, #1155, .T. ) ;
#3844 = CARTESIAN_POINT ( 'NONE',  ( -2.000000000000000888, 0.000000000000000000, -8.999999999999998224 ) ) ;
#3845 = CARTESIAN_POINT ( 'NONE',  ( 47.49999999999997158, -3.000000000000000000, 41.50000000000000000 ) ) ;
#3846 = ADVANCED_FACE ( 'NONE', ( #828 ), #1748, .F. ) ;
#3847 = EDGE_LOOP ( 'NONE', ( #4007, #1188, #2882, #2465 ) ) ;
#3848 = AXIS2_PLACEMENT_3D ( 'NONE', #1684, #3184, #4133 ) ;
#3849 = CARTESIAN_POINT ( 'NONE',  ( 19.64052665499921346, 0.000000000000000000, -2.327309546624991565 ) ) ;
#3850 = VECTOR ( 'NONE', #3455, 1000.000000000000000 ) ;
#3851 = VERTEX_POINT ( 'NONE', #3423 ) ;
#3852 = AXIS2_PLACEMENT_3D ( 'NONE', #1787, #2772, #2707 ) ;
#3853 = EDGE_CURVE ( 'NONE', #609, #806, #2439, .T. ) ;
#3854 = DIRECTION ( 'NONE',  ( 0.000000000000000000, 1.000000000000000000, 0.000000000000000000 ) ) ;
#3855 = VERTEX_POINT ( 'NONE', #515 ) ;
#3856 = CARTESIAN_POINT ( 'NONE',  ( -26.31321710837424632, -4.000000000000000000, -14.00000000000000000 ) ) ;
#3857 = CARTESIAN_POINT ( 'NONE',  ( 46.59999999999998721, -6.000000000000000000, 44.49999999999998579 ) ) ;
#3858 = CARTESIAN_POINT ( 'NONE',  ( 47.50000000000000000, -3.000000000000000000, -44.50000000000001421 ) ) ;
#3859 = DIRECTION ( 'NONE',  ( 1.559302000878028960E-16, 0.000000000000000000, -1.000000000000000000 ) ) ;
#3860 = FACE_BOUND ( 'NONE', #2530, .T. ) ;
#3861 = DIRECTION ( 'NONE',  ( -2.312964634635735561E-15, 0.000000000000000000, -1.000000000000000000 ) ) ;
#3862 = EDGE_LOOP ( 'NONE', ( #2226, #239, #3244, #2071, #2612, #365, #2998, #919, #234, #1827, #2497, #1695, #3137, #2145, #2719, #3783 ) ) ;
#3863 = FACE_BOUND ( 'NONE', #2709, .T. ) ;
#3864 = ORIENTED_EDGE ( 'NONE', *, *, #752, .T. ) ;
#3865 = CARTESIAN_POINT ( 'NONE',  ( -31.00000000000000355, -7.000000000000000000, -14.00000000000000000 ) ) ;
#3866 = CARTESIAN_POINT ( 'NONE',  ( 21.00000000000000355, -7.000000000000000000, -14.00000000000000000 ) ) ;
#3867 = VERTEX_POINT ( 'NONE', #146 ) ;
#3868 = EDGE_CURVE ( 'NONE', #4033, #11, #2712, .T. ) ;
#3869 = ORIENTED_EDGE ( 'NONE', *, *, #1230, .F. ) ;
#3870 = DIRECTION ( 'NONE',  ( -0.000000000000000000, 1.000000000000000000, -0.000000000000000000 ) ) ;
#3871 = ADVANCED_FACE ( 'NONE', ( #2146 ), #3713, .F. ) ;
#3872 = VERTEX_POINT ( 'NONE', #1790 ) ;
#3873 = DIRECTION ( 'NONE',  ( 0.000000000000000000, 0.000000000000000000, 1.000000000000000000 ) ) ;
#3874 = CARTESIAN_POINT ( 'NONE',  ( -19.45171895677000862, 0.000000000000000000, -14.86149815160420928 ) ) ;
#3875 = ORIENTED_EDGE ( 'NONE', *, *, #3052, .T. ) ;
#3876 = CARTESIAN_POINT ( 'NONE',  ( 23.68678289162575368, -4.000000000000000000, -8.000000000000000000 ) ) ;
#3877 = DIRECTION ( 'NONE',  ( 1.000000000000000000, 0.000000000000000000, 0.000000000000000000 ) ) ;
#3878 = DIRECTION ( 'NONE',  ( -0.000000000000000000, -0.000000000000000000, -1.000000000000000000 ) ) ;
#3879 = ORIENTED_EDGE ( 'NONE', *, *, #1235, .F. ) ;
#3880 = DIRECTION ( 'NONE',  ( -0.4733061507711232019, -0.7429418384264313557, 0.4733061507711230353 ) ) ;
#3881 = EDGE_LOOP ( 'NONE', ( #2619, #371, #961, #487 ) ) ;
#3882 = CARTESIAN_POINT ( 'NONE',  ( -44.50000000000001421, -6.000000000000000000, -44.50000000000001421 ) ) ;
#3883 = CARTESIAN_POINT ( 'NONE',  ( 47.50000000000000000, 0.000000000000000000, -41.50000000000000000 ) ) ;
#3884 = ORIENTED_EDGE ( 'NONE', *, *, #58, .T. ) ;
#3885 = EDGE_LOOP ( 'NONE', ( #1990, #1712, #1313, #132 ) ) ;
#3886 = EDGE_CURVE ( 'NONE', #2686, #1132, #1521, .T. ) ;
#3887 = CARTESIAN_POINT ( 'NONE',  ( -1.999999999999994005, 0.000000000000000000, -7.999999999999998224 ) ) ;
#3888 = AXIS2_PLACEMENT_3D ( 'NONE', #3329, #415, #103 ) ;
#3889 = EDGE_LOOP ( 'NONE', ( #667, #2205, #3797, #1468 ) ) ;
#3890 = CARTESIAN_POINT ( 'NONE',  ( -23.68678289162575723, -4.000000000000000000, -8.000000000000000000 ) ) ;
#3891 = EDGE_CURVE ( 'NONE', #1066, #3122, #191, .T. ) ;
#3892 = AXIS2_PLACEMENT_3D ( 'NONE', #69, #3275, #1015 ) ;
#3893 = CARTESIAN_POINT ( 'NONE',  ( 44.49999999999999289, 0.000000000000000000, -41.49999999999999289 ) ) ;
#3894 = ORIENTED_EDGE ( 'NONE', *, *, #3961, .T. ) ;
#3895 = CIRCLE ( 'NONE', #2234, 2.100000000000004530 ) ;
#3896 = DIRECTION ( 'NONE',  ( -0.000000000000000000, 1.000000000000000000, -0.000000000000000000 ) ) ;
#3897 = ADVANCED_FACE ( 'NONE', ( #2753 ), #4077, .F. ) ;
#3898 = CARTESIAN_POINT ( 'NONE',  ( -40.00000000000000711, -4.000000000000000000, 43.49999999999998579 ) ) ;
#3899 = ORIENTED_EDGE ( 'NONE', *, *, #2052, .T. ) ;
#3900 = DIRECTION ( 'NONE',  ( -0.8433914458128868308, 0.5372996083468221107, -4.876836468298787364E-16 ) ) ;
#3901 = VECTOR ( 'NONE', #1898, 1000.000000000000000 ) ;
#3902 = VECTOR ( 'NONE', #582, 1000.000000000000000 ) ;
#3903 = CARTESIAN_POINT ( 'NONE',  ( 29.00000000000000355, -4.000000000000000000, -16.00000000000000000 ) ) ;
#3904 = DIRECTION ( 'NONE',  ( 0.000000000000000000, -0.000000000000000000, 1.000000000000000000 ) ) ;
#3905 = ORIENTED_EDGE ( 'NONE', *, *, #257, .F. ) ;
#3906 = CARTESIAN_POINT ( 'NONE',  ( 33.00000000000000000, -4.000000000000000000, -5.204170427930421283E-15 ) ) ;
#3907 = AXIS2_PLACEMENT_3D ( 'NONE', #1110, #2394, #2729 ) ;
#3908 = VECTOR ( 'NONE', #478, 1000.000000000000000 ) ;
#3909 = ORIENTED_EDGE ( 'NONE', *, *, #2306, .F. ) ;
#3910 = VECTOR ( 'NONE', #3548, 1000.000000000000000 ) ;
#3911 = VECTOR ( 'NONE', #43, 1000.000000000000000 ) ;
#3912 = CARTESIAN_POINT ( 'NONE',  ( -3.000000000000002220, -0.2000000000000000111, -12.99999999999999112 ) ) ;
#3913 = ADVANCED_FACE ( 'NONE', ( #3503 ), #2818, .T. ) ;
#3914 = ORIENTED_EDGE ( 'NONE', *, *, #4111, .F. ) ;
#3915 = DIRECTION ( 'NONE',  ( -1.000000000000000000, 0.000000000000000000, -2.312964634635735561E-15 ) ) ;
#3916 = VECTOR ( 'NONE', #444, 1000.000000000000000 ) ;
#3917 = DIRECTION ( 'NONE',  ( -0.000000000000000000, 0.000000000000000000, -1.000000000000000000 ) ) ;
#3918 = EDGE_CURVE ( 'NONE', #2023, #1785, #1852, .T. ) ;
#3919 = ORIENTED_EDGE ( 'NONE', *, *, #3276, .T. ) ;
#3920 = EDGE_CURVE ( 'NONE', #266, #3331, #27, .T. ) ;
#3921 = DIRECTION ( 'NONE',  ( 0.000000000000000000, -1.000000000000000000, 0.000000000000000000 ) ) ;
#3922 = CARTESIAN_POINT ( 'NONE',  ( 29.90086864691863866, 0.000000000000000000, -16.54828104322998783 ) ) ;
#3923 = ORIENTED_EDGE ( 'NONE', *, *, #285, .T. ) ;
#3924 = DIRECTION ( 'NONE',  ( 0.000000000000000000, 1.000000000000000000, 0.000000000000000000 ) ) ;
#3925 = EDGE_CURVE ( 'NONE', #3122, #1024, #1557, .T. ) ;
#3926 = DIRECTION ( 'NONE',  ( 0.000000000000000000, -0.000000000000000000, 1.000000000000000000 ) ) ;
#3927 = DIRECTION ( 'NONE',  ( -1.000000000000000000, 0.000000000000000000, 7.228014483236695816E-17 ) ) ;
#3928 = VERTEX_POINT ( 'NONE', #2863 ) ;
#3929 = ORIENTED_EDGE ( 'NONE', *, *, #2406, .F. ) ;
#3930 = CARTESIAN_POINT ( 'NONE',  ( 10.17857998249390938, -17.49999999999999645, 28.53116758618256554 ) ) ;
#3931 = EDGE_LOOP ( 'NONE', ( #2319, #1529, #1855, #2101 ) ) ;
#3932 = LINE ( 'NONE', #3269, #578 ) ;
#3933 = DIRECTION ( 'NONE',  ( 2.438418234149393189E-16, 0.5372996083468217776, 0.8433914458128869418 ) ) ;
#3934 = VERTEX_POINT ( 'NONE', #4119 ) ;
#3935 = CARTESIAN_POINT ( 'NONE',  ( 21.99999999999996803, -4.000000000000000000, -8.647412396311322524 ) ) ;
#3936 = CARTESIAN_POINT ( 'NONE',  ( -41.49999999999995737, 0.000000000000000000, 44.50000000000000000 ) ) ;
#3937 = EDGE_CURVE ( 'NONE', #4127, #3076, #2527, .T. ) ;
#3938 = EDGE_LOOP ( 'NONE', ( #324, #1047, #2811, #1687, #3481, #1355, #3842, #3285 ) ) ;
#3939 = CYLINDRICAL_SURFACE ( 'NONE', #3368, 3.500000000000003109 ) ;
#3940 = DIRECTION ( 'NONE',  ( 0.000000000000000000, 0.000000000000000000, -1.000000000000000000 ) ) ;
#3941 = DIRECTION ( 'NONE',  ( 0.000000000000000000, -1.000000000000000000, 0.000000000000000000 ) ) ;
#3942 = ADVANCED_FACE ( 'NONE', ( #641 ), #581, .F. ) ;
#3943 = MANIFOLD_SOLID_BREP ( 'Fillet7', #3823 ) ;
#3944 = ORIENTED_EDGE ( 'NONE', *, *, #4078, .T. ) ;
#3945 = DIRECTION ( 'NONE',  ( -2.168404344971018236E-16, -0.000000000000000000, -1.000000000000000000 ) ) ;
#3946 = ORIENTED_EDGE ( 'NONE', *, *, #1718, .T. ) ;
#3947 = DIRECTION ( 'NONE',  ( -0.000000000000000000, -1.000000000000000000, -0.000000000000000000 ) ) ;
#3948 = DIRECTION ( 'NONE',  ( -0.4733061507711229798, 0.7429418384264315778, 0.4733061507711229243 ) ) ;
#3949 = ORIENTED_EDGE ( 'NONE', *, *, #3687, .T. ) ;
#3950 = CARTESIAN_POINT ( 'NONE',  ( -21.00000000000000355, -4.000000000000000000, -8.000000000000000000 ) ) ;
#3951 = DIRECTION ( 'NONE',  ( -0.000000000000000000, 1.000000000000000000, -0.000000000000000000 ) ) ;
#3952 = CARTESIAN_POINT ( 'NONE',  ( -21.00000000000000355, -7.000000000000000000, -8.000000000000000000 ) ) ;
#3953 = CARTESIAN_POINT ( 'NONE',  ( -33.00000000000000000, -4.000000000000000000, -18.00000000000001066 ) ) ;
#3954 = EDGE_LOOP ( 'NONE', ( #3527, #3720, #1863, #1438 ) ) ;
#3955 = DIRECTION ( 'NONE',  ( 0.000000000000000000, 0.000000000000000000, 1.000000000000000000 ) ) ;
#3956 = VECTOR ( 'NONE', #3966, 1000.000000000000000 ) ;
#3957 = DIRECTION ( 'NONE',  ( -0.8433914458128869418, -0.5372996083468221107, 0.000000000000000000 ) ) ;
#3958 = ORIENTED_EDGE ( 'NONE', *, *, #906, .F. ) ;
#3959 = DIRECTION ( 'NONE',  ( 0.000000000000000000, 1.000000000000000000, 0.000000000000000000 ) ) ;
#3960 = AXIS2_PLACEMENT_3D ( 'NONE', #2687, #2710, #3382 ) ;
#3961 = EDGE_CURVE ( 'NONE', #1596, #3655, #259, .T. ) ;
#3962 = CARTESIAN_POINT ( 'NONE',  ( -21.32730954662499911, 0.000000000000000000, 38.64052665499922057 ) ) ;
#3963 = DIRECTION ( 'NONE',  ( 0.000000000000000000, 0.000000000000000000, -1.000000000000000000 ) ) ;
#3964 = VECTOR ( 'NONE', #3727, 1000.000000000000000 ) ;
#3965 = ORIENTED_EDGE ( 'NONE', *, *, #38, .F. ) ;
#3966 = DIRECTION ( 'NONE',  ( -0.000000000000000000, 1.000000000000000000, -0.000000000000000000 ) ) ;
#3967 = AXIS2_PLACEMENT_3D ( 'NONE', #3170, #3404, #600 ) ;
#3968 = EDGE_CURVE ( 'NONE', #1232, #3934, #2504, .T. ) ;
#3969 = VERTEX_POINT ( 'NONE', #911 ) ;
#3970 = EDGE_CURVE ( 'NONE', #3624, #992, #945, .T. ) ;
#3971 = CARTESIAN_POINT ( 'NONE',  ( 29.00000000000000355, -4.000000000000000000, -8.000000000000000000 ) ) ;
#3972 = CARTESIAN_POINT ( 'NONE',  ( 26.31321710837424632, -4.000000000000000000, -13.99999999999999822 ) ) ;
#3973 = VECTOR ( 'NONE', #2831, 999.9999999999998863 ) ;
#3974 = EDGE_CURVE ( 'NONE', #3004, #82, #773, .T. ) ;
#3975 = VECTOR ( 'NONE', #1301, 1000.000000000000000 ) ;
#3976 = ORIENTED_EDGE ( 'NONE', *, *, #387, .F. ) ;
#3977 = AXIS2_PLACEMENT_3D ( 'NONE', #575, #594, #613 ) ;
#3978 = LINE ( 'NONE', #3740, #3850 ) ;
#3979 = CARTESIAN_POINT ( 'NONE',  ( 0.000000000000000000, -4.000000000000000000, -5.204170427930421283E-15 ) ) ;
#3980 = FACE_OUTER_BOUND ( 'NONE', #4142, .T. ) ;
#3981 =( GEOMETRIC_REPRESENTATION_CONTEXT ( 3 ) GLOBAL_UNCERTAINTY_ASSIGNED_CONTEXT ( ( #608 ) ) GLOBAL_UNIT_ASSIGNED_CONTEXT ( ( #1998, #110, #2331 ) ) REPRESENTATION_CONTEXT ( 'NONE', 'WORKASPACE' ) );
#3982 = CARTESIAN_POINT ( 'NONE',  ( -41.49999999999995737, 0.000000000000000000, 47.50000000000001421 ) ) ;
#3983 = CIRCLE ( 'NONE', #3581, 3.000000000000002665 ) ;
#3984 = ORIENTED_EDGE ( 'NONE', *, *, #3843, .T. ) ;
#3985 = DIRECTION ( 'NONE',  ( 0.000000000000000000, 0.000000000000000000, 1.000000000000000000 ) ) ;
#3986 = CIRCLE ( 'NONE', #1242, 3.000000000000002665 ) ;
#3987 = CARTESIAN_POINT ( 'NONE',  ( -2.000000000000001776, -0.2000000000000000111, -12.99999999999999822 ) ) ;
#3988 = VERTEX_POINT ( 'NONE', #2565 ) ;
#3989 = DIRECTION ( 'NONE',  ( 0.000000000000000000, 0.000000000000000000, 1.000000000000000000 ) ) ;
#3990 = PLANE ( 'NONE',  #1971 ) ;
#3991 = DIRECTION ( 'NONE',  ( -0.000000000000000000, 1.000000000000000000, -0.000000000000000000 ) ) ;
#3992 = CARTESIAN_POINT ( 'NONE',  ( -21.00000000000000355, -7.000000000000000000, -14.00000000000000000 ) ) ;
#3993 = ORIENTED_EDGE ( 'NONE', *, *, #3661, .F. ) ;
#3994 = CARTESIAN_POINT ( 'NONE',  ( 47.50000000000000000, -3.000000000000000000, -41.50000000000000000 ) ) ;
#3995 = ORIENTED_EDGE ( 'NONE', *, *, #1571, .F. ) ;
#3996 = DIRECTION ( 'NONE',  ( 0.000000000000000000, 0.000000000000000000, -1.000000000000000000 ) ) ;
#3997 = LINE ( 'NONE', #500, #1436 ) ;
#3998 = EDGE_CURVE ( 'NONE', #1914, #2563, #3833, .T. ) ;
#3999 = ORIENTED_EDGE ( 'NONE', *, *, #1815, .F. ) ;
#4000 = CARTESIAN_POINT ( 'NONE',  ( -44.49999999999999289, -3.000000000000000000, -44.50000000000000000 ) ) ;
#4001 = ADVANCED_FACE ( 'NONE', ( #3214 ), #2896, .T. ) ;
#4002 = CYLINDRICAL_SURFACE ( 'NONE', #3562, 2.000000000000000000 ) ;
#4003 = CARTESIAN_POINT ( 'NONE',  ( -3.000000000000001776, -0.2000000000000000111, -12.99999999999999112 ) ) ;
#4004 = ORIENTED_EDGE ( 'NONE', *, *, #1101, .T. ) ;
#4005 = CARTESIAN_POINT ( 'NONE',  ( -46.60000000000002984, -6.000000000000000000, 44.49999999999998579 ) ) ;
#4006 = CARTESIAN_POINT ( 'NONE',  ( -22.00000000000000000, -4.000000000000000000, -9.686782891625751901 ) ) ;
#4007 = ORIENTED_EDGE ( 'NONE', *, *, #2543, .T. ) ;
#4008 = CARTESIAN_POINT ( 'NONE',  ( -33.00000000000000000, -7.000000000000000000, -18.00000000000001066 ) ) ;
#4009 = CYLINDRICAL_SURFACE ( 'NONE', #231, 2.000000000000000444 ) ;
#4010 = CARTESIAN_POINT ( 'NONE',  ( -15.24068116371769399, -5.831774792516410066, 3.759318836282302456 ) ) ;
#4011 = CARTESIAN_POINT ( 'NONE',  ( 0.000000000000000000, -4.000000000000000000, 0.000000000000000000 ) ) ;
#4012 = EDGE_LOOP ( 'NONE', ( #898, #557, #1714, #3032 ) ) ;
#4013 = LINE ( 'NONE', #1410, #351 ) ;
#4014 = ORIENTED_EDGE ( 'NONE', *, *, #1577, .F. ) ;
#4015 = CARTESIAN_POINT ( 'NONE',  ( -47.49999999999997158, 0.000000000000000000, 41.50000000000000000 ) ) ;
#4016 = DIRECTION ( 'NONE',  ( -0.4733061507711233684, -0.7429418384264316888, 0.4733061507711224247 ) ) ;
#4017 = ORIENTED_EDGE ( 'NONE', *, *, #876, .F. ) ;
#4018 = EDGE_CURVE ( 'NONE', #2799, #690, #2584, .T. ) ;
#4019 = CARTESIAN_POINT ( 'NONE',  ( -33.00000000000000000, -7.000000000000000000, -18.00000000000001066 ) ) ;
#4020 = FACE_OUTER_BOUND ( 'NONE', #2965, .T. ) ;
#4021 = CARTESIAN_POINT ( 'NONE',  ( 30.54828104322998783, 0.000000000000000000, -7.138501848395784499 ) ) ;
#4022 = ORIENTED_EDGE ( 'NONE', *, *, #2596, .F. ) ;
#4023 = EDGE_CURVE ( 'NONE', #778, #2607, #713, .T. ) ;
#4024 = DIRECTION ( 'NONE',  ( 0.000000000000000000, 1.000000000000000000, 0.000000000000000000 ) ) ;
#4025 = CARTESIAN_POINT ( 'NONE',  ( 19.00000000000000355, -4.000000000000000000, -16.00000000000000000 ) ) ;
#4026 = ORIENTED_EDGE ( 'NONE', *, *, #431, .F. ) ;
#4027 = LINE ( 'NONE', #3044, #1632 ) ;
#4028 = VECTOR ( 'NONE', #2952, 1000.000000000000000 ) ;
#4029 = EDGE_CURVE ( 'NONE', #1879, #108, #2954, .T. ) ;
#4030 = DIRECTION ( 'NONE',  ( 1.000000000000000000, 0.000000000000000000, -0.000000000000000000 ) ) ;
#4031 = CARTESIAN_POINT ( 'NONE',  ( -2.000000000000001776, -0.2000000000000000111, -12.99999999999999822 ) ) ;
#4032 = CARTESIAN_POINT ( 'NONE',  ( 28.00000000000000000, -4.000000000000000000, -12.31321710837424632 ) ) ;
#4033 = VERTEX_POINT ( 'NONE', #3567 ) ;
#4034 = VECTOR ( 'NONE', #3533, 1000.000000000000000 ) ;
#4035 = ORIENTED_EDGE ( 'NONE', *, *, #3681, .T. ) ;
#4036 = AXIS2_PLACEMENT_3D ( 'NONE', #2868, #893, #1207 ) ;
#4037 = LINE ( 'NONE', #3055, #2502 ) ;
#4038 = CARTESIAN_POINT ( 'NONE',  ( 41.49999999999995737, -3.000000000000000000, 44.50000000000000000 ) ) ;
#4039 = AXIS2_PLACEMENT_3D ( 'NONE', #456, #643, #363 ) ;
#4040 = VERTEX_POINT ( 'NONE', #2977 ) ;
#4041 = VECTOR ( 'NONE', #505, 1000.000000000000000 ) ;
#4042 = LINE ( 'NONE', #545, #3172 ) ;
#4043 = LINE ( 'NONE', #1171, #213 ) ;
#4044 = DIRECTION ( 'NONE',  ( -0.000000000000000000, 1.000000000000000000, -0.000000000000000000 ) ) ;
#4045 = CIRCLE ( 'NONE', #3907, 1.550000000000002709 ) ;
#4046 = AXIS2_PLACEMENT_3D ( 'NONE', #3333, #1109, #550 ) ;
#4047 = ORIENTED_EDGE ( 'NONE', *, *, #870, .T. ) ;
#4048 = DIRECTION ( 'NONE',  ( -2.952720810173288619E-16, 0.000000000000000000, 1.000000000000000000 ) ) ;
#4049 = LINE ( 'NONE', #1177, #902 ) ;
#4050 = VECTOR ( 'NONE', #1953, 1000.000000000000000 ) ;
#4051 = AXIS2_PLACEMENT_3D ( 'NONE', #3950, #2682, #3243 ) ;
#4052 = ORIENTED_EDGE ( 'NONE', *, *, #202, .F. ) ;
#4053 = FACE_OUTER_BOUND ( 'NONE', #3282, .T. ) ;
#4054 = EDGE_CURVE ( 'NONE', #3639, #2925, #3729, .T. ) ;
#4055 =( BOUNDED_CURVE ( )  B_SPLINE_CURVE ( 3, ( #3679, #3374, #182, #1170 ),
 .UNSPECIFIED., .F., .F. ) 
 B_SPLINE_CURVE_WITH_KNOTS ( ( 4, 4 ),
 ( 5.644216746759609826, 6.922153867599562638 ),
 .UNSPECIFIED. ) 
 CURVE ( )  GEOMETRIC_REPRESENTATION_ITEM ( )  RATIONAL_B_SPLINE_CURVE ( ( 1.000000000000000000, 0.8684742014189967829, 0.8684742014189967829, 1.000000000000000000 ) ) 
 REPRESENTATION_ITEM ( '' )  );
#4056 = ADVANCED_FACE ( 'NONE', ( #683 ), #65, .T. ) ;
#4057 = VECTOR ( 'NONE', #1449, 1000.000000000000000 ) ;
#4058 = DIRECTION ( 'NONE',  ( 0.000000000000000000, -0.5372996083468217776, 0.8433914458128870528 ) ) ;
#4059 = CARTESIAN_POINT ( 'NONE',  ( -47.50000000000000000, -4.000000000000000000, 47.49999999999998579 ) ) ;
#4060 = CARTESIAN_POINT ( 'NONE',  ( -47.50000000000000000, 0.000000000000000000, -41.50000000000000000 ) ) ;
#4061 = ORIENTED_EDGE ( 'NONE', *, *, #2158, .T. ) ;
#4062 = CARTESIAN_POINT ( 'NONE',  ( 47.49999999999998579, -4.000000000000000000, -47.50000000000001421 ) ) ;
#4063 = AXIS2_PLACEMENT_3D ( 'NONE', #661, #2541, #2190 ) ;
#4064 = EDGE_CURVE ( 'NONE', #2292, #1850, #1048, .T. ) ;
#4065 = ORIENTED_EDGE ( 'NONE', *, *, #743, .F. ) ;
#4066 = LINE ( 'NONE', #2552, #1495 ) ;
#4067 = CARTESIAN_POINT ( 'NONE',  ( -44.50000000000000000, -5.000000000000000000, 46.59999999999997300 ) ) ;
#4068 = FACE_OUTER_BOUND ( 'NONE', #4012, .T. ) ;
#4069 = EDGE_LOOP ( 'NONE', ( #3532, #391, #1269, #3476 ) ) ;
#4070 = LINE ( 'NONE', #1194, #2435 ) ;
#4071 = CARTESIAN_POINT ( 'NONE',  ( 29.00000000000000355, -4.000000000000000000, -6.000000000000000000 ) ) ;
#4072 = CARTESIAN_POINT ( 'NONE',  ( -21.13850184839578006, 0.000000000000000000, -16.54828104322998783 ) ) ;
#4073 = ORIENTED_EDGE ( 'NONE', *, *, #1973, .T. ) ;
#4074 = DIRECTION ( 'NONE',  ( -1.000000000000000000, 0.000000000000000000, 0.000000000000000000 ) ) ;
#4075 = CARTESIAN_POINT ( 'NONE',  ( 3.499999999999998668, 0.000000000000000000, -12.99999999999998579 ) ) ;
#4076 = VERTEX_POINT ( 'NONE', #1645 ) ;
#4077 = CYLINDRICAL_SURFACE ( 'NONE', #1094, 1.550000000000002709 ) ;
#4078 = EDGE_CURVE ( 'NONE', #416, #2422, #418, .T. ) ;
#4079 = CARTESIAN_POINT ( 'NONE',  ( -44.49999999999996447, -3.000000000000000000, 44.50000000000000000 ) ) ;
#4080 = CARTESIAN_POINT ( 'NONE',  ( 10.17857998249391294, -17.49999999999999645, 10.50820290913185850 ) ) ;
#4081 = ORIENTED_EDGE ( 'NONE', *, *, #3413, .F. ) ;
#4082 = CYLINDRICAL_SURFACE ( 'NONE', #2164, 2.000000000000000444 ) ;
#4083 = EDGE_LOOP ( 'NONE', ( #2935, #282, #3808, #1662 ) ) ;
#4084 = ADVANCED_FACE ( 'NONE', ( #106 ), #2591, .T. ) ;
#4085 = CARTESIAN_POINT ( 'NONE',  ( -20.09913135308135779, 0.000000000000000000, -5.451718956770009505 ) ) ;
#4086 = LINE ( 'NONE', #2512, #1977 ) ;
#4087 = VERTEX_POINT ( 'NONE', #1994 ) ;
#4088 = ORIENTED_EDGE ( 'NONE', *, *, #2445, .T. ) ;
#4089 = CARTESIAN_POINT ( 'NONE',  ( 41.49999999999998579, -3.000000000000000000, -47.50000000000001421 ) ) ;
#4090 = LINE ( 'NONE', #1213, #1756 ) ;
#4091 = ORIENTED_EDGE ( 'NONE', *, *, #1515, .F. ) ;
#4092 = DIRECTION ( 'NONE',  ( 0.000000000000000000, 1.000000000000000000, 0.000000000000000000 ) ) ;
#4093 = CARTESIAN_POINT ( 'NONE',  ( 3.499999999999998224, -0.2000000000000000111, -9.000000000000007105 ) ) ;
#4094 = VERTEX_POINT ( 'NONE', #3621 ) ;
#4095 = SURFACE_STYLE_USAGE ( .BOTH. , #3773 ) ;
#4096 = CARTESIAN_POINT ( 'NONE',  ( 30.54828104322998783, 0.000000000000000000, -14.86149815160421461 ) ) ;
#4097 = CARTESIAN_POINT ( 'NONE',  ( -31.00000000000000355, -7.000000000000000000, -16.00000000000000000 ) ) ;
#4098 = EDGE_LOOP ( 'NONE', ( #412, #1592, #1222, #2976, #1880, #1527, #1014, #2893 ) ) ;
#4099 = CARTESIAN_POINT ( 'NONE',  ( -33.00000000000000000, -4.000000000000000000, -18.00000000000001066 ) ) ;
#4100 = EDGE_CURVE ( 'NONE', #579, #3464, #3233, .T. ) ;
#4101 = EDGE_LOOP ( 'NONE', ( #3659, #4123, #3470, #1246 ) ) ;
#4102 = CARTESIAN_POINT ( 'NONE',  ( -44.49999999999999289, -5.000000000000000888, -44.50000000000000000 ) ) ;
#4103 = LINE ( 'NONE', #1838, #774 ) ;
#4104 = VECTOR ( 'NONE', #3005, 1000.000000000000000 ) ;
#4105 = ORIENTED_EDGE ( 'NONE', *, *, #3961, .F. ) ;
#4106 = ADVANCED_FACE ( 'NONE', ( #1680 ), #760, .T. ) ;
#4107 = ADVANCED_FACE ( 'NONE', ( #724 ), #2938, .F. ) ;
#4108 = EDGE_LOOP ( 'NONE', ( #1396, #3884, #2813, #1252, #3771, #385, #3787, #2199 ) ) ;
#4109 = DIRECTION ( 'NONE',  ( -0.000000000000000000, -1.000000000000000000, -0.000000000000000000 ) ) ;
#4110 = CIRCLE ( 'NONE', #4036, 3.500000000000003109 ) ;
#4111 = EDGE_CURVE ( 'NONE', #61, #476, #2112, .T. ) ;
#4112 = VERTEX_POINT ( 'NONE', #1340 ) ;
#4113 = CIRCLE ( 'NONE', #496, 2.099999999999997868 ) ;
#4114 = CARTESIAN_POINT ( 'NONE',  ( 14.89955147909884658, -17.49999999999999645, 4.100448520901167626 ) ) ;
#4115 = CARTESIAN_POINT ( 'NONE',  ( 47.49999999999998579, -6.000000000000000000, -44.50000000000001421 ) ) ;
#4116 = VERTEX_POINT ( 'NONE', #3603 ) ;
#4117 = VECTOR ( 'NONE', #3077, 1000.000000000000000 ) ;
#4118 = AXIS2_PLACEMENT_3D ( 'NONE', #2651, #3921, #2326 ) ;
#4119 = CARTESIAN_POINT ( 'NONE',  ( 43.50000000000000000, -4.000000000000000000, 39.99999999999997868 ) ) ;
#4120 = AXIS2_PLACEMENT_3D ( 'NONE', #274, #1197, #3479 ) ;
#4121 = CARTESIAN_POINT ( 'NONE',  ( -31.00000000000000355, -7.000000000000000000, -6.000000000000000000 ) ) ;
#4122 = CARTESIAN_POINT ( 'NONE',  ( 21.32730954662499201, 0.000000000000000000, -0.6405266549992204572 ) ) ;
#4123 = ORIENTED_EDGE ( 'NONE', *, *, #906, .T. ) ;
#4124 = DIRECTION ( 'NONE',  ( -1.000000000000000000, -0.000000000000000000, -0.000000000000000000 ) ) ;
#4125 = AXIS2_PLACEMENT_3D ( 'NONE', #3819, #1923, #3904 ) ;
#4126 = ADVANCED_BREP_SHAPE_REPRESENTATION ( 'Lid', ( #3943, #3848 ), #3981 ) ;
#4127 = VERTEX_POINT ( 'NONE', #3289 ) ;
#4128 = CARTESIAN_POINT ( 'NONE',  ( 30.92615197463912224, 0.5931385510448714538, -6.760630916986651862 ) ) ;
#4129 = CARTESIAN_POINT ( 'NONE',  ( -23.50000000000000711, -4.000000000000000000, 42.50000000000000711 ) ) ;
#4130 = VECTOR ( 'NONE', #3505, 1000.000000000000000 ) ;
#4131 = EDGE_CURVE ( 'NONE', #1447, #1394, #2451, .T. ) ;
#4132 = ORIENTED_EDGE ( 'NONE', *, *, #1694, .T. ) ;
#4133 = DIRECTION ( 'NONE',  ( 1.000000000000000000, 0.000000000000000000, 0.000000000000000000 ) ) ;
#4134 = VERTEX_POINT ( 'NONE', #2668 ) ;
#4135 = EDGE_CURVE ( 'NONE', #2925, #1600, #1724, .T. ) ;
#4136 = DIRECTION ( 'NONE',  ( 2.891205793294678819E-16, 0.000000000000000000, -1.000000000000000000 ) ) ;
#4137 = ORIENTED_EDGE ( 'NONE', *, *, #1491, .T. ) ;
#4138 = CARTESIAN_POINT ( 'NONE',  ( -44.50000000000001421, -5.000000000000000000, -46.60000000000001563 ) ) ;
#4139 = EDGE_CURVE ( 'NONE', #820, #509, #655, .T. ) ;
#4140 = DIRECTION ( 'NONE',  ( 0.000000000000000000, 0.000000000000000000, -1.000000000000000000 ) ) ;
#4141 = ORIENTED_EDGE ( 'NONE', *, *, #1073, .F. ) ;
#4142 = EDGE_LOOP ( 'NONE', ( #2192, #1248, #2932, #2386 ) ) ;
#4143 = SURFACE_STYLE_FILL_AREA ( #3131 ) ;
#4144 = LINE ( 'NONE', #3150, #1832 ) ;
#4145 = EDGE_LOOP ( 'NONE', ( #1050, #2691, #793, #796 ) ) ;
#4146 = LINE ( 'NONE', #4099, #3497 ) ;
#4147 = EDGE_LOOP ( 'NONE', ( #3398, #2281, #3213, #1727, #3899, #3143, #2320, #712 ) ) ;
#4148 = FACE_OUTER_BOUND ( 'NONE', #409, .T. ) ;
#4149 = FACE_OUTER_BOUND ( 'NONE', #2806, .T. ) ;
#4150 = VERTEX_POINT ( 'NONE', #2040 ) ;
#4151 = ORIENTED_EDGE ( 'NONE', *, *, #1496, .T. ) ;
ENDSEC;
END-ISO-10303-21;
