ISO-10303-21;
HEADER;
FILE_DESCRIPTION (( 'STEP AP214' ),
    '1' );
FILE_NAME ('Mid Tray.STEP',
    '2026-01-09T12:25:53',
    ( '' ),
    ( '' ),
    'SwSTEP 2.0',
    'SolidWorks 2024',
    '' );
FILE_SCHEMA (( 'AUTOMOTIVE_DESIGN' ));
ENDSEC;

DATA;
#1 = CIRCLE ( 'NONE', #778, 3.500000000000003109 ) ;
#2 = AXIS2_PLACEMENT_3D ( 'NONE', #1283, #1596, #574 ) ;
#3 = ADVANCED_FACE ( 'NONE', ( #115 ), #1844, .F. ) ;
#4 = PLANE ( 'NONE',  #2615 ) ;
#5 = CARTESIAN_POINT ( 'NONE',  ( 46.50000000000000000, 0.000000000000000000, -44.50000000000001421 ) ) ;
#6 = AXIS2_PLACEMENT_3D ( 'NONE', #2249, #1054, #1474 ) ;
#7 = CARTESIAN_POINT ( 'NONE',  ( -35.00000000000000000, -24.00000000000000355, 43.49999999999999289 ) ) ;
#8 = ORIENTED_EDGE ( 'NONE', *, *, #4036, .T. ) ;
#9 = CIRCLE ( 'NONE', #4006, 1.000000000000000888 ) ;
#10 = ADVANCED_FACE ( 'NONE', ( #2327 ), #3361, .F. ) ;
#11 = DIRECTION ( 'NONE',  ( 0.000000000000000000, 0.000000000000000000, -1.000000000000000000 ) ) ;
#12 = ADVANCED_FACE ( 'NONE', ( #65 ), #87, .T. ) ;
#13 = DIRECTION ( 'NONE',  ( 0.000000000000000000, 0.000000000000000000, 1.000000000000000000 ) ) ;
#14 = DIRECTION ( 'NONE',  ( 0.000000000000000000, 1.000000000000000000, 0.000000000000000000 ) ) ;
#15 = EDGE_LOOP ( 'NONE', ( #218, #2089, #263, #772 ) ) ;
#16 = ORIENTED_EDGE ( 'NONE', *, *, #2837, .F. ) ;
#17 = EDGE_CURVE ( 'NONE', #3412, #815, #4483, .T. ) ;
#18 = CARTESIAN_POINT ( 'NONE',  ( 23.99999999999998224, 55.99999999999995026, -46.50000000000001421 ) ) ;
#19 = CIRCLE ( 'NONE', #4389, 2.000000000000000000 ) ;
#20 = VERTEX_POINT ( 'NONE', #3342 ) ;
#21 = CARTESIAN_POINT ( 'NONE',  ( -46.70000000000000995, -36.00000000000000711, -44.50000000000001421 ) ) ;
#22 = VERTEX_POINT ( 'NONE', #1938 ) ;
#23 = CIRCLE ( 'NONE', #3475, 2.000000000000001776 ) ;
#24 = CARTESIAN_POINT ( 'NONE',  ( 43.50000000000000000, -24.00000000000000355, -34.99999999999999289 ) ) ;
#25 = AXIS2_PLACEMENT_3D ( 'NONE', #4417, #1437, #2932 ) ;
#26 = CARTESIAN_POINT ( 'NONE',  ( 47.30000000000000426, -16.00000000000000000, 34.99999999999999289 ) ) ;
#27 = VECTOR ( 'NONE', #4360, 1000.000000000000000 ) ;
#28 = CARTESIAN_POINT ( 'NONE',  ( 39.50000000000000000, -24.00000000000000355, 0.000000000000000000 ) ) ;
#29 = CARTESIAN_POINT ( 'NONE',  ( 46.50000000000000000, -1.000000000000000000, -44.50000000000001421 ) ) ;
#30 = VECTOR ( 'NONE', #908, 1000.000000000000000 ) ;
#31 = CARTESIAN_POINT ( 'NONE',  ( -47.50000000000000000, -26.00000000000000355, 35.00000000000000000 ) ) ;
#32 = CARTESIAN_POINT ( 'NONE',  ( -44.49999999999999289, 0.000000000000000000, -44.50000000000000000 ) ) ;
#33 = EDGE_CURVE ( 'NONE', #2828, #3548, #1505, .T. ) ;
#34 = VERTEX_POINT ( 'NONE', #2977 ) ;
#35 = AXIS2_PLACEMENT_3D ( 'NONE', #4214, #4576, #2756 ) ;
#36 = DIRECTION ( 'NONE',  ( 0.000000000000000000, 0.000000000000000000, -1.000000000000000000 ) ) ;
#37 = DIRECTION ( 'NONE',  ( 0.000000000000000000, 0.000000000000000000, 1.000000000000000000 ) ) ;
#38 = FACE_OUTER_BOUND ( 'NONE', #1636, .T. ) ;
#39 = CARTESIAN_POINT ( 'NONE',  ( -40.00000000000000000, -13.99999999999999822, 0.000000000000000000 ) ) ;
#40 = AXIS2_PLACEMENT_3D ( 'NONE', #3785, #491, #1958 ) ;
#41 = EDGE_CURVE ( 'NONE', #1365, #3404, #1994, .T. ) ;
#42 = VERTEX_POINT ( 'NONE', #3478 ) ;
#43 = EDGE_LOOP ( 'NONE', ( #3848, #2437 ) ) ;
#44 = CARTESIAN_POINT ( 'NONE',  ( -47.49999999999998579, -5.999999999999991118, -36.00000000000001421 ) ) ;
#45 = DIRECTION ( 'NONE',  ( 0.000000000000000000, 0.000000000000000000, 1.000000000000000000 ) ) ;
#46 = CARTESIAN_POINT ( 'NONE',  ( 43.50000000000000000, -24.00000000000000355, -34.99999999999999289 ) ) ;
#47 = EDGE_CURVE ( 'NONE', #3495, #3968, #4222, .T. ) ;
#48 = EDGE_LOOP ( 'NONE', ( #4493, #2103, #3774, #265 ) ) ;
#49 = CARTESIAN_POINT ( 'NONE',  ( -41.49999999999998579, -24.00000000000000355, -34.99999999999999289 ) ) ;
#50 = CARTESIAN_POINT ( 'NONE',  ( -44.50000000000000000, -36.00000000000000711, 46.69999999999998863 ) ) ;
#51 = ORIENTED_EDGE ( 'NONE', *, *, #2167, .T. ) ;
#52 = CARTESIAN_POINT ( 'NONE',  ( 47.49999999999998579, -15.99999999999999289, -36.00000000000001421 ) ) ;
#53 = DIRECTION ( 'NONE',  ( 0.000000000000000000, 0.000000000000000000, 1.000000000000000000 ) ) ;
#54 = CARTESIAN_POINT ( 'NONE',  ( -44.50000000000001421, -36.00000000000000711, -44.50000000000001421 ) ) ;
#55 = CARTESIAN_POINT ( 'NONE',  ( -40.00000000000000000, -24.00000000000000355, -40.00000000000000000 ) ) ;
#56 = ORIENTED_EDGE ( 'NONE', *, *, #1304, .T. ) ;
#57 = CARTESIAN_POINT ( 'NONE',  ( -47.50000000000001421, -36.00000000000000711, -44.50000000000001421 ) ) ;
#58 = EDGE_CURVE ( 'NONE', #2393, #1358, #2011, .T. ) ;
#59 = DIRECTION ( 'NONE',  ( 0.000000000000000000, -1.000000000000000000, 0.000000000000000000 ) ) ;
#60 = DIRECTION ( 'NONE',  ( 1.000000000000000000, 0.000000000000000000, -1.460819769243627131E-16 ) ) ;
#61 = VERTEX_POINT ( 'NONE', #1963 ) ;
#62 = ORIENTED_EDGE ( 'NONE', *, *, #4060, .T. ) ;
#63 = CARTESIAN_POINT ( 'NONE',  ( 40.00000000000000000, -13.99999999999999822, 40.00000000000000000 ) ) ;
#64 = ADVANCED_FACE ( 'NONE', ( #132 ), #4603, .F. ) ;
#65 = FACE_OUTER_BOUND ( 'NONE', #1903, .T. ) ;
#66 = PLANE ( 'NONE',  #2711 ) ;
#67 = ORIENTED_EDGE ( 'NONE', *, *, #541, .F. ) ;
#68 = EDGE_CURVE ( 'NONE', #998, #3318, #3525, .T. ) ;
#69 = DIRECTION ( 'NONE',  ( 1.000000000000000000, -0.000000000000000000, 1.460819769243627131E-16 ) ) ;
#70 = CARTESIAN_POINT ( 'NONE',  ( -40.00000000000000000, -24.00000000000000355, 0.000000000000000000 ) ) ;
#71 = ORIENTED_EDGE ( 'NONE', *, *, #2626, .F. ) ;
#72 = CIRCLE ( 'NONE', #773, 1.050000000000002265 ) ;
#73 = DIRECTION ( 'NONE',  ( 0.000000000000000000, 0.000000000000000000, 1.000000000000000000 ) ) ;
#74 = DIRECTION ( 'NONE',  ( 0.000000000000000000, -1.000000000000000000, 0.000000000000000000 ) ) ;
#75 = CARTESIAN_POINT ( 'NONE',  ( 41.49999999999999289, -14.00000000000000000, 35.00000000000000000 ) ) ;
#76 = CIRCLE ( 'NONE', #456, 1.000000000000000888 ) ;
#77 = VERTEX_POINT ( 'NONE', #2757 ) ;
#78 = AXIS2_PLACEMENT_3D ( 'NONE', #49, #2734, #4575 ) ;
#79 = CARTESIAN_POINT ( 'NONE',  ( -40.00000000000000000, -24.00000000000000355, 39.99999999999998579 ) ) ;
#80 = AXIS2_PLACEMENT_3D ( 'NONE', #2787, #518, #4633 ) ;
#81 = FACE_OUTER_BOUND ( 'NONE', #2737, .T. ) ;
#82 = DIRECTION ( 'NONE',  ( 0.000000000000000000, -1.000000000000000000, 0.000000000000000000 ) ) ;
#83 = ORIENTED_EDGE ( 'NONE', *, *, #3795, .T. ) ;
#84 = ORIENTED_EDGE ( 'NONE', *, *, #1654, .T. ) ;
#85 = CYLINDRICAL_SURFACE ( 'NONE', #922, 2.500000000000000000 ) ;
#86 = VECTOR ( 'NONE', #1715, 1000.000000000000000 ) ;
#87 = CYLINDRICAL_SURFACE ( 'NONE', #317, 3.000000000000002665 ) ;
#88 = CARTESIAN_POINT ( 'NONE',  ( 44.49999999999998579, 0.000000000000000000, -46.50000000000001421 ) ) ;
#89 = ORIENTED_EDGE ( 'NONE', *, *, #1185, .T. ) ;
#90 = EDGE_CURVE ( 'NONE', #3404, #1961, #2373, .T. ) ;
#91 = VECTOR ( 'NONE', #1323, 1000.000000000000000 ) ;
#92 = CARTESIAN_POINT ( 'NONE',  ( 39.50000000000000000, -24.00000000000000355, -2.500000000000000000 ) ) ;
#93 = DIRECTION ( 'NONE',  ( 0.000000000000000000, 0.000000000000000000, 1.000000000000000000 ) ) ;
#94 = VECTOR ( 'NONE', #1392, 1000.000000000000000 ) ;
#95 = EDGE_LOOP ( 'NONE', ( #1142, #3428, #3515, #2530 ) ) ;
#96 = EDGE_CURVE ( 'NONE', #77, #1689, #3450, .T. ) ;
#97 = EDGE_CURVE ( 'NONE', #3797, #2504, #1923, .T. ) ;
#98 = CIRCLE ( 'NONE', #2019, 1.050000000000002265 ) ;
#99 = DIRECTION ( 'NONE',  ( -1.000000000000000000, -0.000000000000000000, -1.460819769243627377E-16 ) ) ;
#100 = CARTESIAN_POINT ( 'NONE',  ( -43.50000000000000000, -24.00000000000000355, -4.499999999999997335 ) ) ;
#101 = LINE ( 'NONE', #1584, #2942 ) ;
#102 = AXIS2_PLACEMENT_3D ( 'NONE', #133, #3408, #910 ) ;
#103 = EDGE_CURVE ( 'NONE', #4223, #747, #4148, .T. ) ;
#104 = EDGE_LOOP ( 'NONE', ( #3088, #360, #515, #62 ) ) ;
#105 = AXIS2_PLACEMENT_3D ( 'NONE', #1979, #146, #4478 ) ;
#106 = CARTESIAN_POINT ( 'NONE',  ( 44.49999999999998579, -36.00000000000000711, -46.70000000000000995 ) ) ;
#107 = CARTESIAN_POINT ( 'NONE',  ( 35.00000000000000000, -24.00000000000000355, 43.50000000000000000 ) ) ;
#108 = CARTESIAN_POINT ( 'NONE',  ( -44.50000000000001421, 0.000000000000000000, 44.50000000000000000 ) ) ;
#109 = VERTEX_POINT ( 'NONE', #2401 ) ;
#110 = VECTOR ( 'NONE', #566, 1000.000000000000000 ) ;
#111 = EDGE_LOOP ( 'NONE', ( #2408, #430 ) ) ;
#112 = CARTESIAN_POINT ( 'NONE',  ( 23.99999999999999289, 0.000000000000000000, -46.50000000000001421 ) ) ;
#113 = AXIS2_PLACEMENT_3D ( 'NONE', #2204, #719, #694 ) ;
#114 = DIRECTION ( 'NONE',  ( 1.595148023886719315E-16, 0.000000000000000000, -1.000000000000000000 ) ) ;
#115 = FACE_OUTER_BOUND ( 'NONE', #4560, .T. ) ;
#116 = LINE ( 'NONE', #1576, #2411 ) ;
#117 = EDGE_LOOP ( 'NONE', ( #4466, #950, #938, #3411 ) ) ;
#118 = LINE ( 'NONE', #869, #3782 ) ;
#119 = ORIENTED_EDGE ( 'NONE', *, *, #1852, .T. ) ;
#120 = CARTESIAN_POINT ( 'NONE',  ( 37.00000000000000000, -24.00000000000000355, -39.50000000000000000 ) ) ;
#121 = CARTESIAN_POINT ( 'NONE',  ( 44.49999999999999289, 0.000000000000000000, 44.50000000000000000 ) ) ;
#122 = ADVANCED_FACE ( 'NONE', ( #3864 ), #4523, .T. ) ;
#123 = CARTESIAN_POINT ( 'NONE',  ( 47.29999999999999005, -25.99999999999999645, -36.00000000000002132 ) ) ;
#124 = ORIENTED_EDGE ( 'NONE', *, *, #2355, .F. ) ;
#125 = DIRECTION ( 'NONE',  ( -1.000000000000000000, -0.000000000000000000, -1.460819769243627377E-16 ) ) ;
#126 = EDGE_CURVE ( 'NONE', #561, #4263, #2038, .T. ) ;
#127 = DIRECTION ( 'NONE',  ( 0.000000000000000000, 0.000000000000000000, -1.000000000000000000 ) ) ;
#128 = CARTESIAN_POINT ( 'NONE',  ( -44.50000000000001421, -1.000000000000000000, -46.50000000000000000 ) ) ;
#129 = EDGE_LOOP ( 'NONE', ( #3961, #2980, #2908, #1152 ) ) ;
#130 = ORIENTED_EDGE ( 'NONE', *, *, #4100, .F. ) ;
#131 = DIRECTION ( 'NONE',  ( 1.559302000878028960E-16, -0.000000000000000000, 1.000000000000000000 ) ) ;
#132 = FACE_OUTER_BOUND ( 'NONE', #1777, .T. ) ;
#133 = CARTESIAN_POINT ( 'NONE',  ( -47.30000000000000426, -16.00000000000000000, 34.99999999999999289 ) ) ;
#134 = EDGE_LOOP ( 'NONE', ( #4072, #4393, #2159, #3039 ) ) ;
#135 = DIRECTION ( 'NONE',  ( 1.000000000000000000, 0.000000000000000000, -1.460819769243627131E-16 ) ) ;
#136 = VERTEX_POINT ( 'NONE', #2708 ) ;
#137 = DIRECTION ( 'NONE',  ( -1.000000000000000000, -0.000000000000000000, -1.460819769243627377E-16 ) ) ;
#138 = DIRECTION ( 'NONE',  ( 0.000000000000000000, 0.000000000000000000, -1.000000000000000000 ) ) ;
#139 = CARTESIAN_POINT ( 'NONE',  ( 43.49999999999999289, -24.00000000000000355, 43.49999999999998579 ) ) ;
#140 = EDGE_LOOP ( 'NONE', ( #4668, #3136, #3458, #676 ) ) ;
#141 = VECTOR ( 'NONE', #542, 1000.000000000000000 ) ;
#142 = EDGE_LOOP ( 'NONE', ( #1592, #226, #3097, #2165, #4453, #4386, #2759, #4662 ) ) ;
#143 = EDGE_CURVE ( 'NONE', #356, #307, #207, .T. ) ;
#144 = CARTESIAN_POINT ( 'NONE',  ( -43.49999999999999289, 0.000000000000000000, -39.99999999999999289 ) ) ;
#145 = CARTESIAN_POINT ( 'NONE',  ( 43.50000000000000000, -14.00000000000000000, -39.99999999999999289 ) ) ;
#146 = DIRECTION ( 'NONE',  ( 0.000000000000000000, -1.000000000000000000, 0.000000000000000000 ) ) ;
#147 = ORIENTED_EDGE ( 'NONE', *, *, #1024, .F. ) ;
#148 = ORIENTED_EDGE ( 'NONE', *, *, #891, .F. ) ;
#149 = EDGE_CURVE ( 'NONE', #42, #3887, #1389, .T. ) ;
#150 = CIRCLE ( 'NONE', #4073, 2.000000000000001776 ) ;
#151 = AXIS2_PLACEMENT_3D ( 'NONE', #1058, #2526, #749 ) ;
#152 = ADVANCED_FACE ( 'NONE', ( #2349 ), #965, .F. ) ;
#153 = DIRECTION ( 'NONE',  ( 0.000000000000000000, 0.000000000000000000, -1.000000000000000000 ) ) ;
#154 = DIRECTION ( 'NONE',  ( -0.000000000000000000, -1.000000000000000000, -0.000000000000000000 ) ) ;
#155 = DIRECTION ( 'NONE',  ( 0.000000000000000000, 0.000000000000000000, 1.000000000000000000 ) ) ;
#156 = AXIS2_PLACEMENT_3D ( 'NONE', #4061, #774, #2237 ) ;
#157 = ORIENTED_EDGE ( 'NONE', *, *, #97, .T. ) ;
#158 = ADVANCED_FACE ( 'NONE', ( #1696 ), #3812, .F. ) ;
#159 = AXIS2_PLACEMENT_3D ( 'NONE', #2825, #3570, #4593 ) ;
#160 = DIRECTION ( 'NONE',  ( 0.000000000000000000, 0.000000000000000000, 1.000000000000000000 ) ) ;
#161 = VERTEX_POINT ( 'NONE', #1620 ) ;
#162 = ORIENTED_EDGE ( 'NONE', *, *, #3415, .F. ) ;
#163 = CIRCLE ( 'NONE', #3704, 1.250000000000001110 ) ;
#164 = CARTESIAN_POINT ( 'NONE',  ( 43.50000000000000000, -24.00000000000000355, -37.00000000000000000 ) ) ;
#165 = CIRCLE ( 'NONE', #4089, 1.000000000000000888 ) ;
#166 = CARTESIAN_POINT ( 'NONE',  ( 44.50000000000000000, -1.000000000000000000, 47.49999999999998579 ) ) ;
#167 = FACE_OUTER_BOUND ( 'NONE', #2834, .T. ) ;
#168 = EDGE_LOOP ( 'NONE', ( #4567, #3587, #2505, #2879 ) ) ;
#169 = PRESENTATION_LAYER_ASSIGNMENT (  '', '', ( #4539 ) ) ;
#170 = ORIENTED_EDGE ( 'NONE', *, *, #3979, .F. ) ;
#171 = CARTESIAN_POINT ( 'NONE',  ( -44.50000000000000000, -36.00000000000000711, 47.49999999999998579 ) ) ;
#172 = DIRECTION ( 'NONE',  ( 0.000000000000000000, 1.000000000000000000, 0.000000000000000000 ) ) ;
#173 = AXIS2_PLACEMENT_3D ( 'NONE', #2502, #1284, #2451 ) ;
#174 = DIRECTION ( 'NONE',  ( 0.000000000000000000, 0.000000000000000000, -1.000000000000000000 ) ) ;
#175 = ADVANCED_FACE ( 'NONE', ( #1260 ), #3172, .F. ) ;
#176 = DIRECTION ( 'NONE',  ( 0.000000000000000000, 0.000000000000000000, 1.000000000000000000 ) ) ;
#177 = ORIENTED_EDGE ( 'NONE', *, *, #541, .T. ) ;
#178 = ORIENTED_EDGE ( 'NONE', *, *, #2521, .F. ) ;
#179 = AXIS2_PLACEMENT_3D ( 'NONE', #4383, #3624, #3648 ) ;
#180 = CARTESIAN_POINT ( 'NONE',  ( -47.49999999999998579, -15.99999999999999289, -35.00000000000000711 ) ) ;
#181 = CARTESIAN_POINT ( 'NONE',  ( -43.50000000000001421, -14.00000000000000000, 43.50000000000000000 ) ) ;
#182 = DIRECTION ( 'NONE',  ( 2.011273595335428819E-16, -0.000000000000000000, -1.000000000000000000 ) ) ;
#183 = EDGE_CURVE ( 'NONE', #2593, #2235, #2735, .T. ) ;
#184 = CARTESIAN_POINT ( 'NONE',  ( 43.49999999999999289, -24.00000000000000355, 43.49999999999998579 ) ) ;
#185 = CARTESIAN_POINT ( 'NONE',  ( 47.29999999999999005, -15.99999999999999289, -36.00000000000001421 ) ) ;
#186 = AXIS2_PLACEMENT_3D ( 'NONE', #324, #670, #4724 ) ;
#187 = VERTEX_POINT ( 'NONE', #4709 ) ;
#188 = ORIENTED_EDGE ( 'NONE', *, *, #305, .T. ) ;
#189 = VECTOR ( 'NONE', #4451, 1000.000000000000000 ) ;
#190 = CARTESIAN_POINT ( 'NONE',  ( -37.00000000000000000, -14.00000000000000000, 39.49999999999999289 ) ) ;
#191 = ADVANCED_FACE ( 'NONE', ( #1414, #1078 ), #427, .F. ) ;
#192 = ORIENTED_EDGE ( 'NONE', *, *, #58, .F. ) ;
#193 = VERTEX_POINT ( 'NONE', #3291 ) ;
#194 = CARTESIAN_POINT ( 'NONE',  ( 0.000000000000000000, -24.00000000000000355, 0.000000000000000000 ) ) ;
#195 = DIRECTION ( 'NONE',  ( 1.000000000000000000, 0.000000000000000000, 1.460819769243627131E-16 ) ) ;
#196 = ORIENTED_EDGE ( 'NONE', *, *, #1444, .T. ) ;
#197 = ORIENTED_EDGE ( 'NONE', *, *, #4611, .F. ) ;
#198 = CARTESIAN_POINT ( 'NONE',  ( 41.49999999999999289, -14.00000000000000000, 37.00000000000000711 ) ) ;
#199 = CARTESIAN_POINT ( 'NONE',  ( -39.99999999999998579, 0.000000000000000000, -39.99999999999999289 ) ) ;
#200 = PLANE ( 'NONE',  #576 ) ;
#201 = EDGE_LOOP ( 'NONE', ( #3655, #607 ) ) ;
#202 = ORIENTED_EDGE ( 'NONE', *, *, #2485, .T. ) ;
#203 = ADVANCED_FACE ( 'NONE', ( #4035 ), #1892, .F. ) ;
#204 = DIRECTION ( 'NONE',  ( -0.000000000000000000, -1.000000000000000000, -0.000000000000000000 ) ) ;
#205 = CYLINDRICAL_SURFACE ( 'NONE', #4614, 2.000000000000008882 ) ;
#206 = CARTESIAN_POINT ( 'NONE',  ( 41.49999999999999289, -24.00000000000000355, 37.00000000000000711 ) ) ;
#207 = LINE ( 'NONE', #4171, #1692 ) ;
#208 = DIRECTION ( 'NONE',  ( 1.000000000000000000, 0.000000000000000000, -1.460819769243627131E-16 ) ) ;
#209 = ORIENTED_EDGE ( 'NONE', *, *, #1587, .T. ) ;
#210 = EDGE_CURVE ( 'NONE', #34, #450, #768, .T. ) ;
#211 = CARTESIAN_POINT ( 'NONE',  ( -47.50000000000001421, -35.00000000000000000, -47.50000000000001421 ) ) ;
#212 = CARTESIAN_POINT ( 'NONE',  ( 41.49999999999999289, -24.00000000000000355, -34.99999999999999289 ) ) ;
#213 = ORIENTED_EDGE ( 'NONE', *, *, #1680, .T. ) ;
#214 = ORIENTED_EDGE ( 'NONE', *, *, #2044, .T. ) ;
#215 = EDGE_CURVE ( 'NONE', #4186, #1980, #1871, .T. ) ;
#216 = DIRECTION ( 'NONE',  ( 0.000000000000000000, 0.000000000000000000, 1.000000000000000000 ) ) ;
#217 = DIRECTION ( 'NONE',  ( 0.000000000000000000, 0.000000000000000000, -1.000000000000000000 ) ) ;
#218 = ORIENTED_EDGE ( 'NONE', *, *, #1751, .F. ) ;
#219 = ORIENTED_EDGE ( 'NONE', *, *, #1676, .T. ) ;
#220 = ADVANCED_FACE ( 'NONE', ( #1457 ), #2257, .F. ) ;
#221 = CARTESIAN_POINT ( 'NONE',  ( -44.50000000000001421, 0.000000000000000000, 44.50000000000000000 ) ) ;
#222 = DIRECTION ( 'NONE',  ( 0.000000000000000000, 1.000000000000000000, 0.000000000000000000 ) ) ;
#223 = DIRECTION ( 'NONE',  ( 0.000000000000000000, -1.000000000000000000, 0.000000000000000000 ) ) ;
#224 = FACE_BOUND ( 'NONE', #2404, .T. ) ;
#225 = AXIS2_PLACEMENT_3D ( 'NONE', #2642, #3382, #2325 ) ;
#226 = ORIENTED_EDGE ( 'NONE', *, *, #4655, .T. ) ;
#227 = ORIENTED_EDGE ( 'NONE', *, *, #2917, .T. ) ;
#228 = CARTESIAN_POINT ( 'NONE',  ( -37.00000000000000000, 0.000000000000000000, 0.000000000000000000 ) ) ;
#229 = AXIS2_PLACEMENT_3D ( 'NONE', #2913, #686, #3664 ) ;
#230 = DIRECTION ( 'NONE',  ( 2.011273595335428819E-16, -0.000000000000000000, -1.000000000000000000 ) ) ;
#231 = FACE_OUTER_BOUND ( 'NONE', #3880, .T. ) ;
#232 = DIRECTION ( 'NONE',  ( -1.000000000000000000, 0.000000000000000000, -1.559302000878028960E-16 ) ) ;
#233 = CARTESIAN_POINT ( 'NONE',  ( 39.99999999999999289, -14.00000000000000000, 43.50000000000000000 ) ) ;
#234 = ORIENTED_EDGE ( 'NONE', *, *, #2664, .T. ) ;
#235 = AXIS2_PLACEMENT_3D ( 'NONE', #4369, #345, #2197 ) ;
#236 = ORIENTED_EDGE ( 'NONE', *, *, #4016, .T. ) ;
#237 = AXIS2_PLACEMENT_3D ( 'NONE', #3646, #1862, #37 ) ;
#238 = CARTESIAN_POINT ( 'NONE',  ( -36.99999999999998579, -14.00000000000000000, -41.49999999999999289 ) ) ;
#239 = ORIENTED_EDGE ( 'NONE', *, *, #2807, .F. ) ;
#240 = EDGE_CURVE ( 'NONE', #1858, #702, #2234, .T. ) ;
#241 = ORIENTED_EDGE ( 'NONE', *, *, #210, .F. ) ;
#242 = VECTOR ( 'NONE', #4025, 1000.000000000000000 ) ;
#243 = CARTESIAN_POINT ( 'NONE',  ( -47.29999999999999005, -15.99999999999999289, -34.00000000000000711 ) ) ;
#244 = DIRECTION ( 'NONE',  ( 0.000000000000000000, 0.000000000000000000, 1.000000000000000000 ) ) ;
#245 = EDGE_CURVE ( 'NONE', #3007, #2378, #2975, .T. ) ;
#246 = ADVANCED_FACE ( 'NONE', ( #3726, #4011 ), #3340, .T. ) ;
#247 = ADVANCED_FACE ( 'NONE', ( #4342 ), #1482, .F. ) ;
#248 = EDGE_LOOP ( 'NONE', ( #528, #600, #3368, #4291, #4754, #2352, #2136, #1344 ) ) ;
#249 = ORIENTED_EDGE ( 'NONE', *, *, #277, .F. ) ;
#250 = CIRCLE ( 'NONE', #1096, 3.000000000000002665 ) ;
#251 = FACE_OUTER_BOUND ( 'NONE', #4629, .T. ) ;
#252 = CYLINDRICAL_SURFACE ( 'NONE', #2240, 1.050000000000002265 ) ;
#253 = EDGE_CURVE ( 'NONE', #2510, #1193, #1155, .T. ) ;
#254 = LINE ( 'NONE', #2850, #3266 ) ;
#255 = VECTOR ( 'NONE', #1564, 1000.000000000000000 ) ;
#256 = VERTEX_POINT ( 'NONE', #4413 ) ;
#257 = VERTEX_POINT ( 'NONE', #2162 ) ;
#258 = LINE ( 'NONE', #3861, #1378 ) ;
#259 = VECTOR ( 'NONE', #1494, 1000.000000000000000 ) ;
#260 = CARTESIAN_POINT ( 'NONE',  ( -23.99999999999998579, 0.000000000000000000, 47.50099999999999056 ) ) ;
#261 = CARTESIAN_POINT ( 'NONE',  ( -26.00000000000000000, 40.00000000000000000, -46.50000000000001421 ) ) ;
#262 = DIRECTION ( 'NONE',  ( 1.000000000000000000, 0.000000000000000000, 0.000000000000000000 ) ) ;
#263 = ORIENTED_EDGE ( 'NONE', *, *, #4349, .F. ) ;
#264 = VECTOR ( 'NONE', #3317, 1000.000000000000000 ) ;
#265 = ORIENTED_EDGE ( 'NONE', *, *, #1109, .F. ) ;
#266 = DIRECTION ( 'NONE',  ( 0.000000000000000000, 0.000000000000000000, -1.000000000000000000 ) ) ;
#267 = AXIS2_PLACEMENT_3D ( 'NONE', #935, #2788, #1697 ) ;
#268 = CARTESIAN_POINT ( 'NONE',  ( 39.50000000000000000, -24.00000000000000355, -37.00000000000000000 ) ) ;
#269 = VERTEX_POINT ( 'NONE', #2208 ) ;
#270 = DIRECTION ( 'NONE',  ( -1.000000000000000000, -0.000000000000000000, -1.460819769243627377E-16 ) ) ;
#271 = ORIENTED_EDGE ( 'NONE', *, *, #2707, .F. ) ;
#272 = VECTOR ( 'NONE', #182, 1000.000000000000000 ) ;
#273 = FACE_OUTER_BOUND ( 'NONE', #4131, .T. ) ;
#274 = CARTESIAN_POINT ( 'NONE',  ( 47.29999999999999005, -15.99999999999999289, -34.00000000000000711 ) ) ;
#275 = ORIENTED_EDGE ( 'NONE', *, *, #3506, .F. ) ;
#276 = ORIENTED_EDGE ( 'NONE', *, *, #4041, .T. ) ;
#277 = EDGE_CURVE ( 'NONE', #4531, #2025, #540, .T. ) ;
#278 = CARTESIAN_POINT ( 'NONE',  ( 43.50000000000000000, -14.00000000000000000, -4.500000000000003553 ) ) ;
#279 = LINE ( 'NONE', #1301, #4151 ) ;
#280 = FACE_OUTER_BOUND ( 'NONE', #2026, .T. ) ;
#281 = ORIENTED_EDGE ( 'NONE', *, *, #834, .F. ) ;
#282 = EDGE_CURVE ( 'NONE', #3543, #1825, #1678, .T. ) ;
#283 = FACE_OUTER_BOUND ( 'NONE', #3378, .T. ) ;
#284 = DIRECTION ( 'NONE',  ( 0.000000000000000000, 0.000000000000000000, 1.000000000000000000 ) ) ;
#285 = LINE ( 'NONE', #2061, #4026 ) ;
#286 = EDGE_LOOP ( 'NONE', ( #2272, #4237, #2347, #3126 ) ) ;
#287 = VERTEX_POINT ( 'NONE', #3673 ) ;
#288 = CARTESIAN_POINT ( 'NONE',  ( -34.99999999999998579, -24.00000000000000355, -41.49999999999999289 ) ) ;
#289 = PLANE ( 'NONE',  #3707 ) ;
#290 = VERTEX_POINT ( 'NONE', #44 ) ;
#291 = LINE ( 'NONE', #407, #1330 ) ;
#292 = ORIENTED_EDGE ( 'NONE', *, *, #3869, .F. ) ;
#293 = LINE ( 'NONE', #2487, #2386 ) ;
#294 = LINE ( 'NONE', #4759, #2785 ) ;
#295 = ORIENTED_EDGE ( 'NONE', *, *, #855, .T. ) ;
#296 = DIRECTION ( 'NONE',  ( -1.000000000000000000, 0.000000000000000000, 1.559302000878028960E-16 ) ) ;
#297 = CYLINDRICAL_SURFACE ( 'NONE', #4379, 3.000000000000002665 ) ;
#298 = CARTESIAN_POINT ( 'NONE',  ( -47.29999999999999005, -5.999999999999991118, -35.00000000000000711 ) ) ;
#299 = EDGE_CURVE ( 'NONE', #187, #3919, #4388, .T. ) ;
#300 = ORIENTED_EDGE ( 'NONE', *, *, #1216, .T. ) ;
#301 = DIRECTION ( 'NONE',  ( 0.000000000000000000, 0.000000000000000000, -1.000000000000000000 ) ) ;
#302 = DIRECTION ( 'NONE',  ( 0.000000000000000000, -1.000000000000000000, 0.000000000000000000 ) ) ;
#303 = CARTESIAN_POINT ( 'NONE',  ( -40.00000000000000000, 0.000000000000000000, 39.99999999999998579 ) ) ;
#304 = CARTESIAN_POINT ( 'NONE',  ( 46.50000000000000000, -1.000000000000000000, -44.50000000000001421 ) ) ;
#305 = EDGE_CURVE ( 'NONE', #3866, #2528, #1503, .T. ) ;
#306 = EDGE_LOOP ( 'NONE', ( #3943, #431 ) ) ;
#307 = VERTEX_POINT ( 'NONE', #2616 ) ;
#308 = EDGE_CURVE ( 'NONE', #2228, #4572, #1550, .T. ) ;
#309 = CIRCLE ( 'NONE', #3449, 1.250000000000001110 ) ;
#310 = SURFACE_STYLE_USAGE ( .BOTH. , #2138 ) ;
#311 = DIRECTION ( 'NONE',  ( -0.000000000000000000, -1.000000000000000000, 0.000000000000000000 ) ) ;
#312 = VERTEX_POINT ( 'NONE', #4144 ) ;
#313 = FACE_OUTER_BOUND ( 'NONE', #168, .T. ) ;
#314 = AXIS2_PLACEMENT_3D ( 'NONE', #3467, #532, #2441 ) ;
#315 = EDGE_CURVE ( 'NONE', #651, #3631, #844, .T. ) ;
#316 = VERTEX_POINT ( 'NONE', #1982 ) ;
#317 = AXIS2_PLACEMENT_3D ( 'NONE', #1552, #3026, #45 ) ;
#318 = DIRECTION ( 'NONE',  ( -0.000000000000000000, 1.000000000000000000, -0.000000000000000000 ) ) ;
#319 = CARTESIAN_POINT ( 'NONE',  ( -46.50000000000001421, -1.000000000000000000, -44.50000000000001421 ) ) ;
#320 = CIRCLE ( 'NONE', #156, 2.500000000000000000 ) ;
#321 = LINE ( 'NONE', #2847, #1602 ) ;
#322 = CIRCLE ( 'NONE', #3008, 1.000000000000000888 ) ;
#323 = LINE ( 'NONE', #1090, #1316 ) ;
#324 = CARTESIAN_POINT ( 'NONE',  ( 37.00000000000000000, 0.000000000000000000, 37.00000000000000711 ) ) ;
#325 = ORIENTED_EDGE ( 'NONE', *, *, #3421, .T. ) ;
#326 = CIRCLE ( 'NONE', #4085, 1.250000000000001110 ) ;
#327 = DIRECTION ( 'NONE',  ( 0.000000000000000000, 0.000000000000000000, -1.000000000000000000 ) ) ;
#328 = DIRECTION ( 'NONE',  ( 0.000000000000000000, 0.000000000000000000, -1.000000000000000000 ) ) ;
#329 = EDGE_CURVE ( 'NONE', #2497, #4585, #1910, .T. ) ;
#330 = AXIS2_PLACEMENT_3D ( 'NONE', #3986, #701, #726 ) ;
#331 = FACE_BOUND ( 'NONE', #4128, .T. ) ;
#332 = DIRECTION ( 'NONE',  ( -1.460819769243627131E-16, 0.000000000000000000, -1.000000000000000000 ) ) ;
#333 = EDGE_LOOP ( 'NONE', ( #1374, #943, #1256, #2846, #4684, #1204, #4504 ) ) ;
#334 = ORIENTED_EDGE ( 'NONE', *, *, #3308, .T. ) ;
#335 = VECTOR ( 'NONE', #311, 1000.000000000000000 ) ;
#336 = CARTESIAN_POINT ( 'NONE',  ( 40.00000000000000000, -13.99999999999999822, 40.00000000000000000 ) ) ;
#337 = EDGE_CURVE ( 'NONE', #1365, #2579, #445, .T. ) ;
#338 = DIRECTION ( 'NONE',  ( -1.000000000000000000, 0.000000000000000000, 0.000000000000000000 ) ) ;
#339 = ORIENTED_EDGE ( 'NONE', *, *, #1327, .T. ) ;
#340 = DIRECTION ( 'NONE',  ( 0.000000000000000000, -1.000000000000000000, 0.000000000000000000 ) ) ;
#341 = AXIS2_PLACEMENT_3D ( 'NONE', #889, #840, #4127 ) ;
#342 = EDGE_LOOP ( 'NONE', ( #4000, #3729, #4264, #2898 ) ) ;
#343 = AXIS2_PLACEMENT_3D ( 'NONE', #790, #2949, #1121 ) ;
#344 = EDGE_CURVE ( 'NONE', #77, #3023, #1072, .T. ) ;
#345 = DIRECTION ( 'NONE',  ( 1.000000000000000000, -0.000000000000000000, 1.460819769243627131E-16 ) ) ;
#346 = DIRECTION ( 'NONE',  ( 1.000000000000000000, -0.000000000000000000, 1.559302000878028960E-16 ) ) ;
#347 = CIRCLE ( 'NONE', #1490, 1.000000000000000888 ) ;
#348 = DIRECTION ( 'NONE',  ( 0.000000000000000000, 0.000000000000000000, 1.000000000000000000 ) ) ;
#349 = CIRCLE ( 'NONE', #3878, 1.000000000000000888 ) ;
#350 = DIRECTION ( 'NONE',  ( -0.000000000000000000, -1.000000000000000000, -0.000000000000000000 ) ) ;
#351 = CARTESIAN_POINT ( 'NONE',  ( 40.00000000000000000, -13.99999999999999822, -38.94999999999999574 ) ) ;
#352 = ORIENTED_EDGE ( 'NONE', *, *, #329, .F. ) ;
#353 = CYLINDRICAL_SURFACE ( 'NONE', #467, 1.000000000000000888 ) ;
#354 = DIRECTION ( 'NONE',  ( 0.000000000000000000, -0.000000000000000000, -1.000000000000000000 ) ) ;
#355 = DIRECTION ( 'NONE',  ( 0.000000000000000000, 0.000000000000000000, 1.000000000000000000 ) ) ;
#356 = VERTEX_POINT ( 'NONE', #3790 ) ;
#357 = ORIENTED_EDGE ( 'NONE', *, *, #919, .F. ) ;
#358 = DIRECTION ( 'NONE',  ( 0.000000000000000000, -1.000000000000000000, 0.000000000000000000 ) ) ;
#359 = CYLINDRICAL_SURFACE ( 'NONE', #1025, 1.050000000000002265 ) ;
#360 = ORIENTED_EDGE ( 'NONE', *, *, #4205, .F. ) ;
#361 = LINE ( 'NONE', #2259, #264 ) ;
#362 = ORIENTED_EDGE ( 'NONE', *, *, #3041, .T. ) ;
#363 = EDGE_CURVE ( 'NONE', #3984, #560, #2299, .T. ) ;
#364 = LINE ( 'NONE', #1439, #706 ) ;
#365 = LINE ( 'NONE', #2144, #3628 ) ;
#366 = ADVANCED_FACE ( 'NONE', ( #3025 ), #1170, .T. ) ;
#367 = CARTESIAN_POINT ( 'NONE',  ( 43.50000000000000000, 0.000000000000000000, 2.500000000000000000 ) ) ;
#368 = DIRECTION ( 'NONE',  ( -1.000000000000000000, -0.000000000000000000, -1.460819769243627377E-16 ) ) ;
#369 = DIRECTION ( 'NONE',  ( 0.000000000000000000, 0.000000000000000000, -1.000000000000000000 ) ) ;
#370 = EDGE_CURVE ( 'NONE', #3265, #1572, #3046, .T. ) ;
#371 = EDGE_LOOP ( 'NONE', ( #3698, #1314, #4146, #601 ) ) ;
#372 = DIRECTION ( 'NONE',  ( 1.000000000000000000, 0.000000000000000000, -0.000000000000000000 ) ) ;
#373 = DIRECTION ( 'NONE',  ( -0.000000000000000000, 1.000000000000000000, -0.000000000000000000 ) ) ;
#374 = DIRECTION ( 'NONE',  ( 0.000000000000000000, 0.000000000000000000, 1.000000000000000000 ) ) ;
#375 = ORIENTED_EDGE ( 'NONE', *, *, #1895, .F. ) ;
#376 = ORIENTED_EDGE ( 'NONE', *, *, #3776, .F. ) ;
#377 = DIRECTION ( 'NONE',  ( 0.000000000000000000, 0.000000000000000000, 1.000000000000000000 ) ) ;
#378 = EDGE_LOOP ( 'NONE', ( #3029, #689, #2614, #1075, #295, #2741 ) ) ;
#379 = DIRECTION ( 'NONE',  ( 0.000000000000000000, 0.000000000000000000, -1.000000000000000000 ) ) ;
#380 = EDGE_LOOP ( 'NONE', ( #3983, #1890, #403, #2858 ) ) ;
#381 = CIRCLE ( 'NONE', #2911, 1.050000000000002265 ) ;
#382 = ORIENTED_EDGE ( 'NONE', *, *, #2840, .T. ) ;
#383 = CARTESIAN_POINT ( 'NONE',  ( 39.50000000000000000, -14.00000000000000000, 0.000000000000000000 ) ) ;
#384 = VECTOR ( 'NONE', #2145, 1000.000000000000000 ) ;
#385 = DIRECTION ( 'NONE',  ( 1.000000000000000000, 0.000000000000000000, -0.000000000000000000 ) ) ;
#386 = EDGE_CURVE ( 'NONE', #3527, #455, #1962, .T. ) ;
#387 = CIRCLE ( 'NONE', #4606, 2.000000000000000000 ) ;
#388 = DIRECTION ( 'NONE',  ( 0.000000000000000000, 0.000000000000000000, -1.000000000000000000 ) ) ;
#389 = DIRECTION ( 'NONE',  ( -0.000000000000000000, 1.000000000000000000, -0.000000000000000000 ) ) ;
#390 = ADVANCED_FACE ( 'NONE', ( #1617 ), #85, .T. ) ;
#391 = VECTOR ( 'NONE', #2947, 1000.000000000000000 ) ;
#392 = DIRECTION ( 'NONE',  ( 1.000000000000000000, -0.000000000000000000, -1.460819769243627377E-16 ) ) ;
#393 = FACE_OUTER_BOUND ( 'NONE', #1921, .T. ) ;
#394 = ORIENTED_EDGE ( 'NONE', *, *, #925, .F. ) ;
#395 = AXIS2_PLACEMENT_3D ( 'NONE', #667, #3904, #924 ) ;
#396 = CARTESIAN_POINT ( 'NONE',  ( 44.49999999999998579, -36.00000000000000711, -44.50000000000001421 ) ) ;
#397 = PLANE ( 'NONE',  #1159 ) ;
#398 = ADVANCED_FACE ( 'NONE', ( #818 ), #3359, .T. ) ;
#399 = CARTESIAN_POINT ( 'NONE',  ( 47.29999999999999005, -15.99999999999999289, -35.00000000000000711 ) ) ;
#400 = FACE_BOUND ( 'NONE', #1593, .T. ) ;
#401 = VECTOR ( 'NONE', #1373, 1000.000000000000000 ) ;
#402 = ORIENTED_EDGE ( 'NONE', *, *, #2182, .T. ) ;
#403 = ORIENTED_EDGE ( 'NONE', *, *, #1290, .F. ) ;
#404 = DIRECTION ( 'NONE',  ( -0.000000000000000000, 1.000000000000000000, -0.000000000000000000 ) ) ;
#405 = AXIS2_PLACEMENT_3D ( 'NONE', #1510, #4113, #93 ) ;
#406 = DIRECTION ( 'NONE',  ( 1.000000000000000000, -0.000000000000000000, 0.000000000000000000 ) ) ;
#407 = CARTESIAN_POINT ( 'NONE',  ( 47.29999999999999005, -15.99999999999999289, -34.00000000000000711 ) ) ;
#408 = ORIENTED_EDGE ( 'NONE', *, *, #3850, .F. ) ;
#409 = AXIS2_PLACEMENT_3D ( 'NONE', #750, #1775, #3204 ) ;
#410 = DIRECTION ( 'NONE',  ( 1.000000000000000000, 0.000000000000000000, 0.000000000000000000 ) ) ;
#411 = VECTOR ( 'NONE', #1174, 1000.000000000000000 ) ;
#412 = FACE_OUTER_BOUND ( 'NONE', #1410, .T. ) ;
#413 = AXIS2_PLACEMENT_3D ( 'NONE', #4121, #3444, #4544 ) ;
#414 = EDGE_CURVE ( 'NONE', #2872, #2168, #3090, .T. ) ;
#415 = CARTESIAN_POINT ( 'NONE',  ( 44.49999999999998579, -36.00000000000000711, -44.50000000000001421 ) ) ;
#416 = LINE ( 'NONE', #458, #1089 ) ;
#417 = AXIS2_PLACEMENT_3D ( 'NONE', #3469, #2752, #1688 ) ;
#418 = DIRECTION ( 'NONE',  ( 0.000000000000000000, -1.000000000000000000, 0.000000000000000000 ) ) ;
#419 = EDGE_LOOP ( 'NONE', ( #1874, #3033, #2334, #357 ) ) ;
#420 = EDGE_CURVE ( 'NONE', #3560, #2080, #3681, .T. ) ;
#421 = CYLINDRICAL_SURFACE ( 'NONE', #6, 1.250000000000001110 ) ;
#422 = CARTESIAN_POINT ( 'NONE',  ( 44.50000000000000000, -1.000000000000000000, 46.49999999999998579 ) ) ;
#423 = CARTESIAN_POINT ( 'NONE',  ( -36.99999999999998579, -14.00000000000000000, -43.50000000000000000 ) ) ;
#424 = VERTEX_POINT ( 'NONE', #517 ) ;
#425 = ORIENTED_EDGE ( 'NONE', *, *, #4681, .F. ) ;
#426 = EDGE_CURVE ( 'NONE', #1146, #4590, #906, .T. ) ;
#427 = PLANE ( 'NONE',  #2470 ) ;
#428 = EDGE_LOOP ( 'NONE', ( #612, #3432 ) ) ;
#429 = DIRECTION ( 'NONE',  ( -1.000000000000000000, 0.000000000000000000, 0.000000000000000000 ) ) ;
#430 = ORIENTED_EDGE ( 'NONE', *, *, #2268, .F. ) ;
#431 = ORIENTED_EDGE ( 'NONE', *, *, #2107, .T. ) ;
#432 = DIRECTION ( 'NONE',  ( 0.000000000000000000, -1.000000000000000000, 0.000000000000000000 ) ) ;
#433 = DIRECTION ( 'NONE',  ( -1.000000000000000000, 0.000000000000000000, -1.460819769243627131E-16 ) ) ;
#434 = ORIENTED_EDGE ( 'NONE', *, *, #3680, .T. ) ;
#435 = CARTESIAN_POINT ( 'NONE',  ( -47.29999999999999005, -5.999999999999991118, -36.00000000000001421 ) ) ;
#436 = CYLINDRICAL_SURFACE ( 'NONE', #1698, 1.050000000000002265 ) ;
#437 = CARTESIAN_POINT ( 'NONE',  ( -26.00000000000000000, -1.000000000000000888, -47.50000000000001421 ) ) ;
#438 = ORIENTED_EDGE ( 'NONE', *, *, #3285, .T. ) ;
#439 = DIRECTION ( 'NONE',  ( -0.000000000000000000, -1.000000000000000000, -0.000000000000000000 ) ) ;
#440 = LINE ( 'NONE', #145, #971 ) ;
#441 = EDGE_CURVE ( 'NONE', #1129, #4274, #1451, .T. ) ;
#442 = DIRECTION ( 'NONE',  ( -1.000000000000000000, -0.000000000000000000, -0.000000000000000000 ) ) ;
#443 = ORIENTED_EDGE ( 'NONE', *, *, #3511, .T. ) ;
#444 = ORIENTED_EDGE ( 'NONE', *, *, #143, .F. ) ;
#445 = LINE ( 'NONE', #1195, #141 ) ;
#446 = EDGE_CURVE ( 'NONE', #3731, #1675, #72, .T. ) ;
#447 = DIRECTION ( 'NONE',  ( -0.000000000000000000, -1.000000000000000000, -0.000000000000000000 ) ) ;
#448 = CYLINDRICAL_SURFACE ( 'NONE', #3562, 1.000000000000000888 ) ;
#449 = EDGE_CURVE ( 'NONE', #702, #1858, #381, .T. ) ;
#450 = VERTEX_POINT ( 'NONE', #112 ) ;
#451 = CARTESIAN_POINT ( 'NONE',  ( -47.50000000000001421, -1.000000000000000000, -44.50000000000001421 ) ) ;
#452 = LINE ( 'NONE', #3346, #4316 ) ;
#453 = EDGE_CURVE ( 'NONE', #1512, #3422, #4212, .T. ) ;
#454 = VECTOR ( 'NONE', #4428, 1000.000000000000000 ) ;
#455 = VERTEX_POINT ( 'NONE', #3938 ) ;
#456 = AXIS2_PLACEMENT_3D ( 'NONE', #3035, #2313, #4490 ) ;
#457 = LINE ( 'NONE', #4507, #1532 ) ;
#458 = CARTESIAN_POINT ( 'NONE',  ( -44.50000000000000000, -35.00000000000000000, 46.69999999999998153 ) ) ;
#459 = CARTESIAN_POINT ( 'NONE',  ( 26.00000000000000355, -35.00000000000000000, -46.70000000000000995 ) ) ;
#460 = AXIS2_PLACEMENT_3D ( 'NONE', #1372, #3635, #4330 ) ;
#461 = ORIENTED_EDGE ( 'NONE', *, *, #2284, .T. ) ;
#462 = VECTOR ( 'NONE', #4495, 1000.000000000000000 ) ;
#463 = LINE ( 'NONE', #106, #1930 ) ;
#464 = CARTESIAN_POINT ( 'NONE',  ( -40.00000000000000000, -35.00000000000000000, 39.99999999999998579 ) ) ;
#465 = DIRECTION ( 'NONE',  ( 1.000000000000000000, 0.000000000000000000, -1.460819769243627131E-16 ) ) ;
#466 = VERTEX_POINT ( 'NONE', #4678 ) ;
#467 = AXIS2_PLACEMENT_3D ( 'NONE', #1071, #1816, #3287 ) ;
#468 = EDGE_LOOP ( 'NONE', ( #1194, #803, #937, #2994 ) ) ;
#469 = PRODUCT_RELATED_PRODUCT_CATEGORY ( 'part', '', ( #1826 ) ) ;
#470 = DIRECTION ( 'NONE',  ( 0.000000000000000000, 0.000000000000000000, 1.000000000000000000 ) ) ;
#471 = VECTOR ( 'NONE', #3133, 1000.000000000000000 ) ;
#472 = CARTESIAN_POINT ( 'NONE',  ( -43.50000000000000711, -24.00000000000000355, 43.49999999999998579 ) ) ;
#473 = CARTESIAN_POINT ( 'NONE',  ( 37.00000000000000000, 0.000000000000000000, 43.50000000000000000 ) ) ;
#474 = DIRECTION ( 'NONE',  ( -1.000000000000000000, 0.000000000000000000, 1.559302000878028960E-16 ) ) ;
#475 = ORIENTED_EDGE ( 'NONE', *, *, #1863, .F. ) ;
#476 = ORIENTED_EDGE ( 'NONE', *, *, #1092, .T. ) ;
#477 = VECTOR ( 'NONE', #897, 1000.000000000000000 ) ;
#478 = EDGE_CURVE ( 'NONE', #1352, #2296, #258, .T. ) ;
#479 = LINE ( 'NONE', #1945, #556 ) ;
#480 = VECTOR ( 'NONE', #4221, 1000.000000000000000 ) ;
#481 = EDGE_LOOP ( 'NONE', ( #4253, #1255 ) ) ;
#482 = EDGE_CURVE ( 'NONE', #4427, #4481, #2110, .T. ) ;
#483 = AXIS2_PLACEMENT_3D ( 'NONE', #3629, #1367, #1013 ) ;
#484 = CARTESIAN_POINT ( 'NONE',  ( 26.00000000000000355, -35.00000000000000711, -46.50000000000001421 ) ) ;
#485 = DIRECTION ( 'NONE',  ( 1.559302000878028960E-16, 0.000000000000000000, 1.000000000000000000 ) ) ;
#486 = DIRECTION ( 'NONE',  ( 0.000000000000000000, 0.000000000000000000, -1.000000000000000000 ) ) ;
#487 = VECTOR ( 'NONE', #2350, 1000.000000000000000 ) ;
#488 = ORIENTED_EDGE ( 'NONE', *, *, #446, .T. ) ;
#489 = VECTOR ( 'NONE', #2638, 1000.000000000000000 ) ;
#490 = LINE ( 'NONE', #4120, #1691 ) ;
#491 = DIRECTION ( 'NONE',  ( 0.000000000000000000, -1.000000000000000000, 0.000000000000000000 ) ) ;
#492 = CARTESIAN_POINT ( 'NONE',  ( -40.00000000000000000, -13.99999999999999822, 0.000000000000000000 ) ) ;
#493 = VERTEX_POINT ( 'NONE', #2083 ) ;
#494 = AXIS2_PLACEMENT_3D ( 'NONE', #2778, #4312, #2471 ) ;
#495 = VERTEX_POINT ( 'NONE', #3137 ) ;
#496 = DIRECTION ( 'NONE',  ( 0.000000000000000000, 1.000000000000000000, -0.000000000000000000 ) ) ;
#497 = VECTOR ( 'NONE', #2001, 1000.000000000000000 ) ;
#498 = DIRECTION ( 'NONE',  ( 0.000000000000000000, 0.000000000000000000, -1.000000000000000000 ) ) ;
#499 = CARTESIAN_POINT ( 'NONE',  ( 47.49999999999998579, -36.00000000000000711, -44.50000000000001421 ) ) ;
#500 = ORIENTED_EDGE ( 'NONE', *, *, #3471, .F. ) ;
#501 = FACE_OUTER_BOUND ( 'NONE', #503, .T. ) ;
#502 = EDGE_CURVE ( 'NONE', #1273, #1985, #4755, .T. ) ;
#503 = EDGE_LOOP ( 'NONE', ( #1960, #553, #1038, #3299 ) ) ;
#504 = DIRECTION ( 'NONE',  ( 0.000000000000000000, 0.000000000000000000, -1.000000000000000000 ) ) ;
#505 = LINE ( 'NONE', #3349, #2009 ) ;
#506 = LINE ( 'NONE', #3847, #949 ) ;
#507 = EDGE_CURVE ( 'NONE', #2115, #3509, #2007, .T. ) ;
#508 = EDGE_CURVE ( 'NONE', #2705, #3590, #3066, .T. ) ;
#509 = VERTEX_POINT ( 'NONE', #4657 ) ;
#510 = EDGE_LOOP ( 'NONE', ( #51, #632 ) ) ;
#511 = DIRECTION ( 'NONE',  ( 0.000000000000000000, 0.000000000000000000, 1.000000000000000000 ) ) ;
#512 = DIRECTION ( 'NONE',  ( 0.000000000000000000, 0.000000000000000000, -1.000000000000000000 ) ) ;
#513 = ADVANCED_FACE ( 'NONE', ( #3888 ), #3522, .F. ) ;
#514 = CARTESIAN_POINT ( 'NONE',  ( -23.99999999999998934, -35.00000000000000000, -46.50000000000001421 ) ) ;
#515 = ORIENTED_EDGE ( 'NONE', *, *, #899, .T. ) ;
#516 = ORIENTED_EDGE ( 'NONE', *, *, #363, .F. ) ;
#517 = CARTESIAN_POINT ( 'NONE',  ( -41.49999999999998579, -24.00000000000000355, -37.00000000000000000 ) ) ;
#518 = DIRECTION ( 'NONE',  ( 1.000000000000000000, -0.000000000000000000, 1.460819769243627131E-16 ) ) ;
#519 = CARTESIAN_POINT ( 'NONE',  ( -47.49999999999998579, -15.99999999999999289, -34.00000000000000711 ) ) ;
#520 = ORIENTED_EDGE ( 'NONE', *, *, #534, .F. ) ;
#521 = LINE ( 'NONE', #1317, #4535 ) ;
#522 = ORIENTED_EDGE ( 'NONE', *, *, #2279, .T. ) ;
#523 = ORIENTED_EDGE ( 'NONE', *, *, #2360, .F. ) ;
#524 = ADVANCED_FACE ( 'NONE', ( #4286 ), #647, .F. ) ;
#525 = DIRECTION ( 'NONE',  ( 0.000000000000000000, 0.000000000000000000, 1.000000000000000000 ) ) ;
#526 = DIRECTION ( 'NONE',  ( -1.000000000000000000, -0.000000000000000000, -1.460819769243627377E-16 ) ) ;
#527 = CARTESIAN_POINT ( 'NONE',  ( 47.49999999999998579, -35.00000000000000000, -44.50000000000001421 ) ) ;
#528 = ORIENTED_EDGE ( 'NONE', *, *, #891, .T. ) ;
#529 = CIRCLE ( 'NONE', #1147, 2.000000000000000000 ) ;
#530 = ORIENTED_EDGE ( 'NONE', *, *, #1870, .T. ) ;
#531 = EDGE_CURVE ( 'NONE', #1522, #4090, #3474, .T. ) ;
#532 = DIRECTION ( 'NONE',  ( -0.000000000000000000, 1.000000000000000000, -0.000000000000000000 ) ) ;
#533 = CARTESIAN_POINT ( 'NONE',  ( -23.99999999999998579, 0.000000000000000000, -43.50000000000000000 ) ) ;
#534 = EDGE_CURVE ( 'NONE', #958, #34, #1693, .T. ) ;
#535 = CIRCLE ( 'NONE', #229, 1.000000000000000888 ) ;
#536 = DIRECTION ( 'NONE',  ( -1.000000000000000000, 0.000000000000000000, -0.000000000000000000 ) ) ;
#537 = LINE ( 'NONE', #1640, #4332 ) ;
#538 = ORIENTED_EDGE ( 'NONE', *, *, #1180, .T. ) ;
#539 = ORIENTED_EDGE ( 'NONE', *, *, #1366, .T. ) ;
#540 = CIRCLE ( 'NONE', #3237, 2.000000000000001776 ) ;
#541 = EDGE_CURVE ( 'NONE', #61, #257, #2425, .T. ) ;
#542 = DIRECTION ( 'NONE',  ( -0.000000000000000000, 1.000000000000000000, -0.000000000000000000 ) ) ;
#543 = CARTESIAN_POINT ( 'NONE',  ( 39.99999999999998579, -24.00000000000000355, 43.49999999999998579 ) ) ;
#544 = FACE_BOUND ( 'NONE', #1496, .T. ) ;
#545 = DIRECTION ( 'NONE',  ( 1.000000000000000000, -0.000000000000000000, -1.460819769243627377E-16 ) ) ;
#546 = CARTESIAN_POINT ( 'NONE',  ( -43.50000000000000711, -24.00000000000000355, 43.49999999999998579 ) ) ;
#547 = AXIS2_PLACEMENT_3D ( 'NONE', #4265, #2830, #2500 ) ;
#548 = ORIENTED_EDGE ( 'NONE', *, *, #2950, .T. ) ;
#549 = ORIENTED_EDGE ( 'NONE', *, *, #2123, .T. ) ;
#550 = AXIS2_PLACEMENT_3D ( 'NONE', #199, #4569, #3853 ) ;
#551 = DIRECTION ( 'NONE',  ( 0.000000000000000000, 1.000000000000000000, 0.000000000000000000 ) ) ;
#552 = ORIENTED_EDGE ( 'NONE', *, *, #2332, .F. ) ;
#553 = ORIENTED_EDGE ( 'NONE', *, *, #446, .F. ) ;
#554 = CIRCLE ( 'NONE', #3083, 2.000000000000000000 ) ;
#555 = DIRECTION ( 'NONE',  ( -0.000000000000000000, -1.000000000000000000, -0.000000000000000000 ) ) ;
#556 = VECTOR ( 'NONE', #2286, 1000.000000000000000 ) ;
#557 = CARTESIAN_POINT ( 'NONE',  ( 37.00000000000000000, -24.00000000000000355, 43.50000000000000000 ) ) ;
#558 = CARTESIAN_POINT ( 'NONE',  ( 43.49999999999999289, -24.00000000000000355, 39.99999999999999289 ) ) ;
#559 = PRODUCT_DEFINITION ( 'UNKNOWN', '', #3727, #4675 ) ;
#560 = VERTEX_POINT ( 'NONE', #3116 ) ;
#561 = VERTEX_POINT ( 'NONE', #1280 ) ;
#562 = CARTESIAN_POINT ( 'NONE',  ( 39.50000000000000000, -24.00000000000000355, 39.50000000000000711 ) ) ;
#563 = CARTESIAN_POINT ( 'NONE',  ( 47.49999999999998579, -5.999999999999991118, -36.00000000000001421 ) ) ;
#564 = VECTOR ( 'NONE', #865, 1000.000000000000000 ) ;
#565 = CARTESIAN_POINT ( 'NONE',  ( -47.49999999999998579, -5.999999999999991118, -34.00000000000000711 ) ) ;
#566 = DIRECTION ( 'NONE',  ( -0.000000000000000000, 1.000000000000000000, -0.000000000000000000 ) ) ;
#567 = EDGE_CURVE ( 'NONE', #1225, #4404, #931, .T. ) ;
#568 = ORIENTED_EDGE ( 'NONE', *, *, #4320, .T. ) ;
#569 = ORIENTED_EDGE ( 'NONE', *, *, #596, .F. ) ;
#570 = CIRCLE ( 'NONE', #494, 1.000000000000000888 ) ;
#571 = FACE_OUTER_BOUND ( 'NONE', #4056, .T. ) ;
#572 = DIRECTION ( 'NONE',  ( -0.000000000000000000, 1.000000000000000000, -0.000000000000000000 ) ) ;
#573 = FACE_BOUND ( 'NONE', #798, .T. ) ;
#574 = DIRECTION ( 'NONE',  ( 1.000000000000000000, 0.000000000000000000, 9.376883653928686131E-17 ) ) ;
#575 = DIRECTION ( 'NONE',  ( 1.000000000000000000, -0.000000000000000000, 1.460819769243627131E-16 ) ) ;
#576 = AXIS2_PLACEMENT_3D ( 'NONE', #3906, #591, #3547 ) ;
#577 = ADVANCED_FACE ( 'NONE', ( #571 ), #2034, .F. ) ;
#578 = VERTEX_POINT ( 'NONE', #3597 ) ;
#579 = DIRECTION ( 'NONE',  ( -1.000000000000000000, 0.000000000000000000, 1.559302000878028960E-16 ) ) ;
#580 = AXIS2_PLACEMENT_3D ( 'NONE', #4030, #744, #1430 ) ;
#581 = DIRECTION ( 'NONE',  ( -0.000000000000000000, 1.000000000000000000, -0.000000000000000000 ) ) ;
#582 = ORIENTED_EDGE ( 'NONE', *, *, #1954, .T. ) ;
#583 = EDGE_CURVE ( 'NONE', #2650, #1459, #529, .T. ) ;
#584 = ORIENTED_EDGE ( 'NONE', *, *, #3916, .T. ) ;
#585 = LINE ( 'NONE', #243, #3996 ) ;
#586 = CARTESIAN_POINT ( 'NONE',  ( 44.50000000000000000, 0.000000000000000000, 46.49999999999998579 ) ) ;
#587 = ORIENTED_EDGE ( 'NONE', *, *, #3183, .T. ) ;
#588 = ORIENTED_EDGE ( 'NONE', *, *, #3154, .T. ) ;
#589 = CARTESIAN_POINT ( 'NONE',  ( -47.30000000000000426, -16.00000000000000000, 33.99999999999999289 ) ) ;
#590 = FACE_OUTER_BOUND ( 'NONE', #3483, .T. ) ;
#591 = DIRECTION ( 'NONE',  ( 0.000000000000000000, 0.000000000000000000, 1.000000000000000000 ) ) ;
#592 = ORIENTED_EDGE ( 'NONE', *, *, #2719, .T. ) ;
#593 = ORIENTED_EDGE ( 'NONE', *, *, #240, .F. ) ;
#594 = DIRECTION ( 'NONE',  ( 1.000000000000000000, 0.000000000000000000, -1.067522139062649685E-15 ) ) ;
#595 = CARTESIAN_POINT ( 'NONE',  ( 39.50000000000000000, -14.00000000000000000, 39.50000000000000711 ) ) ;
#596 = EDGE_CURVE ( 'NONE', #1219, #3715, #2151, .T. ) ;
#597 = CARTESIAN_POINT ( 'NONE',  ( 39.99999999999999289, -35.00000000000000000, 43.50000000000000000 ) ) ;
#598 = DIRECTION ( 'NONE',  ( 0.000000000000000000, 0.000000000000000000, -1.000000000000000000 ) ) ;
#599 = DIRECTION ( 'NONE',  ( -6.195440985631456550E-17, -1.000000000000000000, 0.000000000000000000 ) ) ;
#600 = ORIENTED_EDGE ( 'NONE', *, *, #3688, .F. ) ;
#601 = ORIENTED_EDGE ( 'NONE', *, *, #2799, .F. ) ;
#602 = CARTESIAN_POINT ( 'NONE',  ( -43.49999999999999289, -24.00000000000000355, -43.50000000000001421 ) ) ;
#603 = ADVANCED_FACE ( 'NONE', ( #3620 ), #716, .F. ) ;
#604 = DIRECTION ( 'NONE',  ( -1.000000000000000000, 0.000000000000000000, 0.000000000000000000 ) ) ;
#605 = EDGE_CURVE ( 'NONE', #671, #3265, #3915, .T. ) ;
#606 = EDGE_LOOP ( 'NONE', ( #842, #3734 ) ) ;
#607 = ORIENTED_EDGE ( 'NONE', *, *, #2784, .F. ) ;
#608 = EDGE_CURVE ( 'NONE', #2580, #4628, #2540, .T. ) ;
#609 = DIRECTION ( 'NONE',  ( 0.000000000000000000, -1.000000000000000000, 0.000000000000000000 ) ) ;
#610 = DIRECTION ( 'NONE',  ( 0.000000000000000000, 0.000000000000000000, 1.000000000000000000 ) ) ;
#611 = ORIENTED_EDGE ( 'NONE', *, *, #3214, .T. ) ;
#612 = ORIENTED_EDGE ( 'NONE', *, *, #2943, .F. ) ;
#613 = CARTESIAN_POINT ( 'NONE',  ( -47.30000000000000426, -26.00000000000000355, 36.00000000000000711 ) ) ;
#614 = DIRECTION ( 'NONE',  ( -0.000000000000000000, -0.000000000000000000, 1.000000000000000000 ) ) ;
#615 = CARTESIAN_POINT ( 'NONE',  ( 40.00000000000000000, -35.00000000000000000, 41.05000000000000426 ) ) ;
#616 = FACE_OUTER_BOUND ( 'NONE', #3970, .T. ) ;
#617 = VECTOR ( 'NONE', #3168, 1000.000000000000000 ) ;
#618 = ORIENTED_EDGE ( 'NONE', *, *, #567, .T. ) ;
#619 = VERTEX_POINT ( 'NONE', #1815 ) ;
#620 = DIRECTION ( 'NONE',  ( -0.000000000000000000, 1.000000000000000000, 0.000000000000000000 ) ) ;
#621 = CIRCLE ( 'NONE', #1302, 1.000000000000000888 ) ;
#622 = DIRECTION ( 'NONE',  ( 0.000000000000000000, 0.000000000000000000, 1.000000000000000000 ) ) ;
#623 = DIRECTION ( 'NONE',  ( -0.000000000000000000, 1.000000000000000000, -0.000000000000000000 ) ) ;
#624 = LINE ( 'NONE', #3173, #4168 ) ;
#625 = ORIENTED_EDGE ( 'NONE', *, *, #96, .T. ) ;
#626 = VECTOR ( 'NONE', #2170, 1000.000000000000000 ) ;
#627 = VERTEX_POINT ( 'NONE', #3690 ) ;
#628 = VECTOR ( 'NONE', #1648, 1000.000000000000000 ) ;
#629 = DIRECTION ( 'NONE',  ( 0.000000000000000000, 0.000000000000000000, -1.000000000000000000 ) ) ;
#630 = FACE_OUTER_BOUND ( 'NONE', #928, .T. ) ;
#631 = EDGE_LOOP ( 'NONE', ( #1215, #2063, #2033, #2742 ) ) ;
#632 = ORIENTED_EDGE ( 'NONE', *, *, #1832, .T. ) ;
#633 = ADVANCED_FACE ( 'NONE', ( #2918 ), #1835, .F. ) ;
#634 = AXIS2_PLACEMENT_3D ( 'NONE', #3826, #811, #2700 ) ;
#635 = FACE_OUTER_BOUND ( 'NONE', #142, .T. ) ;
#636 = DIRECTION ( 'NONE',  ( 0.000000000000000000, 0.000000000000000000, -1.000000000000000000 ) ) ;
#637 = AXIS2_PLACEMENT_3D ( 'NONE', #4228, #3900, #610 ) ;
#638 = ADVANCED_FACE ( 'NONE', ( #4406 ), #2589, .T. ) ;
#639 = VERTEX_POINT ( 'NONE', #4673 ) ;
#640 = ORIENTED_EDGE ( 'NONE', *, *, #4205, .T. ) ;
#641 = DIRECTION ( 'NONE',  ( 0.000000000000000000, 0.000000000000000000, -1.000000000000000000 ) ) ;
#642 = CARTESIAN_POINT ( 'NONE',  ( -40.00000000000000000, -14.00000000000000000, 43.50000000000000000 ) ) ;
#643 = UNCERTAINTY_MEASURE_WITH_UNIT (LENGTH_MEASURE( 1.000000000000000082E-05 ), #1611, 'distance_accuracy_value', 'NONE');
#644 = LINE ( 'NONE', #2108, #3190 ) ;
#645 = CIRCLE ( 'NONE', #1712, 1.250000000000001110 ) ;
#646 = ORIENTED_EDGE ( 'NONE', *, *, #3591, .F. ) ;
#647 = PLANE ( 'NONE',  #2148 ) ;
#648 = DIRECTION ( 'NONE',  ( -0.000000000000000000, 1.000000000000000000, -0.000000000000000000 ) ) ;
#649 = FACE_BOUND ( 'NONE', #836, .T. ) ;
#650 = FACE_BOUND ( 'NONE', #1601, .T. ) ;
#651 = VERTEX_POINT ( 'NONE', #3825 ) ;
#652 = CIRCLE ( 'NONE', #3263, 2.000000000000001776 ) ;
#653 = ORIENTED_EDGE ( 'NONE', *, *, #453, .F. ) ;
#654 = DIRECTION ( 'NONE',  ( -0.000000000000000000, 1.000000000000000000, -0.000000000000000000 ) ) ;
#655 = VECTOR ( 'NONE', #2475, 1000.000000000000000 ) ;
#656 = DIRECTION ( 'NONE',  ( 0.000000000000000000, -1.000000000000000000, 0.000000000000000000 ) ) ;
#657 = EDGE_LOOP ( 'NONE', ( #1834, #4114, #4361, #839 ) ) ;
#658 = DIRECTION ( 'NONE',  ( 1.000000000000000000, -0.000000000000000000, -1.460819769243627377E-16 ) ) ;
#659 = ORIENTED_EDGE ( 'NONE', *, *, #1125, .T. ) ;
#660 = AXIS2_PLACEMENT_3D ( 'NONE', #4283, #3572, #1253 ) ;
#661 = DIRECTION ( 'NONE',  ( 0.000000000000000000, 0.000000000000000000, -1.000000000000000000 ) ) ;
#662 = CARTESIAN_POINT ( 'NONE',  ( 44.49999999999998579, -1.000000000000000000, -47.50000000000001421 ) ) ;
#663 = EDGE_CURVE ( 'NONE', #1522, #2122, #2843, .T. ) ;
#664 = AXIS2_PLACEMENT_3D ( 'NONE', #3163, #1331, #536 ) ;
#665 = EDGE_LOOP ( 'NONE', ( #71, #4327, #3226, #2643 ) ) ;
#666 = FACE_OUTER_BOUND ( 'NONE', #371, .T. ) ;
#667 = CARTESIAN_POINT ( 'NONE',  ( 39.99999999999999289, -35.00000000000000000, 39.99999999999999289 ) ) ;
#668 = EDGE_CURVE ( 'NONE', #2634, #3051, #309, .T. ) ;
#669 = ADVANCED_FACE ( 'NONE', ( #251 ), #3516, .F. ) ;
#670 = DIRECTION ( 'NONE',  ( 0.000000000000000000, 0.000000000000000000, 1.000000000000000000 ) ) ;
#671 = VERTEX_POINT ( 'NONE', #171 ) ;
#672 = CARTESIAN_POINT ( 'NONE',  ( -37.00000000000000000, -24.00000000000000355, 39.49999999999999289 ) ) ;
#673 = ADVANCED_FACE ( 'NONE', ( #1637 ), #3931, .F. ) ;
#674 = LINE ( 'NONE', #1073, #4335 ) ;
#675 = PLANE ( 'NONE',  #3639 ) ;
#676 = ORIENTED_EDGE ( 'NONE', *, *, #4550, .F. ) ;
#677 = ORIENTED_EDGE ( 'NONE', *, *, #685, .T. ) ;
#678 = FILL_AREA_STYLE_COLOUR ( '', #2099 ) ;
#679 = LINE ( 'NONE', #2905, #3176 ) ;
#680 = ORIENTED_EDGE ( 'NONE', *, *, #3535, .T. ) ;
#681 = PLANE ( 'NONE',  #1555 ) ;
#682 = EDGE_LOOP ( 'NONE', ( #3114, #3082, #3386, #1987 ) ) ;
#683 = FACE_OUTER_BOUND ( 'NONE', #786, .T. ) ;
#684 = LINE ( 'NONE', #3611, #2934 ) ;
#685 = EDGE_CURVE ( 'NONE', #2056, #4449, #952, .T. ) ;
#686 = DIRECTION ( 'NONE',  ( 1.000000000000000000, 0.000000000000000000, -1.460819769243627131E-16 ) ) ;
#687 = CARTESIAN_POINT ( 'NONE',  ( 47.50000000000000000, -6.000000000000000000, 34.99999999999999289 ) ) ;
#688 = DIRECTION ( 'NONE',  ( 1.000000000000000000, -0.000000000000000000, 1.460819769243627131E-16 ) ) ;
#689 = ORIENTED_EDGE ( 'NONE', *, *, #1976, .F. ) ;
#690 = ADVANCED_FACE ( 'NONE', ( #2416 ), #4568, .F. ) ;
#691 = DIRECTION ( 'NONE',  ( 0.000000000000000000, -1.000000000000000000, 0.000000000000000000 ) ) ;
#692 = DIRECTION ( 'NONE',  ( -0.000000000000000000, -0.000000000000000000, 1.000000000000000000 ) ) ;
#693 = VECTOR ( 'NONE', #1337, 1000.000000000000000 ) ;
#694 = DIRECTION ( 'NONE',  ( 0.000000000000000000, -0.000000000000000000, 1.000000000000000000 ) ) ;
#695 = FACE_BOUND ( 'NONE', #2687, .T. ) ;
#696 = ORIENTED_EDGE ( 'NONE', *, *, #1943, .F. ) ;
#697 = EDGE_LOOP ( 'NONE', ( #4105, #3743, #3696, #2453 ) ) ;
#698 = EDGE_CURVE ( 'NONE', #4500, #4540, #3160, .T. ) ;
#699 = VECTOR ( 'NONE', #861, 1000.000000000000000 ) ;
#700 = DIRECTION ( 'NONE',  ( -1.858632295689437335E-16, 1.000000000000000000, 2.898169057565063953E-32 ) ) ;
#701 = DIRECTION ( 'NONE',  ( 1.000000000000000000, 0.000000000000000000, -1.460819769243627131E-16 ) ) ;
#702 = VERTEX_POINT ( 'NONE', #3881 ) ;
#703 = DIRECTION ( 'NONE',  ( -0.000000000000000000, 1.000000000000000000, -0.000000000000000000 ) ) ;
#704 = AXIS2_PLACEMENT_3D ( 'NONE', #780, #2269, #3710 ) ;
#705 = EDGE_LOOP ( 'NONE', ( #1053, #1674, #3744, #3306 ) ) ;
#706 = VECTOR ( 'NONE', #1735, 1000.000000000000000 ) ;
#707 = AXIS2_PLACEMENT_3D ( 'NONE', #4551, #154, #598 ) ;
#708 = DIRECTION ( 'NONE',  ( -0.000000000000000000, 1.000000000000000000, 0.000000000000000000 ) ) ;
#709 = DIRECTION ( 'NONE',  ( 0.000000000000000000, -1.000000000000000000, 0.000000000000000000 ) ) ;
#710 = AXIS2_PLACEMENT_3D ( 'NONE', #2609, #4429, #2181 ) ;
#711 = CARTESIAN_POINT ( 'NONE',  ( -39.50000000000000000, -14.00000000000000000, 0.000000000000000000 ) ) ;
#712 = AXIS2_PLACEMENT_3D ( 'NONE', #1855, #2200, #760 ) ;
#713 = FACE_OUTER_BOUND ( 'NONE', #3454, .T. ) ;
#714 = DIRECTION ( 'NONE',  ( 1.000000000000000000, -0.000000000000000000, 1.460819769243627131E-16 ) ) ;
#715 = VERTEX_POINT ( 'NONE', #198 ) ;
#716 = CYLINDRICAL_SURFACE ( 'NONE', #4596, 1.000000000000000888 ) ;
#717 = FACE_OUTER_BOUND ( 'NONE', #1266, .T. ) ;
#718 = AXIS2_PLACEMENT_3D ( 'NONE', #3456, #3178, #160 ) ;
#719 = DIRECTION ( 'NONE',  ( 0.000000000000000000, 1.000000000000000000, 0.000000000000000000 ) ) ;
#720 = EDGE_CURVE ( 'NONE', #3108, #3894, #4600, .T. ) ;
#721 = CARTESIAN_POINT ( 'NONE',  ( -47.29999999999999005, -25.99999999999999645, -35.00000000000001421 ) ) ;
#722 = VERTEX_POINT ( 'NONE', #4592 ) ;
#723 = EDGE_LOOP ( 'NONE', ( #1981, #1651, #4460, #2906 ) ) ;
#724 = VECTOR ( 'NONE', #114, 1000.000000000000000 ) ;
#725 = DIRECTION ( 'NONE',  ( -0.000000000000000000, 1.000000000000000000, -0.000000000000000000 ) ) ;
#726 = DIRECTION ( 'NONE',  ( -1.460819769243627131E-16, 0.000000000000000000, -1.000000000000000000 ) ) ;
#727 = ADVANCED_FACE ( 'NONE', ( #4258 ), #3189, .F. ) ;
#728 = VERTEX_POINT ( 'NONE', #278 ) ;
#729 = CARTESIAN_POINT ( 'NONE',  ( -40.00000000000000000, -35.00000000000000000, -40.00000000000000000 ) ) ;
#730 = CIRCLE ( 'NONE', #877, 2.500000000000000000 ) ;
#731 = ORIENTED_EDGE ( 'NONE', *, *, #103, .T. ) ;
#732 = VECTOR ( 'NONE', #2568, 1000.000000000000000 ) ;
#733 = CARTESIAN_POINT ( 'NONE',  ( -41.50000000000000000, -14.00000000000000000, 37.00000000000000000 ) ) ;
#734 = CARTESIAN_POINT ( 'NONE',  ( -44.50000000000000000, 0.000000000000000000, 46.49999999999998579 ) ) ;
#735 = EDGE_CURVE ( 'NONE', #747, #3069, #3903, .T. ) ;
#736 = AXIS2_PLACEMENT_3D ( 'NONE', #3890, #3554, #2855 ) ;
#737 = DIRECTION ( 'NONE',  ( -0.000000000000000000, 1.000000000000000000, -0.000000000000000000 ) ) ;
#738 = CIRCLE ( 'NONE', #2267, 3.500000000000003109 ) ;
#739 = DIRECTION ( 'NONE',  ( -0.000000000000000000, -1.000000000000000000, -0.000000000000000000 ) ) ;
#740 = DIRECTION ( 'NONE',  ( -1.000000000000000000, -0.000000000000000000, -1.460819769243627377E-16 ) ) ;
#741 = ORIENTED_EDGE ( 'NONE', *, *, #4687, .F. ) ;
#742 = DIRECTION ( 'NONE',  ( 0.000000000000000000, -1.000000000000000000, 0.000000000000000000 ) ) ;
#743 = DIRECTION ( 'NONE',  ( 1.000000000000000000, -0.000000000000000000, 1.460819769243627131E-16 ) ) ;
#744 = DIRECTION ( 'NONE',  ( -0.000000000000000000, 1.000000000000000000, -0.000000000000000000 ) ) ;
#745 = CARTESIAN_POINT ( 'NONE',  ( -25.99999999999999645, -36.00000000000000711, -46.70000000000002416 ) ) ;
#746 = VERTEX_POINT ( 'NONE', #3544 ) ;
#747 = VERTEX_POINT ( 'NONE', #1714 ) ;
#748 = EDGE_CURVE ( 'NONE', #3422, #1127, #621, .T. ) ;
#749 = DIRECTION ( 'NONE',  ( 1.460819769243627131E-16, 0.000000000000000000, 1.000000000000000000 ) ) ;
#750 = CARTESIAN_POINT ( 'NONE',  ( 39.99999999999999289, -24.00000000000000355, 39.99999999999999289 ) ) ;
#751 = ORIENTED_EDGE ( 'NONE', *, *, #183, .F. ) ;
#752 = FACE_OUTER_BOUND ( 'NONE', #4707, .T. ) ;
#753 = ORIENTED_EDGE ( 'NONE', *, *, #4328, .F. ) ;
#754 = ADVANCED_FACE ( 'NONE', ( #4334 ), #2174, .F. ) ;
#755 = EDGE_CURVE ( 'NONE', #770, #356, #1026, .T. ) ;
#756 = LINE ( 'NONE', #3476, #4520 ) ;
#757 = CARTESIAN_POINT ( 'NONE',  ( 23.99999999999998224, 55.99999999999995026, -43.50000000000000000 ) ) ;
#758 = EDGE_CURVE ( 'NONE', #2481, #2126, #3300, .T. ) ;
#759 = CARTESIAN_POINT ( 'NONE',  ( -37.00000000000000711, -24.00000000000000355, 41.49999999999998579 ) ) ;
#760 = DIRECTION ( 'NONE',  ( 0.000000000000000000, 0.000000000000000000, -1.000000000000000000 ) ) ;
#761 = DIRECTION ( 'NONE',  ( -1.000000000000000000, 0.000000000000000000, -2.011273595335428819E-16 ) ) ;
#762 = ORIENTED_EDGE ( 'NONE', *, *, #2889, .T. ) ;
#763 = DIRECTION ( 'NONE',  ( 1.000000000000000000, 0.000000000000000000, -1.460819769243627131E-16 ) ) ;
#764 = CYLINDRICAL_SURFACE ( 'NONE', #3106, 2.000000000000000000 ) ;
#765 = PLANE ( 'NONE',  #343 ) ;
#766 = EDGE_LOOP ( 'NONE', ( #2137, #3662, #425, #1168, #523, #3556, #904, #1297, #1462, #2960, #4355, #1580, #2356, #3143, #816, #1478, #1417, #1643, #884, #1946 ) ) ;
#767 = ORIENTED_EDGE ( 'NONE', *, *, #870, .T. ) ;
#768 = LINE ( 'NONE', #18, #4075 ) ;
#769 = LINE ( 'NONE', #1730, #3944 ) ;
#770 = VERTEX_POINT ( 'NONE', #1114 ) ;
#771 = LINE ( 'NONE', #46, #4096 ) ;
#772 = ORIENTED_EDGE ( 'NONE', *, *, #3123, .F. ) ;
#773 = AXIS2_PLACEMENT_3D ( 'NONE', #4192, #1936, #2370 ) ;
#774 = DIRECTION ( 'NONE',  ( -0.000000000000000000, 1.000000000000000000, -0.000000000000000000 ) ) ;
#775 = VECTOR ( 'NONE', #3852, 1000.000000000000000 ) ;
#776 = CARTESIAN_POINT ( 'NONE',  ( -41.49999999999998579, 0.000000000000000000, -34.99999999999999289 ) ) ;
#777 = EDGE_CURVE ( 'NONE', #1522, #4337, #3640, .T. ) ;
#778 = AXIS2_PLACEMENT_3D ( 'NONE', #896, #3460, #1658 ) ;
#779 = AXIS2_PLACEMENT_3D ( 'NONE', #2928, #2596, #3985 ) ;
#780 = CARTESIAN_POINT ( 'NONE',  ( 41.49999999999999289, 0.000000000000000000, 4.500000000000000888 ) ) ;
#781 = CARTESIAN_POINT ( 'NONE',  ( 47.29999999999999005, -15.99999999999999289, -35.00000000000000711 ) ) ;
#782 = AXIS2_PLACEMENT_3D ( 'NONE', #3862, #2035, #622 ) ;
#783 = DIRECTION ( 'NONE',  ( 0.000000000000000000, -1.000000000000000000, 0.000000000000000000 ) ) ;
#784 = ADVANCED_FACE ( 'NONE', ( #4350 ), #2585, .F. ) ;
#785 = CARTESIAN_POINT ( 'NONE',  ( -41.49999999999998579, -24.00000000000000355, -37.00000000000000000 ) ) ;
#786 = EDGE_LOOP ( 'NONE', ( #4179, #4078, #2563, #4270 ) ) ;
#787 = AXIS2_PLACEMENT_3D ( 'NONE', #2848, #172, #3191 ) ;
#788 = CYLINDRICAL_SURFACE ( 'NONE', #710, 1.250000000000001110 ) ;
#789 = LINE ( 'NONE', #107, #3649 ) ;
#790 = CARTESIAN_POINT ( 'NONE',  ( -36.99999999999999289, 0.000000000000000000, -37.00000000000000000 ) ) ;
#791 = CIRCLE ( 'NONE', #1547, 2.000000000000001776 ) ;
#792 = ORIENTED_EDGE ( 'NONE', *, *, #1473, .F. ) ;
#793 = ORIENTED_EDGE ( 'NONE', *, *, #3800, .T. ) ;
#794 = DIRECTION ( 'NONE',  ( 0.000000000000000000, 0.000000000000000000, 1.000000000000000000 ) ) ;
#795 = CIRCLE ( 'NONE', #1472, 2.500000000000000000 ) ;
#796 = ORIENTED_EDGE ( 'NONE', *, *, #1954, .F. ) ;
#797 = CARTESIAN_POINT ( 'NONE',  ( -44.49999999999999289, 0.000000000000000000, -43.25000000000000000 ) ) ;
#798 = EDGE_LOOP ( 'NONE', ( #236, #4308 ) ) ;
#799 = AXIS2_PLACEMENT_3D ( 'NONE', #2454, #2090, #266 ) ;
#800 = FACE_OUTER_BOUND ( 'NONE', #665, .T. ) ;
#801 = VECTOR ( 'NONE', #4318, 1000.000000000000000 ) ;
#802 = DIRECTION ( 'NONE',  ( 0.000000000000000000, 0.000000000000000000, -1.000000000000000000 ) ) ;
#803 = ORIENTED_EDGE ( 'NONE', *, *, #1363, .T. ) ;
#804 = EDGE_CURVE ( 'NONE', #821, #3965, #3282, .T. ) ;
#805 = LINE ( 'NONE', #435, #2381 ) ;
#806 = CARTESIAN_POINT ( 'NONE',  ( 35.00000000000000000, -24.00000000000000355, 43.50000000000000000 ) ) ;
#807 = AXIS2_PLACEMENT_3D ( 'NONE', #55, #1516, #2988 ) ;
#808 = CARTESIAN_POINT ( 'NONE',  ( -47.50000000000000000, -16.00000000000000000, 36.00000000000000000 ) ) ;
#809 = ORIENTED_EDGE ( 'NONE', *, *, #1762, .F. ) ;
#810 = EDGE_CURVE ( 'NONE', #2115, #257, #3991, .T. ) ;
#811 = DIRECTION ( 'NONE',  ( 0.000000000000000000, -1.000000000000000000, 0.000000000000000000 ) ) ;
#812 = EDGE_CURVE ( 'NONE', #4572, #2793, #1456, .T. ) ;
#813 = DIRECTION ( 'NONE',  ( 0.000000000000000000, 0.000000000000000000, -1.000000000000000000 ) ) ;
#814 = DIRECTION ( 'NONE',  ( 0.000000000000000000, 0.000000000000000000, -1.000000000000000000 ) ) ;
#815 = VERTEX_POINT ( 'NONE', #2559 ) ;
#816 = ORIENTED_EDGE ( 'NONE', *, *, #925, .T. ) ;
#817 = ADVANCED_FACE ( 'NONE', ( #1402, #2128 ), #1811, .F. ) ;
#818 = FACE_OUTER_BOUND ( 'NONE', #4319, .T. ) ;
#819 = ORIENTED_EDGE ( 'NONE', *, *, #720, .T. ) ;
#820 = CARTESIAN_POINT ( 'NONE',  ( 43.50000000000000000, -14.00000000000000000, 35.00000000000000000 ) ) ;
#821 = VERTEX_POINT ( 'NONE', #1442 ) ;
#822 = EDGE_LOOP ( 'NONE', ( #4734, #890, #4324, #2120 ) ) ;
#823 = DIRECTION ( 'NONE',  ( -1.067522139062650671E-15, 0.000000000000000000, 1.000000000000000000 ) ) ;
#824 = DIRECTION ( 'NONE',  ( 1.000000000000000000, 0.000000000000000000, 0.000000000000000000 ) ) ;
#825 = ORIENTED_EDGE ( 'NONE', *, *, #3954, .T. ) ;
#826 = CARTESIAN_POINT ( 'NONE',  ( 37.00000000000000000, -24.00000000000000355, 0.000000000000000000 ) ) ;
#827 = DIRECTION ( 'NONE',  ( 0.000000000000000000, 0.000000000000000000, -1.000000000000000000 ) ) ;
#828 = CARTESIAN_POINT ( 'NONE',  ( 41.49999999999999289, -24.00000000000000355, 2.500000000000000000 ) ) ;
#829 = EDGE_CURVE ( 'NONE', #3701, #2819, #1066, .T. ) ;
#830 = VERTEX_POINT ( 'NONE', #3975 ) ;
#831 = DIRECTION ( 'NONE',  ( 0.000000000000000000, 0.000000000000000000, 1.000000000000000000 ) ) ;
#832 = CARTESIAN_POINT ( 'NONE',  ( 47.30000000000000426, -26.00000000000000355, 35.00000000000000000 ) ) ;
#833 = FACE_OUTER_BOUND ( 'NONE', #134, .T. ) ;
#834 = EDGE_CURVE ( 'NONE', #1076, #193, #535, .T. ) ;
#835 = ORIENTED_EDGE ( 'NONE', *, *, #829, .F. ) ;
#836 = EDGE_LOOP ( 'NONE', ( #3966, #1664 ) ) ;
#837 = DIRECTION ( 'NONE',  ( -0.000000000000000000, 1.000000000000000000, -0.000000000000000000 ) ) ;
#838 = CARTESIAN_POINT ( 'NONE',  ( -44.49999999999999289, -35.00000000000000000, -44.50000000000000000 ) ) ;
#839 = ORIENTED_EDGE ( 'NONE', *, *, #4269, .F. ) ;
#840 = DIRECTION ( 'NONE',  ( 0.000000000000000000, -1.000000000000000000, 0.000000000000000000 ) ) ;
#841 = EDGE_CURVE ( 'NONE', #2627, #1624, #321, .T. ) ;
#842 = ORIENTED_EDGE ( 'NONE', *, *, #3278, .T. ) ;
#843 = DIRECTION ( 'NONE',  ( 0.000000000000000000, 0.000000000000000000, 1.000000000000000000 ) ) ;
#844 = CIRCLE ( 'NONE', #2070, 1.000000000000000888 ) ;
#845 = ORIENTED_EDGE ( 'NONE', *, *, #3603, .F. ) ;
#846 = AXIS2_PLACEMENT_3D ( 'NONE', #3537, #3104, #1269 ) ;
#847 = DIRECTION ( 'NONE',  ( -1.000000000000000000, 0.000000000000000000, -0.000000000000000000 ) ) ;
#848 = LINE ( 'NONE', #3779, #2172 ) ;
#849 = CARTESIAN_POINT ( 'NONE',  ( 47.30000000000000426, -6.000000000000000000, 34.99999999999999289 ) ) ;
#850 = AXIS2_PLACEMENT_3D ( 'NONE', #2648, #1177, #3320 ) ;
#851 = ORIENTED_EDGE ( 'NONE', *, *, #735, .T. ) ;
#852 = AXIS2_PLACEMENT_3D ( 'NONE', #79, #1164, #3374 ) ;
#853 = CYLINDRICAL_SURFACE ( 'NONE', #4529, 2.000000000000001776 ) ;
#854 = AXIS2_PLACEMENT_3D ( 'NONE', #473, #406, #3746 ) ;
#855 = EDGE_CURVE ( 'NONE', #3809, #4511, #4373, .T. ) ;
#856 = DIRECTION ( 'NONE',  ( 1.000000000000000000, -0.000000000000000000, -1.460819769243627377E-16 ) ) ;
#857 = CARTESIAN_POINT ( 'NONE',  ( 39.50000000000000000, 0.000000000000000000, 0.000000000000000000 ) ) ;
#858 = ORIENTED_EDGE ( 'NONE', *, *, #605, .F. ) ;
#859 = AXIS2_PLACEMENT_3D ( 'NONE', #4336, #1050, #3976 ) ;
#860 = EDGE_LOOP ( 'NONE', ( #1542, #2003, #2675, #83 ) ) ;
#861 = DIRECTION ( 'NONE',  ( -1.000000000000000000, -0.000000000000000000, -9.376883653928686131E-17 ) ) ;
#862 = ADVANCED_FACE ( 'NONE', ( #666 ), #4, .T. ) ;
#863 = CIRCLE ( 'NONE', #4231, 1.250000000000001110 ) ;
#864 = ORIENTED_EDGE ( 'NONE', *, *, #1657, .T. ) ;
#865 = DIRECTION ( 'NONE',  ( -1.000000000000000000, -0.000000000000000000, -1.460819769243627377E-16 ) ) ;
#866 = VERTEX_POINT ( 'NONE', #759 ) ;
#867 = VECTOR ( 'NONE', #3006, 1000.000000000000000 ) ;
#868 = ADVANCED_FACE ( 'NONE', ( #3324 ), #3592, .T. ) ;
#869 = CARTESIAN_POINT ( 'NONE',  ( 44.49999999999999289, 0.000000000000000000, -43.25000000000000000 ) ) ;
#870 = EDGE_CURVE ( 'NONE', #3644, #1219, #4514, .T. ) ;
#871 = VECTOR ( 'NONE', #2816, 1000.000000000000000 ) ;
#872 = ORIENTED_EDGE ( 'NONE', *, *, #970, .F. ) ;
#873 = EDGE_CURVE ( 'NONE', #493, #1985, #457, .T. ) ;
#874 = CARTESIAN_POINT ( 'NONE',  ( -37.00000000000000000, 0.000000000000000000, 36.99999999999999289 ) ) ;
#875 = DIRECTION ( 'NONE',  ( 0.000000000000000000, 0.000000000000000000, 1.000000000000000000 ) ) ;
#876 = CARTESIAN_POINT ( 'NONE',  ( 43.50000000000000000, -14.00000000000000000, 43.50000000000000000 ) ) ;
#877 = AXIS2_PLACEMENT_3D ( 'NONE', #2121, #3463, #3586 ) ;
#878 = ORIENTED_EDGE ( 'NONE', *, *, #4378, .T. ) ;
#879 = ORIENTED_EDGE ( 'NONE', *, *, #4139, .F. ) ;
#880 = AXIS2_PLACEMENT_3D ( 'NONE', #3219, #2429, #599 ) ;
#881 = LINE ( 'NONE', #2343, #4698 ) ;
#882 = CARTESIAN_POINT ( 'NONE',  ( 43.50000000000000000, -14.00000000000000000, 43.50000000000000000 ) ) ;
#883 = DIRECTION ( 'NONE',  ( -0.000000000000000000, 1.000000000000000000, -0.000000000000000000 ) ) ;
#884 = ORIENTED_EDGE ( 'NONE', *, *, #3123, .T. ) ;
#885 = AXIS2_PLACEMENT_3D ( 'NONE', #32, #1495, #2967 ) ;
#886 = ORIENTED_EDGE ( 'NONE', *, *, #2976, .F. ) ;
#887 = DIRECTION ( 'NONE',  ( 0.000000000000000000, -1.000000000000000000, 0.000000000000000000 ) ) ;
#888 = CARTESIAN_POINT ( 'NONE',  ( -44.50000000000001421, 0.000000000000000000, 44.50000000000000000 ) ) ;
#889 = CARTESIAN_POINT ( 'NONE',  ( 44.49999999999998579, -36.00000000000000711, -44.50000000000001421 ) ) ;
#890 = ORIENTED_EDGE ( 'NONE', *, *, #2578, .T. ) ;
#891 = EDGE_CURVE ( 'NONE', #2822, #2278, #2604, .T. ) ;
#892 = CARTESIAN_POINT ( 'NONE',  ( -40.00000000000000000, -24.00000000000000355, 38.94999999999999574 ) ) ;
#893 = ORIENTED_EDGE ( 'NONE', *, *, #4617, .T. ) ;
#894 = ORIENTED_EDGE ( 'NONE', *, *, #2896, .T. ) ;
#895 = ADVANCED_FACE ( 'NONE', ( #1582 ), #2653, .F. ) ;
#896 = CARTESIAN_POINT ( 'NONE',  ( -39.99999999999998579, -14.00000000000000000, -39.99999999999999289 ) ) ;
#897 = DIRECTION ( 'NONE',  ( -0.000000000000000000, -1.000000000000000000, -0.000000000000000000 ) ) ;
#898 = LINE ( 'NONE', #527, #2256 ) ;
#899 = EDGE_CURVE ( 'NONE', #1371, #921, #1150, .T. ) ;
#900 = ORIENTED_EDGE ( 'NONE', *, *, #2603, .F. ) ;
#901 = DIRECTION ( 'NONE',  ( 0.000000000000000000, -1.000000000000000000, 0.000000000000000000 ) ) ;
#902 = DIRECTION ( 'NONE',  ( -0.000000000000000000, 1.000000000000000000, -0.000000000000000000 ) ) ;
#903 = DIRECTION ( 'NONE',  ( -1.559302000878028960E-16, 0.000000000000000000, -1.000000000000000000 ) ) ;
#904 = ORIENTED_EDGE ( 'NONE', *, *, #2516, .F. ) ;
#905 = ORIENTED_EDGE ( 'NONE', *, *, #777, .F. ) ;
#906 = LINE ( 'NONE', #1258, #4065 ) ;
#907 = CARTESIAN_POINT ( 'NONE',  ( 40.00000000000000000, -24.00000000000000355, 1.050000000000002265 ) ) ;
#908 = DIRECTION ( 'NONE',  ( 1.000000000000000000, -0.000000000000000000, -1.460819769243627377E-16 ) ) ;
#909 = DIRECTION ( 'NONE',  ( -0.000000000000000000, 1.000000000000000000, -0.000000000000000000 ) ) ;
#910 = DIRECTION ( 'NONE',  ( 0.000000000000000000, 0.000000000000000000, -1.000000000000000000 ) ) ;
#911 = ORIENTED_EDGE ( 'NONE', *, *, #3535, .F. ) ;
#912 = ORIENTED_EDGE ( 'NONE', *, *, #1445, .T. ) ;
#913 = DIRECTION ( 'NONE',  ( 1.595148023886719315E-16, 0.000000000000000000, -1.000000000000000000 ) ) ;
#914 = ADVANCED_FACE ( 'NONE', ( #1900 ), #1183, .F. ) ;
#915 = ORIENTED_EDGE ( 'NONE', *, *, #3420, .T. ) ;
#916 = ORIENTED_EDGE ( 'NONE', *, *, #2981, .T. ) ;
#917 = CARTESIAN_POINT ( 'NONE',  ( -39.50000000000000000, -24.00000000000000355, -2.500000000000000000 ) ) ;
#918 = CARTESIAN_POINT ( 'NONE',  ( -44.50000000000000000, -1.000000000000000000, 44.49999999999998579 ) ) ;
#919 = EDGE_CURVE ( 'NONE', #715, #4337, #4092, .T. ) ;
#920 = CYLINDRICAL_SURFACE ( 'NONE', #1944, 1.000000000000000888 ) ;
#921 = VERTEX_POINT ( 'NONE', #826 ) ;
#922 = AXIS2_PLACEMENT_3D ( 'NONE', #1595, #3065, #153 ) ;
#923 = VERTEX_POINT ( 'NONE', #52 ) ;
#924 = DIRECTION ( 'NONE',  ( 0.000000000000000000, 0.000000000000000000, 1.000000000000000000 ) ) ;
#925 = EDGE_CURVE ( 'NONE', #455, #1352, #2152, .T. ) ;
#926 = AXIS2_PLACEMENT_3D ( 'NONE', #2494, #2514, #348 ) ;
#927 = FACE_OUTER_BOUND ( 'NONE', #3491, .T. ) ;
#928 = EDGE_LOOP ( 'NONE', ( #3752, #4506, #1554, #2863 ) ) ;
#929 = ORIENTED_EDGE ( 'NONE', *, *, #507, .F. ) ;
#930 = VECTOR ( 'NONE', #1707, 1000.000000000000000 ) ;
#931 = LINE ( 'NONE', #2397, #617 ) ;
#932 = CARTESIAN_POINT ( 'NONE',  ( 44.49999999999998579, -1.000000000000000000, -44.50000000000001421 ) ) ;
#933 = FACE_BOUND ( 'NONE', #3520, .T. ) ;
#934 = DIRECTION ( 'NONE',  ( 1.000000000000000000, 0.000000000000000000, -1.460819769243627131E-16 ) ) ;
#935 = CARTESIAN_POINT ( 'NONE',  ( 0.000000000000000000, -14.00000000000000000, 0.000000000000000000 ) ) ;
#936 = AXIS2_PLACEMENT_3D ( 'NONE', #3939, #3889, #4213 ) ;
#937 = ORIENTED_EDGE ( 'NONE', *, *, #1268, .F. ) ;
#938 = ORIENTED_EDGE ( 'NONE', *, *, #2707, .T. ) ;
#939 = FACE_BOUND ( 'NONE', #4683, .T. ) ;
#940 = AXIS2_PLACEMENT_3D ( 'NONE', #3683, #389, #3593 ) ;
#941 = CARTESIAN_POINT ( 'NONE',  ( 39.99999999999999289, -14.00000000000000000, 43.50000000000000000 ) ) ;
#942 = ORIENTED_EDGE ( 'NONE', *, *, #1445, .F. ) ;
#943 = ORIENTED_EDGE ( 'NONE', *, *, #1161, .T. ) ;
#944 = AXIS2_PLACEMENT_3D ( 'NONE', #26, #1064, #1828 ) ;
#945 = DIRECTION ( 'NONE',  ( -0.000000000000000000, 0.000000000000000000, 1.000000000000000000 ) ) ;
#946 = CIRCLE ( 'NONE', #3856, 2.000000000000001776 ) ;
#947 = CARTESIAN_POINT ( 'NONE',  ( 44.50000000000000000, -1.000000000000000000, 46.49999999999998579 ) ) ;
#948 = EDGE_LOOP ( 'NONE', ( #3657, #2403, #4737, #1299 ) ) ;
#949 = VECTOR ( 'NONE', #4712, 1000.000000000000000 ) ;
#950 = ORIENTED_EDGE ( 'NONE', *, *, #507, .T. ) ;
#951 = EDGE_CURVE ( 'NONE', #109, #1728, #1842, .T. ) ;
#952 = LINE ( 'NONE', #4281, #4299 ) ;
#953 = DIRECTION ( 'NONE',  ( 0.000000000000000000, -0.000000000000000000, 1.000000000000000000 ) ) ;
#954 = VECTOR ( 'NONE', #2577, 1000.000000000000000 ) ;
#955 = LINE ( 'NONE', #3905, #1956 ) ;
#956 = LINE ( 'NONE', #3885, #3488 ) ;
#957 = ORIENTED_EDGE ( 'NONE', *, *, #810, .T. ) ;
#958 = VERTEX_POINT ( 'NONE', #484 ) ;
#959 = EDGE_CURVE ( 'NONE', #2497, #290, #805, .T. ) ;
#960 = CIRCLE ( 'NONE', #1948, 1.000000000000000888 ) ;
#961 = EDGE_CURVE ( 'NONE', #2168, #2262, #2072, .T. ) ;
#962 = DIRECTION ( 'NONE',  ( -1.000000000000000000, 0.000000000000000000, 0.000000000000000000 ) ) ;
#963 = LINE ( 'NONE', #1360, #2623 ) ;
#964 = DIRECTION ( 'NONE',  ( -1.000000000000000000, 0.000000000000000000, -1.067522139062650671E-15 ) ) ;
#965 = PLANE ( 'NONE',  #2770 ) ;
#966 = CARTESIAN_POINT ( 'NONE',  ( 44.49999999999999289, 0.000000000000000000, 45.75000000000000000 ) ) ;
#967 = AXIS2_PLACEMENT_3D ( 'NONE', #261, #1725, #284 ) ;
#968 = ORIENTED_EDGE ( 'NONE', *, *, #3658, .T. ) ;
#969 = ORIENTED_EDGE ( 'NONE', *, *, #4559, .F. ) ;
#970 = EDGE_CURVE ( 'NONE', #307, #3527, #4137, .T. ) ;
#971 = VECTOR ( 'NONE', #1590, 1000.000000000000000 ) ;
#972 = DIRECTION ( 'NONE',  ( 0.000000000000000000, 0.000000000000000000, 1.000000000000000000 ) ) ;
#973 = ORIENTED_EDGE ( 'NONE', *, *, #3257, .T. ) ;
#974 = ORIENTED_EDGE ( 'NONE', *, *, #4149, .T. ) ;
#975 = DIRECTION ( 'NONE',  ( -0.000000000000000000, 1.000000000000000000, -0.000000000000000000 ) ) ;
#976 = CYLINDRICAL_SURFACE ( 'NONE', #637, 2.000000000000000000 ) ;
#977 = DIRECTION ( 'NONE',  ( 0.000000000000000000, 0.000000000000000000, 1.000000000000000000 ) ) ;
#978 = CARTESIAN_POINT ( 'NONE',  ( -26.00000000000000000, -1.000000000000000888, -46.50000000000001421 ) ) ;
#979 = LINE ( 'NONE', #1000, #2961 ) ;
#980 = CARTESIAN_POINT ( 'NONE',  ( 44.49999999999998579, -35.00000000000000000, -47.50000000000001421 ) ) ;
#981 = ORIENTED_EDGE ( 'NONE', *, *, #3566, .F. ) ;
#982 = ORIENTED_EDGE ( 'NONE', *, *, #1051, .T. ) ;
#983 = LINE ( 'NONE', #3198, #3459 ) ;
#984 = LINE ( 'NONE', #2450, #1875 ) ;
#985 = ADVANCED_FACE ( 'NONE', ( #3418 ), #3801, .F. ) ;
#986 = DIRECTION ( 'NONE',  ( 0.000000000000000000, 0.000000000000000000, 1.000000000000000000 ) ) ;
#987 = CARTESIAN_POINT ( 'NONE',  ( 44.49999999999999289, 0.000000000000000000, -43.25000000000000000 ) ) ;
#988 = ORIENTED_EDGE ( 'NONE', *, *, #4740, .T. ) ;
#989 = ORIENTED_EDGE ( 'NONE', *, *, #668, .T. ) ;
#990 = DIRECTION ( 'NONE',  ( -1.000000000000000000, -0.000000000000000000, -1.460819769243627377E-16 ) ) ;
#991 = CARTESIAN_POINT ( 'NONE',  ( 43.50000000000000000, -14.00000000000000000, -4.500000000000000888 ) ) ;
#992 = EDGE_CURVE ( 'NONE', #3631, #651, #76, .T. ) ;
#993 = ORIENTED_EDGE ( 'NONE', *, *, #1336, .T. ) ;
#994 = VERTEX_POINT ( 'NONE', #120 ) ;
#995 = LINE ( 'NONE', #164, #4301 ) ;
#996 = CARTESIAN_POINT ( 'NONE',  ( -47.30000000000000426, -16.00000000000000000, 36.00000000000000000 ) ) ;
#997 = EDGE_LOOP ( 'NONE', ( #1655, #767, #3770, #2354, #4661, #196, #1082, #209 ) ) ;
#998 = VERTEX_POINT ( 'NONE', #4066 ) ;
#999 = PLANE ( 'NONE',  #159 ) ;
#1000 = CARTESIAN_POINT ( 'NONE',  ( -40.00000000000000000, -35.00000000000000000, -1.050000000000002265 ) ) ;
#1001 = DIRECTION ( 'NONE',  ( 0.000000000000000000, 0.000000000000000000, -1.000000000000000000 ) ) ;
#1002 = AXIS2_PLACEMENT_3D ( 'NONE', #4380, #1861, #2945 ) ;
#1003 = ORIENTED_EDGE ( 'NONE', *, *, #3164, .T. ) ;
#1004 = VECTOR ( 'NONE', #2069, 1000.000000000000000 ) ;
#1005 = LINE ( 'NONE', #2474, #2081 ) ;
#1006 = LINE ( 'NONE', #1361, #272 ) ;
#1007 = CARTESIAN_POINT ( 'NONE',  ( 44.49999999999998579, -1.000000000000000000, -44.50000000000001421 ) ) ;
#1008 = ORIENTED_EDGE ( 'NONE', *, *, #1241, .T. ) ;
#1009 = CIRCLE ( 'NONE', #4692, 2.500000000000002220 ) ;
#1010 = ADVANCED_FACE ( 'NONE', ( #3052 ), #2694, .F. ) ;
#1011 = PLANE ( 'NONE',  #1325 ) ;
#1012 = CIRCLE ( 'NONE', #237, 1.000000000000000888 ) ;
#1013 = DIRECTION ( 'NONE',  ( 0.000000000000000000, 0.000000000000000000, -1.000000000000000000 ) ) ;
#1014 = ORIENTED_EDGE ( 'NONE', *, *, #17, .F. ) ;
#1015 = DIRECTION ( 'NONE',  ( 0.000000000000000000, 0.000000000000000000, -1.000000000000000000 ) ) ;
#1016 = VERTEX_POINT ( 'NONE', #1880 ) ;
#1017 = VECTOR ( 'NONE', #614, 1000.000000000000000 ) ;
#1018 = EDGE_CURVE ( 'NONE', #3383, #4427, #2765, .T. ) ;
#1019 = EDGE_CURVE ( 'NONE', #4337, #2422, #1682, .T. ) ;
#1020 = DIRECTION ( 'NONE',  ( -0.000000000000000000, 1.000000000000000000, -0.000000000000000000 ) ) ;
#1021 = CARTESIAN_POINT ( 'NONE',  ( -44.49999999999999289, -35.00000000000000000, -44.50000000000000000 ) ) ;
#1022 = AXIS2_PLACEMENT_3D ( 'NONE', #3437, #1604, #3079 ) ;
#1023 = VERTEX_POINT ( 'NONE', #3369 ) ;
#1024 = EDGE_CURVE ( 'NONE', #3464, #770, #4563, .T. ) ;
#1025 = AXIS2_PLACEMENT_3D ( 'NONE', #4037, #2119, #3945 ) ;
#1026 = LINE ( 'NONE', #3261, #3612 ) ;
#1027 = CYLINDRICAL_SURFACE ( 'NONE', #3932, 2.200000000000007283 ) ;
#1028 = CARTESIAN_POINT ( 'NONE',  ( 40.00000000000000000, -35.00000000000000000, 38.94999999999999574 ) ) ;
#1029 = CIRCLE ( 'NONE', #483, 1.000000000000000888 ) ;
#1030 = VERTEX_POINT ( 'NONE', #917 ) ;
#1031 = CARTESIAN_POINT ( 'NONE',  ( -43.50000000000000000, -14.00000000000000000, -2.500000000000000000 ) ) ;
#1032 = AXIS2_PLACEMENT_3D ( 'NONE', #21, #2978, #3730 ) ;
#1033 = CARTESIAN_POINT ( 'NONE',  ( 47.30000000000000426, -6.000000000000000000, 34.99999999999999289 ) ) ;
#1034 = DIRECTION ( 'NONE',  ( -1.000000000000000000, 0.000000000000000000, -0.000000000000000000 ) ) ;
#1035 = CARTESIAN_POINT ( 'NONE',  ( 41.49999999999999289, -14.00000000000000000, -2.500000000000000000 ) ) ;
#1036 = ORIENTED_EDGE ( 'NONE', *, *, #3243, .T. ) ;
#1037 = VECTOR ( 'NONE', #4189, 1000.000000000000000 ) ;
#1038 = ORIENTED_EDGE ( 'NONE', *, *, #2332, .T. ) ;
#1039 = LINE ( 'NONE', #3505, #2177 ) ;
#1040 = AXIS2_PLACEMENT_3D ( 'NONE', #3666, #2897, #1833 ) ;
#1041 = PLANE ( 'NONE',  #330 ) ;
#1042 = EDGE_LOOP ( 'NONE', ( #4391, #3671, #3166, #4084 ) ) ;
#1043 = CYLINDRICAL_SURFACE ( 'NONE', #1481, 2.000000000000001776 ) ;
#1044 = EDGE_CURVE ( 'NONE', #2041, #4590, #3380, .T. ) ;
#1045 = ORIENTED_EDGE ( 'NONE', *, *, #4044, .F. ) ;
#1046 = CYLINDRICAL_SURFACE ( 'NONE', #2620, 1.000000000000000888 ) ;
#1047 = DIRECTION ( 'NONE',  ( -0.000000000000000000, 1.000000000000000000, -0.000000000000000000 ) ) ;
#1048 = EDGE_CURVE ( 'NONE', #4511, #3113, #4255, .T. ) ;
#1049 = DIRECTION ( 'NONE',  ( 0.000000000000000000, 0.000000000000000000, 1.000000000000000000 ) ) ;
#1050 = DIRECTION ( 'NONE',  ( 0.000000000000000000, -1.000000000000000000, 0.000000000000000000 ) ) ;
#1051 = EDGE_CURVE ( 'NONE', #3404, #1365, #1922, .T. ) ;
#1052 = CARTESIAN_POINT ( 'NONE',  ( -36.99999999999999289, -14.00000000000000000, -37.00000000000000000 ) ) ;
#1053 = ORIENTED_EDGE ( 'NONE', *, *, #583, .F. ) ;
#1054 = DIRECTION ( 'NONE',  ( -0.000000000000000000, -1.000000000000000000, -0.000000000000000000 ) ) ;
#1055 = DIRECTION ( 'NONE',  ( 0.000000000000000000, 0.000000000000000000, -1.000000000000000000 ) ) ;
#1056 = CARTESIAN_POINT ( 'NONE',  ( 47.49999999999998579, -15.99999999999999289, -34.00000000000000711 ) ) ;
#1057 = ORIENTED_EDGE ( 'NONE', *, *, #2382, .T. ) ;
#1058 = CARTESIAN_POINT ( 'NONE',  ( 47.29999999999999005, -5.999999999999991118, -35.00000000000000711 ) ) ;
#1059 = DIRECTION ( 'NONE',  ( -0.000000000000000000, 1.000000000000000000, -0.000000000000000000 ) ) ;
#1060 = ORIENTED_EDGE ( 'NONE', *, *, #1863, .T. ) ;
#1061 = DIRECTION ( 'NONE',  ( 1.000000000000000000, 0.000000000000000000, 1.460819769243627131E-16 ) ) ;
#1062 = ORIENTED_EDGE ( 'NONE', *, *, #1807, .F. ) ;
#1063 = CARTESIAN_POINT ( 'NONE',  ( 37.00000000000000000, -24.00000000000000355, -41.49999999999999289 ) ) ;
#1064 = DIRECTION ( 'NONE',  ( 1.000000000000000000, -0.000000000000000000, -1.460819769243627377E-16 ) ) ;
#1065 = ADVANCED_FACE ( 'NONE', ( #4201 ), #2383, .T. ) ;
#1066 = LINE ( 'NONE', #2199, #2996 ) ;
#1067 = CYLINDRICAL_SURFACE ( 'NONE', #2394, 1.000000000000000888 ) ;
#1068 = CARTESIAN_POINT ( 'NONE',  ( -47.29999999999999005, -5.999999999999991118, -35.00000000000000711 ) ) ;
#1069 = ORIENTED_EDGE ( 'NONE', *, *, #2889, .F. ) ;
#1070 = EDGE_CURVE ( 'NONE', #3023, #2781, #2357, .T. ) ;
#1071 = CARTESIAN_POINT ( 'NONE',  ( -47.29999999999999005, -5.999999999999991118, -35.00000000000000711 ) ) ;
#1072 = CIRCLE ( 'NONE', #2991, 1.000000000000000888 ) ;
#1073 = CARTESIAN_POINT ( 'NONE',  ( -40.00000000000000000, -24.00000000000000355, 43.49999999999999289 ) ) ;
#1074 = CARTESIAN_POINT ( 'NONE',  ( 47.49999999999998579, -35.00000000000000000, -47.50000000000001421 ) ) ;
#1075 = ORIENTED_EDGE ( 'NONE', *, *, #2095, .T. ) ;
#1076 = VERTEX_POINT ( 'NONE', #3844 ) ;
#1077 = EDGE_CURVE ( 'NONE', #921, #2528, #3151, .T. ) ;
#1078 = FACE_BOUND ( 'NONE', #428, .T. ) ;
#1079 = LINE ( 'NONE', #4710, #3087 ) ;
#1080 = VERTEX_POINT ( 'NONE', #2766 ) ;
#1081 = DIRECTION ( 'NONE',  ( -1.460819769243627131E-16, 0.000000000000000000, 1.000000000000000000 ) ) ;
#1082 = ORIENTED_EDGE ( 'NONE', *, *, #685, .F. ) ;
#1083 = VECTOR ( 'NONE', #2084, 1000.000000000000000 ) ;
#1084 = AXIS2_PLACEMENT_3D ( 'NONE', #2811, #4267, #986 ) ;
#1085 = DIRECTION ( 'NONE',  ( 1.595148023886719315E-16, 0.000000000000000000, -1.000000000000000000 ) ) ;
#1086 = DIRECTION ( 'NONE',  ( 0.000000000000000000, -1.000000000000000000, 0.000000000000000000 ) ) ;
#1087 = VECTOR ( 'NONE', #2965, 1000.000000000000000 ) ;
#1088 = DIRECTION ( 'NONE',  ( 0.000000000000000000, 0.000000000000000000, -1.000000000000000000 ) ) ;
#1089 = VECTOR ( 'NONE', #4536, 1000.000000000000000 ) ;
#1090 = CARTESIAN_POINT ( 'NONE',  ( -44.50000000000001421, 0.000000000000000000, 45.75000000000000000 ) ) ;
#1091 = DIRECTION ( 'NONE',  ( -0.000000000000000000, 1.000000000000000000, -0.000000000000000000 ) ) ;
#1092 = EDGE_CURVE ( 'NONE', #3051, #1181, #3128, .T. ) ;
#1093 = VERTEX_POINT ( 'NONE', #1677 ) ;
#1094 = VECTOR ( 'NONE', #3953, 1000.000000000000000 ) ;
#1095 = DIRECTION ( 'NONE',  ( 1.000000000000000000, 1.858632295689437335E-16, -0.000000000000000000 ) ) ;
#1096 = AXIS2_PLACEMENT_3D ( 'NONE', #2507, #2574, #2550 ) ;
#1097 = PLANE ( 'NONE',  #4553 ) ;
#1098 = FACE_OUTER_BOUND ( 'NONE', #1042, .T. ) ;
#1099 = EDGE_CURVE ( 'NONE', #1225, #3175, #150, .T. ) ;
#1100 = ORIENTED_EDGE ( 'NONE', *, *, #3010, .F. ) ;
#1101 = EDGE_LOOP ( 'NONE', ( #2323, #2369, #4196, #4561 ) ) ;
#1102 = EDGE_CURVE ( 'NONE', #3715, #2228, #3385, .T. ) ;
#1103 = CIRCLE ( 'NONE', #1628, 1.050000000000002265 ) ;
#1104 = CARTESIAN_POINT ( 'NONE',  ( 0.000000000000000000, -14.00000000000000000, 0.000000000000000000 ) ) ;
#1105 = CARTESIAN_POINT ( 'NONE',  ( 43.50000000000000000, -24.00000000000000355, 2.500000000000000000 ) ) ;
#1106 = ORIENTED_EDGE ( 'NONE', *, *, #1716, .T. ) ;
#1107 = FACE_OUTER_BOUND ( 'NONE', #2553, .T. ) ;
#1108 = AXIS2_PLACEMENT_3D ( 'NONE', #729, #2166, #4015 ) ;
#1109 = EDGE_CURVE ( 'NONE', #1129, #3590, #585, .T. ) ;
#1110 = ORIENTED_EDGE ( 'NONE', *, *, #534, .T. ) ;
#1111 = AXIS2_PLACEMENT_3D ( 'NONE', #1906, #82, #3043 ) ;
#1112 = DIRECTION ( 'NONE',  ( 1.000000000000000000, -0.000000000000000000, -1.460819769243627377E-16 ) ) ;
#1113 = DIRECTION ( 'NONE',  ( 1.000000000000000000, 0.000000000000000000, -1.460819769243627131E-16 ) ) ;
#1114 = CARTESIAN_POINT ( 'NONE',  ( 26.00000000000000355, -1.000000000000000888, -47.50000000000001421 ) ) ;
#1115 = AXIS2_PLACEMENT_3D ( 'NONE', #2225, #3334, #3694 ) ;
#1116 = DIRECTION ( 'NONE',  ( 0.000000000000000000, 0.000000000000000000, 1.000000000000000000 ) ) ;
#1117 = FACE_OUTER_BOUND ( 'NONE', #2395, .T. ) ;
#1118 = EDGE_LOOP ( 'NONE', ( #3907, #4198, #3724, #2046 ) ) ;
#1119 = LINE ( 'NONE', #1836, #3539 ) ;
#1120 = DIRECTION ( 'NONE',  ( 0.000000000000000000, 1.000000000000000000, 0.000000000000000000 ) ) ;
#1121 = DIRECTION ( 'NONE',  ( -1.000000000000000000, 0.000000000000000000, -0.000000000000000000 ) ) ;
#1122 = VERTEX_POINT ( 'NONE', #1292 ) ;
#1123 = ORIENTED_EDGE ( 'NONE', *, *, #2490, .T. ) ;
#1124 = CARTESIAN_POINT ( 'NONE',  ( -44.50000000000000000, -35.00000000000000000, 44.49999999999998579 ) ) ;
#1125 = EDGE_CURVE ( 'NONE', #3590, #2705, #1387, .T. ) ;
#1126 = DIRECTION ( 'NONE',  ( 0.000000000000000000, 0.000000000000000000, -1.000000000000000000 ) ) ;
#1127 = VERTEX_POINT ( 'NONE', #4643 ) ;
#1128 = DIRECTION ( 'NONE',  ( 0.000000000000000000, -1.000000000000000000, 0.000000000000000000 ) ) ;
#1129 = VERTEX_POINT ( 'NONE', #4615 ) ;
#1130 = ADVANCED_FACE ( 'NONE', ( #3078 ), #2022, .T. ) ;
#1131 = CARTESIAN_POINT ( 'NONE',  ( -47.49999999999998579, -5.999999999999991118, -35.00000000000000711 ) ) ;
#1132 = CARTESIAN_POINT ( 'NONE',  ( 39.99999999999999289, -35.00000000000000000, -43.50000000000000000 ) ) ;
#1133 = DIRECTION ( 'NONE',  ( 1.000000000000000000, -0.000000000000000000, -1.460819769243627377E-16 ) ) ;
#1134 = PLANE ( 'NONE',  #3161 ) ;
#1135 = DIRECTION ( 'NONE',  ( 0.000000000000000000, -1.000000000000000000, 0.000000000000000000 ) ) ;
#1136 = CARTESIAN_POINT ( 'NONE',  ( -47.29999999999999005, -15.99999999999999289, -36.00000000000001421 ) ) ;
#1137 = ORIENTED_EDGE ( 'NONE', *, *, #315, .T. ) ;
#1138 = CARTESIAN_POINT ( 'NONE',  ( -40.00000000000000000, -13.99999999999999822, -40.00000000000000000 ) ) ;
#1139 = CYLINDRICAL_SURFACE ( 'NONE', #2805, 1.000000000000000888 ) ;
#1140 = CYLINDRICAL_SURFACE ( 'NONE', #4637, 1.000000000000000888 ) ;
#1141 = ORIENTED_EDGE ( 'NONE', *, *, #1587, .F. ) ;
#1142 = ORIENTED_EDGE ( 'NONE', *, *, #3685, .F. ) ;
#1143 = DIRECTION ( 'NONE',  ( 0.000000000000000000, -1.000000000000000000, 0.000000000000000000 ) ) ;
#1144 = EDGE_LOOP ( 'NONE', ( #538, #4420, #793, #271, #3830, #1571, #1210 ) ) ;
#1145 = CARTESIAN_POINT ( 'NONE',  ( -43.49999999999999289, -24.00000000000000355, -43.50000000000001421 ) ) ;
#1146 = VERTEX_POINT ( 'NONE', #4277 ) ;
#1147 = AXIS2_PLACEMENT_3D ( 'NONE', #3241, #691, #301 ) ;
#1148 = EDGE_CURVE ( 'NONE', #2227, #2923, #995, .T. ) ;
#1149 = DIRECTION ( 'NONE',  ( 0.000000000000000000, -1.000000000000000000, 0.000000000000000000 ) ) ;
#1150 = CIRCLE ( 'NONE', #3838, 2.500000000000000000 ) ;
#1151 = DIRECTION ( 'NONE',  ( -0.000000000000000000, -1.000000000000000000, -0.000000000000000000 ) ) ;
#1152 = ORIENTED_EDGE ( 'NONE', *, *, #1967, .F. ) ;
#1153 = ADVANCED_FACE ( 'NONE', ( #635, #3489 ), #4534, .T. ) ;
#1154 = CIRCLE ( 'NONE', #3615, 1.000000000000000888 ) ;
#1155 = CIRCLE ( 'NONE', #779, 1.000000000000000888 ) ;
#1156 = EDGE_CURVE ( 'NONE', #2525, #2452, #1, .T. ) ;
#1157 = DIRECTION ( 'NONE',  ( -0.000000000000000000, 1.000000000000000000, -0.000000000000000000 ) ) ;
#1158 = FACE_OUTER_BOUND ( 'NONE', #2995, .T. ) ;
#1159 = AXIS2_PLACEMENT_3D ( 'NONE', #3718, #1095, #3333 ) ;
#1160 = CYLINDRICAL_SURFACE ( 'NONE', #2251, 1.000000000000000888 ) ;
#1161 = EDGE_CURVE ( 'NONE', #2235, #3142, #387, .T. ) ;
#1162 = ORIENTED_EDGE ( 'NONE', *, *, #1911, .F. ) ;
#1163 = AXIS2_PLACEMENT_3D ( 'NONE', #1329, #1661, #2418 ) ;
#1164 = DIRECTION ( 'NONE',  ( 0.000000000000000000, -1.000000000000000000, 0.000000000000000000 ) ) ;
#1165 = DIRECTION ( 'NONE',  ( 0.000000000000000000, -1.000000000000000000, 0.000000000000000000 ) ) ;
#1166 = CARTESIAN_POINT ( 'NONE',  ( 47.29999999999999005, -25.99999999999999645, -34.00000000000001421 ) ) ;
#1167 = VECTOR ( 'NONE', #1709, 1000.000000000000000 ) ;
#1168 = ORIENTED_EDGE ( 'NONE', *, *, #126, .F. ) ;
#1169 = ORIENTED_EDGE ( 'NONE', *, *, #3057, .T. ) ;
#1170 = CYLINDRICAL_SURFACE ( 'NONE', #225, 2.500000000000000000 ) ;
#1171 = AXIS2_PLACEMENT_3D ( 'NONE', #3321, #1758, #3260 ) ;
#1172 = CARTESIAN_POINT ( 'NONE',  ( -43.50000000000000711, -35.00000000000000000, 39.99999999999998579 ) ) ;
#1173 = ORIENTED_EDGE ( 'NONE', *, *, #2102, .T. ) ;
#1174 = DIRECTION ( 'NONE',  ( -1.000000000000000000, -0.000000000000000000, -0.000000000000000000 ) ) ;
#1175 = ORIENTED_EDGE ( 'NONE', *, *, #240, .T. ) ;
#1176 = CIRCLE ( 'NONE', #2938, 1.000000000000000888 ) ;
#1177 = DIRECTION ( 'NONE',  ( 0.000000000000000000, 1.000000000000000000, 0.000000000000000000 ) ) ;
#1178 = VECTOR ( 'NONE', #474, 1000.000000000000000 ) ;
#1179 = FACE_OUTER_BOUND ( 'NONE', #3868, .T. ) ;
#1180 = EDGE_CURVE ( 'NONE', #619, #2168, #2511, .T. ) ;
#1181 = VERTEX_POINT ( 'NONE', #2098 ) ;
#1182 = AXIS2_PLACEMENT_3D ( 'NONE', #2295, #903, #3786 ) ;
#1183 = PLANE ( 'NONE',  #4218 ) ;
#1184 = CARTESIAN_POINT ( 'NONE',  ( 43.50000000000000000, -24.00000000000000355, 4.500000000000000888 ) ) ;
#1185 = EDGE_CURVE ( 'NONE', #3755, #4531, #1757, .T. ) ;
#1186 = VECTOR ( 'NONE', #3686, 1000.000000000000000 ) ;
#1187 = DIRECTION ( 'NONE',  ( 0.000000000000000000, 0.000000000000000000, -1.000000000000000000 ) ) ;
#1188 = ORIENTED_EDGE ( 'NONE', *, *, #41, .T. ) ;
#1189 = VECTOR ( 'NONE', #902, 1000.000000000000000 ) ;
#1190 = LINE ( 'NONE', #2658, #1232 ) ;
#1191 = ADVANCED_FACE ( 'NONE', ( #3990, #2531 ), #4019, .T. ) ;
#1192 = DIRECTION ( 'NONE',  ( 1.000000000000000000, -0.000000000000000000, 1.460819769243627131E-16 ) ) ;
#1193 = VERTEX_POINT ( 'NONE', #4347 ) ;
#1194 = ORIENTED_EDGE ( 'NONE', *, *, #4611, .T. ) ;
#1195 = CARTESIAN_POINT ( 'NONE',  ( 40.00000000000000000, -35.00000000000000000, 1.050000000000002265 ) ) ;
#1196 = DIRECTION ( 'NONE',  ( -0.000000000000000000, -1.000000000000000000, -0.000000000000000000 ) ) ;
#1197 = CYLINDRICAL_SURFACE ( 'NONE', #4163, 3.500000000000003109 ) ;
#1198 = ORIENTED_EDGE ( 'NONE', *, *, #4378, .F. ) ;
#1199 = DIRECTION ( 'NONE',  ( -0.000000000000000000, 1.000000000000000000, -0.000000000000000000 ) ) ;
#1200 = VERTEX_POINT ( 'NONE', #4738 ) ;
#1201 = DIRECTION ( 'NONE',  ( 1.000000000000000000, -0.000000000000000000, -0.000000000000000000 ) ) ;
#1202 = CARTESIAN_POINT ( 'NONE',  ( 40.00000000000000000, -24.00000000000000355, -40.00000000000000000 ) ) ;
#1203 = LINE ( 'NONE', #4158, #2409 ) ;
#1204 = ORIENTED_EDGE ( 'NONE', *, *, #2396, .T. ) ;
#1205 = EDGE_CURVE ( 'NONE', #257, #1030, #4718, .T. ) ;
#1206 = FACE_OUTER_BOUND ( 'NONE', #3473, .T. ) ;
#1207 = DIRECTION ( 'NONE',  ( 1.000000000000000000, -0.000000000000000000, -1.460819769243627377E-16 ) ) ;
#1208 = CYLINDRICAL_SURFACE ( 'NONE', #413, 1.250000000000001110 ) ;
#1209 = ORIENTED_EDGE ( 'NONE', *, *, #3223, .F. ) ;
#1210 = ORIENTED_EDGE ( 'NONE', *, *, #2301, .T. ) ;
#1211 = ADVANCED_FACE ( 'NONE', ( #273 ), #1781, .F. ) ;
#1212 = CARTESIAN_POINT ( 'NONE',  ( 47.30000000000000426, -6.000000000000000000, 34.99999999999999289 ) ) ;
#1213 = ORIENTED_EDGE ( 'NONE', *, *, #2449, .F. ) ;
#1214 = LINE ( 'NONE', #2685, #487 ) ;
#1215 = ORIENTED_EDGE ( 'NONE', *, *, #2095, .F. ) ;
#1216 = EDGE_CURVE ( 'NONE', #3472, #3794, #3208, .T. ) ;
#1217 = DIRECTION ( 'NONE',  ( -0.000000000000000000, 1.000000000000000000, -0.000000000000000000 ) ) ;
#1218 = AXIS2_PLACEMENT_3D ( 'NONE', #4456, #1524, #2280 ) ;
#1219 = VERTEX_POINT ( 'NONE', #3279 ) ;
#1220 = VECTOR ( 'NONE', #1201, 1000.000000000000000 ) ;
#1221 = CARTESIAN_POINT ( 'NONE',  ( -44.50000000000001421, -1.000000000000000000, -44.50000000000001421 ) ) ;
#1222 = CARTESIAN_POINT ( 'NONE',  ( -44.50000000000000000, -36.00000000000000711, 46.69999999999998153 ) ) ;
#1223 = DIRECTION ( 'NONE',  ( 0.000000000000000000, 0.000000000000000000, -1.000000000000000000 ) ) ;
#1224 = AXIS2_PLACEMENT_3D ( 'NONE', #2582, #2891, #2842 ) ;
#1225 = VERTEX_POINT ( 'NONE', #4669 ) ;
#1226 = AXIS2_PLACEMENT_3D ( 'NONE', #4381, #2676, #4450 ) ;
#1227 = DIRECTION ( 'NONE',  ( 0.000000000000000000, 0.000000000000000000, 1.000000000000000000 ) ) ;
#1228 = CARTESIAN_POINT ( 'NONE',  ( -47.29999999999999005, -5.999999999999991118, -34.00000000000000711 ) ) ;
#1229 = EDGE_CURVE ( 'NONE', #2206, #466, #3588, .T. ) ;
#1230 = CARTESIAN_POINT ( 'NONE',  ( 47.30000000000000426, -26.00000000000000355, 35.00000000000000000 ) ) ;
#1231 = ORIENTED_EDGE ( 'NONE', *, *, #3032, .T. ) ;
#1232 = VECTOR ( 'NONE', #2292, 1000.000000000000000 ) ;
#1233 = ORIENTED_EDGE ( 'NONE', *, *, #2567, .F. ) ;
#1234 = CIRCLE ( 'NONE', #4533, 1.250000000000001110 ) ;
#1235 = EDGE_CURVE ( 'NONE', #1333, #2580, #2849, .T. ) ;
#1236 = DIRECTION ( 'NONE',  ( -0.000000000000000000, -0.000000000000000000, -1.000000000000000000 ) ) ;
#1237 = DIRECTION ( 'NONE',  ( 0.000000000000000000, 0.000000000000000000, -1.000000000000000000 ) ) ;
#1238 = ORIENTED_EDGE ( 'NONE', *, *, #3596, .F. ) ;
#1239 = AXIS2_PLACEMENT_3D ( 'NONE', #2456, #3146, #2017 ) ;
#1240 = DIRECTION ( 'NONE',  ( 0.000000000000000000, 1.000000000000000000, 0.000000000000000000 ) ) ;
#1241 = EDGE_CURVE ( 'NONE', #2790, #1324, #364, .T. ) ;
#1242 = ORIENTED_EDGE ( 'NONE', *, *, #755, .T. ) ;
#1243 = CIRCLE ( 'NONE', #4397, 2.000000000000001776 ) ;
#1244 = ORIENTED_EDGE ( 'NONE', *, *, #1569, .F. ) ;
#1245 = CIRCLE ( 'NONE', #4023, 2.000000000000000000 ) ;
#1246 = CYLINDRICAL_SURFACE ( 'NONE', #1702, 1.999999999999994893 ) ;
#1247 = DIRECTION ( 'NONE',  ( -0.000000000000000000, -0.000000000000000000, 1.000000000000000000 ) ) ;
#1248 = CIRCLE ( 'NONE', #2570, 1.000000000000000888 ) ;
#1249 = ORIENTED_EDGE ( 'NONE', *, *, #68, .T. ) ;
#1250 = ORIENTED_EDGE ( 'NONE', *, *, #1070, .F. ) ;
#1251 = CIRCLE ( 'NONE', #3875, 1.000000000000000888 ) ;
#1252 = CARTESIAN_POINT ( 'NONE',  ( 44.49999999999999289, 0.000000000000000000, -45.75000000000000000 ) ) ;
#1253 = DIRECTION ( 'NONE',  ( 1.000000000000000000, 0.000000000000000000, 0.000000000000000000 ) ) ;
#1254 = DIRECTION ( 'NONE',  ( 0.000000000000000000, -1.000000000000000000, 0.000000000000000000 ) ) ;
#1255 = ORIENTED_EDGE ( 'NONE', *, *, #502, .F. ) ;
#1256 = ORIENTED_EDGE ( 'NONE', *, *, #2868, .T. ) ;
#1257 = EDGE_CURVE ( 'NONE', #3439, #746, #1846, .T. ) ;
#1258 = CARTESIAN_POINT ( 'NONE',  ( 44.49999999999998579, -1.000000000000000000, -46.50000000000002132 ) ) ;
#1259 = DIRECTION ( 'NONE',  ( 0.000000000000000000, 0.000000000000000000, -1.000000000000000000 ) ) ;
#1260 = FACE_OUTER_BOUND ( 'NONE', #1395, .T. ) ;
#1261 = DIRECTION ( 'NONE',  ( 0.000000000000000000, 0.000000000000000000, 1.000000000000000000 ) ) ;
#1262 = EDGE_LOOP ( 'NONE', ( #2903, #352 ) ) ;
#1263 = VERTEX_POINT ( 'NONE', #3952 ) ;
#1264 = ADVANCED_FACE ( 'NONE', ( #683 ), #4304, .F. ) ;
#1265 = DIRECTION ( 'NONE',  ( 0.000000000000000000, 1.000000000000000000, -0.000000000000000000 ) ) ;
#1266 = EDGE_LOOP ( 'NONE', ( #4512, #4395, #1057, #4034 ) ) ;
#1267 = ORIENTED_EDGE ( 'NONE', *, *, #3085, .F. ) ;
#1268 = EDGE_CURVE ( 'NONE', #627, #136, #293, .T. ) ;
#1269 = DIRECTION ( 'NONE',  ( 0.000000000000000000, 0.000000000000000000, 1.000000000000000000 ) ) ;
#1270 = LINE ( 'NONE', #1350, #401 ) ;
#1271 = DIRECTION ( 'NONE',  ( -1.000000000000000000, 0.000000000000000000, -0.000000000000000000 ) ) ;
#1272 = ORIENTED_EDGE ( 'NONE', *, *, #315, .F. ) ;
#1273 = VERTEX_POINT ( 'NONE', #1827 ) ;
#1274 = DIRECTION ( 'NONE',  ( -1.000000000000000000, -0.000000000000000000, 1.460819769243627131E-16 ) ) ;
#1275 = CARTESIAN_POINT ( 'NONE',  ( 44.49999999999999289, 0.000000000000000000, -45.75000000000000000 ) ) ;
#1276 = DIRECTION ( 'NONE',  ( -0.000000000000000000, 1.000000000000000000, -0.000000000000000000 ) ) ;
#1277 = DIRECTION ( 'NONE',  ( 0.000000000000000000, 0.000000000000000000, 1.000000000000000000 ) ) ;
#1278 = ORIENTED_EDGE ( 'NONE', *, *, #210, .T. ) ;
#1279 = ORIENTED_EDGE ( 'NONE', *, *, #3447, .T. ) ;
#1280 = CARTESIAN_POINT ( 'NONE',  ( -46.70000000000000995, -36.00000000000000711, 44.49999999999998579 ) ) ;
#1281 = CYLINDRICAL_SURFACE ( 'NONE', #1609, 1.000000000000000888 ) ;
#1282 = CARTESIAN_POINT ( 'NONE',  ( 37.00000000000000000, -14.00000000000000000, -2.500000000000000000 ) ) ;
#1283 = CARTESIAN_POINT ( 'NONE',  ( -37.00000000000000711, 0.000000000000000000, 43.49999999999999289 ) ) ;
#1284 = DIRECTION ( 'NONE',  ( 1.000000000000000000, -0.000000000000000000, 1.460819769243627131E-16 ) ) ;
#1285 = ORIENTED_EDGE ( 'NONE', *, *, #126, .T. ) ;
#1286 = ORIENTED_EDGE ( 'NONE', *, *, #3115, .F. ) ;
#1287 = PRESENTATION_STYLE_ASSIGNMENT (( #310 ) ) ;
#1288 = LINE ( 'NONE', #1346, #2016 ) ;
#1289 = ORIENTED_EDGE ( 'NONE', *, *, #2107, .F. ) ;
#1290 = EDGE_CURVE ( 'NONE', #866, #4186, #3762, .T. ) ;
#1291 = ORIENTED_EDGE ( 'NONE', *, *, #2840, .F. ) ;
#1292 = CARTESIAN_POINT ( 'NONE',  ( 47.30000000000000426, -26.00000000000000355, 34.00000000000000000 ) ) ;
#1293 = VECTOR ( 'NONE', #1143, 1000.000000000000000 ) ;
#1294 = CARTESIAN_POINT ( 'NONE',  ( 43.50000000000000711, -24.00000000000000355, -39.99999999999999289 ) ) ;
#1295 = EDGE_CURVE ( 'NONE', #3007, #2818, #1308, .T. ) ;
#1296 = ADVANCED_FACE ( 'NONE', ( #2124 ), #1046, .F. ) ;
#1297 = ORIENTED_EDGE ( 'NONE', *, *, #1852, .F. ) ;
#1298 = AXIS2_PLACEMENT_3D ( 'NONE', #1684, #1274, #2750 ) ;
#1299 = ORIENTED_EDGE ( 'NONE', *, *, #426, .T. ) ;
#1300 = DIRECTION ( 'NONE',  ( 0.000000000000000000, 0.000000000000000000, -1.000000000000000000 ) ) ;
#1301 = CARTESIAN_POINT ( 'NONE',  ( -26.00000000000000000, 40.00000000000000000, -46.50000000000001421 ) ) ;
#1302 = AXIS2_PLACEMENT_3D ( 'NONE', #1353, #3568, #388 ) ;
#1303 = CARTESIAN_POINT ( 'NONE',  ( 47.30000000000000426, -16.00000000000000000, 36.00000000000000000 ) ) ;
#1304 = EDGE_CURVE ( 'NONE', #994, #2923, #1009, .T. ) ;
#1305 = DIRECTION ( 'NONE',  ( 0.000000000000000000, 1.000000000000000000, 0.000000000000000000 ) ) ;
#1306 = VERTEX_POINT ( 'NONE', #451 ) ;
#1307 = EDGE_LOOP ( 'NONE', ( #2013, #3602 ) ) ;
#1308 = CIRCLE ( 'NONE', #4372, 1.050000000000002265 ) ;
#1309 = CLOSED_SHELL ( 'NONE', ( #1710, #3339, #3799, #633, #4444, #1806, #3196, #2244, #603, #4175, #1296, #1537, #1646, #1652, #10, #577, #2156, #1264, #4071, #2970, #2874, #3360, #3742, #1581, #3330, #4557, #3884, #862, #3816, #4063, #4418, #3071, #4477, #12, #2006, #1829, #1450, #784, #1594, #4717, #152, #4409, #3827, #1810, #4465, #524, #985, #3, #4199, #1211, #3381, #1530, #2005, #754, #2652, #2513, #4288, #1130, #390, #2539, #398, #3949, #366, #4010, #817, #914, #4232, #64, #4715, #1153, #246, #1191, #4434, #3228, #191, #3659, #2893, #3015, #4333, #3804, #1396, #895, #1947, #3571, #3821, #4510, #2815, #203, #673, #4262, #158, #3924, #1884, #3149, #1065, #4124, #868, #2250, #3064, #1499, #3709, #638, #727, #2217, #175, #3363, #1889, #1924, #669, #122, #2221, #3435, #1010, #2273, #2309, #1776, #1798, #2743, #4526, #1320, #3251, #2657, #2595, #4295, #3157, #2832, #2430, #4129, #3896, #4589, #4648, #690, #3302, #3037, #1420, #247, #3748, #2659, #3573, #2073, #513, #2064, #220, #3652, #2068, #3441, #4145, #2388 ) ) ;
#1310 = DIRECTION ( 'NONE',  ( 0.000000000000000000, -1.000000000000000000, 0.000000000000000000 ) ) ;
#1311 = LINE ( 'NONE', #2786, #2339 ) ;
#1312 = DIRECTION ( 'NONE',  ( 0.000000000000000000, 0.000000000000000000, 1.000000000000000000 ) ) ;
#1313 = PLANE ( 'NONE',  #880 ) ;
#1314 = ORIENTED_EDGE ( 'NONE', *, *, #1860, .T. ) ;
#1315 = ORIENTED_EDGE ( 'NONE', *, *, #4743, .F. ) ;
#1316 = VECTOR ( 'NONE', #739, 1000.000000000000000 ) ;
#1317 = CARTESIAN_POINT ( 'NONE',  ( 43.50000000000000000, -14.00000000000000000, -37.00000000000000000 ) ) ;
#1318 = ORIENTED_EDGE ( 'NONE', *, *, #2959, .F. ) ;
#1319 = ORIENTED_EDGE ( 'NONE', *, *, #1751, .T. ) ;
#1320 = ADVANCED_FACE ( 'NONE', ( #800 ), #3833, .F. ) ;
#1321 = CARTESIAN_POINT ( 'NONE',  ( 44.49999999999999289, 0.000000000000000000, 43.25000000000000000 ) ) ;
#1322 = CIRCLE ( 'NONE', #4018, 1.250000000000001110 ) ;
#1323 = DIRECTION ( 'NONE',  ( 1.000000000000000000, -0.000000000000000000, -1.460819769243627377E-16 ) ) ;
#1324 = VERTEX_POINT ( 'NONE', #1531 ) ;
#1325 = AXIS2_PLACEMENT_3D ( 'NONE', #1701, #1390, #579 ) ;
#1326 = ORIENTED_EDGE ( 'NONE', *, *, #3772, .T. ) ;
#1327 = EDGE_CURVE ( 'NONE', #1368, #1847, #756, .T. ) ;
#1328 = DIRECTION ( 'NONE',  ( 0.000000000000000000, 0.000000000000000000, 1.000000000000000000 ) ) ;
#1329 = CARTESIAN_POINT ( 'NONE',  ( -40.00000000000000000, -14.00000000000000000, 39.99999999999998579 ) ) ;
#1330 = VECTOR ( 'NONE', #3656, 1000.000000000000000 ) ;
#1331 = DIRECTION ( 'NONE',  ( 0.000000000000000000, 0.000000000000000000, -1.000000000000000000 ) ) ;
#1332 = FACE_BOUND ( 'NONE', #111, .T. ) ;
#1333 = VERTEX_POINT ( 'NONE', #4549 ) ;
#1334 = ORIENTED_EDGE ( 'NONE', *, *, #420, .T. ) ;
#1335 = CIRCLE ( 'NONE', #2713, 1.050000000000002265 ) ;
#1336 = EDGE_CURVE ( 'NONE', #1915, #1980, #2264, .T. ) ;
#1337 = DIRECTION ( 'NONE',  ( 0.000000000000000000, 0.000000000000000000, -1.000000000000000000 ) ) ;
#1338 = DIRECTION ( 'NONE',  ( 0.000000000000000000, 0.000000000000000000, -1.000000000000000000 ) ) ;
#1339 = FACE_BOUND ( 'NONE', #1795, .T. ) ;
#1340 = CARTESIAN_POINT ( 'NONE',  ( 37.00000000000000000, 0.000000000000000000, -37.00000000000000000 ) ) ;
#1341 = DIRECTION ( 'NONE',  ( 0.000000000000000000, 0.000000000000000000, -1.000000000000000000 ) ) ;
#1342 = VECTOR ( 'NONE', #1446, 1000.000000000000000 ) ;
#1343 = ORIENTED_EDGE ( 'NONE', *, *, #870, .F. ) ;
#1344 = ORIENTED_EDGE ( 'NONE', *, *, #1423, .T. ) ;
#1345 = CIRCLE ( 'NONE', #1492, 3.500000000000003109 ) ;
#1346 = CARTESIAN_POINT ( 'NONE',  ( -43.50000000000000711, -24.00000000000000355, 43.49999999999998579 ) ) ;
#1347 = ORIENTED_EDGE ( 'NONE', *, *, #4624, .F. ) ;
#1348 = VERTEX_POINT ( 'NONE', #3117 ) ;
#1349 = DIRECTION ( 'NONE',  ( 0.000000000000000000, 0.000000000000000000, -1.000000000000000000 ) ) ;
#1350 = CARTESIAN_POINT ( 'NONE',  ( 26.00000000000000355, -36.00000000000000711, -44.50000000000001421 ) ) ;
#1351 = VERTEX_POINT ( 'NONE', #4112 ) ;
#1352 = VERTEX_POINT ( 'NONE', #4193 ) ;
#1353 = CARTESIAN_POINT ( 'NONE',  ( -47.50000000000000000, -6.000000000000000000, 34.99999999999999289 ) ) ;
#1354 = CARTESIAN_POINT ( 'NONE',  ( -36.99999999999998579, -24.00000000000000355, -43.50000000000000000 ) ) ;
#1355 = DIRECTION ( 'NONE',  ( -1.000000000000000000, -0.000000000000000000, -0.000000000000000000 ) ) ;
#1356 = EDGE_CURVE ( 'NONE', #2079, #4230, #3236, .T. ) ;
#1357 = EDGE_LOOP ( 'NONE', ( #3130, #3831 ) ) ;
#1358 = VERTEX_POINT ( 'NONE', #24 ) ;
#1359 = DIRECTION ( 'NONE',  ( -1.000000000000000000, -0.000000000000000000, -1.460819769243627377E-16 ) ) ;
#1360 = CARTESIAN_POINT ( 'NONE',  ( 46.69999999999996732, -35.00000000000000000, 44.49999999999998579 ) ) ;
#1361 = CARTESIAN_POINT ( 'NONE',  ( -43.50000000000000000, -35.00000000000000000, 2.500000000000000000 ) ) ;
#1362 = CARTESIAN_POINT ( 'NONE',  ( 40.00000000000000000, -24.00000000000000355, -38.94999999999999574 ) ) ;
#1363 = EDGE_CURVE ( 'NONE', #1459, #136, #3750, .T. ) ;
#1364 = EDGE_LOOP ( 'NONE', ( #1388, #500, #1929, #162 ) ) ;
#1365 = VERTEX_POINT ( 'NONE', #907 ) ;
#1366 = EDGE_CURVE ( 'NONE', #1577, #866, #3345, .T. ) ;
#1367 = DIRECTION ( 'NONE',  ( 1.000000000000000000, -0.000000000000000000, 1.460819769243627131E-16 ) ) ;
#1368 = VERTEX_POINT ( 'NONE', #2285 ) ;
#1369 = CARTESIAN_POINT ( 'NONE',  ( -34.99999999999998579, -24.00000000000000355, -43.50000000000000000 ) ) ;
#1370 = EDGE_CURVE ( 'NONE', #4745, #290, #1154, .T. ) ;
#1371 = VERTEX_POINT ( 'NONE', #92 ) ;
#1372 = CARTESIAN_POINT ( 'NONE',  ( 39.99999999999999289, -35.00000000000000000, -39.99999999999999289 ) ) ;
#1373 = DIRECTION ( 'NONE',  ( 0.000000000000000000, 0.000000000000000000, 1.000000000000000000 ) ) ;
#1374 = ORIENTED_EDGE ( 'NONE', *, *, #183, .T. ) ;
#1375 = CARTESIAN_POINT ( 'NONE',  ( -40.00000000000000000, -35.00000000000000000, 1.050000000000002265 ) ) ;
#1376 = PLANE ( 'NONE',  #2628 ) ;
#1377 = DIRECTION ( 'NONE',  ( 0.000000000000000000, -0.000000000000000000, 1.000000000000000000 ) ) ;
#1378 = VECTOR ( 'NONE', #620, 1000.000000000000000 ) ;
#1379 = VERTEX_POINT ( 'NONE', #543 ) ;
#1380 = DIRECTION ( 'NONE',  ( -1.000000000000000000, -0.000000000000000000, -1.460819769243627377E-16 ) ) ;
#1381 = AXIS2_PLACEMENT_3D ( 'NONE', #367, #1424, #3613 ) ;
#1382 = LINE ( 'NONE', #4601, #2852 ) ;
#1383 = EDGE_CURVE ( 'NONE', #2393, #1333, #2371, .T. ) ;
#1384 = PLANE ( 'NONE',  #967 ) ;
#1385 = CARTESIAN_POINT ( 'NONE',  ( -47.30000000000000426, -6.000000000000000000, 34.99999999999999289 ) ) ;
#1386 = ORIENTED_EDGE ( 'NONE', *, *, #4656, .T. ) ;
#1387 = CIRCLE ( 'NONE', #4609, 1.000000000000000888 ) ;
#1388 = ORIENTED_EDGE ( 'NONE', *, *, #1018, .F. ) ;
#1389 = CIRCLE ( 'NONE', #1536, 1.250000000000001110 ) ;
#1390 = DIRECTION ( 'NONE',  ( -1.559302000878028960E-16, 0.000000000000000000, -1.000000000000000000 ) ) ;
#1391 = EDGE_CURVE ( 'NONE', #1080, #2202, #1606, .T. ) ;
#1392 = DIRECTION ( 'NONE',  ( 1.000000000000000000, -0.000000000000000000, -0.000000000000000000 ) ) ;
#1393 = ORIENTED_EDGE ( 'NONE', *, *, #2161, .F. ) ;
#1394 = CARTESIAN_POINT ( 'NONE',  ( -40.00000000000000000, -13.99999999999999822, -38.94999999999999574 ) ) ;
#1395 = EDGE_LOOP ( 'NONE', ( #2415, #3202, #4280, #1660 ) ) ;
#1396 = ADVANCED_FACE ( 'NONE', ( #4462 ), #1509, .F. ) ;
#1397 = DIRECTION ( 'NONE',  ( -0.000000000000000000, 1.000000000000000000, -0.000000000000000000 ) ) ;
#1398 = CARTESIAN_POINT ( 'NONE',  ( 35.00000000000000000, -14.00000000000000000, 43.50000000000000000 ) ) ;
#1399 = CIRCLE ( 'NONE', #1854, 1.250000000000001110 ) ;
#1400 = ORIENTED_EDGE ( 'NONE', *, *, #2161, .T. ) ;
#1401 = VECTOR ( 'NONE', #4251, 1000.000000000000000 ) ;
#1402 = FACE_BOUND ( 'NONE', #4538, .T. ) ;
#1403 = CARTESIAN_POINT ( 'NONE',  ( -47.30000000000000426, -26.00000000000000355, 35.00000000000000000 ) ) ;
#1404 = CARTESIAN_POINT ( 'NONE',  ( 41.49999999999999289, -14.00000000000000000, 2.500000000000000000 ) ) ;
#1405 = EDGE_LOOP ( 'NONE', ( #4546, #443, #1878, #4058 ) ) ;
#1406 = VECTOR ( 'NONE', #4203, 1000.000000000000000 ) ;
#1407 = DIRECTION ( 'NONE',  ( 1.000000000000000000, -0.000000000000000000, -1.460819769243627377E-16 ) ) ;
#1408 = DIRECTION ( 'NONE',  ( 0.000000000000000000, 0.000000000000000000, 1.000000000000000000 ) ) ;
#1409 = CARTESIAN_POINT ( 'NONE',  ( -34.99999999999998579, -14.00000000000000000, -43.50000000000000000 ) ) ;
#1410 = EDGE_LOOP ( 'NONE', ( #1419, #1585 ) ) ;
#1411 = CIRCLE ( 'NONE', #4098, 1.250000000000001110 ) ;
#1412 = ORIENTED_EDGE ( 'NONE', *, *, #3719, .F. ) ;
#1413 = EDGE_CURVE ( 'NONE', #424, #1093, #1535, .T. ) ;
#1414 = FACE_OUTER_BOUND ( 'NONE', #2458, .T. ) ;
#1415 = VECTOR ( 'NONE', #3238, 1000.000000000000000 ) ;
#1416 = CARTESIAN_POINT ( 'NONE',  ( -39.50000000000000000, -14.00000000000000000, 0.000000000000000000 ) ) ;
#1417 = ORIENTED_EDGE ( 'NONE', *, *, #605, .T. ) ;
#1418 = DIRECTION ( 'NONE',  ( -0.000000000000000000, 1.000000000000000000, -0.000000000000000000 ) ) ;
#1419 = ORIENTED_EDGE ( 'NONE', *, *, #1589, .F. ) ;
#1420 = ADVANCED_FACE ( 'NONE', ( #1897 ), #1281, .F. ) ;
#1421 = DIRECTION ( 'NONE',  ( 0.000000000000000000, 0.000000000000000000, 1.000000000000000000 ) ) ;
#1422 = CARTESIAN_POINT ( 'NONE',  ( -47.30000000000000426, -6.000000000000000000, 36.00000000000000000 ) ) ;
#1423 = EDGE_CURVE ( 'NONE', #3810, #2822, #2982, .T. ) ;
#1424 = DIRECTION ( 'NONE',  ( 0.000000000000000000, 0.000000000000000000, -1.000000000000000000 ) ) ;
#1425 = CARTESIAN_POINT ( 'NONE',  ( -44.50000000000001421, -35.00000000000000000, 45.75000000000000000 ) ) ;
#1426 = LINE ( 'NONE', #1404, #2417 ) ;
#1427 = EDGE_CURVE ( 'NONE', #627, #3509, #320, .T. ) ;
#1428 = ORIENTED_EDGE ( 'NONE', *, *, #2826, .T. ) ;
#1429 = CARTESIAN_POINT ( 'NONE',  ( 46.69999999999996732, -36.00000000000000711, 44.49999999999998579 ) ) ;
#1430 = DIRECTION ( 'NONE',  ( 0.000000000000000000, 0.000000000000000000, -1.000000000000000000 ) ) ;
#1431 = CARTESIAN_POINT ( 'NONE',  ( -41.50000000000000000, -14.00000000000000000, 34.99999999999999289 ) ) ;
#1432 = VERTEX_POINT ( 'NONE', #3705 ) ;
#1433 = ORIENTED_EDGE ( 'NONE', *, *, #3725, .T. ) ;
#1434 = DIRECTION ( 'NONE',  ( -1.000000000000000000, -0.000000000000000000, -1.460819769243627377E-16 ) ) ;
#1435 = LINE ( 'NONE', #2191, #94 ) ;
#1436 = ORIENTED_EDGE ( 'NONE', *, *, #3303, .F. ) ;
#1437 = DIRECTION ( 'NONE',  ( -0.000000000000000000, 1.000000000000000000, -0.000000000000000000 ) ) ;
#1438 = VERTEX_POINT ( 'NONE', #4441 ) ;
#1439 = CARTESIAN_POINT ( 'NONE',  ( -37.00000000000000000, -14.00000000000000000, 36.99999999999999289 ) ) ;
#1440 = CARTESIAN_POINT ( 'NONE',  ( 39.50000000000000000, 0.000000000000000000, 39.50000000000000711 ) ) ;
#1441 = EDGE_CURVE ( 'NONE', #4230, #2079, #3927, .T. ) ;
#1442 = CARTESIAN_POINT ( 'NONE',  ( -40.00000000000000000, -24.00000000000000355, 1.050000000000002265 ) ) ;
#1443 = CARTESIAN_POINT ( 'NONE',  ( -43.49999999999999289, -24.00000000000000355, -39.99999999999999289 ) ) ;
#1444 = EDGE_CURVE ( 'NONE', #4090, #4449, #1999, .T. ) ;
#1445 = EDGE_CURVE ( 'NONE', #3841, #316, #1540, .T. ) ;
#1446 = DIRECTION ( 'NONE',  ( -0.000000000000000000, -0.000000000000000000, -1.000000000000000000 ) ) ;
#1447 = ORIENTED_EDGE ( 'NONE', *, *, #3638, .F. ) ;
#1448 = CARTESIAN_POINT ( 'NONE',  ( 43.50000000000000000, 0.000000000000000000, 39.99999999999999289 ) ) ;
#1449 = CARTESIAN_POINT ( 'NONE',  ( 0.000000000000000000, -35.00000000000000000, -46.50000000000001421 ) ) ;
#1450 = ADVANCED_FACE ( 'NONE', ( #2854 ), #4658, .T. ) ;
#1451 = CIRCLE ( 'NONE', #3610, 1.000000000000000888 ) ;
#1452 = PLANE ( 'NONE',  #113 ) ;
#1453 = LINE ( 'NONE', #2922, #732 ) ;
#1454 = ORIENTED_EDGE ( 'NONE', *, *, #1967, .T. ) ;
#1455 = EDGE_LOOP ( 'NONE', ( #1940, #864, #2772, #2545 ) ) ;
#1456 = CIRCLE ( 'NONE', #926, 3.500000000000003109 ) ;
#1457 = FACE_OUTER_BOUND ( 'NONE', #4672, .T. ) ;
#1458 = CARTESIAN_POINT ( 'NONE',  ( -40.00000000000000000, -13.99999999999999822, -40.00000000000000000 ) ) ;
#1459 = VERTEX_POINT ( 'NONE', #2448 ) ;
#1460 = CARTESIAN_POINT ( 'NONE',  ( 41.49999999999999289, -14.00000000000000000, -37.00000000000000000 ) ) ;
#1461 = VECTOR ( 'NONE', #823, 1000.000000000000000 ) ;
#1462 = ORIENTED_EDGE ( 'NONE', *, *, #3578, .F. ) ;
#1463 = VECTOR ( 'NONE', #3430, 1000.000000000000000 ) ;
#1464 = CARTESIAN_POINT ( 'NONE',  ( -35.00000000000000000, -24.00000000000000355, 41.49999999999998579 ) ) ;
#1465 = CARTESIAN_POINT ( 'NONE',  ( -43.50000000000001421, -14.00000000000000000, -39.99999999999999289 ) ) ;
#1466 = AXIS2_PLACEMENT_3D ( 'NONE', #1931, #2728, #511 ) ;
#1467 = CARTESIAN_POINT ( 'NONE',  ( 44.49999999999998579, -36.00000000000000711, -46.70000000000000995 ) ) ;
#1468 = VECTOR ( 'NONE', #3538, 1000.000000000000000 ) ;
#1469 = CARTESIAN_POINT ( 'NONE',  ( -43.49999999999999289, -14.00000000000000000, -34.99999999999999289 ) ) ;
#1470 = PLANE ( 'NONE',  #186 ) ;
#1471 = ORIENTED_EDGE ( 'NONE', *, *, #2548, .F. ) ;
#1472 = AXIS2_PLACEMENT_3D ( 'NONE', #2377, #581, #2043 ) ;
#1473 = EDGE_CURVE ( 'NONE', #2481, #22, #3577, .T. ) ;
#1474 = DIRECTION ( 'NONE',  ( 0.000000000000000000, 0.000000000000000000, -1.000000000000000000 ) ) ;
#1475 = VECTOR ( 'NONE', #990, 1000.000000000000000 ) ;
#1476 = CYLINDRICAL_SURFACE ( 'NONE', #1115, 1.000000000000000888 ) ;
#1477 = FACE_OUTER_BOUND ( 'NONE', #860, .T. ) ;
#1478 = ORIENTED_EDGE ( 'NONE', *, *, #3188, .T. ) ;
#1479 = VERTEX_POINT ( 'NONE', #4703 ) ;
#1480 = EDGE_CURVE ( 'NONE', #3405, #3002, #983, .T. ) ;
#1481 = AXIS2_PLACEMENT_3D ( 'NONE', #3947, #3254, #3607 ) ;
#1482 = PLANE ( 'NONE',  #151 ) ;
#1483 = ORIENTED_EDGE ( 'NONE', *, *, #2837, .T. ) ;
#1484 = CYLINDRICAL_SURFACE ( 'NONE', #1108, 1.050000000000002265 ) ;
#1485 = VECTOR ( 'NONE', #2253, 1000.000000000000000 ) ;
#1486 = ORIENTED_EDGE ( 'NONE', *, *, #3367, .T. ) ;
#1487 = CIRCLE ( 'NONE', #4173, 1.000000000000000888 ) ;
#1488 = DIRECTION ( 'NONE',  ( 0.000000000000000000, 0.000000000000000000, -1.000000000000000000 ) ) ;
#1489 = FACE_OUTER_BOUND ( 'NONE', #1750, .T. ) ;
#1490 = AXIS2_PLACEMENT_3D ( 'NONE', #298, #688, #3264 ) ;
#1491 = DIRECTION ( 'NONE',  ( 0.000000000000000000, 0.000000000000000000, -1.000000000000000000 ) ) ;
#1492 = AXIS2_PLACEMENT_3D ( 'NONE', #1905, #1545, #4476 ) ;
#1493 = CARTESIAN_POINT ( 'NONE',  ( 40.00000000000000000, -13.99999999999999822, -41.05000000000000426 ) ) ;
#1494 = DIRECTION ( 'NONE',  ( -1.559302000878028960E-16, -0.000000000000000000, -1.000000000000000000 ) ) ;
#1495 = DIRECTION ( 'NONE',  ( -0.000000000000000000, -1.000000000000000000, -0.000000000000000000 ) ) ;
#1496 = EDGE_LOOP ( 'NONE', ( #593, #3289 ) ) ;
#1497 = CARTESIAN_POINT ( 'NONE',  ( 47.50000000000000000, -26.00000000000000355, 36.00000000000000711 ) ) ;
#1498 = CARTESIAN_POINT ( 'NONE',  ( 39.99999999999999289, -35.00000000000000000, 43.50000000000000000 ) ) ;
#1499 = ADVANCED_FACE ( 'NONE', ( #2058 ), #205, .T. ) ;
#1500 = DIRECTION ( 'NONE',  ( -0.000000000000000000, 1.000000000000000000, -0.000000000000000000 ) ) ;
#1501 = EDGE_LOOP ( 'NONE', ( #2738, #3201 ) ) ;
#1502 = ORIENTED_EDGE ( 'NONE', *, *, #282, .T. ) ;
#1503 = LINE ( 'NONE', #4435, #1293 ) ;
#1504 = EDGE_CURVE ( 'NONE', #994, #3179, #3523, .T. ) ;
#1505 = LINE ( 'NONE', #2666, #3001 ) ;
#1506 = CARTESIAN_POINT ( 'NONE',  ( -47.50000000000000000, -6.000000000000000000, 33.99999999999999289 ) ) ;
#1507 = EDGE_CURVE ( 'NONE', #1348, #1624, #1774, .T. ) ;
#1508 = ORIENTED_EDGE ( 'NONE', *, *, #1480, .T. ) ;
#1509 = CYLINDRICAL_SURFACE ( 'NONE', #4220, 3.500000000000003109 ) ;
#1510 = CARTESIAN_POINT ( 'NONE',  ( 44.50000000000000000, -1.000000000000000000, 44.49999999999998579 ) ) ;
#1511 = EDGE_CURVE ( 'NONE', #2793, #1479, #1382, .T. ) ;
#1512 = VERTEX_POINT ( 'NONE', #2783 ) ;
#1513 = DIRECTION ( 'NONE',  ( 0.000000000000000000, 0.000000000000000000, -1.000000000000000000 ) ) ;
#1514 = DIRECTION ( 'NONE',  ( 0.000000000000000000, -1.000000000000000000, 0.000000000000000000 ) ) ;
#1515 = CARTESIAN_POINT ( 'NONE',  ( -40.00000000000000000, -13.99999999999999822, 40.00000000000000000 ) ) ;
#1516 = DIRECTION ( 'NONE',  ( -0.000000000000000000, 1.000000000000000000, -0.000000000000000000 ) ) ;
#1517 = ORIENTED_EDGE ( 'NONE', *, *, #3979, .T. ) ;
#1518 = DIRECTION ( 'NONE',  ( 0.000000000000000000, 0.000000000000000000, 1.000000000000000000 ) ) ;
#1519 = CARTESIAN_POINT ( 'NONE',  ( -40.00000000000000000, 0.000000000000000000, 43.49999999999999289 ) ) ;
#1520 = CARTESIAN_POINT ( 'NONE',  ( -43.50000000000001421, -14.00000000000000000, -43.50000000000000000 ) ) ;
#1521 = ORIENTED_EDGE ( 'NONE', *, *, #4501, .T. ) ;
#1522 = VERTEX_POINT ( 'NONE', #1746 ) ;
#1523 = EDGE_CURVE ( 'NONE', #1847, #187, #3552, .T. ) ;
#1524 = DIRECTION ( 'NONE',  ( 1.000000000000000000, -0.000000000000000000, 1.460819769243627131E-16 ) ) ;
#1525 = DIRECTION ( 'NONE',  ( 0.000000000000000000, 0.000000000000000000, 1.000000000000000000 ) ) ;
#1526 = ORIENTED_EDGE ( 'NONE', *, *, #1949, .F. ) ;
#1527 = DIRECTION ( 'NONE',  ( -0.000000000000000000, -1.000000000000000000, -0.000000000000000000 ) ) ;
#1528 = ORIENTED_EDGE ( 'NONE', *, *, #2300, .T. ) ;
#1529 = VECTOR ( 'NONE', #962, 1000.000000000000000 ) ;
#1530 = ADVANCED_FACE ( 'NONE', ( #283 ), #4679, .F. ) ;
#1531 = CARTESIAN_POINT ( 'NONE',  ( -37.00000000000000711, -14.00000000000000000, 41.49999999999998579 ) ) ;
#1532 = VECTOR ( 'NONE', #1133, 1000.000000000000000 ) ;
#1533 = LINE ( 'NONE', #1920, #867 ) ;
#1534 = ORIENTED_EDGE ( 'NONE', *, *, #2674, .F. ) ;
#1535 = CIRCLE ( 'NONE', #78, 2.000000000000001776 ) ;
#1536 = AXIS2_PLACEMENT_3D ( 'NONE', #888, #4194, #1668 ) ;
#1537 = ADVANCED_FACE ( 'NONE', ( #1723 ), #4315, .F. ) ;
#1538 = DIRECTION ( 'NONE',  ( 0.000000000000000000, -1.000000000000000000, 0.000000000000000000 ) ) ;
#1539 = DIRECTION ( 'NONE',  ( -1.000000000000000000, 0.000000000000000000, -0.000000000000000000 ) ) ;
#1540 = CIRCLE ( 'NONE', #2311, 2.200000000000007283 ) ;
#1541 = CARTESIAN_POINT ( 'NONE',  ( 44.50000000000000000, -1.000000000000000000, 44.49999999999998579 ) ) ;
#1542 = ORIENTED_EDGE ( 'NONE', *, *, #4226, .T. ) ;
#1543 = CIRCLE ( 'NONE', #395, 3.500000000000003109 ) ;
#1544 = CARTESIAN_POINT ( 'NONE',  ( -47.50000000000001421, -35.00000000000000000, -44.50000000000001421 ) ) ;
#1545 = DIRECTION ( 'NONE',  ( -0.000000000000000000, 1.000000000000000000, -0.000000000000000000 ) ) ;
#1546 = LINE ( 'NONE', #128, #1037 ) ;
#1547 = AXIS2_PLACEMENT_3D ( 'NONE', #3992, #2198, #4305 ) ;
#1548 = ORIENTED_EDGE ( 'NONE', *, *, #3971, .T. ) ;
#1549 = ORIENTED_EDGE ( 'NONE', *, *, #363, .T. ) ;
#1550 = LINE ( 'NONE', #3745, #699 ) ;
#1551 = AXIS2_PLACEMENT_3D ( 'NONE', #1416, #2836, #2886 ) ;
#1552 = CARTESIAN_POINT ( 'NONE',  ( 44.50000000000000000, -35.00000000000000000, 44.49999999999998579 ) ) ;
#1553 = DIRECTION ( 'NONE',  ( -0.000000000000000000, 1.000000000000000000, -0.000000000000000000 ) ) ;
#1554 = ORIENTED_EDGE ( 'NONE', *, *, #1718, .F. ) ;
#1555 = AXIS2_PLACEMENT_3D ( 'NONE', #2864, #4325, #1778 ) ;
#1556 = AXIS2_PLACEMENT_3D ( 'NONE', #4298, #1418, #1015 ) ;
#1557 = DIRECTION ( 'NONE',  ( 0.000000000000000000, 0.000000000000000000, 1.000000000000000000 ) ) ;
#1558 = EDGE_CURVE ( 'NONE', #2957, #1690, #963, .T. ) ;
#1559 = ORIENTED_EDGE ( 'NONE', *, *, #482, .F. ) ;
#1560 = CIRCLE ( 'NONE', #2186, 1.000000000000000888 ) ;
#1561 = DIRECTION ( 'NONE',  ( -1.067522139062650671E-15, 0.000000000000000000, 1.000000000000000000 ) ) ;
#1562 = CARTESIAN_POINT ( 'NONE',  ( -47.30000000000000426, -16.00000000000000000, 36.00000000000000000 ) ) ;
#1563 = VECTOR ( 'NONE', #418, 1000.000000000000000 ) ;
#1564 = DIRECTION ( 'NONE',  ( 0.000000000000000000, -0.000000000000000000, 1.000000000000000000 ) ) ;
#1565 = EDGE_CURVE ( 'NONE', #1181, #2684, #2389, .T. ) ;
#1566 = VERTEX_POINT ( 'NONE', #4287 ) ;
#1567 = DIRECTION ( 'NONE',  ( 0.000000000000000000, 0.000000000000000000, 1.000000000000000000 ) ) ;
#1568 = CARTESIAN_POINT ( 'NONE',  ( 41.49999999999999289, -24.00000000000000355, -4.500000000000000888 ) ) ;
#1569 = EDGE_CURVE ( 'NONE', #509, #3794, #1005, .T. ) ;
#1570 = DIRECTION ( 'NONE',  ( 0.000000000000000000, 0.000000000000000000, -1.000000000000000000 ) ) ;
#1571 = ORIENTED_EDGE ( 'NONE', *, *, #1268, .T. ) ;
#1572 = VERTEX_POINT ( 'NONE', #3962 ) ;
#1573 = DIRECTION ( 'NONE',  ( 1.000000000000000000, 0.000000000000000000, -1.460819769243627131E-16 ) ) ;
#1574 = CARTESIAN_POINT ( 'NONE',  ( -40.00000000000000000, -24.00000000000000355, 41.05000000000000426 ) ) ;
#1575 = EDGE_LOOP ( 'NONE', ( #488, #4647 ) ) ;
#1576 = CARTESIAN_POINT ( 'NONE',  ( -46.50000000000000711, -1.000000000000000000, -44.50000000000001421 ) ) ;
#1577 = VERTEX_POINT ( 'NONE', #672 ) ;
#1578 = ORIENTED_EDGE ( 'NONE', *, *, #3974, .T. ) ;
#1579 = CARTESIAN_POINT ( 'NONE',  ( 40.00000000000000000, -13.99999999999999822, 1.050000000000002265 ) ) ;
#1580 = ORIENTED_EDGE ( 'NONE', *, *, #143, .T. ) ;
#1581 = ADVANCED_FACE ( 'NONE', ( #2133 ), #397, .F. ) ;
#1582 = FACE_OUTER_BOUND ( 'NONE', #3824, .T. ) ;
#1583 = DIRECTION ( 'NONE',  ( 0.000000000000000000, 0.000000000000000000, -1.000000000000000000 ) ) ;
#1584 = CARTESIAN_POINT ( 'NONE',  ( 43.50000000000000000, -24.00000000000000355, 4.500000000000000888 ) ) ;
#1585 = ORIENTED_EDGE ( 'NONE', *, *, #4041, .F. ) ;
#1586 = VERTEX_POINT ( 'NONE', #3307 ) ;
#1587 = EDGE_CURVE ( 'NONE', #2056, #2435, #3843, .T. ) ;
#1588 = PLANE ( 'NONE',  #2477 ) ;
#1589 = EDGE_CURVE ( 'NONE', #2446, #1512, #3004, .T. ) ;
#1590 = DIRECTION ( 'NONE',  ( -0.000000000000000000, -1.000000000000000000, 0.000000000000000000 ) ) ;
#1591 = CARTESIAN_POINT ( 'NONE',  ( -36.99999999999999289, -24.00000000000000355, -39.50000000000000000 ) ) ;
#1592 = ORIENTED_EDGE ( 'NONE', *, *, #3010, .T. ) ;
#1593 = EDGE_LOOP ( 'NONE', ( #2753, #4248 ) ) ;
#1594 = ADVANCED_FACE ( 'NONE', ( #3668 ), #2203, .F. ) ;
#1595 = CARTESIAN_POINT ( 'NONE',  ( -39.50000000000000000, 0.000000000000000000, 0.000000000000000000 ) ) ;
#1596 = DIRECTION ( 'NONE',  ( -9.376883653928686131E-17, 0.000000000000000000, 1.000000000000000000 ) ) ;
#1597 = DIRECTION ( 'NONE',  ( 0.000000000000000000, -1.000000000000000000, 0.000000000000000000 ) ) ;
#1598 = ORIENTED_EDGE ( 'NONE', *, *, #1504, .T. ) ;
#1599 = CYLINDRICAL_SURFACE ( 'NONE', #3322, 2.000000000000001776 ) ;
#1600 = AXIS2_PLACEMENT_3D ( 'NONE', #396, #2824, #2727 ) ;
#1601 = EDGE_LOOP ( 'NONE', ( #4040, #3150 ) ) ;
#1602 = VECTOR ( 'NONE', #4721, 1000.000000000000000 ) ;
#1603 = CARTESIAN_POINT ( 'NONE',  ( 39.50000000000000000, -24.00000000000000355, 0.000000000000000000 ) ) ;
#1604 = DIRECTION ( 'NONE',  ( 1.000000000000000000, -0.000000000000000000, -1.460819769243627377E-16 ) ) ;
#1605 = DIRECTION ( 'NONE',  ( -0.000000000000000000, 1.000000000000000000, -0.000000000000000000 ) ) ;
#1606 = CIRCLE ( 'NONE', #4143, 2.500000000000000000 ) ;
#1607 = VERTEX_POINT ( 'NONE', #4050 ) ;
#1608 = EDGE_LOOP ( 'NONE', ( #1393, #3239, #3481, #1616 ) ) ;
#1609 = AXIS2_PLACEMENT_3D ( 'NONE', #2755, #1850, #1488 ) ;
#1610 = CARTESIAN_POINT ( 'NONE',  ( -43.50000000000000000, 0.000000000000000000, -2.500000000000000000 ) ) ;
#1611 =( LENGTH_UNIT ( ) NAMED_UNIT ( * ) SI_UNIT ( .MILLI., .METRE. ) );
#1612 = CARTESIAN_POINT ( 'NONE',  ( 47.29999999999999005, -5.999999999999991118, -35.00000000000000711 ) ) ;
#1613 = EDGE_CURVE ( 'NONE', #2446, #1127, #1119, .T. ) ;
#1614 = ORIENTED_EDGE ( 'NONE', *, *, #2304, .F. ) ;
#1615 = VECTOR ( 'NONE', #2560, 1000.000000000000000 ) ;
#1616 = ORIENTED_EDGE ( 'NONE', *, *, #2584, .T. ) ;
#1617 = FACE_OUTER_BOUND ( 'NONE', #117, .T. ) ;
#1618 = DIRECTION ( 'NONE',  ( 0.000000000000000000, 0.000000000000000000, -1.000000000000000000 ) ) ;
#1619 = VECTOR ( 'NONE', #3679, 1000.000000000000000 ) ;
#1620 = CARTESIAN_POINT ( 'NONE',  ( -43.50000000000001421, -14.00000000000000000, -34.99999999999999289 ) ) ;
#1621 = CARTESIAN_POINT ( 'NONE',  ( 39.99999999999999289, -14.00000000000000000, -43.50000000000000000 ) ) ;
#1622 = EDGE_CURVE ( 'NONE', #1689, #2781, #3619, .T. ) ;
#1623 = ORIENTED_EDGE ( 'NONE', *, *, #4088, .T. ) ;
#1624 = VERTEX_POINT ( 'NONE', #1497 ) ;
#1625 = AXIS2_PLACEMENT_3D ( 'NONE', #1822, #4013, #3292 ) ;
#1626 = CARTESIAN_POINT ( 'NONE',  ( 47.49999999999998579, -5.999999999999991118, -35.00000000000000711 ) ) ;
#1627 = ORIENTED_EDGE ( 'NONE', *, *, #755, .F. ) ;
#1628 = AXIS2_PLACEMENT_3D ( 'NONE', #1515, #1856, #2987 ) ;
#1629 = EDGE_LOOP ( 'NONE', ( #2838, #2375, #3765, #2697 ) ) ;
#1630 = VECTOR ( 'NONE', #429, 1000.000000000000000 ) ;
#1631 = DIRECTION ( 'NONE',  ( 0.000000000000000000, 0.000000000000000000, 1.000000000000000000 ) ) ;
#1632 = LINE ( 'NONE', #947, #3466 ) ;
#1633 = PLANE ( 'NONE',  #1869 ) ;
#1634 = AXIS2_PLACEMENT_3D ( 'NONE', #4634, #208, #1341 ) ;
#1635 = ORIENTED_EDGE ( 'NONE', *, *, #1366, .F. ) ;
#1636 = EDGE_LOOP ( 'NONE', ( #1623, #3582, #3674, #2724, #4591, #2440, #1663, #4022, #3247, #339, #1995, #2732, #2823, #402, #4654, #1641, #4167, #234, #2266, #84 ) ) ;
#1637 = FACE_OUTER_BOUND ( 'NONE', #4528, .T. ) ;
#1638 = VECTOR ( 'NONE', #2941, 1000.000000000000000 ) ;
#1639 = DIRECTION ( 'NONE',  ( -1.067522139062650671E-15, 0.000000000000000000, 1.000000000000000000 ) ) ;
#1640 = CARTESIAN_POINT ( 'NONE',  ( -44.50000000000000000, -36.00000000000000711, 46.69999999999998153 ) ) ;
#1641 = ORIENTED_EDGE ( 'NONE', *, *, #2455, .T. ) ;
#1642 = CIRCLE ( 'NONE', #2423, 1.000000000000000888 ) ;
#1643 = ORIENTED_EDGE ( 'NONE', *, *, #3115, .T. ) ;
#1644 = DIRECTION ( 'NONE',  ( 1.000000000000000000, 0.000000000000000000, -0.000000000000000000 ) ) ;
#1645 = DIRECTION ( 'NONE',  ( -0.000000000000000000, 1.000000000000000000, -0.000000000000000000 ) ) ;
#1646 = ADVANCED_FACE ( 'NONE', ( #717 ), #421, .F. ) ;
#1647 = LINE ( 'NONE', #4680, #2263 ) ;
#1648 = DIRECTION ( 'NONE',  ( -0.000000000000000000, 1.000000000000000000, -0.000000000000000000 ) ) ;
#1649 = LINE ( 'NONE', #820, #3096 ) ;
#1650 = VERTEX_POINT ( 'NONE', #57 ) ;
#1651 = ORIENTED_EDGE ( 'NONE', *, *, #608, .F. ) ;
#1652 = ADVANCED_FACE ( 'NONE', ( #4338 ), #788, .F. ) ;
#1653 = CARTESIAN_POINT ( 'NONE',  ( 41.49999999999999289, -24.00000000000000355, -2.500000000000000000 ) ) ;
#1654 = EDGE_CURVE ( 'NONE', #4590, #450, #1886, .T. ) ;
#1655 = ORIENTED_EDGE ( 'NONE', *, *, #4352, .T. ) ;
#1656 = ORIENTED_EDGE ( 'NONE', *, *, #3499, .T. ) ;
#1657 = EDGE_CURVE ( 'NONE', #2818, #639, #2520, .T. ) ;
#1658 = DIRECTION ( 'NONE',  ( 0.000000000000000000, 0.000000000000000000, -1.000000000000000000 ) ) ;
#1659 = DIRECTION ( 'NONE',  ( -0.000000000000000000, -1.000000000000000000, 0.000000000000000000 ) ) ;
#1660 = ORIENTED_EDGE ( 'NONE', *, *, #1762, .T. ) ;
#1661 = DIRECTION ( 'NONE',  ( -0.000000000000000000, 1.000000000000000000, -0.000000000000000000 ) ) ;
#1662 = CARTESIAN_POINT ( 'NONE',  ( -36.99999999999999289, -24.00000000000000355, -37.00000000000000000 ) ) ;
#1663 = ORIENTED_EDGE ( 'NONE', *, *, #812, .T. ) ;
#1664 = ORIENTED_EDGE ( 'NONE', *, *, #3719, .T. ) ;
#1665 = DIRECTION ( 'NONE',  ( 1.000000000000000000, 0.000000000000000000, -1.460819769243627131E-16 ) ) ;
#1666 = DIRECTION ( 'NONE',  ( 0.000000000000000000, 0.000000000000000000, -1.000000000000000000 ) ) ;
#1667 = DIRECTION ( 'NONE',  ( 1.000000000000000000, 0.000000000000000000, -0.000000000000000000 ) ) ;
#1668 = DIRECTION ( 'NONE',  ( 0.000000000000000000, 0.000000000000000000, -1.000000000000000000 ) ) ;
#1669 = FACE_OUTER_BOUND ( 'NONE', #3101, .T. ) ;
#1670 = EDGE_LOOP ( 'NONE', ( #2998, #4671, #197, #382, #957, #67, #3277 ) ) ;
#1671 = ORIENTED_EDGE ( 'NONE', *, *, #2455, .F. ) ;
#1672 = EDGE_CURVE ( 'NONE', #1333, #3534, #4407, .T. ) ;
#1673 = FACE_OUTER_BOUND ( 'NONE', #2890, .T. ) ;
#1674 = ORIENTED_EDGE ( 'NONE', *, *, #1870, .F. ) ;
#1675 = VERTEX_POINT ( 'NONE', #3980 ) ;
#1676 = EDGE_CURVE ( 'NONE', #3548, #3318, #4525, .T. ) ;
#1677 = CARTESIAN_POINT ( 'NONE',  ( -43.49999999999999289, -24.00000000000000355, -34.99999999999999289 ) ) ;
#1678 = CIRCLE ( 'NONE', #3529, 2.200000000000007283 ) ;
#1679 = LINE ( 'NONE', #1736, #2861 ) ;
#1680 = EDGE_CURVE ( 'NONE', #3968, #3495, #1012, .T. ) ;
#1681 = ORIENTED_EDGE ( 'NONE', *, *, #1295, .F. ) ;
#1682 = CIRCLE ( 'NONE', #2306, 2.000000000000001776 ) ;
#1683 = VERTEX_POINT ( 'NONE', #4074 ) ;
#1684 = CARTESIAN_POINT ( 'NONE',  ( 47.29999999999999005, -25.99999999999999645, -35.00000000000001421 ) ) ;
#1685 = CARTESIAN_POINT ( 'NONE',  ( -44.50000000000001421, -36.00000000000000711, -44.50000000000001421 ) ) ;
#1686 = AXIS2_PLACEMENT_3D ( 'NONE', #1990, #609, #1349 ) ;
#1687 = CARTESIAN_POINT ( 'NONE',  ( 37.00000000000000000, -14.00000000000000000, -37.00000000000000000 ) ) ;
#1688 = DIRECTION ( 'NONE',  ( 0.000000000000000000, 0.000000000000000000, -1.000000000000000000 ) ) ;
#1689 = VERTEX_POINT ( 'NONE', #1792 ) ;
#1690 = VERTEX_POINT ( 'NONE', #3267 ) ;
#1691 = VECTOR ( 'NONE', #2364, 1000.000000000000000 ) ;
#1692 = VECTOR ( 'NONE', #3093, 1000.000000000000000 ) ;
#1693 = LINE ( 'NONE', #2853, #1529 ) ;
#1694 = DIRECTION ( 'NONE',  ( 0.000000000000000000, 0.000000000000000000, -1.000000000000000000 ) ) ;
#1695 = FACE_OUTER_BOUND ( 'NONE', #378, .T. ) ;
#1696 = FACE_OUTER_BOUND ( 'NONE', #2329, .T. ) ;
#1697 = DIRECTION ( 'NONE',  ( 0.000000000000000000, -0.000000000000000000, -1.000000000000000000 ) ) ;
#1698 = AXIS2_PLACEMENT_3D ( 'NONE', #3013, #1926, #53 ) ;
#1699 = ORIENTED_EDGE ( 'NONE', *, *, #4736, .T. ) ;
#1700 = ORIENTED_EDGE ( 'NONE', *, *, #1370, .T. ) ;
#1701 = CARTESIAN_POINT ( 'NONE',  ( 44.49999999999998579, -1.000000000000000000, -46.50000000000001421 ) ) ;
#1702 = AXIS2_PLACEMENT_3D ( 'NONE', #4447, #4093, #3736 ) ;
#1703 = CARTESIAN_POINT ( 'NONE',  ( 26.00000000000000355, 40.00000000000000000, -46.50000000000001421 ) ) ;
#1704 = EDGE_LOOP ( 'NONE', ( #1934, #4752, #2014, #4666 ) ) ;
#1705 = VERTEX_POINT ( 'NONE', #1429 ) ;
#1706 = VECTOR ( 'NONE', #2215, 1000.000000000000000 ) ;
#1707 = DIRECTION ( 'NONE',  ( -0.000000000000000000, -1.000000000000000000, -0.000000000000000000 ) ) ;
#1708 = CIRCLE ( 'NONE', #1625, 3.500000000000003109 ) ;
#1709 = DIRECTION ( 'NONE',  ( -0.000000000000000000, 1.000000000000000000, -0.000000000000000000 ) ) ;
#1710 = ADVANCED_FACE ( 'NONE', ( #2899 ), #353, .F. ) ;
#1711 = ORIENTED_EDGE ( 'NONE', *, *, #344, .F. ) ;
#1712 = AXIS2_PLACEMENT_3D ( 'NONE', #838, #2617, #1126 ) ;
#1713 = ORIENTED_EDGE ( 'NONE', *, *, #4303, .T. ) ;
#1714 = CARTESIAN_POINT ( 'NONE',  ( -47.30000000000000426, -26.00000000000000355, 36.00000000000000711 ) ) ;
#1715 = DIRECTION ( 'NONE',  ( -0.000000000000000000, 1.000000000000000000, -0.000000000000000000 ) ) ;
#1716 = EDGE_CURVE ( 'NONE', #3919, #2305, #4746, .T. ) ;
#1717 = VECTOR ( 'NONE', #3969, 1000.000000000000000 ) ;
#1718 = EDGE_CURVE ( 'NONE', #2822, #2050, #2546, .T. ) ;
#1719 = LINE ( 'NONE', #2078, #3645 ) ;
#1720 = ORIENTED_EDGE ( 'NONE', *, *, #2213, .F. ) ;
#1721 = ORIENTED_EDGE ( 'NONE', *, *, #1949, .T. ) ;
#1722 = VECTOR ( 'NONE', #4626, 1000.000000000000000 ) ;
#1723 = FACE_OUTER_BOUND ( 'NONE', #95, .T. ) ;
#1724 = EDGE_CURVE ( 'NONE', #3781, #3222, #4188, .T. ) ;
#1725 = DIRECTION ( 'NONE',  ( -1.000000000000000000, 0.000000000000000000, 0.000000000000000000 ) ) ;
#1726 = CARTESIAN_POINT ( 'NONE',  ( -47.50000000000000000, -26.00000000000000355, 35.00000000000000000 ) ) ;
#1727 = AXIS2_PLACEMENT_3D ( 'NONE', #2537, #1813, #2220 ) ;
#1728 = VERTEX_POINT ( 'NONE', #3423 ) ;
#1729 = ORIENTED_EDGE ( 'NONE', *, *, #3425, .T. ) ;
#1730 = CARTESIAN_POINT ( 'NONE',  ( -44.50000000000001421, -36.00000000000000711, -46.70000000000002416 ) ) ;
#1731 = AXIS2_PLACEMENT_3D ( 'NONE', #303, #2134, #13 ) ;
#1732 = DIRECTION ( 'NONE',  ( 0.000000000000000000, -1.000000000000000000, 0.000000000000000000 ) ) ;
#1733 = ORIENTED_EDGE ( 'NONE', *, *, #3776, .T. ) ;
#1734 = CARTESIAN_POINT ( 'NONE',  ( 47.29999999999999005, -15.99999999999999289, -35.00000000000000711 ) ) ;
#1735 = DIRECTION ( 'NONE',  ( -1.067522139062650671E-15, 0.000000000000000000, 1.000000000000000000 ) ) ;
#1736 = CARTESIAN_POINT ( 'NONE',  ( -44.50000000000000000, -35.00000000000000000, 47.49999999999998579 ) ) ;
#1737 = ORIENTED_EDGE ( 'NONE', *, *, #3508, .T. ) ;
#1738 = ORIENTED_EDGE ( 'NONE', *, *, #3566, .T. ) ;
#1739 = EDGE_CURVE ( 'NONE', #1607, #3809, #3806, .T. ) ;
#1740 = DIRECTION ( 'NONE',  ( -0.000000000000000000, -1.000000000000000000, -0.000000000000000000 ) ) ;
#1741 = DIRECTION ( 'NONE',  ( 0.000000000000000000, -1.000000000000000000, 0.000000000000000000 ) ) ;
#1742 = CYLINDRICAL_SURFACE ( 'NONE', #4254, 2.000000000000001776 ) ;
#1743 = ORIENTED_EDGE ( 'NONE', *, *, #3859, .F. ) ;
#1744 = EDGE_CURVE ( 'NONE', #4585, #4745, #1904, .T. ) ;
#1745 = CARTESIAN_POINT ( 'NONE',  ( 39.50000000000000000, 0.000000000000000000, 37.00000000000000711 ) ) ;
#1746 = CARTESIAN_POINT ( 'NONE',  ( 39.50000000000000000, -24.00000000000000355, 37.00000000000000711 ) ) ;
#1747 = CARTESIAN_POINT ( 'NONE',  ( -46.50000000000000000, 0.000000000000000000, 44.49999999999998579 ) ) ;
#1748 = LINE ( 'NONE', #966, #3028 ) ;
#1749 = ORIENTED_EDGE ( 'NONE', *, *, #3506, .T. ) ;
#1750 = EDGE_LOOP ( 'NONE', ( #1756, #281, #4701, #1891 ) ) ;
#1751 = EDGE_CURVE ( 'NONE', #1306, #1650, #2635, .T. ) ;
#1752 = DIRECTION ( 'NONE',  ( 0.000000000000000000, -1.000000000000000000, 0.000000000000000000 ) ) ;
#1753 = FACE_OUTER_BOUND ( 'NONE', #1455, .T. ) ;
#1754 = ORIENTED_EDGE ( 'NONE', *, *, #33, .F. ) ;
#1755 = DIRECTION ( 'NONE',  ( -0.000000000000000000, 1.000000000000000000, -0.000000000000000000 ) ) ;
#1756 = ORIENTED_EDGE ( 'NONE', *, *, #4740, .F. ) ;
#1757 = LINE ( 'NONE', #1063, #3000 ) ;
#1758 = DIRECTION ( 'NONE',  ( 0.000000000000000000, -1.000000000000000000, 0.000000000000000000 ) ) ;
#1759 = EDGE_LOOP ( 'NONE', ( #3528, #2933, #4579, #1175 ) ) ;
#1760 = DIRECTION ( 'NONE',  ( 1.559302000878028960E-16, 0.000000000000000000, 1.000000000000000000 ) ) ;
#1761 = CARTESIAN_POINT ( 'NONE',  ( 34.99999999999999289, -24.00000000000000355, -43.50000000000000000 ) ) ;
#1762 = EDGE_CURVE ( 'NONE', #561, #1825, #490, .T. ) ;
#1763 = FACE_BOUND ( 'NONE', #3095, .T. ) ;
#1764 = VECTOR ( 'NONE', #3197, 1000.000000000000000 ) ;
#1765 = EDGE_LOOP ( 'NONE', ( #3352, #2588, #1123, #3761 ) ) ;
#1766 = VECTOR ( 'NONE', #1950, 1000.000000000000000 ) ;
#1767 = CARTESIAN_POINT ( 'NONE',  ( 37.00000000000000000, 0.000000000000000000, -39.50000000000000000 ) ) ;
#1768 = LINE ( 'NONE', #4408, #1879 ) ;
#1769 = EDGE_CURVE ( 'NONE', #2813, #3405, #2924, .T. ) ;
#1770 = LINE ( 'NONE', #3245, #27 ) ;
#1771 = ORIENTED_EDGE ( 'NONE', *, *, #3663, .F. ) ;
#1772 = AXIS2_PLACEMENT_3D ( 'NONE', #3512, #555, #525 ) ;
#1773 = ORIENTED_EDGE ( 'NONE', *, *, #4720, .F. ) ;
#1774 = CIRCLE ( 'NONE', #3240, 1.000000000000000888 ) ;
#1775 = DIRECTION ( 'NONE',  ( 0.000000000000000000, -1.000000000000000000, 0.000000000000000000 ) ) ;
#1776 = ADVANCED_FACE ( 'NONE', ( #1206 ), #3783, .F. ) ;
#1777 = EDGE_LOOP ( 'NONE', ( #893, #3440, #2459, #4190, #2953, #845, #4103, #1797, #3316, #4008, #1848, #2062 ) ) ;
#1778 = DIRECTION ( 'NONE',  ( 0.000000000000000000, -0.000000000000000000, -1.000000000000000000 ) ) ;
#1779 = ORIENTED_EDGE ( 'NONE', *, *, #1622, .T. ) ;
#1780 = VECTOR ( 'NONE', #4282, 1000.000000000000000 ) ;
#1781 = CYLINDRICAL_SURFACE ( 'NONE', #2307, 1.050000000000002265 ) ;
#1782 = DIRECTION ( 'NONE',  ( -0.000000000000000000, -1.000000000000000000, 0.000000000000000000 ) ) ;
#1783 = VECTOR ( 'NONE', #2384, 1000.000000000000000 ) ;
#1784 = AXIS2_PLACEMENT_3D ( 'NONE', #3872, #4558, #3485 ) ;
#1785 = DIRECTION ( 'NONE',  ( 1.000000000000000000, -0.000000000000000000, 0.000000000000000000 ) ) ;
#1786 = DIRECTION ( 'NONE',  ( -1.000000000000000000, 0.000000000000000000, -1.460819769243627131E-16 ) ) ;
#1787 = CARTESIAN_POINT ( 'NONE',  ( -46.70000000000000995, -35.00000000000000000, -44.50000000000001421 ) ) ;
#1788 = CIRCLE ( 'NONE', #3636, 2.500000000000002220 ) ;
#1789 = ORIENTED_EDGE ( 'NONE', *, *, #508, .T. ) ;
#1790 = CARTESIAN_POINT ( 'NONE',  ( -44.50000000000000000, -36.00000000000000711, 44.49999999999998579 ) ) ;
#1791 = VECTOR ( 'NONE', #1527, 1000.000000000000000 ) ;
#1792 = CARTESIAN_POINT ( 'NONE',  ( 47.50000000000000000, -6.000000000000000000, 33.99999999999999289 ) ) ;
#1793 = CARTESIAN_POINT ( 'NONE',  ( 43.50000000000000000, -14.00000000000000000, -39.99999999999999289 ) ) ;
#1794 = FACE_BOUND ( 'NONE', #1357, .T. ) ;
#1795 = EDGE_LOOP ( 'NONE', ( #3874, #2194 ) ) ;
#1796 = CIRCLE ( 'NONE', #3642, 1.050000000000002265 ) ;
#1797 = ORIENTED_EDGE ( 'NONE', *, *, #1336, .F. ) ;
#1798 = ADVANCED_FACE ( 'NONE', ( #4513 ), #853, .F. ) ;
#1799 = DIRECTION ( 'NONE',  ( 0.000000000000000000, 0.000000000000000000, -1.000000000000000000 ) ) ;
#1800 = CIRCLE ( 'NONE', #807, 1.050000000000002265 ) ;
#1801 = DIRECTION ( 'NONE',  ( -0.000000000000000000, 1.000000000000000000, -0.000000000000000000 ) ) ;
#1802 = ORIENTED_EDGE ( 'NONE', *, *, #3471, .T. ) ;
#1803 = DIRECTION ( 'NONE',  ( -1.000000000000000000, -0.000000000000000000, -1.460819769243627377E-16 ) ) ;
#1804 = EDGE_LOOP ( 'NONE', ( #2431, #3358 ) ) ;
#1805 = CIRCLE ( 'NONE', #4645, 2.000000000000001776 ) ;
#1806 = ADVANCED_FACE ( 'NONE', ( #1957 ), #3018, .F. ) ;
#1807 = EDGE_CURVE ( 'NONE', #2452, #1479, #2274, .T. ) ;
#1808 = CARTESIAN_POINT ( 'NONE',  ( -40.00000000000000000, -35.00000000000000000, -40.00000000000000000 ) ) ;
#1809 = CARTESIAN_POINT ( 'NONE',  ( -43.50000000000000711, -24.00000000000000355, 37.00000000000000000 ) ) ;
#1810 = ADVANCED_FACE ( 'NONE', ( #4099 ), #1588, .F. ) ;
#1811 = PLANE ( 'NONE',  #2688 ) ;
#1812 = CARTESIAN_POINT ( 'NONE',  ( -47.30000000000000426, -16.00000000000000000, 34.99999999999999289 ) ) ;
#1813 = DIRECTION ( 'NONE',  ( 0.000000000000000000, 1.000000000000000000, 0.000000000000000000 ) ) ;
#1814 = ORIENTED_EDGE ( 'NONE', *, *, #4320, .F. ) ;
#1815 = CARTESIAN_POINT ( 'NONE',  ( -43.50000000000000000, -24.00000000000000355, 4.500000000000000888 ) ) ;
#1816 = DIRECTION ( 'NONE',  ( -1.000000000000000000, -0.000000000000000000, -1.460819769243627377E-16 ) ) ;
#1817 = FACE_BOUND ( 'NONE', #1804, .T. ) ;
#1818 = FACE_OUTER_BOUND ( 'NONE', #1118, .T. ) ;
#1819 = ORIENTED_EDGE ( 'NONE', *, *, #1558, .T. ) ;
#1820 = EDGE_LOOP ( 'NONE', ( #178, #3207 ) ) ;
#1821 = DIRECTION ( 'NONE',  ( 0.000000000000000000, 0.000000000000000000, -1.000000000000000000 ) ) ;
#1822 = CARTESIAN_POINT ( 'NONE',  ( -39.99999999999998579, -24.00000000000000355, -39.99999999999999289 ) ) ;
#1823 = ORIENTED_EDGE ( 'NONE', *, *, #4358, .F. ) ;
#1824 = CARTESIAN_POINT ( 'NONE',  ( -47.29999999999999005, -25.99999999999999645, -34.00000000000001421 ) ) ;
#1825 = VERTEX_POINT ( 'NONE', #3084 ) ;
#1826 = PRODUCT ( 'Mid Tray', 'Mid Tray', '', ( #2391 ) ) ;
#1827 = CARTESIAN_POINT ( 'NONE',  ( 47.49999999999998579, -5.999999999999991118, -34.00000000000000711 ) ) ;
#1828 = DIRECTION ( 'NONE',  ( 0.000000000000000000, 0.000000000000000000, -1.000000000000000000 ) ) ;
#1829 = ADVANCED_FACE ( 'NONE', ( #4541 ), #3058, .T. ) ;
#1830 = CARTESIAN_POINT ( 'NONE',  ( 46.50000000000000000, -1.000000000000000000, 44.49999999999998579 ) ) ;
#1831 = DIRECTION ( 'NONE',  ( 1.000000000000000000, 0.000000000000000000, -1.460819769243627131E-16 ) ) ;
#1832 = EDGE_CURVE ( 'NONE', #3412, #2814, #2554, .T. ) ;
#1833 = DIRECTION ( 'NONE',  ( 0.000000000000000000, 0.000000000000000000, -1.000000000000000000 ) ) ;
#1834 = ORIENTED_EDGE ( 'NONE', *, *, #3930, .F. ) ;
#1835 = CYLINDRICAL_SURFACE ( 'NONE', #1002, 1.000000000000000888 ) ;
#1836 = CARTESIAN_POINT ( 'NONE',  ( -47.30000000000000426, -6.000000000000000000, 36.00000000000000000 ) ) ;
#1837 = AXIS2_PLACEMENT_3D ( 'NONE', #1790, #742, #4356 ) ;
#1838 = CARTESIAN_POINT ( 'NONE',  ( -40.00000000000000000, -13.99999999999999822, -1.050000000000002265 ) ) ;
#1839 = DIRECTION ( 'NONE',  ( 1.000000000000000000, 0.000000000000000000, -1.460819769243627131E-16 ) ) ;
#1840 = VERTEX_POINT ( 'NONE', #1252 ) ;
#1841 = ORIENTED_EDGE ( 'NONE', *, *, #3630, .T. ) ;
#1842 = CIRCLE ( 'NONE', #2465, 1.999999999999994893 ) ;
#1843 = CARTESIAN_POINT ( 'NONE',  ( 43.49999999999999289, -24.00000000000000355, 43.49999999999998579 ) ) ;
#1844 = PLANE ( 'NONE',  #854 ) ;
#1845 = CARTESIAN_POINT ( 'NONE',  ( -39.50000000000000000, -14.00000000000000000, 2.500000000000000000 ) ) ;
#1846 = CIRCLE ( 'NONE', #235, 1.000000000000000888 ) ;
#1847 = VERTEX_POINT ( 'NONE', #533 ) ;
#1848 = ORIENTED_EDGE ( 'NONE', *, *, #2715, .T. ) ;
#1849 = VECTOR ( 'NONE', #901, 1000.000000000000000 ) ;
#1850 = DIRECTION ( 'NONE',  ( 1.000000000000000000, -0.000000000000000000, -1.460819769243627377E-16 ) ) ;
#1851 = CYLINDRICAL_SURFACE ( 'NONE', #1171, 2.500000000000002220 ) ;
#1852 = EDGE_CURVE ( 'NONE', #4292, #1705, #1190, .T. ) ;
#1853 = DIRECTION ( 'NONE',  ( -0.000000000000000000, 1.000000000000000000, -0.000000000000000000 ) ) ;
#1854 = AXIS2_PLACEMENT_3D ( 'NONE', #121, #1514, #2270 ) ;
#1855 = CARTESIAN_POINT ( 'NONE',  ( 47.30000000000000426, -26.00000000000000355, 35.00000000000000000 ) ) ;
#1856 = DIRECTION ( 'NONE',  ( -0.000000000000000000, 1.000000000000000000, -0.000000000000000000 ) ) ;
#1857 = CYLINDRICAL_SURFACE ( 'NONE', #885, 1.250000000000001110 ) ;
#1858 = VERTEX_POINT ( 'NONE', #3757 ) ;
#1859 = VECTOR ( 'NONE', #2761, 1000.000000000000000 ) ;
#1860 = EDGE_CURVE ( 'NONE', #3275, #3898, #463, .T. ) ;
#1861 = DIRECTION ( 'NONE',  ( -1.000000000000000000, -0.000000000000000000, -1.460819769243627377E-16 ) ) ;
#1862 = DIRECTION ( 'NONE',  ( 1.000000000000000000, 0.000000000000000000, -1.460819769243627131E-16 ) ) ;
#1863 = EDGE_CURVE ( 'NONE', #3514, #2056, #881, .T. ) ;
#1864 = AXIS2_PLACEMENT_3D ( 'NONE', #211, #629, #3604 ) ;
#1865 = CARTESIAN_POINT ( 'NONE',  ( -40.00000000000000000, -24.00000000000000355, -40.00000000000000000 ) ) ;
#1866 = CARTESIAN_POINT ( 'NONE',  ( -46.70000000000001705, -35.00000000000000000, -44.50000000000001421 ) ) ;
#1867 = ORIENTED_EDGE ( 'NONE', *, *, #3869, .T. ) ;
#1868 = VERTEX_POINT ( 'NONE', #978 ) ;
#1869 = AXIS2_PLACEMENT_3D ( 'NONE', #3107, #4565, #1271 ) ;
#1870 = EDGE_CURVE ( 'NONE', #619, #2650, #2442, .T. ) ;
#1871 = LINE ( 'NONE', #3627, #2312 ) ;
#1872 = ORIENTED_EDGE ( 'NONE', *, *, #2167, .F. ) ;
#1873 = CARTESIAN_POINT ( 'NONE',  ( 44.49999999999998579, -1.000000000000000000, -47.50000000000001421 ) ) ;
#1874 = ORIENTED_EDGE ( 'NONE', *, *, #3092, .F. ) ;
#1875 = VECTOR ( 'NONE', #4051, 1000.000000000000000 ) ;
#1876 = DIRECTION ( 'NONE',  ( 0.000000000000000000, -1.000000000000000000, 0.000000000000000000 ) ) ;
#1877 = LINE ( 'NONE', #3751, #4156 ) ;
#1878 = ORIENTED_EDGE ( 'NONE', *, *, #3127, .F. ) ;
#1879 = VECTOR ( 'NONE', #1120, 1000.000000000000000 ) ;
#1880 = CARTESIAN_POINT ( 'NONE',  ( -36.99999999999999289, -14.00000000000000000, -39.50000000000000000 ) ) ;
#1881 = CARTESIAN_POINT ( 'NONE',  ( 39.99999999999999289, 0.000000000000000000, 43.50000000000000000 ) ) ;
#1882 = LINE ( 'NONE', #2245, #255 ) ;
#1883 = CARTESIAN_POINT ( 'NONE',  ( -46.70000000000001705, -36.00000000000000711, -44.50000000000001421 ) ) ;
#1884 = ADVANCED_FACE ( 'NONE', ( #3162 ), #1376, .T. ) ;
#1885 = ORIENTED_EDGE ( 'NONE', *, *, #567, .F. ) ;
#1886 = LINE ( 'NONE', #2223, #391 ) ;
#1887 = CARTESIAN_POINT ( 'NONE',  ( 39.99999999999999289, -24.00000000000000355, -39.99999999999999289 ) ) ;
#1888 = LINE ( 'NONE', #1520, #3951 ) ;
#1889 = ADVANCED_FACE ( 'NONE', ( #2052 ), #1027, .F. ) ;
#1890 = ORIENTED_EDGE ( 'NONE', *, *, #215, .F. ) ;
#1891 = ORIENTED_EDGE ( 'NONE', *, *, #992, .T. ) ;
#1892 = CYLINDRICAL_SURFACE ( 'NONE', #3768, 3.500000000000003109 ) ;
#1893 = ORIENTED_EDGE ( 'NONE', *, *, #2664, .F. ) ;
#1894 = LINE ( 'NONE', #1824, #2564 ) ;
#1895 = EDGE_CURVE ( 'NONE', #1479, #1368, #2315, .T. ) ;
#1896 = ORIENTED_EDGE ( 'NONE', *, *, #1356, .T. ) ;
#1897 = FACE_OUTER_BOUND ( 'NONE', #4276, .T. ) ;
#1898 = CARTESIAN_POINT ( 'NONE',  ( 44.50000000000000000, -35.00000000000000000, 46.69999999999998153 ) ) ;
#1899 = ORIENTED_EDGE ( 'NONE', *, *, #2485, .F. ) ;
#1900 = FACE_OUTER_BOUND ( 'NONE', #248, .T. ) ;
#1901 = DIRECTION ( 'NONE',  ( 0.000000000000000000, -1.000000000000000000, 0.000000000000000000 ) ) ;
#1902 = DIRECTION ( 'NONE',  ( 0.000000000000000000, 0.000000000000000000, -1.000000000000000000 ) ) ;
#1903 = EDGE_LOOP ( 'NONE', ( #1989, #900, #3839, #394 ) ) ;
#1904 = LINE ( 'NONE', #1975, #2473 ) ;
#1905 = CARTESIAN_POINT ( 'NONE',  ( 39.99999999999999289, -14.00000000000000000, -39.99999999999999289 ) ) ;
#1906 = CARTESIAN_POINT ( 'NONE',  ( 44.49999999999999289, -35.00000000000000000, -44.50000000000000000 ) ) ;
#1907 = ORIENTED_EDGE ( 'NONE', *, *, #245, .T. ) ;
#1908 = ORIENTED_EDGE ( 'NONE', *, *, #2981, .F. ) ;
#1909 = DIRECTION ( 'NONE',  ( 0.000000000000000000, -1.000000000000000000, 0.000000000000000000 ) ) ;
#1910 = CIRCLE ( 'NONE', #1218, 1.000000000000000888 ) ;
#1911 = EDGE_CURVE ( 'NONE', #4500, #3534, #1543, .T. ) ;
#1912 = LINE ( 'NONE', #472, #724 ) ;
#1913 = DIRECTION ( 'NONE',  ( 0.000000000000000000, 0.000000000000000000, -1.000000000000000000 ) ) ;
#1914 = LINE ( 'NONE', #1939, #801 ) ;
#1915 = VERTEX_POINT ( 'NONE', #642 ) ;
#1916 = AXIS2_PLACEMENT_3D ( 'NONE', #4697, #2875, #1969 ) ;
#1917 = EDGE_CURVE ( 'NONE', #1200, #1586, #4081, .T. ) ;
#1918 = CARTESIAN_POINT ( 'NONE',  ( 43.50000000000000000, -35.00000000000000000, -39.99999999999999289 ) ) ;
#1919 = AXIS2_PLACEMENT_3D ( 'NONE', #194, #2720, #4182 ) ;
#1920 = CARTESIAN_POINT ( 'NONE',  ( 47.29999999999999005, -5.999999999999991118, -34.00000000000000711 ) ) ;
#1921 = EDGE_LOOP ( 'NONE', ( #1014, #1872, #1528, #916 ) ) ;
#1922 = CIRCLE ( 'NONE', #3923, 1.050000000000002265 ) ;
#1923 = CIRCLE ( 'NONE', #4302, 3.000000000000002665 ) ;
#1924 = ADVANCED_FACE ( 'NONE', ( #2775 ), #999, .T. ) ;
#1925 = DIRECTION ( 'NONE',  ( 0.000000000000000000, 0.000000000000000000, -1.000000000000000000 ) ) ;
#1926 = DIRECTION ( 'NONE',  ( -0.000000000000000000, 1.000000000000000000, -0.000000000000000000 ) ) ;
#1927 = AXIS2_PLACEMENT_3D ( 'NONE', #1138, #2153, #328 ) ;
#1928 = CARTESIAN_POINT ( 'NONE',  ( 44.50000000000000000, -1.000000000000000000, 44.49999999999998579 ) ) ;
#1929 = ORIENTED_EDGE ( 'NONE', *, *, #2712, .F. ) ;
#1930 = VECTOR ( 'NONE', #4162, 1000.000000000000000 ) ;
#1931 = CARTESIAN_POINT ( 'NONE',  ( 35.00000000000000000, 0.000000000000000000, 41.49999999999999289 ) ) ;
#1932 = CARTESIAN_POINT ( 'NONE',  ( 37.00000000000000000, -24.00000000000000355, -41.49999999999999289 ) ) ;
#1933 = CARTESIAN_POINT ( 'NONE',  ( -40.00000000000000000, -13.99999999999999822, 1.050000000000002265 ) ) ;
#1934 = ORIENTED_EDGE ( 'NONE', *, *, #1444, .F. ) ;
#1935 = ORIENTED_EDGE ( 'NONE', *, *, #2189, .T. ) ;
#1936 = DIRECTION ( 'NONE',  ( -0.000000000000000000, 1.000000000000000000, -0.000000000000000000 ) ) ;
#1937 = VECTOR ( 'NONE', #1265, 1000.000000000000000 ) ;
#1938 = CARTESIAN_POINT ( 'NONE',  ( 46.50000000000000000, 0.000000000000000000, 44.49999999999998579 ) ) ;
#1939 = CARTESIAN_POINT ( 'NONE',  ( -43.50000000000000711, -24.00000000000000355, 34.99999999999999289 ) ) ;
#1940 = ORIENTED_EDGE ( 'NONE', *, *, #3891, .F. ) ;
#1941 = MECHANICAL_DESIGN_GEOMETRIC_PRESENTATION_REPRESENTATION (  '', ( #4539 ), #2562 ) ;
#1942 = ORIENTED_EDGE ( 'NONE', *, *, #3410, .T. ) ;
#1943 = EDGE_CURVE ( 'NONE', #2872, #2650, #2751, .T. ) ;
#1944 = AXIS2_PLACEMENT_3D ( 'NONE', #2094, #270, #3206 ) ;
#1945 = CARTESIAN_POINT ( 'NONE',  ( -39.50000000000000000, 0.000000000000000000, 36.99999999999999289 ) ) ;
#1946 = ORIENTED_EDGE ( 'NONE', *, *, #2859, .T. ) ;
#1947 = ADVANCED_FACE ( 'NONE', ( #2129 ), #2495, .F. ) ;
#1948 = AXIS2_PLACEMENT_3D ( 'NONE', #4410, #2592, #3335 ) ;
#1949 = EDGE_CURVE ( 'NONE', #1438, #1915, #3700, .T. ) ;
#1950 = DIRECTION ( 'NONE',  ( -0.000000000000000000, -1.000000000000000000, 0.000000000000000000 ) ) ;
#1951 = DIRECTION ( 'NONE',  ( -0.000000000000000000, 1.000000000000000000, -0.000000000000000000 ) ) ;
#1952 = VECTOR ( 'NONE', #2372, 1000.000000000000000 ) ;
#1953 = DIRECTION ( 'NONE',  ( 0.000000000000000000, 0.000000000000000000, 1.000000000000000000 ) ) ;
#1954 = EDGE_CURVE ( 'NONE', #3887, #3560, #2105, .T. ) ;
#1955 = ORIENTED_EDGE ( 'NONE', *, *, #3367, .F. ) ;
#1956 = VECTOR ( 'NONE', #3111, 1000.000000000000000 ) ;
#1957 = FACE_OUTER_BOUND ( 'NONE', #697, .T. ) ;
#1958 = DIRECTION ( 'NONE',  ( 0.000000000000000000, 0.000000000000000000, -1.000000000000000000 ) ) ;
#1959 = CARTESIAN_POINT ( 'NONE',  ( 41.49999999999999289, -14.00000000000000000, 2.500000000000000000 ) ) ;
#1960 = ORIENTED_EDGE ( 'NONE', *, *, #3716, .F. ) ;
#1961 = VERTEX_POINT ( 'NONE', #3212 ) ;
#1962 = LINE ( 'NONE', #3429, #3231 ) ;
#1963 = CARTESIAN_POINT ( 'NONE',  ( -41.49999999999999289, -14.00000000000000000, -2.500000000000000000 ) ) ;
#1964 = DIRECTION ( 'NONE',  ( -0.000000000000000000, 1.000000000000000000, -0.000000000000000000 ) ) ;
#1965 = ORIENTED_EDGE ( 'NONE', *, *, #4119, .T. ) ;
#1966 = PLANE ( 'NONE',  #2173 ) ;
#1967 = EDGE_CURVE ( 'NONE', #1840, #256, #2075, .T. ) ;
#1968 = ORIENTED_EDGE ( 'NONE', *, *, #149, .F. ) ;
#1969 = DIRECTION ( 'NONE',  ( 0.000000000000000000, 0.000000000000000000, -1.000000000000000000 ) ) ;
#1970 = FACE_OUTER_BOUND ( 'NONE', #2857, .T. ) ;
#1971 = EDGE_CURVE ( 'NONE', #4054, #3987, #2467, .T. ) ;
#1972 = CARTESIAN_POINT ( 'NONE',  ( -47.50000000000000000, -36.00000000000000711, 44.49999999999998579 ) ) ;
#1973 = ORIENTED_EDGE ( 'NONE', *, *, #2808, .F. ) ;
#1974 = ORIENTED_EDGE ( 'NONE', *, *, #299, .F. ) ;
#1975 = CARTESIAN_POINT ( 'NONE',  ( -47.29999999999999005, -5.999999999999991118, -34.00000000000000711 ) ) ;
#1976 = EDGE_CURVE ( 'NONE', #2305, #1868, #279, .T. ) ;
#1977 = PLANE ( 'NONE',  #4556 ) ;
#1978 = EDGE_CURVE ( 'NONE', #1379, #2185, #2801, .T. ) ;
#1979 = CARTESIAN_POINT ( 'NONE',  ( -41.49999999999998579, -14.00000000000000000, -34.99999999999999289 ) ) ;
#1980 = VERTEX_POINT ( 'NONE', #2390 ) ;
#1981 = ORIENTED_EDGE ( 'NONE', *, *, #4655, .F. ) ;
#1982 = CARTESIAN_POINT ( 'NONE',  ( -44.50000000000001421, -35.00000000000000000, -46.70000000000002416 ) ) ;
#1983 = DIRECTION ( 'NONE',  ( 0.000000000000000000, 1.000000000000000000, 0.000000000000000000 ) ) ;
#1984 = CARTESIAN_POINT ( 'NONE',  ( 43.50000000000000000, -35.00000000000000000, 39.99999999999999289 ) ) ;
#1985 = VERTEX_POINT ( 'NONE', #563 ) ;
#1986 = CARTESIAN_POINT ( 'NONE',  ( 44.49999999999999289, -35.00000000000000000, 45.75000000000000000 ) ) ;
#1987 = ORIENTED_EDGE ( 'NONE', *, *, #4119, .F. ) ;
#1988 = VECTOR ( 'NONE', #496, 1000.000000000000000 ) ;
#1989 = ORIENTED_EDGE ( 'NONE', *, *, #2101, .F. ) ;
#1990 = CARTESIAN_POINT ( 'NONE',  ( -39.50000000000000000, 0.000000000000000000, 0.000000000000000000 ) ) ;
#1991 = FACE_OUTER_BOUND ( 'NONE', #3651, .T. ) ;
#1992 = LINE ( 'NONE', #2839, #3948 ) ;
#1993 = VECTOR ( 'NONE', #1085, 1000.000000000000000 ) ;
#1994 = CIRCLE ( 'NONE', #3540, 1.050000000000002265 ) ;
#1995 = ORIENTED_EDGE ( 'NONE', *, *, #1523, .T. ) ;
#1996 = ORIENTED_EDGE ( 'NONE', *, *, #3541, .F. ) ;
#1997 = EDGE_CURVE ( 'NONE', #3049, #722, #3493, .T. ) ;
#1998 = DIRECTION ( 'NONE',  ( -0.000000000000000000, 1.000000000000000000, -0.000000000000000000 ) ) ;
#1999 = CIRCLE ( 'NONE', #2774, 2.500000000000002220 ) ;
#2000 = DIRECTION ( 'NONE',  ( -1.000000000000000000, -0.000000000000000000, -1.460819769243627377E-16 ) ) ;
#2001 = DIRECTION ( 'NONE',  ( 1.000000000000000000, -0.000000000000000000, -1.460819769243627377E-16 ) ) ;
#2002 = CARTESIAN_POINT ( 'NONE',  ( 0.000000000000000000, -35.00000000000000000, 0.000000000000000000 ) ) ;
#2003 = ORIENTED_EDGE ( 'NONE', *, *, #4269, .T. ) ;
#2004 = ORIENTED_EDGE ( 'NONE', *, *, #1807, .T. ) ;
#2005 = ADVANCED_FACE ( 'NONE', ( #4259 ), #252, .F. ) ;
#2006 = ADVANCED_FACE ( 'NONE', ( #4425 ), #297, .T. ) ;
#2007 = LINE ( 'NONE', #228, #1764 ) ;
#2008 = DIRECTION ( 'NONE',  ( -0.000000000000000000, 1.000000000000000000, -0.000000000000000000 ) ) ;
#2009 = VECTOR ( 'NONE', #2986, 1000.000000000000000 ) ;
#2010 = DIRECTION ( 'NONE',  ( 0.000000000000000000, 0.000000000000000000, 1.000000000000000000 ) ) ;
#2011 = LINE ( 'NONE', #184, #3997 ) ;
#2012 = CARTESIAN_POINT ( 'NONE',  ( -44.50000000000001421, -35.00000000000000000, 43.25000000000000000 ) ) ;
#2013 = ORIENTED_EDGE ( 'NONE', *, *, #3860, .F. ) ;
#2014 = ORIENTED_EDGE ( 'NONE', *, *, #663, .T. ) ;
#2015 = EDGE_CURVE ( 'NONE', #42, #2080, #323, .T. ) ;
#2016 = VECTOR ( 'NONE', #913, 1000.000000000000000 ) ;
#2017 = DIRECTION ( 'NONE',  ( 0.000000000000000000, 0.000000000000000000, -1.000000000000000000 ) ) ;
#2018 = ORIENTED_EDGE ( 'NONE', *, *, #4440, .F. ) ;
#2019 = AXIS2_PLACEMENT_3D ( 'NONE', #1458, #2930, #3967 ) ;
#2020 = ORIENTED_EDGE ( 'NONE', *, *, #2954, .F. ) ;
#2021 = VECTOR ( 'NONE', #1964, 1000.000000000000000 ) ;
#2022 = CYLINDRICAL_SURFACE ( 'NONE', #1686, 2.500000000000000000 ) ;
#2023 = DIRECTION ( 'NONE',  ( -1.460819769243627131E-16, 0.000000000000000000, 1.000000000000000000 ) ) ;
#2024 = CIRCLE ( 'NONE', #3793, 1.050000000000002265 ) ;
#2025 = VERTEX_POINT ( 'NONE', #1761 ) ;
#2026 = EDGE_LOOP ( 'NONE', ( #2974, #1885, #4607, #4620 ) ) ;
#2027 = AXIS2_PLACEMENT_3D ( 'NONE', #4403, #3960, #2587 ) ;
#2028 = DIRECTION ( 'NONE',  ( -0.000000000000000000, 1.000000000000000000, -0.000000000000000000 ) ) ;
#2029 = EDGE_CURVE ( 'NONE', #1093, #161, #4723, .T. ) ;
#2030 = FACE_OUTER_BOUND ( 'NONE', #3336, .T. ) ;
#2031 = ORIENTED_EDGE ( 'NONE', *, *, #2633, .T. ) ;
#2032 = AXIS2_PLACEMENT_3D ( 'NONE', #3720, #127, #4101 ) ;
#2033 = ORIENTED_EDGE ( 'NONE', *, *, #3009, .F. ) ;
#2034 = CYLINDRICAL_SURFACE ( 'NONE', #2763, 1.250000000000001110 ) ;
#2035 = DIRECTION ( 'NONE',  ( 0.000000000000000000, 1.000000000000000000, 0.000000000000000000 ) ) ;
#2036 = DIRECTION ( 'NONE',  ( 0.000000000000000000, 0.000000000000000000, -1.000000000000000000 ) ) ;
#2037 = EDGE_CURVE ( 'NONE', #3898, #3902, #4699, .T. ) ;
#2038 = LINE ( 'NONE', #3501, #2160 ) ;
#2039 = FACE_OUTER_BOUND ( 'NONE', #4385, .T. ) ;
#2040 = EDGE_LOOP ( 'NONE', ( #2018, #2887, #219, #4691 ) ) ;
#2041 = VERTEX_POINT ( 'NONE', #5 ) ;
#2042 = DIRECTION ( 'NONE',  ( 0.000000000000000000, 0.000000000000000000, -1.000000000000000000 ) ) ;
#2043 = DIRECTION ( 'NONE',  ( 0.000000000000000000, 0.000000000000000000, -1.000000000000000000 ) ) ;
#2044 = EDGE_CURVE ( 'NONE', #1122, #2627, #4310, .T. ) ;
#2045 = ORIENTED_EDGE ( 'NONE', *, *, #873, .T. ) ;
#2046 = ORIENTED_EDGE ( 'NONE', *, *, #3425, .F. ) ;
#2047 = DIRECTION ( 'NONE',  ( 1.000000000000000000, -0.000000000000000000, 1.460819769243627131E-16 ) ) ;
#2048 = DIRECTION ( 'NONE',  ( -0.000000000000000000, 1.000000000000000000, -0.000000000000000000 ) ) ;
#2049 = ORIENTED_EDGE ( 'NONE', *, *, #2600, .T. ) ;
#2050 = VERTEX_POINT ( 'NONE', #4374 ) ;
#2051 = CARTESIAN_POINT ( 'NONE',  ( -37.00000000000000711, -35.00000000000000000, 43.49999999999999289 ) ) ;
#2052 = FACE_OUTER_BOUND ( 'NONE', #2254, .T. ) ;
#2053 = LINE ( 'NONE', #615, #1189 ) ;
#2054 = DIRECTION ( 'NONE',  ( 0.000000000000000000, -1.000000000000000000, 0.000000000000000000 ) ) ;
#2055 = ORIENTED_EDGE ( 'NONE', *, *, #3387, .T. ) ;
#2056 = VERTEX_POINT ( 'NONE', #4351 ) ;
#2057 = DIRECTION ( 'NONE',  ( 1.000000000000000000, -0.000000000000000000, 1.460819769243627131E-16 ) ) ;
#2058 = FACE_OUTER_BOUND ( 'NONE', #948, .T. ) ;
#2059 = CARTESIAN_POINT ( 'NONE',  ( 46.69999999999998153, -36.00000000000000711, -44.50000000000001421 ) ) ;
#2060 = CARTESIAN_POINT ( 'NONE',  ( 47.49999999999998579, -25.99999999999999645, -35.00000000000001421 ) ) ;
#2061 = CARTESIAN_POINT ( 'NONE',  ( 37.00000000000000000, -35.00000000000000000, -43.50000000000000000 ) ) ;
#2062 = ORIENTED_EDGE ( 'NONE', *, *, #4352, .F. ) ;
#2063 = ORIENTED_EDGE ( 'NONE', *, *, #2436, .F. ) ;
#2064 = ADVANCED_FACE ( 'NONE', ( #3325 ), #3262, .T. ) ;
#2065 = FACE_OUTER_BOUND ( 'NONE', #306, .T. ) ;
#2066 = LINE ( 'NONE', #941, #1401 ) ;
#2067 = ORIENTED_EDGE ( 'NONE', *, *, #449, .T. ) ;
#2068 = ADVANCED_FACE ( 'NONE', ( #2219 ), #1067, .F. ) ;
#2069 = DIRECTION ( 'NONE',  ( -0.000000000000000000, 0.000000000000000000, -1.000000000000000000 ) ) ;
#2070 = AXIS2_PLACEMENT_3D ( 'NONE', #4106, #3811, #4482 ) ;
#2071 = FACE_OUTER_BOUND ( 'NONE', #419, .T. ) ;
#2072 = CIRCLE ( 'NONE', #3070, 2.000000000000000000 ) ;
#2073 = ADVANCED_FACE ( 'NONE', ( #713 ), #1134, .T. ) ;
#2074 = DIRECTION ( 'NONE',  ( -1.000000000000000000, -0.000000000000000000, -1.460819769243627377E-16 ) ) ;
#2075 = LINE ( 'NONE', #1275, #2780 ) ;
#2076 = VECTOR ( 'NONE', #2438, 1000.000000000000000 ) ;
#2077 = DIRECTION ( 'NONE',  ( 0.000000000000000000, 0.000000000000000000, -1.000000000000000000 ) ) ;
#2078 = CARTESIAN_POINT ( 'NONE',  ( -26.00000000000000000, -1.000000000000000000, 44.49999999999998579 ) ) ;
#2079 = VERTEX_POINT ( 'NONE', #1493 ) ;
#2080 = VERTEX_POINT ( 'NONE', #1425 ) ;
#2081 = VECTOR ( 'NONE', #2111, 1000.000000000000000 ) ;
#2082 = AXIS2_PLACEMENT_3D ( 'NONE', #2230, #1434, #794 ) ;
#2083 = CARTESIAN_POINT ( 'NONE',  ( 47.29999999999999005, -5.999999999999991118, -36.00000000000001421 ) ) ;
#2084 = DIRECTION ( 'NONE',  ( 0.000000000000000000, 1.000000000000000000, -0.000000000000000000 ) ) ;
#2085 = CARTESIAN_POINT ( 'NONE',  ( -43.50000000000001421, -14.00000000000000000, 43.50000000000000000 ) ) ;
#2086 = CARTESIAN_POINT ( 'NONE',  ( -23.99999999999998224, 55.99999999999995026, -43.50000000000000000 ) ) ;
#2087 = VECTOR ( 'NONE', #350, 1000.000000000000000 ) ;
#2088 = ORIENTED_EDGE ( 'NONE', *, *, #2436, .T. ) ;
#2089 = ORIENTED_EDGE ( 'NONE', *, *, #2896, .F. ) ;
#2090 = DIRECTION ( 'NONE',  ( -0.000000000000000000, 1.000000000000000000, -0.000000000000000000 ) ) ;
#2091 = CIRCLE ( 'NONE', #2318, 1.050000000000002265 ) ;
#2092 = DIRECTION ( 'NONE',  ( -1.000000000000000000, -0.000000000000000000, -1.460819769243627377E-16 ) ) ;
#2093 = ORIENTED_EDGE ( 'NONE', *, *, #3183, .F. ) ;
#2094 = CARTESIAN_POINT ( 'NONE',  ( -47.29999999999999005, -15.99999999999999289, -35.00000000000000711 ) ) ;
#2095 = EDGE_CURVE ( 'NONE', #1432, #3809, #3235, .T. ) ;
#2096 = ORIENTED_EDGE ( 'NONE', *, *, #1370, .F. ) ;
#2097 = CIRCLE ( 'NONE', #718, 1.000000000000000888 ) ;
#2098 = CARTESIAN_POINT ( 'NONE',  ( 44.49999999999999289, -35.00000000000000000, 43.25000000000000000 ) ) ;
#2099 = COLOUR_RGB ( '',0.8980392156862745390, 0.9176470588235293713, 0.9294117647058823817 ) ;
#2100 = DIRECTION ( 'NONE',  ( 0.000000000000000000, -1.000000000000000000, 0.000000000000000000 ) ) ;
#2101 = EDGE_CURVE ( 'NONE', #4224, #455, #3995, .T. ) ;
#2102 = EDGE_CURVE ( 'NONE', #2050, #4271, #4067, .T. ) ;
#2103 = ORIENTED_EDGE ( 'NONE', *, *, #2679, .T. ) ;
#2104 = DIRECTION ( 'NONE',  ( -0.000000000000000000, 1.000000000000000000, -0.000000000000000000 ) ) ;
#2105 = LINE ( 'NONE', #3958, #471 ) ;
#2106 = CARTESIAN_POINT ( 'NONE',  ( 34.99999999999999289, -14.00000000000000000, -41.49999999999999289 ) ) ;
#2107 = EDGE_CURVE ( 'NONE', #2281, #3521, #322, .T. ) ;
#2108 = CARTESIAN_POINT ( 'NONE',  ( -36.99999999999999289, 0.000000000000000000, -39.50000000000000000 ) ) ;
#2109 = EDGE_LOOP ( 'NONE', ( #1713, #2670, #3563, #640 ) ) ;
#2110 = LINE ( 'NONE', #2782, #693 ) ;
#2111 = DIRECTION ( 'NONE',  ( 1.000000000000000000, -0.000000000000000000, -0.000000000000000000 ) ) ;
#2112 = CARTESIAN_POINT ( 'NONE',  ( 47.29999999999999005, -25.99999999999999645, -34.00000000000001421 ) ) ;
#2113 = PLANE ( 'NONE',  #2414 ) ;
#2114 = CIRCLE ( 'NONE', #4642, 1.000000000000000888 ) ;
#2115 = VERTEX_POINT ( 'NONE', #2914 ) ;
#2116 = ORIENTED_EDGE ( 'NONE', *, *, #3859, .T. ) ;
#2117 = DIRECTION ( 'NONE',  ( 0.000000000000000000, -0.000000000000000000, -1.000000000000000000 ) ) ;
#2118 = VECTOR ( 'NONE', #856, 1000.000000000000000 ) ;
#2119 = DIRECTION ( 'NONE',  ( -0.000000000000000000, 1.000000000000000000, -0.000000000000000000 ) ) ;
#2120 = ORIENTED_EDGE ( 'NONE', *, *, #873, .F. ) ;
#2121 = CARTESIAN_POINT ( 'NONE',  ( 39.50000000000000000, -14.00000000000000000, 0.000000000000000000 ) ) ;
#2122 = VERTEX_POINT ( 'NONE', #2586 ) ;
#2123 = EDGE_CURVE ( 'NONE', #2790, #3121, #3462, .T. ) ;
#2124 = FACE_OUTER_BOUND ( 'NONE', #4161, .T. ) ;
#2125 = LINE ( 'NONE', #757, #1706 ) ;
#2126 = VERTEX_POINT ( 'NONE', #29 ) ;
#2127 = EDGE_CURVE ( 'NONE', #1263, #3781, #3625, .T. ) ;
#2128 = FACE_OUTER_BOUND ( 'NONE', #3946, .T. ) ;
#2129 = FACE_OUTER_BOUND ( 'NONE', #3818, .T. ) ;
#2130 = LINE ( 'NONE', #3594, #3337 ) ;
#2131 = ORIENTED_EDGE ( 'NONE', *, *, #3257, .F. ) ;
#2132 = EDGE_CURVE ( 'NONE', #2781, #1689, #9, .T. ) ;
#2133 = FACE_OUTER_BOUND ( 'NONE', #4433, .T. ) ;
#2134 = DIRECTION ( 'NONE',  ( 0.000000000000000000, 1.000000000000000000, 0.000000000000000000 ) ) ;
#2135 = DIRECTION ( 'NONE',  ( -6.195440985631456550E-17, -1.000000000000000000, 0.000000000000000000 ) ) ;
#2136 = ORIENTED_EDGE ( 'NONE', *, *, #3387, .F. ) ;
#2137 = ORIENTED_EDGE ( 'NONE', *, *, #855, .F. ) ;
#2138 = SURFACE_SIDE_STYLE ('',( #4608 ) ) ;
#2139 = CARTESIAN_POINT ( 'NONE',  ( 44.49999999999999289, 0.000000000000000000, -44.50000000000000000 ) ) ;
#2140 = ORIENTED_EDGE ( 'NONE', *, *, #1565, .F. ) ;
#2141 = FACE_BOUND ( 'NONE', #606, .T. ) ;
#2142 = ORIENTED_EDGE ( 'NONE', *, *, #3003, .F. ) ;
#2143 = DIRECTION ( 'NONE',  ( 0.000000000000000000, 0.000000000000000000, -1.000000000000000000 ) ) ;
#2144 = CARTESIAN_POINT ( 'NONE',  ( 44.49999999999998579, -35.00000000000000000, -46.70000000000000995 ) ) ;
#2145 = DIRECTION ( 'NONE',  ( 1.000000000000000000, 0.000000000000000000, -0.000000000000000000 ) ) ;
#2146 = DIRECTION ( 'NONE',  ( 1.000000000000000000, 0.000000000000000000, -1.460819769243627131E-16 ) ) ;
#2147 = LINE ( 'NONE', #4354, #1638 ) ;
#2148 = AXIS2_PLACEMENT_3D ( 'NONE', #4574, #4599, #594 ) ;
#2149 = EDGE_CURVE ( 'NONE', #821, #1566, #4618, .T. ) ;
#2150 = ORIENTED_EDGE ( 'NONE', *, *, #3285, .F. ) ;
#2151 = LINE ( 'NONE', #1448, #454 ) ;
#2152 = CIRCLE ( 'NONE', #4448, 3.000000000000002665 ) ;
#2153 = DIRECTION ( 'NONE',  ( -0.000000000000000000, 1.000000000000000000, -0.000000000000000000 ) ) ;
#2154 = CARTESIAN_POINT ( 'NONE',  ( 0.000000000000000000, -24.00000000000000355, 0.000000000000000000 ) ) ;
#2155 = FACE_BOUND ( 'NONE', #481, .T. ) ;
#2156 = ADVANCED_FACE ( 'NONE', ( #2289 ), #436, .F. ) ;
#2157 = ORIENTED_EDGE ( 'NONE', *, *, #4517, .T. ) ;
#2158 = VECTOR ( 'NONE', #410, 1000.000000000000000 ) ;
#2159 = ORIENTED_EDGE ( 'NONE', *, *, #1077, .T. ) ;
#2160 = VECTOR ( 'NONE', #1236, 1000.000000000000000 ) ;
#2161 = EDGE_CURVE ( 'NONE', #2640, #3543, #416, .T. ) ;
#2162 = CARTESIAN_POINT ( 'NONE',  ( -39.50000000000000000, -14.00000000000000000, -2.500000000000000000 ) ) ;
#2163 = AXIS2_PLACEMENT_3D ( 'NONE', #4029, #763, #3353 ) ;
#2164 = LINE ( 'NONE', #4751, #335 ) ;
#2165 = ORIENTED_EDGE ( 'NONE', *, *, #2712, .T. ) ;
#2166 = DIRECTION ( 'NONE',  ( -0.000000000000000000, 1.000000000000000000, -0.000000000000000000 ) ) ;
#2167 = EDGE_CURVE ( 'NONE', #2814, #3412, #326, .T. ) ;
#2168 = VERTEX_POINT ( 'NONE', #100 ) ;
#2169 = AXIS2_PLACEMENT_3D ( 'NONE', #3739, #2990, #1227 ) ;
#2170 = DIRECTION ( 'NONE',  ( -0.000000000000000000, 1.000000000000000000, -0.000000000000000000 ) ) ;
#2171 = LINE ( 'NONE', #1809, #1094 ) ;
#2172 = VECTOR ( 'NONE', #1951, 1000.000000000000000 ) ;
#2173 = AXIS2_PLACEMENT_3D ( 'NONE', #2308, #433, #2625 ) ;
#2174 = CYLINDRICAL_SURFACE ( 'NONE', #3453, 1.050000000000002265 ) ;
#2175 = CARTESIAN_POINT ( 'NONE',  ( -44.50000000000000000, -35.00000000000000000, 44.49999999999998579 ) ) ;
#2176 = LINE ( 'NONE', #1787, #1342 ) ;
#2177 = VECTOR ( 'NONE', #4294, 1000.000000000000000 ) ;
#2178 = VERTEX_POINT ( 'NONE', #1562 ) ;
#2179 = DIRECTION ( 'NONE',  ( -0.000000000000000000, 1.000000000000000000, -0.000000000000000000 ) ) ;
#2180 = AXIS2_PLACEMENT_3D ( 'NONE', #1734, #658, #4184 ) ;
#2181 = DIRECTION ( 'NONE',  ( 0.000000000000000000, 0.000000000000000000, -1.000000000000000000 ) ) ;
#2182 = EDGE_CURVE ( 'NONE', #1586, #4404, #3397, .T. ) ;
#2183 = LINE ( 'NONE', #2543, #4107 ) ;
#2184 = CARTESIAN_POINT ( 'NONE',  ( 39.99999999999999289, 0.000000000000000000, 39.99999999999999289 ) ) ;
#2185 = VERTEX_POINT ( 'NONE', #806 ) ;
#2186 = AXIS2_PLACEMENT_3D ( 'NONE', #1612, #60, #3426 ) ;
#2187 = EDGE_LOOP ( 'NONE', ( #3487, #3457, #4185, #4252 ) ) ;
#2188 = DIRECTION ( 'NONE',  ( 0.000000000000000000, 0.000000000000000000, -1.000000000000000000 ) ) ;
#2189 = EDGE_CURVE ( 'NONE', #3051, #2634, #1399, .T. ) ;
#2190 = VECTOR ( 'NONE', #1667, 1000.000000000000000 ) ;
#2191 = CARTESIAN_POINT ( 'NONE',  ( 44.49999999999998579, -36.00000000000000711, -47.50000000000001421 ) ) ;
#2192 = EDGE_LOOP ( 'NONE', ( #4635, #4219, #2804, #858 ) ) ;
#2193 = FACE_OUTER_BOUND ( 'NONE', #2040, .T. ) ;
#2194 = ORIENTED_EDGE ( 'NONE', *, *, #3638, .T. ) ;
#2195 = AXIS2_PLACEMENT_3D ( 'NONE', #1865, #373, #1055 ) ;
#2196 = EDGE_CURVE ( 'NONE', #4439, #256, #3012, .T. ) ;
#2197 = DIRECTION ( 'NONE',  ( 0.000000000000000000, 0.000000000000000000, 1.000000000000000000 ) ) ;
#2198 = DIRECTION ( 'NONE',  ( 0.000000000000000000, 1.000000000000000000, 0.000000000000000000 ) ) ;
#2199 = CARTESIAN_POINT ( 'NONE',  ( 41.49999999999999289, -24.00000000000000355, -2.500000000000000000 ) ) ;
#2200 = DIRECTION ( 'NONE',  ( 1.000000000000000000, 0.000000000000000000, -1.460819769243627131E-16 ) ) ;
#2201 = DIRECTION ( 'NONE',  ( 0.000000000000000000, 0.000000000000000000, 1.000000000000000000 ) ) ;
#2202 = VERTEX_POINT ( 'NONE', #2338 ) ;
#2203 = PLANE ( 'NONE',  #3697 ) ;
#2204 = CARTESIAN_POINT ( 'NONE',  ( 0.000000000000000000, 0.000000000000000000, 0.000000000000000000 ) ) ;
#2205 = CARTESIAN_POINT ( 'NONE',  ( -39.99999999999998579, -24.00000000000000355, -43.50000000000001421 ) ) ;
#2206 = VERTEX_POINT ( 'NONE', #4508 ) ;
#2207 = ORIENTED_EDGE ( 'NONE', *, *, #2304, .T. ) ;
#2208 = CARTESIAN_POINT ( 'NONE',  ( 40.00000000000000000, -24.00000000000000355, 38.94999999999999574 ) ) ;
#2209 = DIRECTION ( 'NONE',  ( 1.000000000000000000, 0.000000000000000000, 0.000000000000000000 ) ) ;
#2210 = ORIENTED_EDGE ( 'NONE', *, *, #1769, .T. ) ;
#2211 = LINE ( 'NONE', #1145, #954 ) ;
#2212 = ORIENTED_EDGE ( 'NONE', *, *, #2196, .F. ) ;
#2213 = EDGE_CURVE ( 'NONE', #1675, #3731, #2091, .T. ) ;
#2214 = DIRECTION ( 'NONE',  ( 1.000000000000000000, -0.000000000000000000, -0.000000000000000000 ) ) ;
#2215 = DIRECTION ( 'NONE',  ( -1.858632295689437335E-16, 1.000000000000000000, 0.000000000000000000 ) ) ;
#2216 = EDGE_CURVE ( 'NONE', #3175, #3908, #848, .T. ) ;
#2217 = ADVANCED_FACE ( 'NONE', ( #3419 ), #2721, .T. ) ;
#2218 = CARTESIAN_POINT ( 'NONE',  ( 37.00000000000000000, -24.00000000000000355, 37.00000000000000711 ) ) ;
#2219 = FACE_OUTER_BOUND ( 'NONE', #1629, .T. ) ;
#2220 = DIRECTION ( 'NONE',  ( 0.000000000000000000, 0.000000000000000000, 1.000000000000000000 ) ) ;
#2221 = ADVANCED_FACE ( 'NONE', ( #2695 ), #4469, .F. ) ;
#2222 = ORIENTED_EDGE ( 'NONE', *, *, #344, .T. ) ;
#2223 = CARTESIAN_POINT ( 'NONE',  ( 44.49999999999998579, 0.000000000000000000, -46.50000000000001421 ) ) ;
#2224 = VECTOR ( 'NONE', #1380, 1000.000000000000000 ) ;
#2225 = CARTESIAN_POINT ( 'NONE',  ( -47.30000000000000426, -16.00000000000000000, 34.99999999999999289 ) ) ;
#2226 = CARTESIAN_POINT ( 'NONE',  ( 44.50000000000000000, -36.00000000000000711, 46.69999999999998153 ) ) ;
#2227 = VERTEX_POINT ( 'NONE', #3802 ) ;
#2228 = VERTEX_POINT ( 'NONE', #1881 ) ;
#2229 = VECTOR ( 'NONE', #2074, 1000.000000000000000 ) ;
#2230 = CARTESIAN_POINT ( 'NONE',  ( -47.29999999999999005, -25.99999999999999645, -35.00000000000001421 ) ) ;
#2231 = ORIENTED_EDGE ( 'NONE', *, *, #3716, .T. ) ;
#2232 = CARTESIAN_POINT ( 'NONE',  ( 44.49999999999998579, -1.000000000000000000, -47.50000000000001421 ) ) ;
#2233 = AXIS2_PLACEMENT_3D ( 'NONE', #2624, #3678, #4086 ) ;
#2234 = CIRCLE ( 'NONE', #2926, 1.050000000000002265 ) ;
#2235 = VERTEX_POINT ( 'NONE', #1184 ) ;
#2236 = VECTOR ( 'NONE', #4421, 1000.000000000000000 ) ;
#2237 = DIRECTION ( 'NONE',  ( 0.000000000000000000, 0.000000000000000000, -1.000000000000000000 ) ) ;
#2238 = DIRECTION ( 'NONE',  ( 0.000000000000000000, 0.000000000000000000, -1.000000000000000000 ) ) ;
#2239 = EDGE_CURVE ( 'NONE', #287, #3715, #505, .T. ) ;
#2240 = AXIS2_PLACEMENT_3D ( 'NONE', #3283, #2515, #4046 ) ;
#2241 = DIRECTION ( 'NONE',  ( -0.000000000000000000, 1.000000000000000000, -0.000000000000000000 ) ) ;
#2242 = AXIS2_PLACEMENT_3D ( 'NONE', #4348, #1047, #2892 ) ;
#2243 = CARTESIAN_POINT ( 'NONE',  ( -41.49999999999999289, -24.00000000000000355, -2.500000000000000000 ) ) ;
#2244 = ADVANCED_FACE ( 'NONE', ( #1970 ), #4183, .F. ) ;
#2245 = CARTESIAN_POINT ( 'NONE',  ( -26.00000000000000000, -35.00000000000000000, 0.000000000000000000 ) ) ;
#2246 = CARTESIAN_POINT ( 'NONE',  ( -43.49999999999999289, -24.00000000000000355, -39.99999999999999289 ) ) ;
#2247 = ORIENTED_EDGE ( 'NONE', *, *, #3578, .T. ) ;
#2248 = VECTOR ( 'NONE', #1199, 1000.000000000000000 ) ;
#2249 = CARTESIAN_POINT ( 'NONE',  ( 44.49999999999999289, 0.000000000000000000, 44.50000000000000000 ) ) ;
#2250 = ADVANCED_FACE ( 'NONE', ( #1158 ), #1246, .T. ) ;
#2251 = AXIS2_PLACEMENT_3D ( 'NONE', #849, #392, #486 ) ;
#2252 = CARTESIAN_POINT ( 'NONE',  ( 40.00000000000000000, -24.00000000000000355, -43.50000000000001421 ) ) ;
#2253 = DIRECTION ( 'NONE',  ( -0.000000000000000000, 1.000000000000000000, -0.000000000000000000 ) ) ;
#2254 = EDGE_LOOP ( 'NONE', ( #942, #981, #2576, #3379 ) ) ;
#2255 = ORIENTED_EDGE ( 'NONE', *, *, #3688, .T. ) ;
#2256 = VECTOR ( 'NONE', #3822, 1000.000000000000000 ) ;
#2257 = CYLINDRICAL_SURFACE ( 'NONE', #2082, 1.000000000000000888 ) ;
#2258 = ORIENTED_EDGE ( 'NONE', *, *, #951, .T. ) ;
#2259 = CARTESIAN_POINT ( 'NONE',  ( 43.50000000000000000, -14.00000000000000000, 2.500000000000000000 ) ) ;
#2260 = AXIS2_PLACEMENT_3D ( 'NONE', #1385, #2833, #4290 ) ;
#2261 = ORIENTED_EDGE ( 'NONE', *, *, #2808, .T. ) ;
#2262 = VERTEX_POINT ( 'NONE', #2243 ) ;
#2263 = VECTOR ( 'NONE', #623, 1000.000000000000000 ) ;
#2264 = LINE ( 'NONE', #181, #2158 ) ;
#2265 = CARTESIAN_POINT ( 'NONE',  ( -44.50000000000000000, -36.00000000000000711, 46.69999999999998863 ) ) ;
#2266 = ORIENTED_EDGE ( 'NONE', *, *, #1044, .T. ) ;
#2267 = AXIS2_PLACEMENT_3D ( 'NONE', #464, #4164, #2971 ) ;
#2268 = EDGE_CURVE ( 'NONE', #2080, #3560, #1234, .T. ) ;
#2269 = DIRECTION ( 'NONE',  ( 0.000000000000000000, 1.000000000000000000, 0.000000000000000000 ) ) ;
#2270 = DIRECTION ( 'NONE',  ( 0.000000000000000000, 0.000000000000000000, -1.000000000000000000 ) ) ;
#2271 = DIRECTION ( 'NONE',  ( 1.000000000000000000, -0.000000000000000000, -1.460819769243627377E-16 ) ) ;
#2272 = ORIENTED_EDGE ( 'NONE', *, *, #4581, .F. ) ;
#2273 = ADVANCED_FACE ( 'NONE', ( #1991 ), #976, .F. ) ;
#2274 = LINE ( 'NONE', #144, #4229 ) ;
#2275 = DIRECTION ( 'NONE',  ( 0.000000000000000000, 0.000000000000000000, -1.000000000000000000 ) ) ;
#2276 = DIRECTION ( 'NONE',  ( 0.000000000000000000, 0.000000000000000000, 1.000000000000000000 ) ) ;
#2277 = ORIENTED_EDGE ( 'NONE', *, *, #1504, .F. ) ;
#2278 = VERTEX_POINT ( 'NONE', #3461 ) ;
#2279 = EDGE_CURVE ( 'NONE', #4714, #671, #1679, .T. ) ;
#2280 = DIRECTION ( 'NONE',  ( 0.000000000000000000, 0.000000000000000000, 1.000000000000000000 ) ) ;
#2281 = VERTEX_POINT ( 'NONE', #274 ) ;
#2282 = DIRECTION ( 'NONE',  ( 0.000000000000000000, 1.000000000000000000, -0.000000000000000000 ) ) ;
#2283 = ORIENTED_EDGE ( 'NONE', *, *, #748, .F. ) ;
#2284 = EDGE_CURVE ( 'NONE', #356, #3275, #1270, .T. ) ;
#2285 = CARTESIAN_POINT ( 'NONE',  ( -39.99999999999998579, 0.000000000000000000, -43.50000000000000000 ) ) ;
#2286 = DIRECTION ( 'NONE',  ( 0.000000000000000000, -1.000000000000000000, 0.000000000000000000 ) ) ;
#2287 = VERTEX_POINT ( 'NONE', #4256 ) ;
#2288 = DIRECTION ( 'NONE',  ( -0.000000000000000000, 1.000000000000000000, -0.000000000000000000 ) ) ;
#2289 = FACE_OUTER_BOUND ( 'NONE', #3248, .T. ) ;
#2290 = DIRECTION ( 'NONE',  ( 0.000000000000000000, 1.000000000000000000, 0.000000000000000000 ) ) ;
#2291 = ORIENTED_EDGE ( 'NONE', *, *, #90, .F. ) ;
#2292 = DIRECTION ( 'NONE',  ( -1.559302000878028960E-16, -0.000000000000000000, 1.000000000000000000 ) ) ;
#2293 = CARTESIAN_POINT ( 'NONE',  ( 44.49999999999998579, 0.000000000000000000, -46.50000000000002132 ) ) ;
#2294 = EDGE_CURVE ( 'NONE', #34, #1023, #2439, .T. ) ;
#2295 = CARTESIAN_POINT ( 'NONE',  ( 44.49999999999998579, -1.000000000000000000, -46.50000000000001421 ) ) ;
#2296 = VERTEX_POINT ( 'NONE', #166 ) ;
#2297 = EDGE_LOOP ( 'NONE', ( #4206, #2979 ) ) ;
#2298 = DIRECTION ( 'NONE',  ( 0.000000000000000000, -1.000000000000000000, 0.000000000000000000 ) ) ;
#2299 = CIRCLE ( 'NONE', #3756, 2.000000000000000000 ) ;
#2300 = EDGE_CURVE ( 'NONE', #2814, #4731, #4616, .T. ) ;
#2301 = EDGE_CURVE ( 'NONE', #136, #619, #554, .T. ) ;
#2302 = EDGE_LOOP ( 'NONE', ( #611, #3769, #3255, #4200, #334, #2538, #1549 ) ) ;
#2303 = DIRECTION ( 'NONE',  ( -0.000000000000000000, -1.000000000000000000, -0.000000000000000000 ) ) ;
#2304 = EDGE_CURVE ( 'NONE', #2178, #3187, #3877, .T. ) ;
#2305 = VERTEX_POINT ( 'NONE', #4278 ) ;
#2306 = AXIS2_PLACEMENT_3D ( 'NONE', #4446, #1157, #2629 ) ;
#2307 = AXIS2_PLACEMENT_3D ( 'NONE', #1808, #3230, #4694 ) ;
#2308 = CARTESIAN_POINT ( 'NONE',  ( -47.30000000000000426, -6.000000000000000000, 34.99999999999999289 ) ) ;
#2309 = ADVANCED_FACE ( 'NONE', ( #2071 ), #4564, .F. ) ;
#2310 = ORIENTED_EDGE ( 'NONE', *, *, #3243, .F. ) ;
#2311 = AXIS2_PLACEMENT_3D ( 'NONE', #3242, #1310, #3138 ) ;
#2312 = VECTOR ( 'NONE', #3653, 1000.000000000000000 ) ;
#2313 = DIRECTION ( 'NONE',  ( 1.000000000000000000, 0.000000000000000000, -1.460819769243627131E-16 ) ) ;
#2314 = DIRECTION ( 'NONE',  ( 0.000000000000000000, 0.000000000000000000, -1.000000000000000000 ) ) ;
#2315 = CIRCLE ( 'NONE', #550, 3.500000000000003109 ) ;
#2316 = FACE_OUTER_BOUND ( 'NONE', #3407, .T. ) ;
#2317 = ORIENTED_EDGE ( 'NONE', *, *, #2037, .F. ) ;
#2318 = AXIS2_PLACEMENT_3D ( 'NONE', #1202, #2672, #2654 ) ;
#2319 = CARTESIAN_POINT ( 'NONE',  ( 44.49999999999998579, -36.00000000000000711, -46.70000000000000995 ) ) ;
#2320 = DIRECTION ( 'NONE',  ( 1.000000000000000000, 0.000000000000000000, -1.460819769243627131E-16 ) ) ;
#2321 = DIRECTION ( 'NONE',  ( 0.000000000000000000, -1.000000000000000000, 0.000000000000000000 ) ) ;
#2322 = VECTOR ( 'NONE', #3559, 1000.000000000000000 ) ;
#2323 = ORIENTED_EDGE ( 'NONE', *, *, #3355, .F. ) ;
#2324 = ORIENTED_EDGE ( 'NONE', *, *, #2366, .T. ) ;
#2325 = DIRECTION ( 'NONE',  ( 0.000000000000000000, 0.000000000000000000, -1.000000000000000000 ) ) ;
#2326 = VECTOR ( 'NONE', #2740, 1000.000000000000000 ) ;
#2327 = FACE_OUTER_BOUND ( 'NONE', #1765, .T. ) ;
#2328 = CARTESIAN_POINT ( 'NONE',  ( 39.99999999999999289, 0.000000000000000000, 39.99999999999999289 ) ) ;
#2329 = EDGE_LOOP ( 'NONE', ( #3650, #4346, #1454, #1578 ) ) ;
#2330 = AXIS2_PLACEMENT_3D ( 'NONE', #4296, #1059, #2527 ) ;
#2331 = ORIENTED_EDGE ( 'NONE', *, *, #2044, .F. ) ;
#2332 = EDGE_CURVE ( 'NONE', #3731, #4230, #2767, .T. ) ;
#2333 = CARTESIAN_POINT ( 'NONE',  ( -43.50000000000001421, -14.00000000000000000, 4.500000000000003553 ) ) ;
#2334 = ORIENTED_EDGE ( 'NONE', *, *, #1019, .F. ) ;
#2335 = CIRCLE ( 'NONE', #4716, 1.250000000000001110 ) ;
#2336 = EDGE_CURVE ( 'NONE', #4613, #2376, #1632, .T. ) ;
#2337 = CARTESIAN_POINT ( 'NONE',  ( 44.50000000000000000, -36.00000000000000711, 44.49999999999998579 ) ) ;
#2338 = CARTESIAN_POINT ( 'NONE',  ( 37.00000000000000000, -14.00000000000000000, 0.000000000000000000 ) ) ;
#2339 = VECTOR ( 'NONE', #3118, 1000.000000000000000 ) ;
#2340 = CARTESIAN_POINT ( 'NONE',  ( 26.00000000000000355, -36.00000000000000711, -46.70000000000000995 ) ) ;
#2341 = ORIENTED_EDGE ( 'NONE', *, *, #2715, .F. ) ;
#2342 = VECTOR ( 'NONE', #4076, 1000.000000000000000 ) ;
#2343 = CARTESIAN_POINT ( 'NONE',  ( 37.00000000000000000, -14.00000000000000000, 41.49999999999999289 ) ) ;
#2344 = CARTESIAN_POINT ( 'NONE',  ( -37.00000000000000000, -14.00000000000000000, 2.500000000000000000 ) ) ;
#2345 = CYLINDRICAL_SURFACE ( 'NONE', #4250, 1.000000000000000888 ) ;
#2346 = ORIENTED_EDGE ( 'NONE', *, *, #2294, .T. ) ;
#2347 = ORIENTED_EDGE ( 'NONE', *, *, #2776, .T. ) ;
#2348 = DIRECTION ( 'NONE',  ( 0.000000000000000000, 0.000000000000000000, -1.000000000000000000 ) ) ;
#2349 = FACE_OUTER_BOUND ( 'NONE', #2716, .T. ) ;
#2350 = DIRECTION ( 'NONE',  ( 0.000000000000000000, -1.000000000000000000, 0.000000000000000000 ) ) ;
#2351 = EDGE_LOOP ( 'NONE', ( #1343, #2341, #3159, #569 ) ) ;
#2352 = ORIENTED_EDGE ( 'NONE', *, *, #1724, .T. ) ;
#2353 = CARTESIAN_POINT ( 'NONE',  ( -47.49999999999998579, -15.99999999999999289, -36.00000000000001421 ) ) ;
#2354 = ORIENTED_EDGE ( 'NONE', *, *, #3092, .T. ) ;
#2355 = EDGE_CURVE ( 'NONE', #3108, #3495, #3129, .T. ) ;
#2356 = ORIENTED_EDGE ( 'NONE', *, *, #970, .T. ) ;
#2357 = LINE ( 'NONE', #3152, #2076 ) ;
#2358 = CARTESIAN_POINT ( 'NONE',  ( -41.49999999999999289, -24.00000000000000355, 4.500000000000000888 ) ) ;
#2359 = CARTESIAN_POINT ( 'NONE',  ( -43.50000000000001421, -14.00000000000000000, 43.50000000000000000 ) ) ;
#2360 = EDGE_CURVE ( 'NONE', #2597, #561, #3775, .T. ) ;
#2361 = EDGE_CURVE ( 'NONE', #1572, #4714, #4461, .T. ) ;
#2362 = ORIENTED_EDGE ( 'NONE', *, *, #4169, .T. ) ;
#2363 = ORIENTED_EDGE ( 'NONE', *, *, #3680, .F. ) ;
#2364 = DIRECTION ( 'NONE',  ( -0.000000000000000000, 1.000000000000000000, -0.000000000000000000 ) ) ;
#2365 = DIRECTION ( 'NONE',  ( 0.000000000000000000, 0.000000000000000000, -1.000000000000000000 ) ) ;
#2366 = EDGE_CURVE ( 'NONE', #3514, #2122, #2798, .T. ) ;
#2367 = LINE ( 'NONE', #423, #489 ) ;
#2368 = ORIENTED_EDGE ( 'NONE', *, *, #2355, .T. ) ;
#2369 = ORIENTED_EDGE ( 'NONE', *, *, #4471, .F. ) ;
#2370 = DIRECTION ( 'NONE',  ( 0.000000000000000000, 0.000000000000000000, -1.000000000000000000 ) ) ;
#2371 = LINE ( 'NONE', #1918, #2468 ) ;
#2372 = DIRECTION ( 'NONE',  ( 1.000000000000000000, 0.000000000000000000, 0.000000000000000000 ) ) ;
#2373 = LINE ( 'NONE', #3067, #628 ) ;
#2374 = LINE ( 'NONE', #3836, #3328 ) ;
#2375 = ORIENTED_EDGE ( 'NONE', *, *, #4353, .T. ) ;
#2376 = VERTEX_POINT ( 'NONE', #586 ) ;
#2377 = CARTESIAN_POINT ( 'NONE',  ( -39.50000000000000000, -24.00000000000000355, 0.000000000000000000 ) ) ;
#2378 = VERTEX_POINT ( 'NONE', #3153 ) ;
#2379 = AXIS2_PLACEMENT_3D ( 'NONE', #562, #1998, #1300 ) ;
#2380 = ORIENTED_EDGE ( 'NONE', *, *, #2633, .F. ) ;
#2381 = VECTOR ( 'NONE', #99, 1000.000000000000000 ) ;
#2382 = EDGE_CURVE ( 'NONE', #2684, #1181, #163, .T. ) ;
#2383 = PLANE ( 'NONE',  #3072 ) ;
#2384 = DIRECTION ( 'NONE',  ( 0.000000000000000000, -0.000000000000000000, 1.000000000000000000 ) ) ;
#2385 = LINE ( 'NONE', #2482, #1406 ) ;
#2386 = VECTOR ( 'NONE', #2909, 1000.000000000000000 ) ;
#2387 = ORIENTED_EDGE ( 'NONE', *, *, #2739, .T. ) ;
#2388 = ADVANCED_FACE ( 'NONE', ( #4588 ), #3209, .F. ) ;
#2389 = CIRCLE ( 'NONE', #547, 1.250000000000001110 ) ;
#2390 = CARTESIAN_POINT ( 'NONE',  ( -35.00000000000000000, -14.00000000000000000, 43.50000000000000000 ) ) ;
#2391 = PRODUCT_CONTEXT ( 'NONE', #3391, 'mechanical' ) ;
#2392 = PLANE ( 'NONE',  #2647 ) ;
#2393 = VERTEX_POINT ( 'NONE', #1294 ) ;
#2394 = AXIS2_PLACEMENT_3D ( 'NONE', #2940, #368, #1116 ) ;
#2395 = EDGE_LOOP ( 'NONE', ( #1326, #3989, #905, #3842 ) ) ;
#2396 = EDGE_CURVE ( 'NONE', #1371, #2819, #3490, .T. ) ;
#2397 = CARTESIAN_POINT ( 'NONE',  ( -46.50000000000000000, -1.000000000000000000, 44.49999999999998579 ) ) ;
#2398 = DIRECTION ( 'NONE',  ( 0.000000000000000000, 0.000000000000000000, 1.000000000000000000 ) ) ;
#2399 = AXIS2_PLACEMENT_3D ( 'NONE', #918, #3845, #244 ) ;
#2400 = FACE_BOUND ( 'NONE', #3581, .T. ) ;
#2401 = CARTESIAN_POINT ( 'NONE',  ( -44.50000000000001421, -1.000000000000000000, -46.50000000000000000 ) ) ;
#2402 = DIRECTION ( 'NONE',  ( 0.000000000000000000, 1.000000000000000000, 0.000000000000000000 ) ) ;
#2403 = ORIENTED_EDGE ( 'NONE', *, *, #3658, .F. ) ;
#2404 = EDGE_LOOP ( 'NONE', ( #1908, #2491 ) ) ;
#2405 = VECTOR ( 'NONE', #2092, 1000.000000000000000 ) ;
#2406 = FACE_OUTER_BOUND ( 'NONE', #1670, .T. ) ;
#2407 = LINE ( 'NONE', #4638, #1859 ) ;
#2408 = ORIENTED_EDGE ( 'NONE', *, *, #420, .F. ) ;
#2409 = VECTOR ( 'NONE', #2673, 1000.000000000000000 ) ;
#2410 = ORIENTED_EDGE ( 'NONE', *, *, #3971, .F. ) ;
#2411 = VECTOR ( 'NONE', #3451, 1000.000000000000000 ) ;
#2412 = CARTESIAN_POINT ( 'NONE',  ( -44.50000000000000000, -1.000000000000000000, 46.49999999999998579 ) ) ;
#2413 = DIRECTION ( 'NONE',  ( -0.000000000000000000, 1.000000000000000000, -0.000000000000000000 ) ) ;
#2414 = AXIS2_PLACEMENT_3D ( 'NONE', #3120, #262, #2476 ) ;
#2415 = ORIENTED_EDGE ( 'NONE', *, *, #282, .F. ) ;
#2416 = FACE_OUTER_BOUND ( 'NONE', #3921, .T. ) ;
#2417 = VECTOR ( 'NONE', #1091, 1000.000000000000000 ) ;
#2418 = DIRECTION ( 'NONE',  ( 0.000000000000000000, 0.000000000000000000, -1.000000000000000000 ) ) ;
#2419 = PLANE ( 'NONE',  #2726 ) ;
#2420 = DIRECTION ( 'NONE',  ( 0.000000000000000000, 1.000000000000000000, -0.000000000000000000 ) ) ;
#2421 = EDGE_CURVE ( 'NONE', #1915, #4572, #294, .T. ) ;
#2422 = VERTEX_POINT ( 'NONE', #3280 ) ;
#2423 = AXIS2_PLACEMENT_3D ( 'NONE', #2611, #3354, #3443 ) ;
#2424 = EDGE_LOOP ( 'NONE', ( #2222, #2698 ) ) ;
#2425 = LINE ( 'NONE', #1031, #2683 ) ;
#2426 = DIRECTION ( 'NONE',  ( 0.000000000000000000, 0.000000000000000000, -1.000000000000000000 ) ) ;
#2427 = PLANE ( 'NONE',  #736 ) ;
#2428 = DIRECTION ( 'NONE',  ( 1.000000000000000000, -0.000000000000000000, 0.000000000000000000 ) ) ;
#2429 = DIRECTION ( 'NONE',  ( -1.000000000000000000, 6.195440985631456550E-17, 0.000000000000000000 ) ) ;
#2430 = ADVANCED_FACE ( 'NONE', ( #1489 ), #2936, .F. ) ;
#2431 = ORIENTED_EDGE ( 'NONE', *, *, #4007, .T. ) ;
#2432 = ORIENTED_EDGE ( 'NONE', *, *, #2784, .T. ) ;
#2433 = LINE ( 'NONE', #602, #871 ) ;
#2434 = CARTESIAN_POINT ( 'NONE',  ( -43.50000000000000711, 0.000000000000000000, 39.99999999999998579 ) ) ;
#2435 = VERTEX_POINT ( 'NONE', #1398 ) ;
#2436 = EDGE_CURVE ( 'NONE', #316, #1432, #365, .T. ) ;
#2437 = ORIENTED_EDGE ( 'NONE', *, *, #4440, .T. ) ;
#2438 = DIRECTION ( 'NONE',  ( 1.000000000000000000, -0.000000000000000000, -1.460819769243627377E-16 ) ) ;
#2439 = LINE ( 'NONE', #2844, #1783 ) ;
#2440 = ORIENTED_EDGE ( 'NONE', *, *, #308, .T. ) ;
#2441 = DIRECTION ( 'NONE',  ( 0.000000000000000000, 0.000000000000000000, 1.000000000000000000 ) ) ;
#2442 = LINE ( 'NONE', #3110, #86 ) ;
#2443 = LINE ( 'NONE', #1687, #4722 ) ;
#2444 = LINE ( 'NONE', #1028, #110 ) ;
#2445 = ORIENTED_EDGE ( 'NONE', *, *, #3850, .T. ) ;
#2446 = VERTEX_POINT ( 'NONE', #1422 ) ;
#2447 = DIRECTION ( 'NONE',  ( 0.000000000000000000, 0.000000000000000000, 1.000000000000000000 ) ) ;
#2448 = CARTESIAN_POINT ( 'NONE',  ( -41.49999999999999289, -14.00000000000000000, 2.500000000000000000 ) ) ;
#2449 = EDGE_CURVE ( 'NONE', #1368, #2525, #684, .T. ) ;
#2450 = CARTESIAN_POINT ( 'NONE',  ( -41.49999999999999289, -14.00000000000000000, -2.500000000000000000 ) ) ;
#2451 = DIRECTION ( 'NONE',  ( 0.000000000000000000, 0.000000000000000000, -1.000000000000000000 ) ) ;
#2452 = VERTEX_POINT ( 'NONE', #1465 ) ;
#2453 = ORIENTED_EDGE ( 'NONE', *, *, #1613, .F. ) ;
#2454 = CARTESIAN_POINT ( 'NONE',  ( 35.00000000000000000, -24.00000000000000355, 41.49999999999999289 ) ) ;
#2455 = EDGE_CURVE ( 'NONE', #3908, #2376, #2871, .T. ) ;
#2456 = CARTESIAN_POINT ( 'NONE',  ( 47.50000000000000000, -26.00000000000000355, 35.00000000000000000 ) ) ;
#2457 = EDGE_CURVE ( 'NONE', #2376, #22, #791, .T. ) ;
#2458 = EDGE_LOOP ( 'NONE', ( #3567, #3913, #973, #4110, #3147, #4555, #3738, #3606 ) ) ;
#2459 = ORIENTED_EDGE ( 'NONE', *, *, #4358, .T. ) ;
#2460 = EDGE_CURVE ( 'NONE', #1728, #1225, #3637, .T. ) ;
#2461 = DIRECTION ( 'NONE',  ( -1.000000000000000000, 0.000000000000000000, 0.000000000000000000 ) ) ;
#2462 = VECTOR ( 'NONE', #3699, 1000.000000000000000 ) ;
#2463 = DIRECTION ( 'NONE',  ( 0.000000000000000000, -1.000000000000000000, 0.000000000000000000 ) ) ;
#2464 = EDGE_LOOP ( 'NONE', ( #3575, #3676, #1110, #1278, #3167, #2916 ) ) ;
#2465 = AXIS2_PLACEMENT_3D ( 'NONE', #1221, #3777, #73 ) ;
#2466 = VERTEX_POINT ( 'NONE', #4331 ) ;
#2467 = LINE ( 'NONE', #1354, #3545 ) ;
#2468 = VECTOR ( 'NONE', #432, 1000.000000000000000 ) ;
#2469 = CARTESIAN_POINT ( 'NONE',  ( -44.49999999999999289, -35.00000000000000000, -45.75000000000000000 ) ) ;
#2470 = AXIS2_PLACEMENT_3D ( 'NONE', #1104, #2885, #4750 ) ;
#2471 = DIRECTION ( 'NONE',  ( 0.000000000000000000, 0.000000000000000000, 1.000000000000000000 ) ) ;
#2472 = ORIENTED_EDGE ( 'NONE', *, *, #4586, .F. ) ;
#2473 = VECTOR ( 'NONE', #2000, 1000.000000000000000 ) ;
#2474 = CARTESIAN_POINT ( 'NONE',  ( 37.00000000000000000, 0.000000000000000000, -43.50000000000000000 ) ) ;
#2475 = DIRECTION ( 'NONE',  ( -1.559302000878028960E-16, 0.000000000000000000, -1.000000000000000000 ) ) ;
#2476 = DIRECTION ( 'NONE',  ( 0.000000000000000000, 0.000000000000000000, -1.000000000000000000 ) ) ;
#2477 = AXIS2_PLACEMENT_3D ( 'NONE', #1610, #1518, #3040 ) ;
#2478 = ORIENTED_EDGE ( 'NONE', *, *, #1161, .F. ) ;
#2479 = EDGE_LOOP ( 'NONE', ( #753, #4377, #2368, #3929 ) ) ;
#2480 = CARTESIAN_POINT ( 'NONE',  ( 46.69999999999998153, -35.00000000000000000, -44.50000000000001421 ) ) ;
#2481 = VERTEX_POINT ( 'NONE', #2910 ) ;
#2482 = CARTESIAN_POINT ( 'NONE',  ( -23.99999999999998934, -35.00000000000000000, 47.50099999999999056 ) ) ;
#2483 = ORIENTED_EDGE ( 'NONE', *, *, #4631, .T. ) ;
#2484 = CIRCLE ( 'NONE', #405, 3.000000000000002665 ) ;
#2485 = EDGE_CURVE ( 'NONE', #1577, #578, #3170, .T. ) ;
#2486 = PRODUCT_DEFINITION_SHAPE ( 'NONE', 'NONE',  #559 ) ;
#2487 = CARTESIAN_POINT ( 'NONE',  ( -37.00000000000000000, -24.00000000000000355, 2.500000000000000000 ) ) ;
#2488 = CIRCLE ( 'NONE', #3180, 2.000000000000001776 ) ;
#2489 = DIRECTION ( 'NONE',  ( 0.000000000000000000, 0.000000000000000000, -1.000000000000000000 ) ) ;
#2490 = EDGE_CURVE ( 'NONE', #815, #4731, #863, .T. ) ;
#2491 = ORIENTED_EDGE ( 'NONE', *, *, #2490, .F. ) ;
#2492 = AXIS2_PLACEMENT_3D ( 'NONE', #4753, #3362, #4392 ) ;
#2493 = ORIENTED_EDGE ( 'NONE', *, *, #1657, .F. ) ;
#2494 = CARTESIAN_POINT ( 'NONE',  ( -40.00000000000000000, 0.000000000000000000, 39.99999999999998579 ) ) ;
#2495 = CYLINDRICAL_SURFACE ( 'NONE', #3246, 3.500000000000003109 ) ;
#2496 = CYLINDRICAL_SURFACE ( 'NONE', #1040, 1.000000000000000888 ) ;
#2497 = VERTEX_POINT ( 'NONE', #3661 ) ;
#2498 = CIRCLE ( 'NONE', #2195, 1.050000000000002265 ) ;
#2499 = CARTESIAN_POINT ( 'NONE',  ( 47.49999999999998579, -5.999999999999991118, -35.00000000000000711 ) ) ;
#2500 = DIRECTION ( 'NONE',  ( 0.000000000000000000, 0.000000000000000000, -1.000000000000000000 ) ) ;
#2501 = FACE_OUTER_BOUND ( 'NONE', #468, .T. ) ;
#2502 = CARTESIAN_POINT ( 'NONE',  ( -47.50000000000000000, -16.00000000000000000, 34.99999999999999289 ) ) ;
#2503 = CIRCLE ( 'NONE', #3798, 3.500000000000003109 ) ;
#2504 = VERTEX_POINT ( 'NONE', #662 ) ;
#2505 = ORIENTED_EDGE ( 'NONE', *, *, #3057, .F. ) ;
#2506 = CARTESIAN_POINT ( 'NONE',  ( 47.30000000000000426, -6.000000000000000000, 36.00000000000000000 ) ) ;
#2507 = CARTESIAN_POINT ( 'NONE',  ( -44.50000000000001421, -1.000000000000000000, -44.50000000000001421 ) ) ;
#2508 = ORIENTED_EDGE ( 'NONE', *, *, #1978, .T. ) ;
#2509 = LINE ( 'NONE', #139, #1717 ) ;
#2510 = VERTEX_POINT ( 'NONE', #4371 ) ;
#2511 = LINE ( 'NONE', #3972, #1993 ) ;
#2512 = CYLINDRICAL_SURFACE ( 'NONE', #4012, 2.500000000000002220 ) ;
#2513 = ADVANCED_FACE ( 'NONE', ( #4398 ), #2512, .T. ) ;
#2514 = DIRECTION ( 'NONE',  ( -0.000000000000000000, -1.000000000000000000, -0.000000000000000000 ) ) ;
#2515 = DIRECTION ( 'NONE',  ( -0.000000000000000000, 1.000000000000000000, -0.000000000000000000 ) ) ;
#2516 = EDGE_CURVE ( 'NONE', #1705, #830, #3396, .T. ) ;
#2517 = EDGE_CURVE ( 'NONE', #2206, #578, #2171, .T. ) ;
#2518 = DIRECTION ( 'NONE',  ( 1.559302000878028960E-16, 0.000000000000000000, 1.000000000000000000 ) ) ;
#2519 = EDGE_LOOP ( 'NONE', ( #2020, #1233, #1162, #1823 ) ) ;
#2520 = LINE ( 'NONE', #2542, #3388 ) ;
#2521 = EDGE_CURVE ( 'NONE', #923, #3814, #3778, .T. ) ;
#2522 = FACE_BOUND ( 'NONE', #4285, .T. ) ;
#2523 = PLANE ( 'NONE',  #2877 ) ;
#2524 = ORIENTED_EDGE ( 'NONE', *, *, #3737, .F. ) ;
#2525 = VERTEX_POINT ( 'NONE', #3973 ) ;
#2526 = DIRECTION ( 'NONE',  ( -1.000000000000000000, -0.000000000000000000, 1.460819769243627131E-16 ) ) ;
#2527 = DIRECTION ( 'NONE',  ( 0.000000000000000000, 0.000000000000000000, -1.000000000000000000 ) ) ;
#2528 = VERTEX_POINT ( 'NONE', #4043 ) ;
#2529 = LINE ( 'NONE', #3988, #2873 ) ;
#2530 = ORIENTED_EDGE ( 'NONE', *, *, #96, .F. ) ;
#2531 = FACE_BOUND ( 'NONE', #2297, .T. ) ;
#2532 = DIRECTION ( 'NONE',  ( 0.000000000000000000, -1.000000000000000000, -0.000000000000000000 ) ) ;
#2533 = EDGE_CURVE ( 'NONE', #1023, #509, #2125, .T. ) ;
#2534 = AXIS2_PLACEMENT_3D ( 'NONE', #4240, #1359, #2829 ) ;
#2535 = DIRECTION ( 'NONE',  ( -0.000000000000000000, 1.000000000000000000, -0.000000000000000000 ) ) ;
#2536 = DIRECTION ( 'NONE',  ( 0.000000000000000000, -1.000000000000000000, 0.000000000000000000 ) ) ;
#2537 = CARTESIAN_POINT ( 'NONE',  ( -44.50000000000000000, 0.000000000000000000, 44.49999999999998579 ) ) ;
#2538 = ORIENTED_EDGE ( 'NONE', *, *, #3420, .F. ) ;
#2539 = ADVANCED_FACE ( 'NONE', ( #3589 ), #1851, .T. ) ;
#2540 = LINE ( 'NONE', #4002, #3144 ) ;
#2541 = VECTOR ( 'NONE', #3564, 1000.000000000000000 ) ;
#2542 = CARTESIAN_POINT ( 'NONE',  ( -40.00000000000000000, -35.00000000000000000, 38.94999999999999574 ) ) ;
#2543 = CARTESIAN_POINT ( 'NONE',  ( -43.50000000000001421, -14.00000000000000000, 43.50000000000000000 ) ) ;
#2544 = DIRECTION ( 'NONE',  ( 0.000000000000000000, -1.000000000000000000, 0.000000000000000000 ) ) ;
#2545 = ORIENTED_EDGE ( 'NONE', *, *, #245, .F. ) ;
#2546 = CIRCLE ( 'NONE', #1226, 3.500000000000003109 ) ;
#2547 = ORIENTED_EDGE ( 'NONE', *, *, #1099, .F. ) ;
#2548 = EDGE_CURVE ( 'NONE', #1566, #821, #2703, .T. ) ;
#2549 = CARTESIAN_POINT ( 'NONE',  ( 39.99999999999999289, 0.000000000000000000, -39.99999999999999289 ) ) ;
#2550 = DIRECTION ( 'NONE',  ( 0.000000000000000000, 0.000000000000000000, 1.000000000000000000 ) ) ;
#2551 = EDGE_LOOP ( 'NONE', ( #1244, #3357, #1433, #4688, #1100, #1737, #292, #300 ) ) ;
#2552 = LINE ( 'NONE', #1460, #2021 ) ;
#2553 = EDGE_LOOP ( 'NONE', ( #4527, #809, #1285, #1738 ) ) ;
#2554 = CIRCLE ( 'NONE', #634, 1.250000000000001110 ) ;
#2555 = DIRECTION ( 'NONE',  ( 0.000000000000000000, -1.000000000000000000, 0.000000000000000000 ) ) ;
#2556 = CARTESIAN_POINT ( 'NONE',  ( 44.50000000000000000, -36.00000000000000711, 44.49999999999998579 ) ) ;
#2557 = AXIS2_PLACEMENT_3D ( 'NONE', #2821, #2745, #3513 ) ;
#2558 = ORIENTED_EDGE ( 'NONE', *, *, #1997, .F. ) ;
#2559 = CARTESIAN_POINT ( 'NONE',  ( -44.49999999999999289, -35.00000000000000000, -43.25000000000000000 ) ) ;
#2560 = DIRECTION ( 'NONE',  ( -0.000000000000000000, 1.000000000000000000, -0.000000000000000000 ) ) ;
#2561 = CYLINDRICAL_SURFACE ( 'NONE', #3103, 1.000000000000000888 ) ;
#2562 =( GEOMETRIC_REPRESENTATION_CONTEXT ( 3 ) GLOBAL_UNCERTAINTY_ASSIGNED_CONTEXT ( ( #4047 ) ) GLOBAL_UNIT_ASSIGNED_CONTEXT ( ( #4249, #2606, #4068 ) ) REPRESENTATION_CONTEXT ( 'NONE', 'WORKASPACE' ) );
#2563 = ORIENTED_EDGE ( 'NONE', *, *, #4496, .T. ) ;
#2564 = VECTOR ( 'NONE', #1803, 1000.000000000000000 ) ;
#2565 = CARTESIAN_POINT ( 'NONE',  ( 37.00000000000000000, 0.000000000000000000, -2.500000000000000000 ) ) ;
#2566 = FACE_BOUND ( 'NONE', #3873, .T. ) ;
#2567 = EDGE_CURVE ( 'NONE', #3534, #3311, #452, .T. ) ;
#2568 = DIRECTION ( 'NONE',  ( -0.000000000000000000, 1.000000000000000000, -0.000000000000000000 ) ) ;
#2569 = ORIENTED_EDGE ( 'NONE', *, *, #1229, .T. ) ;
#2570 = AXIS2_PLACEMENT_3D ( 'NONE', #4431, #1192, #814 ) ;
#2571 = VERTEX_POINT ( 'NONE', #3414 ) ;
#2572 = DIRECTION ( 'NONE',  ( 0.000000000000000000, -1.000000000000000000, 0.000000000000000000 ) ) ;
#2573 = VECTOR ( 'NONE', #3218, 1000.000000000000000 ) ;
#2574 = DIRECTION ( 'NONE',  ( 0.000000000000000000, 1.000000000000000000, 0.000000000000000000 ) ) ;
#2575 = EDGE_CURVE ( 'NONE', #3703, #4439, #118, .T. ) ;
#2576 = ORIENTED_EDGE ( 'NONE', *, *, #4681, .T. ) ;
#2577 = DIRECTION ( 'NONE',  ( 1.000000000000000000, 0.000000000000000000, 0.000000000000000000 ) ) ;
#2578 = EDGE_CURVE ( 'NONE', #3510, #1273, #1533, .T. ) ;
#2579 = VERTEX_POINT ( 'NONE', #1579 ) ;
#2580 = VERTEX_POINT ( 'NONE', #1132 ) ;
#2581 = AXIS2_PLACEMENT_3D ( 'NONE', #4382, #3268, #4704 ) ;
#2582 = CARTESIAN_POINT ( 'NONE',  ( 0.000000000000000000, -24.00000000000000355, 0.000000000000000000 ) ) ;
#2583 = DIRECTION ( 'NONE',  ( 0.000000000000000000, 0.000000000000000000, 1.000000000000000000 ) ) ;
#2584 = EDGE_CURVE ( 'NONE', #2597, #3543, #3031, .T. ) ;
#2585 = PLANE ( 'NONE',  #1381 ) ;
#2586 = CARTESIAN_POINT ( 'NONE',  ( 37.00000000000000000, -24.00000000000000355, 39.50000000000000711 ) ) ;
#2587 = DIRECTION ( 'NONE',  ( 0.000000000000000000, 0.000000000000000000, -1.000000000000000000 ) ) ;
#2588 = ORIENTED_EDGE ( 'NONE', *, *, #17, .T. ) ;
#2589 = PLANE ( 'NONE',  #1600 ) ;
#2590 = DIRECTION ( 'NONE',  ( 0.000000000000000000, 0.000000000000000000, -1.000000000000000000 ) ) ;
#2591 = FACE_OUTER_BOUND ( 'NONE', #705, .T. ) ;
#2592 = DIRECTION ( 'NONE',  ( 1.000000000000000000, 0.000000000000000000, -1.460819769243627131E-16 ) ) ;
#2593 = VERTEX_POINT ( 'NONE', #3433 ) ;
#2594 = ORIENTED_EDGE ( 'NONE', *, *, #3623, .T. ) ;
#2595 = ADVANCED_FACE ( 'NONE', ( #1179 ), #3773, .F. ) ;
#2596 = DIRECTION ( 'NONE',  ( 1.000000000000000000, -0.000000000000000000, 1.460819769243627131E-16 ) ) ;
#2597 = VERTEX_POINT ( 'NONE', #2265 ) ;
#2598 = CARTESIAN_POINT ( 'NONE',  ( 40.00000000000000000, -24.00000000000000355, -1.050000000000002265 ) ) ;
#2599 = ORIENTED_EDGE ( 'NONE', *, *, #4328, .T. ) ;
#2600 = EDGE_CURVE ( 'NONE', #3510, #493, #165, .T. ) ;
#2601 = CARTESIAN_POINT ( 'NONE',  ( -40.00000000000000000, 0.000000000000000000, 39.99999999999998579 ) ) ;
#2602 = CARTESIAN_POINT ( 'NONE',  ( 44.49999999999999289, 0.000000000000000000, 45.75000000000000000 ) ) ;
#2603 = EDGE_CURVE ( 'NONE', #2296, #4224, #2484, .T. ) ;
#2604 = LINE ( 'NONE', #3011, #1220 ) ;
#2605 = DIRECTION ( 'NONE',  ( -1.000000000000000000, 0.000000000000000000, -1.460819769243627131E-16 ) ) ;
#2606 =( NAMED_UNIT ( * ) PLANE_ANGLE_UNIT ( ) SI_UNIT ( $, .RADIAN. ) );
#2607 = CYLINDRICAL_SURFACE ( 'NONE', #3030, 2.500000000000002220 ) ;
#2608 = EDGE_LOOP ( 'NONE', ( #3398, #4573, #177, #3061 ) ) ;
#2609 = CARTESIAN_POINT ( 'NONE',  ( 44.49999999999999289, 0.000000000000000000, -44.50000000000000000 ) ) ;
#2610 = VECTOR ( 'NONE', #3216, 1000.000000000000000 ) ;
#2611 = CARTESIAN_POINT ( 'NONE',  ( -47.49999999999998579, -5.999999999999991118, -35.00000000000000711 ) ) ;
#2612 = PLANE ( 'NONE',  #179 ) ;
#2613 = ORIENTED_EDGE ( 'NONE', *, *, #3394, .F. ) ;
#2614 = ORIENTED_EDGE ( 'NONE', *, *, #3164, .F. ) ;
#2615 = AXIS2_PLACEMENT_3D ( 'NONE', #1467, #3234, #2939 ) ;
#2616 = CARTESIAN_POINT ( 'NONE',  ( 44.49999999999998579, -36.00000000000000711, -47.50000000000001421 ) ) ;
#2617 = DIRECTION ( 'NONE',  ( 0.000000000000000000, -1.000000000000000000, 0.000000000000000000 ) ) ;
#2618 = CARTESIAN_POINT ( 'NONE',  ( -44.49999999999999289, 0.000000000000000000, -44.50000000000000000 ) ) ;
#2619 = CARTESIAN_POINT ( 'NONE',  ( -43.50000000000000711, -14.00000000000000000, 39.99999999999998579 ) ) ;
#2620 = AXIS2_PLACEMENT_3D ( 'NONE', #4396, #1112, #3609 ) ;
#2621 = VECTOR ( 'NONE', #3273, 1000.000000000000000 ) ;
#2622 = ORIENTED_EDGE ( 'NONE', *, *, #4496, .F. ) ;
#2623 = VECTOR ( 'NONE', #2809, 1000.000000000000000 ) ;
#2624 = CARTESIAN_POINT ( 'NONE',  ( 40.00000000000000000, -13.99999999999999822, -40.00000000000000000 ) ) ;
#2625 = DIRECTION ( 'NONE',  ( 1.460819769243627131E-16, 0.000000000000000000, -1.000000000000000000 ) ) ;
#2626 = EDGE_CURVE ( 'NONE', #61, #2872, #19, .T. ) ;
#2627 = VERTEX_POINT ( 'NONE', #3366 ) ;
#2628 = AXIS2_PLACEMENT_3D ( 'NONE', #3933, #222, #953 ) ;
#2629 = DIRECTION ( 'NONE',  ( 0.000000000000000000, 0.000000000000000000, -1.000000000000000000 ) ) ;
#2630 = AXIS2_PLACEMENT_3D ( 'NONE', #2631, #4157, #875 ) ;
#2631 = CARTESIAN_POINT ( 'NONE',  ( 34.99999999999999289, 0.000000000000000000, -41.49999999999999289 ) ) ;
#2632 = DIRECTION ( 'NONE',  ( -0.000000000000000000, 1.000000000000000000, -0.000000000000000000 ) ) ;
#2633 = EDGE_CURVE ( 'NONE', #3175, #4613, #3733, .T. ) ;
#2634 = VERTEX_POINT ( 'NONE', #2602 ) ;
#2635 = LINE ( 'NONE', #1544, #3767 ) ;
#2636 = AXIS2_PLACEMENT_3D ( 'NONE', #4664, #1752, #2117 ) ;
#2637 = PLANE ( 'NONE',  #2032 ) ;
#2638 = DIRECTION ( 'NONE',  ( -1.067522139062650671E-15, 0.000000000000000000, 1.000000000000000000 ) ) ;
#2639 = ORIENTED_EDGE ( 'NONE', *, *, #1744, .F. ) ;
#2640 = VERTEX_POINT ( 'NONE', #1898 ) ;
#2641 = VECTOR ( 'NONE', #1247, 1000.000000000000000 ) ;
#2642 = CARTESIAN_POINT ( 'NONE',  ( 39.50000000000000000, 0.000000000000000000, 0.000000000000000000 ) ) ;
#2643 = ORIENTED_EDGE ( 'NONE', *, *, #414, .F. ) ;
#2644 = FACE_OUTER_BOUND ( 'NONE', #4174, .T. ) ;
#2645 = AXIS2_PLACEMENT_3D ( 'NONE', #2002, #1305, #1377 ) ;
#2646 = ORIENTED_EDGE ( 'NONE', *, *, #959, .T. ) ;
#2647 = AXIS2_PLACEMENT_3D ( 'NONE', #3643, #3284, #4744 ) ;
#2648 = CARTESIAN_POINT ( 'NONE',  ( -41.49999999999999289, 0.000000000000000000, -4.499999999999997335 ) ) ;
#2649 = CARTESIAN_POINT ( 'NONE',  ( 47.29999999999999005, -5.999999999999991118, -35.00000000000000711 ) ) ;
#2650 = VERTEX_POINT ( 'NONE', #2333 ) ;
#2651 = CIRCLE ( 'NONE', #3194, 2.199999999999986855 ) ;
#2652 = ADVANCED_FACE ( 'NONE', ( #501 ), #2963, .F. ) ;
#2653 = CYLINDRICAL_SURFACE ( 'NONE', #3233, 3.500000000000003109 ) ;
#2654 = DIRECTION ( 'NONE',  ( 0.000000000000000000, 0.000000000000000000, -1.000000000000000000 ) ) ;
#2655 = CARTESIAN_POINT ( 'NONE',  ( -47.50000000000001421, -36.00000000000000711, -44.50000000000001421 ) ) ;
#2656 = ORIENTED_EDGE ( 'NONE', *, *, #1235, .T. ) ;
#2657 = ADVANCED_FACE ( 'NONE', ( #4422 ), #4087, .F. ) ;
#2658 = CARTESIAN_POINT ( 'NONE',  ( 46.69999999999996732, -36.00000000000000711, 44.49999999999998579 ) ) ;
#2659 = ADVANCED_FACE ( 'NONE', ( #412 ), #1966, .T. ) ;
#2660 = CARTESIAN_POINT ( 'NONE',  ( 47.30000000000000426, -26.00000000000000355, 35.00000000000000000 ) ) ;
#2661 = CARTESIAN_POINT ( 'NONE',  ( 39.50000000000000000, -14.00000000000000000, 2.500000000000000000 ) ) ;
#2662 = EDGE_LOOP ( 'NONE', ( #1841, #1973, #1508, #878, #1173, #2142, #3601, #2131, #2004, #3286, #1942, #4123 ) ) ;
#2663 = ORIENTED_EDGE ( 'NONE', *, *, #4489, .F. ) ;
#2664 = EDGE_CURVE ( 'NONE', #22, #2041, #1877, .T. ) ;
#2665 = CARTESIAN_POINT ( 'NONE',  ( -47.50000000000000000, -35.00000000000000000, 44.49999999999998579 ) ) ;
#2666 = CARTESIAN_POINT ( 'NONE',  ( -40.00000000000000000, -35.00000000000000000, -41.05000000000000426 ) ) ;
#2667 = DIRECTION ( 'NONE',  ( -1.000000000000000000, -0.000000000000000000, -1.460819769243627377E-16 ) ) ;
#2668 = ORIENTED_EDGE ( 'NONE', *, *, #2382, .F. ) ;
#2669 = CARTESIAN_POINT ( 'NONE',  ( -44.50000000000000000, -1.000000000000000000, 46.49999999999998579 ) ) ;
#2670 = ORIENTED_EDGE ( 'NONE', *, *, #829, .T. ) ;
#2671 = CARTESIAN_POINT ( 'NONE',  ( 37.00000000000000000, 0.000000000000000000, -43.50000000000000000 ) ) ;
#2672 = DIRECTION ( 'NONE',  ( -0.000000000000000000, 1.000000000000000000, -0.000000000000000000 ) ) ;
#2673 = DIRECTION ( 'NONE',  ( -1.000000000000000000, -0.000000000000000000, -0.000000000000000000 ) ) ;
#2674 = EDGE_CURVE ( 'NONE', #3121, #578, #479, .T. ) ;
#2675 = ORIENTED_EDGE ( 'NONE', *, *, #3999, .F. ) ;
#2676 = DIRECTION ( 'NONE',  ( 0.000000000000000000, 1.000000000000000000, 0.000000000000000000 ) ) ;
#2677 = LINE ( 'NONE', #4138, #2118 ) ;
#2678 = DIRECTION ( 'NONE',  ( 0.000000000000000000, 0.000000000000000000, -1.000000000000000000 ) ) ;
#2679 = EDGE_CURVE ( 'NONE', #4274, #2705, #4505, .T. ) ;
#2680 = VERTEX_POINT ( 'NONE', #4177 ) ;
#2681 = ORIENTED_EDGE ( 'NONE', *, *, #2799, .T. ) ;
#2682 = DIRECTION ( 'NONE',  ( 0.000000000000000000, 0.000000000000000000, -1.000000000000000000 ) ) ;
#2683 = VECTOR ( 'NONE', #1644, 1000.000000000000000 ) ;
#2684 = VERTEX_POINT ( 'NONE', #1986 ) ;
#2685 = CARTESIAN_POINT ( 'NONE',  ( -37.00000000000000711, -24.00000000000000355, 41.49999999999998579 ) ) ;
#2686 = EDGE_CURVE ( 'NONE', #3464, #958, #4273, .T. ) ;
#2687 = EDGE_LOOP ( 'NONE', ( #3290, #2622 ) ) ;
#2688 = AXIS2_PLACEMENT_3D ( 'NONE', #4741, #1785, #4045 ) ;
#2689 = VECTOR ( 'NONE', #708, 1000.000000000000000 ) ;
#2690 = CARTESIAN_POINT ( 'NONE',  ( -47.29999999999999005, -15.99999999999999289, -36.00000000000001421 ) ) ;
#2691 = ORIENTED_EDGE ( 'NONE', *, *, #3188, .F. ) ;
#2692 = AXIS2_PLACEMENT_3D ( 'NONE', #3217, #4630, #2398 ) ;
#2693 = AXIS2_PLACEMENT_3D ( 'NONE', #2060, #934, #4215 ) ;
#2694 = CYLINDRICAL_SURFACE ( 'NONE', #704, 2.000000000000000000 ) ;
#2695 = FACE_OUTER_BOUND ( 'NONE', #4111, .T. ) ;
#2696 = LINE ( 'NONE', #876, #3019 ) ;
#2697 = ORIENTED_EDGE ( 'NONE', *, *, #508, .F. ) ;
#2698 = ORIENTED_EDGE ( 'NONE', *, *, #3685, .T. ) ;
#2699 = AXIS2_PLACEMENT_3D ( 'NONE', #4491, #1901, #3053 ) ;
#2700 = DIRECTION ( 'NONE',  ( 0.000000000000000000, 0.000000000000000000, -1.000000000000000000 ) ) ;
#2701 = LINE ( 'NONE', #882, #3034 ) ;
#2702 = DIRECTION ( 'NONE',  ( 0.000000000000000000, 0.000000000000000000, -1.000000000000000000 ) ) ;
#2703 = CIRCLE ( 'NONE', #2937, 1.050000000000002265 ) ;
#2704 = EDGE_LOOP ( 'NONE', ( #653, #276, #3817, #2283 ) ) ;
#2705 = VERTEX_POINT ( 'NONE', #2353 ) ;
#2706 = DIRECTION ( 'NONE',  ( 0.000000000000000000, 0.000000000000000000, -1.000000000000000000 ) ) ;
#2707 = EDGE_CURVE ( 'NONE', #3509, #1030, #795, .T. ) ;
#2708 = CARTESIAN_POINT ( 'NONE',  ( -41.49999999999999289, -24.00000000000000355, 2.500000000000000000 ) ) ;
#2709 = DIRECTION ( 'NONE',  ( 0.000000000000000000, 0.000000000000000000, -1.000000000000000000 ) ) ;
#2710 = ORIENTED_EDGE ( 'NONE', *, *, #4349, .T. ) ;
#2711 = AXIS2_PLACEMENT_3D ( 'NONE', #2999, #1061, #1081 ) ;
#2712 = EDGE_CURVE ( 'NONE', #1358, #2227, #946, .T. ) ;
#2713 = AXIS2_PLACEMENT_3D ( 'NONE', #39, #1500, #2972 ) ;
#2714 = DIRECTION ( 'NONE',  ( 0.000000000000000000, 0.000000000000000000, 1.000000000000000000 ) ) ;
#2715 = EDGE_CURVE ( 'NONE', #2228, #3644, #2066, .T. ) ;
#2716 = EDGE_LOOP ( 'NONE', ( #3125, #89, #886, #1598 ) ) ;
#2717 = EDGE_LOOP ( 'NONE', ( #3329, #2212 ) ) ;
#2718 = AXIS2_PLACEMENT_3D ( 'NONE', #4659, #964, #3139 ) ;
#2719 = EDGE_CURVE ( 'NONE', #2593, #728, #3507, .T. ) ;
#2720 = DIRECTION ( 'NONE',  ( 0.000000000000000000, -1.000000000000000000, 0.000000000000000000 ) ) ;
#2721 = PLANE ( 'NONE',  #3937 ) ;
#2722 = CIRCLE ( 'NONE', #3417, 1.000000000000000888 ) ;
#2723 = CYLINDRICAL_SURFACE ( 'NONE', #2180, 1.000000000000000888 ) ;
#2724 = ORIENTED_EDGE ( 'NONE', *, *, #2239, .T. ) ;
#2725 = EDGE_LOOP ( 'NONE', ( #4706, #1272 ) ) ;
#2726 = AXIS2_PLACEMENT_3D ( 'NONE', #3883, #4260, #2777 ) ;
#2727 = DIRECTION ( 'NONE',  ( 0.000000000000000000, -0.000000000000000000, -1.000000000000000000 ) ) ;
#2728 = DIRECTION ( 'NONE',  ( 0.000000000000000000, 1.000000000000000000, 0.000000000000000000 ) ) ;
#2729 = APPLICATION_PROTOCOL_DEFINITION ( 'draft international standard', 'automotive_design', 1998, #3391 ) ;
#2730 = DIRECTION ( 'NONE',  ( 0.000000000000000000, 0.000000000000000000, -1.000000000000000000 ) ) ;
#2731 = ORIENTED_EDGE ( 'NONE', *, *, #2719, .F. ) ;
#2732 = ORIENTED_EDGE ( 'NONE', *, *, #3541, .T. ) ;
#2733 = CARTESIAN_POINT ( 'NONE',  ( -47.29999999999999005, -15.99999999999999289, -35.00000000000000711 ) ) ;
#2734 = DIRECTION ( 'NONE',  ( -0.000000000000000000, 1.000000000000000000, -0.000000000000000000 ) ) ;
#2735 = LINE ( 'NONE', #1843, #3156 ) ;
#2736 = DIRECTION ( 'NONE',  ( -0.000000000000000000, 1.000000000000000000, -0.000000000000000000 ) ) ;
#2737 = EDGE_LOOP ( 'NONE', ( #214, #4416 ) ) ;
#2738 = ORIENTED_EDGE ( 'NONE', *, *, #3100, .F. ) ;
#2739 = EDGE_CURVE ( 'NONE', #3383, #2466, #521, .T. ) ;
#2740 = DIRECTION ( 'NONE',  ( -0.000000000000000000, 1.000000000000000000, -0.000000000000000000 ) ) ;
#2741 = ORIENTED_EDGE ( 'NONE', *, *, #1048, .T. ) ;
#2742 = ORIENTED_EDGE ( 'NONE', *, *, #1739, .T. ) ;
#2743 = ADVANCED_FACE ( 'NONE', ( #1673 ), #1599, .F. ) ;
#2744 = CARTESIAN_POINT ( 'NONE',  ( -26.00000000000000000, 40.00000000000000000, -47.50000000000001421 ) ) ;
#2745 = DIRECTION ( 'NONE',  ( 0.000000000000000000, 1.000000000000000000, -0.000000000000000000 ) ) ;
#2746 = FACE_OUTER_BOUND ( 'NONE', #48, .T. ) ;
#2747 = EDGE_CURVE ( 'NONE', #466, #3121, #4197, .T. ) ;
#2748 = ORIENTED_EDGE ( 'NONE', *, *, #4415, .T. ) ;
#2749 = ORIENTED_EDGE ( 'NONE', *, *, #951, .F. ) ;
#2750 = DIRECTION ( 'NONE',  ( 1.460819769243627131E-16, 0.000000000000000000, 1.000000000000000000 ) ) ;
#2751 = LINE ( 'NONE', #4623, #1017 ) ;
#2752 = DIRECTION ( 'NONE',  ( 0.000000000000000000, -1.000000000000000000, 0.000000000000000000 ) ) ;
#2753 = ORIENTED_EDGE ( 'NONE', *, *, #1507, .F. ) ;
#2754 = EDGE_LOOP ( 'NONE', ( #1471, #3364, #2116, #4479 ) ) ;
#2755 = CARTESIAN_POINT ( 'NONE',  ( 47.29999999999999005, -5.999999999999991118, -35.00000000000000711 ) ) ;
#2756 = DIRECTION ( 'NONE',  ( 0.000000000000000000, 0.000000000000000000, -1.000000000000000000 ) ) ;
#2757 = CARTESIAN_POINT ( 'NONE',  ( 47.30000000000000426, -6.000000000000000000, 33.99999999999999289 ) ) ;
#2758 = DIRECTION ( 'NONE',  ( -0.000000000000000000, 1.000000000000000000, -0.000000000000000000 ) ) ;
#2759 = ORIENTED_EDGE ( 'NONE', *, *, #2976, .T. ) ;
#2760 = ORIENTED_EDGE ( 'NONE', *, *, #3100, .T. ) ;
#2761 = DIRECTION ( 'NONE',  ( 1.000000000000000000, -0.000000000000000000, 1.559302000878028960E-16 ) ) ;
#2762 = ORIENTED_EDGE ( 'NONE', *, *, #1718, .T. ) ;
#2763 = AXIS2_PLACEMENT_3D ( 'NONE', #3497, #204, #36 ) ;
#2764 = EDGE_LOOP ( 'NONE', ( #659, #1789 ) ) ;
#2765 = CIRCLE ( 'NONE', #3305, 2.000000000000001776 ) ;
#2766 = CARTESIAN_POINT ( 'NONE',  ( 39.50000000000000000, -14.00000000000000000, -2.500000000000000000 ) ) ;
#2767 = LINE ( 'NONE', #4202, #1167 ) ;
#2768 = EDGE_CURVE ( 'NONE', #4054, #1263, #3840, .T. ) ;
#2769 = AXIS2_PLACEMENT_3D ( 'NONE', #3660, #1020, #1421 ) ;
#2770 = AXIS2_PLACEMENT_3D ( 'NONE', #1340, #2428, #3892 ) ;
#2771 = ORIENTED_EDGE ( 'NONE', *, *, #758, .F. ) ;
#2772 = ORIENTED_EDGE ( 'NONE', *, *, #3281, .T. ) ;
#2773 = DIRECTION ( 'NONE',  ( 0.000000000000000000, -1.000000000000000000, 0.000000000000000000 ) ) ;
#2774 = AXIS2_PLACEMENT_3D ( 'NONE', #595, #572, #2426 ) ;
#2775 = FACE_OUTER_BOUND ( 'NONE', #631, .T. ) ;
#2776 = EDGE_CURVE ( 'NONE', #1624, #1348, #3940, .T. ) ;
#2777 = DIRECTION ( 'NONE',  ( 0.000000000000000000, -0.000000000000000000, -1.000000000000000000 ) ) ;
#2778 = CARTESIAN_POINT ( 'NONE',  ( -47.49999999999998579, -25.99999999999999645, -35.00000000000001421 ) ) ;
#2779 = ORIENTED_EDGE ( 'NONE', *, *, #3447, .F. ) ;
#2780 = VECTOR ( 'NONE', #4650, 1000.000000000000000 ) ;
#2781 = VERTEX_POINT ( 'NONE', #4610 ) ;
#2782 = CARTESIAN_POINT ( 'NONE',  ( 43.50000000000000000, -14.00000000000000000, 43.50000000000000000 ) ) ;
#2783 = CARTESIAN_POINT ( 'NONE',  ( -47.30000000000000426, -6.000000000000000000, 33.99999999999999289 ) ) ;
#2784 = EDGE_CURVE ( 'NONE', #746, #3439, #2097, .T. ) ;
#2785 = VECTOR ( 'NONE', #3232, 1000.000000000000000 ) ;
#2786 = CARTESIAN_POINT ( 'NONE',  ( -44.50000000000001421, -35.00000000000000000, -47.50000000000001421 ) ) ;
#2787 = CARTESIAN_POINT ( 'NONE',  ( -47.30000000000000426, -26.00000000000000355, 35.00000000000000000 ) ) ;
#2788 = DIRECTION ( 'NONE',  ( 0.000000000000000000, -1.000000000000000000, 0.000000000000000000 ) ) ;
#2789 = ORIENTED_EDGE ( 'NONE', *, *, #3508, .F. ) ;
#2790 = VERTEX_POINT ( 'NONE', #190 ) ;
#2791 = PLANE ( 'NONE',  #4020 ) ;
#2792 = CARTESIAN_POINT ( 'NONE',  ( -41.50000000000000000, 0.000000000000000000, 34.99999999999999289 ) ) ;
#2793 = VERTEX_POINT ( 'NONE', #2434 ) ;
#2794 = AXIS2_PLACEMENT_3D ( 'NONE', #3315, #4414, #1525 ) ;
#2795 = ORIENTED_EDGE ( 'NONE', *, *, #4208, .F. ) ;
#2796 = CIRCLE ( 'NONE', #341, 2.200000000000000622 ) ;
#2797 = CARTESIAN_POINT ( 'NONE',  ( 40.00000000000000000, -24.00000000000000355, 0.000000000000000000 ) ) ;
#2798 = LINE ( 'NONE', #557, #1468 ) ;
#2799 = EDGE_CURVE ( 'NONE', #3089, #3902, #2407, .T. ) ;
#2800 = AXIS2_PLACEMENT_3D ( 'NONE', #3617, #761, #4700 ) ;
#2801 = LINE ( 'NONE', #3546, #3846 ) ;
#2802 = DIRECTION ( 'NONE',  ( 0.000000000000000000, -1.000000000000000000, 0.000000000000000000 ) ) ;
#2803 = DIRECTION ( 'NONE',  ( -0.000000000000000000, 1.000000000000000000, -0.000000000000000000 ) ) ;
#2804 = ORIENTED_EDGE ( 'NONE', *, *, #370, .F. ) ;
#2805 = AXIS2_PLACEMENT_3D ( 'NONE', #3020, #1207, #813 ) ;
#2806 = ORIENTED_EDGE ( 'NONE', *, *, #3511, .F. ) ;
#2807 = EDGE_CURVE ( 'NONE', #269, #1351, #3470, .T. ) ;
#2808 = EDGE_CURVE ( 'NONE', #3405, #3313, #1288, .T. ) ;
#2809 = DIRECTION ( 'NONE',  ( -1.559302000878028960E-16, -0.000000000000000000, 1.000000000000000000 ) ) ;
#2810 = DIRECTION ( 'NONE',  ( -1.000000000000000000, 0.000000000000000000, 1.460819769243627131E-16 ) ) ;
#2811 = CARTESIAN_POINT ( 'NONE',  ( -44.50000000000000000, -36.00000000000000711, 44.49999999999998579 ) ) ;
#2812 = CARTESIAN_POINT ( 'NONE',  ( 47.50000000000000000, -16.00000000000000000, 33.99999999999999289 ) ) ;
#2813 = VERTEX_POINT ( 'NONE', #3918 ) ;
#2814 = VERTEX_POINT ( 'NONE', #2817 ) ;
#2815 = ADVANCED_FACE ( 'NONE', ( #630 ), #3073, .F. ) ;
#2816 = DIRECTION ( 'NONE',  ( 1.000000000000000000, 0.000000000000000000, 0.000000000000000000 ) ) ;
#2817 = CARTESIAN_POINT ( 'NONE',  ( -44.49999999999999289, 0.000000000000000000, -45.75000000000000000 ) ) ;
#2818 = VERTEX_POINT ( 'NONE', #892 ) ;
#2819 = VERTEX_POINT ( 'NONE', #1653 ) ;
#2820 = DIRECTION ( 'NONE',  ( 0.000000000000000000, 0.000000000000000000, -1.000000000000000000 ) ) ;
#2821 = CARTESIAN_POINT ( 'NONE',  ( 41.49999999999999289, 0.000000000000000000, 35.00000000000000000 ) ) ;
#2822 = VERTEX_POINT ( 'NONE', #3815 ) ;
#2823 = ORIENTED_EDGE ( 'NONE', *, *, #1917, .T. ) ;
#2824 = DIRECTION ( 'NONE',  ( 0.000000000000000000, -1.000000000000000000, 0.000000000000000000 ) ) ;
#2825 = CARTESIAN_POINT ( 'NONE',  ( 44.49999999999998579, -36.00000000000000711, -46.70000000000000995 ) ) ;
#2826 = EDGE_CURVE ( 'NONE', #1985, #1273, #3399, .T. ) ;
#2827 = FACE_BOUND ( 'NONE', #2717, .T. ) ;
#2828 = VERTEX_POINT ( 'NONE', #4733 ) ;
#2829 = DIRECTION ( 'NONE',  ( 0.000000000000000000, 0.000000000000000000, 1.000000000000000000 ) ) ;
#2830 = DIRECTION ( 'NONE',  ( 0.000000000000000000, -1.000000000000000000, 0.000000000000000000 ) ) ;
#2831 = LINE ( 'NONE', #1282, #2190 ) ;
#2832 = ADVANCED_FACE ( 'NONE', ( #4686 ), #1041, .T. ) ;
#2833 = DIRECTION ( 'NONE',  ( -1.000000000000000000, -0.000000000000000000, -1.460819769243627377E-16 ) ) ;
#2834 = EDGE_LOOP ( 'NONE', ( #1627, #3503, #2865, #444 ) ) ;
#2835 = ORIENTED_EDGE ( 'NONE', *, *, #1413, .T. ) ;
#2836 = DIRECTION ( 'NONE',  ( -0.000000000000000000, 1.000000000000000000, -0.000000000000000000 ) ) ;
#2837 = EDGE_CURVE ( 'NONE', #1868, #109, #1079, .T. ) ;
#2838 = ORIENTED_EDGE ( 'NONE', *, *, #2679, .F. ) ;
#2839 = CARTESIAN_POINT ( 'NONE',  ( 46.69999999999996732, -36.00000000000000711, 44.49999999999998579 ) ) ;
#2840 = EDGE_CURVE ( 'NONE', #3392, #2115, #3553, .T. ) ;
#2841 = ORIENTED_EDGE ( 'NONE', *, *, #3298, .T. ) ;
#2842 = DIRECTION ( 'NONE',  ( 0.000000000000000000, -0.000000000000000000, -1.000000000000000000 ) ) ;
#2843 = CIRCLE ( 'NONE', #2379, 2.500000000000002220 ) ;
#2844 = CARTESIAN_POINT ( 'NONE',  ( 24.00000000000000000, -35.00000000000000000, 47.50099999999999056 ) ) ;
#2845 = AXIS2_PLACEMENT_3D ( 'NONE', #221, #1740, #4233 ) ;
#2846 = ORIENTED_EDGE ( 'NONE', *, *, #1077, .F. ) ;
#2847 = CARTESIAN_POINT ( 'NONE',  ( 47.30000000000000426, -26.00000000000000355, 36.00000000000000711 ) ) ;
#2848 = CARTESIAN_POINT ( 'NONE',  ( -44.50000000000001421, 0.000000000000000000, -44.50000000000001421 ) ) ;
#2849 = CIRCLE ( 'NONE', #460, 3.500000000000003109 ) ;
#2850 = CARTESIAN_POINT ( 'NONE',  ( 23.99999999999999289, 0.000000000000000000, 47.50099999999999056 ) ) ;
#2851 = EDGE_LOOP ( 'NONE', ( #3221, #2049 ) ) ;
#2852 = VECTOR ( 'NONE', #230, 1000.000000000000000 ) ;
#2853 = CARTESIAN_POINT ( 'NONE',  ( 0.000000000000000000, -35.00000000000000000, -46.50000000000001421 ) ) ;
#2854 = FACE_OUTER_BOUND ( 'NONE', #4028, .T. ) ;
#2855 = DIRECTION ( 'NONE',  ( 0.000000000000000000, -0.000000000000000000, -1.000000000000000000 ) ) ;
#2856 = CARTESIAN_POINT ( 'NONE',  ( 37.00000000000000000, -14.00000000000000000, -41.49999999999999289 ) ) ;
#2857 = EDGE_LOOP ( 'NONE', ( #1289, #4554, #4473, #3901 ) ) ;
#2858 = ORIENTED_EDGE ( 'NONE', *, *, #3499, .F. ) ;
#2859 = EDGE_CURVE ( 'NONE', #3886, #4511, #1435, .T. ) ;
#2860 = CARTESIAN_POINT ( 'NONE',  ( -47.50000000000000000, -26.00000000000000355, 36.00000000000000711 ) ) ;
#2861 = VECTOR ( 'NONE', #1659, 1000.000000000000000 ) ;
#2862 = CARTESIAN_POINT ( 'NONE',  ( -43.50000000000001421, -14.00000000000000000, -4.499999999999997335 ) ) ;
#2863 = ORIENTED_EDGE ( 'NONE', *, *, #1423, .F. ) ;
#2864 = CARTESIAN_POINT ( 'NONE',  ( 0.000000000000000000, -24.00000000000000355, 0.000000000000000000 ) ) ;
#2865 = ORIENTED_EDGE ( 'NONE', *, *, #4100, .T. ) ;
#2866 = VECTOR ( 'NONE', #824, 1000.000000000000000 ) ;
#2867 = EDGE_CURVE ( 'NONE', #3703, #1840, #1322, .T. ) ;
#2868 = EDGE_CURVE ( 'NONE', #3142, #2528, #3274, .T. ) ;
#2869 = CARTESIAN_POINT ( 'NONE',  ( 39.99999999999999289, 0.000000000000000000, -43.50000000000000000 ) ) ;
#2870 = AXIS2_PLACEMENT_3D ( 'NONE', #3350, #4095, #3371 ) ;
#2871 = LINE ( 'NONE', #734, #1619 ) ;
#2872 = VERTEX_POINT ( 'NONE', #2862 ) ;
#2873 = VECTOR ( 'NONE', #703, 1000.000000000000000 ) ;
#2874 = ADVANCED_FACE ( 'NONE', ( #4323 ), #359, .F. ) ;
#2875 = DIRECTION ( 'NONE',  ( -0.000000000000000000, 1.000000000000000000, -0.000000000000000000 ) ) ;
#2876 = CARTESIAN_POINT ( 'NONE',  ( -25.99999999999999645, -36.00000000000000711, -46.70000000000002416 ) ) ;
#2877 = AXIS2_PLACEMENT_3D ( 'NONE', #1074, #1839, #332 ) ;
#2878 = FACE_OUTER_BOUND ( 'NONE', #140, .T. ) ;
#2879 = ORIENTED_EDGE ( 'NONE', *, *, #1724, .F. ) ;
#2880 = AXIS2_PLACEMENT_3D ( 'NONE', #4602, #2810, #4266 ) ;
#2881 = DIRECTION ( 'NONE',  ( 0.000000000000000000, -1.000000000000000000, 0.000000000000000000 ) ) ;
#2882 = DIRECTION ( 'NONE',  ( 0.000000000000000000, 1.000000000000000000, 0.000000000000000000 ) ) ;
#2883 = FACE_OUTER_BOUND ( 'NONE', #2302, .T. ) ;
#2884 = ORIENTED_EDGE ( 'NONE', *, *, #441, .F. ) ;
#2885 = DIRECTION ( 'NONE',  ( 0.000000000000000000, -1.000000000000000000, 0.000000000000000000 ) ) ;
#2886 = DIRECTION ( 'NONE',  ( 0.000000000000000000, 0.000000000000000000, -1.000000000000000000 ) ) ;
#2887 = ORIENTED_EDGE ( 'NONE', *, *, #33, .T. ) ;
#2888 = DIRECTION ( 'NONE',  ( 0.000000000000000000, 0.000000000000000000, -1.000000000000000000 ) ) ;
#2889 = EDGE_CURVE ( 'NONE', #4714, #2296, #679, .T. ) ;
#2890 = EDGE_LOOP ( 'NONE', ( #376, #3253, #2093, #3542 ) ) ;
#2891 = DIRECTION ( 'NONE',  ( 0.000000000000000000, -1.000000000000000000, 0.000000000000000000 ) ) ;
#2892 = DIRECTION ( 'NONE',  ( 0.000000000000000000, 0.000000000000000000, -1.000000000000000000 ) ) ;
#2893 = ADVANCED_FACE ( 'NONE', ( #4390, #4364 ), #289, .F. ) ;
#2894 = CARTESIAN_POINT ( 'NONE',  ( -25.99999999999999645, -36.00000000000000711, -44.50000000000001421 ) ) ;
#2895 = CARTESIAN_POINT ( 'NONE',  ( 44.49999999999998579, -36.00000000000000711, -46.70000000000000995 ) ) ;
#2896 = EDGE_CURVE ( 'NONE', #1683, #1306, #250, .T. ) ;
#2897 = DIRECTION ( 'NONE',  ( 1.000000000000000000, -0.000000000000000000, -1.460819769243627377E-16 ) ) ;
#2898 = ORIENTED_EDGE ( 'NONE', *, *, #1473, .T. ) ;
#2899 = FACE_OUTER_BOUND ( 'NONE', #4730, .T. ) ;
#2900 = PLANE ( 'NONE',  #3957 ) ;
#2901 = CARTESIAN_POINT ( 'NONE',  ( 39.99999999999999289, 0.000000000000000000, -43.50000000000000000 ) ) ;
#2902 = ORIENTED_EDGE ( 'NONE', *, *, #4562, .T. ) ;
#2903 = ORIENTED_EDGE ( 'NONE', *, *, #4149, .F. ) ;
#2904 = CARTESIAN_POINT ( 'NONE',  ( 34.99999999999999289, -24.00000000000000355, -41.49999999999999289 ) ) ;
#2905 = CARTESIAN_POINT ( 'NONE',  ( -44.50000000000000000, -1.000000000000000000, 47.49999999999998579 ) ) ;
#2906 = ORIENTED_EDGE ( 'NONE', *, *, #1383, .F. ) ;
#2907 = CARTESIAN_POINT ( 'NONE',  ( -43.50000000000000711, -24.00000000000000355, 39.99999999999998579 ) ) ;
#2908 = ORIENTED_EDGE ( 'NONE', *, *, #2196, .T. ) ;
#2909 = DIRECTION ( 'NONE',  ( -1.000000000000000000, 0.000000000000000000, 0.000000000000000000 ) ) ;
#2910 = CARTESIAN_POINT ( 'NONE',  ( 46.50000000000000000, -1.000000000000000000, 44.49999999999998579 ) ) ;
#2911 = AXIS2_PLACEMENT_3D ( 'NONE', #63, #3832, #3406 ) ;
#2912 = EDGE_CURVE ( 'NONE', #4271, #3810, #1708, .T. ) ;
#2913 = CARTESIAN_POINT ( 'NONE',  ( 47.30000000000000426, -16.00000000000000000, 34.99999999999999289 ) ) ;
#2914 = CARTESIAN_POINT ( 'NONE',  ( -37.00000000000000000, -14.00000000000000000, 0.000000000000000000 ) ) ;
#2915 = LINE ( 'NONE', #1052, #1186 ) ;
#2916 = ORIENTED_EDGE ( 'NONE', *, *, #426, .F. ) ;
#2917 = EDGE_CURVE ( 'NONE', #2579, #1961, #3558, .T. ) ;
#2918 = FACE_OUTER_BOUND ( 'NONE', #1405, .T. ) ;
#2919 = VECTOR ( 'NONE', #1876, 1000.000000000000000 ) ;
#2920 = DIRECTION ( 'NONE',  ( -1.000000000000000000, 0.000000000000000000, 0.000000000000000000 ) ) ;
#2921 = CYLINDRICAL_SURFACE ( 'NONE', #1731, 3.500000000000003109 ) ;
#2922 = CARTESIAN_POINT ( 'NONE',  ( -39.49999999999999289, 0.000000000000000000, -37.00000000000000000 ) ) ;
#2923 = VERTEX_POINT ( 'NONE', #268 ) ;
#2924 = CIRCLE ( 'NONE', #852, 3.500000000000003109 ) ;
#2925 = EDGE_LOOP ( 'NONE', ( #2806, #731, #851, #1412 ) ) ;
#2926 = AXIS2_PLACEMENT_3D ( 'NONE', #336, #404, #1799 ) ;
#2927 = EDGE_CURVE ( 'NONE', #4449, #2122, #2164, .T. ) ;
#2928 = CARTESIAN_POINT ( 'NONE',  ( -47.49999999999998579, -25.99999999999999645, -35.00000000000001421 ) ) ;
#2929 = VECTOR ( 'NONE', #2536, 1000.000000000000000 ) ;
#2930 = DIRECTION ( 'NONE',  ( -0.000000000000000000, 1.000000000000000000, -0.000000000000000000 ) ) ;
#2931 = ORIENTED_EDGE ( 'NONE', *, *, #1295, .T. ) ;
#2932 = DIRECTION ( 'NONE',  ( 0.000000000000000000, 0.000000000000000000, 1.000000000000000000 ) ) ;
#2933 = ORIENTED_EDGE ( 'NONE', *, *, #3278, .F. ) ;
#2934 = VECTOR ( 'NONE', #2532, 1000.000000000000000 ) ;
#2935 = DIRECTION ( 'NONE',  ( -0.000000000000000000, 1.000000000000000000, -0.000000000000000000 ) ) ;
#2936 = CYLINDRICAL_SURFACE ( 'NONE', #944, 1.000000000000000888 ) ;
#2937 = AXIS2_PLACEMENT_3D ( 'NONE', #70, #1217, #4463 ) ;
#2938 = AXIS2_PLACEMENT_3D ( 'NONE', #31, #2966, #3326 ) ;
#2939 = DIRECTION ( 'NONE',  ( 1.000000000000000000, 0.000000000000000000, 1.559302000878028960E-16 ) ) ;
#2940 = CARTESIAN_POINT ( 'NONE',  ( -47.29999999999999005, -15.99999999999999289, -35.00000000000000711 ) ) ;
#2941 = DIRECTION ( 'NONE',  ( -0.000000000000000000, 1.000000000000000000, -0.000000000000000000 ) ) ;
#2942 = VECTOR ( 'NONE', #1135, 1000.000000000000000 ) ;
#2943 = EDGE_CURVE ( 'NONE', #3318, #3548, #98, .T. ) ;
#2944 = EDGE_LOOP ( 'NONE', ( #3805, #4300, #2055, #1169, #3914, #1318, #2984, #2835 ) ) ;
#2945 = DIRECTION ( 'NONE',  ( 0.000000000000000000, 0.000000000000000000, 1.000000000000000000 ) ) ;
#2946 = CIRCLE ( 'NONE', #4542, 3.500000000000003109 ) ;
#2947 = DIRECTION ( 'NONE',  ( -1.000000000000000000, 0.000000000000000000, 1.559302000878028960E-16 ) ) ;
#2948 = FACE_BOUND ( 'NONE', #510, .T. ) ;
#2949 = DIRECTION ( 'NONE',  ( 0.000000000000000000, 0.000000000000000000, -1.000000000000000000 ) ) ;
#2950 = EDGE_CURVE ( 'NONE', #1127, #3422, #1029, .T. ) ;
#2951 = ORIENTED_EDGE ( 'NONE', *, *, #698, .F. ) ;
#2952 = CIRCLE ( 'NONE', #1634, 1.000000000000000888 ) ;
#2953 = ORIENTED_EDGE ( 'NONE', *, *, #4494, .T. ) ;
#2954 = EDGE_CURVE ( 'NONE', #3311, #1379, #3401, .T. ) ;
#2955 = DIRECTION ( 'NONE',  ( 0.000000000000000000, 1.000000000000000000, 0.000000000000000000 ) ) ;
#2956 = CIRCLE ( 'NONE', #1727, 2.000000000000001776 ) ;
#2957 = VERTEX_POINT ( 'NONE', #2480 ) ;
#2958 = LINE ( 'NONE', #1873, #4399 ) ;
#2959 = EDGE_CURVE ( 'NONE', #312, #3987, #4091, .T. ) ;
#2960 = ORIENTED_EDGE ( 'NONE', *, *, #1860, .F. ) ;
#2961 = VECTOR ( 'NONE', #1276, 1000.000000000000000 ) ;
#2962 = CARTESIAN_POINT ( 'NONE',  ( -39.99999999999998579, -35.00000000000000000, -43.50000000000000000 ) ) ;
#2963 = CYLINDRICAL_SURFACE ( 'NONE', #3256, 1.050000000000002265 ) ;
#2964 = DIRECTION ( 'NONE',  ( 0.000000000000000000, 0.000000000000000000, -1.000000000000000000 ) ) ;
#2965 = DIRECTION ( 'NONE',  ( -0.000000000000000000, 1.000000000000000000, -0.000000000000000000 ) ) ;
#2966 = DIRECTION ( 'NONE',  ( 1.000000000000000000, -0.000000000000000000, 1.460819769243627131E-16 ) ) ;
#2967 = DIRECTION ( 'NONE',  ( 0.000000000000000000, 0.000000000000000000, -1.000000000000000000 ) ) ;
#2968 = EDGE_LOOP ( 'NONE', ( #438, #3045, #2508, #1231, #2324, #3338, #4154, #3496 ) ) ;
#2969 = DIRECTION ( 'NONE',  ( 0.000000000000000000, 0.000000000000000000, 1.000000000000000000 ) ) ;
#2970 = ADVANCED_FACE ( 'NONE', ( #1753 ), #3225, .F. ) ;
#2971 = DIRECTION ( 'NONE',  ( 0.000000000000000000, 0.000000000000000000, 1.000000000000000000 ) ) ;
#2972 = DIRECTION ( 'NONE',  ( 0.000000000000000000, 0.000000000000000000, -1.000000000000000000 ) ) ;
#2973 = ORIENTED_EDGE ( 'NONE', *, *, #1672, .F. ) ;
#2974 = ORIENTED_EDGE ( 'NONE', *, *, #4239, .F. ) ;
#2975 = LINE ( 'NONE', #4363, #2621 ) ;
#2976 = EDGE_CURVE ( 'NONE', #994, #4531, #4457, .T. ) ;
#2977 = CARTESIAN_POINT ( 'NONE',  ( 24.00000000000000000, -35.00000000000000000, -46.50000000000001421 ) ) ;
#2978 = DIRECTION ( 'NONE',  ( 1.000000000000000000, 0.000000000000000000, -0.000000000000000000 ) ) ;
#2979 = ORIENTED_EDGE ( 'NONE', *, *, #2548, .T. ) ;
#2980 = ORIENTED_EDGE ( 'NONE', *, *, #2575, .T. ) ;
#2981 = EDGE_CURVE ( 'NONE', #4731, #815, #645, .T. ) ;
#2982 = LINE ( 'NONE', #2962, #2236 ) ;
#2983 = DIRECTION ( 'NONE',  ( -0.000000000000000000, 1.000000000000000000, -0.000000000000000000 ) ) ;
#2984 = ORIENTED_EDGE ( 'NONE', *, *, #3999, .T. ) ;
#2985 = CARTESIAN_POINT ( 'NONE',  ( 41.49999999999999289, -24.00000000000000355, 37.00000000000000711 ) ) ;
#2986 = DIRECTION ( 'NONE',  ( -0.000000000000000000, -0.000000000000000000, 1.000000000000000000 ) ) ;
#2987 = DIRECTION ( 'NONE',  ( 0.000000000000000000, 0.000000000000000000, -1.000000000000000000 ) ) ;
#2988 = DIRECTION ( 'NONE',  ( 0.000000000000000000, 0.000000000000000000, -1.000000000000000000 ) ) ;
#2989 = ORIENTED_EDGE ( 'NONE', *, *, #4617, .F. ) ;
#2990 = DIRECTION ( 'NONE',  ( 0.000000000000000000, 1.000000000000000000, 0.000000000000000000 ) ) ;
#2991 = AXIS2_PLACEMENT_3D ( 'NONE', #1212, #1573, #3448 ) ;
#2992 = LINE ( 'NONE', #4497, #189 ) ;
#2993 = CARTESIAN_POINT ( 'NONE',  ( -44.50000000000001421, -36.00000000000000711, -47.50000000000001421 ) ) ;
#2994 = ORIENTED_EDGE ( 'NONE', *, *, #4708, .T. ) ;
#2995 = EDGE_LOOP ( 'NONE', ( #3672, #3062, #2258, #1749 ) ) ;
#2996 = VECTOR ( 'NONE', #4400, 1000.000000000000000 ) ;
#2997 = CARTESIAN_POINT ( 'NONE',  ( 41.49999999999999289, -14.00000000000000000, 4.500000000000000888 ) ) ;
#2998 = ORIENTED_EDGE ( 'NONE', *, *, #1943, .T. ) ;
#2999 = CARTESIAN_POINT ( 'NONE',  ( -47.29999999999999005, -15.99999999999999289, -35.00000000000000711 ) ) ;
#3000 = VECTOR ( 'NONE', #2555, 1000.000000000000000 ) ;
#3001 = VECTOR ( 'NONE', #4126, 1000.000000000000000 ) ;
#3002 = VERTEX_POINT ( 'NONE', #1172 ) ;
#3003 = EDGE_CURVE ( 'NONE', #1093, #4271, #1912, .T. ) ;
#3004 = CIRCLE ( 'NONE', #4454, 1.000000000000000888 ) ;
#3005 = CARTESIAN_POINT ( 'NONE',  ( -41.49999999999999289, -24.00000000000000355, 2.500000000000000000 ) ) ;
#3006 = DIRECTION ( 'NONE',  ( 1.000000000000000000, -0.000000000000000000, -1.460819769243627377E-16 ) ) ;
#3007 = VERTEX_POINT ( 'NONE', #1574 ) ;
#3008 = AXIS2_PLACEMENT_3D ( 'NONE', #781, #1831, #3301 ) ;
#3009 = EDGE_CURVE ( 'NONE', #1607, #316, #769, .T. ) ;
#3010 = EDGE_CURVE ( 'NONE', #2025, #4628, #2433, .T. ) ;
#3011 = CARTESIAN_POINT ( 'NONE',  ( 37.00000000000000000, -35.00000000000000000, -43.50000000000000000 ) ) ;
#3012 = CIRCLE ( 'NONE', #2699, 1.250000000000001110 ) ;
#3013 = CARTESIAN_POINT ( 'NONE',  ( 40.00000000000000000, -35.00000000000000000, -40.00000000000000000 ) ) ;
#3014 = DIRECTION ( 'NONE',  ( 0.000000000000000000, 0.000000000000000000, 1.000000000000000000 ) ) ;
#3015 = ADVANCED_FACE ( 'NONE', ( #2406, #939 ), #3583, .F. ) ;
#3016 = ORIENTED_EDGE ( 'NONE', *, *, #1156, .F. ) ;
#3017 = AXIS2_PLACEMENT_3D ( 'NONE', #4442, #3796, #4487 ) ;
#3018 = CYLINDRICAL_SURFACE ( 'NONE', #3080, 1.000000000000000888 ) ;
#3019 = VECTOR ( 'NONE', #2888, 1000.000000000000000 ) ;
#3020 = CARTESIAN_POINT ( 'NONE',  ( 47.29999999999999005, -25.99999999999999645, -35.00000000000001421 ) ) ;
#3021 = FACE_OUTER_BOUND ( 'NONE', #3626, .T. ) ;
#3022 = ORIENTED_EDGE ( 'NONE', *, *, #482, .T. ) ;
#3023 = VERTEX_POINT ( 'NONE', #2506 ) ;
#3024 = VECTOR ( 'NONE', #3865, 1000.000000000000000 ) ;
#3025 = FACE_OUTER_BOUND ( 'NONE', #104, .T. ) ;
#3026 = DIRECTION ( 'NONE',  ( -0.000000000000000000, 1.000000000000000000, 0.000000000000000000 ) ) ;
#3027 = CARTESIAN_POINT ( 'NONE',  ( 47.29999999999999005, -5.999999999999991118, -34.00000000000000711 ) ) ;
#3028 = VECTOR ( 'NONE', #4660, 1000.000000000000000 ) ;
#3029 = ORIENTED_EDGE ( 'NONE', *, *, #4044, .T. ) ;
#3030 = AXIS2_PLACEMENT_3D ( 'NONE', #4069, #3911, #2036 ) ;
#3031 = LINE ( 'NONE', #50, #2248 ) ;
#3032 = EDGE_CURVE ( 'NONE', #2185, #3514, #4160, .T. ) ;
#3033 = ORIENTED_EDGE ( 'NONE', *, *, #3623, .F. ) ;
#3034 = VECTOR ( 'NONE', #512, 1000.000000000000000 ) ;
#3035 = CARTESIAN_POINT ( 'NONE',  ( 47.50000000000000000, -16.00000000000000000, 34.99999999999999289 ) ) ;
#3036 = CARTESIAN_POINT ( 'NONE',  ( -46.50000000000001421, 0.000000000000000000, -44.50000000000001421 ) ) ;
#3037 = ADVANCED_FACE ( 'NONE', ( #2065 ), #2791, .F. ) ;
#3038 = FACE_OUTER_BOUND ( 'NONE', #342, .T. ) ;
#3039 = ORIENTED_EDGE ( 'NONE', *, *, #305, .F. ) ;
#3040 = DIRECTION ( 'NONE',  ( 1.000000000000000000, 0.000000000000000000, -0.000000000000000000 ) ) ;
#3041 = EDGE_CURVE ( 'NONE', #1122, #1348, #1039, .T. ) ;
#3042 = DIRECTION ( 'NONE',  ( -0.000000000000000000, 1.000000000000000000, -0.000000000000000000 ) ) ;
#3043 = DIRECTION ( 'NONE',  ( 0.000000000000000000, 0.000000000000000000, -1.000000000000000000 ) ) ;
#3044 = ORIENTED_EDGE ( 'NONE', *, *, #3764, .T. ) ;
#3045 = ORIENTED_EDGE ( 'NONE', *, *, #2954, .T. ) ;
#3046 = LINE ( 'NONE', #2665, #1988 ) ;
#3047 = ORIENTED_EDGE ( 'NONE', *, *, #370, .T. ) ;
#3048 = LINE ( 'NONE', #4503, #4472 ) ;
#3049 = VERTEX_POINT ( 'NONE', #4272 ) ;
#3050 = DIRECTION ( 'NONE',  ( 0.000000000000000000, 1.000000000000000000, 0.000000000000000000 ) ) ;
#3051 = VERTEX_POINT ( 'NONE', #3917 ) ;
#3052 = FACE_OUTER_BOUND ( 'NONE', #3347, .T. ) ;
#3053 = DIRECTION ( 'NONE',  ( 0.000000000000000000, 0.000000000000000000, -1.000000000000000000 ) ) ;
#3054 = FACE_OUTER_BOUND ( 'NONE', #822, .T. ) ;
#3055 = ORIENTED_EDGE ( 'NONE', *, *, #2366, .F. ) ;
#3056 = ORIENTED_EDGE ( 'NONE', *, *, #841, .F. ) ;
#3057 = EDGE_CURVE ( 'NONE', #3222, #4054, #1243, .T. ) ;
#3058 = CYLINDRICAL_SURFACE ( 'NONE', #2169, 3.000000000000002665 ) ;
#3059 = FACE_OUTER_BOUND ( 'NONE', #2551, .T. ) ;
#3060 = DIRECTION ( 'NONE',  ( 1.000000000000000000, -0.000000000000000000, -1.460819769243627377E-16 ) ) ;
#3061 = ORIENTED_EDGE ( 'NONE', *, *, #1205, .T. ) ;
#3062 = ORIENTED_EDGE ( 'NONE', *, *, #3954, .F. ) ;
#3063 = EDGE_CURVE ( 'NONE', #746, #2510, #4636, .T. ) ;
#3064 = ADVANCED_FACE ( 'NONE', ( #4685 ), #1011, .T. ) ;
#3065 = DIRECTION ( 'NONE',  ( 0.000000000000000000, -1.000000000000000000, 0.000000000000000000 ) ) ;
#3066 = CIRCLE ( 'NONE', #4445, 1.000000000000000888 ) ;
#3067 = CARTESIAN_POINT ( 'NONE',  ( 40.00000000000000000, -35.00000000000000000, -1.050000000000002265 ) ) ;
#3068 = LINE ( 'NONE', #546, #411 ) ;
#3069 = VERTEX_POINT ( 'NONE', #2860 ) ;
#3070 = AXIS2_PLACEMENT_3D ( 'NONE', #3753, #2288, #1491 ) ;
#3071 = ADVANCED_FACE ( 'NONE', ( #3249 ), #3177, .T. ) ;
#3072 = AXIS2_PLACEMENT_3D ( 'NONE', #2412, #945, #3436 ) ;
#3073 = CYLINDRICAL_SURFACE ( 'NONE', #4464, 3.500000000000003109 ) ;
#3074 = VECTOR ( 'NONE', #1196, 1000.000000000000000 ) ;
#3075 = ORIENTED_EDGE ( 'NONE', *, *, #812, .F. ) ;
#3076 = ORIENTED_EDGE ( 'NONE', *, *, #4169, .F. ) ;
#3077 = MANIFOLD_SOLID_BREP ( 'Mirror1', #1309 ) ;
#3078 = FACE_OUTER_BOUND ( 'NONE', #3633, .T. ) ;
#3079 = DIRECTION ( 'NONE',  ( 0.000000000000000000, 0.000000000000000000, -1.000000000000000000 ) ) ;
#3080 = AXIS2_PLACEMENT_3D ( 'NONE', #3400, #125, #831 ) ;
#3081 = DIRECTION ( 'NONE',  ( 0.000000000000000000, 0.000000000000000000, -1.000000000000000000 ) ) ;
#3082 = ORIENTED_EDGE ( 'NONE', *, *, #3795, .F. ) ;
#3083 = AXIS2_PLACEMENT_3D ( 'NONE', #2358, #2048, #3820 ) ;
#3084 = CARTESIAN_POINT ( 'NONE',  ( -46.70000000000000995, -35.00000000000000000, 44.49999999999998579 ) ) ;
#3085 = EDGE_CURVE ( 'NONE', #4613, #2481, #2488, .T. ) ;
#3086 = CYLINDRICAL_SURFACE ( 'NONE', #3484, 2.500000000000000000 ) ;
#3087 = VECTOR ( 'NONE', #3654, 1000.000000000000000 ) ;
#3088 = ORIENTED_EDGE ( 'NONE', *, *, #1391, .F. ) ;
#3089 = VERTEX_POINT ( 'NONE', #459 ) ;
#3090 = LINE ( 'NONE', #4548, #4293 ) ;
#3091 = CARTESIAN_POINT ( 'NONE',  ( 39.50000000000000000, -24.00000000000000355, -39.50000000000000000 ) ) ;
#3092 = EDGE_CURVE ( 'NONE', #2680, #715, #23, .T. ) ;
#3093 = DIRECTION ( 'NONE',  ( 1.000000000000000000, -0.000000000000000000, -0.000000000000000000 ) ) ;
#3094 = LINE ( 'NONE', #88, #1178 ) ;
#3095 = EDGE_LOOP ( 'NONE', ( #3608, #530, #696, #3928 ) ) ;
#3096 = VECTOR ( 'NONE', #2282, 1000.000000000000000 ) ;
#3097 = ORIENTED_EDGE ( 'NONE', *, *, #58, .T. ) ;
#3098 = CIRCLE ( 'NONE', #105, 2.000000000000001776 ) ;
#3099 = DIRECTION ( 'NONE',  ( 0.000000000000000000, 0.000000000000000000, -1.000000000000000000 ) ) ;
#3100 = EDGE_CURVE ( 'NONE', #2378, #639, #1103, .T. ) ;
#3101 = EDGE_LOOP ( 'NONE', ( #1893, #792, #3181, #968 ) ) ;
#3102 = ORIENTED_EDGE ( 'NONE', *, *, #1241, .F. ) ;
#3103 = AXIS2_PLACEMENT_3D ( 'NONE', #1068, #740, #2201 ) ;
#3104 = DIRECTION ( 'NONE',  ( 0.000000000000000000, 1.000000000000000000, 0.000000000000000000 ) ) ;
#3105 = CARTESIAN_POINT ( 'NONE',  ( 47.29999999999999005, -25.99999999999999645, -36.00000000000002132 ) ) ;
#3106 = AXIS2_PLACEMENT_3D ( 'NONE', #3244, #2882, #3424 ) ;
#3107 = CARTESIAN_POINT ( 'NONE',  ( -47.50000000000001421, -35.00000000000000000, -47.50000000000001421 ) ) ;
#3108 = VERTEX_POINT ( 'NONE', #123 ) ;
#3109 = DIRECTION ( 'NONE',  ( 0.000000000000000000, 0.000000000000000000, -1.000000000000000000 ) ) ;
#3110 = CARTESIAN_POINT ( 'NONE',  ( -43.50000000000000000, -14.00000000000000000, 4.500000000000000888 ) ) ;
#3111 = DIRECTION ( 'NONE',  ( -0.000000000000000000, 1.000000000000000000, -0.000000000000000000 ) ) ;
#3112 = CARTESIAN_POINT ( 'NONE',  ( -44.50000000000000000, -1.000000000000000000, 44.49999999999998579 ) ) ;
#3113 = VERTEX_POINT ( 'NONE', #437 ) ;
#3114 = ORIENTED_EDGE ( 'NONE', *, *, #3480, .F. ) ;
#3115 = EDGE_CURVE ( 'NONE', #3265, #1650, #4117, .T. ) ;
#3116 = CARTESIAN_POINT ( 'NONE',  ( 43.50000000000000000, -14.00000000000000000, 4.500000000000003553 ) ) ;
#3117 = CARTESIAN_POINT ( 'NONE',  ( 47.50000000000000000, -26.00000000000000355, 34.00000000000000000 ) ) ;
#3118 = DIRECTION ( 'NONE',  ( 0.000000000000000000, 1.000000000000000000, 0.000000000000000000 ) ) ;
#3119 = CARTESIAN_POINT ( 'NONE',  ( 44.49999999999998579, -1.000000000000000000, -44.50000000000001421 ) ) ;
#3120 = CARTESIAN_POINT ( 'NONE',  ( 46.50000000000000000, -1.000000000000000000, 44.49999999999998579 ) ) ;
#3121 = VERTEX_POINT ( 'NONE', #3684 ) ;
#3122 = ORIENTED_EDGE ( 'NONE', *, *, #2516, .T. ) ;
#3123 = EDGE_CURVE ( 'NONE', #1650, #3886, #4321, .T. ) ;
#3124 = DIRECTION ( 'NONE',  ( 1.000000000000000000, 0.000000000000000000, -1.460819769243627131E-16 ) ) ;
#3125 = ORIENTED_EDGE ( 'NONE', *, *, #4687, .T. ) ;
#3126 = ORIENTED_EDGE ( 'NONE', *, *, #3041, .F. ) ;
#3127 = EDGE_CURVE ( 'NONE', #3069, #2287, #1176, .T. ) ;
#3128 = LINE ( 'NONE', #1321, #930 ) ;
#3129 = LINE ( 'NONE', #3105, #91 ) ;
#3130 = ORIENTED_EDGE ( 'NONE', *, *, #1622, .F. ) ;
#3131 = EDGE_LOOP ( 'NONE', ( #1521, #1721, #993, #4499, #3102, #549, #3416, #1733 ) ) ;
#3132 = CARTESIAN_POINT ( 'NONE',  ( 47.29999999999999005, -25.99999999999999645, -35.00000000000001421 ) ) ;
#3133 = DIRECTION ( 'NONE',  ( -0.000000000000000000, -1.000000000000000000, -0.000000000000000000 ) ) ;
#3134 = PLANE ( 'NONE',  #2645 ) ;
#3135 = ORIENTED_EDGE ( 'NONE', *, *, #2578, .F. ) ;
#3136 = ORIENTED_EDGE ( 'NONE', *, *, #329, .T. ) ;
#3137 = CARTESIAN_POINT ( 'NONE',  ( -39.49999999999999289, -14.00000000000000000, -37.00000000000000000 ) ) ;
#3138 = DIRECTION ( 'NONE',  ( 0.000000000000000000, 0.000000000000000000, -1.000000000000000000 ) ) ;
#3139 = DIRECTION ( 'NONE',  ( -1.067522139062650671E-15, 0.000000000000000000, 1.000000000000000000 ) ) ;
#3140 = CARTESIAN_POINT ( 'NONE',  ( -40.00000000000000000, -35.00000000000000000, -38.94999999999999574 ) ) ;
#3141 = DIRECTION ( 'NONE',  ( 0.000000000000000000, 0.000000000000000000, 1.000000000000000000 ) ) ;
#3142 = VERTEX_POINT ( 'NONE', #828 ) ;
#3143 = ORIENTED_EDGE ( 'NONE', *, *, #386, .T. ) ;
#3144 = VECTOR ( 'NONE', #2179, 1000.000000000000000 ) ;
#3145 = FILL_AREA_STYLE ('',( #678 ) ) ;
#3146 = DIRECTION ( 'NONE',  ( 1.000000000000000000, 0.000000000000000000, -1.460819769243627131E-16 ) ) ;
#3147 = ORIENTED_EDGE ( 'NONE', *, *, #4226, .F. ) ;
#3148 = AXIS2_PLACEMENT_3D ( 'NONE', #4649, #2104, #977 ) ;
#3149 = ADVANCED_FACE ( 'NONE', ( #3038 ), #3780, .T. ) ;
#3150 = ORIENTED_EDGE ( 'NONE', *, *, #1356, .F. ) ;
#3151 = CIRCLE ( 'NONE', #3536, 2.500000000000000000 ) ;
#3152 = CARTESIAN_POINT ( 'NONE',  ( 47.30000000000000426, -6.000000000000000000, 36.00000000000000000 ) ) ;
#3153 = CARTESIAN_POINT ( 'NONE',  ( -40.00000000000000000, -13.99999999999999822, 41.05000000000000426 ) ) ;
#3154 = EDGE_CURVE ( 'NONE', #560, #2235, #101, .T. ) ;
#3155 = VECTOR ( 'NONE', #3910, 1000.000000000000000 ) ;
#3156 = VECTOR ( 'NONE', #4080, 1000.000000000000000 ) ;
#3157 = ADVANCED_FACE ( 'NONE', ( #2316 ), #1160, .F. ) ;
#3158 = ORIENTED_EDGE ( 'NONE', *, *, #2739, .F. ) ;
#3159 = ORIENTED_EDGE ( 'NONE', *, *, #1102, .F. ) ;
#3160 = LINE ( 'NONE', #2051, #775 ) ;
#3161 = AXIS2_PLACEMENT_3D ( 'NONE', #1812, #2605, #4401 ) ;
#3162 = FACE_OUTER_BOUND ( 'NONE', #3978, .T. ) ;
#3163 = CARTESIAN_POINT ( 'NONE',  ( 43.50000000000000000, 0.000000000000000000, -37.00000000000000000 ) ) ;
#3164 = EDGE_CURVE ( 'NONE', #1432, #2305, #1882, .T. ) ;
#3165 = CARTESIAN_POINT ( 'NONE',  ( 40.00000000000000000, -35.00000000000000000, 40.00000000000000000 ) ) ;
#3166 = ORIENTED_EDGE ( 'NONE', *, *, #2101, .T. ) ;
#3167 = ORIENTED_EDGE ( 'NONE', *, *, #1654, .F. ) ;
#3168 = DIRECTION ( 'NONE',  ( -0.000000000000000000, 1.000000000000000000, -0.000000000000000000 ) ) ;
#3169 = DIRECTION ( 'NONE',  ( 0.000000000000000000, 0.000000000000000000, 1.000000000000000000 ) ) ;
#3170 = CIRCLE ( 'NONE', #2242, 2.500000000000002220 ) ;
#3171 = LINE ( 'NONE', #4632, #655 ) ;
#3172 = CYLINDRICAL_SURFACE ( 'NONE', #1084, 2.200000000000007283 ) ;
#3173 = CARTESIAN_POINT ( 'NONE',  ( 26.00000000000000355, -35.00000000000000000, 0.000000000000000000 ) ) ;
#3174 = ORIENTED_EDGE ( 'NONE', *, *, #3214, .F. ) ;
#3175 = VERTEX_POINT ( 'NONE', #3712 ) ;
#3176 = VECTOR ( 'NONE', #2209, 1000.000000000000000 ) ;
#3177 = PLANE ( 'NONE',  #1864 ) ;
#3178 = DIRECTION ( 'NONE',  ( 1.000000000000000000, -0.000000000000000000, 1.460819769243627131E-16 ) ) ;
#3179 = VERTEX_POINT ( 'NONE', #4492 ) ;
#3180 = AXIS2_PLACEMENT_3D ( 'NONE', #1541, #2290, #3014 ) ;
#3181 = ORIENTED_EDGE ( 'NONE', *, *, #758, .T. ) ;
#3182 = VECTOR ( 'NONE', #2736, 1000.000000000000000 ) ;
#3183 = EDGE_CURVE ( 'NONE', #3313, #2206, #3259, .T. ) ;
#3184 = CARTESIAN_POINT ( 'NONE',  ( -47.49999999999998579, -15.99999999999999289, -35.00000000000000711 ) ) ;
#3185 = CARTESIAN_POINT ( 'NONE',  ( -44.49999999999999289, 0.000000000000000000, -45.75000000000000000 ) ) ;
#3186 = CIRCLE ( 'NONE', #1111, 1.250000000000001110 ) ;
#3187 = VERTEX_POINT ( 'NONE', #808 ) ;
#3188 = EDGE_CURVE ( 'NONE', #1352, #671, #1203, .T. ) ;
#3189 = CYLINDRICAL_SURFACE ( 'NONE', #3148, 2.199999999999986855 ) ;
#3190 = VECTOR ( 'NONE', #3574, 1000.000000000000000 ) ;
#3191 = DIRECTION ( 'NONE',  ( 0.000000000000000000, 0.000000000000000000, 1.000000000000000000 ) ) ;
#3192 = DIRECTION ( 'NONE',  ( 0.000000000000000000, -0.000000000000000000, 1.000000000000000000 ) ) ;
#3193 = ORIENTED_EDGE ( 'NONE', *, *, #2517, .T. ) ;
#3194 = AXIS2_PLACEMENT_3D ( 'NONE', #4625, #2802, #2077 ) ;
#3195 = ORIENTED_EDGE ( 'NONE', *, *, #2015, .F. ) ;
#3196 = ADVANCED_FACE ( 'NONE', ( #3054 ), #4134, .F. ) ;
#3197 = DIRECTION ( 'NONE',  ( 0.000000000000000000, -1.000000000000000000, 0.000000000000000000 ) ) ;
#3198 = CARTESIAN_POINT ( 'NONE',  ( -43.50000000000000711, -35.00000000000000000, 39.99999999999998579 ) ) ;
#3199 = FACE_OUTER_BOUND ( 'NONE', #997, .T. ) ;
#3200 = DIRECTION ( 'NONE',  ( 1.000000000000000000, -0.000000000000000000, -0.000000000000000000 ) ) ;
#3201 = ORIENTED_EDGE ( 'NONE', *, *, #3281, .F. ) ;
#3202 = ORIENTED_EDGE ( 'NONE', *, *, #2584, .F. ) ;
#3203 = DIRECTION ( 'NONE',  ( -1.000000000000000000, -0.000000000000000000, 1.460819769243627131E-16 ) ) ;
#3204 = DIRECTION ( 'NONE',  ( 0.000000000000000000, 0.000000000000000000, -1.000000000000000000 ) ) ;
#3205 = ORIENTED_EDGE ( 'NONE', *, *, #4708, .F. ) ;
#3206 = DIRECTION ( 'NONE',  ( 0.000000000000000000, 0.000000000000000000, 1.000000000000000000 ) ) ;
#3207 = ORIENTED_EDGE ( 'NONE', *, *, #3959, .F. ) ;
#3208 = LINE ( 'NONE', #2869, #2689 ) ;
#3209 = PLANE ( 'NONE',  #4384 ) ;
#3210 = ORIENTED_EDGE ( 'NONE', *, *, #834, .T. ) ;
#3211 = ORIENTED_EDGE ( 'NONE', *, *, #2149, .F. ) ;
#3212 = CARTESIAN_POINT ( 'NONE',  ( 40.00000000000000000, -13.99999999999999822, -1.050000000000002265 ) ) ;
#3213 = CARTESIAN_POINT ( 'NONE',  ( 44.49999999999999289, 0.000000000000000000, -44.50000000000000000 ) ) ;
#3214 = EDGE_CURVE ( 'NONE', #560, #728, #2696, .T. ) ;
#3215 = ORIENTED_EDGE ( 'NONE', *, *, #1523, .F. ) ;
#3216 = DIRECTION ( 'NONE',  ( -0.000000000000000000, 1.000000000000000000, -0.000000000000000000 ) ) ;
#3217 = CARTESIAN_POINT ( 'NONE',  ( -40.00000000000000000, -35.00000000000000000, 40.00000000000000000 ) ) ;
#3218 = DIRECTION ( 'NONE',  ( 0.000000000000000000, -1.000000000000000000, 0.000000000000000000 ) ) ;
#3219 = CARTESIAN_POINT ( 'NONE',  ( -23.99999999999998224, 55.99999999999995026, 47.50099999999999056 ) ) ;
#3220 = EDGE_CURVE ( 'NONE', #3521, #923, #506, .T. ) ;
#3221 = ORIENTED_EDGE ( 'NONE', *, *, #3922, .T. ) ;
#3222 = VERTEX_POINT ( 'NONE', #1369 ) ;
#3223 = EDGE_CURVE ( 'NONE', #3179, #2466, #1788, .T. ) ;
#3224 = DIRECTION ( 'NONE',  ( 1.460819769243627131E-16, 0.000000000000000000, 1.000000000000000000 ) ) ;
#3225 = CYLINDRICAL_SURFACE ( 'NONE', #2794, 1.050000000000002265 ) ;
#3226 = ORIENTED_EDGE ( 'NONE', *, *, #961, .F. ) ;
#3227 = DIRECTION ( 'NONE',  ( 0.000000000000000000, 0.000000000000000000, -1.000000000000000000 ) ) ;
#3228 = ADVANCED_FACE ( 'NONE', ( #3561, #2141 ), #681, .T. ) ;
#3229 = ORIENTED_EDGE ( 'NONE', *, *, #2686, .F. ) ;
#3230 = DIRECTION ( 'NONE',  ( -0.000000000000000000, 1.000000000000000000, -0.000000000000000000 ) ) ;
#3231 = VECTOR ( 'NONE', #131, 1000.000000000000000 ) ;
#3232 = DIRECTION ( 'NONE',  ( 0.000000000000000000, 1.000000000000000000, 0.000000000000000000 ) ) ;
#3233 = AXIS2_PLACEMENT_3D ( 'NONE', #3395, #4115, #4468 ) ;
#3234 = DIRECTION ( 'NONE',  ( -1.559302000878028960E-16, 0.000000000000000000, 1.000000000000000000 ) ) ;
#3235 = LINE ( 'NONE', #2876, #2929 ) ;
#3236 = CIRCLE ( 'NONE', #2233, 1.050000000000002265 ) ;
#3237 = AXIS2_PLACEMENT_3D ( 'NONE', #2904, #725, #2188 ) ;
#3238 = DIRECTION ( 'NONE',  ( -1.000000000000000000, -0.000000000000000000, -0.000000000000000000 ) ) ;
#3239 = ORIENTED_EDGE ( 'NONE', *, *, #3764, .F. ) ;
#3240 = AXIS2_PLACEMENT_3D ( 'NONE', #3498, #4242, #1666 ) ;
#3241 = CARTESIAN_POINT ( 'NONE',  ( -41.49999999999999289, -14.00000000000000000, 4.500000000000000888 ) ) ;
#3242 = CARTESIAN_POINT ( 'NONE',  ( -44.50000000000001421, -35.00000000000000000, -44.50000000000001421 ) ) ;
#3243 = EDGE_CURVE ( 'NONE', #2278, #3919, #2385, .T. ) ;
#3244 = CARTESIAN_POINT ( 'NONE',  ( -41.49999999999999289, 0.000000000000000000, 4.500000000000000888 ) ) ;
#3245 = CARTESIAN_POINT ( 'NONE',  ( -43.50000000000000000, -24.00000000000000355, -2.500000000000000000 ) ) ;
#3246 = AXIS2_PLACEMENT_3D ( 'NONE', #4674, #1741, #4234 ) ;
#3247 = ORIENTED_EDGE ( 'NONE', *, *, #1895, .T. ) ;
#3248 = EDGE_LOOP ( 'NONE', ( #1720, #2231, #1896, #552 ) ) ;
#3249 = FACE_OUTER_BOUND ( 'NONE', #4033, .T. ) ;
#3250 = VECTOR ( 'NONE', #526, 1000.000000000000000 ) ;
#3251 = ADVANCED_FACE ( 'NONE', ( #313 ), #1043, .F. ) ;
#3252 = CARTESIAN_POINT ( 'NONE',  ( -39.49999999999999289, -24.00000000000000355, -39.50000000000000000 ) ) ;
#3253 = ORIENTED_EDGE ( 'NONE', *, *, #1229, .F. ) ;
#3254 = DIRECTION ( 'NONE',  ( 0.000000000000000000, 1.000000000000000000, 0.000000000000000000 ) ) ;
#3255 = ORIENTED_EDGE ( 'NONE', *, *, #4303, .F. ) ;
#3256 = AXIS2_PLACEMENT_3D ( 'NONE', #4130, #2983, #4062 ) ;
#3257 = EDGE_CURVE ( 'NONE', #2452, #161, #3438, .T. ) ;
#3258 = CARTESIAN_POINT ( 'NONE',  ( -40.00000000000000000, -24.00000000000000355, 40.00000000000000000 ) ) ;
#3259 = CIRCLE ( 'NONE', #2870, 2.000000000000001776 ) ;
#3260 = DIRECTION ( 'NONE',  ( 0.000000000000000000, 0.000000000000000000, -1.000000000000000000 ) ) ;
#3261 = CARTESIAN_POINT ( 'NONE',  ( 26.00000000000000355, 40.00000000000000000, -47.50000000000001421 ) ) ;
#3262 = PLANE ( 'NONE',  #3393 ) ;
#3263 = AXIS2_PLACEMENT_3D ( 'NONE', #1431, #2544, #3695 ) ;
#3264 = DIRECTION ( 'NONE',  ( 0.000000000000000000, 0.000000000000000000, 1.000000000000000000 ) ) ;
#3265 = VERTEX_POINT ( 'NONE', #1972 ) ;
#3266 = VECTOR ( 'NONE', #3192, 1000.000000000000000 ) ;
#3267 = CARTESIAN_POINT ( 'NONE',  ( 46.69999999999996732, -35.00000000000000000, 44.49999999999998579 ) ) ;
#3268 = DIRECTION ( 'NONE',  ( 1.000000000000000000, 0.000000000000000000, -1.460819769243627131E-16 ) ) ;
#3269 = LINE ( 'NONE', #2226, #1485 ) ;
#3270 = CIRCLE ( 'NONE', #580, 1.050000000000002265 ) ;
#3271 = ORIENTED_EDGE ( 'NONE', *, *, #4275, .F. ) ;
#3272 = ORIENTED_EDGE ( 'NONE', *, *, #748, .T. ) ;
#3273 = DIRECTION ( 'NONE',  ( -0.000000000000000000, 1.000000000000000000, -0.000000000000000000 ) ) ;
#3274 = LINE ( 'NONE', #1105, #4627 ) ;
#3275 = VERTEX_POINT ( 'NONE', #2340 ) ;
#3276 = CARTESIAN_POINT ( 'NONE',  ( 26.00000000000000355, -1.000000000000000888, -46.50000000000001421 ) ) ;
#3277 = ORIENTED_EDGE ( 'NONE', *, *, #2626, .T. ) ;
#3278 = EDGE_CURVE ( 'NONE', #1351, #269, #3482, .T. ) ;
#3279 = CARTESIAN_POINT ( 'NONE',  ( 43.50000000000000000, -14.00000000000000000, 39.99999999999999289 ) ) ;
#3280 = CARTESIAN_POINT ( 'NONE',  ( 43.50000000000000000, -24.00000000000000355, 35.00000000000000000 ) ) ;
#3281 = EDGE_CURVE ( 'NONE', #639, #2378, #3714, .T. ) ;
#3282 = LINE ( 'NONE', #1375, #4690 ) ;
#3283 = CARTESIAN_POINT ( 'NONE',  ( 40.00000000000000000, -35.00000000000000000, 40.00000000000000000 ) ) ;
#3284 = DIRECTION ( 'NONE',  ( 1.000000000000000000, 0.000000000000000000, -1.460819769243627131E-16 ) ) ;
#3285 = EDGE_CURVE ( 'NONE', #2422, #3311, #2509, .T. ) ;
#3286 = ORIENTED_EDGE ( 'NONE', *, *, #1511, .F. ) ;
#3287 = DIRECTION ( 'NONE',  ( 0.000000000000000000, 0.000000000000000000, 1.000000000000000000 ) ) ;
#3288 = DIRECTION ( 'NONE',  ( 0.000000000000000000, -1.000000000000000000, 0.000000000000000000 ) ) ;
#3289 = ORIENTED_EDGE ( 'NONE', *, *, #449, .F. ) ;
#3290 = ORIENTED_EDGE ( 'NONE', *, *, #2917, .F. ) ;
#3291 = CARTESIAN_POINT ( 'NONE',  ( 47.30000000000000426, -16.00000000000000000, 36.00000000000000000 ) ) ;
#3292 = DIRECTION ( 'NONE',  ( 0.000000000000000000, 0.000000000000000000, -1.000000000000000000 ) ) ;
#3293 = ORIENTED_EDGE ( 'NONE', *, *, #3032, .F. ) ;
#3294 = FACE_OUTER_BOUND ( 'NONE', #1364, .T. ) ;
#3295 = EDGE_LOOP ( 'NONE', ( #3056, #2331, #362, #4598 ) ) ;
#3296 = CARTESIAN_POINT ( 'NONE',  ( -39.50000000000000000, 0.000000000000000000, -2.500000000000000000 ) ) ;
#3297 = CARTESIAN_POINT ( 'NONE',  ( 47.49999999999998579, -15.99999999999999289, -35.00000000000000711 ) ) ;
#3298 = EDGE_CURVE ( 'NONE', #1705, #1690, #1992, .T. ) ;
#3299 = ORIENTED_EDGE ( 'NONE', *, *, #1441, .T. ) ;
#3300 = LINE ( 'NONE', #1830, #3687 ) ;
#3301 = DIRECTION ( 'NONE',  ( 0.000000000000000000, 0.000000000000000000, 1.000000000000000000 ) ) ;
#3302 = ADVANCED_FACE ( 'NONE', ( #4537 ), #2723, .F. ) ;
#3303 = EDGE_CURVE ( 'NONE', #3527, #3797, #898, .T. ) ;
#3304 = LINE ( 'NONE', #4027, #1415 ) ;
#3305 = AXIS2_PLACEMENT_3D ( 'NONE', #3735, #3348, #1513 ) ;
#3306 = ORIENTED_EDGE ( 'NONE', *, *, #1363, .F. ) ;
#3307 = CARTESIAN_POINT ( 'NONE',  ( -46.50000000000000711, 0.000000000000000000, -44.50000000000001421 ) ) ;
#3308 = EDGE_CURVE ( 'NONE', #2202, #3866, #730, .T. ) ;
#3309 = FACE_OUTER_BOUND ( 'NONE', #2187, .T. ) ;
#3310 = FACE_BOUND ( 'NONE', #1820, .T. ) ;
#3311 = VERTEX_POINT ( 'NONE', #558 ) ;
#3312 = VECTOR ( 'NONE', #2920, 1000.000000000000000 ) ;
#3313 = VERTEX_POINT ( 'NONE', #4689 ) ;
#3314 = DIRECTION ( 'NONE',  ( 0.000000000000000000, -0.000000000000000000, -1.000000000000000000 ) ) ;
#3315 = CARTESIAN_POINT ( 'NONE',  ( -40.00000000000000000, -35.00000000000000000, 40.00000000000000000 ) ) ;
#3316 = ORIENTED_EDGE ( 'NONE', *, *, #2421, .T. ) ;
#3317 = DIRECTION ( 'NONE',  ( -1.000000000000000000, 0.000000000000000000, 0.000000000000000000 ) ) ;
#3318 = VERTEX_POINT ( 'NONE', #1394 ) ;
#3319 = VECTOR ( 'NONE', #385, 1000.000000000000000 ) ;
#3320 = DIRECTION ( 'NONE',  ( 0.000000000000000000, 0.000000000000000000, 1.000000000000000000 ) ) ;
#3321 = CARTESIAN_POINT ( 'NONE',  ( -39.49999999999999289, 0.000000000000000000, -39.50000000000000000 ) ) ;
#3322 = AXIS2_PLACEMENT_3D ( 'NONE', #2792, #551, #972 ) ;
#3323 = VECTOR ( 'NONE', #3728, 1000.000000000000000 ) ;
#3324 = FACE_OUTER_BOUND ( 'NONE', #4279, .T. ) ;
#3325 = FACE_OUTER_BOUND ( 'NONE', #1307, .T. ) ;
#3326 = DIRECTION ( 'NONE',  ( 0.000000000000000000, 0.000000000000000000, -1.000000000000000000 ) ) ;
#3327 = CARTESIAN_POINT ( 'NONE',  ( -47.30000000000000426, -26.00000000000000355, 34.00000000000000000 ) ) ;
#3328 = VECTOR ( 'NONE', #3766, 1000.000000000000000 ) ;
#3329 = ORIENTED_EDGE ( 'NONE', *, *, #3974, .F. ) ;
#3330 = ADVANCED_FACE ( 'NONE', ( #167 ), #1633, .T. ) ;
#3331 = CARTESIAN_POINT ( 'NONE',  ( 47.29999999999999005, -25.99999999999999645, -35.00000000000001421 ) ) ;
#3332 = AXIS2_PLACEMENT_3D ( 'NONE', #2184, #14, #355 ) ;
#3333 = DIRECTION ( 'NONE',  ( -1.858632295689437335E-16, 1.000000000000000000, 0.000000000000000000 ) ) ;
#3334 = DIRECTION ( 'NONE',  ( -1.000000000000000000, -0.000000000000000000, -1.460819769243627377E-16 ) ) ;
#3335 = DIRECTION ( 'NONE',  ( 0.000000000000000000, 0.000000000000000000, 1.000000000000000000 ) ) ;
#3336 = EDGE_LOOP ( 'NONE', ( #520, #434, #2681, #4432, #1819, #3445, #1400, #1502, #3557, #912, #2088, #1003, #3823, #2310, #148, #2762, #1198, #2902, #2951, #3504, #2973, #2656, #4038, #4639 ) ) ;
#3337 = VECTOR ( 'NONE', #2518, 1000.000000000000000 ) ;
#3338 = ORIENTED_EDGE ( 'NONE', *, *, #663, .F. ) ;
#3339 = ADVANCED_FACE ( 'NONE', ( #2746 ), #920, .F. ) ;
#3340 = PLANE ( 'NONE',  #4693 ) ;
#3341 = CIRCLE ( 'NONE', #4257, 2.000000000000000000 ) ;
#3342 = CARTESIAN_POINT ( 'NONE',  ( 35.00000000000000000, -14.00000000000000000, -43.50000000000000000 ) ) ;
#3343 = LINE ( 'NONE', #2232, #1630 ) ;
#3344 = ORIENTED_EDGE ( 'NONE', *, *, #4756, .F. ) ;
#3345 = LINE ( 'NONE', #3389, #1461 ) ;
#3346 = CARTESIAN_POINT ( 'NONE',  ( 43.50000000000000000, -24.00000000000000355, 39.99999999999999289 ) ) ;
#3347 = EDGE_LOOP ( 'NONE', ( #516, #3076, #2478, #3677 ) ) ;
#3348 = DIRECTION ( 'NONE',  ( 0.000000000000000000, -1.000000000000000000, 0.000000000000000000 ) ) ;
#3349 = CARTESIAN_POINT ( 'NONE',  ( 43.50000000000000000, 0.000000000000000000, -2.500000000000000000 ) ) ;
#3350 = CARTESIAN_POINT ( 'NONE',  ( -41.50000000000000000, -24.00000000000000355, 34.99999999999999289 ) ) ;
#3351 = LINE ( 'NONE', #785, #1563 ) ;
#3352 = ORIENTED_EDGE ( 'NONE', *, *, #1832, .F. ) ;
#3353 = DIRECTION ( 'NONE',  ( 0.000000000000000000, 0.000000000000000000, -1.000000000000000000 ) ) ;
#3354 = DIRECTION ( 'NONE',  ( 1.000000000000000000, -0.000000000000000000, 1.460819769243627131E-16 ) ) ;
#3355 = EDGE_CURVE ( 'NONE', #2281, #3814, #291, .T. ) ;
#3356 = CARTESIAN_POINT ( 'NONE',  ( -44.50000000000000000, 0.000000000000000000, 46.49999999999998579 ) ) ;
#3357 = ORIENTED_EDGE ( 'NONE', *, *, #2533, .F. ) ;
#3358 = ORIENTED_EDGE ( 'NONE', *, *, #2867, .T. ) ;
#3359 = CYLINDRICAL_SURFACE ( 'NONE', #4368, 2.500000000000002220 ) ;
#3360 = ADVANCED_FACE ( 'NONE', ( #2193 ), #1484, .F. ) ;
#3361 = CYLINDRICAL_SURFACE ( 'NONE', #4521, 1.250000000000001110 ) ;
#3362 = DIRECTION ( 'NONE',  ( 0.000000000000000000, 1.000000000000000000, 0.000000000000000000 ) ) ;
#3363 = ADVANCED_FACE ( 'NONE', ( #1107 ), #4083, .T. ) ;
#3364 = ORIENTED_EDGE ( 'NONE', *, *, #4756, .T. ) ;
#3365 = DIRECTION ( 'NONE',  ( 0.000000000000000000, 0.000000000000000000, 1.000000000000000000 ) ) ;
#3366 = CARTESIAN_POINT ( 'NONE',  ( 47.30000000000000426, -26.00000000000000355, 36.00000000000000711 ) ) ;
#3367 = EDGE_CURVE ( 'NONE', #3113, #1683, #2958, .T. ) ;
#3368 = ORIENTED_EDGE ( 'NONE', *, *, #1327, .F. ) ;
#3369 = CARTESIAN_POINT ( 'NONE',  ( 23.99999999999999645, -35.00000000000000000, -43.50000000000000000 ) ) ;
#3370 = CARTESIAN_POINT ( 'NONE',  ( -44.50000000000001421, -35.00000000000000000, 44.50000000000000000 ) ) ;
#3371 = DIRECTION ( 'NONE',  ( 0.000000000000000000, 0.000000000000000000, -1.000000000000000000 ) ) ;
#3372 = ORIENTED_EDGE ( 'NONE', *, *, #3891, .T. ) ;
#3373 = AXIS2_PLACEMENT_3D ( 'NONE', #2499, #1665, #3551 ) ;
#3374 = DIRECTION ( 'NONE',  ( 0.000000000000000000, 0.000000000000000000, -1.000000000000000000 ) ) ;
#3375 = AXIS2_PLACEMENT_3D ( 'NONE', #4170, #887, #2348 ) ;
#3376 = DIRECTION ( 'NONE',  ( 0.000000000000000000, 0.000000000000000000, -1.000000000000000000 ) ) ;
#3377 = FACE_OUTER_BOUND ( 'NONE', #3295, .T. ) ;
#3378 = EDGE_LOOP ( 'NONE', ( #2493, #1681, #1907, #2760 ) ) ;
#3379 = ORIENTED_EDGE ( 'NONE', *, *, #3009, .T. ) ;
#3380 = CIRCLE ( 'NONE', #846, 2.000000000000008882 ) ;
#3381 = ADVANCED_FACE ( 'NONE', ( #4438 ), #4057, .F. ) ;
#3382 = DIRECTION ( 'NONE',  ( -0.000000000000000000, -1.000000000000000000, 0.000000000000000000 ) ) ;
#3383 = VERTEX_POINT ( 'NONE', #4735 ) ;
#3384 = CARTESIAN_POINT ( 'NONE',  ( -44.50000000000000000, -35.00000000000000000, 46.69999999999998863 ) ) ;
#3385 = CIRCLE ( 'NONE', #1772, 3.500000000000003109 ) ;
#3386 = ORIENTED_EDGE ( 'NONE', *, *, #2959, .T. ) ;
#3387 = EDGE_CURVE ( 'NONE', #3810, #3222, #2211, .T. ) ;
#3388 = VECTOR ( 'NONE', #4727, 1000.000000000000000 ) ;
#3389 = CARTESIAN_POINT ( 'NONE',  ( -37.00000000000000000, -24.00000000000000355, 36.99999999999999289 ) ) ;
#3390 = CARTESIAN_POINT ( 'NONE',  ( -41.49999999999999289, -14.00000000000000000, -4.499999999999997335 ) ) ;
#3391 = APPLICATION_CONTEXT ( 'automotive_design' ) ;
#3392 = VERTEX_POINT ( 'NONE', #1845 ) ;
#3393 = AXIS2_PLACEMENT_3D ( 'NONE', #1403, #1786, #3665 ) ;
#3394 = EDGE_CURVE ( 'NONE', #728, #3701, #1245, .T. ) ;
#3395 = CARTESIAN_POINT ( 'NONE',  ( -39.99999999999998579, 0.000000000000000000, -39.99999999999999289 ) ) ;
#3396 = CIRCLE ( 'NONE', #4621, 2.199999999999986855 ) ;
#3397 = LINE ( 'NONE', #3036, #4702 ) ;
#3398 = ORIENTED_EDGE ( 'NONE', *, *, #3800, .F. ) ;
#3399 = CIRCLE ( 'NONE', #3634, 1.000000000000000888 ) ;
#3400 = CARTESIAN_POINT ( 'NONE',  ( -47.30000000000000426, -6.000000000000000000, 34.99999999999999289 ) ) ;
#3401 = CIRCLE ( 'NONE', #409, 3.500000000000003109 ) ;
#3402 = LINE ( 'NONE', #2344, #2342 ) ;
#3403 = FACE_OUTER_BOUND ( 'NONE', #2464, .T. ) ;
#3404 = VERTEX_POINT ( 'NONE', #2598 ) ;
#3405 = VERTEX_POINT ( 'NONE', #2907 ) ;
#3406 = DIRECTION ( 'NONE',  ( 0.000000000000000000, 0.000000000000000000, -1.000000000000000000 ) ) ;
#3407 = EDGE_LOOP ( 'NONE', ( #1250, #1711, #625, #1779 ) ) ;
#3408 = DIRECTION ( 'NONE',  ( 1.000000000000000000, -0.000000000000000000, 1.460819769243627131E-16 ) ) ;
#3409 = CIRCLE ( 'NONE', #3717, 1.000000000000000888 ) ;
#3410 = EDGE_CURVE ( 'NONE', #2793, #1438, #4039, .T. ) ;
#3411 = ORIENTED_EDGE ( 'NONE', *, *, #1205, .F. ) ;
#3412 = VERTEX_POINT ( 'NONE', #797 ) ;
#3413 = AXIS2_PLACEMENT_3D ( 'NONE', #3165, #2803, #176 ) ;
#3414 = CARTESIAN_POINT ( 'NONE',  ( -41.49999999999998579, -14.00000000000000000, -37.00000000000000000 ) ) ;
#3415 = EDGE_CURVE ( 'NONE', #4427, #1358, #771, .T. ) ;
#3416 = ORIENTED_EDGE ( 'NONE', *, *, #2747, .F. ) ;
#3417 = AXIS2_PLACEMENT_3D ( 'NONE', #399, #4359, #1408 ) ;
#3418 = FACE_OUTER_BOUND ( 'NONE', #3749, .T. ) ;
#3419 = FACE_OUTER_BOUND ( 'NONE', #1608, .T. ) ;
#3420 = EDGE_CURVE ( 'NONE', #3984, #3866, #361, .T. ) ;
#3421 = EDGE_CURVE ( 'NONE', #2504, #770, #3343, .T. ) ;
#3422 = VERTEX_POINT ( 'NONE', #1506 ) ;
#3423 = CARTESIAN_POINT ( 'NONE',  ( -46.50000000000000711, -1.000000000000000000, -44.50000000000001421 ) ) ;
#3424 = DIRECTION ( 'NONE',  ( 0.000000000000000000, 0.000000000000000000, 1.000000000000000000 ) ) ;
#3425 = EDGE_CURVE ( 'NONE', #3439, #1193, #1894, .T. ) ;
#3426 = DIRECTION ( 'NONE',  ( 0.000000000000000000, 0.000000000000000000, 1.000000000000000000 ) ) ;
#3427 = EDGE_LOOP ( 'NONE', ( #4605, #1814, #202, #1534 ) ) ;
#3428 = ORIENTED_EDGE ( 'NONE', *, *, #1070, .T. ) ;
#3429 = CARTESIAN_POINT ( 'NONE',  ( 47.50000000000000000, -36.00000000000000711, 44.49999999999998579 ) ) ;
#3430 = DIRECTION ( 'NONE',  ( -0.000000000000000000, 1.000000000000000000, -0.000000000000000000 ) ) ;
#3431 = CARTESIAN_POINT ( 'NONE',  ( -39.49999999999999289, -14.00000000000000000, -39.50000000000000000 ) ) ;
#3432 = ORIENTED_EDGE ( 'NONE', *, *, #1676, .F. ) ;
#3433 = CARTESIAN_POINT ( 'NONE',  ( 43.50000000000000000, -24.00000000000000355, -4.500000000000000888 ) ) ;
#3434 = ORIENTED_EDGE ( 'NONE', *, *, #2421, .F. ) ;
#3435 = ADVANCED_FACE ( 'NONE', ( #3294 ), #3702, .F. ) ;
#3436 = DIRECTION ( 'NONE',  ( 1.000000000000000000, 0.000000000000000000, 0.000000000000000000 ) ) ;
#3437 = CARTESIAN_POINT ( 'NONE',  ( 47.29999999999999005, -15.99999999999999289, -35.00000000000000711 ) ) ;
#3438 = LINE ( 'NONE', #2359, #2641 ) ;
#3439 = VERTEX_POINT ( 'NONE', #4366 ) ;
#3440 = ORIENTED_EDGE ( 'NONE', *, *, #1978, .F. ) ;
#3441 = ADVANCED_FACE ( 'NONE', ( #752 ), #66, .F. ) ;
#3442 = CARTESIAN_POINT ( 'NONE',  ( -35.00000000000000000, 0.000000000000000000, 41.49999999999998579 ) ) ;
#3443 = DIRECTION ( 'NONE',  ( 0.000000000000000000, 0.000000000000000000, 1.000000000000000000 ) ) ;
#3444 = DIRECTION ( 'NONE',  ( -0.000000000000000000, -1.000000000000000000, -0.000000000000000000 ) ) ;
#3445 = ORIENTED_EDGE ( 'NONE', *, *, #4743, .T. ) ;
#3446 = ORIENTED_EDGE ( 'NONE', *, *, #2768, .T. ) ;
#3447 = EDGE_CURVE ( 'NONE', #4292, #2957, #2529, .T. ) ;
#3448 = DIRECTION ( 'NONE',  ( 0.000000000000000000, 0.000000000000000000, -1.000000000000000000 ) ) ;
#3449 = AXIS2_PLACEMENT_3D ( 'NONE', #4187, #2773, #641 ) ;
#3450 = LINE ( 'NONE', #3835, #3693 ) ;
#3451 = DIRECTION ( 'NONE',  ( -0.000000000000000000, 1.000000000000000000, -0.000000000000000000 ) ) ;
#3452 = EDGE_LOOP ( 'NONE', ( #1036, #1974, #3215, #2255 ) ) ;
#3453 = AXIS2_PLACEMENT_3D ( 'NONE', #4024, #2535, #1049 ) ;
#3454 = EDGE_LOOP ( 'NONE', ( #911, #879 ) ) ;
#3455 = VECTOR ( 'NONE', #4227, 1000.000000000000000 ) ;
#3456 = CARTESIAN_POINT ( 'NONE',  ( -47.29999999999999005, -25.99999999999999645, -35.00000000000001421 ) ) ;
#3457 = ORIENTED_EDGE ( 'NONE', *, *, #4494, .F. ) ;
#3458 = ORIENTED_EDGE ( 'NONE', *, *, #1744, .T. ) ;
#3459 = VECTOR ( 'NONE', #302, 1000.000000000000000 ) ;
#3460 = DIRECTION ( 'NONE',  ( -0.000000000000000000, 1.000000000000000000, -0.000000000000000000 ) ) ;
#3461 = CARTESIAN_POINT ( 'NONE',  ( -23.99999999999998579, -35.00000000000000000, -43.50000000000000000 ) ) ;
#3462 = CIRCLE ( 'NONE', #940, 2.500000000000002220 ) ;
#3463 = DIRECTION ( 'NONE',  ( -0.000000000000000000, 1.000000000000000000, -0.000000000000000000 ) ) ;
#3464 = VERTEX_POINT ( 'NONE', #3276 ) ;
#3465 = ORIENTED_EDGE ( 'NONE', *, *, #1048, .F. ) ;
#3466 = VECTOR ( 'NONE', #2413, 1000.000000000000000 ) ;
#3467 = CARTESIAN_POINT ( 'NONE',  ( 44.49999999999998579, -36.00000000000000711, -44.50000000000001421 ) ) ;
#3468 = DIRECTION ( 'NONE',  ( 0.000000000000000000, 1.000000000000000000, 0.000000000000000000 ) ) ;
#3469 = CARTESIAN_POINT ( 'NONE',  ( -35.00000000000000000, -14.00000000000000000, 41.49999999999998579 ) ) ;
#3470 = CIRCLE ( 'NONE', #1784, 1.050000000000002265 ) ;
#3471 = EDGE_CURVE ( 'NONE', #2227, #3383, #2552, .T. ) ;
#3472 = VERTEX_POINT ( 'NONE', #1621 ) ;
#3473 = EDGE_LOOP ( 'NONE', ( #1141, #475, #3293, #2989 ) ) ;
#3474 = LINE ( 'NONE', #1745, #2610 ) ;
#3475 = AXIS2_PLACEMENT_3D ( 'NONE', #75, #4470, #1187 ) ;
#3476 = CARTESIAN_POINT ( 'NONE',  ( 37.00000000000000000, 0.000000000000000000, -43.50000000000000000 ) ) ;
#3477 = LINE ( 'NONE', #597, #2573 ) ;
#3478 = CARTESIAN_POINT ( 'NONE',  ( -44.50000000000001421, 0.000000000000000000, 45.75000000000000000 ) ) ;
#3479 = CARTESIAN_POINT ( 'NONE',  ( -47.30000000000000426, -26.00000000000000355, 34.00000000000000000 ) ) ;
#3480 = EDGE_CURVE ( 'NONE', #495, #1016, #4713, .T. ) ;
#3481 = ORIENTED_EDGE ( 'NONE', *, *, #4094, .T. ) ;
#3482 = CIRCLE ( 'NONE', #3867, 1.050000000000002265 ) ;
#3483 = EDGE_LOOP ( 'NONE', ( #4584, #1802, #2387, #2483 ) ) ;
#3484 = AXIS2_PLACEMENT_3D ( 'NONE', #857, #1254, #2730 ) ;
#3485 = DIRECTION ( 'NONE',  ( 0.000000000000000000, 0.000000000000000000, -1.000000000000000000 ) ) ;
#3486 = ORIENTED_EDGE ( 'NONE', *, *, #2336, .T. ) ;
#3487 = ORIENTED_EDGE ( 'NONE', *, *, #1769, .F. ) ;
#3488 = VECTOR ( 'NONE', #2420, 1000.000000000000000 ) ;
#3489 = FACE_BOUND ( 'NONE', #1575, .T. ) ;
#3490 = LINE ( 'NONE', #4021, #3319 ) ;
#3491 = EDGE_LOOP ( 'NONE', ( #3210, #4079 ) ) ;
#3492 = ORIENTED_EDGE ( 'NONE', *, *, #3922, .F. ) ;
#3493 = LINE ( 'NONE', #589, #1780 ) ;
#3494 = CARTESIAN_POINT ( 'NONE',  ( -47.30000000000000426, -6.000000000000000000, 34.99999999999999289 ) ) ;
#3495 = VERTEX_POINT ( 'NONE', #4459 ) ;
#3496 = ORIENTED_EDGE ( 'NONE', *, *, #1019, .T. ) ;
#3497 = CARTESIAN_POINT ( 'NONE',  ( -44.50000000000001421, 0.000000000000000000, 44.50000000000000000 ) ) ;
#3498 = CARTESIAN_POINT ( 'NONE',  ( 47.50000000000000000, -26.00000000000000355, 35.00000000000000000 ) ) ;
#3499 = EDGE_CURVE ( 'NONE', #1324, #866, #1214, .T. ) ;
#3500 = PLANE ( 'NONE',  #2880 ) ;
#3501 = CARTESIAN_POINT ( 'NONE',  ( -46.70000000000000995, -36.00000000000000711, -44.50000000000001421 ) ) ;
#3502 = CARTESIAN_POINT ( 'NONE',  ( 43.50000000000000000, 0.000000000000000000, 39.99999999999999289 ) ) ;
#3503 = ORIENTED_EDGE ( 'NONE', *, *, #3421, .F. ) ;
#3504 = ORIENTED_EDGE ( 'NONE', *, *, #1911, .T. ) ;
#3505 = CARTESIAN_POINT ( 'NONE',  ( 47.30000000000000426, -26.00000000000000355, 34.00000000000000000 ) ) ;
#3506 = EDGE_CURVE ( 'NONE', #1728, #1586, #116, .T. ) ;
#3507 = LINE ( 'NONE', #991, #1937 ) ;
#3508 = EDGE_CURVE ( 'NONE', #2025, #20, #4147, .T. ) ;
#3509 = VERTEX_POINT ( 'NONE', #4524 ) ;
#3510 = VERTEX_POINT ( 'NONE', #3027 ) ;
#3511 = EDGE_CURVE ( 'NONE', #4223, #2287, #4109, .T. ) ;
#3512 = CARTESIAN_POINT ( 'NONE',  ( 39.99999999999999289, 0.000000000000000000, 39.99999999999999289 ) ) ;
#3513 = DIRECTION ( 'NONE',  ( 0.000000000000000000, 0.000000000000000000, 1.000000000000000000 ) ) ;
#3514 = VERTEX_POINT ( 'NONE', #4195 ) ;
#3515 = ORIENTED_EDGE ( 'NONE', *, *, #2132, .T. ) ;
#3516 = CYLINDRICAL_SURFACE ( 'NONE', #314, 2.200000000000000622 ) ;
#3517 = DIRECTION ( 'NONE',  ( 0.000000000000000000, 0.000000000000000000, 1.000000000000000000 ) ) ;
#3518 = PLANE ( 'NONE',  #664 ) ;
#3519 = DIRECTION ( 'NONE',  ( 0.000000000000000000, 0.000000000000000000, -1.000000000000000000 ) ) ;
#3520 = EDGE_LOOP ( 'NONE', ( #1700, #4412 ) ) ;
#3521 = VERTEX_POINT ( 'NONE', #185 ) ;
#3522 = CYLINDRICAL_SURFACE ( 'NONE', #2534, 1.000000000000000888 ) ;
#3523 = LINE ( 'NONE', #1767, #1083 ) ;
#3524 = LINE ( 'NONE', #2112, #30 ) ;
#3525 = LINE ( 'NONE', #3140, #1463 ) ;
#3526 = FACE_OUTER_BOUND ( 'NONE', #2704, .T. ) ;
#3527 = VERTEX_POINT ( 'NONE', #499 ) ;
#3528 = ORIENTED_EDGE ( 'NONE', *, *, #4036, .F. ) ;
#3529 = AXIS2_PLACEMENT_3D ( 'NONE', #1124, #358, #1821 ) ;
#3530 = DIRECTION ( 'NONE',  ( -0.000000000000000000, 1.000000000000000000, -0.000000000000000000 ) ) ;
#3531 = CARTESIAN_POINT ( 'NONE',  ( -43.50000000000000711, -14.00000000000000000, 37.00000000000000000 ) ) ;
#3532 = ORIENTED_EDGE ( 'NONE', *, *, #2943, .T. ) ;
#3533 = AXIS2_PLACEMENT_3D ( 'NONE', #874, #4424, #1561 ) ;
#3534 = VERTEX_POINT ( 'NONE', #1984 ) ;
#3535 = EDGE_CURVE ( 'NONE', #2178, #3049, #3789, .T. ) ;
#3536 = AXIS2_PLACEMENT_3D ( 'NONE', #1603, #3819, #3876 ) ;
#3537 = CARTESIAN_POINT ( 'NONE',  ( 44.49999999999998579, 0.000000000000000000, -44.50000000000001421 ) ) ;
#3538 = DIRECTION ( 'NONE',  ( 0.000000000000000000, 0.000000000000000000, -1.000000000000000000 ) ) ;
#3539 = VECTOR ( 'NONE', #4003, 1000.000000000000000 ) ;
#3540 = AXIS2_PLACEMENT_3D ( 'NONE', #4437, #909, #498 ) ;
#3541 = EDGE_CURVE ( 'NONE', #187, #1200, #3094, .T. ) ;
#3542 = ORIENTED_EDGE ( 'NONE', *, *, #3630, .F. ) ;
#3543 = VERTEX_POINT ( 'NONE', #3384 ) ;
#3544 = CARTESIAN_POINT ( 'NONE',  ( -47.29999999999999005, -25.99999999999999645, -36.00000000000002132 ) ) ;
#3545 = VECTOR ( 'NONE', #1639, 1000.000000000000000 ) ;
#3546 = CARTESIAN_POINT ( 'NONE',  ( -43.50000000000000711, -24.00000000000000355, 43.49999999999998579 ) ) ;
#3547 = DIRECTION ( 'NONE',  ( 1.000000000000000000, 0.000000000000000000, -0.000000000000000000 ) ) ;
#3548 = VERTEX_POINT ( 'NONE', #4552 ) ;
#3549 = AXIS2_PLACEMENT_3D ( 'NONE', #3297, #1113, #2583 ) ;
#3550 = ORIENTED_EDGE ( 'NONE', *, *, #2674, .T. ) ;
#3551 = DIRECTION ( 'NONE',  ( 0.000000000000000000, 0.000000000000000000, 1.000000000000000000 ) ) ;
#3552 = LINE ( 'NONE', #260, #4306 ) ;
#3553 = CIRCLE ( 'NONE', #1551, 2.500000000000000000 ) ;
#3554 = DIRECTION ( 'NONE',  ( 0.000000000000000000, -1.000000000000000000, 0.000000000000000000 ) ) ;
#3555 = PLANE ( 'NONE',  #267 ) ;
#3556 = ORIENTED_EDGE ( 'NONE', *, *, #4094, .F. ) ;
#3557 = ORIENTED_EDGE ( 'NONE', *, *, #4181, .T. ) ;
#3558 = CIRCLE ( 'NONE', #2330, 1.050000000000002265 ) ;
#3559 = DIRECTION ( 'NONE',  ( 0.000000000000000000, -1.000000000000000000, 0.000000000000000000 ) ) ;
#3560 = VERTEX_POINT ( 'NONE', #2012 ) ;
#3561 = FACE_OUTER_BOUND ( 'NONE', #2968, .T. ) ;
#3562 = AXIS2_PLACEMENT_3D ( 'NONE', #3747, #2667, #155 ) ;
#3563 = ORIENTED_EDGE ( 'NONE', *, *, #2396, .F. ) ;
#3564 = DIRECTION ( 'NONE',  ( 0.000000000000000000, -1.000000000000000000, 0.000000000000000000 ) ) ;
#3565 = DIRECTION ( 'NONE',  ( 0.000000000000000000, 0.000000000000000000, -1.000000000000000000 ) ) ;
#3566 = EDGE_CURVE ( 'NONE', #4263, #3841, #3048, .T. ) ;
#3567 = ORIENTED_EDGE ( 'NONE', *, *, #4153, .T. ) ;
#3568 = DIRECTION ( 'NONE',  ( 1.000000000000000000, -0.000000000000000000, 1.460819769243627131E-16 ) ) ;
#3569 = VECTOR ( 'NONE', #3935, 1000.000000000000000 ) ;
#3570 = DIRECTION ( 'NONE',  ( -1.559302000878028960E-16, 0.000000000000000000, 1.000000000000000000 ) ) ;
#3571 = ADVANCED_FACE ( 'NONE', ( #4484 ), #1197, .F. ) ;
#3572 = DIRECTION ( 'NONE',  ( 0.000000000000000000, 0.000000000000000000, 1.000000000000000000 ) ) ;
#3573 = ADVANCED_FACE ( 'NONE', ( #2644 ), #448, .F. ) ;
#3574 = DIRECTION ( 'NONE',  ( 0.000000000000000000, -1.000000000000000000, 0.000000000000000000 ) ) ;
#3575 = ORIENTED_EDGE ( 'NONE', *, *, #3596, .T. ) ;
#3576 =( GEOMETRIC_REPRESENTATION_CONTEXT ( 3 ) GLOBAL_UNCERTAINTY_ASSIGNED_CONTEXT ( ( #643 ) ) GLOBAL_UNIT_ASSIGNED_CONTEXT ( ( #1611, #3934, #4651 ) ) REPRESENTATION_CONTEXT ( 'NONE', 'WORKASPACE' ) );
#3577 = LINE ( 'NONE', #3598, #3155 ) ;
#3578 = EDGE_CURVE ( 'NONE', #3898, #4292, #2796, .T. ) ;
#3579 = PLANE ( 'NONE',  #2718 ) ;
#3580 = LINE ( 'NONE', #4245, #4547 ) ;
#3581 = EDGE_LOOP ( 'NONE', ( #548, #3272 ) ) ;
#3582 = ORIENTED_EDGE ( 'NONE', *, *, #1569, .T. ) ;
#3583 = PLANE ( 'NONE',  #2636 ) ;
#3584 = DIRECTION ( 'NONE',  ( 0.000000000000000000, 0.000000000000000000, -1.000000000000000000 ) ) ;
#3585 = ORIENTED_EDGE ( 'NONE', *, *, #1216, .F. ) ;
#3586 = DIRECTION ( 'NONE',  ( 0.000000000000000000, 0.000000000000000000, -1.000000000000000000 ) ) ;
#3587 = ORIENTED_EDGE ( 'NONE', *, *, #2768, .F. ) ;
#3588 = LINE ( 'NONE', #733, #626 ) ;
#3589 = FACE_OUTER_BOUND ( 'NONE', #682, .T. ) ;
#3590 = VERTEX_POINT ( 'NONE', #519 ) ;
#3591 = EDGE_CURVE ( 'NONE', #3794, #287, #2946, .T. ) ;
#3592 = PLANE ( 'NONE',  #4070 ) ;
#3593 = DIRECTION ( 'NONE',  ( 0.000000000000000000, 0.000000000000000000, -1.000000000000000000 ) ) ;
#3594 = CARTESIAN_POINT ( 'NONE',  ( -47.50000000000001421, -1.000000000000000000, -44.50000000000001421 ) ) ;
#3595 = ORIENTED_EDGE ( 'NONE', *, *, #4208, .T. ) ;
#3596 = EDGE_CURVE ( 'NONE', #1146, #3464, #2374, .T. ) ;
#3597 = CARTESIAN_POINT ( 'NONE',  ( -39.50000000000000000, -24.00000000000000355, 36.99999999999999289 ) ) ;
#3598 = CARTESIAN_POINT ( 'NONE',  ( 46.50000000000000000, -1.000000000000000000, 44.49999999999998579 ) ) ;
#3599 = CARTESIAN_POINT ( 'NONE',  ( -26.00000000000000000, -36.00000000000001421, -47.50000000000001421 ) ) ;
#3600 = LINE ( 'NONE', #304, #3024 ) ;
#3601 = ORIENTED_EDGE ( 'NONE', *, *, #2029, .T. ) ;
#3602 = ORIENTED_EDGE ( 'NONE', *, *, #103, .F. ) ;
#3603 = EDGE_CURVE ( 'NONE', #4186, #2813, #3068, .T. ) ;
#3604 = DIRECTION ( 'NONE',  ( -1.000000000000000000, 0.000000000000000000, -0.000000000000000000 ) ) ;
#3605 = DIRECTION ( 'NONE',  ( 0.000000000000000000, 0.000000000000000000, -1.000000000000000000 ) ) ;
#3606 = ORIENTED_EDGE ( 'NONE', *, *, #2127, .T. ) ;
#3607 = DIRECTION ( 'NONE',  ( 0.000000000000000000, 0.000000000000000000, 1.000000000000000000 ) ) ;
#3608 = ORIENTED_EDGE ( 'NONE', *, *, #1180, .F. ) ;
#3609 = DIRECTION ( 'NONE',  ( 0.000000000000000000, 0.000000000000000000, -1.000000000000000000 ) ) ;
#3610 = AXIS2_PLACEMENT_3D ( 'NONE', #2733, #3763, #470 ) ;
#3611 = CARTESIAN_POINT ( 'NONE',  ( -39.99999999999998579, -14.00000000000000000, -43.50000000000000000 ) ) ;
#3612 = VECTOR ( 'NONE', #3994, 1000.000000000000000 ) ;
#3613 = DIRECTION ( 'NONE',  ( -1.000000000000000000, 0.000000000000000000, -0.000000000000000000 ) ) ;
#3614 = DIRECTION ( 'NONE',  ( 0.000000000000000000, 1.000000000000000000, -0.000000000000000000 ) ) ;
#3615 = AXIS2_PLACEMENT_3D ( 'NONE', #1131, #69, #3365 ) ;
#3616 = AXIS2_PLACEMENT_3D ( 'NONE', #3791, #232, #4244 ) ;
#3617 = CARTESIAN_POINT ( 'NONE',  ( -43.49999999999999289, 0.000000000000000000, -37.00000000000000000 ) ) ;
#3618 = EDGE_LOOP ( 'NONE', ( #4362, #2210, #2261, #587, #3193, #1899, #539, #4518 ) ) ;
#3619 = CIRCLE ( 'NONE', #2163, 1.000000000000000888 ) ;
#3620 = FACE_OUTER_BOUND ( 'NONE', #3857, .T. ) ;
#3621 = CARTESIAN_POINT ( 'NONE',  ( 35.00000000000000000, -14.00000000000000000, 41.49999999999999289 ) ) ;
#3622 = FACE_OUTER_BOUND ( 'NONE', #3618, .T. ) ;
#3623 = EDGE_CURVE ( 'NONE', #2422, #2680, #1649, .T. ) ;
#3624 = DIRECTION ( 'NONE',  ( 0.000000000000000000, -1.000000000000000000, 0.000000000000000000 ) ) ;
#3625 = CIRCLE ( 'NONE', #859, 2.000000000000001776 ) ;
#3626 = EDGE_LOOP ( 'NONE', ( #2524, #4178, #476, #4749 ) ) ;
#3627 = CARTESIAN_POINT ( 'NONE',  ( -35.00000000000000000, -14.00000000000000000, 43.49999999999999289 ) ) ;
#3628 = VECTOR ( 'NONE', #346, 1000.000000000000000 ) ;
#3629 = CARTESIAN_POINT ( 'NONE',  ( -47.50000000000000000, -6.000000000000000000, 34.99999999999999289 ) ) ;
#3630 = EDGE_CURVE ( 'NONE', #4458, #3313, #1914, .T. ) ;
#3631 = VERTEX_POINT ( 'NONE', #2812 ) ;
#3632 = DIRECTION ( 'NONE',  ( -1.000000000000000000, 0.000000000000000000, 0.000000000000000000 ) ) ;
#3633 = EDGE_LOOP ( 'NONE', ( #1291, #3205, #3788, #929 ) ) ;
#3634 = AXIS2_PLACEMENT_3D ( 'NONE', #1626, #3124, #4582 ) ;
#3635 = DIRECTION ( 'NONE',  ( 0.000000000000000000, 1.000000000000000000, 0.000000000000000000 ) ) ;
#3636 = AXIS2_PLACEMENT_3D ( 'NONE', #4345, #1755, #3227 ) ;
#3637 = LINE ( 'NONE', #319, #4314 ) ;
#3638 = EDGE_CURVE ( 'NONE', #722, #3187, #4326, .T. ) ;
#3639 = AXIS2_PLACEMENT_3D ( 'NONE', #3942, #4604, #3964 ) ;
#3640 = LINE ( 'NONE', #2218, #384 ) ;
#3641 = CARTESIAN_POINT ( 'NONE',  ( 47.50000000000000000, -35.00000000000000000, 44.49999999999998579 ) ) ;
#3642 = AXIS2_PLACEMENT_3D ( 'NONE', #4102, #883, #2702 ) ;
#3643 = CARTESIAN_POINT ( 'NONE',  ( 47.30000000000000426, -16.00000000000000000, 34.99999999999999289 ) ) ;
#3644 = VERTEX_POINT ( 'NONE', #233 ) ;
#3645 = VECTOR ( 'NONE', #3855, 1000.000000000000000 ) ;
#3646 = CARTESIAN_POINT ( 'NONE',  ( 47.49999999999998579, -25.99999999999999645, -35.00000000000001421 ) ) ;
#3647 = DIRECTION ( 'NONE',  ( -0.000000000000000000, -0.000000000000000000, 1.000000000000000000 ) ) ;
#3648 = DIRECTION ( 'NONE',  ( 0.000000000000000000, -0.000000000000000000, -1.000000000000000000 ) ) ;
#3649 = VECTOR ( 'NONE', #59, 1000.000000000000000 ) ;
#3650 = ORIENTED_EDGE ( 'NONE', *, *, #2575, .F. ) ;
#3651 = EDGE_LOOP ( 'NONE', ( #2613, #2731, #1347, #835 ) ) ;
#3652 = ADVANCED_FACE ( 'NONE', ( #3912 ), #675, .F. ) ;
#3653 = DIRECTION ( 'NONE',  ( -0.000000000000000000, 1.000000000000000000, -0.000000000000000000 ) ) ;
#3654 = DIRECTION ( 'NONE',  ( -1.000000000000000000, 0.000000000000000000, 1.559302000878028960E-16 ) ) ;
#3655 = ORIENTED_EDGE ( 'NONE', *, *, #1257, .F. ) ;
#3656 = DIRECTION ( 'NONE',  ( 1.000000000000000000, -0.000000000000000000, -1.460819769243627377E-16 ) ) ;
#3657 = ORIENTED_EDGE ( 'NONE', *, *, #1044, .F. ) ;
#3658 = EDGE_CURVE ( 'NONE', #2126, #2041, #3600, .T. ) ;
#3659 = ADVANCED_FACE ( 'NONE', ( #2039, #650 ), #3555, .F. ) ;
#3660 = CARTESIAN_POINT ( 'NONE',  ( 40.00000000000000000, -35.00000000000000000, 0.000000000000000000 ) ) ;
#3661 = CARTESIAN_POINT ( 'NONE',  ( -47.29999999999999005, -5.999999999999991118, -36.00000000000001421 ) ) ;
#3662 = ORIENTED_EDGE ( 'NONE', *, *, #1739, .F. ) ;
#3663 = EDGE_CURVE ( 'NONE', #2126, #1146, #3871, .T. ) ;
#3664 = DIRECTION ( 'NONE',  ( 0.000000000000000000, 0.000000000000000000, -1.000000000000000000 ) ) ;
#3665 = DIRECTION ( 'NONE',  ( 1.460819769243627131E-16, 0.000000000000000000, -1.000000000000000000 ) ) ;
#3666 = CARTESIAN_POINT ( 'NONE',  ( 47.30000000000000426, -26.00000000000000355, 35.00000000000000000 ) ) ;
#3667 = ORIENTED_EDGE ( 'NONE', *, *, #1018, .T. ) ;
#3668 = FACE_OUTER_BOUND ( 'NONE', #2109, .T. ) ;
#3669 = CARTESIAN_POINT ( 'NONE',  ( 43.50000000000000000, -14.00000000000000000, -34.99999999999999289 ) ) ;
#3670 = DIRECTION ( 'NONE',  ( 1.000000000000000000, 0.000000000000000000, -0.000000000000000000 ) ) ;
#3671 = ORIENTED_EDGE ( 'NONE', *, *, #4415, .F. ) ;
#3672 = ORIENTED_EDGE ( 'NONE', *, *, #1917, .F. ) ;
#3673 = CARTESIAN_POINT ( 'NONE',  ( 43.50000000000000000, 0.000000000000000000, -39.99999999999999289 ) ) ;
#3674 = ORIENTED_EDGE ( 'NONE', *, *, #3591, .T. ) ;
#3675 = CARTESIAN_POINT ( 'NONE',  ( 41.49999999999999289, -14.00000000000000000, -4.500000000000000888 ) ) ;
#3676 = ORIENTED_EDGE ( 'NONE', *, *, #2686, .T. ) ;
#3677 = ORIENTED_EDGE ( 'NONE', *, *, #3154, .F. ) ;
#3678 = DIRECTION ( 'NONE',  ( -0.000000000000000000, 1.000000000000000000, -0.000000000000000000 ) ) ;
#3679 = DIRECTION ( 'NONE',  ( 1.000000000000000000, 0.000000000000000000, 0.000000000000000000 ) ) ;
#3680 = EDGE_CURVE ( 'NONE', #958, #3089, #624, .T. ) ;
#3681 = CIRCLE ( 'NONE', #3375, 1.250000000000001110 ) ;
#3682 = DIRECTION ( 'NONE',  ( 0.000000000000000000, 0.000000000000000000, -1.000000000000000000 ) ) ;
#3683 = CARTESIAN_POINT ( 'NONE',  ( -39.50000000000000000, -14.00000000000000000, 39.49999999999999289 ) ) ;
#3684 = CARTESIAN_POINT ( 'NONE',  ( -39.50000000000000000, -14.00000000000000000, 36.99999999999999289 ) ) ;
#3685 = EDGE_CURVE ( 'NONE', #3023, #77, #2952, .T. ) ;
#3686 = DIRECTION ( 'NONE',  ( -1.000000000000000000, 0.000000000000000000, 0.000000000000000000 ) ) ;
#3687 = VECTOR ( 'NONE', #3682, 1000.000000000000000 ) ;
#3688 = EDGE_CURVE ( 'NONE', #1847, #2278, #4268, .T. ) ;
#3689 = ORIENTED_EDGE ( 'NONE', *, *, #97, .F. ) ;
#3690 = CARTESIAN_POINT ( 'NONE',  ( -39.50000000000000000, -24.00000000000000355, 2.500000000000000000 ) ) ;
#3691 = AXIS2_PLACEMENT_3D ( 'NONE', #1464, #318, #2143 ) ;
#3692 = CARTESIAN_POINT ( 'NONE',  ( 43.50000000000000000, -35.00000000000000000, 37.00000000000000711 ) ) ;
#3693 = VECTOR ( 'NONE', #545, 1000.000000000000000 ) ;
#3694 = DIRECTION ( 'NONE',  ( 0.000000000000000000, 0.000000000000000000, 1.000000000000000000 ) ) ;
#3695 = DIRECTION ( 'NONE',  ( 0.000000000000000000, 0.000000000000000000, -1.000000000000000000 ) ) ;
#3696 = ORIENTED_EDGE ( 'NONE', *, *, #2950, .F. ) ;
#3697 = AXIS2_PLACEMENT_3D ( 'NONE', #2565, #2969, #372 ) ;
#3698 = ORIENTED_EDGE ( 'NONE', *, *, #4517, .F. ) ;
#3699 = DIRECTION ( 'NONE',  ( -6.195440985631456550E-17, -1.000000000000000000, 9.660563525216877563E-33 ) ) ;
#3700 = CIRCLE ( 'NONE', #1163, 3.500000000000003109 ) ;
#3701 = VERTEX_POINT ( 'NONE', #1035 ) ;
#3702 = CYLINDRICAL_SURFACE ( 'NONE', #2492, 2.000000000000001776 ) ;
#3703 = VERTEX_POINT ( 'NONE', #987 ) ;
#3704 = AXIS2_PLACEMENT_3D ( 'NONE', #4644, #2100, #3565 ) ;
#3705 = CARTESIAN_POINT ( 'NONE',  ( -25.99999999999999645, -35.00000000000000000, -46.70000000000002416 ) ) ;
#3706 = DIRECTION ( 'NONE',  ( 0.000000000000000000, -1.000000000000000000, 0.000000000000000000 ) ) ;
#3707 = AXIS2_PLACEMENT_3D ( 'NONE', #4665, #656, #4343 ) ;
#3708 = AXIS2_PLACEMENT_3D ( 'NONE', #3252, #1801, #3584 ) ;
#3709 = ADVANCED_FACE ( 'NONE', ( #1669 ), #2113, .T. ) ;
#3710 = DIRECTION ( 'NONE',  ( 0.000000000000000000, 0.000000000000000000, 1.000000000000000000 ) ) ;
#3711 = DIRECTION ( 'NONE',  ( 0.000000000000000000, -1.000000000000000000, 0.000000000000000000 ) ) ;
#3712 = CARTESIAN_POINT ( 'NONE',  ( -44.50000000000000000, -1.000000000000000000, 46.49999999999998579 ) ) ;
#3713 = FACE_OUTER_BOUND ( 'NONE', #3427, .T. ) ;
#3714 = CIRCLE ( 'NONE', #1556, 1.050000000000002265 ) ;
#3715 = VERTEX_POINT ( 'NONE', #3502 ) ;
#3716 = EDGE_CURVE ( 'NONE', #1675, #2079, #3580, .T. ) ;
#3717 = AXIS2_PLACEMENT_3D ( 'NONE', #4516, #465, #2276 ) ;
#3718 = CARTESIAN_POINT ( 'NONE',  ( 23.99999999999998224, 55.99999999999995026, 47.50099999999999056 ) ) ;
#3719 = EDGE_CURVE ( 'NONE', #2287, #3069, #1487, .T. ) ;
#3720 = CARTESIAN_POINT ( 'NONE',  ( 37.00000000000000000, 0.000000000000000000, -43.50000000000000000 ) ) ;
#3721 = FACE_BOUND ( 'NONE', #2725, .T. ) ;
#3722 = ORIENTED_EDGE ( 'NONE', *, *, #2216, .F. ) ;
#3723 = CIRCLE ( 'NONE', #417, 2.000000000000001776 ) ;
#3724 = ORIENTED_EDGE ( 'NONE', *, *, #4016, .F. ) ;
#3725 = EDGE_CURVE ( 'NONE', #1023, #2580, #285, .T. ) ;
#3726 = FACE_OUTER_BOUND ( 'NONE', #2944, .T. ) ;
#3727 = PRODUCT_DEFINITION_FORMATION_WITH_SPECIFIED_SOURCE ( 'ANY', '', #1826, .NOT_KNOWN. ) ;
#3728 = DIRECTION ( 'NONE',  ( 0.000000000000000000, 0.000000000000000000, -1.000000000000000000 ) ) ;
#3729 = ORIENTED_EDGE ( 'NONE', *, *, #2336, .F. ) ;
#3730 = DIRECTION ( 'NONE',  ( -0.000000000000000000, 0.000000000000000000, -1.000000000000000000 ) ) ;
#3731 = VERTEX_POINT ( 'NONE', #1362 ) ;
#3732 = DIRECTION ( 'NONE',  ( 0.000000000000000000, 0.000000000000000000, -1.000000000000000000 ) ) ;
#3733 = LINE ( 'NONE', #2669, #2866 ) ;
#3734 = ORIENTED_EDGE ( 'NONE', *, *, #2807, .T. ) ;
#3735 = CARTESIAN_POINT ( 'NONE',  ( 41.49999999999999289, -14.00000000000000000, -34.99999999999999289 ) ) ;
#3736 = DIRECTION ( 'NONE',  ( 0.000000000000000000, 0.000000000000000000, 1.000000000000000000 ) ) ;
#3737 = EDGE_CURVE ( 'NONE', #2634, #2684, #1748, .T. ) ;
#3738 = ORIENTED_EDGE ( 'NONE', *, *, #3916, .F. ) ;
#3739 = CARTESIAN_POINT ( 'NONE',  ( -44.50000000000001421, -35.00000000000000000, -44.50000000000001421 ) ) ;
#3740 = DIRECTION ( 'NONE',  ( -1.460819769243627131E-16, 0.000000000000000000, -1.000000000000000000 ) ) ;
#3741 = CARTESIAN_POINT ( 'NONE',  ( 47.49999999999998579, -25.99999999999999645, -34.00000000000001421 ) ) ;
#3742 = ADVANCED_FACE ( 'NONE', ( #3893 ), #1313, .F. ) ;
#3743 = ORIENTED_EDGE ( 'NONE', *, *, #453, .T. ) ;
#3744 = ORIENTED_EDGE ( 'NONE', *, *, #2301, .F. ) ;
#3745 = CARTESIAN_POINT ( 'NONE',  ( -37.00000000000000711, 0.000000000000000000, 43.49999999999999289 ) ) ;
#3746 = DIRECTION ( 'NONE',  ( 0.000000000000000000, 0.000000000000000000, -1.000000000000000000 ) ) ;
#3747 = CARTESIAN_POINT ( 'NONE',  ( -47.30000000000000426, -16.00000000000000000, 34.99999999999999289 ) ) ;
#3748 = ADVANCED_FACE ( 'NONE', ( #3526 ), #4682, .F. ) ;
#3749 = EDGE_LOOP ( 'NONE', ( #1008, #1656, #1635, #568 ) ) ;
#3750 = LINE ( 'NONE', #3005, #2919 ) ;
#3751 = CARTESIAN_POINT ( 'NONE',  ( 46.50000000000000000, 0.000000000000000000, 44.49999999999998579 ) ) ;
#3752 = ORIENTED_EDGE ( 'NONE', *, *, #2912, .F. ) ;
#3753 = CARTESIAN_POINT ( 'NONE',  ( -41.49999999999999289, -24.00000000000000355, -4.499999999999997335 ) ) ;
#3754 = CARTESIAN_POINT ( 'NONE',  ( -40.00000000000000000, -24.00000000000000355, 0.000000000000000000 ) ) ;
#3755 = VERTEX_POINT ( 'NONE', #2856 ) ;
#3756 = AXIS2_PLACEMENT_3D ( 'NONE', #2997, #1909, #2682 ) ;
#3757 = CARTESIAN_POINT ( 'NONE',  ( 40.00000000000000000, -13.99999999999999822, 41.05000000000000426 ) ) ;
#3758 = DIRECTION ( 'NONE',  ( 0.000000000000000000, 0.000000000000000000, -1.000000000000000000 ) ) ;
#3759 = PLANE ( 'NONE',  #1182 ) ;
#3760 = EDGE_LOOP ( 'NONE', ( #4297, #1069, #522, #2691 ) ) ;
#3761 = ORIENTED_EDGE ( 'NONE', *, *, #2300, .F. ) ;
#3762 = CIRCLE ( 'NONE', #3691, 2.000000000000001776 ) ;
#3763 = DIRECTION ( 'NONE',  ( 1.000000000000000000, -0.000000000000000000, 1.460819769243627131E-16 ) ) ;
#3764 = EDGE_CURVE ( 'NONE', #830, #2640, #3269, .T. ) ;
#3765 = ORIENTED_EDGE ( 'NONE', *, *, #1109, .T. ) ;
#3766 = DIRECTION ( 'NONE',  ( -1.000000000000000000, 0.000000000000000000, 1.559302000878028960E-16 ) ) ;
#3767 = VECTOR ( 'NONE', #439, 1000.000000000000000 ) ;
#3768 = AXIS2_PLACEMENT_3D ( 'NONE', #2549, #2955, #377 ) ;
#3769 = ORIENTED_EDGE ( 'NONE', *, *, #3394, .T. ) ;
#3770 = ORIENTED_EDGE ( 'NONE', *, *, #4586, .T. ) ;
#3771 = AXIS2_PLACEMENT_3D ( 'NONE', #3754, #4133, #2314 ) ;
#3772 = EDGE_CURVE ( 'NONE', #4090, #715, #4729, .T. ) ;
#3773 = PLANE ( 'NONE',  #3017 ) ;
#3774 = ORIENTED_EDGE ( 'NONE', *, *, #1125, .F. ) ;
#3775 = CIRCLE ( 'NONE', #3851, 2.200000000000007283 ) ;
#3776 = EDGE_CURVE ( 'NONE', #466, #4458, #652, .T. ) ;
#3777 = DIRECTION ( 'NONE',  ( 0.000000000000000000, 1.000000000000000000, 0.000000000000000000 ) ) ;
#3778 = CIRCLE ( 'NONE', #3549, 1.000000000000000888 ) ;
#3779 = CARTESIAN_POINT ( 'NONE',  ( -44.50000000000000000, -1.000000000000000000, 46.49999999999998579 ) ) ;
#3780 = CYLINDRICAL_SURFACE ( 'NONE', #4241, 2.000000000000001776 ) ;
#3781 = VERTEX_POINT ( 'NONE', #1409 ) ;
#3782 = VECTOR ( 'NONE', #1151, 1000.000000000000000 ) ;
#3783 = CYLINDRICAL_SURFACE ( 'NONE', #1466, 2.000000000000001776 ) ;
#3784 = AXIS2_PLACEMENT_3D ( 'NONE', #54, #783, #1902 ) ;
#3785 = CARTESIAN_POINT ( 'NONE',  ( -44.50000000000001421, -36.00000000000000711, -44.50000000000001421 ) ) ;
#3786 = DIRECTION ( 'NONE',  ( -1.000000000000000000, 0.000000000000000000, 1.559302000878028960E-16 ) ) ;
#3787 = ORIENTED_EDGE ( 'NONE', *, *, #804, .T. ) ;
#3788 = ORIENTED_EDGE ( 'NONE', *, *, #1427, .T. ) ;
#3789 = CIRCLE ( 'NONE', #102, 1.000000000000000888 ) ;
#3790 = CARTESIAN_POINT ( 'NONE',  ( 26.00000000000000355, -36.00000000000001421, -47.50000000000001421 ) ) ;
#3791 = CARTESIAN_POINT ( 'NONE',  ( 46.69999999999996732, -36.00000000000000711, 44.49999999999998579 ) ) ;
#3792 = CARTESIAN_POINT ( 'NONE',  ( 39.99999999999999289, 0.000000000000000000, -39.99999999999999289 ) ) ;
#3793 = AXIS2_PLACEMENT_3D ( 'NONE', #492, #4498, #2678 ) ;
#3794 = VERTEX_POINT ( 'NONE', #2901 ) ;
#3795 = EDGE_CURVE ( 'NONE', #312, #495, #1453, .T. ) ;
#3796 = DIRECTION ( 'NONE',  ( 1.000000000000000000, 0.000000000000000000, -0.000000000000000000 ) ) ;
#3797 = VERTEX_POINT ( 'NONE', #4705 ) ;
#3798 = AXIS2_PLACEMENT_3D ( 'NONE', #1887, #1165, #2275 ) ;
#3799 = ADVANCED_FACE ( 'NONE', ( #1818 ), #1140, .F. ) ;
#3800 = EDGE_CURVE ( 'NONE', #2262, #1030, #1770, .T. ) ;
#3801 = PLANE ( 'NONE',  #3533 ) ;
#3802 = CARTESIAN_POINT ( 'NONE',  ( 41.49999999999999289, -24.00000000000000355, -37.00000000000000000 ) ) ;
#3803 = CARTESIAN_POINT ( 'NONE',  ( 40.00000000000000000, -24.00000000000000355, 40.00000000000000000 ) ) ;
#3804 = ADVANCED_FACE ( 'NONE', ( #2883, #695 ), #2612, .F. ) ;
#3805 = ORIENTED_EDGE ( 'NONE', *, *, #3003, .T. ) ;
#3806 = LINE ( 'NONE', #2319, #462 ) ;
#3807 = CARTESIAN_POINT ( 'NONE',  ( -40.00000000000000000, -35.00000000000000000, 43.49999999999999289 ) ) ;
#3808 = DIRECTION ( 'NONE',  ( 0.000000000000000000, 0.000000000000000000, -1.000000000000000000 ) ) ;
#3809 = VERTEX_POINT ( 'NONE', #745 ) ;
#3810 = VERTEX_POINT ( 'NONE', #2205 ) ;
#3811 = DIRECTION ( 'NONE',  ( 1.000000000000000000, 0.000000000000000000, -1.460819769243627131E-16 ) ) ;
#3812 = CYLINDRICAL_SURFACE ( 'NONE', #707, 1.250000000000001110 ) ;
#3813 = CARTESIAN_POINT ( 'NONE',  ( 34.99999999999999289, -14.00000000000000000, -43.50000000000000000 ) ) ;
#3814 = VERTEX_POINT ( 'NONE', #1056 ) ;
#3815 = CARTESIAN_POINT ( 'NONE',  ( -39.99999999999998579, -35.00000000000000000, -43.50000000000000000 ) ) ;
#3816 = ADVANCED_FACE ( 'NONE', ( #2155, #3310, #4077, #400, #3721, #1794, #1098 ), #2523, .T. ) ;
#3817 = ORIENTED_EDGE ( 'NONE', *, *, #1613, .T. ) ;
#3818 = EDGE_LOOP ( 'NONE', ( #4166, #969, #646, #3585 ) ) ;
#3819 = DIRECTION ( 'NONE',  ( -0.000000000000000000, 1.000000000000000000, -0.000000000000000000 ) ) ;
#3820 = DIRECTION ( 'NONE',  ( 0.000000000000000000, 0.000000000000000000, -1.000000000000000000 ) ) ;
#3821 = ADVANCED_FACE ( 'NONE', ( #3982 ), #4005, .F. ) ;
#3822 = DIRECTION ( 'NONE',  ( 0.000000000000000000, 1.000000000000000000, 0.000000000000000000 ) ) ;
#3823 = ORIENTED_EDGE ( 'NONE', *, *, #1716, .F. ) ;
#3824 = EDGE_LOOP ( 'NONE', ( #3016, #1213, #375, #1062 ) ) ;
#3825 = CARTESIAN_POINT ( 'NONE',  ( 47.50000000000000000, -16.00000000000000000, 36.00000000000000000 ) ) ;
#3826 = CARTESIAN_POINT ( 'NONE',  ( -44.49999999999999289, 0.000000000000000000, -44.50000000000000000 ) ) ;
#3827 = ADVANCED_FACE ( 'NONE', ( #1477 ), #765, .F. ) ;
#3828 = SHAPE_DEFINITION_REPRESENTATION ( #2486, #4640 ) ;
#3829 = FACE_OUTER_BOUND ( 'NONE', #3760, .T. ) ;
#3830 = ORIENTED_EDGE ( 'NONE', *, *, #1427, .F. ) ;
#3831 = ORIENTED_EDGE ( 'NONE', *, *, #2132, .F. ) ;
#3832 = DIRECTION ( 'NONE',  ( -0.000000000000000000, 1.000000000000000000, -0.000000000000000000 ) ) ;
#3833 = CYLINDRICAL_SURFACE ( 'NONE', #850, 2.000000000000000000 ) ;
#3834 = CARTESIAN_POINT ( 'NONE',  ( -47.29999999999999005, -15.99999999999999289, -35.00000000000000711 ) ) ;
#3835 = CARTESIAN_POINT ( 'NONE',  ( 47.30000000000000426, -6.000000000000000000, 33.99999999999999289 ) ) ;
#3836 = CARTESIAN_POINT ( 'NONE',  ( 44.49999999999998579, -1.000000000000000000, -46.50000000000001421 ) ) ;
#3837 = ORIENTED_EDGE ( 'NONE', *, *, #1672, .T. ) ;
#3838 = AXIS2_PLACEMENT_3D ( 'NONE', #28, #2241, #4132 ) ;
#3839 = ORIENTED_EDGE ( 'NONE', *, *, #478, .F. ) ;
#3840 = LINE ( 'NONE', #238, #2326 ) ;
#3841 = VERTEX_POINT ( 'NONE', #1866 ) ;
#3842 = ORIENTED_EDGE ( 'NONE', *, *, #531, .T. ) ;
#3843 = CIRCLE ( 'NONE', #4225, 2.000000000000001776 ) ;
#3844 = CARTESIAN_POINT ( 'NONE',  ( 47.30000000000000426, -16.00000000000000000, 33.99999999999999289 ) ) ;
#3845 = DIRECTION ( 'NONE',  ( 0.000000000000000000, 1.000000000000000000, 0.000000000000000000 ) ) ;
#3846 = VECTOR ( 'NONE', #3882, 1000.000000000000000 ) ;
#3847 = CARTESIAN_POINT ( 'NONE',  ( 47.29999999999999005, -15.99999999999999289, -36.00000000000001421 ) ) ;
#3848 = ORIENTED_EDGE ( 'NONE', *, *, #4275, .T. ) ;
#3849 = ORIENTED_EDGE ( 'NONE', *, *, #2460, .F. ) ;
#3850 = EDGE_CURVE ( 'NONE', #3894, #3108, #960, .T. ) ;
#3851 = AXIS2_PLACEMENT_3D ( 'NONE', #3926, #2463, #636 ) ;
#3852 = DIRECTION ( 'NONE',  ( -1.000000000000000000, -0.000000000000000000, -9.376883653928686131E-17 ) ) ;
#3853 = DIRECTION ( 'NONE',  ( 0.000000000000000000, 0.000000000000000000, 1.000000000000000000 ) ) ;
#3854 = APPLICATION_PROTOCOL_DEFINITION ( 'draft international standard', 'automotive_design', 1998, #4583 ) ;
#3855 = DIRECTION ( 'NONE',  ( 0.000000000000000000, -0.000000000000000000, 1.000000000000000000 ) ) ;
#3856 = AXIS2_PLACEMENT_3D ( 'NONE', #212, #3895, #3099 ) ;
#3857 = EDGE_LOOP ( 'NONE', ( #408, #2599, #213, #124 ) ) ;
#3858 = ORIENTED_EDGE ( 'NONE', *, *, #2567, .T. ) ;
#3859 = EDGE_CURVE ( 'NONE', #4455, #3965, #1335, .T. ) ;
#3860 = EDGE_CURVE ( 'NONE', #747, #4223, #1248, .T. ) ;
#3861 = CARTESIAN_POINT ( 'NONE',  ( 44.50000000000000000, -35.00000000000000000, 47.49999999999998579 ) ) ;
#3862 = CARTESIAN_POINT ( 'NONE',  ( 44.49999999999998579, -35.00000000000000000, -44.50000000000001421 ) ) ;
#3863 = FACE_OUTER_BOUND ( 'NONE', #4580, .T. ) ;
#3864 = FACE_OUTER_BOUND ( 'NONE', #4725, .T. ) ;
#3865 = DIRECTION ( 'NONE',  ( -0.000000000000000000, 1.000000000000000000, -0.000000000000000000 ) ) ;
#3866 = VERTEX_POINT ( 'NONE', #2661 ) ;
#3867 = AXIS2_PLACEMENT_3D ( 'NONE', #3803, #4667, #3081 ) ;
#3868 = EDGE_LOOP ( 'NONE', ( #4150, #1242, #461, #2157, #2363, #3229 ) ) ;
#3869 = EDGE_CURVE ( 'NONE', #3472, #20, #1888, .T. ) ;
#3870 = CARTESIAN_POINT ( 'NONE',  ( -47.29999999999999005, -25.99999999999999645, -36.00000000000002132 ) ) ;
#3871 = CIRCLE ( 'NONE', #4329, 2.000000000000008882 ) ;
#3872 = CARTESIAN_POINT ( 'NONE',  ( 40.00000000000000000, -24.00000000000000355, 40.00000000000000000 ) ) ;
#3873 = EDGE_LOOP ( 'NONE', ( #2931, #3372 ) ) ;
#3874 = ORIENTED_EDGE ( 'NONE', *, *, #4387, .T. ) ;
#3875 = AXIS2_PLACEMENT_3D ( 'NONE', #3494, #4236, #1001 ) ;
#3876 = DIRECTION ( 'NONE',  ( 0.000000000000000000, 0.000000000000000000, -1.000000000000000000 ) ) ;
#3877 = LINE ( 'NONE', #996, #3250 ) ;
#3878 = AXIS2_PLACEMENT_3D ( 'NONE', #2660, #4515, #3758 ) ;
#3879 = ORIENTED_EDGE ( 'NONE', *, *, #1997, .T. ) ;
#3880 = EDGE_LOOP ( 'NONE', ( #4097, #3446, #584, #1965 ) ) ;
#3881 = CARTESIAN_POINT ( 'NONE',  ( 40.00000000000000000, -13.99999999999999822, 38.94999999999999574 ) ) ;
#3882 = DIRECTION ( 'NONE',  ( -1.000000000000000000, -0.000000000000000000, -0.000000000000000000 ) ) ;
#3883 = CARTESIAN_POINT ( 'NONE',  ( 0.000000000000000000, -24.00000000000000355, 0.000000000000000000 ) ) ;
#3884 = ADVANCED_FACE ( 'NONE', ( #3403 ), #3759, .T. ) ;
#3885 = CARTESIAN_POINT ( 'NONE',  ( 37.00000000000000000, 0.000000000000000000, 0.000000000000000000 ) ) ;
#3886 = VERTEX_POINT ( 'NONE', #2993 ) ;
#3887 = VERTEX_POINT ( 'NONE', #4452 ) ;
#3888 = FACE_OUTER_BOUND ( 'NONE', #2925, .T. ) ;
#3889 = DIRECTION ( 'NONE',  ( -0.000000000000000000, 1.000000000000000000, -0.000000000000000000 ) ) ;
#3890 = CARTESIAN_POINT ( 'NONE',  ( 0.000000000000000000, -14.00000000000000000, 0.000000000000000000 ) ) ;
#3891 = EDGE_CURVE ( 'NONE', #2818, #3007, #1796, .T. ) ;
#3892 = DIRECTION ( 'NONE',  ( 0.000000000000000000, 0.000000000000000000, -1.000000000000000000 ) ) ;
#3893 = FACE_OUTER_BOUND ( 'NONE', #3452, .T. ) ;
#3894 = VERTEX_POINT ( 'NONE', #1166 ) ;
#3895 = DIRECTION ( 'NONE',  ( -0.000000000000000000, 1.000000000000000000, -0.000000000000000000 ) ) ;
#3896 = ADVANCED_FACE ( 'NONE', ( #3377 ), #2345, .F. ) ;
#3897 = EDGE_LOOP ( 'NONE', ( #2291, #4653, #4246, #227 ) ) ;
#3898 = VERTEX_POINT ( 'NONE', #4140 ) ;
#3899 = CARTESIAN_POINT ( 'NONE',  ( -44.50000000000000000, -1.000000000000000000, 44.49999999999998579 ) ) ;
#3900 = DIRECTION ( 'NONE',  ( 0.000000000000000000, 1.000000000000000000, -0.000000000000000000 ) ) ;
#3901 = ORIENTED_EDGE ( 'NONE', *, *, #3220, .F. ) ;
#3902 = VERTEX_POINT ( 'NONE', #4165 ) ;
#3903 = LINE ( 'NONE', #613, #2229 ) ;
#3904 = DIRECTION ( 'NONE',  ( 0.000000000000000000, 1.000000000000000000, 0.000000000000000000 ) ) ;
#3905 = CARTESIAN_POINT ( 'NONE',  ( -39.50000000000000000, 0.000000000000000000, 2.500000000000000000 ) ) ;
#3906 = CARTESIAN_POINT ( 'NONE',  ( -47.50000000000000000, -35.00000000000000000, 47.49999999999998579 ) ) ;
#3907 = ORIENTED_EDGE ( 'NONE', *, *, #1257, .T. ) ;
#3908 = VERTEX_POINT ( 'NONE', #3356 ) ;
#3909 = CARTESIAN_POINT ( 'NONE',  ( -47.30000000000000426, -6.000000000000000000, 33.99999999999999289 ) ) ;
#3910 = DIRECTION ( 'NONE',  ( -0.000000000000000000, 1.000000000000000000, -0.000000000000000000 ) ) ;
#3911 = DIRECTION ( 'NONE',  ( 0.000000000000000000, -1.000000000000000000, 0.000000000000000000 ) ) ;
#3912 = FACE_OUTER_BOUND ( 'NONE', #201, .T. ) ;
#3913 = ORIENTED_EDGE ( 'NONE', *, *, #1156, .T. ) ;
#3914 = ORIENTED_EDGE ( 'NONE', *, *, #1971, .T. ) ;
#3915 = CIRCLE ( 'NONE', #1837, 3.000000000000002665 ) ;
#3916 = EDGE_CURVE ( 'NONE', #1263, #1016, #2367, .T. ) ;
#3917 = CARTESIAN_POINT ( 'NONE',  ( 44.49999999999999289, 0.000000000000000000, 43.25000000000000000 ) ) ;
#3918 = CARTESIAN_POINT ( 'NONE',  ( -40.00000000000000000, -24.00000000000000355, 43.49999999999998579 ) ) ;
#3919 = VERTEX_POINT ( 'NONE', #514 ) ;
#3920 = AXIS2_PLACEMENT_3D ( 'NONE', #3132, #4622, #1328 ) ;
#3921 = EDGE_LOOP ( 'NONE', ( #819, #2445 ) ) ;
#3922 = EDGE_CURVE ( 'NONE', #493, #3510, #1560, .T. ) ;
#3923 = AXIS2_PLACEMENT_3D ( 'NONE', #2797, #975, #2820 ) ;
#3924 = ADVANCED_FACE ( 'NONE', ( #3021 ), #1208, .F. ) ;
#3925 = CARTESIAN_POINT ( 'NONE',  ( 26.00000000000001066, -1.000000000000000000, 44.49999999999998579 ) ) ;
#3926 = CARTESIAN_POINT ( 'NONE',  ( -44.50000000000000000, -36.00000000000000711, 44.49999999999998579 ) ) ;
#3927 = CIRCLE ( 'NONE', #936, 1.050000000000002265 ) ;
#3928 = ORIENTED_EDGE ( 'NONE', *, *, #414, .T. ) ;
#3929 = ORIENTED_EDGE ( 'NONE', *, *, #47, .T. ) ;
#3930 = EDGE_CURVE ( 'NONE', #161, #2571, #3098, .T. ) ;
#3931 = CYLINDRICAL_SURFACE ( 'NONE', #2845, 1.250000000000001110 ) ;
#3932 = AXIS2_PLACEMENT_3D ( 'NONE', #1685, #2028, #3517 ) ;
#3933 = CARTESIAN_POINT ( 'NONE',  ( -44.50000000000000000, -1.000000000000000000, 44.49999999999998579 ) ) ;
#3934 =( NAMED_UNIT ( * ) PLANE_ANGLE_UNIT ( ) SI_UNIT ( $, .RADIAN. ) );
#3935 = DIRECTION ( 'NONE',  ( -0.000000000000000000, -1.000000000000000000, -0.000000000000000000 ) ) ;
#3936 = ORIENTED_EDGE ( 'NONE', *, *, #2747, .T. ) ;
#3937 = AXIS2_PLACEMENT_3D ( 'NONE', #1222, #138, #1539 ) ;
#3938 = CARTESIAN_POINT ( 'NONE',  ( 47.50000000000000000, -36.00000000000000711, 44.49999999999998579 ) ) ;
#3939 = CARTESIAN_POINT ( 'NONE',  ( 40.00000000000000000, -13.99999999999999822, -40.00000000000000000 ) ) ;
#3940 = CIRCLE ( 'NONE', #1239, 1.000000000000000888 ) ;
#3941 = FACE_BOUND ( 'NONE', #2764, .T. ) ;
#3942 = CARTESIAN_POINT ( 'NONE',  ( -47.29999999999999005, -25.99999999999999645, -35.00000000000001421 ) ) ;
#3943 = ORIENTED_EDGE ( 'NONE', *, *, #4471, .T. ) ;
#3944 = VECTOR ( 'NONE', #654, 1000.000000000000000 ) ;
#3945 = DIRECTION ( 'NONE',  ( 0.000000000000000000, 0.000000000000000000, 1.000000000000000000 ) ) ;
#3946 = EDGE_LOOP ( 'NONE', ( #4619, #192, #4641, #3837, #3858, #2150, #2594, #2472, #4118, #4049, #4108, #1559 ) ) ;
#3947 = CARTESIAN_POINT ( 'NONE',  ( -34.99999999999998579, 0.000000000000000000, -41.49999999999999289 ) ) ;
#3948 = VECTOR ( 'NONE', #1605, 1000.000000000000000 ) ;
#3949 = ADVANCED_FACE ( 'NONE', ( #833 ), #3086, .T. ) ;
#3950 = EDGE_LOOP ( 'NONE', ( #1671, #3722, #2031, #3486 ) ) ;
#3951 = VECTOR ( 'NONE', #442, 1000.000000000000000 ) ;
#3952 = CARTESIAN_POINT ( 'NONE',  ( -36.99999999999998579, -14.00000000000000000, -41.49999999999999289 ) ) ;
#3953 = DIRECTION ( 'NONE',  ( 1.000000000000000000, 0.000000000000000000, -1.067522139062649685E-15 ) ) ;
#3954 = EDGE_CURVE ( 'NONE', #109, #1200, #1546, .T. ) ;
#3955 = ORIENTED_EDGE ( 'NONE', *, *, #1185, .F. ) ;
#3956 = DIRECTION ( 'NONE',  ( 0.000000000000000000, 0.000000000000000000, -1.000000000000000000 ) ) ;
#3957 = AXIS2_PLACEMENT_3D ( 'NONE', #4339, #4004, #1034 ) ;
#3958 = CARTESIAN_POINT ( 'NONE',  ( -44.50000000000001421, 0.000000000000000000, 43.25000000000000000 ) ) ;
#3959 = EDGE_CURVE ( 'NONE', #3814, #923, #3409, .T. ) ;
#3960 = DIRECTION ( 'NONE',  ( 0.000000000000000000, -1.000000000000000000, 0.000000000000000000 ) ) ;
#3961 = ORIENTED_EDGE ( 'NONE', *, *, #2867, .F. ) ;
#3962 = CARTESIAN_POINT ( 'NONE',  ( -47.50000000000000000, -1.000000000000000000, 44.49999999999998579 ) ) ;
#3963 = DIRECTION ( 'NONE',  ( -0.000000000000000000, 1.000000000000000000, -0.000000000000000000 ) ) ;
#3964 = DIRECTION ( 'NONE',  ( -1.460819769243627131E-16, 0.000000000000000000, 1.000000000000000000 ) ) ;
#3965 = VERTEX_POINT ( 'NONE', #1933 ) ;
#3966 = ORIENTED_EDGE ( 'NONE', *, *, #3127, .T. ) ;
#3967 = DIRECTION ( 'NONE',  ( 0.000000000000000000, 0.000000000000000000, -1.000000000000000000 ) ) ;
#3968 = VERTEX_POINT ( 'NONE', #3741 ) ;
#3969 = DIRECTION ( 'NONE',  ( -1.595148023886719315E-16, -0.000000000000000000, 1.000000000000000000 ) ) ;
#3970 = EDGE_LOOP ( 'NONE', ( #239, #8, #2067, #1773 ) ) ;
#3971 = EDGE_CURVE ( 'NONE', #3887, #42, #1411, .T. ) ;
#3972 = CARTESIAN_POINT ( 'NONE',  ( -43.50000000000000711, -24.00000000000000355, 43.49999999999998579 ) ) ;
#3973 = CARTESIAN_POINT ( 'NONE',  ( -39.99999999999998579, -14.00000000000000000, -43.50000000000000000 ) ) ;
#3974 = EDGE_CURVE ( 'NONE', #256, #4439, #3186, .T. ) ;
#3975 = CARTESIAN_POINT ( 'NONE',  ( 44.50000000000000000, -36.00000000000000711, 46.69999999999998153 ) ) ;
#3976 = DIRECTION ( 'NONE',  ( 0.000000000000000000, 0.000000000000000000, -1.000000000000000000 ) ) ;
#3977 = FACE_OUTER_BOUND ( 'NONE', #2662, .T. ) ;
#3978 = EDGE_LOOP ( 'NONE', ( #1045, #1486, #894, #3595, #4009, #762, #4545, #2748, #157, #325, #147, #1238, #1771, #2771, #1267, #2380, #2547, #3849, #2749, #16 ) ) ;
#3979 = EDGE_CURVE ( 'NONE', #3965, #4455, #2024, .T. ) ;
#3980 = CARTESIAN_POINT ( 'NONE',  ( 40.00000000000000000, -24.00000000000000355, -41.05000000000000426 ) ) ;
#3981 = CARTESIAN_POINT ( 'NONE',  ( -43.50000000000001421, -14.00000000000000000, 34.99999999999999289 ) ) ;
#3982 = FACE_OUTER_BOUND ( 'NONE', #2519, .T. ) ;
#3983 = ORIENTED_EDGE ( 'NONE', *, *, #4064, .F. ) ;
#3984 = VERTEX_POINT ( 'NONE', #1959 ) ;
#3985 = DIRECTION ( 'NONE',  ( 0.000000000000000000, 0.000000000000000000, 1.000000000000000000 ) ) ;
#3986 = CARTESIAN_POINT ( 'NONE',  ( 47.30000000000000426, -6.000000000000000000, 34.99999999999999289 ) ) ;
#3987 = VERTEX_POINT ( 'NONE', #1591 ) ;
#3988 = CARTESIAN_POINT ( 'NONE',  ( 46.69999999999998153, -36.00000000000000711, -44.50000000000001421 ) ) ;
#3989 = ORIENTED_EDGE ( 'NONE', *, *, #919, .T. ) ;
#3990 = FACE_OUTER_BOUND ( 'NONE', #1144, .T. ) ;
#3991 = CIRCLE ( 'NONE', #3993, 2.500000000000000000 ) ;
#3992 = CARTESIAN_POINT ( 'NONE',  ( 44.50000000000000000, 0.000000000000000000, 44.49999999999998579 ) ) ;
#3993 = AXIS2_PLACEMENT_3D ( 'NONE', #711, #737, #3956 ) ;
#3994 = DIRECTION ( 'NONE',  ( 0.000000000000000000, -1.000000000000000000, 0.000000000000000000 ) ) ;
#3995 = LINE ( 'NONE', #3641, #2087 ) ;
#3996 = VECTOR ( 'NONE', #137, 1000.000000000000000 ) ;
#3997 = VECTOR ( 'NONE', #4577, 1000.000000000000000 ) ;
#3998 = CARTESIAN_POINT ( 'NONE',  ( -47.30000000000000426, -16.00000000000000000, 34.99999999999999289 ) ) ;
#3999 = EDGE_CURVE ( 'NONE', #312, #424, #4652, .T. ) ;
#4000 = ORIENTED_EDGE ( 'NONE', *, *, #2457, .F. ) ;
#4001 = VECTOR ( 'NONE', #692, 1000.000000000000000 ) ;
#4002 = CARTESIAN_POINT ( 'NONE',  ( 39.99999999999999289, -24.00000000000000355, -43.50000000000000000 ) ) ;
#4003 = DIRECTION ( 'NONE',  ( -1.000000000000000000, -0.000000000000000000, -1.460819769243627377E-16 ) ) ;
#4004 = DIRECTION ( 'NONE',  ( 0.000000000000000000, 0.000000000000000000, -1.000000000000000000 ) ) ;
#4005 = CYLINDRICAL_SURFACE ( 'NONE', #3332, 3.500000000000003109 ) ;
#4006 = AXIS2_PLACEMENT_3D ( 'NONE', #687, #2146, #1583 ) ;
#4007 = EDGE_CURVE ( 'NONE', #1840, #3703, #2335, .T. ) ;
#4008 = ORIENTED_EDGE ( 'NONE', *, *, #308, .F. ) ;
#4009 = ORIENTED_EDGE ( 'NONE', *, *, #2361, .T. ) ;
#4010 = ADVANCED_FACE ( 'NONE', ( #2030, #4595, #2827, #224, #1332 ), #3134, .F. ) ;
#4011 = FACE_BOUND ( 'NONE', #43, .T. ) ;
#4012 = AXIS2_PLACEMENT_3D ( 'NONE', #1440, #1782, #4739 ) ;
#4013 = DIRECTION ( 'NONE',  ( 0.000000000000000000, -1.000000000000000000, 0.000000000000000000 ) ) ;
#4014 = ORIENTED_EDGE ( 'NONE', *, *, #149, .T. ) ;
#4015 = DIRECTION ( 'NONE',  ( 0.000000000000000000, 0.000000000000000000, 1.000000000000000000 ) ) ;
#4016 = EDGE_CURVE ( 'NONE', #1193, #2510, #570, .T. ) ;
#4017 = EDGE_LOOP ( 'NONE', ( #680, #3879, #4340, #1614 ) ) ;
#4018 = AXIS2_PLACEMENT_3D ( 'NONE', #2139, #1732, #3605 ) ;
#4019 = PLANE ( 'NONE',  #1224 ) ;
#4020 = AXIS2_PLACEMENT_3D ( 'NONE', #4322, #3203, #3224 ) ;
#4021 = CARTESIAN_POINT ( 'NONE',  ( 37.00000000000000000, -24.00000000000000355, -2.500000000000000000 ) ) ;
#4022 = ORIENTED_EDGE ( 'NONE', *, *, #1511, .T. ) ;
#4023 = AXIS2_PLACEMENT_3D ( 'NONE', #3675, #1128, #379 ) ;
#4024 = CARTESIAN_POINT ( 'NONE',  ( 40.00000000000000000, -35.00000000000000000, 0.000000000000000000 ) ) ;
#4025 = DIRECTION ( 'NONE',  ( -0.000000000000000000, 1.000000000000000000, -0.000000000000000000 ) ) ;
#4026 = VECTOR ( 'NONE', #3200, 1000.000000000000000 ) ;
#4027 = CARTESIAN_POINT ( 'NONE',  ( -43.50000000000001421, -14.00000000000000000, -43.50000000000000000 ) ) ;
#4028 = EDGE_LOOP ( 'NONE', ( #130, #3689, #1436, #872 ) ) ;
#4029 = CARTESIAN_POINT ( 'NONE',  ( 47.50000000000000000, -6.000000000000000000, 34.99999999999999289 ) ) ;
#4030 = CARTESIAN_POINT ( 'NONE',  ( 40.00000000000000000, -13.99999999999999822, 0.000000000000000000 ) ) ;
#4031 = CARTESIAN_POINT ( 'NONE',  ( 37.00000000000000000, -14.00000000000000000, 37.00000000000000711 ) ) ;
#4032 = CIRCLE ( 'NONE', #40, 2.200000000000007283 ) ;
#4033 = EDGE_LOOP ( 'NONE', ( #3465, #4443, #2710, #1955 ) ) ;
#4034 = ORIENTED_EDGE ( 'NONE', *, *, #1092, .F. ) ;
#4035 = FACE_OUTER_BOUND ( 'NONE', #723, .T. ) ;
#4036 = EDGE_CURVE ( 'NONE', #269, #702, #2444, .T. ) ;
#4037 = CARTESIAN_POINT ( 'NONE',  ( -40.00000000000000000, -35.00000000000000000, 0.000000000000000000 ) ) ;
#4038 = ORIENTED_EDGE ( 'NONE', *, *, #3725, .F. ) ;
#4039 = LINE ( 'NONE', #2619, #1791 ) ;
#4040 = ORIENTED_EDGE ( 'NONE', *, *, #1441, .F. ) ;
#4041 = EDGE_CURVE ( 'NONE', #1512, #2446, #1251, .T. ) ;
#4042 = DIRECTION ( 'NONE',  ( 0.000000000000000000, 0.000000000000000000, -1.000000000000000000 ) ) ;
#4043 = CARTESIAN_POINT ( 'NONE',  ( 39.50000000000000000, -24.00000000000000355, 2.500000000000000000 ) ) ;
#4044 = EDGE_CURVE ( 'NONE', #3113, #1868, #1719, .T. ) ;
#4045 = DIRECTION ( 'NONE',  ( 0.000000000000000000, 0.000000000000000000, -1.000000000000000000 ) ) ;
#4046 = DIRECTION ( 'NONE',  ( 0.000000000000000000, 0.000000000000000000, 1.000000000000000000 ) ) ;
#4047 = UNCERTAINTY_MEASURE_WITH_UNIT (LENGTH_MEASURE( 1.000000000000000082E-05 ), #4249, 'distance_accuracy_value', 'NONE');
#4048 = CARTESIAN_POINT ( 'NONE',  ( 47.50000000000000000, -1.000000000000000000, 44.49999999999998579 ) ) ;
#4049 = ORIENTED_EDGE ( 'NONE', *, *, #2239, .F. ) ;
#4050 = CARTESIAN_POINT ( 'NONE',  ( -44.50000000000001421, -36.00000000000000711, -46.70000000000002416 ) ) ;
#4051 = DIRECTION ( 'NONE',  ( -0.000000000000000000, 1.000000000000000000, -0.000000000000000000 ) ) ;
#4052 = DIRECTION ( 'NONE',  ( -1.000000000000000000, -0.000000000000000000, -1.460819769243627377E-16 ) ) ;
#4053 = ORIENTED_EDGE ( 'NONE', *, *, #2015, .T. ) ;
#4054 = VERTEX_POINT ( 'NONE', #4209 ) ;
#4055 = CARTESIAN_POINT ( 'NONE',  ( -23.99999999999998224, 55.99999999999995026, -46.50000000000000000 ) ) ;
#4056 = EDGE_LOOP ( 'NONE', ( #1968, #4053, #4696, #796 ) ) ;
#4057 = CYLINDRICAL_SURFACE ( 'NONE', #25, 1.050000000000002265 ) ;
#4058 = ORIENTED_EDGE ( 'NONE', *, *, #735, .F. ) ;
#4059 = EDGE_LOOP ( 'NONE', ( #4141, #4677 ) ) ;
#4060 = EDGE_CURVE ( 'NONE', #921, #2202, #956, .T. ) ;
#4061 = CARTESIAN_POINT ( 'NONE',  ( -39.50000000000000000, -24.00000000000000355, 0.000000000000000000 ) ) ;
#4062 = DIRECTION ( 'NONE',  ( 0.000000000000000000, 0.000000000000000000, 1.000000000000000000 ) ) ;
#4063 = ADVANCED_FACE ( 'NONE', ( #3829 ), #200, .T. ) ;
#4064 = EDGE_CURVE ( 'NONE', #1980, #1324, #3723, .T. ) ;
#4065 = VECTOR ( 'NONE', #837, 1000.000000000000000 ) ;
#4066 = CARTESIAN_POINT ( 'NONE',  ( -40.00000000000000000, -24.00000000000000355, -38.94999999999999574 ) ) ;
#4067 = LINE ( 'NONE', #1443, #1087 ) ;
#4068 =( NAMED_UNIT ( * ) SI_UNIT ( $, .STERADIAN. ) SOLID_ANGLE_UNIT ( ) );
#4069 = CARTESIAN_POINT ( 'NONE',  ( -39.50000000000000000, 0.000000000000000000, 39.49999999999999289 ) ) ;
#4070 = AXIS2_PLACEMENT_3D ( 'NONE', #4309, #296, #1760 ) ;
#4071 = ADVANCED_FACE ( 'NONE', ( #616 ), #4676, .F. ) ;
#4072 = ORIENTED_EDGE ( 'NONE', *, *, #3308, .F. ) ;
#4073 = AXIS2_PLACEMENT_3D ( 'NONE', #3899, #4587, #1631 ) ;
#4074 = CARTESIAN_POINT ( 'NONE',  ( -44.50000000000001421, -1.000000000000000000, -47.50000000000001421 ) ) ;
#4075 = VECTOR ( 'NONE', #700, 1000.000000000000000 ) ;
#4076 = DIRECTION ( 'NONE',  ( -1.000000000000000000, 0.000000000000000000, 0.000000000000000000 ) ) ;
#4077 = FACE_BOUND ( 'NONE', #4059, .T. ) ;
#4078 = ORIENTED_EDGE ( 'NONE', *, *, #90, .T. ) ;
#4079 = ORIENTED_EDGE ( 'NONE', *, *, #4489, .T. ) ;
#4080 = DIRECTION ( 'NONE',  ( -1.595148023886719315E-16, -0.000000000000000000, 1.000000000000000000 ) ) ;
#4081 = CIRCLE ( 'NONE', #787, 1.999999999999994893 ) ;
#4082 = CARTESIAN_POINT ( 'NONE',  ( -44.49999999999999289, 0.000000000000000000, -43.25000000000000000 ) ) ;
#4083 = PLANE ( 'NONE',  #1032 ) ;
#4084 = ORIENTED_EDGE ( 'NONE', *, *, #386, .F. ) ;
#4085 = AXIS2_PLACEMENT_3D ( 'NONE', #4116, #3711, #827 ) ;
#4086 = DIRECTION ( 'NONE',  ( 0.000000000000000000, 0.000000000000000000, -1.000000000000000000 ) ) ;
#4087 = CYLINDRICAL_SURFACE ( 'NONE', #4394, 2.000000000000001776 ) ;
#4088 = EDGE_CURVE ( 'NONE', #450, #509, #254, .T. ) ;
#4089 = AXIS2_PLACEMENT_3D ( 'NONE', #2649, #135, #1557 ) ;
#4090 = VERTEX_POINT ( 'NONE', #4261 ) ;
#4091 = CIRCLE ( 'NONE', #3708, 2.500000000000002220 ) ;
#4092 = LINE ( 'NONE', #2985, #1766 ) ;
#4093 = DIRECTION ( 'NONE',  ( -0.000000000000000000, 1.000000000000000000, -0.000000000000000000 ) ) ;
#4094 = EDGE_CURVE ( 'NONE', #830, #2597, #537, .T. ) ;
#4095 = DIRECTION ( 'NONE',  ( -0.000000000000000000, 1.000000000000000000, -0.000000000000000000 ) ) ;
#4096 = VECTOR ( 'NONE', #340, 1000.000000000000000 ) ;
#4097 = ORIENTED_EDGE ( 'NONE', *, *, #1971, .F. ) ;
#4098 = AXIS2_PLACEMENT_3D ( 'NONE', #108, #2321, #1570 ) ;
#4099 = FACE_OUTER_BOUND ( 'NONE', #2608, .T. ) ;
#4100 = EDGE_CURVE ( 'NONE', #2504, #307, #4284, .T. ) ;
#4101 = DIRECTION ( 'NONE',  ( -1.000000000000000000, 0.000000000000000000, -0.000000000000000000 ) ) ;
#4102 = CARTESIAN_POINT ( 'NONE',  ( -40.00000000000000000, -24.00000000000000355, 40.00000000000000000 ) ) ;
#4103 = ORIENTED_EDGE ( 'NONE', *, *, #215, .T. ) ;
#4104 = CIRCLE ( 'NONE', #2027, 2.200000000000000622 ) ;
#4105 = ORIENTED_EDGE ( 'NONE', *, *, #1589, .T. ) ;
#4106 = CARTESIAN_POINT ( 'NONE',  ( 47.50000000000000000, -16.00000000000000000, 34.99999999999999289 ) ) ;
#4107 = VECTOR ( 'NONE', #3647, 1000.000000000000000 ) ;
#4108 = ORIENTED_EDGE ( 'NONE', *, *, #4559, .T. ) ;
#4109 = LINE ( 'NONE', #3479, #564 ) ;
#4110 = ORIENTED_EDGE ( 'NONE', *, *, #3930, .T. ) ;
#4111 = EDGE_LOOP ( 'NONE', ( #4411, #2789, #249, #3955 ) ) ;
#4112 = CARTESIAN_POINT ( 'NONE',  ( 40.00000000000000000, -24.00000000000000355, 41.05000000000000426 ) ) ;
#4113 = DIRECTION ( 'NONE',  ( 0.000000000000000000, 1.000000000000000000, 0.000000000000000000 ) ) ;
#4114 = ORIENTED_EDGE ( 'NONE', *, *, #2029, .F. ) ;
#4115 = DIRECTION ( 'NONE',  ( 0.000000000000000000, -1.000000000000000000, 0.000000000000000000 ) ) ;
#4116 = CARTESIAN_POINT ( 'NONE',  ( -44.49999999999999289, 0.000000000000000000, -44.50000000000000000 ) ) ;
#4117 = LINE ( 'NONE', #2655, #259 ) ;
#4118 = ORIENTED_EDGE ( 'NONE', *, *, #596, .T. ) ;
#4119 = EDGE_CURVE ( 'NONE', #1016, #3987, #644, .T. ) ;
#4120 = CARTESIAN_POINT ( 'NONE',  ( -46.70000000000000995, -36.00000000000000711, 44.49999999999998579 ) ) ;
#4121 = CARTESIAN_POINT ( 'NONE',  ( 44.49999999999999289, 0.000000000000000000, 44.50000000000000000 ) ) ;
#4122 = ORIENTED_EDGE ( 'NONE', *, *, #299, .T. ) ;
#4123 = ORIENTED_EDGE ( 'NONE', *, *, #4501, .F. ) ;
#4124 = ADVANCED_FACE ( 'NONE', ( #280 ), #1742, .T. ) ;
#4125 = DIRECTION ( 'NONE',  ( 0.000000000000000000, -1.000000000000000000, 0.000000000000000000 ) ) ;
#4126 = DIRECTION ( 'NONE',  ( -0.000000000000000000, 1.000000000000000000, -0.000000000000000000 ) ) ;
#4127 = DIRECTION ( 'NONE',  ( 0.000000000000000000, 0.000000000000000000, -1.000000000000000000 ) ) ;
#4128 = EDGE_LOOP ( 'NONE', ( #1935, #989 ) ) ;
#4129 = ADVANCED_FACE ( 'NONE', ( #927 ), #2392, .T. ) ;
#4130 = CARTESIAN_POINT ( 'NONE',  ( 40.00000000000000000, -35.00000000000000000, -40.00000000000000000 ) ) ;
#4131 = EDGE_LOOP ( 'NONE', ( #1754, #3271, #1249, #3532 ) ) ;
#4132 = DIRECTION ( 'NONE',  ( 0.000000000000000000, 0.000000000000000000, -1.000000000000000000 ) ) ;
#4133 = DIRECTION ( 'NONE',  ( -0.000000000000000000, 1.000000000000000000, -0.000000000000000000 ) ) ;
#4134 = CYLINDRICAL_SURFACE ( 'NONE', #4467, 1.000000000000000888 ) ;
#4135 = EDGE_LOOP ( 'NONE', ( #4485, #2569, #3936, #3550 ) ) ;
#4136 = CARTESIAN_POINT ( 'NONE',  ( -34.99999999999998579, -24.00000000000000355, -43.50000000000000000 ) ) ;
#4137 = CIRCLE ( 'NONE', #4758, 3.000000000000002665 ) ;
#4138 = CARTESIAN_POINT ( 'NONE',  ( 47.30000000000000426, -16.00000000000000000, 33.99999999999999289 ) ) ;
#4139 = EDGE_CURVE ( 'NONE', #3049, #2178, #4405, .T. ) ;
#4140 = CARTESIAN_POINT ( 'NONE',  ( 44.49999999999998579, -36.00000000000000711, -46.70000000000000995 ) ) ;
#4141 = ORIENTED_EDGE ( 'NONE', *, *, #47, .F. ) ;
#4142 = EDGE_LOOP ( 'NONE', ( #3344, #3211, #3787, #1517 ) ) ;
#4143 = AXIS2_PLACEMENT_3D ( 'NONE', #383, #2008, #1618 ) ;
#4144 = CARTESIAN_POINT ( 'NONE',  ( -39.49999999999999289, -24.00000000000000355, -37.00000000000000000 ) ) ;
#4145 = ADVANCED_FACE ( 'NONE', ( #2878 ), #2561, .F. ) ;
#4146 = ORIENTED_EDGE ( 'NONE', *, *, #2037, .T. ) ;
#4147 = LINE ( 'NONE', #3813, #3182 ) ;
#4148 = CIRCLE ( 'NONE', #80, 1.000000000000000888 ) ;
#4149 = EDGE_CURVE ( 'NONE', #4585, #2497, #347, .T. ) ;
#4150 = ORIENTED_EDGE ( 'NONE', *, *, #1024, .T. ) ;
#4151 = VECTOR ( 'NONE', #4207, 1000.000000000000000 ) ;
#4152 = DIRECTION ( 'NONE',  ( -0.000000000000000000, 1.000000000000000000, -0.000000000000000000 ) ) ;
#4153 = EDGE_CURVE ( 'NONE', #3781, #2525, #3304, .T. ) ;
#4154 = ORIENTED_EDGE ( 'NONE', *, *, #777, .T. ) ;
#4155 = DIRECTION ( 'NONE',  ( 0.000000000000000000, -1.000000000000000000, 0.000000000000000000 ) ) ;
#4156 = VECTOR ( 'NONE', #802, 1000.000000000000000 ) ;
#4157 = DIRECTION ( 'NONE',  ( 0.000000000000000000, 1.000000000000000000, 0.000000000000000000 ) ) ;
#4158 = CARTESIAN_POINT ( 'NONE',  ( -44.50000000000000000, -36.00000000000000711, 47.49999999999998579 ) ) ;
#4159 = ORIENTED_EDGE ( 'NONE', *, *, #1558, .F. ) ;
#4160 = CIRCLE ( 'NONE', #799, 2.000000000000001776 ) ;
#4161 = EDGE_LOOP ( 'NONE', ( #2663, #988, #1137, #4191 ) ) ;
#4162 = DIRECTION ( 'NONE',  ( 1.000000000000000000, -0.000000000000000000, 1.559302000878028960E-16 ) ) ;
#4163 = AXIS2_PLACEMENT_3D ( 'NONE', #2328, #1597, #1237 ) ;
#4164 = DIRECTION ( 'NONE',  ( 0.000000000000000000, 1.000000000000000000, 0.000000000000000000 ) ) ;
#4165 = CARTESIAN_POINT ( 'NONE',  ( 44.49999999999998579, -35.00000000000000000, -46.70000000000000995 ) ) ;
#4166 = ORIENTED_EDGE ( 'NONE', *, *, #4656, .F. ) ;
#4167 = ORIENTED_EDGE ( 'NONE', *, *, #2457, .T. ) ;
#4168 = VECTOR ( 'NONE', #4216, 1000.000000000000000 ) ;
#4169 = EDGE_CURVE ( 'NONE', #3142, #3984, #1426, .T. ) ;
#4170 = CARTESIAN_POINT ( 'NONE',  ( -44.50000000000001421, -35.00000000000000000, 44.50000000000000000 ) ) ;
#4171 = CARTESIAN_POINT ( 'NONE',  ( 44.49999999999998579, -36.00000000000000711, -47.50000000000001421 ) ) ;
#4172 = DIRECTION ( 'NONE',  ( -0.000000000000000000, 1.000000000000000000, -0.000000000000000000 ) ) ;
#4173 = AXIS2_PLACEMENT_3D ( 'NONE', #1726, #575, #4578 ) ;
#4174 = EDGE_LOOP ( 'NONE', ( #2558, #4344, #2207, #1447 ) ) ;
#4175 = ADVANCED_FACE ( 'NONE', ( #4426 ), #2496, .F. ) ;
#4176 = CIRCLE ( 'NONE', #35, 1.000000000000000888 ) ;
#4177 = CARTESIAN_POINT ( 'NONE',  ( 43.50000000000000000, -14.00000000000000000, 35.00000000000000000 ) ) ;
#4178 = ORIENTED_EDGE ( 'NONE', *, *, #2189, .F. ) ;
#4179 = ORIENTED_EDGE ( 'NONE', *, *, #1051, .F. ) ;
#4180 = CIRCLE ( 'NONE', #2581, 1.000000000000000888 ) ;
#4181 = EDGE_CURVE ( 'NONE', #1825, #3841, #2176, .T. ) ;
#4182 = DIRECTION ( 'NONE',  ( 0.000000000000000000, -0.000000000000000000, -1.000000000000000000 ) ) ;
#4183 = CYLINDRICAL_SURFACE ( 'NONE', #1022, 1.000000000000000888 ) ;
#4184 = DIRECTION ( 'NONE',  ( 0.000000000000000000, 0.000000000000000000, -1.000000000000000000 ) ) ;
#4185 = ORIENTED_EDGE ( 'NONE', *, *, #4562, .F. ) ;
#4186 = VERTEX_POINT ( 'NONE', #7 ) ;
#4187 = CARTESIAN_POINT ( 'NONE',  ( 44.49999999999999289, 0.000000000000000000, 44.50000000000000000 ) ) ;
#4188 = LINE ( 'NONE', #4136, #1849 ) ;
#4189 = DIRECTION ( 'NONE',  ( -0.000000000000000000, 1.000000000000000000, -0.000000000000000000 ) ) ;
#4190 = ORIENTED_EDGE ( 'NONE', *, *, #698, .T. ) ;
#4191 = ORIENTED_EDGE ( 'NONE', *, *, #4663, .F. ) ;
#4192 = CARTESIAN_POINT ( 'NONE',  ( 40.00000000000000000, -24.00000000000000355, -40.00000000000000000 ) ) ;
#4193 = CARTESIAN_POINT ( 'NONE',  ( 44.50000000000000000, -36.00000000000000711, 47.49999999999998579 ) ) ;
#4194 = DIRECTION ( 'NONE',  ( 0.000000000000000000, -1.000000000000000000, 0.000000000000000000 ) ) ;
#4195 = CARTESIAN_POINT ( 'NONE',  ( 37.00000000000000000, -24.00000000000000355, 41.49999999999999289 ) ) ;
#4196 = ORIENTED_EDGE ( 'NONE', *, *, #3220, .T. ) ;
#4197 = LINE ( 'NONE', #3531, #480 ) ;
#4198 = ORIENTED_EDGE ( 'NONE', *, *, #3063, .T. ) ;
#4199 = ADVANCED_FACE ( 'NONE', ( #1117 ), #1470, .F. ) ;
#4200 = ORIENTED_EDGE ( 'NONE', *, *, #1391, .T. ) ;
#4201 = FACE_OUTER_BOUND ( 'NONE', #3950, .T. ) ;
#4202 = CARTESIAN_POINT ( 'NONE',  ( 40.00000000000000000, -35.00000000000000000, -38.94999999999999574 ) ) ;
#4203 = DIRECTION ( 'NONE',  ( 0.000000000000000000, 0.000000000000000000, -1.000000000000000000 ) ) ;
#4204 = EDGE_CURVE ( 'NONE', #3902, #2957, #4104, .T. ) ;
#4205 = EDGE_CURVE ( 'NONE', #1371, #1080, #2147, .T. ) ;
#4206 = ORIENTED_EDGE ( 'NONE', *, *, #2149, .T. ) ;
#4207 = DIRECTION ( 'NONE',  ( -0.000000000000000000, 1.000000000000000000, -0.000000000000000000 ) ) ;
#4208 = EDGE_CURVE ( 'NONE', #1306, #1572, #2130, .T. ) ;
#4209 = CARTESIAN_POINT ( 'NONE',  ( -36.99999999999998579, -24.00000000000000355, -41.49999999999999289 ) ) ;
#4210 = ORIENTED_EDGE ( 'NONE', *, *, #4353, .F. ) ;
#4211 = ORIENTED_EDGE ( 'NONE', *, *, #3223, .T. ) ;
#4212 = LINE ( 'NONE', #3909, #2224 ) ;
#4213 = DIRECTION ( 'NONE',  ( 0.000000000000000000, 0.000000000000000000, -1.000000000000000000 ) ) ;
#4214 = CARTESIAN_POINT ( 'NONE',  ( -47.50000000000000000, -16.00000000000000000, 34.99999999999999289 ) ) ;
#4215 = DIRECTION ( 'NONE',  ( 0.000000000000000000, 0.000000000000000000, 1.000000000000000000 ) ) ;
#4216 = DIRECTION ( 'NONE',  ( -0.000000000000000000, 0.000000000000000000, -1.000000000000000000 ) ) ;
#4217 = ORIENTED_EDGE ( 'NONE', *, *, #2927, .T. ) ;
#4218 = AXIS2_PLACEMENT_3D ( 'NONE', #2671, #504, #847 ) ;
#4219 = ORIENTED_EDGE ( 'NONE', *, *, #2361, .F. ) ;
#4220 = AXIS2_PLACEMENT_3D ( 'NONE', #2601, #1149, #1259 ) ;
#4221 = DIRECTION ( 'NONE',  ( 1.000000000000000000, 0.000000000000000000, -1.067522139062649685E-15 ) ) ;
#4222 = CIRCLE ( 'NONE', #2693, 1.000000000000000888 ) ;
#4223 = VERTEX_POINT ( 'NONE', #3327 ) ;
#4224 = VERTEX_POINT ( 'NONE', #4048 ) ;
#4225 = AXIS2_PLACEMENT_3D ( 'NONE', #3621, #2881, #2590 ) ;
#4226 = EDGE_CURVE ( 'NONE', #495, #2571, #2915, .T. ) ;
#4227 = DIRECTION ( 'NONE',  ( -0.000000000000000000, 1.000000000000000000, -0.000000000000000000 ) ) ;
#4228 = CARTESIAN_POINT ( 'NONE',  ( 41.49999999999999289, 0.000000000000000000, -4.500000000000000888 ) ) ;
#4229 = VECTOR ( 'NONE', #4475, 1000.000000000000000 ) ;
#4230 = VERTEX_POINT ( 'NONE', #351 ) ;
#4231 = AXIS2_PLACEMENT_3D ( 'NONE', #1021, #709, #2489 ) ;
#4232 = ADVANCED_FACE ( 'NONE', ( #1763, #3977 ), #4376, .F. ) ;
#4233 = DIRECTION ( 'NONE',  ( 0.000000000000000000, 0.000000000000000000, -1.000000000000000000 ) ) ;
#4234 = DIRECTION ( 'NONE',  ( 0.000000000000000000, 0.000000000000000000, -1.000000000000000000 ) ) ;
#4235 = CARTESIAN_POINT ( 'NONE',  ( -44.50000000000000000, -1.000000000000000000, 47.49999999999998579 ) ) ;
#4236 = DIRECTION ( 'NONE',  ( 1.000000000000000000, -0.000000000000000000, 1.460819769243627131E-16 ) ) ;
#4237 = ORIENTED_EDGE ( 'NONE', *, *, #841, .T. ) ;
#4238 = ORIENTED_EDGE ( 'NONE', *, *, #2182, .F. ) ;
#4239 = EDGE_CURVE ( 'NONE', #4404, #3908, #2956, .T. ) ;
#4240 = CARTESIAN_POINT ( 'NONE',  ( -47.30000000000000426, -26.00000000000000355, 35.00000000000000000 ) ) ;
#4241 = AXIS2_PLACEMENT_3D ( 'NONE', #1928, #2632, #1953 ) ;
#4242 = DIRECTION ( 'NONE',  ( 1.000000000000000000, 0.000000000000000000, -1.460819769243627131E-16 ) ) ;
#4243 = LINE ( 'NONE', #2085, #1952 ) ;
#4244 = DIRECTION ( 'NONE',  ( -1.559302000878028960E-16, 0.000000000000000000, 1.000000000000000000 ) ) ;
#4245 = CARTESIAN_POINT ( 'NONE',  ( 40.00000000000000000, -35.00000000000000000, -41.05000000000000426 ) ) ;
#4246 = ORIENTED_EDGE ( 'NONE', *, *, #337, .T. ) ;
#4247 = AXIS2_PLACEMENT_3D ( 'NONE', #3431, #1553, #2709 ) ;
#4248 = ORIENTED_EDGE ( 'NONE', *, *, #2776, .F. ) ;
#4249 =( LENGTH_UNIT ( ) NAMED_UNIT ( * ) SI_UNIT ( .MILLI., .METRE. ) );
#4250 = AXIS2_PLACEMENT_3D ( 'NONE', #1230, #3060, #3808 ) ;
#4251 = DIRECTION ( 'NONE',  ( -0.000000000000000000, -1.000000000000000000, -0.000000000000000000 ) ) ;
#4252 = ORIENTED_EDGE ( 'NONE', *, *, #1480, .F. ) ;
#4253 = ORIENTED_EDGE ( 'NONE', *, *, #2826, .F. ) ;
#4254 = AXIS2_PLACEMENT_3D ( 'NONE', #3112, #4571, #1277 ) ;
#4255 = LINE ( 'NONE', #2744, #3455 ) ;
#4256 = CARTESIAN_POINT ( 'NONE',  ( -47.50000000000000000, -26.00000000000000355, 34.00000000000000000 ) ) ;
#4257 = AXIS2_PLACEMENT_3D ( 'NONE', #1568, #3042, #3376 ) ;
#4258 = FACE_OUTER_BOUND ( 'NONE', #4307, .T. ) ;
#4259 = FACE_OUTER_BOUND ( 'NONE', #1759, .T. ) ;
#4260 = DIRECTION ( 'NONE',  ( 0.000000000000000000, -1.000000000000000000, 0.000000000000000000 ) ) ;
#4261 = CARTESIAN_POINT ( 'NONE',  ( 39.50000000000000000, -14.00000000000000000, 37.00000000000000711 ) ) ;
#4262 = ADVANCED_FACE ( 'NONE', ( #393 ), #1857, .F. ) ;
#4263 = VERTEX_POINT ( 'NONE', #1883 ) ;
#4264 = ORIENTED_EDGE ( 'NONE', *, *, #3085, .T. ) ;
#4265 = CARTESIAN_POINT ( 'NONE',  ( 44.49999999999999289, -35.00000000000000000, 44.50000000000000000 ) ) ;
#4266 = DIRECTION ( 'NONE',  ( 1.460819769243627131E-16, 0.000000000000000000, 1.000000000000000000 ) ) ;
#4267 = DIRECTION ( 'NONE',  ( -0.000000000000000000, 1.000000000000000000, -0.000000000000000000 ) ) ;
#4268 = LINE ( 'NONE', #2086, #4474 ) ;
#4269 = EDGE_CURVE ( 'NONE', #2571, #424, #3351, .T. ) ;
#4270 = ORIENTED_EDGE ( 'NONE', *, *, #337, .F. ) ;
#4271 = VERTEX_POINT ( 'NONE', #2246 ) ;
#4272 = CARTESIAN_POINT ( 'NONE',  ( -47.30000000000000426, -16.00000000000000000, 33.99999999999999289 ) ) ;
#4273 = LINE ( 'NONE', #1703, #2322 ) ;
#4274 = VERTEX_POINT ( 'NONE', #1136 ) ;
#4275 = EDGE_CURVE ( 'NONE', #998, #2828, #1800, .T. ) ;
#4276 = EDGE_LOOP ( 'NONE', ( #3135, #3492, #2045, #1428 ) ) ;
#4277 = CARTESIAN_POINT ( 'NONE',  ( 44.49999999999998579, -1.000000000000000000, -46.50000000000002132 ) ) ;
#4278 = CARTESIAN_POINT ( 'NONE',  ( -26.00000000000000000, -35.00000000000000711, -46.50000000000001421 ) ) ;
#4279 = EDGE_LOOP ( 'NONE', ( #4238, #275, #4612, #618 ) ) ;
#4280 = ORIENTED_EDGE ( 'NONE', *, *, #2360, .T. ) ;
#4281 = CARTESIAN_POINT ( 'NONE',  ( 37.00000000000000000, -14.00000000000000000, 43.50000000000000000 ) ) ;
#4282 = DIRECTION ( 'NONE',  ( -1.000000000000000000, -0.000000000000000000, -1.460819769243627377E-16 ) ) ;
#4283 = CARTESIAN_POINT ( 'NONE',  ( 0.000000000000000000, 0.000000000000000000, 0.000000000000000000 ) ) ;
#4284 = LINE ( 'NONE', #980, #3569 ) ;
#4285 = EDGE_LOOP ( 'NONE', ( #1548, #4014 ) ) ;
#4286 = FACE_OUTER_BOUND ( 'NONE', #4135, .T. ) ;
#4287 = CARTESIAN_POINT ( 'NONE',  ( -40.00000000000000000, -24.00000000000000355, -1.050000000000002265 ) ) ;
#4288 = ADVANCED_FACE ( 'NONE', ( #3713 ), #2607, .T. ) ;
#4289 = DIRECTION ( 'NONE',  ( 1.000000000000000000, -0.000000000000000000, 1.460819769243627131E-16 ) ) ;
#4290 = DIRECTION ( 'NONE',  ( 0.000000000000000000, 0.000000000000000000, 1.000000000000000000 ) ) ;
#4291 = ORIENTED_EDGE ( 'NONE', *, *, #2449, .T. ) ;
#4292 = VERTEX_POINT ( 'NONE', #2059 ) ;
#4293 = VECTOR ( 'NONE', #4125, 1000.000000000000000 ) ;
#4294 = DIRECTION ( 'NONE',  ( 1.000000000000000000, -0.000000000000000000, -1.460819769243627377E-16 ) ) ;
#4295 = ADVANCED_FACE ( 'NONE', ( #1695 ), #1384, .F. ) ;
#4296 = CARTESIAN_POINT ( 'NONE',  ( 40.00000000000000000, -13.99999999999999822, 0.000000000000000000 ) ) ;
#4297 = ORIENTED_EDGE ( 'NONE', *, *, #478, .T. ) ;
#4298 = CARTESIAN_POINT ( 'NONE',  ( -40.00000000000000000, -13.99999999999999822, 40.00000000000000000 ) ) ;
#4299 = VECTOR ( 'NONE', #3109, 1000.000000000000000 ) ;
#4300 = ORIENTED_EDGE ( 'NONE', *, *, #2912, .T. ) ;
#4301 = VECTOR ( 'NONE', #2461, 1000.000000000000000 ) ;
#4302 = AXIS2_PLACEMENT_3D ( 'NONE', #3119, #1983, #1312 ) ;
#4303 = EDGE_CURVE ( 'NONE', #1080, #3701, #2831, .T. ) ;
#4304 = CYLINDRICAL_SURFACE ( 'NONE', #2769, 1.050000000000002265 ) ;
#4305 = DIRECTION ( 'NONE',  ( 0.000000000000000000, 0.000000000000000000, 1.000000000000000000 ) ) ;
#4306 = VECTOR ( 'NONE', #1694, 1000.000000000000000 ) ;
#4307 = EDGE_LOOP ( 'NONE', ( #1315, #4711, #3122, #3044 ) ) ;
#4308 = ORIENTED_EDGE ( 'NONE', *, *, #253, .T. ) ;
#4309 = CARTESIAN_POINT ( 'NONE',  ( -46.50000000000001421, -1.000000000000000000, -44.50000000000001421 ) ) ;
#4310 = CIRCLE ( 'NONE', #712, 1.000000000000000888 ) ;
#4311 = DIRECTION ( 'NONE',  ( -0.000000000000000000, 1.000000000000000000, -0.000000000000000000 ) ) ;
#4312 = DIRECTION ( 'NONE',  ( 1.000000000000000000, -0.000000000000000000, 1.460819769243627131E-16 ) ) ;
#4313 = ORIENTED_EDGE ( 'NONE', *, *, #3063, .F. ) ;
#4314 = VECTOR ( 'NONE', #4719, 1000.000000000000000 ) ;
#4315 = CYLINDRICAL_SURFACE ( 'NONE', #4375, 1.000000000000000888 ) ;
#4316 = VECTOR ( 'NONE', #4152, 1000.000000000000000 ) ;
#4317 = CARTESIAN_POINT ( 'NONE',  ( 37.00000000000000000, -14.00000000000000000, 39.50000000000000711 ) ) ;
#4318 = DIRECTION ( 'NONE',  ( 0.000000000000000000, -1.000000000000000000, 0.000000000000000000 ) ) ;
#4319 = EDGE_LOOP ( 'NONE', ( #1209, #2277, #56, #4532 ) ) ;
#4320 = EDGE_CURVE ( 'NONE', #1577, #2790, #1647, .T. ) ;
#4321 = CIRCLE ( 'NONE', #3784, 3.000000000000002665 ) ;
#4322 = CARTESIAN_POINT ( 'NONE',  ( 47.29999999999999005, -15.99999999999999289, -35.00000000000000711 ) ) ;
#4323 = FACE_OUTER_BOUND ( 'NONE', #2754, .T. ) ;
#4324 = ORIENTED_EDGE ( 'NONE', *, *, #502, .T. ) ;
#4325 = DIRECTION ( 'NONE',  ( 0.000000000000000000, -1.000000000000000000, 0.000000000000000000 ) ) ;
#4326 = CIRCLE ( 'NONE', #173, 1.000000000000000888 ) ;
#4327 = ORIENTED_EDGE ( 'NONE', *, *, #4423, .F. ) ;
#4328 = EDGE_CURVE ( 'NONE', #3894, #3968, #3524, .T. ) ;
#4329 = AXIS2_PLACEMENT_3D ( 'NONE', #1007, #2402, #3141 ) ;
#4330 = DIRECTION ( 'NONE',  ( 0.000000000000000000, 0.000000000000000000, 1.000000000000000000 ) ) ;
#4331 = CARTESIAN_POINT ( 'NONE',  ( 39.50000000000000000, -14.00000000000000000, -37.00000000000000000 ) ) ;
#4332 = VECTOR ( 'NONE', #1355, 1000.000000000000000 ) ;
#4333 = ADVANCED_FACE ( 'NONE', ( #3199, #544 ), #2427, .F. ) ;
#4334 = FACE_OUTER_BOUND ( 'NONE', #3897, .T. ) ;
#4335 = VECTOR ( 'NONE', #3963, 1000.000000000000000 ) ;
#4336 = CARTESIAN_POINT ( 'NONE',  ( -34.99999999999998579, -14.00000000000000000, -41.49999999999999289 ) ) ;
#4337 = VERTEX_POINT ( 'NONE', #206 ) ;
#4338 = FACE_OUTER_BOUND ( 'NONE', #129, .T. ) ;
#4339 = CARTESIAN_POINT ( 'NONE',  ( -37.00000000000000000, 0.000000000000000000, 2.500000000000000000 ) ) ;
#4340 = ORIENTED_EDGE ( 'NONE', *, *, #4387, .F. ) ;
#4341 = EDGE_LOOP ( 'NONE', ( #4365, #2362, #915, #188 ) ) ;
#4342 = FACE_OUTER_BOUND ( 'NONE', #2851, .T. ) ;
#4343 = DIRECTION ( 'NONE',  ( 0.000000000000000000, -0.000000000000000000, -1.000000000000000000 ) ) ;
#4344 = ORIENTED_EDGE ( 'NONE', *, *, #4139, .T. ) ;
#4345 = CARTESIAN_POINT ( 'NONE',  ( 39.50000000000000000, -14.00000000000000000, -39.50000000000000000 ) ) ;
#4346 = ORIENTED_EDGE ( 'NONE', *, *, #4007, .F. ) ;
#4347 = CARTESIAN_POINT ( 'NONE',  ( -47.49999999999998579, -25.99999999999999645, -34.00000000000001421 ) ) ;
#4348 = CARTESIAN_POINT ( 'NONE',  ( -39.50000000000000000, -24.00000000000000355, 39.49999999999999289 ) ) ;
#4349 = EDGE_CURVE ( 'NONE', #3886, #1683, #1311, .T. ) ;
#4350 = FACE_OUTER_BOUND ( 'NONE', #4341, .T. ) ;
#4351 = CARTESIAN_POINT ( 'NONE',  ( 37.00000000000000000, -14.00000000000000000, 41.49999999999999289 ) ) ;
#4352 = EDGE_CURVE ( 'NONE', #2435, #3644, #4243, .T. ) ;
#4353 = EDGE_CURVE ( 'NONE', #4274, #1129, #2114, .T. ) ;
#4354 = CARTESIAN_POINT ( 'NONE',  ( 39.50000000000000000, 0.000000000000000000, -2.500000000000000000 ) ) ;
#4355 = ORIENTED_EDGE ( 'NONE', *, *, #2284, .F. ) ;
#4356 = DIRECTION ( 'NONE',  ( 0.000000000000000000, 0.000000000000000000, -1.000000000000000000 ) ) ;
#4357 = CARTESIAN_POINT ( 'NONE',  ( -47.30000000000000426, -6.000000000000000000, 34.99999999999999289 ) ) ;
#4358 = EDGE_CURVE ( 'NONE', #1379, #4500, #3477, .T. ) ;
#4359 = DIRECTION ( 'NONE',  ( 1.000000000000000000, 0.000000000000000000, -1.460819769243627131E-16 ) ) ;
#4360 = DIRECTION ( 'NONE',  ( 1.000000000000000000, 0.000000000000000000, -0.000000000000000000 ) ) ;
#4361 = ORIENTED_EDGE ( 'NONE', *, *, #1413, .F. ) ;
#4362 = ORIENTED_EDGE ( 'NONE', *, *, #3603, .T. ) ;
#4363 = CARTESIAN_POINT ( 'NONE',  ( -40.00000000000000000, -35.00000000000000000, 41.05000000000000426 ) ) ;
#4364 = FACE_BOUND ( 'NONE', #1501, .T. ) ;
#4365 = ORIENTED_EDGE ( 'NONE', *, *, #2868, .F. ) ;
#4366 = CARTESIAN_POINT ( 'NONE',  ( -47.29999999999999005, -25.99999999999999645, -34.00000000000001421 ) ) ;
#4367 = EDGE_LOOP ( 'NONE', ( #1526, #4486, #3075, #3434 ) ) ;
#4368 = AXIS2_PLACEMENT_3D ( 'NONE', #4522, #2298, #2706 ) ;
#4369 = CARTESIAN_POINT ( 'NONE',  ( -47.29999999999999005, -25.99999999999999645, -35.00000000000001421 ) ) ;
#4370 = VECTOR ( 'NONE', #1088, 1000.000000000000000 ) ;
#4371 = CARTESIAN_POINT ( 'NONE',  ( -47.49999999999998579, -25.99999999999999645, -36.00000000000002132 ) ) ;
#4372 = AXIS2_PLACEMENT_3D ( 'NONE', #3258, #2935, #661 ) ;
#4373 = LINE ( 'NONE', #2894, #4370 ) ;
#4374 = CARTESIAN_POINT ( 'NONE',  ( -43.49999999999999289, -35.00000000000000000, -39.99999999999999289 ) ) ;
#4375 = AXIS2_PLACEMENT_3D ( 'NONE', #1033, #1407, #1338 ) ;
#4376 = PLANE ( 'NONE',  #2800 ) ;
#4377 = ORIENTED_EDGE ( 'NONE', *, *, #720, .F. ) ;
#4378 = EDGE_CURVE ( 'NONE', #3002, #2050, #1006, .T. ) ;
#4379 = AXIS2_PLACEMENT_3D ( 'NONE', #2175, #3614, #4742 ) ;
#4380 = CARTESIAN_POINT ( 'NONE',  ( -47.30000000000000426, -26.00000000000000355, 35.00000000000000000 ) ) ;
#4381 = CARTESIAN_POINT ( 'NONE',  ( -39.99999999999998579, -35.00000000000000000, -39.99999999999999289 ) ) ;
#4382 = CARTESIAN_POINT ( 'NONE',  ( 47.30000000000000426, -16.00000000000000000, 34.99999999999999289 ) ) ;
#4383 = CARTESIAN_POINT ( 'NONE',  ( 0.000000000000000000, -14.00000000000000000, 0.000000000000000000 ) ) ;
#4384 = AXIS2_PLACEMENT_3D ( 'NONE', #4670, #195, #2023 ) ;
#4385 = EDGE_LOOP ( 'NONE', ( #3022, #1386, #1867, #1699, #741, #4211, #3158, #3667 ) ) ;
#4386 = ORIENTED_EDGE ( 'NONE', *, *, #1304, .F. ) ;
#4387 = EDGE_CURVE ( 'NONE', #3187, #722, #4176, .T. ) ;
#4388 = LINE ( 'NONE', #4055, #2462 ) ;
#4389 = AXIS2_PLACEMENT_3D ( 'NONE', #3390, #3706, #2238 ) ;
#4390 = FACE_OUTER_BOUND ( 'NONE', #3131, .T. ) ;
#4391 = ORIENTED_EDGE ( 'NONE', *, *, #3303, .T. ) ;
#4392 = DIRECTION ( 'NONE',  ( 0.000000000000000000, 0.000000000000000000, 1.000000000000000000 ) ) ;
#4393 = ORIENTED_EDGE ( 'NONE', *, *, #4060, .F. ) ;
#4394 = AXIS2_PLACEMENT_3D ( 'NONE', #776, #3050, #843 ) ;
#4395 = ORIENTED_EDGE ( 'NONE', *, *, #3737, .T. ) ;
#4396 = CARTESIAN_POINT ( 'NONE',  ( 47.30000000000000426, -16.00000000000000000, 34.99999999999999289 ) ) ;
#4397 = AXIS2_PLACEMENT_3D ( 'NONE', #288, #3530, #2042 ) ;
#4398 = FACE_OUTER_BOUND ( 'NONE', #1704, .T. ) ;
#4399 = VECTOR ( 'NONE', #3632, 1000.000000000000000 ) ;
#4400 = DIRECTION ( 'NONE',  ( -0.000000000000000000, -1.000000000000000000, 0.000000000000000000 ) ) ;
#4401 = DIRECTION ( 'NONE',  ( 1.460819769243627131E-16, 0.000000000000000000, -1.000000000000000000 ) ) ;
#4402 = VECTOR ( 'NONE', #3670, 1000.000000000000000 ) ;
#4403 = CARTESIAN_POINT ( 'NONE',  ( 44.49999999999998579, -35.00000000000000000, -44.50000000000001421 ) ) ;
#4404 = VERTEX_POINT ( 'NONE', #1747 ) ;
#4405 = CIRCLE ( 'NONE', #4480, 1.000000000000000888 ) ;
#4406 = FACE_OUTER_BOUND ( 'NONE', #766, .T. ) ;
#4407 = LINE ( 'NONE', #3692, #4001 ) ;
#4408 = CARTESIAN_POINT ( 'NONE',  ( 26.00000000000000355, -36.00000000000000711, -46.70000000000000995 ) ) ;
#4409 = ADVANCED_FACE ( 'NONE', ( #231 ), #3579, .F. ) ;
#4410 = CARTESIAN_POINT ( 'NONE',  ( 47.29999999999999005, -25.99999999999999645, -35.00000000000001421 ) ) ;
#4411 = ORIENTED_EDGE ( 'NONE', *, *, #4736, .F. ) ;
#4412 = ORIENTED_EDGE ( 'NONE', *, *, #4550, .T. ) ;
#4413 = CARTESIAN_POINT ( 'NONE',  ( 44.49999999999999289, -35.00000000000000000, -45.75000000000000000 ) ) ;
#4414 = DIRECTION ( 'NONE',  ( -0.000000000000000000, 1.000000000000000000, -0.000000000000000000 ) ) ;
#4415 = EDGE_CURVE ( 'NONE', #4224, #3797, #3171, .T. ) ;
#4416 = ORIENTED_EDGE ( 'NONE', *, *, #4581, .T. ) ;
#4417 = CARTESIAN_POINT ( 'NONE',  ( -40.00000000000000000, -35.00000000000000000, 0.000000000000000000 ) ) ;
#4418 = ADVANCED_FACE ( 'NONE', ( #933, #3941, #573, #649, #1339, #2400, #3863 ), #3500, .T. ) ;
#4419 = EDGE_LOOP ( 'NONE', ( #2140, #2668 ) ) ;
#4420 = ORIENTED_EDGE ( 'NONE', *, *, #961, .T. ) ;
#4421 = DIRECTION ( 'NONE',  ( 0.000000000000000000, -1.000000000000000000, 0.000000000000000000 ) ) ;
#4422 = FACE_OUTER_BOUND ( 'NONE', #657, .T. ) ;
#4423 = EDGE_CURVE ( 'NONE', #2262, #61, #984, .T. ) ;
#4424 = DIRECTION ( 'NONE',  ( -1.000000000000000000, 0.000000000000000000, -1.067522139062650671E-15 ) ) ;
#4425 = FACE_OUTER_BOUND ( 'NONE', #2192, .T. ) ;
#4426 = FACE_OUTER_BOUND ( 'NONE', #286, .T. ) ;
#4427 = VERTEX_POINT ( 'NONE', #3669 ) ;
#4428 = DIRECTION ( 'NONE',  ( 0.000000000000000000, 1.000000000000000000, -0.000000000000000000 ) ) ;
#4429 = DIRECTION ( 'NONE',  ( -0.000000000000000000, -1.000000000000000000, -0.000000000000000000 ) ) ;
#4430 = FACE_OUTER_BOUND ( 'NONE', #2479, .T. ) ;
#4431 = CARTESIAN_POINT ( 'NONE',  ( -47.30000000000000426, -26.00000000000000355, 35.00000000000000000 ) ) ;
#4432 = ORIENTED_EDGE ( 'NONE', *, *, #4204, .T. ) ;
#4433 = EDGE_LOOP ( 'NONE', ( #241, #2346, #4748, #4646 ) ) ;
#4434 = ADVANCED_FACE ( 'NONE', ( #3622, #2566 ), #1097, .T. ) ;
#4435 = CARTESIAN_POINT ( 'NONE',  ( 39.50000000000000000, 0.000000000000000000, 2.500000000000000000 ) ) ;
#4436 = CARTESIAN_POINT ( 'NONE',  ( 37.00000000000000000, -24.00000000000000355, -37.00000000000000000 ) ) ;
#4437 = CARTESIAN_POINT ( 'NONE',  ( 40.00000000000000000, -24.00000000000000355, 0.000000000000000000 ) ) ;
#4438 = FACE_OUTER_BOUND ( 'NONE', #4142, .T. ) ;
#4439 = VERTEX_POINT ( 'NONE', #4747 ) ;
#4440 = EDGE_CURVE ( 'NONE', #2828, #998, #2498, .T. ) ;
#4441 = CARTESIAN_POINT ( 'NONE',  ( -43.50000000000001421, -14.00000000000000000, 39.99999999999998579 ) ) ;
#4442 = CARTESIAN_POINT ( 'NONE',  ( 26.00000000000000355, 40.00000000000000000, -46.50000000000001421 ) ) ;
#4443 = ORIENTED_EDGE ( 'NONE', *, *, #2859, .F. ) ;
#4444 = ADVANCED_FACE ( 'NONE', ( #4728 ), #1476, .F. ) ;
#4445 = AXIS2_PLACEMENT_3D ( 'NONE', #180, #2057, #2447 ) ;
#4446 = CARTESIAN_POINT ( 'NONE',  ( 41.49999999999999289, -24.00000000000000355, 35.00000000000000000 ) ) ;
#4447 = CARTESIAN_POINT ( 'NONE',  ( -44.50000000000001421, -1.000000000000000000, -44.50000000000001421 ) ) ;
#4448 = AXIS2_PLACEMENT_3D ( 'NONE', #2337, #4155, #2964 ) ;
#4449 = VERTEX_POINT ( 'NONE', #4317 ) ;
#4450 = DIRECTION ( 'NONE',  ( 0.000000000000000000, 0.000000000000000000, 1.000000000000000000 ) ) ;
#4451 = DIRECTION ( 'NONE',  ( 0.000000000000000000, -1.000000000000000000, 0.000000000000000000 ) ) ;
#4452 = CARTESIAN_POINT ( 'NONE',  ( -44.50000000000001421, 0.000000000000000000, 43.25000000000000000 ) ) ;
#4453 = ORIENTED_EDGE ( 'NONE', *, *, #1148, .T. ) ;
#4454 = AXIS2_PLACEMENT_3D ( 'NONE', #4357, #743, #11 ) ;
#4455 = VERTEX_POINT ( 'NONE', #1838 ) ;
#4456 = CARTESIAN_POINT ( 'NONE',  ( -47.29999999999999005, -5.999999999999991118, -35.00000000000000711 ) ) ;
#4457 = LINE ( 'NONE', #4436, #3323 ) ;
#4458 = VERTEX_POINT ( 'NONE', #3981 ) ;
#4459 = CARTESIAN_POINT ( 'NONE',  ( 47.49999999999998579, -25.99999999999999645, -36.00000000000002132 ) ) ;
#4460 = ORIENTED_EDGE ( 'NONE', *, *, #1235, .F. ) ;
#4461 = CIRCLE ( 'NONE', #2399, 3.000000000000002665 ) ;
#4462 = FACE_OUTER_BOUND ( 'NONE', #4367, .T. ) ;
#4463 = DIRECTION ( 'NONE',  ( 0.000000000000000000, 0.000000000000000000, -1.000000000000000000 ) ) ;
#4464 = AXIS2_PLACEMENT_3D ( 'NONE', #4530, #1240, #2714 ) ;
#4465 = ADVANCED_FACE ( 'NONE', ( #2501 ), #2900, .F. ) ;
#4466 = ORIENTED_EDGE ( 'NONE', *, *, #810, .F. ) ;
#4467 = AXIS2_PLACEMENT_3D ( 'NONE', #4509, #2271, #1223 ) ;
#4468 = DIRECTION ( 'NONE',  ( 0.000000000000000000, 0.000000000000000000, -1.000000000000000000 ) ) ;
#4469 = CYLINDRICAL_SURFACE ( 'NONE', #2630, 2.000000000000001776 ) ;
#4470 = DIRECTION ( 'NONE',  ( 0.000000000000000000, -1.000000000000000000, 0.000000000000000000 ) ) ;
#4471 = EDGE_CURVE ( 'NONE', #3521, #2281, #2722, .T. ) ;
#4472 = VECTOR ( 'NONE', #4172, 1000.000000000000000 ) ;
#4473 = ORIENTED_EDGE ( 'NONE', *, *, #3959, .T. ) ;
#4474 = VECTOR ( 'NONE', #2135, 1000.000000000000000 ) ;
#4475 = DIRECTION ( 'NONE',  ( 0.000000000000000000, 1.000000000000000000, 0.000000000000000000 ) ) ;
#4476 = DIRECTION ( 'NONE',  ( 0.000000000000000000, 0.000000000000000000, -1.000000000000000000 ) ) ;
#4477 = ADVANCED_FACE ( 'NONE', ( #38, #2522, #2948, #1817, #331 ), #1452, .T. ) ;
#4478 = DIRECTION ( 'NONE',  ( 0.000000000000000000, 0.000000000000000000, -1.000000000000000000 ) ) ;
#4479 = ORIENTED_EDGE ( 'NONE', *, *, #804, .F. ) ;
#4480 = AXIS2_PLACEMENT_3D ( 'NONE', #3998, #714, #369 ) ;
#4481 = VERTEX_POINT ( 'NONE', #1793 ) ;
#4482 = DIRECTION ( 'NONE',  ( 0.000000000000000000, 0.000000000000000000, -1.000000000000000000 ) ) ;
#4483 = LINE ( 'NONE', #4082, #3074 ) ;
#4484 = FACE_OUTER_BOUND ( 'NONE', #2351, .T. ) ;
#4485 = ORIENTED_EDGE ( 'NONE', *, *, #2517, .F. ) ;
#4486 = ORIENTED_EDGE ( 'NONE', *, *, #3410, .F. ) ;
#4487 = DIRECTION ( 'NONE',  ( -0.000000000000000000, 0.000000000000000000, -1.000000000000000000 ) ) ;
#4488 = ORIENTED_EDGE ( 'NONE', *, *, #253, .F. ) ;
#4489 = EDGE_CURVE ( 'NONE', #193, #1076, #4180, .T. ) ;
#4490 = DIRECTION ( 'NONE',  ( 0.000000000000000000, 0.000000000000000000, -1.000000000000000000 ) ) ;
#4491 = CARTESIAN_POINT ( 'NONE',  ( 44.49999999999999289, -35.00000000000000000, -44.50000000000000000 ) ) ;
#4492 = CARTESIAN_POINT ( 'NONE',  ( 37.00000000000000000, -14.00000000000000000, -39.50000000000000000 ) ) ;
#4493 = ORIENTED_EDGE ( 'NONE', *, *, #441, .T. ) ;
#4494 = EDGE_CURVE ( 'NONE', #4540, #2813, #674, .T. ) ;
#4495 = DIRECTION ( 'NONE',  ( 1.000000000000000000, -0.000000000000000000, 1.559302000878028960E-16 ) ) ;
#4496 = EDGE_CURVE ( 'NONE', #1961, #2579, #3270, .T. ) ;
#4497 = CARTESIAN_POINT ( 'NONE',  ( 39.50000000000000000, 0.000000000000000000, -37.00000000000000000 ) ) ;
#4498 = DIRECTION ( 'NONE',  ( -0.000000000000000000, 1.000000000000000000, -0.000000000000000000 ) ) ;
#4499 = ORIENTED_EDGE ( 'NONE', *, *, #4064, .T. ) ;
#4500 = VERTEX_POINT ( 'NONE', #1498 ) ;
#4501 = EDGE_CURVE ( 'NONE', #4458, #1438, #2183, .T. ) ;
#4502 = EDGE_LOOP ( 'NONE', ( #1188, #982 ) ) ;
#4503 = CARTESIAN_POINT ( 'NONE',  ( -46.70000000000001705, -36.00000000000000711, -44.50000000000001421 ) ) ;
#4504 = ORIENTED_EDGE ( 'NONE', *, *, #4624, .T. ) ;
#4505 = LINE ( 'NONE', #2690, #2405 ) ;
#4506 = ORIENTED_EDGE ( 'NONE', *, *, #2102, .F. ) ;
#4507 = CARTESIAN_POINT ( 'NONE',  ( 47.29999999999999005, -5.999999999999991118, -36.00000000000001421 ) ) ;
#4508 = CARTESIAN_POINT ( 'NONE',  ( -41.50000000000000000, -24.00000000000000355, 37.00000000000000000 ) ) ;
#4509 = CARTESIAN_POINT ( 'NONE',  ( 47.29999999999999005, -5.999999999999991118, -35.00000000000000711 ) ) ;
#4510 = ADVANCED_FACE ( 'NONE', ( #3309 ), #2921, .F. ) ;
#4511 = VERTEX_POINT ( 'NONE', #3599 ) ;
#4512 = ORIENTED_EDGE ( 'NONE', *, *, #668, .F. ) ;
#4513 = FACE_OUTER_BOUND ( 'NONE', #380, .T. ) ;
#4514 = CIRCLE ( 'NONE', #1916, 3.500000000000003109 ) ;
#4515 = DIRECTION ( 'NONE',  ( 1.000000000000000000, 0.000000000000000000, -1.460819769243627131E-16 ) ) ;
#4516 = CARTESIAN_POINT ( 'NONE',  ( 47.49999999999998579, -15.99999999999999289, -35.00000000000000711 ) ) ;
#4517 = EDGE_CURVE ( 'NONE', #3275, #3089, #1768, .T. ) ;
#4518 = ORIENTED_EDGE ( 'NONE', *, *, #1290, .T. ) ;
#4519 = EDGE_LOOP ( 'NONE', ( #825, #1996, #4122, #1106, #4566, #1483 ) ) ;
#4520 = VECTOR ( 'NONE', #2214, 1000.000000000000000 ) ;
#4521 = AXIS2_PLACEMENT_3D ( 'NONE', #2618, #447, #1913 ) ;
#4522 = CARTESIAN_POINT ( 'NONE',  ( 39.50000000000000000, 0.000000000000000000, -39.50000000000000000 ) ) ;
#4523 = PLANE ( 'NONE',  #3616 ) ;
#4524 = CARTESIAN_POINT ( 'NONE',  ( -37.00000000000000000, -24.00000000000000355, 0.000000000000000000 ) ) ;
#4525 = CIRCLE ( 'NONE', #1927, 1.050000000000002265 ) ;
#4526 = ADVANCED_FACE ( 'NONE', ( #2591 ), #764, .F. ) ;
#4527 = ORIENTED_EDGE ( 'NONE', *, *, #4181, .F. ) ;
#4528 = EDGE_LOOP ( 'NONE', ( #3195, #2410, #582, #1334 ) ) ;
#4529 = AXIS2_PLACEMENT_3D ( 'NONE', #3442, #3468, #1567 ) ;
#4530 = CARTESIAN_POINT ( 'NONE',  ( -39.99999999999998579, 0.000000000000000000, -39.99999999999999289 ) ) ;
#4531 = VERTEX_POINT ( 'NONE', #1932 ) ;
#4532 = ORIENTED_EDGE ( 'NONE', *, *, #4631, .F. ) ;
#4533 = AXIS2_PLACEMENT_3D ( 'NONE', #3370, #74, #217 ) ;
#4534 = PLANE ( 'NONE',  #1919 ) ;
#4535 = VECTOR ( 'NONE', #604, 1000.000000000000000 ) ;
#4536 = DIRECTION ( 'NONE',  ( -1.000000000000000000, -0.000000000000000000, -0.000000000000000000 ) ) ;
#4537 = FACE_OUTER_BOUND ( 'NONE', #1101, .T. ) ;
#4538 = EDGE_LOOP ( 'NONE', ( #588, #751, #592, #3174 ) ) ;
#4539 = STYLED_ITEM ( 'NONE', ( #1287 ), #3077 ) ;
#4540 = VERTEX_POINT ( 'NONE', #3807 ) ;
#4541 = FACE_OUTER_BOUND ( 'NONE', #15, .T. ) ;
#4542 = AXIS2_PLACEMENT_3D ( 'NONE', #3792, #2303, #1261 ) ;
#4543 = LINE ( 'NONE', #1303, #497 ) ;
#4544 = DIRECTION ( 'NONE',  ( 0.000000000000000000, 0.000000000000000000, -1.000000000000000000 ) ) ;
#4545 = ORIENTED_EDGE ( 'NONE', *, *, #2603, .T. ) ;
#4546 = ORIENTED_EDGE ( 'NONE', *, *, #3860, .T. ) ;
#4547 = VECTOR ( 'NONE', #2758, 1000.000000000000000 ) ;
#4548 = CARTESIAN_POINT ( 'NONE',  ( -43.50000000000000000, -24.00000000000000355, -4.499999999999997335 ) ) ;
#4549 = CARTESIAN_POINT ( 'NONE',  ( 43.50000000000000000, -35.00000000000000000, -39.99999999999999289 ) ) ;
#4550 = EDGE_CURVE ( 'NONE', #290, #4745, #1642, .T. ) ;
#4551 = CARTESIAN_POINT ( 'NONE',  ( 44.49999999999999289, 0.000000000000000000, -44.50000000000000000 ) ) ;
#4552 = CARTESIAN_POINT ( 'NONE',  ( -40.00000000000000000, -13.99999999999999822, -41.05000000000000426 ) ) ;
#4553 = AXIS2_PLACEMENT_3D ( 'NONE', #2154, #3288, #354 ) ;
#4554 = ORIENTED_EDGE ( 'NONE', *, *, #3355, .T. ) ;
#4555 = ORIENTED_EDGE ( 'NONE', *, *, #3480, .T. ) ;
#4556 = AXIS2_PLACEMENT_3D ( 'NONE', #832, #2320, #3740 ) ;
#4557 = ADVANCED_FACE ( 'NONE', ( #3059 ), #2637, .F. ) ;
#4558 = DIRECTION ( 'NONE',  ( -0.000000000000000000, 1.000000000000000000, -0.000000000000000000 ) ) ;
#4559 = EDGE_CURVE ( 'NONE', #287, #4481, #440, .T. ) ;
#4560 = EDGE_LOOP ( 'NONE', ( #3055, #1060, #677, #4217 ) ) ;
#4561 = ORIENTED_EDGE ( 'NONE', *, *, #2521, .T. ) ;
#4562 = EDGE_CURVE ( 'NONE', #3002, #4540, #738, .T. ) ;
#4563 = LINE ( 'NONE', #3925, #1004 ) ;
#4564 = CYLINDRICAL_SURFACE ( 'NONE', #2557, 2.000000000000001776 ) ;
#4565 = DIRECTION ( 'NONE',  ( 0.000000000000000000, 0.000000000000000000, -1.000000000000000000 ) ) ;
#4566 = ORIENTED_EDGE ( 'NONE', *, *, #1976, .T. ) ;
#4567 = ORIENTED_EDGE ( 'NONE', *, *, #2127, .F. ) ;
#4568 = PLANE ( 'NONE',  #1298 ) ;
#4569 = DIRECTION ( 'NONE',  ( -0.000000000000000000, -1.000000000000000000, -0.000000000000000000 ) ) ;
#4570 = FACE_OUTER_BOUND ( 'NONE', #333, .T. ) ;
#4571 = DIRECTION ( 'NONE',  ( -0.000000000000000000, 1.000000000000000000, -0.000000000000000000 ) ) ;
#4572 = VERTEX_POINT ( 'NONE', #1519 ) ;
#4573 = ORIENTED_EDGE ( 'NONE', *, *, #4423, .T. ) ;
#4574 = CARTESIAN_POINT ( 'NONE',  ( -43.50000000000000711, 0.000000000000000000, 37.00000000000000000 ) ) ;
#4575 = DIRECTION ( 'NONE',  ( 0.000000000000000000, 0.000000000000000000, -1.000000000000000000 ) ) ;
#4576 = DIRECTION ( 'NONE',  ( 1.000000000000000000, -0.000000000000000000, 1.460819769243627131E-16 ) ) ;
#4577 = DIRECTION ( 'NONE',  ( -1.595148023886719315E-16, -0.000000000000000000, 1.000000000000000000 ) ) ;
#4578 = DIRECTION ( 'NONE',  ( 0.000000000000000000, 0.000000000000000000, -1.000000000000000000 ) ) ;
#4579 = ORIENTED_EDGE ( 'NONE', *, *, #4720, .T. ) ;
#4580 = EDGE_LOOP ( 'NONE', ( #3047, #2795, #1319, #1286 ) ) ;
#4581 = EDGE_CURVE ( 'NONE', #2627, #1122, #349, .T. ) ;
#4582 = DIRECTION ( 'NONE',  ( 0.000000000000000000, 0.000000000000000000, 1.000000000000000000 ) ) ;
#4583 = APPLICATION_CONTEXT ( 'automotive_design' ) ;
#4584 = ORIENTED_EDGE ( 'NONE', *, *, #1148, .F. ) ;
#4585 = VERTEX_POINT ( 'NONE', #1228 ) ;
#4586 = EDGE_CURVE ( 'NONE', #1219, #2680, #2701, .T. ) ;
#4587 = DIRECTION ( 'NONE',  ( 0.000000000000000000, 1.000000000000000000, 0.000000000000000000 ) ) ;
#4588 = FACE_OUTER_BOUND ( 'NONE', #1262, .T. ) ;
#4589 = ADVANCED_FACE ( 'NONE', ( #81 ), #1977, .T. ) ;
#4590 = VERTEX_POINT ( 'NONE', #2293 ) ;
#4591 = ORIENTED_EDGE ( 'NONE', *, *, #1102, .T. ) ;
#4592 = CARTESIAN_POINT ( 'NONE',  ( -47.50000000000000000, -16.00000000000000000, 33.99999999999999289 ) ) ;
#4593 = DIRECTION ( 'NONE',  ( 1.000000000000000000, 0.000000000000000000, 1.559302000878028960E-16 ) ) ;
#4594 = FACE_BOUND ( 'NONE', #4502, .T. ) ;
#4595 = FACE_BOUND ( 'NONE', #4419, .T. ) ;
#4596 = AXIS2_PLACEMENT_3D ( 'NONE', #3331, #4726, #327 ) ;
#4597 = ORIENTED_EDGE ( 'NONE', *, *, #4204, .F. ) ;
#4598 = ORIENTED_EDGE ( 'NONE', *, *, #1507, .T. ) ;
#4599 = DIRECTION ( 'NONE',  ( 1.067522139062649685E-15, -0.000000000000000000, 1.000000000000000000 ) ) ;
#4600 = CIRCLE ( 'NONE', #3920, 1.000000000000000888 ) ;
#4601 = CARTESIAN_POINT ( 'NONE',  ( -43.49999999999999289, 0.000000000000000000, -37.00000000000000000 ) ) ;
#4602 = CARTESIAN_POINT ( 'NONE',  ( -47.50000000000001421, -35.00000000000000000, -47.50000000000001421 ) ) ;
#4603 = PLANE ( 'NONE',  #2 ) ;
#4604 = DIRECTION ( 'NONE',  ( 1.000000000000000000, 0.000000000000000000, 1.460819769243627131E-16 ) ) ;
#4605 = ORIENTED_EDGE ( 'NONE', *, *, #2123, .F. ) ;
#4606 = AXIS2_PLACEMENT_3D ( 'NONE', #4757, #1397, #4042 ) ;
#4607 = ORIENTED_EDGE ( 'NONE', *, *, #1099, .T. ) ;
#4608 = SURFACE_STYLE_FILL_AREA ( #3145 ) ;
#4609 = AXIS2_PLACEMENT_3D ( 'NONE', #3184, #2047, #216 ) ;
#4610 = CARTESIAN_POINT ( 'NONE',  ( 47.50000000000000000, -6.000000000000000000, 36.00000000000000000 ) ) ;
#4611 = EDGE_CURVE ( 'NONE', #3392, #1459, #3402, .T. ) ;
#4612 = ORIENTED_EDGE ( 'NONE', *, *, #2460, .T. ) ;
#4613 = VERTEX_POINT ( 'NONE', #422 ) ;
#4614 = AXIS2_PLACEMENT_3D ( 'NONE', #932, #648, #3169 ) ;
#4615 = CARTESIAN_POINT ( 'NONE',  ( -47.29999999999999005, -15.99999999999999289, -34.00000000000000711 ) ) ;
#4616 = LINE ( 'NONE', #3185, #477 ) ;
#4617 = EDGE_CURVE ( 'NONE', #2435, #2185, #789, .T. ) ;
#4618 = CIRCLE ( 'NONE', #3771, 1.050000000000002265 ) ;
#4619 = ORIENTED_EDGE ( 'NONE', *, *, #3415, .T. ) ;
#4620 = ORIENTED_EDGE ( 'NONE', *, *, #2216, .T. ) ;
#4621 = AXIS2_PLACEMENT_3D ( 'NONE', #2556, #1086, #4695 ) ;
#4622 = DIRECTION ( 'NONE',  ( 1.000000000000000000, 0.000000000000000000, -1.460819769243627131E-16 ) ) ;
#4623 = CARTESIAN_POINT ( 'NONE',  ( -43.50000000000001421, -14.00000000000000000, 43.50000000000000000 ) ) ;
#4624 = EDGE_CURVE ( 'NONE', #2819, #2593, #3341, .T. ) ;
#4625 = CARTESIAN_POINT ( 'NONE',  ( 44.50000000000000000, -35.00000000000000000, 44.49999999999998579 ) ) ;
#4626 = DIRECTION ( 'NONE',  ( -1.000000000000000000, 0.000000000000000000, 0.000000000000000000 ) ) ;
#4627 = VECTOR ( 'NONE', #338, 1000.000000000000000 ) ;
#4628 = VERTEX_POINT ( 'NONE', #2252 ) ;
#4629 = EDGE_LOOP ( 'NONE', ( #4597, #2317, #2247, #1279 ) ) ;
#4630 = DIRECTION ( 'NONE',  ( -0.000000000000000000, 1.000000000000000000, -0.000000000000000000 ) ) ;
#4631 = EDGE_CURVE ( 'NONE', #2466, #2923, #2992, .T. ) ;
#4632 = CARTESIAN_POINT ( 'NONE',  ( 47.50000000000000000, -1.000000000000000000, 44.49999999999998579 ) ) ;
#4633 = DIRECTION ( 'NONE',  ( 0.000000000000000000, 0.000000000000000000, -1.000000000000000000 ) ) ;
#4634 = CARTESIAN_POINT ( 'NONE',  ( 47.30000000000000426, -6.000000000000000000, 34.99999999999999289 ) ) ;
#4635 = ORIENTED_EDGE ( 'NONE', *, *, #2279, .F. ) ;
#4636 = LINE ( 'NONE', #3870, #1475 ) ;
#4637 = AXIS2_PLACEMENT_3D ( 'NONE', #721, #4052, #374 ) ;
#4638 = CARTESIAN_POINT ( 'NONE',  ( 44.49999999999998579, -35.00000000000000000, -46.70000000000000995 ) ) ;
#4639 = ORIENTED_EDGE ( 'NONE', *, *, #2294, .F. ) ;
#4640 = ADVANCED_BREP_SHAPE_REPRESENTATION ( 'Mid Tray', ( #3077, #660 ), #3576 ) ;
#4641 = ORIENTED_EDGE ( 'NONE', *, *, #1383, .T. ) ;
#4642 = AXIS2_PLACEMENT_3D ( 'NONE', #3834, #4289, #2010 ) ;
#4643 = CARTESIAN_POINT ( 'NONE',  ( -47.50000000000000000, -6.000000000000000000, 36.00000000000000000 ) ) ;
#4644 = CARTESIAN_POINT ( 'NONE',  ( 44.49999999999999289, -35.00000000000000000, 44.50000000000000000 ) ) ;
#4645 = AXIS2_PLACEMENT_3D ( 'NONE', #2106, #223, #174 ) ;
#4646 = ORIENTED_EDGE ( 'NONE', *, *, #4088, .F. ) ;
#4647 = ORIENTED_EDGE ( 'NONE', *, *, #2213, .T. ) ;
#4648 = ADVANCED_FACE ( 'NONE', ( #4430 ), #1139, .F. ) ;
#4649 = CARTESIAN_POINT ( 'NONE',  ( 44.50000000000000000, -36.00000000000000711, 44.49999999999998579 ) ) ;
#4650 = DIRECTION ( 'NONE',  ( -0.000000000000000000, -1.000000000000000000, -0.000000000000000000 ) ) ;
#4651 =( NAMED_UNIT ( * ) SI_UNIT ( $, .STERADIAN. ) SOLID_ANGLE_UNIT ( ) );
#4652 = LINE ( 'NONE', #1662, #1722 ) ;
#4653 = ORIENTED_EDGE ( 'NONE', *, *, #41, .F. ) ;
#4654 = ORIENTED_EDGE ( 'NONE', *, *, #4239, .T. ) ;
#4655 = EDGE_CURVE ( 'NONE', #4628, #2393, #2503, .T. ) ;
#4656 = EDGE_CURVE ( 'NONE', #4481, #3472, #1345, .T. ) ;
#4657 = CARTESIAN_POINT ( 'NONE',  ( 23.99999999999999645, 0.000000000000000000, -43.50000000000000000 ) ) ;
#4658 = CYLINDRICAL_SURFACE ( 'NONE', #782, 3.000000000000002665 ) ;
#4659 = CARTESIAN_POINT ( 'NONE',  ( -36.99999999999998579, 0.000000000000000000, -43.50000000000000000 ) ) ;
#4660 = DIRECTION ( 'NONE',  ( -0.000000000000000000, -1.000000000000000000, -0.000000000000000000 ) ) ;
#4661 = ORIENTED_EDGE ( 'NONE', *, *, #3772, .F. ) ;
#4662 = ORIENTED_EDGE ( 'NONE', *, *, #277, .T. ) ;
#4663 = EDGE_CURVE ( 'NONE', #1076, #3631, #2677, .T. ) ;
#4664 = CARTESIAN_POINT ( 'NONE',  ( 0.000000000000000000, -14.00000000000000000, 0.000000000000000000 ) ) ;
#4665 = CARTESIAN_POINT ( 'NONE',  ( 0.000000000000000000, -14.00000000000000000, 0.000000000000000000 ) ) ;
#4666 = ORIENTED_EDGE ( 'NONE', *, *, #2927, .F. ) ;
#4667 = DIRECTION ( 'NONE',  ( -0.000000000000000000, 1.000000000000000000, -0.000000000000000000 ) ) ;
#4668 = ORIENTED_EDGE ( 'NONE', *, *, #959, .F. ) ;
#4669 = CARTESIAN_POINT ( 'NONE',  ( -46.50000000000000000, -1.000000000000000000, 44.49999999999998579 ) ) ;
#4670 = CARTESIAN_POINT ( 'NONE',  ( -47.29999999999999005, -5.999999999999991118, -35.00000000000000711 ) ) ;
#4671 = ORIENTED_EDGE ( 'NONE', *, *, #583, .T. ) ;
#4672 = EDGE_LOOP ( 'NONE', ( #4313, #2432, #1729, #4488 ) ) ;
#4673 = CARTESIAN_POINT ( 'NONE',  ( -40.00000000000000000, -13.99999999999999822, 38.94999999999999574 ) ) ;
#4674 = CARTESIAN_POINT ( 'NONE',  ( 39.99999999999999289, 0.000000000000000000, -39.99999999999999289 ) ) ;
#4675 = PRODUCT_DEFINITION_CONTEXT ( 'detailed design', #4583, 'design' ) ;
#4676 = CYLINDRICAL_SURFACE ( 'NONE', #3413, 1.050000000000002265 ) ;
#4677 = ORIENTED_EDGE ( 'NONE', *, *, #1680, .F. ) ;
#4678 = CARTESIAN_POINT ( 'NONE',  ( -41.50000000000000000, -14.00000000000000000, 37.00000000000000000 ) ) ;
#4679 = CYLINDRICAL_SURFACE ( 'NONE', #2692, 1.050000000000002265 ) ;
#4680 = CARTESIAN_POINT ( 'NONE',  ( -37.00000000000000000, 0.000000000000000000, 39.49999999999999289 ) ) ;
#4681 = EDGE_CURVE ( 'NONE', #4263, #1607, #4032, .T. ) ;
#4682 = CYLINDRICAL_SURFACE ( 'NONE', #2260, 1.000000000000000888 ) ;
#4683 = EDGE_LOOP ( 'NONE', ( #170, #1743 ) ) ;
#4684 = ORIENTED_EDGE ( 'NONE', *, *, #899, .F. ) ;
#4685 = FACE_OUTER_BOUND ( 'NONE', #4519, .T. ) ;
#4686 = FACE_OUTER_BOUND ( 'NONE', #2424, .T. ) ;
#4687 = EDGE_CURVE ( 'NONE', #3179, #3755, #2443, .T. ) ;
#4688 = ORIENTED_EDGE ( 'NONE', *, *, #608, .T. ) ;
#4689 = CARTESIAN_POINT ( 'NONE',  ( -43.50000000000000711, -24.00000000000000355, 34.99999999999999289 ) ) ;
#4690 = VECTOR ( 'NONE', #1853, 1000.000000000000000 ) ;
#4691 = ORIENTED_EDGE ( 'NONE', *, *, #68, .F. ) ;
#4692 = AXIS2_PLACEMENT_3D ( 'NONE', #3091, #1645, #3732 ) ;
#4693 = AXIS2_PLACEMENT_3D ( 'NONE', #4732, #2572, #3314 ) ;
#4694 = DIRECTION ( 'NONE',  ( 0.000000000000000000, 0.000000000000000000, 1.000000000000000000 ) ) ;
#4695 = DIRECTION ( 'NONE',  ( 0.000000000000000000, 0.000000000000000000, -1.000000000000000000 ) ) ;
#4696 = ORIENTED_EDGE ( 'NONE', *, *, #2268, .T. ) ;
#4697 = CARTESIAN_POINT ( 'NONE',  ( 39.99999999999999289, -14.00000000000000000, 39.99999999999999289 ) ) ;
#4698 = VECTOR ( 'NONE', #4311, 1000.000000000000000 ) ;
#4699 = LINE ( 'NONE', #2895, #1615 ) ;
#4700 = DIRECTION ( 'NONE',  ( -2.011273595335428819E-16, 0.000000000000000000, 1.000000000000000000 ) ) ;
#4701 = ORIENTED_EDGE ( 'NONE', *, *, #4663, .T. ) ;
#4702 = VECTOR ( 'NONE', #485, 1000.000000000000000 ) ;
#4703 = CARTESIAN_POINT ( 'NONE',  ( -43.49999999999999289, 0.000000000000000000, -39.99999999999999289 ) ) ;
#4704 = DIRECTION ( 'NONE',  ( 0.000000000000000000, 0.000000000000000000, -1.000000000000000000 ) ) ;
#4705 = CARTESIAN_POINT ( 'NONE',  ( 47.49999999999998579, -1.000000000000000888, -44.50000000000001421 ) ) ;
#4706 = ORIENTED_EDGE ( 'NONE', *, *, #992, .F. ) ;
#4707 = EDGE_LOOP ( 'NONE', ( #2884, #4210 ) ) ;
#4708 = EDGE_CURVE ( 'NONE', #627, #3392, #955, .T. ) ;
#4709 = CARTESIAN_POINT ( 'NONE',  ( -23.99999999999999289, 0.000000000000000000, -46.50000000000000000 ) ) ;
#4710 = CARTESIAN_POINT ( 'NONE',  ( 44.49999999999998579, -1.000000000000000000, -46.50000000000001421 ) ) ;
#4711 = ORIENTED_EDGE ( 'NONE', *, *, #3298, .F. ) ;
#4712 = DIRECTION ( 'NONE',  ( 1.000000000000000000, -0.000000000000000000, -1.460819769243627377E-16 ) ) ;
#4713 = CIRCLE ( 'NONE', #4247, 2.500000000000002220 ) ;
#4714 = VERTEX_POINT ( 'NONE', #4235 ) ;
#4715 = ADVANCED_FACE ( 'NONE', ( #4570, #4594 ), #2419, .T. ) ;
#4716 = AXIS2_PLACEMENT_3D ( 'NONE', #3213, #2054, #3519 ) ;
#4717 = ADVANCED_FACE ( 'NONE', ( #590 ), #3518, .F. ) ;
#4718 = LINE ( 'NONE', #3296, #2541 ) ;
#4719 = DIRECTION ( 'NONE',  ( 1.559302000878028960E-16, 0.000000000000000000, 1.000000000000000000 ) ) ;
#4720 = EDGE_CURVE ( 'NONE', #1351, #1858, #2053, .T. ) ;
#4721 = DIRECTION ( 'NONE',  ( 1.000000000000000000, -0.000000000000000000, -1.460819769243627377E-16 ) ) ;
#4722 = VECTOR ( 'NONE', #2365, 1000.000000000000000 ) ;
#4723 = LINE ( 'NONE', #1469, #242 ) ;
#4724 = DIRECTION ( 'NONE',  ( 1.000000000000000000, 0.000000000000000000, -0.000000000000000000 ) ) ;
#4725 = EDGE_LOOP ( 'NONE', ( #4159, #2779, #119, #2841 ) ) ;
#4726 = DIRECTION ( 'NONE',  ( 1.000000000000000000, -0.000000000000000000, -1.460819769243627377E-16 ) ) ;
#4727 = DIRECTION ( 'NONE',  ( -0.000000000000000000, 1.000000000000000000, -0.000000000000000000 ) ) ;
#4728 = FACE_OUTER_BOUND ( 'NONE', #4017, .T. ) ;
#4729 = LINE ( 'NONE', #4031, #4402 ) ;
#4730 = EDGE_LOOP ( 'NONE', ( #974, #2646, #2096, #2639 ) ) ;
#4731 = VERTEX_POINT ( 'NONE', #2469 ) ;
#4732 = CARTESIAN_POINT ( 'NONE',  ( 0.000000000000000000, -24.00000000000000355, 0.000000000000000000 ) ) ;
#4733 = CARTESIAN_POINT ( 'NONE',  ( -40.00000000000000000, -24.00000000000000355, -41.05000000000000426 ) ) ;
#4734 = ORIENTED_EDGE ( 'NONE', *, *, #2600, .F. ) ;
#4735 = CARTESIAN_POINT ( 'NONE',  ( 41.49999999999999289, -14.00000000000000000, -37.00000000000000000 ) ) ;
#4736 = EDGE_CURVE ( 'NONE', #20, #3755, #1805, .T. ) ;
#4737 = ORIENTED_EDGE ( 'NONE', *, *, #3663, .T. ) ;
#4738 = CARTESIAN_POINT ( 'NONE',  ( -44.50000000000001421, 0.000000000000000000, -46.50000000000000000 ) ) ;
#4739 = DIRECTION ( 'NONE',  ( 0.000000000000000000, 0.000000000000000000, -1.000000000000000000 ) ) ;
#4740 = EDGE_CURVE ( 'NONE', #193, #651, #4543, .T. ) ;
#4741 = CARTESIAN_POINT ( 'NONE',  ( 43.50000000000000000, 0.000000000000000000, -2.500000000000000000 ) ) ;
#4742 = DIRECTION ( 'NONE',  ( 0.000000000000000000, 0.000000000000000000, 1.000000000000000000 ) ) ;
#4743 = EDGE_CURVE ( 'NONE', #1690, #2640, #2651, .T. ) ;
#4744 = DIRECTION ( 'NONE',  ( -1.460819769243627131E-16, 0.000000000000000000, -1.000000000000000000 ) ) ;
#4745 = VERTEX_POINT ( 'NONE', #565 ) ;
#4746 = LINE ( 'NONE', #1449, #3312 ) ;
#4747 = CARTESIAN_POINT ( 'NONE',  ( 44.49999999999999289, -35.00000000000000000, -43.25000000000000000 ) ) ;
#4748 = ORIENTED_EDGE ( 'NONE', *, *, #2533, .T. ) ;
#4749 = ORIENTED_EDGE ( 'NONE', *, *, #1565, .T. ) ;
#4750 = DIRECTION ( 'NONE',  ( 0.000000000000000000, -0.000000000000000000, -1.000000000000000000 ) ) ;
#4751 = CARTESIAN_POINT ( 'NONE',  ( 37.00000000000000000, 0.000000000000000000, 39.50000000000000711 ) ) ;
#4752 = ORIENTED_EDGE ( 'NONE', *, *, #531, .F. ) ;
#4753 = CARTESIAN_POINT ( 'NONE',  ( 41.49999999999999289, 0.000000000000000000, -34.99999999999999289 ) ) ;
#4754 = ORIENTED_EDGE ( 'NONE', *, *, #4153, .F. ) ;
#4755 = CIRCLE ( 'NONE', #3373, 1.000000000000000888 ) ;
#4756 = EDGE_CURVE ( 'NONE', #1566, #4455, #979, .T. ) ;
#4757 = CARTESIAN_POINT ( 'NONE',  ( 41.49999999999999289, -24.00000000000000355, 4.500000000000000888 ) ) ;
#4758 = AXIS2_PLACEMENT_3D ( 'NONE', #415, #1538, #1925 ) ;
#4759 = CARTESIAN_POINT ( 'NONE',  ( -40.00000000000000000, 0.000000000000000000, 43.49999999999999289 ) ) ;
ENDSEC;
END-ISO-10303-21;
