ISO-10303-21;
HEADER;
FILE_DESCRIPTION (( 'STEP AP214' ),
    '1' );
FILE_NAME ('VC RATiD V1.0.STEP',
    '2026-01-09T12:25:54',
    ( '' ),
    ( '' ),
    'SwSTEP 2.0',
    'SolidWorks 2024',
    '' );
FILE_SCHEMA (( 'AUTOMOTIVE_DESIGN' ));
ENDSEC;

DATA;
#1 = DIRECTION ( 'NONE',  ( 1.000000000000000000, 1.192488099999999937E-08, 0.000000000000000000 ) ) ;
#2 = ORIENTED_EDGE ( 'NONE', *, *, #1071, .F. ) ;
#3 =( NAMED_UNIT ( * ) PLANE_ANGLE_UNIT ( ) SI_UNIT ( $, .RADIAN. ) );
#4 = EDGE_CURVE ( 'NONE', #658, #1263, #2296, .T. ) ;
#5 = DIRECTION ( 'NONE',  ( -1.192488099999999937E-08, 1.000000000000000000, 0.000000000000000000 ) ) ;
#6 = CARTESIAN_POINT ( 'NONE',  ( -35.50000000000000000, -3.000000000000000000, -1.583842399999999984 ) ) ;
#7 = ADVANCED_FACE ( 'NONE', ( #105 ), #1773, .T. ) ;
#8 = UNCERTAINTY_MEASURE_WITH_UNIT (LENGTH_MEASURE( 1.000000000000000082E-05 ), #1564, 'distance_accuracy_value', 'NONE');
#9 = ORIENTED_EDGE ( 'NONE', *, *, #260, .F. ) ;
#10 =( LENGTH_UNIT ( ) NAMED_UNIT ( * ) SI_UNIT ( .MILLI., .METRE. ) );
#11 = OPEN_SHELL ( 'NONE', ( #78, #2084, #1840, #1143, #119, #1990, #854, #2123, #792 ) ) ;
#12 = CARTESIAN_POINT ( 'NONE',  ( 40.09999999999999432, -3.000000000000000000, 0.000000000000000000 ) ) ;
#13 = VECTOR ( 'NONE', #244, 1000.000000000000000 ) ;
#14 =( GEOMETRIC_REPRESENTATION_CONTEXT ( 3 ) GLOBAL_UNCERTAINTY_ASSIGNED_CONTEXT ( ( #54 ) ) GLOBAL_UNIT_ASSIGNED_CONTEXT ( ( #1935, #970, #135 ) ) REPRESENTATION_CONTEXT ( 'NONE', 'WORKASPACE' ) );
#15 = ORIENTED_EDGE ( 'NONE', *, *, #1320, .T. ) ;
#16 = CARTESIAN_POINT ( 'NONE',  ( 27.66699263489058325, 14.42900427985065903, 6.737698521805000951 ) ) ;
#17 = STYLED_ITEM ( 'NONE', ( #331 ), #854 ) ;
#18 =( NAMED_UNIT ( * ) PLANE_ANGLE_UNIT ( ) SI_UNIT ( $, .RADIAN. ) );
#19 = MECHANICAL_DESIGN_GEOMETRIC_PRESENTATION_REPRESENTATION (  '', ( #1797 ), #2185 ) ;
#20 = CARTESIAN_POINT ( 'NONE',  ( 40.09999999999999432, -3.000000000000000000, -1.583842399999999984 ) ) ;
#21 =( NAMED_UNIT ( * ) PLANE_ANGLE_UNIT ( ) SI_UNIT ( $, .RADIAN. ) );
#22 = CIRCLE ( 'NONE', #1676, 1.300000000000002487 ) ;
#23 = VECTOR ( 'NONE', #2176, 1000.000000000000114 ) ;
#24 = DIRECTION ( 'NONE',  ( 1.000000000000000000, 0.000000000000000000, 0.000000000000000000 ) ) ;
#25 = ADVANCED_FACE ( 'NONE', ( #1179 ), #1216, .T. ) ;
#26 = VERTEX_POINT ( 'NONE', #638 ) ;
#27 =( GEOMETRIC_REPRESENTATION_CONTEXT ( 3 ) GLOBAL_UNCERTAINTY_ASSIGNED_CONTEXT ( ( #1649 ) ) GLOBAL_UNIT_ASSIGNED_CONTEXT ( ( #705, #1087, #2169 ) ) REPRESENTATION_CONTEXT ( 'NONE', 'WORKASPACE' ) );
#28 =( GEOMETRIC_REPRESENTATION_CONTEXT ( 3 ) GLOBAL_UNCERTAINTY_ASSIGNED_CONTEXT ( ( #1328 ) ) GLOBAL_UNIT_ASSIGNED_CONTEXT ( ( #387, #1119, #942 ) ) REPRESENTATION_CONTEXT ( 'NONE', 'WORKASPACE' ) );
#29 = VECTOR ( 'NONE', #1096, 1000.000000000000000 ) ;
#30 = LINE ( 'NONE', #38, #1437 ) ;
#31 = ORIENTED_EDGE ( 'NONE', *, *, #2156, .F. ) ;
#32 = DIRECTION ( 'NONE',  ( -0.9999999999999998890, -1.192488073874368167E-08, 0.000000000000000000 ) ) ;
#33 = CARTESIAN_POINT ( 'NONE',  ( -3.429007356022657937, 13.66700420715658382, 6.737698521805000951 ) ) ;
#34 = SURFACE_STYLE_USAGE ( .BOTH. , #1888 ) ;
#35 = UNCERTAINTY_MEASURE_WITH_UNIT (LENGTH_MEASURE( 1.000000000000000082E-05 ), #1451, 'distance_accuracy_value', 'NONE');
#36 = EDGE_LOOP ( 'NONE', ( #589, #2248, #185, #2344 ) ) ;
#37 =( LENGTH_UNIT ( ) NAMED_UNIT ( * ) SI_UNIT ( .MILLI., .METRE. ) );
#38 = CARTESIAN_POINT ( 'NONE',  ( -21.57100729240634251, 8.333004288937416959, 6.737698521805000951 ) ) ;
#39 = ORIENTED_EDGE ( 'NONE', *, *, #2040, .F. ) ;
#40 = CARTESIAN_POINT ( 'NONE',  ( -22.33300729240634297, 8.333004279850657170, 6.737698521805000951 ) ) ;
#41 = DIRECTION ( 'NONE',  ( 0.000000000000000000, 0.000000000000000000, 1.000000000000000000 ) ) ;
#42 = ORIENTED_EDGE ( 'NONE', *, *, #109, .T. ) ;
#43 = FILL_AREA_STYLE_COLOUR ( '', #402 ) ;
#44 = EDGE_CURVE ( 'NONE', #1044, #913, #732, .T. ) ;
#45 = VERTEX_POINT ( 'NONE', #127 ) ;
#46 = COLOUR_RGB ( '',0.000000000000000000, 0.5019607843137254832, 0.000000000000000000 ) ;
#47 = EDGE_CURVE ( 'NONE', #1804, #1700, #651, .T. ) ;
#48 = VECTOR ( 'NONE', #2235, 1000.000000000000114 ) ;
#49 = CARTESIAN_POINT ( 'NONE',  ( -40.00000000000000000, 40.00000000000000000, 0.000000000000000000 ) ) ;
#50 = LINE ( 'NONE', #604, #511 ) ;
#51 = AXIS2_PLACEMENT_3D ( 'NONE', #1180, #1186, #804 ) ;
#52 =( GEOMETRIC_REPRESENTATION_CONTEXT ( 3 ) GLOBAL_UNCERTAINTY_ASSIGNED_CONTEXT ( ( #1851 ) ) GLOBAL_UNIT_ASSIGNED_CONTEXT ( ( #747, #21, #1492 ) ) REPRESENTATION_CONTEXT ( 'NONE', 'WORKASPACE' ) );
#53 = SURFACE_STYLE_FILL_AREA ( #400 ) ;
#54 = UNCERTAINTY_MEASURE_WITH_UNIT (LENGTH_MEASURE( 1.000000000000000082E-05 ), #1935, 'distance_accuracy_value', 'NONE');
#55 = ORIENTED_EDGE ( 'NONE', *, *, #2243, .F. ) ;
#56 = AXIS2_PLACEMENT_3D ( 'NONE', #196, #2218, #919 ) ;
#57 = CIRCLE ( 'NONE', #2075, 3.001094402371998981 ) ;
#58 =( LENGTH_UNIT ( ) NAMED_UNIT ( * ) SI_UNIT ( .MILLI., .METRE. ) );
#59 = CIRCLE ( 'NONE', #438, 1.300000000000002487 ) ;
#60 = VECTOR ( 'NONE', #1011, 1000.000000000000000 ) ;
#61 = AXIS2_PLACEMENT_3D ( 'NONE', #81, #809, #539 ) ;
#62 = ORIENTED_EDGE ( 'NONE', *, *, #260, .T. ) ;
#63 = AXIS2_PLACEMENT_3D ( 'NONE', #939, #1886, #1116 ) ;
#64 = SURFACE_STYLE_USAGE ( .BOTH. , #1193 ) ;
#65 = FACE_BOUND ( 'NONE', #945, .T. ) ;
#66 = DIRECTION ( 'NONE',  ( -1.192488073874365520E-08, 1.000000000000000000, 0.000000000000000000 ) ) ;
#67 = ORIENTED_EDGE ( 'NONE', *, *, #2299, .F. ) ;
#68 = DIRECTION ( 'NONE',  ( 0.000000000000000000, 0.000000000000000000, 1.000000000000000000 ) ) ;
#69 = FILL_AREA_STYLE_COLOUR ( '', #323 ) ;
#70 = ORIENTED_EDGE ( 'NONE', *, *, #2092, .T. ) ;
#71 = DIRECTION ( 'NONE',  ( 0.000000000000000000, 0.000000000000000000, -1.000000000000000000 ) ) ;
#72 = CARTESIAN_POINT ( 'NONE',  ( 32.50000000000000000, 1.358505322124000064E-16, -1.583842399999999984 ) ) ;
#73 = CARTESIAN_POINT ( 'NONE',  ( -2.667007356022657927, 13.66700421624334183, 6.737698521805000951 ) ) ;
#74 =( NAMED_UNIT ( * ) PLANE_ANGLE_UNIT ( ) SI_UNIT ( $, .RADIAN. ) );
#75 = EDGE_CURVE ( 'NONE', #1019, #982, #2331, .T. ) ;
#76 = CARTESIAN_POINT ( 'NONE',  ( 41.30000000000000426, 0.000000000000000000, -1.583842399999999984 ) ) ;
#77 = UNCERTAINTY_MEASURE_WITH_UNIT (LENGTH_MEASURE( 1.000000000000000082E-05 ), #1229, 'distance_accuracy_value', 'NONE');
#78 = ADVANCED_FACE ( 'NONE', ( #1080 ), #337, .T. ) ;
#79 = FILL_AREA_STYLE ('',( #845 ) ) ;
#80 = DIRECTION ( 'NONE',  ( 0.000000000000000000, 0.000000000000000000, -1.000000000000000000 ) ) ;
#81 = CARTESIAN_POINT ( 'NONE',  ( -27.66700735601365579, 13.66700421624334183, 6.737698521805000951 ) ) ;
#82 = ORIENTED_EDGE ( 'NONE', *, *, #1577, .F. ) ;
#83 = DIRECTION ( 'NONE',  ( 0.000000000000000000, 0.000000000000000000, 1.000000000000000000 ) ) ;
#84 = CARTESIAN_POINT ( 'NONE',  ( -2.667007292415342068, 8.333004216243342199, 6.737698521805000951 ) ) ;
#85 = STYLED_ITEM ( 'NONE', ( #1309 ), #122 ) ;
#86 = LINE ( 'NONE', #1020, #963 ) ;
#87 = FACE_OUTER_BOUND ( 'NONE', #505, .T. ) ;
#88 = AXIS2_PLACEMENT_3D ( 'NONE', #780, #41, #957 ) ;
#89 =( LENGTH_UNIT ( ) NAMED_UNIT ( * ) SI_UNIT ( .MILLI., .METRE. ) );
#90 = VECTOR ( 'NONE', #722, 1000.000000000000000 ) ;
#91 = DIRECTION ( 'NONE',  ( -0.000000000000000000, 0.000000000000000000, -1.000000000000000000 ) ) ;
#92 = CARTESIAN_POINT ( 'NONE',  ( 2.666992634890583247, 14.42900427985065903, 7.045038521805000009 ) ) ;
#93 = STYLED_ITEM ( 'NONE', ( #540 ), #944 ) ;
#94 = SURFACE_STYLE_FILL_AREA ( #79 ) ;
#95 = EDGE_CURVE ( 'NONE', #1337, #2093, #1822, .T. ) ;
#96 = SURFACE_SIDE_STYLE ('',( #133 ) ) ;
#97 = COLOUR_RGB ( '',0.000000000000000000, 0.5019607843137254832, 0.000000000000000000 ) ;
#98 = PRESENTATION_LAYER_ASSIGNMENT (  '', '', ( #860 ) ) ;
#99 = DIRECTION ( 'NONE',  ( 0.9999998944284991254, 0.0004595029821733315222, 0.000000000000000000 ) ) ;
#100 = VECTOR ( 'NONE', #1379, 1000.000000000000000 ) ;
#101 = COLOUR_RGB ( '',0.8196078431372548767, 0.7019607843137254388, 0.4313725490196078649 ) ;
#102 = EDGE_LOOP ( 'NONE', ( #1877, #799, #2146, #1105 ) ) ;
#103 = DIRECTION ( 'NONE',  ( 0.000000000000000000, 0.000000000000000000, 1.000000000000000000 ) ) ;
#104 = DIRECTION ( 'NONE',  ( 0.000000000000000000, 0.000000000000000000, 1.000000000000000000 ) ) ;
#105 = FACE_OUTER_BOUND ( 'NONE', #231, .T. ) ;
#106 = CARTESIAN_POINT ( 'NONE',  ( -27.66700736510041736, 14.42900421624334228, 6.737698521805000951 ) ) ;
#107 =( NAMED_UNIT ( * ) SI_UNIT ( $, .STERADIAN. ) SOLID_ANGLE_UNIT ( ) );
#108 = DIRECTION ( 'NONE',  ( 1.000000000000000000, 0.000000000000000000, 0.000000000000000000 ) ) ;
#109 = EDGE_CURVE ( 'NONE', #1890, #1018, #2100, .T. ) ;
#110 = ORIENTED_EDGE ( 'NONE', *, *, #897, .F. ) ;
#111 = ORIENTED_EDGE ( 'NONE', *, *, #1499, .F. ) ;
#112 =( LENGTH_UNIT ( ) NAMED_UNIT ( * ) SI_UNIT ( .MILLI., .METRE. ) );
#113 = SURFACE_STYLE_FILL_AREA ( #1737 ) ;
#114 = DIRECTION ( 'NONE',  ( 0.000000000000000000, 0.000000000000000000, 1.000000000000000000 ) ) ;
#115 = CARTESIAN_POINT ( 'NONE',  ( -35.50000000000000000, -3.000000000000000000, 0.000000000000000000 ) ) ;
#116 = CARTESIAN_POINT ( 'NONE',  ( 22.33299271667141639, 7.571004216243341745, 6.737698521805000951 ) ) ;
#117 = EDGE_CURVE ( 'NONE', #658, #2360, #206, .T. ) ;
#118 = SURFACE_STYLE_FILL_AREA ( #1951 ) ;
#119 = ADVANCED_FACE ( 'NONE', ( #1610 ), #1097, .T. ) ;
#120 = DIRECTION ( 'NONE',  ( -1.000000000000000000, 0.000000000000000000, 0.000000000000000000 ) ) ;
#121 = FILL_AREA_STYLE ('',( #1780 ) ) ;
#122 = ADVANCED_FACE ( 'NONE', ( #2202 ), #1996, .F. ) ;
#123 = ORIENTED_EDGE ( 'NONE', *, *, #229, .F. ) ;
#124 = LINE ( 'NONE', #2366, #460 ) ;
#125 = PRESENTATION_LAYER_ASSIGNMENT (  '', '', ( #848 ) ) ;
#126 =( NAMED_UNIT ( * ) SI_UNIT ( $, .STERADIAN. ) SOLID_ANGLE_UNIT ( ) );
#127 = CARTESIAN_POINT ( 'NONE',  ( 21.57099270758465792, 8.333004207156584187, 7.045038521805000009 ) ) ;
#128 = FACE_OUTER_BOUND ( 'NONE', #197, .T. ) ;
#129 = MECHANICAL_DESIGN_GEOMETRIC_PRESENTATION_REPRESENTATION (  '', ( #849 ), #965 ) ;
#130 = CARTESIAN_POINT ( 'NONE',  ( 29.50000000000000000, 3.000000000000000000, -1.583842399999999984 ) ) ;
#131 = COLOUR_RGB ( '',0.8196078431372548767, 0.7019607843137254388, 0.4313725490196078649 ) ;
#132 = DIRECTION ( 'NONE',  ( 0.000000000000000000, 0.000000000000000000, -1.000000000000000000 ) ) ;
#133 = SURFACE_STYLE_FILL_AREA ( #473 ) ;
#134 = CYLINDRICAL_SURFACE ( 'NONE', #479, 0.7620000000000002327 ) ;
#135 =( NAMED_UNIT ( * ) SI_UNIT ( $, .STERADIAN. ) SOLID_ANGLE_UNIT ( ) );
#136 = STYLED_ITEM ( 'NONE', ( #425 ), #1911 ) ;
#137 = ORIENTED_EDGE ( 'NONE', *, *, #1614, .F. ) ;
#138 = VECTOR ( 'NONE', #736, 1000.000000000000114 ) ;
#139 = PRESENTATION_LAYER_ASSIGNMENT (  '', '', ( #1481 ) ) ;
#140 = ORIENTED_EDGE ( 'NONE', *, *, #1626, .T. ) ;
#141 = SURFACE_STYLE_USAGE ( .BOTH. , #1831 ) ;
#142 =( LENGTH_UNIT ( ) NAMED_UNIT ( * ) SI_UNIT ( .MILLI., .METRE. ) );
#143 = DIRECTION ( 'NONE',  ( 0.0003646012926752482280, 0.9999999335329464722, 0.000000000000000000 ) ) ;
#144 = SURFACE_STYLE_FILL_AREA ( #701 ) ;
#145 = CARTESIAN_POINT ( 'NONE',  ( -43.00000000000000000, -0.1000000000000000056, -1.583842399999999984 ) ) ;
#146 = ORIENTED_EDGE ( 'NONE', *, *, #2095, .F. ) ;
#147 = DIRECTION ( 'NONE',  ( 0.000000000000000000, 0.000000000000000000, 1.000000000000000000 ) ) ;
#148 = LINE ( 'NONE', #1224, #1950 ) ;
#149 = ORIENTED_EDGE ( 'NONE', *, *, #1543, .T. ) ;
#150 = ORIENTED_EDGE ( 'NONE', *, *, #300, .T. ) ;
#151 = SURFACE_SIDE_STYLE ('',( #1265 ) ) ;
#152 = SURFACE_STYLE_FILL_AREA ( #2212 ) ;
#153 = EDGE_CURVE ( 'NONE', #947, #26, #2136, .T. ) ;
#154 = EDGE_LOOP ( 'NONE', ( #221, #1407, #174, #1466, #326, #2078, #961, #1446 ) ) ;
#155 = DIRECTION ( 'NONE',  ( -1.000000000000000000, 0.000000000000000000, 0.000000000000000000 ) ) ;
#156 = SURFACE_STYLE_FILL_AREA ( #507 ) ;
#157 = EDGE_CURVE ( 'NONE', #753, #45, #2224, .T. ) ;
#158 = ORIENTED_EDGE ( 'NONE', *, *, #1106, .F. ) ;
#159 = LINE ( 'NONE', #737, #1162 ) ;
#160 = ORIENTED_EDGE ( 'NONE', *, *, #2391, .F. ) ;
#161 = ORIENTED_EDGE ( 'NONE', *, *, #1940, .F. ) ;
#162 = DIRECTION ( 'NONE',  ( -1.000000000000000000, -1.192488099999999937E-08, 0.000000000000000000 ) ) ;
#163 = SURFACE_SIDE_STYLE ('',( #492 ) ) ;
#164 = DIRECTION ( 'NONE',  ( 0.000000000000000000, 0.000000000000000000, -1.000000000000000000 ) ) ;
#165 = EDGE_LOOP ( 'NONE', ( #609, #2389, #2392, #1969 ) ) ;
#166 = VECTOR ( 'NONE', #468, 1000.000000000000000 ) ;
#167 = SURFACE_SIDE_STYLE ('',( #1058 ) ) ;
#168 = VERTEX_POINT ( 'NONE', #20 ) ;
#169 = EDGE_CURVE ( 'NONE', #1681, #516, #1667, .T. ) ;
#170 = FACE_OUTER_BOUND ( 'NONE', #2172, .T. ) ;
#171 = CARTESIAN_POINT ( 'NONE',  ( -41.30000000000000426, 40.00000000000000000, 0.000000000000000000 ) ) ;
#172 = MECHANICAL_DESIGN_GEOMETRIC_PRESENTATION_REPRESENTATION (  '', ( #17 ), #320 ) ;
#173 = COLOUR_RGB ( '',0.8196078431372548767, 0.7019607843137254388, 0.4313725490196078649 ) ;
#174 = ORIENTED_EDGE ( 'NONE', *, *, #188, .T. ) ;
#175 = CARTESIAN_POINT ( 'NONE',  ( -41.30000000000000426, -1.592040838891555891E-16, 0.000000000000000000 ) ) ;
#176 = VECTOR ( 'NONE', #1366, 1000.000000000000000 ) ;
#177 = AXIS2_PLACEMENT_3D ( 'NONE', #84, #1968, #1953 ) ;
#178 = AXIS2_PLACEMENT_3D ( 'NONE', #1246, #1102, #1073 ) ;
#179 = CARTESIAN_POINT ( 'NONE',  ( -29.49890579710000438, -0.001094202898553000083, 0.000000000000000000 ) ) ;
#180 = VECTOR ( 'NONE', #797, 1000.000000000000000 ) ;
#181 = VECTOR ( 'NONE', #2090, 1000.000000000000114 ) ;
#182 =( NAMED_UNIT ( * ) PLANE_ANGLE_UNIT ( ) SI_UNIT ( $, .RADIAN. ) );
#183 =( LENGTH_UNIT ( ) NAMED_UNIT ( * ) SI_UNIT ( .MILLI., .METRE. ) );
#184 = UNCERTAINTY_MEASURE_WITH_UNIT (LENGTH_MEASURE( 1.000000000000000082E-05 ), #1544, 'distance_accuracy_value', 'NONE');
#185 = ORIENTED_EDGE ( 'NONE', *, *, #2213, .F. ) ;
#186 = DIRECTION ( 'NONE',  ( 0.000000000000000000, 0.000000000000000000, 1.000000000000000000 ) ) ;
#187 = ORIENTED_EDGE ( 'NONE', *, *, #2227, .T. ) ;
#188 = EDGE_CURVE ( 'NONE', #1242, #947, #746, .T. ) ;
#189 = CARTESIAN_POINT ( 'NONE',  ( 29.50000000000000000, 3.000000000000000000, -1.583842399999999984 ) ) ;
#190 = CARTESIAN_POINT ( 'NONE',  ( -21.57100735601365926, 13.66700428893741659, 6.737698521805000951 ) ) ;
#191 = CARTESIAN_POINT ( 'NONE',  ( 28.42899270758465846, 8.333004288937416959, 6.737698521805000951 ) ) ;
#192 = CARTESIAN_POINT ( 'NONE',  ( 38.69999999999999574, 40.00000000000000000, 0.000000000000000000 ) ) ;
#193 = EDGE_LOOP ( 'NONE', ( #1607, #1312, #1299, #553 ) ) ;
#194 = CARTESIAN_POINT ( 'NONE',  ( -28.42900735601365980, 13.66700420715658382, 6.737698521805000951 ) ) ;
#195 = DIRECTION ( 'NONE',  ( 0.000000000000000000, 0.000000000000000000, 1.000000000000000000 ) ) ;
#196 = CARTESIAN_POINT ( 'NONE',  ( -40.00000000000000000, 40.00000000000000000, -1.583842399999999984 ) ) ;
#197 = EDGE_LOOP ( 'NONE', ( #1709, #1796, #67, #2097 ) ) ;
#198 = EDGE_CURVE ( 'NONE', #500, #1051, #1947, .T. ) ;
#199 = FILL_AREA_STYLE_COLOUR ( '', #1603 ) ;
#200 = DIRECTION ( 'NONE',  ( 0.000000000000000000, 0.000000000000000000, 1.000000000000000000 ) ) ;
#201 = FACE_OUTER_BOUND ( 'NONE', #2327, .T. ) ;
#202 = DIRECTION ( 'NONE',  ( 0.000000000000000000, 0.000000000000000000, 1.000000000000000000 ) ) ;
#203 = UNCERTAINTY_MEASURE_WITH_UNIT (LENGTH_MEASURE( 1.000000000000000082E-05 ), #1717, 'distance_accuracy_value', 'NONE');
#204 = VERTEX_POINT ( 'NONE', #1334 ) ;
#205 = CARTESIAN_POINT ( 'NONE',  ( 2.666992634890583247, 14.42900427985065903, 6.737698521805000951 ) ) ;
#206 = CIRCLE ( 'NONE', #926, 0.7619999999999989004 ) ;
#207 = DIRECTION ( 'NONE',  ( 0.000000000000000000, 0.000000000000000000, 1.000000000000000000 ) ) ;
#208 = AXIS2_PLACEMENT_3D ( 'NONE', #940, #558, #1491 ) ;
#209 = CIRCLE ( 'NONE', #1705, 0.7619999999999997886 ) ;
#210 = ORIENTED_EDGE ( 'NONE', *, *, #793, .F. ) ;
#211 = VECTOR ( 'NONE', #723, 1000.000000000000000 ) ;
#212 =( GEOMETRIC_REPRESENTATION_CONTEXT ( 3 ) GLOBAL_UNCERTAINTY_ASSIGNED_CONTEXT ( ( #203 ) ) GLOBAL_UNIT_ASSIGNED_CONTEXT ( ( #1717, #925, #2255 ) ) REPRESENTATION_CONTEXT ( 'NONE', 'WORKASPACE' ) );
#213 = DIRECTION ( 'NONE',  ( 0.000000000000000000, 0.000000000000000000, 1.000000000000000000 ) ) ;
#214 = FILL_AREA_STYLE ('',( #1902 ) ) ;
#215 = PRESENTATION_LAYER_ASSIGNMENT (  '', '', ( #474 ) ) ;
#216 = VECTOR ( 'NONE', #132, 1000.000000000000000 ) ;
#217 = EDGE_LOOP ( 'NONE', ( #1436, #574, #1416, #481 ) ) ;
#218 = SURFACE_SIDE_STYLE ('',( #1124 ) ) ;
#219 = VECTOR ( 'NONE', #2324, 1000.000000000000000 ) ;
#220 =( LENGTH_UNIT ( ) NAMED_UNIT ( * ) SI_UNIT ( .MILLI., .METRE. ) );
#221 = ORIENTED_EDGE ( 'NONE', *, *, #330, .T. ) ;
#222 = DIRECTION ( 'NONE',  ( -0.000000000000000000, 1.000000000000000000, 0.000000000000000000 ) ) ;
#223 = DIRECTION ( 'NONE',  ( 0.9999999999999998890, 1.192488073874366016E-08, 0.000000000000000000 ) ) ;
#224 = DIRECTION ( 'NONE',  ( -1.192488099999999937E-08, 1.000000000000000000, 0.000000000000000000 ) ) ;
#225 = UNCERTAINTY_MEASURE_WITH_UNIT (LENGTH_MEASURE( 1.000000000000000082E-05 ), #338, 'distance_accuracy_value', 'NONE');
#226 = EDGE_CURVE ( 'NONE', #249, #280, #700, .T. ) ;
#227 = ORIENTED_EDGE ( 'NONE', *, *, #1794, .F. ) ;
#228 = CARTESIAN_POINT ( 'NONE',  ( 29.50000000000000000, 3.000000000000000000, 0.000000000000000000 ) ) ;
#229 = EDGE_CURVE ( 'NONE', #2093, #1855, #1666, .T. ) ;
#230 =( NAMED_UNIT ( * ) PLANE_ANGLE_UNIT ( ) SI_UNIT ( $, .RADIAN. ) );
#231 = EDGE_LOOP ( 'NONE', ( #1937, #534, #2177, #1212 ) ) ;
#232 = DIRECTION ( 'NONE',  ( 0.000000000000000000, 0.000000000000000000, 1.000000000000000000 ) ) ;
#233 = SURFACE_STYLE_FILL_AREA ( #529 ) ;
#234 = CARTESIAN_POINT ( 'NONE',  ( 27.66699263489058325, 14.42900427985065903, 6.737698521805000951 ) ) ;
#235 = DIRECTION ( 'NONE',  ( 1.000000000000000000, 0.000000000000000000, 0.000000000000000000 ) ) ;
#236 = DIRECTION ( 'NONE',  ( 1.000000000000000000, 0.000000000000000000, 0.000000000000000000 ) ) ;
#237 = EDGE_LOOP ( 'NONE', ( #840, #256, #2183, #227 ) ) ;
#238 =( NAMED_UNIT ( * ) PLANE_ANGLE_UNIT ( ) SI_UNIT ( $, .RADIAN. ) );
#239 =( NAMED_UNIT ( * ) SI_UNIT ( $, .STERADIAN. ) SOLID_ANGLE_UNIT ( ) );
#240 = MECHANICAL_DESIGN_GEOMETRIC_PRESENTATION_REPRESENTATION (  '', ( #459 ), #808 ) ;
#241 = VERTEX_POINT ( 'NONE', #2246 ) ;
#242 = PRESENTATION_LAYER_ASSIGNMENT (  '', '', ( #1427 ) ) ;
#243 = ORIENTED_EDGE ( 'NONE', *, *, #443, .T. ) ;
#244 = DIRECTION ( 'NONE',  ( 0.000000000000000000, 0.000000000000000000, 1.000000000000000000 ) ) ;
#245 = CIRCLE ( 'NONE', #1670, 3.001094402371998981 ) ;
#246 = STYLED_ITEM ( 'NONE', ( #1390 ), #1026 ) ;
#247 = LINE ( 'NONE', #650, #100 ) ;
#248 = UNCERTAINTY_MEASURE_WITH_UNIT (LENGTH_MEASURE( 1.000000000000000082E-05 ), #2314, 'distance_accuracy_value', 'NONE');
#249 = VERTEX_POINT ( 'NONE', #1131 ) ;
#250 = AXIS2_PLACEMENT_3D ( 'NONE', #254, #1523, #981 ) ;
#251 =( GEOMETRIC_REPRESENTATION_CONTEXT ( 3 ) GLOBAL_UNCERTAINTY_ASSIGNED_CONTEXT ( ( #533 ) ) GLOBAL_UNIT_ASSIGNED_CONTEXT ( ( #1988, #1589, #311 ) ) REPRESENTATION_CONTEXT ( 'NONE', 'WORKASPACE' ) );
#252 = LINE ( 'NONE', #205, #1290 ) ;
#253 = PRESENTATION_LAYER_ASSIGNMENT (  '', '', ( #292 ) ) ;
#254 = CARTESIAN_POINT ( 'NONE',  ( 29.49890579710100269, -0.001094202898553000083, -1.583842399999999984 ) ) ;
#255 = PRESENTATION_LAYER_ASSIGNMENT (  '', '', ( #1291 ) ) ;
#256 = ORIENTED_EDGE ( 'NONE', *, *, #1764, .T. ) ;
#257 =( GEOMETRIC_REPRESENTATION_CONTEXT ( 3 ) GLOBAL_UNCERTAINTY_ASSIGNED_CONTEXT ( ( #413 ) ) GLOBAL_UNIT_ASSIGNED_CONTEXT ( ( #457, #1372, #1189 ) ) REPRESENTATION_CONTEXT ( 'NONE', 'WORKASPACE' ) );
#258 = EDGE_CURVE ( 'NONE', #930, #1816, #2063, .T. ) ;
#259 = CARTESIAN_POINT ( 'NONE',  ( -43.00000000000000000, 40.00000000000000000, -1.583842399999999984 ) ) ;
#260 = EDGE_CURVE ( 'NONE', #294, #516, #351, .T. ) ;
#261 = DIRECTION ( 'NONE',  ( -1.192488099999999771E-08, 0.9999999999999998890, 0.000000000000000000 ) ) ;
#262 = SURFACE_STYLE_FILL_AREA ( #1783 ) ;
#263 = EDGE_LOOP ( 'NONE', ( #968, #2048, #110, #1839 ) ) ;
#264 = SURFACE_STYLE_FILL_AREA ( #1541 ) ;
#265 = DIRECTION ( 'NONE',  ( -0.0003646012926787163739, 0.9999999335329464722, 0.000000000000000000 ) ) ;
#266 = DIRECTION ( 'NONE',  ( 1.192488073874366678E-08, -0.9999999999999998890, 0.000000000000000000 ) ) ;
#267 = ORIENTED_EDGE ( 'NONE', *, *, #1964, .T. ) ;
#268 = FILL_AREA_STYLE_COLOUR ( '', #353 ) ;
#269 = EDGE_CURVE ( 'NONE', #1490, #1281, #766, .T. ) ;
#270 = FILL_AREA_STYLE ('',( #1357 ) ) ;
#271 = FILL_AREA_STYLE_COLOUR ( '', #1283 ) ;
#272 = EDGE_CURVE ( 'NONE', #1051, #770, #1140, .T. ) ;
#273 = PLANE ( 'NONE',  #2308 ) ;
#274 = DIRECTION ( 'NONE',  ( 0.000000000000000000, 0.000000000000000000, 1.000000000000000000 ) ) ;
#275 = FILL_AREA_STYLE ('',( #309 ) ) ;
#276 = CARTESIAN_POINT ( 'NONE',  ( -2.667007292415342068, 8.333004216243342199, 6.737698521805000951 ) ) ;
#277 = DIRECTION ( 'NONE',  ( -0.9999999999999998890, -1.192488073874368167E-08, 0.000000000000000000 ) ) ;
#278 = OPEN_SHELL ( 'NONE', ( #1911, #647, #2316, #1689, #1378, #1036, #1104, #2276, #944 ) ) ;
#279 = AXIS2_PLACEMENT_3D ( 'NONE', #1065, #2017, #2009 ) ;
#280 = VERTEX_POINT ( 'NONE', #593 ) ;
#281 = FILL_AREA_STYLE_COLOUR ( '', #46 ) ;
#282 =( NAMED_UNIT ( * ) PLANE_ANGLE_UNIT ( ) SI_UNIT ( $, .RADIAN. ) );
#283 = STYLED_ITEM ( 'NONE', ( #802 ), #355 ) ;
#284 = PRESENTATION_LAYER_ASSIGNMENT (  '', '', ( #1829 ) ) ;
#285 = SURFACE_STYLE_FILL_AREA ( #1948 ) ;
#286 = EDGE_CURVE ( 'NONE', #1457, #1144, #1324, .T. ) ;
#287 = COLOUR_RGB ( '',0.000000000000000000, 0.5019607843137254832, 0.000000000000000000 ) ;
#288 = PRESENTATION_LAYER_ASSIGNMENT (  '', '', ( #1994 ) ) ;
#289 = DIRECTION ( 'NONE',  ( 0.000000000000000000, 0.000000000000000000, 1.000000000000000000 ) ) ;
#290 = STYLED_ITEM ( 'NONE', ( #2203 ), #2376 ) ;
#291 = CARTESIAN_POINT ( 'NONE',  ( -41.30000000000000426, -1.592040838891559095E-16, -1.583842399999999984 ) ) ;
#292 = STYLED_ITEM ( 'NONE', ( #2367 ), #1461 ) ;
#293 =( GEOMETRIC_REPRESENTATION_CONTEXT ( 3 ) GLOBAL_UNCERTAINTY_ASSIGNED_CONTEXT ( ( #2283 ) ) GLOBAL_UNIT_ASSIGNED_CONTEXT ( ( #581, #18, #2236 ) ) REPRESENTATION_CONTEXT ( 'NONE', 'WORKASPACE' ) );
#294 = VERTEX_POINT ( 'NONE', #420 ) ;
#295 = ORIENTED_EDGE ( 'NONE', *, *, #1067, .F. ) ;
#296 = FACE_OUTER_BOUND ( 'NONE', #1061, .T. ) ;
#297 = DIRECTION ( 'NONE',  ( -0.0003646012926752482280, -0.9999999335329464722, 0.000000000000000000 ) ) ;
#298 = CARTESIAN_POINT ( 'NONE',  ( -2.667007365109416828, 14.42900421624334228, 6.737698521805000951 ) ) ;
#299 =( NAMED_UNIT ( * ) SI_UNIT ( $, .STERADIAN. ) SOLID_ANGLE_UNIT ( ) );
#300 = EDGE_CURVE ( 'NONE', #462, #696, #1149, .T. ) ;
#301 = EDGE_CURVE ( 'NONE', #1121, #796, #1000, .T. ) ;
#302 = CARTESIAN_POINT ( 'NONE',  ( -2.667007283328583167, 7.571004216243341745, 7.045038521805000009 ) ) ;
#303 =( NAMED_UNIT ( * ) SI_UNIT ( $, .STERADIAN. ) SOLID_ANGLE_UNIT ( ) );
#304 = ORIENTED_EDGE ( 'NONE', *, *, #301, .F. ) ;
#305 = LINE ( 'NONE', #853, #1669 ) ;
#306 = CYLINDRICAL_SURFACE ( 'NONE', #1516, 0.7619999999999989004 ) ;
#307 = FILL_AREA_STYLE_COLOUR ( '', #1425 ) ;
#308 = CARTESIAN_POINT ( 'NONE',  ( -40.00000000000000000, 43.00000000000000000, 0.000000000000000000 ) ) ;
#309 = FILL_AREA_STYLE_COLOUR ( '', #1916 ) ;
#310 =( NAMED_UNIT ( * ) SI_UNIT ( $, .STERADIAN. ) SOLID_ANGLE_UNIT ( ) );
#311 =( NAMED_UNIT ( * ) SI_UNIT ( $, .STERADIAN. ) SOLID_ANGLE_UNIT ( ) );
#312 = ORIENTED_EDGE ( 'NONE', *, *, #2197, .T. ) ;
#313 = PRESENTATION_STYLE_ASSIGNMENT (( #676 ) ) ;
#314 = DIRECTION ( 'NONE',  ( 1.000000000000000000, 0.000000000000000000, 0.000000000000000000 ) ) ;
#315 = CARTESIAN_POINT ( 'NONE',  ( 43.00000000000000000, 40.00000000000000000, -1.583842399999999984 ) ) ;
#316 = VECTOR ( 'NONE', #1501, 1000.000000000000000 ) ;
#317 = VECTOR ( 'NONE', #921, 1000.000000000000000 ) ;
#318 = FACE_OUTER_BOUND ( 'NONE', #1376, .T. ) ;
#319 = ORIENTED_EDGE ( 'NONE', *, *, #969, .T. ) ;
#320 =( GEOMETRIC_REPRESENTATION_CONTEXT ( 3 ) GLOBAL_UNCERTAINTY_ASSIGNED_CONTEXT ( ( #225 ) ) GLOBAL_UNIT_ASSIGNED_CONTEXT ( ( #338, #890, #1647 ) ) REPRESENTATION_CONTEXT ( 'NONE', 'WORKASPACE' ) );
#321 = CARTESIAN_POINT ( 'NONE',  ( 22.33299264397733808, 13.66700421624334183, 6.737698521805000951 ) ) ;
#322 = VECTOR ( 'NONE', #1150, 1000.000000000000000 ) ;
#323 = COLOUR_RGB ( '',0.000000000000000000, 0.5019607843137254832, 0.000000000000000000 ) ;
#324 = VECTOR ( 'NONE', #2204, 1000.000000000000000 ) ;
#325 = ADVANCED_FACE ( 'NONE', ( #1958 ), #1920, .T. ) ;
#326 = ORIENTED_EDGE ( 'NONE', *, *, #1974, .T. ) ;
#327 = PRESENTATION_LAYER_ASSIGNMENT (  '', '', ( #708 ) ) ;
#328 = CIRCLE ( 'NONE', #1090, 1.300000000000002487 ) ;
#329 = ORIENTED_EDGE ( 'NONE', *, *, #1176, .F. ) ;
#330 = EDGE_CURVE ( 'NONE', #1144, #1281, #86, .T. ) ;
#331 = PRESENTATION_STYLE_ASSIGNMENT (( #2395 ) ) ;
#332 = FACE_OUTER_BOUND ( 'NONE', #1991, .T. ) ;
#333 = ORIENTED_EDGE ( 'NONE', *, *, #607, .T. ) ;
#334 = ORIENTED_EDGE ( 'NONE', *, *, #226, .T. ) ;
#335 = FILL_AREA_STYLE ('',( #1447 ) ) ;
#336 = SURFACE_STYLE_FILL_AREA ( #2394 ) ;
#337 = PLANE ( 'NONE',  #279 ) ;
#338 =( LENGTH_UNIT ( ) NAMED_UNIT ( * ) SI_UNIT ( .MILLI., .METRE. ) );
#339 = EDGE_CURVE ( 'NONE', #1428, #1681, #429, .T. ) ;
#340 = EDGE_LOOP ( 'NONE', ( #1495, #2111, #987, #1114 ) ) ;
#341 = DIRECTION ( 'NONE',  ( 0.0003646012926752482280, 0.9999999335329464722, 0.000000000000000000 ) ) ;
#342 = VERTEX_POINT ( 'NONE', #1734 ) ;
#343 =( NAMED_UNIT ( * ) PLANE_ANGLE_UNIT ( ) SI_UNIT ( $, .RADIAN. ) );
#344 = DIRECTION ( 'NONE',  ( 1.000000000000000000, 0.000000000000000000, 0.000000000000000000 ) ) ;
#345 = ORIENTED_EDGE ( 'NONE', *, *, #198, .F. ) ;
#346 = DIRECTION ( 'NONE',  ( 0.000000000000000000, 0.000000000000000000, 1.000000000000000000 ) ) ;
#347 = SURFACE_SIDE_STYLE ('',( #1449 ) ) ;
#348 = PRESENTATION_LAYER_ASSIGNMENT (  '', '', ( #459 ) ) ;
#349 = FILL_AREA_STYLE ('',( #493 ) ) ;
#350 = FILL_AREA_STYLE ('',( #1601 ) ) ;
#351 = CIRCLE ( 'NONE', #88, 0.7620000000000005658 ) ;
#352 = ORIENTED_EDGE ( 'NONE', *, *, #1856, .T. ) ;
#353 = COLOUR_RGB ( '',0.000000000000000000, 0.5019607843137254832, 0.000000000000000000 ) ;
#354 = SURFACE_STYLE_FILL_AREA ( #1048 ) ;
#355 = ADVANCED_FACE ( 'NONE', ( #296 ), #830, .T. ) ;
#356 = CARTESIAN_POINT ( 'NONE',  ( -39.99890579710000083, 39.99890579710099558, -1.583842399999999984 ) ) ;
#357 = STYLED_ITEM ( 'NONE', ( #2261 ), #752 ) ;
#358 = VERTEX_POINT ( 'NONE', #2134 ) ;
#359 = DIRECTION ( 'NONE',  ( 0.9999998944284991254, 0.0004595029821733315222, 0.000000000000000000 ) ) ;
#360 = AXIS2_PLACEMENT_3D ( 'NONE', #1060, #1, #1456 ) ;
#361 = STYLED_ITEM ( 'NONE', ( #1508 ), #2200 ) ;
#362 = CYLINDRICAL_SURFACE ( 'NONE', #2153, 3.001094402371998981 ) ;
#363 = DIRECTION ( 'NONE',  ( -0.0003646012926787163739, 0.9999999335329464722, 0.000000000000000000 ) ) ;
#364 = COLOUR_RGB ( '',0.8196078431372548767, 0.7019607843137254388, 0.4313725490196078649 ) ;
#365 = MECHANICAL_DESIGN_GEOMETRIC_PRESENTATION_REPRESENTATION (  '', ( #1291 ), #1919 ) ;
#366 = LINE ( 'NONE', #130, #2230 ) ;
#367 = CARTESIAN_POINT ( 'NONE',  ( -21.57100735601365926, 13.66700428893741659, 7.045038521805000009 ) ) ;
#368 = PRESENTATION_LAYER_ASSIGNMENT (  '', '', ( #513 ) ) ;
#369 = UNCERTAINTY_MEASURE_WITH_UNIT (LENGTH_MEASURE( 1.000000000000000082E-05 ), #2096, 'distance_accuracy_value', 'NONE');
#370 = ORIENTED_EDGE ( 'NONE', *, *, #2299, .T. ) ;
#371 = ADVANCED_FACE ( 'NONE', ( #463, #1197, #2149, #1770, #482 ), #610, .F. ) ;
#372 = SURFACE_STYLE_FILL_AREA ( #524 ) ;
#373 = DIRECTION ( 'NONE',  ( 1.000000000000000000, 0.000000000000000000, 0.000000000000000000 ) ) ;
#374 = EDGE_CURVE ( 'NONE', #280, #1428, #124, .T. ) ;
#375 = VERTEX_POINT ( 'NONE', #887 ) ;
#376 = FILL_AREA_STYLE_COLOUR ( '', #1949 ) ;
#377 = LINE ( 'NONE', #1684, #1402 ) ;
#378 = FACE_BOUND ( 'NONE', #761, .T. ) ;
#379 = APPLICATION_PROTOCOL_DEFINITION ( 'draft international standard', 'automotive_design', 1998, #1691 ) ;
#380 = CARTESIAN_POINT ( 'NONE',  ( 3.428992707584658017, 8.333004288937416959, 6.737698521805000951 ) ) ;
#381 = VERTEX_POINT ( 'NONE', #1028 ) ;
#382 =( NAMED_UNIT ( * ) PLANE_ANGLE_UNIT ( ) SI_UNIT ( $, .RADIAN. ) );
#383 = DIRECTION ( 'NONE',  ( 1.000000000000000000, 0.000000000000000000, 0.000000000000000000 ) ) ;
#384 = ORIENTED_EDGE ( 'NONE', *, *, #900, .F. ) ;
#385 = PRESENTATION_STYLE_ASSIGNMENT (( #2054 ) ) ;
#386 = CARTESIAN_POINT ( 'NONE',  ( 3.428992707584658017, 8.333004288937416959, 6.737698521805000951 ) ) ;
#387 =( LENGTH_UNIT ( ) NAMED_UNIT ( * ) SI_UNIT ( .MILLI., .METRE. ) );
#388 = UNCERTAINTY_MEASURE_WITH_UNIT (LENGTH_MEASURE( 1.000000000000000082E-05 ), #1633, 'distance_accuracy_value', 'NONE');
#389 = ORIENTED_EDGE ( 'NONE', *, *, #1726, .T. ) ;
#390 = CARTESIAN_POINT ( 'NONE',  ( 27.66699263489058325, 14.42900427985065903, 7.045038521805000009 ) ) ;
#391 = MECHANICAL_DESIGN_GEOMETRIC_PRESENTATION_REPRESENTATION (  '', ( #1076 ), #1866 ) ;
#392 = DIRECTION ( 'NONE',  ( -0.9999999999999998890, -1.192488073874368167E-08, 0.000000000000000000 ) ) ;
#393 = AXIS2_PLACEMENT_3D ( 'NONE', #636, #2124, #261 ) ;
#394 = ORIENTED_EDGE ( 'NONE', *, *, #169, .T. ) ;
#395 = SURFACE_STYLE_USAGE ( .BOTH. , #1693 ) ;
#396 = AXIS2_PLACEMENT_3D ( 'NONE', #530, #699, #2010 ) ;
#397 = ADVANCED_FACE ( 'NONE', ( #879 ), #2379, .T. ) ;
#398 = CARTESIAN_POINT ( 'NONE',  ( 41.30000000000000426, 0.000000000000000000, -1.583842399999999984 ) ) ;
#399 = EDGE_CURVE ( 'NONE', #2328, #1781, #621, .T. ) ;
#400 = FILL_AREA_STYLE ('',( #573 ) ) ;
#401 = ORIENTED_EDGE ( 'NONE', *, *, #1655, .T. ) ;
#402 = COLOUR_RGB ( '',0.000000000000000000, 0.5019607843137254832, 0.000000000000000000 ) ;
#403 = AXIS2_PLACEMENT_3D ( 'NONE', #466, #1394, #484 ) ;
#404 = VECTOR ( 'NONE', #2105, 1000.000000000000000 ) ;
#405 = CARTESIAN_POINT ( 'NONE',  ( -22.33300729240634297, 8.333004279850657170, 6.737698521805000951 ) ) ;
#406 = ORIENTED_EDGE ( 'NONE', *, *, #1208, .F. ) ;
#407 =( NAMED_UNIT ( * ) SI_UNIT ( $, .STERADIAN. ) SOLID_ANGLE_UNIT ( ) );
#408 = EDGE_LOOP ( 'NONE', ( #2015, #547, #1239, #1631 ) ) ;
#409 =( NAMED_UNIT ( * ) PLANE_ANGLE_UNIT ( ) SI_UNIT ( $, .RADIAN. ) );
#410 = DIRECTION ( 'NONE',  ( 0.000000000000000000, 0.000000000000000000, -1.000000000000000000 ) ) ;
#411 = PRODUCT_CONTEXT ( 'NONE', #1432, 'mechanical' ) ;
#412 = CARTESIAN_POINT ( 'NONE',  ( -40.00000000000000000, 0.000000000000000000, 0.000000000000000000 ) ) ;
#413 = UNCERTAINTY_MEASURE_WITH_UNIT (LENGTH_MEASURE( 1.000000000000000082E-05 ), #457, 'distance_accuracy_value', 'NONE');
#414 = EDGE_CURVE ( 'NONE', #45, #422, #893, .T. ) ;
#415 = ORIENTED_EDGE ( 'NONE', *, *, #157, .F. ) ;
#416 = FACE_OUTER_BOUND ( 'NONE', #1332, .T. ) ;
#417 = SURFACE_STYLE_FILL_AREA ( #1496 ) ;
#418 = VERTEX_POINT ( 'NONE', #175 ) ;
#419 = DIRECTION ( 'NONE',  ( 1.000000000000000000, 0.000000000000000000, 0.000000000000000000 ) ) ;
#420 = CARTESIAN_POINT ( 'NONE',  ( -2.667007365109416828, 14.42900421624334228, 7.045038521805000009 ) ) ;
#421 =( NAMED_UNIT ( * ) SI_UNIT ( $, .STERADIAN. ) SOLID_ANGLE_UNIT ( ) );
#422 = VERTEX_POINT ( 'NONE', #904 ) ;
#423 = DIRECTION ( 'NONE',  ( -0.9999999999999998890, -1.192488099999999771E-08, 0.000000000000000000 ) ) ;
#424 = EDGE_CURVE ( 'NONE', #1757, #1781, #1644, .T. ) ;
#425 = PRESENTATION_STYLE_ASSIGNMENT (( #964 ) ) ;
#426 = OPEN_SHELL ( 'NONE', ( #752, #1461, #325, #2200, #25, #496, #397, #1115, #1514 ) ) ;
#427 = EDGE_CURVE ( 'NONE', #168, #500, #1458, .T. ) ;
#428 = EDGE_LOOP ( 'NONE', ( #1289, #2012, #1823, #585 ) ) ;
#429 = CIRCLE ( 'NONE', #1868, 0.7620000000000005658 ) ;
#430 = LINE ( 'NONE', #291, #2263 ) ;
#431 = AXIS2_PLACEMENT_3D ( 'NONE', #2087, #71, #800 ) ;
#432 = CARTESIAN_POINT ( 'NONE',  ( 35.50109420289899731, 0.001094202898547999960, -1.583842399999999984 ) ) ;
#433 = PRESENTATION_STYLE_ASSIGNMENT (( #637 ) ) ;
#434 = UNCERTAINTY_MEASURE_WITH_UNIT (LENGTH_MEASURE( 1.000000000000000082E-05 ), #528, 'distance_accuracy_value', 'NONE');
#435 = MECHANICAL_DESIGN_GEOMETRIC_PRESENTATION_REPRESENTATION (  '', ( #136 ), #742 ) ;
#436 =( NAMED_UNIT ( * ) PLANE_ANGLE_UNIT ( ) SI_UNIT ( $, .RADIAN. ) );
#437 = LINE ( 'NONE', #1170, #324 ) ;
#438 = AXIS2_PLACEMENT_3D ( 'NONE', #1661, #186, #510 ) ;
#439 = CARTESIAN_POINT ( 'NONE',  ( 40.00000000000000000, 40.00000000000000000, 0.000000000000000000 ) ) ;
#440 = MECHANICAL_DESIGN_GEOMETRIC_PRESENTATION_REPRESENTATION (  '', ( #1092 ), #2309 ) ;
#441 = CARTESIAN_POINT ( 'NONE',  ( 27.66699270758465801, 8.333004279850657170, 7.045038521805000009 ) ) ;
#442 = ORIENTED_EDGE ( 'NONE', *, *, #1798, .F. ) ;
#443 = EDGE_CURVE ( 'NONE', #868, #1263, #305, .T. ) ;
#444 =( NAMED_UNIT ( * ) SI_UNIT ( $, .STERADIAN. ) SOLID_ANGLE_UNIT ( ) );
#445 = CARTESIAN_POINT ( 'NONE',  ( -40.00000000000000000, 40.00000000000000000, -1.583842399999999984 ) ) ;
#446 = SURFACE_SIDE_STYLE ('',( #2152 ) ) ;
#447 = LINE ( 'NONE', #1584, #1793 ) ;
#448 = CARTESIAN_POINT ( 'NONE',  ( -2.667007356022657927, 13.66700421624334183, 6.737698521805000951 ) ) ;
#449 =( NAMED_UNIT ( * ) PLANE_ANGLE_UNIT ( ) SI_UNIT ( $, .RADIAN. ) );
#450 = FACE_OUTER_BOUND ( 'NONE', #685, .T. ) ;
#451 =( NAMED_UNIT ( * ) SI_UNIT ( $, .STERADIAN. ) SOLID_ANGLE_UNIT ( ) );
#452 = SURFACE_SIDE_STYLE ('',( #2325 ) ) ;
#453 = ORIENTED_EDGE ( 'NONE', *, *, #579, .F. ) ;
#454 = SURFACE_STYLE_FILL_AREA ( #270 ) ;
#455 = CYLINDRICAL_SURFACE ( 'NONE', #2301, 3.001094402371998981 ) ;
#456 = CARTESIAN_POINT ( 'NONE',  ( 40.00000000000000000, 43.00000000000000000, -1.583842399999999984 ) ) ;
#457 =( LENGTH_UNIT ( ) NAMED_UNIT ( * ) SI_UNIT ( .MILLI., .METRE. ) );
#458 = DIRECTION ( 'NONE',  ( 1.192488073874366678E-08, -0.9999999999999998890, 0.000000000000000000 ) ) ;
#459 = STYLED_ITEM ( 'NONE', ( #1202 ), #25 ) ;
#460 = VECTOR ( 'NONE', #1979, 1000.000000000000114 ) ;
#461 = ORIENTED_EDGE ( 'NONE', *, *, #711, .F. ) ;
#462 = VERTEX_POINT ( 'NONE', #2222 ) ;
#463 = FACE_BOUND ( 'NONE', #1615, .T. ) ;
#464 = SURFACE_SIDE_STYLE ('',( #1970 ) ) ;
#465 = EDGE_CURVE ( 'NONE', #2360, #2175, #1683, .T. ) ;
#466 = CARTESIAN_POINT ( 'NONE',  ( 39.99890579710099558, 39.99890579710099558, -1.583842399999999984 ) ) ;
#467 = PRESENTATION_LAYER_ASSIGNMENT (  '', '', ( #17 ) ) ;
#468 = DIRECTION ( 'NONE',  ( 0.000000000000000000, 0.000000000000000000, 1.000000000000000000 ) ) ;
#469 = DIRECTION ( 'NONE',  ( 0.000000000000000000, 0.000000000000000000, 1.000000000000000000 ) ) ;
#470 = EDGE_CURVE ( 'NONE', #721, #26, #1318, .T. ) ;
#471 = DIRECTION ( 'NONE',  ( -1.192488099999999771E-08, 0.9999999999999998890, 0.000000000000000000 ) ) ;
#472 = LINE ( 'NONE', #1181, #1708 ) ;
#473 = FILL_AREA_STYLE ('',( #642 ) ) ;
#474 = STYLED_ITEM ( 'NONE', ( #1479 ), #1840 ) ;
#475 = COLOUR_RGB ( '',0.8196078431372548767, 0.7019607843137254388, 0.4313725490196078649 ) ;
#476 = AXIS2_PLACEMENT_3D ( 'NONE', #1231, #80, #265 ) ;
#477 = AXIS2_PLACEMENT_3D ( 'NONE', #1278, #1259, #341 ) ;
#478 = AXIS2_PLACEMENT_3D ( 'NONE', #1493, #1336, #1504 ) ;
#479 = AXIS2_PLACEMENT_3D ( 'NONE', #1966, #289, #1016 ) ;
#480 = VERTEX_POINT ( 'NONE', #602 ) ;
#481 = ORIENTED_EDGE ( 'NONE', *, *, #1367, .T. ) ;
#482 = FACE_OUTER_BOUND ( 'NONE', #1476, .T. ) ;
#483 = DIRECTION ( 'NONE',  ( 0.000000000000000000, 0.000000000000000000, -1.000000000000000000 ) ) ;
#484 = DIRECTION ( 'NONE',  ( 0.0003646012926752482280, 0.9999999335329464722, 0.000000000000000000 ) ) ;
#485 = FILL_AREA_STYLE_COLOUR ( '', #173 ) ;
#486 = LINE ( 'NONE', #1169, #60 ) ;
#487 = FILL_AREA_STYLE_COLOUR ( '', #1597 ) ;
#488 = DIRECTION ( 'NONE',  ( 1.000000000000000000, 0.000000000000000000, 0.000000000000000000 ) ) ;
#489 = FILL_AREA_STYLE_COLOUR ( '', #815 ) ;
#490 = ORIENTED_EDGE ( 'NONE', *, *, #776, .T. ) ;
#491 = EDGE_LOOP ( 'NONE', ( #1637, #1522 ) ) ;
#492 = SURFACE_STYLE_FILL_AREA ( #1417 ) ;
#493 = FILL_AREA_STYLE_COLOUR ( '', #1321 ) ;
#494 = DIRECTION ( 'NONE',  ( 0.000000000000000000, 0.000000000000000000, -1.000000000000000000 ) ) ;
#495 =( NAMED_UNIT ( * ) PLANE_ANGLE_UNIT ( ) SI_UNIT ( $, .RADIAN. ) );
#496 = ADVANCED_FACE ( 'NONE', ( #580 ), #936, .T. ) ;
#497 = CARTESIAN_POINT ( 'NONE',  ( -22.33300728331958496, 7.571004279850657603, 7.045038521805000009 ) ) ;
#498 = CYLINDRICAL_SURFACE ( 'NONE', #709, 0.7619999999999989004 ) ;
#499 = EDGE_CURVE ( 'NONE', #342, #1457, #2180, .T. ) ;
#500 = VERTEX_POINT ( 'NONE', #1483 ) ;
#501 = MECHANICAL_DESIGN_GEOMETRIC_PRESENTATION_REPRESENTATION (  '', ( #848 ), #1188 ) ;
#502 = DIRECTION ( 'NONE',  ( -0.9999999999999998890, -1.192488073874368167E-08, 0.000000000000000000 ) ) ;
#503 = DIRECTION ( 'NONE',  ( 0.000000000000000000, 0.000000000000000000, 1.000000000000000000 ) ) ;
#504 = CARTESIAN_POINT ( 'NONE',  ( 39.99890579710099558, 39.99890579710099558, 0.000000000000000000 ) ) ;
#505 = EDGE_LOOP ( 'NONE', ( #1530, #874, #1883, #345 ) ) ;
#506 = PRESENTATION_LAYER_ASSIGNMENT (  '', '', ( #1505 ) ) ;
#507 = FILL_AREA_STYLE ('',( #532 ) ) ;
#508 = VERTEX_POINT ( 'NONE', #2062 ) ;
#509 = MECHANICAL_DESIGN_GEOMETRIC_PRESENTATION_REPRESENTATION (  '', ( #2223 ), #1473 ) ;
#510 = DIRECTION ( 'NONE',  ( 1.000000000000000000, 0.000000000000000000, 0.000000000000000000 ) ) ;
#511 = VECTOR ( 'NONE', #2281, 1000.000000000000000 ) ;
#512 = CARTESIAN_POINT ( 'NONE',  ( -40.00000000000000000, 40.00000000000000000, 0.000000000000000000 ) ) ;
#513 = STYLED_ITEM ( 'NONE', ( #1545 ), #1990 ) ;
#514 = VECTOR ( 'NONE', #1268, 1000.000000000000000 ) ;
#515 = ADVANCED_FACE ( 'NONE', ( #758 ), #774, .T. ) ;
#516 = VERTEX_POINT ( 'NONE', #1094 ) ;
#517 = VECTOR ( 'NONE', #423, 1000.000000000000114 ) ;
#518 = VERTEX_POINT ( 'NONE', #1846 ) ;
#519 = PRESENTATION_STYLE_ASSIGNMENT (( #141 ) ) ;
#520 = COLOUR_RGB ( '',0.000000000000000000, 0.5019607843137254832, 0.000000000000000000 ) ;
#521 = ORIENTED_EDGE ( 'NONE', *, *, #95, .T. ) ;
#522 = CYLINDRICAL_SURFACE ( 'NONE', #477, 3.001094402371998981 ) ;
#523 = VERTEX_POINT ( 'NONE', #189 ) ;
#524 = FILL_AREA_STYLE ('',( #2196 ) ) ;
#525 =( NAMED_UNIT ( * ) PLANE_ANGLE_UNIT ( ) SI_UNIT ( $, .RADIAN. ) );
#526 = ORIENTED_EDGE ( 'NONE', *, *, #682, .F. ) ;
#527 = CARTESIAN_POINT ( 'NONE',  ( -2.667007292415342068, 8.333004216243342199, 7.045038521805000009 ) ) ;
#528 =( LENGTH_UNIT ( ) NAMED_UNIT ( * ) SI_UNIT ( .MILLI., .METRE. ) );
#529 = FILL_AREA_STYLE ('',( #1448 ) ) ;
#530 = CARTESIAN_POINT ( 'NONE',  ( 21.57099264397734117, 13.66700420715658382, 6.737698521805000951 ) ) ;
#531 = EDGE_CURVE ( 'NONE', #1727, #1144, #209, .T. ) ;
#532 = FILL_AREA_STYLE_COLOUR ( '', #1319 ) ;
#533 = UNCERTAINTY_MEASURE_WITH_UNIT (LENGTH_MEASURE( 1.000000000000000082E-05 ), #1988, 'distance_accuracy_value', 'NONE');
#534 = ORIENTED_EDGE ( 'NONE', *, *, #755, .T. ) ;
#535 = DIRECTION ( 'NONE',  ( 1.192488073874366678E-08, -0.9999999999999998890, 0.000000000000000000 ) ) ;
#536 = CARTESIAN_POINT ( 'NONE',  ( 35.50000000000000000, -3.000000000000000000, -1.583842399999999984 ) ) ;
#537 = EDGE_LOOP ( 'NONE', ( #920, #1819, #1195, #2058 ) ) ;
#538 =( NAMED_UNIT ( * ) SI_UNIT ( $, .STERADIAN. ) SOLID_ANGLE_UNIT ( ) );
#539 = DIRECTION ( 'NONE',  ( -1.192488073874365520E-08, 1.000000000000000000, 0.000000000000000000 ) ) ;
#540 = PRESENTATION_STYLE_ASSIGNMENT (( #1470 ) ) ;
#541 = EDGE_CURVE ( 'NONE', #358, #462, #1588, .T. ) ;
#542 = COLOUR_RGB ( '',0.8196078431372548767, 0.7019607843137254388, 0.4313725490196078649 ) ;
#543 = FILL_AREA_STYLE_COLOUR ( '', #559 ) ;
#544 = FACE_OUTER_BOUND ( 'NONE', #1112, .T. ) ;
#545 = AXIS2_PLACEMENT_3D ( 'NONE', #659, #1389, #649 ) ;
#546 = EDGE_CURVE ( 'NONE', #790, #168, #2068, .T. ) ;
#547 = ORIENTED_EDGE ( 'NONE', *, *, #1626, .F. ) ;
#548 = AXIS2_PLACEMENT_3D ( 'NONE', #828, #983, #419 ) ;
#549 = CYLINDRICAL_SURFACE ( 'NONE', #668, 0.7619999999999989004 ) ;
#550 = DIRECTION ( 'NONE',  ( 0.000000000000000000, 0.000000000000000000, -1.000000000000000000 ) ) ;
#551 = VECTOR ( 'NONE', #120, 1000.000000000000000 ) ;
#552 = COLOUR_RGB ( '',0.000000000000000000, 0.5019607843137254832, 0.000000000000000000 ) ;
#553 = ORIENTED_EDGE ( 'NONE', *, *, #465, .T. ) ;
#554 =( NAMED_UNIT ( * ) PLANE_ANGLE_UNIT ( ) SI_UNIT ( $, .RADIAN. ) );
#555 = AXIS2_PLACEMENT_3D ( 'NONE', #512, #884, #373 ) ;
#556 = MECHANICAL_DESIGN_GEOMETRIC_PRESENTATION_REPRESENTATION (  '', ( #1010 ), #743 ) ;
#557 = FILL_AREA_STYLE ('',( #1847 ) ) ;
#558 = DIRECTION ( 'NONE',  ( 0.000000000000000000, 0.000000000000000000, -1.000000000000000000 ) ) ;
#559 = COLOUR_RGB ( '',0.000000000000000000, 0.5019607843137254832, 0.000000000000000000 ) ;
#560 = VECTOR ( 'NONE', #1468, 1000.000000000000000 ) ;
#561 = DIRECTION ( 'NONE',  ( 0.000000000000000000, 0.000000000000000000, 1.000000000000000000 ) ) ;
#562 = PRESENTATION_STYLE_ASSIGNMENT (( #959 ) ) ;
#563 =( GEOMETRIC_REPRESENTATION_CONTEXT ( 3 ) GLOBAL_UNCERTAINTY_ASSIGNED_CONTEXT ( ( #605 ) ) GLOBAL_UNIT_ASSIGNED_CONTEXT ( ( #1641, #525, #912 ) ) REPRESENTATION_CONTEXT ( 'NONE', 'WORKASPACE' ) );
#564 = UNCERTAINTY_MEASURE_WITH_UNIT (LENGTH_MEASURE( 1.000000000000000082E-05 ), #1897, 'distance_accuracy_value', 'NONE');
#565 = EDGE_LOOP ( 'NONE', ( #1269, #2365, #1906, #911 ) ) ;
#566 = CARTESIAN_POINT ( 'NONE',  ( 29.49890579710100269, -0.001094202898553000083, -1.583842399999999984 ) ) ;
#567 = CARTESIAN_POINT ( 'NONE',  ( 40.00000000000000000, 40.00000000000000000, -1.583842399999999984 ) ) ;
#568 = ORIENTED_EDGE ( 'NONE', *, *, #427, .F. ) ;
#569 = FILL_AREA_STYLE_COLOUR ( '', #2256 ) ;
#570 = DIRECTION ( 'NONE',  ( -0.9999999999999998890, -1.192488099999999771E-08, 0.000000000000000000 ) ) ;
#571 = DIRECTION ( 'NONE',  ( -0.9999999999999998890, -1.192488099999999771E-08, 0.000000000000000000 ) ) ;
#572 = FILL_AREA_STYLE ('',( #1685 ) ) ;
#573 = FILL_AREA_STYLE_COLOUR ( '', #2115 ) ;
#574 = ORIENTED_EDGE ( 'NONE', *, *, #1280, .F. ) ;
#575 = FACE_OUTER_BOUND ( 'NONE', #102, .T. ) ;
#576 = DIRECTION ( 'NONE',  ( 0.000000000000000000, 0.000000000000000000, 1.000000000000000000 ) ) ;
#577 = EDGE_CURVE ( 'NONE', #1700, #1813, #1747, .T. ) ;
#578 = VERTEX_POINT ( 'NONE', #1952 ) ;
#579 = EDGE_CURVE ( 'NONE', #518, #418, #2220, .T. ) ;
#580 = FACE_OUTER_BOUND ( 'NONE', #1845, .T. ) ;
#581 =( LENGTH_UNIT ( ) NAMED_UNIT ( * ) SI_UNIT ( .MILLI., .METRE. ) );
#582 = CARTESIAN_POINT ( 'NONE',  ( -27.66700735601365579, 13.66700421624334183, 7.045038521805000009 ) ) ;
#583 = DIRECTION ( 'NONE',  ( 0.000000000000000000, -1.000000000000000000, 0.000000000000000000 ) ) ;
#584 = APPLICATION_PROTOCOL_DEFINITION ( 'draft international standard', 'automotive_design', 1998, #1432 ) ;
#585 = ORIENTED_EDGE ( 'NONE', *, *, #1889, .F. ) ;
#586 = CARTESIAN_POINT ( 'NONE',  ( -29.50000000000000000, 3.000000000000000000, -1.583842399999999984 ) ) ;
#587 =( GEOMETRIC_REPRESENTATION_CONTEXT ( 3 ) GLOBAL_UNCERTAINTY_ASSIGNED_CONTEXT ( ( #1876 ) ) GLOBAL_UNIT_ASSIGNED_CONTEXT ( ( #2292, #1003, #2329 ) ) REPRESENTATION_CONTEXT ( 'NONE', 'WORKASPACE' ) );
#588 = AXIS2_PLACEMENT_3D ( 'NONE', #1107, #741, #32 ) ;
#589 = ORIENTED_EDGE ( 'NONE', *, *, #2156, .T. ) ;
#590 = AXIS2_PLACEMENT_3D ( 'NONE', #625, #1560, #1008 ) ;
#591 = EDGE_CURVE ( 'NONE', #753, #1618, #1791, .T. ) ;
#592 = VERTEX_POINT ( 'NONE', #791 ) ;
#593 = CARTESIAN_POINT ( 'NONE',  ( 2.666992634890583247, 14.42900427985065903, 6.737698521805000951 ) ) ;
#594 = SURFACE_STYLE_FILL_AREA ( #214 ) ;
#595 = PRESENTATION_LAYER_ASSIGNMENT (  '', '', ( #2342 ) ) ;
#596 = STYLED_ITEM ( 'NONE', ( #894 ), #1266 ) ;
#597 = ORIENTED_EDGE ( 'NONE', *, *, #269, .T. ) ;
#598 = AXIS2_PLACEMENT_3D ( 'NONE', #1434, #2396, #1814 ) ;
#599 = FILL_AREA_STYLE ('',( #43 ) ) ;
#600 = DIRECTION ( 'NONE',  ( 1.192488099999999771E-08, -0.9999999999999998890, 0.000000000000000000 ) ) ;
#601 = ORIENTED_EDGE ( 'NONE', *, *, #1396, .F. ) ;
#602 = CARTESIAN_POINT ( 'NONE',  ( -3.429007292415342523, 8.333004207156584187, 6.737698521805000951 ) ) ;
#603 = DIRECTION ( 'NONE',  ( -0.0003646012926752482280, -0.9999999335329464722, 0.000000000000000000 ) ) ;
#604 = CARTESIAN_POINT ( 'NONE',  ( -38.69999999999999574, 0.000000000000000000, -1.583842399999999984 ) ) ;
#605 = UNCERTAINTY_MEASURE_WITH_UNIT (LENGTH_MEASURE( 1.000000000000000082E-05 ), #1641, 'distance_accuracy_value', 'NONE');
#606 = ORIENTED_EDGE ( 'NONE', *, *, #2332, .F. ) ;
#607 = EDGE_CURVE ( 'NONE', #462, #592, #1723, .T. ) ;
#608 = DIRECTION ( 'NONE',  ( -0.9999999999999998890, -1.192488073874368167E-08, 0.000000000000000000 ) ) ;
#609 = ORIENTED_EDGE ( 'NONE', *, *, #2122, .T. ) ;
#610 = PLANE ( 'NONE',  #1503 ) ;
#611 = CYLINDRICAL_SURFACE ( 'NONE', #1599, 1.300000000000002487 ) ;
#612 = SURFACE_SIDE_STYLE ('',( #113 ) ) ;
#613 =( NAMED_UNIT ( * ) SI_UNIT ( $, .STERADIAN. ) SOLID_ANGLE_UNIT ( ) );
#614 = ADVANCED_FACE ( 'NONE', ( #1927 ), #1766, .F. ) ;
#615 = CARTESIAN_POINT ( 'NONE',  ( -7.324219000000000424E-06, 11.00000424804700039, 7.045038521805000009 ) ) ;
#616 = AXIS2_PLACEMENT_3D ( 'NONE', #1538, #995, #91 ) ;
#617 = LINE ( 'NONE', #1352, #1250 ) ;
#618 = ORIENTED_EDGE ( 'NONE', *, *, #1445, .T. ) ;
#619 = VECTOR ( 'NONE', #571, 1000.000000000000114 ) ;
#620 = CYLINDRICAL_SURFACE ( 'NONE', #622, 0.7620000000000002327 ) ;
#621 = CIRCLE ( 'NONE', #1872, 0.7620000000000002327 ) ;
#622 = AXIS2_PLACEMENT_3D ( 'NONE', #654, #2216, #876 ) ;
#623 = DIRECTION ( 'NONE',  ( -0.000000000000000000, 0.000000000000000000, -1.000000000000000000 ) ) ;
#624 =( NAMED_UNIT ( * ) PLANE_ANGLE_UNIT ( ) SI_UNIT ( $, .RADIAN. ) );
#625 = CARTESIAN_POINT ( 'NONE',  ( -22.33300735601365972, 13.66700427985065858, 6.737698521805000951 ) ) ;
#626 = CIRCLE ( 'NONE', #2303, 0.7619999999999989004 ) ;
#627 = DIRECTION ( 'NONE',  ( 0.000000000000000000, 0.000000000000000000, -1.000000000000000000 ) ) ;
#628 = MECHANICAL_DESIGN_GEOMETRIC_PRESENTATION_REPRESENTATION (  '', ( #361 ), #2307 ) ;
#629 = AXIS2_PLACEMENT_3D ( 'NONE', #950, #236, #733 ) ;
#630 = CARTESIAN_POINT ( 'NONE',  ( 35.50000000000000000, -3.000000000000000000, 0.000000000000000000 ) ) ;
#631 = VECTOR ( 'NONE', #2322, 1000.000000000000114 ) ;
#632 = STYLED_ITEM ( 'NONE', ( #2029 ), #1514 ) ;
#633 = CARTESIAN_POINT ( 'NONE',  ( -2.667007283328583167, 7.571004216243341745, 6.737698521805000951 ) ) ;
#634 = SURFACE_STYLE_FILL_AREA ( #1333 ) ;
#635 = DIRECTION ( 'NONE',  ( 0.000000000000000000, 0.000000000000000000, 1.000000000000000000 ) ) ;
#636 = CARTESIAN_POINT ( 'NONE',  ( -21.57100729240634251, 8.333004288937416959, 6.737698521805000951 ) ) ;
#637 = SURFACE_STYLE_USAGE ( .BOTH. , #2294 ) ;
#638 = CARTESIAN_POINT ( 'NONE',  ( -28.42900735601365980, 13.66700420715658382, 7.045038521805000009 ) ) ;
#639 = SURFACE_STYLE_FILL_AREA ( #2313 ) ;
#640 =( NAMED_UNIT ( * ) PLANE_ANGLE_UNIT ( ) SI_UNIT ( $, .RADIAN. ) );
#641 =( LENGTH_UNIT ( ) NAMED_UNIT ( * ) SI_UNIT ( .MILLI., .METRE. ) );
#642 = FILL_AREA_STYLE_COLOUR ( '', #1551 ) ;
#643 = CARTESIAN_POINT ( 'NONE',  ( 22.33299263489058006, 14.42900421624334228, 6.737698521805000951 ) ) ;
#644 = EDGE_CURVE ( 'NONE', #342, #1727, #1340, .T. ) ;
#645 = PRESENTATION_STYLE_ASSIGNMENT (( #64 ) ) ;
#646 = LINE ( 'NONE', #1526, #775 ) ;
#647 = ADVANCED_FACE ( 'NONE', ( #2098 ), #620, .T. ) ;
#648 = VERTEX_POINT ( 'NONE', #1853 ) ;
#649 = DIRECTION ( 'NONE',  ( 0.9999999335329464722, -0.0003646012926760806242, 0.000000000000000000 ) ) ;
#650 = CARTESIAN_POINT ( 'NONE',  ( -22.33300736510041773, 14.42900427985065903, 6.737698521805000951 ) ) ;
#651 = LINE ( 'NONE', #2030, #1941 ) ;
#652 = FILL_AREA_STYLE_COLOUR ( '', #364 ) ;
#653 = SURFACE_SIDE_STYLE ('',( #118 ) ) ;
#654 = CARTESIAN_POINT ( 'NONE',  ( 2.666992643977342148, 13.66700427985065858, 6.737698521805000951 ) ) ;
#655 = SURFACE_SIDE_STYLE ('',( #1341 ) ) ;
#656 = AXIS2_PLACEMENT_3D ( 'NONE', #1887, #213, #223 ) ;
#657 = VERTEX_POINT ( 'NONE', #1604 ) ;
#658 = VERTEX_POINT ( 'NONE', #1967 ) ;
#659 = CARTESIAN_POINT ( 'NONE',  ( -35.50109420289000184, 0.001094202898547999960, -1.583842399999999984 ) ) ;
#660 = SURFACE_STYLE_USAGE ( .BOTH. , #2330 ) ;
#661 = AXIS2_PLACEMENT_3D ( 'NONE', #2016, #162, #2199 ) ;
#662 = EDGE_CURVE ( 'NONE', #721, #1147, #2353, .T. ) ;
#663 = DIRECTION ( 'NONE',  ( 0.000000000000000000, 0.000000000000000000, 1.000000000000000000 ) ) ;
#664 = MECHANICAL_DESIGN_GEOMETRIC_PRESENTATION_REPRESENTATION (  '', ( #1200 ), #52 ) ;
#665 = PRESENTATION_STYLE_ASSIGNMENT (( #1760 ) ) ;
#666 = CYLINDRICAL_SURFACE ( 'NONE', #476, 3.001094402371998981 ) ;
#667 = CIRCLE ( 'NONE', #1552, 1.300000000000002487 ) ;
#668 = AXIS2_PLACEMENT_3D ( 'NONE', #2373, #195, #2013 ) ;
#669 = CARTESIAN_POINT ( 'NONE',  ( -40.00000000000000000, 0.000000000000000000, -1.583842399999999984 ) ) ;
#670 = FACE_OUTER_BOUND ( 'NONE', #154, .T. ) ;
#671 = COLOUR_RGB ( '',0.8196078431372548767, 0.7019607843137254388, 0.4313725490196078649 ) ;
#672 = CARTESIAN_POINT ( 'NONE',  ( -3.429007356022657937, 13.66700420715658382, 6.737698521805000951 ) ) ;
#673 = VECTOR ( 'NONE', #1777, 1000.000000000000000 ) ;
#674 = ORIENTED_EDGE ( 'NONE', *, *, #927, .T. ) ;
#675 = ORIENTED_EDGE ( 'NONE', *, *, #692, .T. ) ;
#676 = SURFACE_STYLE_USAGE ( .BOTH. , #686 ) ;
#677 = DIRECTION ( 'NONE',  ( -0.000000000000000000, 0.000000000000000000, -1.000000000000000000 ) ) ;
#678 = CARTESIAN_POINT ( 'NONE',  ( 2.666992707584658007, 8.333004279850657170, 6.737698521805000951 ) ) ;
#679 = EDGE_CURVE ( 'NONE', #1618, #204, #148, .T. ) ;
#680 = DIRECTION ( 'NONE',  ( 1.000000000000000000, 0.000000000000000000, 0.000000000000000000 ) ) ;
#681 = CARTESIAN_POINT ( 'NONE',  ( 41.30000000000000426, 40.00000000000000000, -1.583842399999999984 ) ) ;
#682 = EDGE_CURVE ( 'NONE', #1781, #1306, #1806, .T. ) ;
#683 = DIRECTION ( 'NONE',  ( 0.9999999999999998890, 1.192488073874368167E-08, 0.000000000000000000 ) ) ;
#684 = SURFACE_STYLE_USAGE ( .BOTH. , #2099 ) ;
#685 = EDGE_LOOP ( 'NONE', ( #2288, #1420, #415, #2355 ) ) ;
#686 = SURFACE_SIDE_STYLE ('',( #2357 ) ) ;
#687 = FACE_OUTER_BOUND ( 'NONE', #36, .T. ) ;
#688 =( LENGTH_UNIT ( ) NAMED_UNIT ( * ) SI_UNIT ( .MILLI., .METRE. ) );
#689 = CARTESIAN_POINT ( 'NONE',  ( 43.00000000000000000, 40.00000000000000000, -1.583842399999999984 ) ) ;
#690 =( NAMED_UNIT ( * ) PLANE_ANGLE_UNIT ( ) SI_UNIT ( $, .RADIAN. ) );
#691 = EDGE_LOOP ( 'NONE', ( #726, #2006, #1749, #62, #1418, #2278, #1253, #885 ) ) ;
#692 = EDGE_CURVE ( 'NONE', #2221, #1019, #918, .T. ) ;
#693 = CARTESIAN_POINT ( 'NONE',  ( -43.00000000000000000, -0.1000000000000000056, -1.583842399999999984 ) ) ;
#694 = DIRECTION ( 'NONE',  ( 0.000000000000000000, 0.000000000000000000, 1.000000000000000000 ) ) ;
#695 = ORIENTED_EDGE ( 'NONE', *, *, #720, .T. ) ;
#696 = VERTEX_POINT ( 'NONE', #1424 ) ;
#697 = MECHANICAL_DESIGN_GEOMETRIC_PRESENTATION_REPRESENTATION (  '', ( #85 ), #2178 ) ;
#698 = SURFACE_STYLE_USAGE ( .BOTH. , #1995 ) ;
#699 = DIRECTION ( 'NONE',  ( -1.000000000000000000, -1.192488099999999937E-08, 0.000000000000000000 ) ) ;
#700 = CIRCLE ( 'NONE', #656, 0.7620000000000002327 ) ;
#701 = FILL_AREA_STYLE ('',( #543 ) ) ;
#702 =( NAMED_UNIT ( * ) PLANE_ANGLE_UNIT ( ) SI_UNIT ( $, .RADIAN. ) );
#703 = EDGE_LOOP ( 'NONE', ( #453, #1059 ) ) ;
#704 =( GEOMETRIC_REPRESENTATION_CONTEXT ( 3 ) GLOBAL_UNCERTAINTY_ASSIGNED_CONTEXT ( ( #564 ) ) GLOBAL_UNIT_ASSIGNED_CONTEXT ( ( #1897, #238, #786 ) ) REPRESENTATION_CONTEXT ( 'NONE', 'WORKASPACE' ) );
#705 =( LENGTH_UNIT ( ) NAMED_UNIT ( * ) SI_UNIT ( .MILLI., .METRE. ) );
#706 = AXIS2_PLACEMENT_3D ( 'NONE', #767, #410, #2067 ) ;
#707 = DIRECTION ( 'NONE',  ( 0.000000000000000000, 0.000000000000000000, 1.000000000000000000 ) ) ;
#708 = STYLED_ITEM ( 'NONE', ( #1575 ), #2051 ) ;
#709 = AXIS2_PLACEMENT_3D ( 'NONE', #1788, #1574, #1365 ) ;
#710 = ORIENTED_EDGE ( 'NONE', *, *, #1135, .F. ) ;
#711 = EDGE_CURVE ( 'NONE', #1306, #1388, #1590, .T. ) ;
#712 = DIRECTION ( 'NONE',  ( 1.192488099999999937E-08, -1.000000000000000000, -0.000000000000000000 ) ) ;
#713 = CARTESIAN_POINT ( 'NONE',  ( 2.666992634890583247, 14.42900427985065903, 6.737698521805000951 ) ) ;
#714 = ORIENTED_EDGE ( 'NONE', *, *, #2018, .T. ) ;
#715 =( NAMED_UNIT ( * ) PLANE_ANGLE_UNIT ( ) SI_UNIT ( $, .RADIAN. ) );
#716 = DIRECTION ( 'NONE',  ( 0.9999999999999998890, 1.192488099999999771E-08, 0.000000000000000000 ) ) ;
#717 = EDGE_LOOP ( 'NONE', ( #158, #70, #740, #851 ) ) ;
#718 = CARTESIAN_POINT ( 'NONE',  ( 40.00000000000000000, 0.000000000000000000, 0.000000000000000000 ) ) ;
#719 = CARTESIAN_POINT ( 'NONE',  ( -2.667007283328583167, 7.571004216243341745, 7.045038521805000009 ) ) ;
#720 = EDGE_CURVE ( 'NONE', #2022, #947, #1234, .T. ) ;
#721 = VERTEX_POINT ( 'NONE', #2339 ) ;
#722 = DIRECTION ( 'NONE',  ( 0.000000000000000000, 0.000000000000000000, 1.000000000000000000 ) ) ;
#723 = DIRECTION ( 'NONE',  ( 0.000000000000000000, 0.000000000000000000, 1.000000000000000000 ) ) ;
#724 = CARTESIAN_POINT ( 'NONE',  ( -2.667007283328583167, 7.571004216243341745, 6.737698521805000951 ) ) ;
#725 = UNCERTAINTY_MEASURE_WITH_UNIT (LENGTH_MEASURE( 1.000000000000000082E-05 ), #831, 'distance_accuracy_value', 'NONE');
#726 = ORIENTED_EDGE ( 'NONE', *, *, #1528, .T. ) ;
#727 = FILL_AREA_STYLE_COLOUR ( '', #1598 ) ;
#728 = CARTESIAN_POINT ( 'NONE',  ( 27.66699271667141957, 7.571004279850657603, 7.045038521805000009 ) ) ;
#729 = ORIENTED_EDGE ( 'NONE', *, *, #1145, .F. ) ;
#730 = SURFACE_STYLE_USAGE ( .BOTH. , #923 ) ;
#731 = DIRECTION ( 'NONE',  ( 0.000000000000000000, 0.000000000000000000, 1.000000000000000000 ) ) ;
#732 = CIRCLE ( 'NONE', #1382, 0.7620000000000002327 ) ;
#733 = DIRECTION ( 'NONE',  ( 0.000000000000000000, 1.000000000000000000, 0.000000000000000000 ) ) ;
#734 = ORIENTED_EDGE ( 'NONE', *, *, #607, .F. ) ;
#735 = MECHANICAL_DESIGN_GEOMETRIC_PRESENTATION_REPRESENTATION (  '', ( #1505 ), #14 ) ;
#736 = DIRECTION ( 'NONE',  ( 1.192488099999999771E-08, -0.9999999999999998890, 0.000000000000000000 ) ) ;
#737 = CARTESIAN_POINT ( 'NONE',  ( -2.667007365109416828, 14.42900421624334228, 6.737698521805000951 ) ) ;
#738 = CIRCLE ( 'NONE', #1386, 0.7619999999999997886 ) ;
#739 = PRESENTATION_LAYER_ASSIGNMENT (  '', '', ( #1797 ) ) ;
#740 = ORIENTED_EDGE ( 'NONE', *, *, #1208, .T. ) ;
#741 = DIRECTION ( 'NONE',  ( 0.000000000000000000, 0.000000000000000000, 1.000000000000000000 ) ) ;
#742 =( GEOMETRIC_REPRESENTATION_CONTEXT ( 3 ) GLOBAL_UNCERTAINTY_ASSIGNED_CONTEXT ( ( #369 ) ) GLOBAL_UNIT_ASSIGNED_CONTEXT ( ( #2096, #230, #1925 ) ) REPRESENTATION_CONTEXT ( 'NONE', 'WORKASPACE' ) );
#743 =( GEOMETRIC_REPRESENTATION_CONTEXT ( 3 ) GLOBAL_UNCERTAINTY_ASSIGNED_CONTEXT ( ( #184 ) ) GLOBAL_UNIT_ASSIGNED_CONTEXT ( ( #1544, #449, #2323 ) ) REPRESENTATION_CONTEXT ( 'NONE', 'WORKASPACE' ) );
#744 = AXIS2_PLACEMENT_3D ( 'NONE', #321, #147, #1627 ) ;
#745 = VECTOR ( 'NONE', #2070, 1000.000000000000000 ) ;
#746 = LINE ( 'NONE', #2088, #619 ) ;
#747 =( LENGTH_UNIT ( ) NAMED_UNIT ( * ) SI_UNIT ( .MILLI., .METRE. ) );
#748 = AXIS2_PLACEMENT_3D ( 'NONE', #448, #1024, #2128 ) ;
#749 = AXIS2_PLACEMENT_3D ( 'NONE', #669, #1403, #488 ) ;
#750 = FACE_OUTER_BOUND ( 'NONE', #902, .T. ) ;
#751 = UNCERTAINTY_MEASURE_WITH_UNIT (LENGTH_MEASURE( 1.000000000000000082E-05 ), #183, 'distance_accuracy_value', 'NONE');
#752 = ADVANCED_FACE ( 'NONE', ( #670 ), #1404, .T. ) ;
#753 = VERTEX_POINT ( 'NONE', #1572 ) ;
#754 = CYLINDRICAL_SURFACE ( 'NONE', #1439, 0.7619999999999989004 ) ;
#755 = EDGE_CURVE ( 'NONE', #1317, #1813, #447, .T. ) ;
#756 = DIRECTION ( 'NONE',  ( -1.192488099999999771E-08, 0.9999999999999998890, 0.000000000000000000 ) ) ;
#757 = ORIENTED_EDGE ( 'NONE', *, *, #826, .F. ) ;
#758 = FACE_OUTER_BOUND ( 'NONE', #165, .T. ) ;
#759 = FACE_OUTER_BOUND ( 'NONE', #829, .T. ) ;
#760 = DIRECTION ( 'NONE',  ( 0.000000000000000000, 0.000000000000000000, 1.000000000000000000 ) ) ;
#761 = EDGE_LOOP ( 'NONE', ( #401, #991 ) ) ;
#762 = DIRECTION ( 'NONE',  ( 0.9999999335329464722, 0.0003646012926778807251, 0.000000000000000000 ) ) ;
#763 = CARTESIAN_POINT ( 'NONE',  ( 38.69999999999999574, -1.592040838891555891E-16, 0.000000000000000000 ) ) ;
#764 = ORIENTED_EDGE ( 'NONE', *, *, #1497, .T. ) ;
#765 = LINE ( 'NONE', #1301, #1326 ) ;
#766 = LINE ( 'NONE', #2274, #316 ) ;
#767 = CARTESIAN_POINT ( 'NONE',  ( -40.10133194675000112, -0.1013319467550000130, -1.583842399999999984 ) ) ;
#768 = LINE ( 'NONE', #380, #745 ) ;
#769 = UNCERTAINTY_MEASURE_WITH_UNIT (LENGTH_MEASURE( 1.000000000000000082E-05 ), #910, 'distance_accuracy_value', 'NONE');
#770 = VERTEX_POINT ( 'NONE', #1539 ) ;
#771 =( GEOMETRIC_REPRESENTATION_CONTEXT ( 3 ) GLOBAL_UNCERTAINTY_ASSIGNED_CONTEXT ( ( #2047 ) ) GLOBAL_UNIT_ASSIGNED_CONTEXT ( ( #1885, #3, #407 ) ) REPRESENTATION_CONTEXT ( 'NONE', 'WORKASPACE' ) );
#772 = STYLED_ITEM ( 'NONE', ( #781 ), #954 ) ;
#773 = ORIENTED_EDGE ( 'NONE', *, *, #75, .F. ) ;
#774 = CYLINDRICAL_SURFACE ( 'NONE', #2138, 2.898668359260997640 ) ;
#775 = VECTOR ( 'NONE', #1017, 1000.000000000000114 ) ;
#776 = EDGE_CURVE ( 'NONE', #1490, #1653, #1989, .T. ) ;
#777 = MECHANICAL_DESIGN_GEOMETRIC_PRESENTATION_REPRESENTATION (  '', ( #474 ), #563 ) ;
#778 = COLOUR_RGB ( '',0.000000000000000000, 0.5019607843137254832, 0.000000000000000000 ) ;
#779 = VERTEX_POINT ( 'NONE', #456 ) ;
#780 = CARTESIAN_POINT ( 'NONE',  ( -2.667007356022657927, 13.66700421624334183, 7.045038521805000009 ) ) ;
#781 = PRESENTATION_STYLE_ASSIGNMENT (( #2057 ) ) ;
#782 =( GEOMETRIC_REPRESENTATION_CONTEXT ( 3 ) GLOBAL_UNCERTAINTY_ASSIGNED_CONTEXT ( ( #8 ) ) GLOBAL_UNIT_ASSIGNED_CONTEXT ( ( #1564, #495, #1209 ) ) REPRESENTATION_CONTEXT ( 'NONE', 'WORKASPACE' ) );
#783 = AXIS2_PLACEMENT_3D ( 'NONE', #806, #2300, #822 ) ;
#784 = CARTESIAN_POINT ( 'NONE',  ( 40.00000000000000000, 43.00000000000000000, 0.000000000000000000 ) ) ;
#785 = ORIENTED_EDGE ( 'NONE', *, *, #300, .F. ) ;
#786 =( NAMED_UNIT ( * ) SI_UNIT ( $, .STERADIAN. ) SOLID_ANGLE_UNIT ( ) );
#787 = STYLED_ITEM ( 'NONE', ( #1809 ), #1472 ) ;
#788 = DIRECTION ( 'NONE',  ( 0.000000000000000000, 0.000000000000000000, 1.000000000000000000 ) ) ;
#789 = CIRCLE ( 'NONE', #1095, 0.7619999999999989004 ) ;
#790 = VERTEX_POINT ( 'NONE', #1362 ) ;
#791 = CARTESIAN_POINT ( 'NONE',  ( -40.09999999999999432, -3.000000000000000000, -1.583842399999999984 ) ) ;
#792 = ADVANCED_FACE ( 'NONE', ( #1738 ), #1971, .T. ) ;
#793 = EDGE_CURVE ( 'NONE', #1329, #1337, #1203, .T. ) ;
#794 = SURFACE_STYLE_USAGE ( .BOTH. , #1583 ) ;
#795 = UNCERTAINTY_MEASURE_WITH_UNIT (LENGTH_MEASURE( 1.000000000000000082E-05 ), #1567, 'distance_accuracy_value', 'NONE');
#796 = VERTEX_POINT ( 'NONE', #1023 ) ;
#797 = DIRECTION ( 'NONE',  ( 1.000000000000000000, 0.000000000000000000, 0.000000000000000000 ) ) ;
#798 = DIRECTION ( 'NONE',  ( 1.000000000000000000, 0.000000000000000000, 0.000000000000000000 ) ) ;
#799 = ORIENTED_EDGE ( 'NONE', *, *, #1038, .T. ) ;
#800 = DIRECTION ( 'NONE',  ( 1.000000000000000000, 0.000000000000000000, 0.000000000000000000 ) ) ;
#801 = CARTESIAN_POINT ( 'NONE',  ( 40.00000000000000000, 40.00000000000000000, -1.583842399999999984 ) ) ;
#802 = PRESENTATION_STYLE_ASSIGNMENT (( #1164 ) ) ;
#803 = CARTESIAN_POINT ( 'NONE',  ( 3.428992707584658017, 8.333004288937416959, 7.045038521805000009 ) ) ;
#804 = DIRECTION ( 'NONE',  ( -0.9999999999999998890, -1.192488099999999771E-08, 0.000000000000000000 ) ) ;
#805 = DIRECTION ( 'NONE',  ( -1.000000000000000000, 0.000000000000000000, 0.000000000000000000 ) ) ;
#806 = CARTESIAN_POINT ( 'NONE',  ( 27.66699270758465801, 8.333004279850657170, 6.737698521805000951 ) ) ;
#807 = CARTESIAN_POINT ( 'NONE',  ( -3.429007356022657937, 13.66700420715658382, 7.045038521805000009 ) ) ;
#808 =( GEOMETRIC_REPRESENTATION_CONTEXT ( 3 ) GLOBAL_UNCERTAINTY_ASSIGNED_CONTEXT ( ( #1260 ) ) GLOBAL_UNIT_ASSIGNED_CONTEXT ( ( #1346, #1007, #2333 ) ) REPRESENTATION_CONTEXT ( 'NONE', 'WORKASPACE' ) );
#809 = DIRECTION ( 'NONE',  ( 0.000000000000000000, 0.000000000000000000, 1.000000000000000000 ) ) ;
#810 = DIRECTION ( 'NONE',  ( -1.000000000000000000, 0.000000000000000000, 0.000000000000000000 ) ) ;
#811 = CARTESIAN_POINT ( 'NONE',  ( 3.428992643977342603, 13.66700428893741659, 7.045038521805000009 ) ) ;
#812 = MECHANICAL_DESIGN_GEOMETRIC_PRESENTATION_REPRESENTATION (  '', ( #1829 ), #931 ) ;
#813 = DIRECTION ( 'NONE',  ( -1.192488099999999771E-08, 0.9999999999999998890, 0.000000000000000000 ) ) ;
#814 = CYLINDRICAL_SURFACE ( 'NONE', #1954, 1.300000000000002487 ) ;
#815 = COLOUR_RGB ( '',0.8196078431372548767, 0.7019607843137254388, 0.4313725490196078649 ) ;
#816 = VECTOR ( 'NONE', #958, 1000.000000000000000 ) ;
#817 = VERTEX_POINT ( 'NONE', #818 ) ;
#818 = CARTESIAN_POINT ( 'NONE',  ( -38.69999999999999574, 0.000000000000000000, -1.583842399999999984 ) ) ;
#819 = STYLED_ITEM ( 'NONE', ( #1156 ), #1899 ) ;
#820 = SURFACE_SIDE_STYLE ('',( #94 ) ) ;
#821 = EDGE_CURVE ( 'NONE', #913, #294, #857, .T. ) ;
#822 = DIRECTION ( 'NONE',  ( -0.9999999999999998890, -1.192488073874368167E-08, 0.000000000000000000 ) ) ;
#823 = LINE ( 'NONE', #836, #2265 ) ;
#824 = PRESENTATION_LAYER_ASSIGNMENT (  '', '', ( #2038 ) ) ;
#825 = AXIS2_PLACEMENT_3D ( 'NONE', #1484, #222, #948 ) ;
#826 = EDGE_CURVE ( 'NONE', #1072, #657, #1241, .T. ) ;
#827 = FACE_OUTER_BOUND ( 'NONE', #990, .T. ) ;
#828 = CARTESIAN_POINT ( 'NONE',  ( -40.00000000000000000, 0.000000000000000000, 0.000000000000000000 ) ) ;
#829 = EDGE_LOOP ( 'NONE', ( #695, #1134, #1101, #149 ) ) ;
#830 = CYLINDRICAL_SURFACE ( 'NONE', #545, 3.001094402371998981 ) ;
#831 =( LENGTH_UNIT ( ) NAMED_UNIT ( * ) SI_UNIT ( .MILLI., .METRE. ) );
#832 = DIRECTION ( 'NONE',  ( 0.9999999335329464722, 0.0003646012926778807251, 0.000000000000000000 ) ) ;
#833 = SURFACE_STYLE_USAGE ( .BOTH. , #446 ) ;
#834 = PRESENTATION_STYLE_ASSIGNMENT (( #2297 ) ) ;
#835 = PRESENTATION_STYLE_ASSIGNMENT (( #1204 ) ) ;
#836 = CARTESIAN_POINT ( 'NONE',  ( 29.50000000000000000, 3.000000000000000000, -1.583842399999999984 ) ) ;
#837 = CARTESIAN_POINT ( 'NONE',  ( -3.429007356022657937, 13.66700420715658382, 6.737698521805000951 ) ) ;
#838 = FILL_AREA_STYLE_COLOUR ( '', #131 ) ;
#839 = FACE_OUTER_BOUND ( 'NONE', #1926, .T. ) ;
#840 = ORIENTED_EDGE ( 'NONE', *, *, #1531, .F. ) ;
#841 = FILL_AREA_STYLE ('',( #281 ) ) ;
#842 = DIRECTION ( 'NONE',  ( 0.000000000000000000, 0.000000000000000000, -1.000000000000000000 ) ) ;
#843 = FILL_AREA_STYLE_COLOUR ( '', #542 ) ;
#844 = DIRECTION ( 'NONE',  ( -0.9999999999999998890, -1.192488073874368167E-08, 0.000000000000000000 ) ) ;
#845 = FILL_AREA_STYLE_COLOUR ( '', #671 ) ;
#846 = LINE ( 'NONE', #2335, #216 ) ;
#847 = CYLINDRICAL_SURFACE ( 'NONE', #901, 0.7619999999999989004 ) ;
#848 = STYLED_ITEM ( 'NONE', ( #889 ), #119 ) ;
#849 = STYLED_ITEM ( 'NONE', ( #313 ), #397 ) ;
#850 = EDGE_CURVE ( 'NONE', #1085, #375, #738, .T. ) ;
#851 = ORIENTED_EDGE ( 'NONE', *, *, #1141, .F. ) ;
#852 = ORIENTED_EDGE ( 'NONE', *, *, #2122, .F. ) ;
#853 = CARTESIAN_POINT ( 'NONE',  ( 28.42899270758465846, 8.333004288937416959, 7.045038521805000009 ) ) ;
#854 = ADVANCED_FACE ( 'NONE', ( #128 ), #1410, .T. ) ;
#855 = FILL_AREA_STYLE ('',( #1240 ) ) ;
#856 =( LENGTH_UNIT ( ) NAMED_UNIT ( * ) SI_UNIT ( .MILLI., .METRE. ) );
#857 = LINE ( 'NONE', #92, #1083 ) ;
#858 = LINE ( 'NONE', #2387, #2340 ) ;
#859 = VECTOR ( 'NONE', #1248, 1000.000000000000114 ) ;
#860 = STYLED_ITEM ( 'NONE', ( #1110 ), #1284 ) ;
#861 = MECHANICAL_DESIGN_GEOMETRIC_PRESENTATION_REPRESENTATION (  '', ( #2342 ), #2036 ) ;
#862 = VECTOR ( 'NONE', #202, 1000.000000000000000 ) ;
#863 = DIRECTION ( 'NONE',  ( 0.000000000000000000, 0.000000000000000000, 1.000000000000000000 ) ) ;
#864 = DIRECTION ( 'NONE',  ( 1.192488099999999771E-08, -0.9999999999999998890, 0.000000000000000000 ) ) ;
#865 =( GEOMETRIC_REPRESENTATION_CONTEXT ( 3 ) GLOBAL_UNCERTAINTY_ASSIGNED_CONTEXT ( ( #986 ) ) GLOBAL_UNIT_ASSIGNED_CONTEXT ( ( #1042, #715, #2000 ) ) REPRESENTATION_CONTEXT ( 'NONE', 'WORKASPACE' ) );
#866 = LINE ( 'NONE', #2354, #2032 ) ;
#867 = AXIS2_PLACEMENT_3D ( 'NONE', #441, #1172, #266 ) ;
#868 = VERTEX_POINT ( 'NONE', #1997 ) ;
#869 = DIRECTION ( 'NONE',  ( 0.000000000000000000, 0.000000000000000000, -1.000000000000000000 ) ) ;
#870 = CARTESIAN_POINT ( 'NONE',  ( 40.00000000000000000, 0.000000000000000000, 0.000000000000000000 ) ) ;
#871 = CARTESIAN_POINT ( 'NONE',  ( -38.69999999999999574, 40.00000000000000000, 0.000000000000000000 ) ) ;
#872 = EDGE_CURVE ( 'NONE', #1353, #1337, #2028, .T. ) ;
#873 =( NAMED_UNIT ( * ) PLANE_ANGLE_UNIT ( ) SI_UNIT ( $, .RADIAN. ) );
#874 = ORIENTED_EDGE ( 'NONE', *, *, #2095, .T. ) ;
#875 = DIRECTION ( 'NONE',  ( 1.000000000000000000, 0.000000000000000000, 0.000000000000000000 ) ) ;
#876 = DIRECTION ( 'NONE',  ( -0.9999999999999998890, -1.192488073874366016E-08, 0.000000000000000000 ) ) ;
#877 = ORIENTED_EDGE ( 'NONE', *, *, #541, .T. ) ;
#878 = EDGE_LOOP ( 'NONE', ( #394, #9, #1454, #1893 ) ) ;
#879 = FACE_OUTER_BOUND ( 'NONE', #1769, .T. ) ;
#880 = FACE_OUTER_BOUND ( 'NONE', #1535, .T. ) ;
#881 = SURFACE_SIDE_STYLE ('',( #152 ) ) ;
#882 = VERTEX_POINT ( 'NONE', #1056 ) ;
#883 = EDGE_LOOP ( 'NONE', ( #150, #1619, #2397, #734 ) ) ;
#884 = DIRECTION ( 'NONE',  ( 0.000000000000000000, 0.000000000000000000, 1.000000000000000000 ) ) ;
#885 = ORIENTED_EDGE ( 'NONE', *, *, #711, .T. ) ;
#886 = COLOUR_RGB ( '',0.8196078431372548767, 0.7019607843137254388, 0.4313725490196078649 ) ;
#887 = CARTESIAN_POINT ( 'NONE',  ( 3.428992707584658017, 8.333004288937416959, 6.737698521805000951 ) ) ;
#888 = SURFACE_STYLE_USAGE ( .BOTH. , #151 ) ;
#889 = PRESENTATION_STYLE_ASSIGNMENT (( #1810 ) ) ;
#890 =( NAMED_UNIT ( * ) PLANE_ANGLE_UNIT ( ) SI_UNIT ( $, .RADIAN. ) );
#891 = VECTOR ( 'NONE', #2306, 1000.000000000000000 ) ;
#892 = ORIENTED_EDGE ( 'NONE', *, *, #2197, .F. ) ;
#893 = CIRCLE ( 'NONE', #1350, 0.7619999999999989004 ) ;
#894 = PRESENTATION_STYLE_ASSIGNMENT (( #2034 ) ) ;
#895 = UNCERTAINTY_MEASURE_WITH_UNIT (LENGTH_MEASURE( 1.000000000000000082E-05 ), #1374, 'distance_accuracy_value', 'NONE');
#896 = ORIENTED_EDGE ( 'NONE', *, *, #330, .F. ) ;
#897 = EDGE_CURVE ( 'NONE', #508, #868, #2045, .T. ) ;
#898 = LINE ( 'NONE', #1270, #2147 ) ;
#899 = SURFACE_SIDE_STYLE ('',( #1074 ) ) ;
#900 = EDGE_CURVE ( 'NONE', #592, #1804, #2336, .T. ) ;
#901 = AXIS2_PLACEMENT_3D ( 'NONE', #1015, #2140, #2120 ) ;
#902 = EDGE_LOOP ( 'NONE', ( #1261, #521, #852, #2364 ) ) ;
#903 = PRODUCT_DEFINITION_FORMATION_WITH_SPECIFIED_SOURCE ( 'Symmetric', '', #1435, .NOT_KNOWN. ) ;
#904 = CARTESIAN_POINT ( 'NONE',  ( 22.33299271667141639, 7.571004216243341745, 7.045038521805000009 ) ) ;
#905 = AXIS2_PLACEMENT_3D ( 'NONE', #1656, #5, #570 ) ;
#906 =( LENGTH_UNIT ( ) NAMED_UNIT ( * ) SI_UNIT ( .MILLI., .METRE. ) );
#907 = FILL_AREA_STYLE_COLOUR ( '', #1467 ) ;
#908 = DIRECTION ( 'NONE',  ( 0.000000000000000000, 0.000000000000000000, 1.000000000000000000 ) ) ;
#909 = CARTESIAN_POINT ( 'NONE',  ( 40.00000000000000000, 0.000000000000000000, -1.583842399999999984 ) ) ;
#910 =( LENGTH_UNIT ( ) NAMED_UNIT ( * ) SI_UNIT ( .MILLI., .METRE. ) );
#911 = ORIENTED_EDGE ( 'NONE', *, *, #1643, .T. ) ;
#912 =( NAMED_UNIT ( * ) SI_UNIT ( $, .STERADIAN. ) SOLID_ANGLE_UNIT ( ) );
#913 = VERTEX_POINT ( 'NONE', #2190 ) ;
#914 = PLANE ( 'NONE',  #905 ) ;
#915 = FACE_OUTER_BOUND ( 'NONE', #1196, .T. ) ;
#916 = UNCERTAINTY_MEASURE_WITH_UNIT (LENGTH_MEASURE( 1.000000000000000082E-05 ), #1214, 'distance_accuracy_value', 'NONE');
#917 = ORIENTED_EDGE ( 'NONE', *, *, #1219, .T. ) ;
#918 = LINE ( 'NONE', #2363, #551 ) ;
#919 = DIRECTION ( 'NONE',  ( 1.000000000000000000, 0.000000000000000000, 0.000000000000000000 ) ) ;
#920 = ORIENTED_EDGE ( 'NONE', *, *, #424, .T. ) ;
#921 = DIRECTION ( 'NONE',  ( 0.000000000000000000, 0.000000000000000000, 1.000000000000000000 ) ) ;
#922 = EDGE_CURVE ( 'NONE', #1813, #2319, #245, .T. ) ;
#923 = SURFACE_SIDE_STYLE ('',( #1108 ) ) ;
#924 = DIRECTION ( 'NONE',  ( 1.000000000000000000, 0.000000000000000000, 0.000000000000000000 ) ) ;
#925 =( NAMED_UNIT ( * ) PLANE_ANGLE_UNIT ( ) SI_UNIT ( $, .RADIAN. ) );
#926 = AXIS2_PLACEMENT_3D ( 'NONE', #1227, #2359, #2164 ) ;
#927 = EDGE_CURVE ( 'NONE', #358, #982, #1811, .T. ) ;
#928 = CARTESIAN_POINT ( 'NONE',  ( 43.00000000000000000, 40.00000000000000000, 0.000000000000000000 ) ) ;
#929 = VECTOR ( 'NONE', #2081, 1000.000000000000000 ) ;
#930 = VERTEX_POINT ( 'NONE', #871 ) ;
#931 =( GEOMETRIC_REPRESENTATION_CONTEXT ( 3 ) GLOBAL_UNCERTAINTY_ASSIGNED_CONTEXT ( ( #1474 ) ) GLOBAL_UNIT_ASSIGNED_CONTEXT ( ( #1857, #554, #1867 ) ) REPRESENTATION_CONTEXT ( 'NONE', 'WORKASPACE' ) );
#932 = CARTESIAN_POINT ( 'NONE',  ( 22.33299263489058006, 14.42900421624334228, 6.737698521805000951 ) ) ;
#933 = PRESENTATION_LAYER_ASSIGNMENT (  '', '', ( #2223 ) ) ;
#934 = STYLED_ITEM ( 'NONE', ( #2311 ), #1012 ) ;
#935 = ORIENTED_EDGE ( 'NONE', *, *, #1174, .F. ) ;
#936 = CYLINDRICAL_SURFACE ( 'NONE', #588, 0.7619999999999989004 ) ;
#937 = AXIS2_PLACEMENT_3D ( 'NONE', #1617, #2362, #798 ) ;
#938 =( GEOMETRIC_REPRESENTATION_CONTEXT ( 3 ) GLOBAL_UNCERTAINTY_ASSIGNED_CONTEXT ( ( #769 ) ) GLOBAL_UNIT_ASSIGNED_CONTEXT ( ( #910, #690, #2369 ) ) REPRESENTATION_CONTEXT ( 'NONE', 'WORKASPACE' ) );
#939 = CARTESIAN_POINT ( 'NONE',  ( -22.33300735601365972, 13.66700427985065858, 7.045038521805000009 ) ) ;
#940 = CARTESIAN_POINT ( 'NONE',  ( 40.10133194675500334, -0.1013319467550000130, 0.000000000000000000 ) ) ;
#941 =( GEOMETRIC_REPRESENTATION_CONTEXT ( 3 ) GLOBAL_UNCERTAINTY_ASSIGNED_CONTEXT ( ( #1345 ) ) GLOBAL_UNIT_ASSIGNED_CONTEXT ( ( #142, #2210, #1029 ) ) REPRESENTATION_CONTEXT ( 'NONE', 'WORKASPACE' ) );
#942 =( NAMED_UNIT ( * ) SI_UNIT ( $, .STERADIAN. ) SOLID_ANGLE_UNIT ( ) );
#943 = UNCERTAINTY_MEASURE_WITH_UNIT (LENGTH_MEASURE( 1.000000000000000082E-05 ), #1774, 'distance_accuracy_value', 'NONE');
#944 = ADVANCED_FACE ( 'NONE', ( #1849 ), #1800, .T. ) ;
#945 = EDGE_LOOP ( 'NONE', ( #1943, #1732 ) ) ;
#946 = LINE ( 'NONE', #1509, #1045 ) ;
#947 = VERTEX_POINT ( 'NONE', #1518 ) ;
#948 = DIRECTION ( 'NONE',  ( 1.000000000000000000, 0.000000000000000000, 0.000000000000000000 ) ) ;
#949 = DIRECTION ( 'NONE',  ( 0.000000000000000000, 0.000000000000000000, 1.000000000000000000 ) ) ;
#950 = CARTESIAN_POINT ( 'NONE',  ( 43.00000000000000000, 40.00000000000000000, -1.583842399999999984 ) ) ;
#951 = ORIENTED_EDGE ( 'NONE', *, *, #1764, .F. ) ;
#952 = LINE ( 'NONE', #390, #517 ) ;
#953 = CARTESIAN_POINT ( 'NONE',  ( -27.66700729240634260, 8.333004216243342199, 6.737698521805000951 ) ) ;
#954 = ADVANCED_FACE ( 'NONE', ( #2238 ), #1502, .T. ) ;
#955 = ORIENTED_EDGE ( 'NONE', *, *, #2391, .T. ) ;
#956 = SURFACE_STYLE_FILL_AREA ( #2271 ) ;
#957 = DIRECTION ( 'NONE',  ( -1.192488073874365520E-08, 1.000000000000000000, 0.000000000000000000 ) ) ;
#958 = DIRECTION ( 'NONE',  ( 0.000000000000000000, 0.000000000000000000, 1.000000000000000000 ) ) ;
#959 = SURFACE_STYLE_USAGE ( .BOTH. , #1303 ) ;
#960 = UNCERTAINTY_MEASURE_WITH_UNIT (LENGTH_MEASURE( 1.000000000000000082E-05 ), #37, 'distance_accuracy_value', 'NONE');
#961 = ORIENTED_EDGE ( 'NONE', *, *, #1280, .T. ) ;
#962 =( NAMED_UNIT ( * ) PLANE_ANGLE_UNIT ( ) SI_UNIT ( $, .RADIAN. ) );
#963 = VECTOR ( 'NONE', #813, 1000.000000000000114 ) ;
#964 = SURFACE_STYLE_USAGE ( .BOTH. , #1534 ) ;
#965 =( GEOMETRIC_REPRESENTATION_CONTEXT ( 3 ) GLOBAL_UNCERTAINTY_ASSIGNED_CONTEXT ( ( #1133 ) ) GLOBAL_UNIT_ASSIGNED_CONTEXT ( ( #1254, #2184, #1040 ) ) REPRESENTATION_CONTEXT ( 'NONE', 'WORKASPACE' ) );
#966 = ADVANCED_FACE ( 'NONE', ( #201 ), #1894, .T. ) ;
#967 = AXIS2_PLACEMENT_3D ( 'NONE', #504, #1066, #143 ) ;
#968 = ORIENTED_EDGE ( 'NONE', *, *, #4, .T. ) ;
#969 = EDGE_CURVE ( 'NONE', #2360, #882, #1527, .T. ) ;
#970 =( NAMED_UNIT ( * ) PLANE_ANGLE_UNIT ( ) SI_UNIT ( $, .RADIAN. ) );
#971 = MECHANICAL_DESIGN_GEOMETRIC_PRESENTATION_REPRESENTATION (  '', ( #1438 ), #1751 ) ;
#972 =( NAMED_UNIT ( * ) SI_UNIT ( $, .STERADIAN. ) SOLID_ANGLE_UNIT ( ) );
#973 = FACE_BOUND ( 'NONE', #1720, .T. ) ;
#974 = AXIS2_PLACEMENT_3D ( 'NONE', #2004, #2206, #535 ) ;
#975 = COLOUR_RGB ( '',0.8196078431372548767, 0.7019607843137254388, 0.4313725490196078649 ) ;
#976 = DIRECTION ( 'NONE',  ( 0.000000000000000000, 0.000000000000000000, 1.000000000000000000 ) ) ;
#977 = EDGE_LOOP ( 'NONE', ( #1002, #1642, #55, #1512 ) ) ;
#978 = MECHANICAL_DESIGN_GEOMETRIC_PRESENTATION_REPRESENTATION (  '', ( #2038 ), #2267 ) ;
#979 = DIRECTION ( 'NONE',  ( 0.000000000000000000, 0.000000000000000000, 1.000000000000000000 ) ) ;
#980 = CIRCLE ( 'NONE', #937, 1.300000000000002487 ) ;
#981 = DIRECTION ( 'NONE',  ( 0.9999999335329464722, 0.0003646012926778807251, 0.000000000000000000 ) ) ;
#982 = VERTEX_POINT ( 'NONE', #1702 ) ;
#983 = DIRECTION ( 'NONE',  ( 0.000000000000000000, 0.000000000000000000, 1.000000000000000000 ) ) ;
#984 = EDGE_CURVE ( 'NONE', #518, #817, #50, .T. ) ;
#985 = SURFACE_SIDE_STYLE ('',( #1752 ) ) ;
#986 = UNCERTAINTY_MEASURE_WITH_UNIT (LENGTH_MEASURE( 1.000000000000000082E-05 ), #1042, 'distance_accuracy_value', 'NONE');
#987 = ORIENTED_EDGE ( 'NONE', *, *, #1826, .F. ) ;
#988 = DIRECTION ( 'NONE',  ( 0.000000000000000000, 0.000000000000000000, 1.000000000000000000 ) ) ;
#989 = LINE ( 'NONE', #807, #138 ) ;
#990 = EDGE_LOOP ( 'NONE', ( #15, #461, #137, #2371 ) ) ;
#991 = ORIENTED_EDGE ( 'NONE', *, *, #1889, .T. ) ;
#992 =( NAMED_UNIT ( * ) SI_UNIT ( $, .STERADIAN. ) SOLID_ANGLE_UNIT ( ) );
#993 = EDGE_CURVE ( 'NONE', #2198, #1019, #1335, .T. ) ;
#994 = FILL_AREA_STYLE ('',( #1930 ) ) ;
#995 = DIRECTION ( 'NONE',  ( 1.192488099999999937E-08, -1.000000000000000000, -0.000000000000000000 ) ) ;
#996 = ADVANCED_FACE ( 'NONE', ( #973, #65, #1343, #378, #1109 ), #1004, .T. ) ;
#997 = LINE ( 'NONE', #1740, #404 ) ;
#998 = DIRECTION ( 'NONE',  ( -0.0003646012926787163739, 0.9999999335329464722, 0.000000000000000000 ) ) ;
#999 = CARTESIAN_POINT ( 'NONE',  ( -35.50109420289000184, 0.001094202898547999960, 0.000000000000000000 ) ) ;
#1000 = CIRCLE ( 'NONE', #1155, 0.7620000000000005658 ) ;
#1001 = FILL_AREA_STYLE_COLOUR ( '', #475 ) ;
#1002 = ORIENTED_EDGE ( 'NONE', *, *, #1844, .T. ) ;
#1003 =( NAMED_UNIT ( * ) PLANE_ANGLE_UNIT ( ) SI_UNIT ( $, .RADIAN. ) );
#1004 = PLANE ( 'NONE',  #2107 ) ;
#1005 = MECHANICAL_DESIGN_GEOMETRIC_PRESENTATION_REPRESENTATION (  '', ( #93 ), #2257 ) ;
#1006 = CARTESIAN_POINT ( 'NONE',  ( 29.49890579710100269, -0.001094202898553000083, 0.000000000000000000 ) ) ;
#1007 =( NAMED_UNIT ( * ) PLANE_ANGLE_UNIT ( ) SI_UNIT ( $, .RADIAN. ) );
#1008 = DIRECTION ( 'NONE',  ( 0.9999999999999998890, 1.192488073874368167E-08, 0.000000000000000000 ) ) ;
#1009 = MECHANICAL_DESIGN_GEOMETRIC_PRESENTATION_REPRESENTATION (  '', ( #2074 ), #1960 ) ;
#1010 = STYLED_ITEM ( 'NONE', ( #1585 ), #1143 ) ;
#1011 = DIRECTION ( 'NONE',  ( 0.000000000000000000, 0.000000000000000000, 1.000000000000000000 ) ) ;
#1012 = ADVANCED_FACE ( 'NONE', ( #87 ), #455, .T. ) ;
#1013 = SURFACE_SIDE_STYLE ('',( #285 ) ) ;
#1014 = PRESENTATION_LAYER_ASSIGNMENT (  '', '', ( #1602 ) ) ;
#1015 = CARTESIAN_POINT ( 'NONE',  ( 22.33299270758465838, 8.333004216243342199, 6.737698521805000951 ) ) ;
#1016 = DIRECTION ( 'NONE',  ( -0.9999999999999998890, -1.192488073874366016E-08, 0.000000000000000000 ) ) ;
#1017 = DIRECTION ( 'NONE',  ( 0.9999999999999998890, 1.192488099999999771E-08, 0.000000000000000000 ) ) ;
#1018 = VERTEX_POINT ( 'NONE', #1771 ) ;
#1019 = VERTEX_POINT ( 'NONE', #1537 ) ;
#1020 = CARTESIAN_POINT ( 'NONE',  ( -21.57100729240634251, 8.333004288937416959, 7.045038521805000009 ) ) ;
#1021 = FILL_AREA_STYLE ('',( #2150 ) ) ;
#1022 = CARTESIAN_POINT ( 'NONE',  ( 22.33299264397733808, 13.66700421624334183, 6.737698521805000951 ) ) ;
#1023 = CARTESIAN_POINT ( 'NONE',  ( 21.57099264397734117, 13.66700420715658382, 7.045038521805000009 ) ) ;
#1024 = DIRECTION ( 'NONE',  ( 0.000000000000000000, 0.000000000000000000, 1.000000000000000000 ) ) ;
#1025 = LINE ( 'NONE', #115, #1838 ) ;
#1026 = ADVANCED_FACE ( 'NONE', ( #1753 ), #814, .F. ) ;
#1027 = ORIENTED_EDGE ( 'NONE', *, *, #1869, .F. ) ;
#1028 = CARTESIAN_POINT ( 'NONE',  ( -40.09999999999999432, -3.000000000000000000, 0.000000000000000000 ) ) ;
#1029 =( NAMED_UNIT ( * ) SI_UNIT ( $, .STERADIAN. ) SOLID_ANGLE_UNIT ( ) );
#1030 = DIRECTION ( 'NONE',  ( 0.000000000000000000, 0.000000000000000000, 1.000000000000000000 ) ) ;
#1031 = CARTESIAN_POINT ( 'NONE',  ( 27.66699263489058325, 14.42900427985065903, 6.737698521805000951 ) ) ;
#1032 = CARTESIAN_POINT ( 'NONE',  ( -3.429007292415342523, 8.333004207156584187, 7.045038521805000009 ) ) ;
#1033 = DIRECTION ( 'NONE',  ( -1.000000000000000000, 0.000000000000000000, 0.000000000000000000 ) ) ;
#1034 = SURFACE_STYLE_USAGE ( .BOTH. , #96 ) ;
#1035 = PRESENTATION_STYLE_ASSIGNMENT (( #1565 ) ) ;
#1036 = ADVANCED_FACE ( 'NONE', ( #1928 ), #2318, .T. ) ;
#1037 = VECTOR ( 'NONE', #200, 1000.000000000000000 ) ;
#1038 = EDGE_CURVE ( 'NONE', #418, #1830, #430, .T. ) ;
#1039 = ORIENTED_EDGE ( 'NONE', *, *, #75, .T. ) ;
#1040 =( NAMED_UNIT ( * ) SI_UNIT ( $, .STERADIAN. ) SOLID_ANGLE_UNIT ( ) );
#1041 = COLOUR_RGB ( '',0.8196078431372548767, 0.7019607843137254388, 0.4313725490196078649 ) ;
#1042 =( LENGTH_UNIT ( ) NAMED_UNIT ( * ) SI_UNIT ( .MILLI., .METRE. ) );
#1043 = CARTESIAN_POINT ( 'NONE',  ( -35.50000000000000000, -3.000000000000000000, -1.583842399999999984 ) ) ;
#1044 = VERTEX_POINT ( 'NONE', #811 ) ;
#1045 = VECTOR ( 'NONE', #1881, 1000.000000000000000 ) ;
#1046 = VECTOR ( 'NONE', #1563, 1000.000000000000000 ) ;
#1047 = MECHANICAL_DESIGN_GEOMETRIC_PRESENTATION_REPRESENTATION (  '', ( #1480 ), #27 ) ;
#1048 = FILL_AREA_STYLE ('',( #727 ) ) ;
#1049 = PRESENTATION_STYLE_ASSIGNMENT (( #684 ) ) ;
#1050 = AXIS2_PLACEMENT_3D ( 'NONE', #1784, #869, #2358 ) ;
#1051 = VERTEX_POINT ( 'NONE', #72 ) ;
#1052 = ORIENTED_EDGE ( 'NONE', *, *, #872, .F. ) ;
#1053 = DIRECTION ( 'NONE',  ( 0.000000000000000000, -1.000000000000000000, 0.000000000000000000 ) ) ;
#1054 =( NAMED_UNIT ( * ) SI_UNIT ( $, .STERADIAN. ) SOLID_ANGLE_UNIT ( ) );
#1055 = DIRECTION ( 'NONE',  ( 0.000000000000000000, 0.000000000000000000, 1.000000000000000000 ) ) ;
#1056 = CARTESIAN_POINT ( 'NONE',  ( 27.66699263489058325, 14.42900427985065903, 7.045038521805000009 ) ) ;
#1057 = MANIFOLD_SURFACE_SHAPE_REPRESENTATION ( 'VC RATiD V1.0', ( #2361, #1884 ), #1559 ) ;
#1058 = SURFACE_STYLE_FILL_AREA ( #1624 ) ;
#1059 = ORIENTED_EDGE ( 'NONE', *, *, #1348, .F. ) ;
#1060 = CARTESIAN_POINT ( 'NONE',  ( 28.42899270758465846, 8.333004288937416959, 6.737698521805000951 ) ) ;
#1061 = EDGE_LOOP ( 'NONE', ( #674, #1498, #785, #2277 ) ) ;
#1062 = ORIENTED_EDGE ( 'NONE', *, *, #1251, .T. ) ;
#1063 = PRODUCT_DEFINITION_SHAPE ( 'NONE', 'NONE',  #2064 ) ;
#1064 = PRESENTATION_STYLE_ASSIGNMENT (( #1215 ) ) ;
#1065 = CARTESIAN_POINT ( 'NONE',  ( 24.99999267578099804, 11.00000424804700039, 7.045038521805000009 ) ) ;
#1066 = DIRECTION ( 'NONE',  ( 0.000000000000000000, 0.000000000000000000, -1.000000000000000000 ) ) ;
#1067 = EDGE_CURVE ( 'NONE', #422, #1852, #646, .T. ) ;
#1068 = ORIENTED_EDGE ( 'NONE', *, *, #922, .F. ) ;
#1069 =( NAMED_UNIT ( * ) SI_UNIT ( $, .STERADIAN. ) SOLID_ANGLE_UNIT ( ) );
#1070 = FACE_OUTER_BOUND ( 'NONE', #883, .T. ) ;
#1071 = EDGE_CURVE ( 'NONE', #1698, #1387, #2142, .T. ) ;
#1072 = VERTEX_POINT ( 'NONE', #1354 ) ;
#1073 = DIRECTION ( 'NONE',  ( -0.0003646012926752482280, -0.9999999335329464722, 0.000000000000000000 ) ) ;
#1074 = SURFACE_STYLE_FILL_AREA ( #1442 ) ;
#1075 = EDGE_LOOP ( 'NONE', ( #1305, #111, #1568, #490 ) ) ;
#1076 = STYLED_ITEM ( 'NONE', ( #1558 ), #7 ) ;
#1077 = DIRECTION ( 'NONE',  ( -0.9999999999999998890, -1.192488073874368167E-08, 0.000000000000000000 ) ) ;
#1078 = AXIS2_PLACEMENT_3D ( 'NONE', #1302, #1871, #603 ) ;
#1079 = DIRECTION ( 'NONE',  ( 0.000000000000000000, 0.000000000000000000, 1.000000000000000000 ) ) ;
#1080 = FACE_OUTER_BOUND ( 'NONE', #1323, .T. ) ;
#1081 =( NAMED_UNIT ( * ) SI_UNIT ( $, .STERADIAN. ) SOLID_ANGLE_UNIT ( ) );
#1082 = SURFACE_SIDE_STYLE ('',( #2166 ) ) ;
#1083 = VECTOR ( 'NONE', #1786, 1000.000000000000114 ) ;
#1084 = PRESENTATION_STYLE_ASSIGNMENT (( #1636 ) ) ;
#1085 = VERTEX_POINT ( 'NONE', #2114 ) ;
#1086 = AXIS2_PLACEMENT_3D ( 'NONE', #1767, #635, #108 ) ;
#1087 =( NAMED_UNIT ( * ) PLANE_ANGLE_UNIT ( ) SI_UNIT ( $, .RADIAN. ) );
#1088 = CIRCLE ( 'NONE', #56, 1.300000000000002487 ) ;
#1089 = MECHANICAL_DESIGN_GEOMETRIC_PRESENTATION_REPRESENTATION (  '', ( #860 ), #2386 ) ;
#1090 = AXIS2_PLACEMENT_3D ( 'NONE', #412, #2226, #24 ) ;
#1091 = EDGE_LOOP ( 'NONE', ( #1415, #1039, #1896, #710 ) ) ;
#1092 = STYLED_ITEM ( 'NONE', ( #835 ), #2276 ) ;
#1093 = MECHANICAL_DESIGN_GEOMETRIC_PRESENTATION_REPRESENTATION (  '', ( #292 ), #1961 ) ;
#1094 = CARTESIAN_POINT ( 'NONE',  ( -3.429007356022657937, 13.66700420715658382, 7.045038521805000009 ) ) ;
#1095 = AXIS2_PLACEMENT_3D ( 'NONE', #1975, #863, #683 ) ;
#1096 = DIRECTION ( 'NONE',  ( 0.000000000000000000, 0.000000000000000000, -1.000000000000000000 ) ) ;
#1097 = PLANE ( 'NONE',  #1540 ) ;
#1098 = DIRECTION ( 'NONE',  ( 0.0004595029821752154861, -0.9999998944284991254, 0.000000000000000000 ) ) ;
#1099 = SURFACE_STYLE_USAGE ( .BOTH. , #1277 ) ;
#1100 = LINE ( 'NONE', #724, #23 ) ;
#1101 = ORIENTED_EDGE ( 'NONE', *, *, #1426, .F. ) ;
#1102 = DIRECTION ( 'NONE',  ( 0.000000000000000000, 0.000000000000000000, -1.000000000000000000 ) ) ;
#1103 = FACE_OUTER_BOUND ( 'NONE', #263, .T. ) ;
#1104 = ADVANCED_FACE ( 'NONE', ( #839 ), #2326, .T. ) ;
#1105 = ORIENTED_EDGE ( 'NONE', *, *, #984, .F. ) ;
#1106 = EDGE_CURVE ( 'NONE', #1373, #648, #866, .T. ) ;
#1107 = CARTESIAN_POINT ( 'NONE',  ( -27.66700729240634260, 8.333004216243342199, 6.737698521805000951 ) ) ;
#1108 = SURFACE_STYLE_FILL_AREA ( #1694 ) ;
#1109 = FACE_OUTER_BOUND ( 'NONE', #1506, .T. ) ;
#1110 = PRESENTATION_STYLE_ASSIGNMENT (( #1696 ) ) ;
#1111 = UNCERTAINTY_MEASURE_WITH_UNIT (LENGTH_MEASURE( 1.000000000000000082E-05 ), #856, 'distance_accuracy_value', 'NONE');
#1112 = EDGE_LOOP ( 'NONE', ( #1257, #675, #1153, #160 ) ) ;
#1113 = LINE ( 'NONE', #1864, #2144 ) ;
#1114 = ORIENTED_EDGE ( 'NONE', *, *, #1298, .F. ) ;
#1115 = ADVANCED_FACE ( 'NONE', ( #1605 ), #498, .T. ) ;
#1116 = DIRECTION ( 'NONE',  ( 0.9999999999999998890, 1.192488073874368167E-08, 0.000000000000000000 ) ) ;
#1117 = DIRECTION ( 'NONE',  ( -0.9999999999999998890, -1.192488099999999771E-08, 0.000000000000000000 ) ) ;
#1118 = COLOUR_RGB ( '',0.000000000000000000, 0.5019607843137254832, 0.000000000000000000 ) ;
#1119 =( NAMED_UNIT ( * ) PLANE_ANGLE_UNIT ( ) SI_UNIT ( $, .RADIAN. ) );
#1120 = VECTOR ( 'NONE', #731, 1000.000000000000000 ) ;
#1121 = VERTEX_POINT ( 'NONE', #1399 ) ;
#1122 = SURFACE_STYLE_USAGE ( .BOTH. , #1154 ) ;
#1123 = STYLED_ITEM ( 'NONE', ( #1665 ), #515 ) ;
#1124 = SURFACE_STYLE_FILL_AREA ( #599 ) ;
#1125 = FILL_AREA_STYLE_COLOUR ( '', #2262 ) ;
#1126 = EDGE_LOOP ( 'NONE', ( #1807, #1482, #1027, #406 ) ) ;
#1127 =( GEOMETRIC_REPRESENTATION_CONTEXT ( 3 ) GLOBAL_UNCERTAINTY_ASSIGNED_CONTEXT ( ( #1279 ) ) GLOBAL_UNIT_ASSIGNED_CONTEXT ( ( #220, #1146, #239 ) ) REPRESENTATION_CONTEXT ( 'NONE', 'WORKASPACE' ) );
#1128 = PRESENTATION_LAYER_ASSIGNMENT (  '', '', ( #596 ) ) ;
#1129 = AXIS2_PLACEMENT_3D ( 'NONE', #1006, #104, #832 ) ;
#1130 = LINE ( 'NONE', #1548, #560 ) ;
#1131 = CARTESIAN_POINT ( 'NONE',  ( 3.428992643977342603, 13.66700428893741659, 6.737698521805000951 ) ) ;
#1132 = STYLED_ITEM ( 'NONE', ( #2131 ), #1652 ) ;
#1133 = UNCERTAINTY_MEASURE_WITH_UNIT (LENGTH_MEASURE( 1.000000000000000082E-05 ), #1254, 'distance_accuracy_value', 'NONE');
#1134 = ORIENTED_EDGE ( 'NONE', *, *, #188, .F. ) ;
#1135 = EDGE_CURVE ( 'NONE', #2198, #358, #57, .T. ) ;
#1136 = DIRECTION ( 'NONE',  ( 0.000000000000000000, 0.000000000000000000, -1.000000000000000000 ) ) ;
#1137 = FILL_AREA_STYLE ('',( #1125 ) ) ;
#1138 = VERTEX_POINT ( 'NONE', #1187 ) ;
#1139 = CARTESIAN_POINT ( 'NONE',  ( -28.42900735601365980, 13.66700420715658382, 6.737698521805000951 ) ) ;
#1140 = LINE ( 'NONE', #1901, #1986 ) ;
#1141 = EDGE_CURVE ( 'NONE', #648, #1252, #667, .T. ) ;
#1142 = DIRECTION ( 'NONE',  ( 0.000000000000000000, 0.000000000000000000, -1.000000000000000000 ) ) ;
#1143 = ADVANCED_FACE ( 'NONE', ( #1742 ), #2139, .T. ) ;
#1144 = VERTEX_POINT ( 'NONE', #1381 ) ;
#1145 = EDGE_CURVE ( 'NONE', #1890, #1698, #472, .T. ) ;
#1146 =( NAMED_UNIT ( * ) PLANE_ANGLE_UNIT ( ) SI_UNIT ( $, .RADIAN. ) );
#1147 = VERTEX_POINT ( 'NONE', #1775 ) ;
#1148 = SURFACE_STYLE_USAGE ( .BOTH. , #452 ) ;
#1149 = LINE ( 'NONE', #6, #1120 ) ;
#1150 = DIRECTION ( 'NONE',  ( 0.000000000000000000, 0.000000000000000000, 1.000000000000000000 ) ) ;
#1151 = CARTESIAN_POINT ( 'NONE',  ( -27.66700728331958459, 7.571004216243341745, 6.737698521805000951 ) ) ;
#1152 = UNCERTAINTY_MEASURE_WITH_UNIT (LENGTH_MEASURE( 1.000000000000000082E-05 ), #1233, 'distance_accuracy_value', 'NONE');
#1153 = ORIENTED_EDGE ( 'NONE', *, *, #993, .F. ) ;
#1154 = SURFACE_SIDE_STYLE ('',( #1487 ) ) ;
#1155 = AXIS2_PLACEMENT_3D ( 'NONE', #1716, #103, #1184 ) ;
#1156 = PRESENTATION_STYLE_ASSIGNMENT (( #1909 ) ) ;
#1157 =( GEOMETRIC_REPRESENTATION_CONTEXT ( 3 ) GLOBAL_UNCERTAINTY_ASSIGNED_CONTEXT ( ( #895 ) ) GLOBAL_UNIT_ASSIGNED_CONTEXT ( ( #1374, #1160, #107 ) ) REPRESENTATION_CONTEXT ( 'NONE', 'WORKASPACE' ) );
#1158 = VECTOR ( 'NONE', #864, 1000.000000000000114 ) ;
#1159 = EDGE_LOOP ( 'NONE', ( #1591, #2228, #2341, #764 ) ) ;
#1160 =( NAMED_UNIT ( * ) PLANE_ANGLE_UNIT ( ) SI_UNIT ( $, .RADIAN. ) );
#1161 = MECHANICAL_DESIGN_GEOMETRIC_PRESENTATION_REPRESENTATION (  '', ( #934 ), #1674 ) ;
#1162 = VECTOR ( 'NONE', #1262, 1000.000000000000000 ) ;
#1163 = PRESENTATION_LAYER_ASSIGNMENT (  '', '', ( #1010 ) ) ;
#1164 = SURFACE_STYLE_USAGE ( .BOTH. , #985 ) ;
#1165 =( NAMED_UNIT ( * ) PLANE_ANGLE_UNIT ( ) SI_UNIT ( $, .RADIAN. ) );
#1166 = CARTESIAN_POINT ( 'NONE',  ( 28.42899264397734171, 13.66700428893741659, 6.737698521805000951 ) ) ;
#1167 = FILL_AREA_STYLE ('',( #489 ) ) ;
#1168 = AXIS2_PLACEMENT_3D ( 'NONE', #999, #2207, #2374 ) ;
#1169 = CARTESIAN_POINT ( 'NONE',  ( 21.57099264397734117, 13.66700420715658382, 6.737698521805000951 ) ) ;
#1170 = CARTESIAN_POINT ( 'NONE',  ( -27.66700728331958459, 7.571004216243341745, 6.737698521805000951 ) ) ;
#1171 = DIRECTION ( 'NONE',  ( 0.000000000000000000, 0.000000000000000000, 1.000000000000000000 ) ) ;
#1172 = DIRECTION ( 'NONE',  ( 0.000000000000000000, 0.000000000000000000, 1.000000000000000000 ) ) ;
#1173 = ORIENTED_EDGE ( 'NONE', *, *, #546, .T. ) ;
#1174 = EDGE_CURVE ( 'NONE', #1147, #1072, #1533, .T. ) ;
#1175 = SURFACE_STYLE_FILL_AREA ( #2280 ) ;
#1176 = EDGE_CURVE ( 'NONE', #696, #381, #1025, .T. ) ;
#1177 =( LENGTH_UNIT ( ) NAMED_UNIT ( * ) SI_UNIT ( .MILLI., .METRE. ) );
#1178 = SURFACE_STYLE_USAGE ( .BOTH. , #1554 ) ;
#1179 = FACE_OUTER_BOUND ( 'NONE', #217, .T. ) ;
#1180 = CARTESIAN_POINT ( 'NONE',  ( -25.00000732420999938, 11.00000424804700039, 7.045038521805000009 ) ) ;
#1181 = CARTESIAN_POINT ( 'NONE',  ( 38.69999999999999574, -1.592040838891559095E-16, -1.583842399999999984 ) ) ;
#1182 = SURFACE_SIDE_STYLE ('',( #1987 ) ) ;
#1183 = ORIENTED_EDGE ( 'NONE', *, *, #644, .F. ) ;
#1184 = DIRECTION ( 'NONE',  ( -1.192488073874365520E-08, 1.000000000000000000, 0.000000000000000000 ) ) ;
#1185 = CARTESIAN_POINT ( 'NONE',  ( -2.048423001846999989E-15, 20.96145794405099849, -1.583842399999999984 ) ) ;
#1186 = DIRECTION ( 'NONE',  ( 0.000000000000000000, 0.000000000000000000, 1.000000000000000000 ) ) ;
#1187 = CARTESIAN_POINT ( 'NONE',  ( 21.57099264397734117, 13.66700420715658382, 6.737698521805000951 ) ) ;
#1188 =( GEOMETRIC_REPRESENTATION_CONTEXT ( 3 ) GLOBAL_UNCERTAINTY_ASSIGNED_CONTEXT ( ( #388 ) ) GLOBAL_UNIT_ASSIGNED_CONTEXT ( ( #1633, #2174, #2383 ) ) REPRESENTATION_CONTEXT ( 'NONE', 'WORKASPACE' ) );
#1189 =( NAMED_UNIT ( * ) SI_UNIT ( $, .STERADIAN. ) SOLID_ANGLE_UNIT ( ) );
#1190 =( GEOMETRIC_REPRESENTATION_CONTEXT ( 3 ) GLOBAL_UNCERTAINTY_ASSIGNED_CONTEXT ( ( #1719 ) ) GLOBAL_UNIT_ASSIGNED_CONTEXT ( ( #1821, #1632, #538 ) ) REPRESENTATION_CONTEXT ( 'NONE', 'WORKASPACE' ) );
#1191 = CARTESIAN_POINT ( 'NONE',  ( -22.33300736510041773, 14.42900427985065903, 6.737698521805000951 ) ) ;
#1192 = VECTOR ( 'NONE', #1272, 1000.000000000000000 ) ;
#1193 = SURFACE_SIDE_STYLE ('',( #634 ) ) ;
#1194 = AXIS2_PLACEMENT_3D ( 'NONE', #2348, #114, #844 ) ;
#1195 = ORIENTED_EDGE ( 'NONE', *, *, #1873, .F. ) ;
#1196 = EDGE_LOOP ( 'NONE', ( #2251, #526, #1380, #1062 ) ) ;
#1197 = FACE_BOUND ( 'NONE', #2320, .T. ) ;
#1198 = PRESENTATION_LAYER_ASSIGNMENT (  '', '', ( #357 ) ) ;
#1199 = MECHANICAL_DESIGN_GEOMETRIC_PRESENTATION_REPRESENTATION (  '', ( #513 ), #257 ) ;
#1200 = STYLED_ITEM ( 'NONE', ( #1325 ), #966 ) ;
#1201 = CARTESIAN_POINT ( 'NONE',  ( 21.57099264397734117, 13.66700420715658382, 6.737698521805000951 ) ) ;
#1202 = PRESENTATION_STYLE_ASSIGNMENT (( #2119 ) ) ;
#1203 = LINE ( 'NONE', #315, #1547 ) ;
#1204 = SURFACE_STYLE_USAGE ( .BOTH. , #1218 ) ;
#1205 = CARTESIAN_POINT ( 'NONE',  ( 40.00000000000000000, 40.00000000000000000, -1.583842399999999984 ) ) ;
#1206 = VECTOR ( 'NONE', #68, 1000.000000000000000 ) ;
#1207 = COLOUR_RGB ( '',0.000000000000000000, 0.5019607843137254832, 0.000000000000000000 ) ;
#1208 = EDGE_CURVE ( 'NONE', #578, #1252, #846, .T. ) ;
#1209 =( NAMED_UNIT ( * ) SI_UNIT ( $, .STERADIAN. ) SOLID_ANGLE_UNIT ( ) );
#1210 = PRESENTATION_LAYER_ASSIGNMENT (  '', '', ( #1444 ) ) ;
#1211 = FILL_AREA_STYLE ('',( #1001 ) ) ;
#1212 = ORIENTED_EDGE ( 'NONE', *, *, #47, .F. ) ;
#1213 = DIRECTION ( 'NONE',  ( -1.192488073874365520E-08, 1.000000000000000000, 0.000000000000000000 ) ) ;
#1214 =( LENGTH_UNIT ( ) NAMED_UNIT ( * ) SI_UNIT ( .MILLI., .METRE. ) );
#1215 = SURFACE_STYLE_USAGE ( .BOTH. , #2201 ) ;
#1216 = PLANE ( 'NONE',  #616 ) ;
#1217 = DIRECTION ( 'NONE',  ( -1.192488099999999937E-08, 1.000000000000000000, 0.000000000000000000 ) ) ;
#1218 = SURFACE_SIDE_STYLE ('',( #264 ) ) ;
#1219 = EDGE_CURVE ( 'NONE', #241, #657, #437, .T. ) ;
#1220 = DIRECTION ( 'NONE',  ( 0.000000000000000000, 0.000000000000000000, 1.000000000000000000 ) ) ;
#1221 = DIRECTION ( 'NONE',  ( 0.000000000000000000, 0.000000000000000000, 1.000000000000000000 ) ) ;
#1222 = EDGE_CURVE ( 'NONE', #1804, #1317, #1815, .T. ) ;
#1223 = CARTESIAN_POINT ( 'NONE',  ( -43.00000000000000000, 40.00000000000000000, -1.583842399999999984 ) ) ;
#1224 = CARTESIAN_POINT ( 'NONE',  ( 22.33299271667141639, 7.571004216243341745, 6.737698521805000951 ) ) ;
#1225 = ORIENTED_EDGE ( 'NONE', *, *, #2053, .F. ) ;
#1226 = DIRECTION ( 'NONE',  ( 0.000000000000000000, 0.000000000000000000, -1.000000000000000000 ) ) ;
#1227 = CARTESIAN_POINT ( 'NONE',  ( 27.66699264397734126, 13.66700427985065858, 6.737698521805000951 ) ) ;
#1228 = FILL_AREA_STYLE_COLOUR ( '', #1041 ) ;
#1229 =( LENGTH_UNIT ( ) NAMED_UNIT ( * ) SI_UNIT ( .MILLI., .METRE. ) );
#1230 =( NAMED_UNIT ( * ) SI_UNIT ( $, .STERADIAN. ) SOLID_ANGLE_UNIT ( ) );
#1231 = CARTESIAN_POINT ( 'NONE',  ( -29.49890579710000438, -0.001094202898553000083, -1.583842399999999984 ) ) ;
#1232 = CYLINDRICAL_SURFACE ( 'NONE', #744, 0.7619999999999989004 ) ;
#1233 =( LENGTH_UNIT ( ) NAMED_UNIT ( * ) SI_UNIT ( .MILLI., .METRE. ) );
#1234 = LINE ( 'NONE', #1282, #2104 ) ;
#1235 = DIRECTION ( 'NONE',  ( 0.000000000000000000, 0.000000000000000000, 1.000000000000000000 ) ) ;
#1236 = PRESENTATION_LAYER_ASSIGNMENT (  '', '', ( #1076 ) ) ;
#1237 = COLOUR_RGB ( '',0.8196078431372548767, 0.7019607843137254388, 0.4313725490196078649 ) ;
#1238 = EDGE_LOOP ( 'NONE', ( #1450, #951 ) ) ;
#1239 = ORIENTED_EDGE ( 'NONE', *, *, #2253, .F. ) ;
#1240 = FILL_AREA_STYLE_COLOUR ( '', #1207 ) ;
#1241 = CIRCLE ( 'NONE', #1194, 0.7619999999999989004 ) ;
#1242 = VERTEX_POINT ( 'NONE', #1462 ) ;
#1243 = MECHANICAL_DESIGN_GEOMETRIC_PRESENTATION_REPRESENTATION (  '', ( #772 ), #212 ) ;
#1244 = ORIENTED_EDGE ( 'NONE', *, *, #1869, .T. ) ;
#1245 = VECTOR ( 'NONE', #2130, 1000.000000000000000 ) ;
#1246 = CARTESIAN_POINT ( 'NONE',  ( 35.50109420289899731, 0.001094202898547999960, 0.000000000000000000 ) ) ;
#1247 = STYLED_ITEM ( 'NONE', ( #1736 ), #1392 ) ;
#1248 = DIRECTION ( 'NONE',  ( 1.192488099999999771E-08, -0.9999999999999998890, 0.000000000000000000 ) ) ;
#1249 = VECTOR ( 'NONE', #805, 1000.000000000000000 ) ;
#1250 = VECTOR ( 'NONE', #1731, 1000.000000000000114 ) ;
#1251 = EDGE_CURVE ( 'NONE', #1757, #1085, #1100, .T. ) ;
#1252 = VERTEX_POINT ( 'NONE', #681 ) ;
#1253 = ORIENTED_EDGE ( 'NONE', *, *, #682, .T. ) ;
#1254 =( LENGTH_UNIT ( ) NAMED_UNIT ( * ) SI_UNIT ( .MILLI., .METRE. ) );
#1255 = ADVANCED_FACE ( 'NONE', ( #1070 ), #2167, .T. ) ;
#1256 =( NAMED_UNIT ( * ) SI_UNIT ( $, .STERADIAN. ) SOLID_ANGLE_UNIT ( ) );
#1257 = ORIENTED_EDGE ( 'NONE', *, *, #2040, .T. ) ;
#1258 = DIRECTION ( 'NONE',  ( 0.000000000000000000, 0.000000000000000000, -1.000000000000000000 ) ) ;
#1259 = DIRECTION ( 'NONE',  ( 0.000000000000000000, 0.000000000000000000, -1.000000000000000000 ) ) ;
#1260 = UNCERTAINTY_MEASURE_WITH_UNIT (LENGTH_MEASURE( 1.000000000000000082E-05 ), #1346, 'distance_accuracy_value', 'NONE');
#1261 = ORIENTED_EDGE ( 'NONE', *, *, #793, .T. ) ;
#1262 = DIRECTION ( 'NONE',  ( 0.000000000000000000, 0.000000000000000000, 1.000000000000000000 ) ) ;
#1263 = VERTEX_POINT ( 'NONE', #1983 ) ;
#1264 = DIRECTION ( 'NONE',  ( -0.9999999999999998890, -1.192488073874366016E-08, 0.000000000000000000 ) ) ;
#1265 = SURFACE_STYLE_FILL_AREA ( #2163 ) ;
#1266 = ADVANCED_FACE ( 'NONE', ( #318 ), #522, .T. ) ;
#1267 = PRESENTATION_STYLE_ASSIGNMENT (( #1982 ) ) ;
#1268 = DIRECTION ( 'NONE',  ( 0.000000000000000000, 0.000000000000000000, 1.000000000000000000 ) ) ;
#1269 = ORIENTED_EDGE ( 'NONE', *, *, #470, .T. ) ;
#1270 = CARTESIAN_POINT ( 'NONE',  ( 43.00000000000000000, -0.1000000000000000056, -1.583842399999999984 ) ) ;
#1271 = ORIENTED_EDGE ( 'NONE', *, *, #47, .T. ) ;
#1272 = DIRECTION ( 'NONE',  ( -1.000000000000000000, 0.000000000000000000, 0.000000000000000000 ) ) ;
#1273 = MECHANICAL_DESIGN_GEOMETRIC_PRESENTATION_REPRESENTATION (  '', ( #1903 ), #1190 ) ;
#1274 = FACE_OUTER_BOUND ( 'NONE', #2061, .T. ) ;
#1275 =( NAMED_UNIT ( * ) PLANE_ANGLE_UNIT ( ) SI_UNIT ( $, .RADIAN. ) );
#1276 = PRESENTATION_LAYER_ASSIGNMENT (  '', '', ( #1123 ) ) ;
#1277 = SURFACE_SIDE_STYLE ('',( #144 ) ) ;
#1278 = CARTESIAN_POINT ( 'NONE',  ( 39.99890579710099558, 39.99890579710099558, -1.583842399999999984 ) ) ;
#1279 = UNCERTAINTY_MEASURE_WITH_UNIT (LENGTH_MEASURE( 1.000000000000000082E-05 ), #220, 'distance_accuracy_value', 'NONE');
#1280 = EDGE_CURVE ( 'NONE', #657, #1727, #858, .T. ) ;
#1281 = VERTEX_POINT ( 'NONE', #367 ) ;
#1282 = CARTESIAN_POINT ( 'NONE',  ( -27.66700736510041736, 14.42900421624334228, 6.737698521805000951 ) ) ;
#1283 = COLOUR_RGB ( '',0.000000000000000000, 0.5019607843137254832, 0.000000000000000000 ) ;
#1284 = ADVANCED_FACE ( 'NONE', ( #544 ), #1452, .T. ) ;
#1285 = CIRCLE ( 'NONE', #555, 1.300000000000002487 ) ;
#1286 = CARTESIAN_POINT ( 'NONE',  ( -43.00000000000000000, 40.00000000000000000, 0.000000000000000000 ) ) ;
#1287 = AXIS2_PLACEMENT_3D ( 'NONE', #1296, #1879, #1488 ) ;
#1288 = MECHANICAL_DESIGN_GEOMETRIC_PRESENTATION_REPRESENTATION (  '', ( #1481 ), #28 ) ;
#1289 = ORIENTED_EDGE ( 'NONE', *, *, #1038, .F. ) ;
#1290 = VECTOR ( 'NONE', #979, 1000.000000000000000 ) ;
#1291 = STYLED_ITEM ( 'NONE', ( #1064 ), #1475 ) ;
#1292 = CIRCLE ( 'NONE', #2186, 1.300000000000002487 ) ;
#1293 = CARTESIAN_POINT ( 'NONE',  ( -41.30000000000000426, 40.00000000000000000, -1.583842399999999984 ) ) ;
#1294 = FILL_AREA_STYLE ('',( #1228 ) ) ;
#1295 = ORIENTED_EDGE ( 'NONE', *, *, #1778, .F. ) ;
#1296 = CARTESIAN_POINT ( 'NONE',  ( 40.00000000000000000, 0.000000000000000000, -1.583842399999999984 ) ) ;
#1297 = PLANE ( 'NONE',  #360 ) ;
#1298 = EDGE_CURVE ( 'NONE', #930, #1977, #2239, .T. ) ;
#1299 = ORIENTED_EDGE ( 'NONE', *, *, #969, .F. ) ;
#1300 = FILL_AREA_STYLE ('',( #569 ) ) ;
#1301 = CARTESIAN_POINT ( 'NONE',  ( 3.428992707584658017, 8.333004288937416959, 7.045038521805000009 ) ) ;
#1302 = CARTESIAN_POINT ( 'NONE',  ( 35.50109420289899731, 0.001094202898547999960, -1.583842399999999984 ) ) ;
#1303 = SURFACE_SIDE_STYLE ('',( #53 ) ) ;
#1304 = UNCERTAINTY_MEASURE_WITH_UNIT (LENGTH_MEASURE( 1.000000000000000082E-05 ), #58, 'distance_accuracy_value', 'NONE');
#1305 = ORIENTED_EDGE ( 'NONE', *, *, #1426, .T. ) ;
#1306 = VERTEX_POINT ( 'NONE', #2046 ) ;
#1307 = DIRECTION ( 'NONE',  ( 1.192488073874366678E-08, -0.9999999999999998890, 0.000000000000000000 ) ) ;
#1308 = DIRECTION ( 'NONE',  ( 0.000000000000000000, 0.000000000000000000, 1.000000000000000000 ) ) ;
#1309 = PRESENTATION_STYLE_ASSIGNMENT (( #1469 ) ) ;
#1310 = SURFACE_SIDE_STYLE ('',( #594 ) ) ;
#1311 = SURFACE_SIDE_STYLE ('',( #2258 ) ) ;
#1312 = ORIENTED_EDGE ( 'NONE', *, *, #2227, .F. ) ;
#1313 = AXIS2_PLACEMENT_3D ( 'NONE', #1733, #83, #277 ) ;
#1314 = DIRECTION ( 'NONE',  ( 0.000000000000000000, 0.000000000000000000, 1.000000000000000000 ) ) ;
#1315 = CYLINDRICAL_SURFACE ( 'NONE', #250, 3.001094402371998981 ) ;
#1316 = AXIS2_PLACEMENT_3D ( 'NONE', #2384, #164, #1098 ) ;
#1317 = VERTEX_POINT ( 'NONE', #2082 ) ;
#1318 = LINE ( 'NONE', #1139, #317 ) ;
#1319 = COLOUR_RGB ( '',0.000000000000000000, 0.5019607843137254832, 0.000000000000000000 ) ;
#1320 = EDGE_CURVE ( 'NONE', #375, #1388, #768, .T. ) ;
#1321 = COLOUR_RGB ( '',0.000000000000000000, 0.5019607843137254832, 0.000000000000000000 ) ;
#1322 = CIRCLE ( 'NONE', #1441, 0.7620000000000005658 ) ;
#1323 = EDGE_LOOP ( 'NONE', ( #243, #389, #187, #1820, #1673, #1429, #2127, #140 ) ) ;
#1324 = LINE ( 'NONE', #1657, #929 ) ;
#1325 = PRESENTATION_STYLE_ASSIGNMENT (( #34 ) ) ;
#1326 = VECTOR ( 'NONE', #1870, 1000.000000000000114 ) ;
#1327 = EDGE_CURVE ( 'NONE', #592, #381, #1861, .T. ) ;
#1328 = UNCERTAINTY_MEASURE_WITH_UNIT (LENGTH_MEASURE( 1.000000000000000082E-05 ), #387, 'distance_accuracy_value', 'NONE');
#1329 = VERTEX_POINT ( 'NONE', #1686 ) ;
#1330 = FILL_AREA_STYLE_COLOUR ( '', #1397 ) ;
#1331 = LINE ( 'NONE', #116, #1245 ) ;
#1332 = EDGE_LOOP ( 'NONE', ( #1768, #2132, #1183, #2182 ) ) ;
#1333 = FILL_AREA_STYLE ('',( #268 ) ) ;
#1334 = CARTESIAN_POINT ( 'NONE',  ( 27.66699271667141957, 7.571004279850657603, 6.737698521805000951 ) ) ;
#1335 = LINE ( 'NONE', #2089, #322 ) ;
#1336 = DIRECTION ( 'NONE',  ( 0.000000000000000000, -1.000000000000000000, 0.000000000000000000 ) ) ;
#1337 = VERTEX_POINT ( 'NONE', #928 ) ;
#1338 = PLANE ( 'NONE',  #2108 ) ;
#1339 = ORIENTED_EDGE ( 'NONE', *, *, #2243, .T. ) ;
#1340 = LINE ( 'NONE', #2279, #2375 ) ;
#1341 = SURFACE_STYLE_FILL_AREA ( #1211 ) ;
#1342 = FILL_AREA_STYLE_COLOUR ( '', #1945 ) ;
#1343 = FACE_BOUND ( 'NONE', #491, .T. ) ;
#1344 = DIRECTION ( 'NONE',  ( 1.192488099999999937E-08, -1.000000000000000000, -0.000000000000000000 ) ) ;
#1345 = UNCERTAINTY_MEASURE_WITH_UNIT (LENGTH_MEASURE( 1.000000000000000082E-05 ), #142, 'distance_accuracy_value', 'NONE');
#1346 =( LENGTH_UNIT ( ) NAMED_UNIT ( * ) SI_UNIT ( .MILLI., .METRE. ) );
#1347 = AXIS2_PLACEMENT_3D ( 'NONE', #2044, #1517, #924 ) ;
#1348 = EDGE_CURVE ( 'NONE', #418, #518, #328, .T. ) ;
#1349 = DIRECTION ( 'NONE',  ( 0.000000000000000000, 0.000000000000000000, 1.000000000000000000 ) ) ;
#1350 = AXIS2_PLACEMENT_3D ( 'NONE', #1782, #346, #1077 ) ;
#1351 = ADVANCED_FACE ( 'NONE', ( #750 ), #1659, .T. ) ;
#1352 = CARTESIAN_POINT ( 'NONE',  ( -22.33300736510041773, 14.42900427985065903, 6.737698521805000951 ) ) ;
#1353 = VERTEX_POINT ( 'NONE', #784 ) ;
#1354 = CARTESIAN_POINT ( 'NONE',  ( -28.42900729240634305, 8.333004207156584187, 7.045038521805000009 ) ) ;
#1355 =( GEOMETRIC_REPRESENTATION_CONTEXT ( 3 ) GLOBAL_UNCERTAINTY_ASSIGNED_CONTEXT ( ( #725 ) ) GLOBAL_UNIT_ASSIGNED_CONTEXT ( ( #831, #74, #444 ) ) REPRESENTATION_CONTEXT ( 'NONE', 'WORKASPACE' ) );
#1356 = CIRCLE ( 'NONE', #1707, 1.300000000000002487 ) ;
#1357 = FILL_AREA_STYLE_COLOUR ( '', #1237 ) ;
#1358 = SURFACE_STYLE_USAGE ( .BOTH. , #464 ) ;
#1359 = AXIS2_PLACEMENT_3D ( 'NONE', #718, #1455, #875 ) ;
#1360 = STYLED_ITEM ( 'NONE', ( #433 ), #1378 ) ;
#1361 = ORIENTED_EDGE ( 'NONE', *, *, #1710, .F. ) ;
#1362 = CARTESIAN_POINT ( 'NONE',  ( 43.00000000000000000, -0.1000000000000000056, -1.583842399999999984 ) ) ;
#1363 = CIRCLE ( 'NONE', #867, 0.7619999999999997886 ) ;
#1364 = CYLINDRICAL_SURFACE ( 'NONE', #748, 0.7620000000000002327 ) ;
#1365 = DIRECTION ( 'NONE',  ( -0.9999999999999998890, -1.192488073874368167E-08, 0.000000000000000000 ) ) ;
#1366 = DIRECTION ( 'NONE',  ( 0.000000000000000000, 0.000000000000000000, 1.000000000000000000 ) ) ;
#1367 = EDGE_CURVE ( 'NONE', #241, #342, #1520, .T. ) ;
#1368 = DIRECTION ( 'NONE',  ( 0.000000000000000000, 0.000000000000000000, 1.000000000000000000 ) ) ;
#1369 = FILL_AREA_STYLE_COLOUR ( '', #1391 ) ;
#1370 = CARTESIAN_POINT ( 'NONE',  ( 2.666992643977342148, 13.66700427985065858, 7.045038521805000009 ) ) ;
#1371 =( LENGTH_UNIT ( ) NAMED_UNIT ( * ) SI_UNIT ( .MILLI., .METRE. ) );
#1372 =( NAMED_UNIT ( * ) PLANE_ANGLE_UNIT ( ) SI_UNIT ( $, .RADIAN. ) );
#1373 = VERTEX_POINT ( 'NONE', #192 ) ;
#1374 =( LENGTH_UNIT ( ) NAMED_UNIT ( * ) SI_UNIT ( .MILLI., .METRE. ) );
#1375 =( NAMED_UNIT ( * ) PLANE_ANGLE_UNIT ( ) SI_UNIT ( $, .RADIAN. ) );
#1376 = EDGE_LOOP ( 'NONE', ( #1635, #1524, #210, #2035 ) ) ;
#1377 = ORIENTED_EDGE ( 'NONE', *, *, #2272, .F. ) ;
#1378 = ADVANCED_FACE ( 'NONE', ( #915 ), #273, .T. ) ;
#1379 = DIRECTION ( 'NONE',  ( 0.000000000000000000, 0.000000000000000000, 1.000000000000000000 ) ) ;
#1380 = ORIENTED_EDGE ( 'NONE', *, *, #424, .F. ) ;
#1381 = CARTESIAN_POINT ( 'NONE',  ( -21.57100729240634251, 8.333004288937416959, 7.045038521805000009 ) ) ;
#1382 = AXIS2_PLACEMENT_3D ( 'NONE', #1370, #1030, #1785 ) ;
#1383 = MECHANICAL_DESIGN_GEOMETRIC_PRESENTATION_REPRESENTATION (  '', ( #283 ), #587 ) ;
#1384 = DIRECTION ( 'NONE',  ( 0.000000000000000000, 0.000000000000000000, 1.000000000000000000 ) ) ;
#1385 = AXIS2_PLACEMENT_3D ( 'NONE', #1566, #2317, #99 ) ;
#1386 = AXIS2_PLACEMENT_3D ( 'NONE', #678, #663, #1395 ) ;
#1387 = VERTEX_POINT ( 'NONE', #76 ) ;
#1388 = VERTEX_POINT ( 'NONE', #803 ) ;
#1389 = DIRECTION ( 'NONE',  ( 0.000000000000000000, 0.000000000000000000, -1.000000000000000000 ) ) ;
#1390 = PRESENTATION_STYLE_ASSIGNMENT (( #660 ) ) ;
#1391 = COLOUR_RGB ( '',0.8196078431372548767, 0.7019607843137254388, 0.4313725490196078649 ) ;
#1392 = ADVANCED_FACE ( 'NONE', ( #1904 ), #611, .F. ) ;
#1393 = AXIS2_PLACEMENT_3D ( 'NONE', #356, #1827, #2233 ) ;
#1394 = DIRECTION ( 'NONE',  ( 0.000000000000000000, 0.000000000000000000, -1.000000000000000000 ) ) ;
#1395 = DIRECTION ( 'NONE',  ( 1.192488073874366678E-08, -0.9999999999999998890, 0.000000000000000000 ) ) ;
#1396 = EDGE_CURVE ( 'NONE', #770, #2221, #2192, .T. ) ;
#1397 = COLOUR_RGB ( '',0.8196078431372548767, 0.7019607843137254388, 0.4313725490196078649 ) ;
#1398 = LINE ( 'NONE', #1562, #631 ) ;
#1399 = CARTESIAN_POINT ( 'NONE',  ( 22.33299263489058006, 14.42900421624334228, 7.045038521805000009 ) ) ;
#1400 = AXIS2_PLACEMENT_3D ( 'NONE', #2094, #1136, #1863 ) ;
#1401 = FACE_OUTER_BOUND ( 'NONE', #1091, .T. ) ;
#1402 = VECTOR ( 'NONE', #1308, 1000.000000000000000 ) ;
#1403 = DIRECTION ( 'NONE',  ( 0.000000000000000000, 0.000000000000000000, 1.000000000000000000 ) ) ;
#1404 = PLANE ( 'NONE',  #51 ) ;
#1405 = DIRECTION ( 'NONE',  ( 0.000000000000000000, 0.000000000000000000, -1.000000000000000000 ) ) ;
#1406 = ORIENTED_EDGE ( 'NONE', *, *, #1577, .T. ) ;
#1407 = ORIENTED_EDGE ( 'NONE', *, *, #1499, .T. ) ;
#1408 = DIRECTION ( 'NONE',  ( 0.000000000000000000, 0.000000000000000000, 1.000000000000000000 ) ) ;
#1409 = FILL_AREA_STYLE_COLOUR ( '', #975 ) ;
#1410 = PLANE ( 'NONE',  #396 ) ;
#1411 = EDGE_CURVE ( 'NONE', #779, #1329, #2037, .T. ) ;
#1412 = CARTESIAN_POINT ( 'NONE',  ( -38.69999999999999574, 40.00000000000000000, -1.583842399999999984 ) ) ;
#1413 = SURFACE_STYLE_USAGE ( .BOTH. , #1182 ) ;
#1414 = SURFACE_SIDE_STYLE ('',( #2160 ) ) ;
#1415 = ORIENTED_EDGE ( 'NONE', *, *, #993, .T. ) ;
#1416 = ORIENTED_EDGE ( 'NONE', *, *, #1219, .F. ) ;
#1417 = FILL_AREA_STYLE ('',( #2211 ) ) ;
#1418 = ORIENTED_EDGE ( 'NONE', *, *, #2053, .T. ) ;
#1419 = SURFACE_SIDE_STYLE ('',( #156 ) ) ;
#1420 = ORIENTED_EDGE ( 'NONE', *, *, #414, .F. ) ;
#1421 = EDGE_CURVE ( 'NONE', #1138, #753, #1570, .T. ) ;
#1422 = FACE_OUTER_BOUND ( 'NONE', #2273, .T. ) ;
#1423 = CARTESIAN_POINT ( 'NONE',  ( 21.57099264397734117, 13.66700420715658382, 7.045038521805000009 ) ) ;
#1424 = CARTESIAN_POINT ( 'NONE',  ( -35.50000000000000000, -3.000000000000000000, 0.000000000000000000 ) ) ;
#1425 = COLOUR_RGB ( '',0.000000000000000000, 0.5019607843137254832, 0.000000000000000000 ) ;
#1426 = EDGE_CURVE ( 'NONE', #1653, #1242, #247, .T. ) ;
#1427 = STYLED_ITEM ( 'NONE', ( #1725 ), #325 ) ;
#1428 = VERTEX_POINT ( 'NONE', #298 ) ;
#1429 = ORIENTED_EDGE ( 'NONE', *, *, #414, .T. ) ;
#1430 = VECTOR ( 'NONE', #810, 1000.000000000000000 ) ;
#1431 = CARTESIAN_POINT ( 'NONE',  ( 43.00000000000000000, 40.00000000000000000, 0.000000000000000000 ) ) ;
#1432 = APPLICATION_CONTEXT ( 'automotive_design' ) ;
#1433 = PRESENTATION_LAYER_ASSIGNMENT (  '', '', ( #772 ) ) ;
#1434 = CARTESIAN_POINT ( 'NONE',  ( 40.00000000000000000, 40.00000000000000000, -1.583842399999999984 ) ) ;
#1435 = PRODUCT ( 'VC RATiD V1.0', 'VC RATiD V1.0', '', ( #411 ) ) ;
#1436 = ORIENTED_EDGE ( 'NONE', *, *, #644, .T. ) ;
#1437 = VECTOR ( 'NONE', #756, 1000.000000000000114 ) ;
#1438 = STYLED_ITEM ( 'NONE', ( #2286 ), #1115 ) ;
#1439 = AXIS2_PLACEMENT_3D ( 'NONE', #405, #1314, #608 ) ;
#1440 = CARTESIAN_POINT ( 'NONE',  ( 43.00000000000000000, -0.1000000000000000056, 0.000000000000000000 ) ) ;
#1441 = AXIS2_PLACEMENT_3D ( 'NONE', #1022, #976, #66 ) ;
#1442 = FILL_AREA_STYLE ('',( #1662 ) ) ;
#1443 =( GEOMETRIC_REPRESENTATION_CONTEXT ( 3 ) GLOBAL_UNCERTAINTY_ASSIGNED_CONTEXT ( ( #35 ) ) GLOBAL_UNIT_ASSIGNED_CONTEXT ( ( #1451, #182, #2350 ) ) REPRESENTATION_CONTEXT ( 'NONE', 'WORKASPACE' ) );
#1444 = STYLED_ITEM ( 'NONE', ( #1035 ), #1689 ) ;
#1445 = EDGE_CURVE ( 'NONE', #2175, #1138, #1322, .T. ) ;
#1446 = ORIENTED_EDGE ( 'NONE', *, *, #531, .T. ) ;
#1447 = FILL_AREA_STYLE_COLOUR ( '', #1828 ) ;
#1448 = FILL_AREA_STYLE_COLOUR ( '', #1118 ) ;
#1449 = SURFACE_STYLE_FILL_AREA ( #1294 ) ;
#1450 = ORIENTED_EDGE ( 'NONE', *, *, #258, .F. ) ;
#1451 =( LENGTH_UNIT ( ) NAMED_UNIT ( * ) SI_UNIT ( .MILLI., .METRE. ) );
#1452 = PLANE ( 'NONE',  #478 ) ;
#1453 = UNCERTAINTY_MEASURE_WITH_UNIT (LENGTH_MEASURE( 1.000000000000000082E-05 ), #1371, 'distance_accuracy_value', 'NONE');
#1454 = ORIENTED_EDGE ( 'NONE', *, *, #1844, .F. ) ;
#1455 = DIRECTION ( 'NONE',  ( 0.000000000000000000, 0.000000000000000000, 1.000000000000000000 ) ) ;
#1456 = DIRECTION ( 'NONE',  ( -1.192488099999999771E-08, 0.9999999999999998890, 0.000000000000000000 ) ) ;
#1457 = VERTEX_POINT ( 'NONE', #2282 ) ;
#1458 = LINE ( 'NONE', #2209, #1192 ) ;
#1459 = DIRECTION ( 'NONE',  ( 0.000000000000000000, -1.000000000000000000, 0.000000000000000000 ) ) ;
#1460 = FILL_AREA_STYLE_COLOUR ( '', #2181 ) ;
#1461 = ADVANCED_FACE ( 'NONE', ( #2173 ), #306, .T. ) ;
#1462 = CARTESIAN_POINT ( 'NONE',  ( -22.33300736510041773, 14.42900427985065903, 7.045038521805000009 ) ) ;
#1463 = ORIENTED_EDGE ( 'NONE', *, *, #692, .F. ) ;
#1464 = SURFACE_STYLE_USAGE ( .BOTH. , #2398 ) ;
#1465 = CARTESIAN_POINT ( 'NONE',  ( -40.10133194675000112, -0.1013319467550000130, 0.000000000000000000 ) ) ;
#1466 = ORIENTED_EDGE ( 'NONE', *, *, #153, .T. ) ;
#1467 = COLOUR_RGB ( '',0.8196078431372548767, 0.7019607843137254388, 0.4313725490196078649 ) ;
#1468 = DIRECTION ( 'NONE',  ( 0.000000000000000000, 0.000000000000000000, 1.000000000000000000 ) ) ;
#1469 = SURFACE_STYLE_USAGE ( .BOTH. , #1859 ) ;
#1470 = SURFACE_STYLE_USAGE ( .BOTH. , #881 ) ;
#1471 = MECHANICAL_DESIGN_GEOMETRIC_PRESENTATION_REPRESENTATION (  '', ( #1123 ), #771 ) ;
#1472 = ADVANCED_FACE ( 'NONE', ( #687 ), #1645, .F. ) ;
#1473 =( GEOMETRIC_REPRESENTATION_CONTEXT ( 3 ) GLOBAL_UNCERTAINTY_ASSIGNED_CONTEXT ( ( #1453 ) ) GLOBAL_UNIT_ASSIGNED_CONTEXT ( ( #1371, #2165, #299 ) ) REPRESENTATION_CONTEXT ( 'NONE', 'WORKASPACE' ) );
#1474 = UNCERTAINTY_MEASURE_WITH_UNIT (LENGTH_MEASURE( 1.000000000000000082E-05 ), #1857, 'distance_accuracy_value', 'NONE');
#1475 = ADVANCED_FACE ( 'NONE', ( #880 ), #1620, .T. ) ;
#1476 = EDGE_LOOP ( 'NONE', ( #123, #1808, #1052, #606, #1068, #2208, #1692, #329, #2260, #773, #1463, #601, #146, #1795 ) ) ;
#1477 = PRESENTATION_LAYER_ASSIGNMENT (  '', '', ( #136 ) ) ;
#1478 = COLOUR_RGB ( '',0.8196078431372548767, 0.7019607843137254388, 0.4313725490196078649 ) ;
#1479 = PRESENTATION_STYLE_ASSIGNMENT (( #1842 ) ) ;
#1480 = STYLED_ITEM ( 'NONE', ( #1854 ), #2084 ) ;
#1481 = STYLED_ITEM ( 'NONE', ( #562 ), #1351 ) ;
#1482 = ORIENTED_EDGE ( 'NONE', *, *, #1106, .T. ) ;
#1483 = CARTESIAN_POINT ( 'NONE',  ( 35.50000000000000000, -3.000000000000000000, -1.583842399999999984 ) ) ;
#1484 = CARTESIAN_POINT ( 'NONE',  ( -40.00000000000000000, 43.00000000000000000, -1.583842399999999984 ) ) ;
#1485 =( NAMED_UNIT ( * ) PLANE_ANGLE_UNIT ( ) SI_UNIT ( $, .RADIAN. ) );
#1486 = ORIENTED_EDGE ( 'NONE', *, *, #4, .F. ) ;
#1487 = SURFACE_STYLE_FILL_AREA ( #1167 ) ;
#1488 = DIRECTION ( 'NONE',  ( 1.000000000000000000, 0.000000000000000000, 0.000000000000000000 ) ) ;
#1489 = LINE ( 'NONE', #2266, #1993 ) ;
#1490 = VERTEX_POINT ( 'NONE', #190 ) ;
#1491 = DIRECTION ( 'NONE',  ( 0.9999998944284991254, 0.0004595029821733315222, 0.000000000000000000 ) ) ;
#1492 =( NAMED_UNIT ( * ) SI_UNIT ( $, .STERADIAN. ) SOLID_ANGLE_UNIT ( ) );
#1493 = CARTESIAN_POINT ( 'NONE',  ( 29.50000000000000000, 3.000000000000000000, -1.583842399999999984 ) ) ;
#1494 = PRODUCT_DEFINITION_CONTEXT ( 'detailed design', #1691, 'design' ) ;
#1495 = ORIENTED_EDGE ( 'NONE', *, *, #258, .T. ) ;
#1496 = FILL_AREA_STYLE ('',( #69 ) ) ;
#1497 = EDGE_CURVE ( 'NONE', #375, #249, #2055, .T. ) ;
#1498 = ORIENTED_EDGE ( 'NONE', *, *, #1761, .T. ) ;
#1499 = EDGE_CURVE ( 'NONE', #1281, #1242, #1561, .T. ) ;
#1500 = SURFACE_STYLE_FILL_AREA ( #1300 ) ;
#1501 = DIRECTION ( 'NONE',  ( 0.000000000000000000, 0.000000000000000000, 1.000000000000000000 ) ) ;
#1502 = PLANE ( 'NONE',  #1834 ) ;
#1503 = AXIS2_PLACEMENT_3D ( 'NONE', #1608, #1226, #1053 ) ;
#1504 = DIRECTION ( 'NONE',  ( 0.000000000000000000, 0.000000000000000000, -1.000000000000000000 ) ) ;
#1505 = STYLED_ITEM ( 'NONE', ( #2112 ), #647 ) ;
#1506 = EDGE_LOOP ( 'NONE', ( #2195, #1625, #312, #955, #1985, #877, #333, #1623, #1271, #2356, #2241, #2234, #1606, #1173 ) ) ;
#1507 = AXIS2_PLACEMENT_3D ( 'NONE', #713, #224, #1117 ) ;
#1508 = PRESENTATION_STYLE_ASSIGNMENT (( #1898 ) ) ;
#1509 = CARTESIAN_POINT ( 'NONE',  ( 3.428992643977342603, 13.66700428893741659, 6.737698521805000951 ) ) ;
#1510 = VECTOR ( 'NONE', #1818, 1000.000000000000000 ) ;
#1511 =( GEOMETRIC_REPRESENTATION_CONTEXT ( 3 ) GLOBAL_UNCERTAINTY_ASSIGNED_CONTEXT ( ( #916 ) ) GLOBAL_UNIT_ASSIGNED_CONTEXT ( ( #1214, #1929, #992 ) ) REPRESENTATION_CONTEXT ( 'NONE', 'WORKASPACE' ) );
#1512 = ORIENTED_EDGE ( 'NONE', *, *, #374, .T. ) ;
#1513 = CARTESIAN_POINT ( 'NONE',  ( 40.10133194675500334, -0.1013319467550000130, -1.583842399999999984 ) ) ;
#1514 = ADVANCED_FACE ( 'NONE', ( #759 ), #914, .T. ) ;
#1515 = VECTOR ( 'NONE', #1600, 1000.000000000000000 ) ;
#1516 = AXIS2_PLACEMENT_3D ( 'NONE', #1980, #1079, #502 ) ;
#1517 = DIRECTION ( 'NONE',  ( 0.000000000000000000, 0.000000000000000000, -1.000000000000000000 ) ) ;
#1518 = CARTESIAN_POINT ( 'NONE',  ( -27.66700736510041736, 14.42900421624334228, 7.045038521805000009 ) ) ;
#1519 = CIRCLE ( 'NONE', #2231, 0.7620000000000002327 ) ;
#1520 = LINE ( 'NONE', #1151, #181 ) ;
#1521 = UNCERTAINTY_MEASURE_WITH_UNIT (LENGTH_MEASURE( 1.000000000000000082E-05 ), #112, 'distance_accuracy_value', 'NONE');
#1522 = ORIENTED_EDGE ( 'NONE', *, *, #1794, .T. ) ;
#1523 = DIRECTION ( 'NONE',  ( 0.000000000000000000, 0.000000000000000000, -1.000000000000000000 ) ) ;
#1524 = ORIENTED_EDGE ( 'NONE', *, *, #872, .T. ) ;
#1525 = CARTESIAN_POINT ( 'NONE',  ( -35.50109420289000184, 0.001094202898547999960, -1.583842399999999984 ) ) ;
#1526 = CARTESIAN_POINT ( 'NONE',  ( 22.33299271667141639, 7.571004216243341745, 7.045038521805000009 ) ) ;
#1527 = LINE ( 'NONE', #234, #816 ) ;
#1528 = EDGE_CURVE ( 'NONE', #1388, #1044, #765, .T. ) ;
#1529 = SURFACE_STYLE_FILL_AREA ( #994 ) ;
#1530 = ORIENTED_EDGE ( 'NONE', *, *, #1778, .T. ) ;
#1531 = EDGE_CURVE ( 'NONE', #1816, #2148, #2245, .T. ) ;
#1532 = LINE ( 'NONE', #2285, #1249 ) ;
#1533 = LINE ( 'NONE', #1965, #1046 ) ;
#1534 = SURFACE_SIDE_STYLE ('',( #1892 ) ) ;
#1535 = EDGE_LOOP ( 'NONE', ( #1406, #1663, #1377, #2072 ) ) ;
#1536 = DIRECTION ( 'NONE',  ( 0.000000000000000000, 0.000000000000000000, -1.000000000000000000 ) ) ;
#1537 = CARTESIAN_POINT ( 'NONE',  ( -29.50000000000000000, 3.000000000000000000, 0.000000000000000000 ) ) ;
#1538 = CARTESIAN_POINT ( 'NONE',  ( -27.66700728331958459, 7.571004216243341745, 6.737698521805000951 ) ) ;
#1539 = CARTESIAN_POINT ( 'NONE',  ( 32.50000000000000000, 1.358505322124000064E-16, 0.000000000000000000 ) ) ;
#1540 = AXIS2_PLACEMENT_3D ( 'NONE', #1848, #712, #677 ) ;
#1541 = FILL_AREA_STYLE ('',( #652 ) ) ;
#1542 = MECHANICAL_DESIGN_GEOMETRIC_PRESENTATION_REPRESENTATION (  '', ( #1427 ), #1703 ) ;
#1543 = EDGE_CURVE ( 'NONE', #1653, #2022, #617, .T. ) ;
#1544 =( LENGTH_UNIT ( ) NAMED_UNIT ( * ) SI_UNIT ( .MILLI., .METRE. ) );
#1545 = PRESENTATION_STYLE_ASSIGNMENT (( #1034 ) ) ;
#1546 = AXIS2_PLACEMENT_3D ( 'NONE', #1525, #1536, #1549 ) ;
#1547 = VECTOR ( 'NONE', #469, 1000.000000000000000 ) ;
#1548 = CARTESIAN_POINT ( 'NONE',  ( 2.666992716671416908, 7.571004279850657603, 6.737698521805000951 ) ) ;
#1549 = DIRECTION ( 'NONE',  ( 0.9999999335329464722, -0.0003646012926760806242, 0.000000000000000000 ) ) ;
#1550 = PRESENTATION_LAYER_ASSIGNMENT (  '', '', ( #1200 ) ) ;
#1551 = COLOUR_RGB ( '',0.8196078431372548767, 0.7019607843137254388, 0.4313725490196078649 ) ;
#1552 = AXIS2_PLACEMENT_3D ( 'NONE', #1205, #1220, #2155 ) ;
#1553 = SURFACE_SIDE_STYLE ('',( #454 ) ) ;
#1554 = SURFACE_SIDE_STYLE ('',( #262 ) ) ;
#1555 = CIRCLE ( 'NONE', #1287, 1.300000000000002487 ) ;
#1556 = VECTOR ( 'NONE', #1142, 1000.000000000000000 ) ;
#1557 = SURFACE_STYLE_FILL_AREA ( #1718 ) ;
#1558 = PRESENTATION_STYLE_ASSIGNMENT (( #833 ) ) ;
#1559 =( GEOMETRIC_REPRESENTATION_CONTEXT ( 3 ) GLOBAL_UNCERTAINTY_ASSIGNED_CONTEXT ( ( #77 ) ) GLOBAL_UNIT_ASSIGNED_CONTEXT ( ( #1229, #873, #1069 ) ) REPRESENTATION_CONTEXT ( 'NONE', 'WORKASPACE' ) );
#1560 = DIRECTION ( 'NONE',  ( 0.000000000000000000, 0.000000000000000000, 1.000000000000000000 ) ) ;
#1561 = CIRCLE ( 'NONE', #63, 0.7619999999999989004 ) ;
#1562 = CARTESIAN_POINT ( 'NONE',  ( -3.429007356022657937, 13.66700420715658382, 6.737698521805000951 ) ) ;
#1563 = DIRECTION ( 'NONE',  ( 0.000000000000000000, 0.000000000000000000, 1.000000000000000000 ) ) ;
#1564 =( LENGTH_UNIT ( ) NAMED_UNIT ( * ) SI_UNIT ( .MILLI., .METRE. ) );
#1565 = SURFACE_STYLE_USAGE ( .BOTH. , #653 ) ;
#1566 = CARTESIAN_POINT ( 'NONE',  ( 40.10133194675500334, -0.1013319467550000130, -1.583842399999999984 ) ) ;
#1567 =( LENGTH_UNIT ( ) NAMED_UNIT ( * ) SI_UNIT ( .MILLI., .METRE. ) );
#1568 = ORIENTED_EDGE ( 'NONE', *, *, #269, .F. ) ;
#1569 = EDGE_LOOP ( 'NONE', ( #2007, #1592, #39, #892 ) ) ;
#1570 = LINE ( 'NONE', #1201, #1755 ) ;
#1571 =( NAMED_UNIT ( * ) SI_UNIT ( $, .STERADIAN. ) SOLID_ANGLE_UNIT ( ) );
#1572 = CARTESIAN_POINT ( 'NONE',  ( 21.57099270758465792, 8.333004207156584187, 6.737698521805000951 ) ) ;
#1573 =( NAMED_UNIT ( * ) SI_UNIT ( $, .STERADIAN. ) SOLID_ANGLE_UNIT ( ) );
#1574 = DIRECTION ( 'NONE',  ( 0.000000000000000000, 0.000000000000000000, 1.000000000000000000 ) ) ;
#1575 = PRESENTATION_STYLE_ASSIGNMENT (( #2157 ) ) ;
#1576 = LINE ( 'NONE', #2305, #219 ) ;
#1577 = EDGE_CURVE ( 'NONE', #2378, #2319, #377, .T. ) ;
#1578 = FILL_AREA_STYLE ('',( #838 ) ) ;
#1579 = DIRECTION ( 'NONE',  ( 0.000000000000000000, 0.000000000000000000, -1.000000000000000000 ) ) ;
#1580 = ORIENTED_EDGE ( 'NONE', *, *, #1141, .T. ) ;
#1581 = ORIENTED_EDGE ( 'NONE', *, *, #2345, .T. ) ;
#1582 = FILL_AREA_STYLE ('',( #1939 ) ) ;
#1583 = SURFACE_SIDE_STYLE ('',( #1529 ) ) ;
#1584 = CARTESIAN_POINT ( 'NONE',  ( -43.00000000000000000, -0.1000000000000000056, 0.000000000000000000 ) ) ;
#1585 = PRESENTATION_STYLE_ASSIGNMENT (( #1762 ) ) ;
#1586 = AXIS2_PLACEMENT_3D ( 'NONE', #179, #503, #363 ) ;
#1587 =( NAMED_UNIT ( * ) PLANE_ANGLE_UNIT ( ) SI_UNIT ( $, .RADIAN. ) );
#1588 = CIRCLE ( 'NONE', #1546, 3.001094402371998981 ) ;
#1589 =( NAMED_UNIT ( * ) PLANE_ANGLE_UNIT ( ) SI_UNIT ( $, .RADIAN. ) );
#1590 = CIRCLE ( 'NONE', #1745, 0.7619999999999997886 ) ;
#1591 = ORIENTED_EDGE ( 'NONE', *, *, #1915, .T. ) ;
#1592 = ORIENTED_EDGE ( 'NONE', *, *, #1396, .T. ) ;
#1593 = SURFACE_STYLE_FILL_AREA ( #2393 ) ;
#1594 = SURFACE_STYLE_FILL_AREA ( #1582 ) ;
#1595 = PRESENTATION_LAYER_ASSIGNMENT (  '', '', ( #246 ) ) ;
#1596 = PRESENTATION_LAYER_ASSIGNMENT (  '', '', ( #819 ) ) ;
#1597 = COLOUR_RGB ( '',0.8196078431372548767, 0.7019607843137254388, 0.4313725490196078649 ) ;
#1598 = COLOUR_RGB ( '',0.8196078431372548767, 0.7019607843137254388, 0.4313725490196078649 ) ;
#1599 = AXIS2_PLACEMENT_3D ( 'NONE', #445, #842, #2312 ) ;
#1600 = DIRECTION ( 'NONE',  ( 0.000000000000000000, -1.000000000000000000, 0.000000000000000000 ) ) ;
#1601 = FILL_AREA_STYLE_COLOUR ( '', #778 ) ;
#1602 = STYLED_ITEM ( 'NONE', ( #1267 ), #2372 ) ;
#1603 = COLOUR_RGB ( '',0.8196078431372548767, 0.7019607843137254388, 0.4313725490196078649 ) ;
#1604 = CARTESIAN_POINT ( 'NONE',  ( -27.66700728331958459, 7.571004216243341745, 7.045038521805000009 ) ) ;
#1605 = FACE_OUTER_BOUND ( 'NONE', #565, .T. ) ;
#1606 = ORIENTED_EDGE ( 'NONE', *, *, #2349, .T. ) ;
#1607 = ORIENTED_EDGE ( 'NONE', *, *, #1710, .T. ) ;
#1608 = CARTESIAN_POINT ( 'NONE',  ( -2.048423001846999989E-15, 20.96145794405099849, 0.000000000000000000 ) ) ;
#1609 = SURFACE_STYLE_FILL_AREA ( #855 ) ;
#1610 = FACE_OUTER_BOUND ( 'NONE', #1650, .T. ) ;
#1611 = CARTESIAN_POINT ( 'NONE',  ( -32.50000000000000000, 3.653761321276000182E-17, -1.583842399999999984 ) ) ;
#1612 = EDGE_CURVE ( 'NONE', #1018, #1387, #2065, .T. ) ;
#1613 = CYLINDRICAL_SURFACE ( 'NONE', #1841, 1.300000000000002487 ) ;
#1614 = EDGE_CURVE ( 'NONE', #1085, #1306, #1130, .T. ) ;
#1615 = EDGE_LOOP ( 'NONE', ( #161, #2133 ) ) ;
#1616 =( NAMED_UNIT ( * ) SI_UNIT ( $, .STERADIAN. ) SOLID_ANGLE_UNIT ( ) );
#1617 = CARTESIAN_POINT ( 'NONE',  ( -40.00000000000000000, 0.000000000000000000, -1.583842399999999984 ) ) ;
#1618 = VERTEX_POINT ( 'NONE', #2110 ) ;
#1619 = ORIENTED_EDGE ( 'NONE', *, *, #1176, .T. ) ;
#1620 = PLANE ( 'NONE',  #825 ) ;
#1621 = PRESENTATION_STYLE_ASSIGNMENT (( #1835 ) ) ;
#1622 = CARTESIAN_POINT ( 'NONE',  ( -39.99890579710000083, 39.99890579710099558, 0.000000000000000000 ) ) ;
#1623 = ORIENTED_EDGE ( 'NONE', *, *, #900, .T. ) ;
#1624 = FILL_AREA_STYLE ('',( #1802 ) ) ;
#1625 = ORIENTED_EDGE ( 'NONE', *, *, #198, .T. ) ;
#1626 = EDGE_CURVE ( 'NONE', #1852, #868, #1363, .T. ) ;
#1627 = DIRECTION ( 'NONE',  ( -0.9999999999999998890, -1.192488073874368167E-08, 0.000000000000000000 ) ) ;
#1628 = STYLED_ITEM ( 'NONE', ( #1621 ), #78 ) ;
#1629 = LINE ( 'NONE', #536, #1510 ) ;
#1630 = AXIS2_PLACEMENT_3D ( 'NONE', #870, #1055, #314 ) ;
#1631 = ORIENTED_EDGE ( 'NONE', *, *, #2168, .T. ) ;
#1632 =( NAMED_UNIT ( * ) PLANE_ANGLE_UNIT ( ) SI_UNIT ( $, .RADIAN. ) );
#1633 =( LENGTH_UNIT ( ) NAMED_UNIT ( * ) SI_UNIT ( .MILLI., .METRE. ) );
#1634 = DIRECTION ( 'NONE',  ( 0.000000000000000000, 0.000000000000000000, -1.000000000000000000 ) ) ;
#1635 = ORIENTED_EDGE ( 'NONE', *, *, #2272, .T. ) ;
#1636 = SURFACE_STYLE_USAGE ( .BOTH. , #1419 ) ;
#1637 = ORIENTED_EDGE ( 'NONE', *, *, #1826, .T. ) ;
#1638 = VECTOR ( 'NONE', #2351, 1000.000000000000114 ) ;
#1639 = MECHANICAL_DESIGN_GEOMETRIC_PRESENTATION_REPRESENTATION (  '', ( #1994 ), #1880 ) ;
#1640 = COLOUR_RGB ( '',0.000000000000000000, 0.5019607843137254832, 0.000000000000000000 ) ;
#1641 =( LENGTH_UNIT ( ) NAMED_UNIT ( * ) SI_UNIT ( .MILLI., .METRE. ) );
#1642 = ORIENTED_EDGE ( 'NONE', *, *, #821, .F. ) ;
#1643 = EDGE_CURVE ( 'NONE', #2022, #721, #1682, .T. ) ;
#1644 = LINE ( 'NONE', #2162, #90 ) ;
#1645 = CYLINDRICAL_SURFACE ( 'NONE', #1050, 1.300000000000002487 ) ;
#1646 = SURFACE_STYLE_FILL_AREA ( #1981 ) ;
#1647 =( NAMED_UNIT ( * ) SI_UNIT ( $, .STERADIAN. ) SOLID_ANGLE_UNIT ( ) );
#1648 = FACE_OUTER_BOUND ( 'NONE', #1126, .T. ) ;
#1649 = UNCERTAINTY_MEASURE_WITH_UNIT (LENGTH_MEASURE( 1.000000000000000082E-05 ), #705, 'distance_accuracy_value', 'NONE');
#1650 = EDGE_LOOP ( 'NONE', ( #1900, #295, #2284, #1955 ) ) ;
#1651 = SURFACE_STYLE_USAGE ( .BOTH. , #2390 ) ;
#1652 = ADVANCED_FACE ( 'NONE', ( #1274 ), #362, .T. ) ;
#1653 = VERTEX_POINT ( 'NONE', #1191 ) ;
#1654 = CARTESIAN_POINT ( 'NONE',  ( -22.33300729240634297, 8.333004279850657170, 7.045038521805000009 ) ) ;
#1655 = EDGE_CURVE ( 'NONE', #817, #1830, #2310, .T. ) ;
#1656 = CARTESIAN_POINT ( 'NONE',  ( -22.33300736510041773, 14.42900427985065903, 6.737698521805000951 ) ) ;
#1657 = CARTESIAN_POINT ( 'NONE',  ( -21.57100729240634251, 8.333004288937416959, 6.737698521805000951 ) ) ;
#1658 =( NAMED_UNIT ( * ) PLANE_ANGLE_UNIT ( ) SI_UNIT ( $, .RADIAN. ) );
#1659 = PLANE ( 'NONE',  #629 ) ;
#1660 = ORIENTED_EDGE ( 'NONE', *, *, #1726, .F. ) ;
#1661 = CARTESIAN_POINT ( 'NONE',  ( 40.00000000000000000, 40.00000000000000000, 0.000000000000000000 ) ) ;
#1662 = FILL_AREA_STYLE_COLOUR ( '', #1837 ) ;
#1663 = ORIENTED_EDGE ( 'NONE', *, *, #2332, .T. ) ;
#1664 = MECHANICAL_DESIGN_GEOMETRIC_PRESENTATION_REPRESENTATION (  '', ( #1628 ), #1984 ) ;
#1665 = PRESENTATION_STYLE_ASSIGNMENT (( #395 ) ) ;
#1666 = CIRCLE ( 'NONE', #208, 2.898668359260997640 ) ;
#1667 = LINE ( 'NONE', #33, #13 ) ;
#1668 = CARTESIAN_POINT ( 'NONE',  ( 40.09999999999999432, -3.000000000000000000, -1.583842399999999984 ) ) ;
#1669 = VECTOR ( 'NONE', #2043, 1000.000000000000114 ) ;
#1670 = AXIS2_PLACEMENT_3D ( 'NONE', #1622, #1634, #1836 ) ;
#1671 = CARTESIAN_POINT ( 'NONE',  ( -38.69999999999999574, 40.00000000000000000, -1.583842399999999984 ) ) ;
#1672 = UNCERTAINTY_MEASURE_WITH_UNIT (LENGTH_MEASURE( 1.000000000000000082E-05 ), #641, 'distance_accuracy_value', 'NONE');
#1673 = ORIENTED_EDGE ( 'NONE', *, *, #1812, .T. ) ;
#1674 =( GEOMETRIC_REPRESENTATION_CONTEXT ( 3 ) GLOBAL_UNCERTAINTY_ASSIGNED_CONTEXT ( ( #1697 ) ) GLOBAL_UNIT_ASSIGNED_CONTEXT ( ( #2321, #282, #2125 ) ) REPRESENTATION_CONTEXT ( 'NONE', 'WORKASPACE' ) );
#1675 = SURFACE_STYLE_FILL_AREA ( #2242 ) ;
#1676 = AXIS2_PLACEMENT_3D ( 'NONE', #439, #1171, #1678 ) ;
#1677 = COLOUR_RGB ( '',0.000000000000000000, 0.5019607843137254832, 0.000000000000000000 ) ;
#1678 = DIRECTION ( 'NONE',  ( 1.000000000000000000, 0.000000000000000000, 0.000000000000000000 ) ) ;
#1679 = AXIS2_PLACEMENT_3D ( 'NONE', #566, #788, #762 ) ;
#1680 = PRESENTATION_LAYER_ASSIGNMENT (  '', '', ( #1360 ) ) ;
#1681 = VERTEX_POINT ( 'NONE', #837 ) ;
#1682 = CIRCLE ( 'NONE', #61, 0.7620000000000005658 ) ;
#1683 = LINE ( 'NONE', #16, #48 ) ;
#1684 = CARTESIAN_POINT ( 'NONE',  ( -40.00000000000000000, 43.00000000000000000, -1.583842399999999984 ) ) ;
#1685 = FILL_AREA_STYLE_COLOUR ( '', #97 ) ;
#1686 = CARTESIAN_POINT ( 'NONE',  ( 43.00000000000000000, 40.00000000000000000, -1.583842399999999984 ) ) ;
#1687 = EDGE_CURVE ( 'NONE', #2378, #779, #1576, .T. ) ;
#1688 = ORIENTED_EDGE ( 'NONE', *, *, #117, .T. ) ;
#1689 = ADVANCED_FACE ( 'NONE', ( #827 ), #134, .T. ) ;
#1690 = FACE_OUTER_BOUND ( 'NONE', #1569, .T. ) ;
#1691 = APPLICATION_CONTEXT ( 'automotive_design' ) ;
#1692 = ORIENTED_EDGE ( 'NONE', *, *, #1856, .F. ) ;
#1693 = SURFACE_SIDE_STYLE ('',( #956 ) ) ;
#1694 = FILL_AREA_STYLE ('',( #199 ) ) ;
#1695 = DIRECTION ( 'NONE',  ( 1.000000000000000000, 0.000000000000000000, 0.000000000000000000 ) ) ;
#1696 = SURFACE_STYLE_USAGE ( .BOTH. , #1311 ) ;
#1697 = UNCERTAINTY_MEASURE_WITH_UNIT (LENGTH_MEASURE( 1.000000000000000082E-05 ), #2321, 'distance_accuracy_value', 'NONE');
#1698 = VERTEX_POINT ( 'NONE', #2352 ) ;
#1699 =( NAMED_UNIT ( * ) SI_UNIT ( $, .STERADIAN. ) SOLID_ANGLE_UNIT ( ) );
#1700 = VERTEX_POINT ( 'NONE', #1223 ) ;
#1701 = DIRECTION ( 'NONE',  ( -1.192488073874365520E-08, 1.000000000000000000, 0.000000000000000000 ) ) ;
#1702 = CARTESIAN_POINT ( 'NONE',  ( -32.50000000000000000, 3.653761321276000182E-17, 0.000000000000000000 ) ) ;
#1703 =( GEOMETRIC_REPRESENTATION_CONTEXT ( 3 ) GLOBAL_UNCERTAINTY_ASSIGNED_CONTEXT ( ( #2091 ) ) GLOBAL_UNIT_ASSIGNED_CONTEXT ( ( #1177, #2101, #972 ) ) REPRESENTATION_CONTEXT ( 'NONE', 'WORKASPACE' ) );
#1704 =( LENGTH_UNIT ( ) NAMED_UNIT ( * ) SI_UNIT ( .MILLI., .METRE. ) );
#1705 = AXIS2_PLACEMENT_3D ( 'NONE', #1654, #2289, #458 ) ;
#1706 = ORIENTED_EDGE ( 'NONE', *, *, #1222, .F. ) ;
#1707 = AXIS2_PLACEMENT_3D ( 'NONE', #567, #2050, #383 ) ;
#1708 = VECTOR ( 'NONE', #627, 1000.000000000000000 ) ;
#1709 = ORIENTED_EDGE ( 'NONE', *, *, #157, .T. ) ;
#1710 = EDGE_CURVE ( 'NONE', #2175, #1121, #1765, .T. ) ;
#1711 = CARTESIAN_POINT ( 'NONE',  ( -35.50000000000000000, -3.000000000000000000, -1.583842399999999984 ) ) ;
#1712 = PRESENTATION_LAYER_ASSIGNMENT (  '', '', ( #361 ) ) ;
#1713 = MECHANICAL_DESIGN_GEOMETRIC_PRESENTATION_REPRESENTATION (  '', ( #1247 ), #2268 ) ;
#1714 = PRESENTATION_LAYER_ASSIGNMENT (  '', '', ( #1092 ) ) ;
#1715 = EDGE_CURVE ( 'NONE', #480, #1757, #1519, .T. ) ;
#1716 = CARTESIAN_POINT ( 'NONE',  ( 22.33299264397733808, 13.66700421624334183, 7.045038521805000009 ) ) ;
#1717 =( LENGTH_UNIT ( ) NAMED_UNIT ( * ) SI_UNIT ( .MILLI., .METRE. ) );
#1718 = FILL_AREA_STYLE ('',( #2102 ) ) ;
#1719 = UNCERTAINTY_MEASURE_WITH_UNIT (LENGTH_MEASURE( 1.000000000000000082E-05 ), #1821, 'distance_accuracy_value', 'NONE');
#1720 = EDGE_LOOP ( 'NONE', ( #1244, #1580 ) ) ;
#1721 = LINE ( 'NONE', #2059, #1206 ) ;
#1722 = ORIENTED_EDGE ( 'NONE', *, *, #1873, .T. ) ;
#1723 = LINE ( 'NONE', #1711, #1430 ) ;
#1724 = DIRECTION ( 'NONE',  ( 0.000000000000000000, 0.000000000000000000, -1.000000000000000000 ) ) ;
#1725 = PRESENTATION_STYLE_ASSIGNMENT (( #1938 ) ) ;
#1726 = EDGE_CURVE ( 'NONE', #1263, #882, #789, .T. ) ;
#1727 = VERTEX_POINT ( 'NONE', #497 ) ;
#1728 = DIRECTION ( 'NONE',  ( -0.9999999999999998890, -1.192488099999999771E-08, 0.000000000000000000 ) ) ;
#1729 = CARTESIAN_POINT ( 'NONE',  ( -40.00000000000000000, 43.00000000000000000, 0.000000000000000000 ) ) ;
#1730 =( NAMED_UNIT ( * ) SI_UNIT ( $, .STERADIAN. ) SOLID_ANGLE_UNIT ( ) );
#1731 = DIRECTION ( 'NONE',  ( -0.9999999999999998890, -1.192488099999999771E-08, 0.000000000000000000 ) ) ;
#1732 = ORIENTED_EDGE ( 'NONE', *, *, #1071, .T. ) ;
#1733 = CARTESIAN_POINT ( 'NONE',  ( 22.33299270758465838, 8.333004216243342199, 6.737698521805000951 ) ) ;
#1734 = CARTESIAN_POINT ( 'NONE',  ( -22.33300728331958496, 7.571004279850657603, 6.737698521805000951 ) ) ;
#1735 = DIRECTION ( 'NONE',  ( 0.000000000000000000, -1.000000000000000000, 0.000000000000000000 ) ) ;
#1736 = PRESENTATION_STYLE_ASSIGNMENT (( #794 ) ) ;
#1737 = FILL_AREA_STYLE ('',( #843 ) ) ;
#1738 = FACE_OUTER_BOUND ( 'NONE', #193, .T. ) ;
#1739 = PRESENTATION_LAYER_ASSIGNMENT (  '', '', ( #85 ) ) ;
#1740 = CARTESIAN_POINT ( 'NONE',  ( 40.00000000000000000, 43.00000000000000000, -1.583842399999999984 ) ) ;
#1741 = AXIS2_PLACEMENT_3D ( 'NONE', #582, #760, #1701 ) ;
#1742 = FACE_OUTER_BOUND ( 'NONE', #408, .T. ) ;
#1743 = SURFACE_SIDE_STYLE ('',( #1789 ) ) ;
#1744 = PRESENTATION_LAYER_ASSIGNMENT (  '', '', ( #1905 ) ) ;
#1745 = AXIS2_PLACEMENT_3D ( 'NONE', #2229, #694, #2159 ) ;
#1746 = DIRECTION ( 'NONE',  ( -0.9999999335329464722, 0.0003646012926752482280, 0.000000000000000000 ) ) ;
#1747 = LINE ( 'NONE', #259, #891 ) ;
#1748 = PRESENTATION_STYLE_ASSIGNMENT (( #2290 ) ) ;
#1749 = ORIENTED_EDGE ( 'NONE', *, *, #821, .T. ) ;
#1750 = CIRCLE ( 'NONE', #1921, 2.898668359260999416 ) ;
#1751 =( GEOMETRIC_REPRESENTATION_CONTEXT ( 3 ) GLOBAL_UNCERTAINTY_ASSIGNED_CONTEXT ( ( #1672 ) ) GLOBAL_UNIT_ASSIGNED_CONTEXT ( ( #641, #2129, #1730 ) ) REPRESENTATION_CONTEXT ( 'NONE', 'WORKASPACE' ) );
#1752 = SURFACE_STYLE_FILL_AREA ( #841 ) ;
#1753 = FACE_OUTER_BOUND ( 'NONE', #717, .T. ) ;
#1754 = PRESENTATION_LAYER_ASSIGNMENT (  '', '', ( #2074 ) ) ;
#1755 = VECTOR ( 'NONE', #1962, 1000.000000000000114 ) ;
#1756 =( NAMED_UNIT ( * ) SI_UNIT ( $, .STERADIAN. ) SOLID_ANGLE_UNIT ( ) );
#1757 = VERTEX_POINT ( 'NONE', #633 ) ;
#1758 = AXIS2_PLACEMENT_3D ( 'NONE', #2154, #1972, #471 ) ;
#1759 = MECHANICAL_DESIGN_GEOMETRIC_PRESENTATION_REPRESENTATION (  '', ( #1444 ), #1843 ) ;
#1760 = SURFACE_STYLE_USAGE ( .BOTH. , #820 ) ;
#1761 = EDGE_CURVE ( 'NONE', #982, #696, #2347, .T. ) ;
#1762 = SURFACE_STYLE_USAGE ( .BOTH. , #1013 ) ;
#1763 = CARTESIAN_POINT ( 'NONE',  ( 28.42899270758465846, 8.333004288937416959, 6.737698521805000951 ) ) ;
#1764 = EDGE_CURVE ( 'NONE', #1816, #930, #1285, .T. ) ;
#1765 = LINE ( 'NONE', #643, #673 ) ;
#1766 = CYLINDRICAL_SURFACE ( 'NONE', #431, 1.300000000000002487 ) ;
#1767 = CARTESIAN_POINT ( 'NONE',  ( 40.00000000000000000, 0.000000000000000000, -1.583842399999999984 ) ) ;
#1768 = ORIENTED_EDGE ( 'NONE', *, *, #286, .T. ) ;
#1769 = EDGE_LOOP ( 'NONE', ( #1862, #1914, #1992, #2215 ) ) ;
#1770 = FACE_BOUND ( 'NONE', #703, .T. ) ;
#1771 = CARTESIAN_POINT ( 'NONE',  ( 41.30000000000000426, 0.000000000000000000, 0.000000000000000000 ) ) ;
#1772 =( NAMED_UNIT ( * ) SI_UNIT ( $, .STERADIAN. ) SOLID_ANGLE_UNIT ( ) );
#1773 = PLANE ( 'NONE',  #2024 ) ;
#1774 =( LENGTH_UNIT ( ) NAMED_UNIT ( * ) SI_UNIT ( .MILLI., .METRE. ) );
#1775 = CARTESIAN_POINT ( 'NONE',  ( -28.42900729240634305, 8.333004207156584187, 6.737698521805000951 ) ) ;
#1776 = CARTESIAN_POINT ( 'NONE',  ( 40.09999999999999432, -3.000000000000000000, -1.583842399999999984 ) ) ;
#1777 = DIRECTION ( 'NONE',  ( 0.000000000000000000, 0.000000000000000000, 1.000000000000000000 ) ) ;
#1778 = EDGE_CURVE ( 'NONE', #500, #2003, #1629, .T. ) ;
#1779 = DIRECTION ( 'NONE',  ( 0.9999999999999998890, 1.192488099999999771E-08, 0.000000000000000000 ) ) ;
#1780 = FILL_AREA_STYLE_COLOUR ( '', #1478 ) ;
#1781 = VERTEX_POINT ( 'NONE', #719 ) ;
#1782 = CARTESIAN_POINT ( 'NONE',  ( 22.33299270758465838, 8.333004216243342199, 7.045038521805000009 ) ) ;
#1783 = FILL_AREA_STYLE ('',( #271 ) ) ;
#1784 = CARTESIAN_POINT ( 'NONE',  ( 40.00000000000000000, 0.000000000000000000, -1.583842399999999984 ) ) ;
#1785 = DIRECTION ( 'NONE',  ( 0.9999999999999998890, 1.192488073874366016E-08, 0.000000000000000000 ) ) ;
#1786 = DIRECTION ( 'NONE',  ( -0.9999999999999998890, -1.192488099999999771E-08, 0.000000000000000000 ) ) ;
#1787 = LINE ( 'NONE', #1729, #180 ) ;
#1788 = CARTESIAN_POINT ( 'NONE',  ( -27.66700735601365579, 13.66700421624334183, 6.737698521805000951 ) ) ;
#1789 = SURFACE_STYLE_FILL_AREA ( #275 ) ;
#1790 = PRESENTATION_LAYER_ASSIGNMENT (  '', '', ( #283 ) ) ;
#1791 = CIRCLE ( 'NONE', #1313, 0.7619999999999989004 ) ;
#1792 = DIRECTION ( 'NONE',  ( -1.000000000000000000, -1.192488099999999937E-08, 0.000000000000000000 ) ) ;
#1793 = VECTOR ( 'NONE', #1944, 1000.000000000000000 ) ;
#1794 = EDGE_CURVE ( 'NONE', #2148, #1977, #1088, .T. ) ;
#1795 = ORIENTED_EDGE ( 'NONE', *, *, #2345, .F. ) ;
#1796 = ORIENTED_EDGE ( 'NONE', *, *, #1812, .F. ) ;
#1797 = STYLED_ITEM ( 'NONE', ( #1748 ), #1036 ) ;
#1798 = EDGE_CURVE ( 'NONE', #1700, #2378, #1912, .T. ) ;
#1799 = SURFACE_SIDE_STYLE ('',( #1646 ) ) ;
#1800 = PLANE ( 'NONE',  #1507 ) ;
#1801 = COLOUR_RGB ( '',0.8196078431372548767, 0.7019607843137254388, 0.4313725490196078649 ) ;
#1802 = FILL_AREA_STYLE_COLOUR ( '', #1677 ) ;
#1803 = PRESENTATION_LAYER_ASSIGNMENT (  '', '', ( #632 ) ) ;
#1804 = VERTEX_POINT ( 'NONE', #693 ) ;
#1805 = DIRECTION ( 'NONE',  ( -0.9999999999999998890, -1.192488073874366016E-08, 0.000000000000000000 ) ) ;
#1806 = LINE ( 'NONE', #302, #2377 ) ;
#1807 = ORIENTED_EDGE ( 'NONE', *, *, #1940, .T. ) ;
#1808 = ORIENTED_EDGE ( 'NONE', *, *, #95, .F. ) ;
#1809 = PRESENTATION_STYLE_ASSIGNMENT (( #698 ) ) ;
#1810 = SURFACE_STYLE_USAGE ( .BOTH. , #163 ) ;
#1811 = LINE ( 'NONE', #1611, #1875 ) ;
#1812 = EDGE_CURVE ( 'NONE', #796, #45, #2014, .T. ) ;
#1813 = VERTEX_POINT ( 'NONE', #1286 ) ;
#1814 = DIRECTION ( 'NONE',  ( 1.000000000000000000, 0.000000000000000000, 0.000000000000000000 ) ) ;
#1815 = LINE ( 'NONE', #145, #514 ) ;
#1816 = VERTEX_POINT ( 'NONE', #171 ) ;
#1817 = PRESENTATION_STYLE_ASSIGNMENT (( #1651 ) ) ;
#1818 = DIRECTION ( 'NONE',  ( 0.000000000000000000, 0.000000000000000000, 1.000000000000000000 ) ) ;
#1819 = ORIENTED_EDGE ( 'NONE', *, *, #399, .F. ) ;
#1820 = ORIENTED_EDGE ( 'NONE', *, *, #301, .T. ) ;
#1821 =( LENGTH_UNIT ( ) NAMED_UNIT ( * ) SI_UNIT ( .MILLI., .METRE. ) );
#1822 = LINE ( 'NONE', #1431, #2217 ) ;
#1823 = ORIENTED_EDGE ( 'NONE', *, *, #984, .T. ) ;
#1824 = ORIENTED_EDGE ( 'NONE', *, *, #44, .F. ) ;
#1825 = CARTESIAN_POINT ( 'NONE',  ( -41.30000000000000426, 40.00000000000000000, -1.583842399999999984 ) ) ;
#1826 = EDGE_CURVE ( 'NONE', #1977, #2148, #1292, .T. ) ;
#1827 = DIRECTION ( 'NONE',  ( 0.000000000000000000, 0.000000000000000000, -1.000000000000000000 ) ) ;
#1828 = COLOUR_RGB ( '',0.8196078431372548767, 0.7019607843137254388, 0.4313725490196078649 ) ;
#1829 = STYLED_ITEM ( 'NONE', ( #385 ), #496 ) ;
#1830 = VERTEX_POINT ( 'NONE', #2179 ) ;
#1831 = SURFACE_SIDE_STYLE ('',( #1593 ) ) ;
#1832 = COLOUR_RGB ( '',0.000000000000000000, 0.5019607843137254832, 0.000000000000000000 ) ;
#1833 =( NAMED_UNIT ( * ) PLANE_ANGLE_UNIT ( ) SI_UNIT ( $, .RADIAN. ) );
#1834 = AXIS2_PLACEMENT_3D ( 'NONE', #1668, #583, #2275 ) ;
#1835 = SURFACE_STYLE_USAGE ( .BOTH. , #1799 ) ;
#1836 = DIRECTION ( 'NONE',  ( -0.9999999335329464722, 0.0003646012926752482280, 0.000000000000000000 ) ) ;
#1837 = COLOUR_RGB ( '',0.8196078431372548767, 0.7019607843137254388, 0.4313725490196078649 ) ;
#1838 = VECTOR ( 'NONE', #1033, 1000.000000000000000 ) ;
#1839 = ORIENTED_EDGE ( 'NONE', *, *, #2021, .T. ) ;
#1840 = ADVANCED_FACE ( 'NONE', ( #1103 ), #1297, .T. ) ;
#1841 = AXIS2_PLACEMENT_3D ( 'NONE', #909, #1258, #680 ) ;
#1842 = SURFACE_STYLE_USAGE ( .BOTH. , #899 ) ;
#1843 =( GEOMETRIC_REPRESENTATION_CONTEXT ( 3 ) GLOBAL_UNCERTAINTY_ASSIGNED_CONTEXT ( ( #1152 ) ) GLOBAL_UNIT_ASSIGNED_CONTEXT ( ( #1233, #2121, #451 ) ) REPRESENTATION_CONTEXT ( 'NONE', 'WORKASPACE' ) );
#1844 = EDGE_CURVE ( 'NONE', #1428, #294, #159, .T. ) ;
#1845 = EDGE_LOOP ( 'NONE', ( #917, #757, #935, #1978 ) ) ;
#1846 = CARTESIAN_POINT ( 'NONE',  ( -38.69999999999999574, 0.000000000000000000, 0.000000000000000000 ) ) ;
#1847 = FILL_AREA_STYLE_COLOUR ( '', #2194 ) ;
#1848 = CARTESIAN_POINT ( 'NONE',  ( 22.33299271667141639, 7.571004216243341745, 6.737698521805000951 ) ) ;
#1849 = FACE_OUTER_BOUND ( 'NONE', #977, .T. ) ;
#1850 = DIRECTION ( 'NONE',  ( 0.000000000000000000, -1.000000000000000000, 0.000000000000000000 ) ) ;
#1851 = UNCERTAINTY_MEASURE_WITH_UNIT (LENGTH_MEASURE( 1.000000000000000082E-05 ), #747, 'distance_accuracy_value', 'NONE');
#1852 = VERTEX_POINT ( 'NONE', #728 ) ;
#1853 = CARTESIAN_POINT ( 'NONE',  ( 38.69999999999999574, 40.00000000000000000, -1.583842399999999984 ) ) ;
#1854 = PRESENTATION_STYLE_ASSIGNMENT (( #1464 ) ) ;
#1855 = VERTEX_POINT ( 'NONE', #12 ) ;
#1856 = EDGE_CURVE ( 'NONE', #381, #1317, #1750, .T. ) ;
#1857 =( LENGTH_UNIT ( ) NAMED_UNIT ( * ) SI_UNIT ( .MILLI., .METRE. ) );
#1858 = DIRECTION ( 'NONE',  ( -1.192488099999999771E-08, 0.9999999999999998890, 0.000000000000000000 ) ) ;
#1859 = SURFACE_SIDE_STYLE ('',( #233 ) ) ;
#1860 = SURFACE_STYLE_FILL_AREA ( #572 ) ;
#1861 = LINE ( 'NONE', #2247, #862 ) ;
#1862 = ORIENTED_EDGE ( 'NONE', *, *, #1174, .T. ) ;
#1863 = DIRECTION ( 'NONE',  ( 1.000000000000000000, 0.000000000000000000, 0.000000000000000000 ) ) ;
#1864 = CARTESIAN_POINT ( 'NONE',  ( -3.429007292415342523, 8.333004207156584187, 6.737698521805000951 ) ) ;
#1865 = EDGE_LOOP ( 'NONE', ( #714, #1581, #1295, #568 ) ) ;
#1866 =( GEOMETRIC_REPRESENTATION_CONTEXT ( 3 ) GLOBAL_UNCERTAINTY_ASSIGNED_CONTEXT ( ( #1111 ) ) GLOBAL_UNIT_ASSIGNED_CONTEXT ( ( #856, #624, #1571 ) ) REPRESENTATION_CONTEXT ( 'NONE', 'WORKASPACE' ) );
#1867 =( NAMED_UNIT ( * ) SI_UNIT ( $, .STERADIAN. ) SOLID_ANGLE_UNIT ( ) );
#1868 = AXIS2_PLACEMENT_3D ( 'NONE', #73, #2117, #1213 ) ;
#1869 = EDGE_CURVE ( 'NONE', #1252, #648, #1356, .T. ) ;
#1870 = DIRECTION ( 'NONE',  ( -1.192488099999999771E-08, 0.9999999999999998890, 0.000000000000000000 ) ) ;
#1871 = DIRECTION ( 'NONE',  ( 0.000000000000000000, 0.000000000000000000, -1.000000000000000000 ) ) ;
#1872 = AXIS2_PLACEMENT_3D ( 'NONE', #527, #1408, #1264 ) ;
#1873 = EDGE_CURVE ( 'NONE', #480, #2328, #1113, .T. ) ;
#1874 = SHAPE_DEFINITION_REPRESENTATION ( #1063, #1057 ) ;
#1875 = VECTOR ( 'NONE', #908, 1000.000000000000000 ) ;
#1876 = UNCERTAINTY_MEASURE_WITH_UNIT (LENGTH_MEASURE( 1.000000000000000082E-05 ), #2292, 'distance_accuracy_value', 'NONE');
#1877 = ORIENTED_EDGE ( 'NONE', *, *, #579, .T. ) ;
#1878 = MECHANICAL_DESIGN_GEOMETRIC_PRESENTATION_REPRESENTATION (  '', ( #2337 ), #1511 ) ;
#1879 = DIRECTION ( 'NONE',  ( 0.000000000000000000, 0.000000000000000000, 1.000000000000000000 ) ) ;
#1880 =( GEOMETRIC_REPRESENTATION_CONTEXT ( 3 ) GLOBAL_UNCERTAINTY_ASSIGNED_CONTEXT ( ( #751 ) ) GLOBAL_UNIT_ASSIGNED_CONTEXT ( ( #183, #702, #1230 ) ) REPRESENTATION_CONTEXT ( 'NONE', 'WORKASPACE' ) );
#1881 = DIRECTION ( 'NONE',  ( 0.000000000000000000, 0.000000000000000000, 1.000000000000000000 ) ) ;
#1882 = CIRCLE ( 'NONE', #1359, 1.300000000000002487 ) ;
#1883 = ORIENTED_EDGE ( 'NONE', *, *, #272, .F. ) ;
#1884 = AXIS2_PLACEMENT_3D ( 'NONE', #2225, #561, #235 ) ;
#1885 =( LENGTH_UNIT ( ) NAMED_UNIT ( * ) SI_UNIT ( .MILLI., .METRE. ) );
#1886 = DIRECTION ( 'NONE',  ( 0.000000000000000000, 0.000000000000000000, 1.000000000000000000 ) ) ;
#1887 = CARTESIAN_POINT ( 'NONE',  ( 2.666992643977342148, 13.66700427985065858, 6.737698521805000951 ) ) ;
#1888 = SURFACE_SIDE_STYLE ('',( #1860 ) ) ;
#1889 = EDGE_CURVE ( 'NONE', #1830, #817, #980, .T. ) ;
#1890 = VERTEX_POINT ( 'NONE', #763 ) ;
#1891 =( NAMED_UNIT ( * ) SI_UNIT ( $, .STERADIAN. ) SOLID_ANGLE_UNIT ( ) );
#1892 = SURFACE_STYLE_FILL_AREA ( #1137 ) ;
#1893 = ORIENTED_EDGE ( 'NONE', *, *, #339, .T. ) ;
#1894 = CYLINDRICAL_SURFACE ( 'NONE', #706, 2.898668359260999416 ) ;
#1895 = UNCERTAINTY_MEASURE_WITH_UNIT (LENGTH_MEASURE( 1.000000000000000082E-05 ), #89, 'distance_accuracy_value', 'NONE');
#1896 = ORIENTED_EDGE ( 'NONE', *, *, #927, .F. ) ;
#1897 =( LENGTH_UNIT ( ) NAMED_UNIT ( * ) SI_UNIT ( .MILLI., .METRE. ) );
#1898 = SURFACE_STYLE_USAGE ( .BOTH. , #1908 ) ;
#1899 = ADVANCED_FACE ( 'NONE', ( #1690 ), #1315, .F. ) ;
#1900 = ORIENTED_EDGE ( 'NONE', *, *, #2253, .T. ) ;
#1901 = CARTESIAN_POINT ( 'NONE',  ( 32.50000000000000000, 1.358505322124000064E-16, -1.583842399999999984 ) ) ;
#1902 = FILL_AREA_STYLE_COLOUR ( '', #1832 ) ;
#1903 = STYLED_ITEM ( 'NONE', ( #519 ), #371 ) ;
#1904 = FACE_OUTER_BOUND ( 'NONE', #340, .T. ) ;
#1905 = STYLED_ITEM ( 'NONE', ( #645 ), #614 ) ;
#1906 = ORIENTED_EDGE ( 'NONE', *, *, #720, .F. ) ;
#1907 = MECHANICAL_DESIGN_GEOMETRIC_PRESENTATION_REPRESENTATION (  '', ( #357 ), #704 ) ;
#1908 = SURFACE_SIDE_STYLE ('',( #1675 ) ) ;
#1909 = SURFACE_STYLE_USAGE ( .BOTH. , #2250 ) ;
#1910 = MECHANICAL_DESIGN_GEOMETRIC_PRESENTATION_REPRESENTATION (  '', ( #246 ), #1355 ) ;
#1911 = ADVANCED_FACE ( 'NONE', ( #2060 ), #1338, .T. ) ;
#1912 = CIRCLE ( 'NONE', #1393, 3.001094402371998981 ) ;
#1913 = AXIS2_PLACEMENT_3D ( 'NONE', #1043, #1850, #494 ) ;
#1914 = ORIENTED_EDGE ( 'NONE', *, *, #1974, .F. ) ;
#1915 = EDGE_CURVE ( 'NONE', #249, #1044, #946, .T. ) ;
#1916 = COLOUR_RGB ( '',0.000000000000000000, 0.5019607843137254832, 0.000000000000000000 ) ;
#1917 = PRESENTATION_LAYER_ASSIGNMENT (  '', '', ( #787 ) ) ;
#1918 = PRESENTATION_LAYER_ASSIGNMENT (  '', '', ( #290 ) ) ;
#1919 =( GEOMETRIC_REPRESENTATION_CONTEXT ( 3 ) GLOBAL_UNCERTAINTY_ASSIGNED_CONTEXT ( ( #434 ) ) GLOBAL_UNIT_ASSIGNED_CONTEXT ( ( #528, #1833, #126 ) ) REPRESENTATION_CONTEXT ( 'NONE', 'WORKASPACE' ) );
#1920 = PLANE ( 'NONE',  #393 ) ;
#1921 = AXIS2_PLACEMENT_3D ( 'NONE', #1465, #550, #2041 ) ;
#1922 = UNCERTAINTY_MEASURE_WITH_UNIT (LENGTH_MEASURE( 1.000000000000000082E-05 ), #906, 'distance_accuracy_value', 'NONE');
#1923 = FILL_AREA_STYLE ('',( #307 ) ) ;
#1924 = CARTESIAN_POINT ( 'NONE',  ( -29.49890579710000438, -0.001094202898553000083, -1.583842399999999984 ) ) ;
#1925 =( NAMED_UNIT ( * ) SI_UNIT ( $, .STERADIAN. ) SOLID_ANGLE_UNIT ( ) );
#1926 = EDGE_LOOP ( 'NONE', ( #1722, #1225, #2205, #2052 ) ) ;
#1927 = FACE_OUTER_BOUND ( 'NONE', #428, .T. ) ;
#1928 = FACE_OUTER_BOUND ( 'NONE', #537, .T. ) ;
#1929 =( NAMED_UNIT ( * ) PLANE_ANGLE_UNIT ( ) SI_UNIT ( $, .RADIAN. ) );
#1930 = FILL_AREA_STYLE_COLOUR ( '', #1640 ) ;
#1931 = CARTESIAN_POINT ( 'NONE',  ( -43.00000000000000000, -0.1000000000000000056, -1.583842399999999984 ) ) ;
#1932 = SURFACE_SIDE_STYLE ('',( #639 ) ) ;
#1933 = LINE ( 'NONE', #689, #1515 ) ;
#1934 = LINE ( 'NONE', #1776, #176 ) ;
#1935 =( LENGTH_UNIT ( ) NAMED_UNIT ( * ) SI_UNIT ( .MILLI., .METRE. ) );
#1936 = DIRECTION ( 'NONE',  ( 1.000000000000000000, 0.000000000000000000, 0.000000000000000000 ) ) ;
#1937 = ORIENTED_EDGE ( 'NONE', *, *, #1222, .T. ) ;
#1938 = SURFACE_STYLE_USAGE ( .BOTH. , #1553 ) ;
#1939 = FILL_AREA_STYLE_COLOUR ( '', #552 ) ;
#1940 = EDGE_CURVE ( 'NONE', #578, #1373, #22, .T. ) ;
#1941 = VECTOR ( 'NONE', #2189, 1000.000000000000000 ) ;
#1942 =( NAMED_UNIT ( * ) PLANE_ANGLE_UNIT ( ) SI_UNIT ( $, .RADIAN. ) );
#1943 = ORIENTED_EDGE ( 'NONE', *, *, #2213, .T. ) ;
#1944 = DIRECTION ( 'NONE',  ( 0.000000000000000000, 1.000000000000000000, 0.000000000000000000 ) ) ;
#1945 = COLOUR_RGB ( '',0.000000000000000000, 0.5019607843137254832, 0.000000000000000000 ) ;
#1946 = EDGE_CURVE ( 'NONE', #1147, #241, #626, .T. ) ;
#1947 = CIRCLE ( 'NONE', #1078, 3.001094402371998981 ) ;
#1948 = FILL_AREA_STYLE ('',( #487 ) ) ;
#1949 = COLOUR_RGB ( '',0.000000000000000000, 0.5019607843137254832, 0.000000000000000000 ) ;
#1950 = VECTOR ( 'NONE', #2171, 1000.000000000000114 ) ;
#1951 = FILL_AREA_STYLE ('',( #2170 ) ) ;
#1952 = CARTESIAN_POINT ( 'NONE',  ( 41.30000000000000426, 40.00000000000000000, 0.000000000000000000 ) ) ;
#1953 = DIRECTION ( 'NONE',  ( -0.9999999999999998890, -1.192488073874366016E-08, 0.000000000000000000 ) ) ;
#1954 = AXIS2_PLACEMENT_3D ( 'NONE', #801, #1579, #1936 ) ;
#1955 = ORIENTED_EDGE ( 'NONE', *, *, #679, .T. ) ;
#1956 = CIRCLE ( 'NONE', #178, 3.001094402371998981 ) ;
#1957 = MECHANICAL_DESIGN_GEOMETRIC_PRESENTATION_REPRESENTATION (  '', ( #596 ), #938 ) ;
#1958 = FACE_OUTER_BOUND ( 'NONE', #2026, .T. ) ;
#1959 = DIRECTION ( 'NONE',  ( 0.000000000000000000, 0.000000000000000000, -1.000000000000000000 ) ) ;
#1960 =( GEOMETRIC_REPRESENTATION_CONTEXT ( 3 ) GLOBAL_UNCERTAINTY_ASSIGNED_CONTEXT ( ( #960 ) ) GLOBAL_UNIT_ASSIGNED_CONTEXT ( ( #37, #962, #1891 ) ) REPRESENTATION_CONTEXT ( 'NONE', 'WORKASPACE' ) );
#1961 =( GEOMETRIC_REPRESENTATION_CONTEXT ( 3 ) GLOBAL_UNCERTAINTY_ASSIGNED_CONTEXT ( ( #1922 ) ) GLOBAL_UNIT_ASSIGNED_CONTEXT ( ( #906, #2188, #1054 ) ) REPRESENTATION_CONTEXT ( 'NONE', 'WORKASPACE' ) );
#1962 = DIRECTION ( 'NONE',  ( 1.192488099999999771E-08, -0.9999999999999998890, 0.000000000000000000 ) ) ;
#1963 = FACE_OUTER_BOUND ( 'NONE', #1159, .T. ) ;
#1964 = EDGE_CURVE ( 'NONE', #1457, #1490, #30, .T. ) ;
#1965 = CARTESIAN_POINT ( 'NONE',  ( -28.42900729240634305, 8.333004207156584187, 6.737698521805000951 ) ) ;
#1966 = CARTESIAN_POINT ( 'NONE',  ( 2.666992707584658007, 8.333004279850657170, 6.737698521805000951 ) ) ;
#1967 = CARTESIAN_POINT ( 'NONE',  ( 28.42899264397734171, 13.66700428893741659, 6.737698521805000951 ) ) ;
#1968 = DIRECTION ( 'NONE',  ( 0.000000000000000000, 0.000000000000000000, 1.000000000000000000 ) ) ;
#1969 = ORIENTED_EDGE ( 'NONE', *, *, #546, .F. ) ;
#1970 = SURFACE_STYLE_FILL_AREA ( #1021 ) ;
#1971 = PLANE ( 'NONE',  #2141 ) ;
#1972 = DIRECTION ( 'NONE',  ( 1.000000000000000000, 1.192488099999999937E-08, 0.000000000000000000 ) ) ;
#1973 = LINE ( 'NONE', #1763, #1638 ) ;
#1974 = EDGE_CURVE ( 'NONE', #26, #1072, #1489, .T. ) ;
#1975 = CARTESIAN_POINT ( 'NONE',  ( 27.66699264397734126, 13.66700427985065858, 7.045038521805000009 ) ) ;
#1976 = EDGE_CURVE ( 'NONE', #1618, #422, #1331, .T. ) ;
#1977 = VERTEX_POINT ( 'NONE', #1412 ) ;
#1978 = ORIENTED_EDGE ( 'NONE', *, *, #1946, .T. ) ;
#1979 = DIRECTION ( 'NONE',  ( -0.9999999999999998890, -1.192488099999999771E-08, 0.000000000000000000 ) ) ;
#1980 = CARTESIAN_POINT ( 'NONE',  ( -22.33300735601365972, 13.66700427985065858, 6.737698521805000951 ) ) ;
#1981 = FILL_AREA_STYLE ('',( #907 ) ) ;
#1982 = SURFACE_STYLE_USAGE ( .BOTH. , #1082 ) ;
#1983 = CARTESIAN_POINT ( 'NONE',  ( 28.42899264397734171, 13.66700428893741659, 7.045038521805000009 ) ) ;
#1984 =( GEOMETRIC_REPRESENTATION_CONTEXT ( 3 ) GLOBAL_UNCERTAINTY_ASSIGNED_CONTEXT ( ( #2214 ) ) GLOBAL_UNIT_ASSIGNED_CONTEXT ( ( #688, #1275, #1256 ) ) REPRESENTATION_CONTEXT ( 'NONE', 'WORKASPACE' ) );
#1985 = ORIENTED_EDGE ( 'NONE', *, *, #1135, .T. ) ;
#1986 = VECTOR ( 'NONE', #2254, 1000.000000000000000 ) ;
#1987 = SURFACE_STYLE_FILL_AREA ( #557 ) ;
#1988 =( LENGTH_UNIT ( ) NAMED_UNIT ( * ) SI_UNIT ( .MILLI., .METRE. ) );
#1989 = CIRCLE ( 'NONE', #590, 0.7619999999999989004 ) ;
#1990 = ADVANCED_FACE ( 'NONE', ( #450 ), #847, .T. ) ;
#1991 = EDGE_LOOP ( 'NONE', ( #729, #42, #2385, #2 ) ) ;
#1992 = ORIENTED_EDGE ( 'NONE', *, *, #470, .F. ) ;
#1993 = VECTOR ( 'NONE', #600, 1000.000000000000114 ) ;
#1994 = STYLED_ITEM ( 'NONE', ( #1084 ), #1255 ) ;
#1995 = SURFACE_SIDE_STYLE ('',( #1609 ) ) ;
#1996 = CYLINDRICAL_SURFACE ( 'NONE', #1347, 1.300000000000002487 ) ;
#1997 = CARTESIAN_POINT ( 'NONE',  ( 28.42899270758465846, 8.333004288937416959, 7.045038521805000009 ) ) ;
#1998 = CIRCLE ( 'NONE', #974, 0.7619999999999997886 ) ;
#1999 = MECHANICAL_DESIGN_GEOMETRIC_PRESENTATION_REPRESENTATION (  '', ( #1360 ), #2343 ) ;
#2000 =( NAMED_UNIT ( * ) SI_UNIT ( $, .STERADIAN. ) SOLID_ANGLE_UNIT ( ) );
#2001 = MECHANICAL_DESIGN_GEOMETRIC_PRESENTATION_REPRESENTATION (  '', ( #290 ), #865 ) ;
#2002 = PRESENTATION_LAYER_ASSIGNMENT (  '', '', ( #1132 ) ) ;
#2003 = VERTEX_POINT ( 'NONE', #630 ) ;
#2004 = CARTESIAN_POINT ( 'NONE',  ( 27.66699270758465801, 8.333004279850657170, 6.737698521805000951 ) ) ;
#2005 = CARTESIAN_POINT ( 'NONE',  ( -40.00000000000000000, 40.00000000000000000, -1.583842399999999984 ) ) ;
#2006 = ORIENTED_EDGE ( 'NONE', *, *, #44, .T. ) ;
#2007 = ORIENTED_EDGE ( 'NONE', *, *, #272, .T. ) ;
#2008 = FILL_AREA_STYLE_COLOUR ( '', #520 ) ;
#2009 = DIRECTION ( 'NONE',  ( -0.9999999999999998890, -1.192488099999999771E-08, 0.000000000000000000 ) ) ;
#2010 = DIRECTION ( 'NONE',  ( 0.000000000000000000, 0.000000000000000000, 1.000000000000000000 ) ) ;
#2011 = ORIENTED_EDGE ( 'NONE', *, *, #1327, .T. ) ;
#2012 = ORIENTED_EDGE ( 'NONE', *, *, #1348, .T. ) ;
#2013 = DIRECTION ( 'NONE',  ( -0.9999999999999998890, -1.192488073874368167E-08, 0.000000000000000000 ) ) ;
#2014 = LINE ( 'NONE', #1423, #859 ) ;
#2015 = ORIENTED_EDGE ( 'NONE', *, *, #897, .T. ) ;
#2016 = CARTESIAN_POINT ( 'NONE',  ( -28.42900735601365980, 13.66700420715658382, 6.737698521805000951 ) ) ;
#2017 = DIRECTION ( 'NONE',  ( 0.000000000000000000, 0.000000000000000000, 1.000000000000000000 ) ) ;
#2018 = EDGE_CURVE ( 'NONE', #168, #1855, #1934, .T. ) ;
#2019 = CARTESIAN_POINT ( 'NONE',  ( 27.66699263489058325, 14.42900427985065903, 6.737698521805000951 ) ) ;
#2020 = UNCERTAINTY_MEASURE_WITH_UNIT (LENGTH_MEASURE( 1.000000000000000082E-05 ), #2143, 'distance_accuracy_value', 'NONE');
#2021 = EDGE_CURVE ( 'NONE', #508, #658, #1973, .T. ) ;
#2022 = VERTEX_POINT ( 'NONE', #106 ) ;
#2023 = DIRECTION ( 'NONE',  ( 0.000000000000000000, 0.000000000000000000, 1.000000000000000000 ) ) ;
#2024 = AXIS2_PLACEMENT_3D ( 'NONE', #1931, #2103, #274 ) ;
#2025 = AXIS2_PLACEMENT_3D ( 'NONE', #49, #949, #1695 ) ;
#2026 = EDGE_LOOP ( 'NONE', ( #597, #896, #2244, #267 ) ) ;
#2027 = DIRECTION ( 'NONE',  ( 0.000000000000000000, 0.000000000000000000, -1.000000000000000000 ) ) ;
#2028 = CIRCLE ( 'NONE', #967, 3.001094402371998981 ) ;
#2029 = PRESENTATION_STYLE_ASSIGNMENT (( #730 ) ) ;
#2030 = CARTESIAN_POINT ( 'NONE',  ( -43.00000000000000000, -0.1000000000000000056, -1.583842399999999984 ) ) ;
#2031 = MECHANICAL_DESIGN_GEOMETRIC_PRESENTATION_REPRESENTATION (  '', ( #819 ), #1127 ) ;
#2032 = VECTOR ( 'NONE', #1405, 1000.000000000000000 ) ;
#2033 = CYLINDRICAL_SURFACE ( 'NONE', #598, 1.300000000000002487 ) ;
#2034 = SURFACE_STYLE_USAGE ( .BOTH. , #167 ) ;
#2035 = ORIENTED_EDGE ( 'NONE', *, *, #1411, .F. ) ;
#2036 =( GEOMETRIC_REPRESENTATION_CONTEXT ( 3 ) GLOBAL_UNCERTAINTY_ASSIGNED_CONTEXT ( ( #2240 ) ) GLOBAL_UNIT_ASSIGNED_CONTEXT ( ( #10, #343, #1616 ) ) REPRESENTATION_CONTEXT ( 'NONE', 'WORKASPACE' ) );
#2037 = CIRCLE ( 'NONE', #403, 3.001094402371998981 ) ;
#2038 = STYLED_ITEM ( 'NONE', ( #665 ), #2316 ) ;
#2039 =( GEOMETRIC_REPRESENTATION_CONTEXT ( 3 ) GLOBAL_UNCERTAINTY_ASSIGNED_CONTEXT ( ( #2020 ) ) GLOBAL_UNIT_ASSIGNED_CONTEXT ( ( #2143, #1587, #310 ) ) REPRESENTATION_CONTEXT ( 'NONE', 'WORKASPACE' ) );
#2040 = EDGE_CURVE ( 'NONE', #523, #2221, #823, .T. ) ;
#2041 = DIRECTION ( 'NONE',  ( 0.0004595029821752154861, -0.9999998944284991254, 0.000000000000000000 ) ) ;
#2042 = ORIENTED_EDGE ( 'NONE', *, *, #1915, .F. ) ;
#2043 = DIRECTION ( 'NONE',  ( -1.192488099999999771E-08, 0.9999999999999998890, 0.000000000000000000 ) ) ;
#2044 = CARTESIAN_POINT ( 'NONE',  ( -40.00000000000000000, 40.00000000000000000, -1.583842399999999984 ) ) ;
#2045 = LINE ( 'NONE', #191, #211 ) ;
#2046 = CARTESIAN_POINT ( 'NONE',  ( 2.666992716671416908, 7.571004279850657603, 7.045038521805000009 ) ) ;
#2047 = UNCERTAINTY_MEASURE_WITH_UNIT (LENGTH_MEASURE( 1.000000000000000082E-05 ), #1885, 'distance_accuracy_value', 'NONE');
#2048 = ORIENTED_EDGE ( 'NONE', *, *, #443, .F. ) ;
#2049 = DIRECTION ( 'NONE',  ( 0.000000000000000000, 0.000000000000000000, 1.000000000000000000 ) ) ;
#2050 = DIRECTION ( 'NONE',  ( 0.000000000000000000, 0.000000000000000000, 1.000000000000000000 ) ) ;
#2051 = ADVANCED_FACE ( 'NONE', ( #1401 ), #666, .F. ) ;
#2052 = ORIENTED_EDGE ( 'NONE', *, *, #2302, .T. ) ;
#2053 = EDGE_CURVE ( 'NONE', #516, #2328, #989, .T. ) ;
#2054 = SURFACE_STYLE_USAGE ( .BOTH. , #2080 ) ;
#2055 = LINE ( 'NONE', #386, #2079 ) ;
#2056 =( LENGTH_UNIT ( ) NAMED_UNIT ( * ) SI_UNIT ( .MILLI., .METRE. ) );
#2057 = SURFACE_STYLE_USAGE ( .BOTH. , #1310 ) ;
#2058 = ORIENTED_EDGE ( 'NONE', *, *, #1715, .T. ) ;
#2059 = CARTESIAN_POINT ( 'NONE',  ( 27.66699271667141957, 7.571004279850657603, 6.737698521805000951 ) ) ;
#2060 = FACE_OUTER_BOUND ( 'NONE', #691, .T. ) ;
#2061 = EDGE_LOOP ( 'NONE', ( #2086, #2269, #82, #442 ) ) ;
#2062 = CARTESIAN_POINT ( 'NONE',  ( 28.42899270758465846, 8.333004288937416959, 6.737698521805000951 ) ) ;
#2063 = CIRCLE ( 'NONE', #2025, 1.300000000000002487 ) ;
#2064 = PRODUCT_DEFINITION ( 'General', '', #903, #1494 ) ;
#2065 = LINE ( 'NONE', #398, #29 ) ;
#2066 = CARTESIAN_POINT ( 'NONE',  ( 21.57099270758465792, 8.333004207156584187, 6.737698521805000951 ) ) ;
#2067 = DIRECTION ( 'NONE',  ( 0.0004595029821752154861, -0.9999998944284991254, 0.000000000000000000 ) ) ;
#2068 = CIRCLE ( 'NONE', #1385, 2.898668359260997640 ) ;
#2069 = PRESENTATION_LAYER_ASSIGNMENT (  '', '', ( #93 ) ) ;
#2070 = DIRECTION ( 'NONE',  ( 0.000000000000000000, 0.000000000000000000, 1.000000000000000000 ) ) ;
#2071 = UNCERTAINTY_MEASURE_WITH_UNIT (LENGTH_MEASURE( 1.000000000000000082E-05 ), #2368, 'distance_accuracy_value', 'NONE');
#2072 = ORIENTED_EDGE ( 'NONE', *, *, #1687, .F. ) ;
#2073 = PRESENTATION_LAYER_ASSIGNMENT (  '', '', ( #934 ) ) ;
#2074 = STYLED_ITEM ( 'NONE', ( #2264 ), #2232 ) ;
#2075 = AXIS2_PLACEMENT_3D ( 'NONE', #1924, #988, #998 ) ;
#2076 = CIRCLE ( 'NONE', #1679, 3.001094402371998981 ) ;
#2077 = PRESENTATION_LAYER_ASSIGNMENT (  '', '', ( #1247 ) ) ;
#2078 = ORIENTED_EDGE ( 'NONE', *, *, #826, .T. ) ;
#2079 = VECTOR ( 'NONE', #1858, 1000.000000000000114 ) ;
#2080 = SURFACE_SIDE_STYLE ('',( #1500 ) ) ;
#2081 = DIRECTION ( 'NONE',  ( 0.000000000000000000, 0.000000000000000000, 1.000000000000000000 ) ) ;
#2082 = CARTESIAN_POINT ( 'NONE',  ( -43.00000000000000000, -0.1000000000000000056, 0.000000000000000000 ) ) ;
#2083 = EDGE_LOOP ( 'NONE', ( #1339, #1824, #2042, #334 ) ) ;
#2084 = ADVANCED_FACE ( 'NONE', ( #170 ), #549, .T. ) ;
#2085 = SURFACE_STYLE_USAGE ( .BOTH. , #218 ) ;
#2086 = ORIENTED_EDGE ( 'NONE', *, *, #577, .T. ) ;
#2087 = CARTESIAN_POINT ( 'NONE',  ( -40.00000000000000000, 0.000000000000000000, -1.583842399999999984 ) ) ;
#2088 = CARTESIAN_POINT ( 'NONE',  ( -22.33300736510041773, 14.42900427985065903, 7.045038521805000009 ) ) ;
#2089 = CARTESIAN_POINT ( 'NONE',  ( -29.50000000000000000, 3.000000000000000000, -1.583842399999999984 ) ) ;
#2090 = DIRECTION ( 'NONE',  ( 0.9999999999999998890, 1.192488099999999771E-08, 0.000000000000000000 ) ) ;
#2091 = UNCERTAINTY_MEASURE_WITH_UNIT (LENGTH_MEASURE( 1.000000000000000082E-05 ), #1177, 'distance_accuracy_value', 'NONE');
#2092 = EDGE_CURVE ( 'NONE', #1373, #578, #59, .T. ) ;
#2093 = VERTEX_POINT ( 'NONE', #1440 ) ;
#2094 = CARTESIAN_POINT ( 'NONE',  ( -40.00000000000000000, 0.000000000000000000, -1.583842399999999984 ) ) ;
#2095 = EDGE_CURVE ( 'NONE', #2003, #770, #1956, .T. ) ;
#2096 =( LENGTH_UNIT ( ) NAMED_UNIT ( * ) SI_UNIT ( .MILLI., .METRE. ) );
#2097 = ORIENTED_EDGE ( 'NONE', *, *, #1421, .T. ) ;
#2098 = FACE_OUTER_BOUND ( 'NONE', #2083, .T. ) ;
#2099 = SURFACE_SIDE_STYLE ('',( #1175 ) ) ;
#2100 = CIRCLE ( 'NONE', #1630, 1.300000000000002487 ) ;
#2101 =( NAMED_UNIT ( * ) PLANE_ANGLE_UNIT ( ) SI_UNIT ( $, .RADIAN. ) );
#2102 = FILL_AREA_STYLE_COLOUR ( '', #1801 ) ;
#2103 = DIRECTION ( 'NONE',  ( -1.000000000000000000, 0.000000000000000000, 0.000000000000000000 ) ) ;
#2104 = VECTOR ( 'NONE', #2049, 1000.000000000000000 ) ;
#2105 = DIRECTION ( 'NONE',  ( 0.000000000000000000, 0.000000000000000000, 1.000000000000000000 ) ) ;
#2106 = DIRECTION ( 'NONE',  ( -0.9999999999999998890, -1.192488099999999771E-08, 0.000000000000000000 ) ) ;
#2107 = AXIS2_PLACEMENT_3D ( 'NONE', #1185, #483, #1735 ) ;
#2108 = AXIS2_PLACEMENT_3D ( 'NONE', #615, #1349, #2106 ) ;
#2109 = MECHANICAL_DESIGN_GEOMETRIC_PRESENTATION_REPRESENTATION (  '', ( #2304 ), #251 ) ;
#2110 = CARTESIAN_POINT ( 'NONE',  ( 22.33299271667141639, 7.571004216243341745, 6.737698521805000951 ) ) ;
#2111 = ORIENTED_EDGE ( 'NONE', *, *, #1531, .T. ) ;
#2112 = PRESENTATION_STYLE_ASSIGNMENT (( #1148 ) ) ;
#2113 = MECHANICAL_DESIGN_GEOMETRIC_PRESENTATION_REPRESENTATION (  '', ( #708 ), #782 ) ;
#2114 = CARTESIAN_POINT ( 'NONE',  ( 2.666992716671416908, 7.571004279850657603, 6.737698521805000951 ) ) ;
#2115 = COLOUR_RGB ( '',0.000000000000000000, 0.5019607843137254832, 0.000000000000000000 ) ;
#2116 = VECTOR ( 'NONE', #2287, 1000.000000000000000 ) ;
#2117 = DIRECTION ( 'NONE',  ( 0.000000000000000000, 0.000000000000000000, 1.000000000000000000 ) ) ;
#2118 = UNCERTAINTY_MEASURE_WITH_UNIT (LENGTH_MEASURE( 1.000000000000000082E-05 ), #1704, 'distance_accuracy_value', 'NONE');
#2119 = SURFACE_STYLE_USAGE ( .BOTH. , #612 ) ;
#2120 = DIRECTION ( 'NONE',  ( -0.9999999999999998890, -1.192488073874368167E-08, 0.000000000000000000 ) ) ;
#2121 =( NAMED_UNIT ( * ) PLANE_ANGLE_UNIT ( ) SI_UNIT ( $, .RADIAN. ) );
#2122 = EDGE_CURVE ( 'NONE', #790, #2093, #898, .T. ) ;
#2123 = ADVANCED_FACE ( 'NONE', ( #1422 ), #1232, .T. ) ;
#2124 = DIRECTION ( 'NONE',  ( 1.000000000000000000, 1.192488099999999937E-08, 0.000000000000000000 ) ) ;
#2125 =( NAMED_UNIT ( * ) SI_UNIT ( $, .STERADIAN. ) SOLID_ANGLE_UNIT ( ) );
#2126 = CARTESIAN_POINT ( 'NONE',  ( -2.667007283328583167, 7.571004216243341745, 6.737698521805000951 ) ) ;
#2127 = ORIENTED_EDGE ( 'NONE', *, *, #1067, .T. ) ;
#2128 = DIRECTION ( 'NONE',  ( -0.9999999999999998890, -1.192488073874366016E-08, 0.000000000000000000 ) ) ;
#2129 =( NAMED_UNIT ( * ) PLANE_ANGLE_UNIT ( ) SI_UNIT ( $, .RADIAN. ) );
#2130 = DIRECTION ( 'NONE',  ( 0.000000000000000000, 0.000000000000000000, 1.000000000000000000 ) ) ;
#2131 = PRESENTATION_STYLE_ASSIGNMENT (( #1413 ) ) ;
#2132 = ORIENTED_EDGE ( 'NONE', *, *, #531, .F. ) ;
#2133 = ORIENTED_EDGE ( 'NONE', *, *, #2092, .F. ) ;
#2134 = CARTESIAN_POINT ( 'NONE',  ( -32.50000000000000000, 3.653761321276000182E-17, -1.583842399999999984 ) ) ;
#2135 = PRODUCT_RELATED_PRODUCT_CATEGORY ( 'part', '', ( #1435 ) ) ;
#2136 = CIRCLE ( 'NONE', #1741, 0.7620000000000005658 ) ;
#2137 = FACE_OUTER_BOUND ( 'NONE', #878, .T. ) ;
#2138 = AXIS2_PLACEMENT_3D ( 'NONE', #1513, #2027, #359 ) ;
#2139 = CYLINDRICAL_SURFACE ( 'NONE', #783, 0.7619999999999989004 ) ;
#2140 = DIRECTION ( 'NONE',  ( 0.000000000000000000, 0.000000000000000000, 1.000000000000000000 ) ) ;
#2141 = AXIS2_PLACEMENT_3D ( 'NONE', #1031, #1217, #1728 ) ;
#2142 = CIRCLE ( 'NONE', #1086, 1.300000000000002487 ) ;
#2143 =( LENGTH_UNIT ( ) NAMED_UNIT ( * ) SI_UNIT ( .MILLI., .METRE. ) );
#2144 = VECTOR ( 'NONE', #207, 1000.000000000000000 ) ;
#2145 = PRESENTATION_LAYER_ASSIGNMENT (  '', '', ( #2304 ) ) ;
#2146 = ORIENTED_EDGE ( 'NONE', *, *, #1655, .F. ) ;
#2147 = VECTOR ( 'NONE', #2023, 1000.000000000000000 ) ;
#2148 = VERTEX_POINT ( 'NONE', #1825 ) ;
#2149 = FACE_BOUND ( 'NONE', #1238, .T. ) ;
#2150 = FILL_AREA_STYLE_COLOUR ( '', #287 ) ;
#2151 = MECHANICAL_DESIGN_GEOMETRIC_PRESENTATION_REPRESENTATION (  '', ( #787 ), #941 ) ;
#2152 = SURFACE_STYLE_FILL_AREA ( #1923 ) ;
#2153 = AXIS2_PLACEMENT_3D ( 'NONE', #2338, #2158, #1746 ) ;
#2154 = CARTESIAN_POINT ( 'NONE',  ( 3.428992707584658017, 8.333004288937416959, 6.737698521805000951 ) ) ;
#2155 = DIRECTION ( 'NONE',  ( 1.000000000000000000, 0.000000000000000000, 0.000000000000000000 ) ) ;
#2156 = EDGE_CURVE ( 'NONE', #1018, #1890, #1882, .T. ) ;
#2157 = SURFACE_STYLE_USAGE ( .BOTH. , #1743 ) ;
#2158 = DIRECTION ( 'NONE',  ( 0.000000000000000000, 0.000000000000000000, -1.000000000000000000 ) ) ;
#2159 = DIRECTION ( 'NONE',  ( 1.192488073874366678E-08, -0.9999999999999998890, 0.000000000000000000 ) ) ;
#2160 = SURFACE_STYLE_FILL_AREA ( #121 ) ;
#2161 = ORIENTED_EDGE ( 'NONE', *, *, #109, .F. ) ;
#2162 = CARTESIAN_POINT ( 'NONE',  ( -2.667007283328583167, 7.571004216243341745, 6.737698521805000951 ) ) ;
#2163 = FILL_AREA_STYLE ('',( #1409 ) ) ;
#2164 = DIRECTION ( 'NONE',  ( 0.9999999999999998890, 1.192488073874368167E-08, 0.000000000000000000 ) ) ;
#2165 =( NAMED_UNIT ( * ) PLANE_ANGLE_UNIT ( ) SI_UNIT ( $, .RADIAN. ) );
#2166 = SURFACE_STYLE_FILL_AREA ( #349 ) ;
#2167 = PLANE ( 'NONE',  #1913 ) ;
#2168 = EDGE_CURVE ( 'NONE', #204, #508, #1998, .T. ) ;
#2169 =( NAMED_UNIT ( * ) SI_UNIT ( $, .STERADIAN. ) SOLID_ANGLE_UNIT ( ) );
#2170 = FILL_AREA_STYLE_COLOUR ( '', #101 ) ;
#2171 = DIRECTION ( 'NONE',  ( 0.9999999999999998890, 1.192488099999999771E-08, 0.000000000000000000 ) ) ;
#2172 = EDGE_LOOP ( 'NONE', ( #319, #1660, #1486, #1688 ) ) ;
#2173 = FACE_OUTER_BOUND ( 'NONE', #1075, .T. ) ;
#2174 =( NAMED_UNIT ( * ) PLANE_ANGLE_UNIT ( ) SI_UNIT ( $, .RADIAN. ) );
#2175 = VERTEX_POINT ( 'NONE', #932 ) ;
#2176 = DIRECTION ( 'NONE',  ( 0.9999999999999998890, 1.192488099999999771E-08, 0.000000000000000000 ) ) ;
#2177 = ORIENTED_EDGE ( 'NONE', *, *, #577, .F. ) ;
#2178 =( GEOMETRIC_REPRESENTATION_CONTEXT ( 3 ) GLOBAL_UNCERTAINTY_ASSIGNED_CONTEXT ( ( #2259 ) ) GLOBAL_UNIT_ASSIGNED_CONTEXT ( ( #2056, #409, #2237 ) ) REPRESENTATION_CONTEXT ( 'NONE', 'WORKASPACE' ) );
#2179 = CARTESIAN_POINT ( 'NONE',  ( -41.30000000000000426, -1.592040838891555891E-16, -1.583842399999999984 ) ) ;
#2180 = CIRCLE ( 'NONE', #2295, 0.7619999999999997886 ) ;
#2181 = COLOUR_RGB ( '',0.8196078431372548767, 0.7019607843137254388, 0.4313725490196078649 ) ;
#2182 = ORIENTED_EDGE ( 'NONE', *, *, #499, .T. ) ;
#2183 = ORIENTED_EDGE ( 'NONE', *, *, #1298, .T. ) ;
#2184 =( NAMED_UNIT ( * ) PLANE_ANGLE_UNIT ( ) SI_UNIT ( $, .RADIAN. ) );
#2185 =( GEOMETRIC_REPRESENTATION_CONTEXT ( 3 ) GLOBAL_UNCERTAINTY_ASSIGNED_CONTEXT ( ( #795 ) ) GLOBAL_UNIT_ASSIGNED_CONTEXT ( ( #1567, #1375, #303 ) ) REPRESENTATION_CONTEXT ( 'NONE', 'WORKASPACE' ) );
#2186 = AXIS2_PLACEMENT_3D ( 'NONE', #2005, #707, #344 ) ;
#2187 = PRESENTATION_LAYER_ASSIGNMENT (  '', '', ( #1438 ) ) ;
#2188 =( NAMED_UNIT ( * ) PLANE_ANGLE_UNIT ( ) SI_UNIT ( $, .RADIAN. ) );
#2189 = DIRECTION ( 'NONE',  ( 0.000000000000000000, 1.000000000000000000, 0.000000000000000000 ) ) ;
#2190 = CARTESIAN_POINT ( 'NONE',  ( 2.666992634890583247, 14.42900427985065903, 7.045038521805000009 ) ) ;
#2191 = PRESENTATION_LAYER_ASSIGNMENT (  '', '', ( #1480 ) ) ;
#2192 = CIRCLE ( 'NONE', #1129, 3.001094402371998981 ) ;
#2193 = CARTESIAN_POINT ( 'NONE',  ( -40.00000000000000000, 43.00000000000000000, -1.583842399999999984 ) ) ;
#2194 = COLOUR_RGB ( '',0.000000000000000000, 0.5019607843137254832, 0.000000000000000000 ) ;
#2195 = ORIENTED_EDGE ( 'NONE', *, *, #427, .T. ) ;
#2196 = FILL_AREA_STYLE_COLOUR ( '', #2381 ) ;
#2197 = EDGE_CURVE ( 'NONE', #1051, #523, #2076, .T. ) ;
#2198 = VERTEX_POINT ( 'NONE', #586 ) ;
#2199 = DIRECTION ( 'NONE',  ( 0.000000000000000000, 0.000000000000000000, 1.000000000000000000 ) ) ;
#2200 = ADVANCED_FACE ( 'NONE', ( #416 ), #754, .T. ) ;
#2201 = SURFACE_SIDE_STYLE ('',( #336 ) ) ;
#2202 = FACE_OUTER_BOUND ( 'NONE', #237, .T. ) ;
#2203 = PRESENTATION_STYLE_ASSIGNMENT (( #1099 ) ) ;
#2204 = DIRECTION ( 'NONE',  ( 0.000000000000000000, 0.000000000000000000, 1.000000000000000000 ) ) ;
#2205 = ORIENTED_EDGE ( 'NONE', *, *, #169, .F. ) ;
#2206 = DIRECTION ( 'NONE',  ( 0.000000000000000000, 0.000000000000000000, 1.000000000000000000 ) ) ;
#2207 = DIRECTION ( 'NONE',  ( 0.000000000000000000, 0.000000000000000000, -1.000000000000000000 ) ) ;
#2208 = ORIENTED_EDGE ( 'NONE', *, *, #755, .F. ) ;
#2209 = CARTESIAN_POINT ( 'NONE',  ( 40.09999999999999432, -3.000000000000000000, -1.583842399999999984 ) ) ;
#2210 =( NAMED_UNIT ( * ) PLANE_ANGLE_UNIT ( ) SI_UNIT ( $, .RADIAN. ) );
#2211 = FILL_AREA_STYLE_COLOUR ( '', #886 ) ;
#2212 = FILL_AREA_STYLE ('',( #1460 ) ) ;
#2213 = EDGE_CURVE ( 'NONE', #1387, #1698, #1555, .T. ) ;
#2214 = UNCERTAINTY_MEASURE_WITH_UNIT (LENGTH_MEASURE( 1.000000000000000082E-05 ), #688, 'distance_accuracy_value', 'NONE');
#2215 = ORIENTED_EDGE ( 'NONE', *, *, #662, .T. ) ;
#2216 = DIRECTION ( 'NONE',  ( 0.000000000000000000, 0.000000000000000000, 1.000000000000000000 ) ) ;
#2217 = VECTOR ( 'NONE', #1459, 1000.000000000000000 ) ;
#2218 = DIRECTION ( 'NONE',  ( 0.000000000000000000, 0.000000000000000000, 1.000000000000000000 ) ) ;
#2219 = PRESENTATION_LAYER_ASSIGNMENT (  '', '', ( #849 ) ) ;
#2220 = CIRCLE ( 'NONE', #548, 1.300000000000002487 ) ;
#2221 = VERTEX_POINT ( 'NONE', #228 ) ;
#2222 = CARTESIAN_POINT ( 'NONE',  ( -35.50000000000000000, -3.000000000000000000, -1.583842399999999984 ) ) ;
#2223 = STYLED_ITEM ( 'NONE', ( #834 ), #792 ) ;
#2224 = LINE ( 'NONE', #2066, #1037 ) ;
#2225 = CARTESIAN_POINT ( 'NONE',  ( 0.000000000000000000, 0.000000000000000000, 0.000000000000000000 ) ) ;
#2226 = DIRECTION ( 'NONE',  ( 0.000000000000000000, 0.000000000000000000, 1.000000000000000000 ) ) ;
#2227 = EDGE_CURVE ( 'NONE', #882, #1121, #952, .T. ) ;
#2228 = ORIENTED_EDGE ( 'NONE', *, *, #1528, .F. ) ;
#2229 = CARTESIAN_POINT ( 'NONE',  ( 2.666992707584658007, 8.333004279850657170, 7.045038521805000009 ) ) ;
#2230 = VECTOR ( 'NONE', #155, 1000.000000000000000 ) ;
#2231 = AXIS2_PLACEMENT_3D ( 'NONE', #276, #1384, #1805 ) ;
#2232 = ADVANCED_FACE ( 'NONE', ( #575 ), #2249, .F. ) ;
#2233 = DIRECTION ( 'NONE',  ( -0.9999999335329464722, 0.0003646012926752482280, 0.000000000000000000 ) ) ;
#2234 = ORIENTED_EDGE ( 'NONE', *, *, #1411, .T. ) ;
#2235 = DIRECTION ( 'NONE',  ( -0.9999999999999998890, -1.192488099999999771E-08, 0.000000000000000000 ) ) ;
#2236 =( NAMED_UNIT ( * ) SI_UNIT ( $, .STERADIAN. ) SOLID_ANGLE_UNIT ( ) );
#2237 =( NAMED_UNIT ( * ) SI_UNIT ( $, .STERADIAN. ) SOLID_ANGLE_UNIT ( ) );
#2238 = FACE_OUTER_BOUND ( 'NONE', #1865, .T. ) ;
#2239 = LINE ( 'NONE', #1671, #1556 ) ;
#2240 = UNCERTAINTY_MEASURE_WITH_UNIT (LENGTH_MEASURE( 1.000000000000000082E-05 ), #10, 'distance_accuracy_value', 'NONE');
#2241 = ORIENTED_EDGE ( 'NONE', *, *, #1687, .T. ) ;
#2242 = FILL_AREA_STYLE ('',( #1330 ) ) ;
#2243 = EDGE_CURVE ( 'NONE', #280, #913, #252, .T. ) ;
#2244 = ORIENTED_EDGE ( 'NONE', *, *, #286, .F. ) ;
#2245 = LINE ( 'NONE', #1293, #2116 ) ;
#2246 = CARTESIAN_POINT ( 'NONE',  ( -27.66700728331958459, 7.571004216243341745, 6.737698521805000951 ) ) ;
#2247 = CARTESIAN_POINT ( 'NONE',  ( -40.09999999999999432, -3.000000000000000000, -1.583842399999999984 ) ) ;
#2248 = ORIENTED_EDGE ( 'NONE', *, *, #1145, .T. ) ;
#2249 = CYLINDRICAL_SURFACE ( 'NONE', #1400, 1.300000000000002487 ) ;
#2250 = SURFACE_SIDE_STYLE ('',( #417 ) ) ;
#2251 = ORIENTED_EDGE ( 'NONE', *, *, #1614, .T. ) ;
#2252 = MECHANICAL_DESIGN_GEOMETRIC_PRESENTATION_REPRESENTATION (  '', ( #1905 ), #1157 ) ;
#2253 = EDGE_CURVE ( 'NONE', #204, #1852, #1721, .T. ) ;
#2254 = DIRECTION ( 'NONE',  ( 0.000000000000000000, 0.000000000000000000, 1.000000000000000000 ) ) ;
#2255 =( NAMED_UNIT ( * ) SI_UNIT ( $, .STERADIAN. ) SOLID_ANGLE_UNIT ( ) );
#2256 = COLOUR_RGB ( '',0.8196078431372548767, 0.7019607843137254388, 0.4313725490196078649 ) ;
#2257 =( GEOMETRIC_REPRESENTATION_CONTEXT ( 3 ) GLOBAL_UNCERTAINTY_ASSIGNED_CONTEXT ( ( #2071 ) ) GLOBAL_UNIT_ASSIGNED_CONTEXT ( ( #2368, #1658, #1081 ) ) REPRESENTATION_CONTEXT ( 'NONE', 'WORKASPACE' ) );
#2258 = SURFACE_STYLE_FILL_AREA ( #350 ) ;
#2259 = UNCERTAINTY_MEASURE_WITH_UNIT (LENGTH_MEASURE( 1.000000000000000082E-05 ), #2056, 'distance_accuracy_value', 'NONE');
#2260 = ORIENTED_EDGE ( 'NONE', *, *, #1761, .F. ) ;
#2261 = PRESENTATION_STYLE_ASSIGNMENT (( #1122 ) ) ;
#2262 = COLOUR_RGB ( '',0.8196078431372548767, 0.7019607843137254388, 0.4313725490196078649 ) ;
#2263 = VECTOR ( 'NONE', #1724, 1000.000000000000000 ) ;
#2264 = PRESENTATION_STYLE_ASSIGNMENT (( #2085 ) ) ;
#2265 = VECTOR ( 'NONE', #1221, 1000.000000000000000 ) ;
#2266 = CARTESIAN_POINT ( 'NONE',  ( -28.42900735601365980, 13.66700420715658382, 7.045038521805000009 ) ) ;
#2267 =( GEOMETRIC_REPRESENTATION_CONTEXT ( 3 ) GLOBAL_UNCERTAINTY_ASSIGNED_CONTEXT ( ( #248 ) ) GLOBAL_UNIT_ASSIGNED_CONTEXT ( ( #2314, #640, #1573 ) ) REPRESENTATION_CONTEXT ( 'NONE', 'WORKASPACE' ) );
#2268 =( GEOMETRIC_REPRESENTATION_CONTEXT ( 3 ) GLOBAL_UNCERTAINTY_ASSIGNED_CONTEXT ( ( #1521 ) ) GLOBAL_UNIT_ASSIGNED_CONTEXT ( ( #112, #1165, #1756 ) ) REPRESENTATION_CONTEXT ( 'NONE', 'WORKASPACE' ) );
#2269 = ORIENTED_EDGE ( 'NONE', *, *, #922, .T. ) ;
#2270 = MECHANICAL_DESIGN_GEOMETRIC_PRESENTATION_REPRESENTATION (  '', ( #1132 ), #2039 ) ;
#2271 = FILL_AREA_STYLE ('',( #376 ) ) ;
#2272 = EDGE_CURVE ( 'NONE', #779, #1353, #997, .T. ) ;
#2273 = EDGE_LOOP ( 'NONE', ( #370, #304, #1361, #618 ) ) ;
#2274 = CARTESIAN_POINT ( 'NONE',  ( -21.57100735601365926, 13.66700428893741659, 6.737698521805000951 ) ) ;
#2275 = DIRECTION ( 'NONE',  ( 0.000000000000000000, 0.000000000000000000, -1.000000000000000000 ) ) ;
#2276 = ADVANCED_FACE ( 'NONE', ( #2137 ), #1364, .T. ) ;
#2277 = ORIENTED_EDGE ( 'NONE', *, *, #541, .F. ) ;
#2278 = ORIENTED_EDGE ( 'NONE', *, *, #399, .T. ) ;
#2279 = CARTESIAN_POINT ( 'NONE',  ( -22.33300728331958496, 7.571004279850657603, 6.737698521805000951 ) ) ;
#2280 = FILL_AREA_STYLE ('',( #1369 ) ) ;
#2281 = DIRECTION ( 'NONE',  ( 0.000000000000000000, 0.000000000000000000, -1.000000000000000000 ) ) ;
#2282 = CARTESIAN_POINT ( 'NONE',  ( -21.57100729240634251, 8.333004288937416959, 6.737698521805000951 ) ) ;
#2283 = UNCERTAINTY_MEASURE_WITH_UNIT (LENGTH_MEASURE( 1.000000000000000082E-05 ), #581, 'distance_accuracy_value', 'NONE');
#2284 = ORIENTED_EDGE ( 'NONE', *, *, #1976, .F. ) ;
#2285 = CARTESIAN_POINT ( 'NONE',  ( 40.09999999999999432, -3.000000000000000000, 0.000000000000000000 ) ) ;
#2286 = PRESENTATION_STYLE_ASSIGNMENT (( #2315 ) ) ;
#2287 = DIRECTION ( 'NONE',  ( 0.000000000000000000, 0.000000000000000000, -1.000000000000000000 ) ) ;
#2288 = ORIENTED_EDGE ( 'NONE', *, *, #1976, .T. ) ;
#2289 = DIRECTION ( 'NONE',  ( 0.000000000000000000, 0.000000000000000000, 1.000000000000000000 ) ) ;
#2290 = SURFACE_STYLE_USAGE ( .BOTH. , #655 ) ;
#2291 = PRESENTATION_LAYER_ASSIGNMENT (  '', '', ( #1628 ) ) ;
#2292 =( LENGTH_UNIT ( ) NAMED_UNIT ( * ) SI_UNIT ( .MILLI., .METRE. ) );
#2293 = PRESENTATION_STYLE_ASSIGNMENT (( #1358 ) ) ;
#2294 = SURFACE_SIDE_STYLE ('',( #1557 ) ) ;
#2295 = AXIS2_PLACEMENT_3D ( 'NONE', #40, #232, #1307 ) ;
#2296 = LINE ( 'NONE', #1166, #166 ) ;
#2297 = SURFACE_STYLE_USAGE ( .BOTH. , #1932 ) ;
#2298 = PLANE ( 'NONE',  #1758 ) ;
#2299 = EDGE_CURVE ( 'NONE', #1138, #796, #486, .T. ) ;
#2300 = DIRECTION ( 'NONE',  ( 0.000000000000000000, 0.000000000000000000, 1.000000000000000000 ) ) ;
#2301 = AXIS2_PLACEMENT_3D ( 'NONE', #432, #1959, #297 ) ;
#2302 = EDGE_CURVE ( 'NONE', #1681, #480, #1398, .T. ) ;
#2303 = AXIS2_PLACEMENT_3D ( 'NONE', #953, #576, #392 ) ;
#2304 = STYLED_ITEM ( 'NONE', ( #1049 ), #1104 ) ;
#2305 = CARTESIAN_POINT ( 'NONE',  ( -40.00000000000000000, 43.00000000000000000, -1.583842399999999984 ) ) ;
#2306 = DIRECTION ( 'NONE',  ( 0.000000000000000000, 0.000000000000000000, 1.000000000000000000 ) ) ;
#2307 =( GEOMETRIC_REPRESENTATION_CONTEXT ( 3 ) GLOBAL_UNCERTAINTY_ASSIGNED_CONTEXT ( ( #1304 ) ) GLOBAL_UNIT_ASSIGNED_CONTEXT ( ( #58, #382, #1699 ) ) REPRESENTATION_CONTEXT ( 'NONE', 'WORKASPACE' ) );
#2308 = AXIS2_PLACEMENT_3D ( 'NONE', #2126, #1344, #623 ) ;
#2309 =( GEOMETRIC_REPRESENTATION_CONTEXT ( 3 ) GLOBAL_UNCERTAINTY_ASSIGNED_CONTEXT ( ( #943 ) ) GLOBAL_UNIT_ASSIGNED_CONTEXT ( ( #1774, #436, #613 ) ) REPRESENTATION_CONTEXT ( 'NONE', 'WORKASPACE' ) );
#2310 = CIRCLE ( 'NONE', #749, 1.300000000000002487 ) ;
#2311 = PRESENTATION_STYLE_ASSIGNMENT (( #1178 ) ) ;
#2312 = DIRECTION ( 'NONE',  ( 1.000000000000000000, 0.000000000000000000, 0.000000000000000000 ) ) ;
#2313 = FILL_AREA_STYLE ('',( #485 ) ) ;
#2314 =( LENGTH_UNIT ( ) NAMED_UNIT ( * ) SI_UNIT ( .MILLI., .METRE. ) );
#2315 = SURFACE_STYLE_USAGE ( .BOTH. , #1414 ) ;
#2316 = ADVANCED_FACE ( 'NONE', ( #1963 ), #2298, .T. ) ;
#2317 = DIRECTION ( 'NONE',  ( 0.000000000000000000, 0.000000000000000000, -1.000000000000000000 ) ) ;
#2318 = CYLINDRICAL_SURFACE ( 'NONE', #177, 0.7620000000000002327 ) ;
#2319 = VERTEX_POINT ( 'NONE', #308 ) ;
#2320 = EDGE_LOOP ( 'NONE', ( #31, #2161 ) ) ;
#2321 =( LENGTH_UNIT ( ) NAMED_UNIT ( * ) SI_UNIT ( .MILLI., .METRE. ) );
#2322 = DIRECTION ( 'NONE',  ( 1.192488099999999771E-08, -0.9999999999999998890, 0.000000000000000000 ) ) ;
#2323 =( NAMED_UNIT ( * ) SI_UNIT ( $, .STERADIAN. ) SOLID_ANGLE_UNIT ( ) );
#2324 = DIRECTION ( 'NONE',  ( 1.000000000000000000, 0.000000000000000000, 0.000000000000000000 ) ) ;
#2325 = SURFACE_STYLE_FILL_AREA ( #1578 ) ;
#2326 = PLANE ( 'NONE',  #2382 ) ;
#2327 = EDGE_LOOP ( 'NONE', ( #2011, #352, #1706, #384 ) ) ;
#2328 = VERTEX_POINT ( 'NONE', #1032 ) ;
#2329 =( NAMED_UNIT ( * ) SI_UNIT ( $, .STERADIAN. ) SOLID_ANGLE_UNIT ( ) );
#2330 = SURFACE_SIDE_STYLE ('',( #1594 ) ) ;
#2331 = CIRCLE ( 'NONE', #1586, 3.001094402371998981 ) ;
#2332 = EDGE_CURVE ( 'NONE', #2319, #1353, #1787, .T. ) ;
#2333 =( NAMED_UNIT ( * ) SI_UNIT ( $, .STERADIAN. ) SOLID_ANGLE_UNIT ( ) );
#2334 = PRESENTATION_LAYER_ASSIGNMENT (  '', '', ( #1903 ) ) ;
#2335 = CARTESIAN_POINT ( 'NONE',  ( 41.30000000000000426, 40.00000000000000000, -1.583842399999999984 ) ) ;
#2336 = CIRCLE ( 'NONE', #1316, 2.898668359260999416 ) ;
#2337 = STYLED_ITEM ( 'NONE', ( #2293 ), #996 ) ;
#2338 = CARTESIAN_POINT ( 'NONE',  ( -39.99890579710000083, 39.99890579710099558, -1.583842399999999984 ) ) ;
#2339 = CARTESIAN_POINT ( 'NONE',  ( -28.42900735601365980, 13.66700420715658382, 6.737698521805000951 ) ) ;
#2340 = VECTOR ( 'NONE', #716, 1000.000000000000114 ) ;
#2341 = ORIENTED_EDGE ( 'NONE', *, *, #1320, .F. ) ;
#2342 = STYLED_ITEM ( 'NONE', ( #1817 ), #2123 ) ;
#2343 =( GEOMETRIC_REPRESENTATION_CONTEXT ( 3 ) GLOBAL_UNCERTAINTY_ASSIGNED_CONTEXT ( ( #1895 ) ) GLOBAL_UNIT_ASSIGNED_CONTEXT ( ( #89, #1942, #1772 ) ) REPRESENTATION_CONTEXT ( 'NONE', 'WORKASPACE' ) );
#2344 = ORIENTED_EDGE ( 'NONE', *, *, #1612, .F. ) ;
#2345 = EDGE_CURVE ( 'NONE', #1855, #2003, #1532, .T. ) ;
#2346 = MECHANICAL_DESIGN_GEOMETRIC_PRESENTATION_REPRESENTATION (  '', ( #1602 ), #1443 ) ;
#2347 = CIRCLE ( 'NONE', #1168, 3.001094402371998981 ) ;
#2348 = CARTESIAN_POINT ( 'NONE',  ( -27.66700729240634260, 8.333004216243342199, 7.045038521805000009 ) ) ;
#2349 = EDGE_CURVE ( 'NONE', #1329, #790, #1933, .T. ) ;
#2350 =( NAMED_UNIT ( * ) SI_UNIT ( $, .STERADIAN. ) SOLID_ANGLE_UNIT ( ) );
#2351 = DIRECTION ( 'NONE',  ( -1.192488099999999771E-08, 0.9999999999999998890, 0.000000000000000000 ) ) ;
#2352 = CARTESIAN_POINT ( 'NONE',  ( 38.69999999999999574, -1.592040838891555891E-16, -1.583842399999999984 ) ) ;
#2353 = LINE ( 'NONE', #194, #1158 ) ;
#2354 = CARTESIAN_POINT ( 'NONE',  ( 38.69999999999999574, 40.00000000000000000, -1.583842399999999984 ) ) ;
#2355 = ORIENTED_EDGE ( 'NONE', *, *, #591, .T. ) ;
#2356 = ORIENTED_EDGE ( 'NONE', *, *, #1798, .T. ) ;
#2357 = SURFACE_STYLE_FILL_AREA ( #335 ) ;
#2358 = DIRECTION ( 'NONE',  ( 1.000000000000000000, 0.000000000000000000, 0.000000000000000000 ) ) ;
#2359 = DIRECTION ( 'NONE',  ( 0.000000000000000000, 0.000000000000000000, 1.000000000000000000 ) ) ;
#2360 = VERTEX_POINT ( 'NONE', #2019 ) ;
#2361 = SHELL_BASED_SURFACE_MODEL ( 'NONE', ( #2370, #426, #278, #11 ) );
#2362 = DIRECTION ( 'NONE',  ( 0.000000000000000000, 0.000000000000000000, 1.000000000000000000 ) ) ;
#2363 = CARTESIAN_POINT ( 'NONE',  ( 29.50000000000000000, 3.000000000000000000, 0.000000000000000000 ) ) ;
#2364 = ORIENTED_EDGE ( 'NONE', *, *, #2349, .F. ) ;
#2365 = ORIENTED_EDGE ( 'NONE', *, *, #153, .F. ) ;
#2366 = CARTESIAN_POINT ( 'NONE',  ( 2.666992634890583247, 14.42900427985065903, 6.737698521805000951 ) ) ;
#2367 = PRESENTATION_STYLE_ASSIGNMENT (( #888 ) ) ;
#2368 =( LENGTH_UNIT ( ) NAMED_UNIT ( * ) SI_UNIT ( .MILLI., .METRE. ) );
#2369 =( NAMED_UNIT ( * ) SI_UNIT ( $, .STERADIAN. ) SOLID_ANGLE_UNIT ( ) );
#2370 = OPEN_SHELL ( 'NONE', ( #2232, #1392, #1472, #2376, #1475, #1652, #7, #966, #1255, #355, #2051, #1284, #1899, #1012, #954, #515, #1351, #1266, #371, #1026, #996, #2372, #122, #614 ) ) ;
#2371 = ORIENTED_EDGE ( 'NONE', *, *, #850, .T. ) ;
#2372 = ADVANCED_FACE ( 'NONE', ( #332 ), #1613, .F. ) ;
#2373 = CARTESIAN_POINT ( 'NONE',  ( 27.66699264397734126, 13.66700427985065858, 6.737698521805000951 ) ) ;
#2374 = DIRECTION ( 'NONE',  ( 0.9999999335329464722, -0.0003646012926760806242, 0.000000000000000000 ) ) ;
#2375 = VECTOR ( 'NONE', #1368, 1000.000000000000000 ) ;
#2376 = ADVANCED_FACE ( 'NONE', ( #1648 ), #2033, .F. ) ;
#2377 = VECTOR ( 'NONE', #1779, 1000.000000000000114 ) ;
#2378 = VERTEX_POINT ( 'NONE', #2193 ) ;
#2379 = PLANE ( 'NONE',  #661 ) ;
#2380 = PRESENTATION_LAYER_ASSIGNMENT (  '', '', ( #2337 ) ) ;
#2381 = COLOUR_RGB ( '',0.8196078431372548767, 0.7019607843137254388, 0.4313725490196078649 ) ;
#2382 = AXIS2_PLACEMENT_3D ( 'NONE', #672, #1792, #1235 ) ;
#2383 =( NAMED_UNIT ( * ) SI_UNIT ( $, .STERADIAN. ) SOLID_ANGLE_UNIT ( ) );
#2384 = CARTESIAN_POINT ( 'NONE',  ( -40.10133194675000112, -0.1013319467550000130, -1.583842399999999984 ) ) ;
#2385 = ORIENTED_EDGE ( 'NONE', *, *, #1612, .T. ) ;
#2386 =( GEOMETRIC_REPRESENTATION_CONTEXT ( 3 ) GLOBAL_UNCERTAINTY_ASSIGNED_CONTEXT ( ( #2118 ) ) GLOBAL_UNIT_ASSIGNED_CONTEXT ( ( #1704, #1485, #421 ) ) REPRESENTATION_CONTEXT ( 'NONE', 'WORKASPACE' ) );
#2387 = CARTESIAN_POINT ( 'NONE',  ( -27.66700728331958459, 7.571004216243341745, 7.045038521805000009 ) ) ;
#2388 = MECHANICAL_DESIGN_GEOMETRIC_PRESENTATION_REPRESENTATION (  '', ( #632 ), #293 ) ;
#2389 = ORIENTED_EDGE ( 'NONE', *, *, #229, .T. ) ;
#2390 = SURFACE_SIDE_STYLE ('',( #372 ) ) ;
#2391 = EDGE_CURVE ( 'NONE', #523, #2198, #366, .T. ) ;
#2392 = ORIENTED_EDGE ( 'NONE', *, *, #2018, .F. ) ;
#2393 = FILL_AREA_STYLE ('',( #1342 ) ) ;
#2394 = FILL_AREA_STYLE ('',( #2008 ) ) ;
#2395 = SURFACE_STYLE_USAGE ( .BOTH. , #347 ) ;
#2396 = DIRECTION ( 'NONE',  ( 0.000000000000000000, 0.000000000000000000, -1.000000000000000000 ) ) ;
#2397 = ORIENTED_EDGE ( 'NONE', *, *, #1327, .F. ) ;
#2398 = SURFACE_SIDE_STYLE ('',( #354 ) ) ;
ENDSEC;
END-ISO-10303-21;
