ISO-10303-21;
HEADER;
FILE_DESCRIPTION (( 'STEP AP214' ),
    '1' );
FILE_NAME ('HEPI-SiO2.STEP',
    '2026-01-08T14:25:16',
    ( '' ),
    ( '' ),
    'SwSTEP 2.0',
    'SolidWorks 2024',
    '' );
FILE_SCHEMA (( 'AUTOMOTIVE_DESIGN' ));
ENDSEC;

DATA;
#1 = PRODUCT_DEFINITION ( 'UNKNOWN', '', #4958, #377 ) ;
#2 = EDGE_CURVE ( 'NONE', #4466, #7125, #7436, .T. ) ;
#3 = EDGE_LOOP ( 'NONE', ( #4467, #412, #7720, #7374 ) ) ;
#4 = ORIENTED_EDGE ( 'NONE', *, *, #1304, .F. ) ;
#5 = CARTESIAN_POINT ( 'NONE',  ( 16.00000000000000000, 0.000000000000000000, 7.950000000000000178 ) ) ;
#6 = DIRECTION ( 'NONE',  ( 1.000000000000000000, 0.000000000000000000, -0.000000000000000000 ) ) ;
#7 = CARTESIAN_POINT ( 'NONE',  ( 16.00000000000000000, 0.4999999999999995559, -9.000000000000000000 ) ) ;
#8 = EDGE_CURVE ( 'NONE', #4525, #3408, #30, .T. ) ;
#9 = ORIENTED_EDGE ( 'NONE', *, *, #3900, .F. ) ;
#10 = ORIENTED_EDGE ( 'NONE', *, *, #1584, .F. ) ;
#11 = FACE_OUTER_BOUND ( 'NONE', #5090, .T. ) ;
#12 = CARTESIAN_POINT ( 'NONE',  ( 7.864218330839943150, 0.4999999999999995559, 11.00000000000000000 ) ) ;
#13 = DIRECTION ( 'NONE',  ( 0.000000000000000000, 0.000000000000000000, 1.000000000000000000 ) ) ;
#14 = COLOUR_RGB ( '',0.7921568627450980005, 0.8196078431372548767, 0.9333333333333333481 ) ;
#15 = CARTESIAN_POINT ( 'NONE',  ( 6.769999999999997797, -3.000000000000000444, 0.000000000000000000 ) ) ;
#16 = CYLINDRICAL_SURFACE ( 'NONE', #1657, 1.500000000000000000 ) ;
#17 = ORIENTED_EDGE ( 'NONE', *, *, #6225, .F. ) ;
#18 = CIRCLE ( 'NONE', #1047, 1.499999999999999556 ) ;
#19 = FACE_OUTER_BOUND ( 'NONE', #4621, .T. ) ;
#20 = ORIENTED_EDGE ( 'NONE', *, *, #7385, .T. ) ;
#21 = CARTESIAN_POINT ( 'NONE',  ( -9.000000000000007105, 0.000000000000000000, 9.000000000000001776 ) ) ;
#22 = ADVANCED_FACE ( 'NONE', ( #1883 ), #3673, .F. ) ;
#23 = DIRECTION ( 'NONE',  ( 0.000000000000000000, 0.000000000000000000, -1.000000000000000000 ) ) ;
#24 = CARTESIAN_POINT ( 'NONE',  ( 3.700000000000000178, 2.000000000000000000, 0.000000000000000000 ) ) ;
#25 =( NAMED_UNIT ( * ) PLANE_ANGLE_UNIT ( ) SI_UNIT ( $, .RADIAN. ) );
#26 = VECTOR ( 'NONE', #6325, 1000.000000000000000 ) ;
#27 = LINE ( 'NONE', #4272, #7749 ) ;
#28 = DIRECTION ( 'NONE',  ( -0.000000000000000000, 1.000000000000000000, -0.000000000000000000 ) ) ;
#29 = ORIENTED_EDGE ( 'NONE', *, *, #2247, .T. ) ;
#30 = LINE ( 'NONE', #598, #1899 ) ;
#31 = VECTOR ( 'NONE', #7027, 1000.000000000000000 ) ;
#32 = AXIS2_PLACEMENT_3D ( 'NONE', #3260, #5784, #2788 ) ;
#33 = CARTESIAN_POINT ( 'NONE',  ( -17.50000000000000000, 7.500000000000000000, 1.500000000000001332 ) ) ;
#34 = ORIENTED_EDGE ( 'NONE', *, *, #2671, .T. ) ;
#35 = EDGE_CURVE ( 'NONE', #3928, #6103, #1357, .T. ) ;
#36 = DIRECTION ( 'NONE',  ( 1.000000000000000000, 0.000000000000000000, -1.412641267082090664E-16 ) ) ;
#37 = DIRECTION ( 'NONE',  ( 1.000000000000000000, 0.000000000000000000, 0.000000000000000000 ) ) ;
#38 = DIRECTION ( 'NONE',  ( 0.000000000000000000, 1.000000000000000000, 0.000000000000000000 ) ) ;
#39 = AXIS2_PLACEMENT_3D ( 'NONE', #7827, #6650, #7298 ) ;
#40 = VECTOR ( 'NONE', #7422, 1000.000000000000000 ) ;
#41 = DIRECTION ( 'NONE',  ( -0.000000000000000000, 1.000000000000000000, -0.000000000000000000 ) ) ;
#42 = ORIENTED_EDGE ( 'NONE', *, *, #2781, .F. ) ;
#43 = VERTEX_POINT ( 'NONE', #4916 ) ;
#44 = ORIENTED_EDGE ( 'NONE', *, *, #1280, .F. ) ;
#45 = LINE ( 'NONE', #6724, #3686 ) ;
#46 = DIRECTION ( 'NONE',  ( -0.000000000000000000, -0.000000000000000000, -1.000000000000000000 ) ) ;
#47 = CARTESIAN_POINT ( 'NONE',  ( 8.604945506379110043, 0.4999999999999995559, 9.695652173913043015 ) ) ;
#48 = DIRECTION ( 'NONE',  ( 0.000000000000000000, 0.000000000000000000, -1.000000000000000000 ) ) ;
#49 = ORIENTED_EDGE ( 'NONE', *, *, #1155, .T. ) ;
#50 = ORIENTED_EDGE ( 'NONE', *, *, #7788, .T. ) ;
#51 = CARTESIAN_POINT ( 'NONE',  ( -12.00000000000000355, 0.000000000000000000, -1.499999999999998446 ) ) ;
#52 = CARTESIAN_POINT ( 'NONE',  ( 16.00000000000000000, 7.500000000000000000, -8.199999999999997513 ) ) ;
#53 = LINE ( 'NONE', #4264, #5661 ) ;
#54 = EDGE_CURVE ( 'NONE', #5369, #522, #3631, .T. ) ;
#55 = EDGE_CURVE ( 'NONE', #5369, #5909, #6071, .T. ) ;
#56 = DIRECTION ( 'NONE',  ( 1.000000000000000000, 0.000000000000000000, 0.000000000000000000 ) ) ;
#57 = DIRECTION ( 'NONE',  ( 1.236061108696829207E-16, 0.000000000000000000, 1.000000000000000000 ) ) ;
#58 = VERTEX_POINT ( 'NONE', #4354 ) ;
#59 = DIRECTION ( 'NONE',  ( -0.000000000000000000, -0.000000000000000000, -1.000000000000000000 ) ) ;
#60 = VERTEX_POINT ( 'NONE', #6186 ) ;
#61 = VECTOR ( 'NONE', #1413, 1000.000000000000000 ) ;
#62 = LINE ( 'NONE', #587, #3523 ) ;
#63 = CARTESIAN_POINT ( 'NONE',  ( 5.999999999999999112, -1.199999999999998623, 0.000000000000000000 ) ) ;
#64 = CARTESIAN_POINT ( 'NONE',  ( -6.569999999999999396, 0.1750000000000000167, 3.070000000000000284 ) ) ;
#65 = EDGE_CURVE ( 'NONE', #7143, #5137, #6111, .T. ) ;
#66 = CARTESIAN_POINT ( 'NONE',  ( 16.00000000000000000, 0.000000000000000000, -9.000000000000000000 ) ) ;
#67 = CARTESIAN_POINT ( 'NONE',  ( 6.799999999999999822, -3.299999999999999822, -1.399999999999999911 ) ) ;
#68 = ORIENTED_EDGE ( 'NONE', *, *, #900, .T. ) ;
#69 = CIRCLE ( 'NONE', #1743, 0.2500000000000002220 ) ;
#70 = AXIS2_PLACEMENT_3D ( 'NONE', #4419, #7683, #5764 ) ;
#71 = EDGE_CURVE ( 'NONE', #2902, #7875, #5725, .T. ) ;
#72 = DIRECTION ( 'NONE',  ( -1.000000000000000000, -0.000000000000000000, -0.000000000000000000 ) ) ;
#73 = LINE ( 'NONE', #3756, #4589 ) ;
#74 = EDGE_LOOP ( 'NONE', ( #2656, #3207, #2658, #2563 ) ) ;
#75 = AXIS2_PLACEMENT_3D ( 'NONE', #4586, #1544, #938 ) ;
#76 = LINE ( 'NONE', #1200, #6907 ) ;
#77 = DIRECTION ( 'NONE',  ( 0.000000000000000000, 0.000000000000000000, 1.000000000000000000 ) ) ;
#78 = STYLED_ITEM ( 'NONE', ( #3830 ), #1203 ) ;
#79 = DIRECTION ( 'NONE',  ( 1.000000000000000000, 0.000000000000000000, 0.000000000000000000 ) ) ;
#80 = LINE ( 'NONE', #2536, #757 ) ;
#81 = ADVANCED_FACE ( 'NONE', ( #4959, #634, #1969 ), #156, .F. ) ;
#82 = ADVANCED_FACE ( 'NONE', ( #2486 ), #2602, .F. ) ;
#83 = ORIENTED_EDGE ( 'NONE', *, *, #2729, .T. ) ;
#84 = VECTOR ( 'NONE', #7717, 1000.000000000000000 ) ;
#85 = EDGE_LOOP ( 'NONE', ( #940, #3433, #4664, #364 ) ) ;
#86 = AXIS2_PLACEMENT_3D ( 'NONE', #3614, #540, #2977 ) ;
#87 = EDGE_LOOP ( 'NONE', ( #3327, #4127, #7530, #3341 ) ) ;
#88 = DIRECTION ( 'NONE',  ( -1.239088197126290817E-16, 1.000000000000000000, -0.000000000000000000 ) ) ;
#89 = CARTESIAN_POINT ( 'NONE',  ( -6.769999999999998685, 0.7500000000000000000, -3.270000000000000018 ) ) ;
#90 = COLOUR_RGB ( '',0.7921568627450980005, 0.8196078431372548767, 0.9333333333333333481 ) ;
#91 = CARTESIAN_POINT ( 'NONE',  ( -6.569999999999999396, 0.7500000000000000000, 3.070000000000000284 ) ) ;
#92 = VECTOR ( 'NONE', #751, 1000.000000000000000 ) ;
#93 = ORIENTED_EDGE ( 'NONE', *, *, #6225, .T. ) ;
#94 = APPLICATION_PROTOCOL_DEFINITION ( 'draft international standard', 'automotive_design', 1998, #173 ) ;
#95 = EDGE_LOOP ( 'NONE', ( #4841, #476, #2349, #349 ) ) ;
#96 = FACE_OUTER_BOUND ( 'NONE', #6228, .T. ) ;
#97 = DIRECTION ( 'NONE',  ( -1.236061108696829207E-16, 0.000000000000000000, -1.000000000000000000 ) ) ;
#98 = CARTESIAN_POINT ( 'NONE',  ( -1.849999999999999645, 2.000000000000000000, 0.1000000000000000056 ) ) ;
#99 = DIRECTION ( 'NONE',  ( 0.000000000000000000, -1.000000000000000000, 0.000000000000000000 ) ) ;
#100 = LINE ( 'NONE', #1832, #7909 ) ;
#101 = VERTEX_POINT ( 'NONE', #1275 ) ;
#102 = AXIS2_PLACEMENT_3D ( 'NONE', #2165, #3990, #2642 ) ;
#103 = CARTESIAN_POINT ( 'NONE',  ( -5.999999999999999112, -1.200000000000000178, 0.1000000000000000056 ) ) ;
#104 = PRODUCT_DEFINITION ( 'UNKNOWN', '', #1514, #2779 ) ;
#105 = ADVANCED_FACE ( 'NONE', ( #3712 ), #7399, .T. ) ;
#106 = VERTEX_POINT ( 'NONE', #5596 ) ;
#107 = AXIS2_PLACEMENT_3D ( 'NONE', #6815, #3059, #5539 ) ;
#108 = DIRECTION ( 'NONE',  ( 0.000000000000000000, 0.000000000000000000, -1.000000000000000000 ) ) ;
#109 = VECTOR ( 'NONE', #3097, 1000.000000000000000 ) ;
#110 = FACE_OUTER_BOUND ( 'NONE', #2169, .T. ) ;
#111 = FACE_OUTER_BOUND ( 'NONE', #286, .T. ) ;
#112 = DIRECTION ( 'NONE',  ( 0.000000000000000000, 0.000000000000000000, 1.000000000000000000 ) ) ;
#113 = DIRECTION ( 'NONE',  ( 0.000000000000000000, 1.000000000000000000, 0.000000000000000000 ) ) ;
#114 = VERTEX_POINT ( 'NONE', #2011 ) ;
#115 = AXIS2_PLACEMENT_3D ( 'NONE', #1287, #4890, #6245 ) ;
#116 = CARTESIAN_POINT ( 'NONE',  ( -12.00000000000000533, 0.000000000000000000, 1.500000000000004219 ) ) ;
#117 = EDGE_CURVE ( 'NONE', #7784, #6639, #3754, .T. ) ;
#118 = UNCERTAINTY_MEASURE_WITH_UNIT (LENGTH_MEASURE( 1.000000000000000082E-05 ), #2951, 'distance_accuracy_value', 'NONE');
#119 = CARTESIAN_POINT ( 'NONE',  ( 0.000000000000000000, 0.000000000000000000, 0.1000000000000000056 ) ) ;
#120 = VERTEX_POINT ( 'NONE', #116 ) ;
#121 = PLANE ( 'NONE',  #3075 ) ;
#122 = CARTESIAN_POINT ( 'NONE',  ( 15.49999999999999822, 0.000000000000000000, 0.2500000000000009437 ) ) ;
#123 = CARTESIAN_POINT ( 'NONE',  ( -0.4300000000000032685, -3.069999999999998952, -0.5000000000000000000 ) ) ;
#124 = CYLINDRICAL_SURFACE ( 'NONE', #5225, 1.500000000000000000 ) ;
#125 = EDGE_LOOP ( 'NONE', ( #1670, #566, #6280, #3404 ) ) ;
#126 = VERTEX_POINT ( 'NONE', #5000 ) ;
#127 = VERTEX_POINT ( 'NONE', #4398 ) ;
#128 = CARTESIAN_POINT ( 'NONE',  ( -9.500000000000005329, 0.4999999999999995559, -9.500000000000000000 ) ) ;
#129 = DIRECTION ( 'NONE',  ( 0.000000000000000000, 0.000000000000000000, 1.000000000000000000 ) ) ;
#130 = EDGE_CURVE ( 'NONE', #2093, #5609, #1554, .T. ) ;
#131 = LINE ( 'NONE', #5649, #922 ) ;
#132 = PLANE ( 'NONE',  #957 ) ;
#133 = ORIENTED_EDGE ( 'NONE', *, *, #2382, .F. ) ;
#134 = APPLICATION_PROTOCOL_DEFINITION ( 'draft international standard', 'automotive_design', 1998, #4863 ) ;
#135 = VERTEX_POINT ( 'NONE', #872 ) ;
#136 = DIRECTION ( 'NONE',  ( 1.000000000000000000, 0.000000000000000000, -0.000000000000000000 ) ) ;
#137 = CARTESIAN_POINT ( 'NONE',  ( 16.00000000000000000, 7.500000000000000000, -9.800000000000000711 ) ) ;
#138 = ADVANCED_FACE ( 'NONE', ( #2049 ), #2203, .T. ) ;
#139 = CARTESIAN_POINT ( 'NONE',  ( 16.00000000000000000, 7.500000000000000000, 8.999999999999998224 ) ) ;
#140 = CARTESIAN_POINT ( 'NONE',  ( 9.000000000000000000, 0.4999999999999995559, 9.000000000000000000 ) ) ;
#141 = DIRECTION ( 'NONE',  ( -0.000000000000000000, 0.000000000000000000, 1.000000000000000000 ) ) ;
#142 = VECTOR ( 'NONE', #637, 1000.000000000000000 ) ;
#143 = VERTEX_POINT ( 'NONE', #793 ) ;
#144 = ADVANCED_FACE ( 'NONE', ( #6949 ), #1474, .F. ) ;
#145 = LINE ( 'NONE', #2437, #6371 ) ;
#146 = ORIENTED_EDGE ( 'NONE', *, *, #4039, .F. ) ;
#147 = DIRECTION ( 'NONE',  ( 1.000000000000000000, 0.000000000000000000, -9.912705577010325549E-17 ) ) ;
#148 = AXIS2_PLACEMENT_3D ( 'NONE', #4730, #2811, #369 ) ;
#149 = CARTESIAN_POINT ( 'NONE',  ( 16.75000000000000000, 7.500000000000000000, 4.000000000000000888 ) ) ;
#150 = DIRECTION ( 'NONE',  ( -1.236061108696829207E-16, -0.000000000000000000, -1.000000000000000000 ) ) ;
#151 = CIRCLE ( 'NONE', #6019, 1.500000000000000444 ) ;
#152 = SPHERICAL_SURFACE ( 'NONE', #6707, 0.2500000000000000000 ) ;
#153 = CARTESIAN_POINT ( 'NONE',  ( -9.000000000000000000, 2.999999999999999556, 0.000000000000000000 ) ) ;
#154 = ADVANCED_FACE ( 'NONE', ( #6308 ), #7554, .T. ) ;
#155 = EDGE_LOOP ( 'NONE', ( #4582, #5342, #7181, #7310 ) ) ;
#156 = PLANE ( 'NONE',  #869 ) ;
#157 = CIRCLE ( 'NONE', #7691, 0.2500000000000002220 ) ;
#158 = LINE ( 'NONE', #3713, #2675 ) ;
#159 = VERTEX_POINT ( 'NONE', #6432 ) ;
#160 = CIRCLE ( 'NONE', #7566, 0.2500000000000002220 ) ;
#161 = FACE_BOUND ( 'NONE', #181, .T. ) ;
#162 = CARTESIAN_POINT ( 'NONE',  ( 15.50000000000000178, 0.000000000000000000, -4.350000000000001421 ) ) ;
#163 = DIRECTION ( 'NONE',  ( -0.000000000000000000, -1.000000000000000000, -0.000000000000000000 ) ) ;
#164 = ADVANCED_FACE ( 'NONE', ( #5081 ), #7631, .T. ) ;
#165 = EDGE_CURVE ( 'NONE', #6189, #207, #3917, .T. ) ;
#166 = ADVANCED_FACE ( 'NONE', ( #948 ), #2793, .T. ) ;
#167 = DIRECTION ( 'NONE',  ( -0.000000000000000000, -0.000000000000000000, -1.000000000000000000 ) ) ;
#168 = VECTOR ( 'NONE', #4434, 1000.000000000000000 ) ;
#169 = AXIS2_PLACEMENT_3D ( 'NONE', #4492, #1455, #5730 ) ;
#170 = ORIENTED_EDGE ( 'NONE', *, *, #4536, .F. ) ;
#171 = EDGE_LOOP ( 'NONE', ( #5039, #5844 ) ) ;
#172 = ORIENTED_EDGE ( 'NONE', *, *, #5816, .F. ) ;
#173 = APPLICATION_CONTEXT ( 'automotive_design' ) ;
#174 = AXIS2_PLACEMENT_3D ( 'NONE', #4802, #678, #3636 ) ;
#175 = FACE_OUTER_BOUND ( 'NONE', #85, .T. ) ;
#176 = VECTOR ( 'NONE', #655, 1000.000000000000000 ) ;
#177 = CARTESIAN_POINT ( 'NONE',  ( 16.75000000000000000, 0.5000000000000004441, -7.600000000000001421 ) ) ;
#178 = EDGE_CURVE ( 'NONE', #2283, #7189, #3267, .T. ) ;
#179 = CARTESIAN_POINT ( 'NONE',  ( 15.50000000000000178, 0.000000000000000000, -3.249999999999999112 ) ) ;
#180 = EDGE_CURVE ( 'NONE', #767, #4647, #7517, .T. ) ;
#181 = EDGE_LOOP ( 'NONE', ( #402, #4851 ) ) ;
#182 = VERTEX_POINT ( 'NONE', #6353 ) ;
#183 = CARTESIAN_POINT ( 'NONE',  ( 4.200000000000000178, -2.000000000000000000, 0.1000000000000000056 ) ) ;
#184 = CARTESIAN_POINT ( 'NONE',  ( 16.00000000000000000, 0.000000000000000000, 3.250000000000001332 ) ) ;
#185 = CARTESIAN_POINT ( 'NONE',  ( 15.25000000000000178, -16.34050177399711501, -4.000000000000000000 ) ) ;
#186 = LINE ( 'NONE', #5622, #371 ) ;
#187 = ORIENTED_EDGE ( 'NONE', *, *, #3446, .T. ) ;
#188 = EDGE_CURVE ( 'NONE', #3440, #2672, #2681, .T. ) ;
#189 = ORIENTED_EDGE ( 'NONE', *, *, #3874, .F. ) ;
#190 = DIRECTION ( 'NONE',  ( 1.000000000000000000, 0.000000000000000000, 0.000000000000000000 ) ) ;
#191 = CARTESIAN_POINT ( 'NONE',  ( -9.000000000000000000, 6.000000000000000000, -9.000000000000001776 ) ) ;
#192 = CYLINDRICAL_SURFACE ( 'NONE', #296, 0.5500000000000014877 ) ;
#193 =( LENGTH_UNIT ( ) NAMED_UNIT ( * ) SI_UNIT ( .MILLI., .METRE. ) );
#194 = CARTESIAN_POINT ( 'NONE',  ( -6.770000000000003126, 3.500000000000000888, 0.000000000000000000 ) ) ;
#195 = VERTEX_POINT ( 'NONE', #3342 ) ;
#196 = DIRECTION ( 'NONE',  ( 0.000000000000000000, 0.000000000000000000, 1.000000000000000000 ) ) ;
#197 = CARTESIAN_POINT ( 'NONE',  ( -9.695652173913044791, 0.4999999999999995559, -8.604945506379113596 ) ) ;
#198 = EDGE_LOOP ( 'NONE', ( #2287, #7030, #2992, #7088 ) ) ;
#199 = DIRECTION ( 'NONE',  ( -1.858632295689434870E-16, 0.000000000000000000, -1.000000000000000000 ) ) ;
#200 = CARTESIAN_POINT ( 'NONE',  ( 9.000000000000000000, 6.000000000000000000, -9.000000000000001776 ) ) ;
#201 = LINE ( 'NONE', #2362, #7234 ) ;
#202 = CARTESIAN_POINT ( 'NONE',  ( 0.000000000000000000, 0.000000000000000000, 0.000000000000000000 ) ) ;
#203 = AXIS2_PLACEMENT_3D ( 'NONE', #1023, #1717, #7072 ) ;
#204 = DIRECTION ( 'NONE',  ( 0.000000000000000000, -1.000000000000000000, 0.000000000000000000 ) ) ;
#205 = ORIENTED_EDGE ( 'NONE', *, *, #6167, .F. ) ;
#206 = ORIENTED_EDGE ( 'NONE', *, *, #130, .F. ) ;
#207 = VERTEX_POINT ( 'NONE', #3309 ) ;
#208 = COLOUR_RGB ( '',0.7921568627450980005, 0.8196078431372548767, 0.9333333333333333481 ) ;
#209 = EDGE_CURVE ( 'NONE', #947, #4029, #4514, .T. ) ;
#210 = ADVANCED_FACE ( 'NONE', ( #6391 ), #7592, .F. ) ;
#211 = ORIENTED_EDGE ( 'NONE', *, *, #1541, .F. ) ;
#212 = CIRCLE ( 'NONE', #7882, 0.2500000000000002220 ) ;
#213 = DIRECTION ( 'NONE',  ( 1.000000000000000000, -0.000000000000000000, 0.000000000000000000 ) ) ;
#214 = DIRECTION ( 'NONE',  ( -2.628368902995162518E-16, 1.000000000000000000, -0.000000000000000000 ) ) ;
#215 = FACE_OUTER_BOUND ( 'NONE', #601, .T. ) ;
#216 = CARTESIAN_POINT ( 'NONE',  ( -5.549999999999999822, 0.000000000000000000, 0.000000000000000000 ) ) ;
#217 = VECTOR ( 'NONE', #6608, 1000.000000000000000 ) ;
#218 = VECTOR ( 'NONE', #7636, 1000.000000000000000 ) ;
#219 = CIRCLE ( 'NONE', #4438, 0.2500000000000000000 ) ;
#220 = VERTEX_POINT ( 'NONE', #4555 ) ;
#221 = EDGE_CURVE ( 'NONE', #2084, #5702, #3939, .T. ) ;
#222 = VERTEX_POINT ( 'NONE', #908 ) ;
#223 = AXIS2_PLACEMENT_3D ( 'NONE', #5317, #4608, #3350 ) ;
#224 = LINE ( 'NONE', #2666, #1108 ) ;
#225 = AXIS2_PLACEMENT_3D ( 'NONE', #6744, #5365, #23 ) ;
#226 = DIRECTION ( 'NONE',  ( 0.000000000000000000, 0.000000000000000000, 1.000000000000000000 ) ) ;
#227 = DIRECTION ( 'NONE',  ( -0.000000000000000000, 1.000000000000000000, -0.000000000000000000 ) ) ;
#228 = DIRECTION ( 'NONE',  ( 0.000000000000000000, 0.000000000000000000, 1.000000000000000000 ) ) ;
#229 = ORIENTED_EDGE ( 'NONE', *, *, #7198, .F. ) ;
#230 = ORIENTED_EDGE ( 'NONE', *, *, #1103, .F. ) ;
#231 = LINE ( 'NONE', #6861, #3275 ) ;
#232 = DIRECTION ( 'NONE',  ( -0.000000000000000000, 1.000000000000000000, -0.000000000000000000 ) ) ;
#233 = DIRECTION ( 'NONE',  ( -0.000000000000000000, -1.000000000000000000, -0.000000000000000000 ) ) ;
#234 = EDGE_CURVE ( 'NONE', #2196, #1925, #7031, .T. ) ;
#235 = EDGE_CURVE ( 'NONE', #3198, #4004, #1025, .T. ) ;
#236 = DIRECTION ( 'NONE',  ( -0.000000000000000000, -0.000000000000000000, -1.000000000000000000 ) ) ;
#237 = VECTOR ( 'NONE', #4439, 1000.000000000000000 ) ;
#238 =( NAMED_UNIT ( * ) PLANE_ANGLE_UNIT ( ) SI_UNIT ( $, .RADIAN. ) );
#239 = ORIENTED_EDGE ( 'NONE', *, *, #849, .F. ) ;
#240 = CARTESIAN_POINT ( 'NONE',  ( 3.700000000000000178, -2.000000000000000000, 0.000000000000000000 ) ) ;
#241 = AXIS2_PLACEMENT_3D ( 'NONE', #6072, #6787, #3633 ) ;
#242 = DIRECTION ( 'NONE',  ( -1.000000000000000000, 0.000000000000000000, -0.000000000000000000 ) ) ;
#243 = EDGE_LOOP ( 'NONE', ( #7064, #2807, #6773, #5927 ) ) ;
#244 = CARTESIAN_POINT ( 'NONE',  ( -9.695652173913044791, 0.4999999999999995559, 8.604945506379111819 ) ) ;
#245 = DIRECTION ( 'NONE',  ( -0.000000000000000000, -0.000000000000000000, -1.000000000000000000 ) ) ;
#246 = DIRECTION ( 'NONE',  ( 0.000000000000000000, 0.000000000000000000, 1.000000000000000000 ) ) ;
#247 = DIRECTION ( 'NONE',  ( 1.000000000000000000, 0.000000000000000000, -0.000000000000000000 ) ) ;
#248 = PLANE ( 'NONE',  #4209 ) ;
#249 = ORIENTED_EDGE ( 'NONE', *, *, #498, .F. ) ;
#250 = CIRCLE ( 'NONE', #2553, 0.8000000000000003775 ) ;
#251 = ORIENTED_EDGE ( 'NONE', *, *, #6508, .T. ) ;
#252 = EDGE_LOOP ( 'NONE', ( #1980, #5240, #5243, #2630 ) ) ;
#253 = EDGE_LOOP ( 'NONE', ( #6993, #5798, #6244, #1090 ) ) ;
#254 = CARTESIAN_POINT ( 'NONE',  ( 6.570000000000000284, 3.069999999999998508, -1.074999999999999956 ) ) ;
#255 = DIRECTION ( 'NONE',  ( -1.412641267082090664E-16, -0.000000000000000000, -1.000000000000000000 ) ) ;
#256 = DIRECTION ( 'NONE',  ( 0.000000000000000000, -0.000000000000000000, 1.000000000000000000 ) ) ;
#257 = CARTESIAN_POINT ( 'NONE',  ( 9.499999999999998224, 3.499999999999999556, -18.25000000000000000 ) ) ;
#258 = EDGE_CURVE ( 'NONE', #4409, #4184, #1776, .T. ) ;
#259 = ORIENTED_EDGE ( 'NONE', *, *, #2505, .T. ) ;
#260 = ORIENTED_EDGE ( 'NONE', *, *, #1799, .F. ) ;
#261 = CARTESIAN_POINT ( 'NONE',  ( 1.850000000000000311, 2.000000000000000000, 0.1000000000000000056 ) ) ;
#262 = DIRECTION ( 'NONE',  ( -1.000000000000000000, -0.000000000000000000, 1.858632295689434870E-16 ) ) ;
#263 = CARTESIAN_POINT ( 'NONE',  ( 15.49999999999999822, 0.000000000000000000, -0.2499999999999993616 ) ) ;
#264 = DIRECTION ( 'NONE',  ( -0.000000000000000000, -0.000000000000000000, 1.000000000000000000 ) ) ;
#265 = ADVANCED_FACE ( 'NONE', ( #5419 ), #4151, .F. ) ;
#266 = VERTEX_POINT ( 'NONE', #4672 ) ;
#267 = VERTEX_POINT ( 'NONE', #4714 ) ;
#268 = DIRECTION ( 'NONE',  ( 1.000000000000000000, 0.000000000000000000, 0.000000000000000000 ) ) ;
#269 = CARTESIAN_POINT ( 'NONE',  ( -9.000000000000000000, 0.4999999999999995559, -9.000000000000000000 ) ) ;
#270 = CARTESIAN_POINT ( 'NONE',  ( -12.00000000000000355, 0.000000000000000000, -2.999999999999998224 ) ) ;
#271 = FACE_BOUND ( 'NONE', #3753, .T. ) ;
#272 = PRESENTATION_STYLE_ASSIGNMENT (( #1092 ) ) ;
#273 = ORIENTED_EDGE ( 'NONE', *, *, #6857, .F. ) ;
#274 = DIRECTION ( 'NONE',  ( -2.825282534164181327E-16, -1.000000000000000000, 0.000000000000000000 ) ) ;
#275 = EDGE_CURVE ( 'NONE', #5091, #524, #6620, .T. ) ;
#276 = AXIS2_PLACEMENT_3D ( 'NONE', #7441, #36, #4919 ) ;
#277 = FACE_OUTER_BOUND ( 'NONE', #2257, .T. ) ;
#278 = ORIENTED_EDGE ( 'NONE', *, *, #3556, .T. ) ;
#279 = AXIS2_PLACEMENT_3D ( 'NONE', #6437, #315, #3460 ) ;
#280 = PLANE ( 'NONE',  #3449 ) ;
#281 = DIRECTION ( 'NONE',  ( 0.000000000000000000, 1.000000000000000000, -0.000000000000000000 ) ) ;
#282 = DIRECTION ( 'NONE',  ( -0.000000000000000000, -0.000000000000000000, -1.000000000000000000 ) ) ;
#283 = DIRECTION ( 'NONE',  ( -0.000000000000000000, 1.000000000000000000, -0.000000000000000000 ) ) ;
#284 = CARTESIAN_POINT ( 'NONE',  ( -6.770000000000003126, -3.000000000000000444, 0.000000000000000000 ) ) ;
#285 = ORIENTED_EDGE ( 'NONE', *, *, #1473, .F. ) ;
#286 = EDGE_LOOP ( 'NONE', ( #6063, #1457, #6556, #83 ) ) ;
#287 = EDGE_CURVE ( 'NONE', #143, #1535, #5905, .T. ) ;
#288 = DIRECTION ( 'NONE',  ( 0.000000000000000000, 0.000000000000000000, 1.000000000000000000 ) ) ;
#289 = ORIENTED_EDGE ( 'NONE', *, *, #1550, .F. ) ;
#290 = CARTESIAN_POINT ( 'NONE',  ( -4.299999999999999822, 2.799999999999998490, 0.1000000000000000056 ) ) ;
#291 = DIRECTION ( 'NONE',  ( -1.000000000000000000, 0.000000000000000000, 0.000000000000000000 ) ) ;
#292 = FACE_OUTER_BOUND ( 'NONE', #4982, .T. ) ;
#293 = VECTOR ( 'NONE', #4847, 1000.000000000000000 ) ;
#294 = DIRECTION ( 'NONE',  ( -2.168404344971008868E-16, -1.000000000000000000, 0.000000000000000000 ) ) ;
#295 = EDGE_LOOP ( 'NONE', ( #2870, #3993 ) ) ;
#296 = AXIS2_PLACEMENT_3D ( 'NONE', #5748, #2634, #3303 ) ;
#297 = ORIENTED_EDGE ( 'NONE', *, *, #958, .F. ) ;
#298 = LINE ( 'NONE', #3293, #1626 ) ;
#299 = CARTESIAN_POINT ( 'NONE',  ( -16.00000000000000000, 0.4999999999999995559, -0.8000000000000009326 ) ) ;
#300 = DIRECTION ( 'NONE',  ( -0.000000000000000000, -1.000000000000000000, 0.000000000000000000 ) ) ;
#301 = ORIENTED_EDGE ( 'NONE', *, *, #1924, .T. ) ;
#302 = ORIENTED_EDGE ( 'NONE', *, *, #7342, .T. ) ;
#303 = EDGE_CURVE ( 'NONE', #182, #4674, #1107, .T. ) ;
#304 = FACE_OUTER_BOUND ( 'NONE', #3963, .T. ) ;
#305 = EDGE_CURVE ( 'NONE', #588, #1119, #5349, .T. ) ;
#306 = FACE_OUTER_BOUND ( 'NONE', #5428, .T. ) ;
#307 = FACE_OUTER_BOUND ( 'NONE', #1213, .T. ) ;
#308 = FACE_BOUND ( 'NONE', #7853, .T. ) ;
#309 = VERTEX_POINT ( 'NONE', #512 ) ;
#310 = DIRECTION ( 'NONE',  ( 0.000000000000000000, 0.000000000000000000, -1.000000000000000000 ) ) ;
#311 = CARTESIAN_POINT ( 'NONE',  ( -0.4299999999999999378, 0.7500000000000000000, -3.069999999999999396 ) ) ;
#312 = ORIENTED_EDGE ( 'NONE', *, *, #1154, .F. ) ;
#313 = ADVANCED_FACE ( 'NONE', ( #432 ), #5867, .T. ) ;
#314 = DIRECTION ( 'NONE',  ( -0.000000000000000000, 1.000000000000000000, -0.000000000000000000 ) ) ;
#315 = DIRECTION ( 'NONE',  ( -1.000000000000000000, 0.000000000000000000, 9.637352644315595243E-17 ) ) ;
#316 = CARTESIAN_POINT ( 'NONE',  ( 9.000000000000000000, 0.4999999999999995559, -9.000000000000000000 ) ) ;
#317 = CARTESIAN_POINT ( 'NONE',  ( -2.349999999999999645, -2.000000000000000000, 0.000000000000000000 ) ) ;
#318 =( REPRESENTATION_RELATIONSHIP ('NONE','NONE', #6776, #4600 ) REPRESENTATION_RELATIONSHIP_WITH_TRANSFORMATION ( #6848 )SHAPE_REPRESENTATION_RELATIONSHIP( ) );
#319 = DIRECTION ( 'NONE',  ( 0.000000000000000000, -0.000000000000000000, 1.000000000000000000 ) ) ;
#320 = EDGE_LOOP ( 'NONE', ( #3980, #172, #7449, #2177 ) ) ;
#321 = ORIENTED_EDGE ( 'NONE', *, *, #4735, .F. ) ;
#322 = ITEM_DEFINED_TRANSFORMATION ( 'NONE', 'NONE', #5213,  #1773 ) ;
#323 = DIRECTION ( 'NONE',  ( 0.000000000000000000, 0.000000000000000000, -1.000000000000000000 ) ) ;
#324 = ORIENTED_EDGE ( 'NONE', *, *, #3681, .F. ) ;
#325 = AXIS2_PLACEMENT_3D ( 'NONE', #967, #5850, #2815 ) ;
#326 =( LENGTH_UNIT ( ) NAMED_UNIT ( * ) SI_UNIT ( .MILLI., .METRE. ) );
#327 = CARTESIAN_POINT ( 'NONE',  ( 17.50000000000000000, 0.000000000000000000, 10.49999999999999645 ) ) ;
#328 = CARTESIAN_POINT ( 'NONE',  ( -6.770000000000003126, 2.999999999999999556, 0.000000000000000000 ) ) ;
#329 = EDGE_CURVE ( 'NONE', #7574, #114, #7113, .T. ) ;
#330 = EDGE_CURVE ( 'NONE', #2059, #4625, #5341, .T. ) ;
#331 = CARTESIAN_POINT ( 'NONE',  ( 16.00000000000000000, 0.000000000000000000, 10.49999999999999645 ) ) ;
#332 = VECTOR ( 'NONE', #3092, 1000.000000000000000 ) ;
#333 = VECTOR ( 'NONE', #5593, 1000.000000000000000 ) ;
#334 = EDGE_LOOP ( 'NONE', ( #4599, #1401, #3763, #7547 ) ) ;
#335 = VERTEX_POINT ( 'NONE', #1145 ) ;
#336 = DIRECTION ( 'NONE',  ( -0.000000000000000000, 1.000000000000000000, 0.000000000000000000 ) ) ;
#337 = CIRCLE ( 'NONE', #5063, 1.499999999999999556 ) ;
#338 = AXIS2_PLACEMENT_3D ( 'NONE', #1601, #4792, #7800 ) ;
#339 = CARTESIAN_POINT ( 'NONE',  ( 6.769999999999997797, 3.269999999999999574, -0.5000000000000000000 ) ) ;
#340 = AXIS2_PLACEMENT_3D ( 'NONE', #4951, #7387, #268 ) ;
#341 = ORIENTED_EDGE ( 'NONE', *, *, #5360, .F. ) ;
#342 = ORIENTED_EDGE ( 'NONE', *, *, #870, .T. ) ;
#343 = VECTOR ( 'NONE', #6998, 1000.000000000000000 ) ;
#344 = ORIENTED_EDGE ( 'NONE', *, *, #7663, .T. ) ;
#345 = AXIS2_PLACEMENT_3D ( 'NONE', #1908, #4339, #7333 ) ;
#346 = CARTESIAN_POINT ( 'NONE',  ( 15.50000000000000178, 0.4999999999999995559, 3.799999999999999822 ) ) ;
#347 = DIRECTION ( 'NONE',  ( 0.000000000000000000, -1.000000000000000000, -0.000000000000000000 ) ) ;
#348 = FACE_OUTER_BOUND ( 'NONE', #2936, .T. ) ;
#349 = ORIENTED_EDGE ( 'NONE', *, *, #3150, .T. ) ;
#350 = VECTOR ( 'NONE', #3515, 1000.000000000000000 ) ;
#351 = EDGE_CURVE ( 'NONE', #7643, #7668, #3578, .T. ) ;
#352 = ADVANCED_FACE ( 'NONE', ( #7709 ), #1757, .T. ) ;
#353 = EDGE_CURVE ( 'NONE', #3086, #7740, #2831, .T. ) ;
#354 = DIRECTION ( 'NONE',  ( -1.084202172485504927E-16, 1.000000000000000000, -0.000000000000000000 ) ) ;
#355 = DIRECTION ( 'NONE',  ( 0.000000000000000000, 0.000000000000000000, 1.000000000000000000 ) ) ;
#356 = ORIENTED_EDGE ( 'NONE', *, *, #6367, .F. ) ;
#357 = LINE ( 'NONE', #4722, #1551 ) ;
#358 = DIRECTION ( 'NONE',  ( 0.000000000000000000, -1.000000000000000000, 0.000000000000000000 ) ) ;
#359 = DIRECTION ( 'NONE',  ( 1.000000000000000000, 0.000000000000000000, -9.912705577010326782E-17 ) ) ;
#360 = DIRECTION ( 'NONE',  ( -0.000000000000000000, -0.000000000000000000, 1.000000000000000000 ) ) ;
#361 = DIRECTION ( 'NONE',  ( 0.000000000000000000, -1.000000000000000000, -0.000000000000000000 ) ) ;
#362 = ORIENTED_EDGE ( 'NONE', *, *, #7241, .T. ) ;
#363 = EDGE_CURVE ( 'NONE', #7386, #6378, #2241, .T. ) ;
#364 = ORIENTED_EDGE ( 'NONE', *, *, #5529, .F. ) ;
#365 = VECTOR ( 'NONE', #72, 1000.000000000000000 ) ;
#366 = PRODUCT_CONTEXT ( 'NONE', #2820, 'mechanical' ) ;
#367 = DIRECTION ( 'NONE',  ( 0.000000000000000000, 0.000000000000000000, -1.000000000000000000 ) ) ;
#368 = ORIENTED_EDGE ( 'NONE', *, *, #4960, .F. ) ;
#369 = DIRECTION ( 'NONE',  ( 0.000000000000000000, 0.000000000000000000, 1.000000000000000000 ) ) ;
#370 = DIRECTION ( 'NONE',  ( -1.000000000000000000, 0.000000000000000000, 0.000000000000000000 ) ) ;
#371 = VECTOR ( 'NONE', #861, 1000.000000000000000 ) ;
#372 = AXIS2_PLACEMENT_3D ( 'NONE', #3037, #1886, #5041 ) ;
#373 = CARTESIAN_POINT ( 'NONE',  ( 16.00000000000000000, 7.500000000000000000, -9.000000000000000000 ) ) ;
#374 = PLANE ( 'NONE',  #1859 ) ;
#375 = VECTOR ( 'NONE', #2765, 1000.000000000000000 ) ;
#376 = ORIENTED_EDGE ( 'NONE', *, *, #7495, .F. ) ;
#377 = PRODUCT_DEFINITION_CONTEXT ( 'detailed design', #173, 'design' ) ;
#378 = ORIENTED_EDGE ( 'NONE', *, *, #5604, .F. ) ;
#379 = ADVANCED_FACE ( 'NONE', ( #1680, #547, #1067, #2395, #3498, #471, #7870, #2909 ), #2318, .T. ) ;
#380 = CARTESIAN_POINT ( 'NONE',  ( 6.769999999999998685, -3.270000000000000462, 0.000000000000000000 ) ) ;
#381 = CARTESIAN_POINT ( 'NONE',  ( -5.549999999999999822, 0.000000000000000000, 0.1000000000000000056 ) ) ;
#382 = VERTEX_POINT ( 'NONE', #7427 ) ;
#383 = ORIENTED_EDGE ( 'NONE', *, *, #6026, .T. ) ;
#384 = ORIENTED_EDGE ( 'NONE', *, *, #5938, .F. ) ;
#385 = ADVANCED_FACE ( 'NONE', ( #19 ), #6696, .F. ) ;
#386 = CYLINDRICAL_SURFACE ( 'NONE', #5282, 0.4999999999999995559 ) ;
#387 = CARTESIAN_POINT ( 'NONE',  ( -4.999999999999999112, -1.200000000000000178, 0.000000000000000000 ) ) ;
#388 = FACE_OUTER_BOUND ( 'NONE', #4834, .T. ) ;
#389 = ORIENTED_EDGE ( 'NONE', *, *, #450, .F. ) ;
#390 = CARTESIAN_POINT ( 'NONE',  ( -10.50000000000000355, 7.500000000000000000, -2.999999999999998668 ) ) ;
#391 = VERTEX_POINT ( 'NONE', #1346 ) ;
#392 = CARTESIAN_POINT ( 'NONE',  ( 0.4300000000000022138, 0.7500000000000000000, 3.070000000000000284 ) ) ;
#393 = ORIENTED_EDGE ( 'NONE', *, *, #165, .F. ) ;
#394 = LINE ( 'NONE', #3503, #780 ) ;
#395 = FACE_OUTER_BOUND ( 'NONE', #5101, .T. ) ;
#396 = DIRECTION ( 'NONE',  ( -0.000000000000000000, -1.000000000000000000, -0.000000000000000000 ) ) ;
#397 = DIRECTION ( 'NONE',  ( 1.000000000000000000, 0.000000000000000000, 0.000000000000000000 ) ) ;
#398 = DIRECTION ( 'NONE',  ( 0.000000000000000000, 0.000000000000000000, 1.000000000000000000 ) ) ;
#399 = ORIENTED_EDGE ( 'NONE', *, *, #4985, .T. ) ;
#400 = VECTOR ( 'NONE', #3382, 1000.000000000000000 ) ;
#401 = EDGE_LOOP ( 'NONE', ( #7149, #5906, #7584, #7918 ) ) ;
#402 = ORIENTED_EDGE ( 'NONE', *, *, #3934, .T. ) ;
#403 = DIRECTION ( 'NONE',  ( 1.000000000000000000, 0.000000000000000000, -0.000000000000000000 ) ) ;
#404 = EDGE_CURVE ( 'NONE', #7362, #6519, #7916, .T. ) ;
#406 = ADVANCED_FACE ( 'NONE', ( #627 ), #2513, .T. ) ;
#405 = CARTESIAN_POINT ( 'NONE',  ( -16.00000000000000000, 0.4999999999999995559, -5.575896887068297953E-16 ) ) ;
#407 = ADVANCED_FACE ( 'NONE', ( #6740 ), #7340, .T. ) ;
#408 = AXIS2_PLACEMENT_3D ( 'NONE', #4801, #1771, #3397 ) ;
#409 = DIRECTION ( 'NONE',  ( 0.000000000000000000, 1.000000000000000000, 0.000000000000000000 ) ) ;
#410 = AXIS2_PLACEMENT_3D ( 'NONE', #6703, #5591, #5547 ) ;
#411 = LINE ( 'NONE', #4655, #6451 ) ;
#412 = ORIENTED_EDGE ( 'NONE', *, *, #4014, .T. ) ;
#413 = ORIENTED_EDGE ( 'NONE', *, *, #5994, .F. ) ;
#414 = ADVANCED_FACE ( 'NONE', ( #3061 ), #2556, .T. ) ;
#415 = AXIS2_PLACEMENT_3D ( 'NONE', #2818, #6685, #3729 ) ;
#416 = CARTESIAN_POINT ( 'NONE',  ( -9.500000000000001776, 0.4999999999999995559, 7.864218330839946702 ) ) ;
#417 = LINE ( 'NONE', #1052, #5308 ) ;
#418 = LINE ( 'NONE', #7733, #5952 ) ;
#419 = EDGE_CURVE ( 'NONE', #6580, #7258, #6775, .T. ) ;
#420 = ORIENTED_EDGE ( 'NONE', *, *, #1258, .T. ) ;
#421 = AXIS2_PLACEMENT_3D ( 'NONE', #786, #233, #6575 ) ;
#422 = ORIENTED_EDGE ( 'NONE', *, *, #3972, .T. ) ;
#423 = EDGE_LOOP ( 'NONE', ( #7200, #5643, #5735, #2810 ) ) ;
#424 = DIRECTION ( 'NONE',  ( 0.000000000000000000, 0.000000000000000000, 1.000000000000000000 ) ) ;
#425 = DIRECTION ( 'NONE',  ( -0.000000000000000000, 1.000000000000000000, -0.000000000000000000 ) ) ;
#426 = VECTOR ( 'NONE', #3448, 1000.000000000000000 ) ;
#427 = AXIS2_PLACEMENT_3D ( 'NONE', #139, #3737, #3615 ) ;
#428 = DIRECTION ( 'NONE',  ( 0.000000000000000000, 0.000000000000000000, 1.000000000000000000 ) ) ;
#429 = ADVANCED_FACE ( 'NONE', ( #5499 ), #6176, .F. ) ;
#430 = ADVANCED_FACE ( 'NONE', ( #744 ), #6659, .F. ) ;
#431 = VERTEX_POINT ( 'NONE', #1307 ) ;
#432 = FACE_OUTER_BOUND ( 'NONE', #6242, .T. ) ;
#433 = EDGE_CURVE ( 'NONE', #701, #2975, #3946, .T. ) ;
#434 = EDGE_LOOP ( 'NONE', ( #4707, #5474 ) ) ;
#435 = LINE ( 'NONE', #4788, #2018 ) ;
#436 = ORIENTED_EDGE ( 'NONE', *, *, #117, .F. ) ;
#437 = CARTESIAN_POINT ( 'NONE',  ( 16.00000000000000000, 0.000000000000000000, 8.999999999999998224 ) ) ;
#438 = PLANE ( 'NONE',  #6782 ) ;
#439 = CARTESIAN_POINT ( 'NONE',  ( 9.000000000000000000, 2.999999999999999556, -18.00000000000000000 ) ) ;
#440 = CARTESIAN_POINT ( 'NONE',  ( 16.00000000000000000, 0.4999999999999995559, 7.950000000000000178 ) ) ;
#441 = ORIENTED_EDGE ( 'NONE', *, *, #2774, .T. ) ;
#442 = ORIENTED_EDGE ( 'NONE', *, *, #258, .T. ) ;
#443 = DIRECTION ( 'NONE',  ( 0.000000000000000000, 0.000000000000000000, 1.000000000000000000 ) ) ;
#444 = ORIENTED_EDGE ( 'NONE', *, *, #2674, .F. ) ;
#445 = PRESENTATION_STYLE_ASSIGNMENT (( #1122 ) ) ;
#446 = CARTESIAN_POINT ( 'NONE',  ( -4.299999999999999822, -1.199999999999999734, 0.000000000000000000 ) ) ;
#447 = DIRECTION ( 'NONE',  ( 0.000000000000000000, 0.000000000000000000, -1.000000000000000000 ) ) ;
#448 = LINE ( 'NONE', #2143, #1087 ) ;
#449 = PRODUCT_DEFINITION ( 'UNKNOWN', '', #2159, #609 ) ;
#450 = EDGE_CURVE ( 'NONE', #3363, #524, #3744, .T. ) ;
#451 = ORIENTED_EDGE ( 'NONE', *, *, #644, .T. ) ;
#452 = VECTOR ( 'NONE', #5018, 1000.000000000000000 ) ;
#453 = ORIENTED_EDGE ( 'NONE', *, *, #1871, .T. ) ;
#454 = DIRECTION ( 'NONE',  ( 0.000000000000000000, 0.000000000000000000, 1.000000000000000000 ) ) ;
#455 = FILL_AREA_STYLE ('',( #7177 ) ) ;
#456 = CARTESIAN_POINT ( 'NONE',  ( -5.549999999999999822, 2.000000000000000000, 0.1000000000000000056 ) ) ;
#457 = AXIS2_PLACEMENT_3D ( 'NONE', #4669, #7667, #2200 ) ;
#458 = VECTOR ( 'NONE', #2180, 1000.000000000000000 ) ;
#459 = ORIENTED_EDGE ( 'NONE', *, *, #4804, .T. ) ;
#460 = EDGE_LOOP ( 'NONE', ( #7602, #7915, #1678, #727 ) ) ;
#461 = EDGE_CURVE ( 'NONE', #5298, #5682, #5859, .T. ) ;
#462 = ORIENTED_EDGE ( 'NONE', *, *, #5876, .F. ) ;
#463 = CIRCLE ( 'NONE', #4933, 1.500000000000000000 ) ;
#464 = VECTOR ( 'NONE', #3146, 1000.000000000000000 ) ;
#465 = VECTOR ( 'NONE', #7228, 1000.000000000000000 ) ;
#466 = CARTESIAN_POINT ( 'NONE',  ( 3.700000000000000178, 0.000000000000000000, 0.1000000000000000056 ) ) ;
#467 = DIRECTION ( 'NONE',  ( 1.000000000000000000, 0.000000000000000000, 0.000000000000000000 ) ) ;
#468 = CYLINDRICAL_SURFACE ( 'NONE', #5307, 1.500000000000000000 ) ;
#469 = EDGE_LOOP ( 'NONE', ( #2847, #7278, #1345, #1140 ) ) ;
#470 = AXIS2_PLACEMENT_3D ( 'NONE', #1802, #4233, #3670 ) ;
#471 = FACE_BOUND ( 'NONE', #3989, .T. ) ;
#472 = AXIS2_PLACEMENT_3D ( 'NONE', #3727, #3121, #4812 ) ;
#473 = EDGE_LOOP ( 'NONE', ( #2114, #685 ) ) ;
#474 = EDGE_CURVE ( 'NONE', #4241, #1518, #5584, .T. ) ;
#475 = DIRECTION ( 'NONE',  ( 0.000000000000000000, -1.000000000000000000, 0.000000000000000000 ) ) ;
#476 = ORIENTED_EDGE ( 'NONE', *, *, #7706, .T. ) ;
#477 = EDGE_CURVE ( 'NONE', #3038, #6658, #1958, .T. ) ;
#478 = DIRECTION ( 'NONE',  ( -0.000000000000000000, -1.000000000000000000, -0.000000000000000000 ) ) ;
#479 = DIRECTION ( 'NONE',  ( 0.000000000000000000, 0.000000000000000000, 1.000000000000000000 ) ) ;
#480 = FACE_OUTER_BOUND ( 'NONE', #1759, .T. ) ;
#481 = VECTOR ( 'NONE', #4008, 1000.000000000000000 ) ;
#482 = LINE ( 'NONE', #7637, #3792 ) ;
#483 = EDGE_LOOP ( 'NONE', ( #368, #3907, #7364, #1420 ) ) ;
#484 = ORIENTED_EDGE ( 'NONE', *, *, #4670, .T. ) ;
#485 = CARTESIAN_POINT ( 'NONE',  ( -17.50000000000000000, 0.4999999999999995559, 1.500000000000001332 ) ) ;
#486 = EDGE_LOOP ( 'NONE', ( #1001, #6795, #3807, #6020 ) ) ;
#487 = EDGE_CURVE ( 'NONE', #7528, #5932, #5462, .T. ) ;
#488 = DIRECTION ( 'NONE',  ( 1.000000000000000000, 1.326241189584715037E-16, -0.000000000000000000 ) ) ;
#489 = CARTESIAN_POINT ( 'NONE',  ( -12.00000000000000533, 0.000000000000000000, 3.000000000000003997 ) ) ;
#490 = AXIS2_PLACEMENT_3D ( 'NONE', #7257, #692, #4858 ) ;
#491 = EDGE_CURVE ( 'NONE', #5625, #2707, #6878, .T. ) ;
#492 = DIRECTION ( 'NONE',  ( 0.000000000000000000, -1.000000000000000000, 0.000000000000000000 ) ) ;
#493 = DIRECTION ( 'NONE',  ( 0.000000000000000000, 0.000000000000000000, 1.000000000000000000 ) ) ;
#494 = CLOSED_SHELL ( 'NONE', ( #6387, #2802, #6095, #2344, #2824, #2995, #6633, #2428, #5919, #7175, #7520, #1328, #6947, #3542, #22, #105 ) ) ;
#495 = ORIENTED_EDGE ( 'NONE', *, *, #838, .F. ) ;
#496 = VERTEX_POINT ( 'NONE', #5624 ) ;
#497 = CARTESIAN_POINT ( 'NONE',  ( -10.50000000000000533, 0.4999999999999995559, 10.50000000000000355 ) ) ;
#498 = EDGE_CURVE ( 'NONE', #3577, #6481, #145, .T. ) ;
#499 =( LENGTH_UNIT ( ) NAMED_UNIT ( * ) SI_UNIT ( .MILLI., .METRE. ) );
#500 = DIRECTION ( 'NONE',  ( -1.826024711554533913E-16, -0.000000000000000000, -1.000000000000000000 ) ) ;
#501 = AXIS2_PLACEMENT_3D ( 'NONE', #544, #5497, #582 ) ;
#502 = ORIENTED_EDGE ( 'NONE', *, *, #2939, .F. ) ;
#503 = AXIS2_PLACEMENT_3D ( 'NONE', #3918, #5754, #2124 ) ;
#504 = ORIENTED_EDGE ( 'NONE', *, *, #2897, .F. ) ;
#505 = ORIENTED_EDGE ( 'NONE', *, *, #2907, .T. ) ;
#506 = FACE_OUTER_BOUND ( 'NONE', #6507, .T. ) ;
#507 = LINE ( 'NONE', #6015, #1186 ) ;
#508 = EDGE_CURVE ( 'NONE', #2360, #3491, #7529, .T. ) ;
#509 = EDGE_CURVE ( 'NONE', #4880, #1170, #2368, .T. ) ;
#510 = LINE ( 'NONE', #7828, #709 ) ;
#511 = ORIENTED_EDGE ( 'NONE', *, *, #4803, .T. ) ;
#512 = CARTESIAN_POINT ( 'NONE',  ( -8.604945506379110043, 0.4999999999999995559, -9.695652173913043015 ) ) ;
#513 = ORIENTED_EDGE ( 'NONE', *, *, #4039, .T. ) ;
#514 = LINE ( 'NONE', #5311, #465 ) ;
#515 = EDGE_LOOP ( 'NONE', ( #4764, #912, #3826, #1347 ) ) ;
#516 = CARTESIAN_POINT ( 'NONE',  ( 9.500000000000000000, 7.500000000000000000, 7.600000000000000533 ) ) ;
#517 = SHAPE_REPRESENTATION_RELATIONSHIP ( 'NONE' , 'NONE' ,  #6732, #7774 ) ;
#518 = CYLINDRICAL_SURFACE ( 'NONE', #1230, 1.499999999999999556 ) ;
#519 = DIRECTION ( 'NONE',  ( 0.000000000000000000, 0.000000000000000000, -1.000000000000000000 ) ) ;
#520 = EDGE_LOOP ( 'NONE', ( #1604, #1447, #3693, #422 ) ) ;
#521 = EDGE_CURVE ( 'NONE', #6866, #7740, #1805, .T. ) ;
#522 = VERTEX_POINT ( 'NONE', #3593 ) ;
#523 = DIRECTION ( 'NONE',  ( -0.000000000000000000, -0.000000000000000000, -1.000000000000000000 ) ) ;
#524 = VERTEX_POINT ( 'NONE', #7885 ) ;
#525 = DIRECTION ( 'NONE',  ( 0.000000000000000000, 0.000000000000000000, 1.000000000000000000 ) ) ;
#526 = CARTESIAN_POINT ( 'NONE',  ( 9.500000000000000000, 7.500000000000000000, 7.600000000000000533 ) ) ;
#527 = CARTESIAN_POINT ( 'NONE',  ( 5.549999999999999822, -2.000000000000000000, 0.000000000000000000 ) ) ;
#528 = AXIS2_PLACEMENT_3D ( 'NONE', #2053, #4479, #5161 ) ;
#529 = DIRECTION ( 'NONE',  ( 1.000000000000000000, 0.000000000000000000, 0.000000000000000000 ) ) ;
#530 = EDGE_CURVE ( 'NONE', #2031, #790, #2922, .T. ) ;
#531 = VERTEX_POINT ( 'NONE', #7240 ) ;
#532 = ORIENTED_EDGE ( 'NONE', *, *, #2519, .T. ) ;
#533 = AXIS2_PLACEMENT_3D ( 'NONE', #254, #4528, #7569 ) ;
#534 = AXIS2_PLACEMENT_3D ( 'NONE', #5198, #3997, #4723 ) ;
#535 = CARTESIAN_POINT ( 'NONE',  ( -9.500000000000001776, 3.499999999999999556, 0.2500000000000002220 ) ) ;
#536 = LINE ( 'NONE', #7900, #974 ) ;
#537 = VERTEX_POINT ( 'NONE', #6034 ) ;
#538 = ORIENTED_EDGE ( 'NONE', *, *, #305, .F. ) ;
#539 = CIRCLE ( 'NONE', #5650, 1.500000000000000000 ) ;
#540 = DIRECTION ( 'NONE',  ( -0.000000000000000000, 1.000000000000000000, 0.000000000000000000 ) ) ;
#541 = CARTESIAN_POINT ( 'NONE',  ( -9.500000000000001776, 3.499999999999999556, -18.25000000000000000 ) ) ;
#542 = CARTESIAN_POINT ( 'NONE',  ( 1.350000000000000533, -2.000000000000000000, 0.000000000000000000 ) ) ;
#543 = CARTESIAN_POINT ( 'NONE',  ( 0.4299999999999989386, -3.070000000000001616, -1.074999999999999956 ) ) ;
#544 = CARTESIAN_POINT ( 'NONE',  ( 16.75000000000000000, -16.34050177399711501, 7.599999999999999645 ) ) ;
#545 = VECTOR ( 'NONE', #4095, 1000.000000000000000 ) ;
#546 = VERTEX_POINT ( 'NONE', #2256 ) ;
#547 = FACE_BOUND ( 'NONE', #2806, .T. ) ;
#548 = EDGE_CURVE ( 'NONE', #7842, #3299, #2845, .T. ) ;
#549 = EDGE_CURVE ( 'NONE', #5817, #3915, #7721, .T. ) ;
#550 = EDGE_LOOP ( 'NONE', ( #4406, #1786, #6289, #6435 ) ) ;
#551 = CYLINDRICAL_SURFACE ( 'NONE', #1749, 0.2500000000000002220 ) ;
#552 = ORIENTED_EDGE ( 'NONE', *, *, #2134, .F. ) ;
#553 = CARTESIAN_POINT ( 'NONE',  ( -9.000000000000000000, -3.000000000000000444, -18.00000000000000000 ) ) ;
#554 = DIRECTION ( 'NONE',  ( 1.000000000000000000, 0.000000000000000000, 0.000000000000000000 ) ) ;
#555 = DIRECTION ( 'NONE',  ( -0.000000000000000000, 1.000000000000000000, -0.000000000000000000 ) ) ;
#556 = PRODUCT ( 'HEPI-SiO2', 'HEPI-SiO2', '', ( #2216 ) ) ;
#557 = ORIENTED_EDGE ( 'NONE', *, *, #958, .T. ) ;
#558 = EDGE_LOOP ( 'NONE', ( #2835, #5280 ) ) ;
#559 = ADVANCED_FACE ( 'NONE', ( #5362 ), #4089, .T. ) ;
#560 = DIRECTION ( 'NONE',  ( -1.000000000000000000, 0.000000000000000000, 1.196361017915038993E-16 ) ) ;
#561 = ORIENTED_EDGE ( 'NONE', *, *, #3284, .T. ) ;
#562 = CARTESIAN_POINT ( 'NONE',  ( -6.570000000000002061, 3.070000000000000284, -1.074999999999999956 ) ) ;
#563 = CARTESIAN_POINT ( 'NONE',  ( -6.770000000000002238, -3.499999999999999112, 0.000000000000000000 ) ) ;
#564 = FACE_OUTER_BOUND ( 'NONE', #5241, .T. ) ;
#565 = FACE_OUTER_BOUND ( 'NONE', #715, .T. ) ;
#566 = ORIENTED_EDGE ( 'NONE', *, *, #6011, .T. ) ;
#567 = ORIENTED_EDGE ( 'NONE', *, *, #4217, .T. ) ;
#568 = EDGE_CURVE ( 'NONE', #1928, #6528, #1198, .T. ) ;
#569 = EDGE_CURVE ( 'NONE', #60, #7655, #1658, .T. ) ;
#570 = CARTESIAN_POINT ( 'NONE',  ( -16.00000000000000000, 7.500000000000000000, 0.8000000000000009326 ) ) ;
#571 = CARTESIAN_POINT ( 'NONE',  ( 0.000000000000000000, 0.000000000000000000, 0.1000000000000000056 ) ) ;
#572 = VECTOR ( 'NONE', #1084, 1000.000000000000000 ) ;
#573 = ORIENTED_EDGE ( 'NONE', *, *, #3474, .F. ) ;
#574 = CARTESIAN_POINT ( 'NONE',  ( 19.57350609485715154, 6.148135736169725085, 3.443053386579960407 ) ) ;
#575 = VERTEX_POINT ( 'NONE', #1693 ) ;
#576 = LINE ( 'NONE', #1824, #1500 ) ;
#577 = UNCERTAINTY_MEASURE_WITH_UNIT (LENGTH_MEASURE( 1.000000000000000082E-05 ), #5666, 'distance_accuracy_value', 'NONE');
#578 = DIRECTION ( 'NONE',  ( 0.000000000000000000, 0.000000000000000000, 1.000000000000000000 ) ) ;
#579 = CARTESIAN_POINT ( 'NONE',  ( 15.49999999999999822, 0.4999999999999995559, 0.2500000000000009437 ) ) ;
#580 = VECTOR ( 'NONE', #1792, 1000.000000000000000 ) ;
#581 = CARTESIAN_POINT ( 'NONE',  ( 0.4299999999999997158, 3.069999999999998508, -1.074999999999999956 ) ) ;
#582 = DIRECTION ( 'NONE',  ( 0.000000000000000000, 0.000000000000000000, -1.000000000000000000 ) ) ;
#583 = VERTEX_POINT ( 'NONE', #4842 ) ;
#584 = CARTESIAN_POINT ( 'NONE',  ( 13.99999999999999822, 0.000000000000000000, 1.750000000000000888 ) ) ;
#585 = STYLED_ITEM ( 'NONE', ( #272 ), #3878 ) ;
#586 = EDGE_LOOP ( 'NONE', ( #5615, #5957, #6139, #7562 ) ) ;
#587 = CARTESIAN_POINT ( 'NONE',  ( 16.75000000000000000, 7.500000000000000000, -2.499999999999999556 ) ) ;
#588 = VERTEX_POINT ( 'NONE', #2880 ) ;
#589 = PLANE ( 'NONE',  #3740 ) ;
#590 =( LENGTH_UNIT ( ) NAMED_UNIT ( * ) SI_UNIT ( .MILLI., .METRE. ) );
#591 = PLANE ( 'NONE',  #5824 ) ;
#592 = CARTESIAN_POINT ( 'NONE',  ( -0.4299999999999991607, 0.7500000000000000000, 3.070000000000000284 ) ) ;
#593 = VECTOR ( 'NONE', #4394, 1000.000000000000000 ) ;
#594 = ADVANCED_FACE ( 'NONE', ( #4691 ), #1653, .T. ) ;
#595 = ADVANCED_FACE ( 'NONE', ( #7279 ), #1039, .T. ) ;
#596 = EDGE_LOOP ( 'NONE', ( #389, #3270, #4063, #3785 ) ) ;
#597 = AXIS2_PLACEMENT_3D ( 'NONE', #2504, #4939, #7421 ) ;
#598 = CARTESIAN_POINT ( 'NONE',  ( 0.5000000000000000000, 6.123233995736766036E-17, 0.1000000000000000056 ) ) ;
#599 = AXIS2_PLACEMENT_3D ( 'NONE', #5721, #3926, #6830 ) ;
#600 = CARTESIAN_POINT ( 'NONE',  ( -3.200000000000000178, 2.000000000000000000, 0.1000000000000000056 ) ) ;
#601 = EDGE_LOOP ( 'NONE', ( #5780, #1376, #941, #1503 ) ) ;
#602 = CIRCLE ( 'NONE', #7894, 1.499999999999999556 ) ;
#603 = FACE_OUTER_BOUND ( 'NONE', #6456, .T. ) ;
#604 = LINE ( 'NONE', #6598, #5389 ) ;
#605 = CARTESIAN_POINT ( 'NONE',  ( 16.75000000000000000, -16.34050177399711501, 2.500000000000000888 ) ) ;
#606 = ADVANCED_FACE ( 'NONE', ( #5323 ), #4728, .T. ) ;
#607 = CARTESIAN_POINT ( 'NONE',  ( 5.049999999999999822, -2.000000000000000000, 0.000000000000000000 ) ) ;
#608 = EDGE_LOOP ( 'NONE', ( #1999, #4671, #3808, #1284 ) ) ;
#609 = PRODUCT_DEFINITION_CONTEXT ( 'detailed design', #5523, 'design' ) ;
#610 = ORIENTED_EDGE ( 'NONE', *, *, #3430, .F. ) ;
#611 = DIRECTION ( 'NONE',  ( -4.956352788505165240E-16, 0.000000000000000000, 1.000000000000000000 ) ) ;
#612 = CARTESIAN_POINT ( 'NONE',  ( -6.050000000000000711, -2.000000000000000000, 0.1000000000000000056 ) ) ;
#613 = DIRECTION ( 'NONE',  ( -0.000000000000000000, -1.000000000000000000, 0.000000000000000000 ) ) ;
#614 = ADVANCED_FACE ( 'NONE', ( #1078 ), #3510, .T. ) ;
#615 = ORIENTED_EDGE ( 'NONE', *, *, #7809, .F. ) ;
#616 = VECTOR ( 'NONE', #5269, 1000.000000000000000 ) ;
#617 = DIRECTION ( 'NONE',  ( 9.637352644315592778E-17, 0.000000000000000000, 1.000000000000000000 ) ) ;
#618 = ORIENTED_EDGE ( 'NONE', *, *, #914, .T. ) ;
#619 = CARTESIAN_POINT ( 'NONE',  ( 1.850000000000000311, -2.000000000000000000, 0.000000000000000000 ) ) ;
#620 = CARTESIAN_POINT ( 'NONE',  ( -5.549999999999999822, -2.000000000000000000, 0.1000000000000000056 ) ) ;
#621 = CARTESIAN_POINT ( 'NONE',  ( 6.769999999999996909, 3.500000000000000888, 0.000000000000000000 ) ) ;
#622 = AXIS2_PLACEMENT_3D ( 'NONE', #3296, #141, #6217 ) ;
#623 = CARTESIAN_POINT ( 'NONE',  ( -6.800000000000001599, 3.299999999999999822, -1.399999999999999911 ) ) ;
#624 = DIRECTION ( 'NONE',  ( -0.000000000000000000, 1.000000000000000000, 0.000000000000000000 ) ) ;
#625 = EDGE_LOOP ( 'NONE', ( #5370, #1530, #1672, #6500 ) ) ;
#626 = EDGE_CURVE ( 'NONE', #2420, #5406, #3554, .T. ) ;
#627 = FACE_OUTER_BOUND ( 'NONE', #460, .T. ) ;
#628 = VECTOR ( 'NONE', #1325, 1000.000000000000000 ) ;
#629 = ORIENTED_EDGE ( 'NONE', *, *, #3484, .F. ) ;
#630 = FACE_OUTER_BOUND ( 'NONE', #6699, .T. ) ;
#631 = CARTESIAN_POINT ( 'NONE',  ( -6.770000000000001350, 3.269999999999999574, -0.5000000000000000000 ) ) ;
#632 = PLANE ( 'NONE',  #1106 ) ;
#633 = ORIENTED_EDGE ( 'NONE', *, *, #4099, .T. ) ;
#634 = FACE_OUTER_BOUND ( 'NONE', #5974, .T. ) ;
#635 = CARTESIAN_POINT ( 'NONE',  ( -6.769999999999997797, 0.7500000000000000000, 3.270000000000000018 ) ) ;
#636 = ORIENTED_EDGE ( 'NONE', *, *, #1155, .F. ) ;
#637 = DIRECTION ( 'NONE',  ( -0.000000000000000000, -0.000000000000000000, -1.000000000000000000 ) ) ;
#638 = LINE ( 'NONE', #6077, #1169 ) ;
#639 = DIRECTION ( 'NONE',  ( -1.000000000000000000, -0.000000000000000000, -0.000000000000000000 ) ) ;
#640 = CARTESIAN_POINT ( 'NONE',  ( 13.99999999999999822, 0.000000000000000000, -1.749999999999998890 ) ) ;
#641 = VERTEX_POINT ( 'NONE', #2957 ) ;
#642 = ORIENTED_EDGE ( 'NONE', *, *, #3922, .T. ) ;
#643 = ADVANCED_FACE ( 'NONE', ( #5398 ), #2529, .T. ) ;
#644 = EDGE_CURVE ( 'NONE', #3958, #4905, #6753, .T. ) ;
#645 = ORIENTED_EDGE ( 'NONE', *, *, #6530, .T. ) ;
#646 = DIRECTION ( 'NONE',  ( 0.000000000000000000, 0.000000000000000000, 1.000000000000000000 ) ) ;
#647 = DIRECTION ( 'NONE',  ( 0.000000000000000000, 0.000000000000000000, 1.000000000000000000 ) ) ;
#648 = DIRECTION ( 'NONE',  ( -0.000000000000000000, -1.000000000000000000, -0.000000000000000000 ) ) ;
#649 = AXIS2_PLACEMENT_3D ( 'NONE', #4964, #6634, #7402 ) ;
#650 = EDGE_LOOP ( 'NONE', ( #5202, #2512, #883, #1540 ) ) ;
#651 = DIRECTION ( 'NONE',  ( 1.000000000000000000, 0.000000000000000000, -3.652049423109067827E-16 ) ) ;
#652 = EDGE_CURVE ( 'NONE', #5561, #6711, #6112, .T. ) ;
#653 = ORIENTED_EDGE ( 'NONE', *, *, #7609, .T. ) ;
#654 = DIRECTION ( 'NONE',  ( -0.000000000000000000, -0.000000000000000000, -1.000000000000000000 ) ) ;
#655 = DIRECTION ( 'NONE',  ( 0.000000000000000000, 1.000000000000000000, 0.000000000000000000 ) ) ;
#656 = PLANE ( 'NONE',  #2227 ) ;
#657 = EDGE_CURVE ( 'NONE', #3153, #3227, #6149, .T. ) ;
#658 = CARTESIAN_POINT ( 'NONE',  ( -3.200000000000000178, 6.123233995736764803E-17, 0.1000000000000000056 ) ) ;
#659 = LINE ( 'NONE', #697, #7397 ) ;
#660 = VERTEX_POINT ( 'NONE', #635 ) ;
#661 = AXIS2_PLACEMENT_3D ( 'NONE', #5929, #1133, #454 ) ;
#662 = DIRECTION ( 'NONE',  ( -1.000000000000000000, -1.412641267082090664E-16, 0.000000000000000000 ) ) ;
#663 = ORIENTED_EDGE ( 'NONE', *, *, #7736, .F. ) ;
#664 = LINE ( 'NONE', #2520, #5964 ) ;
#665 = DIRECTION ( 'NONE',  ( 1.000000000000000000, 0.000000000000000000, -0.000000000000000000 ) ) ;
#666 =( NAMED_UNIT ( * ) PLANE_ANGLE_UNIT ( ) SI_UNIT ( $, .RADIAN. ) );
#667 = EDGE_CURVE ( 'NONE', #267, #4303, #4316, .T. ) ;
#668 = EDGE_CURVE ( 'NONE', #2497, #3456, #158, .T. ) ;
#669 = DIRECTION ( 'NONE',  ( -0.000000000000000000, -0.000000000000000000, 1.000000000000000000 ) ) ;
#670 = CARTESIAN_POINT ( 'NONE',  ( -8.604945506379110043, 0.4999999999999995559, 9.695652173913043015 ) ) ;
#671 = VERTEX_POINT ( 'NONE', #1237 ) ;
#672 = DIRECTION ( 'NONE',  ( -0.000000000000000000, -0.000000000000000000, 1.000000000000000000 ) ) ;
#673 = CIRCLE ( 'NONE', #1055, 1.500000000000000000 ) ;
#674 = AXIS2_PLACEMENT_3D ( 'NONE', #4469, #2633, #6347 ) ;
#675 = FACE_OUTER_BOUND ( 'NONE', #6584, .T. ) ;
#676 = ORIENTED_EDGE ( 'NONE', *, *, #6087, .F. ) ;
#677 = LINE ( 'NONE', #2448, #2706 ) ;
#678 = DIRECTION ( 'NONE',  ( 0.000000000000000000, 1.000000000000000000, 0.000000000000000000 ) ) ;
#679 = CARTESIAN_POINT ( 'NONE',  ( 15.25000000000000178, 7.500000000000000000, 2.500000000000000888 ) ) ;
#680 = AXIS2_PLACEMENT_3D ( 'NONE', #1062, #2354, #6692 ) ;
#681 = VECTOR ( 'NONE', #1417, 1000.000000000000000 ) ;
#682 = CARTESIAN_POINT ( 'NONE',  ( 16.00000000000000000, 0.4999999999999995559, 8.199999999999997513 ) ) ;
#683 = PRODUCT ( 'SiPM 2x1', 'SiPM 2x1', '', ( #7416 ) ) ;
#684 = ORIENTED_EDGE ( 'NONE', *, *, #4554, .T. ) ;
#685 = ORIENTED_EDGE ( 'NONE', *, *, #7543, .F. ) ;
#686 = PLANE ( 'NONE',  #7014 ) ;
#687 = CARTESIAN_POINT ( 'NONE',  ( -5.049999999999999822, -2.000000000000000000, 0.000000000000000000 ) ) ;
#688 = DIRECTION ( 'NONE',  ( 0.000000000000000000, 0.000000000000000000, 1.000000000000000000 ) ) ;
#689 = PRODUCT_DEFINITION ( 'UNKNOWN', '', #4192, #7656 ) ;
#690 = ADVANCED_FACE ( 'NONE', ( #7354 ), #1320, .T. ) ;
#691 = ORIENTED_EDGE ( 'NONE', *, *, #2105, .T. ) ;
#692 = DIRECTION ( 'NONE',  ( 0.000000000000000000, 0.000000000000000000, 1.000000000000000000 ) ) ;
#693 = ORIENTED_EDGE ( 'NONE', *, *, #7406, .F. ) ;
#694 = FACE_OUTER_BOUND ( 'NONE', #483, .T. ) ;
#695 = DIRECTION ( 'NONE',  ( 1.412641267082090664E-16, 1.000000000000000000, 0.000000000000000000 ) ) ;
#696 = PLANE ( 'NONE',  #4673 ) ;
#697 = CARTESIAN_POINT ( 'NONE',  ( 6.769999999999996909, 3.500000000000000888, 0.000000000000000000 ) ) ;
#698 = EDGE_CURVE ( 'NONE', #5042, #2194, #5221, .T. ) ;
#699 = EDGE_LOOP ( 'NONE', ( #6120, #7134, #2347 ) ) ;
#700 = CARTESIAN_POINT ( 'NONE',  ( 16.00000000000000000, 0.4999999999999995559, 9.000000000000000000 ) ) ;
#701 = VERTEX_POINT ( 'NONE', #7477 ) ;
#702 = VECTOR ( 'NONE', #2619, 1000.000000000000000 ) ;
#703 = DIRECTION ( 'NONE',  ( -0.000000000000000000, -0.000000000000000000, -1.000000000000000000 ) ) ;
#704 = CARTESIAN_POINT ( 'NONE',  ( 16.00000000000000000, 0.000000000000000000, 7.950000000000000178 ) ) ;
#705 = LINE ( 'NONE', #7839, #1318 ) ;
#706 = FACE_OUTER_BOUND ( 'NONE', #3098, .T. ) ;
#707 = DIRECTION ( 'NONE',  ( 0.000000000000000000, 1.000000000000000000, 0.000000000000000000 ) ) ;
#708 = VERTEX_POINT ( 'NONE', #7438 ) ;
#709 = VECTOR ( 'NONE', #3537, 1000.000000000000000 ) ;
#710 = MECHANICAL_DESIGN_GEOMETRIC_PRESENTATION_REPRESENTATION (  '', ( #585 ), #7352 ) ;
#711 = CARTESIAN_POINT ( 'NONE',  ( 17.50000000000000355, 7.500000000000000000, -3.249999999999997780 ) ) ;
#712 = ADVANCED_FACE ( 'NONE', ( #2446 ), #2013, .F. ) ;
#713 = EDGE_CURVE ( 'NONE', #4525, #3336, #4968, .T. ) ;
#714 = CARTESIAN_POINT ( 'NONE',  ( 16.75000000000000000, 0.5000000000000004441, -2.499999999999999556 ) ) ;
#715 = EDGE_LOOP ( 'NONE', ( #4228, #7722, #3380, #2568 ) ) ;
#716 = VECTOR ( 'NONE', #500, 1000.000000000000000 ) ;
#717 = AXIS2_PLACEMENT_3D ( 'NONE', #5316, #1646, #1150 ) ;
#718 = DIRECTION ( 'NONE',  ( 0.000000000000000000, 0.000000000000000000, -1.000000000000000000 ) ) ;
#719 = CYLINDRICAL_SURFACE ( 'NONE', #5016, 0.5000000000000000000 ) ;
#720 = PRESENTATION_LAYER_ASSIGNMENT (  '', '', ( #3012 ) ) ;
#721 = CARTESIAN_POINT ( 'NONE',  ( -16.00000000000000000, 0.4999999999999995559, -1.050000000000000266 ) ) ;
#722 = FACE_OUTER_BOUND ( 'NONE', #1673, .T. ) ;
#723 = ORIENTED_EDGE ( 'NONE', *, *, #2755, .T. ) ;
#724 = ADVANCED_FACE ( 'NONE', ( #4440 ), #5473, .F. ) ;
#725 = ORIENTED_EDGE ( 'NONE', *, *, #6047, .F. ) ;
#726 = AXIS2_PLACEMENT_3D ( 'NONE', #5568, #6370, #3851 ) ;
#727 = ORIENTED_EDGE ( 'NONE', *, *, #7396, .F. ) ;
#728 = APPLICATION_CONTEXT ( 'automotive_design' ) ;
#729 = LINE ( 'NONE', #4251, #3560 ) ;
#730 = LINE ( 'NONE', #4976, #2152 ) ;
#731 = CARTESIAN_POINT ( 'NONE',  ( -17.50000000000000000, 0.000000000000000000, 1.500000000000001332 ) ) ;
#732 = DIRECTION ( 'NONE',  ( 0.000000000000000000, 1.000000000000000000, 0.000000000000000000 ) ) ;
#733 = VECTOR ( 'NONE', #6222, 1000.000000000000000 ) ;
#734 = ORIENTED_EDGE ( 'NONE', *, *, #2046, .T. ) ;
#735 = VERTEX_POINT ( 'NONE', #6870 ) ;
#736 = PLANE ( 'NONE',  #3513 ) ;
#737 = DIRECTION ( 'NONE',  ( 0.000000000000000000, 1.000000000000000000, 0.000000000000000000 ) ) ;
#738 = ADVANCED_FACE ( 'NONE', ( #675 ), #1847, .T. ) ;
#739 = PLANE ( 'NONE',  #5157 ) ;
#740 = FACE_OUTER_BOUND ( 'NONE', #625, .T. ) ;
#741 = LINE ( 'NONE', #2627, #4587 ) ;
#742 = ORIENTED_EDGE ( 'NONE', *, *, #2225, .F. ) ;
#743 = VECTOR ( 'NONE', #6021, 1000.000000000000000 ) ;
#744 = FACE_OUTER_BOUND ( 'NONE', #5988, .T. ) ;
#745 = ORIENTED_EDGE ( 'NONE', *, *, #4176, .T. ) ;
#746 = EDGE_CURVE ( 'NONE', #106, #2539, #73, .T. ) ;
#747 = VECTOR ( 'NONE', #4084, 1000.000000000000000 ) ;
#748 = CARTESIAN_POINT ( 'NONE',  ( 9.000000000000001776, 0.000000000000000000, 8.999999999999998224 ) ) ;
#749 = EDGE_CURVE ( 'NONE', #2240, #1780, #6826, .T. ) ;
#750 = VECTOR ( 'NONE', #4946, 1000.000000000000000 ) ;
#751 = DIRECTION ( 'NONE',  ( -0.000000000000000000, -0.000000000000000000, -1.000000000000000000 ) ) ;
#752 = CARTESIAN_POINT ( 'NONE',  ( 9.000000000000000000, 0.000000000000000000, -9.000000000000001776 ) ) ;
#753 = FACE_OUTER_BOUND ( 'NONE', #5070, .T. ) ;
#754 = LINE ( 'NONE', #1966, #5832 ) ;
#755 = PRODUCT ( 'PTFE Wrap', 'PTFE Wrap', '', ( #2179 ) ) ;
#756 = ORIENTED_EDGE ( 'NONE', *, *, #433, .F. ) ;
#757 = VECTOR ( 'NONE', #3116, 1000.000000000000000 ) ;
#758 = CARTESIAN_POINT ( 'NONE',  ( -6.569999999999999396, 0.1750000000000000167, -3.069999999999999396 ) ) ;
#759 = CARTESIAN_POINT ( 'NONE',  ( -16.00000000000000000, 0.000000000000000000, -1.500000000000000666 ) ) ;
#760 = ORIENTED_EDGE ( 'NONE', *, *, #3855, .F. ) ;
#761 = DIRECTION ( 'NONE',  ( 0.000000000000000000, -0.000000000000000000, 1.000000000000000000 ) ) ;
#762 = FACE_OUTER_BOUND ( 'NONE', #5251, .T. ) ;
#763 = DIRECTION ( 'NONE',  ( 0.000000000000000000, 0.000000000000000000, 1.000000000000000000 ) ) ;
#764 = EDGE_CURVE ( 'NONE', #6586, #1681, #6618, .T. ) ;
#765 = ORIENTED_EDGE ( 'NONE', *, *, #2036, .F. ) ;
#766 = ORIENTED_EDGE ( 'NONE', *, *, #4030, .T. ) ;
#767 = VERTEX_POINT ( 'NONE', #1358 ) ;
#768 = CARTESIAN_POINT ( 'NONE',  ( 6.570000000000000284, 3.069999999999998508, -1.074999999999999956 ) ) ;
#769 = DIRECTION ( 'NONE',  ( 0.000000000000000000, 0.000000000000000000, -1.000000000000000000 ) ) ;
#770 = CARTESIAN_POINT ( 'NONE',  ( -9.500000000000005329, 7.500000000000000000, -9.500000000000000000 ) ) ;
#771 = EDGE_CURVE ( 'NONE', #3249, #1861, #5512, .T. ) ;
#772 = LINE ( 'NONE', #7455, #6700 ) ;
#773 = ORIENTED_EDGE ( 'NONE', *, *, #4750, .F. ) ;
#774 = SHAPE_DEFINITION_REPRESENTATION ( #1979, #6776 ) ;
#775 = EDGE_LOOP ( 'NONE', ( #1407, #6024, #2988, #2474 ) ) ;
#776 = DIRECTION ( 'NONE',  ( -0.000000000000000000, -1.000000000000000000, -0.000000000000000000 ) ) ;
#777 = LINE ( 'NONE', #3329, #1823 ) ;
#778 = CARTESIAN_POINT ( 'NONE',  ( -6.800000000000000711, -3.299999999999999822, -1.399999999999999911 ) ) ;
#779 = DIRECTION ( 'NONE',  ( -1.000000000000000000, -0.000000000000000000, -0.000000000000000000 ) ) ;
#780 = VECTOR ( 'NONE', #7757, 1000.000000000000000 ) ;
#781 = ORIENTED_EDGE ( 'NONE', *, *, #4902, .T. ) ;
#782 = EDGE_LOOP ( 'NONE', ( #6982, #4449, #5831, #7792 ) ) ;
#783 = LINE ( 'NONE', #5706, #3396 ) ;
#784 = AXIS2_PLACEMENT_3D ( 'NONE', #5170, #1451, #5093 ) ;
#785 = CARTESIAN_POINT ( 'NONE',  ( -7.864218330839943150, 0.4999999999999995559, 11.00000000000000000 ) ) ;
#786 = CARTESIAN_POINT ( 'NONE',  ( -16.00000000000000000, 0.4999999999999995559, 1.734723475976807094E-15 ) ) ;
#787 = DIRECTION ( 'NONE',  ( 1.577721810442023611E-30, 9.829871458033890529E-31, 1.000000000000000000 ) ) ;
#788 = FACE_BOUND ( 'NONE', #3571, .T. ) ;
#789 = DIRECTION ( 'NONE',  ( -0.000000000000000000, 0.000000000000000000, 1.000000000000000000 ) ) ;
#790 = VERTEX_POINT ( 'NONE', #4917 ) ;
#791 = EDGE_CURVE ( 'NONE', #5742, #2356, #1556, .T. ) ;
#792 = EDGE_CURVE ( 'NONE', #4178, #6481, #5232, .T. ) ;
#793 = CARTESIAN_POINT ( 'NONE',  ( -5.000000000000000000, 2.799999999999999822, 0.1000000000000000056 ) ) ;
#794 = VECTOR ( 'NONE', #3759, 1000.000000000000000 ) ;
#795 = DIRECTION ( 'NONE',  ( -1.236061108696829207E-16, -0.000000000000000000, -1.000000000000000000 ) ) ;
#796 = ORIENTED_EDGE ( 'NONE', *, *, #2416, .F. ) ;
#797 = VECTOR ( 'NONE', #46, 1000.000000000000000 ) ;
#798 = FACE_OUTER_BOUND ( 'NONE', #4656, .T. ) ;
#799 = LINE ( 'NONE', #200, #1692 ) ;
#800 = CARTESIAN_POINT ( 'NONE',  ( 0.000000000000000000, 7.500000000000000000, 0.000000000000000000 ) ) ;
#801 = VECTOR ( 'NONE', #4047, 1000.000000000000000 ) ;
#802 = CARTESIAN_POINT ( 'NONE',  ( 3.700000000000000178, 2.000000000000000000, 0.1000000000000000056 ) ) ;
#803 = CARTESIAN_POINT ( 'NONE',  ( 1.850000000000000311, -2.000000000000000000, 0.1000000000000000056 ) ) ;
#804 = ORIENTED_EDGE ( 'NONE', *, *, #5994, .T. ) ;
#805 = VECTOR ( 'NONE', #5504, 1000.000000000000000 ) ;
#806 = EDGE_CURVE ( 'NONE', #1196, #6858, #7016, .T. ) ;
#807 = AXIS2_PLACEMENT_3D ( 'NONE', #373, #409, #2850 ) ;
#808 = VERTEX_POINT ( 'NONE', #834 ) ;
#809 = EDGE_LOOP ( 'NONE', ( #734, #4075, #2447, #2842 ) ) ;
#810 = ORIENTED_EDGE ( 'NONE', *, *, #4813, .T. ) ;
#811 = AXIS2_PLACEMENT_3D ( 'NONE', #6098, #6735, #6132 ) ;
#812 = DIRECTION ( 'NONE',  ( 0.000000000000000000, 0.000000000000000000, 1.000000000000000000 ) ) ;
#813 = DIRECTION ( 'NONE',  ( -0.000000000000000000, -0.000000000000000000, 1.000000000000000000 ) ) ;
#814 = DIRECTION ( 'NONE',  ( 1.239088197126291063E-16, -1.000000000000000000, 0.000000000000000000 ) ) ;
#815 = DIRECTION ( 'NONE',  ( 0.000000000000000000, 1.000000000000000000, 0.000000000000000000 ) ) ;
#816 = ORIENTED_EDGE ( 'NONE', *, *, #6610, .T. ) ;
#817 = ADVANCED_FACE ( 'NONE', ( #2719 ), #874, .F. ) ;
#818 = ORIENTED_EDGE ( 'NONE', *, *, #838, .T. ) ;
#819 = EDGE_CURVE ( 'NONE', #6355, #4859, #884, .T. ) ;
#820 = PLANE ( 'NONE',  #2896 ) ;
#821 = CARTESIAN_POINT ( 'NONE',  ( 3.700000000000000178, -2.000000000000000000, 0.1000000000000000056 ) ) ;
#822 = CARTESIAN_POINT ( 'NONE',  ( -17.50000000000000000, 0.000000000000000000, 1.500000000000001332 ) ) ;
#823 = DIRECTION ( 'NONE',  ( 0.000000000000000000, -0.000000000000000000, 1.000000000000000000 ) ) ;
#824 = ORIENTED_EDGE ( 'NONE', *, *, #870, .F. ) ;
#825 = ORIENTED_EDGE ( 'NONE', *, *, #6910, .F. ) ;
#826 = DIRECTION ( 'NONE',  ( -0.000000000000000000, -0.000000000000000000, -1.000000000000000000 ) ) ;
#827 = FACE_OUTER_BOUND ( 'NONE', #2293, .T. ) ;
#828 = CARTESIAN_POINT ( 'NONE',  ( 0.000000000000000000, 0.000000000000000000, 0.000000000000000000 ) ) ;
#829 = DIRECTION ( 'NONE',  ( 1.000000000000000000, 0.000000000000000000, 0.000000000000000000 ) ) ;
#830 = DIRECTION ( 'NONE',  ( 0.000000000000000000, 0.000000000000000000, 1.000000000000000000 ) ) ;
#831 = ORIENTED_EDGE ( 'NONE', *, *, #3806, .T. ) ;
#832 = DIRECTION ( 'NONE',  ( 1.000000000000000000, 0.000000000000000000, 0.000000000000000000 ) ) ;
#833 = AXIS2_PLACEMENT_3D ( 'NONE', #3856, #815, #2697 ) ;
#834 = CARTESIAN_POINT ( 'NONE',  ( 7.864218330839944926, 0.4999999999999995559, 9.500000000000000000 ) ) ;
#835 = VERTEX_POINT ( 'NONE', #6392 ) ;
#836 = DIRECTION ( 'NONE',  ( 0.000000000000000000, 0.000000000000000000, 1.000000000000000000 ) ) ;
#837 = DIRECTION ( 'NONE',  ( 0.000000000000000000, 0.000000000000000000, 1.000000000000000000 ) ) ;
#838 = EDGE_CURVE ( 'NONE', #4488, #6622, #2168, .T. ) ;
#839 = CARTESIAN_POINT ( 'NONE',  ( -9.250000000000001776, -3.249999999999999556, 0.2500000000000000000 ) ) ;
#840 = FACE_OUTER_BOUND ( 'NONE', #1489, .T. ) ;
#841 = CIRCLE ( 'NONE', #2000, 1.500000000000000000 ) ;
#842 = VECTOR ( 'NONE', #4181, 1000.000000000000000 ) ;
#843 = CARTESIAN_POINT ( 'NONE',  ( -9.250000000000001776, 3.499999999999999556, -18.50000000000000000 ) ) ;
#844 = ORIENTED_EDGE ( 'NONE', *, *, #7854, .T. ) ;
#845 = ORIENTED_EDGE ( 'NONE', *, *, #2472, .F. ) ;
#846 = VECTOR ( 'NONE', #898, 1000.000000000000000 ) ;
#847 = AXIS2_PLACEMENT_3D ( 'NONE', #7275, #1801, #6667 ) ;
#848 = ORIENTED_EDGE ( 'NONE', *, *, #3132, .F. ) ;
#849 = EDGE_CURVE ( 'NONE', #3704, #5354, #3992, .T. ) ;
#850 = DIRECTION ( 'NONE',  ( -1.000000000000000000, -0.000000000000000000, -0.000000000000000000 ) ) ;
#851 = CARTESIAN_POINT ( 'NONE',  ( 3.700000000000000178, -2.000000000000000000, 0.1000000000000000056 ) ) ;
#852 = EDGE_CURVE ( 'NONE', #4441, #856, #7555, .T. ) ;
#853 = CARTESIAN_POINT ( 'NONE',  ( -4.200000000000000178, -2.000000000000000000, 0.1000000000000000056 ) ) ;
#854 = DIRECTION ( 'NONE',  ( -0.000000000000000000, 0.000000000000000000, -1.000000000000000000 ) ) ;
#855 = ORIENTED_EDGE ( 'NONE', *, *, #5120, .F. ) ;
#856 = VERTEX_POINT ( 'NONE', #7670 ) ;
#857 = DIRECTION ( 'NONE',  ( 1.000000000000000000, 0.000000000000000000, 0.000000000000000000 ) ) ;
#858 = AXIS2_PLACEMENT_3D ( 'NONE', #7807, #1962, #4910 ) ;
#859 = DIRECTION ( 'NONE',  ( -0.000000000000000000, 1.000000000000000000, -0.000000000000000000 ) ) ;
#860 = DIRECTION ( 'NONE',  ( 1.412641267082090664E-16, 1.000000000000000000, -0.000000000000000000 ) ) ;
#861 = DIRECTION ( 'NONE',  ( 1.000000000000000000, 0.000000000000000000, 0.000000000000000000 ) ) ;
#862 = ADVANCED_FACE ( 'NONE', ( #277 ), #6992, .F. ) ;
#863 = EDGE_LOOP ( 'NONE', ( #4533, #4657, #5469, #4785 ) ) ;
#864 = VERTEX_POINT ( 'NONE', #3379 ) ;
#865 = FACE_OUTER_BOUND ( 'NONE', #3080, .T. ) ;
#866 = CARTESIAN_POINT ( 'NONE',  ( 9.249999999999998224, -3.249999999999999556, -18.25000000000000000 ) ) ;
#867 = LINE ( 'NONE', #2117, #168 ) ;
#868 = DIRECTION ( 'NONE',  ( 0.000000000000000000, 1.000000000000000000, -0.000000000000000000 ) ) ;
#869 = AXIS2_PLACEMENT_3D ( 'NONE', #4314, #2527, #6751 ) ;
#870 = EDGE_CURVE ( 'NONE', #6363, #1903, #7595, .T. ) ;
#871 = ORIENTED_EDGE ( 'NONE', *, *, #4239, .F. ) ;
#872 = CARTESIAN_POINT ( 'NONE',  ( 6.770000000000000462, 0.7500000000000000000, -3.270000000000000018 ) ) ;
#873 = VECTOR ( 'NONE', #3192, 1000.000000000000000 ) ;
#874 = PLANE ( 'NONE',  #4329 ) ;
#875 = ORIENTED_EDGE ( 'NONE', *, *, #3874, .T. ) ;
#876 = CARTESIAN_POINT ( 'NONE',  ( 0.000000000000000000, 0.4999999999999995559, 0.000000000000000000 ) ) ;
#877 = CARTESIAN_POINT ( 'NONE',  ( -6.800000000000000711, -3.299999999999999822, 0.000000000000000000 ) ) ;
#878 = DIRECTION ( 'NONE',  ( 0.000000000000000000, 0.000000000000000000, 1.000000000000000000 ) ) ;
#879 = CYLINDRICAL_SURFACE ( 'NONE', #6728, 0.5500000000000010436 ) ;
#880 = CIRCLE ( 'NONE', #5470, 0.5000000000000000000 ) ;
#881 =( REPRESENTATION_RELATIONSHIP ('NONE','NONE', #7817, #4334 ) REPRESENTATION_RELATIONSHIP_WITH_TRANSFORMATION ( #7499 )SHAPE_REPRESENTATION_RELATIONSHIP( ) );
#882 = DIRECTION ( 'NONE',  ( 1.000000000000000000, 0.000000000000000000, -1.858632295689434870E-16 ) ) ;
#883 = ORIENTED_EDGE ( 'NONE', *, *, #330, .F. ) ;
#884 = CIRCLE ( 'NONE', #3561, 0.2500000000000002220 ) ;
#885 = VERTEX_POINT ( 'NONE', #6950 ) ;
#886 = DIRECTION ( 'NONE',  ( -1.000000000000000000, 0.000000000000000000, -0.000000000000000000 ) ) ;
#887 = VERTEX_POINT ( 'NONE', #2051 ) ;
#888 = PLANE ( 'NONE',  #533 ) ;
#889 = CARTESIAN_POINT ( 'NONE',  ( -0.4300000000000025469, 3.070000000000000284, -1.074999999999999956 ) ) ;
#890 = DIRECTION ( 'NONE',  ( 0.000000000000000000, 0.000000000000000000, -1.000000000000000000 ) ) ;
#891 = CARTESIAN_POINT ( 'NONE',  ( -3.700000000000000178, 0.000000000000000000, 0.000000000000000000 ) ) ;
#892 = ADVANCED_FACE ( 'NONE', ( #4603 ), #3838, .F. ) ;
#893 = EDGE_CURVE ( 'NONE', #7719, #431, #250, .T. ) ;
#894 = ORIENTED_EDGE ( 'NONE', *, *, #6579, .T. ) ;
#895 = ORIENTED_EDGE ( 'NONE', *, *, #5693, .F. ) ;
#896 = DIRECTION ( 'NONE',  ( 0.000000000000000000, 1.000000000000000000, 0.000000000000000000 ) ) ;
#897 = CARTESIAN_POINT ( 'NONE',  ( 0.4300000000000022138, 0.1750000000000000167, 3.070000000000000284 ) ) ;
#898 = DIRECTION ( 'NONE',  ( -0.000000000000000000, 1.000000000000000000, -0.000000000000000000 ) ) ;
#899 = EDGE_LOOP ( 'NONE', ( #615, #2816, #6094, #7531 ) ) ;
#900 = EDGE_CURVE ( 'NONE', #3173, #3334, #2302, .T. ) ;
#901 = EDGE_LOOP ( 'NONE', ( #6833, #3864 ) ) ;
#902 = FILL_AREA_STYLE ('',( #4547 ) ) ;
#903 = EDGE_CURVE ( 'NONE', #3891, #864, #3301, .T. ) ;
#904 = LINE ( 'NONE', #5707, #3230 ) ;
#905 = CARTESIAN_POINT ( 'NONE',  ( 3.200000000000000622, 0.000000000000000000, 0.1000000000000000056 ) ) ;
#906 = DIRECTION ( 'NONE',  ( -1.000000000000000000, 0.000000000000000000, 0.000000000000000000 ) ) ;
#907 = ORIENTED_EDGE ( 'NONE', *, *, #1607, .T. ) ;
#908 = CARTESIAN_POINT ( 'NONE',  ( 4.200000000000000178, 6.123233995736766036E-17, 0.1000000000000000056 ) ) ;
#909 = VECTOR ( 'NONE', #6474, 1000.000000000000000 ) ;
#910 = EDGE_CURVE ( 'NONE', #1153, #7143, #4556, .T. ) ;
#911 = CARTESIAN_POINT ( 'NONE',  ( 15.50000000000000178, 0.000000000000000000, 6.050000000000000711 ) ) ;
#912 = ORIENTED_EDGE ( 'NONE', *, *, #35, .F. ) ;
#913 =( GEOMETRIC_REPRESENTATION_CONTEXT ( 3 ) GLOBAL_UNCERTAINTY_ASSIGNED_CONTEXT ( ( #118 ) ) GLOBAL_UNIT_ASSIGNED_CONTEXT ( ( #2951, #7348, #7195 ) ) REPRESENTATION_CONTEXT ( 'NONE', 'WORKASPACE' ) );
#914 = EDGE_CURVE ( 'NONE', #7824, #2253, #6434, .T. ) ;
#915 = FACE_OUTER_BOUND ( 'NONE', #4062, .T. ) ;
#916 = LINE ( 'NONE', #5315, #6917 ) ;
#917 = CARTESIAN_POINT ( 'NONE',  ( -6.770000000000003126, 3.500000000000000888, 0.5000000000000000000 ) ) ;
#918 = CARTESIAN_POINT ( 'NONE',  ( 16.75000000000000000, 7.500000000000000000, -6.100000000000001421 ) ) ;
#919 = LINE ( 'NONE', #5878, #5477 ) ;
#920 = AXIS2_PLACEMENT_3D ( 'NONE', #7849, #1772, #4965 ) ;
#921 = ORIENTED_EDGE ( 'NONE', *, *, #7818, .F. ) ;
#922 = VECTOR ( 'NONE', #1412, 1000.000000000000000 ) ;
#923 = APPLICATION_PROTOCOL_DEFINITION ( 'draft international standard', 'automotive_design', 1998, #5783 ) ;
#924 = CARTESIAN_POINT ( 'NONE',  ( -9.250000000000001776, -3.249999999999999556, 0.2500000000000000000 ) ) ;
#925 = EDGE_LOOP ( 'NONE', ( #3358, #2717, #3420 ) ) ;
#926 = SURFACE_STYLE_USAGE ( .BOTH. , #4007 ) ;
#927 = CARTESIAN_POINT ( 'NONE',  ( 16.75000000000000000, 0.5000000000000004441, -4.000000000000000000 ) ) ;
#928 = LINE ( 'NONE', #5366, #5274 ) ;
#929 = CIRCLE ( 'NONE', #2086, 1.049999999999998934 ) ;
#930 = DIRECTION ( 'NONE',  ( 4.956352788505166226E-16, 0.000000000000000000, -1.000000000000000000 ) ) ;
#931 = ORIENTED_EDGE ( 'NONE', *, *, #792, .F. ) ;
#932 = AXIS2_PLACEMENT_3D ( 'NONE', #6863, #5036, #7469 ) ;
#933 = ORIENTED_EDGE ( 'NONE', *, *, #5632, .T. ) ;
#934 = VECTOR ( 'NONE', #1825, 1000.000000000000000 ) ;
#935 = CARTESIAN_POINT ( 'NONE',  ( 6.570000000000001172, 0.1750000000000000167, -3.069999999999999840 ) ) ;
#936 = EDGE_CURVE ( 'NONE', #2734, #5561, #6376, .T. ) ;
#937 = EDGE_CURVE ( 'NONE', #4818, #2194, #6309, .T. ) ;
#938 = DIRECTION ( 'NONE',  ( 1.000000000000000000, 0.000000000000000000, -0.000000000000000000 ) ) ;
#939 = ORIENTED_EDGE ( 'NONE', *, *, #6136, .F. ) ;
#940 = ORIENTED_EDGE ( 'NONE', *, *, #5654, .F. ) ;
#941 = ORIENTED_EDGE ( 'NONE', *, *, #5552, .T. ) ;
#942 = DIRECTION ( 'NONE',  ( 0.000000000000000000, 0.000000000000000000, 1.000000000000000000 ) ) ;
#943 = PLANE ( 'NONE',  #5206 ) ;
#944 = DIRECTION ( 'NONE',  ( -1.000000000000000000, 1.236061108696829207E-16, 0.000000000000000000 ) ) ;
#945 = EDGE_CURVE ( 'NONE', #7305, #4831, #1225, .T. ) ;
#946 = DIRECTION ( 'NONE',  ( 0.000000000000000000, 0.000000000000000000, -1.000000000000000000 ) ) ;
#947 = VERTEX_POINT ( 'NONE', #5945 ) ;
#948 = FACE_OUTER_BOUND ( 'NONE', #699, .T. ) ;
#949 = DIRECTION ( 'NONE',  ( -0.000000000000000000, -1.000000000000000000, -0.000000000000000000 ) ) ;
#950 = ORIENTED_EDGE ( 'NONE', *, *, #477, .T. ) ;
#951 = LINE ( 'NONE', #7798, #7814 ) ;
#952 = CYLINDRICAL_SURFACE ( 'NONE', #7174, 0.8000000000000003775 ) ;
#953 = DIRECTION ( 'NONE',  ( -1.000000000000000000, -0.000000000000000000, -0.000000000000000000 ) ) ;
#954 = LINE ( 'NONE', #4645, #4698 ) ;
#955 = DIRECTION ( 'NONE',  ( 0.000000000000000000, 0.000000000000000000, 1.000000000000000000 ) ) ;
#956 = VERTEX_POINT ( 'NONE', #1110 ) ;
#957 = AXIS2_PLACEMENT_3D ( 'NONE', #6288, #6928, #854 ) ;
#958 = EDGE_CURVE ( 'NONE', #6879, #5222, #2139, .T. ) ;
#959 = ORIENTED_EDGE ( 'NONE', *, *, #3291, .F. ) ;
#960 = CONTEXT_DEPENDENT_SHAPE_REPRESENTATION ( #1707, #3436 ) ;
#961 = CARTESIAN_POINT ( 'NONE',  ( 16.00000000000000000, 7.500000000000000000, -9.000000000000000000 ) ) ;
#962 = VERTEX_POINT ( 'NONE', #4719 ) ;
#963 = VECTOR ( 'NONE', #1300, 1000.000000000000000 ) ;
#964 = CARTESIAN_POINT ( 'NONE',  ( -9.500000000000001776, -3.249999999999999556, -18.50000000000000000 ) ) ;
#965 = DIRECTION ( 'NONE',  ( -1.000000000000000000, -0.000000000000000000, -0.000000000000000000 ) ) ;
#966 = CARTESIAN_POINT ( 'NONE',  ( -0.4300000000000032685, -3.069999999999998952, -1.074999999999999956 ) ) ;
#967 = CARTESIAN_POINT ( 'NONE',  ( -1.849999999999999645, 2.000000000000000000, 0.1000000000000000056 ) ) ;
#968 = ADVANCED_FACE ( 'NONE', ( #2913 ), #1682, .F. ) ;
#969 = VECTOR ( 'NONE', #3699, 1000.000000000000000 ) ;
#970 = VECTOR ( 'NONE', #3486, 1000.000000000000000 ) ;
#971 = ORIENTED_EDGE ( 'NONE', *, *, #3821, .F. ) ;
#972 = VERTEX_POINT ( 'NONE', #1147 ) ;
#973 = DIRECTION ( 'NONE',  ( -1.000000000000000000, -1.239088197126291063E-16, -0.000000000000000000 ) ) ;
#974 = VECTOR ( 'NONE', #1902, 1000.000000000000000 ) ;
#975 = AXIS2_PLACEMENT_3D ( 'NONE', #4955, #6107, #4996 ) ;
#976 = CARTESIAN_POINT ( 'NONE',  ( 4.200000000000000178, 2.000000000000000000, 0.1000000000000000056 ) ) ;
#977 = COLOUR_RGB ( '',0.7921568627450980005, 0.8196078431372548767, 0.9333333333333333481 ) ;
#978 = ORIENTED_EDGE ( 'NONE', *, *, #209, .F. ) ;
#979 = ORIENTED_EDGE ( 'NONE', *, *, #3568, .T. ) ;
#980 = AXIS2_PLACEMENT_3D ( 'NONE', #4874, #1151, #7232 ) ;
#981 = ORIENTED_EDGE ( 'NONE', *, *, #1085, .T. ) ;
#982 = DIRECTION ( 'NONE',  ( 1.000000000000000000, 0.000000000000000000, 0.000000000000000000 ) ) ;
#983 = FACE_OUTER_BOUND ( 'NONE', #1649, .T. ) ;
#984 = CARTESIAN_POINT ( 'NONE',  ( -3.700000000000000178, -2.000000000000000000, 0.1000000000000000056 ) ) ;
#985 = VERTEX_POINT ( 'NONE', #3581 ) ;
#986 = AXIS2_PLACEMENT_3D ( 'NONE', #7129, #3398, #6486 ) ;
#987 = DIRECTION ( 'NONE',  ( 0.000000000000000000, 0.000000000000000000, -1.000000000000000000 ) ) ;
#988 = ADVANCED_FACE ( 'NONE', ( #5353 ), #2245, .T. ) ;
#989 = EDGE_CURVE ( 'NONE', #2975, #6206, #435, .T. ) ;
#990 = ADVANCED_FACE ( 'NONE', ( #3543 ), #551, .T. ) ;
#991 = ORIENTED_EDGE ( 'NONE', *, *, #4072, .T. ) ;
#992 = UNCERTAINTY_MEASURE_WITH_UNIT (LENGTH_MEASURE( 1.000000000000000082E-05 ), #3223, 'distance_accuracy_value', 'NONE');
#993 = CARTESIAN_POINT ( 'NONE',  ( -17.50000000000000000, 7.500000000000000000, 5.204170427930421283E-15 ) ) ;
#994 = ORIENTED_EDGE ( 'NONE', *, *, #4882, .F. ) ;
#995 = DIRECTION ( 'NONE',  ( -1.000000000000000000, 0.000000000000000000, -0.000000000000000000 ) ) ;
#996 = DIRECTION ( 'NONE',  ( 0.000000000000000000, 0.000000000000000000, 1.000000000000000000 ) ) ;
#997 = DIRECTION ( 'NONE',  ( 1.000000000000000000, 0.000000000000000000, 0.000000000000000000 ) ) ;
#998 = FACE_OUTER_BOUND ( 'NONE', #7509, .T. ) ;
#999 = CARTESIAN_POINT ( 'NONE',  ( 9.000000000000001776, 6.000000000000000000, 8.999999999999998224 ) ) ;
#1000 = ORIENTED_EDGE ( 'NONE', *, *, #7818, .T. ) ;
#1001 = ORIENTED_EDGE ( 'NONE', *, *, #3802, .T. ) ;
#1002 = AXIS2_PLACEMENT_3D ( 'NONE', #6991, #1519, #3956 ) ;
#1003 = ADVANCED_FACE ( 'NONE', ( #7874 ), #4753, .T. ) ;
#1004 = CARTESIAN_POINT ( 'NONE',  ( 16.00000000000000000, 7.500000000000000000, -10.50000000000000355 ) ) ;
#1005 = ORIENTED_EDGE ( 'NONE', *, *, #71, .T. ) ;
#1006 = LINE ( 'NONE', #2737, #2782 ) ;
#1007 = EDGE_CURVE ( 'NONE', #956, #962, #514, .T. ) ;
#1008 = AXIS2_PLACEMENT_3D ( 'NONE', #3070, #1927, #6188 ) ;
#1009 = CARTESIAN_POINT ( 'NONE',  ( 4.200000000000000178, 6.123233995736763571E-17, 0.1000000000000000056 ) ) ;
#1010 = CARTESIAN_POINT ( 'NONE',  ( 6.770000000000000462, 0.000000000000000000, -3.270000000000000018 ) ) ;
#1011 = CIRCLE ( 'NONE', #6116, 0.4999999999999995559 ) ;
#1012 = EDGE_LOOP ( 'NONE', ( #49, #7326, #3623, #3509 ) ) ;
#1013 = EDGE_LOOP ( 'NONE', ( #1918, #7280, #4450, #3701 ) ) ;
#1014 = EDGE_CURVE ( 'NONE', #5330, #2734, #5826, .T. ) ;
#1015 = LINE ( 'NONE', #416, #4634 ) ;
#1016 = FACE_OUTER_BOUND ( 'NONE', #6197, .T. ) ;
#1017 = ORIENTED_EDGE ( 'NONE', *, *, #6897, .F. ) ;
#1018 = ORIENTED_EDGE ( 'NONE', *, *, #5972, .T. ) ;
#1019 = ORIENTED_EDGE ( 'NONE', *, *, #4577, .F. ) ;
#1020 = ORIENTED_EDGE ( 'NONE', *, *, #3218, .T. ) ;
#1021 = CARTESIAN_POINT ( 'NONE',  ( 16.00000000000000000, 7.500000000000000000, 3.250000000000001332 ) ) ;
#1022 = LINE ( 'NONE', #5901, #2470 ) ;
#1023 = CARTESIAN_POINT ( 'NONE',  ( 7.864218330839943150, 0.4999999999999995559, -11.00000000000000000 ) ) ;
#1024 = VERTEX_POINT ( 'NONE', #2322 ) ;
#1025 = LINE ( 'NONE', #7074, #3414 ) ;
#1026 =( REPRESENTATION_RELATIONSHIP ('NONE','NONE', #7817, #6732 ) REPRESENTATION_RELATIONSHIP_WITH_TRANSFORMATION ( #5021 )SHAPE_REPRESENTATION_RELATIONSHIP( ) );
#1027 = ORIENTED_EDGE ( 'NONE', *, *, #2183, .T. ) ;
#1028 = DIRECTION ( 'NONE',  ( 1.000000000000000000, 1.084202172485504927E-16, -0.000000000000000000 ) ) ;
#1029 = VERTEX_POINT ( 'NONE', #4028 ) ;
#1030 = DIRECTION ( 'NONE',  ( 0.000000000000000000, 0.000000000000000000, -1.000000000000000000 ) ) ;
#1031 = DIRECTION ( 'NONE',  ( 1.000000000000000000, 0.000000000000000000, 0.000000000000000000 ) ) ;
#1032 = LINE ( 'NONE', #1115, #5703 ) ;
#1033 = CARTESIAN_POINT ( 'NONE',  ( 15.49999999999999822, 0.000000000000000000, -0.2499999999999993616 ) ) ;
#1034 = ADVANCED_FACE ( 'NONE', ( #7191 ), #1069, .T. ) ;
#1035 = DIRECTION ( 'NONE',  ( -0.000000000000000000, -1.000000000000000000, -0.000000000000000000 ) ) ;
#1036 = ORIENTED_EDGE ( 'NONE', *, *, #1454, .T. ) ;
#1037 = VECTOR ( 'NONE', #6436, 1000.000000000000000 ) ;
#1038 = VERTEX_POINT ( 'NONE', #1597 ) ;
#1039 = PLANE ( 'NONE',  #5606 ) ;
#1040 = VERTEX_POINT ( 'NONE', #993 ) ;
#1041 = CARTESIAN_POINT ( 'NONE',  ( 16.00000000000000000, 7.500000000000000000, 9.800000000000000711 ) ) ;
#1042 = DIRECTION ( 'NONE',  ( 1.000000000000000000, -0.000000000000000000, -0.000000000000000000 ) ) ;
#1043 = LINE ( 'NONE', #5249, #4640 ) ;
#1044 =( GEOMETRIC_REPRESENTATION_CONTEXT ( 3 ) GLOBAL_UNCERTAINTY_ASSIGNED_CONTEXT ( ( #1960 ) ) GLOBAL_UNIT_ASSIGNED_CONTEXT ( ( #3105, #3262, #4471 ) ) REPRESENTATION_CONTEXT ( 'NONE', 'WORKASPACE' ) );
#1045 = EDGE_CURVE ( 'NONE', #5312, #7738, #1721, .T. ) ;
#1046 = CARTESIAN_POINT ( 'NONE',  ( -9.695652173913044791, 0.4999999999999995559, 8.604945506379111819 ) ) ;
#1047 = AXIS2_PLACEMENT_3D ( 'NONE', #6764, #6125, #647 ) ;
#1048 = VERTEX_POINT ( 'NONE', #4153 ) ;
#1049 = ORIENTED_EDGE ( 'NONE', *, *, #3355, .F. ) ;
#1050 = VECTOR ( 'NONE', #2026, 1000.000000000000000 ) ;
#1051 = CARTESIAN_POINT ( 'NONE',  ( -16.00000000000000000, 0.000000000000000000, 1.500000000000001998 ) ) ;
#1052 = CARTESIAN_POINT ( 'NONE',  ( -6.570000000000002061, 3.070000000000000284, -1.074999999999999956 ) ) ;
#1053 = DIRECTION ( 'NONE',  ( 1.000000000000000000, 0.000000000000000000, -0.000000000000000000 ) ) ;
#1054 = ORIENTED_EDGE ( 'NONE', *, *, #5800, .T. ) ;
#1055 = AXIS2_PLACEMENT_3D ( 'NONE', #1549, #3986, #4630 ) ;
#1056 = VERTEX_POINT ( 'NONE', #5272 ) ;
#1057 = EDGE_CURVE ( 'NONE', #6206, #1146, #7106, .T. ) ;
#1058 = AXIS2_PLACEMENT_3D ( 'NONE', #7588, #4548, #3337 ) ;
#1059 = EDGE_CURVE ( 'NONE', #4794, #2059, #5387, .T. ) ;
#1060 = ORIENTED_EDGE ( 'NONE', *, *, #4427, .F. ) ;
#1061 = CARTESIAN_POINT ( 'NONE',  ( 15.25000000000000178, -16.34050177399711501, -6.100000000000001421 ) ) ;
#1062 = CARTESIAN_POINT ( 'NONE',  ( 16.00000000000000000, 7.500000000000000000, 9.000000000000000000 ) ) ;
#1063 = VECTOR ( 'NONE', #3573, 1000.000000000000000 ) ;
#1064 = VECTOR ( 'NONE', #859, 1000.000000000000000 ) ;
#1065 = CARTESIAN_POINT ( 'NONE',  ( -0.4300000000000025469, 3.070000000000000284, -0.5000000000000000000 ) ) ;
#1066 = ORIENTED_EDGE ( 'NONE', *, *, #1497, .F. ) ;
#1067 = FACE_BOUND ( 'NONE', #3798, .T. ) ;
#1068 = VERTEX_POINT ( 'NONE', #4077 ) ;
#1069 = CYLINDRICAL_SURFACE ( 'NONE', #7620, 0.2500000000000000000 ) ;
#1070 = ORIENTED_EDGE ( 'NONE', *, *, #4386, .F. ) ;
#1071 = CARTESIAN_POINT ( 'NONE',  ( 13.24999999999999822, 7.500000000000000000, 1.000000000000001110 ) ) ;
#1072 = CARTESIAN_POINT ( 'NONE',  ( -9.000000000000007105, 0.000000000000000000, -9.000000000000001776 ) ) ;
#1073 = DIRECTION ( 'NONE',  ( -1.000000000000000000, -0.000000000000000000, -0.000000000000000000 ) ) ;
#1074 = CARTESIAN_POINT ( 'NONE',  ( -9.500000000000001776, -3.249999999999999556, -18.25000000000000000 ) ) ;
#1075 = ORIENTED_EDGE ( 'NONE', *, *, #2319, .F. ) ;
#1076 = ORIENTED_EDGE ( 'NONE', *, *, #2225, .T. ) ;
#1077 = ITEM_DEFINED_TRANSFORMATION ( 'NONE', 'NONE', #6410,  #1166 ) ;
#1079 = ADVANCED_FACE ( 'NONE', ( #6512 ), #4833, .T. ) ;
#1078 = FACE_OUTER_BOUND ( 'NONE', #1423, .T. ) ;
#1080 = EDGE_LOOP ( 'NONE', ( #2557, #6008, #6441, #3582 ) ) ;
#1081 = CARTESIAN_POINT ( 'NONE',  ( 16.00000000000000000, 7.500000000000000000, 3.250000000000001332 ) ) ;
#1082 = DIRECTION ( 'NONE',  ( 1.652117596168387756E-16, 0.000000000000000000, -1.000000000000000000 ) ) ;
#1083 = DIRECTION ( 'NONE',  ( 1.000000000000000000, 0.000000000000000000, 0.000000000000000000 ) ) ;
#1084 = DIRECTION ( 'NONE',  ( 1.000000000000000000, 0.000000000000000000, 0.000000000000000000 ) ) ;
#1085 = EDGE_CURVE ( 'NONE', #6837, #4625, #4909, .T. ) ;
#1086 = ORIENTED_EDGE ( 'NONE', *, *, #1924, .F. ) ;
#1087 = VECTOR ( 'NONE', #5328, 1000.000000000000000 ) ;
#1088 = EDGE_CURVE ( 'NONE', #5898, #5563, #3141, .T. ) ;
#1089 = ADVANCED_FACE ( 'NONE', ( #4390 ), #3029, .F. ) ;
#1090 = ORIENTED_EDGE ( 'NONE', *, *, #2004, .T. ) ;
#1091 = LINE ( 'NONE', #2859, #2843 ) ;
#1092 = SURFACE_STYLE_USAGE ( .BOTH. , #6569 ) ;
#1093 = CARTESIAN_POINT ( 'NONE',  ( 15.50000000000000178, 0.000000000000000000, 3.799999999999999822 ) ) ;
#1094 = VECTOR ( 'NONE', #2080, 1000.000000000000000 ) ;
#1095 = ORIENTED_EDGE ( 'NONE', *, *, #626, .T. ) ;
#1096 = ORIENTED_EDGE ( 'NONE', *, *, #5897, .F. ) ;
#1097 = ORIENTED_EDGE ( 'NONE', *, *, #5426, .T. ) ;
#1098 = VECTOR ( 'NONE', #1418, 1000.000000000000000 ) ;
#1099 = CIRCLE ( 'NONE', #4295, 0.5000000000000004441 ) ;
#1100 = PRESENTATION_LAYER_ASSIGNMENT (  '', '', ( #78 ) ) ;
#1101 = DIRECTION ( 'NONE',  ( -0.000000000000000000, -1.000000000000000000, -0.000000000000000000 ) ) ;
#1102 = CARTESIAN_POINT ( 'NONE',  ( 17.50000000000000000, 7.500000000000000000, 10.49999999999999645 ) ) ;
#1103 = EDGE_CURVE ( 'NONE', #2954, #2008, #6178, .T. ) ;
#1104 = LINE ( 'NONE', #2906, #6582 ) ;
#1105 = VERTEX_POINT ( 'NONE', #7271 ) ;
#1106 = AXIS2_PLACEMENT_3D ( 'NONE', #3067, #5508, #6227 ) ;
#1107 = LINE ( 'NONE', #5982, #1128 ) ;
#1108 = VECTOR ( 'NONE', #2067, 1000.000000000000000 ) ;
#1109 = VERTEX_POINT ( 'NONE', #1309 ) ;
#1110 = CARTESIAN_POINT ( 'NONE',  ( -9.000000000000007105, 0.000000000000000000, -10.50000000000000000 ) ) ;
#1111 = ORIENTED_EDGE ( 'NONE', *, *, #5291, .F. ) ;
#1112 = MANIFOLD_SOLID_BREP ( 'Boss-Extrude2', #6364 ) ;
#1113 = CARTESIAN_POINT ( 'NONE',  ( -9.250000000000001776, -3.249999999999999556, 0.2500000000000000000 ) ) ;
#1114 = EDGE_CURVE ( 'NONE', #4387, #5655, #3185, .T. ) ;
#1115 = CARTESIAN_POINT ( 'NONE',  ( -17.50000000000000000, 0.4999999999999995559, 10.50000000000000000 ) ) ;
#1116 = CIRCLE ( 'NONE', #6990, 0.2500000000000000000 ) ;
#1117 = CYLINDRICAL_SURFACE ( 'NONE', #1499, 0.2500000000000002220 ) ;
#1118 = ORIENTED_EDGE ( 'NONE', *, *, #652, .F. ) ;
#1119 = VERTEX_POINT ( 'NONE', #3705 ) ;
#1120 = CARTESIAN_POINT ( 'NONE',  ( 6.799999999999998046, 3.299999999999999822, 0.000000000000000000 ) ) ;
#1121 = ORIENTED_EDGE ( 'NONE', *, *, #4660, .T. ) ;
#1122 = SURFACE_STYLE_USAGE ( .BOTH. , #5921 ) ;
#1123 = CARTESIAN_POINT ( 'NONE',  ( 15.50000000000000178, 0.4999999999999995559, -5.500000000000000000 ) ) ;
#1124 = CARTESIAN_POINT ( 'NONE',  ( 15.50000000000000178, 0.4999999999999995559, -3.249999999999999112 ) ) ;
#1125 = PRODUCT_DEFINITION_FORMATION_WITH_SPECIFIED_SOURCE ( 'ANY', '', #5868, .NOT_KNOWN. ) ;
#1126 = LINE ( 'NONE', #6001, #6794 ) ;
#1127 = CARTESIAN_POINT ( 'NONE',  ( -9.000000000000000000, 2.999999999999999556, 0.000000000000000000 ) ) ;
#1128 = VECTOR ( 'NONE', #3539, 1000.000000000000000 ) ;
#1129 = EDGE_LOOP ( 'NONE', ( #3538, #6767, #6818, #6889 ) ) ;
#1130 = VECTOR ( 'NONE', #779, 1000.000000000000000 ) ;
#1131 = VERTEX_POINT ( 'NONE', #3063 ) ;
#1132 = AXIS2_PLACEMENT_3D ( 'NONE', #4579, #4879, #7316 ) ;
#1133 = DIRECTION ( 'NONE',  ( 0.000000000000000000, 1.000000000000000000, 0.000000000000000000 ) ) ;
#1134 = PLANE ( 'NONE',  #4290 ) ;
#1135 = EDGE_CURVE ( 'NONE', #6003, #6580, #3624, .T. ) ;
#1136 = CIRCLE ( 'NONE', #5107, 1.500000000000000000 ) ;
#1137 = EDGE_CURVE ( 'NONE', #4541, #2196, #4993, .T. ) ;
#1138 = APPLICATION_CONTEXT ( 'automotive_design' ) ;
#1139 = DIRECTION ( 'NONE',  ( 1.000000000000000000, 0.000000000000000000, 0.000000000000000000 ) ) ;
#1140 = ORIENTED_EDGE ( 'NONE', *, *, #3692, .F. ) ;
#1141 = CARTESIAN_POINT ( 'NONE',  ( -12.00000000000000355, 0.000000000000000000, -2.999999999999998224 ) ) ;
#1142 = FACE_OUTER_BOUND ( 'NONE', #1129, .T. ) ;
#1143 = CARTESIAN_POINT ( 'NONE',  ( 4.299999999999999822, 2.799999999999999378, 0.000000000000000000 ) ) ;
#1144 = EDGE_CURVE ( 'NONE', #5879, #3439, #2516, .T. ) ;
#1145 = CARTESIAN_POINT ( 'NONE',  ( 13.24999999999999822, 0.5000000000000004441, -0.9999999999999995559 ) ) ;
#1146 = VERTEX_POINT ( 'NONE', #1269 ) ;
#1147 = CARTESIAN_POINT ( 'NONE',  ( 9.000000000000000000, 6.000000000000000000, -9.000000000000001776 ) ) ;
#1148 = ORIENTED_EDGE ( 'NONE', *, *, #6868, .T. ) ;
#1149 = FACE_OUTER_BOUND ( 'NONE', #2212, .T. ) ;
#1150 = DIRECTION ( 'NONE',  ( -1.000000000000000000, 0.000000000000000000, 0.000000000000000000 ) ) ;
#1151 = DIRECTION ( 'NONE',  ( -0.000000000000000000, 1.000000000000000000, -0.000000000000000000 ) ) ;
#1152 = ORIENTED_EDGE ( 'NONE', *, *, #5938, .T. ) ;
#1153 = VERTEX_POINT ( 'NONE', #748 ) ;
#1154 = EDGE_CURVE ( 'NONE', #5955, #3533, #62, .T. ) ;
#1155 = EDGE_CURVE ( 'NONE', #5406, #6894, #7919, .T. ) ;
#1156 = DIRECTION ( 'NONE',  ( 1.239088197126290817E-16, -1.000000000000000000, 0.000000000000000000 ) ) ;
#1157 = ORIENTED_EDGE ( 'NONE', *, *, #2756, .T. ) ;
#1158 = CARTESIAN_POINT ( 'NONE',  ( 17.50000000000000355, 0.000000000000000000, -3.249999999999994227 ) ) ;
#1159 = DIRECTION ( 'NONE',  ( 1.000000000000000000, 0.000000000000000000, 0.000000000000000000 ) ) ;
#1160 = LINE ( 'NONE', #6600, #5903 ) ;
#1161 = CIRCLE ( 'NONE', #7040, 1.499999999999999556 ) ;
#1162 = DIRECTION ( 'NONE',  ( 0.000000000000000000, 0.000000000000000000, 1.000000000000000000 ) ) ;
#1163 = VERTEX_POINT ( 'NONE', #6140 ) ;
#1164 = ORIENTED_EDGE ( 'NONE', *, *, #4949, .F. ) ;
#1165 = CIRCLE ( 'NONE', #1555, 0.4999999999999995559 ) ;
#1166 = AXIS2_PLACEMENT_3D ( 'NONE', #4791, #5391, #4757 ) ;
#1167 = FACE_BOUND ( 'NONE', #198, .T. ) ;
#1168 = CARTESIAN_POINT ( 'NONE',  ( 16.00000000000000000, 0.000000000000000000, -1.749999999999999334 ) ) ;
#1169 = VECTOR ( 'NONE', #4208, 1000.000000000000000 ) ;
#1170 = VERTEX_POINT ( 'NONE', #3100 ) ;
#1171 = CARTESIAN_POINT ( 'NONE',  ( 22.32350609485726167, 6.148135736169538568, 3.443053386579755681 ) ) ;
#1172 = ORIENTED_EDGE ( 'NONE', *, *, #1845, .F. ) ;
#1173 = VECTOR ( 'NONE', #5218, 1000.000000000000000 ) ;
#1174 = CARTESIAN_POINT ( 'NONE',  ( 6.569999999999998508, -3.070000000000001172, -1.074999999999999956 ) ) ;
#1175 = EDGE_CURVE ( 'NONE', #2954, #5374, #6716, .T. ) ;
#1176 = PLANE ( 'NONE',  #2730 ) ;
#1177 = DIRECTION ( 'NONE',  ( 0.000000000000000000, -1.000000000000000000, 0.000000000000000000 ) ) ;
#1178 = APPLICATION_CONTEXT ( 'automotive_design' ) ;
#1179 = CARTESIAN_POINT ( 'NONE',  ( 9.000000000000000000, 2.999999999999999556, 0.000000000000000000 ) ) ;
#1180 = AXIS2_PLACEMENT_3D ( 'NONE', #3952, #3261, #4549 ) ;
#1181 = CARTESIAN_POINT ( 'NONE',  ( -16.00000000000000000, 0.4999999999999995559, 1.050000000000000266 ) ) ;
#1182 = VECTOR ( 'NONE', #492, 1000.000000000000000 ) ;
#1183 = ORIENTED_EDGE ( 'NONE', *, *, #4643, .T. ) ;
#1184 = DIRECTION ( 'NONE',  ( -1.412641267082090664E-16, 1.000000000000000000, 0.000000000000000000 ) ) ;
#1185 = ORIENTED_EDGE ( 'NONE', *, *, #2172, .T. ) ;
#1186 = VECTOR ( 'NONE', #1791, 1000.000000000000000 ) ;
#1187 = CARTESIAN_POINT ( 'NONE',  ( 15.50000000000000178, 0.000000000000000000, -5.500000000000000000 ) ) ;
#1188 = ORIENTED_EDGE ( 'NONE', *, *, #1828, .T. ) ;
#1189 = EDGE_CURVE ( 'NONE', #5882, #7179, #2158, .T. ) ;
#1190 = CIRCLE ( 'NONE', #4509, 0.5500000000000014877 ) ;
#1191 = FACE_OUTER_BOUND ( 'NONE', #1907, .T. ) ;
#1192 =( NAMED_UNIT ( * ) SI_UNIT ( $, .STERADIAN. ) SOLID_ANGLE_UNIT ( ) );
#1193 = CARTESIAN_POINT ( 'NONE',  ( 15.25000000000000178, 7.500000000000000000, 7.599999999999999645 ) ) ;
#1194 = FACE_OUTER_BOUND ( 'NONE', #4346, .T. ) ;
#1195 = PRODUCT_DEFINITION_SHAPE ( 'NONE', 'NONE',  #2702 ) ;
#1196 = VERTEX_POINT ( 'NONE', #6384 ) ;
#1197 = ORIENTED_EDGE ( 'NONE', *, *, #569, .F. ) ;
#1198 = LINE ( 'NONE', #5918, #5102 ) ;
#1199 = EDGE_LOOP ( 'NONE', ( #3265, #5324 ) ) ;
#1200 = CARTESIAN_POINT ( 'NONE',  ( 1.350000000000000533, 2.000000000000000000, 0.1000000000000000056 ) ) ;
#1201 = CARTESIAN_POINT ( 'NONE',  ( 15.49999999999999822, 0.000000000000000000, -1.749999999999999112 ) ) ;
#1202 = LINE ( 'NONE', #2411, #293 ) ;
#1203 = MANIFOLD_SOLID_BREP ( 'Boss-Extrude1', #5465 ) ;
#1204 = EDGE_CURVE ( 'NONE', #3915, #6959, #783, .T. ) ;
#1205 = PLANE ( 'NONE',  #7606 ) ;
#1206 = ORIENTED_EDGE ( 'NONE', *, *, #6377, .T. ) ;
#1207 = VERTEX_POINT ( 'NONE', #5185 ) ;
#1208 = DIRECTION ( 'NONE',  ( 0.000000000000000000, 0.000000000000000000, 1.000000000000000000 ) ) ;
#1209 = PLANE ( 'NONE',  #1437 ) ;
#1210 = EDGE_CURVE ( 'NONE', #7708, #5491, #212, .T. ) ;
#1211 = FACE_OUTER_BOUND ( 'NONE', #1366, .T. ) ;
#1212 = CIRCLE ( 'NONE', #7220, 0.8000000000000020428 ) ;
#1213 = EDGE_LOOP ( 'NONE', ( #6307, #1710, #6523, #6687 ) ) ;
#1214 = ORIENTED_EDGE ( 'NONE', *, *, #3041, .F. ) ;
#1215 = LINE ( 'NONE', #5535, #3657 ) ;
#1216 = DIRECTION ( 'NONE',  ( 0.000000000000000000, 0.000000000000000000, 1.000000000000000000 ) ) ;
#1217 = DIRECTION ( 'NONE',  ( 0.000000000000000000, 0.000000000000000000, 1.000000000000000000 ) ) ;
#1218 = AXIS2_PLACEMENT_3D ( 'NONE', #3450, #3987, #3413 ) ;
#1219 = DIRECTION ( 'NONE',  ( 0.000000000000000000, 1.000000000000000000, 0.000000000000000000 ) ) ;
#1220 = CARTESIAN_POINT ( 'NONE',  ( -12.00000000000000355, 0.000000000000000000, -1.499999999999998446 ) ) ;
#1221 = ORIENTED_EDGE ( 'NONE', *, *, #4359, .T. ) ;
#1222 = CARTESIAN_POINT ( 'NONE',  ( -10.50000000000000533, 0.4999999999999995559, -10.49999999999999645 ) ) ;
#1223 = CIRCLE ( 'NONE', #5823, 1.499999999999999556 ) ;
#1224 = ORIENTED_EDGE ( 'NONE', *, *, #3004, .T. ) ;
#1225 = CIRCLE ( 'NONE', #6978, 0.5000000000000004441 ) ;
#1226 = CARTESIAN_POINT ( 'NONE',  ( 16.75000000000000000, 7.500000000000000000, 6.100000000000000533 ) ) ;
#1227 = CARTESIAN_POINT ( 'NONE',  ( 5.000000000000000000, 2.800000000000001155, 0.1000000000000000056 ) ) ;
#1228 = DIRECTION ( 'NONE',  ( 1.239088197126289831E-16, 0.000000000000000000, 1.000000000000000000 ) ) ;
#1229 = CYLINDRICAL_SURFACE ( 'NONE', #980, 0.5500000000000014877 ) ;
#1230 = AXIS2_PLACEMENT_3D ( 'NONE', #7081, #2918, #7840 ) ;
#1231 = EDGE_LOOP ( 'NONE', ( #6883, #7642, #1327, #2825 ) ) ;
#1232 = VECTOR ( 'NONE', #4584, 1000.000000000000000 ) ;
#1233 = ADVANCED_FACE ( 'NONE', ( #304 ), #2749, .F. ) ;
#1234 = EDGE_CURVE ( 'NONE', #962, #1029, #4430, .T. ) ;
#1235 = DIRECTION ( 'NONE',  ( -1.239088197126290817E-16, 1.000000000000000000, -0.000000000000000000 ) ) ;
#1236 = AXIS2_PLACEMENT_3D ( 'NONE', #3276, #3803, #3885 ) ;
#1237 = CARTESIAN_POINT ( 'NONE',  ( -16.00000000000000000, 0.000000000000000000, 1.500000000000001998 ) ) ;
#1238 = EDGE_LOOP ( 'NONE', ( #2502, #3511, #4134, #6390 ) ) ;
#1239 = AXIS2_PLACEMENT_3D ( 'NONE', #1920, #5035, #1876 ) ;
#1240 = DIRECTION ( 'NONE',  ( 1.000000000000000000, 0.000000000000000000, -9.637352644315595243E-17 ) ) ;
#1241 = FACE_OUTER_BOUND ( 'NONE', #2436, .T. ) ;
#1242 = DIRECTION ( 'NONE',  ( 0.000000000000000000, 0.000000000000000000, -1.000000000000000000 ) ) ;
#1243 = CARTESIAN_POINT ( 'NONE',  ( -6.800000000000001599, 3.299999999999999822, -1.399999999999999911 ) ) ;
#1244 = EDGE_CURVE ( 'NONE', #3227, #6101, #7624, .T. ) ;
#1245 = ORIENTED_EDGE ( 'NONE', *, *, #3679, .T. ) ;
#1246 = ORIENTED_EDGE ( 'NONE', *, *, #7912, .F. ) ;
#1247 = ORIENTED_EDGE ( 'NONE', *, *, #657, .F. ) ;
#1248 = ADVANCED_FACE ( 'NONE', ( #3984 ), #1547, .F. ) ;
#1249 = DIRECTION ( 'NONE',  ( 0.000000000000000000, 1.000000000000000000, 0.000000000000000000 ) ) ;
#1250 = AXIS2_PLACEMENT_3D ( 'NONE', #5633, #5040, #3151 ) ;
#1251 = CARTESIAN_POINT ( 'NONE',  ( 0.000000000000000000, 0.7500000000000000000, 0.000000000000000000 ) ) ;
#1252 = LINE ( 'NONE', #2501, #6459 ) ;
#1253 = ORIENTED_EDGE ( 'NONE', *, *, #5461, .F. ) ;
#1254 = VECTOR ( 'NONE', #6138, 1000.000000000000000 ) ;
#1255 =( NAMED_UNIT ( * ) SI_UNIT ( $, .STERADIAN. ) SOLID_ANGLE_UNIT ( ) );
#1256 = EDGE_CURVE ( 'NONE', #4284, #4125, #6425, .T. ) ;
#1257 = VERTEX_POINT ( 'NONE', #2001 ) ;
#1258 = EDGE_CURVE ( 'NONE', #4488, #3184, #231, .T. ) ;
#1259 = CARTESIAN_POINT ( 'NONE',  ( -5.049999999999999822, 6.123233995736778362E-17, 0.1000000000000000056 ) ) ;
#1260 = LINE ( 'NONE', #1910, #6803 ) ;
#1261 = DIRECTION ( 'NONE',  ( 0.000000000000000000, 0.000000000000000000, -1.000000000000000000 ) ) ;
#1262 = CIRCLE ( 'NONE', #6750, 0.4999999999999995559 ) ;
#1263 = CARTESIAN_POINT ( 'NONE',  ( 2.350000000000000089, -2.000000000000000000, 0.1000000000000000056 ) ) ;
#1264 = VECTOR ( 'NONE', #3957, 1000.000000000000000 ) ;
#1265 = CARTESIAN_POINT ( 'NONE',  ( 6.769999999999996909, 3.500000000000000888, 0.2500000000000000000 ) ) ;
#1266 = ORIENTED_EDGE ( 'NONE', *, *, #4328, .F. ) ;
#1267 = CARTESIAN_POINT ( 'NONE',  ( 16.00000000000000000, 0.4999999999999995559, -9.800000000000000711 ) ) ;
#1268 = ORIENTED_EDGE ( 'NONE', *, *, #7345, .T. ) ;
#1269 = CARTESIAN_POINT ( 'NONE',  ( -2.349999999999999645, 2.000000000000000000, 0.000000000000000000 ) ) ;
#1270 = FACE_OUTER_BOUND ( 'NONE', #5583, .T. ) ;
#1271 = DIRECTION ( 'NONE',  ( -0.000000000000000000, -0.000000000000000000, -1.000000000000000000 ) ) ;
#1272 = CARTESIAN_POINT ( 'NONE',  ( -9.000000000000007105, 7.500000000000000000, 10.50000000000000000 ) ) ;
#1273 = CARTESIAN_POINT ( 'NONE',  ( 13.99999999999999822, 0.4999999999999995559, 0.2500000000000002220 ) ) ;
#1274 = ORIENTED_EDGE ( 'NONE', *, *, #657, .T. ) ;
#1275 = CARTESIAN_POINT ( 'NONE',  ( -17.50000000000000000, 0.000000000000000000, 5.204170427930421283E-15 ) ) ;
#1276 = CARTESIAN_POINT ( 'NONE',  ( -6.569999999999999396, 0.1750000000000000167, -3.069999999999999396 ) ) ;
#1277 = ORIENTED_EDGE ( 'NONE', *, *, #4150, .T. ) ;
#1278 = PLANE ( 'NONE',  #5270 ) ;
#1279 = CARTESIAN_POINT ( 'NONE',  ( 5.000000000000000000, 2.800000000000001155, 0.000000000000000000 ) ) ;
#1280 = EDGE_CURVE ( 'NONE', #7093, #222, #5199, .T. ) ;
#1281 = ADVANCED_FACE ( 'NONE', ( #865 ), #2632, .T. ) ;
#1282 = CARTESIAN_POINT ( 'NONE',  ( 13.99999999999999822, 7.500000000000000000, -0.2499999999999993616 ) ) ;
#1283 = CARTESIAN_POINT ( 'NONE',  ( 15.50000000000000178, 0.000000000000000000, 4.350000000000001421 ) ) ;
#1284 = ORIENTED_EDGE ( 'NONE', *, *, #4750, .T. ) ;
#1285 = ORIENTED_EDGE ( 'NONE', *, *, #7302, .T. ) ;
#1286 = ORIENTED_EDGE ( 'NONE', *, *, #3325, .T. ) ;
#1287 = CARTESIAN_POINT ( 'NONE',  ( 9.249999999999998224, -3.249999999999999556, 0.2500000000000000000 ) ) ;
#1288 = PLANE ( 'NONE',  #472 ) ;
#1289 = EDGE_CURVE ( 'NONE', #6519, #106, #5745, .T. ) ;
#1290 = LINE ( 'NONE', #6202, #1306 ) ;
#1291 = CARTESIAN_POINT ( 'NONE',  ( -6.570000000000002061, 3.070000000000000284, -1.074999999999999956 ) ) ;
#1292 = CARTESIAN_POINT ( 'NONE',  ( -9.500000000000001776, 7.500000000000000000, 7.864218330839946702 ) ) ;
#1293 = CIRCLE ( 'NONE', #1690, 1.500000000000000000 ) ;
#1294 = EDGE_LOOP ( 'NONE', ( #1814, #7401 ) ) ;
#1295 = DIRECTION ( 'NONE',  ( -3.652049423109067827E-16, 0.000000000000000000, -1.000000000000000000 ) ) ;
#1296 = AXIS2_PLACEMENT_3D ( 'NONE', #4032, #2838, #5276 ) ;
#1297 = ORIENTED_EDGE ( 'NONE', *, *, #5827, .F. ) ;
#1298 = DIRECTION ( 'NONE',  ( 1.000000000000000000, 0.000000000000000000, -1.236061108696829207E-16 ) ) ;
#1299 = FACE_OUTER_BOUND ( 'NONE', #74, .T. ) ;
#1300 = DIRECTION ( 'NONE',  ( -0.000000000000000000, -0.000000000000000000, 1.000000000000000000 ) ) ;
#1301 = EDGE_CURVE ( 'NONE', #2358, #2891, #6722, .T. ) ;
#1302 = FACE_OUTER_BOUND ( 'NONE', #2937, .T. ) ;
#1303 = AXIS2_PLACEMENT_3D ( 'NONE', #7245, #525, #4243 ) ;
#1304 = EDGE_CURVE ( 'NONE', #7794, #885, #576, .T. ) ;
#1305 = EDGE_LOOP ( 'NONE', ( #6086, #5167, #5223, #2327, #7111, #7786, #3858, #2383, #7155, #5623, #4107, #1277, #6640, #4459, #2397, #7886, #557, #4926, #1285, #4203, #3685, #7017, #6760 ) ) ;
#1306 = VECTOR ( 'NONE', #1782, 1000.000000000000000 ) ;
#1307 = CARTESIAN_POINT ( 'NONE',  ( 9.695652173913043015, 0.4999999999999995559, 8.604945506379108267 ) ) ;
#1308 = ORIENTED_EDGE ( 'NONE', *, *, #1258, .F. ) ;
#1309 = CARTESIAN_POINT ( 'NONE',  ( 9.249999999999998224, 3.249999999999999556, 0.5000000000000000000 ) ) ;
#1310 = CARTESIAN_POINT ( 'NONE',  ( 15.50000000000000178, 0.000000000000000000, 3.249999999999998668 ) ) ;
#1311 = DIRECTION ( 'NONE',  ( 0.000000000000000000, 0.000000000000000000, 1.000000000000000000 ) ) ;
#1312 = AXIS2_PLACEMENT_3D ( 'NONE', #3854, #2103, #814 ) ;
#1313 = LINE ( 'NONE', #6746, #3271 ) ;
#1314 = LINE ( 'NONE', #2271, #7488 ) ;
#1315 = EDGE_CURVE ( 'NONE', #1928, #3533, #3020, .T. ) ;
#1316 = VERTEX_POINT ( 'NONE', #1259 ) ;
#1317 = DIRECTION ( 'NONE',  ( 0.000000000000000000, -0.000000000000000000, 1.000000000000000000 ) ) ;
#1318 = VECTOR ( 'NONE', #150, 1000.000000000000000 ) ;
#1319 = AXIS2_PLACEMENT_3D ( 'NONE', #4861, #6172, #3658 ) ;
#1320 = CYLINDRICAL_SURFACE ( 'NONE', #241, 0.2500000000000000000 ) ;
#1321 = EDGE_LOOP ( 'NONE', ( #3242, #4417, #7115, #3429, #462, #4635 ) ) ;
#1322 = CARTESIAN_POINT ( 'NONE',  ( 9.499999999999998224, -3.249999999999999556, 0.2500000000000000000 ) ) ;
#1323 = CARTESIAN_POINT ( 'NONE',  ( 16.75000000000000000, 0.5000000000000004441, 2.500000000000000888 ) ) ;
#1324 = FACE_OUTER_BOUND ( 'NONE', #2072, .T. ) ;
#1325 = DIRECTION ( 'NONE',  ( -0.000000000000000000, 1.000000000000000000, -0.000000000000000000 ) ) ;
#1326 = PRODUCT_DEFINITION_SHAPE ( 'NONE', 'NONE',  #7923 ) ;
#1327 = ORIENTED_EDGE ( 'NONE', *, *, #188, .F. ) ;
#1328 = ADVANCED_FACE ( 'NONE', ( #1950 ), #3696, .F. ) ;
#1329 = EDGE_LOOP ( 'NONE', ( #5866, #561, #6762, #3640 ) ) ;
#1330 = ORIENTED_EDGE ( 'NONE', *, *, #5841, .F. ) ;
#1331 = DIRECTION ( 'NONE',  ( -0.000000000000000000, 1.000000000000000000, -0.000000000000000000 ) ) ;
#1332 = PLANE ( 'NONE',  #5579 ) ;
#1333 = DIRECTION ( 'NONE',  ( -0.000000000000000000, -1.000000000000000000, -0.000000000000000000 ) ) ;
#1334 = CYLINDRICAL_SURFACE ( 'NONE', #4159, 1.050000000000000266 ) ;
#1335 = ADVANCED_FACE ( 'NONE', ( #694 ), #3736, .T. ) ;
#1336 = EDGE_CURVE ( 'NONE', #7418, #1105, #3027, .T. ) ;
#1337 = VERTEX_POINT ( 'NONE', #5455 ) ;
#1338 = APPLICATION_PROTOCOL_DEFINITION ( 'draft international standard', 'automotive_design', 1998, #1442 ) ;
#1339 = ORIENTED_EDGE ( 'NONE', *, *, #4762, .F. ) ;
#1340 = CARTESIAN_POINT ( 'NONE',  ( -9.250000000000001776, -3.499999999999999556, -18.50000000000000000 ) ) ;
#1341 = PLANE ( 'NONE',  #86 ) ;
#1342 = PLANE ( 'NONE',  #4385 ) ;
#1343 = DIRECTION ( 'NONE',  ( -0.000000000000000000, 1.000000000000000000, -0.000000000000000000 ) ) ;
#1344 = CARTESIAN_POINT ( 'NONE',  ( -6.769999999999997797, 0.000000000000000000, 3.270000000000000018 ) ) ;
#1345 = ORIENTED_EDGE ( 'NONE', *, *, #3671, .F. ) ;
#1346 = CARTESIAN_POINT ( 'NONE',  ( 9.499999999999998224, -3.249999999999999556, -18.25000000000000000 ) ) ;
#1347 = ORIENTED_EDGE ( 'NONE', *, *, #6798, .T. ) ;
#1348 = VECTOR ( 'NONE', #6805, 1000.000000000000000 ) ;
#1349 = CARTESIAN_POINT ( 'NONE',  ( -4.200000000000000178, -2.000000000000000000, 0.1000000000000000056 ) ) ;
#1350 = ADVANCED_FACE ( 'NONE', ( #11 ), #5492, .F. ) ;
#1351 = CYLINDRICAL_SURFACE ( 'NONE', #6859, 0.5000000000000004441 ) ;
#1352 = DIRECTION ( 'NONE',  ( 0.000000000000000000, 0.000000000000000000, -1.000000000000000000 ) ) ;
#1353 = CARTESIAN_POINT ( 'NONE',  ( -10.50000000000000533, 7.500000000000000000, 9.000000000000001776 ) ) ;
#1354 = DIRECTION ( 'NONE',  ( 1.000000000000000000, -0.000000000000000000, 0.000000000000000000 ) ) ;
#1355 = ORIENTED_EDGE ( 'NONE', *, *, #2364, .F. ) ;
#1356 = CIRCLE ( 'NONE', #1483, 0.8000000000000020428 ) ;
#1357 = LINE ( 'NONE', #4275, #5853 ) ;
#1358 = CARTESIAN_POINT ( 'NONE',  ( 3.200000000000000178, -2.000000000000000000, 0.000000000000000000 ) ) ;
#1359 = ORIENTED_EDGE ( 'NONE', *, *, #1103, .T. ) ;
#1360 = EDGE_CURVE ( 'NONE', #4248, #126, #1215, .T. ) ;
#1361 = CARTESIAN_POINT ( 'NONE',  ( -10.50000000000000533, 0.4999999999999995559, 9.000000000000001776 ) ) ;
#1362 = LINE ( 'NONE', #6953, #4631 ) ;
#1363 = AXIS2_PLACEMENT_3D ( 'NONE', #1187, #7344, #6778 ) ;
#1364 = DIRECTION ( 'NONE',  ( 0.000000000000000000, -0.000000000000000000, 1.000000000000000000 ) ) ;
#1365 = CARTESIAN_POINT ( 'NONE',  ( 15.25000000000000178, 7.500000000000000000, 4.000000000000000888 ) ) ;
#1366 = EDGE_LOOP ( 'NONE', ( #2878, #2586, #3848, #1369 ) ) ;
#1367 = ORIENTED_EDGE ( 'NONE', *, *, #1854, .T. ) ;
#1368 = AXIS2_PLACEMENT_3D ( 'NONE', #5619, #776, #7460 ) ;
#1369 = ORIENTED_EDGE ( 'NONE', *, *, #5613, .T. ) ;
#1370 = LINE ( 'NONE', #2422, #6374 ) ;
#1371 = CARTESIAN_POINT ( 'NONE',  ( 0.4299999999999997158, 3.069999999999998508, -0.5000000000000000000 ) ) ;
#1372 = UNCERTAINTY_MEASURE_WITH_UNIT (LENGTH_MEASURE( 1.000000000000000082E-05 ), #326, 'distance_accuracy_value', 'NONE');
#1373 = FACE_OUTER_BOUND ( 'NONE', #3613, .T. ) ;
#1374 = CARTESIAN_POINT ( 'NONE',  ( 13.24999999999999822, -16.34050177399711501, 1.000000000000001110 ) ) ;
#1375 = VERTEX_POINT ( 'NONE', #1174 ) ;
#1376 = ORIENTED_EDGE ( 'NONE', *, *, #2628, .T. ) ;
#1377 = CARTESIAN_POINT ( 'NONE',  ( 15.49999999999999822, 7.500000000000000000, 0.2500000000000009437 ) ) ;
#1378 = CARTESIAN_POINT ( 'NONE',  ( -9.000000000000007105, 0.000000000000000000, 9.000000000000001776 ) ) ;
#1379 = CARTESIAN_POINT ( 'NONE',  ( -2.349999999999999645, -2.000000000000000000, 0.1000000000000000056 ) ) ;
#1380 = EDGE_CURVE ( 'NONE', #4796, #135, #4261, .T. ) ;
#1381 = ADVANCED_FACE ( 'NONE', ( #6690 ), #1341, .F. ) ;
#1382 = DIRECTION ( 'NONE',  ( 1.000000000000000000, 0.000000000000000000, 0.000000000000000000 ) ) ;
#1383 = PLANE ( 'NONE',  #3169 ) ;
#1384 = VERTEX_POINT ( 'NONE', #6053 ) ;
#1385 = AXIS2_PLACEMENT_3D ( 'NONE', #6785, #2566, #1317 ) ;
#1386 = VERTEX_POINT ( 'NONE', #51 ) ;
#1387 = PRODUCT_DEFINITION_CONTEXT ( 'detailed design', #3475, 'design' ) ;
#1388 = VECTOR ( 'NONE', #7367, 1000.000000000000000 ) ;
#1389 = CARTESIAN_POINT ( 'NONE',  ( 3.700000000000000178, 0.000000000000000000, 0.1000000000000000056 ) ) ;
#1390 = AXIS2_PLACEMENT_3D ( 'NONE', #1917, #1184, #662 ) ;
#1391 = LINE ( 'NONE', #7389, #5454 ) ;
#1392 = CYLINDRICAL_SURFACE ( 'NONE', #932, 0.8000000000000003775 ) ;
#1393 = DIRECTION ( 'NONE',  ( -1.000000000000000000, 6.982962677686471814E-15, 1.396592535537250660E-14 ) ) ;
#1394 = ADVANCED_FACE ( 'NONE', ( #2549 ), #4984, .T. ) ;
#1395 = CARTESIAN_POINT ( 'NONE',  ( 3.299999999999998934, 2.799999999999999378, 0.1000000000000000056 ) ) ;
#1396 = CARTESIAN_POINT ( 'NONE',  ( 0.000000000000000000, 0.000000000000000000, 0.000000000000000000 ) ) ;
#1397 = ORIENTED_EDGE ( 'NONE', *, *, #7223, .F. ) ;
#1398 = CIRCLE ( 'NONE', #2425, 0.5500000000000010436 ) ;
#1399 = DIRECTION ( 'NONE',  ( 0.000000000000000000, 0.000000000000000000, -1.000000000000000000 ) ) ;
#1400 = CARTESIAN_POINT ( 'NONE',  ( 9.000000000000000000, 0.4999999999999995559, 9.000000000000000000 ) ) ;
#1401 = ORIENTED_EDGE ( 'NONE', *, *, #7371, .T. ) ;
#1402 = CARTESIAN_POINT ( 'NONE',  ( -1.849999999999999645, 2.000000000000000000, 0.1000000000000000056 ) ) ;
#1403 = DIRECTION ( 'NONE',  ( -0.000000000000000000, 1.000000000000000000, -0.000000000000000000 ) ) ;
#1404 = CARTESIAN_POINT ( 'NONE',  ( 9.249999999999998224, 3.249999999999999556, 0.2500000000000000000 ) ) ;
#1405 = EDGE_CURVE ( 'NONE', #5222, #1257, #4379, .T. ) ;
#1406 = EDGE_CURVE ( 'NONE', #4285, #3371, #2387, .T. ) ;
#1407 = ORIENTED_EDGE ( 'NONE', *, *, #1301, .F. ) ;
#1408 = VERTEX_POINT ( 'NONE', #1789 ) ;
#1409 = ORIENTED_EDGE ( 'NONE', *, *, #698, .T. ) ;
#1410 = DIRECTION ( 'NONE',  ( 0.000000000000000000, -1.000000000000000000, 0.000000000000000000 ) ) ;
#1411 = FACE_BOUND ( 'NONE', #155, .T. ) ;
#1412 = DIRECTION ( 'NONE',  ( -0.000000000000000000, -1.000000000000000000, -0.000000000000000000 ) ) ;
#1413 = DIRECTION ( 'NONE',  ( 0.000000000000000000, -1.000000000000000000, -0.000000000000000000 ) ) ;
#1414 = VERTEX_POINT ( 'NONE', #4220 ) ;
#1415 = VERTEX_POINT ( 'NONE', #6648 ) ;
#1416 = DIRECTION ( 'NONE',  ( 1.652117596168387756E-16, 0.000000000000000000, -1.000000000000000000 ) ) ;
#1417 = DIRECTION ( 'NONE',  ( 1.000000000000000000, 0.000000000000000000, -9.912705577010325549E-17 ) ) ;
#1418 = DIRECTION ( 'NONE',  ( 1.236061108696829207E-16, 0.000000000000000000, 1.000000000000000000 ) ) ;
#1419 = CARTESIAN_POINT ( 'NONE',  ( -6.769999999999998685, 0.7500000000000000000, -3.270000000000000018 ) ) ;
#1420 = ORIENTED_EDGE ( 'NONE', *, *, #2224, .T. ) ;
#1421 = EDGE_CURVE ( 'NONE', #7574, #7738, #7906, .T. ) ;
#1422 = ADVANCED_FACE ( 'NONE', ( #6211 ), #7018, .T. ) ;
#1423 = EDGE_LOOP ( 'NONE', ( #4619, #532, #5420, #3947 ) ) ;
#1424 = DIRECTION ( 'NONE',  ( -1.000000000000000000, 2.825282534164181327E-16, 0.000000000000000000 ) ) ;
#1425 = LINE ( 'NONE', #7548, #4772 ) ;
#1426 = PLANE ( 'NONE',  #5786 ) ;
#1427 = SHAPE_REPRESENTATION_RELATIONSHIP ( 'NONE' , 'NONE' ,  #5154, #5771 ) ;
#1428 = AXIS2_PLACEMENT_3D ( 'NONE', #4642, #4679, #4119 ) ;
#1429 = FACE_BOUND ( 'NONE', #3676, .T. ) ;
#1430 = SURFACE_STYLE_FILL_AREA ( #6266 ) ;
#1431 = CIRCLE ( 'NONE', #6287, 0.4999999999999995559 ) ;
#1432 = ORIENTED_EDGE ( 'NONE', *, *, #1461, .F. ) ;
#1433 = CARTESIAN_POINT ( 'NONE',  ( 6.570000000000000284, 3.069999999999998508, -0.5000000000000000000 ) ) ;
#1434 = EDGE_CURVE ( 'NONE', #2752, #5840, #3820, .T. ) ;
#1435 = CARTESIAN_POINT ( 'NONE',  ( 13.99999999999999822, 0.000000000000000000, -1.749999999999998890 ) ) ;
#1436 = VERTEX_POINT ( 'NONE', #6933 ) ;
#1437 = AXIS2_PLACEMENT_3D ( 'NONE', #89, #2541, #6 ) ;
#1438 = CARTESIAN_POINT ( 'NONE',  ( 3.299999999999998934, 2.799999999999999378, 0.000000000000000000 ) ) ;
#1439 = DIRECTION ( 'NONE',  ( -0.000000000000000000, 1.000000000000000000, -0.000000000000000000 ) ) ;
#1440 = DIRECTION ( 'NONE',  ( -1.826024711554533913E-16, -0.000000000000000000, -1.000000000000000000 ) ) ;
#1441 = DIRECTION ( 'NONE',  ( 3.469446951953615372E-15, 0.000000000000000000, 1.000000000000000000 ) ) ;
#1442 = APPLICATION_CONTEXT ( 'automotive_design' ) ;
#1443 = CARTESIAN_POINT ( 'NONE',  ( -6.570000000000002061, 3.070000000000000284, -0.5000000000000000000 ) ) ;
#1444 = EDGE_LOOP ( 'NONE', ( #2265, #1822, #4504, #2547 ) ) ;
#1445 = VECTOR ( 'NONE', #3493, 1000.000000000000000 ) ;
#1446 = VECTOR ( 'NONE', #38, 1000.000000000000000 ) ;
#1447 = ORIENTED_EDGE ( 'NONE', *, *, #5247, .F. ) ;
#1448 = EDGE_LOOP ( 'NONE', ( #933, #1978, #6544, #2982 ) ) ;
#1449 = ORIENTED_EDGE ( 'NONE', *, *, #7507, .T. ) ;
#1450 = AXIS2_PLACEMENT_3D ( 'NONE', #5415, #3536, #1217 ) ;
#1451 = DIRECTION ( 'NONE',  ( -1.000000000000000000, 0.000000000000000000, 0.000000000000000000 ) ) ;
#1452 = LINE ( 'NONE', #889, #3799 ) ;
#1453 = AXIS2_PLACEMENT_3D ( 'NONE', #98, #4380, #6770 ) ;
#1454 = EDGE_CURVE ( 'NONE', #3108, #5966, #3328, .T. ) ;
#1455 = DIRECTION ( 'NONE',  ( 0.000000000000000000, 1.000000000000000000, 0.000000000000000000 ) ) ;
#1456 = LINE ( 'NONE', #179, #1348 ) ;
#1457 = ORIENTED_EDGE ( 'NONE', *, *, #3733, .F. ) ;
#1458 = ORIENTED_EDGE ( 'NONE', *, *, #4870, .T. ) ;
#1459 = PRODUCT_DEFINITION_SHAPE ( 'NONE', 'NONE',  #449 ) ;
#1460 = CARTESIAN_POINT ( 'NONE',  ( 1.850000000000000311, -2.000000000000000000, 0.000000000000000000 ) ) ;
#1461 = EDGE_CURVE ( 'NONE', #4234, #5968, #4046, .T. ) ;
#1462 = DIRECTION ( 'NONE',  ( -0.000000000000000000, 0.000000000000000000, -1.000000000000000000 ) ) ;
#1463 = DIRECTION ( 'NONE',  ( -1.000000000000000000, 0.000000000000000000, 0.000000000000000000 ) ) ;
#1464 = DIRECTION ( 'NONE',  ( 1.000000000000000000, -0.000000000000000000, -0.000000000000000000 ) ) ;
#1465 = VERTEX_POINT ( 'NONE', #5105 ) ;
#1466 = ORIENTED_EDGE ( 'NONE', *, *, #1702, .T. ) ;
#1467 = DIRECTION ( 'NONE',  ( -0.000000000000000000, -0.000000000000000000, -1.000000000000000000 ) ) ;
#1468 = CARTESIAN_POINT ( 'NONE',  ( 15.49999999999999822, 0.4999999999999995559, 1.750000000000000666 ) ) ;
#1469 = CARTESIAN_POINT ( 'NONE',  ( -1.849999999999999645, 2.000000000000000000, 0.000000000000000000 ) ) ;
#1470 = CARTESIAN_POINT ( 'NONE',  ( 7.864218330839944926, 7.500000000000000000, 9.500000000000000000 ) ) ;
#1471 = LINE ( 'NONE', #3791, #1094 ) ;
#1472 = ORIENTED_EDGE ( 'NONE', *, *, #6168, .T. ) ;
#1473 = EDGE_CURVE ( 'NONE', #708, #2544, #298, .T. ) ;
#1474 = PLANE ( 'NONE',  #1643 ) ;
#1475 = AXIS2_PLACEMENT_3D ( 'NONE', #216, #6327, #5614 ) ;
#1476 = DIRECTION ( 'NONE',  ( -0.000000000000000000, 0.000000000000000000, 1.000000000000000000 ) ) ;
#1477 = ORIENTED_EDGE ( 'NONE', *, *, #3681, .T. ) ;
#1478 = CARTESIAN_POINT ( 'NONE',  ( 16.00000000000000000, 0.000000000000000000, 1.750000000000000666 ) ) ;
#1479 = CARTESIAN_POINT ( 'NONE',  ( 0.000000000000000000, 0.000000000000000000, 0.1000000000000000056 ) ) ;
#1480 = FACE_OUTER_BOUND ( 'NONE', #4692, .T. ) ;
#1481 = LINE ( 'NONE', #123, #4051 ) ;
#1482 = VECTOR ( 'NONE', #860, 1000.000000000000000 ) ;
#1483 = AXIS2_PLACEMENT_3D ( 'NONE', #961, #7087, #288 ) ;
#1484 = EDGE_CURVE ( 'NONE', #58, #6189, #6253, .T. ) ;
#1485 = ADVANCED_FACE ( 'NONE', ( #2743 ), #3174, .T. ) ;
#1486 = DIRECTION ( 'NONE',  ( -1.000000000000000000, -0.000000000000000000, -0.000000000000000000 ) ) ;
#1487 = ORIENTED_EDGE ( 'NONE', *, *, #2234, .F. ) ;
#1488 = VERTEX_POINT ( 'NONE', #3901 ) ;
#1489 = EDGE_LOOP ( 'NONE', ( #378, #6723, #552, #2405 ) ) ;
#1490 = VECTOR ( 'NONE', #6337, 1000.000000000000000 ) ;
#1491 = AXIS2_PLACEMENT_3D ( 'NONE', #2442, #5188, #6226 ) ;
#1492 = ORIENTED_EDGE ( 'NONE', *, *, #4270, .F. ) ;
#1493 =( GEOMETRIC_REPRESENTATION_CONTEXT ( 3 ) GLOBAL_UNCERTAINTY_ASSIGNED_CONTEXT ( ( #3365 ) ) GLOBAL_UNIT_ASSIGNED_CONTEXT ( ( #3787, #1961, #6661 ) ) REPRESENTATION_CONTEXT ( 'NONE', 'WORKASPACE' ) );
#1494 = CARTESIAN_POINT ( 'NONE',  ( 4.999999999999999112, -1.199999999999998845, 0.1000000000000000056 ) ) ;
#1495 = FACE_OUTER_BOUND ( 'NONE', #2947, .T. ) ;
#1496 = DIRECTION ( 'NONE',  ( 0.000000000000000000, 0.000000000000000000, -1.000000000000000000 ) ) ;
#1497 = EDGE_CURVE ( 'NONE', #431, #3320, #5071, .T. ) ;
#1498 = LINE ( 'NONE', #2304, #4795 ) ;
#1499 = AXIS2_PLACEMENT_3D ( 'NONE', #2484, #6747, #519 ) ;
#1500 = VECTOR ( 'NONE', #3656, 1000.000000000000000 ) ;
#1501 = EDGE_CURVE ( 'NONE', #5851, #4647, #2032, .T. ) ;
#1502 = ORIENTED_EDGE ( 'NONE', *, *, #3922, .F. ) ;
#1503 = ORIENTED_EDGE ( 'NONE', *, *, #4924, .T. ) ;
#1504 = DIRECTION ( 'NONE',  ( 0.000000000000000000, 0.000000000000000000, 1.000000000000000000 ) ) ;
#1505 = AXIS2_PLACEMENT_3D ( 'NONE', #3472, #7166, #6407 ) ;
#1506 = LINE ( 'NONE', #5294, #1699 ) ;
#1507 = DIRECTION ( 'NONE',  ( 0.000000000000000000, 0.000000000000000000, -1.000000000000000000 ) ) ;
#1508 = LINE ( 'NONE', #7463, #5983 ) ;
#1509 = ORIENTED_EDGE ( 'NONE', *, *, #5247, .T. ) ;
#1510 = EDGE_CURVE ( 'NONE', #5003, #195, #2650, .T. ) ;
#1511 = EDGE_CURVE ( 'NONE', #5682, #5298, #7114, .T. ) ;
#1512 = ORIENTED_EDGE ( 'NONE', *, *, #7360, .F. ) ;
#1513 = DIRECTION ( 'NONE',  ( 0.000000000000000000, 0.000000000000000000, -1.000000000000000000 ) ) ;
#1514 = PRODUCT_DEFINITION_FORMATION_WITH_SPECIFIED_SOURCE ( 'ANY', '', #4016, .NOT_KNOWN. ) ;
#1515 = DIRECTION ( 'NONE',  ( -0.000000000000000000, 1.000000000000000000, -0.000000000000000000 ) ) ;
#1516 = PLANE ( 'NONE',  #6800 ) ;
#1517 = CARTESIAN_POINT ( 'NONE',  ( -9.250000000000001776, 3.249999999999999556, -18.25000000000000000 ) ) ;
#1518 = VERTEX_POINT ( 'NONE', #137 ) ;
#1519 = DIRECTION ( 'NONE',  ( 0.000000000000000000, 1.000000000000000000, 0.000000000000000000 ) ) ;
#1520 = VECTOR ( 'NONE', #3620, 1000.000000000000000 ) ;
#1521 = CARTESIAN_POINT ( 'NONE',  ( -9.000000000000000000, 2.999999999999999556, -18.00000000000000000 ) ) ;
#1522 = ORIENTED_EDGE ( 'NONE', *, *, #4611, .F. ) ;
#1523 = FACE_BOUND ( 'NONE', #6662, .T. ) ;
#1524 = CARTESIAN_POINT ( 'NONE',  ( -9.695652173913044791, 7.500000000000000000, -8.604945506379113596 ) ) ;
#1525 = LINE ( 'NONE', #3924, #3784 ) ;
#1526 = DIRECTION ( 'NONE',  ( -0.000000000000000000, -0.000000000000000000, -1.000000000000000000 ) ) ;
#1527 = CARTESIAN_POINT ( 'NONE',  ( -9.000000000000000000, 0.4999999999999995559, 9.000000000000000000 ) ) ;
#1528 = EDGE_LOOP ( 'NONE', ( #4628, #273, #5480, #5285 ) ) ;
#1529 = VECTOR ( 'NONE', #2083, 1000.000000000000000 ) ;
#1530 = ORIENTED_EDGE ( 'NONE', *, *, #7291, .F. ) ;
#1531 = CONTEXT_DEPENDENT_SHAPE_REPRESENTATION ( #881, #1326 ) ;
#1532 = PRODUCT_RELATED_PRODUCT_CATEGORY ( 'part', '', ( #755 ) ) ;
#1534 = EDGE_CURVE ( 'NONE', #5682, #1068, #6379, .T. ) ;
#1533 = DIRECTION ( 'NONE',  ( -0.000000000000000000, -1.000000000000000000, -0.000000000000000000 ) ) ;
#1535 = VERTEX_POINT ( 'NONE', #6852 ) ;
#1536 = DIRECTION ( 'NONE',  ( 0.000000000000000000, -0.000000000000000000, -1.000000000000000000 ) ) ;
#1537 = DIRECTION ( 'NONE',  ( 0.000000000000000000, -0.000000000000000000, -1.000000000000000000 ) ) ;
#1538 = DIRECTION ( 'NONE',  ( 0.000000000000000000, 0.000000000000000000, 1.000000000000000000 ) ) ;
#1539 = FACE_OUTER_BOUND ( 'NONE', #401, .T. ) ;
#1540 = ORIENTED_EDGE ( 'NONE', *, *, #1059, .F. ) ;
#1541 = EDGE_CURVE ( 'NONE', #1105, #7418, #4183, .T. ) ;
#1542 = ORIENTED_EDGE ( 'NONE', *, *, #2729, .F. ) ;
#1543 = LINE ( 'NONE', #935, #1956 ) ;
#1544 = DIRECTION ( 'NONE',  ( 0.000000000000000000, 0.000000000000000000, 1.000000000000000000 ) ) ;
#1545 = ORIENTED_EDGE ( 'NONE', *, *, #1059, .T. ) ;
#1546 = EDGE_LOOP ( 'NONE', ( #7135, #133, #6957, #725 ) ) ;
#1547 = PLANE ( 'NONE',  #5437 ) ;
#1548 = DIRECTION ( 'NONE',  ( 0.000000000000000000, 0.000000000000000000, 1.000000000000000000 ) ) ;
#1549 = CARTESIAN_POINT ( 'NONE',  ( 15.49999999999999822, 0.000000000000000000, -0.2499999999999993616 ) ) ;
#1550 = EDGE_CURVE ( 'NONE', #5103, #2653, #2700, .T. ) ;
#1551 = VECTOR ( 'NONE', #2950, 1000.000000000000000 ) ;
#1552 = CARTESIAN_POINT ( 'NONE',  ( 6.000000000000000000, 2.800000000000001155, 0.000000000000000000 ) ) ;
#1553 = ORIENTED_EDGE ( 'NONE', *, *, #2564, .T. ) ;
#1554 = LINE ( 'NONE', #5119, #7383 ) ;
#1555 = AXIS2_PLACEMENT_3D ( 'NONE', #7046, #5766, #1572 ) ;
#1556 = LINE ( 'NONE', #5716, #2795 ) ;
#1557 = ORIENTED_EDGE ( 'NONE', *, *, #4882, .T. ) ;
#1558 = AXIS2_PLACEMENT_3D ( 'NONE', #3425, #6550, #479 ) ;
#1559 = LINE ( 'NONE', #1723, #3203 ) ;
#1560 = CARTESIAN_POINT ( 'NONE',  ( 9.000000000000000000, 0.4999999999999995559, 9.000000000000000000 ) ) ;
#1561 = EDGE_CURVE ( 'NONE', #708, #127, #219, .T. ) ;
#1562 = PLANE ( 'NONE',  #7618 ) ;
#1563 = DIRECTION ( 'NONE',  ( 0.000000000000000000, 0.000000000000000000, 1.000000000000000000 ) ) ;
#1564 = PLANE ( 'NONE',  #2418 ) ;
#1565 = ORIENTED_EDGE ( 'NONE', *, *, #3381, .T. ) ;
#1566 = AXIS2_PLACEMENT_3D ( 'NONE', #4403, #3801, #6235 ) ;
#1567 = ORIENTED_EDGE ( 'NONE', *, *, #1561, .T. ) ;
#1568 = VECTOR ( 'NONE', #2738, 1000.000000000000000 ) ;
#1569 = APPLICATION_PROTOCOL_DEFINITION ( 'draft international standard', 'automotive_design', 1998, #5523 ) ;
#1570 = CARTESIAN_POINT ( 'NONE',  ( -16.00000000000000000, 0.4999999999999995559, 0.000000000000000000 ) ) ;
#1571 = VERTEX_POINT ( 'NONE', #3860 ) ;
#1572 = DIRECTION ( 'NONE',  ( 1.000000000000000000, 0.000000000000000000, 0.000000000000000000 ) ) ;
#1573 = CARTESIAN_POINT ( 'NONE',  ( 9.499999999999998224, 7.500000000000000000, 7.864218330839939597 ) ) ;
#1574 = LINE ( 'NONE', #4009, #7829 ) ;
#1575 = VECTOR ( 'NONE', #6079, 1000.000000000000000 ) ;
#1576 = FACE_OUTER_BOUND ( 'NONE', #6960, .T. ) ;
#1577 = ADVANCED_FACE ( 'NONE', ( #6293 ), #820, .F. ) ;
#1578 = ORIENTED_EDGE ( 'NONE', *, *, #7124, .F. ) ;
#1579 = AXIS2_PLACEMENT_3D ( 'NONE', #6427, #3412, #2161 ) ;
#1580 = EDGE_LOOP ( 'NONE', ( #4927, #6860, #1557, #5684 ) ) ;
#1581 = VECTOR ( 'NONE', #6014, 1000.000000000000000 ) ;
#1582 = DIRECTION ( 'NONE',  ( -0.000000000000000000, -0.000000000000000000, -1.000000000000000000 ) ) ;
#1583 = DIRECTION ( 'NONE',  ( -0.000000000000000000, 1.000000000000000000, -0.000000000000000000 ) ) ;
#1584 = EDGE_CURVE ( 'NONE', #5374, #1415, #224, .T. ) ;
#1585 = EDGE_CURVE ( 'NONE', #3544, #2084, #4497, .T. ) ;
#1586 = ADVANCED_FACE ( 'NONE', ( #2892 ), #1288, .F. ) ;
#1587 = ORIENTED_EDGE ( 'NONE', *, *, #7206, .F. ) ;
#1588 = EDGE_LOOP ( 'NONE', ( #6452, #7286 ) ) ;
#1589 = ORIENTED_EDGE ( 'NONE', *, *, #4998, .F. ) ;
#1590 = CYLINDRICAL_SURFACE ( 'NONE', #4003, 0.4999999999999995559 ) ;
#1591 = CYLINDRICAL_SURFACE ( 'NONE', #4130, 0.8000000000000020428 ) ;
#1592 = DIRECTION ( 'NONE',  ( 0.000000000000000000, 0.000000000000000000, 1.000000000000000000 ) ) ;
#1593 = EDGE_CURVE ( 'NONE', #3653, #2868, #7243, .T. ) ;
#1594 = ORIENTED_EDGE ( 'NONE', *, *, #5368, .T. ) ;
#1595 = DIRECTION ( 'NONE',  ( -1.412641267082090664E-16, -0.000000000000000000, -1.000000000000000000 ) ) ;
#1596 = EDGE_CURVE ( 'NONE', #2881, #7824, #4693, .T. ) ;
#1597 = CARTESIAN_POINT ( 'NONE',  ( -6.770000000000000462, -3.270000000000000462, 0.000000000000000000 ) ) ;
#1598 = EDGE_LOOP ( 'NONE', ( #855, #6920 ) ) ;
#1599 = DIRECTION ( 'NONE',  ( -0.000000000000000000, 1.000000000000000000, -0.000000000000000000 ) ) ;
#1600 = CYLINDRICAL_SURFACE ( 'NONE', #534, 1.499999999999999556 ) ;
#1601 = CARTESIAN_POINT ( 'NONE',  ( 3.700000000000000178, 2.000000000000000000, 0.1000000000000000056 ) ) ;
#1602 = PLANE ( 'NONE',  #5196 ) ;
#1603 = CARTESIAN_POINT ( 'NONE',  ( 16.00000000000000000, 0.4999999999999995559, -9.000000000000000000 ) ) ;
#1604 = ORIENTED_EDGE ( 'NONE', *, *, #474, .F. ) ;
#1605 = AXIS2_PLACEMENT_3D ( 'NONE', #891, #3324, #7013 ) ;
#1606 = EDGE_LOOP ( 'NONE', ( #2956, #3502, #3975, #2277 ) ) ;
#1607 = EDGE_CURVE ( 'NONE', #6331, #2544, #5450, .T. ) ;
#1608 = SHAPE_DEFINITION_REPRESENTATION ( #2242, #5965 ) ;
#1609 = CARTESIAN_POINT ( 'NONE',  ( -4.299999999999999822, -1.199999999999999734, 0.1000000000000000056 ) ) ;
#1610 = VERTEX_POINT ( 'NONE', #5053 ) ;
#1611 = AXIS2_PLACEMENT_3D ( 'NONE', #6988, #428, #5304 ) ;
#1612 = LINE ( 'NONE', #5286, #2204 ) ;
#1613 = CARTESIAN_POINT ( 'NONE',  ( -6.569999999999999396, 0.1750000000000000167, -3.069999999999999396 ) ) ;
#1614 = FACE_OUTER_BOUND ( 'NONE', #1606, .T. ) ;
#1615 = DIRECTION ( 'NONE',  ( 0.000000000000000000, 0.000000000000000000, 1.000000000000000000 ) ) ;
#1616 = VECTOR ( 'NONE', #3407, 1000.000000000000000 ) ;
#1617 = AXIS2_PLACEMENT_3D ( 'NONE', #2217, #7459, #6404 ) ;
#1618 = ORIENTED_EDGE ( 'NONE', *, *, #7251, .T. ) ;
#1619 = AXIS2_PLACEMENT_3D ( 'NONE', #2596, #3259, #1513 ) ;
#1620 = ORIENTED_EDGE ( 'NONE', *, *, #1405, .T. ) ;
#1621 = LINE ( 'NONE', #497, #4247 ) ;
#1622 = CIRCLE ( 'NONE', #3654, 0.5000000000000000000 ) ;
#1623 = CIRCLE ( 'NONE', #6083, 1.049999999999998934 ) ;
#1624 = FILL_AREA_STYLE_COLOUR ( '', #4165 ) ;
#1625 = CARTESIAN_POINT ( 'NONE',  ( 9.249999999999998224, 3.249999999999999556, 0.2500000000000000000 ) ) ;
#1626 = VECTOR ( 'NONE', #2109, 1000.000000000000000 ) ;
#1627 = ORIENTED_EDGE ( 'NONE', *, *, #3283, .F. ) ;
#1628 = ORIENTED_EDGE ( 'NONE', *, *, #1014, .F. ) ;
#1629 = VECTOR ( 'NONE', #163, 1000.000000000000000 ) ;
#1630 = ORIENTED_EDGE ( 'NONE', *, *, #1135, .F. ) ;
#1631 = VECTOR ( 'NONE', #1082, 1000.000000000000000 ) ;
#1632 = PRODUCT_RELATED_PRODUCT_CATEGORY ( 'part', '', ( #5868 ) ) ;
#1633 = EDGE_CURVE ( 'NONE', #6450, #1815, #3243, .T. ) ;
#1634 = DIRECTION ( 'NONE',  ( 0.000000000000000000, 1.000000000000000000, 0.000000000000000000 ) ) ;
#1635 = LINE ( 'NONE', #4066, #3093 ) ;
#1636 = CARTESIAN_POINT ( 'NONE',  ( 9.249999999999998224, 3.249999999999999556, -18.50000000000000000 ) ) ;
#1637 = ORIENTED_EDGE ( 'NONE', *, *, #2866, .T. ) ;
#1638 = CARTESIAN_POINT ( 'NONE',  ( 17.50000000000000000, 7.500000000000000000, 10.49999999999999645 ) ) ;
#1639 = ORIENTED_EDGE ( 'NONE', *, *, #2897, .T. ) ;
#1640 = DIRECTION ( 'NONE',  ( 0.000000000000000000, 1.000000000000000000, -0.000000000000000000 ) ) ;
#1641 = VERTEX_POINT ( 'NONE', #1371 ) ;
#1642 = EDGE_CURVE ( 'NONE', #7868, #2194, #6839, .T. ) ;
#1643 = AXIS2_PLACEMENT_3D ( 'NONE', #6906, #3837, #3876 ) ;
#1644 = CARTESIAN_POINT ( 'NONE',  ( -10.50000000000000533, 0.000000000000000000, 10.50000000000000355 ) ) ;
#1645 = CARTESIAN_POINT ( 'NONE',  ( 16.00000000000000000, 0.4999999999999995559, 9.800000000000000711 ) ) ;
#1646 = DIRECTION ( 'NONE',  ( 0.000000000000000000, 0.000000000000000000, -1.000000000000000000 ) ) ;
#1647 = LINE ( 'NONE', #7675, #6594 ) ;
#1648 = CARTESIAN_POINT ( 'NONE',  ( -9.000000000000000000, 2.999999999999999556, -18.00000000000000000 ) ) ;
#1649 = EDGE_LOOP ( 'NONE', ( #4218, #50, #399, #2022 ) ) ;
#1650 = ORIENTED_EDGE ( 'NONE', *, *, #7564, .F. ) ;
#1651 = VECTOR ( 'NONE', #274, 1000.000000000000000 ) ;
#1652 = ADVANCED_FACE ( 'NONE', ( #6246 ), #1332, .F. ) ;
#1653 = PLANE ( 'NONE',  #6743 ) ;
#1654 = VERTEX_POINT ( 'NONE', #4491 ) ;
#1655 = DIRECTION ( 'NONE',  ( 2.168404344971008868E-16, 1.000000000000000000, -0.000000000000000000 ) ) ;
#1656 = LINE ( 'NONE', #446, #4947 ) ;
#1657 = AXIS2_PLACEMENT_3D ( 'NONE', #4944, #2471, #2981 ) ;
#1658 = CIRCLE ( 'NONE', #3683, 1.499999999999999556 ) ;
#1659 = DIRECTION ( 'NONE',  ( -0.000000000000000000, 1.000000000000000000, -0.000000000000000000 ) ) ;
#1660 = ADVANCED_FACE ( 'NONE', ( #4412 ), #5686, .T. ) ;
#1661 = ADVANCED_FACE ( 'NONE', ( #175 ), #5647, .T. ) ;
#1662 = DIRECTION ( 'NONE',  ( 1.000000000000000000, -0.000000000000000000, -0.000000000000000000 ) ) ;
#1663 = AXIS2_PLACEMENT_3D ( 'NONE', #1934, #3197, #7484 ) ;
#1664 = ORIENTED_EDGE ( 'NONE', *, *, #6896, .T. ) ;
#1665 = UNCERTAINTY_MEASURE_WITH_UNIT (LENGTH_MEASURE( 1.000000000000000082E-05 ), #5489, 'distance_accuracy_value', 'NONE');
#1666 = ORIENTED_EDGE ( 'NONE', *, *, #3430, .T. ) ;
#1667 = CARTESIAN_POINT ( 'NONE',  ( 6.050000000000000711, -2.000000000000000000, 0.000000000000000000 ) ) ;
#1668 = SURFACE_STYLE_USAGE ( .BOTH. , #6532 ) ;
#1669 = PLANE ( 'NONE',  #5571 ) ;
#1670 = ORIENTED_EDGE ( 'NONE', *, *, #5248, .F. ) ;
#1671 = EDGE_LOOP ( 'NONE', ( #6931, #4779 ) ) ;
#1672 = ORIENTED_EDGE ( 'NONE', *, *, #7302, .F. ) ;
#1673 = EDGE_LOOP ( 'NONE', ( #1019, #5895, #2464, #230 ) ) ;
#1674 = DIRECTION ( 'NONE',  ( -1.000000000000000000, 0.000000000000000000, 0.000000000000000000 ) ) ;
#1675 = DIRECTION ( 'NONE',  ( -1.000000000000000000, -0.000000000000000000, 9.912705577010325549E-17 ) ) ;
#1676 = CARTESIAN_POINT ( 'NONE',  ( -9.000000000000007105, 0.4999999999999995559, 10.50000000000000000 ) ) ;
#1677 = EDGE_CURVE ( 'NONE', #43, #6537, #3154, .T. ) ;
#1678 = ORIENTED_EDGE ( 'NONE', *, *, #6396, .T. ) ;
#1679 = EDGE_CURVE ( 'NONE', #4193, #4524, #1452, .T. ) ;
#1680 = FACE_BOUND ( 'NONE', #6171, .T. ) ;
#1681 = VERTEX_POINT ( 'NONE', #2025 ) ;
#1682 = PLANE ( 'NONE',  #2266 ) ;
#1683 = ORIENTED_EDGE ( 'NONE', *, *, #7753, .F. ) ;
#1684 = DIRECTION ( 'NONE',  ( -0.000000000000000000, 1.000000000000000000, -0.000000000000000000 ) ) ;
#1685 = DIRECTION ( 'NONE',  ( -0.000000000000000000, 1.000000000000000000, -0.000000000000000000 ) ) ;
#1686 = LINE ( 'NONE', #4198, #4553 ) ;
#1687 = DIRECTION ( 'NONE',  ( -1.000000000000000000, 0.000000000000000000, 0.000000000000000000 ) ) ;
#1688 = ORIENTED_EDGE ( 'NONE', *, *, #2573, .F. ) ;
#1689 = EDGE_CURVE ( 'NONE', #2792, #2267, #3282, .T. ) ;
#1690 = AXIS2_PLACEMENT_3D ( 'NONE', #7634, #2016, #3194 ) ;
#1691 = ORIENTED_EDGE ( 'NONE', *, *, #3564, .T. ) ;
#1692 = VECTOR ( 'NONE', #2648, 1000.000000000000000 ) ;
#1693 = CARTESIAN_POINT ( 'NONE',  ( -16.00000000000000000, 0.000000000000000000, -1.500000000000000666 ) ) ;
#1694 = ORIENTED_EDGE ( 'NONE', *, *, #3041, .T. ) ;
#1695 = CARTESIAN_POINT ( 'NONE',  ( 6.799999999999998046, 3.299999999999999822, -1.399999999999999911 ) ) ;
#1696 = FACE_OUTER_BOUND ( 'NONE', #1794, .T. ) ;
#1697 =( GEOMETRIC_REPRESENTATION_CONTEXT ( 3 ) GLOBAL_UNCERTAINTY_ASSIGNED_CONTEXT ( ( #6187 ) ) GLOBAL_UNIT_ASSIGNED_CONTEXT ( ( #7799, #25, #3708 ) ) REPRESENTATION_CONTEXT ( 'NONE', 'WORKASPACE' ) );
#1698 = PLANE ( 'NONE',  #7343 ) ;
#1699 = VECTOR ( 'NONE', #7731, 1000.000000000000000 ) ;
#1700 = ORIENTED_EDGE ( 'NONE', *, *, #7334, .T. ) ;
#1701 = ORIENTED_EDGE ( 'NONE', *, *, #1754, .F. ) ;
#1702 = EDGE_CURVE ( 'NONE', #7738, #1436, #3287, .T. ) ;
#1703 = VECTOR ( 'NONE', #7652, 1000.000000000000000 ) ;
#1704 = DIRECTION ( 'NONE',  ( 0.000000000000000000, -1.000000000000000000, 0.000000000000000000 ) ) ;
#1705 = FILL_AREA_STYLE ('',( #1624 ) ) ;
#1706 = DIRECTION ( 'NONE',  ( 0.000000000000000000, 0.000000000000000000, -1.000000000000000000 ) ) ;
#1707 =( REPRESENTATION_RELATIONSHIP ('NONE','NONE', #6776, #1843 ) REPRESENTATION_RELATIONSHIP_WITH_TRANSFORMATION ( #7042 )SHAPE_REPRESENTATION_RELATIONSHIP( ) );
#1708 = ORIENTED_EDGE ( 'NONE', *, *, #3934, .F. ) ;
#1709 = VECTOR ( 'NONE', #1271, 1000.000000000000000 ) ;
#1710 = ORIENTED_EDGE ( 'NONE', *, *, #474, .T. ) ;
#1711 = AXIS2_PLACEMENT_3D ( 'NONE', #5026, #2467, #695 ) ;
#1712 = ORIENTED_EDGE ( 'NONE', *, *, #6294, .T. ) ;
#1713 = EDGE_LOOP ( 'NONE', ( #5331, #4277, #5048, #5089 ) ) ;
#1714 = EDGE_CURVE ( 'NONE', #6101, #7164, #730, .T. ) ;
#1715 = CARTESIAN_POINT ( 'NONE',  ( 15.50000000000000178, 0.000000000000000000, -6.050000000000000711 ) ) ;
#1716 = DIRECTION ( 'NONE',  ( -0.000000000000000000, -0.000000000000000000, -1.000000000000000000 ) ) ;
#1717 = DIRECTION ( 'NONE',  ( -0.000000000000000000, 1.000000000000000000, -0.000000000000000000 ) ) ;
#1718 = ORIENTED_EDGE ( 'NONE', *, *, #1434, .T. ) ;
#1719 = DIRECTION ( 'NONE',  ( 0.000000000000000000, -0.000000000000000000, -1.000000000000000000 ) ) ;
#1720 = ORIENTED_EDGE ( 'NONE', *, *, #7543, .T. ) ;
#1721 = LINE ( 'NONE', #392, #6846 ) ;
#1722 = ORIENTED_EDGE ( 'NONE', *, *, #1501, .F. ) ;
#1723 = CARTESIAN_POINT ( 'NONE',  ( -9.000000000000000000, 2.999999999999999556, -18.00000000000000000 ) ) ;
#1724 = CYLINDRICAL_SURFACE ( 'NONE', #338, 0.5000000000000000000 ) ;
#1725 = CARTESIAN_POINT ( 'NONE',  ( 0.000000000000000000, 0.000000000000000000, 0.5000000000000000000 ) ) ;
#1726 = ORIENTED_EDGE ( 'NONE', *, *, #7249, .F. ) ;
#1727 = ORIENTED_EDGE ( 'NONE', *, *, #2085, .T. ) ;
#1728 = DIRECTION ( 'NONE',  ( 1.000000000000000000, 0.000000000000000000, -0.000000000000000000 ) ) ;
#1729 = EDGE_LOOP ( 'NONE', ( #5645, #939, #2727, #285 ) ) ;
#1730 = DIRECTION ( 'NONE',  ( 0.000000000000000000, 0.000000000000000000, 1.000000000000000000 ) ) ;
#1732 = ADVANCED_FACE ( 'NONE', ( #1495, #2695, #1939, #7412, #1411 ), #5133, .T. ) ;
#1731 = DIRECTION ( 'NONE',  ( -1.000000000000000000, 0.000000000000000000, 0.000000000000000000 ) ) ;
#1733 = EDGE_CURVE ( 'NONE', #3363, #3389, #5767, .T. ) ;
#1734 = PLANE ( 'NONE',  #5781 ) ;
#1735 = DIRECTION ( 'NONE',  ( 0.000000000000000000, 1.000000000000000000, 0.000000000000000000 ) ) ;
#1736 = ORIENTED_EDGE ( 'NONE', *, *, #5540, .F. ) ;
#1737 = VECTOR ( 'NONE', #6119, 1000.000000000000000 ) ;
#1738 = ORIENTED_EDGE ( 'NONE', *, *, #903, .T. ) ;
#1739 = EDGE_CURVE ( 'NONE', #3326, #309, #602, .T. ) ;
#1740 = CARTESIAN_POINT ( 'NONE',  ( -9.000000000000007105, 7.500000000000000000, 10.50000000000000000 ) ) ;
#1741 =( NAMED_UNIT ( * ) SI_UNIT ( $, .STERADIAN. ) SOLID_ANGLE_UNIT ( ) );
#1742 = CARTESIAN_POINT ( 'NONE',  ( -9.250000000000001776, -3.249999999999999556, 0.5000000000000000000 ) ) ;
#1743 = AXIS2_PLACEMENT_3D ( 'NONE', #7470, #2678, #5152 ) ;
#1744 = ORIENTED_EDGE ( 'NONE', *, *, #3923, .F. ) ;
#1745 = DIRECTION ( 'NONE',  ( -3.491481338843133355E-15, 0.000000000000000000, -1.000000000000000000 ) ) ;
#1746 = VERTEX_POINT ( 'NONE', #2578 ) ;
#1747 = AXIS2_PLACEMENT_3D ( 'NONE', #6570, #4703, #2154 ) ;
#1748 = AXIS2_PLACEMENT_3D ( 'NONE', #4724, #5874, #1763 ) ;
#1749 = AXIS2_PLACEMENT_3D ( 'NONE', #5421, #4115, #6547 ) ;
#1750 = LINE ( 'NONE', #541, #7577 ) ;
#1751 = CARTESIAN_POINT ( 'NONE',  ( 16.00000000000000000, 0.000000000000000000, 8.999999999999998224 ) ) ;
#1752 = CARTESIAN_POINT ( 'NONE',  ( -6.770000000000001350, 3.269999999999999574, -0.5000000000000000000 ) ) ;
#1753 = EDGE_CURVE ( 'NONE', #3722, #2155, #5210, .T. ) ;
#1754 = EDGE_CURVE ( 'NONE', #3227, #887, #6525, .T. ) ;
#1755 = ORIENTED_EDGE ( 'NONE', *, *, #1144, .T. ) ;
#1756 = VECTOR ( 'NONE', #7309, 1000.000000000000000 ) ;
#1757 = CYLINDRICAL_SURFACE ( 'NONE', #5217, 1.500000000000000000 ) ;
#1758 = AXIS2_PLACEMENT_3D ( 'NONE', #6284, #3894, #769 ) ;
#1759 = EDGE_LOOP ( 'NONE', ( #5422, #5131, #7317, #5293 ) ) ;
#1760 = DIRECTION ( 'NONE',  ( 0.000000000000000000, 0.000000000000000000, 1.000000000000000000 ) ) ;
#1761 = EDGE_LOOP ( 'NONE', ( #2680, #4512, #1018, #4852 ) ) ;
#1762 = CARTESIAN_POINT ( 'NONE',  ( 5.549999999999999822, 2.000000000000000000, 0.1000000000000000056 ) ) ;
#1763 = DIRECTION ( 'NONE',  ( 1.000000000000000000, 0.000000000000000000, 0.000000000000000000 ) ) ;
#1764 = VECTOR ( 'NONE', #7625, 1000.000000000000000 ) ;
#1765 = CYLINDRICAL_SURFACE ( 'NONE', #470, 1.499999999999999556 ) ;
#1766 = ORIENTED_EDGE ( 'NONE', *, *, #5917, .T. ) ;
#1767 = LINE ( 'NONE', #1890, #1964 ) ;
#1768 = ORIENTED_EDGE ( 'NONE', *, *, #3191, .F. ) ;
#1769 = DIRECTION ( 'NONE',  ( 1.000000000000000000, 0.000000000000000000, 0.000000000000000000 ) ) ;
#1770 = VERTEX_POINT ( 'NONE', #4695 ) ;
#1771 = DIRECTION ( 'NONE',  ( 0.000000000000000000, 0.000000000000000000, 1.000000000000000000 ) ) ;
#1772 = DIRECTION ( 'NONE',  ( -9.912705577010326782E-17, 0.000000000000000000, -1.000000000000000000 ) ) ;
#1773 = AXIS2_PLACEMENT_3D ( 'NONE', #7294, #5532, #6050 ) ;
#1774 = DIRECTION ( 'NONE',  ( -2.312964634635743450E-15, 0.000000000000000000, 1.000000000000000000 ) ) ;
#1775 = CYLINDRICAL_SURFACE ( 'NONE', #5181, 1.499999999999999556 ) ;
#1776 = CIRCLE ( 'NONE', #4068, 0.5000000000000004441 ) ;
#1777 = PRODUCT_DEFINITION ( 'UNKNOWN', '', #7639, #5252 ) ;
#1778 = ADVANCED_FACE ( 'NONE', ( #3969 ), #5806, .F. ) ;
#1779 = ORIENTED_EDGE ( 'NONE', *, *, #713, .T. ) ;
#1780 = VERTEX_POINT ( 'NONE', #927 ) ;
#1781 = VECTOR ( 'NONE', #2489, 1000.000000000000000 ) ;
#1782 = DIRECTION ( 'NONE',  ( 0.000000000000000000, 1.000000000000000000, 0.000000000000000000 ) ) ;
#1783 = DIRECTION ( 'NONE',  ( -0.000000000000000000, -0.000000000000000000, -1.000000000000000000 ) ) ;
#1784 = AXIS2_PLACEMENT_3D ( 'NONE', #6237, #2020, #5088 ) ;
#1785 = EDGE_CURVE ( 'NONE', #309, #2253, #2403, .T. ) ;
#1786 = ORIENTED_EDGE ( 'NONE', *, *, #7241, .F. ) ;
#1787 = CARTESIAN_POINT ( 'NONE',  ( 16.85033490685161439, 8.419840659910471814, 1.803836378720259592 ) ) ;
#1788 = EDGE_LOOP ( 'NONE', ( #2490, #7485, #7860, #6847 ) ) ;
#1789 = CARTESIAN_POINT ( 'NONE',  ( 9.499999999999994671, 0.4999999999999995559, -7.600000000000000533 ) ) ;
#1790 = CARTESIAN_POINT ( 'NONE',  ( -10.50000000000000533, 0.000000000000000000, 3.000000000000004441 ) ) ;
#1791 = DIRECTION ( 'NONE',  ( -0.000000000000000000, -0.000000000000000000, -1.000000000000000000 ) ) ;
#1792 = DIRECTION ( 'NONE',  ( -0.000000000000000000, 1.000000000000000000, -0.000000000000000000 ) ) ;
#1793 = CARTESIAN_POINT ( 'NONE',  ( 16.75000000000000000, 7.500000000000000000, -4.000000000000000000 ) ) ;
#1794 = EDGE_LOOP ( 'NONE', ( #3013, #5233 ) ) ;
#1795 = DIRECTION ( 'NONE',  ( -0.000000000000000000, 0.000000000000000000, 1.000000000000000000 ) ) ;
#1796 = ORIENTED_EDGE ( 'NONE', *, *, #849, .T. ) ;
#1797 = FILL_AREA_STYLE ('',( #4869 ) ) ;
#1798 = ORIENTED_EDGE ( 'NONE', *, *, #1137, .F. ) ;
#1799 = EDGE_CURVE ( 'NONE', #6639, #2267, #4048, .T. ) ;
#1800 = DIRECTION ( 'NONE',  ( 9.912705577010326782E-17, -0.000000000000000000, 1.000000000000000000 ) ) ;
#1801 = DIRECTION ( 'NONE',  ( -0.000000000000000000, 1.000000000000000000, -0.000000000000000000 ) ) ;
#1802 = CARTESIAN_POINT ( 'NONE',  ( -11.00000000000000178, 0.4999999999999995559, 7.864218330839946702 ) ) ;
#1803 = ORIENTED_EDGE ( 'NONE', *, *, #4924, .F. ) ;
#1804 = ORIENTED_EDGE ( 'NONE', *, *, #4734, .T. ) ;
#1805 = LINE ( 'NONE', #2997, #4076 ) ;
#1806 = VERTEX_POINT ( 'NONE', #1573 ) ;
#1807 = ADVANCED_FACE ( 'NONE', ( #7649 ), #5326, .F. ) ;
#1808 = DIRECTION ( 'NONE',  ( 1.000000000000000000, 0.000000000000000000, 0.000000000000000000 ) ) ;
#1809 = DIRECTION ( 'NONE',  ( -0.000000000000000000, -1.000000000000000000, -0.000000000000000000 ) ) ;
#1810 = DIRECTION ( 'NONE',  ( 1.326241189584715037E-16, 0.000000000000000000, 1.000000000000000000 ) ) ;
#1811 = CIRCLE ( 'NONE', #6644, 0.5000000000000004441 ) ;
#1812 = DIRECTION ( 'NONE',  ( 0.000000000000000000, 0.000000000000000000, -1.000000000000000000 ) ) ;
#1813 = ADVANCED_FACE ( 'NONE', ( #2184 ), #6446, .F. ) ;
#1814 = ORIENTED_EDGE ( 'NONE', *, *, #7152, .F. ) ;
#1815 = VERTEX_POINT ( 'NONE', #1695 ) ;
#1816 = VECTOR ( 'NONE', #850, 1000.000000000000000 ) ;
#1817 = DIRECTION ( 'NONE',  ( 0.000000000000000000, 0.000000000000000000, 1.000000000000000000 ) ) ;
#1818 = CARTESIAN_POINT ( 'NONE',  ( 7.864218330839944926, 0.4999999999999995559, 9.500000000000000000 ) ) ;
#1819 = DIRECTION ( 'NONE',  ( 1.000000000000000000, 0.000000000000000000, 0.000000000000000000 ) ) ;
#1820 = EDGE_LOOP ( 'NONE', ( #3390, #2340, #1000, #2601 ) ) ;
#1821 = CARTESIAN_POINT ( 'NONE',  ( -19.97434152639470639, 6.658170938957482576, 30.37057002075016499 ) ) ;
#1822 = ORIENTED_EDGE ( 'NONE', *, *, #6698, .F. ) ;
#1823 = VECTOR ( 'NONE', #2153, 1000.000000000000000 ) ;
#1824 = CARTESIAN_POINT ( 'NONE',  ( 0.4300000000000014366, 0.1750000000000000167, -3.069999999999999840 ) ) ;
#1825 = DIRECTION ( 'NONE',  ( -1.236061108696829207E-16, -1.000000000000000000, 0.000000000000000000 ) ) ;
#1826 = DIRECTION ( 'NONE',  ( -1.000000000000000000, 0.000000000000000000, -1.652117596168387756E-16 ) ) ;
#1827 = EDGE_CURVE ( 'NONE', #1681, #3731, #4616, .T. ) ;
#1828 = EDGE_CURVE ( 'NONE', #1056, #2189, #4092, .T. ) ;
#1829 = EDGE_CURVE ( 'NONE', #2358, #4541, #5846, .T. ) ;
#1830 = DIRECTION ( 'NONE',  ( 0.000000000000000000, 0.000000000000000000, 1.000000000000000000 ) ) ;
#1831 = CIRCLE ( 'NONE', #6672, 0.5500000000000014877 ) ;
#1832 = CARTESIAN_POINT ( 'NONE',  ( 9.249999999999998224, 0.000000000000000000, 0.5000000000000000000 ) ) ;
#1833 = AXIS2_PLACEMENT_3D ( 'NONE', #527, #4244, #3680 ) ;
#1834 = ORIENTED_EDGE ( 'NONE', *, *, #4850, .F. ) ;
#1835 = DIRECTION ( 'NONE',  ( 0.000000000000000000, 0.000000000000000000, -1.000000000000000000 ) ) ;
#1836 = ORIENTED_EDGE ( 'NONE', *, *, #3738, .F. ) ;
#1837 = CIRCLE ( 'NONE', #1450, 1.499999999999999556 ) ;
#1838 = AXIS2_PLACEMENT_3D ( 'NONE', #785, #1515, #6262 ) ;
#1839 = DIRECTION ( 'NONE',  ( -0.000000000000000000, -1.000000000000000000, -0.000000000000000000 ) ) ;
#1840 = EDGE_CURVE ( 'NONE', #1040, #1861, #7508, .T. ) ;
#1841 = CARTESIAN_POINT ( 'NONE',  ( 13.99999999999999822, 0.000000000000000000, 1.750000000000000888 ) ) ;
#1842 = CARTESIAN_POINT ( 'NONE',  ( -16.00000000000000000, 0.000000000000000000, 1.050000000000000266 ) ) ;
#1843 = SHAPE_REPRESENTATION ( 'AFBR-S4N66P024M Mount', ( #1166 ), #4117 ) ;
#1844 = ORIENTED_EDGE ( 'NONE', *, *, #910, .T. ) ;
#1845 = EDGE_CURVE ( 'NONE', #4344, #3453, #5585, .T. ) ;
#1846 = CARTESIAN_POINT ( 'NONE',  ( -9.000000000000000000, 0.000000000000000000, -9.000000000000001776 ) ) ;
#1847 = CYLINDRICAL_SURFACE ( 'NONE', #1132, 0.2500000000000002220 ) ;
#1848 = ORIENTED_EDGE ( 'NONE', *, *, #2685, .T. ) ;
#1849 = LINE ( 'NONE', #3715, #142 ) ;
#1850 = CARTESIAN_POINT ( 'NONE',  ( -3.700000000000000178, 2.000000000000000000, 0.000000000000000000 ) ) ;
#1851 = CARTESIAN_POINT ( 'NONE',  ( 0.4300000000000014366, 0.1750000000000000167, -3.069999999999999840 ) ) ;
#1852 = DIRECTION ( 'NONE',  ( 0.000000000000000000, -1.000000000000000000, 0.000000000000000000 ) ) ;
#1853 = EDGE_CURVE ( 'NONE', #5305, #58, #2884, .T. ) ;
#1854 = EDGE_CURVE ( 'NONE', #5993, #2881, #2812, .T. ) ;
#1855 = ORIENTED_EDGE ( 'NONE', *, *, #4503, .F. ) ;
#1856 = LINE ( 'NONE', #5567, #3552 ) ;
#1857 = DIRECTION ( 'NONE',  ( 1.000000000000000000, 0.000000000000000000, -1.196361017915039239E-16 ) ) ;
#1858 = DIRECTION ( 'NONE',  ( 0.000000000000000000, 0.000000000000000000, -1.000000000000000000 ) ) ;
#1859 = AXIS2_PLACEMENT_3D ( 'NONE', #3402, #5175, #5924 ) ;
#1860 = ORIENTED_EDGE ( 'NONE', *, *, #7682, .F. ) ;
#1861 = VERTEX_POINT ( 'NONE', #7090 ) ;
#1862 = LINE ( 'NONE', #3129, #934 ) ;
#1863 = CARTESIAN_POINT ( 'NONE',  ( 6.050000000000000711, 2.000000000000000000, 0.1000000000000000056 ) ) ;
#1864 = VECTOR ( 'NONE', #4189, 1000.000000000000000 ) ;
#1865 = VECTOR ( 'NONE', #5803, 1000.000000000000000 ) ;
#1866 = DIRECTION ( 'NONE',  ( 0.000000000000000000, 0.000000000000000000, -1.000000000000000000 ) ) ;
#1867 = DIRECTION ( 'NONE',  ( 0.000000000000000000, 1.000000000000000000, 0.000000000000000000 ) ) ;
#1868 = ORIENTED_EDGE ( 'NONE', *, *, #7396, .T. ) ;
#1869 = DIRECTION ( 'NONE',  ( 0.000000000000000000, -1.000000000000000000, 0.000000000000000000 ) ) ;
#1870 = AXIS2_PLACEMENT_3D ( 'NONE', #7523, #3384, #878 ) ;
#1871 = EDGE_CURVE ( 'NONE', #3444, #4794, #1006, .T. ) ;
#1872 = EDGE_LOOP ( 'NONE', ( #1466, #6137, #4085, #3354 ) ) ;
#1873 = UNCERTAINTY_MEASURE_WITH_UNIT (LENGTH_MEASURE( 1.000000000000000082E-05 ), #1905, 'distance_accuracy_value', 'NONE');
#1874 = VECTOR ( 'NONE', #6062, 1000.000000000000000 ) ;
#1875 = CARTESIAN_POINT ( 'NONE',  ( 15.50000000000000178, 0.000000000000000000, 4.949999999999998401 ) ) ;
#1876 = DIRECTION ( 'NONE',  ( -1.000000000000000000, 0.000000000000000000, 0.000000000000000000 ) ) ;
#1877 = DIRECTION ( 'NONE',  ( -1.000000000000000000, 0.000000000000000000, 0.000000000000000000 ) ) ;
#1878 = DIRECTION ( 'NONE',  ( 1.000000000000000000, 0.000000000000000000, -1.239088197126289831E-16 ) ) ;
#1879 = DIRECTION ( 'NONE',  ( 0.000000000000000000, 0.000000000000000000, 1.000000000000000000 ) ) ;
#1880 = CIRCLE ( 'NONE', #5078, 0.4999999999999995559 ) ;
#1881 = ORIENTED_EDGE ( 'NONE', *, *, #1829, .T. ) ;
#1882 = AXIS2_PLACEMENT_3D ( 'NONE', #1460, #6890, #6973 ) ;
#1883 = FACE_OUTER_BOUND ( 'NONE', #7782, .T. ) ;
#1884 = EDGE_CURVE ( 'NONE', #4761, #5092, #5922, .T. ) ;
#1885 = VECTOR ( 'NONE', #3587, 1000.000000000000000 ) ;
#1886 = DIRECTION ( 'NONE',  ( -0.000000000000000000, -1.000000000000000000, -0.000000000000000000 ) ) ;
#1887 = ORIENTED_EDGE ( 'NONE', *, *, #5343, .T. ) ;
#1888 = CARTESIAN_POINT ( 'NONE',  ( 16.75000000000000000, 0.5000000000000004441, -6.100000000000001421 ) ) ;
#1889 = CARTESIAN_POINT ( 'NONE',  ( 5.049999999999999822, -2.000000000000000000, 0.1000000000000000056 ) ) ;
#1890 = CARTESIAN_POINT ( 'NONE',  ( 0.4299999999999997158, 3.069999999999998508, -1.074999999999999956 ) ) ;
#1891 = DIRECTION ( 'NONE',  ( 1.000000000000000000, 0.000000000000000000, -0.000000000000000000 ) ) ;
#1892 = ORIENTED_EDGE ( 'NONE', *, *, #4948, .F. ) ;
#1893 = ORIENTED_EDGE ( 'NONE', *, *, #1007, .F. ) ;
#1894 = AXIS2_PLACEMENT_3D ( 'NONE', #828, #7216, #1139 ) ;
#1895 = EDGE_LOOP ( 'NONE', ( #5717, #610, #206, #2298 ) ) ;
#1896 = FACE_OUTER_BOUND ( 'NONE', #486, .T. ) ;
#1897 = EDGE_CURVE ( 'NONE', #5215, #6711, #4058, .T. ) ;
#1898 = EDGE_CURVE ( 'NONE', #3278, #947, #1656, .T. ) ;
#1899 = VECTOR ( 'NONE', #6825, 1000.000000000000000 ) ;
#1900 = CARTESIAN_POINT ( 'NONE',  ( 4.299999999999999822, 2.799999999999999378, 0.1000000000000000056 ) ) ;
#1901 = LINE ( 'NONE', #1291, #7356 ) ;
#1902 = DIRECTION ( 'NONE',  ( 0.000000000000000000, 0.000000000000000000, 1.000000000000000000 ) ) ;
#1903 = VERTEX_POINT ( 'NONE', #4391 ) ;
#1904 = VECTOR ( 'NONE', #3703, 1000.000000000000000 ) ;
#1905 =( LENGTH_UNIT ( ) NAMED_UNIT ( * ) SI_UNIT ( .MILLI., .METRE. ) );
#1906 = PRODUCT_DEFINITION_SHAPE ( 'NONE', 'NONE',  #104 ) ;
#1907 = EDGE_LOOP ( 'NONE', ( #1578, #2429, #1618, #4364 ) ) ;
#1908 = CARTESIAN_POINT ( 'NONE',  ( 15.25000000000000178, 0.5000000000000004441, 4.000000000000000888 ) ) ;
#1909 = ADVANCED_FACE ( 'NONE', ( #110 ), #4305, .F. ) ;
#1910 = CARTESIAN_POINT ( 'NONE',  ( 5.999999999999999112, -1.199999999999998623, 0.1000000000000000056 ) ) ;
#1911 = DIRECTION ( 'NONE',  ( 0.000000000000000000, 1.000000000000000000, 0.000000000000000000 ) ) ;
#1912 = CIRCLE ( 'NONE', #115, 0.2500000000000000000 ) ;
#1913 = DIRECTION ( 'NONE',  ( -1.000000000000000000, 0.000000000000000000, 0.000000000000000000 ) ) ;
#1914 = VECTOR ( 'NONE', #2643, 1000.000000000000000 ) ;
#1915 = CARTESIAN_POINT ( 'NONE',  ( 3.200000000000000178, -2.000000000000000000, 0.1000000000000000056 ) ) ;
#1916 = ORIENTED_EDGE ( 'NONE', *, *, #2846, .F. ) ;
#1917 = CARTESIAN_POINT ( 'NONE',  ( -0.4300000000000032685, -3.069999999999998952, -1.074999999999999956 ) ) ;
#1918 = ORIENTED_EDGE ( 'NONE', *, *, #3840, .T. ) ;
#1919 = DIRECTION ( 'NONE',  ( 0.000000000000000000, 0.000000000000000000, -1.000000000000000000 ) ) ;
#1920 = CARTESIAN_POINT ( 'NONE',  ( 0.000000000000000000, 0.000000000000000000, 0.1000000000000000056 ) ) ;
#1921 = DIRECTION ( 'NONE',  ( 1.000000000000000000, 0.000000000000000000, -1.239088197126289831E-16 ) ) ;
#1922 = CARTESIAN_POINT ( 'NONE',  ( -9.250000000000001776, -3.499999999999999556, -18.25000000000000000 ) ) ;
#1923 = DIRECTION ( 'NONE',  ( 1.000000000000000000, 0.000000000000000000, 0.000000000000000000 ) ) ;
#1924 = EDGE_CURVE ( 'NONE', #1131, #7574, #1391, .T. ) ;
#1925 = VERTEX_POINT ( 'NONE', #149 ) ;
#1926 = CARTESIAN_POINT ( 'NONE',  ( -10.50000000000000533, 7.500000000000000000, 10.50000000000000355 ) ) ;
#1927 = DIRECTION ( 'NONE',  ( -0.000000000000000000, 1.000000000000000000, -0.000000000000000000 ) ) ;
#1928 = VERTEX_POINT ( 'NONE', #6819 ) ;
#1929 = PLANE ( 'NONE',  #6007 ) ;
#1930 = FACE_OUTER_BOUND ( 'NONE', #4006, .T. ) ;
#1931 = DIRECTION ( 'NONE',  ( 0.000000000000000000, 0.000000000000000000, 1.000000000000000000 ) ) ;
#1932 = EDGE_CURVE ( 'NONE', #2734, #5215, #4994, .T. ) ;
#1933 = EDGE_CURVE ( 'NONE', #5453, #6365, #5589, .T. ) ;
#1934 = CARTESIAN_POINT ( 'NONE',  ( 10.99999999999999822, 7.500000000000000000, 7.864218330839939597 ) ) ;
#1935 = VERTEX_POINT ( 'NONE', #2480 ) ;
#1936 = VERTEX_POINT ( 'NONE', #63 ) ;
#1937 = ORIENTED_EDGE ( 'NONE', *, *, #5313, .F. ) ;
#1938 = CARTESIAN_POINT ( 'NONE',  ( 6.570000000000000284, 3.069999999999998508, -0.5000000000000000000 ) ) ;
#1939 = FACE_BOUND ( 'NONE', #3034, .T. ) ;
#1940 = AXIS2_PLACEMENT_3D ( 'NONE', #7480, #2647, #6311 ) ;
#1941 = CARTESIAN_POINT ( 'NONE',  ( 15.49999999999999822, 0.000000000000000000, -1.749999999999999112 ) ) ;
#1942 = CARTESIAN_POINT ( 'NONE',  ( 0.4299999999999997158, 3.069999999999998508, -1.074999999999999956 ) ) ;
#1943 = ADVANCED_FACE ( 'NONE', ( #3559 ), #2002, .T. ) ;
#1944 = STYLED_ITEM ( 'NONE', ( #445 ), #6505 ) ;
#1945 = EDGE_LOOP ( 'NONE', ( #5940, #2438, #3135 ) ) ;
#1946 = APPLICATION_PROTOCOL_DEFINITION ( 'draft international standard', 'automotive_design', 1998, #3220 ) ;
#1947 =( GEOMETRIC_REPRESENTATION_CONTEXT ( 3 ) GLOBAL_UNCERTAINTY_ASSIGNED_CONTEXT ( ( #7476 ) ) GLOBAL_UNIT_ASSIGNED_CONTEXT ( ( #4307, #3668, #3548 ) ) REPRESENTATION_CONTEXT ( 'NONE', 'WORKASPACE' ) );
#1948 = ORIENTED_EDGE ( 'NONE', *, *, #1135, .T. ) ;
#1949 = CARTESIAN_POINT ( 'NONE',  ( -9.000000000000000000, -3.000000000000000444, -18.00000000000000000 ) ) ;
#1950 = FACE_OUTER_BOUND ( 'NONE', #2620, .T. ) ;
#1951 = FACE_OUTER_BOUND ( 'NONE', #2595, .T. ) ;
#1952 = DIRECTION ( 'NONE',  ( 0.000000000000000000, 1.000000000000000000, 0.000000000000000000 ) ) ;
#1953 = DIRECTION ( 'NONE',  ( -0.000000000000000000, 1.000000000000000000, -0.000000000000000000 ) ) ;
#1954 = CIRCLE ( 'NONE', #1566, 1.499999999999999556 ) ;
#1955 = ORIENTED_EDGE ( 'NONE', *, *, #4554, .F. ) ;
#1956 = VECTOR ( 'NONE', #5062, 1000.000000000000000 ) ;
#1957 = ADVANCED_FACE ( 'NONE', ( #4169 ), #2927, .F. ) ;
#1958 = LINE ( 'NONE', #584, #109 ) ;
#1959 = ORIENTED_EDGE ( 'NONE', *, *, #5896, .F. ) ;
#1960 = UNCERTAINTY_MEASURE_WITH_UNIT (LENGTH_MEASURE( 1.000000000000000082E-05 ), #3105, 'distance_accuracy_value', 'NONE');
#1961 =( NAMED_UNIT ( * ) PLANE_ANGLE_UNIT ( ) SI_UNIT ( $, .RADIAN. ) );
#1962 = DIRECTION ( 'NONE',  ( -0.000000000000000000, 0.000000000000000000, 1.000000000000000000 ) ) ;
#1963 = PLANE ( 'NONE',  #4508 ) ;
#1964 = VECTOR ( 'NONE', #2450, 1000.000000000000000 ) ;
#1965 = FACE_OUTER_BOUND ( 'NONE', #1080, .T. ) ;
#1966 = CARTESIAN_POINT ( 'NONE',  ( 9.499999999999998224, 3.499999999999999556, 0.2500000000000002220 ) ) ;
#1967 = ORIENTED_EDGE ( 'NONE', *, *, #2134, .T. ) ;
#1968 =( REPRESENTATION_RELATIONSHIP ('NONE','NONE', #4600, #4543 ) REPRESENTATION_RELATIONSHIP_WITH_TRANSFORMATION ( #7238 )SHAPE_REPRESENTATION_RELATIONSHIP( ) );
#1969 = FACE_BOUND ( 'NONE', #4684, .T. ) ;
#1970 = AXIS2_PLACEMENT_3D ( 'NONE', #1762, #7390, #1877 ) ;
#1971 = CIRCLE ( 'NONE', #674, 1.049999999999998934 ) ;
#1972 = DIRECTION ( 'NONE',  ( 1.000000000000000000, 0.000000000000000000, -1.826024711554533913E-16 ) ) ;
#1973 = ORIENTED_EDGE ( 'NONE', *, *, #910, .F. ) ;
#1974 = DIRECTION ( 'NONE',  ( 1.000000000000000000, 0.000000000000000000, -0.000000000000000000 ) ) ;
#1975 = DIRECTION ( 'NONE',  ( 0.000000000000000000, -0.000000000000000000, 1.000000000000000000 ) ) ;
#1976 = DIRECTION ( 'NONE',  ( 0.000000000000000000, -0.000000000000000000, -1.000000000000000000 ) ) ;
#1977 = CARTESIAN_POINT ( 'NONE',  ( 13.24999999999999822, 0.5000000000000004441, 2.500000000000001332 ) ) ;
#1978 = ORIENTED_EDGE ( 'NONE', *, *, #6561, .F. ) ;
#1979 = PRODUCT_DEFINITION_SHAPE ( 'NONE', 'NONE',  #1 ) ;
#1980 = ORIENTED_EDGE ( 'NONE', *, *, #1733, .F. ) ;
#1981 = ADVANCED_FACE ( 'NONE', ( #1270 ), #4433, .T. ) ;
#1982 = EDGE_CURVE ( 'NONE', #101, #1040, #2334, .T. ) ;
#1983 = ORIENTED_EDGE ( 'NONE', *, *, #5481, .T. ) ;
#1984 = DIRECTION ( 'NONE',  ( 1.000000000000000000, 0.000000000000000000, 0.000000000000000000 ) ) ;
#1985 = CARTESIAN_POINT ( 'NONE',  ( 17.50000000000000000, 7.500000000000000000, 3.250000000000001332 ) ) ;
#1986 = CARTESIAN_POINT ( 'NONE',  ( 13.24999999999999822, -16.34050177399711501, 2.500000000000001332 ) ) ;
#1987 = DIRECTION ( 'NONE',  ( 0.000000000000000000, -1.000000000000000000, 0.000000000000000000 ) ) ;
#1988 = ORIENTED_EDGE ( 'NONE', *, *, #6726, .T. ) ;
#1989 = CONTEXT_DEPENDENT_SHAPE_REPRESENTATION ( #1026, #6808 ) ;
#1990 = ADVANCED_FACE ( 'NONE', ( #4769 ), #1351, .T. ) ;
#1991 = ORIENTED_EDGE ( 'NONE', *, *, #6821, .F. ) ;
#1992 = DIRECTION ( 'NONE',  ( 0.000000000000000000, 0.000000000000000000, 1.000000000000000000 ) ) ;
#1993 = DIRECTION ( 'NONE',  ( 1.000000000000000000, 0.000000000000000000, 0.000000000000000000 ) ) ;
#1994 = LINE ( 'NONE', #2744, #4137 ) ;
#1995 = CARTESIAN_POINT ( 'NONE',  ( 16.00000000000000000, 0.000000000000000000, -3.249999999999999112 ) ) ;
#1996 = AXIS2_PLACEMENT_3D ( 'NONE', #4697, #930, #5887 ) ;
#1997 = DIRECTION ( 'NONE',  ( -1.000000000000000000, -0.000000000000000000, -0.000000000000000000 ) ) ;
#1998 = ORIENTED_EDGE ( 'NONE', *, *, #7052, .F. ) ;
#1999 = ORIENTED_EDGE ( 'NONE', *, *, #7162, .T. ) ;
#2000 = AXIS2_PLACEMENT_3D ( 'NONE', #5865, #6542, #946 ) ;
#2001 = CARTESIAN_POINT ( 'NONE',  ( 16.00000000000000000, 0.4999999999999995559, -1.749999999999999334 ) ) ;
#2002 = CYLINDRICAL_SURFACE ( 'NONE', #1239, 0.5000000000000000000 ) ;
#2003 = CARTESIAN_POINT ( 'NONE',  ( 17.50000000000000355, 7.500000000000000000, -9.000000000000007105 ) ) ;
#2004 = EDGE_CURVE ( 'NONE', #5871, #5966, #664, .T. ) ;
#2005 = EDGE_CURVE ( 'NONE', #127, #3489, #1116, .T. ) ;
#2006 = FACE_BOUND ( 'NONE', #434, .T. ) ;
#2007 =( LENGTH_UNIT ( ) NAMED_UNIT ( * ) SI_UNIT ( .MILLI., .METRE. ) );
#2008 = VERTEX_POINT ( 'NONE', #4953 ) ;
#2009 = AXIS2_PLACEMENT_3D ( 'NONE', #5258, #4742, #7178 ) ;
#2010 = VECTOR ( 'NONE', #3819, 1000.000000000000000 ) ;
#2011 = CARTESIAN_POINT ( 'NONE',  ( 6.570000000000001172, 0.1750000000000000167, -3.069999999999999840 ) ) ;
#2012 = VECTOR ( 'NONE', #1640, 1000.000000000000000 ) ;
#2013 = CYLINDRICAL_SURFACE ( 'NONE', #1008, 0.8000000000000009326 ) ;
#2014 = ORIENTED_EDGE ( 'NONE', *, *, #2, .T. ) ;
#2015 = VECTOR ( 'NONE', #1440, 1000.000000000000000 ) ;
#2016 = DIRECTION ( 'NONE',  ( -0.000000000000000000, -1.000000000000000000, -0.000000000000000000 ) ) ;
#2017 = DIRECTION ( 'NONE',  ( 0.000000000000000000, 0.000000000000000000, -1.000000000000000000 ) ) ;
#2018 = VECTOR ( 'NONE', #4676, 1000.000000000000000 ) ;
#2019 = DIRECTION ( 'NONE',  ( -0.000000000000000000, -1.000000000000000000, -0.000000000000000000 ) ) ;
#2020 = DIRECTION ( 'NONE',  ( -0.000000000000000000, 1.000000000000000000, -0.000000000000000000 ) ) ;
#2021 = ORIENTED_EDGE ( 'NONE', *, *, #4282, .F. ) ;
#2022 = ORIENTED_EDGE ( 'NONE', *, *, #6520, .F. ) ;
#2023 = AXIS2_PLACEMENT_3D ( 'NONE', #6812, #6769, #6130 ) ;
#2024 = ORIENTED_EDGE ( 'NONE', *, *, #4662, .F. ) ;
#2025 = CARTESIAN_POINT ( 'NONE',  ( 9.249999999999998224, -3.499999999999999556, 0.2500000000000000000 ) ) ;
#2026 = DIRECTION ( 'NONE',  ( -0.000000000000000000, -0.000000000000000000, -1.000000000000000000 ) ) ;
#2027 = LINE ( 'NONE', #6887, #452 ) ;
#2028 = EDGE_CURVE ( 'NONE', #5599, #5586, #4348, .T. ) ;
#2029 = EDGE_CURVE ( 'NONE', #6279, #3497, #6599, .T. ) ;
#2030 = ORIENTED_EDGE ( 'NONE', *, *, #3291, .T. ) ;
#2031 = VERTEX_POINT ( 'NONE', #1124 ) ;
#2032 = LINE ( 'NONE', #183, #3149 ) ;
#2033 = DIRECTION ( 'NONE',  ( 0.000000000000000000, 0.000000000000000000, -1.000000000000000000 ) ) ;
#2034 = CARTESIAN_POINT ( 'NONE',  ( 16.00000000000000000, 7.500000000000000000, 3.250000000000001332 ) ) ;
#2035 = CARTESIAN_POINT ( 'NONE',  ( -6.570000000000002949, -3.069999999999999840, -1.074999999999999956 ) ) ;
#2036 = EDGE_CURVE ( 'NONE', #3336, #3068, #6000, .T. ) ;
#2037 = ORIENTED_EDGE ( 'NONE', *, *, #1689, .T. ) ;
#2038 = EDGE_LOOP ( 'NONE', ( #6272, #1253, #342, #2066 ) ) ;
#2039 = VECTOR ( 'NONE', #264, 1000.000000000000000 ) ;
#2040 = DIRECTION ( 'NONE',  ( 1.000000000000000000, 0.000000000000000000, 0.000000000000000000 ) ) ;
#2041 = AXIS2_PLACEMENT_3D ( 'NONE', #2475, #4268, #4345 ) ;
#2042 = DIRECTION ( 'NONE',  ( -1.000000000000000000, 0.000000000000000000, 0.000000000000000000 ) ) ;
#2043 = CYLINDRICAL_SURFACE ( 'NONE', #5524, 1.500000000000000444 ) ;
#2044 =( NAMED_UNIT ( * ) SI_UNIT ( $, .STERADIAN. ) SOLID_ANGLE_UNIT ( ) );
#2045 = CARTESIAN_POINT ( 'NONE',  ( 8.604945506379110043, 0.4999999999999995559, -9.695652173913043015 ) ) ;
#2046 = EDGE_CURVE ( 'NONE', #6877, #4292, #7468, .T. ) ;
#2047 = FILL_AREA_STYLE_COLOUR ( '', #90 ) ;
#2048 = EDGE_LOOP ( 'NONE', ( #7295, #4, #6572, #3588 ) ) ;
#2049 = FACE_OUTER_BOUND ( 'NONE', #5047, .T. ) ;
#2050 = ADVANCED_FACE ( 'NONE', ( #5503 ), #943, .F. ) ;
#2051 = CARTESIAN_POINT ( 'NONE',  ( -6.569999999999999396, 0.7500000000000000000, -3.069999999999999396 ) ) ;
#2052 = ORIENTED_EDGE ( 'NONE', *, *, #7692, .F. ) ;
#2053 = CARTESIAN_POINT ( 'NONE',  ( -6.770000000000001350, 3.269999999999999574, -0.5000000000000000000 ) ) ;
#2054 = PLANE ( 'NONE',  #3335 ) ;
#2055 = PLANE ( 'NONE',  #5448 ) ;
#2056 = CARTESIAN_POINT ( 'NONE',  ( -9.000000000000000000, 2.999999999999999556, 0.000000000000000000 ) ) ;
#2057 = ORIENTED_EDGE ( 'NONE', *, *, #4849, .F. ) ;
#2058 = EDGE_CURVE ( 'NONE', #5586, #4775, #3985, .T. ) ;
#2059 = VERTEX_POINT ( 'NONE', #2676 ) ;
#2060 = ORIENTED_EDGE ( 'NONE', *, *, #2856, .T. ) ;
#2061 =( NAMED_UNIT ( * ) SI_UNIT ( $, .STERADIAN. ) SOLID_ANGLE_UNIT ( ) );
#2062 = DIRECTION ( 'NONE',  ( 0.000000000000000000, 0.000000000000000000, 1.000000000000000000 ) ) ;
#2063 = DIRECTION ( 'NONE',  ( -1.000000000000000000, 0.000000000000000000, 9.912705577010326782E-17 ) ) ;
#2064 = CARTESIAN_POINT ( 'NONE',  ( 16.00000000000000000, 0.4999999999999995559, 9.800000000000000711 ) ) ;
#2065 = ORIENTED_EDGE ( 'NONE', *, *, #1828, .F. ) ;
#2066 = ORIENTED_EDGE ( 'NONE', *, *, #4144, .F. ) ;
#2067 = DIRECTION ( 'NONE',  ( -0.000000000000000000, -0.000000000000000000, -1.000000000000000000 ) ) ;
#2068 = DIRECTION ( 'NONE',  ( 1.000000000000000000, 0.000000000000000000, 0.000000000000000000 ) ) ;
#2069 = CARTESIAN_POINT ( 'NONE',  ( 6.799999999999999822, -3.299999999999999822, 0.000000000000000000 ) ) ;
#2070 = LINE ( 'NONE', #6979, #1130 ) ;
#2071 = ORIENTED_EDGE ( 'NONE', *, *, #3556, .F. ) ;
#2072 = EDGE_LOOP ( 'NONE', ( #3345, #7033, #7199, #1755, #3111, #4888, #4236, #3771, #816, #894, #29, #684, #6159, #3248, #2037, #260, #2612, #6421, #1148, #6413, #259, #950, #4001 ) ) ;
#2073 = ADVANCED_FACE ( 'NONE', ( #5114 ), #2160, .T. ) ;
#2074 = DIRECTION ( 'NONE',  ( 0.000000000000000000, 0.000000000000000000, -1.000000000000000000 ) ) ;
#2075 = EDGE_CURVE ( 'NONE', #120, #3299, #904, .T. ) ;
#2076 = SPHERICAL_SURFACE ( 'NONE', #7322, 0.2500000000000000000 ) ;
#2077 = DIRECTION ( 'NONE',  ( -0.000000000000000000, 1.000000000000000000, 0.000000000000000000 ) ) ;
#2078 = VECTOR ( 'NONE', #6515, 1000.000000000000000 ) ;
#2079 = LINE ( 'NONE', #5788, #6967 ) ;
#2080 = DIRECTION ( 'NONE',  ( 0.000000000000000000, 0.000000000000000000, -1.000000000000000000 ) ) ;
#2081 = CIRCLE ( 'NONE', #5140, 1.499999999999999556 ) ;
#2082 = ORIENTED_EDGE ( 'NONE', *, *, #5841, .T. ) ;
#2083 = DIRECTION ( 'NONE',  ( -0.000000000000000000, 1.000000000000000000, -0.000000000000000000 ) ) ;
#2084 = VERTEX_POINT ( 'NONE', #7026 ) ;
#2085 = EDGE_CURVE ( 'NONE', #5491, #6708, #5819, .T. ) ;
#2086 = AXIS2_PLACEMENT_3D ( 'NONE', #5808, #2930, #5885 ) ;
#2087 = DIRECTION ( 'NONE',  ( 1.000000000000000000, 0.000000000000000000, 0.000000000000000000 ) ) ;
#2088 = FACE_OUTER_BOUND ( 'NONE', #2178, .T. ) ;
#2089 = LINE ( 'NONE', #917, #218 ) ;
#2090 = FACE_OUTER_BOUND ( 'NONE', #3, .T. ) ;
#2091 = ADVANCED_FACE ( 'NONE', ( #2750 ), #3951, .T. ) ;
#2092 = CARTESIAN_POINT ( 'NONE',  ( 4.200000000000000178, -2.000000000000000000, 0.1000000000000000056 ) ) ;
#2093 = VERTEX_POINT ( 'NONE', #191 ) ;
#2094 = VECTOR ( 'NONE', #1716, 1000.000000000000000 ) ;
#2095 = AXIS2_PLACEMENT_3D ( 'NONE', #3492, #5977, #7826 ) ;
#2096 = EDGE_LOOP ( 'NONE', ( #5691, #2780, #6157, #7498 ) ) ;
#2097 = EDGE_LOOP ( 'NONE', ( #2138, #4720, #420, #2742 ) ) ;
#2098 = ORIENTED_EDGE ( 'NONE', *, *, #1677, .T. ) ;
#2099 = CIRCLE ( 'NONE', #680, 0.8000000000000020428 ) ;
#2100 = FACE_OUTER_BOUND ( 'NONE', #6529, .T. ) ;
#2101 = DIRECTION ( 'NONE',  ( -0.000000000000000000, -1.000000000000000000, -0.000000000000000000 ) ) ;
#2102 = AXIS2_PLACEMENT_3D ( 'NONE', #6934, #5659, #6254 ) ;
#2103 = DIRECTION ( 'NONE',  ( -1.000000000000000000, -1.239088197126291063E-16, 0.000000000000000000 ) ) ;
#2104 = EDGE_CURVE ( 'NONE', #6365, #6444, #1190, .T. ) ;
#2105 = EDGE_CURVE ( 'NONE', #7103, #1746, #1971, .T. ) ;
#2106 = CARTESIAN_POINT ( 'NONE',  ( 15.50000000000000178, 0.000000000000000000, -3.799999999999999822 ) ) ;
#2107 = ORIENTED_EDGE ( 'NONE', *, *, #3645, .F. ) ;
#2108 = ORIENTED_EDGE ( 'NONE', *, *, #7419, .T. ) ;
#2109 = DIRECTION ( 'NONE',  ( -0.000000000000000000, -0.000000000000000000, -1.000000000000000000 ) ) ;
#2110 = DIRECTION ( 'NONE',  ( 0.000000000000000000, 1.000000000000000000, 0.000000000000000000 ) ) ;
#2111 = CARTESIAN_POINT ( 'NONE',  ( -9.000000000000007105, 7.500000000000000000, 9.000000000000001776 ) ) ;
#2112 = CARTESIAN_POINT ( 'NONE',  ( -12.00000000000000533, 0.000000000000000000, 3.000000000000003997 ) ) ;
#2113 = ORIENTED_EDGE ( 'NONE', *, *, #353, .F. ) ;
#2114 = ORIENTED_EDGE ( 'NONE', *, *, #5224, .F. ) ;
#2115 = CARTESIAN_POINT ( 'NONE',  ( 9.249999999999998224, -3.249999999999999556, -18.25000000000000000 ) ) ;
#2116 = DIRECTION ( 'NONE',  ( 1.000000000000000000, 0.000000000000000000, -1.927470528863119295E-16 ) ) ;
#2117 = CARTESIAN_POINT ( 'NONE',  ( 0.4299999999999997158, 3.069999999999998508, -0.5000000000000000000 ) ) ;
#2118 = FACE_OUTER_BOUND ( 'NONE', #7117, .T. ) ;
#2119 = VERTEX_POINT ( 'NONE', #6901 ) ;
#2120 = EDGE_CURVE ( 'NONE', #671, #101, #3353, .T. ) ;
#2121 = ADVANCED_FACE ( 'NONE', ( #5227 ), #1590, .T. ) ;
#2122 = CARTESIAN_POINT ( 'NONE',  ( -6.000000000000000000, 2.799999999999999822, 0.1000000000000000056 ) ) ;
#2123 = AXIS2_PLACEMENT_3D ( 'NONE', #3599, #4773, #493 ) ;
#2124 = DIRECTION ( 'NONE',  ( 0.000000000000000000, 0.000000000000000000, -1.000000000000000000 ) ) ;
#2125 = ORIENTED_EDGE ( 'NONE', *, *, #4217, .F. ) ;
#2126 = CARTESIAN_POINT ( 'NONE',  ( 16.00000000000000000, 0.000000000000000000, 9.000000000000000000 ) ) ;
#2127 = DIRECTION ( 'NONE',  ( 1.000000000000000000, 0.000000000000000000, -0.000000000000000000 ) ) ;
#2128 = CARTESIAN_POINT ( 'NONE',  ( 1.850000000000000311, -2.000000000000000000, 0.1000000000000000056 ) ) ;
#2129 = CARTESIAN_POINT ( 'NONE',  ( 15.25000000000000178, 0.5000000000000004441, -2.499999999999999556 ) ) ;
#2130 = AXIS2_PLACEMENT_3D ( 'NONE', #6506, #6465, #2282 ) ;
#2131 = AXIS2_PLACEMENT_3D ( 'NONE', #2588, #367, #886 ) ;
#2132 = DIRECTION ( 'NONE',  ( -0.000000000000000000, 1.000000000000000000, -0.000000000000000000 ) ) ;
#2133 = EDGE_LOOP ( 'NONE', ( #5268, #3127, #3625, #6383 ) ) ;
#2134 = EDGE_CURVE ( 'NONE', #6103, #5817, #1425, .T. ) ;
#2135 = ORIENTED_EDGE ( 'NONE', *, *, #7585, .F. ) ;
#2136 = VECTOR ( 'NONE', #2668, 1000.000000000000000 ) ;
#2137 = DIRECTION ( 'NONE',  ( 0.000000000000000000, 0.000000000000000000, 1.000000000000000000 ) ) ;
#2138 = ORIENTED_EDGE ( 'NONE', *, *, #5949, .T. ) ;
#2139 = CIRCLE ( 'NONE', #5699, 1.500000000000000000 ) ;
#2140 = CARTESIAN_POINT ( 'NONE',  ( 9.000000000000001776, 6.000000000000000000, 8.999999999999998224 ) ) ;
#2141 = CARTESIAN_POINT ( 'NONE',  ( 6.769999999999996909, 3.500000000000000888, 0.000000000000000000 ) ) ;
#2142 = LINE ( 'NONE', #770, #3088 ) ;
#2143 = CARTESIAN_POINT ( 'NONE',  ( 6.000000000000000000, 2.800000000000001155, 0.1000000000000000056 ) ) ;
#2144 = VECTOR ( 'NONE', #4034, 1000.000000000000000 ) ;
#2145 = VECTOR ( 'NONE', #6333, 1000.000000000000000 ) ;
#2146 = ORIENTED_EDGE ( 'NONE', *, *, #4762, .T. ) ;
#2147 = ADVANCED_FACE ( 'NONE', ( #6303 ), #2076, .T. ) ;
#2148 = PRODUCT_DEFINITION_CONTEXT ( 'detailed design', #1138, 'design' ) ;
#2149 = ORIENTED_EDGE ( 'NONE', *, *, #4564, .F. ) ;
#2150 = ADVANCED_FACE ( 'NONE', ( #306 ), #3302, .F. ) ;
#2151 = CARTESIAN_POINT ( 'NONE',  ( -5.549999999999999822, 2.000000000000000000, 0.1000000000000000056 ) ) ;
#2152 = VECTOR ( 'NONE', #6964, 1000.000000000000000 ) ;
#2153 = DIRECTION ( 'NONE',  ( -0.000000000000000000, -0.000000000000000000, -1.000000000000000000 ) ) ;
#2154 = DIRECTION ( 'NONE',  ( 1.000000000000000000, 0.000000000000000000, 0.000000000000000000 ) ) ;
#2155 = VERTEX_POINT ( 'NONE', #1468 ) ;
#2156 = ORIENTED_EDGE ( 'NONE', *, *, #4336, .T. ) ;
#2157 = ADVANCED_FACE ( 'NONE', ( #2711 ), #5150, .T. ) ;
#2158 = LINE ( 'NONE', #3949, #3786 ) ;
#2159 = PRODUCT_DEFINITION_FORMATION_WITH_SPECIFIED_SOURCE ( 'ANY', '', #755, .NOT_KNOWN. ) ;
#2160 = CYLINDRICAL_SURFACE ( 'NONE', #6938, 1.499999999999999556 ) ;
#2161 = DIRECTION ( 'NONE',  ( -1.000000000000000000, 0.000000000000000000, 0.000000000000000000 ) ) ;
#2162 = FACE_BOUND ( 'NONE', #558, .T. ) ;
#2163 = AXIS2_PLACEMENT_3D ( 'NONE', #2753, #7669, #4476 ) ;
#2164 = EDGE_LOOP ( 'NONE', ( #907, #7415, #4828 ) ) ;
#2165 = CARTESIAN_POINT ( 'NONE',  ( 9.499999999999998224, 3.499999999999999556, -18.50000000000000000 ) ) ;
#2166 = VECTOR ( 'NONE', #7381, 1000.000000000000000 ) ;
#2167 = VECTOR ( 'NONE', #4276, 1000.000000000000000 ) ;
#2168 = LINE ( 'NONE', #6354, #4973 ) ;
#2169 = EDGE_LOOP ( 'NONE', ( #1339, #170, #4663, #1798 ) ) ;
#2170 = CARTESIAN_POINT ( 'NONE',  ( 15.49999999999999822, 0.000000000000000000, -0.2499999999999993616 ) ) ;
#2171 = FACE_OUTER_BOUND ( 'NONE', #2943, .T. ) ;
#2172 = EDGE_CURVE ( 'NONE', #7293, #4489, #3879, .T. ) ;
#2173 = FACE_BOUND ( 'NONE', #3405, .T. ) ;
#2174 = CARTESIAN_POINT ( 'NONE',  ( -9.250000000000001776, 3.499999999999999556, 0.2500000000000000000 ) ) ;
#2175 = AXIS2_PLACEMENT_3D ( 'NONE', #1404, #4405, #5681 ) ;
#2176 = CYLINDRICAL_SURFACE ( 'NONE', #4840, 1.500000000000000222 ) ;
#2177 = ORIENTED_EDGE ( 'NONE', *, *, #852, .T. ) ;
#2178 = EDGE_LOOP ( 'NONE', ( #4938, #7366, #7270, #4726 ) ) ;
#2179 = PRODUCT_CONTEXT ( 'NONE', #5829, 'mechanical' ) ;
#2180 = DIRECTION ( 'NONE',  ( 0.000000000000000000, -1.000000000000000000, 0.000000000000000000 ) ) ;
#2181 = ORIENTED_EDGE ( 'NONE', *, *, #6604, .F. ) ;
#2182 = FACE_OUTER_BOUND ( 'NONE', #6731, .T. ) ;
#2183 = EDGE_CURVE ( 'NONE', #7189, #5033, #2479, .T. ) ;
#2184 = FACE_OUTER_BOUND ( 'NONE', #125, .T. ) ;
#2185 = ADVANCED_FACE ( 'NONE', ( #2388 ), #6614, .F. ) ;
#2186 = PRODUCT_DEFINITION_SHAPE ( 'NONE', 'NONE',  #7929 ) ;
#2187 = DIRECTION ( 'NONE',  ( 1.000000000000000000, 0.000000000000000000, 0.000000000000000000 ) ) ;
#2188 = CARTESIAN_POINT ( 'NONE',  ( -0.4300000000000025469, 3.070000000000000284, -1.074999999999999956 ) ) ;
#2189 = VERTEX_POINT ( 'NONE', #2904 ) ;
#2190 = ORIENTED_EDGE ( 'NONE', *, *, #1854, .F. ) ;
#2191 = CYLINDRICAL_SURFACE ( 'NONE', #6666, 0.4999999999999995559 ) ;
#2192 = FACE_OUTER_BOUND ( 'NONE', #6921, .T. ) ;
#2193 = EDGE_CURVE ( 'NONE', #5561, #1386, #7789, .T. ) ;
#2194 = VERTEX_POINT ( 'NONE', #5263 ) ;
#2195 = VERTEX_POINT ( 'NONE', #2826 ) ;
#2196 = VERTEX_POINT ( 'NONE', #4822 ) ;
#2197 = DIRECTION ( 'NONE',  ( -0.000000000000000000, -1.000000000000000000, -0.000000000000000000 ) ) ;
#2198 = LINE ( 'NONE', #5936, #2603 ) ;
#2199 = VECTOR ( 'NONE', #6828, 1000.000000000000000 ) ;
#2200 = DIRECTION ( 'NONE',  ( 0.000000000000000000, 0.000000000000000000, -1.000000000000000000 ) ) ;
#2201 = EDGE_CURVE ( 'NONE', #1465, #5723, #7193, .T. ) ;
#2202 = ORIENTED_EDGE ( 'NONE', *, *, #4401, .T. ) ;
#2203 = CYLINDRICAL_SURFACE ( 'NONE', #2163, 0.4999999999999995559 ) ;
#2204 = VECTOR ( 'NONE', #1655, 1000.000000000000000 ) ;
#2205 = DIRECTION ( 'NONE',  ( 0.000000000000000000, 0.000000000000000000, 1.000000000000000000 ) ) ;
#2206 = ORIENTED_EDGE ( 'NONE', *, *, #3058, .F. ) ;
#2207 = DIRECTION ( 'NONE',  ( 0.000000000000000000, 0.000000000000000000, 1.000000000000000000 ) ) ;
#2208 = DIRECTION ( 'NONE',  ( 1.000000000000000000, 0.000000000000000000, 0.000000000000000000 ) ) ;
#2209 = CARTESIAN_POINT ( 'NONE',  ( 13.99999999999999822, 0.000000000000000000, -0.2499999999999997780 ) ) ;
#2210 = DIRECTION ( 'NONE',  ( 0.000000000000000000, -1.000000000000000000, 0.000000000000000000 ) ) ;
#2211 = CARTESIAN_POINT ( 'NONE',  ( -6.770000000000001350, 3.269999999999999574, -0.5000000000000000000 ) ) ;
#2212 = EDGE_LOOP ( 'NONE', ( #766, #3232, #2976, #3889 ) ) ;
#2213 = VECTOR ( 'NONE', #4845, 1000.000000000000000 ) ;
#2214 = ORIENTED_EDGE ( 'NONE', *, *, #4239, .T. ) ;
#2215 = CIRCLE ( 'NONE', #415, 0.8000000000000003775 ) ;
#2216 = PRODUCT_CONTEXT ( 'NONE', #3579, 'mechanical' ) ;
#2217 = CARTESIAN_POINT ( 'NONE',  ( 0.000000000000000000, 0.4999999999999995559, 0.000000000000000000 ) ) ;
#2218 = EDGE_LOOP ( 'NONE', ( #1075, #4018, #4408, #7858 ) ) ;
#2219 = DIRECTION ( 'NONE',  ( 0.000000000000000000, 1.000000000000000000, -0.000000000000000000 ) ) ;
#2220 = DIRECTION ( 'NONE',  ( -0.000000000000000000, -0.000000000000000000, -1.000000000000000000 ) ) ;
#2221 = VECTOR ( 'NONE', #5074, 1000.000000000000000 ) ;
#2222 = AXIS2_PLACEMENT_3D ( 'NONE', #3235, #2651, #1364 ) ;
#2223 = CARTESIAN_POINT ( 'NONE',  ( 16.00000000000000000, 0.000000000000000000, -9.000000000000000000 ) ) ;
#2224 = EDGE_CURVE ( 'NONE', #1571, #2752, #7107, .T. ) ;
#2225 = EDGE_CURVE ( 'NONE', #1068, #6501, #3483, .T. ) ;
#2226 = ORIENTED_EDGE ( 'NONE', *, *, #2781, .T. ) ;
#2227 = AXIS2_PLACEMENT_3D ( 'NONE', #1102, #1826, #4900 ) ;
#2228 = VERTEX_POINT ( 'NONE', #2864 ) ;
#2229 = VECTOR ( 'NONE', #7260, 1000.000000000000000 ) ;
#2230 = LINE ( 'NONE', #6607, #3865 ) ;
#2231 = CARTESIAN_POINT ( 'NONE',  ( 4.299999999999999822, 2.799999999999999378, 0.000000000000000000 ) ) ;
#2232 = CARTESIAN_POINT ( 'NONE',  ( 6.000000000000000000, 2.800000000000001155, 0.000000000000000000 ) ) ;
#2233 = ORIENTED_EDGE ( 'NONE', *, *, #7419, .F. ) ;
#2234 = EDGE_CURVE ( 'NONE', #2497, #4284, #6041, .T. ) ;
#2235 = EDGE_LOOP ( 'NONE', ( #4705, #5460 ) ) ;
#2236 = EDGE_LOOP ( 'NONE', ( #6249, #1477, #1892, #3139 ) ) ;
#2237 = CARTESIAN_POINT ( 'NONE',  ( -9.000000000000000000, 0.4999999999999995559, 9.799999999999998934 ) ) ;
#2238 = CARTESIAN_POINT ( 'NONE',  ( 1.850000000000000311, 2.000000000000000000, 0.1000000000000000056 ) ) ;
#2239 = DIRECTION ( 'NONE',  ( 1.000000000000000000, 0.000000000000000000, 0.000000000000000000 ) ) ;
#2240 = VERTEX_POINT ( 'NONE', #5301 ) ;
#2241 = LINE ( 'NONE', #4191, #743 ) ;
#2242 = PRODUCT_DEFINITION_SHAPE ( 'NONE', 'NONE',  #4462 ) ;
#2243 = ORIENTED_EDGE ( 'NONE', *, *, #1088, .T. ) ;
#2244 = EDGE_CURVE ( 'NONE', #3320, #1806, #7702, .T. ) ;
#2245 = PLANE ( 'NONE',  #6078 ) ;
#2246 = ORIENTED_EDGE ( 'NONE', *, *, #2740, .T. ) ;
#2247 = EDGE_CURVE ( 'NONE', #3530, #5463, #2350, .T. ) ;
#2248 = CYLINDRICAL_SURFACE ( 'NONE', #7292, 0.8000000000000020428 ) ;
#2249 = FACE_OUTER_BOUND ( 'NONE', #7539, .T. ) ;
#2250 = CARTESIAN_POINT ( 'NONE',  ( -6.000000000000000000, 2.799999999999999822, 0.000000000000000000 ) ) ;
#2251 = CARTESIAN_POINT ( 'NONE',  ( -1.849999999999999645, -2.000000000000000000, 0.1000000000000000056 ) ) ;
#2252 = DIRECTION ( 'NONE',  ( 0.000000000000000000, -0.000000000000000000, 1.000000000000000000 ) ) ;
#2253 = VERTEX_POINT ( 'NONE', #5414 ) ;
#2254 = VECTOR ( 'NONE', #4373, 1000.000000000000000 ) ;
#2255 = ORIENTED_EDGE ( 'NONE', *, *, #6341, .T. ) ;
#2256 = CARTESIAN_POINT ( 'NONE',  ( 15.49999999999999822, 7.500000000000000000, 1.750000000000000666 ) ) ;
#2257 = EDGE_LOOP ( 'NONE', ( #1834, #4374, #3096, #6382 ) ) ;
#2258 = CIRCLE ( 'NONE', #3258, 1.499999999999999556 ) ;
#2259 = CARTESIAN_POINT ( 'NONE',  ( 6.769999999999997797, 3.269999999999999574, -0.5000000000000000000 ) ) ;
#2260 = CARTESIAN_POINT ( 'NONE',  ( 16.75000000000000000, 0.5000000000000004441, 7.599999999999999645 ) ) ;
#2261 = DIRECTION ( 'NONE',  ( -1.000000000000000000, 0.000000000000000000, 0.000000000000000000 ) ) ;
#2262 = CARTESIAN_POINT ( 'NONE',  ( 16.00000000000000000, 0.4999999999999995559, 10.49999999999999645 ) ) ;
#2263 = AXIS2_PLACEMENT_3D ( 'NONE', #263, #5142, #5779 ) ;
#2264 = CIRCLE ( 'NONE', #7742, 0.5000000000000004441 ) ;
#2265 = ORIENTED_EDGE ( 'NONE', *, *, #6042, .F. ) ;
#2266 = AXIS2_PLACEMENT_3D ( 'NONE', #6470, #1028, #7154 ) ;
#2267 = VERTEX_POINT ( 'NONE', #7146 ) ;
#2268 = CARTESIAN_POINT ( 'NONE',  ( -5.049999999999999822, 6.123233995736775897E-17, 0.1000000000000000056 ) ) ;
#2269 = AXIS2_PLACEMENT_3D ( 'NONE', #7349, #7308, #3628 ) ;
#2270 = ADVANCED_FACE ( 'NONE', ( #506 ), #386, .T. ) ;
#2271 = CARTESIAN_POINT ( 'NONE',  ( -5.999999999999999112, -1.200000000000000178, 0.1000000000000000056 ) ) ;
#2272 = DIRECTION ( 'NONE',  ( -0.000000000000000000, -0.000000000000000000, -1.000000000000000000 ) ) ;
#2273 = AXIS2_PLACEMENT_3D ( 'NONE', #3940, #4460, #857 ) ;
#2274 = ORIENTED_EDGE ( 'NONE', *, *, #5007, .T. ) ;
#2275 = VERTEX_POINT ( 'NONE', #2237 ) ;
#2276 = AXIS2_PLACEMENT_3D ( 'NONE', #3427, #5875, #397 ) ;
#2277 = ORIENTED_EDGE ( 'NONE', *, *, #404, .F. ) ;
#2278 = VECTOR ( 'NONE', #5960, 1000.000000000000000 ) ;
#2279 = CARTESIAN_POINT ( 'NONE',  ( -3.700000000000000178, 0.000000000000000000, 0.1000000000000000056 ) ) ;
#2280 = CARTESIAN_POINT ( 'NONE',  ( -17.50000000000000000, 0.000000000000000000, 1.500000000000001332 ) ) ;
#2281 = EDGE_CURVE ( 'NONE', #4761, #4365, #2353, .T. ) ;
#2282 = DIRECTION ( 'NONE',  ( 1.000000000000000000, 0.000000000000000000, 0.000000000000000000 ) ) ;
#2283 = VERTEX_POINT ( 'NONE', #1715 ) ;
#2284 = DIRECTION ( 'NONE',  ( 0.000000000000000000, 0.000000000000000000, 1.000000000000000000 ) ) ;
#2285 = ORIENTED_EDGE ( 'NONE', *, *, #6652, .T. ) ;
#2286 = CARTESIAN_POINT ( 'NONE',  ( 0.000000000000000000, -3.249999999999999556, 0.2500000000000000000 ) ) ;
#2287 = ORIENTED_EDGE ( 'NONE', *, *, #1702, .F. ) ;
#2288 = AXIS2_PLACEMENT_3D ( 'NONE', #5192, #5825, #1399 ) ;
#2289 = LINE ( 'NONE', #5947, #5502 ) ;
#2290 = CARTESIAN_POINT ( 'NONE',  ( 9.000000000000000000, -3.000000000000000444, -18.00000000000000000 ) ) ;
#2291 = CARTESIAN_POINT ( 'NONE',  ( 16.00000000000000000, 0.4999999999999995559, -9.800000000000000711 ) ) ;
#2292 = DIRECTION ( 'NONE',  ( -1.236061108696829207E-16, -1.000000000000000000, 0.000000000000000000 ) ) ;
#2293 = EDGE_LOOP ( 'NONE', ( #2665, #3897, #1744, #1860 ) ) ;
#2294 = EDGE_CURVE ( 'NONE', #6355, #641, #1750, .T. ) ;
#2295 = ORIENTED_EDGE ( 'NONE', *, *, #4850, .T. ) ;
#2296 = AXIS2_PLACEMENT_3D ( 'NONE', #5881, #6595, #1769 ) ;
#2297 = CARTESIAN_POINT ( 'NONE',  ( 5.549999999999999822, -2.000000000000000000, 0.1000000000000000056 ) ) ;
#2298 = ORIENTED_EDGE ( 'NONE', *, *, #7206, .T. ) ;
#2299 = FACE_OUTER_BOUND ( 'NONE', #550, .T. ) ;
#2300 = CARTESIAN_POINT ( 'NONE',  ( 4.299999999999999822, 2.799999999999999378, 0.1000000000000000056 ) ) ;
#2301 = CIRCLE ( 'NONE', #6497, 0.2500000000000002220 ) ;
#2302 = CIRCLE ( 'NONE', #503, 1.499999999999999556 ) ;
#2303 = LINE ( 'NONE', #966, #545 ) ;
#2304 = CARTESIAN_POINT ( 'NONE',  ( 3.200000000000000178, 2.000000000000000000, 0.1000000000000000056 ) ) ;
#2305 = ADVANCED_FACE ( 'NONE', ( #4666 ), #4782, .T. ) ;
#2306 = ORIENTED_EDGE ( 'NONE', *, *, #3355, .T. ) ;
#2307 = ADVANCED_FACE ( 'NONE', ( #6503 ), #4065, .T. ) ;
#2308 = ORIENTED_EDGE ( 'NONE', *, *, #7313, .T. ) ;
#2309 = DIRECTION ( 'NONE',  ( -0.000000000000000000, -1.000000000000000000, 0.000000000000000000 ) ) ;
#2310 = CARTESIAN_POINT ( 'NONE',  ( 15.50000000000000178, 0.4999999999999995559, -4.949999999999998401 ) ) ;
#2311 = ORIENTED_EDGE ( 'NONE', *, *, #3679, .F. ) ;
#2312 = EDGE_LOOP ( 'NONE', ( #3257, #2426, #4980, #7123 ) ) ;
#2313 = VERTEX_POINT ( 'NONE', #7183 ) ;
#2314 = CARTESIAN_POINT ( 'NONE',  ( -9.000000000000000000, -3.000000000000000444, 0.000000000000000000 ) ) ;
#2315 = LINE ( 'NONE', #5864, #31 ) ;
#2316 = DIRECTION ( 'NONE',  ( 0.000000000000000000, 0.000000000000000000, 1.000000000000000000 ) ) ;
#2317 = ORIENTED_EDGE ( 'NONE', *, *, #568, .F. ) ;
#2318 = PLANE ( 'NONE',  #6231 ) ;
#2319 = EDGE_CURVE ( 'NONE', #7633, #2698, #5030, .T. ) ;
#2320 = ADVANCED_FACE ( 'NONE', ( #1951 ), #4986, .F. ) ;
#2321 = ORIENTED_EDGE ( 'NONE', *, *, #180, .T. ) ;
#2322 = CARTESIAN_POINT ( 'NONE',  ( -6.770000000000003126, 3.249999999999999556, 0.5000000000000000000 ) ) ;
#2323 = ORIENTED_EDGE ( 'NONE', *, *, #4100, .F. ) ;
#2324 = CARTESIAN_POINT ( 'NONE',  ( -8.999999999999998224, 6.000000000000000000, 8.999999999999998224 ) ) ;
#2325 = DIRECTION ( 'NONE',  ( 0.000000000000000000, 0.000000000000000000, 1.000000000000000000 ) ) ;
#2326 = FACE_OUTER_BOUND ( 'NONE', #1761, .T. ) ;
#2327 = ORIENTED_EDGE ( 'NONE', *, *, #2731, .T. ) ;
#2328 = EDGE_LOOP ( 'NONE', ( #5386, #4335, #1708, #3005 ) ) ;
#2329 = EDGE_CURVE ( 'NONE', #5655, #7362, #2858, .T. ) ;
#2330 = CONTEXT_DEPENDENT_SHAPE_REPRESENTATION ( #6038, #2414 ) ;
#2331 = DIRECTION ( 'NONE',  ( 0.000000000000000000, -1.000000000000000000, 0.000000000000000000 ) ) ;
#2332 = ORIENTED_EDGE ( 'NONE', *, *, #2319, .T. ) ;
#2333 = CARTESIAN_POINT ( 'NONE',  ( 17.50000000000000000, 0.000000000000000000, 8.999999999999998224 ) ) ;
#2334 = LINE ( 'NONE', #3186, #5329 ) ;
#2335 = ADVANCED_FACE ( 'NONE', ( #1299 ), #5493, .T. ) ;
#2336 = FACE_OUTER_BOUND ( 'NONE', #2312, .T. ) ;
#2337 = AXIS2_PLACEMENT_3D ( 'NONE', #5601, #5044, #3273 ) ;
#2338 = CARTESIAN_POINT ( 'NONE',  ( -0.4300000000000032685, -3.069999999999998952, -1.074999999999999956 ) ) ;
#2339 = AXIS2_PLACEMENT_3D ( 'NONE', #3861, #2110, #6295 ) ;
#2340 = ORIENTED_EDGE ( 'NONE', *, *, #461, .F. ) ;
#2341 = EDGE_LOOP ( 'NONE', ( #6424, #6816 ) ) ;
#2342 = ADVANCED_FACE ( 'NONE', ( #7377 ), #1342, .T. ) ;
#2343 = CIRCLE ( 'NONE', #6926, 0.5000000000000000000 ) ;
#2344 = ADVANCED_FACE ( 'NONE', ( #3090 ), #1176, .F. ) ;
#2345 = DIRECTION ( 'NONE',  ( 0.000000000000000000, 1.000000000000000000, 0.000000000000000000 ) ) ;
#2346 = DIRECTION ( 'NONE',  ( 0.000000000000000000, 0.000000000000000000, 1.000000000000000000 ) ) ;
#2347 = ORIENTED_EDGE ( 'NONE', *, *, #764, .F. ) ;
#2348 = CIRCLE ( 'NONE', #5028, 0.5000000000000000000 ) ;
#2349 = ORIENTED_EDGE ( 'NONE', *, *, #4087, .F. ) ;
#2350 = CIRCLE ( 'NONE', #5915, 1.500000000000000444 ) ;
#2351 = DIRECTION ( 'NONE',  ( 1.000000000000000000, -1.396592535537253342E-14, -3.491481338843133355E-15 ) ) ;
#2352 = ORIENTED_EDGE ( 'NONE', *, *, #353, .T. ) ;
#2353 = LINE ( 'NONE', #2314, #2229 ) ;
#2354 = DIRECTION ( 'NONE',  ( 0.000000000000000000, 1.000000000000000000, 0.000000000000000000 ) ) ;
#2355 = CARTESIAN_POINT ( 'NONE',  ( 16.75000000000000000, 0.5000000000000004441, 6.100000000000000533 ) ) ;
#2356 = VERTEX_POINT ( 'NONE', #52 ) ;
#2357 = DIRECTION ( 'NONE',  ( -0.000000000000000000, -0.000000000000000000, -1.000000000000000000 ) ) ;
#2358 = VERTEX_POINT ( 'NONE', #7335 ) ;
#2359 = CARTESIAN_POINT ( 'NONE',  ( 16.00000000000000000, 0.000000000000000000, -3.249999999999999112 ) ) ;
#2360 = VERTEX_POINT ( 'NONE', #5456 ) ;
#2361 = DIRECTION ( 'NONE',  ( 2.168404344971008868E-16, 1.000000000000000000, 0.000000000000000000 ) ) ;
#2362 = CARTESIAN_POINT ( 'NONE',  ( -10.50000000000000533, 0.000000000000000000, -10.49999999999999645 ) ) ;
#2363 = DIRECTION ( 'NONE',  ( -1.000000000000000000, 0.000000000000000000, 0.000000000000000000 ) ) ;
#2364 = EDGE_CURVE ( 'NONE', #4193, #5543, #1862, .T. ) ;
#2365 = EDGE_CURVE ( 'NONE', #4614, #4544, #2431, .T. ) ;
#2366 = ORIENTED_EDGE ( 'NONE', *, *, #1897, .T. ) ;
#2367 = EDGE_LOOP ( 'NONE', ( #7002, #629, #3931, #7456 ) ) ;
#2368 = LINE ( 'NONE', #1120, #7136 ) ;
#2369 = ORIENTED_EDGE ( 'NONE', *, *, #7109, .F. ) ;
#2370 = LINE ( 'NONE', #7244, #801 ) ;
#2371 = DIRECTION ( 'NONE',  ( -0.000000000000000000, -1.000000000000000000, -0.000000000000000000 ) ) ;
#2372 = CARTESIAN_POINT ( 'NONE',  ( 16.00000000000000000, 0.000000000000000000, 10.49999999999999645 ) ) ;
#2373 = ADVANCED_FACE ( 'NONE', ( #5620 ), #2590, .T. ) ;
#2374 = CARTESIAN_POINT ( 'NONE',  ( -6.769999999999997797, 0.7500000000000000000, 3.270000000000000018 ) ) ;
#2375 = VERTEX_POINT ( 'NONE', #2506 ) ;
#2376 = AXIS2_PLACEMENT_3D ( 'NONE', #3438, #4578, #294 ) ;
#2377 = EDGE_LOOP ( 'NONE', ( #3109, #1855, #6368, #796 ) ) ;
#2378 = CARTESIAN_POINT ( 'NONE',  ( -9.000000000000000000, 0.000000000000000000, -9.000000000000001776 ) ) ;
#2379 = DIRECTION ( 'NONE',  ( 0.000000000000000000, 0.000000000000000000, 1.000000000000000000 ) ) ;
#2380 = VECTOR ( 'NONE', #3617, 1000.000000000000000 ) ;
#2381 = CIRCLE ( 'NONE', #2641, 0.8000000000000003775 ) ;
#2382 = EDGE_CURVE ( 'NONE', #1109, #5909, #4941, .T. ) ;
#2383 = ORIENTED_EDGE ( 'NONE', *, *, #1014, .T. ) ;
#2384 = VERTEX_POINT ( 'NONE', #1790 ) ;
#2385 = CIRCLE ( 'NONE', #2887, 1.499999999999999556 ) ;
#2386 = CIRCLE ( 'NONE', #6843, 0.5000000000000004441 ) ;
#2387 = LINE ( 'NONE', #4821, #6212 ) ;
#2388 = FACE_OUTER_BOUND ( 'NONE', #4557, .T. ) ;
#2389 = CARTESIAN_POINT ( 'NONE',  ( -12.00000000000000355, 0.4999999999999995559, -2.999999999999998224 ) ) ;
#2390 = DIRECTION ( 'NONE',  ( -0.000000000000000000, -0.000000000000000000, -1.000000000000000000 ) ) ;
#2391 = CARTESIAN_POINT ( 'NONE',  ( 15.50000000000000178, 0.000000000000000000, -5.500000000000000000 ) ) ;
#2392 = ORIENTED_EDGE ( 'NONE', *, *, #6910, .T. ) ;
#2393 = AXIS2_PLACEMENT_3D ( 'NONE', #5760, #5164, #5006 ) ;
#2394 = EDGE_CURVE ( 'NONE', #6378, #6951, #1260, .T. ) ;
#2395 = FACE_BOUND ( 'NONE', #2235, .T. ) ;
#2396 = VECTOR ( 'NONE', #7862, 1000.000000000000000 ) ;
#2397 = ORIENTED_EDGE ( 'NONE', *, *, #7496, .T. ) ;
#2398 = DIRECTION ( 'NONE',  ( 0.000000000000000000, 0.000000000000000000, -1.000000000000000000 ) ) ;
#2399 = ORIENTED_EDGE ( 'NONE', *, *, #178, .T. ) ;
#2400 = CYLINDRICAL_SURFACE ( 'NONE', #1970, 0.5000000000000004441 ) ;
#2401 = CYLINDRICAL_SURFACE ( 'NONE', #847, 1.049999999999998934 ) ;
#2402 = EDGE_CURVE ( 'NONE', #864, #3891, #7071, .T. ) ;
#2403 = CIRCLE ( 'NONE', #7373, 0.8000000000000003775 ) ;
#2404 = PLANE ( 'NONE',  #6981 ) ;
#2405 = ORIENTED_EDGE ( 'NONE', *, *, #3078, .F. ) ;
#2406 = ORIENTED_EDGE ( 'NONE', *, *, #234, .T. ) ;
#2407 = DIRECTION ( 'NONE',  ( -0.000000000000000000, 1.000000000000000000, -0.000000000000000000 ) ) ;
#2408 = VERTEX_POINT ( 'NONE', #4221 ) ;
#2409 = CARTESIAN_POINT ( 'NONE',  ( -3.700000000000000178, 0.000000000000000000, 0.1000000000000000056 ) ) ;
#2410 = CARTESIAN_POINT ( 'NONE',  ( -12.00000000000000533, 0.4999999999999995559, 3.000000000000003997 ) ) ;
#2411 = CARTESIAN_POINT ( 'NONE',  ( 9.249999999999998224, -3.499999999999999556, -18.50000000000000000 ) ) ;
#2412 = CARTESIAN_POINT ( 'NONE',  ( 9.499999999999994671, 0.4999999999999995559, -9.500000000000000000 ) ) ;
#2413 = AXIS2_PLACEMENT_3D ( 'NONE', #7474, #6867, #3069 ) ;
#2414 = PRODUCT_DEFINITION_SHAPE ( 'NONE', 'NONE',  #7928 ) ;
#2415 = ORIENTED_EDGE ( 'NONE', *, *, #1405, .F. ) ;
#2416 = EDGE_CURVE ( 'NONE', #6537, #267, #6691, .T. ) ;
#2417 = ADVANCED_FACE ( 'NONE', ( #5580 ), #4340, .T. ) ;
#2418 = AXIS2_PLACEMENT_3D ( 'NONE', #3388, #361, #4646 ) ;
#2419 = EDGE_CURVE ( 'NONE', #7761, #790, #3175, .T. ) ;
#2420 = VERTEX_POINT ( 'NONE', #6813 ) ;
#2421 = VECTOR ( 'NONE', #5002, 1000.000000000000000 ) ;
#2422 = CARTESIAN_POINT ( 'NONE',  ( 15.25000000000000178, 7.500000000000000000, -7.600000000000001421 ) ) ;
#2423 = DIRECTION ( 'NONE',  ( -0.000000000000000000, -1.000000000000000000, -0.000000000000000000 ) ) ;
#2424 = CARTESIAN_POINT ( 'NONE',  ( 16.00000000000000000, 0.000000000000000000, 3.250000000000001332 ) ) ;
#2425 = AXIS2_PLACEMENT_3D ( 'NONE', #3351, #6018, #4566 ) ;
#2426 = ORIENTED_EDGE ( 'NONE', *, *, #4260, .T. ) ;
#2427 = DIRECTION ( 'NONE',  ( 1.000000000000000000, 0.000000000000000000, -9.637352644315592778E-17 ) ) ;
#2428 = ADVANCED_FACE ( 'NONE', ( #3776 ), #739, .F. ) ;
#2429 = ORIENTED_EDGE ( 'NONE', *, *, #4023, .T. ) ;
#2430 = CARTESIAN_POINT ( 'NONE',  ( 6.570000000000002061, 0.1750000000000000167, 3.070000000000000284 ) ) ;
#2431 = LINE ( 'NONE', #4296, #2604 ) ;
#2432 = DIRECTION ( 'NONE',  ( 0.000000000000000000, -0.000000000000000000, 1.000000000000000000 ) ) ;
#2433 = ADVANCED_FACE ( 'NONE', ( #3822 ), #4537, .T. ) ;
#2434 = CARTESIAN_POINT ( 'NONE',  ( 8.604945506379110043, 0.4999999999999995559, 9.695652173913043015 ) ) ;
#2435 = DIRECTION ( 'NONE',  ( -0.000000000000000000, 1.000000000000000000, -0.000000000000000000 ) ) ;
#2436 = EDGE_LOOP ( 'NONE', ( #6946, #7677, #5394, #6031 ) ) ;
#2437 = CARTESIAN_POINT ( 'NONE',  ( 13.99999999999999822, 0.000000000000000000, 0.2500000000000009437 ) ) ;
#2438 = ORIENTED_EDGE ( 'NONE', *, *, #1845, .T. ) ;
#2439 = CARTESIAN_POINT ( 'NONE',  ( -6.769999999999998685, 0.000000000000000000, -3.270000000000000018 ) ) ;
#2440 = CARTESIAN_POINT ( 'NONE',  ( -9.250000000000001776, 0.000000000000000000, 0.2500000000000000000 ) ) ;
#2441 = EDGE_CURVE ( 'NONE', #7633, #7875, #2701, .T. ) ;
#2442 = CARTESIAN_POINT ( 'NONE',  ( 16.00000000000000000, 0.000000000000000000, -3.249999999999999112 ) ) ;
#2443 = DIRECTION ( 'NONE',  ( -0.000000000000000000, -0.000000000000000000, -1.000000000000000000 ) ) ;
#2444 = ORIENTED_EDGE ( 'NONE', *, *, #1884, .F. ) ;
#2445 = ORIENTED_EDGE ( 'NONE', *, *, #6167, .T. ) ;
#2446 = FACE_OUTER_BOUND ( 'NONE', #2218, .T. ) ;
#2447 = ORIENTED_EDGE ( 'NONE', *, *, #303, .T. ) ;
#2448 = CARTESIAN_POINT ( 'NONE',  ( 13.99999999999999822, 0.4999999999999995559, 1.750000000000000888 ) ) ;
#2449 = CARTESIAN_POINT ( 'NONE',  ( -3.700000000000000178, 0.000000000000000000, 0.000000000000000000 ) ) ;
#2450 = DIRECTION ( 'NONE',  ( -0.000000000000000000, -0.000000000000000000, 1.000000000000000000 ) ) ;
#2451 = VECTOR ( 'NONE', #4641, 1000.000000000000000 ) ;
#2452 = DIRECTION ( 'NONE',  ( -1.000000000000000000, 0.000000000000000000, -0.000000000000000000 ) ) ;
#2453 = ORIENTED_EDGE ( 'NONE', *, *, #5110, .F. ) ;
#2454 = ORIENTED_EDGE ( 'NONE', *, *, #5129, .T. ) ;
#2455 = AXIS2_PLACEMENT_3D ( 'NONE', #5209, #2772, #6445 ) ;
#2456 = CARTESIAN_POINT ( 'NONE',  ( 15.50000000000000178, 0.000000000000000000, -3.799999999999999822 ) ) ;
#2457 = CIRCLE ( 'NONE', #7815, 1.500000000000000444 ) ;
#2458 = CARTESIAN_POINT ( 'NONE',  ( 9.249999999999998224, -3.249999999999999556, -18.25000000000000000 ) ) ;
#2459 = CIRCLE ( 'NONE', #3461, 0.2500000000000002220 ) ;
#2460 = FACE_OUTER_BOUND ( 'NONE', #5594, .T. ) ;
#2461 = PRODUCT_RELATED_PRODUCT_CATEGORY ( 'part', '', ( #5104 ) ) ;
#2462 = ADVANCED_FACE ( 'NONE', ( #7019 ), #6417, .F. ) ;
#2463 = ORIENTED_EDGE ( 'NONE', *, *, #698, .F. ) ;
#2464 = ORIENTED_EDGE ( 'NONE', *, *, #4564, .T. ) ;
#2465 = VECTOR ( 'NONE', #639, 1000.000000000000000 ) ;
#2466 = DIRECTION ( 'NONE',  ( 2.168404344971008868E-16, -1.000000000000000000, 0.000000000000000000 ) ) ;
#2467 = DIRECTION ( 'NONE',  ( 1.000000000000000000, -1.412641267082090664E-16, 0.000000000000000000 ) ) ;
#2468 = CARTESIAN_POINT ( 'NONE',  ( -6.000000000000000000, 2.799999999999999822, 0.1000000000000000056 ) ) ;
#2469 = CARTESIAN_POINT ( 'NONE',  ( 15.49999999999999822, 7.500000000000000000, -1.749999999999999112 ) ) ;
#2470 = VECTOR ( 'NONE', #5302, 1000.000000000000000 ) ;
#2471 = DIRECTION ( 'NONE',  ( 0.000000000000000000, -1.000000000000000000, 0.000000000000000000 ) ) ;
#2472 = EDGE_CURVE ( 'NONE', #4004, #3278, #1994, .T. ) ;
#2473 = CIRCLE ( 'NONE', #5711, 1.499999999999999556 ) ;
#2474 = ORIENTED_EDGE ( 'NONE', *, *, #3284, .F. ) ;
#2475 = CARTESIAN_POINT ( 'NONE',  ( -1.849999999999999645, 2.000000000000000000, 0.1000000000000000056 ) ) ;
#2476 = ORIENTED_EDGE ( 'NONE', *, *, #5657, .F. ) ;
#2477 = CIRCLE ( 'NONE', #4245, 1.500000000000000000 ) ;
#2478 = CARTESIAN_POINT ( 'NONE',  ( 13.24999999999999822, 7.500000000000000000, 2.500000000000001332 ) ) ;
#2479 = CIRCLE ( 'NONE', #6932, 0.5500000000000010436 ) ;
#2480 = CARTESIAN_POINT ( 'NONE',  ( 15.25000000000000178, 7.500000000000000000, 2.500000000000000888 ) ) ;
#2481 = DIRECTION ( 'NONE',  ( 1.000000000000000000, 0.000000000000000000, 0.000000000000000000 ) ) ;
#2482 = PRODUCT_DEFINITION_SHAPE ( 'NONE', 'NONE',  #1777 ) ;
#2483 = DIRECTION ( 'NONE',  ( -1.826024711554533913E-16, -0.000000000000000000, -1.000000000000000000 ) ) ;
#2484 = CARTESIAN_POINT ( 'NONE',  ( 9.249999999999998224, 3.499999999999999556, -18.25000000000000000 ) ) ;
#2485 = EDGE_LOOP ( 'NONE', ( #1036, #5208, #2691, #1589, #2920, #3395, #4045, #7077, #229, #4158, #5271, #6431, #42, #7041, #4097, #7144, #2463, #645, #5888, #5339, #4752, #3642, #7160 ) ) ;
#2486 = FACE_OUTER_BOUND ( 'NONE', #334, .T. ) ;
#2487 = EDGE_CURVE ( 'NONE', #4376, #2283, #6555, .T. ) ;
#2488 = EDGE_CURVE ( 'NONE', #5879, #3279, #6974, .T. ) ;
#2489 = DIRECTION ( 'NONE',  ( -1.000000000000000000, -0.000000000000000000, -4.956352788505166226E-16 ) ) ;
#2490 = ORIENTED_EDGE ( 'NONE', *, *, #2281, .F. ) ;
#2491 = CARTESIAN_POINT ( 'NONE',  ( -10.50000000000000533, 0.000000000000000000, -9.000000000000001776 ) ) ;
#2492 = LINE ( 'NONE', #1201, #6166 ) ;
#2493 = DIRECTION ( 'NONE',  ( 1.000000000000000000, 1.239088197126291063E-16, 0.000000000000000000 ) ) ;
#2494 = FACE_OUTER_BOUND ( 'NONE', #7272, .T. ) ;
#2495 = VERTEX_POINT ( 'NONE', #6854 ) ;
#2496 = ORIENTED_EDGE ( 'NONE', *, *, #5050, .F. ) ;
#2497 = VERTEX_POINT ( 'NONE', #1379 ) ;
#2498 = FACE_OUTER_BOUND ( 'NONE', #252, .T. ) ;
#2499 = DIRECTION ( 'NONE',  ( 1.196361017915039239E-16, 0.000000000000000000, 1.000000000000000000 ) ) ;
#2500 = LINE ( 'NONE', #6438, #4423 ) ;
#2501 = CARTESIAN_POINT ( 'NONE',  ( 6.769999999999997797, 3.269999999999999574, -0.5000000000000000000 ) ) ;
#2502 = ORIENTED_EDGE ( 'NONE', *, *, #1933, .F. ) ;
#2503 = EDGE_LOOP ( 'NONE', ( #5395, #6485, #7227, #7728 ) ) ;
#2504 = CARTESIAN_POINT ( 'NONE',  ( -16.00000000000000000, 7.500000000000000000, 1.734723475976807094E-15 ) ) ;
#2505 = EDGE_CURVE ( 'NONE', #7647, #3038, #5266, .T. ) ;
#2506 = CARTESIAN_POINT ( 'NONE',  ( 15.50000000000000178, 0.000000000000000000, 4.350000000000001421 ) ) ;
#2507 = DIRECTION ( 'NONE',  ( -0.000000000000000000, 1.000000000000000000, -0.000000000000000000 ) ) ;
#2508 = AXIS2_PLACEMENT_3D ( 'NONE', #6903, #236, #906 ) ;
#2509 = PRESENTATION_LAYER_ASSIGNMENT (  '', '', ( #6713 ) ) ;
#2510 = DIRECTION ( 'NONE',  ( 1.239088197126289831E-16, 0.000000000000000000, 1.000000000000000000 ) ) ;
#2511 = FACE_OUTER_BOUND ( 'NONE', #7657, .T. ) ;
#2512 = ORIENTED_EDGE ( 'NONE', *, *, #6972, .F. ) ;
#2513 = CYLINDRICAL_SURFACE ( 'NONE', #5472, 0.4999999999999995559 ) ;
#2514 = AXIS2_PLACEMENT_3D ( 'NONE', #1995, #1952, #6935 ) ;
#2515 = ORIENTED_EDGE ( 'NONE', *, *, #3845, .T. ) ;
#2516 = CIRCLE ( 'NONE', #2771, 1.499999999999999556 ) ;
#2517 = EDGE_CURVE ( 'NONE', #3891, #2862, #777, .T. ) ;
#2518 = DIRECTION ( 'NONE',  ( 1.000000000000000000, 0.000000000000000000, 0.000000000000000000 ) ) ;
#2519 = EDGE_CURVE ( 'NONE', #2537, #5966, #3988, .T. ) ;
#2520 = CARTESIAN_POINT ( 'NONE',  ( 17.50000000000000355, 7.500000000000000000, -9.000000000000007105 ) ) ;
#2521 = PLANE ( 'NONE',  #7835 ) ;
#2522 = CARTESIAN_POINT ( 'NONE',  ( 1.639217007859759878, 2.271704923740745397, 2.723171188005505172 ) ) ;
#2523 = CARTESIAN_POINT ( 'NONE',  ( 6.769999999999997797, 3.269999999999999574, -0.5000000000000000000 ) ) ;
#2524 = AXIS2_PLACEMENT_3D ( 'NONE', #2251, #1526, #1687 ) ;
#2525 = ORIENTED_EDGE ( 'NONE', *, *, #989, .F. ) ;
#2526 = VECTOR ( 'NONE', #4452, 1000.000000000000000 ) ;
#2527 = DIRECTION ( 'NONE',  ( -0.000000000000000000, 0.000000000000000000, 1.000000000000000000 ) ) ;
#2528 = VECTOR ( 'NONE', #5117, 1000.000000000000000 ) ;
#2529 = PLANE ( 'NONE',  #7388 ) ;
#2530 = ORIENTED_EDGE ( 'NONE', *, *, #3923, .T. ) ;
#2531 = VECTOR ( 'NONE', #965, 1000.000000000000000 ) ;
#2532 = CARTESIAN_POINT ( 'NONE',  ( 9.499999999999998224, 7.500000000000000000, -7.600000000000000533 ) ) ;
#2533 = DIRECTION ( 'NONE',  ( 0.000000000000000000, 0.000000000000000000, 1.000000000000000000 ) ) ;
#2534 = CARTESIAN_POINT ( 'NONE',  ( -4.299999999999999822, 2.799999999999998490, 0.1000000000000000056 ) ) ;
#2535 = EDGE_CURVE ( 'NONE', #114, #1436, #1543, .T. ) ;
#2536 = CARTESIAN_POINT ( 'NONE',  ( -9.000000000000007105, 7.500000000000000000, -10.50000000000000000 ) ) ;
#2537 = VERTEX_POINT ( 'NONE', #3212 ) ;
#2538 = ORIENTED_EDGE ( 'NONE', *, *, #35, .T. ) ;
#2539 = VERTEX_POINT ( 'NONE', #5106 ) ;
#2540 = CARTESIAN_POINT ( 'NONE',  ( 5.549999999999999822, -2.000000000000000000, 0.1000000000000000056 ) ) ;
#2541 = DIRECTION ( 'NONE',  ( 0.000000000000000000, 0.000000000000000000, 1.000000000000000000 ) ) ;
#2542 = EDGE_CURVE ( 'NONE', #7248, #7868, #539, .T. ) ;
#2543 = CARTESIAN_POINT ( 'NONE',  ( -6.769999999999997797, 0.000000000000000000, 3.270000000000000018 ) ) ;
#2544 = VERTEX_POINT ( 'NONE', #4461 ) ;
#2545 = AXIS2_PLACEMENT_3D ( 'NONE', #119, #3110, #4399 ) ;
#2546 = ITEM_DEFINED_TRANSFORMATION ( 'NONE', 'NONE', #6999,  #1166 ) ;
#2547 = ORIENTED_EDGE ( 'NONE', *, *, #491, .T. ) ;
#2548 = CARTESIAN_POINT ( 'NONE',  ( -6.800000000000001599, 3.299999999999999822, -1.399999999999999911 ) ) ;
#2549 = FACE_OUTER_BOUND ( 'NONE', #782, .T. ) ;
#2550 = DIRECTION ( 'NONE',  ( -1.000000000000000000, 0.000000000000000000, 0.000000000000000000 ) ) ;
#2551 = AXIS2_PLACEMENT_3D ( 'NONE', #2456, #1331, #1208 ) ;
#2552 = CYLINDRICAL_SURFACE ( 'NONE', #3916, 1.499999999999999556 ) ;
#2553 = AXIS2_PLACEMENT_3D ( 'NONE', #1400, #7032, #355 ) ;
#2554 = CARTESIAN_POINT ( 'NONE',  ( -5.049999999999999822, 2.000000000000000000, 0.1000000000000000056 ) ) ;
#2555 = EDGE_LOOP ( 'NONE', ( #825, #7671, #6344, #6761, #1991, #5789, #4593, #3964, #6719, #2453, #7752, #5376, #4573, #6671, #6471, #68, #7576, #146, #5782, #6291, #6593, #3118, #1458, #5822, #7208, #7621, #781, #5273, #2317, #4019, #312, #511 ) ) ;
#2556 = CYLINDRICAL_SURFACE ( 'NONE', #7777, 1.499999999999999556 ) ;
#2557 = ORIENTED_EDGE ( 'NONE', *, *, #4486, .F. ) ;
#2558 = DIRECTION ( 'NONE',  ( 0.000000000000000000, -1.000000000000000000, 0.000000000000000000 ) ) ;
#2559 = DIRECTION ( 'NONE',  ( 0.000000000000000000, 1.000000000000000000, 0.000000000000000000 ) ) ;
#2560 = DIRECTION ( 'NONE',  ( -2.628368902995162518E-16, 1.000000000000000000, 0.000000000000000000 ) ) ;
#2561 = CARTESIAN_POINT ( 'NONE',  ( 13.99999999999999822, 0.4999999999999995559, -1.749999999999998890 ) ) ;
#2562 = DIRECTION ( 'NONE',  ( 1.000000000000000000, 0.000000000000000000, 0.000000000000000000 ) ) ;
#2563 = ORIENTED_EDGE ( 'NONE', *, *, #2907, .F. ) ;
#2564 = EDGE_CURVE ( 'NONE', #2360, #7418, #5813, .T. ) ;
#2565 = ADVANCED_FACE ( 'NONE', ( #2624 ), #6891, .T. ) ;
#2566 = DIRECTION ( 'NONE',  ( 0.000000000000000000, 1.000000000000000000, 0.000000000000000000 ) ) ;
#2567 = DIRECTION ( 'NONE',  ( 1.000000000000000000, 0.000000000000000000, 0.000000000000000000 ) ) ;
#2568 = ORIENTED_EDGE ( 'NONE', *, *, #3473, .T. ) ;
#2569 = CARTESIAN_POINT ( 'NONE',  ( 9.000000000000000000, 2.999999999999999556, -18.00000000000000000 ) ) ;
#2570 = DIRECTION ( 'NONE',  ( 1.000000000000000000, 0.000000000000000000, -0.000000000000000000 ) ) ;
#2571 = FACE_OUTER_BOUND ( 'NONE', #775, .T. ) ;
#2572 = CARTESIAN_POINT ( 'NONE',  ( -16.00000000000000000, 0.000000000000000000, -5.575896887068297953E-16 ) ) ;
#2573 = EDGE_CURVE ( 'NONE', #5997, #5851, #1431, .T. ) ;
#2574 = ORIENTED_EDGE ( 'NONE', *, *, #3738, .T. ) ;
#2575 = ORIENTED_EDGE ( 'NONE', *, *, #5334, .F. ) ;
#2576 = ORIENTED_EDGE ( 'NONE', *, *, #6561, .T. ) ;
#2577 = DIRECTION ( 'NONE',  ( -0.000000000000000000, -0.000000000000000000, -1.000000000000000000 ) ) ;
#2578 = CARTESIAN_POINT ( 'NONE',  ( 16.00000000000000000, 0.4999999999999995559, -10.04999999999999893 ) ) ;
#2579 = CIRCLE ( 'NONE', #4622, 1.500000000000000000 ) ;
#2580 = DIRECTION ( 'NONE',  ( -1.000000000000000000, -2.168404344971008128E-16, 0.000000000000000000 ) ) ;
#2581 = DIRECTION ( 'NONE',  ( 1.000000000000000000, 0.000000000000000000, 0.000000000000000000 ) ) ;
#2582 = EDGE_LOOP ( 'NONE', ( #1330, #2399, #6035, #6169 ) ) ;
#2583 = SHAPE_DEFINITION_REPRESENTATION ( #2482, #6732 ) ;
#2584 = EDGE_CURVE ( 'NONE', #708, #3489, #160, .T. ) ;
#2585 = AXIS2_PLACEMENT_3D ( 'NONE', #1402, #3842, #6274 ) ;
#2586 = ORIENTED_EDGE ( 'NONE', *, *, #2402, .F. ) ;
#2587 = EDGE_CURVE ( 'NONE', #5222, #7024, #3902, .T. ) ;
#2588 = CARTESIAN_POINT ( 'NONE',  ( 0.000000000000000000, 0.000000000000000000, -1.074999999999999956 ) ) ;
#2589 = CARTESIAN_POINT ( 'NONE',  ( 16.00000000000000000, 0.4999999999999995559, 8.199999999999997513 ) ) ;
#2590 = CYLINDRICAL_SURFACE ( 'NONE', #1319, 0.2500000000000002220 ) ;
#2591 = DIRECTION ( 'NONE',  ( 0.000000000000000000, 1.000000000000000000, 0.000000000000000000 ) ) ;
#2592 = DIRECTION ( 'NONE',  ( -0.000000000000000000, 1.000000000000000000, -0.000000000000000000 ) ) ;
#2593 = ORIENTED_EDGE ( 'NONE', *, *, #3058, .T. ) ;
#2594 = VECTOR ( 'NONE', #4658, 1000.000000000000000 ) ;
#2595 = EDGE_LOOP ( 'NONE', ( #459, #5636, #4269, #2821 ) ) ;
#2596 = CARTESIAN_POINT ( 'NONE',  ( -9.000000000000007105, 7.500000000000000000, -9.000000000000001776 ) ) ;
#2597 = CARTESIAN_POINT ( 'NONE',  ( -0.5000000000000000000, 0.000000000000000000, 0.1000000000000000056 ) ) ;
#2598 = CARTESIAN_POINT ( 'NONE',  ( 16.00000000000000000, 0.4999999999999995559, -7.950000000000000178 ) ) ;
#2599 = DIRECTION ( 'NONE',  ( -1.000000000000000000, -7.063206335410453318E-17, 0.000000000000000000 ) ) ;
#2600 = DIRECTION ( 'NONE',  ( 0.000000000000000000, 0.000000000000000000, -1.000000000000000000 ) ) ;
#2601 = ORIENTED_EDGE ( 'NONE', *, *, #7360, .T. ) ;
#2602 = PLANE ( 'NONE',  #2413 ) ;
#2603 = VECTOR ( 'NONE', #7147, 1000.000000000000000 ) ;
#2604 = VECTOR ( 'NONE', #4263, 1000.000000000000000 ) ;
#2605 = DIRECTION ( 'NONE',  ( -0.000000000000000000, -0.000000000000000000, -1.000000000000000000 ) ) ;
#2606 = ORIENTED_EDGE ( 'NONE', *, *, #508, .F. ) ;
#2607 = DIRECTION ( 'NONE',  ( 0.000000000000000000, 0.000000000000000000, -1.000000000000000000 ) ) ;
#2608 = DIRECTION ( 'NONE',  ( -0.000000000000000000, 1.000000000000000000, -0.000000000000000000 ) ) ;
#2609 = EDGE_CURVE ( 'NONE', #4614, #7386, #1506, .T. ) ;
#2610 = CARTESIAN_POINT ( 'NONE',  ( -10.50000000000000533, 0.4999999999999995559, -9.000000000000001776 ) ) ;
#2611 = CYLINDRICAL_SURFACE ( 'NONE', #4083, 0.4999999999999995559 ) ;
#2612 = ORIENTED_EDGE ( 'NONE', *, *, #4415, .T. ) ;
#2613 = ORIENTED_EDGE ( 'NONE', *, *, #5049, .F. ) ;
#2614 = ORIENTED_EDGE ( 'NONE', *, *, #6179, .T. ) ;
#2615 =( NAMED_UNIT ( * ) PLANE_ANGLE_UNIT ( ) SI_UNIT ( $, .RADIAN. ) );
#2616 = DIRECTION ( 'NONE',  ( -0.000000000000000000, -0.000000000000000000, -1.000000000000000000 ) ) ;
#2617 = EDGE_CURVE ( 'NONE', #5111, #1488, #1015, .T. ) ;
#2618 = FACE_OUTER_BOUND ( 'NONE', #3743, .T. ) ;
#2619 = DIRECTION ( 'NONE',  ( -1.000000000000000000, -7.063206335410453318E-17, 0.000000000000000000 ) ) ;
#2620 = EDGE_LOOP ( 'NONE', ( #1796, #376, #5713, #642 ) ) ;
#2621 = ORIENTED_EDGE ( 'NONE', *, *, #1585, .F. ) ;
#2622 = EDGE_CURVE ( 'NONE', #1316, #4831, #6531, .T. ) ;
#2623 = CARTESIAN_POINT ( 'NONE',  ( -9.250000000000001776, 3.249999999999999556, 0.2500000000000000000 ) ) ;
#2624 = FACE_OUTER_BOUND ( 'NONE', #4484, .T. ) ;
#2625 = DIRECTION ( 'NONE',  ( 1.652117596168387756E-16, 0.000000000000000000, -1.000000000000000000 ) ) ;
#2626 = VECTOR ( 'NONE', #2776, 1000.000000000000000 ) ;
#2627 = CARTESIAN_POINT ( 'NONE',  ( 6.050000000000000711, -2.000000000000000000, 0.1000000000000000056 ) ) ;
#2628 = EDGE_CURVE ( 'NONE', #4581, #6208, #6568, .T. ) ;
#2629 = ORIENTED_EDGE ( 'NONE', *, *, #4415, .F. ) ;
#2630 = ORIENTED_EDGE ( 'NONE', *, *, #7467, .F. ) ;
#2631 = CIRCLE ( 'NONE', #1611, 0.5000000000000004441 ) ;
#2632 = CYLINDRICAL_SURFACE ( 'NONE', #6477, 0.5000000000000000000 ) ;
#2633 = DIRECTION ( 'NONE',  ( -0.000000000000000000, -1.000000000000000000, -0.000000000000000000 ) ) ;
#2634 = DIRECTION ( 'NONE',  ( -0.000000000000000000, 1.000000000000000000, -0.000000000000000000 ) ) ;
#2635 =( LENGTH_UNIT ( ) NAMED_UNIT ( * ) SI_UNIT ( .MILLI., .METRE. ) );
#2636 = FACE_OUTER_BOUND ( 'NONE', #7613, .T. ) ;
#2637 = CARTESIAN_POINT ( 'NONE',  ( 6.769999999999997797, -3.499999999999999112, 0.2500000000000000000 ) ) ;
#2638 = EDGE_CURVE ( 'NONE', #135, #4174, #1091, .T. ) ;
#2639 = ORIENTED_EDGE ( 'NONE', *, *, #7831, .T. ) ;
#2640 = AXIS2_PLACEMENT_3D ( 'NONE', #5527, #2379, #4778 ) ;
#2641 = AXIS2_PLACEMENT_3D ( 'NONE', #2809, #5759, #3274 ) ;
#2642 = DIRECTION ( 'NONE',  ( -0.000000000000000000, 0.000000000000000000, -1.000000000000000000 ) ) ;
#2643 = DIRECTION ( 'NONE',  ( 0.000000000000000000, -1.000000000000000000, 0.000000000000000000 ) ) ;
#2644 = ORIENTED_EDGE ( 'NONE', *, *, #5529, .T. ) ;
#2645 = AXIS2_PLACEMENT_3D ( 'NONE', #3084, #1858, #4333 ) ;
#2646 = CIRCLE ( 'NONE', #5953, 0.5000000000000004441 ) ;
#2647 = DIRECTION ( 'NONE',  ( 1.000000000000000000, 0.000000000000000000, -1.927470528863119295E-16 ) ) ;
#2648 = DIRECTION ( 'NONE',  ( -9.637352644315595243E-17, -0.000000000000000000, -1.000000000000000000 ) ) ;
#2649 = FACE_BOUND ( 'NONE', #1588, .T. ) ;
#2650 = CIRCLE ( 'NONE', #2273, 0.4999999999999995559 ) ;
#2651 = DIRECTION ( 'NONE',  ( 0.000000000000000000, 1.000000000000000000, 0.000000000000000000 ) ) ;
#2652 = DIRECTION ( 'NONE',  ( -1.000000000000000000, 0.000000000000000000, 0.000000000000000000 ) ) ;
#2653 = VERTEX_POINT ( 'NONE', #3525 ) ;
#2654 = ORIENTED_EDGE ( 'NONE', *, *, #2029, .F. ) ;
#2655 = VECTOR ( 'NONE', #2839, 1000.000000000000000 ) ;
#2656 = ORIENTED_EDGE ( 'NONE', *, *, #7844, .F. ) ;
#2657 = AXIS2_PLACEMENT_3D ( 'NONE', #405, #7009, #2849 ) ;
#2658 = ORIENTED_EDGE ( 'NONE', *, *, #2856, .F. ) ;
#2659 = CARTESIAN_POINT ( 'NONE',  ( 6.799999999999998046, 3.299999999999999822, -1.399999999999999911 ) ) ;
#2660 = FACE_OUTER_BOUND ( 'NONE', #5189, .T. ) ;
#2661 = FACE_OUTER_BOUND ( 'NONE', #469, .T. ) ;
#2662 = ADVANCED_FACE ( 'NONE', ( #4702 ), #7096, .T. ) ;
#2663 = EDGE_CURVE ( 'NONE', #3173, #4495, #4101, .T. ) ;
#2664 = EDGE_LOOP ( 'NONE', ( #2057, #3281, #6788, #4738 ) ) ;
#2665 = ORIENTED_EDGE ( 'NONE', *, *, #2505, .F. ) ;
#2666 = CARTESIAN_POINT ( 'NONE',  ( -3.200000000000000178, -2.000000000000000000, 0.1000000000000000056 ) ) ;
#2667 = DIRECTION ( 'NONE',  ( 1.000000000000000000, 0.000000000000000000, 0.000000000000000000 ) ) ;
#2668 = DIRECTION ( 'NONE',  ( -0.000000000000000000, -0.000000000000000000, -1.000000000000000000 ) ) ;
#2669 = CARTESIAN_POINT ( 'NONE',  ( -6.569999999999999396, 0.1750000000000000167, 3.070000000000000284 ) ) ;
#2670 = EDGE_LOOP ( 'NONE', ( #4078, #2938, #3938, #3507 ) ) ;
#2671 = EDGE_CURVE ( 'NONE', #5909, #5981, #5899, .T. ) ;
#2672 = VERTEX_POINT ( 'NONE', #4179 ) ;
#2673 = AXIS2_PLACEMENT_3D ( 'NONE', #6200, #4853, #3081 ) ;
#2674 = EDGE_CURVE ( 'NONE', #2698, #7633, #6028, .T. ) ;
#2675 = VECTOR ( 'NONE', #2605, 1000.000000000000000 ) ;
#2676 = CARTESIAN_POINT ( 'NONE',  ( 14.74999999999999822, 7.500000000000000000, -2.499999999999999556 ) ) ;
#2677 = LINE ( 'NONE', #7549, #4002 ) ;
#2678 = DIRECTION ( 'NONE',  ( 1.000000000000000000, 1.239088197126291063E-16, 0.000000000000000000 ) ) ;
#2679 = FACE_OUTER_BOUND ( 'NONE', #4098, .T. ) ;
#2680 = ORIENTED_EDGE ( 'NONE', *, *, #55, .F. ) ;
#2681 = LINE ( 'NONE', #5155, #6739 ) ;
#2682 = EDGE_CURVE ( 'NONE', #2228, #6669, #1621, .T. ) ;
#2683 = DIRECTION ( 'NONE',  ( -0.000000000000000000, -0.000000000000000000, 1.000000000000000000 ) ) ;
#2684 = ORIENTED_EDGE ( 'NONE', *, *, #6419, .F. ) ;
#2685 = EDGE_CURVE ( 'NONE', #1861, #671, #5891, .T. ) ;
#2686 = CYLINDRICAL_SURFACE ( 'NONE', #3333, 0.5500000000000010436 ) ;
#2687 = DIRECTION ( 'NONE',  ( -1.000000000000000000, 0.000000000000000000, 0.000000000000000000 ) ) ;
#2688 = CYLINDRICAL_SURFACE ( 'NONE', #6851, 0.8000000000000003775 ) ;
#2689 = LINE ( 'NONE', #7083, #3823 ) ;
#2690 = EDGE_LOOP ( 'NONE', ( #5340, #7693 ) ) ;
#2691 = ORIENTED_EDGE ( 'NONE', *, *, #6725, .T. ) ;
#2692 = ORIENTED_EDGE ( 'NONE', *, *, #275, .F. ) ;
#2693 = EDGE_LOOP ( 'NONE', ( #6480, #5146, #4160, #1937 ) ) ;
#2694 = CARTESIAN_POINT ( 'NONE',  ( -9.250000000000001776, 3.249999999999999556, -18.50000000000000000 ) ) ;
#2695 = FACE_BOUND ( 'NONE', #6320, .T. ) ;
#2696 = FACE_OUTER_BOUND ( 'NONE', #7067, .T. ) ;
#2697 = DIRECTION ( 'NONE',  ( 0.000000000000000000, 0.000000000000000000, 1.000000000000000000 ) ) ;
#2698 = VERTEX_POINT ( 'NONE', #4777 ) ;
#2699 = VERTEX_POINT ( 'NONE', #6494 ) ;
#2700 = LINE ( 'NONE', #4535, #6345 ) ;
#2701 = LINE ( 'NONE', #299, #1064 ) ;
#2702 = PRODUCT_DEFINITION ( 'UNKNOWN', '', #4952, #4056 ) ;
#2703 = EDGE_CURVE ( 'NONE', #4174, #6894, #2230, .T. ) ;
#2704 = CARTESIAN_POINT ( 'NONE',  ( -3.200000000000000178, 2.000000000000000000, 0.000000000000000000 ) ) ;
#2705 = CARTESIAN_POINT ( 'NONE',  ( -0.4300000000000025469, 3.070000000000000284, -0.5000000000000000000 ) ) ;
#2706 = VECTOR ( 'NONE', #3595, 1000.000000000000000 ) ;
#2707 = VERTEX_POINT ( 'NONE', #1667 ) ;
#2708 = AXIS2_PLACEMENT_3D ( 'NONE', #2874, #1685, #5873 ) ;
#2709 = ORIENTED_EDGE ( 'NONE', *, *, #5334, .T. ) ;
#2710 = CARTESIAN_POINT ( 'NONE',  ( 17.50000000000000000, 0.000000000000000000, 10.49999999999999645 ) ) ;
#2711 = FACE_OUTER_BOUND ( 'NONE', #5727, .T. ) ;
#2712 = DIRECTION ( 'NONE',  ( 0.000000000000000000, 0.000000000000000000, -1.000000000000000000 ) ) ;
#2713 = AXIS2_PLACEMENT_3D ( 'NONE', #5162, #2608, #837 ) ;
#2714 = ADVANCED_FACE ( 'NONE', ( #4739 ), #3485, .T. ) ;
#2715 = DIRECTION ( 'NONE',  ( -0.000000000000000000, 0.000000000000000000, 1.000000000000000000 ) ) ;
#2716 = VECTOR ( 'NONE', #7368, 1000.000000000000000 ) ;
#2717 = ORIENTED_EDGE ( 'NONE', *, *, #2846, .T. ) ;
#2718 = CARTESIAN_POINT ( 'NONE',  ( -9.250000000000001776, -3.249999999999999556, -18.25000000000000000 ) ) ;
#2719 = FACE_OUTER_BOUND ( 'NONE', #5513, .T. ) ;
#2720 = EDGE_LOOP ( 'NONE', ( #7127, #1472, #2014, #7690 ) ) ;
#2721 = AXIS2_PLACEMENT_3D ( 'NONE', #6840, #7012, #1538 ) ;
#2722 = LINE ( 'NONE', #1438, #3718 ) ;
#2723 = CARTESIAN_POINT ( 'NONE',  ( 17.50000000000000355, 7.500000000000000000, -3.249999999999994227 ) ) ;
#2724 = CARTESIAN_POINT ( 'NONE',  ( -1.349999999999999645, -2.000000000000000000, 0.000000000000000000 ) ) ;
#2725 = CYLINDRICAL_SURFACE ( 'NONE', #2393, 1.500000000000000000 ) ;
#2726 = CARTESIAN_POINT ( 'NONE',  ( 16.00000000000000000, 7.500000000000000000, 10.49999999999999645 ) ) ;
#2727 = ORIENTED_EDGE ( 'NONE', *, *, #3372, .F. ) ;
#2728 = CIRCLE ( 'NONE', #3604, 0.4999999999999995559 ) ;
#2729 = EDGE_CURVE ( 'NONE', #1815, #1170, #2893, .T. ) ;
#2730 = AXIS2_PLACEMENT_3D ( 'NONE', #5536, #3021, #4899 ) ;
#2731 = EDGE_CURVE ( 'NONE', #6208, #4652, #2081, .T. ) ;
#2732 = ORIENTED_EDGE ( 'NONE', *, *, #2441, .F. ) ;
#2733 = CARTESIAN_POINT ( 'NONE',  ( 16.00000000000000000, 0.4999999999999995559, 9.000000000000000000 ) ) ;
#2734 = VERTEX_POINT ( 'NONE', #4138 ) ;
#2735 = VECTOR ( 'NONE', #3716, 1000.000000000000000 ) ;
#2736 = CARTESIAN_POINT ( 'NONE',  ( 0.000000000000000000, 0.000000000000000000, 0.000000000000000000 ) ) ;
#2737 = CARTESIAN_POINT ( 'NONE',  ( 13.24999999999999822, 0.5000000000000004441, -2.499999999999999556 ) ) ;
#2738 = DIRECTION ( 'NONE',  ( 1.000000000000000000, 0.000000000000000000, -1.196361017915038993E-16 ) ) ;
#2739 = CARTESIAN_POINT ( 'NONE',  ( 9.249999999999998224, -3.249999999999999556, -18.50000000000000000 ) ) ;
#2740 = EDGE_CURVE ( 'NONE', #3489, #6622, #6005, .T. ) ;
#2741 = ORIENTED_EDGE ( 'NONE', *, *, #6725, .F. ) ;
#2742 = ORIENTED_EDGE ( 'NONE', *, *, #6070, .F. ) ;
#2743 = FACE_OUTER_BOUND ( 'NONE', #7187, .T. ) ;
#2744 = CARTESIAN_POINT ( 'NONE',  ( -4.299999999999999822, -1.199999999999999734, 0.1000000000000000056 ) ) ;
#2745 = DIRECTION ( 'NONE',  ( 0.000000000000000000, 1.000000000000000000, 0.000000000000000000 ) ) ;
#2746 = EDGE_LOOP ( 'NONE', ( #2841, #2108, #1988, #2996 ) ) ;
#2747 = ADVANCED_FACE ( 'NONE', ( #7658 ), #2191, .T. ) ;
#2748 = ORIENTED_EDGE ( 'NONE', *, *, #5461, .T. ) ;
#2749 = PLANE ( 'NONE',  #3268 ) ;
#2750 = FACE_OUTER_BOUND ( 'NONE', #2367, .T. ) ;
#2751 = PLANE ( 'NONE',  #6040 ) ;
#2752 = VERTEX_POINT ( 'NONE', #380 ) ;
#2753 = CARTESIAN_POINT ( 'NONE',  ( -3.700000000000000178, 0.000000000000000000, 0.1000000000000000056 ) ) ;
#2754 = VECTOR ( 'NONE', #2581, 1000.000000000000000 ) ;
#2755 = EDGE_CURVE ( 'NONE', #5411, #2275, #2215, .T. ) ;
#2756 = EDGE_CURVE ( 'NONE', #391, #5491, #4887, .T. ) ;
#2757 = DIRECTION ( 'NONE',  ( -9.637352644315595243E-17, -0.000000000000000000, -1.000000000000000000 ) ) ;
#2758 = ORIENTED_EDGE ( 'NONE', *, *, #5346, .F. ) ;
#2759 = DIRECTION ( 'NONE',  ( 0.000000000000000000, 1.000000000000000000, 0.000000000000000000 ) ) ;
#2760 = CARTESIAN_POINT ( 'NONE',  ( -16.00000000000000000, 7.500000000000000000, -0.8000000000000009326 ) ) ;
#2761 = DIRECTION ( 'NONE',  ( 1.000000000000000000, 0.000000000000000000, 0.000000000000000000 ) ) ;
#2762 = CARTESIAN_POINT ( 'NONE',  ( 2.350000000000000089, -2.000000000000000000, 0.1000000000000000056 ) ) ;
#2763 = CIRCLE ( 'NONE', #3641, 0.5000000000000000000 ) ;
#2764 = MECHANICAL_DESIGN_GEOMETRIC_PRESENTATION_REPRESENTATION (  '', ( #6713 ), #3649 ) ;
#2765 = DIRECTION ( 'NONE',  ( -0.000000000000000000, -0.000000000000000000, -1.000000000000000000 ) ) ;
#2766 = ORIENTED_EDGE ( 'NONE', *, *, #1045, .T. ) ;
#2767 = APPLICATION_PROTOCOL_DEFINITION ( 'draft international standard', 'automotive_design', 1998, #1178 ) ;
#2768 = AXIS2_PLACEMENT_3D ( 'NONE', #7, #648, #7856 ) ;
#2769 = CARTESIAN_POINT ( 'NONE',  ( 15.50000000000000178, 0.000000000000000000, -3.249999999999999112 ) ) ;
#2770 = EDGE_LOOP ( 'NONE', ( #7603, #451, #1720, #6592 ) ) ;
#2771 = AXIS2_PLACEMENT_3D ( 'NONE', #21, #2558, #6742 ) ;
#2772 = DIRECTION ( 'NONE',  ( -0.000000000000000000, -1.000000000000000000, -0.000000000000000000 ) ) ;
#2773 = CARTESIAN_POINT ( 'NONE',  ( 0.000000000000000000, 0.000000000000000000, 0.000000000000000000 ) ) ;
#2774 = EDGE_CURVE ( 'NONE', #985, #1153, #3050, .T. ) ;
#2775 = PLANE ( 'NONE',  #6156 ) ;
#2776 = DIRECTION ( 'NONE',  ( -0.000000000000000000, 1.000000000000000000, -0.000000000000000000 ) ) ;
#2777 = CIRCLE ( 'NONE', #599, 0.2500000000000000000 ) ;
#2778 = ORIENTED_EDGE ( 'NONE', *, *, #989, .T. ) ;
#2779 = PRODUCT_DEFINITION_CONTEXT ( 'detailed design', #1442, 'design' ) ;
#2780 = ORIENTED_EDGE ( 'NONE', *, *, #1827, .F. ) ;
#2781 = EDGE_CURVE ( 'NONE', #4581, #6669, #6416, .T. ) ;
#2782 = VECTOR ( 'NONE', #3435, 1000.000000000000000 ) ;
#2783 = CARTESIAN_POINT ( 'NONE',  ( 15.49999999999999822, 0.000000000000000000, 0.2500000000000009437 ) ) ;
#2784 = DIRECTION ( 'NONE',  ( -1.000000000000000000, 0.000000000000000000, 0.000000000000000000 ) ) ;
#2785 = DIRECTION ( 'NONE',  ( -1.000000000000000000, -0.000000000000000000, -0.000000000000000000 ) ) ;
#2786 = VERTEX_POINT ( 'NONE', #4253 ) ;
#2787 = EDGE_LOOP ( 'NONE', ( #2021, #7062, #4400, #341 ) ) ;
#2788 = DIRECTION ( 'NONE',  ( 0.000000000000000000, 0.000000000000000000, -1.000000000000000000 ) ) ;
#2789 = DIRECTION ( 'NONE',  ( 0.000000000000000000, 0.000000000000000000, 1.000000000000000000 ) ) ;
#2790 = DIRECTION ( 'NONE',  ( 0.000000000000000000, 0.000000000000000000, 1.000000000000000000 ) ) ;
#2791 = VECTOR ( 'NONE', #7793, 1000.000000000000000 ) ;
#2792 = VERTEX_POINT ( 'NONE', #4892 ) ;
#2793 = SPHERICAL_SURFACE ( 'NONE', #2288, 0.2500000000000000000 ) ;
#2794 = VECTOR ( 'NONE', #3179, 1000.000000000000000 ) ;
#2795 = VECTOR ( 'NONE', #6271, 1000.000000000000000 ) ;
#2796 = DIRECTION ( 'NONE',  ( 0.000000000000000000, 0.000000000000000000, -1.000000000000000000 ) ) ;
#2797 = ORIENTED_EDGE ( 'NONE', *, *, #7162, .F. ) ;
#2798 = DIRECTION ( 'NONE',  ( -1.000000000000000000, 0.000000000000000000, 1.239088197126289831E-16 ) ) ;
#2799 = PLANE ( 'NONE',  #1296 ) ;
#2800 = LINE ( 'NONE', #6476, #6336 ) ;
#2801 = CARTESIAN_POINT ( 'NONE',  ( 9.499999999999998224, -3.499999999999999556, -18.25000000000000000 ) ) ;
#2802 = ADVANCED_FACE ( 'NONE', ( #4814 ), #1209, .F. ) ;
#2803 = AXIS2_PLACEMENT_3D ( 'NONE', #1603, #6399, #2252 ) ;
#2804 = ADVANCED_FACE ( 'NONE', ( #3646 ), #7253, .F. ) ;
#2805 = CARTESIAN_POINT ( 'NONE',  ( 14.74999999999999822, -16.34050177399711501, 2.500000000000001332 ) ) ;
#2806 = EDGE_LOOP ( 'NONE', ( #2748, #6340 ) ) ;
#2807 = ORIENTED_EDGE ( 'NONE', *, *, #3749, .F. ) ;
#2808 = CONTEXT_DEPENDENT_SHAPE_REPRESENTATION ( #7833, #3499 ) ;
#2809 = CARTESIAN_POINT ( 'NONE',  ( -9.000000000000000000, 7.500000000000000000, 9.000000000000000000 ) ) ;
#2810 = ORIENTED_EDGE ( 'NONE', *, *, #5701, .F. ) ;
#2811 = DIRECTION ( 'NONE',  ( -1.000000000000000000, -0.000000000000000000, -0.000000000000000000 ) ) ;
#2812 = LINE ( 'NONE', #7687, #6220 ) ;
#2813 = CARTESIAN_POINT ( 'NONE',  ( 15.49999999999999822, 0.000000000000000000, 1.750000000000000666 ) ) ;
#2814 = EDGE_CURVE ( 'NONE', #864, #220, #6089, .T. ) ;
#2815 = DIRECTION ( 'NONE',  ( -1.000000000000000000, 0.000000000000000000, 0.000000000000000000 ) ) ;
#2816 = ORIENTED_EDGE ( 'NONE', *, *, #4735, .T. ) ;
#2817 = EDGE_LOOP ( 'NONE', ( #7767, #3672 ) ) ;
#2818 = CARTESIAN_POINT ( 'NONE',  ( -9.000000000000000000, 0.4999999999999995559, 9.000000000000000000 ) ) ;
#2819 = DIRECTION ( 'NONE',  ( -1.000000000000000000, 0.000000000000000000, 0.000000000000000000 ) ) ;
#2820 = APPLICATION_CONTEXT ( 'automotive_design' ) ;
#2821 = ORIENTED_EDGE ( 'NONE', *, *, #6052, .T. ) ;
#2822 = ORIENTED_EDGE ( 'NONE', *, *, #6013, .T. ) ;
#2823 = EDGE_CURVE ( 'NONE', #5137, #985, #4854, .T. ) ;
#2824 = ADVANCED_FACE ( 'NONE', ( #4331, #1167, #7288 ), #4931, .T. ) ;
#2825 = ORIENTED_EDGE ( 'NONE', *, *, #6420, .T. ) ;
#2826 = CARTESIAN_POINT ( 'NONE',  ( -8.604945506379110043, 7.500000000000000000, -9.695652173913043015 ) ) ;
#2827 = LINE ( 'NONE', #7626, #1445 ) ;
#2828 = CIRCLE ( 'NONE', #6270, 1.049999999999998934 ) ;
#2829 = CARTESIAN_POINT ( 'NONE',  ( 6.000000000000000000, 2.800000000000001155, 0.1000000000000000056 ) ) ;
#2830 = VERTEX_POINT ( 'NONE', #3123 ) ;
#2831 = LINE ( 'NONE', #6468, #616 ) ;
#2832 = ORIENTED_EDGE ( 'NONE', *, *, #6026, .F. ) ;
#2833 = COLOUR_RGB ( '',0.7921568627450980005, 0.8196078431372548767, 0.9333333333333333481 ) ;
#2834 = DIRECTION ( 'NONE',  ( 1.000000000000000000, 0.000000000000000000, 0.000000000000000000 ) ) ;
#2835 = ORIENTED_EDGE ( 'NONE', *, *, #945, .F. ) ;
#2836 = CIRCLE ( 'NONE', #1428, 0.8000000000000020428 ) ;
#2837 = DIRECTION ( 'NONE',  ( 0.000000000000000000, 0.000000000000000000, -1.000000000000000000 ) ) ;
#2838 = DIRECTION ( 'NONE',  ( 0.000000000000000000, 1.000000000000000000, 0.000000000000000000 ) ) ;
#2839 = DIRECTION ( 'NONE',  ( -0.000000000000000000, 1.000000000000000000, -0.000000000000000000 ) ) ;
#2840 = LINE ( 'NONE', #5279, #747 ) ;
#2841 = ORIENTED_EDGE ( 'NONE', *, *, #4336, .F. ) ;
#2842 = ORIENTED_EDGE ( 'NONE', *, *, #5360, .T. ) ;
#2843 = VECTOR ( 'NONE', #7210, 1000.000000000000000 ) ;
#2844 = PRODUCT_RELATED_PRODUCT_CATEGORY ( 'part', '', ( #556 ) ) ;
#2846 = EDGE_CURVE ( 'NONE', #4859, #4588, #2459, .T. ) ;
#2845 = LINE ( 'NONE', #485, #3816 ) ;
#2847 = ORIENTED_EDGE ( 'NONE', *, *, #5631, .F. ) ;
#2848 = LINE ( 'NONE', #964, #3857 ) ;
#2849 = DIRECTION ( 'NONE',  ( 0.000000000000000000, 0.000000000000000000, 1.000000000000000000 ) ) ;
#2850 = DIRECTION ( 'NONE',  ( 0.000000000000000000, 0.000000000000000000, 1.000000000000000000 ) ) ;
#2851 = VECTOR ( 'NONE', #6181, 1000.000000000000000 ) ;
#2852 = VECTOR ( 'NONE', #4170, 1000.000000000000000 ) ;
#2853 = DIRECTION ( 'NONE',  ( 1.084202172485504927E-16, -1.000000000000000000, 0.000000000000000000 ) ) ;
#2854 = ORIENTED_EDGE ( 'NONE', *, *, #2365, .F. ) ;
#2855 = CIRCLE ( 'NONE', #7581, 1.499999999999999556 ) ;
#2856 = EDGE_CURVE ( 'NONE', #808, #4145, #18, .T. ) ;
#2857 = ORIENTED_EDGE ( 'NONE', *, *, #852, .F. ) ;
#2858 = CIRCLE ( 'NONE', #427, 1.499999999999999556 ) ;
#2859 = CARTESIAN_POINT ( 'NONE',  ( -6.769999999999998685, 0.7500000000000000000, -3.270000000000000018 ) ) ;
#2860 = DIRECTION ( 'NONE',  ( 1.000000000000000000, 0.000000000000000000, 0.000000000000000000 ) ) ;
#2861 = FACE_OUTER_BOUND ( 'NONE', #95, .T. ) ;
#2862 = VERTEX_POINT ( 'NONE', #687 ) ;
#2863 = ORIENTED_EDGE ( 'NONE', *, *, #1840, .T. ) ;
#2864 = CARTESIAN_POINT ( 'NONE',  ( -10.50000000000000533, 0.4999999999999995559, 3.000000000000004441 ) ) ;
#2865 = CARTESIAN_POINT ( 'NONE',  ( -4.200000000000000178, 2.000000000000000000, 0.1000000000000000056 ) ) ;
#2866 = EDGE_CURVE ( 'NONE', #1925, #2358, #3082, .T. ) ;
#2867 = CYLINDRICAL_SURFACE ( 'NONE', #7225, 0.2500000000000000000 ) ;
#2868 = VERTEX_POINT ( 'NONE', #6164 ) ;
#2869 = DIRECTION ( 'NONE',  ( -0.000000000000000000, 1.000000000000000000, -0.000000000000000000 ) ) ;
#2870 = ORIENTED_EDGE ( 'NONE', *, *, #433, .T. ) ;
#2871 = DIRECTION ( 'NONE',  ( 0.000000000000000000, 0.000000000000000000, -1.000000000000000000 ) ) ;
#2872 = VERTEX_POINT ( 'NONE', #1900 ) ;
#2873 = CARTESIAN_POINT ( 'NONE',  ( -6.800000000000000711, -3.299999999999999822, -1.399999999999999911 ) ) ;
#2874 = CARTESIAN_POINT ( 'NONE',  ( 7.864218330839943150, 7.500000000000000000, 11.00000000000000000 ) ) ;
#2875 = EDGE_CURVE ( 'NONE', #575, #7395, #1290, .T. ) ;
#2876 = DIRECTION ( 'NONE',  ( -0.000000000000000000, -0.000000000000000000, 1.000000000000000000 ) ) ;
#2877 = DIRECTION ( 'NONE',  ( 1.826024711554533913E-16, 0.000000000000000000, 1.000000000000000000 ) ) ;
#2878 = ORIENTED_EDGE ( 'NONE', *, *, #2517, .F. ) ;
#2879 = ORIENTED_EDGE ( 'NONE', *, *, #2183, .F. ) ;
#2880 = CARTESIAN_POINT ( 'NONE',  ( 9.499999999999994671, 7.500000000000000000, -7.864218330839934268 ) ) ;
#2881 = VERTEX_POINT ( 'NONE', #7413 ) ;
#2882 = AXIS2_PLACEMENT_3D ( 'NONE', #6173, #2390, #6099 ) ;
#2883 = VECTOR ( 'NONE', #7732, 1000.000000000000000 ) ;
#2884 = LINE ( 'NONE', #5171, #6602 ) ;
#2885 = DIRECTION ( 'NONE',  ( -0.000000000000000000, -0.000000000000000000, -1.000000000000000000 ) ) ;
#2886 = CARTESIAN_POINT ( 'NONE',  ( 15.50000000000000178, 0.000000000000000000, 3.249999999999998668 ) ) ;
#2887 = AXIS2_PLACEMENT_3D ( 'NONE', #6855, #1343, #6814 ) ;
#2888 = AXIS2_PLACEMENT_3D ( 'NONE', #839, #282, #2761 ) ;
#2889 = VERTEX_POINT ( 'NONE', #1941 ) ;
#2890 = VECTOR ( 'NONE', #1919, 1000.000000000000000 ) ;
#2891 = VERTEX_POINT ( 'NONE', #4371 ) ;
#2892 = FACE_OUTER_BOUND ( 'NONE', #1231, .T. ) ;
#2893 = LINE ( 'NONE', #7778, #6789 ) ;
#2894 = CIRCLE ( 'NONE', #5576, 0.2500000000000002220 ) ;
#2895 = CARTESIAN_POINT ( 'NONE',  ( -3.700000000000000178, 2.000000000000000000, 0.1000000000000000056 ) ) ;
#2896 = AXIS2_PLACEMENT_3D ( 'NONE', #3250, #5694, #7540 ) ;
#2897 = EDGE_CURVE ( 'NONE', #5586, #7784, #7440, .T. ) ;
#2898 = EDGE_CURVE ( 'NONE', #3108, #6879, #6641, .T. ) ;
#2899 = ORIENTED_EDGE ( 'NONE', *, *, #3102, .F. ) ;
#2900 = ORIENTED_EDGE ( 'NONE', *, *, #1380, .T. ) ;
#2901 = MECHANICAL_DESIGN_GEOMETRIC_PRESENTATION_REPRESENTATION (  '', ( #3532 ), #5963 ) ;
#2902 = VERTEX_POINT ( 'NONE', #570 ) ;
#2903 = VECTOR ( 'NONE', #255, 1000.000000000000000 ) ;
#2904 = CARTESIAN_POINT ( 'NONE',  ( 4.299999999999999822, -1.199999999999998623, 0.000000000000000000 ) ) ;
#2905 = LINE ( 'NONE', #2280, #5907 ) ;
#2906 = CARTESIAN_POINT ( 'NONE',  ( -10.50000000000000533, 0.000000000000000000, -10.49999999999999645 ) ) ;
#2907 = EDGE_CURVE ( 'NONE', #4495, #808, #5447, .T. ) ;
#2908 = ORIENTED_EDGE ( 'NONE', *, *, #5174, .F. ) ;
#2909 = FACE_OUTER_BOUND ( 'NONE', #1305, .T. ) ;
#2910 =( GEOMETRIC_REPRESENTATION_CONTEXT ( 3 ) GLOBAL_UNCERTAINTY_ASSIGNED_CONTEXT ( ( #4908 ) ) GLOBAL_UNIT_ASSIGNED_CONTEXT ( ( #193, #7859, #7903 ) ) REPRESENTATION_CONTEXT ( 'NONE', 'WORKASPACE' ) );
#2911 = EDGE_LOOP ( 'NONE', ( #5159, #362, #6022, #3919 ) ) ;
#2912 = EDGE_CURVE ( 'NONE', #6553, #7647, #3323, .T. ) ;
#2913 = FACE_OUTER_BOUND ( 'NONE', #320, .T. ) ;
#2914 = ORIENTED_EDGE ( 'NONE', *, *, #4849, .T. ) ;
#2915 = CLOSED_SHELL ( 'NONE', ( #3160, #3622, #5985, #6766, #5299, #4407, #4216, #7398, #2993, #265, #3702, #2050, #1813, #5408, #817, #4323, #1233, #6651, #2924, #4613, #7700, #414, #2307, #5995, #4856, #4591, #614, #6215, #1422, #7099, #313, #5746, #7662, #6240, #1089, #7097, #3416, #379, #6665 ) ) ;
#2916 = PLANE ( 'NONE',  #4871 ) ;
#2917 = DIRECTION ( 'NONE',  ( 0.000000000000000000, 0.000000000000000000, -1.000000000000000000 ) ) ;
#2918 = DIRECTION ( 'NONE',  ( -0.000000000000000000, 1.000000000000000000, -0.000000000000000000 ) ) ;
#2919 = LINE ( 'NONE', #7159, #343 ) ;
#2920 = ORIENTED_EDGE ( 'NONE', *, *, #450, .T. ) ;
#2921 = VERTEX_POINT ( 'NONE', #3204 ) ;
#2922 = CIRCLE ( 'NONE', #4458, 0.5500000000000010436 ) ;
#2923 = EDGE_CURVE ( 'NONE', #4677, #3530, #131, .T. ) ;
#2924 = ADVANCED_FACE ( 'NONE', ( #292 ), #5612, .F. ) ;
#2925 = ORIENTED_EDGE ( 'NONE', *, *, #2617, .T. ) ;
#2926 = CARTESIAN_POINT ( 'NONE',  ( -3.299999999999999378, -1.199999999999999734, 0.1000000000000000056 ) ) ;
#2927 = CYLINDRICAL_SURFACE ( 'NONE', #5714, 1.500000000000000000 ) ;
#2928 = AXIS2_PLACEMENT_3D ( 'NONE', #3661, #5459, #57 ) ;
#2929 = AXIS2_PLACEMENT_3D ( 'NONE', #5082, #4477, #6908 ) ;
#2930 = DIRECTION ( 'NONE',  ( 0.000000000000000000, 1.000000000000000000, 0.000000000000000000 ) ) ;
#2931 = CARTESIAN_POINT ( 'NONE',  ( -6.000000000000000000, 2.799999999999999822, 0.000000000000000000 ) ) ;
#2932 = ORIENTED_EDGE ( 'NONE', *, *, #6604, .T. ) ;
#2933 = ORIENTED_EDGE ( 'NONE', *, *, #2994, .T. ) ;
#2934 = DIRECTION ( 'NONE',  ( 0.000000000000000000, 0.000000000000000000, 1.000000000000000000 ) ) ;
#2935 = LINE ( 'NONE', #4215, #7233 ) ;
#2936 = EDGE_LOOP ( 'NONE', ( #3619, #3370, #2415, #297 ) ) ;
#2937 = EDGE_LOOP ( 'NONE', ( #1881, #5566, #2406, #1637 ) ) ;
#2938 = ORIENTED_EDGE ( 'NONE', *, *, #6996, .F. ) ;
#2939 = EDGE_CURVE ( 'NONE', #1408, #5297, #3288, .T. ) ;
#2940 = DIRECTION ( 'NONE',  ( 1.000000000000000000, 0.000000000000000000, 0.000000000000000000 ) ) ;
#2941 = DIRECTION ( 'NONE',  ( -0.000000000000000000, -1.000000000000000000, -0.000000000000000000 ) ) ;
#2942 = DIRECTION ( 'NONE',  ( 0.000000000000000000, 0.000000000000000000, 1.000000000000000000 ) ) ;
#2943 = EDGE_LOOP ( 'NONE', ( #7623, #6918 ) ) ;
#2944 = DIRECTION ( 'NONE',  ( 0.000000000000000000, 1.000000000000000000, 0.000000000000000000 ) ) ;
#2945 = ORIENTED_EDGE ( 'NONE', *, *, #4565, .F. ) ;
#2946 = CARTESIAN_POINT ( 'NONE',  ( -1.849999999999999645, 2.000000000000000000, 0.000000000000000000 ) ) ;
#2947 = EDGE_LOOP ( 'NONE', ( #5443, #4213, #2352, #3117 ) ) ;
#2948 = ADVANCED_FACE ( 'NONE', ( #2618 ), #4454, .F. ) ;
#2949 = VECTOR ( 'NONE', #7848, 1000.000000000000000 ) ;
#2950 = DIRECTION ( 'NONE',  ( -1.000000000000000000, -0.000000000000000000, -0.000000000000000000 ) ) ;
#2951 =( LENGTH_UNIT ( ) NAMED_UNIT ( * ) SI_UNIT ( .MILLI., .METRE. ) );
#2952 = CARTESIAN_POINT ( 'NONE',  ( -4.299999999999999822, 2.799999999999998490, 0.1000000000000000056 ) ) ;
#2953 = LINE ( 'NONE', #6066, #1885 ) ;
#2954 = VERTEX_POINT ( 'NONE', #853 ) ;
#2955 = VECTOR ( 'NONE', #6559, 1000.000000000000000 ) ;
#2956 = ORIENTED_EDGE ( 'NONE', *, *, #2329, .F. ) ;
#2957 = CARTESIAN_POINT ( 'NONE',  ( -9.250000000000001776, 3.499999999999999556, -18.25000000000000000 ) ) ;
#2958 = ORIENTED_EDGE ( 'NONE', *, *, #7616, .T. ) ;
#2959 =( NAMED_UNIT ( * ) PLANE_ANGLE_UNIT ( ) SI_UNIT ( $, .RADIAN. ) );
#2960 = PLANE ( 'NONE',  #3877 ) ;
#2961 = CARTESIAN_POINT ( 'NONE',  ( -12.00000000000000533, 7.500000000000000000, 1.500000000000004219 ) ) ;
#2962 = ADVANCED_FACE ( 'NONE', ( #2696 ), #5172, .F. ) ;
#2963 = CIRCLE ( 'NONE', #1303, 0.5000000000000000000 ) ;
#2964 = EDGE_CURVE ( 'NONE', #7325, #835, #7454, .T. ) ;
#2965 = CARTESIAN_POINT ( 'NONE',  ( -16.00000000000000000, 0.000000000000000000, -1.500000000000000666 ) ) ;
#2966 = AXIS2_PLACEMENT_3D ( 'NONE', #7328, #2499, #1857 ) ;
#2967 = ADVANCED_FACE ( 'NONE', ( #2660 ), #6286, .F. ) ;
#2968 = ORIENTED_EDGE ( 'NONE', *, *, #3632, .T. ) ;
#2969 = ORIENTED_EDGE ( 'NONE', *, *, #3211, .T. ) ;
#2970 = CIRCLE ( 'NONE', #3346, 0.2500000000000002220 ) ;
#2971 = DIRECTION ( 'NONE',  ( -0.000000000000000000, 1.000000000000000000, -0.000000000000000000 ) ) ;
#2972 = ADVANCED_FACE ( 'NONE', ( #1373 ), #6886, .F. ) ;
#2973 = CARTESIAN_POINT ( 'NONE',  ( -12.00000000000000533, 0.000000000000000000, 1.500000000000004219 ) ) ;
#2974 = VECTOR ( 'NONE', #2550, 1000.000000000000000 ) ;
#2975 = VERTEX_POINT ( 'NONE', #3244 ) ;
#2976 = ORIENTED_EDGE ( 'NONE', *, *, #1561, .F. ) ;
#2977 = DIRECTION ( 'NONE',  ( 0.000000000000000000, -0.000000000000000000, 1.000000000000000000 ) ) ;
#2978 = DIRECTION ( 'NONE',  ( -1.000000000000000000, 0.000000000000000000, -0.000000000000000000 ) ) ;
#2979 = LINE ( 'NONE', #1863, #3481 ) ;
#2980 = CARTESIAN_POINT ( 'NONE',  ( 15.25000000000000178, 7.500000000000000000, -4.000000000000000000 ) ) ;
#2981 = DIRECTION ( 'NONE',  ( 0.000000000000000000, 0.000000000000000000, -1.000000000000000000 ) ) ;
#2982 = ORIENTED_EDGE ( 'NONE', *, *, #287, .T. ) ;
#2983 = EDGE_CURVE ( 'NONE', #2672, #4029, #5688, .T. ) ;
#2984 = DIRECTION ( 'NONE',  ( -1.652117596168387756E-16, 0.000000000000000000, 1.000000000000000000 ) ) ;
#2985 = ORIENTED_EDGE ( 'NONE', *, *, #3473, .F. ) ;
#2986 = UNCERTAINTY_MEASURE_WITH_UNIT (LENGTH_MEASURE( 1.000000000000000082E-05 ), #590, 'distance_accuracy_value', 'NONE');
#2987 = DIRECTION ( 'NONE',  ( 1.000000000000000000, 0.000000000000000000, 0.000000000000000000 ) ) ;
#2988 = ORIENTED_EDGE ( 'NONE', *, *, #5712, .F. ) ;
#2989 = LINE ( 'NONE', #1227, #1709 ) ;
#2990 = CYLINDRICAL_SURFACE ( 'NONE', #7112, 0.2500000000000000000 ) ;
#2991 = CARTESIAN_POINT ( 'NONE',  ( 15.49999999999999822, 0.000000000000000000, 1.750000000000000666 ) ) ;
#2992 = ORIENTED_EDGE ( 'NONE', *, *, #7290, .F. ) ;
#2993 = ADVANCED_FACE ( 'NONE', ( #215 ), #7610, .F. ) ;
#2994 = EDGE_CURVE ( 'NONE', #496, #5176, #7314, .T. ) ;
#2995 = ADVANCED_FACE ( 'NONE', ( #3167 ), #3812, .F. ) ;
#2996 = ORIENTED_EDGE ( 'NONE', *, *, #5019, .F. ) ;
#2997 = CARTESIAN_POINT ( 'NONE',  ( -6.800000000000000711, -3.299999999999999822, -1.399999999999999911 ) ) ;
#2998 = ORIENTED_EDGE ( 'NONE', *, *, #5120, .T. ) ;
#2999 = DIRECTION ( 'NONE',  ( -9.637352644315595243E-17, 0.000000000000000000, -1.000000000000000000 ) ) ;
#3000 = DIRECTION ( 'NONE',  ( 0.000000000000000000, 0.000000000000000000, 1.000000000000000000 ) ) ;
#3001 = CARTESIAN_POINT ( 'NONE',  ( 6.769999999999996909, 3.500000000000000888, 0.000000000000000000 ) ) ;
#3002 = CIRCLE ( 'NONE', #1605, 0.5000000000000000000 ) ;
#3003 = LINE ( 'NONE', #6680, #7865 ) ;
#3004 = EDGE_CURVE ( 'NONE', #2881, #5111, #2142, .T. ) ;
#3005 = ORIENTED_EDGE ( 'NONE', *, *, #7065, .F. ) ;
#3006 = AXIS2_PLACEMENT_3D ( 'NONE', #6693, #1219, #3660 ) ;
#3007 = EDGE_LOOP ( 'NONE', ( #189, #5726, #484, #2933 ) ) ;
#3008 = EDGE_CURVE ( 'NONE', #6355, #4588, #2970, .T. ) ;
#3009 = CARTESIAN_POINT ( 'NONE',  ( 9.249999999999998224, 3.249999999999999556, -18.25000000000000000 ) ) ;
#3010 = CARTESIAN_POINT ( 'NONE',  ( -3.700000000000000178, 2.000000000000000000, 0.000000000000000000 ) ) ;
#3011 = CIRCLE ( 'NONE', #6467, 0.5500000000000014877 ) ;
#3012 = STYLED_ITEM ( 'NONE', ( #6701 ), #1112 ) ;
#3013 = ORIENTED_EDGE ( 'NONE', *, *, #461, .T. ) ;
#3014 = CARTESIAN_POINT ( 'NONE',  ( 10.57350609485714976, 3.148135736169725529, 3.443053386579960407 ) ) ;
#3015 = ORIENTED_EDGE ( 'NONE', *, *, #7198, .T. ) ;
#3016 = EDGE_CURVE ( 'NONE', #3722, #7248, #6372, .T. ) ;
#3017 = CIRCLE ( 'NONE', #5069, 0.8000000000000003775 ) ;
#3018 = VECTOR ( 'NONE', #396, 1000.000000000000000 ) ;
#3019 = CARTESIAN_POINT ( 'NONE',  ( 15.25000000000000178, 7.500000000000000000, -6.100000000000001421 ) ) ;
#3020 = CIRCLE ( 'NONE', #5705, 1.499999999999999556 ) ;
#3021 = DIRECTION ( 'NONE',  ( 0.000000000000000000, 0.000000000000000000, -1.000000000000000000 ) ) ;
#3022 = FACE_OUTER_BOUND ( 'NONE', #1729, .T. ) ;
#3023 = CARTESIAN_POINT ( 'NONE',  ( 9.500000000000000000, 0.5000000000000004441, 7.600000000000000533 ) ) ;
#3024 = FACE_OUTER_BOUND ( 'NONE', #2582, .T. ) ;
#3025 = EDGE_LOOP ( 'NONE', ( #1712, #845, #3795, #6493 ) ) ;
#3026 = CARTESIAN_POINT ( 'NONE',  ( 17.50000000000000000, 7.500000000000000000, 8.999999999999998224 ) ) ;
#3027 = CIRCLE ( 'NONE', #6469, 0.4999999999999997780 ) ;
#3028 = ORIENTED_EDGE ( 'NONE', *, *, #1689, .F. ) ;
#3029 = CYLINDRICAL_SURFACE ( 'NONE', #1363, 0.5500000000000010436 ) ;
#3030 = LINE ( 'NONE', #4306, #6290 ) ;
#3031 = CARTESIAN_POINT ( 'NONE',  ( 5.549999999999999822, 2.000000000000000000, 0.1000000000000000056 ) ) ;
#3032 = AXIS2_PLACEMENT_3D ( 'NONE', #2773, #4731, #5246 ) ;
#3033 = DIRECTION ( 'NONE',  ( 1.000000000000000000, 0.000000000000000000, -0.000000000000000000 ) ) ;
#3034 = EDGE_LOOP ( 'NONE', ( #6521, #978, #7614, #4163 ) ) ;
#3035 = CARTESIAN_POINT ( 'NONE',  ( 0.000000000000000000, 0.000000000000000000, -18.50000000000000000 ) ) ;
#3036 = DIRECTION ( 'NONE',  ( -1.000000000000000000, 0.000000000000000000, -0.000000000000000000 ) ) ;
#3037 = CARTESIAN_POINT ( 'NONE',  ( 16.00000000000000000, 0.4999999999999995559, 3.250000000000001332 ) ) ;
#3038 = VERTEX_POINT ( 'NONE', #2813 ) ;
#3039 = DIRECTION ( 'NONE',  ( 0.000000000000000000, 0.000000000000000000, 1.000000000000000000 ) ) ;
#3040 = PRODUCT_DEFINITION ( 'UNKNOWN', '', #1125, #2148 ) ;
#3041 = EDGE_CURVE ( 'NONE', #6586, #391, #1043, .T. ) ;
#3042 = DIRECTION ( 'NONE',  ( -1.239088197126289831E-16, 0.000000000000000000, -1.000000000000000000 ) ) ;
#3043 = DIRECTION ( 'NONE',  ( 0.000000000000000000, 0.000000000000000000, 1.000000000000000000 ) ) ;
#3044 = ORIENTED_EDGE ( 'NONE', *, *, #3564, .F. ) ;
#3045 = VECTOR ( 'NONE', #4224, 1000.000000000000000 ) ;
#3046 = ORIENTED_EDGE ( 'NONE', *, *, #5313, .T. ) ;
#3047 = VECTOR ( 'NONE', #6059, 1000.000000000000000 ) ;
#3048 = PLANE ( 'NONE',  #7650 ) ;
#3049 = EDGE_CURVE ( 'NONE', #222, #7093, #7572, .T. ) ;
#3050 = LINE ( 'NONE', #5569, #4498 ) ;
#3051 = DIRECTION ( 'NONE',  ( -1.000000000000000000, 0.000000000000000000, 0.000000000000000000 ) ) ;
#3052 = AXIS2_PLACEMENT_3D ( 'NONE', #5010, #4483, #1891 ) ;
#3053 = ORIENTED_EDGE ( 'NONE', *, *, #3898, .T. ) ;
#3054 = ORIENTED_EDGE ( 'NONE', *, *, #1289, .T. ) ;
#3055 = CARTESIAN_POINT ( 'NONE',  ( 7.864218330839941373, 0.4999999999999995559, -9.500000000000000000 ) ) ;
#3056 = LINE ( 'NONE', #2468, #1063 ) ;
#3057 = CARTESIAN_POINT ( 'NONE',  ( 17.50000000000000000, 0.000000000000000000, 10.49999999999999645 ) ) ;
#3058 = EDGE_CURVE ( 'NONE', #7325, #3958, #2343, .T. ) ;
#3059 = DIRECTION ( 'NONE',  ( 0.000000000000000000, 0.000000000000000000, -1.000000000000000000 ) ) ;
#3060 = ADVANCED_FACE ( 'NONE', ( #1614 ), #4654, .T. ) ;
#3061 = FACE_OUTER_BOUND ( 'NONE', #6909, .T. ) ;
#3062 = ORIENTED_EDGE ( 'NONE', *, *, #644, .F. ) ;
#3063 = CARTESIAN_POINT ( 'NONE',  ( 0.4300000000000022138, 0.1750000000000000167, 3.070000000000000284 ) ) ;
#3064 = DIRECTION ( 'NONE',  ( 1.000000000000000000, 0.000000000000000000, -1.196361017915039239E-16 ) ) ;
#3065 = CARTESIAN_POINT ( 'NONE',  ( -9.000000000000007105, 7.500000000000000000, 10.50000000000000000 ) ) ;
#3066 = LINE ( 'NONE', #4351, #464 ) ;
#3067 = CARTESIAN_POINT ( 'NONE',  ( 0.000000000000000000, 0.000000000000000000, 0.1000000000000000056 ) ) ;
#3068 = VERTEX_POINT ( 'NONE', #6488 ) ;
#3069 = DIRECTION ( 'NONE',  ( -1.000000000000000000, 0.000000000000000000, 1.858632295689434870E-16 ) ) ;
#3070 = CARTESIAN_POINT ( 'NONE',  ( -16.00000000000000000, 0.4999999999999995559, 0.000000000000000000 ) ) ;
#3071 = ORIENTED_EDGE ( 'NONE', *, *, #569, .T. ) ;
#3072 = CARTESIAN_POINT ( 'NONE',  ( -4.999999999999999112, -1.200000000000000178, 0.1000000000000000056 ) ) ;
#3073 = DIRECTION ( 'NONE',  ( 2.312964634635742661E-15, 0.000000000000000000, -1.000000000000000000 ) ) ;
#3074 = CARTESIAN_POINT ( 'NONE',  ( 9.249999999999998224, -3.249999999999999556, -18.50000000000000000 ) ) ;
#3075 = AXIS2_PLACEMENT_3D ( 'NONE', #4242, #1240, #2999 ) ;
#3076 = CYLINDRICAL_SURFACE ( 'NONE', #4539, 1.500000000000000444 ) ;
#3077 = EDGE_LOOP ( 'NONE', ( #4154, #7039, #1355, #7538 ) ) ;
#3078 = EDGE_CURVE ( 'NONE', #5763, #6103, #5327, .T. ) ;
#3079 = ORIENTED_EDGE ( 'NONE', *, *, #3008, .T. ) ;
#3080 = EDGE_LOOP ( 'NONE', ( #7237, #2914, #2639, #6784 ) ) ;
#3081 = DIRECTION ( 'NONE',  ( 1.000000000000000000, 0.000000000000000000, 0.000000000000000000 ) ) ;
#3082 = LINE ( 'NONE', #5526, #2716 ) ;
#3083 = AXIS2_PLACEMENT_3D ( 'NONE', #7899, #1333, #5486 ) ;
#3084 = CARTESIAN_POINT ( 'NONE',  ( 0.000000000000000000, 0.000000000000000000, 0.1000000000000000056 ) ) ;
#3085 = ADVANCED_FACE ( 'NONE', ( #2336 ), #2775, .F. ) ;
#3086 = VERTEX_POINT ( 'NONE', #5849 ) ;
#3087 = EDGE_LOOP ( 'NONE', ( #5880, #1502, #3565, #4114 ) ) ;
#3088 = VECTOR ( 'NONE', #7571, 1000.000000000000000 ) ;
#3089 = DIRECTION ( 'NONE',  ( 0.000000000000000000, 0.000000000000000000, 1.000000000000000000 ) ) ;
#3090 = FACE_OUTER_BOUND ( 'NONE', #7739, .T. ) ;
#3091 = FACE_OUTER_BOUND ( 'NONE', #7568, .T. ) ;
#3092 = DIRECTION ( 'NONE',  ( 1.326241189584715037E-16, -1.000000000000000000, 0.000000000000000000 ) ) ;
#3093 = VECTOR ( 'NONE', #3338, 1000.000000000000000 ) ;
#3094 = CARTESIAN_POINT ( 'NONE',  ( -5.999999999999999112, -1.200000000000000178, 0.1000000000000000056 ) ) ;
#3095 = AXIS2_PLACEMENT_3D ( 'NONE', #6986, #6385, #5186 ) ;
#3096 = ORIENTED_EDGE ( 'NONE', *, *, #1799, .T. ) ;
#3097 = DIRECTION ( 'NONE',  ( 1.000000000000000000, 0.000000000000000000, -1.239088197126289831E-16 ) ) ;
#3098 = EDGE_LOOP ( 'NONE', ( #5860, #1245, #4475, #1096 ) ) ;
#3099 = VECTOR ( 'NONE', #2507, 1000.000000000000000 ) ;
#3100 = CARTESIAN_POINT ( 'NONE',  ( 6.799999999999998046, 3.299999999999999822, 0.000000000000000000 ) ) ;
#3101 = AXIS2_PLACEMENT_3D ( 'NONE', #7503, #336, #5777 ) ;
#3102 = EDGE_CURVE ( 'NONE', #222, #1207, #6409, .T. ) ;
#3103 = CARTESIAN_POINT ( 'NONE',  ( -17.50000000000000000, 7.500000000000000000, 1.734723475976807094E-15 ) ) ;
#3104 = DIRECTION ( 'NONE',  ( 1.000000000000000000, 0.000000000000000000, 0.000000000000000000 ) ) ;
#3105 =( LENGTH_UNIT ( ) NAMED_UNIT ( * ) SI_UNIT ( .MILLI., .METRE. ) );
#3106 = CARTESIAN_POINT ( 'NONE',  ( -1.349999999999999645, -2.000000000000000000, 0.1000000000000000056 ) ) ;
#3107 = SURFACE_SIDE_STYLE ('',( #1430 ) ) ;
#3108 = VERTEX_POINT ( 'NONE', #3437 ) ;
#3109 = ORIENTED_EDGE ( 'NONE', *, *, #1677, .F. ) ;
#3110 = DIRECTION ( 'NONE',  ( 0.000000000000000000, 0.000000000000000000, 1.000000000000000000 ) ) ;
#3111 = ORIENTED_EDGE ( 'NONE', *, *, #3796, .T. ) ;
#3112 = EDGE_CURVE ( 'NONE', #2537, #7528, #7205, .T. ) ;
#3113 = PLANE ( 'NONE',  #7678 ) ;
#3114 = DIRECTION ( 'NONE',  ( -0.000000000000000000, -1.000000000000000000, -0.000000000000000000 ) ) ;
#3115 = DIRECTION ( 'NONE',  ( -1.000000000000000000, 0.000000000000000000, 1.239088197126289831E-16 ) ) ;
#3116 = DIRECTION ( 'NONE',  ( 0.000000000000000000, 1.000000000000000000, 0.000000000000000000 ) ) ;
#3117 = ORIENTED_EDGE ( 'NONE', *, *, #4463, .T. ) ;
#3118 = ORIENTED_EDGE ( 'NONE', *, *, #5236, .F. ) ;
#3119 = ORIENTED_EDGE ( 'NONE', *, *, #1189, .F. ) ;
#3120 = DIRECTION ( 'NONE',  ( 1.000000000000000000, 0.000000000000000000, -0.000000000000000000 ) ) ;
#3121 = DIRECTION ( 'NONE',  ( -1.000000000000000000, -1.084202172485504927E-16, 0.000000000000000000 ) ) ;
#3122 = UNCERTAINTY_MEASURE_WITH_UNIT (LENGTH_MEASURE( 1.000000000000000082E-05 ), #499, 'distance_accuracy_value', 'NONE');
#3123 = CARTESIAN_POINT ( 'NONE',  ( 14.75000000000000000, 7.500000000000000000, 2.500000000000001332 ) ) ;
#3124 = DIRECTION ( 'NONE',  ( -0.000000000000000000, 1.000000000000000000, -0.000000000000000000 ) ) ;
#3125 = AXIS2_PLACEMENT_3D ( 'NONE', #2412, #4848, #7284 ) ;
#3126 = EDGE_LOOP ( 'NONE', ( #3725, #5933 ) ) ;
#3127 = ORIENTED_EDGE ( 'NONE', *, *, #7706, .F. ) ;
#3128 = DIRECTION ( 'NONE',  ( 1.000000000000000000, 0.000000000000000000, 0.000000000000000000 ) ) ;
#3129 = CARTESIAN_POINT ( 'NONE',  ( -0.4300000000000025469, 3.070000000000000284, -1.074999999999999956 ) ) ;
#3130 = CIRCLE ( 'NONE', #1218, 0.5000000000000000000 ) ;
#3131 = EDGE_CURVE ( 'NONE', #5543, #266, #2303, .T. ) ;
#3132 = EDGE_CURVE ( 'NONE', #5051, #6279, #929, .T. ) ;
#3133 = DIRECTION ( 'NONE',  ( 1.000000000000000000, 0.000000000000000000, -1.239088197126289831E-16 ) ) ;
#3134 = CARTESIAN_POINT ( 'NONE',  ( 17.50000000000000000, 0.4999999999999995559, -9.000000000000000000 ) ) ;
#3135 = ORIENTED_EDGE ( 'NONE', *, *, #4123, .F. ) ;
#3136 = DIRECTION ( 'NONE',  ( 0.000000000000000000, 0.000000000000000000, 1.000000000000000000 ) ) ;
#3137 = VECTOR ( 'NONE', #300, 1000.000000000000000 ) ;
#3138 = AXIS2_PLACEMENT_3D ( 'NONE', #3315, #3884, #3349 ) ;
#3139 = ORIENTED_EDGE ( 'NONE', *, *, #2075, .T. ) ;
#3140 = AXIS2_PLACEMENT_3D ( 'NONE', #5908, #5987, #2871 ) ;
#3141 = LINE ( 'NONE', #1875, #7236 ) ;
#3142 = DIRECTION ( 'NONE',  ( -1.000000000000000000, 0.000000000000000000, 0.000000000000000000 ) ) ;
#3143 = CARTESIAN_POINT ( 'NONE',  ( 5.000000000000000000, 2.800000000000001155, 0.1000000000000000056 ) ) ;
#3144 = DIRECTION ( 'NONE',  ( 1.000000000000000000, -1.806491472956117034E-28, 1.577721810442023611E-30 ) ) ;
#3145 = EDGE_CURVE ( 'NONE', #1518, #2356, #7186, .T. ) ;
#3146 = DIRECTION ( 'NONE',  ( 1.000000000000000000, 0.000000000000000000, 0.000000000000000000 ) ) ;
#3147 = VECTOR ( 'NONE', #7801, 1000.000000000000000 ) ;
#3148 = ORIENTED_EDGE ( 'NONE', *, *, #6461, .F. ) ;
#3149 = VECTOR ( 'NONE', #3210, 1000.000000000000000 ) ;
#3150 = EDGE_CURVE ( 'NONE', #1024, #127, #5288, .T. ) ;
#3151 = DIRECTION ( 'NONE',  ( 0.000000000000000000, 0.000000000000000000, 1.000000000000000000 ) ) ;
#3152 = DIRECTION ( 'NONE',  ( -0.000000000000000000, -0.000000000000000000, -1.000000000000000000 ) ) ;
#3153 = VERTEX_POINT ( 'NONE', #4696 ) ;
#3154 = CIRCLE ( 'NONE', #4053, 1.499999999999999556 ) ;
#3155 = DIRECTION ( 'NONE',  ( 0.000000000000000000, 0.000000000000000000, 1.000000000000000000 ) ) ;
#3156 = DIRECTION ( 'NONE',  ( 1.000000000000000000, -0.000000000000000000, -0.000000000000000000 ) ) ;
#3157 = CARTESIAN_POINT ( 'NONE',  ( -0.5000000000000000000, 0.000000000000000000, 0.1000000000000000056 ) ) ;
#3158 = DIRECTION ( 'NONE',  ( 0.000000000000000000, 0.000000000000000000, -1.000000000000000000 ) ) ;
#3159 = EDGE_CURVE ( 'NONE', #7763, #2189, #928, .T. ) ;
#3160 = ADVANCED_FACE ( 'NONE', ( #4733 ), #7808, .F. ) ;
#3161 = EDGE_LOOP ( 'NONE', ( #844, #7661, #1630, #4025 ) ) ;
#3162 = EDGE_LOOP ( 'NONE', ( #5704, #5737, #7439, #301 ) ) ;
#3163 = AXIS2_PLACEMENT_3D ( 'NONE', #4258, #4896, #6009 ) ;
#3164 = ORIENTED_EDGE ( 'NONE', *, *, #7464, .F. ) ;
#3165 = FACE_OUTER_BOUND ( 'NONE', #7375, .T. ) ;
#3166 = CARTESIAN_POINT ( 'NONE',  ( -7.864218330839943150, 0.4999999999999995559, -11.00000000000000000 ) ) ;
#3167 = FACE_OUTER_BOUND ( 'NONE', #5575, .T. ) ;
#3168 = LINE ( 'NONE', #2543, #2754 ) ;
#3169 = AXIS2_PLACEMENT_3D ( 'NONE', #5700, #7545, #228 ) ;
#3170 = ORIENTED_EDGE ( 'NONE', *, *, #2364, .T. ) ;
#3171 = AXIS2_PLACEMENT_3D ( 'NONE', #6710, #7400, #2567 ) ;
#3172 = APPLICATION_PROTOCOL_DEFINITION ( 'draft international standard', 'automotive_design', 1998, #728 ) ;
#3173 = VERTEX_POINT ( 'NONE', #7168 ) ;
#3174 = CYLINDRICAL_SURFACE ( 'NONE', #5836, 0.4999999999999997780 ) ;
#3175 = LINE ( 'NONE', #6213, #40 ) ;
#3176 = CIRCLE ( 'NONE', #1663, 1.499999999999999556 ) ;
#3177 = APPLICATION_CONTEXT ( 'automotive_design' ) ;
#3178 = CYLINDRICAL_SURFACE ( 'NONE', #6842, 0.5000000000000004441 ) ;
#3179 = DIRECTION ( 'NONE',  ( 1.000000000000000000, -0.000000000000000000, -0.000000000000000000 ) ) ;
#3180 = ORIENTED_EDGE ( 'NONE', *, *, #1234, .F. ) ;
#3181 = DIRECTION ( 'NONE',  ( 0.000000000000000000, 1.000000000000000000, 0.000000000000000000 ) ) ;
#3182 = PRODUCT_RELATED_PRODUCT_CATEGORY ( 'part', '', ( #3890 ) ) ;
#3183 = ADVANCED_FACE ( 'NONE', ( #1696 ), #1734, .T. ) ;
#3184 = VERTEX_POINT ( 'NONE', #328 ) ;
#3185 = LINE ( 'NONE', #5626, #4038 ) ;
#3186 = CARTESIAN_POINT ( 'NONE',  ( -17.50000000000000000, 7.500000000000000000, 1.734723475976807094E-15 ) ) ;
#3187 = DIRECTION ( 'NONE',  ( 0.000000000000000000, -0.000000000000000000, -1.000000000000000000 ) ) ;
#3188 = DIRECTION ( 'NONE',  ( 0.000000000000000000, 0.000000000000000000, 1.000000000000000000 ) ) ;
#3189 = ORIENTED_EDGE ( 'NONE', *, *, #5174, .T. ) ;
#3190 = CARTESIAN_POINT ( 'NONE',  ( 6.769999999999996909, 3.500000000000000888, 0.5000000000000000000 ) ) ;
#3191 = EDGE_CURVE ( 'NONE', #4174, #660, #1574, .T. ) ;
#3192 = DIRECTION ( 'NONE',  ( 0.000000000000000000, 1.000000000000000000, 0.000000000000000000 ) ) ;
#3193 = ORIENTED_EDGE ( 'NONE', *, *, #4359, .F. ) ;
#3194 = DIRECTION ( 'NONE',  ( 2.312964634635742661E-15, 0.000000000000000000, 1.000000000000000000 ) ) ;
#3195 = DIRECTION ( 'NONE',  ( 1.156482317317871133E-15, 0.000000000000000000, -1.000000000000000000 ) ) ;
#3196 = DIRECTION ( 'NONE',  ( 0.000000000000000000, -1.000000000000000000, 0.000000000000000000 ) ) ;
#3197 = DIRECTION ( 'NONE',  ( -0.000000000000000000, 1.000000000000000000, -0.000000000000000000 ) ) ;
#3198 = VERTEX_POINT ( 'NONE', #2534 ) ;
#3199 = ORIENTED_EDGE ( 'NONE', *, *, #893, .F. ) ;
#3200 = ORIENTED_EDGE ( 'NONE', *, *, #1210, .T. ) ;
#3201 = DIRECTION ( 'NONE',  ( -1.000000000000000000, 0.000000000000000000, 0.000000000000000000 ) ) ;
#3202 = EDGE_CURVE ( 'NONE', #6528, #588, #7283, .T. ) ;
#3203 = VECTOR ( 'NONE', #4605, 1000.000000000000000 ) ;
#3204 = CARTESIAN_POINT ( 'NONE',  ( -6.569999999999999396, 0.7500000000000000000, 3.070000000000000284 ) ) ;
#3205 = DIRECTION ( 'NONE',  ( 0.000000000000000000, 0.000000000000000000, 1.000000000000000000 ) ) ;
#3206 = MECHANICAL_DESIGN_GEOMETRIC_PRESENTATION_REPRESENTATION (  '', ( #1944 ), #5890 ) ;
#3207 = ORIENTED_EDGE ( 'NONE', *, *, #4670, .F. ) ;
#3208 = SHAPE_DEFINITION_REPRESENTATION ( #4732, #4543 ) ;
#3209 = ORIENTED_EDGE ( 'NONE', *, *, #2036, .T. ) ;
#3210 = DIRECTION ( 'NONE',  ( -0.000000000000000000, -0.000000000000000000, -1.000000000000000000 ) ) ;
#3211 = EDGE_CURVE ( 'NONE', #6553, #5103, #5402, .T. ) ;
#3212 = CARTESIAN_POINT ( 'NONE',  ( 16.00000000000000000, 0.4999999999999995559, -10.50000000000000355 ) ) ;
#3213 = CARTESIAN_POINT ( 'NONE',  ( 4.200000000000000178, 2.000000000000000000, 0.1000000000000000056 ) ) ;
#3214 = LINE ( 'NONE', #2035, #2039 ) ;
#3215 = AXIS2_PLACEMENT_3D ( 'NONE', #7403, #6676, #3073 ) ;
#3216 = ORIENTED_EDGE ( 'NONE', *, *, #1585, .T. ) ;
#3217 = AXIS2_PLACEMENT_3D ( 'NONE', #2458, #2971, #4287 ) ;
#3218 = EDGE_CURVE ( 'NONE', #5774, #3928, #1160, .T. ) ;
#3219 = ORIENTED_EDGE ( 'NONE', *, *, #487, .T. ) ;
#3220 = APPLICATION_CONTEXT ( 'automotive_design' ) ;
#3221 = CARTESIAN_POINT ( 'NONE',  ( -10.50000000000000533, 0.000000000000000000, -10.49999999999999645 ) ) ;
#3222 = LINE ( 'NONE', #2003, #2221 ) ;
#3223 =( LENGTH_UNIT ( ) NAMED_UNIT ( * ) SI_UNIT ( .MILLI., .METRE. ) );
#3224 = CIRCLE ( 'NONE', #4377, 1.500000000000000000 ) ;
#3225 = FACE_BOUND ( 'NONE', #5607, .T. ) ;
#3226 = LINE ( 'NONE', #5038, #333 ) ;
#3227 = VERTEX_POINT ( 'NONE', #7892 ) ;
#3228 = CARTESIAN_POINT ( 'NONE',  ( -3.299999999999999822, 2.799999999999998490, 0.000000000000000000 ) ) ;
#3229 = CIRCLE ( 'NONE', #39, 1.499999999999999556 ) ;
#3230 = VECTOR ( 'NONE', #3375, 1000.000000000000000 ) ;
#3231 = CARTESIAN_POINT ( 'NONE',  ( 3.299999999999998934, 2.799999999999999378, 0.1000000000000000056 ) ) ;
#3232 = ORIENTED_EDGE ( 'NONE', *, *, #6845, .F. ) ;
#3233 = PLANE ( 'NONE',  #1940 ) ;
#3234 = CARTESIAN_POINT ( 'NONE',  ( 15.49999999999999822, 7.500000000000000000, 1.750000000000000666 ) ) ;
#3235 = CARTESIAN_POINT ( 'NONE',  ( 0.000000000000000000, 6.000000000000000000, 0.000000000000000000 ) ) ;
#3236 = EDGE_CURVE ( 'NONE', #114, #7794, #4280, .T. ) ;
#3237 = EDGE_CURVE ( 'NONE', #6837, #2830, #3224, .T. ) ;
#3238 = EDGE_CURVE ( 'NONE', #2707, #5625, #6543, .T. ) ;
#3239 = DIRECTION ( 'NONE',  ( -0.000000000000000000, -0.000000000000000000, -1.000000000000000000 ) ) ;
#3240 = ORIENTED_EDGE ( 'NONE', *, *, #5495, .F. ) ;
#3241 = ORIENTED_EDGE ( 'NONE', *, *, #2617, .F. ) ;
#3242 = ORIENTED_EDGE ( 'NONE', *, *, #3769, .T. ) ;
#3243 = LINE ( 'NONE', #2659, #5958 ) ;
#3244 = CARTESIAN_POINT ( 'NONE',  ( -1.349999999999999645, 2.000000000000000000, 0.1000000000000000056 ) ) ;
#3245 = EDGE_CURVE ( 'NONE', #1436, #885, #1126, .T. ) ;
#3246 = DIRECTION ( 'NONE',  ( 0.000000000000000000, 0.000000000000000000, 1.000000000000000000 ) ) ;
#3247 = EDGE_CURVE ( 'NONE', #7708, #1681, #1202, .T. ) ;
#3248 = ORIENTED_EDGE ( 'NONE', *, *, #7251, .F. ) ;
#3249 = VERTEX_POINT ( 'NONE', #2961 ) ;
#3250 = CARTESIAN_POINT ( 'NONE',  ( -5.000000000000000000, 2.799999999999999822, 0.1000000000000000056 ) ) ;
#3251 = CARTESIAN_POINT ( 'NONE',  ( 16.00000000000000000, 0.4999999999999995559, -9.000000000000005329 ) ) ;
#3252 = DIRECTION ( 'NONE',  ( -1.000000000000000000, -0.000000000000000000, -4.956352788505166226E-16 ) ) ;
#3253 = VECTOR ( 'NONE', #7573, 1000.000000000000000 ) ;
#3254 = FACE_OUTER_BOUND ( 'NONE', #6321, .T. ) ;
#3255 = ORIENTED_EDGE ( 'NONE', *, *, #6509, .T. ) ;
#3256 = ADVANCED_FACE ( 'NONE', ( #6717 ), #3597, .T. ) ;
#3257 = ORIENTED_EDGE ( 'NONE', *, *, #749, .T. ) ;
#3258 = AXIS2_PLACEMENT_3D ( 'NONE', #2980, #99, #5416 ) ;
#3259 = DIRECTION ( 'NONE',  ( -0.000000000000000000, 1.000000000000000000, -0.000000000000000000 ) ) ;
#3260 = CARTESIAN_POINT ( 'NONE',  ( -16.00000000000000000, 0.000000000000000000, 1.734723475976807094E-15 ) ) ;
#3261 = DIRECTION ( 'NONE',  ( 0.000000000000000000, -1.000000000000000000, 0.000000000000000000 ) ) ;
#3262 =( NAMED_UNIT ( * ) PLANE_ANGLE_UNIT ( ) SI_UNIT ( $, .RADIAN. ) );
#3263 = FACE_BOUND ( 'NONE', #3364, .T. ) ;
#3264 = DIRECTION ( 'NONE',  ( -0.000000000000000000, -1.000000000000000000, -0.000000000000000000 ) ) ;
#3265 = ORIENTED_EDGE ( 'NONE', *, *, #1175, .T. ) ;
#3266 = CIRCLE ( 'NONE', #7879, 0.2500000000000000000 ) ;
#3267 = LINE ( 'NONE', #5715, #5095 ) ;
#3268 = AXIS2_PLACEMENT_3D ( 'NONE', #4505, #5113, #6898 ) ;
#3269 = DIRECTION ( 'NONE',  ( 0.000000000000000000, 0.000000000000000000, -1.000000000000000000 ) ) ;
#3270 = ORIENTED_EDGE ( 'NONE', *, *, #1733, .T. ) ;
#3271 = VECTOR ( 'NONE', #3586, 1000.000000000000000 ) ;
#3272 = LINE ( 'NONE', #244, #5001 ) ;
#3273 = DIRECTION ( 'NONE',  ( 0.000000000000000000, 0.000000000000000000, 1.000000000000000000 ) ) ;
#3274 = DIRECTION ( 'NONE',  ( 0.000000000000000000, 0.000000000000000000, 1.000000000000000000 ) ) ;
#3275 = VECTOR ( 'NONE', #6346, 1000.000000000000000 ) ;
#3276 = CARTESIAN_POINT ( 'NONE',  ( -16.00000000000000000, 0.4999999999999995559, 0.000000000000000000 ) ) ;
#3277 = FACE_OUTER_BOUND ( 'NONE', #899, .T. ) ;
#3278 = VERTEX_POINT ( 'NONE', #5517 ) ;
#3279 = VERTEX_POINT ( 'NONE', #2372 ) ;
#3280 = CIRCLE ( 'NONE', #2276, 0.4999999999999995559 ) ;
#3281 = ORIENTED_EDGE ( 'NONE', *, *, #3441, .F. ) ;
#3282 = CIRCLE ( 'NONE', #3664, 1.499999999999999556 ) ;
#3283 = EDGE_CURVE ( 'NONE', #3184, #5817, #4805, .T. ) ;
#3284 = EDGE_CURVE ( 'NONE', #2891, #1935, #7246, .T. ) ;
#3285 = EDGE_LOOP ( 'NONE', ( #6218, #4090, #3046, #2135 ) ) ;
#3286 = CARTESIAN_POINT ( 'NONE',  ( -9.500000000000001776, -3.499999999999999556, 0.2500000000000002220 ) ) ;
#3287 = LINE ( 'NONE', #5729, #2903 ) ;
#3288 = LINE ( 'NONE', #177, #1568 ) ;
#3289 = FACE_OUTER_BOUND ( 'NONE', #3025, .T. ) ;
#3290 = ORIENTED_EDGE ( 'NONE', *, *, #3888, .T. ) ;
#3291 = EDGE_CURVE ( 'NONE', #1488, #5411, #5656, .T. ) ;
#3292 = EDGE_LOOP ( 'NONE', ( #4950, #7355, #959, #3241 ) ) ;
#3293 = CARTESIAN_POINT ( 'NONE',  ( -9.500000000000001776, 3.249999999999999556, -18.50000000000000000 ) ) ;
#3294 = DIRECTION ( 'NONE',  ( 0.000000000000000000, -1.000000000000000000, 0.000000000000000000 ) ) ;
#3295 = CARTESIAN_POINT ( 'NONE',  ( 16.00000000000000000, 7.500000000000000000, 10.49999999999999645 ) ) ;
#3296 = CARTESIAN_POINT ( 'NONE',  ( 0.000000000000000000, 0.000000000000000000, 0.1000000000000000056 ) ) ;
#3297 = EDGE_LOOP ( 'NONE', ( #1736, #3119, #6466, #6645 ) ) ;
#3298 = AXIS2_PLACEMENT_3D ( 'NONE', #7163, #7804, #6557 ) ;
#3299 = VERTEX_POINT ( 'NONE', #4210 ) ;
#3300 = DIRECTION ( 'NONE',  ( -1.000000000000000000, 0.000000000000000000, 0.000000000000000000 ) ) ;
#3301 = CIRCLE ( 'NONE', #7783, 0.5000000000000004441 ) ;
#3302 = CYLINDRICAL_SURFACE ( 'NONE', #4256, 0.8000000000000003775 ) ;
#3303 = DIRECTION ( 'NONE',  ( 0.000000000000000000, 0.000000000000000000, 1.000000000000000000 ) ) ;
#3304 = ADVANCED_FACE ( 'NONE', ( #6636 ), #6039, .F. ) ;
#3305 = ADVANCED_FACE ( 'NONE', ( #564 ), #5478, .F. ) ;
#3306 = CARTESIAN_POINT ( 'NONE',  ( 6.569999999999998508, -3.070000000000001172, -0.5000000000000000000 ) ) ;
#3307 =( NAMED_UNIT ( * ) SI_UNIT ( $, .STERADIAN. ) SOLID_ANGLE_UNIT ( ) );
#3308 = VERTEX_POINT ( 'NONE', #4921 ) ;
#3309 = CARTESIAN_POINT ( 'NONE',  ( 6.569999999999998508, -3.070000000000001172, -0.5000000000000000000 ) ) ;
#3310 = DIRECTION ( 'NONE',  ( -1.652117596168387756E-16, 0.000000000000000000, 1.000000000000000000 ) ) ;
#3311 = ORIENTED_EDGE ( 'NONE', *, *, #2774, .F. ) ;
#3312 = LINE ( 'NONE', #5757, #5768 ) ;
#3313 = CARTESIAN_POINT ( 'NONE',  ( 4.299999999999999822, -1.199999999999998623, 0.1000000000000000056 ) ) ;
#3314 = EDGE_CURVE ( 'NONE', #5305, #1641, #1767, .T. ) ;
#3315 = CARTESIAN_POINT ( 'NONE',  ( 15.25000000000000178, 0.5000000000000004441, -4.000000000000000000 ) ) ;
#3316 = CARTESIAN_POINT ( 'NONE',  ( 15.50000000000000178, 0.000000000000000000, 5.500000000000000000 ) ) ;
#3317 = CARTESIAN_POINT ( 'NONE',  ( -9.000000000000007105, 0.000000000000000000, 10.50000000000000000 ) ) ;
#3318 = ORIENTED_EDGE ( 'NONE', *, *, #3828, .T. ) ;
#3319 = LINE ( 'NONE', #4572, #6075 ) ;
#3320 = VERTEX_POINT ( 'NONE', #4885 ) ;
#3321 = FACE_OUTER_BOUND ( 'NONE', #2097, .T. ) ;
#3322 = DIRECTION ( 'NONE',  ( 1.000000000000000000, 0.000000000000000000, 0.000000000000000000 ) ) ;
#3323 = LINE ( 'NONE', #4576, #5514 ) ;
#3324 = DIRECTION ( 'NONE',  ( 0.000000000000000000, 0.000000000000000000, 1.000000000000000000 ) ) ;
#3325 = EDGE_CURVE ( 'NONE', #7668, #1936, #7320, .T. ) ;
#3326 = VERTEX_POINT ( 'NONE', #7404 ) ;
#3327 = ORIENTED_EDGE ( 'NONE', *, *, #4167, .F. ) ;
#3328 = LINE ( 'NONE', #5775, #6853 ) ;
#3329 = CARTESIAN_POINT ( 'NONE',  ( -5.049999999999999822, -2.000000000000000000, 0.1000000000000000056 ) ) ;
#3330 = LINE ( 'NONE', #6892, #1098 ) ;
#3331 = ADVANCED_FACE ( 'NONE', ( #7525 ), #7482, .T. ) ;
#3332 = ADVANCED_FACE ( 'NONE', ( #1324 ), #4404, .T. ) ;
#3333 = AXIS2_PLACEMENT_3D ( 'NONE', #5123, #7557, #7672 ) ;
#3334 = VERTEX_POINT ( 'NONE', #6874 ) ;
#3335 = AXIS2_PLACEMENT_3D ( 'NONE', #4606, #5948, #2208 ) ;
#3336 = VERTEX_POINT ( 'NONE', #3157 ) ;
#3337 = DIRECTION ( 'NONE',  ( 1.000000000000000000, 0.000000000000000000, -0.000000000000000000 ) ) ;
#3338 = DIRECTION ( 'NONE',  ( -0.000000000000000000, -1.000000000000000000, -0.000000000000000000 ) ) ;
#3339 = LINE ( 'NONE', #3306, #5056 ) ;
#3340 = VECTOR ( 'NONE', #7816, 1000.000000000000000 ) ;
#3341 = ORIENTED_EDGE ( 'NONE', *, *, #7653, .F. ) ;
#3342 = CARTESIAN_POINT ( 'NONE',  ( 3.200000000000000178, 2.000000000000000000, 0.1000000000000000056 ) ) ;
#3343 = ADVANCED_FACE ( 'NONE', ( #2090 ), #6955, .T. ) ;
#3344 = DIRECTION ( 'NONE',  ( 1.000000000000000000, 0.000000000000000000, 0.000000000000000000 ) ) ;
#3345 = ORIENTED_EDGE ( 'NONE', *, *, #1289, .F. ) ;
#3346 = AXIS2_PLACEMENT_3D ( 'NONE', #6965, #3935, #1496 ) ;
#3347 = CARTESIAN_POINT ( 'NONE',  ( 15.49999999999999822, 7.500000000000000000, -0.2499999999999993616 ) ) ;
#3348 = CARTESIAN_POINT ( 'NONE',  ( -12.00000000000000355, 7.500000000000000000, -2.999999999999998224 ) ) ;
#3349 = DIRECTION ( 'NONE',  ( 0.000000000000000000, 0.000000000000000000, 1.000000000000000000 ) ) ;
#3350 = DIRECTION ( 'NONE',  ( 0.000000000000000000, 0.000000000000000000, 1.000000000000000000 ) ) ;
#3351 = CARTESIAN_POINT ( 'NONE',  ( 15.50000000000000178, 0.000000000000000000, -5.500000000000000000 ) ) ;
#3352 = ORIENTED_EDGE ( 'NONE', *, *, #4902, .F. ) ;
#3353 = CIRCLE ( 'NONE', #32, 1.500000000000000000 ) ;
#3354 = ORIENTED_EDGE ( 'NONE', *, *, #1421, .T. ) ;
#3355 = EDGE_CURVE ( 'NONE', #2253, #5993, #2473, .T. ) ;
#3356 = PRODUCT_CONTEXT ( 'NONE', #4863, 'mechanical' ) ;
#3357 = DIRECTION ( 'NONE',  ( -0.000000000000000000, 1.000000000000000000, -0.000000000000000000 ) ) ;
#3358 = ORIENTED_EDGE ( 'NONE', *, *, #819, .T. ) ;
#3359 = PRESENTATION_STYLE_ASSIGNMENT (( #926 ) ) ;
#3360 = DIRECTION ( 'NONE',  ( 0.000000000000000000, 1.000000000000000000, 0.000000000000000000 ) ) ;
#3361 = CARTESIAN_POINT ( 'NONE',  ( 16.00000000000000000, 0.4999999999999995559, 9.000000000000000000 ) ) ;
#3362 = DIRECTION ( 'NONE',  ( -0.000000000000000000, -1.000000000000000000, -0.000000000000000000 ) ) ;
#3363 = VERTEX_POINT ( 'NONE', #2610 ) ;
#3364 = EDGE_LOOP ( 'NONE', ( #7712, #3482 ) ) ;
#3365 = UNCERTAINTY_MEASURE_WITH_UNIT (LENGTH_MEASURE( 1.000000000000000082E-05 ), #3787, 'distance_accuracy_value', 'NONE');
#3366 = CARTESIAN_POINT ( 'NONE',  ( 15.50000000000000178, 0.000000000000000000, -5.500000000000000000 ) ) ;
#3367 = ADVANCED_FACE ( 'NONE', ( #840 ), #2055, .F. ) ;
#3368 = CARTESIAN_POINT ( 'NONE',  ( -10.50000000000000355, 0.000000000000000000, -2.999999999999999112 ) ) ;
#3369 = EDGE_LOOP ( 'NONE', ( #5904, #1027 ) ) ;
#3370 = ORIENTED_EDGE ( 'NONE', *, *, #6681, .T. ) ;
#3371 = VERTEX_POINT ( 'NONE', #721 ) ;
#3372 = EDGE_CURVE ( 'NONE', #2544, #641, #2894, .T. ) ;
#3373 = DIRECTION ( 'NONE',  ( -2.825282534164181327E-16, -1.000000000000000000, 0.000000000000000000 ) ) ;
#3374 = ADVANCED_FACE ( 'NONE', ( #4361 ), #6792, .F. ) ;
#3375 = DIRECTION ( 'NONE',  ( -0.000000000000000000, 1.000000000000000000, 0.000000000000000000 ) ) ;
#3376 = DIRECTION ( 'NONE',  ( -1.236061108696829207E-16, -1.000000000000000000, 0.000000000000000000 ) ) ;
#3377 = DIRECTION ( 'NONE',  ( -0.000000000000000000, -0.000000000000000000, 1.000000000000000000 ) ) ;
#3378 = ORIENTED_EDGE ( 'NONE', *, *, #178, .F. ) ;
#3379 = CARTESIAN_POINT ( 'NONE',  ( -6.050000000000000711, -2.000000000000000000, 0.1000000000000000056 ) ) ;
#3380 = ORIENTED_EDGE ( 'NONE', *, *, #4099, .F. ) ;
#3381 = EDGE_CURVE ( 'NONE', #2408, #2313, #1481, .T. ) ;
#3382 = DIRECTION ( 'NONE',  ( 0.000000000000000000, 0.000000000000000000, -1.000000000000000000 ) ) ;
#3383 = DIRECTION ( 'NONE',  ( -0.000000000000000000, 1.000000000000000000, -0.000000000000000000 ) ) ;
#3384 = DIRECTION ( 'NONE',  ( -0.000000000000000000, -1.000000000000000000, -0.000000000000000000 ) ) ;
#3385 = DIRECTION ( 'NONE',  ( 1.000000000000000000, 0.000000000000000000, 0.000000000000000000 ) ) ;
#3386 = CIRCLE ( 'NONE', #7871, 1.500000000000000444 ) ;
#3387 = AXIS2_PLACEMENT_3D ( 'NONE', #4352, #113, #6945 ) ;
#3388 = CARTESIAN_POINT ( 'NONE',  ( -0.4300000000000025469, 3.070000000000000284, -1.074999999999999956 ) ) ;
#3389 = VERTEX_POINT ( 'NONE', #4446 ) ;
#3390 = ORIENTED_EDGE ( 'NONE', *, *, #1534, .F. ) ;
#3391 = APPLICATION_PROTOCOL_DEFINITION ( 'draft international standard', 'automotive_design', 1998, #6900 ) ;
#3392 = VECTOR ( 'NONE', #4140, 1000.000000000000000 ) ;
#3393 = VECTOR ( 'NONE', #3669, 1000.000000000000000 ) ;
#3394 = PLANE ( 'NONE',  #1617 ) ;
#3395 = ORIENTED_EDGE ( 'NONE', *, *, #7410, .T. ) ;
#3396 = VECTOR ( 'NONE', #2040, 1000.000000000000000 ) ;
#3397 = DIRECTION ( 'NONE',  ( 1.000000000000000000, 0.000000000000000000, 0.000000000000000000 ) ) ;
#3398 = DIRECTION ( 'NONE',  ( -0.000000000000000000, 1.000000000000000000, -0.000000000000000000 ) ) ;
#3399 = CARTESIAN_POINT ( 'NONE',  ( -3.700000000000000178, 2.000000000000000000, 0.1000000000000000056 ) ) ;
#3400 = EDGE_CURVE ( 'NONE', #1109, #2495, #2777, .T. ) ;
#3401 = ADVANCED_FACE ( 'NONE', ( #6236 ), #2688, .F. ) ;
#3402 = CARTESIAN_POINT ( 'NONE',  ( 16.75000000000000000, -16.34050177399711501, -7.600000000000001421 ) ) ;
#3403 = AXIS2_PLACEMENT_3D ( 'NONE', #1033, #5951, #3463 ) ;
#3404 = ORIENTED_EDGE ( 'NONE', *, *, #652, .T. ) ;
#3405 = EDGE_LOOP ( 'NONE', ( #1512, #742 ) ) ;
#3406 = DIRECTION ( 'NONE',  ( 0.000000000000000000, 0.000000000000000000, -1.000000000000000000 ) ) ;
#3407 = DIRECTION ( 'NONE',  ( -0.000000000000000000, -0.000000000000000000, -1.000000000000000000 ) ) ;
#3408 = VERTEX_POINT ( 'NONE', #6359 ) ;
#3409 = ORIENTED_EDGE ( 'NONE', *, *, #2731, .F. ) ;
#3410 = ORIENTED_EDGE ( 'NONE', *, *, #2875, .F. ) ;
#3411 = DIRECTION ( 'NONE',  ( 0.000000000000000000, -1.000000000000000000, 0.000000000000000000 ) ) ;
#3412 = DIRECTION ( 'NONE',  ( -0.000000000000000000, -0.000000000000000000, -1.000000000000000000 ) ) ;
#3413 = DIRECTION ( 'NONE',  ( 1.000000000000000000, 0.000000000000000000, 0.000000000000000000 ) ) ;
#3414 = VECTOR ( 'NONE', #5306, 1000.000000000000000 ) ;
#3415 = ORIENTED_EDGE ( 'NONE', *, *, #2638, .T. ) ;
#3416 = ADVANCED_FACE ( 'NONE', ( #6914 ), #879, .F. ) ;
#3417 = ADVANCED_FACE ( 'NONE', ( #2571 ), #2725, .F. ) ;
#3418 = CARTESIAN_POINT ( 'NONE',  ( 14.74999999999999822, 7.500000000000000000, -0.9999999999999995559 ) ) ;
#3419 = VECTOR ( 'NONE', #1997, 1000.000000000000000 ) ;
#3420 = ORIENTED_EDGE ( 'NONE', *, *, #3008, .F. ) ;
#3421 = AXIS2_PLACEMENT_3D ( 'NONE', #4355, #1972, #5598 ) ;
#3422 = DIRECTION ( 'NONE',  ( 0.000000000000000000, 0.000000000000000000, -1.000000000000000000 ) ) ;
#3423 = ORIENTED_EDGE ( 'NONE', *, *, #2104, .T. ) ;
#3424 = LINE ( 'NONE', #5872, #2451 ) ;
#3425 = CARTESIAN_POINT ( 'NONE',  ( -9.000000000000000000, 7.500000000000000000, 9.000000000000000000 ) ) ;
#3426 = CARTESIAN_POINT ( 'NONE',  ( 13.24999999999999822, -16.34050177399711501, -2.499999999999999556 ) ) ;
#3427 = CARTESIAN_POINT ( 'NONE',  ( 3.700000000000000178, -2.000000000000000000, 0.000000000000000000 ) ) ;
#3428 = DIRECTION ( 'NONE',  ( -0.000000000000000000, -0.000000000000000000, -1.000000000000000000 ) ) ;
#3429 = ORIENTED_EDGE ( 'NONE', *, *, #6798, .F. ) ;
#3430 = EDGE_CURVE ( 'NONE', #5609, #985, #3844, .T. ) ;
#3431 = EDGE_LOOP ( 'NONE', ( #3974, #2854, #3240, #2308 ) ) ;
#3432 = LINE ( 'NONE', #1340, #7735 ) ;
#3433 = ORIENTED_EDGE ( 'NONE', *, *, #1501, .T. ) ;
#3434 = LINE ( 'NONE', #5959, #3976 ) ;
#3435 = DIRECTION ( 'NONE',  ( -1.000000000000000000, 0.000000000000000000, -0.000000000000000000 ) ) ;
#3436 = PRODUCT_DEFINITION_SHAPE ( 'NONE', 'NONE',  #7926 ) ;
#3437 = CARTESIAN_POINT ( 'NONE',  ( 17.50000000000000355, 0.4999999999999995559, -3.249999999999994227 ) ) ;
#3438 = CARTESIAN_POINT ( 'NONE',  ( 6.000000000000000000, 2.800000000000001155, 0.1000000000000000056 ) ) ;
#3439 = VERTEX_POINT ( 'NONE', #5045 ) ;
#3440 = VERTEX_POINT ( 'NONE', #6276 ) ;
#3441 = EDGE_CURVE ( 'NONE', #195, #5003, #1880, .T. ) ;
#3442 = DIRECTION ( 'NONE',  ( -0.000000000000000000, -0.000000000000000000, -1.000000000000000000 ) ) ;
#3443 = PLANE ( 'NONE',  #6074 ) ;
#3444 = VERTEX_POINT ( 'NONE', #2129 ) ;
#3445 = ORIENTED_EDGE ( 'NONE', *, *, #6069, .F. ) ;
#3446 = EDGE_CURVE ( 'NONE', #6444, #6365, #6090, .T. ) ;
#3447 = DIRECTION ( 'NONE',  ( 0.000000000000000000, 1.000000000000000000, 0.000000000000000000 ) ) ;
#3448 = DIRECTION ( 'NONE',  ( -0.000000000000000000, -1.000000000000000000, -0.000000000000000000 ) ) ;
#3449 = AXIS2_PLACEMENT_3D ( 'NONE', #3920, #199, #6273 ) ;
#3450 = CARTESIAN_POINT ( 'NONE',  ( -3.700000000000000178, -2.000000000000000000, 0.000000000000000000 ) ) ;
#3451 = ORIENTED_EDGE ( 'NONE', *, *, #7479, .T. ) ;
#3452 = CARTESIAN_POINT ( 'NONE',  ( -5.549999999999999822, 2.000000000000000000, 0.000000000000000000 ) ) ;
#3453 = VERTEX_POINT ( 'NONE', #1074 ) ;
#3454 = PRESENTATION_LAYER_ASSIGNMENT (  '', '', ( #6916 ) ) ;
#3455 = CARTESIAN_POINT ( 'NONE',  ( -16.00000000000000000, 0.000000000000000000, 1.734723475976807094E-15 ) ) ;
#3456 = VERTEX_POINT ( 'NONE', #317 ) ;
#3457 = CIRCLE ( 'NONE', #3720, 1.499999999999999556 ) ;
#3458 = ADVANCED_BREP_SHAPE_REPRESENTATION ( '', ( #1203, #1166 ), #2910 ) ;
#3459 = FACE_OUTER_BOUND ( 'NONE', #5751, .T. ) ;
#3460 = DIRECTION ( 'NONE',  ( 9.637352644315595243E-17, 0.000000000000000000, 1.000000000000000000 ) ) ;
#3461 = AXIS2_PLACEMENT_3D ( 'NONE', #3009, #4978, #3690 ) ;
#3462 = DIRECTION ( 'NONE',  ( -1.927470528863119049E-16, -0.000000000000000000, -1.000000000000000000 ) ) ;
#3463 = DIRECTION ( 'NONE',  ( 0.000000000000000000, 0.000000000000000000, -1.000000000000000000 ) ) ;
#3464 = LINE ( 'NONE', #2805, #4971 ) ;
#3465 = ORIENTED_EDGE ( 'NONE', *, *, #5384, .F. ) ;
#3466 = ORIENTED_EDGE ( 'NONE', *, *, #7152, .T. ) ;
#3467 = AXIS2_PLACEMENT_3D ( 'NONE', #5961, #7688, #2187 ) ;
#3468 = ITEM_DEFINED_TRANSFORMATION ( 'NONE', 'NONE', #6229,  #1166 ) ;
#3469 = CARTESIAN_POINT ( 'NONE',  ( 1.850000000000000311, -2.000000000000000000, 0.1000000000000000056 ) ) ;
#3470 = EDGE_LOOP ( 'NONE', ( #2732, #444, #7628, #1005 ) ) ;
#3471 = FILL_AREA_STYLE ('',( #5244 ) ) ;
#3473 = EDGE_CURVE ( 'NONE', #1408, #6528, #5278, .T. ) ;
#3472 = CARTESIAN_POINT ( 'NONE',  ( -17.50000000000000000, 0.000000000000000000, -1.500000000000001332 ) ) ;
#3474 = EDGE_CURVE ( 'NONE', #4524, #2408, #4725, .T. ) ;
#3475 = APPLICATION_CONTEXT ( 'automotive_design' ) ;
#3476 = DIRECTION ( 'NONE',  ( 0.000000000000000000, -0.000000000000000000, 1.000000000000000000 ) ) ;
#3477 = CIRCLE ( 'NONE', #3609, 0.4999999999999997780 ) ;
#3478 = VECTOR ( 'NONE', #5073, 1000.000000000000000 ) ;
#3479 = CARTESIAN_POINT ( 'NONE',  ( -4.200000000000000178, 0.000000000000000000, 0.000000000000000000 ) ) ;
#3480 = ORIENTED_EDGE ( 'NONE', *, *, #2402, .T. ) ;
#3481 = VECTOR ( 'NONE', #4783, 1000.000000000000000 ) ;
#3482 = ORIENTED_EDGE ( 'NONE', *, *, #6396, .F. ) ;
#3483 = CIRCLE ( 'NONE', #2095, 0.8000000000000020428 ) ;
#3484 = EDGE_CURVE ( 'NONE', #3334, #3653, #1647, .T. ) ;
#3485 = CYLINDRICAL_SURFACE ( 'NONE', #661, 0.2500000000000002220 ) ;
#3486 = DIRECTION ( 'NONE',  ( -0.000000000000000000, 1.000000000000000000, -0.000000000000000000 ) ) ;
#3487 = DIRECTION ( 'NONE',  ( 1.000000000000000000, 0.000000000000000000, 0.000000000000000000 ) ) ;
#3488 = EDGE_CURVE ( 'NONE', #4787, #856, #2919, .T. ) ;
#3489 = VERTEX_POINT ( 'NONE', #2174 ) ;
#3490 = ORIENTED_EDGE ( 'NONE', *, *, #221, .T. ) ;
#3491 = VERTEX_POINT ( 'NONE', #2762 ) ;
#3492 = CARTESIAN_POINT ( 'NONE',  ( 16.00000000000000000, 7.500000000000000000, 9.000000000000000000 ) ) ;
#3493 = DIRECTION ( 'NONE',  ( -0.000000000000000000, -1.000000000000000000, -0.000000000000000000 ) ) ;
#3494 = DIRECTION ( 'NONE',  ( -0.000000000000000000, -1.000000000000000000, 0.000000000000000000 ) ) ;
#3495 = ADVANCED_FACE ( 'NONE', ( #6478 ), #4082, .F. ) ;
#3496 = ADVANCED_FACE ( 'NONE', ( #5912 ), #3999, .T. ) ;
#3497 = VERTEX_POINT ( 'NONE', #440 ) ;
#3498 = FACE_BOUND ( 'NONE', #4011, .T. ) ;
#3499 = PRODUCT_DEFINITION_SHAPE ( 'NONE', 'NONE',  #7924 ) ;
#3500 = ORIENTED_EDGE ( 'NONE', *, *, #6610, .F. ) ;
#3501 = DIRECTION ( 'NONE',  ( 0.000000000000000000, 0.000000000000000000, -1.000000000000000000 ) ) ;
#3502 = ORIENTED_EDGE ( 'NONE', *, *, #5848, .F. ) ;
#3503 = CARTESIAN_POINT ( 'NONE',  ( 0.4300000000000022138, 0.1750000000000000167, 3.070000000000000284 ) ) ;
#3504 = CARTESIAN_POINT ( 'NONE',  ( 17.50000000000000000, 0.000000000000000000, 3.250000000000002665 ) ) ;
#3505 = LINE ( 'NONE', #2952, #7494 ) ;
#3506 = LINE ( 'NONE', #7600, #7239 ) ;
#3507 = ORIENTED_EDGE ( 'NONE', *, *, #945, .T. ) ;
#3508 = AXIS2_PLACEMENT_3D ( 'NONE', #5479, #1162, #529 ) ;
#3509 = ORIENTED_EDGE ( 'NONE', *, *, #6897, .T. ) ;
#3510 = CYLINDRICAL_SURFACE ( 'NONE', #7142, 1.499999999999999556 ) ;
#3511 = ORIENTED_EDGE ( 'NONE', *, *, #5076, .F. ) ;
#3512 = VECTOR ( 'NONE', #3494, 1000.000000000000000 ) ;
#3513 = AXIS2_PLACEMENT_3D ( 'NONE', #4651, #2137, #136 ) ;
#3514 = LINE ( 'NONE', #5400, #2949 ) ;
#3515 = DIRECTION ( 'NONE',  ( -0.000000000000000000, 1.000000000000000000, -0.000000000000000000 ) ) ;
#3516 = CARTESIAN_POINT ( 'NONE',  ( 16.00000000000000000, 7.500000000000000000, -10.50000000000000355 ) ) ;
#3517 = LINE ( 'NONE', #1127, #3904 ) ;
#3518 = VECTOR ( 'NONE', #2625, 1000.000000000000000 ) ;
#3519 = CIRCLE ( 'NONE', #5319, 0.2500000000000002220 ) ;
#3520 = PRODUCT_RELATED_PRODUCT_CATEGORY ( 'part', '', ( #683 ) ) ;
#3521 = EDGE_CURVE ( 'NONE', #7776, #1038, #4122, .T. ) ;
#3522 = EDGE_LOOP ( 'NONE', ( #6940, #3053, #3662, #6233 ) ) ;
#3523 = VECTOR ( 'NONE', #108, 1000.000000000000000 ) ;
#3524 = ORIENTED_EDGE ( 'NONE', *, *, #5732, .T. ) ;
#3525 = CARTESIAN_POINT ( 'NONE',  ( 13.99999999999999822, 7.500000000000000000, 0.2500000000000002220 ) ) ;
#3526 = VECTOR ( 'NONE', #7514, 1000.000000000000000 ) ;
#3527 = CARTESIAN_POINT ( 'NONE',  ( 16.00000000000000000, 0.4999999999999995559, 1.750000000000001110 ) ) ;
#3528 = AXIS2_PLACEMENT_3D ( 'NONE', #1389, #6261, #190 ) ;
#3529 = EDGE_LOOP ( 'NONE', ( #6605, #6674 ) ) ;
#3530 = VERTEX_POINT ( 'NONE', #4681 ) ;
#3531 = ADVANCED_FACE ( 'NONE', ( #3961 ), #1602, .F. ) ;
#3532 = STYLED_ITEM ( 'NONE', ( #4436 ), #3755 ) ;
#3533 = VERTEX_POINT ( 'NONE', #918 ) ;
#3534 = VECTOR ( 'NONE', #6180, 1000.000000000000000 ) ;
#3535 = CARTESIAN_POINT ( 'NONE',  ( -17.50000000000000000, 0.000000000000000000, -1.500000000000001332 ) ) ;
#3536 = DIRECTION ( 'NONE',  ( 0.000000000000000000, 1.000000000000000000, 0.000000000000000000 ) ) ;
#3537 = DIRECTION ( 'NONE',  ( 1.326241189584715037E-16, 0.000000000000000000, 1.000000000000000000 ) ) ;
#3538 = ORIENTED_EDGE ( 'NONE', *, *, #937, .F. ) ;
#3539 = DIRECTION ( 'NONE',  ( -1.000000000000000000, 0.000000000000000000, 1.196361017915039239E-16 ) ) ;
#3540 = PRODUCT_DEFINITION_FORMATION_WITH_SPECIFIED_SOURCE ( 'ANY', '', #683, .NOT_KNOWN. ) ;
#3541 = ORIENTED_EDGE ( 'NONE', *, *, #55, .T. ) ;
#3542 = ADVANCED_FACE ( 'NONE', ( #998 ), #6552, .F. ) ;
#3543 = FACE_OUTER_BOUND ( 'NONE', #4478, .T. ) ;
#3544 = VERTEX_POINT ( 'NONE', #5796 ) ;
#3545 = EDGE_CURVE ( 'NONE', #3684, #7868, #3506, .T. ) ;
#3546 = CLOSED_SHELL ( 'NONE', ( #3601, #154, #988, #6412, #2565, #6539, #4990, #3780, #3305, #2972, #6342, #7029, #1981, #1381, #892, #7133, #6578, #3367, #1034, #1003, #166, #6925, #3256, #690, #4620, #4313, #6983, #2373, #738, #2147, #2305, #3829, #164, #3621, #990, #7497, #2714, #2433, #4416, #3750 ) ) ;
#3547 = DIRECTION ( 'NONE',  ( 0.000000000000000000, 1.000000000000000000, 0.000000000000000000 ) ) ;
#3548 =( NAMED_UNIT ( * ) SI_UNIT ( $, .STERADIAN. ) SOLID_ANGLE_UNIT ( ) );
#3549 = LINE ( 'NONE', #5990, #3018 ) ;
#3550 = CARTESIAN_POINT ( 'NONE',  ( -3.700000000000000178, 2.000000000000000000, 0.1000000000000000056 ) ) ;
#3551 = EDGE_LOOP ( 'NONE', ( #7161, #7285, #1121, #765 ) ) ;
#3552 = VECTOR ( 'NONE', #88, 1000.000000000000000 ) ;
#3553 = ORIENTED_EDGE ( 'NONE', *, *, #4087, .T. ) ;
#3554 = LINE ( 'NONE', #5996, #4322 ) ;
#3555 = ORIENTED_EDGE ( 'NONE', *, *, #6013, .F. ) ;
#3556 = EDGE_CURVE ( 'NONE', #1465, #5430, #482, .T. ) ;
#3557 = DIRECTION ( 'NONE',  ( -1.326241189584715037E-16, 1.000000000000000000, 0.000000000000000000 ) ) ;
#3558 = PLANE ( 'NONE',  #174 ) ;
#3559 = FACE_OUTER_BOUND ( 'NONE', #3594, .T. ) ;
#3560 = VECTOR ( 'NONE', #6088, 1000.000000000000000 ) ;
#3561 = AXIS2_PLACEMENT_3D ( 'NONE', #5830, #2796, #7632 ) ;
#3562 = DIRECTION ( 'NONE',  ( -0.000000000000000000, -1.000000000000000000, -0.000000000000000000 ) ) ;
#3563 = CARTESIAN_POINT ( 'NONE',  ( 0.000000000000000000, 0.000000000000000000, -1.074999999999999956 ) ) ;
#3564 = EDGE_CURVE ( 'NONE', #7881, #4365, #954, .T. ) ;
#3565 = ORIENTED_EDGE ( 'NONE', *, *, #1714, .F. ) ;
#3566 = ORIENTED_EDGE ( 'NONE', *, *, #5427, .T. ) ;
#3567 = CARTESIAN_POINT ( 'NONE',  ( -9.000000000000007105, 0.000000000000000000, 9.000000000000001776 ) ) ;
#3568 = EDGE_CURVE ( 'NONE', #4344, #7708, #7082, .T. ) ;
#3569 = CARTESIAN_POINT ( 'NONE',  ( 9.000000000000000000, 0.4999999999999995559, 9.799999999999998934 ) ) ;
#3570 = DIRECTION ( 'NONE',  ( 0.000000000000000000, -1.000000000000000000, 0.000000000000000000 ) ) ;
#3571 = EDGE_LOOP ( 'NONE', ( #7533, #3805 ) ) ;
#3572 = DIRECTION ( 'NONE',  ( -0.000000000000000000, 1.000000000000000000, -0.000000000000000000 ) ) ;
#3573 = DIRECTION ( 'NONE',  ( -1.000000000000000000, -0.000000000000000000, -0.000000000000000000 ) ) ;
#3574 = EDGE_CURVE ( 'NONE', #4647, #767, #3280, .T. ) ;
#3575 = EDGE_CURVE ( 'NONE', #7125, #1610, #4760, .T. ) ;
#3576 = CARTESIAN_POINT ( 'NONE',  ( 6.770000000000000462, 0.7500000000000000000, 3.270000000000000018 ) ) ;
#3577 = VERTEX_POINT ( 'NONE', #1273 ) ;
#3578 = LINE ( 'NONE', #5383, #7256 ) ;
#3579 = APPLICATION_CONTEXT ( 'automotive_design' ) ;
#3580 = VERTEX_POINT ( 'NONE', #7197 ) ;
#3581 = CARTESIAN_POINT ( 'NONE',  ( -8.999999999999998224, 0.000000000000000000, 8.999999999999998224 ) ) ;
#3582 = ORIENTED_EDGE ( 'NONE', *, *, #3150, .F. ) ;
#3583 = AXIS2_PLACEMENT_3D ( 'NONE', #5390, #7034, #2207 ) ;
#3584 = DIRECTION ( 'NONE',  ( 0.000000000000000000, 0.000000000000000000, 1.000000000000000000 ) ) ;
#3585 = SHAPE_REPRESENTATION_RELATIONSHIP ( 'NONE' , 'NONE' ,  #4543, #4627 ) ;
#3586 = DIRECTION ( 'NONE',  ( 1.000000000000000000, -0.000000000000000000, -0.000000000000000000 ) ) ;
#3587 = DIRECTION ( 'NONE',  ( -0.000000000000000000, -1.000000000000000000, -0.000000000000000000 ) ) ;
#3588 = ORIENTED_EDGE ( 'NONE', *, *, #2535, .T. ) ;
#3589 = EDGE_CURVE ( 'NONE', #522, #6586, #4815, .T. ) ;
#3590 = VECTOR ( 'NONE', #5883, 1000.000000000000000 ) ;
#3591 = ORIENTED_EDGE ( 'NONE', *, *, #258, .F. ) ;
#3592 = CIRCLE ( 'NONE', #6143, 0.4999999999999995559 ) ;
#3593 = CARTESIAN_POINT ( 'NONE',  ( 9.249999999999998224, -3.249999999999999556, 0.5000000000000000000 ) ) ;
#3594 = EDGE_LOOP ( 'NONE', ( #6257, #7104, #3209, #2998 ) ) ;
#3595 = DIRECTION ( 'NONE',  ( -1.000000000000000000, 0.000000000000000000, 1.239088197126289831E-16 ) ) ;
#3596 = CARTESIAN_POINT ( 'NONE',  ( 15.50000000000000178, 0.4999999999999995559, -3.799999999999999822 ) ) ;
#3597 = CYLINDRICAL_SURFACE ( 'NONE', #5023, 0.2500000000000002220 ) ;
#3598 = VECTOR ( 'NONE', #281, 1000.000000000000000 ) ;
#3599 = CARTESIAN_POINT ( 'NONE',  ( -16.00000000000000000, 0.000000000000000000, 0.000000000000000000 ) ) ;
#3600 = AXIS2_PLACEMENT_3D ( 'NONE', #5969, #7176, #6453 ) ;
#3601 = ADVANCED_FACE ( 'NONE', ( #2326 ), #7841, .T. ) ;
#3602 = ORIENTED_EDGE ( 'NONE', *, *, #287, .F. ) ;
#3603 = ORIENTED_EDGE ( 'NONE', *, *, #3900, .T. ) ;
#3604 = AXIS2_PLACEMENT_3D ( 'NONE', #24, #1311, #3104 ) ;
#3605 = VECTOR ( 'NONE', #2261, 1000.000000000000000 ) ;
#3606 = UNCERTAINTY_MEASURE_WITH_UNIT (LENGTH_MEASURE( 1.000000000000000082E-05 ), #7138, 'distance_accuracy_value', 'NONE');
#3607 = CARTESIAN_POINT ( 'NONE',  ( 17.50000000000000355, 7.500000000000000000, -3.249999999999997780 ) ) ;
#3608 = CARTESIAN_POINT ( 'NONE',  ( -9.000000000000000000, 0.000000000000000000, -9.000000000000001776 ) ) ;
#3609 = AXIS2_PLACEMENT_3D ( 'NONE', #2238, #5264, #467 ) ;
#3610 = AXIS2_PLACEMENT_3D ( 'NONE', #620, #7297, #6131 ) ;
#3611 = ORIENTED_EDGE ( 'NONE', *, *, #2517, .T. ) ;
#3612 = DIRECTION ( 'NONE',  ( 1.000000000000000000, 3.491481338843179898E-15, -1.406229888181566588E-14 ) ) ;
#3613 = EDGE_LOOP ( 'NONE', ( #3553, #1206, #6754, #6251, #1627, #1308, #818, #7596 ) ) ;
#3614 = CARTESIAN_POINT ( 'NONE',  ( -9.000000000000000000, 2.999999999999999556, -18.00000000000000000 ) ) ;
#3615 = DIRECTION ( 'NONE',  ( 0.000000000000000000, 0.000000000000000000, -1.000000000000000000 ) ) ;
#3616 = LINE ( 'NONE', #5537, #3099 ) ;
#3617 = DIRECTION ( 'NONE',  ( 1.652117596168387756E-16, 0.000000000000000000, -1.000000000000000000 ) ) ;
#3618 = LINE ( 'NONE', #7867, #4456 ) ;
#3619 = ORIENTED_EDGE ( 'NONE', *, *, #2898, .F. ) ;
#3620 = DIRECTION ( 'NONE',  ( 1.927470528863119295E-16, -0.000000000000000000, 1.000000000000000000 ) ) ;
#3621 = ADVANCED_FACE ( 'NONE', ( #4309 ), #1117, .T. ) ;
#3622 = ADVANCED_FACE ( 'NONE', ( #3710 ), #1229, .F. ) ;
#3623 = ORIENTED_EDGE ( 'NONE', *, *, #2638, .F. ) ;
#3624 = LINE ( 'NONE', #5501, #5573 ) ;
#3625 = ORIENTED_EDGE ( 'NONE', *, *, #4442, .F. ) ;
#3626 = DIRECTION ( 'NONE',  ( 1.000000000000000000, 0.000000000000000000, 0.000000000000000000 ) ) ;
#3627 = SHAPE_REPRESENTATION_RELATIONSHIP ( 'NONE' , 'NONE' ,  #4334, #5290 ) ;
#3628 = DIRECTION ( 'NONE',  ( -1.652117596168387756E-16, 0.000000000000000000, 1.000000000000000000 ) ) ;
#3629 = CARTESIAN_POINT ( 'NONE',  ( -0.4300000000000032685, -3.069999999999998952, -1.074999999999999956 ) ) ;
#3630 = ORIENTED_EDGE ( 'NONE', *, *, #4074, .T. ) ;
#3631 = LINE ( 'NONE', #7312, #4961 ) ;
#3632 = EDGE_CURVE ( 'NONE', #5543, #2408, #7878, .T. ) ;
#3633 = DIRECTION ( 'NONE',  ( 0.000000000000000000, 0.000000000000000000, 1.000000000000000000 ) ) ;
#3634 = ORIENTED_EDGE ( 'NONE', *, *, #4338, .F. ) ;
#3635 = CARTESIAN_POINT ( 'NONE',  ( 0.4299999999999997158, 3.069999999999998508, -1.074999999999999956 ) ) ;
#3636 = DIRECTION ( 'NONE',  ( 0.000000000000000000, -0.000000000000000000, 1.000000000000000000 ) ) ;
#3637 = DIRECTION ( 'NONE',  ( -1.000000000000000000, -0.000000000000000000, -0.000000000000000000 ) ) ;
#3638 = CIRCLE ( 'NONE', #1475, 0.5000000000000004441 ) ;
#3639 = LINE ( 'NONE', #640, #1737 ) ;
#3640 = ORIENTED_EDGE ( 'NONE', *, *, #5896, .T. ) ;
#3641 = AXIS2_PLACEMENT_3D ( 'NONE', #7221, #1830, #56 ) ;
#3642 = ORIENTED_EDGE ( 'NONE', *, *, #5877, .T. ) ;
#3643 = CYLINDRICAL_SURFACE ( 'NONE', #4201, 0.5000000000000004441 ) ;
#3644 = ADVANCED_FACE ( 'NONE', ( #6628 ), #4157, .T. ) ;
#3645 = EDGE_CURVE ( 'NONE', #7881, #4116, #6145, .T. ) ;
#3646 = FACE_OUTER_BOUND ( 'NONE', #809, .T. ) ;
#3647 = DIRECTION ( 'NONE',  ( 0.000000000000000000, 0.000000000000000000, 1.000000000000000000 ) ) ;
#3648 = CIRCLE ( 'NONE', #2640, 0.5000000000000000000 ) ;
#3649 =( GEOMETRIC_REPRESENTATION_CONTEXT ( 3 ) GLOBAL_UNCERTAINTY_ASSIGNED_CONTEXT ( ( #3606 ) ) GLOBAL_UNIT_ASSIGNED_CONTEXT ( ( #7138, #4102, #1741 ) ) REPRESENTATION_CONTEXT ( 'NONE', 'WORKASPACE' ) );
#3650 = VECTOR ( 'NONE', #3666, 1000.000000000000000 ) ;
#3651 = ORIENTED_EDGE ( 'NONE', *, *, #2234, .T. ) ;
#3652 = SHAPE_REPRESENTATION_RELATIONSHIP ( 'NONE' , 'NONE' ,  #7043, #3458 ) ;
#3653 = VERTEX_POINT ( 'NONE', #670 ) ;
#3654 = AXIS2_PLACEMENT_3D ( 'NONE', #571, #7372, #5970 ) ;
#3655 = CIRCLE ( 'NONE', #2888, 0.2500000000000002220 ) ;
#3656 = DIRECTION ( 'NONE',  ( -0.000000000000000000, 1.000000000000000000, -0.000000000000000000 ) ) ;
#3657 = VECTOR ( 'NONE', #2466, 1000.000000000000000 ) ;
#3658 = DIRECTION ( 'NONE',  ( 1.000000000000000000, 0.000000000000000000, 0.000000000000000000 ) ) ;
#3659 = CARTESIAN_POINT ( 'NONE',  ( -5.549999999999999822, 2.000000000000000000, 0.1000000000000000056 ) ) ;
#3660 = DIRECTION ( 'NONE',  ( 0.000000000000000000, 0.000000000000000000, 1.000000000000000000 ) ) ;
#3661 = CARTESIAN_POINT ( 'NONE',  ( 0.4300000000000014366, 0.1750000000000000167, -3.069999999999999840 ) ) ;
#3662 = ORIENTED_EDGE ( 'NONE', *, *, #6419, .T. ) ;
#3663 = CARTESIAN_POINT ( 'NONE',  ( -17.50000000000000000, 0.000000000000000000, -10.50000000000000000 ) ) ;
#3664 = AXIS2_PLACEMENT_3D ( 'NONE', #5094, #7535, #6324 ) ;
#3665 = ORIENTED_EDGE ( 'NONE', *, *, #5897, .T. ) ;
#3666 = DIRECTION ( 'NONE',  ( -1.000000000000000000, -0.000000000000000000, -0.000000000000000000 ) ) ;
#3667 = LINE ( 'NONE', #3065, #805 ) ;
#3668 =( NAMED_UNIT ( * ) PLANE_ANGLE_UNIT ( ) SI_UNIT ( $, .RADIAN. ) );
#3669 = DIRECTION ( 'NONE',  ( 0.000000000000000000, 0.000000000000000000, -1.000000000000000000 ) ) ;
#3670 = DIRECTION ( 'NONE',  ( 0.000000000000000000, 0.000000000000000000, 1.000000000000000000 ) ) ;
#3671 = EDGE_CURVE ( 'NONE', #6032, #3371, #6343, .T. ) ;
#3672 = ORIENTED_EDGE ( 'NONE', *, *, #3049, .T. ) ;
#3673 = PLANE ( 'NONE',  #3674 ) ;
#3674 = AXIS2_PLACEMENT_3D ( 'NONE', #758, #6147, #3036 ) ;
#3675 = DIRECTION ( 'NONE',  ( 0.000000000000000000, -0.000000000000000000, -1.000000000000000000 ) ) ;
#3676 = EDGE_LOOP ( 'NONE', ( #3764, #3815 ) ) ;
#3677 = DIRECTION ( 'NONE',  ( -0.000000000000000000, -1.000000000000000000, 0.000000000000000000 ) ) ;
#3678 = LINE ( 'NONE', #5557, #2735 ) ;
#3679 = EDGE_CURVE ( 'NONE', #5574, #1746, #5991, .T. ) ;
#3680 = DIRECTION ( 'NONE',  ( 1.000000000000000000, 0.000000000000000000, 0.000000000000000000 ) ) ;
#3681 = EDGE_CURVE ( 'NONE', #7842, #5330, #2953, .T. ) ;
#3682 = LINE ( 'NONE', #6601, #6322 ) ;
#3683 = AXIS2_PLACEMENT_3D ( 'NONE', #5431, #2407, #7126 ) ;
#3684 = VERTEX_POINT ( 'NONE', #6030 ) ;
#3685 = ORIENTED_EDGE ( 'NONE', *, *, #7736, .T. ) ;
#3686 = VECTOR ( 'NONE', #2577, 1000.000000000000000 ) ;
#3687 = ORIENTED_EDGE ( 'NONE', *, *, #7008, .T. ) ;
#3688 = AXIS2_PLACEMENT_3D ( 'NONE', #1521, #242, #1476 ) ;
#3689 = DIRECTION ( 'NONE',  ( 0.000000000000000000, 0.000000000000000000, 1.000000000000000000 ) ) ;
#3690 = DIRECTION ( 'NONE',  ( 0.000000000000000000, 0.000000000000000000, 1.000000000000000000 ) ) ;
#3691 = CARTESIAN_POINT ( 'NONE',  ( -6.770000000000001350, 3.269999999999999574, 0.000000000000000000 ) ) ;
#3692 = EDGE_CURVE ( 'NONE', #5765, #6032, #6668, .T. ) ;
#3693 = ORIENTED_EDGE ( 'NONE', *, *, #791, .T. ) ;
#3694 = DIRECTION ( 'NONE',  ( 1.000000000000000000, 0.000000000000000000, 0.000000000000000000 ) ) ;
#3695 = ORIENTED_EDGE ( 'NONE', *, *, #7810, .T. ) ;
#3696 = PLANE ( 'NONE',  #3925 ) ;
#3697 = DIRECTION ( 'NONE',  ( 1.000000000000000000, 2.168404344971008868E-16, -0.000000000000000000 ) ) ;
#3698 = DIRECTION ( 'NONE',  ( 1.000000000000000000, 0.000000000000000000, -0.000000000000000000 ) ) ;
#3699 = DIRECTION ( 'NONE',  ( -0.000000000000000000, -0.000000000000000000, -1.000000000000000000 ) ) ;
#3700 = CARTESIAN_POINT ( 'NONE',  ( -9.500000000000001776, 0.4999999999999995559, 9.500000000000000000 ) ) ;
#3701 = ORIENTED_EDGE ( 'NONE', *, *, #3159, .T. ) ;
#3702 = ADVANCED_FACE ( 'NONE', ( #1194 ), #2404, .F. ) ;
#3703 = DIRECTION ( 'NONE',  ( -1.000000000000000000, -0.000000000000000000, 9.912705577010325549E-17 ) ) ;
#3704 = VERTEX_POINT ( 'NONE', #592 ) ;
#3705 = CARTESIAN_POINT ( 'NONE',  ( 9.499999999999994671, 0.4999999999999995559, -7.864218330839934268 ) ) ;
#3706 = CARTESIAN_POINT ( 'NONE',  ( -5.549999999999999822, -2.000000000000000000, 0.1000000000000000056 ) ) ;
#3707 = DIRECTION ( 'NONE',  ( 0.000000000000000000, 0.000000000000000000, 1.000000000000000000 ) ) ;
#3708 =( NAMED_UNIT ( * ) SI_UNIT ( $, .STERADIAN. ) SOLID_ANGLE_UNIT ( ) );
#3709 = DIRECTION ( 'NONE',  ( 1.000000000000000000, 0.000000000000000000, 0.000000000000000000 ) ) ;
#3710 = FACE_OUTER_BOUND ( 'NONE', #423, .T. ) ;
#3711 = ORIENTED_EDGE ( 'NONE', *, *, #2542, .F. ) ;
#3712 = FACE_OUTER_BOUND ( 'NONE', #7904, .T. ) ;
#3713 = CARTESIAN_POINT ( 'NONE',  ( -2.349999999999999645, -2.000000000000000000, 0.1000000000000000056 ) ) ;
#3714 = ORIENTED_EDGE ( 'NONE', *, *, #5971, .T. ) ;
#3715 = CARTESIAN_POINT ( 'NONE',  ( -6.000000000000000000, 2.799999999999999822, 0.1000000000000000056 ) ) ;
#3716 = DIRECTION ( 'NONE',  ( -0.000000000000000000, 1.000000000000000000, 0.000000000000000000 ) ) ;
#3717 = DIRECTION ( 'NONE',  ( 0.000000000000000000, 0.000000000000000000, 1.000000000000000000 ) ) ;
#3718 = VECTOR ( 'NONE', #5675, 1000.000000000000000 ) ;
#3719 = LINE ( 'NONE', #1283, #6621 ) ;
#3720 = AXIS2_PLACEMENT_3D ( 'NONE', #1072, #358, #2917 ) ;
#3721 = ORIENTED_EDGE ( 'NONE', *, *, #1144, .F. ) ;
#3722 = VERTEX_POINT ( 'NONE', #2991 ) ;
#3723 = ADVANCED_FACE ( 'NONE', ( #6705 ), #1765, .T. ) ;
#3724 = ADVANCED_FACE ( 'NONE', ( #6108 ), #632, .F. ) ;
#3725 = ORIENTED_EDGE ( 'NONE', *, *, #71, .F. ) ;
#3726 = CARTESIAN_POINT ( 'NONE',  ( -10.50000000000000533, 0.000000000000000000, 9.000000000000001776 ) ) ;
#3727 = CARTESIAN_POINT ( 'NONE',  ( -3.299999999999999822, 2.799999999999998490, 0.1000000000000000056 ) ) ;
#3728 = AXIS2_PLACEMENT_3D ( 'NONE', #3596, #5999, #2533 ) ;
#3729 = DIRECTION ( 'NONE',  ( 0.000000000000000000, 0.000000000000000000, 1.000000000000000000 ) ) ;
#3730 = LINE ( 'NONE', #91, #3253 ) ;
#3731 = VERTEX_POINT ( 'NONE', #2637 ) ;
#3732 =( NAMED_UNIT ( * ) PLANE_ANGLE_UNIT ( ) SI_UNIT ( $, .RADIAN. ) );
#3733 = EDGE_CURVE ( 'NONE', #6450, #4880, #7434, .T. ) ;
#3734 = ORIENTED_EDGE ( 'NONE', *, *, #1256, .T. ) ;
#3735 = AXIS2_PLACEMENT_3D ( 'NONE', #3001, #2493, #5558 ) ;
#3736 = PLANE ( 'NONE',  #2023 ) ;
#3737 = DIRECTION ( 'NONE',  ( -0.000000000000000000, 1.000000000000000000, -0.000000000000000000 ) ) ;
#3738 = EDGE_CURVE ( 'NONE', #1815, #4780, #4956, .T. ) ;
#3739 = CYLINDRICAL_SURFACE ( 'NONE', #2882, 0.5000000000000000000 ) ;
#3740 = AXIS2_PLACEMENT_3D ( 'NONE', #6702, #3707, #665 ) ;
#3741 = CARTESIAN_POINT ( 'NONE',  ( 6.769999999999996909, 3.249999999999999556, 0.5000000000000000000 ) ) ;
#3742 = AXIS2_PLACEMENT_3D ( 'NONE', #4146, #1634, #4108 ) ;
#3743 = EDGE_LOOP ( 'NONE', ( #1188, #3773, #7267, #7229 ) ) ;
#3744 = LINE ( 'NONE', #1222, #1520 ) ;
#3745 = EDGE_LOOP ( 'NONE', ( #1722, #1688, #2644, #2321 ) ) ;
#3746 = SURFACE_SIDE_STYLE ('',( #7429 ) ) ;
#3747 = CARTESIAN_POINT ( 'NONE',  ( 16.00000000000000000, 0.000000000000000000, -1.749999999999999334 ) ) ;
#3748 = CARTESIAN_POINT ( 'NONE',  ( 16.00000000000000000, 0.000000000000000000, 10.04999999999999893 ) ) ;
#3749 = EDGE_CURVE ( 'NONE', #2495, #6586, #754, .T. ) ;
#3750 = ADVANCED_FACE ( 'NONE', ( #5710 ), #4395, .T. ) ;
#3751 = DIRECTION ( 'NONE',  ( 0.000000000000000000, 0.000000000000000000, 1.000000000000000000 ) ) ;
#3752 = SPHERICAL_SURFACE ( 'NONE', #5184, 0.2500000000000000000 ) ;
#3753 = EDGE_LOOP ( 'NONE', ( #4429, #4185 ) ) ;
#3754 = LINE ( 'NONE', #711, #237 ) ;
#3755 = MANIFOLD_SOLID_BREP ( 'Fillet4', #7132 ) ;
#3756 = CARTESIAN_POINT ( 'NONE',  ( 17.50000000000000000, 7.500000000000000000, 3.250000000000001332 ) ) ;
#3757 = ORIENTED_EDGE ( 'NONE', *, *, #2609, .F. ) ;
#3758 = FACE_OUTER_BOUND ( 'NONE', #1013, .T. ) ;
#3759 = DIRECTION ( 'NONE',  ( 1.000000000000000000, 0.000000000000000000, -1.239088197126289831E-16 ) ) ;
#3760 = DIRECTION ( 'NONE',  ( -0.000000000000000000, 1.000000000000000000, -0.000000000000000000 ) ) ;
#3761 = DIRECTION ( 'NONE',  ( -0.000000000000000000, 1.000000000000000000, -0.000000000000000000 ) ) ;
#3762 = VERTEX_POINT ( 'NONE', #3835 ) ;
#3763 = ORIENTED_EDGE ( 'NONE', *, *, #5562, .F. ) ;
#3764 = ORIENTED_EDGE ( 'NONE', *, *, #5613, .F. ) ;
#3765 = CARTESIAN_POINT ( 'NONE',  ( -9.000000000000007105, 7.500000000000000000, -9.000000000000001776 ) ) ;
#3766 = CARTESIAN_POINT ( 'NONE',  ( 0.000000000000000000, 0.000000000000000000, 0.000000000000000000 ) ) ;
#3767 = DIRECTION ( 'NONE',  ( -0.000000000000000000, 1.000000000000000000, -0.000000000000000000 ) ) ;
#3768 = CARTESIAN_POINT ( 'NONE',  ( -16.00000000000000000, 0.000000000000000000, 0.000000000000000000 ) ) ;
#3769 = EDGE_CURVE ( 'NONE', #583, #5092, #6904, .T. ) ;
#3770 = CIRCLE ( 'NONE', #6962, 0.5500000000000010436 ) ;
#3771 = ORIENTED_EDGE ( 'NONE', *, *, #2120, .T. ) ;
#3772 = APPLICATION_PROTOCOL_DEFINITION ( 'draft international standard', 'automotive_design', 1998, #7061 ) ;
#3773 = ORIENTED_EDGE ( 'NONE', *, *, #3159, .F. ) ;
#3774 = DIRECTION ( 'NONE',  ( -0.000000000000000000, -0.000000000000000000, -1.000000000000000000 ) ) ;
#3775 = DIRECTION ( 'NONE',  ( 0.000000000000000000, 0.000000000000000000, 1.000000000000000000 ) ) ;
#3776 = FACE_OUTER_BOUND ( 'NONE', #7489, .T. ) ;
#3777 = VECTOR ( 'NONE', #5116, 1000.000000000000000 ) ;
#3778 = CARTESIAN_POINT ( 'NONE',  ( 5.549999999999999822, -2.000000000000000000, 0.1000000000000000056 ) ) ;
#3779 = CARTESIAN_POINT ( 'NONE',  ( -1.849999999999999645, -2.000000000000000000, 0.000000000000000000 ) ) ;
#3780 = ADVANCED_FACE ( 'NONE', ( #2679 ), #7552, .T. ) ;
#3781 = ORIENTED_EDGE ( 'NONE', *, *, #1982, .T. ) ;
#3782 = DIRECTION ( 'NONE',  ( 0.000000000000000000, -0.000000000000000000, 1.000000000000000000 ) ) ;
#3783 = CIRCLE ( 'NONE', #4807, 1.500000000000000000 ) ;
#3784 = VECTOR ( 'NONE', #953, 1000.000000000000000 ) ;
#3785 = ORIENTED_EDGE ( 'NONE', *, *, #275, .T. ) ;
#3786 = VECTOR ( 'NONE', #942, 1000.000000000000000 ) ;
#3787 =( LENGTH_UNIT ( ) NAMED_UNIT ( * ) SI_UNIT ( .MILLI., .METRE. ) );
#3788 = DIRECTION ( 'NONE',  ( 0.000000000000000000, 0.000000000000000000, 1.000000000000000000 ) ) ;
#3789 = DIRECTION ( 'NONE',  ( -1.000000000000000000, 0.000000000000000000, -0.000000000000000000 ) ) ;
#3790 = FACE_OUTER_BOUND ( 'NONE', #2164, .T. ) ;
#3791 = CARTESIAN_POINT ( 'NONE',  ( -10.50000000000000533, 0.000000000000000000, 10.50000000000000355 ) ) ;
#3792 = VECTOR ( 'NONE', #7037, 1000.000000000000000 ) ;
#3793 = ORIENTED_EDGE ( 'NONE', *, *, #3575, .F. ) ;
#3794 = AXIS2_PLACEMENT_3D ( 'NONE', #6096, #5577, #6012 ) ;
#3795 = ORIENTED_EDGE ( 'NONE', *, *, #235, .F. ) ;
#3796 = EDGE_CURVE ( 'NONE', #3439, #1610, #1471, .T. ) ;
#3797 = DIRECTION ( 'NONE',  ( -1.000000000000000000, -0.000000000000000000, -0.000000000000000000 ) ) ;
#3798 = EDGE_LOOP ( 'NONE', ( #7515, #6129 ) ) ;
#3799 = VECTOR ( 'NONE', #813, 1000.000000000000000 ) ;
#3800 = LINE ( 'NONE', #3959, #2199 ) ;
#3801 = DIRECTION ( 'NONE',  ( -0.000000000000000000, -1.000000000000000000, -0.000000000000000000 ) ) ;
#3802 = EDGE_CURVE ( 'NONE', #7395, #4677, #3226, .T. ) ;
#3803 = DIRECTION ( 'NONE',  ( -0.000000000000000000, 1.000000000000000000, -0.000000000000000000 ) ) ;
#3804 = CYLINDRICAL_SURFACE ( 'NONE', #1784, 0.8000000000000003775 ) ;
#3805 = ORIENTED_EDGE ( 'NONE', *, *, #6726, .F. ) ;
#3806 = EDGE_CURVE ( 'NONE', #5176, #537, #6198, .T. ) ;
#3807 = ORIENTED_EDGE ( 'NONE', *, *, #6579, .F. ) ;
#3808 = ORIENTED_EDGE ( 'NONE', *, *, #4734, .F. ) ;
#3809 = CARTESIAN_POINT ( 'NONE',  ( -17.50000000000000000, 0.000000000000000000, -1.500000000000001332 ) ) ;
#3810 = CARTESIAN_POINT ( 'NONE',  ( 7.864218330839943150, 0.4999999999999995559, -11.00000000000000000 ) ) ;
#3811 = AXIS2_PLACEMENT_3D ( 'NONE', #7384, #1795, #4991 ) ;
#3812 = PLANE ( 'NONE',  #4502 ) ;
#3813 = CARTESIAN_POINT ( 'NONE',  ( -17.50000000000000000, 0.4999999999999995559, -1.500000000000001332 ) ) ;
#3814 = AXIS2_PLACEMENT_3D ( 'NONE', #1419, #4540, #6856 ) ;
#3815 = ORIENTED_EDGE ( 'NONE', *, *, #4516, .F. ) ;
#3816 = VECTOR ( 'NONE', #7846, 1000.000000000000000 ) ;
#3817 = CONTEXT_DEPENDENT_SHAPE_REPRESENTATION ( #318, #7391 ) ;
#3818 = ORIENTED_EDGE ( 'NONE', *, *, #6168, .F. ) ;
#3819 = DIRECTION ( 'NONE',  ( -0.000000000000000000, -1.000000000000000000, -0.000000000000000000 ) ) ;
#3820 = LINE ( 'NONE', #5178, #6984 ) ;
#3821 = EDGE_CURVE ( 'NONE', #6971, #7565, #6583, .T. ) ;
#3822 = FACE_OUTER_BOUND ( 'NONE', #925, .T. ) ;
#3823 = VECTOR ( 'NONE', #3428, 1000.000000000000000 ) ;
#3824 = DIRECTION ( 'NONE',  ( -0.000000000000000000, 1.000000000000000000, -0.000000000000000000 ) ) ;
#3825 = LINE ( 'NONE', #5067, #4073 ) ;
#3826 = ORIENTED_EDGE ( 'NONE', *, *, #3218, .F. ) ;
#3827 = ORIENTED_EDGE ( 'NONE', *, *, #2244, .F. ) ;
#3828 = EDGE_CURVE ( 'NONE', #5765, #4285, #5943, .T. ) ;
#3829 = ADVANCED_FACE ( 'NONE', ( #3914 ), #3752, .T. ) ;
#3830 = PRESENTATION_STYLE_ASSIGNMENT (( #5072 ) ) ;
#3831 = EDGE_CURVE ( 'NONE', #6003, #126, #1314, .T. ) ;
#3832 = DIRECTION ( 'NONE',  ( 1.000000000000000000, 0.000000000000000000, 0.000000000000000000 ) ) ;
#3833 = CYLINDRICAL_SURFACE ( 'NONE', #1180, 1.500000000000000000 ) ;
#3834 = DIRECTION ( 'NONE',  ( -1.000000000000000000, 0.000000000000000000, 0.000000000000000000 ) ) ;
#3835 = CARTESIAN_POINT ( 'NONE',  ( -3.200000000000000178, 6.123233995736763571E-17, 0.000000000000000000 ) ) ;
#3836 = ORIENTED_EDGE ( 'NONE', *, *, #7313, .F. ) ;
#3837 = DIRECTION ( 'NONE',  ( 1.000000000000000000, 2.168404344971008868E-16, -0.000000000000000000 ) ) ;
#3838 = PLANE ( 'NONE',  #3688 ) ;
#3839 = ORIENTED_EDGE ( 'NONE', *, *, #2487, .T. ) ;
#3840 = EDGE_CURVE ( 'NONE', #2189, #4787, #7779, .T. ) ;
#3841 = FACE_OUTER_BOUND ( 'NONE', #2485, .T. ) ;
#3842 = DIRECTION ( 'NONE',  ( 0.000000000000000000, 0.000000000000000000, 1.000000000000000000 ) ) ;
#3843 = DIRECTION ( 'NONE',  ( -1.000000000000000000, 0.000000000000000000, 0.000000000000000000 ) ) ;
#3844 = LINE ( 'NONE', #7445, #1629 ) ;
#3845 = EDGE_CURVE ( 'NONE', #1384, #2786, #2264, .T. ) ;
#3846 = CYLINDRICAL_SURFACE ( 'NONE', #6243, 0.4999999999999997780 ) ;
#3847 = EDGE_LOOP ( 'NONE', ( #7022, #7830, #6624, #5500 ) ) ;
#3848 = ORIENTED_EDGE ( 'NONE', *, *, #2814, .T. ) ;
#3849 = ORIENTED_EDGE ( 'NONE', *, *, #7765, .F. ) ;
#3850 = CARTESIAN_POINT ( 'NONE',  ( -9.500000000000001776, 3.499999999999999556, -18.50000000000000000 ) ) ;
#3851 = DIRECTION ( 'NONE',  ( 0.000000000000000000, 0.000000000000000000, 1.000000000000000000 ) ) ;
#3852 = MANIFOLD_SOLID_BREP ( 'Fillet1', #3546 ) ;
#3853 = AXIS2_PLACEMENT_3D ( 'NONE', #2170, #1599, #2837 ) ;
#3854 = CARTESIAN_POINT ( 'NONE',  ( -6.770000000000003126, 3.500000000000000888, 0.000000000000000000 ) ) ;
#3855 = EDGE_CURVE ( 'NONE', #7409, #4488, #7696, .T. ) ;
#3856 = CARTESIAN_POINT ( 'NONE',  ( -9.000000000000000000, 0.4999999999999995559, 9.000000000000000000 ) ) ;
#3857 = VECTOR ( 'NONE', #7128, 1000.000000000000000 ) ;
#3858 = ORIENTED_EDGE ( 'NONE', *, *, #4948, .T. ) ;
#3859 = ORIENTED_EDGE ( 'NONE', *, *, #4023, .F. ) ;
#3860 = CARTESIAN_POINT ( 'NONE',  ( 6.769999999999998685, -3.270000000000000462, -0.5000000000000000000 ) ) ;
#3861 = CARTESIAN_POINT ( 'NONE',  ( -9.500000000000001776, 3.499999999999999556, -18.50000000000000000 ) ) ;
#3862 = LINE ( 'NONE', #822, #4682 ) ;
#3863 = DIRECTION ( 'NONE',  ( 1.652117596168387756E-16, 0.000000000000000000, -1.000000000000000000 ) ) ;
#3864 = ORIENTED_EDGE ( 'NONE', *, *, #3238, .F. ) ;
#3865 = VECTOR ( 'NONE', #5333, 1000.000000000000000 ) ;
#3866 = EDGE_LOOP ( 'NONE', ( #4124, #5815, #5812, #513 ) ) ;
#3867 = CARTESIAN_POINT ( 'NONE',  ( -3.700000000000000178, -2.000000000000000000, 0.1000000000000000056 ) ) ;
#3868 = DIRECTION ( 'NONE',  ( 0.000000000000000000, 0.000000000000000000, 1.000000000000000000 ) ) ;
#3869 = AXIS2_PLACEMENT_3D ( 'NONE', #2440, #4349, #7306 ) ;
#3870 = AXIS2_PLACEMENT_3D ( 'NONE', #202, #3196, #1976 ) ;
#3871 = DIRECTION ( 'NONE',  ( 0.000000000000000000, 0.000000000000000000, 1.000000000000000000 ) ) ;
#3872 = CARTESIAN_POINT ( 'NONE',  ( 9.000000000000000000, 7.500000000000000000, 9.000000000000000000 ) ) ;
#3873 = ORIENTED_EDGE ( 'NONE', *, *, #2814, .F. ) ;
#3874 = EDGE_CURVE ( 'NONE', #7719, #5176, #5750, .T. ) ;
#3875 = EDGE_CURVE ( 'NONE', #266, #6558, #417, .T. ) ;
#3876 = DIRECTION ( 'NONE',  ( -2.168404344971008868E-16, 1.000000000000000000, 0.000000000000000000 ) ) ;
#3877 = AXIS2_PLACEMENT_3D ( 'NONE', #4168, #6635, #7889 ) ;
#3878 = MANIFOLD_SOLID_BREP ( 'Cut-Extrude12', #2915 ) ;
#3879 = CIRCLE ( 'NONE', #3095, 0.4999999999999997780 ) ;
#3880 = CARTESIAN_POINT ( 'NONE',  ( 9.000000000000000000, 0.000000000000000000, -9.000000000000001776 ) ) ;
#3881 = VERTEX_POINT ( 'NONE', #6209 ) ;
#3882 = DIRECTION ( 'NONE',  ( 0.000000000000000000, -1.000000000000000000, 0.000000000000000000 ) ) ;
#3883 = CARTESIAN_POINT ( 'NONE',  ( -9.250000000000001776, 3.249999999999999556, -18.25000000000000000 ) ) ;
#3884 = DIRECTION ( 'NONE',  ( 0.000000000000000000, 1.000000000000000000, 0.000000000000000000 ) ) ;
#3885 = DIRECTION ( 'NONE',  ( 0.000000000000000000, 0.000000000000000000, 1.000000000000000000 ) ) ;
#3886 = CARTESIAN_POINT ( 'NONE',  ( -9.000000000000000000, 2.999999999999999556, -18.00000000000000000 ) ) ;
#3887 = ORIENTED_EDGE ( 'NONE', *, *, #1753, .F. ) ;
#3888 = EDGE_CURVE ( 'NONE', #4780, #6866, #4741, .T. ) ;
#3889 = ORIENTED_EDGE ( 'NONE', *, *, #5451, .F. ) ;
#3890 = PRODUCT ( 'SiO2 Radiator', 'SiO2 Radiator', '', ( #366 ) ) ;
#3891 = VERTEX_POINT ( 'NONE', #5207 ) ;
#3892 = ORIENTED_EDGE ( 'NONE', *, *, #1853, .T. ) ;
#3893 = FILL_AREA_STYLE_COLOUR ( '', #2833 ) ;
#3894 = DIRECTION ( 'NONE',  ( -0.000000000000000000, 1.000000000000000000, -0.000000000000000000 ) ) ;
#3895 = CARTESIAN_POINT ( 'NONE',  ( 0.000000000000000000, 0.000000000000000000, 0.000000000000000000 ) ) ;
#3896 = LINE ( 'NONE', #6203, #702 ) ;
#3897 = ORIENTED_EDGE ( 'NONE', *, *, #7334, .F. ) ;
#3898 = EDGE_CURVE ( 'NONE', #2544, #3453, #7646, .T. ) ;
#3899 = VERTEX_POINT ( 'NONE', #2769 ) ;
#3900 = EDGE_CURVE ( 'NONE', #4796, #2420, #4612, .T. ) ;
#3901 = CARTESIAN_POINT ( 'NONE',  ( -9.500000000000001776, 0.4999999999999995559, 7.864218330839946702 ) ) ;
#3902 = LINE ( 'NONE', #6334, #4120 ) ;
#3903 = CARTESIAN_POINT ( 'NONE',  ( -6.050000000000000711, 0.000000000000000000, 0.1000000000000000056 ) ) ;
#3904 = VECTOR ( 'NONE', #4211, 1000.000000000000000 ) ;
#3905 = LINE ( 'NONE', #7582, #3419 ) ;
#3906 = ORIENTED_EDGE ( 'NONE', *, *, #5800, .F. ) ;
#3907 = ORIENTED_EDGE ( 'NONE', *, *, #3521, .F. ) ;
#3908 = AXIS2_PLACEMENT_3D ( 'NONE', #5629, #3834, #3188 ) ;
#3909 = AXIS2_PLACEMENT_3D ( 'NONE', #3872, #4511, #7471 ) ;
#3910 = CARTESIAN_POINT ( 'NONE',  ( 6.570000000000000284, 3.069999999999998508, -1.074999999999999956 ) ) ;
#3911 = CARTESIAN_POINT ( 'NONE',  ( -9.500000000000001776, -3.249999999999999556, -18.50000000000000000 ) ) ;
#3912 = DIRECTION ( 'NONE',  ( -1.000000000000000000, -0.000000000000000000, 9.912705577010325549E-17 ) ) ;
#3913 = DIRECTION ( 'NONE',  ( 0.000000000000000000, 0.000000000000000000, 1.000000000000000000 ) ) ;
#3914 = FACE_OUTER_BOUND ( 'NONE', #4249, .T. ) ;
#3915 = VERTEX_POINT ( 'NONE', #7604 ) ;
#3916 = AXIS2_PLACEMENT_3D ( 'NONE', #185, #4499, #4538 ) ;
#3917 = LINE ( 'NONE', #1433, #1651 ) ;
#3918 = CARTESIAN_POINT ( 'NONE',  ( -7.864218330839943150, 7.500000000000000000, 11.00000000000000000 ) ) ;
#3919 = ORIENTED_EDGE ( 'NONE', *, *, #7682, .T. ) ;
#3920 = CARTESIAN_POINT ( 'NONE',  ( 13.99999999999999822, 0.000000000000000000, -1.749999999999998890 ) ) ;
#3921 = DIRECTION ( 'NONE',  ( 0.000000000000000000, 0.000000000000000000, -1.000000000000000000 ) ) ;
#3922 = EDGE_CURVE ( 'NONE', #7164, #3704, #6252, .T. ) ;
#3923 = EDGE_CURVE ( 'NONE', #546, #2653, #6460, .T. ) ;
#3924 = CARTESIAN_POINT ( 'NONE',  ( -6.800000000000001599, 3.299999999999999822, 0.000000000000000000 ) ) ;
#3925 = AXIS2_PLACEMENT_3D ( 'NONE', #7376, #1298, #97 ) ;
#3926 = DIRECTION ( 'NONE',  ( 0.000000000000000000, 1.000000000000000000, 0.000000000000000000 ) ) ;
#3927 = CARTESIAN_POINT ( 'NONE',  ( 13.99999999999999822, 0.4999999999999995559, -1.749999999999998890 ) ) ;
#3928 = VERTEX_POINT ( 'NONE', #1949 ) ;
#3929 = ORIENTED_EDGE ( 'NONE', *, *, #2939, .T. ) ;
#3930 = ORIENTED_EDGE ( 'NONE', *, *, #5255, .T. ) ;
#3931 = ORIENTED_EDGE ( 'NONE', *, *, #900, .F. ) ;
#3932 = LINE ( 'NONE', #290, #6277 ) ;
#3933 = DIRECTION ( 'NONE',  ( -0.000000000000000000, 0.000000000000000000, 1.000000000000000000 ) ) ;
#3934 = EDGE_CURVE ( 'NONE', #159, #3497, #7105, .T. ) ;
#3935 = DIRECTION ( 'NONE',  ( -1.000000000000000000, 0.000000000000000000, -0.000000000000000000 ) ) ;
#3936 = DIRECTION ( 'NONE',  ( -0.000000000000000000, -0.000000000000000000, -1.000000000000000000 ) ) ;
#3937 = ORIENTED_EDGE ( 'NONE', *, *, #419, .T. ) ;
#3938 = ORIENTED_EDGE ( 'NONE', *, *, #4949, .T. ) ;
#3939 = CIRCLE ( 'NONE', #1002, 0.8000000000000003775 ) ;
#3940 = CARTESIAN_POINT ( 'NONE',  ( 3.700000000000000178, 2.000000000000000000, 0.1000000000000000056 ) ) ;
#3941 = DIRECTION ( 'NONE',  ( 0.000000000000000000, 0.000000000000000000, 1.000000000000000000 ) ) ;
#3942 = FACE_OUTER_BOUND ( 'NONE', #87, .T. ) ;
#3943 = LINE ( 'NONE', #128, #5100 ) ;
#3944 = ADVANCED_FACE ( 'NONE', ( #96 ), #736, .T. ) ;
#3945 = VERTEX_POINT ( 'NONE', #6811 ) ;
#3946 = CIRCLE ( 'NONE', #2041, 0.5000000000000000000 ) ;
#3947 = ORIENTED_EDGE ( 'NONE', *, *, #7496, .F. ) ;
#3948 = CIRCLE ( 'NONE', #7262, 1.500000000000000000 ) ;
#3949 = CARTESIAN_POINT ( 'NONE',  ( -6.770000000000001350, 3.269999999999999574, -0.5000000000000000000 ) ) ;
#3950 = VECTOR ( 'NONE', #6623, 1000.000000000000000 ) ;
#3951 = CYLINDRICAL_SURFACE ( 'NONE', #1838, 1.499999999999999556 ) ;
#3952 = CARTESIAN_POINT ( 'NONE',  ( 15.49999999999999822, 0.000000000000000000, 0.2500000000000009437 ) ) ;
#3953 = LINE ( 'NONE', #7590, #5942 ) ;
#3954 = EDGE_CURVE ( 'NONE', #3371, #6032, #4546, .T. ) ;
#3955 = ORIENTED_EDGE ( 'NONE', *, *, #65, .F. ) ;
#3956 = DIRECTION ( 'NONE',  ( 0.000000000000000000, 0.000000000000000000, 1.000000000000000000 ) ) ;
#3957 = DIRECTION ( 'NONE',  ( -0.000000000000000000, -0.000000000000000000, -1.000000000000000000 ) ) ;
#3958 = VERTEX_POINT ( 'NONE', #5168 ) ;
#3959 = CARTESIAN_POINT ( 'NONE',  ( -6.770000000000000462, -3.270000000000000462, -0.5000000000000000000 ) ) ;
#3960 = CARTESIAN_POINT ( 'NONE',  ( -16.00000000000000000, 0.4999999999999995559, 1.500000000000001998 ) ) ;
#3961 = FACE_OUTER_BOUND ( 'NONE', #4700, .T. ) ;
#3962 = CARTESIAN_POINT ( 'NONE',  ( 4.999999999999999112, -1.199999999999998845, 0.1000000000000000056 ) ) ;
#3963 = EDGE_LOOP ( 'NONE', ( #3634, #7339, #931, #6498 ) ) ;
#3964 = ORIENTED_EDGE ( 'NONE', *, *, #4721, .T. ) ;
#3965 = APPLICATION_PROTOCOL_DEFINITION ( 'draft international standard', 'automotive_design', 1998, #5226 ) ;
#3966 = DIRECTION ( 'NONE',  ( 0.000000000000000000, -1.000000000000000000, 0.000000000000000000 ) ) ;
#3967 = ORIENTED_EDGE ( 'NONE', *, *, #667, .T. ) ;
#3968 = PLANE ( 'NONE',  #784 ) ;
#3969 = FACE_OUTER_BOUND ( 'NONE', #5522, .T. ) ;
#3970 = CARTESIAN_POINT ( 'NONE',  ( 4.299999999999999822, -1.199999999999998623, 0.1000000000000000056 ) ) ;
#3971 = DIRECTION ( 'NONE',  ( 0.000000000000000000, 1.000000000000000000, 0.000000000000000000 ) ) ;
#3972 = EDGE_CURVE ( 'NONE', #2356, #1518, #1356, .T. ) ;
#3973 = ADVANCED_FACE ( 'NONE', ( #4378 ), #6484, .T. ) ;
#3974 = ORIENTED_EDGE ( 'NONE', *, *, #6489, .T. ) ;
#3975 = ORIENTED_EDGE ( 'NONE', *, *, #6797, .F. ) ;
#3976 = VECTOR ( 'NONE', #5475, 1000.000000000000000 ) ;
#3977 = DIRECTION ( 'NONE',  ( 1.000000000000000000, 0.000000000000000000, 0.000000000000000000 ) ) ;
#3978 = LINE ( 'NONE', #4659, #1616 ) ;
#3979 = PRESENTATION_LAYER_ASSIGNMENT (  '', '', ( #1944 ) ) ;
#3980 = ORIENTED_EDGE ( 'NONE', *, *, #6653, .T. ) ;
#3981 = CIRCLE ( 'NONE', #6657, 0.4999999999999997780 ) ;
#3982 = ADVANCED_FACE ( 'NONE', ( #5024 ), #3394, .T. ) ;
#3983 = ORIENTED_EDGE ( 'NONE', *, *, #5799, .T. ) ;
#3984 = FACE_OUTER_BOUND ( 'NONE', #3847, .T. ) ;
#3985 = LINE ( 'NONE', #4629, #1764 ) ;
#3986 = DIRECTION ( 'NONE',  ( -0.000000000000000000, 1.000000000000000000, -0.000000000000000000 ) ) ;
#3987 = DIRECTION ( 'NONE',  ( 0.000000000000000000, 0.000000000000000000, 1.000000000000000000 ) ) ;
#3988 = CIRCLE ( 'NONE', #7058, 1.499999999999999556 ) ;
#3989 = EDGE_LOOP ( 'NONE', ( #3839, #2082 ) ) ;
#3990 = DIRECTION ( 'NONE',  ( 1.000000000000000000, 0.000000000000000000, -0.000000000000000000 ) ) ;
#3991 = EDGE_CURVE ( 'NONE', #4086, #4344, #3432, .T. ) ;
#3992 = LINE ( 'NONE', #311, #6752 ) ;
#3993 = ORIENTED_EDGE ( 'NONE', *, *, #7764, .T. ) ;
#3994 = AXIS2_PLACEMENT_3D ( 'NONE', #5096, #7536, #2063 ) ;
#3995 = EDGE_CURVE ( 'NONE', #5898, #6363, #7872, .T. ) ;
#3996 = CARTESIAN_POINT ( 'NONE',  ( -7.864218330839943150, 0.4999999999999995559, -9.500000000000000000 ) ) ;
#3997 = DIRECTION ( 'NONE',  ( 0.000000000000000000, 1.000000000000000000, 0.000000000000000000 ) ) ;
#3998 = DIRECTION ( 'NONE',  ( 0.000000000000000000, -0.000000000000000000, -1.000000000000000000 ) ) ;
#3999 = CYLINDRICAL_SURFACE ( 'NONE', #2524, 0.5000000000000000000 ) ;
#4000 = PLANE ( 'NONE',  #2803 ) ;
#4001 = ORIENTED_EDGE ( 'NONE', *, *, #5160, .T. ) ;
#4002 = VECTOR ( 'NONE', #2077, 1000.000000000000000 ) ;
#4003 = AXIS2_PLACEMENT_3D ( 'NONE', #3867, #7511, #2042 ) ;
#4004 = VERTEX_POINT ( 'NONE', #1609 ) ;
#4005 = CARTESIAN_POINT ( 'NONE',  ( -9.500000000000001776, -3.499999999999999556, -18.25000000000000000 ) ) ;
#4006 = EDGE_LOOP ( 'NONE', ( #1066, #6969, #5412, #3827 ) ) ;
#4007 = SURFACE_SIDE_STYLE ('',( #6406 ) ) ;
#4008 = DIRECTION ( 'NONE',  ( 0.000000000000000000, 1.000000000000000000, -0.000000000000000000 ) ) ;
#4009 = CARTESIAN_POINT ( 'NONE',  ( -6.769999999999998685, 0.7500000000000000000, -3.270000000000000018 ) ) ;
#4010 = DIRECTION ( 'NONE',  ( 1.000000000000000000, 0.000000000000000000, 0.000000000000000000 ) ) ;
#4011 = EDGE_LOOP ( 'NONE', ( #4437, #6895 ) ) ;
#4012 = EDGE_LOOP ( 'NONE', ( #6175, #1409, #5674, #3711 ) ) ;
#4013 = DIRECTION ( 'NONE',  ( -1.000000000000000000, 0.000000000000000000, 0.000000000000000000 ) ) ;
#4014 = EDGE_CURVE ( 'NONE', #972, #2093, #3319, .T. ) ;
#4015 = CYLINDRICAL_SURFACE ( 'NONE', #6975, 0.5000000000000004441 ) ;
#4016 = PRODUCT ( 'AFBR-S4N66P024M Mount', 'AFBR-S4N66P024M Mount', '', ( #5802 ) ) ;
#4017 = ORIENTED_EDGE ( 'NONE', *, *, #3112, .T. ) ;
#4018 = ORIENTED_EDGE ( 'NONE', *, *, #2441, .T. ) ;
#4019 = ORIENTED_EDGE ( 'NONE', *, *, #1315, .T. ) ;
#4020 = CARTESIAN_POINT ( 'NONE',  ( -1.849999999999999645, -2.000000000000000000, 0.1000000000000000056 ) ) ;
#4021 = CARTESIAN_POINT ( 'NONE',  ( 16.00000000000000000, 0.000000000000000000, 1.750000000000000666 ) ) ;
#4022 = VECTOR ( 'NONE', #6718, 1000.000000000000000 ) ;
#4023 = EDGE_CURVE ( 'NONE', #7655, #2792, #4044, .T. ) ;
#4024 = CARTESIAN_POINT ( 'NONE',  ( 6.769999999999997797, -3.499999999999999112, 0.000000000000000000 ) ) ;
#4025 = ORIENTED_EDGE ( 'NONE', *, *, #3831, .T. ) ;
#4026 = CARTESIAN_POINT ( 'NONE',  ( -5.000000000000000000, 2.799999999999999822, 0.1000000000000000056 ) ) ;
#4027 = CIRCLE ( 'NONE', #3908, 0.2500000000000000000 ) ;
#4028 = CARTESIAN_POINT ( 'NONE',  ( -10.50000000000000533, 7.500000000000000000, -9.000000000000001776 ) ) ;
#4029 = VERTEX_POINT ( 'NONE', #5843 ) ;
#4030 = EDGE_CURVE ( 'NONE', #1337, #5214, #5818, .T. ) ;
#4031 = CARTESIAN_POINT ( 'NONE',  ( 16.00000000000000000, 0.4999999999999995559, 9.000000000000000000 ) ) ;
#4032 = CARTESIAN_POINT ( 'NONE',  ( -4.299999999999999822, -1.199999999999999734, 0.1000000000000000056 ) ) ;
#4033 = DIRECTION ( 'NONE',  ( 1.000000000000000000, 0.000000000000000000, 0.000000000000000000 ) ) ;
#4034 = DIRECTION ( 'NONE',  ( 1.000000000000000000, 0.000000000000000000, -0.000000000000000000 ) ) ;
#4035 = CIRCLE ( 'NONE', #6335, 1.499999999999999556 ) ;
#4036 = DIRECTION ( 'NONE',  ( 1.000000000000000000, 0.000000000000000000, -0.000000000000000000 ) ) ;
#4037 = ORIENTED_EDGE ( 'NONE', *, *, #7075, .T. ) ;
#4038 = VECTOR ( 'NONE', #147, 1000.000000000000000 ) ;
#4039 = EDGE_CURVE ( 'NONE', #1414, #1770, #2381, .T. ) ;
#4040 = ORIENTED_EDGE ( 'NONE', *, *, #5343, .F. ) ;
#4041 = PRODUCT_CONTEXT ( 'NONE', #5783, 'mechanical' ) ;
#4042 = VECTOR ( 'NONE', #6643, 1000.000000000000000 ) ;
#4043 = AXIS2_PLACEMENT_3D ( 'NONE', #3426, #5950, #4033 ) ;
#4044 = LINE ( 'NONE', #1004, #5565 ) ;
#4045 = ORIENTED_EDGE ( 'NONE', *, *, #5248, .T. ) ;
#4046 = CIRCLE ( 'NONE', #4817, 0.5000000000000004441 ) ;
#4047 = DIRECTION ( 'NONE',  ( 0.000000000000000000, 0.000000000000000000, 1.000000000000000000 ) ) ;
#4048 = LINE ( 'NONE', #327, #1631 ) ;
#4049 = DIRECTION ( 'NONE',  ( 0.000000000000000000, -1.000000000000000000, 0.000000000000000000 ) ) ;
#4050 = DIRECTION ( 'NONE',  ( 0.000000000000000000, 1.000000000000000000, 0.000000000000000000 ) ) ;
#4051 = VECTOR ( 'NONE', #4482, 1000.000000000000000 ) ;
#4052 = ADVANCED_FACE ( 'NONE', ( #7369 ), #5163, .T. ) ;
#4053 = AXIS2_PLACEMENT_3D ( 'NONE', #3810, #2101, #7490 ) ;
#4054 = EDGE_CURVE ( 'NONE', #2228, #2384, #2500, .T. ) ;
#4055 = ORIENTED_EDGE ( 'NONE', *, *, #1360, .T. ) ;
#4056 = PRODUCT_DEFINITION_CONTEXT ( 'detailed design', #5226, 'design' ) ;
#4057 = ORIENTED_EDGE ( 'NONE', *, *, #6052, .F. ) ;
#4058 = CIRCLE ( 'NONE', #2657, 1.500000000000000000 ) ;
#4059 = DIRECTION ( 'NONE',  ( -0.000000000000000000, -1.000000000000000000, -0.000000000000000000 ) ) ;
#4060 = DIRECTION ( 'NONE',  ( -0.000000000000000000, -0.000000000000000000, -1.000000000000000000 ) ) ;
#4061 = DIRECTION ( 'NONE',  ( 1.000000000000000000, 0.000000000000000000, 0.000000000000000000 ) ) ;
#4062 = EDGE_LOOP ( 'NONE', ( #6267, #1449, #4457, #1620 ) ) ;
#4063 = ORIENTED_EDGE ( 'NONE', *, *, #4150, .F. ) ;
#4064 = ORIENTED_EDGE ( 'NONE', *, *, #4804, .F. ) ;
#4065 = CYLINDRICAL_SURFACE ( 'NONE', #4132, 1.499999999999999556 ) ;
#4066 = CARTESIAN_POINT ( 'NONE',  ( 13.99999999999999822, 0.000000000000000000, 0.2500000000000009437 ) ) ;
#4067 = CARTESIAN_POINT ( 'NONE',  ( -16.00000000000000000, 0.000000000000000000, -5.575896887068297953E-16 ) ) ;
#4068 = AXIS2_PLACEMENT_3D ( 'NONE', #3452, #2284, #4070 ) ;
#4069 = EDGE_LOOP ( 'NONE', ( #6777, #7209, #5541, #3630 ) ) ;
#4070 = DIRECTION ( 'NONE',  ( 1.000000000000000000, 0.000000000000000000, 0.000000000000000000 ) ) ;
#4071 = EDGE_CURVE ( 'NONE', #3544, #43, #5434, .T. ) ;
#4072 = EDGE_CURVE ( 'NONE', #3444, #1780, #5442, .T. ) ;
#4073 = VECTOR ( 'NONE', #3863, 1000.000000000000000 ) ;
#4074 = EDGE_CURVE ( 'NONE', #6558, #5772, #1901, .T. ) ;
#4075 = ORIENTED_EDGE ( 'NONE', *, *, #4536, .T. ) ;
#4076 = VECTOR ( 'NONE', #4161, 1000.000000000000000 ) ;
#4077 = CARTESIAN_POINT ( 'NONE',  ( 16.00000000000000000, 7.500000000000000000, 8.199999999999997513 ) ) ;
#4078 = ORIENTED_EDGE ( 'NONE', *, *, #2622, .F. ) ;
#4079 = LINE ( 'NONE', #5833, #909 ) ;
#4080 = CARTESIAN_POINT ( 'NONE',  ( -5.049999999999999822, 2.000000000000000000, 0.1000000000000000056 ) ) ;
#4081 = CARTESIAN_POINT ( 'NONE',  ( -5.049999999999999822, 2.000000000000000000, 0.000000000000000000 ) ) ;
#4082 = CYLINDRICAL_SURFACE ( 'NONE', #3403, 1.500000000000000000 ) ;
#4083 = AXIS2_PLACEMENT_3D ( 'NONE', #7361, #167, #4923 ) ;
#4084 = DIRECTION ( 'NONE',  ( -0.000000000000000000, 1.000000000000000000, -0.000000000000000000 ) ) ;
#4085 = ORIENTED_EDGE ( 'NONE', *, *, #329, .F. ) ;
#4086 = VERTEX_POINT ( 'NONE', #6954 ) ;
#4087 = EDGE_CURVE ( 'NONE', #1024, #735, #2089, .T. ) ;
#4088 = CONTEXT_DEPENDENT_SHAPE_REPRESENTATION ( #1968, #2186 ) ;
#4089 = CYLINDRICAL_SURFACE ( 'NONE', #7265, 0.5000000000000004441 ) ;
#4090 = ORIENTED_EDGE ( 'NONE', *, *, #5385, .F. ) ;
#4091 = CARTESIAN_POINT ( 'NONE',  ( 15.50000000000000178, 0.4999999999999995559, 4.350000000000001421 ) ) ;
#4092 = LINE ( 'NONE', #7724, #2278 ) ;
#4093 = PRODUCT ( 'SiPM lens 2x1', 'SiPM lens 2x1', '', ( #5842 ) ) ;
#4094 = ADVANCED_FACE ( 'NONE', ( #5086 ), #6913, .T. ) ;
#4095 = DIRECTION ( 'NONE',  ( -1.000000000000000000, -1.412641267082090664E-16, 0.000000000000000000 ) ) ;
#4096 = FACE_OUTER_BOUND ( 'NONE', #2236, .T. ) ;
#4097 = ORIENTED_EDGE ( 'NONE', *, *, #7747, .F. ) ;
#4098 = EDGE_LOOP ( 'NONE', ( #7506, #4809, #5944, #2369 ) ) ;
#4099 = EDGE_CURVE ( 'NONE', #1408, #1119, #6275, .T. ) ;
#4100 = EDGE_CURVE ( 'NONE', #4086, #1337, #3655, .T. ) ;
#4101 = LINE ( 'NONE', #7695, #3340 ) ;
#4102 =( NAMED_UNIT ( * ) PLANE_ANGLE_UNIT ( ) SI_UNIT ( $, .RADIAN. ) );
#4103 = DIRECTION ( 'NONE',  ( 0.000000000000000000, 0.000000000000000000, 1.000000000000000000 ) ) ;
#4104 = ORIENTED_EDGE ( 'NONE', *, *, #5059, .T. ) ;
#4105 = EDGE_LOOP ( 'NONE', ( #2629, #436, #504, #7802 ) ) ;
#4106 = EDGE_LOOP ( 'NONE', ( #7556, #7045 ) ) ;
#4107 = ORIENTED_EDGE ( 'NONE', *, *, #7753, .T. ) ;
#4108 = DIRECTION ( 'NONE',  ( 1.000000000000000000, 0.000000000000000000, 0.000000000000000000 ) ) ;
#4109 = CARTESIAN_POINT ( 'NONE',  ( 9.000000000000000000, 6.000000000000000000, -9.000000000000001776 ) ) ;
#4110 = AXIS2_PLACEMENT_3D ( 'NONE', #2569, #4357, #718 ) ;
#4111 = FACE_OUTER_BOUND ( 'NONE', #2377, .T. ) ;
#4112 = ORIENTED_EDGE ( 'NONE', *, *, #7078, .F. ) ;
#4113 = DIRECTION ( 'NONE',  ( -1.000000000000000000, 0.000000000000000000, -1.652117596168387756E-16 ) ) ;
#4114 = ORIENTED_EDGE ( 'NONE', *, *, #7594, .T. ) ;
#4115 = DIRECTION ( 'NONE',  ( 0.000000000000000000, -0.000000000000000000, 1.000000000000000000 ) ) ;
#4116 = VERTEX_POINT ( 'NONE', #5795 ) ;
#4117 =( GEOMETRIC_REPRESENTATION_CONTEXT ( 3 ) GLOBAL_UNCERTAINTY_ASSIGNED_CONTEXT ( ( #992 ) ) GLOBAL_UNIT_ASSIGNED_CONTEXT ( ( #3223, #6264, #5669 ) ) REPRESENTATION_CONTEXT ( 'NONE', 'WORKASPACE' ) );
#4118 = DIRECTION ( 'NONE',  ( 0.000000000000000000, 0.000000000000000000, 1.000000000000000000 ) ) ;
#4119 = DIRECTION ( 'NONE',  ( 0.000000000000000000, 0.000000000000000000, 1.000000000000000000 ) ) ;
#4120 = VECTOR ( 'NONE', #262, 1000.000000000000000 ) ;
#4121 = DIRECTION ( 'NONE',  ( 0.000000000000000000, 1.000000000000000000, -0.000000000000000000 ) ) ;
#4122 = LINE ( 'NONE', #5238, #84 ) ;
#4123 = EDGE_CURVE ( 'NONE', #6708, #3453, #3519, .T. ) ;
#4124 = ORIENTED_EDGE ( 'NONE', *, *, #5917, .F. ) ;
#4125 = VERTEX_POINT ( 'NONE', #2724 ) ;
#4126 = DIRECTION ( 'NONE',  ( 1.000000000000000000, 0.000000000000000000, -0.000000000000000000 ) ) ;
#4127 = ORIENTED_EDGE ( 'NONE', *, *, #6042, .T. ) ;
#4128 = CARTESIAN_POINT ( 'NONE',  ( -9.500000000000001776, -3.499999999999999556, 0.2500000000000002220 ) ) ;
#4129 = DIRECTION ( 'NONE',  ( 0.000000000000000000, 1.000000000000000000, 0.000000000000000000 ) ) ;
#4130 = AXIS2_PLACEMENT_3D ( 'NONE', #6464, #425, #7108 ) ;
#4131 = ADVANCED_FACE ( 'NONE', ( #6997, #2173, #2649, #7036, #1480 ), #1562, .F. ) ;
#4132 = AXIS2_PLACEMENT_3D ( 'NONE', #1021, #3447, #7863 ) ;
#4133 = DIRECTION ( 'NONE',  ( 0.000000000000000000, 0.000000000000000000, -1.000000000000000000 ) ) ;
#4134 = ORIENTED_EDGE ( 'NONE', *, *, #5701, .T. ) ;
#4135 = VECTOR ( 'NONE', #2941, 1000.000000000000000 ) ;
#4136 = ORIENTED_EDGE ( 'NONE', *, *, #4776, .T. ) ;
#4137 = VECTOR ( 'NONE', #5179, 1000.000000000000000 ) ;
#4138 = CARTESIAN_POINT ( 'NONE',  ( -17.50000000000000000, 0.000000000000000000, 5.204170427930421283E-15 ) ) ;
#4139 = SURFACE_STYLE_FILL_AREA ( #1705 ) ;
#4140 = DIRECTION ( 'NONE',  ( -1.000000000000000000, 0.000000000000000000, 0.000000000000000000 ) ) ;
#4141 = ORIENTED_EDGE ( 'NONE', *, *, #2416, .T. ) ;
#4142 = ORIENTED_EDGE ( 'NONE', *, *, #3191, .T. ) ;
#4143 = EDGE_CURVE ( 'NONE', #1170, #3086, #1525, .T. ) ;
#4144 = EDGE_CURVE ( 'NONE', #5563, #1903, #4428, .T. ) ;
#4145 = VERTEX_POINT ( 'NONE', #47 ) ;
#4146 = CARTESIAN_POINT ( 'NONE',  ( 9.249999999999998224, 3.249999999999999556, 0.2500000000000000000 ) ) ;
#4147 = LINE ( 'NONE', #5785, #7704 ) ;
#4148 = CYLINDRICAL_SURFACE ( 'NONE', #4164, 1.500000000000000000 ) ;
#4149 = ORIENTED_EDGE ( 'NONE', *, *, #6880, .T. ) ;
#4150 = EDGE_CURVE ( 'NONE', #5091, #3389, #201, .T. ) ;
#4151 = PLANE ( 'NONE',  #6611 ) ;
#4152 = ORIENTED_EDGE ( 'NONE', *, *, #6190, .T. ) ;
#4153 = CARTESIAN_POINT ( 'NONE',  ( 5.049999999999999822, 2.000000000000000000, 0.1000000000000000056 ) ) ;
#4154 = ORIENTED_EDGE ( 'NONE', *, *, #3474, .T. ) ;
#4155 = LINE ( 'NONE', #1644, #400 ) ;
#4156 = FACE_OUTER_BOUND ( 'NONE', #2664, .T. ) ;
#4157 = CYLINDRICAL_SURFACE ( 'NONE', #6350, 0.4999999999999995559 ) ;
#4158 = ORIENTED_EDGE ( 'NONE', *, *, #548, .T. ) ;
#4159 = AXIS2_PLACEMENT_3D ( 'NONE', #3768, #7414, #3205 ) ;
#4160 = ORIENTED_EDGE ( 'NONE', *, *, #530, .F. ) ;
#4162 = ADVANCED_FACE ( 'NONE', ( #480 ), #518, .T. ) ;
#4161 = DIRECTION ( 'NONE',  ( 0.000000000000000000, 0.000000000000000000, 1.000000000000000000 ) ) ;
#4163 = ORIENTED_EDGE ( 'NONE', *, *, #6294, .F. ) ;
#4164 = AXIS2_PLACEMENT_3D ( 'NONE', #4067, #4747, #2316 ) ;
#4165 = COLOUR_RGB ( '',0.7921568627450980005, 0.8196078431372548767, 0.9333333333333333481 ) ;
#4166 = PLANE ( 'NONE',  #5893 ) ;
#4167 = EDGE_CURVE ( 'NONE', #531, #3308, #2646, .T. ) ;
#4168 = CARTESIAN_POINT ( 'NONE',  ( 5.999999999999999112, -1.199999999999998623, 0.1000000000000000056 ) ) ;
#4169 = FACE_OUTER_BOUND ( 'NONE', #5521, .T. ) ;
#4170 = DIRECTION ( 'NONE',  ( -1.826024711554533913E-16, -0.000000000000000000, -1.000000000000000000 ) ) ;
#4171 = FACE_OUTER_BOUND ( 'NONE', #4789, .T. ) ;
#4172 = CIRCLE ( 'NONE', #1747, 0.5000000000000004441 ) ;
#4173 = CIRCLE ( 'NONE', #717, 0.2500000000000002220 ) ;
#4174 = VERTEX_POINT ( 'NONE', #7120 ) ;
#4175 = AXIS2_PLACEMENT_3D ( 'NONE', #5544, #703, #4347 ) ;
#4176 = EDGE_CURVE ( 'NONE', #391, #7708, #4173, .T. ) ;
#4177 = ADVANCED_FACE ( 'NONE', ( #4156 ), #1724, .T. ) ;
#4178 = VERTEX_POINT ( 'NONE', #2209 ) ;
#4179 = CARTESIAN_POINT ( 'NONE',  ( -3.299999999999999822, 2.799999999999998490, 0.1000000000000000056 ) ) ;
#4180 = VECTOR ( 'NONE', #28, 1000.000000000000000 ) ;
#4181 = DIRECTION ( 'NONE',  ( -0.000000000000000000, 1.000000000000000000, -0.000000000000000000 ) ) ;
#4182 = CARTESIAN_POINT ( 'NONE',  ( -17.50000000000000000, 0.4999999999999995559, 5.204170427930418128E-15 ) ) ;
#4183 = CIRCLE ( 'NONE', #1882, 0.4999999999999997780 ) ;
#4184 = VERTEX_POINT ( 'NONE', #4081 ) ;
#4185 = ORIENTED_EDGE ( 'NONE', *, *, #2172, .F. ) ;
#4186 = CARTESIAN_POINT ( 'NONE',  ( -16.00000000000000000, 0.4999999999999995559, 0.000000000000000000 ) ) ;
#4187 = CARTESIAN_POINT ( 'NONE',  ( 4.200000000000000178, 2.000000000000000000, 0.000000000000000000 ) ) ;
#4188 = ADVANCED_FACE ( 'NONE', ( #6588 ), #7674, .T. ) ;
#4189 = DIRECTION ( 'NONE',  ( -0.000000000000000000, 1.000000000000000000, -0.000000000000000000 ) ) ;
#4190 = ORIENTED_EDGE ( 'NONE', *, *, #3840, .F. ) ;
#4191 = CARTESIAN_POINT ( 'NONE',  ( 5.000000000000000000, 2.800000000000001155, 0.1000000000000000056 ) ) ;
#4192 = PRODUCT_DEFINITION_FORMATION_WITH_SPECIFIED_SOURCE ( 'ANY', '', #7324, .NOT_KNOWN. ) ;
#4193 = VERTEX_POINT ( 'NONE', #7158 ) ;
#4194 = DIRECTION ( 'NONE',  ( 0.000000000000000000, -1.000000000000000000, 0.000000000000000000 ) ) ;
#4195 = ORIENTED_EDGE ( 'NONE', *, *, #4396, .T. ) ;
#4196 = CARTESIAN_POINT ( 'NONE',  ( 13.99999999999999822, 7.500000000000000000, 1.750000000000000888 ) ) ;
#4197 = EDGE_CURVE ( 'NONE', #4581, #5471, #1032, .T. ) ;
#4198 = CARTESIAN_POINT ( 'NONE',  ( 16.75000000000000000, 7.500000000000000000, -4.000000000000000000 ) ) ;
#4199 = CARTESIAN_POINT ( 'NONE',  ( 16.00000000000000000, 0.000000000000000000, -10.04999999999999893 ) ) ;
#4200 = ORIENTED_EDGE ( 'NONE', *, *, #1380, .F. ) ;
#4201 = AXIS2_PLACEMENT_3D ( 'NONE', #2540, #4974, #7411 ) ;
#4202 = APPLICATION_CONTEXT ( 'automotive_design' ) ;
#4203 = ORIENTED_EDGE ( 'NONE', *, *, #792, .T. ) ;
#4204 = VECTOR ( 'NONE', #3152, 1000.000000000000000 ) ;
#4205 = CARTESIAN_POINT ( 'NONE',  ( 15.50000000000000178, 0.4999999999999995559, -3.799999999999999822 ) ) ;
#4206 = ORIENTED_EDGE ( 'NONE', *, *, #3237, .F. ) ;
#4207 = CARTESIAN_POINT ( 'NONE',  ( -5.000000000000000000, 2.799999999999999822, 0.000000000000000000 ) ) ;
#4208 = DIRECTION ( 'NONE',  ( -0.000000000000000000, 1.000000000000000000, -0.000000000000000000 ) ) ;
#4209 = AXIS2_PLACEMENT_3D ( 'NONE', #5201, #7676, #4036 ) ;
#4210 = CARTESIAN_POINT ( 'NONE',  ( -12.00000000000000533, 0.4999999999999995559, 1.500000000000004219 ) ) ;
#4211 = DIRECTION ( 'NONE',  ( -1.000000000000000000, -0.000000000000000000, -0.000000000000000000 ) ) ;
#4212 = ORIENTED_EDGE ( 'NONE', *, *, #6972, .T. ) ;
#4213 = ORIENTED_EDGE ( 'NONE', *, *, #4143, .T. ) ;
#4214 = DIRECTION ( 'NONE',  ( 0.000000000000000000, 0.000000000000000000, -1.000000000000000000 ) ) ;
#4215 = CARTESIAN_POINT ( 'NONE',  ( 15.25000000000000178, 0.5000000000000004441, -2.499999999999999556 ) ) ;
#4216 = ADVANCED_FACE ( 'NONE', ( #5392 ), #5357, .F. ) ;
#4217 = EDGE_CURVE ( 'NONE', #660, #5954, #3549, .T. ) ;
#4218 = ORIENTED_EDGE ( 'NONE', *, *, #6179, .F. ) ;
#4219 = ORIENTED_EDGE ( 'NONE', *, *, #404, .T. ) ;
#4220 = CARTESIAN_POINT ( 'NONE',  ( -9.695652173913044791, 7.500000000000000000, 8.604945506379111819 ) ) ;
#4221 = CARTESIAN_POINT ( 'NONE',  ( -0.4300000000000032685, -3.069999999999998952, -0.5000000000000000000 ) ) ;
#4222 = DIRECTION ( 'NONE',  ( -2.168404344971008868E-16, 1.000000000000000000, -0.000000000000000000 ) ) ;
#4223 = LINE ( 'NONE', #1179, #5433 ) ;
#4224 = DIRECTION ( 'NONE',  ( -0.000000000000000000, -1.000000000000000000, -0.000000000000000000 ) ) ;
#4225 = EDGE_CURVE ( 'NONE', #2672, #3198, #3505, .T. ) ;
#4226 = EDGE_LOOP ( 'NONE', ( #7095, #2146, #7428, #4337, #2052, #2958, #2476, #4294, #7277, #991, #4310, #6989, #502, #633, #1097, #5253, #2098, #6400, #6721, #6458, #2306, #2445, #2030, #723, #1594, #7813, #804, #2060, #4843, #5801, #4957, #6881 ) ) ;
#4227 = DIRECTION ( 'NONE',  ( 0.000000000000000000, -0.000000000000000000, 1.000000000000000000 ) ) ;
#4228 = ORIENTED_EDGE ( 'NONE', *, *, #3202, .T. ) ;
#4229 = ORIENTED_EDGE ( 'NONE', *, *, #3954, .F. ) ;
#4230 = VECTOR ( 'NONE', #3677, 1000.000000000000000 ) ;
#4231 = CARTESIAN_POINT ( 'NONE',  ( 15.49999999999999822, 0.000000000000000000, -1.749999999999999112 ) ) ;
#4232 = DIRECTION ( 'NONE',  ( -1.000000000000000000, 0.000000000000000000, 0.000000000000000000 ) ) ;
#4233 = DIRECTION ( 'NONE',  ( -0.000000000000000000, 1.000000000000000000, -0.000000000000000000 ) ) ;
#4234 = VERTEX_POINT ( 'NONE', #5911 ) ;
#4235 = AXIS2_PLACEMENT_3D ( 'NONE', #2736, #5132, #5646 ) ;
#4236 = ORIENTED_EDGE ( 'NONE', *, *, #7263, .T. ) ;
#4237 = EDGE_CURVE ( 'NONE', #4116, #583, #7231, .T. ) ;
#4238 = VECTOR ( 'NONE', #5910, 1000.000000000000000 ) ;
#4239 = EDGE_CURVE ( 'NONE', #3456, #4125, #6976, .T. ) ;
#4240 = CARTESIAN_POINT ( 'NONE',  ( 5.549999999999999822, 2.000000000000000000, 0.1000000000000000056 ) ) ;
#4241 = VERTEX_POINT ( 'NONE', #2291 ) ;
#4242 = CARTESIAN_POINT ( 'NONE',  ( -9.000000000000000000, 6.000000000000000000, -9.000000000000001776 ) ) ;
#4243 = DIRECTION ( 'NONE',  ( 1.000000000000000000, 0.000000000000000000, 0.000000000000000000 ) ) ;
#4244 = DIRECTION ( 'NONE',  ( 0.000000000000000000, 0.000000000000000000, 1.000000000000000000 ) ) ;
#4245 = AXIS2_PLACEMENT_3D ( 'NONE', #2410, #3114, #4279 ) ;
#4246 = CARTESIAN_POINT ( 'NONE',  ( 3.700000000000000178, -2.000000000000000000, 0.1000000000000000056 ) ) ;
#4247 = VECTOR ( 'NONE', #2934, 1000.000000000000000 ) ;
#4248 = VERTEX_POINT ( 'NONE', #2250 ) ;
#4249 = EDGE_LOOP ( 'NONE', ( #1567, #5852, #4542 ) ) ;
#4250 = VECTOR ( 'NONE', #2481, 1000.000000000000000 ) ;
#4251 = CARTESIAN_POINT ( 'NONE',  ( -4.299999999999999822, 2.799999999999998490, 0.000000000000000000 ) ) ;
#4252 = AXIS2_PLACEMENT_3D ( 'NONE', #5680, #3760, #1931 ) ;
#4253 = CARTESIAN_POINT ( 'NONE',  ( 6.050000000000000711, 2.000000000000000000, 0.000000000000000000 ) ) ;
#4254 = CARTESIAN_POINT ( 'NONE',  ( -9.000000000000000000, 7.500000000000000000, -9.000000000000000000 ) ) ;
#4255 = CIRCLE ( 'NONE', #811, 0.5000000000000000000 ) ;
#4256 = AXIS2_PLACEMENT_3D ( 'NONE', #269, #232, #6942 ) ;
#4257 = ORIENTED_EDGE ( 'NONE', *, *, #1932, .F. ) ;
#4258 = CARTESIAN_POINT ( 'NONE',  ( -19.97434152639470639, -0.8418290610425175347, 30.37057002075016499 ) ) ;
#4259 = EDGE_LOOP ( 'NONE', ( #1197, #4112, #3028, #3859 ) ) ;
#4260 = EDGE_CURVE ( 'NONE', #1780, #5955, #1686, .T. ) ;
#4261 = LINE ( 'NONE', #4898, #5325 ) ;
#4262 = ADVANCED_FACE ( 'NONE', ( #6551 ), #6627, .F. ) ;
#4263 = DIRECTION ( 'NONE',  ( -0.000000000000000000, -0.000000000000000000, -1.000000000000000000 ) ) ;
#4264 = CARTESIAN_POINT ( 'NONE',  ( -5.000000000000000000, 2.799999999999999822, 0.1000000000000000056 ) ) ;
#4265 = LINE ( 'NONE', #543, #963 ) ;
#4266 = LINE ( 'NONE', #4299, #5603 ) ;
#4267 = EDGE_LOOP ( 'NONE', ( #7685, #4219, #3054, #5375 ) ) ;
#4268 = DIRECTION ( 'NONE',  ( 0.000000000000000000, 0.000000000000000000, 1.000000000000000000 ) ) ;
#4269 = ORIENTED_EDGE ( 'NONE', *, *, #3875, .F. ) ;
#4270 = EDGE_CURVE ( 'NONE', #4875, #6003, #2800, .T. ) ;
#4271 = DIRECTION ( 'NONE',  ( 1.000000000000000000, 0.000000000000000000, 0.000000000000000000 ) ) ;
#4272 = CARTESIAN_POINT ( 'NONE',  ( -7.864218330839943150, 0.4999999999999995559, 9.500000000000000000 ) ) ;
#4273 = CARTESIAN_POINT ( 'NONE',  ( -17.50000000000000000, 7.500000000000000000, -10.50000000000000000 ) ) ;
#4274 = ORIENTED_EDGE ( 'NONE', *, *, #235, .T. ) ;
#4275 = CARTESIAN_POINT ( 'NONE',  ( -9.000000000000000000, -3.000000000000000444, -18.00000000000000000 ) ) ;
#4276 = DIRECTION ( 'NONE',  ( 0.000000000000000000, 0.000000000000000000, 1.000000000000000000 ) ) ;
#4277 = ORIENTED_EDGE ( 'NONE', *, *, #5245, .T. ) ;
#4278 = FACE_OUTER_BOUND ( 'NONE', #1895, .T. ) ;
#4279 = DIRECTION ( 'NONE',  ( 0.000000000000000000, 0.000000000000000000, 1.000000000000000000 ) ) ;
#4280 = LINE ( 'NONE', #1851, #2465 ) ;
#4281 = CIRCLE ( 'NONE', #7475, 1.049999999999998934 ) ;
#4282 = EDGE_CURVE ( 'NONE', #3320, #4674, #4680, .T. ) ;
#4283 = CARTESIAN_POINT ( 'NONE',  ( 3.200000000000000178, -2.000000000000000000, 0.1000000000000000056 ) ) ;
#4284 = VERTEX_POINT ( 'NONE', #3106 ) ;
#4285 = VERTEX_POINT ( 'NONE', #7433 ) ;
#4286 = CYLINDRICAL_SURFACE ( 'NONE', #2551, 0.5500000000000010436 ) ;
#4287 = DIRECTION ( 'NONE',  ( 0.000000000000000000, 0.000000000000000000, -1.000000000000000000 ) ) ;
#4288 = EDGE_CURVE ( 'NONE', #1375, #207, #5548, .T. ) ;
#4289 = CARTESIAN_POINT ( 'NONE',  ( -9.000000000000007105, 0.4999999999999995559, -10.50000000000000000 ) ) ;
#4290 = AXIS2_PLACEMENT_3D ( 'NONE', #6048, #2346, #7212 ) ;
#4291 = VECTOR ( 'NONE', #826, 1000.000000000000000 ) ;
#4292 = VERTEX_POINT ( 'NONE', #1193 ) ;
#4293 =( NAMED_UNIT ( * ) SI_UNIT ( $, .STERADIAN. ) SOLID_ANGLE_UNIT ( ) );
#4294 = ORIENTED_EDGE ( 'NONE', *, *, #5828, .T. ) ;
#4295 = AXIS2_PLACEMENT_3D ( 'NONE', #6704, #3751, #554 ) ;
#4296 = CARTESIAN_POINT ( 'NONE',  ( 6.000000000000000000, 2.800000000000001155, 0.1000000000000000056 ) ) ;
#4297 = DIRECTION ( 'NONE',  ( 0.000000000000000000, 0.000000000000000000, 1.000000000000000000 ) ) ;
#4298 = CARTESIAN_POINT ( 'NONE',  ( -16.00000000000000000, 0.4999999999999995559, 0.8000000000000009326 ) ) ;
#4299 = CARTESIAN_POINT ( 'NONE',  ( -9.000000000000000000, 0.4999999999999995559, 9.799999999999998934 ) ) ;
#4300 = AXIS2_PLACEMENT_3D ( 'NONE', #1725, #1879, #3033 ) ;
#4301 = CARTESIAN_POINT ( 'NONE',  ( 16.00000000000000000, 7.500000000000000000, 8.999999999999998224 ) ) ;
#4302 = VECTOR ( 'NONE', #4653, 1000.000000000000000 ) ;
#4303 = VERTEX_POINT ( 'NONE', #4837 ) ;
#4304 = SURFACE_STYLE_USAGE ( .BOTH. , #3746 ) ;
#4305 = CYLINDRICAL_SURFACE ( 'NONE', #225, 1.500000000000000444 ) ;
#4306 = CARTESIAN_POINT ( 'NONE',  ( 13.24999999999999822, -16.34050177399711501, -0.9999999999999995559 ) ) ;
#4307 =( LENGTH_UNIT ( ) NAMED_UNIT ( * ) SI_UNIT ( .MILLI., .METRE. ) );
#4308 = CARTESIAN_POINT ( 'NONE',  ( 15.50000000000000178, 0.000000000000000000, -4.949999999999998401 ) ) ;
#4309 = FACE_OUTER_BOUND ( 'NONE', #7235, .T. ) ;
#4310 = ORIENTED_EDGE ( 'NONE', *, *, #749, .F. ) ;
#4311 = ADVANCED_FACE ( 'NONE', ( #4873 ), #6065, .F. ) ;
#4312 = AXIS2_PLACEMENT_3D ( 'NONE', #1171, #2351, #1745 ) ;
#4313 = ADVANCED_FACE ( 'NONE', ( #1965 ), #2990, .T. ) ;
#4314 = CARTESIAN_POINT ( 'NONE',  ( 0.000000000000000000, 0.000000000000000000, -0.5000000000000000000 ) ) ;
#4315 = VECTOR ( 'NONE', #1595, 1000.000000000000000 ) ;
#4316 = LINE ( 'NONE', #5635, #6238 ) ;
#4317 = ORIENTED_EDGE ( 'NONE', *, *, #1360, .F. ) ;
#4318 = DIRECTION ( 'NONE',  ( -0.000000000000000000, -0.000000000000000000, -1.000000000000000000 ) ) ;
#4319 = PLANE ( 'NONE',  #920 ) ;
#4320 = CARTESIAN_POINT ( 'NONE',  ( 5.999999999999999112, -1.199999999999998623, 0.000000000000000000 ) ) ;
#4321 = DIRECTION ( 'NONE',  ( 0.000000000000000000, 0.000000000000000000, 1.000000000000000000 ) ) ;
#4322 = VECTOR ( 'NONE', #523, 1000.000000000000000 ) ;
#4323 = ADVANCED_FACE ( 'NONE', ( #6183 ), #591, .F. ) ;
#4324 = EDGE_LOOP ( 'NONE', ( #6535, #971, #2932, #1183 ) ) ;
#4325 = ORIENTED_EDGE ( 'NONE', *, *, #4270, .T. ) ;
#4326 = AXIS2_PLACEMENT_3D ( 'NONE', #3809, #611, #6763 ) ;
#4327 = ORIENTED_EDGE ( 'NONE', *, *, #1511, .F. ) ;
#4328 = EDGE_CURVE ( 'NONE', #5609, #6362, #3066, .T. ) ;
#4329 = AXIS2_PLACEMENT_3D ( 'NONE', #5121, #4638, #3269 ) ;
#4330 = DIRECTION ( 'NONE',  ( -2.825282534164181327E-16, -1.000000000000000000, 0.000000000000000000 ) ) ;
#4331 = FACE_BOUND ( 'NONE', #5973, .T. ) ;
#4332 = DIRECTION ( 'NONE',  ( -0.000000000000000000, -0.000000000000000000, 1.000000000000000000 ) ) ;
#4333 = DIRECTION ( 'NONE',  ( -1.000000000000000000, 0.000000000000000000, -0.000000000000000000 ) ) ;
#4334 = SHAPE_REPRESENTATION ( 'HEPI Housing base', ( #1166 ), #913 ) ;
#4335 = ORIENTED_EDGE ( 'NONE', *, *, #2029, .T. ) ;
#4336 = EDGE_CURVE ( 'NONE', #3945, #1048, #2386, .T. ) ;
#4337 = ORIENTED_EDGE ( 'NONE', *, *, #1301, .T. ) ;
#4338 = EDGE_CURVE ( 'NONE', #3577, #1196, #5592, .T. ) ;
#4339 = DIRECTION ( 'NONE',  ( 0.000000000000000000, 1.000000000000000000, 0.000000000000000000 ) ) ;
#4340 = PLANE ( 'NONE',  #1453 ) ;
#4341 = DIRECTION ( 'NONE',  ( 0.000000000000000000, 0.000000000000000000, -1.000000000000000000 ) ) ;
#4342 = CARTESIAN_POINT ( 'NONE',  ( 4.299999999999999822, 2.799999999999999378, 0.1000000000000000056 ) ) ;
#4343 = DIRECTION ( 'NONE',  ( 1.000000000000000000, 0.000000000000000000, 0.000000000000000000 ) ) ;
#4344 = VERTEX_POINT ( 'NONE', #1922 ) ;
#4345 = DIRECTION ( 'NONE',  ( 1.000000000000000000, 0.000000000000000000, 0.000000000000000000 ) ) ;
#4346 = EDGE_LOOP ( 'NONE', ( #2741, #4017, #3219, #3524 ) ) ;
#4347 = DIRECTION ( 'NONE',  ( -1.000000000000000000, 0.000000000000000000, 0.000000000000000000 ) ) ;
#4348 = LINE ( 'NONE', #3747, #3534 ) ;
#4349 = DIRECTION ( 'NONE',  ( 0.000000000000000000, -1.000000000000000000, 0.000000000000000000 ) ) ;
#4350 = DIRECTION ( 'NONE',  ( 6.982962677686062396E-15, 1.000000000000000000, -3.491481338843181476E-15 ) ) ;
#4351 = CARTESIAN_POINT ( 'NONE',  ( -8.999999999999998224, 6.000000000000000000, 8.999999999999998224 ) ) ;
#4352 = CARTESIAN_POINT ( 'NONE',  ( -16.00000000000000000, 0.000000000000000000, 0.000000000000000000 ) ) ;
#4353 = ORIENTED_EDGE ( 'NONE', *, *, #2, .F. ) ;
#4354 = CARTESIAN_POINT ( 'NONE',  ( 6.570000000000000284, 3.069999999999998508, -1.074999999999999956 ) ) ;
#4355 = CARTESIAN_POINT ( 'NONE',  ( 9.499999999999994671, 0.4999999999999995559, -9.500000000000000000 ) ) ;
#4356 = EDGE_LOOP ( 'NONE', ( #4055, #4397, #1492, #2576 ) ) ;
#4357 = DIRECTION ( 'NONE',  ( 1.000000000000000000, 0.000000000000000000, 0.000000000000000000 ) ) ;
#4358 = DIRECTION ( 'NONE',  ( -0.000000000000000000, 1.000000000000000000, -0.000000000000000000 ) ) ;
#4359 = EDGE_CURVE ( 'NONE', #4284, #2497, #7880, .T. ) ;
#4360 = EDGE_CURVE ( 'NONE', #4963, #5882, #6783, .T. ) ;
#4361 = FACE_OUTER_BOUND ( 'NONE', #3470, .T. ) ;
#4362 = AXIS2_PLACEMENT_3D ( 'NONE', #5084, #5793, #2087 ) ;
#4363 = DIRECTION ( 'NONE',  ( 1.314184451497581259E-16, -1.000000000000000000, 0.000000000000000000 ) ) ;
#4364 = ORIENTED_EDGE ( 'NONE', *, *, #1007, .T. ) ;
#4365 = VERTEX_POINT ( 'NONE', #4912 ) ;
#4366 = ORIENTED_EDGE ( 'NONE', *, *, #2294, .F. ) ;
#4367 = CARTESIAN_POINT ( 'NONE',  ( 5.549999999999999822, 2.000000000000000000, 0.1000000000000000056 ) ) ;
#4368 = CARTESIAN_POINT ( 'NONE',  ( -10.50000000000000533, 0.000000000000000000, -9.000000000000001776 ) ) ;
#4369 = AXIS2_PLACEMENT_3D ( 'NONE', #1123, #2371, #77 ) ;
#4370 = EDGE_CURVE ( 'NONE', #5574, #7171, #1623, .T. ) ;
#4371 = CARTESIAN_POINT ( 'NONE',  ( 15.25000000000000178, 0.5000000000000004441, 2.500000000000000888 ) ) ;
#4372 = VECTOR ( 'NONE', #5054, 1000.000000000000000 ) ;
#4373 = DIRECTION ( 'NONE',  ( -0.000000000000000000, 1.000000000000000000, 0.000000000000000000 ) ) ;
#4374 = ORIENTED_EDGE ( 'NONE', *, *, #117, .T. ) ;
#4375 = APPLICATION_PROTOCOL_DEFINITION ( 'draft international standard', 'automotive_design', 1998, #6449 ) ;
#4376 = VERTEX_POINT ( 'NONE', #4308 ) ;
#4377 = AXIS2_PLACEMENT_3D ( 'NONE', #6757, #7850, #1242 ) ;
#4378 = FACE_OUTER_BOUND ( 'NONE', #4798, .T. ) ;
#4379 = LINE ( 'NONE', #5413, #2396 ) ;
#4380 = DIRECTION ( 'NONE',  ( 0.000000000000000000, 0.000000000000000000, 1.000000000000000000 ) ) ;
#4381 = LINE ( 'NONE', #3213, #2136 ) ;
#4382 = CIRCLE ( 'NONE', #421, 1.500000000000000000 ) ;
#4383 = EDGE_CURVE ( 'NONE', #1571, #4963, #7877, .T. ) ;
#4384 = LINE ( 'NONE', #3700, #5857 ) ;
#4385 = AXIS2_PLACEMENT_3D ( 'NONE', #6097, #578, #6054 ) ;
#4386 = EDGE_CURVE ( 'NONE', #1641, #6189, #1313, .T. ) ;
#4387 = VERTEX_POINT ( 'NONE', #1272 ) ;
#4388 = DIRECTION ( 'NONE',  ( 0.000000000000000000, 1.000000000000000000, 0.000000000000000000 ) ) ;
#4389 = ORIENTED_EDGE ( 'NONE', *, *, #771, .T. ) ;
#4390 = FACE_OUTER_BOUND ( 'NONE', #7341, .T. ) ;
#4391 = CARTESIAN_POINT ( 'NONE',  ( 15.50000000000000178, 0.4999999999999995559, 6.050000000000000711 ) ) ;
#4392 = DIRECTION ( 'NONE',  ( 1.000000000000000000, 0.000000000000000000, 0.000000000000000000 ) ) ;
#4393 = PRODUCT_DEFINITION_SHAPE ( 'NONE', 'NONE',  #7930 ) ;
#4394 = DIRECTION ( 'NONE',  ( -1.000000000000000000, -0.000000000000000000, -0.000000000000000000 ) ) ;
#4395 = CYLINDRICAL_SURFACE ( 'NONE', #7370, 0.2500000000000002220 ) ;
#4396 = EDGE_CURVE ( 'NONE', #2868, #3173, #27, .T. ) ;
#4397 = ORIENTED_EDGE ( 'NONE', *, *, #3831, .F. ) ;
#4398 = CARTESIAN_POINT ( 'NONE',  ( -9.250000000000001776, 3.249999999999999556, 0.5000000000000000000 ) ) ;
#4399 = DIRECTION ( 'NONE',  ( 1.000000000000000000, 0.000000000000000000, 0.000000000000000000 ) ) ;
#4400 = ORIENTED_EDGE ( 'NONE', *, *, #5110, .T. ) ;
#4401 = EDGE_CURVE ( 'NONE', #1316, #1654, #1099, .T. ) ;
#4402 = FACE_BOUND ( 'NONE', #3369, .T. ) ;
#4403 = CARTESIAN_POINT ( 'NONE',  ( 16.00000000000000000, 0.4999999999999995559, 8.999999999999998224 ) ) ;
#4404 = PLANE ( 'NONE',  #3870 ) ;
#4405 = DIRECTION ( 'NONE',  ( -0.000000000000000000, -0.000000000000000000, -1.000000000000000000 ) ) ;
#4406 = ORIENTED_EDGE ( 'NONE', *, *, #5160, .F. ) ;
#4407 = ADVANCED_FACE ( 'NONE', ( #706 ), #2401, .F. ) ;
#4408 = ORIENTED_EDGE ( 'NONE', *, *, #7417, .T. ) ;
#4409 = VERTEX_POINT ( 'NONE', #7762 ) ;
#4410 = AXIS2_PLACEMENT_3D ( 'NONE', #7772, #4010, #6491 ) ;
#4411 = PLANE ( 'NONE',  #4326 ) ;
#4412 = FACE_OUTER_BOUND ( 'NONE', #3745, .T. ) ;
#4413 = DIRECTION ( 'NONE',  ( 1.000000000000000000, 0.000000000000000000, 0.000000000000000000 ) ) ;
#4414 = CARTESIAN_POINT ( 'NONE',  ( 16.00000000000000000, 0.000000000000000000, 1.750000000000000666 ) ) ;
#4415 = EDGE_CURVE ( 'NONE', #6639, #5599, #5322, .T. ) ;
#4416 = ADVANCED_FACE ( 'NONE', ( #3790 ), #152, .T. ) ;
#4417 = ORIENTED_EDGE ( 'NONE', *, *, #6070, .T. ) ;
#4418 = ORIENTED_EDGE ( 'NONE', *, *, #6047, .T. ) ;
#4419 = CARTESIAN_POINT ( 'NONE',  ( 15.50000000000000178, 0.000000000000000000, 5.500000000000000000 ) ) ;
#4420 = DIRECTION ( 'NONE',  ( 0.000000000000000000, 1.000000000000000000, -0.000000000000000000 ) ) ;
#4421 = DIRECTION ( 'NONE',  ( 0.000000000000000000, 1.000000000000000000, 0.000000000000000000 ) ) ;
#4422 = VECTOR ( 'NONE', #3377, 1000.000000000000000 ) ;
#4423 = VECTOR ( 'NONE', #5720, 1000.000000000000000 ) ;
#4424 = LINE ( 'NONE', #3295, #846 ) ;
#4425 = CARTESIAN_POINT ( 'NONE',  ( 16.00000000000000000, 0.4999999999999995559, 9.000000000000000000 ) ) ;
#4426 = ORIENTED_EDGE ( 'NONE', *, *, #1754, .T. ) ;
#4427 = EDGE_CURVE ( 'NONE', #207, #5204, #3339, .T. ) ;
#4428 = CIRCLE ( 'NONE', #1870, 0.5500000000000010436 ) ;
#4429 = ORIENTED_EDGE ( 'NONE', *, *, #4643, .F. ) ;
#4430 = CIRCLE ( 'NONE', #1619, 1.499999999999999556 ) ;
#4431 = CARTESIAN_POINT ( 'NONE',  ( -6.569999999999999396, 0.1750000000000000167, -3.069999999999999396 ) ) ;
#4432 = EDGE_CURVE ( 'NONE', #5138, #3249, #3953, .T. ) ;
#4433 = PLANE ( 'NONE',  #858 ) ;
#4434 = DIRECTION ( 'NONE',  ( 1.236061108696829207E-16, 1.000000000000000000, -0.000000000000000000 ) ) ;
#4435 = LINE ( 'NONE', #2045, #3777 ) ;
#4436 = PRESENTATION_STYLE_ASSIGNMENT (( #4474 ) ) ;
#4437 = ORIENTED_EDGE ( 'NONE', *, *, #3132, .T. ) ;
#4438 = AXIS2_PLACEMENT_3D ( 'NONE', #2623, #4420, #5061 ) ;
#4439 = DIRECTION ( 'NONE',  ( -0.000000000000000000, -1.000000000000000000, -0.000000000000000000 ) ) ;
#4440 = FACE_OUTER_BOUND ( 'NONE', #2787, .T. ) ;
#4441 = VERTEX_POINT ( 'NONE', #1395 ) ;
#4442 = EDGE_CURVE ( 'NONE', #4086, #5214, #4027, .T. ) ;
#4443 = AXIS2_PLACEMENT_3D ( 'NONE', #851, #6923, #3201 ) ;
#4444 = CARTESIAN_POINT ( 'NONE',  ( 15.25000000000000000, 7.500000000000000000, -2.499999999999999556 ) ) ;
#4445 = CYLINDRICAL_SURFACE ( 'NONE', #4755, 1.500000000000000000 ) ;
#4446 = CARTESIAN_POINT ( 'NONE',  ( -10.50000000000000533, 0.000000000000000000, -9.000000000000001776 ) ) ;
#4447 = EDGE_LOOP ( 'NONE', ( #2113, #7883, #3290, #7748 ) ) ;
#4448 = LINE ( 'NONE', #1977, #7532 ) ;
#4449 = ORIENTED_EDGE ( 'NONE', *, *, #2120, .F. ) ;
#4450 = ORIENTED_EDGE ( 'NONE', *, *, #5310, .F. ) ;
#4451 = ORIENTED_EDGE ( 'NONE', *, *, #4432, .F. ) ;
#4452 = DIRECTION ( 'NONE',  ( 0.000000000000000000, 1.000000000000000000, 0.000000000000000000 ) ) ;
#4453 = VECTOR ( 'NONE', #7353, 1000.000000000000000 ) ;
#4454 = PLANE ( 'NONE',  #7447 ) ;
#4455 = CARTESIAN_POINT ( 'NONE',  ( -16.00000000000000000, 0.000000000000000000, 1.500000000000001998 ) ) ;
#4456 = VECTOR ( 'NONE', #7301, 1000.000000000000000 ) ;
#4457 = ORIENTED_EDGE ( 'NONE', *, *, #2587, .F. ) ;
#4458 = AXIS2_PLACEMENT_3D ( 'NONE', #4205, #6631, #7201 ) ;
#4459 = ORIENTED_EDGE ( 'NONE', *, *, #487, .F. ) ;
#4460 = DIRECTION ( 'NONE',  ( 0.000000000000000000, 0.000000000000000000, 1.000000000000000000 ) ) ;
#4461 = CARTESIAN_POINT ( 'NONE',  ( -9.500000000000001776, 3.249999999999999556, -18.25000000000000000 ) ) ;
#4462 = PRODUCT_DEFINITION ( 'UNKNOWN', '', #6360, #5967 ) ;
#4463 = EDGE_CURVE ( 'NONE', #7740, #4880, #2079, .T. ) ;
#4464 = LINE ( 'NONE', #778, #5318 ) ;
#4465 = LINE ( 'NONE', #2705, #2794 ) ;
#4466 = VERTEX_POINT ( 'NONE', #1353 ) ;
#4467 = ORIENTED_EDGE ( 'NONE', *, *, #7765, .T. ) ;
#4468 = DIRECTION ( 'NONE',  ( 1.000000000000000000, 0.000000000000000000, 0.000000000000000000 ) ) ;
#4469 = CARTESIAN_POINT ( 'NONE',  ( 16.00000000000000000, 0.4999999999999995559, -9.000000000000000000 ) ) ;
#4470 = LINE ( 'NONE', #6348, #6428 ) ;
#4471 =( NAMED_UNIT ( * ) SI_UNIT ( $, .STERADIAN. ) SOLID_ANGLE_UNIT ( ) );
#4472 = ADVANCED_FACE ( 'NONE', ( #753 ), #6389, .T. ) ;
#4473 = CARTESIAN_POINT ( 'NONE',  ( 0.000000000000000000, 0.000000000000000000, 0.000000000000000000 ) ) ;
#4474 = SURFACE_STYLE_USAGE ( .BOTH. , #3107 ) ;
#4475 = ORIENTED_EDGE ( 'NONE', *, *, #2105, .F. ) ;
#4476 = DIRECTION ( 'NONE',  ( -1.000000000000000000, 0.000000000000000000, 0.000000000000000000 ) ) ;
#4477 = DIRECTION ( 'NONE',  ( 0.000000000000000000, -1.000000000000000000, 0.000000000000000000 ) ) ;
#4478 = EDGE_LOOP ( 'NONE', ( #6230, #6566, #5057, #2024 ) ) ;
#4479 = DIRECTION ( 'NONE',  ( -1.000000000000000000, -1.326241189584715037E-16, 0.000000000000000000 ) ) ;
#4480 = FACE_OUTER_BOUND ( 'NONE', #3551, .T. ) ;
#4481 = DIRECTION ( 'NONE',  ( 1.000000000000000000, 0.000000000000000000, -0.000000000000000000 ) ) ;
#4482 = DIRECTION ( 'NONE',  ( -1.000000000000000000, -1.412641267082090664E-16, 0.000000000000000000 ) ) ;
#4483 = DIRECTION ( 'NONE',  ( 0.000000000000000000, 0.000000000000000000, 1.000000000000000000 ) ) ;
#4484 = EDGE_LOOP ( 'NONE', ( #1152, #4418, #5484, #6300, #7458, #2246, #495, #760 ) ) ;
#4485 = ADVANCED_FACE ( 'NONE', ( #6305, #6349, #5077, #2162, #5037, #1429, #6265, #308, #7627, #2006, #4598, #3263, #788, #3225, #271, #7551, #2636 ), #7513, .T. ) ;
#4486 = EDGE_CURVE ( 'NONE', #6622, #1024, #69, .T. ) ;
#4487 = EDGE_LOOP ( 'NONE', ( #6683, #3216, #3490, #5183 ) ) ;
#4488 = VERTEX_POINT ( 'NONE', #194 ) ;
#4489 = VERTEX_POINT ( 'NONE', #5709 ) ;
#4490 = CARTESIAN_POINT ( 'NONE',  ( 9.249999999999998224, 3.499999999999999556, -18.25000000000000000 ) ) ;
#4491 = CARTESIAN_POINT ( 'NONE',  ( -6.050000000000000711, 0.000000000000000000, 0.1000000000000000056 ) ) ;
#4492 = CARTESIAN_POINT ( 'NONE',  ( 9.000000000000000000, 7.500000000000000000, 9.000000000000000000 ) ) ;
#4493 = CARTESIAN_POINT ( 'NONE',  ( 0.4300000000000022138, 0.7500000000000000000, 3.070000000000000284 ) ) ;
#4494 = MECHANICAL_DESIGN_GEOMETRIC_PRESENTATION_REPRESENTATION (  '', ( #6916 ), #5260 ) ;
#4495 = VERTEX_POINT ( 'NONE', #1470 ) ;
#4496 = ORIENTED_EDGE ( 'NONE', *, *, #4813, .F. ) ;
#4497 = LINE ( 'NONE', #7057, #7365 ) ;
#4498 = VECTOR ( 'NONE', #5409, 1000.000000000000000 ) ;
#4499 = DIRECTION ( 'NONE',  ( 0.000000000000000000, -1.000000000000000000, 0.000000000000000000 ) ) ;
#4500 = LINE ( 'NONE', #6937, #6875 ) ;
#4501 = ORIENTED_EDGE ( 'NONE', *, *, #7594, .F. ) ;
#4502 = AXIS2_PLACEMENT_3D ( 'NONE', #3895, #6247, #256 ) ;
#4503 = EDGE_CURVE ( 'NONE', #5702, #43, #4435, .T. ) ;
#4504 = ORIENTED_EDGE ( 'NONE', *, *, #7653, .T. ) ;
#4505 = CARTESIAN_POINT ( 'NONE',  ( 13.99999999999999822, 0.000000000000000000, -1.749999999999998890 ) ) ;
#4506 = DIRECTION ( 'NONE',  ( 1.000000000000000000, 0.000000000000000000, 0.000000000000000000 ) ) ;
#4507 = CARTESIAN_POINT ( 'NONE',  ( -17.50000000000000000, 7.500000000000000000, -10.50000000000000000 ) ) ;
#4508 = AXIS2_PLACEMENT_3D ( 'NONE', #6820, #1352, #3789 ) ;
#4509 = AXIS2_PLACEMENT_3D ( 'NONE', #346, #2197, #1548 ) ;
#4510 = PLANE ( 'NONE',  #5690 ) ;
#4511 = DIRECTION ( 'NONE',  ( 0.000000000000000000, 1.000000000000000000, 0.000000000000000000 ) ) ;
#4512 = ORIENTED_EDGE ( 'NONE', *, *, #54, .T. ) ;
#4513 = ADVANCED_FACE ( 'NONE', ( #2118 ), #4510, .F. ) ;
#4514 = LINE ( 'NONE', #3228, #6869 ) ;
#4515 = CIRCLE ( 'NONE', #6297, 1.500000000000000000 ) ;
#4516 = EDGE_CURVE ( 'NONE', #2862, #220, #2631, .T. ) ;
#4517 = CARTESIAN_POINT ( 'NONE',  ( 17.50000000000000000, 7.500000000000000000, 10.49999999999999645 ) ) ;
#4518 = EDGE_LOOP ( 'NONE', ( #4534, #1766, #5363, #6827 ) ) ;
#4519 = FACE_BOUND ( 'NONE', #7679, .T. ) ;
#4520 = CYLINDRICAL_SURFACE ( 'NONE', #2337, 1.050000000000000266 ) ;
#4521 = DIRECTION ( 'NONE',  ( 0.000000000000000000, 0.000000000000000000, -1.000000000000000000 ) ) ;
#4522 = CARTESIAN_POINT ( 'NONE',  ( 0.000000000000000000, 0.000000000000000000, 0.000000000000000000 ) ) ;
#4523 = CARTESIAN_POINT ( 'NONE',  ( 14.74999999999999822, -16.34050177399711501, 1.000000000000001110 ) ) ;
#4524 = VERTEX_POINT ( 'NONE', #1065 ) ;
#4525 = VERTEX_POINT ( 'NONE', #7707 ) ;
#4526 = ORIENTED_EDGE ( 'NONE', *, *, #1336, .F. ) ;
#4527 = ORIENTED_EDGE ( 'NONE', *, *, #5657, .T. ) ;
#4528 = DIRECTION ( 'NONE',  ( 0.000000000000000000, -1.000000000000000000, -0.000000000000000000 ) ) ;
#4529 = DIRECTION ( 'NONE',  ( -1.000000000000000000, -7.063206335410453318E-17, 0.000000000000000000 ) ) ;
#4530 = ADVANCED_FACE ( 'NONE', ( #4111 ), #5902, .T. ) ;
#4531 = DIRECTION ( 'NONE',  ( 4.956352788505166226E-16, 0.000000000000000000, -1.000000000000000000 ) ) ;
#4532 = DIRECTION ( 'NONE',  ( 0.000000000000000000, 1.000000000000000000, 0.000000000000000000 ) ) ;
#4533 = ORIENTED_EDGE ( 'NONE', *, *, #4072, .F. ) ;
#4534 = ORIENTED_EDGE ( 'NONE', *, *, #5368, .F. ) ;
#4535 = CARTESIAN_POINT ( 'NONE',  ( 13.99999999999999822, 7.500000000000000000, -1.749999999999998890 ) ) ;
#4536 = EDGE_CURVE ( 'NONE', #4292, #182, #5347, .T. ) ;
#4537 = SPHERICAL_SURFACE ( 'NONE', #3101, 0.2500000000000000000 ) ;
#4538 = DIRECTION ( 'NONE',  ( 0.000000000000000000, 0.000000000000000000, -1.000000000000000000 ) ) ;
#4539 = AXIS2_PLACEMENT_3D ( 'NONE', #7323, #1852, #4133 ) ;
#4540 = DIRECTION ( 'NONE',  ( 1.000000000000000000, 0.000000000000000000, -1.326241189584715037E-16 ) ) ;
#4541 = VERTEX_POINT ( 'NONE', #2355 ) ;
#4542 = ORIENTED_EDGE ( 'NONE', *, *, #2584, .F. ) ;
#4543 = SHAPE_REPRESENTATION ( 'SiPM base 2x1', ( #1166 ), #1947 ) ;
#4544 = VERTEX_POINT ( 'NONE', #1552 ) ;
#4545 = AXIS2_PLACEMENT_3D ( 'NONE', #5229, #5939, #1592 ) ;
#4546 = CIRCLE ( 'NONE', #4928, 1.050000000000000266 ) ;
#4547 = FILL_AREA_STYLE_COLOUR ( '', #977 ) ;
#4548 = DIRECTION ( 'NONE',  ( 0.000000000000000000, 0.000000000000000000, 1.000000000000000000 ) ) ;
#4549 = DIRECTION ( 'NONE',  ( 0.000000000000000000, 0.000000000000000000, -1.000000000000000000 ) ) ;
#4550 = DIRECTION ( 'NONE',  ( 1.000000000000000000, 0.000000000000000000, -0.000000000000000000 ) ) ;
#4551 = ORIENTED_EDGE ( 'NONE', *, *, #5506, .T. ) ;
#4552 = CIRCLE ( 'NONE', #6204, 1.499999999999999556 ) ;
#4553 = VECTOR ( 'NONE', #4121, 1000.000000000000000 ) ;
#4554 = EDGE_CURVE ( 'NONE', #5463, #6548, #1104, .T. ) ;
#4555 = CARTESIAN_POINT ( 'NONE',  ( -6.050000000000000711, -2.000000000000000000, 0.000000000000000000 ) ) ;
#4556 = LINE ( 'NONE', #3880, #5352 ) ;
#4557 = EDGE_LOOP ( 'NONE', ( #5338, #6741, #6196, #7332 ) ) ;
#4558 = AXIS2_PLACEMENT_3D ( 'NONE', #6487, #4793, #6589 ) ;
#4559 = CARTESIAN_POINT ( 'NONE',  ( -16.00000000000000000, 0.4999999999999995559, -1.500000000000000666 ) ) ;
#4560 = DIRECTION ( 'NONE',  ( 0.000000000000000000, 0.000000000000000000, 1.000000000000000000 ) ) ;
#4561 = DIRECTION ( 'NONE',  ( -0.000000000000000000, -0.000000000000000000, -1.000000000000000000 ) ) ;
#4562 = AXIS2_PLACEMENT_3D ( 'NONE', #1378, #737, #3775 ) ;
#4563 = CARTESIAN_POINT ( 'NONE',  ( -0.4300000000000025469, 3.070000000000000284, -0.5000000000000000000 ) ) ;
#4564 = EDGE_CURVE ( 'NONE', #1415, #2008, #3130, .T. ) ;
#4565 = EDGE_CURVE ( 'NONE', #6894, #5954, #510, .T. ) ;
#4566 = DIRECTION ( 'NONE',  ( 0.000000000000000000, 0.000000000000000000, 1.000000000000000000 ) ) ;
#4567 = ORIENTED_EDGE ( 'NONE', *, *, #6117, .T. ) ;
#4568 = EDGE_LOOP ( 'NONE', ( #5262, #6199, #6632, #4686 ) ) ;
#4569 = PRESENTATION_LAYER_ASSIGNMENT (  '', '', ( #3532 ) ) ;
#4570 = PRODUCT_CONTEXT ( 'NONE', #6449, 'mechanical' ) ;
#4571 = VECTOR ( 'NONE', #3064, 1000.000000000000000 ) ;
#4572 = CARTESIAN_POINT ( 'NONE',  ( -9.000000000000000000, 6.000000000000000000, -9.000000000000001776 ) ) ;
#4573 = ORIENTED_EDGE ( 'NONE', *, *, #2994, .F. ) ;
#4574 = FILL_AREA_STYLE ('',( #3893 ) ) ;
#4575 = DIRECTION ( 'NONE',  ( -1.239088197126290817E-16, 1.000000000000000000, -0.000000000000000000 ) ) ;
#4576 = CARTESIAN_POINT ( 'NONE',  ( 13.99999999999999822, 0.000000000000000000, -1.749999999999998890 ) ) ;
#4577 = EDGE_CURVE ( 'NONE', #5374, #2954, #6455, .T. ) ;
#4578 = DIRECTION ( 'NONE',  ( -1.000000000000000000, 2.168404344971008868E-16, 0.000000000000000000 ) ) ;
#4579 = CARTESIAN_POINT ( 'NONE',  ( -9.500000000000001776, -3.249999999999999556, -18.25000000000000000 ) ) ;
#4580 = ADVANCED_FACE ( 'NONE', ( #6430 ), #4148, .T. ) ;
#4581 = VERTEX_POINT ( 'NONE', #1676 ) ;
#4582 = ORIENTED_EDGE ( 'NONE', *, *, #5007, .F. ) ;
#4583 = AXIS2_PLACEMENT_3D ( 'NONE', #2122, #4601, #5231 ) ;
#4584 = DIRECTION ( 'NONE',  ( -0.000000000000000000, 1.000000000000000000, -0.000000000000000000 ) ) ;
#4585 = DIRECTION ( 'NONE',  ( -0.000000000000000000, -1.000000000000000000, -0.000000000000000000 ) ) ;
#4586 = CARTESIAN_POINT ( 'NONE',  ( 0.000000000000000000, 0.000000000000000000, 0.5000000000000000000 ) ) ;
#4587 = VECTOR ( 'NONE', #5109, 1000.000000000000000 ) ;
#4588 = VERTEX_POINT ( 'NONE', #1636 ) ;
#4589 = VECTOR ( 'NONE', #4962, 1000.000000000000000 ) ;
#4590 = ORIENTED_EDGE ( 'NONE', *, *, #1256, .F. ) ;
#4591 = ADVANCED_FACE ( 'NONE', ( #348 ), #468, .T. ) ;
#4592 = EDGE_CURVE ( 'NONE', #7395, #1040, #841, .T. ) ;
#4593 = ORIENTED_EDGE ( 'NONE', *, *, #234, .F. ) ;
#4594 = CIRCLE ( 'NONE', #2175, 0.2500000000000002220 ) ;
#4595 = SURFACE_STYLE_FILL_AREA ( #902 ) ;
#4596 = DIRECTION ( 'NONE',  ( 0.000000000000000000, 0.000000000000000000, 1.000000000000000000 ) ) ;
#4597 = CARTESIAN_POINT ( 'NONE',  ( 16.00000000000000000, 0.000000000000000000, 1.750000000000000666 ) ) ;
#4598 = FACE_BOUND ( 'NONE', #5913, .T. ) ;
#4599 = ORIENTED_EDGE ( 'NONE', *, *, #2058, .T. ) ;
#4600 = SHAPE_REPRESENTATION ( 'SiPM 2x1', ( #410, #4878, #6410 ), #1044 ) ;
#4601 = DIRECTION ( 'NONE',  ( 0.000000000000000000, -1.000000000000000000, 0.000000000000000000 ) ) ;
#4602 = PRODUCT_DEFINITION_SHAPE ( 'NONE', 'NONE',  #6603 ) ;
#4603 = FACE_OUTER_BOUND ( 'NONE', #515, .T. ) ;
#4604 = ORIENTED_EDGE ( 'NONE', *, *, #5346, .T. ) ;
#4605 = DIRECTION ( 'NONE',  ( -0.000000000000000000, -0.000000000000000000, 1.000000000000000000 ) ) ;
#4606 = CARTESIAN_POINT ( 'NONE',  ( 0.000000000000000000, 0.000000000000000000, 0.1000000000000000056 ) ) ;
#4607 = CARTESIAN_POINT ( 'NONE',  ( 0.000000000000000000, 0.000000000000000000, 0.1000000000000000056 ) ) ;
#4608 = DIRECTION ( 'NONE',  ( -1.000000000000000000, 0.000000000000000000, 0.000000000000000000 ) ) ;
#4609 = LINE ( 'NONE', #3927, #7140 ) ;
#4610 = EDGE_LOOP ( 'NONE', ( #453, #1545, #2392, #4989 ) ) ;
#4611 = EDGE_CURVE ( 'NONE', #6959, #3731, #4633, .T. ) ;
#4613 = ADVANCED_FACE ( 'NONE', ( #388 ), #5821, .F. ) ;
#4612 = LINE ( 'NONE', #6850, #2010 ) ;
#4614 = VERTEX_POINT ( 'NONE', #2829 ) ;
#4615 = CARTESIAN_POINT ( 'NONE',  ( 15.50000000000000178, 0.4999999999999995559, 3.249999999999998668 ) ) ;
#4616 = LINE ( 'NONE', #4128, #2531 ) ;
#4617 = CARTESIAN_POINT ( 'NONE',  ( 16.75000000000000000, -16.34050177399711501, -2.499999999999999556 ) ) ;
#4618 = PLANE ( 'NONE',  #2376 ) ;
#4619 = ORIENTED_EDGE ( 'NONE', *, *, #3112, .F. ) ;
#4620 = ADVANCED_FACE ( 'NONE', ( #7791 ), #2867, .T. ) ;
#4621 = EDGE_LOOP ( 'NONE', ( #5300, #994, #5348, #1836 ) ) ;
#4622 = AXIS2_PLACEMENT_3D ( 'NONE', #3347, #3882, #2607 ) ;
#4623 = CARTESIAN_POINT ( 'NONE',  ( -3.700000000000000178, 2.000000000000000000, 0.1000000000000000056 ) ) ;
#4624 = FACE_OUTER_BOUND ( 'NONE', #6067, .T. ) ;
#4625 = VERTEX_POINT ( 'NONE', #7746 ) ;
#4626 = EDGE_LOOP ( 'NONE', ( #1694, #7586, #3983, #5488 ) ) ;
#4627 = ADVANCED_BREP_SHAPE_REPRESENTATION ( '', ( #6505, #1166 ), #1947 ) ;
#4628 = ORIENTED_EDGE ( 'NONE', *, *, #7290, .T. ) ;
#4629 = CARTESIAN_POINT ( 'NONE',  ( 13.99999999999999822, 7.500000000000000000, -1.749999999999998890 ) ) ;
#4630 = DIRECTION ( 'NONE',  ( 0.000000000000000000, 0.000000000000000000, -1.000000000000000000 ) ) ;
#4631 = VECTOR ( 'NONE', #2570, 1000.000000000000000 ) ;
#4632 = EDGE_CURVE ( 'NONE', #267, #5702, #5564, .T. ) ;
#4633 = LINE ( 'NONE', #4024, #4422 ) ;
#4634 = VECTOR ( 'NONE', #2309, 1000.000000000000000 ) ;
#4635 = ORIENTED_EDGE ( 'NONE', *, *, #4237, .T. ) ;
#4636 = DIRECTION ( 'NONE',  ( 0.000000000000000000, 0.000000000000000000, -1.000000000000000000 ) ) ;
#4637 = AXIS2_PLACEMENT_3D ( 'NONE', #7273, #1800, #6781 ) ;
#4638 = DIRECTION ( 'NONE',  ( 1.000000000000000000, 0.000000000000000000, 0.000000000000000000 ) ) ;
#4639 = EDGE_LOOP ( 'NONE', ( #7153, #5744, #3930, #1164 ) ) ;
#4640 = VECTOR ( 'NONE', #2220, 1000.000000000000000 ) ;
#4641 = DIRECTION ( 'NONE',  ( 0.000000000000000000, -1.000000000000000000, 0.000000000000000000 ) ) ;
#4642 = CARTESIAN_POINT ( 'NONE',  ( 16.00000000000000000, 0.4999999999999995559, -9.000000000000000000 ) ) ;
#4643 = EDGE_CURVE ( 'NONE', #4489, #7293, #7483, .T. ) ;
#4644 = DIRECTION ( 'NONE',  ( 0.000000000000000000, 0.000000000000000000, 1.000000000000000000 ) ) ;
#4645 = CARTESIAN_POINT ( 'NONE',  ( 9.000000000000000000, -3.000000000000000444, -18.00000000000000000 ) ) ;
#4646 = DIRECTION ( 'NONE',  ( 0.000000000000000000, 0.000000000000000000, -1.000000000000000000 ) ) ;
#4647 = VERTEX_POINT ( 'NONE', #4711 ) ;
#4648 = AXIS2_PLACEMENT_3D ( 'NONE', #3659, #4297, #3698 ) ;
#4649 = ORIENTED_EDGE ( 'NONE', *, *, #7098, .T. ) ;
#4650 = SHAPE_DEFINITION_REPRESENTATION ( #1195, #7817 ) ;
#4651 = CARTESIAN_POINT ( 'NONE',  ( -1.849999999999999645, -2.000000000000000000, 0.1000000000000000056 ) ) ;
#4652 = VERTEX_POINT ( 'NONE', #7148 ) ;
#4653 = DIRECTION ( 'NONE',  ( 0.000000000000000000, 0.000000000000000000, 1.000000000000000000 ) ) ;
#4654 = CYLINDRICAL_SURFACE ( 'NONE', #7699, 1.499999999999999556 ) ;
#4655 = CARTESIAN_POINT ( 'NONE',  ( 3.299999999999998934, 2.799999999999999378, 0.1000000000000000056 ) ) ;
#4656 = EDGE_LOOP ( 'NONE', ( #1268, #2822, #1955, #5013 ) ) ;
#4657 = ORIENTED_EDGE ( 'NONE', *, *, #5149, .F. ) ;
#4658 = DIRECTION ( 'NONE',  ( -0.000000000000000000, -0.000000000000000000, -1.000000000000000000 ) ) ;
#4659 = CARTESIAN_POINT ( 'NONE',  ( 4.299999999999999822, 2.799999999999999378, 0.1000000000000000056 ) ) ;
#4660 = EDGE_CURVE ( 'NONE', #3408, #3068, #2763, .T. ) ;
#4661 = EDGE_CURVE ( 'NONE', #5882, #7776, #4943, .T. ) ;
#4662 = EDGE_CURVE ( 'NONE', #6010, #6355, #4903, .T. ) ;
#4663 = ORIENTED_EDGE ( 'NONE', *, *, #4721, .F. ) ;
#4664 = ORIENTED_EDGE ( 'NONE', *, *, #3574, .T. ) ;
#4665 = ORIENTED_EDGE ( 'NONE', *, *, #7495, .T. ) ;
#4666 = FACE_OUTER_BOUND ( 'NONE', #6422, .T. ) ;
#4667 = LINE ( 'NONE', #7745, #7063 ) ;
#4668 = VECTOR ( 'NONE', #6248, 1000.000000000000000 ) ;
#4669 = CARTESIAN_POINT ( 'NONE',  ( 7.864218330839943150, 7.500000000000000000, -11.00000000000000000 ) ) ;
#4670 = EDGE_CURVE ( 'NONE', #4145, #496, #7866, .T. ) ;
#4671 = ORIENTED_EDGE ( 'NONE', *, *, #3314, .F. ) ;
#4672 = CARTESIAN_POINT ( 'NONE',  ( -6.570000000000002949, -3.069999999999999840, -1.074999999999999956 ) ) ;
#4673 = AXIS2_PLACEMENT_3D ( 'NONE', #7337, #2510, #3133 ) ;
#4674 = VERTEX_POINT ( 'NONE', #3023 ) ;
#4675 = EDGE_CURVE ( 'NONE', #6879, #5871, #6017, .T. ) ;
#4676 = DIRECTION ( 'NONE',  ( -0.000000000000000000, -0.000000000000000000, -1.000000000000000000 ) ) ;
#4677 = VERTEX_POINT ( 'NONE', #7264 ) ;
#4678 = CARTESIAN_POINT ( 'NONE',  ( 16.75000000000000000, 7.500000000000000000, 2.500000000000000888 ) ) ;
#4679 = DIRECTION ( 'NONE',  ( 0.000000000000000000, 1.000000000000000000, 0.000000000000000000 ) ) ;
#4680 = LINE ( 'NONE', #6516, #4808 ) ;
#4681 = CARTESIAN_POINT ( 'NONE',  ( -12.00000000000000355, 0.000000000000000000, -1.499999999999998446 ) ) ;
#4682 = VECTOR ( 'NONE', #3252, 1000.000000000000000 ) ;
#4683 = DIRECTION ( 'NONE',  ( -0.000000000000000000, -1.000000000000000000, -0.000000000000000000 ) ) ;
#4684 = EDGE_LOOP ( 'NONE', ( #4064, #7448, #573, #6613 ) ) ;
#4685 = COLOUR_RGB ( '',0.7921568627450980005, 0.8196078431372548767, 0.9333333333333333481 ) ;
#4686 = ORIENTED_EDGE ( 'NONE', *, *, #3211, .F. ) ;
#4687 = EDGE_CURVE ( 'NONE', #2872, #4441, #5458, .T. ) ;
#4688 = CONTEXT_DEPENDENT_SHAPE_REPRESENTATION ( #4716, #4393 ) ;
#4689 = CIRCLE ( 'NONE', #6082, 0.5000000000000000000 ) ;
#4690 = AXIS2_PLACEMENT_3D ( 'NONE', #7196, #5237, #4644 ) ;
#4691 = FACE_OUTER_BOUND ( 'NONE', #2690, .T. ) ;
#4692 = EDGE_LOOP ( 'NONE', ( #5664, #6177, #5068, #7896, #7084, #2530, #289, #2285, #4713, #1639, #2295, #3071, #6415, #5011, #6929, #6150, #5399, #6045, #2863, #5861, #4727, #4353, #810 ) ) ;
#4693 = CIRCLE ( 'NONE', #1758, 1.499999999999999556 ) ;
#4694 = LINE ( 'NONE', #2926, #2955 ) ;
#4695 = CARTESIAN_POINT ( 'NONE',  ( -9.000000000000000000, 7.500000000000000000, 9.799999999999998934 ) ) ;
#4696 = CARTESIAN_POINT ( 'NONE',  ( -0.4299999999999999378, 0.1750000000000000167, -3.069999999999999396 ) ) ;
#4697 = CARTESIAN_POINT ( 'NONE',  ( -17.50000000000000000, 0.000000000000000000, 1.500000000000001332 ) ) ;
#4698 = VECTOR ( 'NONE', #360, 1000.000000000000000 ) ;
#4699 = VECTOR ( 'NONE', #2559, 1000.000000000000000 ) ;
#4700 = EDGE_LOOP ( 'NONE', ( #1224, #2925, #205, #1367 ) ) ;
#4701 = ORIENTED_EDGE ( 'NONE', *, *, #7065, .T. ) ;
#4702 = FACE_OUTER_BOUND ( 'NONE', #4324, .T. ) ;
#4703 = DIRECTION ( 'NONE',  ( 0.000000000000000000, 0.000000000000000000, 1.000000000000000000 ) ) ;
#4704 = ORIENTED_EDGE ( 'NONE', *, *, #4687, .F. ) ;
#4705 = ORIENTED_EDGE ( 'NONE', *, *, #5482, .T. ) ;
#4706 = AXIS2_PLACEMENT_3D ( 'NONE', #2718, #832, #4636 ) ;
#4707 = ORIENTED_EDGE ( 'NONE', *, *, #180, .F. ) ;
#4708 = EDGE_CURVE ( 'NONE', #2698, #2902, #5496, .T. ) ;
#4709 = DIRECTION ( 'NONE',  ( 0.000000000000000000, 0.000000000000000000, 1.000000000000000000 ) ) ;
#4710 = LINE ( 'NONE', #7703, #2094 ) ;
#4711 = CARTESIAN_POINT ( 'NONE',  ( 4.200000000000000178, -2.000000000000000000, 0.000000000000000000 ) ) ;
#4712 = VECTOR ( 'NONE', #1156, 1000.000000000000000 ) ;
#4713 = ORIENTED_EDGE ( 'NONE', *, *, #2058, .F. ) ;
#4714 = CARTESIAN_POINT ( 'NONE',  ( 7.864218330839941373, 7.500000000000000000, -9.500000000000000000 ) ) ;
#4715 = CIRCLE ( 'NONE', #5733, 0.5000000000000004441 ) ;
#4716 =( REPRESENTATION_RELATIONSHIP ('NONE','NONE', #4600, #5965 ) REPRESENTATION_RELATIONSHIP_WITH_TRANSFORMATION ( #1077 )SHAPE_REPRESENTATION_RELATIONSHIP( ) );
#4717 = ORIENTED_EDGE ( 'NONE', *, *, #1607, .F. ) ;
#4718 = AXIS2_PLACEMENT_3D ( 'NONE', #5194, #949, #2205 ) ;
#4719 = CARTESIAN_POINT ( 'NONE',  ( -9.000000000000007105, 7.500000000000000000, -10.50000000000000000 ) ) ;
#4720 = ORIENTED_EDGE ( 'NONE', *, *, #3855, .T. ) ;
#4721 = EDGE_CURVE ( 'NONE', #2196, #4292, #3386, .T. ) ;
#4722 = CARTESIAN_POINT ( 'NONE',  ( -9.500000000000005329, 0.4999999999999995559, -9.500000000000000000 ) ) ;
#4723 = DIRECTION ( 'NONE',  ( 0.000000000000000000, 0.000000000000000000, 1.000000000000000000 ) ) ;
#4724 = CARTESIAN_POINT ( 'NONE',  ( -1.849999999999999645, -2.000000000000000000, 0.000000000000000000 ) ) ;
#4725 = LINE ( 'NONE', #4563, #6473 ) ;
#4726 = ORIENTED_EDGE ( 'NONE', *, *, #4054, .F. ) ;
#4727 = ORIENTED_EDGE ( 'NONE', *, *, #5050, .T. ) ;
#4728 = CYLINDRICAL_SURFACE ( 'NONE', #3298, 1.499999999999999556 ) ;
#4729 = ORIENTED_EDGE ( 'NONE', *, *, #3441, .T. ) ;
#4730 = CARTESIAN_POINT ( 'NONE',  ( -9.250000000000001776, -3.249999999999999556, -18.25000000000000000 ) ) ;
#4731 = DIRECTION ( 'NONE',  ( 0.000000000000000000, 1.000000000000000000, 0.000000000000000000 ) ) ;
#4732 = PRODUCT_DEFINITION_SHAPE ( 'NONE', 'NONE',  #689 ) ;
#4733 = FACE_OUTER_BOUND ( 'NONE', #7821, .T. ) ;
#4734 = EDGE_CURVE ( 'NONE', #3580, #5305, #6056, .T. ) ;
#4735 = EDGE_CURVE ( 'NONE', #3491, #1105, #4784, .T. ) ;
#4736 = CARTESIAN_POINT ( 'NONE',  ( -9.500000000000001776, 3.499999999999999556, 0.2500000000000002220 ) ) ;
#4737 = ORIENTED_EDGE ( 'NONE', *, *, #3568, .F. ) ;
#4738 = ORIENTED_EDGE ( 'NONE', *, *, #7053, .T. ) ;
#4739 = FACE_OUTER_BOUND ( 'NONE', #7473, .T. ) ;
#4740 = EDGE_CURVE ( 'NONE', #4365, #583, #4223, .T. ) ;
#4741 = LINE ( 'NONE', #2548, #6968 ) ;
#4742 = DIRECTION ( 'NONE',  ( 0.000000000000000000, -1.000000000000000000, 0.000000000000000000 ) ) ;
#4743 = ORIENTED_EDGE ( 'NONE', *, *, #6642, .F. ) ;
#4744 = ORIENTED_EDGE ( 'NONE', *, *, #7616, .F. ) ;
#4745 = CYLINDRICAL_SURFACE ( 'NONE', #1579, 0.5000000000000004441 ) ;
#4746 = AXIS2_PLACEMENT_3D ( 'NONE', #876, #6234, #761 ) ;
#4747 = DIRECTION ( 'NONE',  ( 0.000000000000000000, 1.000000000000000000, 0.000000000000000000 ) ) ;
#4748 = CIRCLE ( 'NONE', #2708, 1.499999999999999556 ) ;
#4749 = ORIENTED_EDGE ( 'NONE', *, *, #4611, .T. ) ;
#4750 = EDGE_CURVE ( 'NONE', #3580, #5204, #4265, .T. ) ;
#4751 = DIRECTION ( 'NONE',  ( 0.000000000000000000, -1.000000000000000000, 0.000000000000000000 ) ) ;
#4752 = ORIENTED_EDGE ( 'NONE', *, *, #806, .T. ) ;
#4753 = CYLINDRICAL_SURFACE ( 'NONE', #3140, 0.2500000000000000000 ) ;
#4754 = ORIENTED_EDGE ( 'NONE', *, *, #6774, .F. ) ;
#4755 = AXIS2_PLACEMENT_3D ( 'NONE', #6912, #6357, #2017 ) ;
#4756 = SPHERICAL_SURFACE ( 'NONE', #5379, 0.2500000000000000000 ) ;
#4757 = DIRECTION ( 'NONE',  ( 1.000000000000000000, 0.000000000000000000, 0.000000000000000000 ) ) ;
#4758 = AXIS2_PLACEMENT_3D ( 'NONE', #1251, #7855, #6046 ) ;
#4759 = DIRECTION ( 'NONE',  ( -0.000000000000000000, -0.000000000000000000, -1.000000000000000000 ) ) ;
#4760 = LINE ( 'NONE', #4913, #3147 ) ;
#4761 = VERTEX_POINT ( 'NONE', #15 ) ;
#4762 = EDGE_CURVE ( 'NONE', #182, #4541, #5429, .T. ) ;
#4763 = ADVANCED_FACE ( 'NONE', ( #6771 ), #3739, .T. ) ;
#4764 = ORIENTED_EDGE ( 'NONE', *, *, #3078, .T. ) ;
#4765 = AXIS2_PLACEMENT_3D ( 'NONE', #731, #4531, #6924 ) ;
#4766 = DIRECTION ( 'NONE',  ( 0.000000000000000000, 0.000000000000000000, -1.000000000000000000 ) ) ;
#4767 = ORIENTED_EDGE ( 'NONE', *, *, #4176, .F. ) ;
#4768 = CYLINDRICAL_SURFACE ( 'NONE', #6654, 1.499999999999999556 ) ;
#4769 = FACE_OUTER_BOUND ( 'NONE', #6849, .T. ) ;
#4770 = CARTESIAN_POINT ( 'NONE',  ( -9.000000000000000000, 2.999999999999999556, 0.000000000000000000 ) ) ;
#4771 = AXIS2_PLACEMENT_3D ( 'NONE', #64, #4790, #6027 ) ;
#4772 = VECTOR ( 'NONE', #7665, 1000.000000000000000 ) ;
#4773 = DIRECTION ( 'NONE',  ( 0.000000000000000000, 1.000000000000000000, 0.000000000000000000 ) ) ;
#4774 = ORIENTED_EDGE ( 'NONE', *, *, #6433, .F. ) ;
#4775 = VERTEX_POINT ( 'NONE', #2469 ) ;
#4776 = EDGE_CURVE ( 'NONE', #5723, #3762, #6736, .T. ) ;
#4777 = CARTESIAN_POINT ( 'NONE',  ( -16.00000000000000000, 0.4999999999999995559, 0.8000000000000009326 ) ) ;
#4778 = DIRECTION ( 'NONE',  ( 1.000000000000000000, 0.000000000000000000, 0.000000000000000000 ) ) ;
#4779 = ORIENTED_EDGE ( 'NONE', *, *, #7640, .F. ) ;
#4780 = VERTEX_POINT ( 'NONE', #623 ) ;
#4781 = ADVANCED_FACE ( 'NONE', ( #6617 ), #696, .F. ) ;
#4782 = SPHERICAL_SURFACE ( 'NONE', #3742, 0.2500000000000000000 ) ;
#4783 = DIRECTION ( 'NONE',  ( -0.000000000000000000, -0.000000000000000000, -1.000000000000000000 ) ) ;
#4784 = LINE ( 'NONE', #1263, #969 ) ;
#4785 = ORIENTED_EDGE ( 'NONE', *, *, #4260, .F. ) ;
#4786 = DIRECTION ( 'NONE',  ( 0.000000000000000000, 0.000000000000000000, 1.000000000000000000 ) ) ;
#4787 = VERTEX_POINT ( 'NONE', #1143 ) ;
#4788 = CARTESIAN_POINT ( 'NONE',  ( -1.349999999999999645, 2.000000000000000000, 0.1000000000000000056 ) ) ;
#4789 = EDGE_LOOP ( 'NONE', ( #6511, #1542, #2574, #3255 ) ) ;
#4790 = DIRECTION ( 'NONE',  ( -0.000000000000000000, 0.000000000000000000, 1.000000000000000000 ) ) ;
#4791 = CARTESIAN_POINT ( 'NONE',  ( 0.000000000000000000, 0.000000000000000000, 0.000000000000000000 ) ) ;
#4792 = DIRECTION ( 'NONE',  ( -0.000000000000000000, -0.000000000000000000, -1.000000000000000000 ) ) ;
#4793 = DIRECTION ( 'NONE',  ( -0.000000000000000000, -1.000000000000000000, -0.000000000000000000 ) ) ;
#4794 = VERTEX_POINT ( 'NONE', #5581 ) ;
#4795 = VECTOR ( 'NONE', #3936, 1000.000000000000000 ) ;
#4796 = VERTEX_POINT ( 'NONE', #3576 ) ;
#4797 = DIRECTION ( 'NONE',  ( -2.628368902995162518E-16, 1.000000000000000000, -0.000000000000000000 ) ) ;
#4798 = EDGE_LOOP ( 'NONE', ( #4970, #1983, #3170, #5292 ) ) ;
#4799 = VECTOR ( 'NONE', #7910, 1000.000000000000000 ) ;
#4800 = AXIS2_PLACEMENT_3D ( 'NONE', #1377, #4983, #5618 ) ;
#4801 = CARTESIAN_POINT ( 'NONE',  ( -3.700000000000000178, 0.000000000000000000, 0.1000000000000000056 ) ) ;
#4802 = CARTESIAN_POINT ( 'NONE',  ( 0.000000000000000000, 0.1750000000000000167, 0.000000000000000000 ) ) ;
#4803 = EDGE_CURVE ( 'NONE', #5955, #6660, #2258, .T. ) ;
#4804 = EDGE_CURVE ( 'NONE', #2313, #5772, #4824, .T. ) ;
#4805 = LINE ( 'NONE', #6154, #1575 ) ;
#4806 = LINE ( 'NONE', #2374, #572 ) ;
#4807 = AXIS2_PLACEMENT_3D ( 'NONE', #2424, #3570, #48 ) ;
#4808 = VECTOR ( 'NONE', #2483, 1000.000000000000000 ) ;
#4809 = ORIENTED_EDGE ( 'NONE', *, *, #1204, .T. ) ;
#4810 = MECHANICAL_DESIGN_GEOMETRIC_PRESENTATION_REPRESENTATION (  '', ( #78 ), #5066 ) ;
#4811 = ORIENTED_EDGE ( 'NONE', *, *, #2628, .F. ) ;
#4812 = DIRECTION ( 'NONE',  ( 1.084202172485504927E-16, -1.000000000000000000, 0.000000000000000000 ) ) ;
#4813 = EDGE_CURVE ( 'NONE', #4466, #4387, #4035, .T. ) ;
#4814 = FACE_OUTER_BOUND ( 'NONE', #1012, .T. ) ;
#4815 = CIRCLE ( 'NONE', #7756, 0.2500000000000000000 ) ;
#4816 = CYLINDRICAL_SURFACE ( 'NONE', #7493, 0.5000000000000004441 ) ;
#4817 = AXIS2_PLACEMENT_3D ( 'NONE', #2151, #7578, #1993 ) ;
#4818 = VERTEX_POINT ( 'NONE', #6255 ) ;
#4819 = ORIENTED_EDGE ( 'NONE', *, *, #3645, .T. ) ;
#4820 = VECTOR ( 'NONE', #6780, 1000.000000000000000 ) ;
#4821 = CARTESIAN_POINT ( 'NONE',  ( -16.00000000000000000, 0.000000000000000000, -1.050000000000000266 ) ) ;
#4822 = CARTESIAN_POINT ( 'NONE',  ( 16.75000000000000000, 7.500000000000000000, 6.100000000000000533 ) ) ;
#4823 = CARTESIAN_POINT ( 'NONE',  ( 15.49999999999999822, 0.000000000000000000, -1.749999999999999112 ) ) ;
#4824 = LINE ( 'NONE', #5740, #1482 ) ;
#4825 = EDGE_CURVE ( 'NONE', #4145, #7719, #7487, .T. ) ;
#4826 = LINE ( 'NONE', #1220, #2166 ) ;
#4827 = ADVANCED_FACE ( 'NONE', ( #7580 ), #2552, .F. ) ;
#4828 = ORIENTED_EDGE ( 'NONE', *, *, #7663, .F. ) ;
#4829 = DIRECTION ( 'NONE',  ( -1.000000000000000000, 0.000000000000000000, 0.000000000000000000 ) ) ;
#4830 = AXIS2_PLACEMENT_3D ( 'NONE', #1821, #6128, #6688 ) ;
#4831 = VERTEX_POINT ( 'NONE', #5660 ) ;
#4832 = UNCERTAINTY_MEASURE_WITH_UNIT (LENGTH_MEASURE( 1.000000000000000082E-05 ), #2635, 'distance_accuracy_value', 'NONE');
#4833 = CYLINDRICAL_SURFACE ( 'NONE', #4175, 0.4999999999999995559 ) ;
#4834 = EDGE_LOOP ( 'NONE', ( #2311, #6689, #3665, #7805 ) ) ;
#4835 = CLOSED_SHELL ( 'NONE', ( #4763, #2747, #7214, #4977, #138, #1990, #5677, #4472, #4915, #1661, #5756, #406, #559, #1281, #1485, #7715, #81, #6490, #1335, #6709, #7737, #4485, #6567, #6366, #1248, #1652, #5588, #2320, #5886, #7215, #430, #3973, #1943, #4052, #2662, #7797, #4177, #2157, #6958, #5778, #2270, #6285, #4094, #595, #1660, #6472, #6316, #594, #3496, #3944, #2121, #2342, #5216, #5147, #1079, #6638, #4188, #5678, #4975, #7453, #3644, #5008, #5490, #2417 ) ) ;
#4836 = CARTESIAN_POINT ( 'NONE',  ( 6.769999999999997797, -3.499999999999999112, 0.000000000000000000 ) ) ;
#4837 = CARTESIAN_POINT ( 'NONE',  ( -7.864218330839943150, 7.500000000000000000, -9.500000000000000000 ) ) ;
#4838 = DIRECTION ( 'NONE',  ( 1.000000000000000000, 0.000000000000000000, -9.912705577010326782E-17 ) ) ;
#4839 = ORIENTED_EDGE ( 'NONE', *, *, #5173, .T. ) ;
#4840 = AXIS2_PLACEMENT_3D ( 'NONE', #4523, #7000, #398 ) ;
#4841 = ORIENTED_EDGE ( 'NONE', *, *, #6845, .T. ) ;
#4842 = CARTESIAN_POINT ( 'NONE',  ( 9.000000000000000000, 2.999999999999999556, 0.000000000000000000 ) ) ;
#4843 = ORIENTED_EDGE ( 'NONE', *, *, #4825, .T. ) ;
#4844 = DIRECTION ( 'NONE',  ( 1.000000000000000000, 0.000000000000000000, 4.956352788505165240E-16 ) ) ;
#4845 = DIRECTION ( 'NONE',  ( -0.000000000000000000, -0.000000000000000000, 1.000000000000000000 ) ) ;
#4846 = CIRCLE ( 'NONE', #7145, 1.500000000000000000 ) ;
#4847 = DIRECTION ( 'NONE',  ( 0.000000000000000000, 0.000000000000000000, 1.000000000000000000 ) ) ;
#4848 = DIRECTION ( 'NONE',  ( 1.000000000000000000, 0.000000000000000000, -1.826024711554533913E-16 ) ) ;
#4849 = EDGE_CURVE ( 'NONE', #5003, #7408, #4381, .T. ) ;
#4850 = EDGE_CURVE ( 'NONE', #7784, #60, #6381, .T. ) ;
#4851 = ORIENTED_EDGE ( 'NONE', *, *, #6069, .T. ) ;
#4852 = ORIENTED_EDGE ( 'NONE', *, *, #2382, .T. ) ;
#4853 = DIRECTION ( 'NONE',  ( 0.000000000000000000, 0.000000000000000000, 1.000000000000000000 ) ) ;
#4854 = LINE ( 'NONE', #2378, #6151 ) ;
#4855 = CARTESIAN_POINT ( 'NONE',  ( 0.4299999999999989386, -3.070000000000001616, -0.5000000000000000000 ) ) ;
#4856 = ADVANCED_FACE ( 'NONE', ( #740 ), #7544, .F. ) ;
#4857 = ORIENTED_EDGE ( 'NONE', *, *, #5578, .F. ) ;
#4858 = DIRECTION ( 'NONE',  ( 1.000000000000000000, 0.000000000000000000, 0.000000000000000000 ) ) ;
#4859 = VERTEX_POINT ( 'NONE', #5621 ) ;
#4860 = DIRECTION ( 'NONE',  ( -0.000000000000000000, 1.000000000000000000, -0.000000000000000000 ) ) ;
#4861 = CARTESIAN_POINT ( 'NONE',  ( -9.250000000000001776, -3.249999999999999556, -18.50000000000000000 ) ) ;
#4862 = CARTESIAN_POINT ( 'NONE',  ( 17.50000000000000000, 7.500000000000000000, 8.999999999999998224 ) ) ;
#4863 = APPLICATION_CONTEXT ( 'automotive_design' ) ;
#4864 = CARTESIAN_POINT ( 'NONE',  ( 15.25000000000000178, 7.500000000000000000, 6.100000000000000533 ) ) ;
#4865 = PLANE ( 'NONE',  #2928 ) ;
#4866 = ORIENTED_EDGE ( 'NONE', *, *, #568, .T. ) ;
#4867 = DIRECTION ( 'NONE',  ( -0.000000000000000000, -1.000000000000000000, -0.000000000000000000 ) ) ;
#4868 = ORIENTED_EDGE ( 'NONE', *, *, #6388, .F. ) ;
#4869 = FILL_AREA_STYLE_COLOUR ( '', #4685 ) ;
#4870 = EDGE_CURVE ( 'NONE', #2195, #4303, #2385, .T. ) ;
#4871 = AXIS2_PLACEMENT_3D ( 'NONE', #2324, #1030, #995 ) ;
#4872 = CARTESIAN_POINT ( 'NONE',  ( 9.695652173913043015, 0.4999999999999995559, 8.604945506379108267 ) ) ;
#4873 = FACE_OUTER_BOUND ( 'NONE', #4267, .T. ) ;
#4874 = CARTESIAN_POINT ( 'NONE',  ( 15.50000000000000178, 0.000000000000000000, 3.799999999999999822 ) ) ;
#4875 = VERTEX_POINT ( 'NONE', #6977 ) ;
#4876 = CIRCLE ( 'NONE', #2455, 0.5500000000000010436 ) ;
#4877 = EDGE_LOOP ( 'NONE', ( #5381, #773, #4040, #5814 ) ) ;
#4878 = AXIS2_PLACEMENT_3D ( 'NONE', #7392, #787, #3144 ) ;
#4879 = DIRECTION ( 'NONE',  ( -1.000000000000000000, 0.000000000000000000, 0.000000000000000000 ) ) ;
#4880 = VERTEX_POINT ( 'NONE', #2069 ) ;
#4881 = AXIS2_PLACEMENT_3D ( 'NONE', #7059, #3442, #7137 ) ;
#4882 = EDGE_CURVE ( 'NONE', #6866, #6450, #4464, .T. ) ;
#4883 = CARTESIAN_POINT ( 'NONE',  ( 13.99999999999999822, 0.000000000000000000, -0.2499999999999997780 ) ) ;
#4884 = CARTESIAN_POINT ( 'NONE',  ( 13.99999999999999822, 0.000000000000000000, 0.2500000000000002220 ) ) ;
#4885 = CARTESIAN_POINT ( 'NONE',  ( 9.499999999999998224, 0.4999999999999995559, 7.864218330839939597 ) ) ;
#4886 = CARTESIAN_POINT ( 'NONE',  ( 16.00000000000000000, 7.500000000000000000, 10.49999999999999645 ) ) ;
#4887 = CIRCLE ( 'NONE', #3217, 0.2500000000000002220 ) ;
#4888 = ORIENTED_EDGE ( 'NONE', *, *, #6087, .T. ) ;
#4889 = EDGE_LOOP ( 'NONE', ( #3079, #356, #344, #4366 ) ) ;
#4890 = DIRECTION ( 'NONE',  ( 1.000000000000000000, 0.000000000000000000, -0.000000000000000000 ) ) ;
#4891 = VECTOR ( 'NONE', #6118, 1000.000000000000000 ) ;
#4892 = CARTESIAN_POINT ( 'NONE',  ( 16.00000000000000000, 0.000000000000000000, -10.50000000000000355 ) ) ;
#4893 = CARTESIAN_POINT ( 'NONE',  ( 9.000000000000000000, 7.500000000000000000, 9.799999999999998934 ) ) ;
#4894 = AXIS2_PLACEMENT_3D ( 'NONE', #1850, #3000, #6115 ) ;
#4895 = EDGE_LOOP ( 'NONE', ( #5177, #7500, #5509, #5351 ) ) ;
#4896 = DIRECTION ( 'NONE',  ( 0.000000000000000000, 0.000000000000000000, 1.000000000000000000 ) ) ;
#4897 = ORIENTED_EDGE ( 'NONE', *, *, #3898, .F. ) ;
#4898 = CARTESIAN_POINT ( 'NONE',  ( 6.770000000000000462, 0.7500000000000000000, -3.270000000000000018 ) ) ;
#4899 = DIRECTION ( 'NONE',  ( -1.000000000000000000, 0.000000000000000000, -0.000000000000000000 ) ) ;
#4900 = DIRECTION ( 'NONE',  ( -1.652117596168387756E-16, 0.000000000000000000, 1.000000000000000000 ) ) ;
#4901 = EDGE_CURVE ( 'NONE', #2539, #6109, #463, .T. ) ;
#4902 = EDGE_CURVE ( 'NONE', #2084, #588, #1223, .T. ) ;
#4903 = LINE ( 'NONE', #7380, #4799 ) ;
#4904 = LINE ( 'NONE', #7266, #3045 ) ;
#4905 = VERTEX_POINT ( 'NONE', #2704 ) ;
#4906 = CARTESIAN_POINT ( 'NONE',  ( -16.00000000000000000, 0.4999999999999995559, 0.000000000000000000 ) ) ;
#4907 = EDGE_LOOP ( 'NONE', ( #691, #2454 ) ) ;
#4908 = UNCERTAINTY_MEASURE_WITH_UNIT (LENGTH_MEASURE( 1.000000000000000082E-05 ), #193, 'distance_accuracy_value', 'NONE');
#4909 = LINE ( 'NONE', #2478, #2890 ) ;
#4910 = DIRECTION ( 'NONE',  ( 1.000000000000000000, 0.000000000000000000, 0.000000000000000000 ) ) ;
#4911 = ADVANCED_FACE ( 'NONE', ( #7423 ), #5065, .T. ) ;
#4912 = CARTESIAN_POINT ( 'NONE',  ( 9.000000000000000000, -3.000000000000000444, 0.000000000000000000 ) ) ;
#4913 = CARTESIAN_POINT ( 'NONE',  ( -10.50000000000000533, 0.000000000000000000, 3.000000000000003997 ) ) ;
#4914 = ORIENTED_EDGE ( 'NONE', *, *, #3314, .T. ) ;
#4915 = ADVANCED_FACE ( 'NONE', ( #3942 ), #3178, .T. ) ;
#4916 = CARTESIAN_POINT ( 'NONE',  ( 8.604945506379110043, 0.4999999999999995559, -9.695652173913043015 ) ) ;
#4917 = CARTESIAN_POINT ( 'NONE',  ( 15.50000000000000178, 0.4999999999999995559, -4.350000000000001421 ) ) ;
#4918 = ORIENTED_EDGE ( 'NONE', *, *, #1244, .F. ) ;
#4919 = DIRECTION ( 'NONE',  ( -1.412641267082090664E-16, 0.000000000000000000, -1.000000000000000000 ) ) ;
#4920 = CARTESIAN_POINT ( 'NONE',  ( 6.570000000000002061, 0.1750000000000000167, 3.070000000000000284 ) ) ;
#4921 = CARTESIAN_POINT ( 'NONE',  ( 5.049999999999999822, -2.000000000000000000, 0.1000000000000000056 ) ) ;
#4922 = CIRCLE ( 'NONE', #3508, 0.5000000000000004441 ) ;
#4923 = DIRECTION ( 'NONE',  ( -1.000000000000000000, 0.000000000000000000, 0.000000000000000000 ) ) ;
#4924 = EDGE_CURVE ( 'NONE', #5432, #5471, #4424, .T. ) ;
#4925 = EDGE_CURVE ( 'NONE', #7794, #1131, #3330, .T. ) ;
#4926 = ORIENTED_EDGE ( 'NONE', *, *, #2587, .T. ) ;
#4927 = ORIENTED_EDGE ( 'NONE', *, *, #4463, .F. ) ;
#4928 = AXIS2_PLACEMENT_3D ( 'NONE', #1570, #1533, #6443 ) ;
#4929 = ORIENTED_EDGE ( 'NONE', *, *, #903, .F. ) ;
#4930 = FACE_OUTER_BOUND ( 'NONE', #3285, .T. ) ;
#4931 = PLANE ( 'NONE',  #4758 ) ;
#4932 = DIRECTION ( 'NONE',  ( 0.000000000000000000, 0.000000000000000000, 1.000000000000000000 ) ) ;
#4933 = AXIS2_PLACEMENT_3D ( 'NONE', #2034, #5027, #1507 ) ;
#4934 = VECTOR ( 'NONE', #669, 1000.000000000000000 ) ;
#4935 = AXIS2_PLACEMENT_3D ( 'NONE', #2946, #7754, #7711 ) ;
#4936 = ORIENTED_EDGE ( 'NONE', *, *, #2487, .F. ) ;
#4937 = DIRECTION ( 'NONE',  ( 0.000000000000000000, 0.000000000000000000, 1.000000000000000000 ) ) ;
#4938 = ORIENTED_EDGE ( 'NONE', *, *, #7550, .F. ) ;
#4939 = DIRECTION ( 'NONE',  ( 0.000000000000000000, 1.000000000000000000, 0.000000000000000000 ) ) ;
#4940 = AXIS2_PLACEMENT_3D ( 'NONE', #7570, #6201, #2062 ) ;
#4941 = LINE ( 'NONE', #6734, #2974 ) ;
#4942 = CARTESIAN_POINT ( 'NONE',  ( 16.00000000000000000, 0.000000000000000000, -9.000000000000005329 ) ) ;
#4943 = LINE ( 'NONE', #1752, #332 ) ;
#4944 = CARTESIAN_POINT ( 'NONE',  ( 15.49999999999999822, 0.000000000000000000, 0.2500000000000009437 ) ) ;
#4945 = ORIENTED_EDGE ( 'NONE', *, *, #1406, .F. ) ;
#4946 = DIRECTION ( 'NONE',  ( -0.000000000000000000, -0.000000000000000000, -1.000000000000000000 ) ) ;
#4947 = VECTOR ( 'NONE', #3832, 1000.000000000000000 ) ;
#4948 = EDGE_CURVE ( 'NONE', #120, #5330, #3862, .T. ) ;
#4949 = EDGE_CURVE ( 'NONE', #1654, #7305, #5698, .T. ) ;
#4950 = ORIENTED_EDGE ( 'NONE', *, *, #5032, .F. ) ;
#4951 = CARTESIAN_POINT ( 'NONE',  ( -3.700000000000000178, -2.000000000000000000, 0.1000000000000000056 ) ) ;
#4952 = PRODUCT_DEFINITION_FORMATION_WITH_SPECIFIED_SOURCE ( 'ANY', '', #556, .NOT_KNOWN. ) ;
#4953 = CARTESIAN_POINT ( 'NONE',  ( -4.200000000000000178, -2.000000000000000000, 0.000000000000000000 ) ) ;
#4954 = LINE ( 'NONE', #4196, #7190 ) ;
#4955 = CARTESIAN_POINT ( 'NONE',  ( -1.849999999999999645, -2.000000000000000000, 0.1000000000000000056 ) ) ;
#4956 = LINE ( 'NONE', #4997, #3526 ) ;
#4957 = ORIENTED_EDGE ( 'NONE', *, *, #1497, .T. ) ;
#4958 = PRODUCT_DEFINITION_FORMATION_WITH_SPECIFIED_SOURCE ( 'ANY', '', #5104, .NOT_KNOWN. ) ;
#4959 = FACE_BOUND ( 'NONE', #7873, .T. ) ;
#4960 = EDGE_CURVE ( 'NONE', #1038, #2752, #418, .T. ) ;
#4961 = VECTOR ( 'NONE', #5550, 1000.000000000000000 ) ;
#4962 = DIRECTION ( 'NONE',  ( 0.000000000000000000, 1.000000000000000000, 0.000000000000000000 ) ) ;
#4963 = VERTEX_POINT ( 'NONE', #339 ) ;
#4964 = CARTESIAN_POINT ( 'NONE',  ( -16.00000000000000000, 0.000000000000000000, -5.575896887068297953E-16 ) ) ;
#4965 = DIRECTION ( 'NONE',  ( -1.000000000000000000, 0.000000000000000000, 9.912705577010326782E-17 ) ) ;
#4966 = DIRECTION ( 'NONE',  ( 1.000000000000000000, 2.168404344971008868E-16, -0.000000000000000000 ) ) ;
#4967 = CARTESIAN_POINT ( 'NONE',  ( -6.800000000000001599, 3.299999999999999822, -1.399999999999999911 ) ) ;
#4968 = CIRCLE ( 'NONE', #2545, 0.5000000000000000000 ) ;
#4969 = ORIENTED_EDGE ( 'NONE', *, *, #1244, .T. ) ;
#4970 = ORIENTED_EDGE ( 'NONE', *, *, #3875, .T. ) ;
#4971 = VECTOR ( 'NONE', #1035, 1000.000000000000000 ) ;
#4972 = ORIENTED_EDGE ( 'NONE', *, *, #4144, .T. ) ;
#4973 = VECTOR ( 'NONE', #2683, 1000.000000000000000 ) ;
#4974 = DIRECTION ( 'NONE',  ( -0.000000000000000000, -0.000000000000000000, -1.000000000000000000 ) ) ;
#4975 = ADVANCED_FACE ( 'NONE', ( #2192 ), #7020, .T. ) ;
#4976 = CARTESIAN_POINT ( 'NONE',  ( -6.569999999999999396, 0.1750000000000000167, 3.070000000000000284 ) ) ;
#4977 = ADVANCED_FACE ( 'NONE', ( #7619 ), #4015, .T. ) ;
#4978 = DIRECTION ( 'NONE',  ( -0.000000000000000000, 1.000000000000000000, 0.000000000000000000 ) ) ;
#4979 = FACE_OUTER_BOUND ( 'NONE', #2720, .T. ) ;
#4980 = ORIENTED_EDGE ( 'NONE', *, *, #1154, .T. ) ;
#4981 = CONTEXT_DEPENDENT_SHAPE_REPRESENTATION ( #7725, #6170 ) ;
#4982 = EDGE_LOOP ( 'NONE', ( #2654, #848, #4701, #3445 ) ) ;
#4983 = DIRECTION ( 'NONE',  ( 0.000000000000000000, -1.000000000000000000, 0.000000000000000000 ) ) ;
#4984 = CYLINDRICAL_SURFACE ( 'NONE', #597, 1.500000000000000000 ) ;
#4985 = EDGE_CURVE ( 'NONE', #4184, #4409, #4172, .T. ) ;
#4986 = PLANE ( 'NONE',  #1711 ) ;
#4987 = DIRECTION ( 'NONE',  ( 0.000000000000000000, 0.000000000000000000, -1.000000000000000000 ) ) ;
#4988 = PLANE ( 'NONE',  #501 ) ;
#4989 = ORIENTED_EDGE ( 'NONE', *, *, #5149, .T. ) ;
#4990 = ADVANCED_FACE ( 'NONE', ( #2861 ), #7139, .T. ) ;
#4991 = DIRECTION ( 'NONE',  ( 1.000000000000000000, 0.000000000000000000, 0.000000000000000000 ) ) ;
#4992 = ORIENTED_EDGE ( 'NONE', *, *, #5632, .F. ) ;
#4993 = LINE ( 'NONE', #1226, #1874 ) ;
#4994 = LINE ( 'NONE', #3103, #4699 ) ;
#4995 = CARTESIAN_POINT ( 'NONE',  ( -9.000000000000000000, -3.000000000000000444, -18.00000000000000000 ) ) ;
#4996 = DIRECTION ( 'NONE',  ( 1.000000000000000000, 0.000000000000000000, 0.000000000000000000 ) ) ;
#4997 = CARTESIAN_POINT ( 'NONE',  ( -6.800000000000001599, 3.299999999999999822, -1.399999999999999911 ) ) ;
#4998 = EDGE_CURVE ( 'NONE', #3363, #5112, #4552, .T. ) ;
#4999 = ORIENTED_EDGE ( 'NONE', *, *, #5267, .F. ) ;
#5000 = CARTESIAN_POINT ( 'NONE',  ( -5.999999999999999112, -1.200000000000000178, 0.000000000000000000 ) ) ;
#5001 = VECTOR ( 'NONE', #314, 1000.000000000000000 ) ;
#5002 = DIRECTION ( 'NONE',  ( -1.000000000000000000, -0.000000000000000000, -0.000000000000000000 ) ) ;
#5003 = VERTEX_POINT ( 'NONE', #976 ) ;
#5004 = PLANE ( 'NONE',  #276 ) ;
#5005 = CARTESIAN_POINT ( 'NONE',  ( -6.770000000000001350, 3.269999999999999574, -0.5000000000000000000 ) ) ;
#5006 = DIRECTION ( 'NONE',  ( 0.000000000000000000, 0.000000000000000000, -1.000000000000000000 ) ) ;
#5007 = EDGE_CURVE ( 'NONE', #4544, #7643, #7659, .T. ) ;
#5008 = ADVANCED_FACE ( 'NONE', ( #4624 ), #1669, .T. ) ;
#5009 = CIRCLE ( 'NONE', #6016, 0.2500000000000002220 ) ;
#5010 = CARTESIAN_POINT ( 'NONE',  ( -5.549999999999999822, 0.000000000000000000, 0.1000000000000000056 ) ) ;
#5011 = ORIENTED_EDGE ( 'NONE', *, *, #1234, .T. ) ;
#5012 = ORIENTED_EDGE ( 'NONE', *, *, #5426, .F. ) ;
#5013 = ORIENTED_EDGE ( 'NONE', *, *, #7510, .T. ) ;
#5014 = CARTESIAN_POINT ( 'NONE',  ( -1.349999999999999645, 2.000000000000000000, 0.000000000000000000 ) ) ;
#5015 = DIRECTION ( 'NONE',  ( -0.000000000000000000, -1.000000000000000000, -0.000000000000000000 ) ) ;
#5016 = AXIS2_PLACEMENT_3D ( 'NONE', #1479, #245, #2687 ) ;
#5017 = CARTESIAN_POINT ( 'NONE',  ( -4.200000000000000178, 2.000000000000000000, 0.1000000000000000056 ) ) ;
#5018 = DIRECTION ( 'NONE',  ( -0.000000000000000000, 1.000000000000000000, -0.000000000000000000 ) ) ;
#5019 = EDGE_CURVE ( 'NONE', #1048, #1384, #5336, .T. ) ;
#5020 = EDGE_LOOP ( 'NONE', ( #7351, #4190, #2065, #6146 ) ) ;
#5021 = ITEM_DEFINED_TRANSFORMATION ( 'NONE', 'NONE', #3163,  #1166 ) ;
#5022 = ORIENTED_EDGE ( 'NONE', *, *, #1510, .T. ) ;
#5023 = AXIS2_PLACEMENT_3D ( 'NONE', #3074, #3717, #79 ) ;
#5024 = FACE_OUTER_BOUND ( 'NONE', #4226, .T. ) ;
#5025 = CARTESIAN_POINT ( 'NONE',  ( 6.570000000000000284, 3.069999999999998508, -1.074999999999999956 ) ) ;
#5026 = CARTESIAN_POINT ( 'NONE',  ( -6.570000000000002061, 3.070000000000000284, -1.074999999999999956 ) ) ;
#5027 = DIRECTION ( 'NONE',  ( -0.000000000000000000, 1.000000000000000000, -0.000000000000000000 ) ) ;
#5028 = AXIS2_PLACEMENT_3D ( 'NONE', #1469, #3868, #4392 ) ;
#5029 = FACE_OUTER_BOUND ( 'NONE', #6457, .T. ) ;
#5030 = CIRCLE ( 'NONE', #6679, 0.8000000000000009326 ) ;
#5031 = ORIENTED_EDGE ( 'NONE', *, *, #4740, .T. ) ;
#5032 = EDGE_CURVE ( 'NONE', #1414, #5111, #337, .T. ) ;
#5033 = VERTEX_POINT ( 'NONE', #2310 ) ;
#5034 = CARTESIAN_POINT ( 'NONE',  ( -1.349999999999999645, -2.000000000000000000, 0.1000000000000000056 ) ) ;
#5035 = DIRECTION ( 'NONE',  ( -0.000000000000000000, -0.000000000000000000, -1.000000000000000000 ) ) ;
#5036 = DIRECTION ( 'NONE',  ( -0.000000000000000000, 1.000000000000000000, -0.000000000000000000 ) ) ;
#5037 = FACE_BOUND ( 'NONE', #1671, .T. ) ;
#5038 = CARTESIAN_POINT ( 'NONE',  ( -17.50000000000000000, 7.500000000000000000, -1.500000000000001332 ) ) ;
#5039 = ORIENTED_EDGE ( 'NONE', *, *, #2573, .T. ) ;
#5040 = DIRECTION ( 'NONE',  ( 0.000000000000000000, 1.000000000000000000, 0.000000000000000000 ) ) ;
#5041 = DIRECTION ( 'NONE',  ( 0.000000000000000000, 0.000000000000000000, 1.000000000000000000 ) ) ;
#5042 = VERTEX_POINT ( 'NONE', #3527 ) ;
#5043 = CARTESIAN_POINT ( 'NONE',  ( 5.549999999999999822, 2.000000000000000000, 0.000000000000000000 ) ) ;
#5044 = DIRECTION ( 'NONE',  ( -0.000000000000000000, 1.000000000000000000, -0.000000000000000000 ) ) ;
#5045 = CARTESIAN_POINT ( 'NONE',  ( -10.50000000000000533, 0.000000000000000000, 9.000000000000001776 ) ) ;
#5046 = CARTESIAN_POINT ( 'NONE',  ( -3.200000000000000178, 6.123233995736763571E-17, 0.1000000000000000056 ) ) ;
#5047 = EDGE_LOOP ( 'NONE', ( #4774, #4136, #7006, #2071 ) ) ;
#5048 = ORIENTED_EDGE ( 'NONE', *, *, #3016, .F. ) ;
#5049 = EDGE_CURVE ( 'NONE', #4588, #5491, #7697, .T. ) ;
#5050 = EDGE_CURVE ( 'NONE', #3249, #7125, #5441, .T. ) ;
#5051 = VERTEX_POINT ( 'NONE', #7101 ) ;
#5052 = AXIS2_PLACEMENT_3D ( 'NONE', #5809, #3362, #5212 ) ;
#5053 = CARTESIAN_POINT ( 'NONE',  ( -10.50000000000000533, 0.000000000000000000, 3.000000000000004441 ) ) ;
#5054 = DIRECTION ( 'NONE',  ( -0.000000000000000000, -1.000000000000000000, 0.000000000000000000 ) ) ;
#5055 = LINE ( 'NONE', #1374, #5937 ) ;
#5056 = VECTOR ( 'NONE', #2599, 1000.000000000000000 ) ;
#5057 = ORIENTED_EDGE ( 'NONE', *, *, #819, .F. ) ;
#5058 = APPLICATION_PROTOCOL_DEFINITION ( 'draft international standard', 'automotive_design', 1998, #4202 ) ;
#5059 = EDGE_CURVE ( 'NONE', #2872, #4787, #3978, .T. ) ;
#5060 = EDGE_LOOP ( 'NONE', ( #7085, #7023, #278, #4551 ) ) ;
#5061 = DIRECTION ( 'NONE',  ( 0.000000000000000000, 0.000000000000000000, 1.000000000000000000 ) ) ;
#5062 = DIRECTION ( 'NONE',  ( -0.000000000000000000, 1.000000000000000000, -0.000000000000000000 ) ) ;
#5063 = AXIS2_PLACEMENT_3D ( 'NONE', #5931, #1583, #7780 ) ;
#5064 = AXIS2_PLACEMENT_3D ( 'NONE', #2733, #7420, #1992 ) ;
#5065 = CYLINDRICAL_SURFACE ( 'NONE', #2514, 1.500000000000000000 ) ;
#5066 =( GEOMETRIC_REPRESENTATION_CONTEXT ( 3 ) GLOBAL_UNCERTAINTY_ASSIGNED_CONTEXT ( ( #577 ) ) GLOBAL_UNIT_ASSIGNED_CONTEXT ( ( #5666, #6302, #7587 ) ) REPRESENTATION_CONTEXT ( 'NONE', 'WORKASPACE' ) );
#5067 = CARTESIAN_POINT ( 'NONE',  ( 17.50000000000000000, 7.500000000000000000, 10.49999999999999645 ) ) ;
#5068 = ORIENTED_EDGE ( 'NONE', *, *, #6134, .T. ) ;
#5069 = AXIS2_PLACEMENT_3D ( 'NONE', #4254, #6686, #3647 ) ;
#5070 = EDGE_LOOP ( 'NONE', ( #3193, #3734, #383, #6738 ) ) ;
#5071 = CIRCLE ( 'NONE', #1368, 1.499999999999999556 ) ;
#5072 = SURFACE_STYLE_USAGE ( .BOTH. , #6985 ) ;
#5073 = DIRECTION ( 'NONE',  ( -1.000000000000000000, 0.000000000000000000, -0.000000000000000000 ) ) ;
#5074 = DIRECTION ( 'NONE',  ( -0.000000000000000000, 1.000000000000000000, -0.000000000000000000 ) ) ;
#5075 = EDGE_CURVE ( 'NONE', #6010, #1109, #3266, .T. ) ;
#5076 = EDGE_CURVE ( 'NONE', #2375, #5453, #3011, .T. ) ;
#5077 = FACE_BOUND ( 'NONE', #5916, .T. ) ;
#5078 = AXIS2_PLACEMENT_3D ( 'NONE', #802, #6517, #3385 ) ;
#5079 = ORIENTED_EDGE ( 'NONE', *, *, #6367, .T. ) ;
#5080 = AXIS2_PLACEMENT_3D ( 'NONE', #2300, #7047, #1537 ) ;
#5081 = FACE_OUTER_BOUND ( 'NONE', #1945, .T. ) ;
#5082 = CARTESIAN_POINT ( 'NONE',  ( -16.00000000000000000, 0.000000000000000000, -5.575896887068297953E-16 ) ) ;
#5083 = ORIENTED_EDGE ( 'NONE', *, *, #1057, .T. ) ;
#5084 = CARTESIAN_POINT ( 'NONE',  ( 5.549999999999999822, -2.000000000000000000, 0.1000000000000000056 ) ) ;
#5085 = FACE_OUTER_BOUND ( 'NONE', #7255, .T. ) ;
#5086 = FACE_OUTER_BOUND ( 'NONE', #5976, .T. ) ;
#5087 = CARTESIAN_POINT ( 'NONE',  ( -9.250000000000001776, 3.249999999999999556, -18.25000000000000000 ) ) ;
#5088 = DIRECTION ( 'NONE',  ( 0.000000000000000000, 0.000000000000000000, 1.000000000000000000 ) ) ;
#5089 = ORIENTED_EDGE ( 'NONE', *, *, #1753, .T. ) ;
#5090 = EDGE_LOOP ( 'NONE', ( #4567, #4868, #6834, #7382 ) ) ;
#5091 = VERTEX_POINT ( 'NONE', #3368 ) ;
#5092 = VERTEX_POINT ( 'NONE', #6496 ) ;
#5093 = DIRECTION ( 'NONE',  ( 0.000000000000000000, 0.000000000000000000, 1.000000000000000000 ) ) ;
#5094 = CARTESIAN_POINT ( 'NONE',  ( 16.00000000000000000, 0.000000000000000000, -9.000000000000005329 ) ) ;
#5095 = VECTOR ( 'NONE', #6268, 1000.000000000000000 ) ;
#5096 = CARTESIAN_POINT ( 'NONE',  ( -17.50000000000000000, 7.500000000000000000, 10.50000000000000000 ) ) ;
#5097 = LINE ( 'NONE', #257, #2254 ) ;
#5098 = ADVANCED_FACE ( 'NONE', ( #1016 ), #3443, .F. ) ;
#5099 = EDGE_CURVE ( 'NONE', #887, #2921, #536, .T. ) ;
#5100 = VECTOR ( 'NONE', #7327, 1000.000000000000000 ) ;
#5101 = EDGE_LOOP ( 'NONE', ( #3721, #1998, #4496, #3818 ) ) ;
#5102 = VECTOR ( 'NONE', #560, 1000.000000000000000 ) ;
#5103 = VERTEX_POINT ( 'NONE', #6126 ) ;
#5104 = PRODUCT ( 'SiO2+SiPM+PTFE', 'SiO2+SiPM+PTFE', '', ( #7457 ) ) ;
#5105 = CARTESIAN_POINT ( 'NONE',  ( -4.200000000000000178, 0.000000000000000000, 0.1000000000000000056 ) ) ;
#5106 = CARTESIAN_POINT ( 'NONE',  ( 17.50000000000000000, 7.500000000000000000, 3.250000000000002665 ) ) ;
#5107 = AXIS2_PLACEMENT_3D ( 'NONE', #1365, #204, #3158 ) ;
#5108 = CARTESIAN_POINT ( 'NONE',  ( 17.50000000000000000, 7.500000000000000000, 10.49999999999999645 ) ) ;
#5109 = DIRECTION ( 'NONE',  ( -0.000000000000000000, -0.000000000000000000, -1.000000000000000000 ) ) ;
#5110 = EDGE_CURVE ( 'NONE', #1806, #6877, #5487, .T. ) ;
#5111 = VERTEX_POINT ( 'NONE', #1292 ) ;
#5112 = VERTEX_POINT ( 'NONE', #4289 ) ;
#5113 = DIRECTION ( 'NONE',  ( -1.000000000000000000, 0.000000000000000000, 0.000000000000000000 ) ) ;
#5114 = FACE_OUTER_BOUND ( 'NONE', #5320, .T. ) ;
#5115 = FACE_OUTER_BOUND ( 'NONE', #3007, .T. ) ;
#5116 = DIRECTION ( 'NONE',  ( 0.000000000000000000, -1.000000000000000000, 0.000000000000000000 ) ) ;
#5117 = DIRECTION ( 'NONE',  ( -1.000000000000000000, -0.000000000000000000, -0.000000000000000000 ) ) ;
#5118 = ORIENTED_EDGE ( 'NONE', *, *, #3247, .F. ) ;
#5119 = CARTESIAN_POINT ( 'NONE',  ( -9.000000000000000000, 6.000000000000000000, -9.000000000000001776 ) ) ;
#5120 = EDGE_CURVE ( 'NONE', #3068, #3408, #3648, .T. ) ;
#5121 = CARTESIAN_POINT ( 'NONE',  ( -10.50000000000000533, 0.000000000000000000, 10.50000000000000355 ) ) ;
#5122 = EDGE_LOOP ( 'NONE', ( #6351, #2332 ) ) ;
#5123 = CARTESIAN_POINT ( 'NONE',  ( 15.50000000000000178, 0.000000000000000000, -3.799999999999999822 ) ) ;
#5124 = CYLINDRICAL_SURFACE ( 'NONE', #2713, 1.499999999999999556 ) ;
#5125 = CARTESIAN_POINT ( 'NONE',  ( 9.000000000000000000, 0.4999999999999995559, -9.000000000000000000 ) ) ;
#5126 = LINE ( 'NONE', #2726, #7917 ) ;
#5127 = ORIENTED_EDGE ( 'NONE', *, *, #7564, .T. ) ;
#5128 = ORIENTED_EDGE ( 'NONE', *, *, #351, .T. ) ;
#5129 = EDGE_CURVE ( 'NONE', #1746, #7103, #5696, .T. ) ;
#5130 = EDGE_LOOP ( 'NONE', ( #653, #6695, #7845, #979, #6630, #7222, #1522, #7822 ) ) ;
#5131 = ORIENTED_EDGE ( 'NONE', *, *, #6896, .F. ) ;
#5132 = DIRECTION ( 'NONE',  ( -0.000000000000000000, 0.000000000000000000, 1.000000000000000000 ) ) ;
#5133 = PLANE ( 'NONE',  #7502 ) ;
#5134 = CIRCLE ( 'NONE', #4362, 0.5000000000000004441 ) ;
#5135 = CARTESIAN_POINT ( 'NONE',  ( -3.299999999999999822, 2.799999999999998490, 0.1000000000000000056 ) ) ;
#5136 = CARTESIAN_POINT ( 'NONE',  ( -3.200000000000000178, -2.000000000000000000, 0.1000000000000000056 ) ) ;
#5137 = VERTEX_POINT ( 'NONE', #3608 ) ;
#5138 = VERTEX_POINT ( 'NONE', #2973 ) ;
#5139 = DIRECTION ( 'NONE',  ( -1.326241189584715037E-16, 1.000000000000000000, -0.000000000000000000 ) ) ;
#5140 = AXIS2_PLACEMENT_3D ( 'NONE', #3567, #1704, #3406 ) ;
#5141 = DIRECTION ( 'NONE',  ( -0.000000000000000000, 0.000000000000000000, 1.000000000000000000 ) ) ;
#5142 = DIRECTION ( 'NONE',  ( 0.000000000000000000, -1.000000000000000000, 0.000000000000000000 ) ) ;
#5143 = DIRECTION ( 'NONE',  ( -0.000000000000000000, -1.000000000000000000, -0.000000000000000000 ) ) ;
#5144 = EDGE_LOOP ( 'NONE', ( #3500, #3781, #5359, #3410 ) ) ;
#5145 = AXIS2_PLACEMENT_3D ( 'NONE', #7130, #1659, #6526 ) ;
#5146 = ORIENTED_EDGE ( 'NONE', *, *, #2419, .T. ) ;
#5147 = ADVANCED_FACE ( 'NONE', ( #2460 ), #1134, .T. ) ;
#5148 = DIRECTION ( 'NONE',  ( 1.652117596168387756E-16, 0.000000000000000000, -1.000000000000000000 ) ) ;
#5149 = EDGE_CURVE ( 'NONE', #6660, #3444, #2935, .T. ) ;
#5150 = PLANE ( 'NONE',  #1058 ) ;
#5151 = DIRECTION ( 'NONE',  ( 1.000000000000000000, 0.000000000000000000, 0.000000000000000000 ) ) ;
#5152 = DIRECTION ( 'NONE',  ( 0.000000000000000000, -1.000000000000000000, 0.000000000000000000 ) ) ;
#5153 = ORIENTED_EDGE ( 'NONE', *, *, #7464, .T. ) ;
#5154 = SHAPE_REPRESENTATION ( 'PTFE Wrap', ( #1166 ), #7379 ) ;
#5155 = CARTESIAN_POINT ( 'NONE',  ( -3.299999999999999822, 2.799999999999998490, 0.1000000000000000056 ) ) ;
#5156 = CIRCLE ( 'NONE', #5530, 1.500000000000000000 ) ;
#5157 = AXIS2_PLACEMENT_3D ( 'NONE', #897, #5141, #3977 ) ;
#5158 = DIRECTION ( 'NONE',  ( -1.000000000000000000, 0.000000000000000000, -1.652117596168387756E-16 ) ) ;
#5159 = ORIENTED_EDGE ( 'NONE', *, *, #6970, .T. ) ;
#5160 = EDGE_CURVE ( 'NONE', #6658, #106, #3783, .T. ) ;
#5161 = DIRECTION ( 'NONE',  ( 1.326241189584715037E-16, -1.000000000000000000, 0.000000000000000000 ) ) ;
#5162 = CARTESIAN_POINT ( 'NONE',  ( 10.99999999999999822, 0.4999999999999995559, 7.864218330839939597 ) ) ;
#5163 = PLANE ( 'NONE',  #6836 ) ;
#5164 = DIRECTION ( 'NONE',  ( 0.000000000000000000, -1.000000000000000000, 0.000000000000000000 ) ) ;
#5165 = EDGE_CURVE ( 'NONE', #4963, #5840, #1252, .T. ) ;
#5166 = DIRECTION ( 'NONE',  ( -0.000000000000000000, 1.000000000000000000, -0.000000000000000000 ) ) ;
#5167 = ORIENTED_EDGE ( 'NONE', *, *, #7472, .T. ) ;
#5168 = CARTESIAN_POINT ( 'NONE',  ( -3.200000000000000178, 2.000000000000000000, 0.1000000000000000056 ) ) ;
#5169 = ORIENTED_EDGE ( 'NONE', *, *, #4237, .F. ) ;
#5170 = CARTESIAN_POINT ( 'NONE',  ( 6.770000000000000462, 0.7500000000000000000, -3.270000000000000018 ) ) ;
#5171 = CARTESIAN_POINT ( 'NONE',  ( 6.570000000000000284, 3.069999999999998508, -1.074999999999999956 ) ) ;
#5172 = PLANE ( 'NONE',  #4765 ) ;
#5173 = EDGE_CURVE ( 'NONE', #3336, #4525, #1622, .T. ) ;
#5174 = EDGE_CURVE ( 'NONE', #5840, #7179, #5373, .T. ) ;
#5175 = DIRECTION ( 'NONE',  ( -1.196361017915038993E-16, 0.000000000000000000, -1.000000000000000000 ) ) ;
#5176 = VERTEX_POINT ( 'NONE', #4893 ) ;
#5177 = ORIENTED_EDGE ( 'NONE', *, *, #1434, .F. ) ;
#5178 = CARTESIAN_POINT ( 'NONE',  ( 6.769999999999997797, 3.269999999999999574, 0.000000000000000000 ) ) ;
#5179 = DIRECTION ( 'NONE',  ( -0.000000000000000000, -0.000000000000000000, -1.000000000000000000 ) ) ;
#5180 = DIRECTION ( 'NONE',  ( -0.000000000000000000, -0.000000000000000000, -1.000000000000000000 ) ) ;
#5181 = AXIS2_PLACEMENT_3D ( 'NONE', #7247, #41, #7169 ) ;
#5182 = ORIENTED_EDGE ( 'NONE', *, *, #7638, .F. ) ;
#5183 = ORIENTED_EDGE ( 'NONE', *, *, #4503, .T. ) ;
#5184 = AXIS2_PLACEMENT_3D ( 'NONE', #6184, #707, #5295 ) ;
#5185 = CARTESIAN_POINT ( 'NONE',  ( 4.200000000000000178, 6.123233995736766036E-17, 0.000000000000000000 ) ) ;
#5186 = DIRECTION ( 'NONE',  ( 1.000000000000000000, 0.000000000000000000, 0.000000000000000000 ) ) ;
#5187 = CARTESIAN_POINT ( 'NONE',  ( -0.4300000000000025469, 3.070000000000000284, -1.074999999999999956 ) ) ;
#5188 = DIRECTION ( 'NONE',  ( 0.000000000000000000, -1.000000000000000000, 0.000000000000000000 ) ) ;
#5189 = EDGE_LOOP ( 'NONE', ( #981, #4212, #4527, #4604 ) ) ;
#5190 = VECTOR ( 'NONE', #2876, 1000.000000000000000 ) ;
#5191 = ADVANCED_FACE ( 'NONE', ( #7329 ), #6091, .F. ) ;
#5192 = CARTESIAN_POINT ( 'NONE',  ( 9.249999999999998224, -3.249999999999999556, 0.2500000000000000000 ) ) ;
#5193 = MECHANICAL_DESIGN_GEOMETRIC_PRESENTATION_REPRESENTATION (  '', ( #3012 ), #1493 ) ;
#5194 = CARTESIAN_POINT ( 'NONE',  ( 15.49999999999999822, 0.4999999999999995559, -0.2499999999999993616 ) ) ;
#5195 = VERTEX_POINT ( 'NONE', #6006 ) ;
#5196 = AXIS2_PLACEMENT_3D ( 'NONE', #6398, #6439, #2877 ) ;
#5197 = DIRECTION ( 'NONE',  ( 0.000000000000000000, 0.000000000000000000, 1.000000000000000000 ) ) ;
#5198 = CARTESIAN_POINT ( 'NONE',  ( -9.000000000000007105, 0.000000000000000000, 9.000000000000001776 ) ) ;
#5199 = CIRCLE ( 'NONE', #3528, 0.4999999999999995559 ) ;
#5200 = DIRECTION ( 'NONE',  ( 1.652117596168387756E-16, 0.000000000000000000, -1.000000000000000000 ) ) ;
#5201 = CARTESIAN_POINT ( 'NONE',  ( 5.549999999999999822, 2.000000000000000000, 0.1000000000000000056 ) ) ;
#5202 = ORIENTED_EDGE ( 'NONE', *, *, #5828, .F. ) ;
#5203 = EDGE_CURVE ( 'NONE', #4376, #5033, #6765, .T. ) ;
#5204 = VERTEX_POINT ( 'NONE', #4855 ) ;
#5205 = APPLICATION_PROTOCOL_DEFINITION ( 'draft international standard', 'automotive_design', 1998, #2820 ) ;
#5206 = AXIS2_PLACEMENT_3D ( 'NONE', #3221, #2116, #5667 ) ;
#5207 = CARTESIAN_POINT ( 'NONE',  ( -5.049999999999999822, -2.000000000000000000, 0.1000000000000000056 ) ) ;
#5208 = ORIENTED_EDGE ( 'NONE', *, *, #2519, .F. ) ;
#5209 = CARTESIAN_POINT ( 'NONE',  ( 15.50000000000000178, 0.4999999999999995559, 5.500000000000000000 ) ) ;
#5210 = LINE ( 'NONE', #7769, #481 ) ;
#5211 = CARTESIAN_POINT ( 'NONE',  ( 13.99999999999999822, 0.000000000000000000, 1.750000000000000888 ) ) ;
#5212 = DIRECTION ( 'NONE',  ( 2.312964634635743450E-15, 0.000000000000000000, 1.000000000000000000 ) ) ;
#5213 = AXIS2_PLACEMENT_3D ( 'NONE', #6612, #1295, #651 ) ;
#5214 = VERTEX_POINT ( 'NONE', #1742 ) ;
#5215 = VERTEX_POINT ( 'NONE', #4182 ) ;
#5216 = ADVANCED_FACE ( 'NONE', ( #1211 ), #4816, .T. ) ;
#5217 = AXIS2_PLACEMENT_3D ( 'NONE', #7750, #7150, #6581 ) ;
#5218 = DIRECTION ( 'NONE',  ( 1.000000000000000000, -0.000000000000000000, -0.000000000000000000 ) ) ;
#5219 = CARTESIAN_POINT ( 'NONE',  ( -9.000000000000007105, 0.4999999999999995559, -9.000000000000001776 ) ) ;
#5220 = AXIS2_PLACEMENT_3D ( 'NONE', #2391, #1953, #6135 ) ;
#5221 = CIRCLE ( 'NONE', #372, 1.499999999999999556 ) ;
#5222 = VERTEX_POINT ( 'NONE', #1168 ) ;
#5223 = ORIENTED_EDGE ( 'NONE', *, *, #5552, .F. ) ;
#5224 = EDGE_CURVE ( 'NONE', #835, #4905, #4689, .T. ) ;
#5225 = AXIS2_PLACEMENT_3D ( 'NONE', #2572, #6793, #6195 ) ;
#5226 = APPLICATION_CONTEXT ( 'automotive_design' ) ;
#5227 = FACE_OUTER_BOUND ( 'NONE', #5894, .T. ) ;
#5228 = FACE_OUTER_BOUND ( 'NONE', #3077, .T. ) ;
#5229 = CARTESIAN_POINT ( 'NONE',  ( 16.00000000000000000, 0.000000000000000000, -9.000000000000000000 ) ) ;
#5230 = ORIENTED_EDGE ( 'NONE', *, *, #7109, .T. ) ;
#5231 = DIRECTION ( 'NONE',  ( 0.000000000000000000, -0.000000000000000000, -1.000000000000000000 ) ) ;
#5232 = LINE ( 'NONE', #1435, #5986 ) ;
#5233 = ORIENTED_EDGE ( 'NONE', *, *, #1511, .T. ) ;
#5234 = DIRECTION ( 'NONE',  ( -0.000000000000000000, 1.000000000000000000, -0.000000000000000000 ) ) ;
#5235 = DIRECTION ( 'NONE',  ( 0.000000000000000000, 0.000000000000000000, 1.000000000000000000 ) ) ;
#5236 = EDGE_CURVE ( 'NONE', #2195, #7824, #3017, .T. ) ;
#5237 = DIRECTION ( 'NONE',  ( -0.000000000000000000, 1.000000000000000000, -0.000000000000000000 ) ) ;
#5238 = CARTESIAN_POINT ( 'NONE',  ( -6.770000000000000462, -3.270000000000000462, -0.5000000000000000000 ) ) ;
#5239 = CARTESIAN_POINT ( 'NONE',  ( -12.00000000000000355, 0.4999999999999995559, -1.499999999999998446 ) ) ;
#5240 = ORIENTED_EDGE ( 'NONE', *, *, #4998, .T. ) ;
#5241 = EDGE_LOOP ( 'NONE', ( #4749, #3714, #3541, #34, #384, #6241, #2444, #7213 ) ) ;
#5242 = DIRECTION ( 'NONE',  ( 1.314184451497581259E-16, -1.000000000000000000, 0.000000000000000000 ) ) ;
#5243 = ORIENTED_EDGE ( 'NONE', *, *, #5732, .F. ) ;
#5244 = FILL_AREA_STYLE_COLOUR ( '', #14 ) ;
#5245 = EDGE_CURVE ( 'NONE', #5042, #7248, #5570, .T. ) ;
#5247 = EDGE_CURVE ( 'NONE', #5742, #4241, #1212, .T. ) ;
#5246 = DIRECTION ( 'NONE',  ( 0.000000000000000000, -0.000000000000000000, 1.000000000000000000 ) ) ;
#5248 = EDGE_CURVE ( 'NONE', #5858, #6711, #5689, .T. ) ;
#5249 = CARTESIAN_POINT ( 'NONE',  ( 9.499999999999998224, -3.249999999999999556, -18.50000000000000000 ) ) ;
#5250 = FACE_OUTER_BOUND ( 'NONE', #3431, .T. ) ;
#5251 = EDGE_LOOP ( 'NONE', ( #2908, #6980, #6122, #6160 ) ) ;
#5252 = PRODUCT_DEFINITION_CONTEXT ( 'detailed design', #3177, 'design' ) ;
#5253 = ORIENTED_EDGE ( 'NONE', *, *, #4071, .T. ) ;
#5254 = CIRCLE ( 'NONE', #3853, 1.500000000000000000 ) ;
#5255 = EDGE_CURVE ( 'NONE', #4831, #7305, #3638, .T. ) ;
#5256 = CARTESIAN_POINT ( 'NONE',  ( 6.769999999999996909, 3.249999999999999556, 0.2500000000000000000 ) ) ;
#5257 = CARTESIAN_POINT ( 'NONE',  ( -6.770000000000003126, 3.500000000000000888, 0.000000000000000000 ) ) ;
#5258 = CARTESIAN_POINT ( 'NONE',  ( -12.00000000000000533, 7.500000000000000000, 3.000000000000003997 ) ) ;
#5259 = ADVANCED_FACE ( 'NONE', ( #3289 ), #132, .F. ) ;
#5260 =( GEOMETRIC_REPRESENTATION_CONTEXT ( 3 ) GLOBAL_UNCERTAINTY_ASSIGNED_CONTEXT ( ( #1372 ) ) GLOBAL_UNIT_ASSIGNED_CONTEXT ( ( #326, #2615, #2061 ) ) REPRESENTATION_CONTEXT ( 'NONE', 'WORKASPACE' ) );
#5261 = ORIENTED_EDGE ( 'NONE', *, *, #2823, .F. ) ;
#5262 = ORIENTED_EDGE ( 'NONE', *, *, #6868, .F. ) ;
#5263 = CARTESIAN_POINT ( 'NONE',  ( 17.50000000000000000, 0.4999999999999995559, 3.250000000000002665 ) ) ;
#5264 = DIRECTION ( 'NONE',  ( 0.000000000000000000, 0.000000000000000000, 1.000000000000000000 ) ) ;
#5265 = DIRECTION ( 'NONE',  ( -1.000000000000000000, 0.000000000000000000, 0.000000000000000000 ) ) ;
#5266 = CIRCLE ( 'NONE', #5776, 1.500000000000000000 ) ;
#5267 = EDGE_CURVE ( 'NONE', #391, #4859, #5097, .T. ) ;
#5268 = ORIENTED_EDGE ( 'NONE', *, *, #6377, .F. ) ;
#5269 = DIRECTION ( 'NONE',  ( 1.314184451497581259E-16, -1.000000000000000000, 0.000000000000000000 ) ) ;
#5270 = AXIS2_PLACEMENT_3D ( 'NONE', #2409, #7281, #1974 ) ;
#5271 = ORIENTED_EDGE ( 'NONE', *, *, #7550, .T. ) ;
#5272 = CARTESIAN_POINT ( 'NONE',  ( 3.299999999999999378, -1.199999999999998845, 0.000000000000000000 ) ) ;
#5273 = ORIENTED_EDGE ( 'NONE', *, *, #3202, .F. ) ;
#5274 = VECTOR ( 'NONE', #7049, 1000.000000000000000 ) ;
#5275 = FACE_OUTER_BOUND ( 'NONE', #1820, .T. ) ;
#5276 = DIRECTION ( 'NONE',  ( 0.000000000000000000, -0.000000000000000000, 1.000000000000000000 ) ) ;
#5277 = CARTESIAN_POINT ( 'NONE',  ( 5.549999999999999822, -2.000000000000000000, 0.1000000000000000056 ) ) ;
#5278 = LINE ( 'NONE', #7760, #2655 ) ;
#5279 = CARTESIAN_POINT ( 'NONE',  ( 16.00000000000000000, 0.000000000000000000, -7.950000000000000178 ) ) ;
#5280 = ORIENTED_EDGE ( 'NONE', *, *, #5255, .F. ) ;
#5281 = AXIS2_PLACEMENT_3D ( 'NONE', #7908, #2432, #1159 ) ;
#5282 = AXIS2_PLACEMENT_3D ( 'NONE', #466, #7218, #1674 ) ;
#5283 = ORIENTED_EDGE ( 'NONE', *, *, #5203, .T. ) ;
#5284 = DIRECTION ( 'NONE',  ( -1.000000000000000000, 0.000000000000000000, 0.000000000000000000 ) ) ;
#5285 = ORIENTED_EDGE ( 'NONE', *, *, #1304, .T. ) ;
#5286 = CARTESIAN_POINT ( 'NONE',  ( 6.000000000000000000, 2.800000000000001155, 0.000000000000000000 ) ) ;
#5287 = CARTESIAN_POINT ( 'NONE',  ( -9.250000000000001776, -3.249999999999999556, -18.25000000000000000 ) ) ;
#5288 = LINE ( 'NONE', #7726, #3605 ) ;
#5289 = DIRECTION ( 'NONE',  ( 0.000000000000000000, 1.000000000000000000, 0.000000000000000000 ) ) ;
#5290 = ADVANCED_BREP_SHAPE_REPRESENTATION ( '', ( #3878, #1166 ), #913 ) ;
#5291 = EDGE_CURVE ( 'NONE', #4818, #3684, #772, .T. ) ;
#5292 = ORIENTED_EDGE ( 'NONE', *, *, #3131, .T. ) ;
#5293 = ORIENTED_EDGE ( 'NONE', *, *, #6880, .F. ) ;
#5294 = CARTESIAN_POINT ( 'NONE',  ( 6.000000000000000000, 2.800000000000001155, 0.1000000000000000056 ) ) ;
#5295 = DIRECTION ( 'NONE',  ( 1.000000000000000000, 0.000000000000000000, 0.000000000000000000 ) ) ;
#5296 = DIRECTION ( 'NONE',  ( -0.000000000000000000, -0.000000000000000000, -1.000000000000000000 ) ) ;
#5297 = VERTEX_POINT ( 'NONE', #5731 ) ;
#5298 = VERTEX_POINT ( 'NONE', #2064 ) ;
#5299 = ADVANCED_FACE ( 'NONE', ( #2661 ), #1334, .F. ) ;
#5300 = ORIENTED_EDGE ( 'NONE', *, *, #1633, .F. ) ;
#5301 = CARTESIAN_POINT ( 'NONE',  ( 16.75000000000000000, 0.5000000000000004441, -6.100000000000001421 ) ) ;
#5302 = DIRECTION ( 'NONE',  ( 1.236061108696829207E-16, 0.000000000000000000, 1.000000000000000000 ) ) ;
#5303 = CIRCLE ( 'NONE', #833, 0.8000000000000003775 ) ;
#5304 = DIRECTION ( 'NONE',  ( 1.000000000000000000, 0.000000000000000000, 0.000000000000000000 ) ) ;
#5305 = VERTEX_POINT ( 'NONE', #1942 ) ;
#5306 = DIRECTION ( 'NONE',  ( 0.000000000000000000, -1.000000000000000000, 0.000000000000000000 ) ) ;
#5307 = AXIS2_PLACEMENT_3D ( 'NONE', #6577, #5979, #2942 ) ;
#5308 = VECTOR ( 'NONE', #5335, 1000.000000000000000 ) ;
#5309 = ORIENTED_EDGE ( 'NONE', *, *, #5578, .T. ) ;
#5310 = EDGE_CURVE ( 'NONE', #7763, #2872, #7537, .T. ) ;
#5311 = CARTESIAN_POINT ( 'NONE',  ( -9.000000000000007105, 7.500000000000000000, -10.50000000000000000 ) ) ;
#5312 = VERTEX_POINT ( 'NONE', #4493 ) ;
#5313 = EDGE_CURVE ( 'NONE', #3899, #2031, #1456, .T. ) ;
#5314 = DIRECTION ( 'NONE',  ( 0.000000000000000000, 0.000000000000000000, -1.000000000000000000 ) ) ;
#5315 = CARTESIAN_POINT ( 'NONE',  ( -5.999999999999999112, -1.200000000000000178, 0.000000000000000000 ) ) ;
#5316 = CARTESIAN_POINT ( 'NONE',  ( 9.249999999999998224, -3.249999999999999556, -18.25000000000000000 ) ) ;
#5317 = CARTESIAN_POINT ( 'NONE',  ( -6.569999999999999396, 0.1750000000000000167, -3.069999999999999396 ) ) ;
#5318 = VECTOR ( 'NONE', #1382, 1000.000000000000000 ) ;
#5319 = AXIS2_PLACEMENT_3D ( 'NONE', #6397, #6313, #4521 ) ;
#5320 = EDGE_LOOP ( 'NONE', ( #1246, #3555, #3180, #1893 ) ) ;
#5321 = ORIENTED_EDGE ( 'NONE', *, *, #1714, .T. ) ;
#5322 = CIRCLE ( 'NONE', #1491, 1.500000000000000000 ) ;
#5323 = FACE_OUTER_BOUND ( 'NONE', #4259, .T. ) ;
#5324 = ORIENTED_EDGE ( 'NONE', *, *, #4577, .T. ) ;
#5325 = VECTOR ( 'NONE', #654, 1000.000000000000000 ) ;
#5326 = PLANE ( 'NONE',  #3032 ) ;
#5327 = LINE ( 'NONE', #4770, #1182 ) ;
#5328 = DIRECTION ( 'NONE',  ( 2.168404344971008868E-16, 1.000000000000000000, -0.000000000000000000 ) ) ;
#5329 = VECTOR ( 'NONE', #5627, 1000.000000000000000 ) ;
#5330 = VERTEX_POINT ( 'NONE', #4455 ) ;
#5331 = ORIENTED_EDGE ( 'NONE', *, *, #6530, .F. ) ;
#5332 = ORIENTED_EDGE ( 'NONE', *, *, #4960, .T. ) ;
#5333 = DIRECTION ( 'NONE',  ( -0.000000000000000000, -1.000000000000000000, -0.000000000000000000 ) ) ;
#5334 = EDGE_CURVE ( 'NONE', #5954, #2420, #3168, .T. ) ;
#5335 = DIRECTION ( 'NONE',  ( 1.412641267082090664E-16, 1.000000000000000000, -0.000000000000000000 ) ) ;
#5336 = LINE ( 'NONE', #7060, #6590 ) ;
#5337 =( GEOMETRIC_REPRESENTATION_CONTEXT ( 3 ) GLOBAL_UNCERTAINTY_ASSIGNED_CONTEXT ( ( #1665 ) ) GLOBAL_UNIT_ASSIGNED_CONTEXT ( ( #5489, #7331, #1255 ) ) REPRESENTATION_CONTEXT ( 'NONE', 'WORKASPACE' ) );
#5338 = ORIENTED_EDGE ( 'NONE', *, *, #7444, .F. ) ;
#5339 = ORIENTED_EDGE ( 'NONE', *, *, #4338, .T. ) ;
#5340 = ORIENTED_EDGE ( 'NONE', *, *, #6698, .T. ) ;
#5341 = CIRCLE ( 'NONE', #7644, 1.500000000000000000 ) ;
#5342 = ORIENTED_EDGE ( 'NONE', *, *, #6489, .F. ) ;
#5343 = EDGE_CURVE ( 'NONE', #1375, #3580, #3896, .T. ) ;
#5344 = DIRECTION ( 'NONE',  ( 0.000000000000000000, 0.000000000000000000, 1.000000000000000000 ) ) ;
#5345 = CARTESIAN_POINT ( 'NONE',  ( 15.50000000000000178, 0.000000000000000000, 3.799999999999999822 ) ) ;
#5346 = EDGE_CURVE ( 'NONE', #5531, #6837, #5055, .T. ) ;
#5347 = LINE ( 'NONE', #7028, #3512 ) ;
#5348 = ORIENTED_EDGE ( 'NONE', *, *, #3888, .F. ) ;
#5349 = LINE ( 'NONE', #6545, #5597 ) ;
#5350 = AXIS2_PLACEMENT_3D ( 'NONE', #4425, #5143, #6256 ) ;
#5351 = ORIENTED_EDGE ( 'NONE', *, *, #5165, .T. ) ;
#5352 = VECTOR ( 'NONE', #2757, 1000.000000000000000 ) ;
#5353 = FACE_OUTER_BOUND ( 'NONE', #5130, .T. ) ;
#5354 = VERTEX_POINT ( 'NONE', #7492 ) ;
#5355 = FACE_OUTER_BOUND ( 'NONE', #7478, .T. ) ;
#5356 = SHAPE_REPRESENTATION_RELATIONSHIP ( 'NONE' , 'NONE' ,  #5965, #7869 ) ;
#5357 = CYLINDRICAL_SURFACE ( 'NONE', #4690, 1.049999999999998934 ) ;
#5358 = DIRECTION ( 'NONE',  ( 0.000000000000000000, 0.000000000000000000, -1.000000000000000000 ) ) ;
#5359 = ORIENTED_EDGE ( 'NONE', *, *, #4592, .F. ) ;
#5360 = EDGE_CURVE ( 'NONE', #4674, #6877, #2027, .T. ) ;
#5361 = ORIENTED_EDGE ( 'NONE', *, *, #5876, .T. ) ;
#5362 = FACE_OUTER_BOUND ( 'NONE', #2746, .T. ) ;
#5363 = ORIENTED_EDGE ( 'NONE', *, *, #7898, .T. ) ;
#5364 = FACE_OUTER_BOUND ( 'NONE', #4895, .T. ) ;
#5365 = DIRECTION ( 'NONE',  ( 0.000000000000000000, -1.000000000000000000, 0.000000000000000000 ) ) ;
#5366 = CARTESIAN_POINT ( 'NONE',  ( 4.299999999999999822, -1.199999999999998623, 0.1000000000000000056 ) ) ;
#5367 = CARTESIAN_POINT ( 'NONE',  ( 16.00000000000000000, 0.000000000000000000, -1.749999999999999334 ) ) ;
#5368 = EDGE_CURVE ( 'NONE', #2275, #3653, #5303, .T. ) ;
#5369 = VERTEX_POINT ( 'NONE', #6165 ) ;
#5370 = ORIENTED_EDGE ( 'NONE', *, *, #806, .F. ) ;
#5371 = UNCERTAINTY_MEASURE_WITH_UNIT (LENGTH_MEASURE( 1.000000000000000082E-05 ), #2007, 'distance_accuracy_value', 'NONE');
#5372 = DIRECTION ( 'NONE',  ( 0.000000000000000000, 0.000000000000000000, 1.000000000000000000 ) ) ;
#5373 = LINE ( 'NONE', #3691, #217 ) ;
#5374 = VERTEX_POINT ( 'NONE', #5136 ) ;
#5375 = ORIENTED_EDGE ( 'NONE', *, *, #746, .T. ) ;
#5376 = ORIENTED_EDGE ( 'NONE', *, *, #3806, .F. ) ;
#5377 = DIRECTION ( 'NONE',  ( 0.000000000000000000, 0.000000000000000000, 1.000000000000000000 ) ) ;
#5378 = DIRECTION ( 'NONE',  ( 0.000000000000000000, 0.000000000000000000, 1.000000000000000000 ) ) ;
#5379 = AXIS2_PLACEMENT_3D ( 'NONE', #1113, #3547, #3626 ) ;
#5380 = CARTESIAN_POINT ( 'NONE',  ( 0.000000000000000000, 3.249999999999999556, 0.2500000000000000000 ) ) ;
#5381 = ORIENTED_EDGE ( 'NONE', *, *, #4427, .T. ) ;
#5382 = ADVANCED_BREP_SHAPE_REPRESENTATION ( '', ( #1112, #1166 ), #4117 ) ;
#5383 = CARTESIAN_POINT ( 'NONE',  ( 5.000000000000000000, 2.800000000000001155, 0.000000000000000000 ) ) ;
#5384 = EDGE_CURVE ( 'NONE', #2921, #3704, #3730, .T. ) ;
#5385 = EDGE_CURVE ( 'NONE', #3899, #7761, #3770, .T. ) ;
#5386 = ORIENTED_EDGE ( 'NONE', *, *, #6758, .F. ) ;
#5387 = LINE ( 'NONE', #7116, #2012 ) ;
#5388 = EDGE_LOOP ( 'NONE', ( #5692, #2125, #1768, #6405 ) ) ;
#5389 = VECTOR ( 'NONE', #2785, 1000.000000000000000 ) ;
#5390 = CARTESIAN_POINT ( 'NONE',  ( 16.00000000000000000, 0.4999999999999995559, 9.000000000000000000 ) ) ;
#5391 = DIRECTION ( 'NONE',  ( 0.000000000000000000, 0.000000000000000000, 1.000000000000000000 ) ) ;
#5392 = FACE_OUTER_BOUND ( 'NONE', #2328, .T. ) ;
#5393 = DIRECTION ( 'NONE',  ( 9.912705577010326782E-17, -0.000000000000000000, 1.000000000000000000 ) ) ;
#5394 = ORIENTED_EDGE ( 'NONE', *, *, #1114, .F. ) ;
#5395 = ORIENTED_EDGE ( 'NONE', *, *, #5495, .T. ) ;
#5396 = ADVANCED_FACE ( 'NONE', ( #4979 ), #6411, .F. ) ;
#5397 = AXIS2_PLACEMENT_3D ( 'NONE', #5438, #3562, #1774 ) ;
#5398 = FACE_OUTER_BOUND ( 'NONE', #1580, .T. ) ;
#5399 = ORIENTED_EDGE ( 'NONE', *, *, #3802, .F. ) ;
#5400 = CARTESIAN_POINT ( 'NONE',  ( 4.299999999999999822, -1.199999999999998623, 0.1000000000000000056 ) ) ;
#5401 = CARTESIAN_POINT ( 'NONE',  ( 16.00000000000000000, 0.000000000000000000, -10.50000000000000355 ) ) ;
#5402 = LINE ( 'NONE', #1282, #4891 ) ;
#5403 = VECTOR ( 'NONE', #7230, 1000.000000000000000 ) ;
#5404 = CARTESIAN_POINT ( 'NONE',  ( 15.50000000000000178, 0.4999999999999995559, 4.949999999999998401 ) ) ;
#5405 = ORIENTED_EDGE ( 'NONE', *, *, #6520, .T. ) ;
#5406 = VERTEX_POINT ( 'NONE', #1010 ) ;
#5407 = EDGE_CURVE ( 'NONE', #7761, #3899, #7857, .T. ) ;
#5408 = ADVANCED_FACE ( 'NONE', ( #4096 ), #7131, .F. ) ;
#5409 = DIRECTION ( 'NONE',  ( 1.000000000000000000, 0.000000000000000000, 0.000000000000000000 ) ) ;
#5410 = CARTESIAN_POINT ( 'NONE',  ( 9.499999999999994671, 7.500000000000000000, -9.500000000000000000 ) ) ;
#5411 = VERTEX_POINT ( 'NONE', #1046 ) ;
#5412 = ORIENTED_EDGE ( 'NONE', *, *, #5734, .F. ) ;
#5413 = CARTESIAN_POINT ( 'NONE',  ( 16.00000000000000000, 0.000000000000000000, -1.749999999999999334 ) ) ;
#5414 = CARTESIAN_POINT ( 'NONE',  ( -9.695652173913044791, 0.4999999999999995559, -8.604945506379113596 ) ) ;
#5415 = CARTESIAN_POINT ( 'NONE',  ( 15.25000000000000178, 0.5000000000000004441, -6.100000000000001421 ) ) ;
#5416 = DIRECTION ( 'NONE',  ( 0.000000000000000000, 0.000000000000000000, -1.000000000000000000 ) ) ;
#5417 = CARTESIAN_POINT ( 'NONE',  ( -9.500000000000005329, 0.4999999999999995559, -7.864218330839952031 ) ) ;
#5418 = EDGE_LOOP ( 'NONE', ( #6629, #2692, #1683, #7054 ) ) ;
#5419 = FACE_OUTER_BOUND ( 'NONE', #253, .T. ) ;
#5420 = ORIENTED_EDGE ( 'NONE', *, *, #2004, .F. ) ;
#5421 = CARTESIAN_POINT ( 'NONE',  ( 9.249999999999998224, 3.249999999999999556, -18.50000000000000000 ) ) ;
#5422 = ORIENTED_EDGE ( 'NONE', *, *, #4870, .F. ) ;
#5423 = DIRECTION ( 'NONE',  ( 1.000000000000000000, -2.168404344971008868E-16, 0.000000000000000000 ) ) ;
#5424 = CARTESIAN_POINT ( 'NONE',  ( 0.000000000000000000, 3.249999999999999556, 0.2500000000000000000 ) ) ;
#5425 = CARTESIAN_POINT ( 'NONE',  ( 9.249999999999998224, -3.249999999999999556, 0.2500000000000000000 ) ) ;
#5426 = EDGE_CURVE ( 'NONE', #1119, #3544, #7729, .T. ) ;
#5427 = EDGE_CURVE ( 'NONE', #4441, #2699, #411, .T. ) ;
#5428 = EDGE_LOOP ( 'NONE', ( #5617, #1664, #7252, #618 ) ) ;
#5429 = CIRCLE ( 'NONE', #3006, 1.500000000000000444 ) ;
#5430 = VERTEX_POINT ( 'NONE', #3479 ) ;
#5431 = CARTESIAN_POINT ( 'NONE',  ( 16.00000000000000000, 7.500000000000000000, -9.000000000000005329 ) ) ;
#5432 = VERTEX_POINT ( 'NONE', #331 ) ;
#5433 = VECTOR ( 'NONE', #7300, 1000.000000000000000 ) ;
#5434 = CIRCLE ( 'NONE', #6591, 0.8000000000000003775 ) ;
#5435 = FACE_OUTER_BOUND ( 'NONE', #6492, .T. ) ;
#5436 = DIRECTION ( 'NONE',  ( -0.000000000000000000, -1.000000000000000000, -0.000000000000000000 ) ) ;
#5437 = AXIS2_PLACEMENT_3D ( 'NONE', #3910, #1424, #3373 ) ;
#5438 = CARTESIAN_POINT ( 'NONE',  ( -11.00000000000000178, 0.4999999999999995559, 7.864218330839946702 ) ) ;
#5439 = ADVANCED_FACE ( 'NONE', ( #5250 ), #4618, .F. ) ;
#5440 = DIRECTION ( 'NONE',  ( 0.000000000000000000, -0.000000000000000000, 1.000000000000000000 ) ) ;
#5441 = CIRCLE ( 'NONE', #2009, 1.500000000000000000 ) ;
#5442 = CIRCLE ( 'NONE', #3138, 1.500000000000000000 ) ;
#5443 = ORIENTED_EDGE ( 'NONE', *, *, #509, .T. ) ;
#5444 = VECTOR ( 'NONE', #7025, 1000.000000000000000 ) ;
#5445 = ORIENTED_EDGE ( 'NONE', *, *, #5224, .T. ) ;
#5446 = CARTESIAN_POINT ( 'NONE',  ( 3.700000000000000178, 0.000000000000000000, 0.1000000000000000056 ) ) ;
#5447 = LINE ( 'NONE', #1818, #4372 ) ;
#5448 = AXIS2_PLACEMENT_3D ( 'NONE', #4522, #6314, #247 ) ;
#5449 = DIRECTION ( 'NONE',  ( -0.000000000000000000, 0.000000000000000000, 1.000000000000000000 ) ) ;
#5450 = CIRCLE ( 'NONE', #4940, 0.2500000000000002220 ) ;
#5451 = EDGE_CURVE ( 'NONE', #1337, #708, #7727, .T. ) ;
#5452 = ORIENTED_EDGE ( 'NONE', *, *, #1421, .F. ) ;
#5453 = VERTEX_POINT ( 'NONE', #2886 ) ;
#5454 = VECTOR ( 'NONE', #6862, 1000.000000000000000 ) ;
#5455 = CARTESIAN_POINT ( 'NONE',  ( -9.500000000000001776, -3.249999999999999556, 0.2500000000000000000 ) ) ;
#5456 = CARTESIAN_POINT ( 'NONE',  ( 1.350000000000000533, -2.000000000000000000, 0.1000000000000000056 ) ) ;
#5457 = CYLINDRICAL_SURFACE ( 'NONE', #5281, 0.2500000000000002220 ) ;
#5458 = LINE ( 'NONE', #4342, #6835 ) ;
#5459 = DIRECTION ( 'NONE',  ( -1.000000000000000000, 0.000000000000000000, 1.236061108696829207E-16 ) ) ;
#5460 = ORIENTED_EDGE ( 'NONE', *, *, #4370, .T. ) ;
#5461 = EDGE_CURVE ( 'NONE', #6363, #5898, #6831, .T. ) ;
#5462 = LINE ( 'NONE', #3663, #1904 ) ;
#5463 = VERTEX_POINT ( 'NONE', #7689 ) ;
#5464 = DIRECTION ( 'NONE',  ( -0.000000000000000000, -0.000000000000000000, -1.000000000000000000 ) ) ;
#5465 = CLOSED_SHELL ( 'NONE', ( #7843, #4513, #6562, #6915, #3343, #1807 ) ) ;
#5466 = CARTESIAN_POINT ( 'NONE',  ( 5.999999999999999112, -1.199999999999998623, 0.1000000000000000056 ) ) ;
#5467 = DIRECTION ( 'NONE',  ( 0.000000000000000000, 1.000000000000000000, 0.000000000000000000 ) ) ;
#5468 = CARTESIAN_POINT ( 'NONE',  ( 9.000000000000000000, 2.999999999999999556, -18.00000000000000000 ) ) ;
#5469 = ORIENTED_EDGE ( 'NONE', *, *, #4803, .F. ) ;
#5470 = AXIS2_PLACEMENT_3D ( 'NONE', #3779, #6656, #4343 ) ;
#5471 = VERTEX_POINT ( 'NONE', #2262 ) ;
#5472 = AXIS2_PLACEMENT_3D ( 'NONE', #7268, #59, #4829 ) ;
#5473 = PLANE ( 'NONE',  #3421 ) ;
#5474 = ORIENTED_EDGE ( 'NONE', *, *, #3574, .F. ) ;
#5475 = DIRECTION ( 'NONE',  ( -0.000000000000000000, -0.000000000000000000, -1.000000000000000000 ) ) ;
#5476 = CARTESIAN_POINT ( 'NONE',  ( -16.00000000000000000, 0.4999999999999995559, -0.8000000000000009326 ) ) ;
#5477 = VECTOR ( 'NONE', #319, 1000.000000000000000 ) ;
#5478 = PLANE ( 'NONE',  #3735 ) ;
#5479 = CARTESIAN_POINT ( 'NONE',  ( -5.549999999999999822, -2.000000000000000000, 0.000000000000000000 ) ) ;
#5480 = ORIENTED_EDGE ( 'NONE', *, *, #4925, .F. ) ;
#5481 = EDGE_CURVE ( 'NONE', #6558, #4193, #5770, .T. ) ;
#5482 = EDGE_CURVE ( 'NONE', #7171, #5574, #4281, .T. ) ;
#5483 = ADVANCED_FACE ( 'NONE', ( #7051 ), #374, .F. ) ;
#5484 = ORIENTED_EDGE ( 'NONE', *, *, #4662, .T. ) ;
#5485 = CYLINDRICAL_SURFACE ( 'NONE', #6616, 1.499999999999999556 ) ;
#5486 = DIRECTION ( 'NONE',  ( 0.000000000000000000, 0.000000000000000000, 1.000000000000000000 ) ) ;
#5487 = LINE ( 'NONE', #5410, #716 ) ;
#5488 = ORIENTED_EDGE ( 'NONE', *, *, #3749, .T. ) ;
#5489 =( LENGTH_UNIT ( ) NAMED_UNIT ( * ) SI_UNIT ( .MILLI., .METRE. ) );
#5490 = ADVANCED_FACE ( 'NONE', ( #1576 ), #6448, .T. ) ;
#5491 = VERTEX_POINT ( 'NONE', #2739 ) ;
#5492 = PLANE ( 'NONE',  #3794 ) ;
#5493 = CYLINDRICAL_SURFACE ( 'NONE', #6163, 1.499999999999999556 ) ;
#5494 = CARTESIAN_POINT ( 'NONE',  ( -16.00000000000000000, 7.500000000000000000, 0.000000000000000000 ) ) ;
#5495 = EDGE_CURVE ( 'NONE', #6951, #4614, #448, .T. ) ;
#5496 = LINE ( 'NONE', #4298, #1864 ) ;
#5497 = DIRECTION ( 'NONE',  ( 1.000000000000000000, 0.000000000000000000, 0.000000000000000000 ) ) ;
#5498 = ORIENTED_EDGE ( 'NONE', *, *, #4014, .F. ) ;
#5499 = FACE_OUTER_BOUND ( 'NONE', #3161, .T. ) ;
#5500 = ORIENTED_EDGE ( 'NONE', *, *, #1484, .T. ) ;
#5501 = CARTESIAN_POINT ( 'NONE',  ( -5.999999999999999112, -1.200000000000000178, 0.1000000000000000056 ) ) ;
#5502 = VECTOR ( 'NONE', #478, 1000.000000000000000 ) ;
#5503 = FACE_OUTER_BOUND ( 'NONE', #596, .T. ) ;
#5504 = DIRECTION ( 'NONE',  ( -0.000000000000000000, -1.000000000000000000, -0.000000000000000000 ) ) ;
#5505 = EDGE_CURVE ( 'NONE', #195, #3881, #1498, .T. ) ;
#5506 = EDGE_CURVE ( 'NONE', #5430, #3762, #3002, .T. ) ;
#5507 = DIRECTION ( 'NONE',  ( -1.326241189584715037E-16, 1.000000000000000000, -0.000000000000000000 ) ) ;
#5508 = DIRECTION ( 'NONE',  ( 0.000000000000000000, 0.000000000000000000, -1.000000000000000000 ) ) ;
#5509 = ORIENTED_EDGE ( 'NONE', *, *, #4383, .T. ) ;
#5510 = ORIENTED_EDGE ( 'NONE', *, *, #7053, .F. ) ;
#5511 = CIRCLE ( 'NONE', #2585, 0.5000000000000000000 ) ;
#5512 = LINE ( 'NONE', #33, #1781 ) ;
#5513 = EDGE_LOOP ( 'NONE', ( #7701, #7796, #7435, #4649 ) ) ;
#5514 = VECTOR ( 'NONE', #5769, 1000.000000000000000 ) ;
#5515 = DIRECTION ( 'NONE',  ( -1.000000000000000000, 0.000000000000000000, 0.000000000000000000 ) ) ;
#5516 = DIRECTION ( 'NONE',  ( 0.000000000000000000, 0.000000000000000000, 1.000000000000000000 ) ) ;
#5517 = CARTESIAN_POINT ( 'NONE',  ( -4.299999999999999822, -1.199999999999999734, 0.000000000000000000 ) ) ;
#5518 = CARTESIAN_POINT ( 'NONE',  ( 16.00000000000000000, 7.500000000000000000, -1.749999999999999334 ) ) ;
#5519 = AXIS2_PLACEMENT_3D ( 'NONE', #1986, #4413, #890 ) ;
#5520 = ORIENTED_EDGE ( 'NONE', *, *, #7831, .F. ) ;
#5521 = EDGE_LOOP ( 'NONE', ( #676, #3793, #2496, #4451 ) ) ;
#5522 = EDGE_LOOP ( 'NONE', ( #6824, #2857, #4704, #4104 ) ) ;
#5523 = APPLICATION_CONTEXT ( 'automotive_design' ) ;
#5524 = AXIS2_PLACEMENT_3D ( 'NONE', #270, #5628, #2712 ) ;
#5525 = LINE ( 'NONE', #3726, #1388 ) ;
#5526 = CARTESIAN_POINT ( 'NONE',  ( 16.75000000000000000, 0.5000000000000004441, 4.000000000000000888 ) ) ;
#5527 = CARTESIAN_POINT ( 'NONE',  ( 0.000000000000000000, 0.000000000000000000, 0.000000000000000000 ) ) ;
#5528 = ADVANCED_FACE ( 'NONE', ( #1539 ), #3076, .F. ) ;
#5529 = EDGE_CURVE ( 'NONE', #5997, #767, #7207, .T. ) ;
#5530 = AXIS2_PLACEMENT_3D ( 'NONE', #579, #7219, #5378 ) ;
#5531 = VERTEX_POINT ( 'NONE', #7811 ) ;
#5532 = DIRECTION ( 'NONE',  ( 0.000000000000000000, 0.000000000000000000, 1.000000000000000000 ) ) ;
#5533 = PRODUCT ( 'HEPI Housing', 'HEPI Housing', '', ( #4041 ) ) ;
#5534 = ORIENTED_EDGE ( 'NONE', *, *, #3954, .T. ) ;
#5535 = CARTESIAN_POINT ( 'NONE',  ( -6.000000000000000000, 2.799999999999999822, 0.000000000000000000 ) ) ;
#5536 = CARTESIAN_POINT ( 'NONE',  ( -6.769999999999997797, 0.7500000000000000000, 3.270000000000000018 ) ) ;
#5537 = CARTESIAN_POINT ( 'NONE',  ( -0.4299999999999999378, 0.1750000000000000167, -3.069999999999999396 ) ) ;
#5538 = DIRECTION ( 'NONE',  ( -0.000000000000000000, -0.000000000000000000, -1.000000000000000000 ) ) ;
#5539 = DIRECTION ( 'NONE',  ( -1.000000000000000000, 0.000000000000000000, -0.000000000000000000 ) ) ;
#5540 = EDGE_CURVE ( 'NONE', #7179, #1038, #3003, .T. ) ;
#5541 = ORIENTED_EDGE ( 'NONE', *, *, #5481, .F. ) ;
#5542 = DIRECTION ( 'NONE',  ( 0.000000000000000000, 0.000000000000000000, 1.000000000000000000 ) ) ;
#5543 = VERTEX_POINT ( 'NONE', #2338 ) ;
#5544 = CARTESIAN_POINT ( 'NONE',  ( -3.700000000000000178, 0.000000000000000000, 0.1000000000000000056 ) ) ;
#5545 = DIRECTION ( 'NONE',  ( -0.000000000000000000, 1.000000000000000000, -0.000000000000000000 ) ) ;
#5546 = LINE ( 'NONE', #3748, #2851 ) ;
#5547 = DIRECTION ( 'NONE',  ( 1.000000000000000000, 0.000000000000000000, 0.000000000000000000 ) ) ;
#5548 = LINE ( 'NONE', #7393, #4934 ) ;
#5549 = ORIENTED_EDGE ( 'NONE', *, *, #764, .T. ) ;
#5550 = DIRECTION ( 'NONE',  ( 1.000000000000000000, 0.000000000000000000, -0.000000000000000000 ) ) ;
#5551 = ADVANCED_FACE ( 'NONE', ( #4171 ), #1205, .T. ) ;
#5552 = EDGE_CURVE ( 'NONE', #6208, #5432, #3682, .T. ) ;
#5553 = UNCERTAINTY_MEASURE_WITH_UNIT (LENGTH_MEASURE( 1.000000000000000082E-05 ), #7768, 'distance_accuracy_value', 'NONE');
#5554 = CARTESIAN_POINT ( 'NONE',  ( -6.800000000000000711, -3.299999999999999822, -1.399999999999999911 ) ) ;
#5555 = ORIENTED_EDGE ( 'NONE', *, *, #6442, .T. ) ;
#5556 = DIRECTION ( 'NONE',  ( 1.000000000000000000, -1.236061108696829207E-16, 0.000000000000000000 ) ) ;
#5557 = CARTESIAN_POINT ( 'NONE',  ( -10.50000000000000355, 7.500000000000000000, -2.999999999999998668 ) ) ;
#5558 = DIRECTION ( 'NONE',  ( -1.239088197126291063E-16, 1.000000000000000000, 0.000000000000000000 ) ) ;
#5559 = CIRCLE ( 'NONE', #2123, 1.050000000000000266 ) ;
#5560 = CARTESIAN_POINT ( 'NONE',  ( 16.00000000000000000, 0.4999999999999995559, -8.199999999999997513 ) ) ;
#5561 = VERTEX_POINT ( 'NONE', #2965 ) ;
#5562 = EDGE_CURVE ( 'NONE', #5599, #2889, #3639, .T. ) ;
#5563 = VERTEX_POINT ( 'NONE', #5404 ) ;
#5564 = CIRCLE ( 'NONE', #457, 1.499999999999999556 ) ;
#5565 = VECTOR ( 'NONE', #3966, 1000.000000000000000 ) ;
#5566 = ORIENTED_EDGE ( 'NONE', *, *, #1137, .T. ) ;
#5567 = CARTESIAN_POINT ( 'NONE',  ( 6.769999999999996909, 3.500000000000000888, 0.000000000000000000 ) ) ;
#5568 = CARTESIAN_POINT ( 'NONE',  ( -7.864218330839943150, 0.4999999999999995559, 11.00000000000000000 ) ) ;
#5569 = CARTESIAN_POINT ( 'NONE',  ( -8.999999999999998224, 0.000000000000000000, 8.999999999999998224 ) ) ;
#5570 = LINE ( 'NONE', #4414, #61 ) ;
#5571 = AXIS2_PLACEMENT_3D ( 'NONE', #2895, #4103, #1053 ) ;
#5572 = AXIS2_PLACEMENT_3D ( 'NONE', #5835, #4759, #7759 ) ;
#5573 = VECTOR ( 'NONE', #2518, 1000.000000000000000 ) ;
#5574 = VERTEX_POINT ( 'NONE', #7851 ) ;
#5575 = EDGE_LOOP ( 'NONE', ( #6402, #2575, #2945, #636 ) ) ;
#5576 = AXIS2_PLACEMENT_3D ( 'NONE', #5087, #5602, #5639 ) ;
#5577 = DIRECTION ( 'NONE',  ( 0.000000000000000000, -1.000000000000000000, 0.000000000000000000 ) ) ;
#5578 = EDGE_CURVE ( 'NONE', #660, #4796, #4806, .T. ) ;
#5579 = AXIS2_PLACEMENT_3D ( 'NONE', #7452, #6802, #4529 ) ;
#5580 = FACE_OUTER_BOUND ( 'NONE', #295, .T. ) ;
#5581 = CARTESIAN_POINT ( 'NONE',  ( 14.74999999999999822, 0.5000000000000004441, -2.499999999999999556 ) ) ;
#5582 = DIRECTION ( 'NONE',  ( -1.000000000000000000, -1.239088197126291063E-16, -0.000000000000000000 ) ) ;
#5583 = EDGE_LOOP ( 'NONE', ( #4819, #5361, #1020, #3687 ) ) ;
#5584 = LINE ( 'NONE', #1267, #3047 ) ;
#5585 = CIRCLE ( 'NONE', #7629, 0.2500000000000002220 ) ;
#5586 = VERTEX_POINT ( 'NONE', #5518 ) ;
#5587 = ADVANCED_FACE ( 'NONE', ( #6080 ), #1775, .T. ) ;
#5588 = ADVANCED_FACE ( 'NONE', ( #2494 ), #1698, .T. ) ;
#5589 = LINE ( 'NONE', #1310, #4820 ) ;
#5590 = DIRECTION ( 'NONE',  ( 1.000000000000000000, 2.628368902995162518E-16, -0.000000000000000000 ) ) ;
#5591 = DIRECTION ( 'NONE',  ( 0.000000000000000000, 0.000000000000000000, 1.000000000000000000 ) ) ;
#5592 = LINE ( 'NONE', #2561, #3393 ) ;
#5593 = DIRECTION ( 'NONE',  ( 1.000000000000000000, 0.000000000000000000, 4.956352788505165240E-16 ) ) ;
#5594 = EDGE_LOOP ( 'NONE', ( #3480, #1738 ) ) ;
#5595 =( GEOMETRIC_REPRESENTATION_CONTEXT ( 3 ) GLOBAL_UNCERTAINTY_ASSIGNED_CONTEXT ( ( #1873 ) ) GLOBAL_UNIT_ASSIGNED_CONTEXT ( ( #1905, #3732, #4293 ) ) REPRESENTATION_CONTEXT ( 'NONE', 'WORKASPACE' ) );
#5596 = CARTESIAN_POINT ( 'NONE',  ( 17.50000000000000000, 0.000000000000000000, 3.250000000000002665 ) ) ;
#5597 = VECTOR ( 'NONE', #7832, 1000.000000000000000 ) ;
#5598 = DIRECTION ( 'NONE',  ( -1.826024711554533913E-16, 0.000000000000000000, -1.000000000000000000 ) ) ;
#5599 = VERTEX_POINT ( 'NONE', #5367 ) ;
#5600 = FACE_OUTER_BOUND ( 'NONE', #1872, .T. ) ;
#5601 = CARTESIAN_POINT ( 'NONE',  ( -16.00000000000000000, 0.000000000000000000, 0.000000000000000000 ) ) ;
#5602 = DIRECTION ( 'NONE',  ( 0.000000000000000000, 0.000000000000000000, -1.000000000000000000 ) ) ;
#5603 = VECTOR ( 'NONE', #2435, 1000.000000000000000 ) ;
#5604 = EDGE_CURVE ( 'NONE', #3184, #5763, #3517, .T. ) ;
#5605 = FACE_OUTER_BOUND ( 'NONE', #4447, .T. ) ;
#5606 = AXIS2_PLACEMENT_3D ( 'NONE', #3469, #443, #1728 ) ;
#5607 = EDGE_LOOP ( 'NONE', ( #5510, #5520 ) ) ;
#5608 = ORIENTED_EDGE ( 'NONE', *, *, #3828, .F. ) ;
#5609 = VERTEX_POINT ( 'NONE', #5962 ) ;
#5610 = CARTESIAN_POINT ( 'NONE',  ( 6.000000000000000000, 2.800000000000001155, 0.1000000000000000056 ) ) ;
#5611 = DIRECTION ( 'NONE',  ( -0.000000000000000000, -1.000000000000000000, -0.000000000000000000 ) ) ;
#5612 = CYLINDRICAL_SURFACE ( 'NONE', #2721, 1.049999999999998934 ) ;
#5613 = EDGE_CURVE ( 'NONE', #220, #2862, #4922, .T. ) ;
#5614 = DIRECTION ( 'NONE',  ( 1.000000000000000000, 0.000000000000000000, 0.000000000000000000 ) ) ;
#5615 = ORIENTED_EDGE ( 'NONE', *, *, #1898, .T. ) ;
#5616 = APPLICATION_PROTOCOL_DEFINITION ( 'draft international standard', 'automotive_design', 1998, #5829 ) ;
#5617 = ORIENTED_EDGE ( 'NONE', *, *, #1785, .F. ) ;
#5618 = DIRECTION ( 'NONE',  ( 0.000000000000000000, 0.000000000000000000, -1.000000000000000000 ) ) ;
#5619 = CARTESIAN_POINT ( 'NONE',  ( 10.99999999999999822, 0.4999999999999995559, 7.864218330839939597 ) ) ;
#5620 = FACE_OUTER_BOUND ( 'NONE', #5811, .T. ) ;
#5621 = CARTESIAN_POINT ( 'NONE',  ( 9.499999999999998224, 3.249999999999999556, -18.25000000000000000 ) ) ;
#5622 = CARTESIAN_POINT ( 'NONE',  ( -4.299999999999999822, -1.199999999999999734, 0.1000000000000000056 ) ) ;
#5623 = ORIENTED_EDGE ( 'NONE', *, *, #2193, .T. ) ;
#5624 = CARTESIAN_POINT ( 'NONE',  ( 8.604945506379110043, 7.500000000000000000, 9.695652173913043015 ) ) ;
#5625 = VERTEX_POINT ( 'NONE', #607 ) ;
#5626 = CARTESIAN_POINT ( 'NONE',  ( -17.50000000000000000, 7.500000000000000000, 10.50000000000000000 ) ) ;
#5627 = DIRECTION ( 'NONE',  ( 0.000000000000000000, 1.000000000000000000, 0.000000000000000000 ) ) ;
#5628 = DIRECTION ( 'NONE',  ( 0.000000000000000000, -1.000000000000000000, 0.000000000000000000 ) ) ;
#5629 = CARTESIAN_POINT ( 'NONE',  ( -9.250000000000001776, -3.249999999999999556, 0.2500000000000000000 ) ) ;
#5630 = ORIENTED_EDGE ( 'NONE', *, *, #4100, .T. ) ;
#5631 = EDGE_CURVE ( 'NONE', #4285, #5765, #5559, .T. ) ;
#5632 = EDGE_CURVE ( 'NONE', #1535, #4248, #6002, .T. ) ;
#5633 = CARTESIAN_POINT ( 'NONE',  ( -16.00000000000000000, 7.500000000000000000, 0.000000000000000000 ) ) ;
#5634 = VECTOR ( 'NONE', #4844, 1000.000000000000000 ) ;
#5635 = CARTESIAN_POINT ( 'NONE',  ( -9.500000000000005329, 7.500000000000000000, -9.500000000000000000 ) ) ;
#5636 = ORIENTED_EDGE ( 'NONE', *, *, #4074, .F. ) ;
#5637 = CARTESIAN_POINT ( 'NONE',  ( -9.250000000000001776, -3.249999999999999556, -18.50000000000000000 ) ) ;
#5638 = CARTESIAN_POINT ( 'NONE',  ( -12.00000000000000355, 0.000000000000000000, -2.999999999999998224 ) ) ;
#5639 = DIRECTION ( 'NONE',  ( -1.000000000000000000, 0.000000000000000000, 0.000000000000000000 ) ) ;
#5640 = CIRCLE ( 'NONE', #148, 0.2500000000000002220 ) ;
#5641 = DIRECTION ( 'NONE',  ( -1.000000000000000000, -1.314184451497581259E-16, 0.000000000000000000 ) ) ;
#5642 = ADVANCED_FACE ( 'NONE', ( #565 ), #7893, .F. ) ;
#5643 = ORIENTED_EDGE ( 'NONE', *, *, #1933, .T. ) ;
#5644 = ORIENTED_EDGE ( 'NONE', *, *, #1336, .T. ) ;
#5645 = ORIENTED_EDGE ( 'NONE', *, *, #2584, .T. ) ;
#5646 = DIRECTION ( 'NONE',  ( 1.000000000000000000, 0.000000000000000000, 0.000000000000000000 ) ) ;
#5647 = CYLINDRICAL_SURFACE ( 'NONE', #6352, 0.5000000000000000000 ) ;
#5648 = CIRCLE ( 'NONE', #4369, 0.5500000000000010436 ) ;
#5649 = CARTESIAN_POINT ( 'NONE',  ( -12.00000000000000355, 0.000000000000000000, -1.499999999999998446 ) ) ;
#5650 = AXIS2_PLACEMENT_3D ( 'NONE', #184, #3294, #6380 ) ;
#5651 = CARTESIAN_POINT ( 'NONE',  ( 4.299999999999999822, 2.799999999999999378, 0.1000000000000000056 ) ) ;
#5652 = ORIENTED_EDGE ( 'NONE', *, *, #188, .T. ) ;
#5653 = APPLICATION_PROTOCOL_DEFINITION ( 'draft international standard', 'automotive_design', 1998, #1138 ) ;
#5654 = EDGE_CURVE ( 'NONE', #5851, #5997, #1011, .T. ) ;
#5655 = VERTEX_POINT ( 'NONE', #4886 ) ;
#5656 = CIRCLE ( 'NONE', #5397, 1.499999999999999556 ) ;
#5657 = EDGE_CURVE ( 'NONE', #335, #5531, #4448, .T. ) ;
#5658 = DIRECTION ( 'NONE',  ( -0.000000000000000000, -0.000000000000000000, -1.000000000000000000 ) ) ;
#5659 = DIRECTION ( 'NONE',  ( -0.000000000000000000, 1.000000000000000000, -0.000000000000000000 ) ) ;
#5660 = CARTESIAN_POINT ( 'NONE',  ( -5.049999999999999822, 6.123233995736778362E-17, 0.000000000000000000 ) ) ;
#5661 = VECTOR ( 'NONE', #4222, 1000.000000000000000 ) ;
#5662 = CARTESIAN_POINT ( 'NONE',  ( -9.000000000000000000, -3.000000000000000444, 0.000000000000000000 ) ) ;
#5663 = AXIS2_PLACEMENT_3D ( 'NONE', #1061, #3411, #5900 ) ;
#5664 = ORIENTED_EDGE ( 'NONE', *, *, #1114, .T. ) ;
#5665 = VERTEX_POINT ( 'NONE', #7405 ) ;
#5666 =( LENGTH_UNIT ( ) NAMED_UNIT ( * ) SI_UNIT ( .MILLI., .METRE. ) );
#5667 = DIRECTION ( 'NONE',  ( -1.927470528863119295E-16, 0.000000000000000000, -1.000000000000000000 ) ) ;
#5668 = FACE_OUTER_BOUND ( 'NONE', #1238, .T. ) ;
#5669 =( NAMED_UNIT ( * ) SI_UNIT ( $, .STERADIAN. ) SOLID_ANGLE_UNIT ( ) );
#5670 = CARTESIAN_POINT ( 'NONE',  ( 1.850000000000000311, 2.000000000000000000, 0.1000000000000000056 ) ) ;
#5671 = EDGE_LOOP ( 'NONE', ( #3352, #2621, #5012, #538 ) ) ;
#5672 = DIRECTION ( 'NONE',  ( 1.000000000000000000, 0.000000000000000000, 0.000000000000000000 ) ) ;
#5673 = CARTESIAN_POINT ( 'NONE',  ( -5.549999999999999822, -2.000000000000000000, 0.1000000000000000056 ) ) ;
#5674 = ORIENTED_EDGE ( 'NONE', *, *, #1642, .F. ) ;
#5675 = DIRECTION ( 'NONE',  ( 1.084202172485504927E-16, -1.000000000000000000, 0.000000000000000000 ) ) ;
#5676 = PLANE ( 'NONE',  #6786 ) ;
#5677 = ADVANCED_FACE ( 'NONE', ( #722 ), #2611, .T. ) ;
#5678 = ADVANCED_FACE ( 'NONE', ( #6832 ), #7446, .T. ) ;
#5679 = DIRECTION ( 'NONE',  ( 0.000000000000000000, -1.000000000000000000, 0.000000000000000000 ) ) ;
#5680 = CARTESIAN_POINT ( 'NONE',  ( 10.99999999999999467, 0.4999999999999995559, -7.864218330839934268 ) ) ;
#5681 = DIRECTION ( 'NONE',  ( 1.000000000000000000, 0.000000000000000000, 0.000000000000000000 ) ) ;
#5682 = VERTEX_POINT ( 'NONE', #682 ) ;
#5683 = ORIENTED_EDGE ( 'NONE', *, *, #5687, .F. ) ;
#5684 = ORIENTED_EDGE ( 'NONE', *, *, #3733, .T. ) ;
#5685 = VECTOR ( 'NONE', #1662, 1000.000000000000000 ) ;
#5686 = CYLINDRICAL_SURFACE ( 'NONE', #4443, 0.5000000000000000000 ) ;
#5687 = EDGE_CURVE ( 'NONE', #6010, #2495, #4594, .T. ) ;
#5688 = LINE ( 'NONE', #5135, #26 ) ;
#5689 = LINE ( 'NONE', #3813, #4668 ) ;
#5690 = AXIS2_PLACEMENT_3D ( 'NONE', #6944, #3913, #4550 ) ;
#5691 = ORIENTED_EDGE ( 'NONE', *, *, #5971, .F. ) ;
#5692 = ORIENTED_EDGE ( 'NONE', *, *, #4565, .T. ) ;
#5693 = EDGE_CURVE ( 'NONE', #6708, #6331, #6759, .T. ) ;
#5694 = DIRECTION ( 'NONE',  ( -1.000000000000000000, -2.168404344971008868E-16, 0.000000000000000000 ) ) ;
#5695 = DIRECTION ( 'NONE',  ( -0.000000000000000000, -0.000000000000000000, -1.000000000000000000 ) ) ;
#5696 = CIRCLE ( 'NONE', #2768, 1.049999999999998934 ) ;
#5697 = AXIS2_PLACEMENT_3D ( 'NONE', #924, #3357, #323 ) ;
#5698 = LINE ( 'NONE', #3903, #1490 ) ;
#5699 = AXIS2_PLACEMENT_3D ( 'NONE', #2359, #4194, #2398 ) ;
#5700 = CARTESIAN_POINT ( 'NONE',  ( 13.99999999999999822, 0.000000000000000000, -1.749999999999998890 ) ) ;
#5701 = EDGE_CURVE ( 'NONE', #2375, #6444, #3719, .T. ) ;
#5702 = VERTEX_POINT ( 'NONE', #6155 ) ;
#5703 = VECTOR ( 'NONE', #359, 1000.000000000000000 ) ;
#5704 = ORIENTED_EDGE ( 'NONE', *, *, #329, .T. ) ;
#5705 = AXIS2_PLACEMENT_3D ( 'NONE', #3019, #6733, #7296 ) ;
#5706 = CARTESIAN_POINT ( 'NONE',  ( -6.770000000000002238, -3.499999999999999112, 0.000000000000000000 ) ) ;
#5707 = CARTESIAN_POINT ( 'NONE',  ( -12.00000000000000533, 7.500000000000000000, 1.500000000000004219 ) ) ;
#5708 = FACE_OUTER_BOUND ( 'NONE', #2048, .T. ) ;
#5709 = CARTESIAN_POINT ( 'NONE',  ( 1.350000000000000533, 2.000000000000000000, 0.000000000000000000 ) ) ;
#5710 = FACE_OUTER_BOUND ( 'NONE', #4889, .T. ) ;
#5711 = AXIS2_PLACEMENT_3D ( 'NONE', #6193, #2019, #1441 ) ;
#5712 = EDGE_CURVE ( 'NONE', #1935, #1925, #1136, .T. ) ;
#5713 = ORIENTED_EDGE ( 'NONE', *, *, #7075, .F. ) ;
#5714 = AXIS2_PLACEMENT_3D ( 'NONE', #489, #6141, #7431 ) ;
#5715 = CARTESIAN_POINT ( 'NONE',  ( 15.50000000000000178, 0.000000000000000000, -6.050000000000000711 ) ) ;
#5716 = CARTESIAN_POINT ( 'NONE',  ( 16.00000000000000000, 0.4999999999999995559, -8.199999999999997513 ) ) ;
#5717 = ORIENTED_EDGE ( 'NONE', *, *, #2823, .T. ) ;
#5718 = FACE_OUTER_BOUND ( 'NONE', #2693, .T. ) ;
#5719 = CARTESIAN_POINT ( 'NONE',  ( 9.249999999999998224, -3.499999999999999556, -18.25000000000000000 ) ) ;
#5720 = DIRECTION ( 'NONE',  ( -0.000000000000000000, -1.000000000000000000, 0.000000000000000000 ) ) ;
#5721 = CARTESIAN_POINT ( 'NONE',  ( 9.249999999999998224, 3.249999999999999556, 0.2500000000000000000 ) ) ;
#5722 = CARTESIAN_POINT ( 'NONE',  ( -16.00000000000000000, 0.000000000000000000, 1.050000000000000266 ) ) ;
#5723 = VERTEX_POINT ( 'NONE', #5046 ) ;
#5724 = ORIENTED_EDGE ( 'NONE', *, *, #1534, .T. ) ;
#5725 = CIRCLE ( 'NONE', #1250, 0.8000000000000009326 ) ;
#5726 = ORIENTED_EDGE ( 'NONE', *, *, #4825, .F. ) ;
#5727 = EDGE_LOOP ( 'NONE', ( #4729, #5022 ) ) ;
#5728 = PLANE ( 'NONE',  #4235 ) ;
#5729 = CARTESIAN_POINT ( 'NONE',  ( 6.570000000000001172, 0.7500000000000000000, -3.069999999999999840 ) ) ;
#5730 = DIRECTION ( 'NONE',  ( 0.000000000000000000, 0.000000000000000000, 1.000000000000000000 ) ) ;
#5731 = CARTESIAN_POINT ( 'NONE',  ( 15.25000000000000178, 0.5000000000000004441, -7.600000000000001421 ) ) ;
#5732 = EDGE_CURVE ( 'NONE', #5932, #5112, #80, .T. ) ;
#5733 = AXIS2_PLACEMENT_3D ( 'NONE', #4367, #6123, #7451 ) ;
#5734 = EDGE_CURVE ( 'NONE', #1806, #537, #3176, .T. ) ;
#5735 = ORIENTED_EDGE ( 'NONE', *, *, #3446, .F. ) ;
#5736 = AXIS2_PLACEMENT_3D ( 'NONE', #4517, #5158, #3310 ) ;
#5737 = ORIENTED_EDGE ( 'NONE', *, *, #3236, .T. ) ;
#5738 = DIRECTION ( 'NONE',  ( -1.000000000000000000, 0.000000000000000000, 0.000000000000000000 ) ) ;
#5739 = CARTESIAN_POINT ( 'NONE',  ( 1.350000000000000533, -2.000000000000000000, 0.1000000000000000056 ) ) ;
#5740 = CARTESIAN_POINT ( 'NONE',  ( -6.570000000000002061, 3.070000000000000284, -0.5000000000000000000 ) ) ;
#5741 = CARTESIAN_POINT ( 'NONE',  ( 16.00000000000000000, 7.500000000000000000, 1.750000000000000666 ) ) ;
#5742 = VERTEX_POINT ( 'NONE', #5560 ) ;
#5743 = ADVANCED_FACE ( 'NONE', ( #5605 ), #7527, .T. ) ;
#5744 = ORIENTED_EDGE ( 'NONE', *, *, #2622, .T. ) ;
#5745 = LINE ( 'NONE', #2710, #6085 ) ;
#5746 = ADVANCED_FACE ( 'NONE', ( #6876 ), #124, .T. ) ;
#5747 = DIRECTION ( 'NONE',  ( 0.000000000000000000, 0.000000000000000000, -1.000000000000000000 ) ) ;
#5748 = CARTESIAN_POINT ( 'NONE',  ( 15.50000000000000178, 0.000000000000000000, 3.799999999999999822 ) ) ;
#5749 = DIRECTION ( 'NONE',  ( 1.000000000000000000, 0.000000000000000000, 0.000000000000000000 ) ) ;
#5750 = LINE ( 'NONE', #3569, #842 ) ;
#5751 = EDGE_LOOP ( 'NONE', ( #2323, #6221, #7486 ) ) ;
#5752 = DIRECTION ( 'NONE',  ( -1.084202172485504927E-16, 1.000000000000000000, -0.000000000000000000 ) ) ;
#5753 = ADVANCED_FACE ( 'NONE', ( #6278 ), #3804, .F. ) ;
#5754 = DIRECTION ( 'NONE',  ( -0.000000000000000000, 1.000000000000000000, -0.000000000000000000 ) ) ;
#5755 = EDGE_LOOP ( 'NONE', ( #2900, #3415, #4142, #5309 ) ) ;
#5756 = ADVANCED_FACE ( 'NONE', ( #3277 ), #3846, .T. ) ;
#5757 = CARTESIAN_POINT ( 'NONE',  ( -17.50000000000000000, 0.4999999999999995559, -10.50000000000000000 ) ) ;
#5758 = CARTESIAN_POINT ( 'NONE',  ( -6.770000000000000462, -3.270000000000000462, -0.5000000000000000000 ) ) ;
#5759 = DIRECTION ( 'NONE',  ( 0.000000000000000000, 1.000000000000000000, 0.000000000000000000 ) ) ;
#5760 = CARTESIAN_POINT ( 'NONE',  ( 15.25000000000000178, -16.34050177399711501, 4.000000000000000888 ) ) ;
#5761 = CARTESIAN_POINT ( 'NONE',  ( 14.74999999999999822, 0.5000000000000004441, -0.9999999999999995559 ) ) ;
#5762 = ORIENTED_EDGE ( 'NONE', *, *, #4516, .T. ) ;
#5763 = VERTEX_POINT ( 'NONE', #2056 ) ;
#5764 = DIRECTION ( 'NONE',  ( 0.000000000000000000, 0.000000000000000000, 1.000000000000000000 ) ) ;
#5765 = VERTEX_POINT ( 'NONE', #5722 ) ;
#5766 = DIRECTION ( 'NONE',  ( 0.000000000000000000, 0.000000000000000000, 1.000000000000000000 ) ) ;
#5767 = LINE ( 'NONE', #4368, #6483 ) ;
#5768 = VECTOR ( 'NONE', #7597, 1000.000000000000000 ) ;
#5769 = DIRECTION ( 'NONE',  ( 0.000000000000000000, 0.000000000000000000, 1.000000000000000000 ) ) ;
#5770 = LINE ( 'NONE', #2188, #5685 ) ;
#5771 = ADVANCED_BREP_SHAPE_REPRESENTATION ( '', ( #3852, #1166 ), #7379 ) ;
#5772 = VERTEX_POINT ( 'NONE', #1443 ) ;
#5773 = AXIS2_PLACEMENT_3D ( 'NONE', #122, #1439, #3921 ) ;
#5774 = VERTEX_POINT ( 'NONE', #3886 ) ;
#5775 = CARTESIAN_POINT ( 'NONE',  ( 17.50000000000000000, 0.4999999999999995559, 10.49999999999999645 ) ) ;
#5776 = AXIS2_PLACEMENT_3D ( 'NONE', #2783, #7579, #2033 ) ;
#5777 = DIRECTION ( 'NONE',  ( 0.000000000000000000, 0.000000000000000000, -1.000000000000000000 ) ) ;
#5778 = ADVANCED_FACE ( 'NONE', ( #6317 ), #248, .T. ) ;
#5779 = DIRECTION ( 'NONE',  ( 0.000000000000000000, 0.000000000000000000, -1.000000000000000000 ) ) ;
#5780 = ORIENTED_EDGE ( 'NONE', *, *, #4197, .F. ) ;
#5781 = AXIS2_PLACEMENT_3D ( 'NONE', #3361, #4129, #3476 ) ;
#5782 = ORIENTED_EDGE ( 'NONE', *, *, #5032, .T. ) ;
#5783 = APPLICATION_CONTEXT ( 'automotive_design' ) ;
#5784 = DIRECTION ( 'NONE',  ( 0.000000000000000000, -1.000000000000000000, 0.000000000000000000 ) ) ;
#5785 = CARTESIAN_POINT ( 'NONE',  ( -10.50000000000000533, 7.500000000000000000, -10.49999999999999645 ) ) ;
#5786 = AXIS2_PLACEMENT_3D ( 'NONE', #4995, #7432, #3187 ) ;
#5787 = ADVANCED_FACE ( 'NONE', ( #5797 ), #4000, .T. ) ;
#5788 = CARTESIAN_POINT ( 'NONE',  ( -6.800000000000000711, -3.299999999999999822, 0.000000000000000000 ) ) ;
#5789 = ORIENTED_EDGE ( 'NONE', *, *, #5712, .T. ) ;
#5790 = CARTESIAN_POINT ( 'NONE',  ( 16.75000000000000000, 7.500000000000000000, 7.599999999999999645 ) ) ;
#5791 = DIRECTION ( 'NONE',  ( 0.000000000000000000, 0.000000000000000000, 1.000000000000000000 ) ) ;
#5792 = ORIENTED_EDGE ( 'NONE', *, *, #5540, .T. ) ;
#5793 = DIRECTION ( 'NONE',  ( 0.000000000000000000, 0.000000000000000000, 1.000000000000000000 ) ) ;
#5794 = DIRECTION ( 'NONE',  ( 0.000000000000000000, 0.000000000000000000, -1.000000000000000000 ) ) ;
#5795 = CARTESIAN_POINT ( 'NONE',  ( 9.000000000000000000, 2.999999999999999556, -18.00000000000000000 ) ) ;
#5796 = CARTESIAN_POINT ( 'NONE',  ( 9.695652173913041239, 0.4999999999999995559, -8.604945506379106490 ) ) ;
#5797 = FACE_OUTER_BOUND ( 'NONE', #7553, .T. ) ;
#5798 = ORIENTED_EDGE ( 'NONE', *, *, #2898, .T. ) ;
#5799 = EDGE_CURVE ( 'NONE', #4859, #2495, #919, .T. ) ;
#5800 = EDGE_CURVE ( 'NONE', #6362, #1153, #5838, .T. ) ;
#5801 = ORIENTED_EDGE ( 'NONE', *, *, #893, .T. ) ;
#5802 = PRODUCT_CONTEXT ( 'NONE', #3220, 'mechanical' ) ;
#5803 = DIRECTION ( 'NONE',  ( -0.000000000000000000, 1.000000000000000000, -0.000000000000000000 ) ) ;
#5804 = ORIENTED_EDGE ( 'NONE', *, *, #1550, .T. ) ;
#5805 = CARTESIAN_POINT ( 'NONE',  ( 9.499999999999998224, 3.249999999999999556, -18.50000000000000000 ) ) ;
#5806 = PLANE ( 'NONE',  #5080 ) ;
#5807 = PRODUCT_DEFINITION_SHAPE ( 'NONE', 'NONE',  #3040 ) ;
#5808 = CARTESIAN_POINT ( 'NONE',  ( 16.00000000000000000, 0.000000000000000000, 9.000000000000000000 ) ) ;
#5809 = CARTESIAN_POINT ( 'NONE',  ( 10.99999999999999467, 0.4999999999999995559, -7.864218330839934268 ) ) ;
#5810 = ADVANCED_FACE ( 'NONE', ( #7718 ), #7601, .F. ) ;
#5811 = EDGE_LOOP ( 'NONE', ( #5630, #2684, #1172, #6073 ) ) ;
#5812 = ORIENTED_EDGE ( 'NONE', *, *, #6748, .T. ) ;
#5813 = LINE ( 'NONE', #5739, #7694 ) ;
#5814 = ORIENTED_EDGE ( 'NONE', *, *, #4288, .T. ) ;
#5815 = ORIENTED_EDGE ( 'NONE', *, *, #2755, .F. ) ;
#5816 = EDGE_CURVE ( 'NONE', #2699, #1056, #2689, .T. ) ;
#5817 = VERTEX_POINT ( 'NONE', #284 ) ;
#5818 = CIRCLE ( 'NONE', #5697, 0.2500000000000000000 ) ;
#5819 = LINE ( 'NONE', #3911, #3478 ) ;
#5820 = LINE ( 'NONE', #4021, #7070 ) ;
#5821 = CYLINDRICAL_SURFACE ( 'NONE', #4545, 1.049999999999998934 ) ;
#5822 = ORIENTED_EDGE ( 'NONE', *, *, #667, .F. ) ;
#5823 = AXIS2_PLACEMENT_3D ( 'NONE', #6296, #3824, #7462 ) ;
#5824 = AXIS2_PLACEMENT_3D ( 'NONE', #1841, #1228, #1878 ) ;
#5825 = DIRECTION ( 'NONE',  ( 1.000000000000000000, 0.000000000000000000, 0.000000000000000000 ) ) ;
#5826 = CIRCLE ( 'NONE', #6338, 1.500000000000000000 ) ;
#5827 = EDGE_CURVE ( 'NONE', #6378, #7668, #6361, .T. ) ;
#5828 = EDGE_CURVE ( 'NONE', #335, #4794, #4846, .T. ) ;
#5829 = APPLICATION_CONTEXT ( 'automotive_design' ) ;
#5830 = CARTESIAN_POINT ( 'NONE',  ( 9.249999999999998224, 3.249999999999999556, -18.25000000000000000 ) ) ;
#5831 = ORIENTED_EDGE ( 'NONE', *, *, #2685, .F. ) ;
#5832 = VECTOR ( 'NONE', #3264, 1000.000000000000000 ) ;
#5833 = CARTESIAN_POINT ( 'NONE',  ( 13.24999999999999822, 7.500000000000000000, -2.499999999999999556 ) ) ;
#5834 = DIRECTION ( 'NONE',  ( 0.000000000000000000, 0.000000000000000000, 1.000000000000000000 ) ) ;
#5835 = CARTESIAN_POINT ( 'NONE',  ( -5.549999999999999822, 0.000000000000000000, 0.1000000000000000056 ) ) ;
#5836 = AXIS2_PLACEMENT_3D ( 'NONE', #261, #5658, #5738 ) ;
#5837 = DIRECTION ( 'NONE',  ( -0.000000000000000000, -1.000000000000000000, -0.000000000000000000 ) ) ;
#5838 = LINE ( 'NONE', #999, #7269 ) ;
#5839 = EDGE_LOOP ( 'NONE', ( #1286, #3836, #7834, #6049 ) ) ;
#5840 = VERTEX_POINT ( 'NONE', #7561 ) ;
#5841 = EDGE_CURVE ( 'NONE', #2283, #4376, #1398, .T. ) ;
#5842 = PRODUCT_CONTEXT ( 'NONE', #7061, 'mechanical' ) ;
#5843 = CARTESIAN_POINT ( 'NONE',  ( -3.299999999999999822, 2.799999999999998490, 0.000000000000000000 ) ) ;
#5844 = ORIENTED_EDGE ( 'NONE', *, *, #5654, .T. ) ;
#5845 = CARTESIAN_POINT ( 'NONE',  ( 6.799999999999999822, -3.299999999999999822, -1.399999999999999911 ) ) ;
#5846 = LINE ( 'NONE', #2260, #4302 ) ;
#5847 = ORIENTED_EDGE ( 'NONE', *, *, #2281, .T. ) ;
#5848 = EDGE_CURVE ( 'NONE', #3279, #5655, #5126, .T. ) ;
#5849 = CARTESIAN_POINT ( 'NONE',  ( -6.800000000000001599, 3.299999999999999822, 0.000000000000000000 ) ) ;
#5850 = DIRECTION ( 'NONE',  ( -0.000000000000000000, -0.000000000000000000, -1.000000000000000000 ) ) ;
#5851 = VERTEX_POINT ( 'NONE', #2092 ) ;
#5852 = ORIENTED_EDGE ( 'NONE', *, *, #2005, .T. ) ;
#5853 = VECTOR ( 'NONE', #672, 1000.000000000000000 ) ;
#5854 = ADVANCED_FACE ( 'NONE', ( #7641 ), #2176, .T. ) ;
#5855 = DIRECTION ( 'NONE',  ( -0.000000000000000000, -1.000000000000000000, -0.000000000000000000 ) ) ;
#5856 = CARTESIAN_POINT ( 'NONE',  ( 9.249999999999998224, -3.499999999999999556, -18.50000000000000000 ) ) ;
#5857 = VECTOR ( 'NONE', #7338, 1000.000000000000000 ) ;
#5858 = VERTEX_POINT ( 'NONE', #5239 ) ;
#5859 = CIRCLE ( 'NONE', #7651, 0.8000000000000020428 ) ;
#5860 = ORIENTED_EDGE ( 'NONE', *, *, #4370, .F. ) ;
#5861 = ORIENTED_EDGE ( 'NONE', *, *, #771, .F. ) ;
#5862 = AXIS2_PLACEMENT_3D ( 'NONE', #1527, #2132, #6479 ) ;
#5863 = CARTESIAN_POINT ( 'NONE',  ( 6.769999999999998685, -3.270000000000000462, -0.5000000000000000000 ) ) ;
#5864 = CARTESIAN_POINT ( 'NONE',  ( 13.99999999999999822, 7.500000000000000000, -0.2499999999999993616 ) ) ;
#5865 = CARTESIAN_POINT ( 'NONE',  ( -16.00000000000000000, 7.500000000000000000, -5.575896887068297953E-16 ) ) ;
#5866 = ORIENTED_EDGE ( 'NONE', *, *, #7692, .T. ) ;
#5867 = CYLINDRICAL_SURFACE ( 'NONE', #7902, 1.500000000000000000 ) ;
#5868 = PRODUCT ( 'HEPI Housing base', 'HEPI Housing base', '', ( #4570 ) ) ;
#5869 = ORIENTED_EDGE ( 'NONE', *, *, #7747, .T. ) ;
#5870 = DIRECTION ( 'NONE',  ( 0.000000000000000000, -1.000000000000000000, 0.000000000000000000 ) ) ;
#5871 = VERTEX_POINT ( 'NONE', #7122 ) ;
#5872 = CARTESIAN_POINT ( 'NONE',  ( -9.250000000000001776, 0.000000000000000000, 0.5000000000000000000 ) ) ;
#5873 = DIRECTION ( 'NONE',  ( -1.387778780781446149E-14, 0.000000000000000000, -1.000000000000000000 ) ) ;
#5874 = DIRECTION ( 'NONE',  ( 0.000000000000000000, 0.000000000000000000, 1.000000000000000000 ) ) ;
#5875 = DIRECTION ( 'NONE',  ( 0.000000000000000000, 0.000000000000000000, 1.000000000000000000 ) ) ;
#5876 = EDGE_CURVE ( 'NONE', #4116, #5774, #6956, .T. ) ;
#5877 = EDGE_CURVE ( 'NONE', #6858, #1257, #4609, .T. ) ;
#5878 = CARTESIAN_POINT ( 'NONE',  ( 9.499999999999998224, 3.249999999999999556, -18.50000000000000000 ) ) ;
#5879 = VERTEX_POINT ( 'NONE', #3317 ) ;
#5880 = ORIENTED_EDGE ( 'NONE', *, *, #5384, .T. ) ;
#5881 = CARTESIAN_POINT ( 'NONE',  ( 1.850000000000000311, -2.000000000000000000, 0.1000000000000000056 ) ) ;
#5882 = VERTEX_POINT ( 'NONE', #2211 ) ;
#5883 = DIRECTION ( 'NONE',  ( -2.168404344971008868E-16, 1.000000000000000000, -0.000000000000000000 ) ) ;
#5884 = DIRECTION ( 'NONE',  ( -0.000000000000000000, -0.000000000000000000, -1.000000000000000000 ) ) ;
#5885 = DIRECTION ( 'NONE',  ( 0.000000000000000000, 0.000000000000000000, 1.000000000000000000 ) ) ;
#5886 = ADVANCED_FACE ( 'NONE', ( #7038 ), #1564, .F. ) ;
#5887 = DIRECTION ( 'NONE',  ( -1.000000000000000000, 0.000000000000000000, -4.956352788505166226E-16 ) ) ;
#5888 = ORIENTED_EDGE ( 'NONE', *, *, #7406, .T. ) ;
#5889 = EDGE_LOOP ( 'NONE', ( #5549, #5118, #4767, #1214 ) ) ;
#5890 =( GEOMETRIC_REPRESENTATION_CONTEXT ( 3 ) GLOBAL_UNCERTAINTY_ASSIGNED_CONTEXT ( ( #5553 ) ) GLOBAL_UNIT_ASSIGNED_CONTEXT ( ( #7768, #2959, #7089 ) ) REPRESENTATION_CONTEXT ( 'NONE', 'WORKASPACE' ) );
#5891 = LINE ( 'NONE', #1051, #6919 ) ;
#5892 = CARTESIAN_POINT ( 'NONE',  ( -9.500000000000001776, 0.4999999999999995559, 9.500000000000000000 ) ) ;
#5893 = AXIS2_PLACEMENT_3D ( 'NONE', #6597, #7165, #403 ) ;
#5894 = EDGE_LOOP ( 'NONE', ( #10, #7812, #1359, #5127 ) ) ;
#5895 = ORIENTED_EDGE ( 'NONE', *, *, #1584, .T. ) ;
#5896 = EDGE_CURVE ( 'NONE', #2830, #1163, #3464, .T. ) ;
#5897 = EDGE_CURVE ( 'NONE', #7171, #7103, #2840, .T. ) ;
#5898 = VERTEX_POINT ( 'NONE', #6518 ) ;
#5899 = CIRCLE ( 'NONE', #7307, 0.2500000000000002220 ) ;
#5900 = DIRECTION ( 'NONE',  ( 0.000000000000000000, 0.000000000000000000, -1.000000000000000000 ) ) ;
#5901 = CARTESIAN_POINT ( 'NONE',  ( 0.4300000000000014366, 0.7500000000000000000, -3.069999999999999840 ) ) ;
#5902 = CYLINDRICAL_SURFACE ( 'NONE', #203, 1.499999999999999556 ) ;
#5903 = VECTOR ( 'NONE', #6677, 1000.000000000000000 ) ;
#5904 = ORIENTED_EDGE ( 'NONE', *, *, #7563, .T. ) ;
#5905 = LINE ( 'NONE', #4026, #5975 ) ;
#5906 = ORIENTED_EDGE ( 'NONE', *, *, #2923, .F. ) ;
#5907 = VECTOR ( 'NONE', #7790, 1000.000000000000000 ) ;
#5908 = CARTESIAN_POINT ( 'NONE',  ( 0.000000000000000000, -3.249999999999999556, 0.2500000000000000000 ) ) ;
#5909 = VERTEX_POINT ( 'NONE', #3741 ) ;
#5910 = DIRECTION ( 'NONE',  ( -0.000000000000000000, -0.000000000000000000, -1.000000000000000000 ) ) ;
#5911 = CARTESIAN_POINT ( 'NONE',  ( -6.050000000000000711, 2.000000000000000000, 0.1000000000000000056 ) ) ;
#5912 = FACE_OUTER_BOUND ( 'NONE', #7217, .T. ) ;
#5913 = EDGE_LOOP ( 'NONE', ( #4526, #211 ) ) ;
#5914 = AXIS2_PLACEMENT_3D ( 'NONE', #5494, #1911, #13 ) ;
#5915 = AXIS2_PLACEMENT_3D ( 'NONE', #1141, #3572, #5935 ) ;
#5916 = EDGE_LOOP ( 'NONE', ( #3591, #6113 ) ) ;
#5917 = EDGE_CURVE ( 'NONE', #2275, #1770, #4266, .T. ) ;
#5919 = ADVANCED_FACE ( 'NONE', ( #6772 ), #4865, .F. ) ;
#5918 = CARTESIAN_POINT ( 'NONE',  ( 16.75000000000000000, 7.500000000000000000, -7.600000000000001421 ) ) ;
#5920 = EDGE_LOOP ( 'NONE', ( #4744, #1959, #4206, #2758 ) ) ;
#5921 = SURFACE_SIDE_STYLE ('',( #7686 ) ) ;
#5922 = LINE ( 'NONE', #2141, #6092 ) ;
#5923 = DIRECTION ( 'NONE',  ( 0.000000000000000000, 0.000000000000000000, 1.000000000000000000 ) ) ;
#5924 = DIRECTION ( 'NONE',  ( -1.000000000000000000, 0.000000000000000000, 1.196361017915038993E-16 ) ) ;
#5925 = ORIENTED_EDGE ( 'NONE', *, *, #3400, .T. ) ;
#5926 = ADVANCED_FACE ( 'NONE', ( #6737 ), #7913, .F. ) ;
#5927 = ORIENTED_EDGE ( 'NONE', *, *, #5972, .F. ) ;
#5928 = DIRECTION ( 'NONE',  ( -0.000000000000000000, 1.000000000000000000, -0.000000000000000000 ) ) ;
#5929 = CARTESIAN_POINT ( 'NONE',  ( -9.250000000000001776, 3.499999999999999556, -18.25000000000000000 ) ) ;
#5930 = CARTESIAN_POINT ( 'NONE',  ( 5.549999999999999822, 2.000000000000000000, 0.000000000000000000 ) ) ;
#5931 = CARTESIAN_POINT ( 'NONE',  ( -11.00000000000000178, 7.500000000000000000, 7.864218330839946702 ) ) ;
#5932 = VERTEX_POINT ( 'NONE', #6174 ) ;
#5933 = ORIENTED_EDGE ( 'NONE', *, *, #7417, .F. ) ;
#5934 = ORIENTED_EDGE ( 'NONE', *, *, #7788, .F. ) ;
#5935 = DIRECTION ( 'NONE',  ( 1.156482317317871133E-15, 0.000000000000000000, -1.000000000000000000 ) ) ;
#5936 = CARTESIAN_POINT ( 'NONE',  ( -2.349999999999999645, 2.000000000000000000, 0.1000000000000000056 ) ) ;
#5937 = VECTOR ( 'NONE', #6966, 1000.000000000000000 ) ;
#5938 = EDGE_CURVE ( 'NONE', #7409, #5981, #3618, .T. ) ;
#5939 = DIRECTION ( 'NONE',  ( -0.000000000000000000, 1.000000000000000000, -0.000000000000000000 ) ) ;
#5940 = ORIENTED_EDGE ( 'NONE', *, *, #6461, .T. ) ;
#5941 = CARTESIAN_POINT ( 'NONE',  ( -16.00000000000000000, 7.500000000000000000, 1.734723475976807094E-15 ) ) ;
#5942 = VECTOR ( 'NONE', #6864, 1000.000000000000000 ) ;
#5943 = CIRCLE ( 'NONE', #3387, 1.050000000000000266 ) ;
#5944 = ORIENTED_EDGE ( 'NONE', *, *, #6315, .T. ) ;
#5945 = CARTESIAN_POINT ( 'NONE',  ( -3.299999999999999378, -1.199999999999999734, 0.000000000000000000 ) ) ;
#5946 = ORIENTED_EDGE ( 'NONE', *, *, #6442, .F. ) ;
#5947 = CARTESIAN_POINT ( 'NONE',  ( 6.770000000000000462, 0.7500000000000000000, -3.270000000000000018 ) ) ;
#5948 = DIRECTION ( 'NONE',  ( -0.000000000000000000, 0.000000000000000000, 1.000000000000000000 ) ) ;
#5949 = EDGE_CURVE ( 'NONE', #5092, #7409, #659, .T. ) ;
#5950 = DIRECTION ( 'NONE',  ( -0.000000000000000000, 0.000000000000000000, 1.000000000000000000 ) ) ;
#5951 = DIRECTION ( 'NONE',  ( 0.000000000000000000, -1.000000000000000000, 0.000000000000000000 ) ) ;
#5952 = VECTOR ( 'NONE', #3487, 1000.000000000000000 ) ;
#5953 = AXIS2_PLACEMENT_3D ( 'NONE', #5277, #2325, #997 ) ;
#5954 = VERTEX_POINT ( 'NONE', #1344 ) ;
#5955 = VERTEX_POINT ( 'NONE', #1793 ) ;
#5956 = CARTESIAN_POINT ( 'NONE',  ( 16.00000000000000000, 7.500000000000000000, -9.000000000000005329 ) ) ;
#5957 = ORIENTED_EDGE ( 'NONE', *, *, #6420, .F. ) ;
#5958 = VECTOR ( 'NONE', #214, 1000.000000000000000 ) ;
#5959 = CARTESIAN_POINT ( 'NONE',  ( -6.050000000000000711, 2.000000000000000000, 0.1000000000000000056 ) ) ;
#5960 = DIRECTION ( 'NONE',  ( 1.000000000000000000, 2.168404344971007882E-16, -0.000000000000000000 ) ) ;
#5961 = CARTESIAN_POINT ( 'NONE',  ( 3.700000000000000178, 0.000000000000000000, 0.1000000000000000056 ) ) ;
#5962 = CARTESIAN_POINT ( 'NONE',  ( -8.999999999999998224, 6.000000000000000000, 8.999999999999998224 ) ) ;
#5963 =( GEOMETRIC_REPRESENTATION_CONTEXT ( 3 ) GLOBAL_UNCERTAINTY_ASSIGNED_CONTEXT ( ( #5371 ) ) GLOBAL_UNIT_ASSIGNED_CONTEXT ( ( #2007, #238, #6865 ) ) REPRESENTATION_CONTEXT ( 'NONE', 'WORKASPACE' ) );
#5964 = VECTOR ( 'NONE', #5545, 1000.000000000000000 ) ;
#5965 = SHAPE_REPRESENTATION ( 'SiPM lens 2x1', ( #1166 ), #6536 ) ;
#5966 = VERTEX_POINT ( 'NONE', #3134 ) ;
#5967 = PRODUCT_DEFINITION_CONTEXT ( 'detailed design', #7311, 'design' ) ;
#5968 = VERTEX_POINT ( 'NONE', #2554 ) ;
#5969 = CARTESIAN_POINT ( 'NONE',  ( -16.00000000000000000, 0.4999999999999995559, 0.000000000000000000 ) ) ;
#5970 = DIRECTION ( 'NONE',  ( 1.000000000000000000, 0.000000000000000000, 0.000000000000000000 ) ) ;
#5971 = EDGE_CURVE ( 'NONE', #3731, #5369, #2301, .T. ) ;
#5972 = EDGE_CURVE ( 'NONE', #522, #1109, #100, .T. ) ;
#5973 = EDGE_LOOP ( 'NONE', ( #239, #3465, #6513, #5182 ) ) ;
#5974 = EDGE_LOOP ( 'NONE', ( #6375, #4743, #7546, #6060 ) ) ;
#5975 = VECTOR ( 'NONE', #2357, 1000.000000000000000 ) ;
#5976 = EDGE_LOOP ( 'NONE', ( #321, #2606, #1553, #5644 ) ) ;
#5977 = DIRECTION ( 'NONE',  ( 0.000000000000000000, 1.000000000000000000, 0.000000000000000000 ) ) ;
#5978 = DIRECTION ( 'NONE',  ( -0.000000000000000000, -1.000000000000000000, -0.000000000000000000 ) ) ;
#5979 = DIRECTION ( 'NONE',  ( 0.000000000000000000, 1.000000000000000000, 0.000000000000000000 ) ) ;
#5980 = ADVANCED_FACE ( 'NONE', ( #1302 ), #4988, .F. ) ;
#5981 = VERTEX_POINT ( 'NONE', #1265 ) ;
#5982 = CARTESIAN_POINT ( 'NONE',  ( 9.500000000000000000, 0.5000000000000004441, 7.600000000000000533 ) ) ;
#5983 = VECTOR ( 'NONE', #823, 1000.000000000000000 ) ;
#5984 = ORIENTED_EDGE ( 'NONE', *, *, #7585, .T. ) ;
#5985 = ADVANCED_FACE ( 'NONE', ( #3024 ), #7424, .F. ) ;
#5986 = VECTOR ( 'NONE', #5791, 1000.000000000000000 ) ;
#5987 = DIRECTION ( 'NONE',  ( 1.000000000000000000, 0.000000000000000000, -0.000000000000000000 ) ) ;
#5988 = EDGE_LOOP ( 'NONE', ( #1565, #4057, #6573, #2968 ) ) ;
#5989 = CYLINDRICAL_SURFACE ( 'NONE', #3583, 0.8000000000000020428 ) ;
#5990 = CARTESIAN_POINT ( 'NONE',  ( -6.769999999999997797, 0.7500000000000000000, 3.270000000000000018 ) ) ;
#5991 = LINE ( 'NONE', #4199, #1756 ) ;
#5992 = ORIENTED_EDGE ( 'NONE', *, *, #668, .T. ) ;
#5993 = VERTEX_POINT ( 'NONE', #5417 ) ;
#5994 = EDGE_CURVE ( 'NONE', #2868, #808, #4384, .T. ) ;
#5995 = ADVANCED_FACE ( 'NONE', ( #2511 ), #16, .F. ) ;
#5996 = CARTESIAN_POINT ( 'NONE',  ( 6.770000000000000462, 0.000000000000000000, -3.270000000000000018 ) ) ;
#5997 = VERTEX_POINT ( 'NONE', #1915 ) ;
#5998 = FACE_OUTER_BOUND ( 'NONE', #171, .T. ) ;
#5999 = DIRECTION ( 'NONE',  ( -0.000000000000000000, -1.000000000000000000, -0.000000000000000000 ) ) ;
#6000 = LINE ( 'NONE', #2597, #92 ) ;
#6001 = CARTESIAN_POINT ( 'NONE',  ( 0.4300000000000014366, 0.7500000000000000000, -3.069999999999999840 ) ) ;
#6002 = LINE ( 'NONE', #2931, #6576 ) ;
#6003 = VERTEX_POINT ( 'NONE', #3094 ) ;
#6004 = ORIENTED_EDGE ( 'NONE', *, *, #2365, .T. ) ;
#6005 = LINE ( 'NONE', #535, #1173 ) ;
#6006 = CARTESIAN_POINT ( 'NONE',  ( -10.50000000000000355, 7.500000000000000000, -2.999999999999999112 ) ) ;
#6007 = AXIS2_PLACEMENT_3D ( 'NONE', #3635, #5556, #6675 ) ;
#6008 = ORIENTED_EDGE ( 'NONE', *, *, #2740, .F. ) ;
#6009 = DIRECTION ( 'NONE',  ( 1.000000000000000000, 0.000000000000000000, 0.000000000000000000 ) ) ;
#6010 = VERTEX_POINT ( 'NONE', #6694 ) ;
#6011 = EDGE_CURVE ( 'NONE', #5858, #1386, #4826, .T. ) ;
#6012 = DIRECTION ( 'NONE',  ( 0.000000000000000000, -0.000000000000000000, -1.000000000000000000 ) ) ;
#6013 = EDGE_CURVE ( 'NONE', #1029, #6548, #4904, .T. ) ;
#6014 = DIRECTION ( 'NONE',  ( 0.000000000000000000, 1.000000000000000000, 0.000000000000000000 ) ) ;
#6015 = CARTESIAN_POINT ( 'NONE',  ( 3.200000000000000622, 0.000000000000000000, 0.1000000000000000056 ) ) ;
#6016 = AXIS2_PLACEMENT_3D ( 'NONE', #7648, #6963, #1410 ) ;
#6017 = LINE ( 'NONE', #3057, #2380 ) ;
#6018 = DIRECTION ( 'NONE',  ( 0.000000000000000000, 1.000000000000000000, 0.000000000000000000 ) ) ;
#6019 = AXIS2_PLACEMENT_3D ( 'NONE', #5638, #4358, #3195 ) ;
#6020 = ORIENTED_EDGE ( 'NONE', *, *, #2875, .T. ) ;
#6021 = DIRECTION ( 'NONE',  ( -2.168404344971008868E-16, -1.000000000000000000, 0.000000000000000000 ) ) ;
#6022 = ORIENTED_EDGE ( 'NONE', *, *, #477, .F. ) ;
#6023 = CARTESIAN_POINT ( 'NONE',  ( -9.500000000000001776, -3.499999999999999556, -18.50000000000000000 ) ) ;
#6024 = ORIENTED_EDGE ( 'NONE', *, *, #2866, .F. ) ;
#6025 = VECTOR ( 'NONE', #6756, 1000.000000000000000 ) ;
#6026 = EDGE_CURVE ( 'NONE', #4125, #3456, #880, .T. ) ;
#6027 = DIRECTION ( 'NONE',  ( 1.000000000000000000, 0.000000000000000000, 0.000000000000000000 ) ) ;
#6028 = CIRCLE ( 'NONE', #3600, 0.8000000000000009326 ) ;
#6029 = DIRECTION ( 'NONE',  ( 0.000000000000000000, 0.000000000000000000, 1.000000000000000000 ) ) ;
#6030 = CARTESIAN_POINT ( 'NONE',  ( 17.50000000000000000, 0.000000000000000000, 8.999999999999998224 ) ) ;
#6031 = ORIENTED_EDGE ( 'NONE', *, *, #7052, .T. ) ;
#6032 = VERTEX_POINT ( 'NONE', #1181 ) ;
#6033 = AXIS2_PLACEMENT_3D ( 'NONE', #605, #3042, #3115 ) ;
#6034 = CARTESIAN_POINT ( 'NONE',  ( 9.695652173913043015, 7.500000000000000000, 8.604945506379108267 ) ) ;
#6035 = ORIENTED_EDGE ( 'NONE', *, *, #7563, .F. ) ;
#6036 = DIRECTION ( 'NONE',  ( -0.000000000000000000, 0.000000000000000000, 1.000000000000000000 ) ) ;
#6037 = LINE ( 'NONE', #563, #2213 ) ;
#6038 =( REPRESENTATION_RELATIONSHIP ('NONE','NONE', #6776, #7043 ) REPRESENTATION_RELATIONSHIP_WITH_TRANSFORMATION ( #3468 )SHAPE_REPRESENTATION_RELATIONSHIP( ) );
#6039 = PLANE ( 'NONE',  #6033 ) ;
#6040 = AXIS2_PLACEMENT_3D ( 'NONE', #5187, #944, #3376 ) ;
#6041 = CIRCLE ( 'NONE', #7705, 0.5000000000000000000 ) ;
#6042 = EDGE_CURVE ( 'NONE', #531, #2707, #741, .T. ) ;
#6043 = DIRECTION ( 'NONE',  ( -1.000000000000000000, -0.000000000000000000, -0.000000000000000000 ) ) ;
#6044 = ORIENTED_EDGE ( 'NONE', *, *, #7342, .F. ) ;
#6045 = ORIENTED_EDGE ( 'NONE', *, *, #4592, .T. ) ;
#6046 = DIRECTION ( 'NONE',  ( 0.000000000000000000, -0.000000000000000000, 1.000000000000000000 ) ) ;
#6047 = EDGE_CURVE ( 'NONE', #5981, #6010, #4500, .T. ) ;
#6048 = CARTESIAN_POINT ( 'NONE',  ( -5.549999999999999822, -2.000000000000000000, 0.1000000000000000056 ) ) ;
#6049 = ORIENTED_EDGE ( 'NONE', *, *, #5827, .T. ) ;
#6050 = DIRECTION ( 'NONE',  ( 1.000000000000000000, 0.000000000000000000, 0.000000000000000000 ) ) ;
#6051 = ORIENTED_EDGE ( 'NONE', *, *, #7263, .F. ) ;
#6052 = EDGE_CURVE ( 'NONE', #266, #2313, #3214, .T. ) ;
#6053 = CARTESIAN_POINT ( 'NONE',  ( 5.049999999999999822, 2.000000000000000000, 0.000000000000000000 ) ) ;
#6054 = DIRECTION ( 'NONE',  ( 1.000000000000000000, 0.000000000000000000, -0.000000000000000000 ) ) ;
#6055 = DIRECTION ( 'NONE',  ( 0.000000000000000000, -1.000000000000000000, 0.000000000000000000 ) ) ;
#6056 = LINE ( 'NONE', #581, #6328 ) ;
#6057 = CARTESIAN_POINT ( 'NONE',  ( 6.769999999999997797, -3.249999999999999556, 0.2500000000000000000 ) ) ;
#6058 = EDGE_LOOP ( 'NONE', ( #5555, #3602, #3164, #3937 ) ) ;
#6059 = DIRECTION ( 'NONE',  ( -0.000000000000000000, 1.000000000000000000, -0.000000000000000000 ) ) ;
#6060 = ORIENTED_EDGE ( 'NONE', *, *, #4360, .F. ) ;
#6061 = AXIS2_PLACEMENT_3D ( 'NONE', #7092, #3971, #6527 ) ;
#6062 = DIRECTION ( 'NONE',  ( 0.000000000000000000, 1.000000000000000000, -0.000000000000000000 ) ) ;
#6063 = ORIENTED_EDGE ( 'NONE', *, *, #509, .F. ) ;
#6064 = LINE ( 'NONE', #553, #4250 ) ;
#6065 = PLANE ( 'NONE',  #2269 ) ;
#6066 = CARTESIAN_POINT ( 'NONE',  ( -16.00000000000000000, 0.000000000000000000, 1.500000000000001998 ) ) ;
#6067 = EDGE_LOOP ( 'NONE', ( #2593, #3451 ) ) ;
#6068 = ADVANCED_FACE ( 'NONE', ( #5029 ), #1383, .F. ) ;
#6069 = EDGE_CURVE ( 'NONE', #3497, #159, #7526, .T. ) ;
#6070 = EDGE_CURVE ( 'NONE', #5092, #3184, #3905, .T. ) ;
#6071 = LINE ( 'NONE', #3190, #6105 ) ;
#6072 = CARTESIAN_POINT ( 'NONE',  ( 9.249999999999998224, 0.000000000000000000, 0.2500000000000000000 ) ) ;
#6073 = ORIENTED_EDGE ( 'NONE', *, *, #3991, .F. ) ;
#6074 = AXIS2_PLACEMENT_3D ( 'NONE', #5892, #5449, #6729 ) ;
#6075 = VECTOR ( 'NONE', #7005, 1000.000000000000000 ) ;
#6076 = CARTESIAN_POINT ( 'NONE',  ( -6.770000000000003126, 3.500000000000000888, 0.2500000000000000000 ) ) ;
#6077 = CARTESIAN_POINT ( 'NONE',  ( -6.569999999999999396, 0.1750000000000000167, 3.070000000000000284 ) ) ;
#6078 = AXIS2_PLACEMENT_3D ( 'NONE', #6023, #475, #7795 ) ;
#6079 = DIRECTION ( 'NONE',  ( 1.239088197126290817E-16, -1.000000000000000000, 0.000000000000000000 ) ) ;
#6080 = FACE_OUTER_BOUND ( 'NONE', #6905, .T. ) ;
#6081 = EDGE_CURVE ( 'NONE', #5772, #4524, #4465, .T. ) ;
#6082 = AXIS2_PLACEMENT_3D ( 'NONE', #3010, #7289, #1819 ) ;
#6083 = AXIS2_PLACEMENT_3D ( 'NONE', #66, #5467, #6823 ) ;
#6084 = ORIENTED_EDGE ( 'NONE', *, *, #7223, .T. ) ;
#6085 = VECTOR ( 'NONE', #5148, 1000.000000000000000 ) ;
#6086 = ORIENTED_EDGE ( 'NONE', *, *, #3545, .F. ) ;
#6087 = EDGE_CURVE ( 'NONE', #1610, #5138, #3948, .T. ) ;
#6088 = DIRECTION ( 'NONE',  ( 0.000000000000000000, -1.000000000000000000, 0.000000000000000000 ) ) ;
#6089 = LINE ( 'NONE', #612, #797 ) ;
#6090 = CIRCLE ( 'NONE', #7884, 0.5500000000000014877 ) ;
#6091 = PLANE ( 'NONE',  #2645 ) ;
#6092 = VECTOR ( 'NONE', #4575, 1000.000000000000000 ) ;
#6093 = ORIENTED_EDGE ( 'NONE', *, *, #5019, .T. ) ;
#6094 = ORIENTED_EDGE ( 'NONE', *, *, #1541, .T. ) ;
#6095 = ADVANCED_FACE ( 'NONE', ( #6893 ), #6298, .F. ) ;
#6096 = CARTESIAN_POINT ( 'NONE',  ( -4.299999999999999822, 2.799999999999998490, 0.1000000000000000056 ) ) ;
#6097 = CARTESIAN_POINT ( 'NONE',  ( -3.700000000000000178, -2.000000000000000000, 0.1000000000000000056 ) ) ;
#6098 = CARTESIAN_POINT ( 'NONE',  ( -3.700000000000000178, 2.000000000000000000, 0.1000000000000000056 ) ) ;
#6099 = DIRECTION ( 'NONE',  ( -1.000000000000000000, 0.000000000000000000, 0.000000000000000000 ) ) ;
#6100 = DIRECTION ( 'NONE',  ( -1.239088197126290817E-16, 1.000000000000000000, -0.000000000000000000 ) ) ;
#6101 = VERTEX_POINT ( 'NONE', #2669 ) ;
#6102 = DIRECTION ( 'NONE',  ( 1.000000000000000000, 0.000000000000000000, 0.000000000000000000 ) ) ;
#6103 = VERTEX_POINT ( 'NONE', #5662 ) ;
#6104 = DIRECTION ( 'NONE',  ( -0.000000000000000000, 1.000000000000000000, -0.000000000000000000 ) ) ;
#6105 = VECTOR ( 'NONE', #1235, 1000.000000000000000 ) ;
#6106 = PLANE ( 'NONE',  #4771 ) ;
#6107 = DIRECTION ( 'NONE',  ( 0.000000000000000000, 0.000000000000000000, 1.000000000000000000 ) ) ;
#6108 = FACE_OUTER_BOUND ( 'NONE', #7170, .T. ) ;
#6109 = VERTEX_POINT ( 'NONE', #5741 ) ;
#6110 = CIRCLE ( 'NONE', #2673, 0.5000000000000004441 ) ;
#6111 = LINE ( 'NONE', #1846, #365 ) ;
#6112 = LINE ( 'NONE', #759, #873 ) ;
#6113 = ORIENTED_EDGE ( 'NONE', *, *, #4985, .F. ) ;
#6114 = CARTESIAN_POINT ( 'NONE',  ( -17.50000000000000000, 0.000000000000000000, -1.500000000000001332 ) ) ;
#6115 = DIRECTION ( 'NONE',  ( 1.000000000000000000, 0.000000000000000000, 0.000000000000000000 ) ) ;
#6116 = AXIS2_PLACEMENT_3D ( 'NONE', #4246, #3043, #7921 ) ;
#6117 = EDGE_CURVE ( 'NONE', #4029, #382, #2070, .T. ) ;
#6118 = DIRECTION ( 'NONE',  ( 0.000000000000000000, 1.000000000000000000, 0.000000000000000000 ) ) ;
#6119 = DIRECTION ( 'NONE',  ( -1.000000000000000000, -0.000000000000000000, 1.858632295689434870E-16 ) ) ;
#6120 = ORIENTED_EDGE ( 'NONE', *, *, #3589, .F. ) ;
#6121 = EDGE_LOOP ( 'NONE', ( #93, #2156 ) ) ;
#6122 = ORIENTED_EDGE ( 'NONE', *, *, #4360, .T. ) ;
#6123 = DIRECTION ( 'NONE',  ( 0.000000000000000000, 0.000000000000000000, 1.000000000000000000 ) ) ;
#6124 = EDGE_CURVE ( 'NONE', #4004, #3440, #186, .T. ) ;
#6125 = DIRECTION ( 'NONE',  ( -0.000000000000000000, -1.000000000000000000, -0.000000000000000000 ) ) ;
#6126 = CARTESIAN_POINT ( 'NONE',  ( 13.99999999999999822, 7.500000000000000000, -0.2499999999999997780 ) ) ;
#6127 = EDGE_LOOP ( 'NONE', ( #1973, #3311, #5261, #3955 ) ) ;
#6128 = DIRECTION ( 'NONE',  ( 0.000000000000000000, 0.000000000000000000, 1.000000000000000000 ) ) ;
#6129 = ORIENTED_EDGE ( 'NONE', *, *, #7274, .T. ) ;
#6130 = DIRECTION ( 'NONE',  ( 0.000000000000000000, -0.000000000000000000, -1.000000000000000000 ) ) ;
#6131 = DIRECTION ( 'NONE',  ( 1.000000000000000000, 0.000000000000000000, 0.000000000000000000 ) ) ;
#6132 = DIRECTION ( 'NONE',  ( 1.000000000000000000, 0.000000000000000000, 0.000000000000000000 ) ) ;
#6133 = DIRECTION ( 'NONE',  ( 1.236061108696829207E-16, 1.000000000000000000, -0.000000000000000000 ) ) ;
#6134 = EDGE_CURVE ( 'NONE', #7362, #2539, #3825, .T. ) ;
#6135 = DIRECTION ( 'NONE',  ( 0.000000000000000000, 0.000000000000000000, 1.000000000000000000 ) ) ;
#6136 = EDGE_CURVE ( 'NONE', #641, #3489, #1508, .T. ) ;
#6137 = ORIENTED_EDGE ( 'NONE', *, *, #2535, .F. ) ;
#6138 = DIRECTION ( 'NONE',  ( 0.000000000000000000, -1.000000000000000000, 0.000000000000000000 ) ) ;
#6139 = ORIENTED_EDGE ( 'NONE', *, *, #6124, .F. ) ;
#6140 = CARTESIAN_POINT ( 'NONE',  ( 14.74999999999999822, 0.5000000000000004441, 2.500000000000001332 ) ) ;
#6141 = DIRECTION ( 'NONE',  ( 0.000000000000000000, -1.000000000000000000, 0.000000000000000000 ) ) ;
#6142 = FACE_OUTER_BOUND ( 'NONE', #3087, .T. ) ;
#6143 = AXIS2_PLACEMENT_3D ( 'NONE', #6395, #996, #1031 ) ;
#6144 = DIRECTION ( 'NONE',  ( 0.000000000000000000, 1.000000000000000000, -0.000000000000000000 ) ) ;
#6145 = LINE ( 'NONE', #5468, #4180 ) ;
#6146 = ORIENTED_EDGE ( 'NONE', *, *, #6653, .F. ) ;
#6147 = DIRECTION ( 'NONE',  ( 0.000000000000000000, 0.000000000000000000, -1.000000000000000000 ) ) ;
#6148 = CIRCLE ( 'NONE', #5773, 1.500000000000000000 ) ;
#6149 = LINE ( 'NONE', #1276, #2421 ) ;
#6150 = ORIENTED_EDGE ( 'NONE', *, *, #7861, .T. ) ;
#6151 = VECTOR ( 'NONE', #6727, 1000.000000000000000 ) ;
#6152 = PLANE ( 'NONE',  #7425 ) ;
#6153 = FACE_OUTER_BOUND ( 'NONE', #3162, .T. ) ;
#6154 = CARTESIAN_POINT ( 'NONE',  ( -6.770000000000003126, 3.500000000000000888, 0.000000000000000000 ) ) ;
#6155 = CARTESIAN_POINT ( 'NONE',  ( 8.604945506379110043, 7.500000000000000000, -9.695652173913043015 ) ) ;
#6156 = AXIS2_PLACEMENT_3D ( 'NONE', #4617, #6563, #447 ) ;
#6157 = ORIENTED_EDGE ( 'NONE', *, *, #6269, .F. ) ;
#6158 = ADVANCED_FACE ( 'NONE', ( #3254 ), #6339, .T. ) ;
#6159 = ORIENTED_EDGE ( 'NONE', *, *, #7912, .T. ) ;
#6160 = ORIENTED_EDGE ( 'NONE', *, *, #1189, .T. ) ;
#6161 = VECTOR ( 'NONE', #3912, 1000.000000000000000 ) ;
#6162 = FACE_OUTER_BOUND ( 'NONE', #2817, .T. ) ;
#6163 = AXIS2_PLACEMENT_3D ( 'NONE', #12, #6649, #1216 ) ;
#6164 = CARTESIAN_POINT ( 'NONE',  ( -7.864218330839943150, 0.4999999999999995559, 9.500000000000000000 ) ) ;
#6165 = CARTESIAN_POINT ( 'NONE',  ( 6.769999999999997797, -3.250000000000000000, 0.5000000000000000000 ) ) ;
#6166 = VECTOR ( 'NONE', #5436, 1000.000000000000000 ) ;
#6167 = EDGE_CURVE ( 'NONE', #5993, #1488, #3943, .T. ) ;
#6168 = EDGE_CURVE ( 'NONE', #3439, #4466, #5525, .T. ) ;
#6169 = ORIENTED_EDGE ( 'NONE', *, *, #5203, .F. ) ;
#6170 = PRODUCT_DEFINITION_SHAPE ( 'NONE', 'NONE',  #7927 ) ;
#6171 = EDGE_LOOP ( 'NONE', ( #3318, #6806 ) ) ;
#6172 = DIRECTION ( 'NONE',  ( 0.000000000000000000, 0.000000000000000000, 1.000000000000000000 ) ) ;
#6173 = CARTESIAN_POINT ( 'NONE',  ( -1.849999999999999645, 2.000000000000000000, 0.1000000000000000056 ) ) ;
#6174 = CARTESIAN_POINT ( 'NONE',  ( -9.000000000000007105, 0.000000000000000000, -10.50000000000000000 ) ) ;
#6175 = ORIENTED_EDGE ( 'NONE', *, *, #5245, .F. ) ;
#6176 = PLANE ( 'NONE',  #7011 ) ;
#6177 = ORIENTED_EDGE ( 'NONE', *, *, #2329, .T. ) ;
#6178 = LINE ( 'NONE', #1349, #7743 ) ;
#6179 = EDGE_CURVE ( 'NONE', #5968, #4234, #6110, .T. ) ;
#6180 = DIRECTION ( 'NONE',  ( 0.000000000000000000, 1.000000000000000000, 0.000000000000000000 ) ) ;
#6181 = DIRECTION ( 'NONE',  ( -0.000000000000000000, 1.000000000000000000, -0.000000000000000000 ) ) ;
#6182 = SHAPE_REPRESENTATION_RELATIONSHIP ( 'NONE' , 'NONE' ,  #1843, #5382 ) ;
#6183 = FACE_OUTER_BOUND ( 'NONE', #1713, .T. ) ;
#6184 = CARTESIAN_POINT ( 'NONE',  ( -9.250000000000001776, 3.249999999999999556, 0.2500000000000000000 ) ) ;
#6185 = ORIENTED_EDGE ( 'NONE', *, *, #65, .T. ) ;
#6186 = CARTESIAN_POINT ( 'NONE',  ( 17.50000000000000355, 7.500000000000000000, -9.000000000000000000 ) ) ;
#6187 = UNCERTAINTY_MEASURE_WITH_UNIT (LENGTH_MEASURE( 1.000000000000000082E-05 ), #7799, 'distance_accuracy_value', 'NONE');
#6188 = DIRECTION ( 'NONE',  ( 0.000000000000000000, 0.000000000000000000, 1.000000000000000000 ) ) ;
#6189 = VERTEX_POINT ( 'NONE', #1938 ) ;
#6190 = EDGE_CURVE ( 'NONE', #7565, #7293, #45, .T. ) ;
#6191 = CARTESIAN_POINT ( 'NONE',  ( 4.299999999999999822, 2.799999999999999378, 0.1000000000000000056 ) ) ;
#6192 = LINE ( 'NONE', #1323, #794 ) ;
#6193 = CARTESIAN_POINT ( 'NONE',  ( -11.00000000000000533, 0.4999999999999995559, -7.864218330839952031 ) ) ;
#6194 = VECTOR ( 'NONE', #3124, 1000.000000000000000 ) ;
#6195 = DIRECTION ( 'NONE',  ( 0.000000000000000000, 0.000000000000000000, 1.000000000000000000 ) ) ;
#6196 = ORIENTED_EDGE ( 'NONE', *, *, #1315, .F. ) ;
#6197 = EDGE_LOOP ( 'NONE', ( #413, #4195, #7426, #505 ) ) ;
#6198 = CIRCLE ( 'NONE', #3909, 0.8000000000000003775 ) ;
#6199 = ORIENTED_EDGE ( 'NONE', *, *, #7371, .F. ) ;
#6200 = CARTESIAN_POINT ( 'NONE',  ( -5.549999999999999822, 2.000000000000000000, 0.1000000000000000056 ) ) ;
#6201 = DIRECTION ( 'NONE',  ( 0.000000000000000000, 1.000000000000000000, 0.000000000000000000 ) ) ;
#6202 = CARTESIAN_POINT ( 'NONE',  ( -16.00000000000000000, 0.000000000000000000, -1.500000000000000666 ) ) ;
#6203 = CARTESIAN_POINT ( 'NONE',  ( 6.569999999999998508, -3.070000000000001172, -1.074999999999999956 ) ) ;
#6204 = AXIS2_PLACEMENT_3D ( 'NONE', #5219, #6533, #6454 ) ;
#6205 = AXIS2_PLACEMENT_3D ( 'NONE', #2128, #4561, #3843 ) ;
#6206 = VERTEX_POINT ( 'NONE', #5014 ) ;
#6207 = SHAPE_DEFINITION_REPRESENTATION ( #5807, #4334 ) ;
#6208 = VERTEX_POINT ( 'NONE', #6838 ) ;
#6209 = CARTESIAN_POINT ( 'NONE',  ( 3.200000000000000178, 2.000000000000000000, 0.000000000000000000 ) ) ;
#6210 = VECTOR ( 'NONE', #6306, 1000.000000000000000 ) ;
#6211 = FACE_OUTER_BOUND ( 'NONE', #7056, .T. ) ;
#6212 = VECTOR ( 'NONE', #7259, 1000.000000000000000 ) ;
#6213 = CARTESIAN_POINT ( 'NONE',  ( 15.50000000000000178, 0.000000000000000000, -4.350000000000001421 ) ) ;
#6214 = EDGE_CURVE ( 'NONE', #5297, #1928, #1370, .T. ) ;
#6215 = ADVANCED_FACE ( 'NONE', ( #2498 ), #5485, .T. ) ;
#6216 = DIRECTION ( 'NONE',  ( 0.000000000000000000, 0.000000000000000000, 1.000000000000000000 ) ) ;
#6217 = DIRECTION ( 'NONE',  ( 1.000000000000000000, 0.000000000000000000, 0.000000000000000000 ) ) ;
#6218 = ORIENTED_EDGE ( 'NONE', *, *, #2419, .F. ) ;
#6219 = CARTESIAN_POINT ( 'NONE',  ( 5.549999999999999822, -2.000000000000000000, 0.000000000000000000 ) ) ;
#6220 = VECTOR ( 'NONE', #2219, 1000.000000000000000 ) ;
#6221 = ORIENTED_EDGE ( 'NONE', *, *, #4442, .T. ) ;
#6222 = DIRECTION ( 'NONE',  ( -0.000000000000000000, 1.000000000000000000, -0.000000000000000000 ) ) ;
#6223 = CARTESIAN_POINT ( 'NONE',  ( -6.770000000000001350, 3.269999999999999574, 0.000000000000000000 ) ) ;
#6224 =( NAMED_UNIT ( * ) PLANE_ANGLE_UNIT ( ) SI_UNIT ( $, .RADIAN. ) );
#6225 = EDGE_CURVE ( 'NONE', #1048, #3945, #4715, .T. ) ;
#6226 = DIRECTION ( 'NONE',  ( 0.000000000000000000, 0.000000000000000000, -1.000000000000000000 ) ) ;
#6227 = DIRECTION ( 'NONE',  ( -1.000000000000000000, 0.000000000000000000, -0.000000000000000000 ) ) ;
#6228 = EDGE_LOOP ( 'NONE', ( #3651, #1221 ) ) ;
#6229 = AXIS2_PLACEMENT_3D ( 'NONE', #3014, #4937, #3694 ) ;
#6230 = ORIENTED_EDGE ( 'NONE', *, *, #5687, .T. ) ;
#6231 = AXIS2_PLACEMENT_3D ( 'NONE', #7188, #4751, #1719 ) ;
#6232 = DIRECTION ( 'NONE',  ( 0.000000000000000000, -1.000000000000000000, 0.000000000000000000 ) ) ;
#6233 = ORIENTED_EDGE ( 'NONE', *, *, #5451, .T. ) ;
#6234 = DIRECTION ( 'NONE',  ( 0.000000000000000000, 1.000000000000000000, 0.000000000000000000 ) ) ;
#6235 = DIRECTION ( 'NONE',  ( 0.000000000000000000, 0.000000000000000000, 1.000000000000000000 ) ) ;
#6236 = FACE_OUTER_BOUND ( 'NONE', #4487, .T. ) ;
#6237 = CARTESIAN_POINT ( 'NONE',  ( -9.000000000000000000, 0.4999999999999995559, 9.000000000000000000 ) ) ;
#6238 = VECTOR ( 'NONE', #3797, 1000.000000000000000 ) ;
#6239 = EDGE_CURVE ( 'NONE', #5665, #1207, #1262, .T. ) ;
#6240 = ADVANCED_FACE ( 'NONE', ( #4930 ), #4286, .F. ) ;
#6241 = ORIENTED_EDGE ( 'NONE', *, *, #5949, .F. ) ;
#6242 = EDGE_LOOP ( 'NONE', ( #324, #3015, #4257, #1628 ) ) ;
#6243 = AXIS2_PLACEMENT_3D ( 'NONE', #803, #3239, #2652 ) ;
#6244 = ORIENTED_EDGE ( 'NONE', *, *, #4675, .T. ) ;
#6245 = DIRECTION ( 'NONE',  ( 0.000000000000000000, 0.000000000000000000, -1.000000000000000000 ) ) ;
#6246 = FACE_OUTER_BOUND ( 'NONE', #4877, .T. ) ;
#6247 = DIRECTION ( 'NONE',  ( 0.000000000000000000, 1.000000000000000000, 0.000000000000000000 ) ) ;
#6248 = DIRECTION ( 'NONE',  ( -1.000000000000000000, 0.000000000000000000, -4.956352788505165240E-16 ) ) ;
#6249 = ORIENTED_EDGE ( 'NONE', *, *, #548, .F. ) ;
#6250 = SHAPE_DEFINITION_REPRESENTATION ( #7905, #7043 ) ;
#6251 = ORIENTED_EDGE ( 'NONE', *, *, #549, .F. ) ;
#6252 = LINE ( 'NONE', #7044, #1865 ) ;
#6253 = LINE ( 'NONE', #5025, #2145 ) ;
#6254 = DIRECTION ( 'NONE',  ( 0.000000000000000000, 0.000000000000000000, 1.000000000000000000 ) ) ;
#6255 = CARTESIAN_POINT ( 'NONE',  ( 17.50000000000000000, 0.4999999999999995559, 8.999999999999998224 ) ) ;
#6256 = DIRECTION ( 'NONE',  ( 0.000000000000000000, 0.000000000000000000, 1.000000000000000000 ) ) ;
#6257 = ORIENTED_EDGE ( 'NONE', *, *, #8, .F. ) ;
#6258 = EDGE_CURVE ( 'NONE', #58, #1375, #7287, .T. ) ;
#6259 = ADVANCED_FACE ( 'NONE', ( #1896 ), #4411, .F. ) ;
#6260 = EDGE_LOOP ( 'NONE', ( #4327, #5724, #1076, #921 ) ) ;
#6261 = DIRECTION ( 'NONE',  ( 0.000000000000000000, 0.000000000000000000, 1.000000000000000000 ) ) ;
#6262 = DIRECTION ( 'NONE',  ( 0.000000000000000000, 0.000000000000000000, 1.000000000000000000 ) ) ;
#6263 = CARTESIAN_POINT ( 'NONE',  ( 15.50000000000000178, 0.4999999999999995559, -6.050000000000000711 ) ) ;
#6264 =( NAMED_UNIT ( * ) PLANE_ANGLE_UNIT ( ) SI_UNIT ( $, .RADIAN. ) );
#6265 = FACE_BOUND ( 'NONE', #7073, .T. ) ;
#6266 = FILL_AREA_STYLE ('',( #2047 ) ) ;
#6267 = ORIENTED_EDGE ( 'NONE', *, *, #5877, .F. ) ;
#6268 = DIRECTION ( 'NONE',  ( -0.000000000000000000, 1.000000000000000000, -0.000000000000000000 ) ) ;
#6269 = EDGE_CURVE ( 'NONE', #522, #1681, #1912, .T. ) ;
#6270 = AXIS2_PLACEMENT_3D ( 'NONE', #2126, #2759, #5197 ) ;
#6271 = DIRECTION ( 'NONE',  ( -0.000000000000000000, 1.000000000000000000, -0.000000000000000000 ) ) ;
#6272 = ORIENTED_EDGE ( 'NONE', *, *, #1088, .F. ) ;
#6273 = DIRECTION ( 'NONE',  ( -1.000000000000000000, 0.000000000000000000, 1.858632295689434870E-16 ) ) ;
#6274 = DIRECTION ( 'NONE',  ( 1.000000000000000000, 0.000000000000000000, 0.000000000000000000 ) ) ;
#6275 = LINE ( 'NONE', #6358, #2015 ) ;
#6276 = CARTESIAN_POINT ( 'NONE',  ( -3.299999999999999378, -1.199999999999999734, 0.1000000000000000056 ) ) ;
#6277 = VECTOR ( 'NONE', #6369, 1000.000000000000000 ) ;
#6278 = FACE_OUTER_BOUND ( 'NONE', #4518, .T. ) ;
#6279 = VERTEX_POINT ( 'NONE', #5 ) ;
#6280 = ORIENTED_EDGE ( 'NONE', *, *, #2193, .F. ) ;
#6281 = ORIENTED_EDGE ( 'NONE', *, *, #530, .T. ) ;
#6282 = EDGE_LOOP ( 'NONE', ( #6281, #5984 ) ) ;
#6283 = DIRECTION ( 'NONE',  ( -1.000000000000000000, 0.000000000000000000, 0.000000000000000000 ) ) ;
#6284 = CARTESIAN_POINT ( 'NONE',  ( -11.00000000000000533, 7.500000000000000000, -7.864218330839952031 ) ) ;
#6285 = ADVANCED_FACE ( 'NONE', ( #6162 ), #686, .T. ) ;
#6286 = PLANE ( 'NONE',  #5519 ) ;
#6287 = AXIS2_PLACEMENT_3D ( 'NONE', #821, #226, #2667 ) ;
#6288 = CARTESIAN_POINT ( 'NONE',  ( -4.299999999999999822, 2.799999999999998490, 0.1000000000000000056 ) ) ;
#6289 = ORIENTED_EDGE ( 'NONE', *, *, #4901, .F. ) ;
#6290 = VECTOR ( 'NONE', #1839, 1000.000000000000000 ) ;
#6291 = ORIENTED_EDGE ( 'NONE', *, *, #3004, .F. ) ;
#6292 = VECTOR ( 'NONE', #6447, 1000.000000000000000 ) ;
#6293 = FACE_OUTER_BOUND ( 'NONE', #6058, .T. ) ;
#6294 = EDGE_CURVE ( 'NONE', #382, #3278, #729, .T. ) ;
#6295 = DIRECTION ( 'NONE',  ( 0.000000000000000000, -0.000000000000000000, 1.000000000000000000 ) ) ;
#6296 = CARTESIAN_POINT ( 'NONE',  ( 10.99999999999999467, 7.500000000000000000, -7.864218330839934268 ) ) ;
#6297 = AXIS2_PLACEMENT_3D ( 'NONE', #2389, #5978, #6615 ) ;
#6298 = PLANE ( 'NONE',  #3814 ) ;
#6299 = VECTOR ( 'NONE', #7744, 1000.000000000000000 ) ;
#6300 = ORIENTED_EDGE ( 'NONE', *, *, #2294, .T. ) ;
#6301 = ORIENTED_EDGE ( 'NONE', *, *, #2912, .F. ) ;
#6302 =( NAMED_UNIT ( * ) PLANE_ANGLE_UNIT ( ) SI_UNIT ( $, .RADIAN. ) );
#6303 = FACE_OUTER_BOUND ( 'NONE', #6768, .T. ) ;
#6304 = CARTESIAN_POINT ( 'NONE',  ( -0.4299999999999991607, 0.1750000000000000167, 3.070000000000000284 ) ) ;
#6305 = FACE_BOUND ( 'NONE', #1294, .T. ) ;
#6306 = DIRECTION ( 'NONE',  ( 0.000000000000000000, 0.000000000000000000, 1.000000000000000000 ) ) ;
#6307 = ORIENTED_EDGE ( 'NONE', *, *, #7810, .F. ) ;
#6308 = FACE_OUTER_BOUND ( 'NONE', #4626, .T. ) ;
#6309 = LINE ( 'NONE', #7836, #3950 ) ;
#6310 = ORIENTED_EDGE ( 'NONE', *, *, #5310, .T. ) ;
#6311 = DIRECTION ( 'NONE',  ( -1.927470528863119295E-16, 0.000000000000000000, -1.000000000000000000 ) ) ;
#6312 = LINE ( 'NONE', #3234, #3598 ) ;
#6313 = DIRECTION ( 'NONE',  ( 0.000000000000000000, 1.000000000000000000, 0.000000000000000000 ) ) ;
#6314 = DIRECTION ( 'NONE',  ( 0.000000000000000000, 0.000000000000000000, 1.000000000000000000 ) ) ;
#6315 = EDGE_CURVE ( 'NONE', #6959, #4761, #1856, .T. ) ;
#6316 = ADVANCED_FACE ( 'NONE', ( #6684 ), #3643, .T. ) ;
#6317 = FACE_OUTER_BOUND ( 'NONE', #6121, .T. ) ;
#6318 = ORIENTED_EDGE ( 'NONE', *, *, #2756, .F. ) ;
#6319 = EDGE_LOOP ( 'NONE', ( #6939, #2366, #1118, #7303 ) ) ;
#6320 = EDGE_LOOP ( 'NONE', ( #4992, #5946, #6393, #4317 ) ) ;
#6321 = EDGE_LOOP ( 'NONE', ( #5153, #20, #4325, #1948 ) ) ;
#6322 = VECTOR ( 'NONE', #6637, 1000.000000000000000 ) ;
#6323 = LINE ( 'NONE', #3286, #1816 ) ;
#6324 = DIRECTION ( 'NONE',  ( 0.000000000000000000, 0.000000000000000000, -1.000000000000000000 ) ) ;
#6325 = DIRECTION ( 'NONE',  ( -0.000000000000000000, -0.000000000000000000, -1.000000000000000000 ) ) ;
#6326 = ADVANCED_FACE ( 'NONE', ( #3165 ), #3048, .F. ) ;
#6327 = DIRECTION ( 'NONE',  ( 0.000000000000000000, 0.000000000000000000, 1.000000000000000000 ) ) ;
#6328 = VECTOR ( 'NONE', #6133, 1000.000000000000000 ) ;
#6329 = AXIS2_PLACEMENT_3D ( 'NONE', #1396, #789, #2562 ) ;
#6330 = EDGE_CURVE ( 'NONE', #2119, #4086, #6323, .T. ) ;
#6331 = VERTEX_POINT ( 'NONE', #2694 ) ;
#6332 = ORIENTED_EDGE ( 'NONE', *, *, #5693, .T. ) ;
#6333 = DIRECTION ( 'NONE',  ( -0.000000000000000000, -0.000000000000000000, 1.000000000000000000 ) ) ;
#6334 = CARTESIAN_POINT ( 'NONE',  ( 13.99999999999999822, 0.000000000000000000, -1.749999999999998890 ) ) ;
#6335 = AXIS2_PLACEMENT_3D ( 'NONE', #2111, #227, #4987 ) ;
#6336 = VECTOR ( 'NONE', #7716, 1000.000000000000000 ) ;
#6337 = DIRECTION ( 'NONE',  ( -0.000000000000000000, -0.000000000000000000, -1.000000000000000000 ) ) ;
#6338 = AXIS2_PLACEMENT_3D ( 'NONE', #3455, #5870, #3422 ) ;
#6339 = PLANE ( 'NONE',  #622 ) ;
#6340 = ORIENTED_EDGE ( 'NONE', *, *, #3995, .T. ) ;
#6341 = EDGE_CURVE ( 'NONE', #1903, #5563, #4876, .T. ) ;
#6342 = ADVANCED_FACE ( 'NONE', ( #3321 ), #5728, .T. ) ;
#6343 = CIRCLE ( 'NONE', #4558, 1.050000000000000266 ) ;
#6344 = ORIENTED_EDGE ( 'NONE', *, *, #1085, .F. ) ;
#6345 = VECTOR ( 'NONE', #1504, 1000.000000000000000 ) ;
#6346 = DIRECTION ( 'NONE',  ( 1.239088197126290817E-16, -1.000000000000000000, 0.000000000000000000 ) ) ;
#6347 = DIRECTION ( 'NONE',  ( 0.000000000000000000, 0.000000000000000000, 1.000000000000000000 ) ) ;
#6348 = CARTESIAN_POINT ( 'NONE',  ( -9.000000000000000000, -3.000000000000000444, 0.000000000000000000 ) ) ;
#6349 = FACE_BOUND ( 'NONE', #473, .T. ) ;
#6350 = AXIS2_PLACEMENT_3D ( 'NONE', #3550, #2443, #2363 ) ;
#6351 = ORIENTED_EDGE ( 'NONE', *, *, #2674, .T. ) ;
#6352 = AXIS2_PLACEMENT_3D ( 'NONE', #6885, #2616, #291 ) ;
#6353 = CARTESIAN_POINT ( 'NONE',  ( 15.25000000000000178, 0.5000000000000004441, 7.599999999999999645 ) ) ;
#6354 = CARTESIAN_POINT ( 'NONE',  ( -6.770000000000003126, 3.500000000000000888, 0.000000000000000000 ) ) ;
#6355 = VERTEX_POINT ( 'NONE', #4490 ) ;
#6356 = PLANE ( 'NONE',  #4746 ) ;
#6357 = DIRECTION ( 'NONE',  ( 0.000000000000000000, -1.000000000000000000, 0.000000000000000000 ) ) ;
#6358 = CARTESIAN_POINT ( 'NONE',  ( 9.499999999999994671, 0.4999999999999995559, -9.500000000000000000 ) ) ;
#6359 = CARTESIAN_POINT ( 'NONE',  ( 0.5000000000000000000, 6.123233995736766036E-17, 0.000000000000000000 ) ) ;
#6360 = PRODUCT_DEFINITION_FORMATION_WITH_SPECIFIED_SOURCE ( 'ANY', '', #4093, .NOT_KNOWN. ) ;
#6361 = LINE ( 'NONE', #3962, #375 ) ;
#6362 = VERTEX_POINT ( 'NONE', #2140 ) ;
#6363 = VERTEX_POINT ( 'NONE', #6922 ) ;
#6364 = CLOSED_SHELL ( 'NONE', ( #1732, #7173, #643, #5743, #5551, #385, #1577, #210, #144, #429, #6158, #1586, #1350, #5259, #7914, #7787, #6625, #1778, #968, #2948, #3724, #5439, #6326, #6927, #7524, #5191 ) ) ;
#6365 = VERTEX_POINT ( 'NONE', #4615 ) ;
#6366 = ADVANCED_FACE ( 'NONE', ( #2100 ), #888, .F. ) ;
#6367 = EDGE_CURVE ( 'NONE', #6331, #4588, #7534, .T. ) ;
#6368 = ORIENTED_EDGE ( 'NONE', *, *, #4632, .F. ) ;
#6369 = DIRECTION ( 'NONE',  ( -0.000000000000000000, -0.000000000000000000, -1.000000000000000000 ) ) ;
#6370 = DIRECTION ( 'NONE',  ( -0.000000000000000000, -1.000000000000000000, -0.000000000000000000 ) ) ;
#6371 = VECTOR ( 'NONE', #4867, 1000.000000000000000 ) ;
#6372 = LINE ( 'NONE', #5211, #1703 ) ;
#6373 = CARTESIAN_POINT ( 'NONE',  ( 15.50000000000000178, 0.000000000000000000, 5.500000000000000000 ) ) ;
#6374 = VECTOR ( 'NONE', #7897, 1000.000000000000000 ) ;
#6375 = ORIENTED_EDGE ( 'NONE', *, *, #4383, .F. ) ;
#6376 = CIRCLE ( 'NONE', #2929, 1.500000000000000000 ) ;
#6377 = EDGE_CURVE ( 'NONE', #735, #2119, #5009, .T. ) ;
#6378 = VERTEX_POINT ( 'NONE', #1494 ) ;
#6379 = LINE ( 'NONE', #2589, #1232 ) ;
#6380 = DIRECTION ( 'NONE',  ( 0.000000000000000000, 0.000000000000000000, -1.000000000000000000 ) ) ;
#6381 = LINE ( 'NONE', #5108, #3518 ) ;
#6382 = ORIENTED_EDGE ( 'NONE', *, *, #7078, .T. ) ;
#6383 = ORIENTED_EDGE ( 'NONE', *, *, #6330, .F. ) ;
#6384 = CARTESIAN_POINT ( 'NONE',  ( 13.99999999999999822, 0.4999999999999995559, -0.2499999999999997780 ) ) ;
#6385 = DIRECTION ( 'NONE',  ( 0.000000000000000000, 0.000000000000000000, 1.000000000000000000 ) ) ;
#6386 = CARTESIAN_POINT ( 'NONE',  ( 6.799999999999998046, 3.299999999999999822, -1.399999999999999911 ) ) ;
#6387 = ADVANCED_FACE ( 'NONE', ( #2182 ), #3968, .F. ) ;
#6388 = EDGE_CURVE ( 'NONE', #3198, #382, #3932, .T. ) ;
#6389 = CYLINDRICAL_SURFACE ( 'NONE', #2508, 0.5000000000000000000 ) ;
#6390 = ORIENTED_EDGE ( 'NONE', *, *, #2104, .F. ) ;
#6391 = FACE_OUTER_BOUND ( 'NONE', #1448, .T. ) ;
#6392 = CARTESIAN_POINT ( 'NONE',  ( -4.200000000000000178, 2.000000000000000000, 0.000000000000000000 ) ) ;
#6393 = ORIENTED_EDGE ( 'NONE', *, *, #7854, .F. ) ;
#6394 = FACE_BOUND ( 'NONE', #4907, .T. ) ;
#6395 = CARTESIAN_POINT ( 'NONE',  ( 3.700000000000000178, 2.000000000000000000, 0.000000000000000000 ) ) ;
#6396 = EDGE_CURVE ( 'NONE', #1207, #5665, #1165, .T. ) ;
#6397 = CARTESIAN_POINT ( 'NONE',  ( -9.250000000000001776, -3.249999999999999556, -18.25000000000000000 ) ) ;
#6398 = CARTESIAN_POINT ( 'NONE',  ( -9.500000000000005329, 0.4999999999999995559, -9.500000000000000000 ) ) ;
#6399 = DIRECTION ( 'NONE',  ( 0.000000000000000000, 1.000000000000000000, 0.000000000000000000 ) ) ;
#6400 = ORIENTED_EDGE ( 'NONE', *, *, #6774, .T. ) ;
#6401 = MANIFOLD_SOLID_BREP ( 'Cut-Extrude1', #494 ) ;
#6402 = ORIENTED_EDGE ( 'NONE', *, *, #626, .F. ) ;
#6403 = APPLICATION_PROTOCOL_DEFINITION ( 'draft international standard', 'automotive_design', 1998, #3475 ) ;
#6404 = DIRECTION ( 'NONE',  ( 0.000000000000000000, -0.000000000000000000, 1.000000000000000000 ) ) ;
#6405 = ORIENTED_EDGE ( 'NONE', *, *, #2703, .T. ) ;
#6406 = SURFACE_STYLE_FILL_AREA ( #4574 ) ;
#6407 = DIRECTION ( 'NONE',  ( 1.000000000000000000, 0.000000000000000000, 4.956352788505165240E-16 ) ) ;
#6408 = VECTOR ( 'NONE', #213, 1000.000000000000000 ) ;
#6409 = LINE ( 'NONE', #1009, #7066 ) ;
#6410 = AXIS2_PLACEMENT_3D ( 'NONE', #2522, #4350, #1393 ) ;
#6411 = PLANE ( 'NONE',  #4410 ) ;
#6412 = ADVANCED_FACE ( 'NONE', ( #6884 ), #7607, .T. ) ;
#6413 = ORIENTED_EDGE ( 'NONE', *, *, #2912, .T. ) ;
#6414 = CIRCLE ( 'NONE', #3215, 1.500000000000000000 ) ;
#6415 = ORIENTED_EDGE ( 'NONE', *, *, #7124, .T. ) ;
#6416 = CIRCLE ( 'NONE', #3083, 1.499999999999999556 ) ;
#6417 = CYLINDRICAL_SURFACE ( 'NONE', #2102, 0.8000000000000020428 ) ;
#6418 = DIRECTION ( 'NONE',  ( 0.000000000000000000, 0.000000000000000000, 1.000000000000000000 ) ) ;
#6419 = EDGE_CURVE ( 'NONE', #3453, #1337, #2848, .T. ) ;
#6420 = EDGE_CURVE ( 'NONE', #3440, #947, #4694, .T. ) ;
#6421 = ORIENTED_EDGE ( 'NONE', *, *, #5562, .T. ) ;
#6422 = EDGE_LOOP ( 'NONE', ( #6606, #5925, #5683 ) ) ;
#6423 = VECTOR ( 'NONE', #4966, 1000.000000000000000 ) ;
#6424 = ORIENTED_EDGE ( 'NONE', *, *, #508, .T. ) ;
#6425 = LINE ( 'NONE', #5034, #4291 ) ;
#6426 = CARTESIAN_POINT ( 'NONE',  ( -9.000000000000007105, 7.500000000000000000, -9.000000000000001776 ) ) ;
#6427 = CARTESIAN_POINT ( 'NONE',  ( -5.549999999999999822, 2.000000000000000000, 0.1000000000000000056 ) ) ;
#6428 = VECTOR ( 'NONE', #5151, 1000.000000000000000 ) ;
#6429 = AXIS2_PLACEMENT_3D ( 'NONE', #2279, #4709, #982 ) ;
#6430 = FACE_OUTER_BOUND ( 'NONE', #5144, .T. ) ;
#6431 = ORIENTED_EDGE ( 'NONE', *, *, #2682, .T. ) ;
#6432 = CARTESIAN_POINT ( 'NONE',  ( 16.00000000000000000, 0.4999999999999995559, 10.04999999999999893 ) ) ;
#6433 = EDGE_CURVE ( 'NONE', #5723, #1465, #7048, .T. ) ;
#6434 = LINE ( 'NONE', #197, #1914 ) ;
#6435 = ORIENTED_EDGE ( 'NONE', *, *, #746, .F. ) ;
#6436 = DIRECTION ( 'NONE',  ( -0.000000000000000000, -1.000000000000000000, -0.000000000000000000 ) ) ;
#6437 = CARTESIAN_POINT ( 'NONE',  ( 9.000000000000000000, 6.000000000000000000, -9.000000000000001776 ) ) ;
#6438 = CARTESIAN_POINT ( 'NONE',  ( -10.50000000000000533, 0.000000000000000000, 3.000000000000003997 ) ) ;
#6439 = DIRECTION ( 'NONE',  ( -1.000000000000000000, 0.000000000000000000, 1.826024711554533913E-16 ) ) ;
#6440 = DIRECTION ( 'NONE',  ( -0.000000000000000000, -1.000000000000000000, -0.000000000000000000 ) ) ;
#6441 = ORIENTED_EDGE ( 'NONE', *, *, #2005, .F. ) ;
#6442 = EDGE_CURVE ( 'NONE', #7258, #1535, #7203, .T. ) ;
#6443 = DIRECTION ( 'NONE',  ( 0.000000000000000000, 0.000000000000000000, 1.000000000000000000 ) ) ;
#6444 = VERTEX_POINT ( 'NONE', #4091 ) ;
#6445 = DIRECTION ( 'NONE',  ( 0.000000000000000000, 0.000000000000000000, 1.000000000000000000 ) ) ;
#6446 = PLANE ( 'NONE',  #1505 ) ;
#6447 = DIRECTION ( 'NONE',  ( 0.000000000000000000, -1.000000000000000000, 0.000000000000000000 ) ) ;
#6448 = CYLINDRICAL_SURFACE ( 'NONE', #325, 0.5000000000000000000 ) ;
#6449 = APPLICATION_CONTEXT ( 'automotive_design' ) ;
#6450 = VERTEX_POINT ( 'NONE', #5845 ) ;
#6451 = VECTOR ( 'NONE', #2853, 1000.000000000000000 ) ;
#6452 = ORIENTED_EDGE ( 'NONE', *, *, #3972, .F. ) ;
#6453 = DIRECTION ( 'NONE',  ( 0.000000000000000000, 0.000000000000000000, 1.000000000000000000 ) ) ;
#6454 = DIRECTION ( 'NONE',  ( 0.000000000000000000, 0.000000000000000000, 1.000000000000000000 ) ) ;
#6455 = CIRCLE ( 'NONE', #7611, 0.5000000000000000000 ) ;
#6456 = EDGE_LOOP ( 'NONE', ( #5079, #7465, #1727, #6332 ) ) ;
#6457 = EDGE_LOOP ( 'NONE', ( #5804, #1700, #6301, #2969 ) ) ;
#6458 = ORIENTED_EDGE ( 'NONE', *, *, #1785, .T. ) ;
#6459 = VECTOR ( 'NONE', #4932, 1000.000000000000000 ) ;
#6460 = CIRCLE ( 'NONE', #4800, 1.500000000000000000 ) ;
#6461 = EDGE_CURVE ( 'NONE', #6708, #4344, #5640, .T. ) ;
#6462 = ADVANCED_FACE ( 'NONE', ( #2299 ), #4768, .T. ) ;
#6463 = CARTESIAN_POINT ( 'NONE',  ( 9.499999999999998224, 0.4999999999999995559, 7.864218330839939597 ) ) ;
#6464 = CARTESIAN_POINT ( 'NONE',  ( 16.00000000000000000, 0.4999999999999995559, -9.000000000000000000 ) ) ;
#6465 = DIRECTION ( 'NONE',  ( 0.000000000000000000, 0.000000000000000000, 1.000000000000000000 ) ) ;
#6466 = ORIENTED_EDGE ( 'NONE', *, *, #4661, .T. ) ;
#6467 = AXIS2_PLACEMENT_3D ( 'NONE', #1093, #2745, #6418 ) ;
#6468 = CARTESIAN_POINT ( 'NONE',  ( -6.800000000000001599, 3.299999999999999822, 0.000000000000000000 ) ) ;
#6469 = AXIS2_PLACEMENT_3D ( 'NONE', #619, #3089, #3128 ) ;
#6470 = CARTESIAN_POINT ( 'NONE',  ( 3.299999999999998934, 2.799999999999999378, 0.1000000000000000056 ) ) ;
#6471 = ORIENTED_EDGE ( 'NONE', *, *, #2663, .F. ) ;
#6472 = ADVANCED_FACE ( 'NONE', ( #5998 ), #4166, .T. ) ;
#6473 = VECTOR ( 'NONE', #2292, 1000.000000000000000 ) ;
#6474 = DIRECTION ( 'NONE',  ( 1.000000000000000000, 0.000000000000000000, 0.000000000000000000 ) ) ;
#6475 = LINE ( 'NONE', #4080, #4238 ) ;
#6476 = CARTESIAN_POINT ( 'NONE',  ( -6.000000000000000000, 2.799999999999999822, 0.1000000000000000056 ) ) ;
#6477 = AXIS2_PLACEMENT_3D ( 'NONE', #6941, #1467, #3300 ) ;
#6478 = FACE_OUTER_BOUND ( 'NONE', #4568, .T. ) ;
#6479 = DIRECTION ( 'NONE',  ( 0.000000000000000000, 0.000000000000000000, 1.000000000000000000 ) ) ;
#6480 = ORIENTED_EDGE ( 'NONE', *, *, #5407, .F. ) ;
#6481 = VERTEX_POINT ( 'NONE', #7806 ) ;
#6482 = APPLICATION_PROTOCOL_DEFINITION ( 'draft international standard', 'automotive_design', 1998, #3177 ) ;
#6483 = VECTOR ( 'NONE', #5015, 1000.000000000000000 ) ;
#6484 = PLANE ( 'NONE',  #2131 ) ;
#6485 = ORIENTED_EDGE ( 'NONE', *, *, #2609, .T. ) ;
#6486 = DIRECTION ( 'NONE',  ( 0.000000000000000000, 0.000000000000000000, -1.000000000000000000 ) ) ;
#6487 = CARTESIAN_POINT ( 'NONE',  ( -16.00000000000000000, 0.4999999999999995559, 0.000000000000000000 ) ) ;
#6488 = CARTESIAN_POINT ( 'NONE',  ( -0.5000000000000000000, 0.000000000000000000, 0.000000000000000000 ) ) ;
#6489 = EDGE_CURVE ( 'NONE', #1936, #4544, #1612, .T. ) ;
#6490 = ADVANCED_FACE ( 'NONE', ( #5364 ), #6524, .T. ) ;
#6491 = DIRECTION ( 'NONE',  ( 0.000000000000000000, 0.000000000000000000, -1.000000000000000000 ) ) ;
#6492 = EDGE_LOOP ( 'NONE', ( #5031, #5169, #2107, #1691 ) ) ;
#6493 = ORIENTED_EDGE ( 'NONE', *, *, #6388, .T. ) ;
#6494 = CARTESIAN_POINT ( 'NONE',  ( 3.299999999999999378, -1.199999999999998845, 0.1000000000000000056 ) ) ;
#6495 = SURFACE_STYLE_FILL_AREA ( #455 ) ;
#6496 = CARTESIAN_POINT ( 'NONE',  ( 6.769999999999996909, 2.999999999999999556, 0.000000000000000000 ) ) ;
#6497 = AXIS2_PLACEMENT_3D ( 'NONE', #6057, #5582, #1867 ) ;
#6498 = ORIENTED_EDGE ( 'NONE', *, *, #7291, .T. ) ;
#6499 = AXIS2_PLACEMENT_3D ( 'NONE', #6219, #5542, #6102 ) ;
#6500 = ORIENTED_EDGE ( 'NONE', *, *, #7507, .F. ) ;
#6501 = VERTEX_POINT ( 'NONE', #1041 ) ;
#6502 = VECTOR ( 'NONE', #1486, 1000.000000000000000 ) ;
#6503 = FACE_OUTER_BOUND ( 'NONE', #4012, .T. ) ;
#6504 = LINE ( 'NONE', #4109, #426 ) ;
#6505 = MANIFOLD_SOLID_BREP ( 'Boss-Extrude8', #4835 ) ;
#6506 = CARTESIAN_POINT ( 'NONE',  ( 1.850000000000000311, 2.000000000000000000, 0.000000000000000000 ) ) ;
#6507 = EDGE_LOOP ( 'NONE', ( #2899, #44, #1868, #6796 ) ) ;
#6508 = EDGE_CURVE ( 'NONE', #2699, #7763, #3514, .T. ) ;
#6509 = EDGE_CURVE ( 'NONE', #4780, #3086, #2370, .T. ) ;
#6510 = CARTESIAN_POINT ( 'NONE',  ( 6.570000000000001172, 0.1750000000000000167, -3.069999999999999840 ) ) ;
#6511 = ORIENTED_EDGE ( 'NONE', *, *, #4143, .F. ) ;
#6512 = FACE_OUTER_BOUND ( 'NONE', #5060, .T. ) ;
#6513 = ORIENTED_EDGE ( 'NONE', *, *, #5099, .F. ) ;
#6514 = FACE_OUTER_BOUND ( 'NONE', #6682, .T. ) ;
#6515 = DIRECTION ( 'NONE',  ( -0.000000000000000000, 1.000000000000000000, -0.000000000000000000 ) ) ;
#6516 = CARTESIAN_POINT ( 'NONE',  ( 9.499999999999994671, 0.4999999999999995559, -9.500000000000000000 ) ) ;
#6517 = DIRECTION ( 'NONE',  ( 0.000000000000000000, 0.000000000000000000, 1.000000000000000000 ) ) ;
#6518 = CARTESIAN_POINT ( 'NONE',  ( 15.50000000000000178, 0.000000000000000000, 4.949999999999998401 ) ) ;
#6519 = VERTEX_POINT ( 'NONE', #2333 ) ;
#6520 = EDGE_CURVE ( 'NONE', #4234, #4409, #3434, .T. ) ;
#6521 = ORIENTED_EDGE ( 'NONE', *, *, #6117, .F. ) ;
#6522 = DIRECTION ( 'NONE',  ( 0.000000000000000000, 0.000000000000000000, 1.000000000000000000 ) ) ;
#6523 = ORIENTED_EDGE ( 'NONE', *, *, #3145, .T. ) ;
#6524 = PLANE ( 'NONE',  #7430 ) ;
#6525 = LINE ( 'NONE', #1613, #350 ) ;
#6526 = DIRECTION ( 'NONE',  ( 0.000000000000000000, 0.000000000000000000, 1.000000000000000000 ) ) ;
#6527 = DIRECTION ( 'NONE',  ( 0.000000000000000000, 0.000000000000000000, 1.000000000000000000 ) ) ;
#6528 = VERTEX_POINT ( 'NONE', #2532 ) ;
#6529 = EDGE_LOOP ( 'NONE', ( #6596, #7192, #7001, #4914 ) ) ;
#6530 = EDGE_CURVE ( 'NONE', #5042, #2155, #677, .T. ) ;
#6531 = LINE ( 'NONE', #2268, #2594 ) ;
#6532 = SURFACE_SIDE_STYLE ('',( #6495 ) ) ;
#6533 = DIRECTION ( 'NONE',  ( -0.000000000000000000, -1.000000000000000000, -0.000000000000000000 ) ) ;
#6534 = ORIENTED_EDGE ( 'NONE', *, *, #4123, .T. ) ;
#6535 = ORIENTED_EDGE ( 'NONE', *, *, #6190, .F. ) ;
#6536 =( GEOMETRIC_REPRESENTATION_CONTEXT ( 3 ) GLOBAL_UNCERTAINTY_ASSIGNED_CONTEXT ( ( #2986 ) ) GLOBAL_UNIT_ASSIGNED_CONTEXT ( ( #590, #666, #1192 ) ) REPRESENTATION_CONTEXT ( 'NONE', 'WORKASPACE' ) );
#6537 = VERTEX_POINT ( 'NONE', #6714 ) ;
#6538 = VECTOR ( 'NONE', #2423, 1000.000000000000000 ) ;
#6539 = ADVANCED_FACE ( 'NONE', ( #603 ), #3113, .F. ) ;
#6540 = CARTESIAN_POINT ( 'NONE',  ( 15.50000000000000178, 0.4999999999999995559, -5.500000000000000000 ) ) ;
#6541 = DIRECTION ( 'NONE',  ( -1.927470528863119049E-16, -0.000000000000000000, -1.000000000000000000 ) ) ;
#6542 = DIRECTION ( 'NONE',  ( -0.000000000000000000, 1.000000000000000000, -0.000000000000000000 ) ) ;
#6543 = CIRCLE ( 'NONE', #1833, 0.5000000000000004441 ) ;
#6544 = ORIENTED_EDGE ( 'NONE', *, *, #7385, .F. ) ;
#6545 = CARTESIAN_POINT ( 'NONE',  ( 9.499999999999994671, 0.4999999999999995559, -7.864218330839934268 ) ) ;
#6546 = ORIENTED_EDGE ( 'NONE', *, *, #7098, .F. ) ;
#6547 = DIRECTION ( 'NONE',  ( 1.000000000000000000, 0.000000000000000000, 0.000000000000000000 ) ) ;
#6548 = VERTEX_POINT ( 'NONE', #2491 ) ;
#6549 = LINE ( 'NONE', #4678, #6779 ) ;
#6550 = DIRECTION ( 'NONE',  ( 0.000000000000000000, 1.000000000000000000, 0.000000000000000000 ) ) ;
#6551 = FACE_OUTER_BOUND ( 'NONE', #4610, .T. ) ;
#6552 = PLANE ( 'NONE',  #223 ) ;
#6553 = VERTEX_POINT ( 'NONE', #4883 ) ;
#6554 = CIRCLE ( 'NONE', #5914, 0.8000000000000009326 ) ;
#6555 = CIRCLE ( 'NONE', #7583, 0.5500000000000010436 ) ;
#6556 = ORIENTED_EDGE ( 'NONE', *, *, #1633, .T. ) ;
#6557 = DIRECTION ( 'NONE',  ( 0.000000000000000000, 0.000000000000000000, -1.000000000000000000 ) ) ;
#6558 = VERTEX_POINT ( 'NONE', #562 ) ;
#6559 = DIRECTION ( 'NONE',  ( -0.000000000000000000, -0.000000000000000000, -1.000000000000000000 ) ) ;
#6561 = EDGE_CURVE ( 'NONE', #4875, #4248, #1849, .T. ) ;
#6560 = DIRECTION ( 'NONE',  ( 0.000000000000000000, 0.000000000000000000, 1.000000000000000000 ) ) ;
#6562 = ADVANCED_FACE ( 'NONE', ( #4278 ), #121, .F. ) ;
#6563 = DIRECTION ( 'NONE',  ( 1.000000000000000000, 0.000000000000000000, 0.000000000000000000 ) ) ;
#6564 = DIRECTION ( 'NONE',  ( 1.326241189584715037E-16, -1.000000000000000000, 0.000000000000000000 ) ) ;
#6565 = ORIENTED_EDGE ( 'NONE', *, *, #6857, .T. ) ;
#6566 = ORIENTED_EDGE ( 'NONE', *, *, #5799, .F. ) ;
#6567 = ADVANCED_FACE ( 'NONE', ( #7888 ), #1929, .F. ) ;
#6568 = LINE ( 'NONE', #1740, #7182 ) ;
#6569 = SURFACE_SIDE_STYLE ('',( #4139 ) ) ;
#6570 = CARTESIAN_POINT ( 'NONE',  ( -5.549999999999999822, 2.000000000000000000, 0.000000000000000000 ) ) ;
#6571 = EDGE_CURVE ( 'NONE', #3533, #2240, #7318, .T. ) ;
#6572 = ORIENTED_EDGE ( 'NONE', *, *, #3236, .F. ) ;
#6573 = ORIENTED_EDGE ( 'NONE', *, *, #3131, .F. ) ;
#6574 = DIRECTION ( 'NONE',  ( 0.000000000000000000, 1.000000000000000000, 0.000000000000000000 ) ) ;
#6575 = DIRECTION ( 'NONE',  ( 0.000000000000000000, 0.000000000000000000, 1.000000000000000000 ) ) ;
#6576 = VECTOR ( 'NONE', #6043, 1000.000000000000000 ) ;
#6577 = CARTESIAN_POINT ( 'NONE',  ( 16.00000000000000000, 0.000000000000000000, -3.249999999999999112 ) ) ;
#6578 = ADVANCED_FACE ( 'NONE', ( #5435 ), #6755, .F. ) ;
#6579 = EDGE_CURVE ( 'NONE', #575, #3530, #6790, .T. ) ;
#6580 = VERTEX_POINT ( 'NONE', #3072 ) ;
#6581 = DIRECTION ( 'NONE',  ( 0.000000000000000000, 0.000000000000000000, 1.000000000000000000 ) ) ;
#6582 = VECTOR ( 'NONE', #7185, 1000.000000000000000 ) ;
#6583 = CIRCLE ( 'NONE', #7612, 0.4999999999999997780 ) ;
#6584 = EDGE_LOOP ( 'NONE', ( #6871, #4737, #3148, #7605 ) ) ;
#6585 = CARTESIAN_POINT ( 'NONE',  ( -5.549999999999999822, 0.000000000000000000, 0.000000000000000000 ) ) ;
#6586 = VERTEX_POINT ( 'NONE', #1322 ) ;
#6587 = FACE_OUTER_BOUND ( 'NONE', #6260, .T. ) ;
#6588 = FACE_OUTER_BOUND ( 'NONE', #2670, .T. ) ;
#6589 = DIRECTION ( 'NONE',  ( 0.000000000000000000, 0.000000000000000000, 1.000000000000000000 ) ) ;
#6590 = VECTOR ( 'NONE', #5180, 1000.000000000000000 ) ;
#6591 = AXIS2_PLACEMENT_3D ( 'NONE', #316, #7599, #7559 ) ;
#6592 = ORIENTED_EDGE ( 'NONE', *, *, #2964, .F. ) ;
#6593 = ORIENTED_EDGE ( 'NONE', *, *, #1596, .T. ) ;
#6594 = VECTOR ( 'NONE', #2210, 1000.000000000000000 ) ;
#6595 = DIRECTION ( 'NONE',  ( 0.000000000000000000, 0.000000000000000000, 1.000000000000000000 ) ) ;
#6596 = ORIENTED_EDGE ( 'NONE', *, *, #4386, .T. ) ;
#6597 = CARTESIAN_POINT ( 'NONE',  ( 3.700000000000000178, -2.000000000000000000, 0.1000000000000000056 ) ) ;
#6598 = CARTESIAN_POINT ( 'NONE',  ( -6.569999999999999396, 0.7500000000000000000, -3.069999999999999396 ) ) ;
#6599 = LINE ( 'NONE', #704, #733 ) ;
#6600 = CARTESIAN_POINT ( 'NONE',  ( -9.000000000000000000, 2.999999999999999556, -18.00000000000000000 ) ) ;
#6601 = CARTESIAN_POINT ( 'NONE',  ( -17.50000000000000000, 0.000000000000000000, 10.50000000000000000 ) ) ;
#6602 = VECTOR ( 'NONE', #1042, 1000.000000000000000 ) ;
#6603 = PRODUCT_DEFINITION ( 'UNKNOWN', '', #3540, #1387 ) ;
#6604 = EDGE_CURVE ( 'NONE', #6971, #4489, #76, .T. ) ;
#6605 = ORIENTED_EDGE ( 'NONE', *, *, #2201, .T. ) ;
#6606 = ORIENTED_EDGE ( 'NONE', *, *, #5075, .T. ) ;
#6607 = CARTESIAN_POINT ( 'NONE',  ( -6.769999999999998685, 0.7500000000000000000, -3.270000000000000018 ) ) ;
#6608 = DIRECTION ( 'NONE',  ( -1.000000000000000000, -0.000000000000000000, -0.000000000000000000 ) ) ;
#6609 = PRODUCT_DEFINITION_FORMATION_WITH_SPECIFIED_SOURCE ( 'ANY', '', #3890, .NOT_KNOWN. ) ;
#6610 = EDGE_CURVE ( 'NONE', #101, #575, #7172, .T. ) ;
#6611 = AXIS2_PLACEMENT_3D ( 'NONE', #1638, #4113, #2984 ) ;
#6612 = CARTESIAN_POINT ( 'NONE',  ( -30.54784762125185793, 9.306306675127208550, 33.81362340733011251 ) ) ;
#6613 = ORIENTED_EDGE ( 'NONE', *, *, #6081, .F. ) ;
#6614 = CYLINDRICAL_SURFACE ( 'NONE', #5663, 1.499999999999999556 ) ;
#6615 = DIRECTION ( 'NONE',  ( -1.156482317317871331E-15, 0.000000000000000000, 1.000000000000000000 ) ) ;
#6616 = AXIS2_PLACEMENT_3D ( 'NONE', #3765, #1249, #3689 ) ;
#6617 = FACE_OUTER_BOUND ( 'NONE', #2911, .T. ) ;
#6618 = CIRCLE ( 'NONE', #3171, 0.2500000000000002220 ) ;
#6619 = EDGE_LOOP ( 'NONE', ( #7847, #2202 ) ) ;
#6620 = LINE ( 'NONE', #390, #2791 ) ;
#6621 = VECTOR ( 'NONE', #3761, 1000.000000000000000 ) ;
#6622 = VERTEX_POINT ( 'NONE', #6076 ) ;
#6623 = DIRECTION ( 'NONE',  ( 1.652117596168387756E-16, 0.000000000000000000, -1.000000000000000000 ) ) ;
#6624 = ORIENTED_EDGE ( 'NONE', *, *, #6258, .F. ) ;
#6625 = ADVANCED_FACE ( 'NONE', ( #3758 ), #6152, .F. ) ;
#6626 = CARTESIAN_POINT ( 'NONE',  ( 1.350000000000000533, 2.000000000000000000, 0.1000000000000000056 ) ) ;
#6627 = PLANE ( 'NONE',  #4043 ) ;
#6628 = FACE_OUTER_BOUND ( 'NONE', #7755, .T. ) ;
#6629 = ORIENTED_EDGE ( 'NONE', *, *, #7410, .F. ) ;
#6630 = ORIENTED_EDGE ( 'NONE', *, *, #3247, .T. ) ;
#6631 = DIRECTION ( 'NONE',  ( -0.000000000000000000, -1.000000000000000000, -0.000000000000000000 ) ) ;
#6632 = ORIENTED_EDGE ( 'NONE', *, *, #6652, .F. ) ;
#6633 = ADVANCED_FACE ( 'NONE', ( #5600 ), #5004, .F. ) ;
#6634 = DIRECTION ( 'NONE',  ( 0.000000000000000000, -1.000000000000000000, 0.000000000000000000 ) ) ;
#6635 = DIRECTION ( 'NONE',  ( -2.168404344971008868E-16, 1.000000000000000000, 0.000000000000000000 ) ) ;
#6636 = FACE_OUTER_BOUND ( 'NONE', #1329, .T. ) ;
#6637 = DIRECTION ( 'NONE',  ( 1.000000000000000000, 0.000000000000000000, -9.912705577010325549E-17 ) ) ;
#6638 = ADVANCED_FACE ( 'NONE', ( #7357 ), #1278, .T. ) ;
#6639 = VERTEX_POINT ( 'NONE', #1158 ) ;
#6640 = ORIENTED_EDGE ( 'NONE', *, *, #7467, .T. ) ;
#6641 = LINE ( 'NONE', #3607, #6538 ) ;
#6642 = EDGE_CURVE ( 'NONE', #7776, #1571, #3800, .T. ) ;
#6643 = DIRECTION ( 'NONE',  ( -0.000000000000000000, 1.000000000000000000, -0.000000000000000000 ) ) ;
#6644 = AXIS2_PLACEMENT_3D ( 'NONE', #5043, #836, #6911 ) ;
#6645 = ORIENTED_EDGE ( 'NONE', *, *, #3521, .T. ) ;
#6646 = DIRECTION ( 'NONE',  ( 1.406229888181569112E-14, -6.982962677686060818E-15, 1.000000000000000000 ) ) ;
#6647 = ORIENTED_EDGE ( 'NONE', *, *, #3692, .T. ) ;
#6648 = CARTESIAN_POINT ( 'NONE',  ( -3.200000000000000178, -2.000000000000000000, 0.000000000000000000 ) ) ;
#6649 = DIRECTION ( 'NONE',  ( -0.000000000000000000, 1.000000000000000000, -0.000000000000000000 ) ) ;
#6650 = DIRECTION ( 'NONE',  ( 0.000000000000000000, -1.000000000000000000, 0.000000000000000000 ) ) ;
#6651 = ADVANCED_FACE ( 'NONE', ( #915 ), #280, .F. ) ;
#6652 = EDGE_CURVE ( 'NONE', #5103, #4775, #2579, .T. ) ;
#6653 = EDGE_CURVE ( 'NONE', #856, #1056, #2722, .T. ) ;
#6654 = AXIS2_PLACEMENT_3D ( 'NONE', #1081, #7723, #1730 ) ;
#6655 = DIRECTION ( 'NONE',  ( 0.000000000000000000, -1.000000000000000000, 0.000000000000000000 ) ) ;
#6656 = DIRECTION ( 'NONE',  ( 0.000000000000000000, 0.000000000000000000, 1.000000000000000000 ) ) ;
#6657 = AXIS2_PLACEMENT_3D ( 'NONE', #7635, #4560, #7714 ) ;
#6658 = VERTEX_POINT ( 'NONE', #1478 ) ;
#6659 = PLANE ( 'NONE',  #1390 ) ;
#6660 = VERTEX_POINT ( 'NONE', #4444 ) ;
#6661 =( NAMED_UNIT ( * ) SI_UNIT ( $, .STERADIAN. ) SOLID_ANGLE_UNIT ( ) );
#6662 = EDGE_LOOP ( 'NONE', ( #7901, #5534 ) ) ;
#6663 = AXIS2_PLACEMENT_3D ( 'NONE', #7282, #1809, #3039 ) ;
#6664 = FACE_OUTER_BOUND ( 'NONE', #1788, .T. ) ;
#6665 = ADVANCED_FACE ( 'NONE', ( #6994, #4519, #4402, #6872, #3841, #1523, #6394, #161 ), #6356, .T. ) ;
#6666 = AXIS2_PLACEMENT_3D ( 'NONE', #4623, #1582, #4013 ) ;
#6667 = DIRECTION ( 'NONE',  ( 0.000000000000000000, 0.000000000000000000, 1.000000000000000000 ) ) ;
#6668 = LINE ( 'NONE', #1842, #7363 ) ;
#6669 = VERTEX_POINT ( 'NONE', #1361 ) ;
#6670 = ADVANCED_FACE ( 'NONE', ( #798 ), #3233, .F. ) ;
#6671 = ORIENTED_EDGE ( 'NONE', *, *, #7844, .T. ) ;
#6672 = AXIS2_PLACEMENT_3D ( 'NONE', #5345, #7184, #2789 ) ;
#6673 = DIRECTION ( 'NONE',  ( -0.000000000000000000, -0.000000000000000000, -1.000000000000000000 ) ) ;
#6674 = ORIENTED_EDGE ( 'NONE', *, *, #6433, .T. ) ;
#6675 = DIRECTION ( 'NONE',  ( 1.236061108696829207E-16, 1.000000000000000000, 0.000000000000000000 ) ) ;
#6676 = DIRECTION ( 'NONE',  ( -0.000000000000000000, 1.000000000000000000, -0.000000000000000000 ) ) ;
#6677 = DIRECTION ( 'NONE',  ( 0.000000000000000000, -1.000000000000000000, 0.000000000000000000 ) ) ;
#6678 = AXIS2_PLACEMENT_3D ( 'NONE', #1751, #1177, #1261 ) ;
#6679 = AXIS2_PLACEMENT_3D ( 'NONE', #4186, #6574, #7907 ) ;
#6680 = CARTESIAN_POINT ( 'NONE',  ( -6.770000000000001350, 3.269999999999999574, 0.000000000000000000 ) ) ;
#6681 = EDGE_CURVE ( 'NONE', #3108, #1257, #1293, .T. ) ;
#6682 = EDGE_LOOP ( 'NONE', ( #441, #3906, #1266, #1666 ) ) ;
#6683 = ORIENTED_EDGE ( 'NONE', *, *, #4071, .F. ) ;
#6684 = FACE_OUTER_BOUND ( 'NONE', #1444, .T. ) ;
#6685 = DIRECTION ( 'NONE',  ( 0.000000000000000000, 1.000000000000000000, 0.000000000000000000 ) ) ;
#6686 = DIRECTION ( 'NONE',  ( 0.000000000000000000, 1.000000000000000000, 0.000000000000000000 ) ) ;
#6687 = ORIENTED_EDGE ( 'NONE', *, *, #791, .F. ) ;
#6688 = DIRECTION ( 'NONE',  ( 1.000000000000000000, 0.000000000000000000, 0.000000000000000000 ) ) ;
#6689 = ORIENTED_EDGE ( 'NONE', *, *, #5482, .F. ) ;
#6690 = FACE_OUTER_BOUND ( 'NONE', #1321, .T. ) ;
#6691 = LINE ( 'NONE', #3055, #176 ) ;
#6692 = DIRECTION ( 'NONE',  ( 0.000000000000000000, 0.000000000000000000, 1.000000000000000000 ) ) ;
#6693 = CARTESIAN_POINT ( 'NONE',  ( 15.25000000000000178, 0.5000000000000004441, 6.100000000000000533 ) ) ;
#6694 = CARTESIAN_POINT ( 'NONE',  ( 9.249999999999998224, 3.499999999999999556, 0.2500000000000000000 ) ) ;
#6695 = ORIENTED_EDGE ( 'NONE', *, *, #6330, .T. ) ;
#6696 = PLANE ( 'NONE',  #3811 ) ;
#6697 = PRODUCT_RELATED_PRODUCT_CATEGORY ( 'part', '', ( #5533 ) ) ;
#6698 = EDGE_CURVE ( 'NONE', #3308, #531, #5134, .T. ) ;
#6699 = EDGE_LOOP ( 'NONE', ( #2233, #17, #6093, #2515 ) ) ;
#6700 = VECTOR ( 'NONE', #1987, 1000.000000000000000 ) ;
#6701 = PRESENTATION_STYLE_ASSIGNMENT (( #4304 ) ) ;
#6702 = CARTESIAN_POINT ( 'NONE',  ( 0.000000000000000000, 0.000000000000000000, 0.000000000000000000 ) ) ;
#6703 = CARTESIAN_POINT ( 'NONE',  ( 0.000000000000000000, 0.000000000000000000, 0.000000000000000000 ) ) ;
#6704 = CARTESIAN_POINT ( 'NONE',  ( -5.549999999999999822, 0.000000000000000000, 0.1000000000000000056 ) ) ;
#6705 = FACE_OUTER_BOUND ( 'NONE', #3292, .T. ) ;
#6706 = ORIENTED_EDGE ( 'NONE', *, *, #7010, .F. ) ;
#6707 = AXIS2_PLACEMENT_3D ( 'NONE', #1517, #868, #3871 ) ;
#6708 = VERTEX_POINT ( 'NONE', #5637 ) ;
#6709 = ADVANCED_FACE ( 'NONE', ( #6952 ), #7521, .T. ) ;
#6710 = CARTESIAN_POINT ( 'NONE',  ( 9.249999999999998224, -3.249999999999999556, 0.2500000000000000000 ) ) ;
#6711 = VERTEX_POINT ( 'NONE', #4559 ) ;
#6712 = AXIS2_PLACEMENT_3D ( 'NONE', #140, #2591, #6216 ) ;
#6713 = STYLED_ITEM ( 'NONE', ( #7819 ), #3852 ) ;
#6714 = CARTESIAN_POINT ( 'NONE',  ( 7.864218330839941373, 0.4999999999999995559, -9.500000000000000000 ) ) ;
#6715 = FACE_OUTER_BOUND ( 'NONE', #5839, .T. ) ;
#6716 = CIRCLE ( 'NONE', #340, 0.5000000000000000000 ) ;
#6717 = FACE_OUTER_BOUND ( 'NONE', #5889, .T. ) ;
#6718 = DIRECTION ( 'NONE',  ( -0.000000000000000000, -0.000000000000000000, -1.000000000000000000 ) ) ;
#6719 = ORIENTED_EDGE ( 'NONE', *, *, #2046, .F. ) ;
#6720 = VECTOR ( 'NONE', #5507, 1000.000000000000000 ) ;
#6721 = ORIENTED_EDGE ( 'NONE', *, *, #1739, .T. ) ;
#6722 = CIRCLE ( 'NONE', #345, 1.500000000000000444 ) ;
#6723 = ORIENTED_EDGE ( 'NONE', *, *, #3283, .T. ) ;
#6724 = CARTESIAN_POINT ( 'NONE',  ( 2.350000000000000089, 2.000000000000000000, 0.1000000000000000056 ) ) ;
#6725 = EDGE_CURVE ( 'NONE', #2537, #5112, #3312, .T. ) ;
#6726 = EDGE_CURVE ( 'NONE', #2786, #1384, #1811, .T. ) ;
#6727 = DIRECTION ( 'NONE',  ( 9.637352644315595243E-17, 0.000000000000000000, 1.000000000000000000 ) ) ;
#6728 = AXIS2_PLACEMENT_3D ( 'NONE', #3316, #1403, #763 ) ;
#6729 = DIRECTION ( 'NONE',  ( 1.000000000000000000, 0.000000000000000000, 0.000000000000000000 ) ) ;
#6730 = EDGE_LOOP ( 'NONE', ( #4754, #4141, #3967, #4149 ) ) ;
#6731 = EDGE_LOOP ( 'NONE', ( #1095, #1017, #4200, #3603 ) ) ;
#6732 = SHAPE_REPRESENTATION ( 'HEPI Housing', ( #1166 ), #1697 ) ;
#6733 = DIRECTION ( 'NONE',  ( 0.000000000000000000, -1.000000000000000000, 0.000000000000000000 ) ) ;
#6734 = CARTESIAN_POINT ( 'NONE',  ( 0.000000000000000000, 3.249999999999999556, 0.5000000000000000000 ) ) ;
#6735 = DIRECTION ( 'NONE',  ( 0.000000000000000000, 0.000000000000000000, 1.000000000000000000 ) ) ;
#6736 = LINE ( 'NONE', #658, #7102 ) ;
#6737 = FACE_OUTER_BOUND ( 'NONE', #6730, .T. ) ;
#6738 = ORIENTED_EDGE ( 'NONE', *, *, #668, .F. ) ;
#6739 = VECTOR ( 'NONE', #354, 1000.000000000000000 ) ;
#6740 = FACE_OUTER_BOUND ( 'NONE', #5122, .T. ) ;
#6741 = ORIENTED_EDGE ( 'NONE', *, *, #6571, .F. ) ;
#6742 = DIRECTION ( 'NONE',  ( 0.000000000000000000, 0.000000000000000000, -1.000000000000000000 ) ) ;
#6743 = AXIS2_PLACEMENT_3D ( 'NONE', #2297, #6522, #4126 ) ;
#6744 = CARTESIAN_POINT ( 'NONE',  ( 15.25000000000000178, -16.34050177399711501, 6.100000000000000533 ) ) ;
#6745 = CARTESIAN_POINT ( 'NONE',  ( -5.549999999999999822, 0.000000000000000000, 0.1000000000000000056 ) ) ;
#6746 = CARTESIAN_POINT ( 'NONE',  ( 6.570000000000000284, 3.069999999999998508, -0.5000000000000000000 ) ) ;
#6747 = DIRECTION ( 'NONE',  ( 0.000000000000000000, -1.000000000000000000, 0.000000000000000000 ) ) ;
#6748 = EDGE_CURVE ( 'NONE', #5411, #1414, #3272, .T. ) ;
#6749 = EDGE_LOOP ( 'NONE', ( #1967, #5230, #5847, #3044, #7852, #2538 ) ) ;
#6750 = AXIS2_PLACEMENT_3D ( 'NONE', #6801, #646, #1984 ) ;
#6751 = DIRECTION ( 'NONE',  ( 1.000000000000000000, 0.000000000000000000, 0.000000000000000000 ) ) ;
#6752 = VECTOR ( 'NONE', #795, 1000.000000000000000 ) ;
#6753 = LINE ( 'NONE', #600, #4204 ) ;
#6754 = ORIENTED_EDGE ( 'NONE', *, *, #7609, .F. ) ;
#6755 = PLANE ( 'NONE',  #4110 ) ;
#6756 = DIRECTION ( 'NONE',  ( -0.000000000000000000, -0.000000000000000000, -1.000000000000000000 ) ) ;
#6757 = CARTESIAN_POINT ( 'NONE',  ( 14.74999999999999822, 7.500000000000000000, 1.000000000000001110 ) ) ;
#6758 = EDGE_CURVE ( 'NONE', #6279, #5051, #2828, .T. ) ;
#6759 = LINE ( 'NONE', #843, #628 ) ;
#6760 = ORIENTED_EDGE ( 'NONE', *, *, #2542, .T. ) ;
#6761 = ORIENTED_EDGE ( 'NONE', *, *, #3237, .T. ) ;
#6762 = ORIENTED_EDGE ( 'NONE', *, *, #6821, .T. ) ;
#6763 = DIRECTION ( 'NONE',  ( 1.000000000000000000, 0.000000000000000000, 4.956352788505165240E-16 ) ) ;
#6764 = CARTESIAN_POINT ( 'NONE',  ( 7.864218330839943150, 0.4999999999999995559, 11.00000000000000000 ) ) ;
#6765 = LINE ( 'NONE', #7820, #4042 ) ;
#6766 = ADVANCED_FACE ( 'NONE', ( #5718 ), #2686, .F. ) ;
#6767 = ORIENTED_EDGE ( 'NONE', *, *, #5291, .T. ) ;
#6768 = EDGE_LOOP ( 'NONE', ( #745, #3200, #6318 ) ) ;
#6769 = DIRECTION ( 'NONE',  ( 0.000000000000000000, -1.000000000000000000, 0.000000000000000000 ) ) ;
#6770 = DIRECTION ( 'NONE',  ( 1.000000000000000000, 0.000000000000000000, -0.000000000000000000 ) ) ;
#6771 = FACE_OUTER_BOUND ( 'NONE', #7710, .T. ) ;
#6772 = FACE_OUTER_BOUND ( 'NONE', #1528, .T. ) ;
#6773 = ORIENTED_EDGE ( 'NONE', *, *, #3400, .F. ) ;
#6774 = EDGE_CURVE ( 'NONE', #6537, #3326, #357, .T. ) ;
#6775 = LINE ( 'NONE', #7304, #750 ) ;
#6776 = SHAPE_REPRESENTATION ( 'SiO2+SiPM+PTFE', ( #1773, #7770, #4312, #6999, #6229 ), #5595 ) ;
#6777 = ORIENTED_EDGE ( 'NONE', *, *, #6081, .T. ) ;
#6778 = DIRECTION ( 'NONE',  ( 0.000000000000000000, 0.000000000000000000, 1.000000000000000000 ) ) ;
#6779 = VECTOR ( 'NONE', #2798, 1000.000000000000000 ) ;
#6780 = DIRECTION ( 'NONE',  ( -0.000000000000000000, 1.000000000000000000, -0.000000000000000000 ) ) ;
#6781 = DIRECTION ( 'NONE',  ( 1.000000000000000000, 0.000000000000000000, -9.912705577010326782E-17 ) ) ;
#6782 = AXIS2_PLACEMENT_3D ( 'NONE', #6995, #5235, #2127 ) ;
#6783 = LINE ( 'NONE', #631, #593 ) ;
#6784 = ORIENTED_EDGE ( 'NONE', *, *, #5505, .F. ) ;
#6785 = CARTESIAN_POINT ( 'NONE',  ( 0.000000000000000000, 0.1750000000000000167, 0.000000000000000000 ) ) ;
#6786 = AXIS2_PLACEMENT_3D ( 'NONE', #5005, #7442, #1975 ) ;
#6787 = DIRECTION ( 'NONE',  ( -0.000000000000000000, 1.000000000000000000, 0.000000000000000000 ) ) ;
#6788 = ORIENTED_EDGE ( 'NONE', *, *, #5505, .T. ) ;
#6789 = VECTOR ( 'NONE', #5372, 1000.000000000000000 ) ;
#6790 = LINE ( 'NONE', #6114, #5634 ) ;
#6791 = CARTESIAN_POINT ( 'NONE',  ( 6.570000000000002061, 0.7500000000000000000, 3.070000000000000284 ) ) ;
#6792 = CYLINDRICAL_SURFACE ( 'NONE', #1236, 0.8000000000000009326 ) ;
#6793 = DIRECTION ( 'NONE',  ( 0.000000000000000000, 1.000000000000000000, 0.000000000000000000 ) ) ;
#6794 = VECTOR ( 'NONE', #3637, 1000.000000000000000 ) ;
#6795 = ORIENTED_EDGE ( 'NONE', *, *, #2923, .T. ) ;
#6796 = ORIENTED_EDGE ( 'NONE', *, *, #6239, .T. ) ;
#6797 = EDGE_CURVE ( 'NONE', #6519, #3279, #1161, .T. ) ;
#6798 = EDGE_CURVE ( 'NONE', #5774, #5763, #1559, .T. ) ;
#6799 = ORIENTED_EDGE ( 'NONE', *, *, #2964, .T. ) ;
#6800 = AXIS2_PLACEMENT_3D ( 'NONE', #6386, #5590, #2560 ) ;
#6801 = CARTESIAN_POINT ( 'NONE',  ( 3.700000000000000178, 0.000000000000000000, 0.000000000000000000 ) ) ;
#6802 = DIRECTION ( 'NONE',  ( -7.063206335410453318E-17, 1.000000000000000000, 0.000000000000000000 ) ) ;
#6803 = VECTOR ( 'NONE', #3697, 1000.000000000000000 ) ;
#6804 = CARTESIAN_POINT ( 'NONE',  ( 16.00000000000000000, 7.500000000000000000, -3.249999999999999112 ) ) ;
#6805 = DIRECTION ( 'NONE',  ( -0.000000000000000000, 1.000000000000000000, -0.000000000000000000 ) ) ;
#6806 = ORIENTED_EDGE ( 'NONE', *, *, #5631, .T. ) ;
#6807 = APPLICATION_PROTOCOL_DEFINITION ( 'draft international standard', 'automotive_design', 1998, #7311 ) ;
#6808 = PRODUCT_DEFINITION_SHAPE ( 'NONE', 'NONE',  #7922 ) ;
#6809 = ADVANCED_FACE ( 'NONE', ( #6587 ), #5989, .F. ) ;
#6810 = ORIENTED_EDGE ( 'NONE', *, *, #6258, .T. ) ;
#6811 = CARTESIAN_POINT ( 'NONE',  ( 6.050000000000000711, 2.000000000000000000, 0.1000000000000000056 ) ) ;
#6812 = CARTESIAN_POINT ( 'NONE',  ( -6.770000000000000462, -3.270000000000000462, -0.5000000000000000000 ) ) ;
#6813 = CARTESIAN_POINT ( 'NONE',  ( 6.770000000000000462, 0.000000000000000000, 3.270000000000000018 ) ) ;
#6814 = DIRECTION ( 'NONE',  ( 0.000000000000000000, 0.000000000000000000, -1.000000000000000000 ) ) ;
#6815 = CARTESIAN_POINT ( 'NONE',  ( -9.500000000000005329, 0.4999999999999995559, -9.500000000000000000 ) ) ;
#6816 = ORIENTED_EDGE ( 'NONE', *, *, #7809, .T. ) ;
#6817 = DIRECTION ( 'NONE',  ( 0.000000000000000000, 1.000000000000000000, 0.000000000000000000 ) ) ;
#6818 = ORIENTED_EDGE ( 'NONE', *, *, #3545, .T. ) ;
#6819 = CARTESIAN_POINT ( 'NONE',  ( 15.25000000000000178, 7.500000000000000000, -7.600000000000001421 ) ) ;
#6820 = CARTESIAN_POINT ( 'NONE',  ( 0.4300000000000014366, 0.1750000000000000167, -3.069999999999999840 ) ) ;
#6821 = EDGE_CURVE ( 'NONE', #1935, #2830, #6549, .T. ) ;
#6822 = ADVANCED_FACE ( 'NONE', ( #5275 ), #2248, .F. ) ;
#6823 = DIRECTION ( 'NONE',  ( 0.000000000000000000, 0.000000000000000000, 1.000000000000000000 ) ) ;
#6824 = ORIENTED_EDGE ( 'NONE', *, *, #3488, .T. ) ;
#6825 = DIRECTION ( 'NONE',  ( -0.000000000000000000, -0.000000000000000000, -1.000000000000000000 ) ) ;
#6826 = LINE ( 'NONE', #714, #2167 ) ;
#6827 = ORIENTED_EDGE ( 'NONE', *, *, #3484, .T. ) ;
#6828 = DIRECTION ( 'NONE',  ( 1.000000000000000000, 0.000000000000000000, 0.000000000000000000 ) ) ;
#6829 = CARTESIAN_POINT ( 'NONE',  ( 16.00000000000000000, 7.500000000000000000, -10.50000000000000355 ) ) ;
#6830 = DIRECTION ( 'NONE',  ( 0.000000000000000000, 0.000000000000000000, 1.000000000000000000 ) ) ;
#6831 = CIRCLE ( 'NONE', #7094, 0.5500000000000010436 ) ;
#6832 = FACE_OUTER_BOUND ( 'NONE', #6619, .T. ) ;
#6833 = ORIENTED_EDGE ( 'NONE', *, *, #491, .F. ) ;
#6834 = ORIENTED_EDGE ( 'NONE', *, *, #4225, .F. ) ;
#6835 = VECTOR ( 'NONE', #1913, 1000.000000000000000 ) ;
#6836 = AXIS2_PLACEMENT_3D ( 'NONE', #4607, #246, #4481 ) ;
#6837 = VERTEX_POINT ( 'NONE', #1071 ) ;
#6838 = CARTESIAN_POINT ( 'NONE',  ( -9.000000000000007105, 0.000000000000000000, 10.50000000000000000 ) ) ;
#6839 = LINE ( 'NONE', #1985, #2526 ) ;
#6840 = CARTESIAN_POINT ( 'NONE',  ( 16.00000000000000000, 0.000000000000000000, 9.000000000000000000 ) ) ;
#6841 = CARTESIAN_POINT ( 'NONE',  ( 16.00000000000000000, 0.4999999999999995559, -9.000000000000000000 ) ) ;
#6842 = AXIS2_PLACEMENT_3D ( 'NONE', #3778, #7504, #1463 ) ;
#6843 = AXIS2_PLACEMENT_3D ( 'NONE', #3031, #6029, #3709 ) ;
#6844 = PRODUCT_RELATED_PRODUCT_CATEGORY ( 'part', '', ( #7324 ) ) ;
#6845 = EDGE_CURVE ( 'NONE', #127, #5214, #3424, .T. ) ;
#6846 = VECTOR ( 'NONE', #2834, 1000.000000000000000 ) ;
#6847 = ORIENTED_EDGE ( 'NONE', *, *, #4740, .F. ) ;
#6848 = ITEM_DEFINED_TRANSFORMATION ( 'NONE', 'NONE', #7770,  #410 ) ;
#6849 = EDGE_LOOP ( 'NONE', ( #4929, #3611, #5762, #3873 ) ) ;
#6850 = CARTESIAN_POINT ( 'NONE',  ( 6.770000000000000462, 0.7500000000000000000, 3.270000000000000018 ) ) ;
#6851 = AXIS2_PLACEMENT_3D ( 'NONE', #5125, #283, #7560 ) ;
#6852 = CARTESIAN_POINT ( 'NONE',  ( -5.000000000000000000, 2.799999999999999822, 0.000000000000000000 ) ) ;
#6853 = VECTOR ( 'NONE', #1416, 1000.000000000000000 ) ;
#6854 = CARTESIAN_POINT ( 'NONE',  ( 9.499999999999998224, 3.249999999999999556, 0.2500000000000000000 ) ) ;
#6855 = CARTESIAN_POINT ( 'NONE',  ( -7.864218330839943150, 7.500000000000000000, -11.00000000000000000 ) ) ;
#6856 = DIRECTION ( 'NONE',  ( -1.326241189584715037E-16, 0.000000000000000000, -1.000000000000000000 ) ) ;
#6857 = EDGE_CURVE ( 'NONE', #1131, #5312, #394, .T. ) ;
#6858 = VERTEX_POINT ( 'NONE', #7079 ) ;
#6859 = AXIS2_PLACEMENT_3D ( 'NONE', #3706, #7346, #3142 ) ;
#6860 = ORIENTED_EDGE ( 'NONE', *, *, #521, .F. ) ;
#6861 = CARTESIAN_POINT ( 'NONE',  ( -6.770000000000003126, 3.500000000000000888, 0.000000000000000000 ) ) ;
#6862 = DIRECTION ( 'NONE',  ( 1.000000000000000000, 0.000000000000000000, 0.000000000000000000 ) ) ;
#6863 = CARTESIAN_POINT ( 'NONE',  ( 9.000000000000000000, 0.4999999999999995559, 9.000000000000000000 ) ) ;
#6864 = DIRECTION ( 'NONE',  ( -0.000000000000000000, 1.000000000000000000, 0.000000000000000000 ) ) ;
#6865 =( NAMED_UNIT ( * ) SI_UNIT ( $, .STERADIAN. ) SOLID_ANGLE_UNIT ( ) );
#6866 = VERTEX_POINT ( 'NONE', #2873 ) ;
#6867 = DIRECTION ( 'NONE',  ( -1.858632295689434870E-16, 0.000000000000000000, -1.000000000000000000 ) ) ;
#6868 = EDGE_CURVE ( 'NONE', #2889, #6553, #5254, .T. ) ;
#6869 = VECTOR ( 'NONE', #5752, 1000.000000000000000 ) ;
#6870 = CARTESIAN_POINT ( 'NONE',  ( -6.770000000000002238, -3.250000000000000000, 0.5000000000000000000 ) ) ;
#6871 = ORIENTED_EDGE ( 'NONE', *, *, #1210, .F. ) ;
#6872 = FACE_BOUND ( 'NONE', #6282, .T. ) ;
#6873 = CARTESIAN_POINT ( 'NONE',  ( 9.000000000000000000, 0.4999999999999995559, 9.799999999999998934 ) ) ;
#6874 = CARTESIAN_POINT ( 'NONE',  ( -8.604945506379110043, 7.500000000000000000, 9.695652173913043015 ) ) ;
#6875 = VECTOR ( 'NONE', #1464, 1000.000000000000000 ) ;
#6876 = FACE_OUTER_BOUND ( 'NONE', #6319, .T. ) ;
#6877 = VERTEX_POINT ( 'NONE', #516 ) ;
#6878 = CIRCLE ( 'NONE', #6499, 0.5000000000000004441 ) ;
#6879 = VERTEX_POINT ( 'NONE', #7713 ) ;
#6880 = EDGE_CURVE ( 'NONE', #4303, #3326, #7118, .T. ) ;
#6881 = ORIENTED_EDGE ( 'NONE', *, *, #4282, .T. ) ;
#6882 = AXIS2_PLACEMENT_3D ( 'NONE', #4967, #5641, #4363 ) ;
#6883 = ORIENTED_EDGE ( 'NONE', *, *, #209, .T. ) ;
#6884 = FACE_OUTER_BOUND ( 'NONE', #3522, .T. ) ;
#6885 = CARTESIAN_POINT ( 'NONE',  ( 3.700000000000000178, -2.000000000000000000, 0.1000000000000000056 ) ) ;
#6886 = PLANE ( 'NONE',  #1312 ) ;
#6887 = CARTESIAN_POINT ( 'NONE',  ( 9.500000000000000000, -16.34050177399711501, 7.600000000000000533 ) ) ;
#6888 = ORIENTED_EDGE ( 'NONE', *, *, #3995, .F. ) ;
#6889 = ORIENTED_EDGE ( 'NONE', *, *, #1642, .T. ) ;
#6890 = DIRECTION ( 'NONE',  ( 0.000000000000000000, 0.000000000000000000, 1.000000000000000000 ) ) ;
#6891 = PLANE ( 'NONE',  #2339 ) ;
#6892 = CARTESIAN_POINT ( 'NONE',  ( 0.4300000000000014366, 0.1750000000000000167, -3.069999999999999840 ) ) ;
#6893 = FACE_OUTER_BOUND ( 'NONE', #5388, .T. ) ;
#6894 = VERTEX_POINT ( 'NONE', #7194 ) ;
#6895 = ORIENTED_EDGE ( 'NONE', *, *, #6758, .T. ) ;
#6896 = EDGE_CURVE ( 'NONE', #309, #2195, #951, .T. ) ;
#6897 = EDGE_CURVE ( 'NONE', #135, #5406, #2289, .T. ) ;
#6898 = DIRECTION ( 'NONE',  ( 0.000000000000000000, 0.000000000000000000, 1.000000000000000000 ) ) ;
#6899 = EDGE_CURVE ( 'NONE', #4652, #2384, #4155, .T. ) ;
#6900 = APPLICATION_CONTEXT ( 'automotive_design' ) ;
#6901 = CARTESIAN_POINT ( 'NONE',  ( -6.770000000000002238, -3.499999999999999112, 0.2500000000000000000 ) ) ;
#6902 = LINE ( 'NONE', #4507, #6161 ) ;
#6903 = CARTESIAN_POINT ( 'NONE',  ( -1.849999999999999645, -2.000000000000000000, 0.1000000000000000056 ) ) ;
#6904 = LINE ( 'NONE', #153, #2528 ) ;
#6905 = EDGE_LOOP ( 'NONE', ( #1049, #7803, #7141, #2190 ) ) ;
#6906 = CARTESIAN_POINT ( 'NONE',  ( -6.000000000000000000, 2.799999999999999822, 0.1000000000000000056 ) ) ;
#6907 = VECTOR ( 'NONE', #4318, 1000.000000000000000 ) ;
#6908 = DIRECTION ( 'NONE',  ( 0.000000000000000000, 0.000000000000000000, -1.000000000000000000 ) ) ;
#6909 = EDGE_LOOP ( 'NONE', ( #1111, #5869, #1803, #7567 ) ) ;
#6910 = EDGE_CURVE ( 'NONE', #2059, #6660, #4079, .T. ) ;
#6911 = DIRECTION ( 'NONE',  ( 1.000000000000000000, 0.000000000000000000, 0.000000000000000000 ) ) ;
#6912 = CARTESIAN_POINT ( 'NONE',  ( -12.00000000000000533, 0.000000000000000000, 3.000000000000003997 ) ) ;
#6913 = CYLINDRICAL_SURFACE ( 'NONE', #6205, 0.4999999999999997780 ) ;
#6914 = FACE_OUTER_BOUND ( 'NONE', #2038, .T. ) ;
#6915 = ADVANCED_FACE ( 'NONE', ( #6514 ), #2916, .F. ) ;
#6916 = STYLED_ITEM ( 'NONE', ( #3359 ), #6401 ) ;
#6917 = VECTOR ( 'NONE', #7758, 1000.000000000000000 ) ;
#6918 = ORIENTED_EDGE ( 'NONE', *, *, #7249, .T. ) ;
#6919 = VECTOR ( 'NONE', #4059, 1000.000000000000000 ) ;
#6920 = ORIENTED_EDGE ( 'NONE', *, *, #4660, .F. ) ;
#6921 = EDGE_LOOP ( 'NONE', ( #5934, #1432, #5405, #442 ) ) ;
#6922 = CARTESIAN_POINT ( 'NONE',  ( 15.50000000000000178, 0.000000000000000000, 6.050000000000000711 ) ) ;
#6923 = DIRECTION ( 'NONE',  ( -0.000000000000000000, -0.000000000000000000, -1.000000000000000000 ) ) ;
#6924 = DIRECTION ( 'NONE',  ( -1.000000000000000000, 0.000000000000000000, -4.956352788505166226E-16 ) ) ;
#6925 = ADVANCED_FACE ( 'NONE', ( #3459 ), #4756, .T. ) ;
#6926 = AXIS2_PLACEMENT_3D ( 'NONE', #3399, #5923, #1083 ) ;
#6927 = ADVANCED_FACE ( 'NONE', ( #5355 ), #2521, .F. ) ;
#6928 = DIRECTION ( 'NONE',  ( 1.000000000000000000, 0.000000000000000000, -0.000000000000000000 ) ) ;
#6929 = ORIENTED_EDGE ( 'NONE', *, *, #7345, .F. ) ;
#6930 = CIRCLE ( 'NONE', #7575, 0.5000000000000004441 ) ;
#6931 = ORIENTED_EDGE ( 'NONE', *, *, #5506, .F. ) ;
#6932 = AXIS2_PLACEMENT_3D ( 'NONE', #6540, #1101, #5377 ) ;
#6933 = CARTESIAN_POINT ( 'NONE',  ( 6.570000000000001172, 0.7500000000000000000, -3.069999999999999840 ) ) ;
#6934 = CARTESIAN_POINT ( 'NONE',  ( 16.00000000000000000, 0.4999999999999995559, -9.000000000000000000 ) ) ;
#6935 = DIRECTION ( 'NONE',  ( 0.000000000000000000, 0.000000000000000000, 1.000000000000000000 ) ) ;
#6936 = CIRCLE ( 'NONE', #4894, 0.5000000000000000000 ) ;
#6937 = CARTESIAN_POINT ( 'NONE',  ( -9.500000000000001776, 3.499999999999999556, 0.2500000000000002220 ) ) ;
#6938 = AXIS2_PLACEMENT_3D ( 'NONE', #6426, #7068, #4596 ) ;
#6939 = ORIENTED_EDGE ( 'NONE', *, *, #1932, .T. ) ;
#6940 = ORIENTED_EDGE ( 'NONE', *, *, #1473, .T. ) ;
#6941 = CARTESIAN_POINT ( 'NONE',  ( 3.700000000000000178, 2.000000000000000000, 0.1000000000000000056 ) ) ;
#6942 = DIRECTION ( 'NONE',  ( 0.000000000000000000, 0.000000000000000000, 1.000000000000000000 ) ) ;
#6943 = FACE_OUTER_BOUND ( 'NONE', #6749, .T. ) ;
#6944 = CARTESIAN_POINT ( 'NONE',  ( -9.000000000000000000, 6.000000000000000000, -9.000000000000001776 ) ) ;
#6945 = DIRECTION ( 'NONE',  ( 0.000000000000000000, 0.000000000000000000, 1.000000000000000000 ) ) ;
#6946 = ORIENTED_EDGE ( 'NONE', *, *, #2488, .T. ) ;
#6947 = ADVANCED_FACE ( 'NONE', ( #6142 ), #6106, .F. ) ;
#6948 = EDGE_CURVE ( 'NONE', #537, #431, #7347, .T. ) ;
#6949 = FACE_OUTER_BOUND ( 'NONE', #4356, .T. ) ;
#6950 = CARTESIAN_POINT ( 'NONE',  ( 0.4300000000000014366, 0.7500000000000000000, -3.069999999999999840 ) ) ;
#6951 = VERTEX_POINT ( 'NONE', #5466 ) ;
#6952 = FACE_OUTER_BOUND ( 'NONE', #3297, .T. ) ;
#6953 = CARTESIAN_POINT ( 'NONE',  ( 0.000000000000000000, -3.249999999999999556, 0.5000000000000000000 ) ) ;
#6954 = CARTESIAN_POINT ( 'NONE',  ( -9.250000000000001776, -3.499999999999999556, 0.2500000000000000000 ) ) ;
#6955 = PLANE ( 'NONE',  #2222 ) ;
#6956 = LINE ( 'NONE', #1648, #6502 ) ;
#6957 = ORIENTED_EDGE ( 'NONE', *, *, #5075, .F. ) ;
#6958 = ADVANCED_FACE ( 'NONE', ( #630 ), #2400, .T. ) ;
#6959 = VERTEX_POINT ( 'NONE', #4836 ) ;
#6960 = EDGE_LOOP ( 'NONE', ( #2525, #756, #6084, #3466 ) ) ;
#6961 = ORIENTED_EDGE ( 'NONE', *, *, #7638, .T. ) ;
#6962 = AXIS2_PLACEMENT_3D ( 'NONE', #2106, #4532, #688 ) ;
#6963 = DIRECTION ( 'NONE',  ( 1.000000000000000000, 1.239088197126291063E-16, 0.000000000000000000 ) ) ;
#6964 = DIRECTION ( 'NONE',  ( 1.000000000000000000, 0.000000000000000000, 0.000000000000000000 ) ) ;
#6965 = CARTESIAN_POINT ( 'NONE',  ( 9.249999999999998224, 3.249999999999999556, -18.25000000000000000 ) ) ;
#6966 = DIRECTION ( 'NONE',  ( -0.000000000000000000, 1.000000000000000000, 0.000000000000000000 ) ) ;
#6967 = VECTOR ( 'NONE', #5749, 1000.000000000000000 ) ;
#6968 = VECTOR ( 'NONE', #5242, 1000.000000000000000 ) ;
#6969 = ORIENTED_EDGE ( 'NONE', *, *, #6948, .F. ) ;
#6970 = EDGE_CURVE ( 'NONE', #546, #6109, #4954, .T. ) ;
#6971 = VERTEX_POINT ( 'NONE', #6626 ) ;
#6972 = EDGE_CURVE ( 'NONE', #4625, #335, #3030, .T. ) ;
#6973 = DIRECTION ( 'NONE',  ( 1.000000000000000000, 0.000000000000000000, 0.000000000000000000 ) ) ;
#6974 = LINE ( 'NONE', #7617, #681 ) ;
#6975 = AXIS2_PLACEMENT_3D ( 'NONE', #381, #5296, #2784 ) ;
#6976 = CIRCLE ( 'NONE', #1748, 0.5000000000000000000 ) ;
#6977 = CARTESIAN_POINT ( 'NONE',  ( -6.000000000000000000, 2.799999999999999822, 0.1000000000000000056 ) ) ;
#6978 = AXIS2_PLACEMENT_3D ( 'NONE', #6585, #1760, #2987 ) ;
#6979 = CARTESIAN_POINT ( 'NONE',  ( -4.299999999999999822, 2.799999999999998490, 0.000000000000000000 ) ) ;
#6980 = ORIENTED_EDGE ( 'NONE', *, *, #5165, .F. ) ;
#6981 = AXIS2_PLACEMENT_3D ( 'NONE', #4273, #5393, #4838 ) ;
#6982 = ORIENTED_EDGE ( 'NONE', *, *, #1982, .F. ) ;
#6983 = ADVANCED_FACE ( 'NONE', ( #1149 ), #7920, .T. ) ;
#6984 = VECTOR ( 'NONE', #5139, 1000.000000000000000 ) ;
#6985 = SURFACE_SIDE_STYLE ('',( #4595 ) ) ;
#6986 = CARTESIAN_POINT ( 'NONE',  ( 1.850000000000000311, 2.000000000000000000, 0.000000000000000000 ) ) ;
#6987 = CARTESIAN_POINT ( 'NONE',  ( 16.00000000000000000, 0.000000000000000000, -7.950000000000000178 ) ) ;
#6988 = CARTESIAN_POINT ( 'NONE',  ( -5.549999999999999822, -2.000000000000000000, 0.000000000000000000 ) ) ;
#6989 = ORIENTED_EDGE ( 'NONE', *, *, #7444, .T. ) ;
#6990 = AXIS2_PLACEMENT_3D ( 'NONE', #7204, #1731, #3788 ) ;
#6991 = CARTESIAN_POINT ( 'NONE',  ( 9.000000000000000000, 7.500000000000000000, -9.000000000000000000 ) ) ;
#6992 = PLANE ( 'NONE',  #5736 ) ;
#6993 = ORIENTED_EDGE ( 'NONE', *, *, #1454, .F. ) ;
#6994 = FACE_BOUND ( 'NONE', #7466, .T. ) ;
#6995 = CARTESIAN_POINT ( 'NONE',  ( 1.850000000000000311, 2.000000000000000000, 0.1000000000000000056 ) ) ;
#6996 = EDGE_CURVE ( 'NONE', #1654, #1316, #6930, .T. ) ;
#6997 = FACE_BOUND ( 'NONE', #3126, .T. ) ;
#6998 = DIRECTION ( 'NONE',  ( -1.000000000000000000, 0.000000000000000000, 0.000000000000000000 ) ) ;
#6999 = AXIS2_PLACEMENT_3D ( 'NONE', #574, #2427, #617 ) ;
#7000 = DIRECTION ( 'NONE',  ( 0.000000000000000000, 1.000000000000000000, 0.000000000000000000 ) ) ;
#7001 = ORIENTED_EDGE ( 'NONE', *, *, #1853, .F. ) ;
#7002 = ORIENTED_EDGE ( 'NONE', *, *, #1593, .F. ) ;
#7003 = AXIS2_PLACEMENT_3D ( 'NONE', #240, #196, #5672 ) ;
#7004 = SHAPE_DEFINITION_REPRESENTATION ( #1459, #5154 ) ;
#7005 = DIRECTION ( 'NONE',  ( -1.000000000000000000, -0.000000000000000000, -0.000000000000000000 ) ) ;
#7006 = ORIENTED_EDGE ( 'NONE', *, *, #7640, .T. ) ;
#7007 = DIRECTION ( 'NONE',  ( 0.000000000000000000, -1.000000000000000000, 0.000000000000000000 ) ) ;
#7008 = EDGE_CURVE ( 'NONE', #3928, #7881, #6064, .T. ) ;
#7009 = DIRECTION ( 'NONE',  ( -0.000000000000000000, -1.000000000000000000, -0.000000000000000000 ) ) ;
#7010 = EDGE_CURVE ( 'NONE', #7386, #7643, #2989, .T. ) ;
#7011 = AXIS2_PLACEMENT_3D ( 'NONE', #103, #6817, #3782 ) ;
#7012 = DIRECTION ( 'NONE',  ( -0.000000000000000000, 1.000000000000000000, -0.000000000000000000 ) ) ;
#7013 = DIRECTION ( 'NONE',  ( 1.000000000000000000, 0.000000000000000000, 0.000000000000000000 ) ) ;
#7014 = AXIS2_PLACEMENT_3D ( 'NONE', #5446, #1817, #3120 ) ;
#7015 = EDGE_LOOP ( 'NONE', ( #4839, #1779 ) ) ;
#7016 = CIRCLE ( 'NONE', #4718, 1.500000000000000000 ) ;
#7017 = ORIENTED_EDGE ( 'NONE', *, *, #3016, .T. ) ;
#7018 = CYLINDRICAL_SURFACE ( 'NONE', #4562, 1.499999999999999556 ) ;
#7019 = FACE_OUTER_BOUND ( 'NONE', #520, .T. ) ;
#7020 = CYLINDRICAL_SURFACE ( 'NONE', #7741, 0.5000000000000004441 ) ;
#7021 = ADVANCED_FACE ( 'NONE', ( #1191 ), #7876, .F. ) ;
#7022 = ORIENTED_EDGE ( 'NONE', *, *, #165, .T. ) ;
#7023 = ORIENTED_EDGE ( 'NONE', *, *, #2201, .F. ) ;
#7024 = VERTEX_POINT ( 'NONE', #4231 ) ;
#7025 = DIRECTION ( 'NONE',  ( 0.000000000000000000, 0.000000000000000000, 1.000000000000000000 ) ) ;
#7026 = CARTESIAN_POINT ( 'NONE',  ( 9.695652173913041239, 7.500000000000000000, -8.604945506379106490 ) ) ;
#7027 = DIRECTION ( 'NONE',  ( 0.000000000000000000, 1.000000000000000000, 0.000000000000000000 ) ) ;
#7028 = CARTESIAN_POINT ( 'NONE',  ( 15.25000000000000178, 0.5000000000000004441, 7.599999999999999645 ) ) ;
#7029 = ADVANCED_FACE ( 'NONE', ( #6664 ), #589, .F. ) ;
#7030 = ORIENTED_EDGE ( 'NONE', *, *, #1045, .F. ) ;
#7031 = LINE ( 'NONE', #5790, #7773 ) ;
#7032 = DIRECTION ( 'NONE',  ( 0.000000000000000000, 1.000000000000000000, 0.000000000000000000 ) ) ;
#7033 = ORIENTED_EDGE ( 'NONE', *, *, #6797, .T. ) ;
#7034 = DIRECTION ( 'NONE',  ( -0.000000000000000000, 1.000000000000000000, -0.000000000000000000 ) ) ;
#7035 = PLANE ( 'NONE',  #279 ) ;
#7036 = FACE_BOUND ( 'NONE', #2555, .T. ) ;
#7037 = DIRECTION ( 'NONE',  ( -0.000000000000000000, -0.000000000000000000, -1.000000000000000000 ) ) ;
#7038 = FACE_OUTER_BOUND ( 'NONE', #4069, .T. ) ;
#7039 = ORIENTED_EDGE ( 'NONE', *, *, #3632, .F. ) ;
#7040 = AXIS2_PLACEMENT_3D ( 'NONE', #437, #7156, #5314 ) ;
#7041 = ORIENTED_EDGE ( 'NONE', *, *, #4197, .T. ) ;
#7042 = ITEM_DEFINED_TRANSFORMATION ( 'NONE', 'NONE', #4312,  #1166 ) ;
#7043 = SHAPE_REPRESENTATION ( 'SiO2 Radiator', ( #1166 ), #2910 ) ;
#7044 = CARTESIAN_POINT ( 'NONE',  ( -0.4299999999999991607, 0.1750000000000000167, 3.070000000000000284 ) ) ;
#7045 = ORIENTED_EDGE ( 'NONE', *, *, #5407, .T. ) ;
#7046 = CARTESIAN_POINT ( 'NONE',  ( 3.700000000000000178, 0.000000000000000000, 0.000000000000000000 ) ) ;
#7047 = DIRECTION ( 'NONE',  ( 0.000000000000000000, -1.000000000000000000, 0.000000000000000000 ) ) ;
#7048 = CIRCLE ( 'NONE', #408, 0.5000000000000000000 ) ;
#7049 = DIRECTION ( 'NONE',  ( -0.000000000000000000, -0.000000000000000000, -1.000000000000000000 ) ) ;
#7050 = CIRCLE ( 'NONE', #1558, 0.8000000000000003775 ) ;
#7051 = FACE_OUTER_BOUND ( 'NONE', #7591, .T. ) ;
#7052 = EDGE_CURVE ( 'NONE', #4387, #5879, #3667, .T. ) ;
#7053 = EDGE_CURVE ( 'NONE', #3881, #7408, #2728, .T. ) ;
#7054 = ORIENTED_EDGE ( 'NONE', *, *, #6011, .F. ) ;
#7055 = CIRCLE ( 'NONE', #7437, 0.5000000000000000000 ) ;
#7056 = EDGE_LOOP ( 'NONE', ( #4811, #2226, #6546, #3409 ) ) ;
#7057 = CARTESIAN_POINT ( 'NONE',  ( 9.695652173913041239, 0.4999999999999995559, -8.604945506379106490 ) ) ;
#7058 = AXIS2_PLACEMENT_3D ( 'NONE', #3251, #4585, #7461 ) ;
#7059 = CARTESIAN_POINT ( 'NONE',  ( 1.850000000000000311, 2.000000000000000000, 0.1000000000000000056 ) ) ;
#7060 = CARTESIAN_POINT ( 'NONE',  ( 5.049999999999999822, 2.000000000000000000, 0.1000000000000000056 ) ) ;
#7061 = APPLICATION_CONTEXT ( 'automotive_design' ) ;
#7062 = ORIENTED_EDGE ( 'NONE', *, *, #2244, .T. ) ;
#7063 = VECTOR ( 'NONE', #1675, 1000.000000000000000 ) ;
#7064 = ORIENTED_EDGE ( 'NONE', *, *, #3589, .T. ) ;
#7065 = EDGE_CURVE ( 'NONE', #5051, #159, #5546, .T. ) ;
#7066 = VECTOR ( 'NONE', #2885, 1000.000000000000000 ) ;
#7067 = EDGE_LOOP ( 'NONE', ( #4389, #1848, #6051, #7785 ) ) ;
#7068 = DIRECTION ( 'NONE',  ( 0.000000000000000000, 1.000000000000000000, 0.000000000000000000 ) ) ;
#7069 = CARTESIAN_POINT ( 'NONE',  ( -6.050000000000000711, 0.000000000000000000, 0.000000000000000000 ) ) ;
#7070 = VECTOR ( 'NONE', #347, 1000.000000000000000 ) ;
#7071 = CIRCLE ( 'NONE', #3610, 0.5000000000000004441 ) ;
#7072 = DIRECTION ( 'NONE',  ( 0.000000000000000000, 0.000000000000000000, 1.000000000000000000 ) ) ;
#7073 = EDGE_LOOP ( 'NONE', ( #1650, #2149 ) ) ;
#7074 = CARTESIAN_POINT ( 'NONE',  ( -4.299999999999999822, 2.799999999999998490, 0.1000000000000000056 ) ) ;
#7075 = EDGE_CURVE ( 'NONE', #7164, #3153, #705, .T. ) ;
#7076 = DIRECTION ( 'NONE',  ( 1.000000000000000000, 0.000000000000000000, -0.000000000000000000 ) ) ;
#7077 = ORIENTED_EDGE ( 'NONE', *, *, #1897, .F. ) ;
#7078 = EDGE_CURVE ( 'NONE', #2267, #60, #3222, .T. ) ;
#7079 = CARTESIAN_POINT ( 'NONE',  ( 15.49999999999999822, 0.4999999999999995559, -1.749999999999999556 ) ) ;
#7080 = FACE_OUTER_BOUND ( 'NONE', #586, .T. ) ;
#7081 = CARTESIAN_POINT ( 'NONE',  ( -7.864218330839943150, 0.4999999999999995559, -11.00000000000000000 ) ) ;
#7082 = LINE ( 'NONE', #2801, #2144 ) ;
#7083 = CARTESIAN_POINT ( 'NONE',  ( 3.299999999999999378, -1.199999999999998845, 0.1000000000000000056 ) ) ;
#7084 = ORIENTED_EDGE ( 'NONE', *, *, #6970, .F. ) ;
#7085 = ORIENTED_EDGE ( 'NONE', *, *, #4776, .F. ) ;
#7086 = SHAPE_DEFINITION_REPRESENTATION ( #1906, #1843 ) ;
#7087 = DIRECTION ( 'NONE',  ( 0.000000000000000000, 1.000000000000000000, 0.000000000000000000 ) ) ;
#7088 = ORIENTED_EDGE ( 'NONE', *, *, #3245, .F. ) ;
#7089 =( NAMED_UNIT ( * ) SI_UNIT ( $, .STERADIAN. ) SOLID_ANGLE_UNIT ( ) );
#7090 = CARTESIAN_POINT ( 'NONE',  ( -16.00000000000000000, 7.500000000000000000, 1.500000000000001998 ) ) ;
#7091 = CARTESIAN_POINT ( 'NONE',  ( 16.00000000000000000, 7.500000000000000000, 8.999999999999998224 ) ) ;
#7092 = CARTESIAN_POINT ( 'NONE',  ( 15.50000000000000178, 0.000000000000000000, -3.799999999999999822 ) ) ;
#7093 = VERTEX_POINT ( 'NONE', #905 ) ;
#7094 = AXIS2_PLACEMENT_3D ( 'NONE', #6373, #5289, #7654 ) ;
#7095 = ORIENTED_EDGE ( 'NONE', *, *, #303, .F. ) ;
#7096 = CYLINDRICAL_SURFACE ( 'NONE', #4881, 0.4999999999999997780 ) ;
#7097 = ADVANCED_FACE ( 'NONE', ( #5668 ), #192, .F. ) ;
#7098 = EDGE_CURVE ( 'NONE', #4652, #6669, #2677, .T. ) ;
#7099 = ADVANCED_FACE ( 'NONE', ( #7512 ), #2043, .F. ) ;
#7100 =( NAMED_UNIT ( * ) PLANE_ANGLE_UNIT ( ) SI_UNIT ( $, .RADIAN. ) );
#7101 = CARTESIAN_POINT ( 'NONE',  ( 16.00000000000000000, 0.000000000000000000, 10.04999999999999893 ) ) ;
#7102 = VECTOR ( 'NONE', #5538, 1000.000000000000000 ) ;
#7103 = VERTEX_POINT ( 'NONE', #2598 ) ;
#7104 = ORIENTED_EDGE ( 'NONE', *, *, #5173, .F. ) ;
#7105 = CIRCLE ( 'NONE', #5064, 1.049999999999998934 ) ;
#7106 = CIRCLE ( 'NONE', #4935, 0.5000000000000000000 ) ;
#7107 = LINE ( 'NONE', #5863, #7838 ) ;
#7108 = DIRECTION ( 'NONE',  ( 0.000000000000000000, 0.000000000000000000, 1.000000000000000000 ) ) ;
#7109 = EDGE_CURVE ( 'NONE', #5817, #4761, #4470, .T. ) ;
#7110 = DIRECTION ( 'NONE',  ( 0.000000000000000000, 0.000000000000000000, 1.000000000000000000 ) ) ;
#7111 = ORIENTED_EDGE ( 'NONE', *, *, #6899, .T. ) ;
#7112 = AXIS2_PLACEMENT_3D ( 'NONE', #5424, #4232, #112 ) ;
#7113 = LINE ( 'NONE', #6510, #4315 ) ;
#7114 = CIRCLE ( 'NONE', #7887, 0.8000000000000020428 ) ;
#7115 = ORIENTED_EDGE ( 'NONE', *, *, #5604, .T. ) ;
#7116 = CARTESIAN_POINT ( 'NONE',  ( 14.74999999999999822, -16.34050177399711501, -2.499999999999999556 ) ) ;
#7117 = EDGE_LOOP ( 'NONE', ( #6185, #1587, #5498, #302 ) ) ;
#7118 = LINE ( 'NONE', #3996, #1037 ) ;
#7119 = LINE ( 'NONE', #1645, #2078 ) ;
#7120 = CARTESIAN_POINT ( 'NONE',  ( -6.769999999999998685, 0.7500000000000000000, -3.270000000000000018 ) ) ;
#7121 = CARTESIAN_POINT ( 'NONE',  ( 15.50000000000000178, 0.4999999999999995559, 3.799999999999999822 ) ) ;
#7122 = CARTESIAN_POINT ( 'NONE',  ( 17.50000000000000355, 0.000000000000000000, -9.000000000000000000 ) ) ;
#7123 = ORIENTED_EDGE ( 'NONE', *, *, #6571, .T. ) ;
#7124 = EDGE_CURVE ( 'NONE', #7655, #962, #6902, .T. ) ;
#7125 = VERTEX_POINT ( 'NONE', #7589 ) ;
#7126 = DIRECTION ( 'NONE',  ( 0.000000000000000000, 0.000000000000000000, -1.000000000000000000 ) ) ;
#7127 = ORIENTED_EDGE ( 'NONE', *, *, #3796, .F. ) ;
#7128 = DIRECTION ( 'NONE',  ( 0.000000000000000000, 0.000000000000000000, 1.000000000000000000 ) ) ;
#7129 = CARTESIAN_POINT ( 'NONE',  ( -16.00000000000000000, 7.500000000000000000, 1.734723475976807094E-15 ) ) ;
#7130 = CARTESIAN_POINT ( 'NONE',  ( 15.50000000000000178, 0.000000000000000000, 5.500000000000000000 ) ) ;
#7131 = PLANE ( 'NONE',  #1996 ) ;
#7132 = CLOSED_SHELL ( 'NONE', ( #712, #6809, #7315, #7891, #5753, #5642, #4311, #7593, #862, #7021, #4131, #3332, #724, #5098, #3531, #5926, #3982, #6670, #6259, #2962, #5396, #4781, #6068, #82, #2150, #3401, #5810, #7151, #2462, #5787, #6822, #3183, #3374, #407, #5483, #3085, #4262, #2967, #3304, #5980, #2804, #3060, #6462, #7167, #3495, #4911, #606, #2073, #7890, #5528, #1394, #4580, #1957, #3723, #2091, #2335, #7684, #3331, #4530, #4162, #5587, #1909, #352, #4827, #2185, #3417, #5854 ) ) ;
#7133 = ADVANCED_FACE ( 'NONE', ( #6943 ), #1426, .F. ) ;
#7134 = ORIENTED_EDGE ( 'NONE', *, *, #6269, .T. ) ;
#7135 = ORIENTED_EDGE ( 'NONE', *, *, #2671, .F. ) ;
#7136 = VECTOR ( 'NONE', #4797, 1000.000000000000000 ) ;
#7137 = DIRECTION ( 'NONE',  ( -1.000000000000000000, 0.000000000000000000, 0.000000000000000000 ) ) ;
#7138 =( LENGTH_UNIT ( ) NAMED_UNIT ( * ) SI_UNIT ( .MILLI., .METRE. ) );
#7139 = PLANE ( 'NONE',  #75 ) ;
#7140 = VECTOR ( 'NONE', #882, 1000.000000000000000 ) ;
#7141 = ORIENTED_EDGE ( 'NONE', *, *, #1596, .F. ) ;
#7142 = AXIS2_PLACEMENT_3D ( 'NONE', #5956, #2331, #4766 ) ;
#7143 = VERTEX_POINT ( 'NONE', #752 ) ;
#7144 = ORIENTED_EDGE ( 'NONE', *, *, #937, .T. ) ;
#7145 = AXIS2_PLACEMENT_3D ( 'NONE', #5761, #4683, #955 ) ;
#7146 = CARTESIAN_POINT ( 'NONE',  ( 17.50000000000000355, 0.000000000000000000, -9.000000000000000000 ) ) ;
#7147 = DIRECTION ( 'NONE',  ( -0.000000000000000000, -0.000000000000000000, -1.000000000000000000 ) ) ;
#7148 = CARTESIAN_POINT ( 'NONE',  ( -10.50000000000000533, 0.000000000000000000, 9.000000000000001776 ) ) ;
#7149 = ORIENTED_EDGE ( 'NONE', *, *, #2247, .F. ) ;
#7150 = DIRECTION ( 'NONE',  ( 0.000000000000000000, 1.000000000000000000, -0.000000000000000000 ) ) ;
#7151 = ADVANCED_FACE ( 'NONE', ( #5115 ), #1392, .F. ) ;
#7152 = EDGE_CURVE ( 'NONE', #1146, #6206, #2348, .T. ) ;
#7153 = ORIENTED_EDGE ( 'NONE', *, *, #4401, .F. ) ;
#7154 = DIRECTION ( 'NONE',  ( -1.084202172485504927E-16, 1.000000000000000000, 0.000000000000000000 ) ) ;
#7155 = ORIENTED_EDGE ( 'NONE', *, *, #936, .T. ) ;
#7156 = DIRECTION ( 'NONE',  ( 0.000000000000000000, -1.000000000000000000, 0.000000000000000000 ) ) ;
#7157 = FACE_OUTER_BOUND ( 'NONE', #7775, .T. ) ;
#7158 = CARTESIAN_POINT ( 'NONE',  ( -0.4300000000000025469, 3.070000000000000284, -1.074999999999999956 ) ) ;
#7159 = CARTESIAN_POINT ( 'NONE',  ( 4.299999999999999822, 2.799999999999999378, 0.000000000000000000 ) ) ;
#7160 = ORIENTED_EDGE ( 'NONE', *, *, #6681, .F. ) ;
#7161 = ORIENTED_EDGE ( 'NONE', *, *, #713, .F. ) ;
#7162 = EDGE_CURVE ( 'NONE', #5204, #1641, #867, .T. ) ;
#7163 = CARTESIAN_POINT ( 'NONE',  ( 16.00000000000000000, 7.500000000000000000, -9.000000000000005329 ) ) ;
#7164 = VERTEX_POINT ( 'NONE', #6304 ) ;
#7165 = DIRECTION ( 'NONE',  ( 0.000000000000000000, 0.000000000000000000, 1.000000000000000000 ) ) ;
#7166 = DIRECTION ( 'NONE',  ( -4.956352788505165240E-16, 0.000000000000000000, 1.000000000000000000 ) ) ;
#7167 = ADVANCED_FACE ( 'NONE', ( #827 ), #3833, .F. ) ;
#7168 = CARTESIAN_POINT ( 'NONE',  ( -7.864218330839943150, 7.500000000000000000, 9.500000000000000000 ) ) ;
#7169 = DIRECTION ( 'NONE',  ( 0.000000000000000000, 0.000000000000000000, 1.000000000000000000 ) ) ;
#7170 = EDGE_LOOP ( 'NONE', ( #6310, #7837, #3566, #251 ) ) ;
#7171 = VERTEX_POINT ( 'NONE', #6987 ) ;
#7172 = CIRCLE ( 'NONE', #649, 1.500000000000000000 ) ;
#7173 = ADVANCED_FACE ( 'NONE', ( #111 ), #1516, .T. ) ;
#7174 = AXIS2_PLACEMENT_3D ( 'NONE', #1560, #3383, #5834 ) ;
#7175 = ADVANCED_FACE ( 'NONE', ( #5708 ), #1963, .F. ) ;
#7176 = DIRECTION ( 'NONE',  ( 0.000000000000000000, 1.000000000000000000, 0.000000000000000000 ) ) ;
#7177 = FILL_AREA_STYLE_COLOUR ( '', #208 ) ;
#7178 = DIRECTION ( 'NONE',  ( 0.000000000000000000, 0.000000000000000000, -1.000000000000000000 ) ) ;
#7179 = VERTEX_POINT ( 'NONE', #6223 ) ;
#7180 = CIRCLE ( 'NONE', #3728, 0.5500000000000010436 ) ;
#7181 = ORIENTED_EDGE ( 'NONE', *, *, #3325, .F. ) ;
#7182 = VECTOR ( 'NONE', #5855, 1000.000000000000000 ) ;
#7183 = CARTESIAN_POINT ( 'NONE',  ( -6.570000000000002949, -3.069999999999999840, -0.5000000000000000000 ) ) ;
#7184 = DIRECTION ( 'NONE',  ( 0.000000000000000000, 1.000000000000000000, 0.000000000000000000 ) ) ;
#7185 = DIRECTION ( 'NONE',  ( -1.927470528863119049E-16, -0.000000000000000000, -1.000000000000000000 ) ) ;
#7186 = CIRCLE ( 'NONE', #807, 0.8000000000000020428 ) ;
#7187 = EDGE_LOOP ( 'NONE', ( #1726, #4152, #1185, #2181 ) ) ;
#7188 = CARTESIAN_POINT ( 'NONE',  ( 0.000000000000000000, 0.000000000000000000, 0.000000000000000000 ) ) ;
#7189 = VERTEX_POINT ( 'NONE', #6263 ) ;
#7190 = VECTOR ( 'NONE', #1921, 1000.000000000000000 ) ;
#7191 = FACE_OUTER_BOUND ( 'NONE', #2096, .T. ) ;
#7192 = ORIENTED_EDGE ( 'NONE', *, *, #1484, .F. ) ;
#7193 = CIRCLE ( 'NONE', #6429, 0.5000000000000000000 ) ;
#7194 = CARTESIAN_POINT ( 'NONE',  ( -6.769999999999998685, 0.000000000000000000, -3.270000000000000018 ) ) ;
#7195 =( NAMED_UNIT ( * ) SI_UNIT ( $, .STERADIAN. ) SOLID_ANGLE_UNIT ( ) );
#7196 = CARTESIAN_POINT ( 'NONE',  ( 16.00000000000000000, 0.000000000000000000, 9.000000000000000000 ) ) ;
#7197 = CARTESIAN_POINT ( 'NONE',  ( 0.4299999999999989386, -3.070000000000001616, -1.074999999999999956 ) ) ;
#7198 = EDGE_CURVE ( 'NONE', #7842, #5215, #4382, .T. ) ;
#7199 = ORIENTED_EDGE ( 'NONE', *, *, #2488, .F. ) ;
#7200 = ORIENTED_EDGE ( 'NONE', *, *, #7274, .F. ) ;
#7201 = DIRECTION ( 'NONE',  ( 0.000000000000000000, 0.000000000000000000, 1.000000000000000000 ) ) ;
#7202 = ORIENTED_EDGE ( 'NONE', *, *, #7764, .F. ) ;
#7203 = LINE ( 'NONE', #4207, #3590 ) ;
#7204 = CARTESIAN_POINT ( 'NONE',  ( -9.250000000000001776, 3.249999999999999556, 0.2500000000000000000 ) ) ;
#7205 = LINE ( 'NONE', #3516, #6292 ) ;
#7206 = EDGE_CURVE ( 'NONE', #2093, #5137, #2827, .T. ) ;
#7207 = LINE ( 'NONE', #4283, #4022 ) ;
#7208 = ORIENTED_EDGE ( 'NONE', *, *, #4632, .T. ) ;
#7209 = ORIENTED_EDGE ( 'NONE', *, *, #1679, .F. ) ;
#7210 = DIRECTION ( 'NONE',  ( -1.000000000000000000, -0.000000000000000000, -0.000000000000000000 ) ) ;
#7211 = DIRECTION ( 'NONE',  ( 0.000000000000000000, 0.000000000000000000, 1.000000000000000000 ) ) ;
#7212 = DIRECTION ( 'NONE',  ( 1.000000000000000000, 0.000000000000000000, -0.000000000000000000 ) ) ;
#7213 = ORIENTED_EDGE ( 'NONE', *, *, #6315, .F. ) ;
#7214 = ADVANCED_FACE ( 'NONE', ( #983 ), #4745, .T. ) ;
#7215 = ADVANCED_FACE ( 'NONE', ( #5228 ), #2751, .F. ) ;
#7216 = DIRECTION ( 'NONE',  ( 0.000000000000000000, 0.000000000000000000, 1.000000000000000000 ) ) ;
#7217 = EDGE_LOOP ( 'NONE', ( #4590, #1487, #5992, #2214 ) ) ;
#7218 = DIRECTION ( 'NONE',  ( -0.000000000000000000, -0.000000000000000000, -1.000000000000000000 ) ) ;
#7219 = DIRECTION ( 'NONE',  ( -0.000000000000000000, -1.000000000000000000, -0.000000000000000000 ) ) ;
#7220 = AXIS2_PLACEMENT_3D ( 'NONE', #6841, #732, #3246 ) ;
#7221 = CARTESIAN_POINT ( 'NONE',  ( 0.000000000000000000, 0.000000000000000000, 0.000000000000000000 ) ) ;
#7222 = ORIENTED_EDGE ( 'NONE', *, *, #1827, .T. ) ;
#7223 = EDGE_CURVE ( 'NONE', #701, #1146, #2198, .T. ) ;
#7224 = DIRECTION ( 'NONE',  ( -2.168404344971008868E-16, -1.000000000000000000, 0.000000000000000000 ) ) ;
#7225 = AXIS2_PLACEMENT_3D ( 'NONE', #5380, #5265, #2790 ) ;
#7226 = PRESENTATION_LAYER_ASSIGNMENT (  '', '', ( #585 ) ) ;
#7227 = ORIENTED_EDGE ( 'NONE', *, *, #363, .T. ) ;
#7228 = DIRECTION ( 'NONE',  ( 0.000000000000000000, 1.000000000000000000, 0.000000000000000000 ) ) ;
#7229 = ORIENTED_EDGE ( 'NONE', *, *, #5816, .T. ) ;
#7230 = DIRECTION ( 'NONE',  ( 0.000000000000000000, -1.000000000000000000, 0.000000000000000000 ) ) ;
#7231 = LINE ( 'NONE', #439, #5190 ) ;
#7232 = DIRECTION ( 'NONE',  ( 0.000000000000000000, 0.000000000000000000, 1.000000000000000000 ) ) ;
#7233 = VECTOR ( 'NONE', #613, 1000.000000000000000 ) ;
#7234 = VECTOR ( 'NONE', #3462, 1000.000000000000000 ) ;
#7235 = EDGE_LOOP ( 'NONE', ( #1157, #2613, #1916, #4999 ) ) ;
#7236 = VECTOR ( 'NONE', #6104, 1000.000000000000000 ) ;
#7237 = ORIENTED_EDGE ( 'NONE', *, *, #1510, .F. ) ;
#7238 = ITEM_DEFINED_TRANSFORMATION ( 'NONE', 'NONE', #4878,  #1166 ) ;
#7239 = VECTOR ( 'NONE', #5200, 1000.000000000000000 ) ;
#7241 = EDGE_CURVE ( 'NONE', #6109, #6658, #5820, .T. ) ;
#7240 = CARTESIAN_POINT ( 'NONE',  ( 6.050000000000000711, -2.000000000000000000, 0.1000000000000000056 ) ) ;
#7242 = ORIENTED_EDGE ( 'NONE', *, *, #363, .F. ) ;
#7243 = CIRCLE ( 'NONE', #726, 1.499999999999999556 ) ;
#7244 = CARTESIAN_POINT ( 'NONE',  ( -6.800000000000001599, 3.299999999999999822, -1.399999999999999911 ) ) ;
#7245 = CARTESIAN_POINT ( 'NONE',  ( -3.700000000000000178, -2.000000000000000000, 0.000000000000000000 ) ) ;
#7246 = LINE ( 'NONE', #679, #1446 ) ;
#7247 = CARTESIAN_POINT ( 'NONE',  ( -11.00000000000000533, 0.4999999999999995559, -7.864218330839952031 ) ) ;
#7248 = VERTEX_POINT ( 'NONE', #4597 ) ;
#7249 = EDGE_CURVE ( 'NONE', #7565, #6971, #3477, .T. ) ;
#7250 = PRODUCT_DEFINITION_CONTEXT ( 'detailed design', #6900, 'design' ) ;
#7251 = EDGE_CURVE ( 'NONE', #2792, #956, #4667, .T. ) ;
#7252 = ORIENTED_EDGE ( 'NONE', *, *, #5236, .T. ) ;
#7253 = PLANE ( 'NONE',  #2966 ) ;
#7254 = CARTESIAN_POINT ( 'NONE',  ( -5.549999999999999822, -2.000000000000000000, 0.1000000000000000056 ) ) ;
#7255 = EDGE_LOOP ( 'NONE', ( #5652, #7660, #4274, #7519 ) ) ;
#7256 = VECTOR ( 'NONE', #7224, 1000.000000000000000 ) ;
#7257 = CARTESIAN_POINT ( 'NONE',  ( 0.000000000000000000, 0.000000000000000000, 0.000000000000000000 ) ) ;
#7258 = VERTEX_POINT ( 'NONE', #387 ) ;
#7259 = DIRECTION ( 'NONE',  ( -0.000000000000000000, 1.000000000000000000, -0.000000000000000000 ) ) ;
#7260 = DIRECTION ( 'NONE',  ( 1.000000000000000000, 0.000000000000000000, 0.000000000000000000 ) ) ;
#7261 = CARTESIAN_POINT ( 'NONE',  ( -16.00000000000000000, 7.500000000000000000, -1.500000000000000666 ) ) ;
#7262 = AXIS2_PLACEMENT_3D ( 'NONE', #2112, #2592, #7505 ) ;
#7263 = EDGE_CURVE ( 'NONE', #5138, #671, #2905, .T. ) ;
#7264 = CARTESIAN_POINT ( 'NONE',  ( -12.00000000000000355, 7.500000000000000000, -1.499999999999998446 ) ) ;
#7265 = AXIS2_PLACEMENT_3D ( 'NONE', #4240, #6673, #5284 ) ;
#7266 = CARTESIAN_POINT ( 'NONE',  ( -10.50000000000000533, 0.000000000000000000, -9.000000000000001776 ) ) ;
#7267 = ORIENTED_EDGE ( 'NONE', *, *, #6508, .F. ) ;
#7268 = CARTESIAN_POINT ( 'NONE',  ( 3.700000000000000178, 0.000000000000000000, 0.1000000000000000056 ) ) ;
#7269 = VECTOR ( 'NONE', #6440, 1000.000000000000000 ) ;
#7270 = ORIENTED_EDGE ( 'NONE', *, *, #7630, .F. ) ;
#7271 = CARTESIAN_POINT ( 'NONE',  ( 2.350000000000000089, -2.000000000000000000, 0.000000000000000000 ) ) ;
#7272 = EDGE_LOOP ( 'NONE', ( #1804, #3892, #6810, #1887 ) ) ;
#7273 = CARTESIAN_POINT ( 'NONE',  ( -17.50000000000000000, 7.500000000000000000, -10.50000000000000000 ) ) ;
#7274 = EDGE_CURVE ( 'NONE', #5453, #2375, #1831, .T. ) ;
#7275 = CARTESIAN_POINT ( 'NONE',  ( 16.00000000000000000, 0.000000000000000000, -9.000000000000000000 ) ) ;
#7276 = DIRECTION ( 'NONE',  ( -0.000000000000000000, -0.000000000000000000, 1.000000000000000000 ) ) ;
#7277 = ORIENTED_EDGE ( 'NONE', *, *, #1871, .F. ) ;
#7278 = ORIENTED_EDGE ( 'NONE', *, *, #1406, .T. ) ;
#7279 = FACE_OUTER_BOUND ( 'NONE', #2341, .T. ) ;
#7280 = ORIENTED_EDGE ( 'NONE', *, *, #5059, .F. ) ;
#7281 = DIRECTION ( 'NONE',  ( 0.000000000000000000, 0.000000000000000000, 1.000000000000000000 ) ) ;
#7282 = CARTESIAN_POINT ( 'NONE',  ( 14.74999999999999822, 0.5000000000000004441, 1.000000000000001110 ) ) ;
#7283 = LINE ( 'NONE', #7359, #2852 ) ;
#7284 = DIRECTION ( 'NONE',  ( -1.826024711554533913E-16, 0.000000000000000000, -1.000000000000000000 ) ) ;
#7285 = ORIENTED_EDGE ( 'NONE', *, *, #8, .T. ) ;
#7286 = ORIENTED_EDGE ( 'NONE', *, *, #3145, .F. ) ;
#7287 = LINE ( 'NONE', #768, #7781 ) ;
#7288 = FACE_OUTER_BOUND ( 'NONE', #5755, .T. ) ;
#7289 = DIRECTION ( 'NONE',  ( 0.000000000000000000, 0.000000000000000000, 1.000000000000000000 ) ) ;
#7290 = EDGE_CURVE ( 'NONE', #885, #5312, #1022, .T. ) ;
#7291 = EDGE_CURVE ( 'NONE', #4178, #1196, #2315, .T. ) ;
#7292 = AXIS2_PLACEMENT_3D ( 'NONE', #4031, #1684, #4118 ) ;
#7293 = VERTEX_POINT ( 'NONE', #7666 ) ;
#7294 = CARTESIAN_POINT ( 'NONE',  ( 0.000000000000000000, 0.000000000000000000, 0.000000000000000000 ) ) ;
#7295 = ORIENTED_EDGE ( 'NONE', *, *, #3245, .T. ) ;
#7296 = DIRECTION ( 'NONE',  ( 0.000000000000000000, 0.000000000000000000, -1.000000000000000000 ) ) ;
#7297 = DIRECTION ( 'NONE',  ( 0.000000000000000000, 0.000000000000000000, 1.000000000000000000 ) ) ;
#7298 = DIRECTION ( 'NONE',  ( 0.000000000000000000, 0.000000000000000000, -1.000000000000000000 ) ) ;
#7299 = AXIS2_PLACEMENT_3D ( 'NONE', #3850, #6283, #812 ) ;
#7300 = DIRECTION ( 'NONE',  ( -0.000000000000000000, 1.000000000000000000, -0.000000000000000000 ) ) ;
#7301 = DIRECTION ( 'NONE',  ( -0.000000000000000000, -0.000000000000000000, 1.000000000000000000 ) ) ;
#7302 = EDGE_CURVE ( 'NONE', #7024, #4178, #673, .T. ) ;
#7303 = ORIENTED_EDGE ( 'NONE', *, *, #936, .F. ) ;
#7304 = CARTESIAN_POINT ( 'NONE',  ( -4.999999999999999112, -1.200000000000000178, 0.1000000000000000056 ) ) ;
#7305 = VERTEX_POINT ( 'NONE', #7069 ) ;
#7306 = DIRECTION ( 'NONE',  ( 0.000000000000000000, 0.000000000000000000, -1.000000000000000000 ) ) ;
#7307 = AXIS2_PLACEMENT_3D ( 'NONE', #5256, #973, #2345 ) ;
#7308 = DIRECTION ( 'NONE',  ( -1.000000000000000000, 0.000000000000000000, -1.652117596168387756E-16 ) ) ;
#7309 = DIRECTION ( 'NONE',  ( -0.000000000000000000, 1.000000000000000000, -0.000000000000000000 ) ) ;
#7310 = ORIENTED_EDGE ( 'NONE', *, *, #351, .F. ) ;
#7311 = APPLICATION_CONTEXT ( 'automotive_design' ) ;
#7312 = CARTESIAN_POINT ( 'NONE',  ( 0.000000000000000000, -3.249999999999999556, 0.5000000000000000000 ) ) ;
#7313 = EDGE_CURVE ( 'NONE', #6951, #1936, #4710, .T. ) ;
#7314 = CIRCLE ( 'NONE', #169, 0.8000000000000003775 ) ;
#7315 = ADVANCED_FACE ( 'NONE', ( #307 ), #1591, .F. ) ;
#7316 = DIRECTION ( 'NONE',  ( 0.000000000000000000, 0.000000000000000000, 1.000000000000000000 ) ) ;
#7317 = ORIENTED_EDGE ( 'NONE', *, *, #1739, .F. ) ;
#7318 = LINE ( 'NONE', #1888, #4230 ) ;
#7319 = CARTESIAN_POINT ( 'NONE',  ( 2.350000000000000089, 2.000000000000000000, 0.1000000000000000056 ) ) ;
#7320 = LINE ( 'NONE', #4320, #6423 ) ;
#7321 = CIRCLE ( 'NONE', #6678, 1.499999999999999556 ) ;
#7322 = AXIS2_PLACEMENT_3D ( 'NONE', #866, #4506, #5747 ) ;
#7323 = CARTESIAN_POINT ( 'NONE',  ( -12.00000000000000355, 0.000000000000000000, -2.999999999999998224 ) ) ;
#7324 = PRODUCT ( 'SiPM base 2x1', 'SiPM base 2x1', '', ( #3356 ) ) ;
#7325 = VERTEX_POINT ( 'NONE', #2865 ) ;
#7326 = ORIENTED_EDGE ( 'NONE', *, *, #2703, .F. ) ;
#7327 = DIRECTION ( 'NONE',  ( 1.826024711554533913E-16, 0.000000000000000000, 1.000000000000000000 ) ) ;
#7328 = CARTESIAN_POINT ( 'NONE',  ( 9.500000000000000000, -16.34050177399711501, 7.600000000000000533 ) ) ;
#7329 = FACE_OUTER_BOUND ( 'NONE', #2503, .T. ) ;
#7330 = ORIENTED_EDGE ( 'NONE', *, *, #6948, .T. ) ;
#7331 =( NAMED_UNIT ( * ) PLANE_ANGLE_UNIT ( ) SI_UNIT ( $, .RADIAN. ) );
#7332 = ORIENTED_EDGE ( 'NONE', *, *, #6214, .F. ) ;
#7333 = DIRECTION ( 'NONE',  ( 0.000000000000000000, 0.000000000000000000, 1.000000000000000000 ) ) ;
#7334 = EDGE_CURVE ( 'NONE', #2653, #7647, #1635, .T. ) ;
#7335 = CARTESIAN_POINT ( 'NONE',  ( 16.75000000000000000, 0.5000000000000004441, 4.000000000000000888 ) ) ;
#7336 = CARTESIAN_POINT ( 'NONE',  ( 5.000000000000000000, 2.800000000000001155, 0.1000000000000000056 ) ) ;
#7337 = CARTESIAN_POINT ( 'NONE',  ( 13.99999999999999822, 0.000000000000000000, 1.750000000000000888 ) ) ;
#7338 = DIRECTION ( 'NONE',  ( 1.000000000000000000, 0.000000000000000000, 0.000000000000000000 ) ) ;
#7339 = ORIENTED_EDGE ( 'NONE', *, *, #498, .T. ) ;
#7340 = PLANE ( 'NONE',  #7911 ) ;
#7341 = EDGE_LOOP ( 'NONE', ( #3378, #4936, #5283, #2879 ) ) ;
#7342 = EDGE_CURVE ( 'NONE', #972, #7143, #6504, .T. ) ;
#7343 = AXIS2_PLACEMENT_3D ( 'NONE', #3563, #1812, #2452 ) ;
#7344 = DIRECTION ( 'NONE',  ( -0.000000000000000000, 1.000000000000000000, -0.000000000000000000 ) ) ;
#7345 = EDGE_CURVE ( 'NONE', #5195, #1029, #4147, .T. ) ;
#7346 = DIRECTION ( 'NONE',  ( -0.000000000000000000, -0.000000000000000000, -1.000000000000000000 ) ) ;
#7347 = LINE ( 'NONE', #4872, #5403 ) ;
#7348 =( NAMED_UNIT ( * ) PLANE_ANGLE_UNIT ( ) SI_UNIT ( $, .RADIAN. ) );
#7349 = CARTESIAN_POINT ( 'NONE',  ( 17.50000000000000000, 7.500000000000000000, 10.49999999999999645 ) ) ;
#7350 = DIRECTION ( 'NONE',  ( -0.000000000000000000, 1.000000000000000000, -0.000000000000000000 ) ) ;
#7351 = ORIENTED_EDGE ( 'NONE', *, *, #3488, .F. ) ;
#7352 =( GEOMETRIC_REPRESENTATION_CONTEXT ( 3 ) GLOBAL_UNCERTAINTY_ASSIGNED_CONTEXT ( ( #3122 ) ) GLOBAL_UNIT_ASSIGNED_CONTEXT ( ( #499, #7100, #3307 ) ) REPRESENTATION_CONTEXT ( 'NONE', 'WORKASPACE' ) );
#7353 = DIRECTION ( 'NONE',  ( 0.000000000000000000, 0.000000000000000000, -1.000000000000000000 ) ) ;
#7354 = FACE_OUTER_BOUND ( 'NONE', #243, .T. ) ;
#7355 = ORIENTED_EDGE ( 'NONE', *, *, #6748, .F. ) ;
#7356 = VECTOR ( 'NONE', #4332, 1000.000000000000000 ) ;
#7357 = FACE_OUTER_BOUND ( 'NONE', #3529, .T. ) ;
#7358 = LINE ( 'NONE', #1889, #6025 ) ;
#7359 = CARTESIAN_POINT ( 'NONE',  ( 9.499999999999994671, 7.500000000000000000, -9.500000000000000000 ) ) ;
#7360 = EDGE_CURVE ( 'NONE', #6501, #1068, #2099, .T. ) ;
#7361 = CARTESIAN_POINT ( 'NONE',  ( -3.700000000000000178, -2.000000000000000000, 0.1000000000000000056 ) ) ;
#7362 = VERTEX_POINT ( 'NONE', #4862 ) ;
#7363 = VECTOR ( 'NONE', #555, 1000.000000000000000 ) ;
#7364 = ORIENTED_EDGE ( 'NONE', *, *, #6642, .T. ) ;
#7365 = VECTOR ( 'NONE', #5928, 1000.000000000000000 ) ;
#7366 = ORIENTED_EDGE ( 'NONE', *, *, #2075, .F. ) ;
#7367 = DIRECTION ( 'NONE',  ( -0.000000000000000000, 1.000000000000000000, 0.000000000000000000 ) ) ;
#7368 = DIRECTION ( 'NONE',  ( -0.000000000000000000, -1.000000000000000000, 0.000000000000000000 ) ) ;
#7369 = FACE_OUTER_BOUND ( 'NONE', #7015, .T. ) ;
#7370 = AXIS2_PLACEMENT_3D ( 'NONE', #7394, #1354, #2600 ) ;
#7371 = EDGE_CURVE ( 'NONE', #4775, #2889, #7378, .T. ) ;
#7372 = DIRECTION ( 'NONE',  ( 0.000000000000000000, 0.000000000000000000, 1.000000000000000000 ) ) ;
#7373 = AXIS2_PLACEMENT_3D ( 'NONE', #7608, #3360, #6560 ) ;
#7374 = ORIENTED_EDGE ( 'NONE', *, *, #4328, .T. ) ;
#7375 = EDGE_LOOP ( 'NONE', ( #2274, #6706, #3757, #6004 ) ) ;
#7376 = CARTESIAN_POINT ( 'NONE',  ( -0.4299999999999999378, 0.1750000000000000167, -3.069999999999999396 ) ) ;
#7377 = FACE_OUTER_BOUND ( 'NONE', #1199, .T. ) ;
#7378 = LINE ( 'NONE', #4823, #4135 ) ;
#7379 =( GEOMETRIC_REPRESENTATION_CONTEXT ( 3 ) GLOBAL_UNCERTAINTY_ASSIGNED_CONTEXT ( ( #4832 ) ) GLOBAL_UNIT_ASSIGNED_CONTEXT ( ( #2635, #6224, #2044 ) ) REPRESENTATION_CONTEXT ( 'NONE', 'WORKASPACE' ) );
#7380 = CARTESIAN_POINT ( 'NONE',  ( 9.249999999999998224, 3.499999999999999556, -18.50000000000000000 ) ) ;
#7381 = DIRECTION ( 'NONE',  ( -0.000000000000000000, -1.000000000000000000, -0.000000000000000000 ) ) ;
#7382 = ORIENTED_EDGE ( 'NONE', *, *, #2983, .T. ) ;
#7383 = VECTOR ( 'NONE', #7516, 1000.000000000000000 ) ;
#7384 = CARTESIAN_POINT ( 'NONE',  ( 0.000000000000000000, 0.000000000000000000, -1.399999999999999911 ) ) ;
#7385 = EDGE_CURVE ( 'NONE', #143, #4875, #3056, .T. ) ;
#7386 = VERTEX_POINT ( 'NONE', #7336 ) ;
#7387 = DIRECTION ( 'NONE',  ( 0.000000000000000000, 0.000000000000000000, 1.000000000000000000 ) ) ;
#7388 = AXIS2_PLACEMENT_3D ( 'NONE', #5554, #6232, #3675 ) ;
#7389 = CARTESIAN_POINT ( 'NONE',  ( 0.4300000000000022138, 0.1750000000000000167, 3.070000000000000284 ) ) ;
#7390 = DIRECTION ( 'NONE',  ( -0.000000000000000000, -0.000000000000000000, -1.000000000000000000 ) ) ;
#7391 = PRODUCT_DEFINITION_SHAPE ( 'NONE', 'NONE',  #7925 ) ;
#7392 = CARTESIAN_POINT ( 'NONE',  ( 1.639217007859704367, 2.271704923740746285, 3.973171188005537591 ) ) ;
#7393 = CARTESIAN_POINT ( 'NONE',  ( 6.569999999999998508, -3.070000000000001172, -1.074999999999999956 ) ) ;
#7394 = CARTESIAN_POINT ( 'NONE',  ( -9.500000000000001776, 3.249999999999999556, -18.25000000000000000 ) ) ;
#7395 = VERTEX_POINT ( 'NONE', #7261 ) ;
#7396 = EDGE_CURVE ( 'NONE', #7093, #5665, #507, .T. ) ;
#7397 = VECTOR ( 'NONE', #6100, 1000.000000000000000 ) ;
#7398 = ADVANCED_FACE ( 'NONE', ( #1142 ), #656, .F. ) ;
#7399 = PLANE ( 'NONE',  #1385 ) ;
#7400 = DIRECTION ( 'NONE',  ( 0.000000000000000000, -0.000000000000000000, -1.000000000000000000 ) ) ;
#7401 = ORIENTED_EDGE ( 'NONE', *, *, #1057, .F. ) ;
#7402 = DIRECTION ( 'NONE',  ( 0.000000000000000000, 0.000000000000000000, -1.000000000000000000 ) ) ;
#7403 = CARTESIAN_POINT ( 'NONE',  ( -12.00000000000000533, 0.000000000000000000, 3.000000000000003997 ) ) ;
#7404 = CARTESIAN_POINT ( 'NONE',  ( -7.864218330839943150, 0.4999999999999995559, -9.500000000000000000 ) ) ;
#7405 = CARTESIAN_POINT ( 'NONE',  ( 3.200000000000000622, 0.000000000000000000, 0.000000000000000000 ) ) ;
#7406 = EDGE_CURVE ( 'NONE', #2155, #3577, #5156, .T. ) ;
#7407 = ORIENTED_EDGE ( 'NONE', *, *, #6341, .F. ) ;
#7408 = VERTEX_POINT ( 'NONE', #4187 ) ;
#7409 = VERTEX_POINT ( 'NONE', #621 ) ;
#7410 = EDGE_CURVE ( 'NONE', #524, #5858, #4515, .T. ) ;
#7411 = DIRECTION ( 'NONE',  ( -1.000000000000000000, 0.000000000000000000, 0.000000000000000000 ) ) ;
#7412 = FACE_BOUND ( 'NONE', #5020, .T. ) ;
#7413 = CARTESIAN_POINT ( 'NONE',  ( -9.500000000000005329, 7.500000000000000000, -7.864218330839952031 ) ) ;
#7414 = DIRECTION ( 'NONE',  ( -0.000000000000000000, 1.000000000000000000, -0.000000000000000000 ) ) ;
#7415 = ORIENTED_EDGE ( 'NONE', *, *, #3372, .T. ) ;
#7416 = PRODUCT_CONTEXT ( 'NONE', #4202, 'mechanical' ) ;
#7417 = EDGE_CURVE ( 'NONE', #7875, #2902, #6554, .T. ) ;
#7418 = VERTEX_POINT ( 'NONE', #542 ) ;
#7419 = EDGE_CURVE ( 'NONE', #3945, #2786, #2979, .T. ) ;
#7420 = DIRECTION ( 'NONE',  ( -0.000000000000000000, -1.000000000000000000, -0.000000000000000000 ) ) ;
#7421 = DIRECTION ( 'NONE',  ( 0.000000000000000000, 0.000000000000000000, 1.000000000000000000 ) ) ;
#7422 = DIRECTION ( 'NONE',  ( -0.000000000000000000, 1.000000000000000000, -0.000000000000000000 ) ) ;
#7423 = FACE_OUTER_BOUND ( 'NONE', #4105, .T. ) ;
#7424 = CYLINDRICAL_SURFACE ( 'NONE', #5220, 0.5500000000000010436 ) ;
#7425 = AXIS2_PLACEMENT_3D ( 'NONE', #6191, #5515, #3155 ) ;
#7426 = ORIENTED_EDGE ( 'NONE', *, *, #2663, .T. ) ;
#7427 = CARTESIAN_POINT ( 'NONE',  ( -4.299999999999999822, 2.799999999999998490, 0.000000000000000000 ) ) ;
#7428 = ORIENTED_EDGE ( 'NONE', *, *, #1829, .F. ) ;
#7429 = SURFACE_STYLE_FILL_AREA ( #1797 ) ;
#7430 = AXIS2_PLACEMENT_3D ( 'NONE', #2259, #488, #3557 ) ;
#7431 = DIRECTION ( 'NONE',  ( 0.000000000000000000, 0.000000000000000000, -1.000000000000000000 ) ) ;
#7432 = DIRECTION ( 'NONE',  ( 0.000000000000000000, -1.000000000000000000, 0.000000000000000000 ) ) ;
#7433 = CARTESIAN_POINT ( 'NONE',  ( -16.00000000000000000, 0.000000000000000000, -1.050000000000000266 ) ) ;
#7434 = LINE ( 'NONE', #67, #6210 ) ;
#7435 = ORIENTED_EDGE ( 'NONE', *, *, #6899, .F. ) ;
#7436 = LINE ( 'NONE', #1926, #4453 ) ;
#7437 = AXIS2_PLACEMENT_3D ( 'NONE', #2449, #5516, #37 ) ;
#7438 = CARTESIAN_POINT ( 'NONE',  ( -9.500000000000001776, 3.249999999999999556, 0.2500000000000000000 ) ) ;
#7439 = ORIENTED_EDGE ( 'NONE', *, *, #4925, .T. ) ;
#7440 = CIRCLE ( 'NONE', #7825, 1.500000000000000000 ) ;
#7441 = CARTESIAN_POINT ( 'NONE',  ( 6.570000000000001172, 0.1750000000000000167, -3.069999999999999840 ) ) ;
#7442 = DIRECTION ( 'NONE',  ( 0.000000000000000000, 1.000000000000000000, 0.000000000000000000 ) ) ;
#7443 = PRODUCT_RELATED_PRODUCT_CATEGORY ( 'part', '', ( #4016 ) ) ;
#7444 = EDGE_CURVE ( 'NONE', #2240, #5297, #1837, .T. ) ;
#7445 = CARTESIAN_POINT ( 'NONE',  ( -8.999999999999998224, 6.000000000000000000, 8.999999999999998224 ) ) ;
#7446 = PLANE ( 'NONE',  #3052 ) ;
#7447 = AXIS2_PLACEMENT_3D ( 'NONE', #3970, #7491, #2580 ) ;
#7448 = ORIENTED_EDGE ( 'NONE', *, *, #3381, .F. ) ;
#7449 = ORIENTED_EDGE ( 'NONE', *, *, #5427, .F. ) ;
#7450 = EDGE_LOOP ( 'NONE', ( #4945, #5608, #6647, #4229 ) ) ;
#7451 = DIRECTION ( 'NONE',  ( 1.000000000000000000, 0.000000000000000000, 0.000000000000000000 ) ) ;
#7452 = CARTESIAN_POINT ( 'NONE',  ( 6.569999999999998508, -3.070000000000001172, -1.074999999999999956 ) ) ;
#7453 = ADVANCED_FACE ( 'NONE', ( #3091 ), #7864, .T. ) ;
#7454 = LINE ( 'NONE', #5017, #1050 ) ;
#7455 = CARTESIAN_POINT ( 'NONE',  ( 17.50000000000000000, 7.500000000000000000, 8.999999999999998224 ) ) ;
#7456 = ORIENTED_EDGE ( 'NONE', *, *, #4396, .F. ) ;
#7457 = PRODUCT_CONTEXT ( 'NONE', #1178, 'mechanical' ) ;
#7458 = ORIENTED_EDGE ( 'NONE', *, *, #6136, .T. ) ;
#7459 = DIRECTION ( 'NONE',  ( 0.000000000000000000, 1.000000000000000000, 0.000000000000000000 ) ) ;
#7460 = DIRECTION ( 'NONE',  ( -2.312964634635743450E-15, 0.000000000000000000, 1.000000000000000000 ) ) ;
#7461 = DIRECTION ( 'NONE',  ( 0.000000000000000000, 0.000000000000000000, 1.000000000000000000 ) ) ;
#7462 = DIRECTION ( 'NONE',  ( 2.312964634635743450E-15, 0.000000000000000000, -1.000000000000000000 ) ) ;
#7463 = CARTESIAN_POINT ( 'NONE',  ( -9.250000000000001776, 3.499999999999999556, -18.50000000000000000 ) ) ;
#7464 = EDGE_CURVE ( 'NONE', #6580, #143, #53, .T. ) ;
#7465 = ORIENTED_EDGE ( 'NONE', *, *, #5049, .T. ) ;
#7466 = EDGE_LOOP ( 'NONE', ( #2255, #4972 ) ) ;
#7467 = EDGE_CURVE ( 'NONE', #3389, #5932, #3229, .T. ) ;
#7468 = LINE ( 'NONE', #526, #4571 ) ;
#7469 = DIRECTION ( 'NONE',  ( 0.000000000000000000, 0.000000000000000000, 1.000000000000000000 ) ) ;
#7470 = CARTESIAN_POINT ( 'NONE',  ( -6.770000000000003126, 3.249999999999999556, 0.2500000000000000000 ) ) ;
#7471 = DIRECTION ( 'NONE',  ( 0.000000000000000000, 0.000000000000000000, 1.000000000000000000 ) ) ;
#7472 = EDGE_CURVE ( 'NONE', #3684, #5432, #7321, .T. ) ;
#7473 = EDGE_LOOP ( 'NONE', ( #6534, #4897, #4717, #895 ) ) ;
#7474 = CARTESIAN_POINT ( 'NONE',  ( 13.99999999999999822, 0.000000000000000000, -1.749999999999998890 ) ) ;
#7475 = AXIS2_PLACEMENT_3D ( 'NONE', #2223, #4050, #1615 ) ;
#7476 = UNCERTAINTY_MEASURE_WITH_UNIT (LENGTH_MEASURE( 1.000000000000000082E-05 ), #4307, 'distance_accuracy_value', 'NONE');
#7477 = CARTESIAN_POINT ( 'NONE',  ( -2.349999999999999645, 2.000000000000000000, 0.1000000000000000056 ) ) ;
#7478 = EDGE_LOOP ( 'NONE', ( #5128, #1297, #7242, #7664 ) ) ;
#7479 = EDGE_CURVE ( 'NONE', #3958, #7325, #4255, .T. ) ;
#7480 = CARTESIAN_POINT ( 'NONE',  ( -10.50000000000000533, 0.000000000000000000, -10.49999999999999645 ) ) ;
#7481 = CARTESIAN_POINT ( 'NONE',  ( 4.999999999999999112, -1.199999999999998845, 0.000000000000000000 ) ) ;
#7482 = CYLINDRICAL_SURFACE ( 'NONE', #4252, 1.499999999999999556 ) ;
#7483 = CIRCLE ( 'NONE', #2130, 0.4999999999999997780 ) ;
#7484 = DIRECTION ( 'NONE',  ( -2.312964634635743450E-15, 0.000000000000000000, -1.000000000000000000 ) ) ;
#7485 = ORIENTED_EDGE ( 'NONE', *, *, #1884, .T. ) ;
#7486 = ORIENTED_EDGE ( 'NONE', *, *, #4030, .F. ) ;
#7487 = CIRCLE ( 'NONE', #6712, 0.8000000000000003775 ) ;
#7488 = VECTOR ( 'NONE', #4060, 1000.000000000000000 ) ;
#7489 = EDGE_LOOP ( 'NONE', ( #2766, #5452, #1086, #6565 ) ) ;
#7490 = DIRECTION ( 'NONE',  ( 9.251858538542973800E-15, 0.000000000000000000, 1.000000000000000000 ) ) ;
#7491 = DIRECTION ( 'NONE',  ( -2.168404344971008128E-16, 1.000000000000000000, 0.000000000000000000 ) ) ;
#7492 = CARTESIAN_POINT ( 'NONE',  ( -0.4299999999999999378, 0.7500000000000000000, -3.069999999999999396 ) ) ;
#7493 = AXIS2_PLACEMENT_3D ( 'NONE', #7254, #1783, #3051 ) ;
#7494 = VECTOR ( 'NONE', #1073, 1000.000000000000000 ) ;
#7495 = EDGE_CURVE ( 'NONE', #3153, #5354, #3616, .T. ) ;
#7496 = EDGE_CURVE ( 'NONE', #7528, #5871, #2855, .T. ) ;
#7497 = ADVANCED_FACE ( 'NONE', ( #3022 ), #5457, .T. ) ;
#7498 = ORIENTED_EDGE ( 'NONE', *, *, #54, .F. ) ;
#7499 = ITEM_DEFINED_TRANSFORMATION ( 'NONE', 'NONE', #4830,  #1166 ) ;
#7500 = ORIENTED_EDGE ( 'NONE', *, *, #2224, .F. ) ;
#7501 = CARTESIAN_POINT ( 'NONE',  ( 16.00000000000000000, 0.4999999999999995559, 9.000000000000000000 ) ) ;
#7502 = AXIS2_PLACEMENT_3D ( 'NONE', #3766, #3933, #3322 ) ;
#7503 = CARTESIAN_POINT ( 'NONE',  ( 9.249999999999998224, 3.249999999999999556, -18.25000000000000000 ) ) ;
#7504 = DIRECTION ( 'NONE',  ( -0.000000000000000000, -0.000000000000000000, -1.000000000000000000 ) ) ;
#7505 = DIRECTION ( 'NONE',  ( 2.312964634635742661E-15, 0.000000000000000000, -1.000000000000000000 ) ) ;
#7506 = ORIENTED_EDGE ( 'NONE', *, *, #549, .T. ) ;
#7507 = EDGE_CURVE ( 'NONE', #6858, #7024, #2492, .T. ) ;
#7508 = CIRCLE ( 'NONE', #986, 1.500000000000000000 ) ;
#7509 = EDGE_LOOP ( 'NONE', ( #7895, #4501, #4918, #4426 ) ) ;
#7510 = EDGE_CURVE ( 'NONE', #5463, #5195, #3678, .T. ) ;
#7511 = DIRECTION ( 'NONE',  ( -0.000000000000000000, -0.000000000000000000, -1.000000000000000000 ) ) ;
#7512 = FACE_OUTER_BOUND ( 'NONE', #5418, .T. ) ;
#7513 = PLANE ( 'NONE',  #7734 ) ;
#7514 = DIRECTION ( 'NONE',  ( -1.000000000000000000, -0.000000000000000000, -0.000000000000000000 ) ) ;
#7515 = ORIENTED_EDGE ( 'NONE', *, *, #5076, .T. ) ;
#7516 = DIRECTION ( 'NONE',  ( 9.637352644315595243E-17, 0.000000000000000000, 1.000000000000000000 ) ) ;
#7517 = CIRCLE ( 'NONE', #7003, 0.4999999999999995559 ) ;
#7518 = DIRECTION ( 'NONE',  ( 0.000000000000000000, 0.000000000000000000, 1.000000000000000000 ) ) ;
#7519 = ORIENTED_EDGE ( 'NONE', *, *, #6124, .T. ) ;
#7520 = ADVANCED_FACE ( 'NONE', ( #6153 ), #3558, .T. ) ;
#7521 = PLANE ( 'NONE',  #528 ) ;
#7522 = DIRECTION ( 'NONE',  ( 0.000000000000000000, 0.000000000000000000, 1.000000000000000000 ) ) ;
#7523 = CARTESIAN_POINT ( 'NONE',  ( 15.50000000000000178, 0.4999999999999995559, 5.500000000000000000 ) ) ;
#7524 = ADVANCED_FACE ( 'NONE', ( #6715 ), #2960, .F. ) ;
#7525 = FACE_OUTER_BOUND ( 'NONE', #5671, .T. ) ;
#7526 = CIRCLE ( 'NONE', #5350, 1.049999999999998934 ) ;
#7527 = PLANE ( 'NONE',  #6882 ) ;
#7528 = VERTEX_POINT ( 'NONE', #5401 ) ;
#7529 = CIRCLE ( 'NONE', #2296, 0.4999999999999997780 ) ;
#7530 = ORIENTED_EDGE ( 'NONE', *, *, #3238, .T. ) ;
#7531 = ORIENTED_EDGE ( 'NONE', *, *, #2564, .F. ) ;
#7532 = VECTOR ( 'NONE', #4321, 1000.000000000000000 ) ;
#7533 = ORIENTED_EDGE ( 'NONE', *, *, #3845, .F. ) ;
#7534 = LINE ( 'NONE', #5805, #6408 ) ;
#7535 = DIRECTION ( 'NONE',  ( 0.000000000000000000, -1.000000000000000000, 0.000000000000000000 ) ) ;
#7536 = DIRECTION ( 'NONE',  ( -9.912705577010326782E-17, 0.000000000000000000, -1.000000000000000000 ) ) ;
#7537 = LINE ( 'NONE', #5651, #6194 ) ;
#7538 = ORIENTED_EDGE ( 'NONE', *, *, #1679, .T. ) ;
#7539 = EDGE_LOOP ( 'NONE', ( #1844, #6044, #3849, #1054 ) ) ;
#7540 = DIRECTION ( 'NONE',  ( 2.168404344971008868E-16, -1.000000000000000000, 0.000000000000000000 ) ) ;
#7541 = CARTESIAN_POINT ( 'NONE',  ( -9.250000000000001776, 3.249999999999999556, 0.2500000000000000000 ) ) ;
#7542 = PRODUCT_DEFINITION ( 'UNKNOWN', '', #6609, #7250 ) ;
#7543 = EDGE_CURVE ( 'NONE', #4905, #835, #6936, .T. ) ;
#7544 = CYLINDRICAL_SURFACE ( 'NONE', #2263, 1.500000000000000000 ) ;
#7545 = DIRECTION ( 'NONE',  ( -1.000000000000000000, 0.000000000000000000, 0.000000000000000000 ) ) ;
#7546 = ORIENTED_EDGE ( 'NONE', *, *, #4661, .F. ) ;
#7547 = ORIENTED_EDGE ( 'NONE', *, *, #2028, .T. ) ;
#7548 = CARTESIAN_POINT ( 'NONE',  ( -9.000000000000000000, -3.000000000000000444, 0.000000000000000000 ) ) ;
#7549 = CARTESIAN_POINT ( 'NONE',  ( -10.50000000000000533, 0.000000000000000000, 9.000000000000001776 ) ) ;
#7550 = EDGE_CURVE ( 'NONE', #3299, #2228, #2477, .T. ) ;
#7551 = FACE_BOUND ( 'NONE', #1598, .T. ) ;
#7552 = PLANE ( 'NONE',  #6329 ) ;
#7553 = EDGE_LOOP ( 'NONE', ( #1509, #3695 ) ) ;
#7554 = PLANE ( 'NONE',  #102 ) ;
#7555 = LINE ( 'NONE', #3231, #1264 ) ;
#7556 = ORIENTED_EDGE ( 'NONE', *, *, #5385, .T. ) ;
#7557 = DIRECTION ( 'NONE',  ( -0.000000000000000000, 1.000000000000000000, -0.000000000000000000 ) ) ;
#7558 = FACE_OUTER_BOUND ( 'NONE', #7450, .T. ) ;
#7559 = DIRECTION ( 'NONE',  ( 0.000000000000000000, 0.000000000000000000, 1.000000000000000000 ) ) ;
#7560 = DIRECTION ( 'NONE',  ( 0.000000000000000000, 0.000000000000000000, 1.000000000000000000 ) ) ;
#7561 = CARTESIAN_POINT ( 'NONE',  ( 6.769999999999997797, 3.269999999999999574, 0.000000000000000000 ) ) ;
#7562 = ORIENTED_EDGE ( 'NONE', *, *, #2472, .T. ) ;
#7563 = EDGE_CURVE ( 'NONE', #5033, #7189, #5648, .T. ) ;
#7564 = EDGE_CURVE ( 'NONE', #2008, #1415, #2963, .T. ) ;
#7565 = VERTEX_POINT ( 'NONE', #7319 ) ;
#7566 = AXIS2_PLACEMENT_3D ( 'NONE', #7541, #1462, #2068 ) ;
#7567 = ORIENTED_EDGE ( 'NONE', *, *, #7472, .F. ) ;
#7568 = EDGE_LOOP ( 'NONE', ( #7730, #2614 ) ) ;
#7569 = DIRECTION ( 'NONE',  ( 0.000000000000000000, 0.000000000000000000, -1.000000000000000000 ) ) ;
#7570 = CARTESIAN_POINT ( 'NONE',  ( -9.250000000000001776, 3.249999999999999556, -18.25000000000000000 ) ) ;
#7571 = DIRECTION ( 'NONE',  ( 1.826024711554533913E-16, 0.000000000000000000, 1.000000000000000000 ) ) ;
#7572 = CIRCLE ( 'NONE', #3467, 0.4999999999999995559 ) ;
#7573 = DIRECTION ( 'NONE',  ( 1.000000000000000000, 0.000000000000000000, 0.000000000000000000 ) ) ;
#7574 = VERTEX_POINT ( 'NONE', #4920 ) ;
#7575 = AXIS2_PLACEMENT_3D ( 'NONE', #6745, #3584, #4271 ) ;
#7576 = ORIENTED_EDGE ( 'NONE', *, *, #7898, .F. ) ;
#7577 = VECTOR ( 'NONE', #2978, 1000.000000000000000 ) ;
#7578 = DIRECTION ( 'NONE',  ( 0.000000000000000000, 0.000000000000000000, 1.000000000000000000 ) ) ;
#7579 = DIRECTION ( 'NONE',  ( -0.000000000000000000, 1.000000000000000000, -0.000000000000000000 ) ) ;
#7580 = FACE_OUTER_BOUND ( 'NONE', #863, .T. ) ;
#7581 = AXIS2_PLACEMENT_3D ( 'NONE', #4942, #6055, #4341 ) ;
#7582 = CARTESIAN_POINT ( 'NONE',  ( -9.000000000000000000, 2.999999999999999556, 0.000000000000000000 ) ) ;
#7583 = AXIS2_PLACEMENT_3D ( 'NONE', #3366, #4421, #3941 ) ;
#7584 = ORIENTED_EDGE ( 'NONE', *, *, #7861, .F. ) ;
#7585 = EDGE_CURVE ( 'NONE', #790, #2031, #7180, .T. ) ;
#7586 = ORIENTED_EDGE ( 'NONE', *, *, #5267, .T. ) ;
#7587 =( NAMED_UNIT ( * ) SI_UNIT ( $, .STERADIAN. ) SOLID_ANGLE_UNIT ( ) );
#7588 = CARTESIAN_POINT ( 'NONE',  ( 3.700000000000000178, 2.000000000000000000, 0.1000000000000000056 ) ) ;
#7589 = CARTESIAN_POINT ( 'NONE',  ( -10.50000000000000533, 7.500000000000000000, 3.000000000000004441 ) ) ;
#7590 = CARTESIAN_POINT ( 'NONE',  ( -12.00000000000000533, 7.500000000000000000, 1.500000000000004219 ) ) ;
#7591 = EDGE_LOOP ( 'NONE', ( #3929, #7698, #4866, #2985 ) ) ;
#7592 = PLANE ( 'NONE',  #4583 ) ;
#7593 = ADVANCED_FACE ( 'NONE', ( #1241 ), #4319, .F. ) ;
#7594 = EDGE_CURVE ( 'NONE', #6101, #2921, #638, .T. ) ;
#7595 = LINE ( 'NONE', #911, #1529 ) ;
#7596 = ORIENTED_EDGE ( 'NONE', *, *, #4486, .T. ) ;
#7597 = DIRECTION ( 'NONE',  ( -1.000000000000000000, 0.000000000000000000, 9.912705577010326782E-17 ) ) ;
#7598 = CARTESIAN_POINT ( 'NONE',  ( 0.4300000000000014366, 0.1750000000000000167, -3.069999999999999840 ) ) ;
#7599 = DIRECTION ( 'NONE',  ( 0.000000000000000000, 1.000000000000000000, 0.000000000000000000 ) ) ;
#7600 = CARTESIAN_POINT ( 'NONE',  ( 17.50000000000000000, 0.000000000000000000, 10.49999999999999645 ) ) ;
#7601 = CYLINDRICAL_SURFACE ( 'NONE', #5862, 0.8000000000000003775 ) ;
#7602 = ORIENTED_EDGE ( 'NONE', *, *, #3049, .F. ) ;
#7603 = ORIENTED_EDGE ( 'NONE', *, *, #7479, .F. ) ;
#7604 = CARTESIAN_POINT ( 'NONE',  ( -6.770000000000002238, -3.499999999999999112, 0.000000000000000000 ) ) ;
#7605 = ORIENTED_EDGE ( 'NONE', *, *, #2085, .F. ) ;
#7606 = AXIS2_PLACEMENT_3D ( 'NONE', #1243, #1735, #5440 ) ;
#7607 = PLANE ( 'NONE',  #7299 ) ;
#7608 = CARTESIAN_POINT ( 'NONE',  ( -9.000000000000000000, 0.4999999999999995559, -9.000000000000000000 ) ) ;
#7609 = EDGE_CURVE ( 'NONE', #3915, #2119, #6037, .T. ) ;
#7610 = PLANE ( 'NONE',  #3994 ) ;
#7611 = AXIS2_PLACEMENT_3D ( 'NONE', #984, #7110, #2239 ) ;
#7612 = AXIS2_PLACEMENT_3D ( 'NONE', #5670, #830, #1923 ) ;
#7613 = EDGE_LOOP ( 'NONE', ( #1718, #3189, #5792, #5332 ) ) ;
#7614 = ORIENTED_EDGE ( 'NONE', *, *, #1898, .F. ) ;
#7615 = DIRECTION ( 'NONE',  ( 0.000000000000000000, 0.000000000000000000, 1.000000000000000000 ) ) ;
#7616 = EDGE_CURVE ( 'NONE', #1163, #5531, #7823, .T. ) ;
#7617 = CARTESIAN_POINT ( 'NONE',  ( -17.50000000000000000, 0.000000000000000000, 10.50000000000000000 ) ) ;
#7618 = AXIS2_PLACEMENT_3D ( 'NONE', #800, #5679, #3998 ) ;
#7619 = FACE_OUTER_BOUND ( 'NONE', #4639, .T. ) ;
#7620 = AXIS2_PLACEMENT_3D ( 'NONE', #2286, #7076, #3501 ) ;
#7621 = ORIENTED_EDGE ( 'NONE', *, *, #221, .F. ) ;
#7622 = VECTOR ( 'NONE', #7276, 1000.000000000000000 ) ;
#7623 = ORIENTED_EDGE ( 'NONE', *, *, #3821, .T. ) ;
#7624 = LINE ( 'NONE', #4431, #5444 ) ;
#7625 = DIRECTION ( 'NONE',  ( -1.000000000000000000, -0.000000000000000000, 1.858632295689434870E-16 ) ) ;
#7626 = CARTESIAN_POINT ( 'NONE',  ( -9.000000000000000000, 6.000000000000000000, -9.000000000000001776 ) ) ;
#7627 = FACE_BOUND ( 'NONE', #901, .T. ) ;
#7628 = ORIENTED_EDGE ( 'NONE', *, *, #4708, .T. ) ;
#7629 = AXIS2_PLACEMENT_3D ( 'NONE', #5287, #5884, #370 ) ;
#7630 = EDGE_CURVE ( 'NONE', #2384, #120, #6414, .T. ) ;
#7631 = SPHERICAL_SURFACE ( 'NONE', #4706, 0.2500000000000000000 ) ;
#7632 = DIRECTION ( 'NONE',  ( -1.000000000000000000, 0.000000000000000000, 0.000000000000000000 ) ) ;
#7633 = VERTEX_POINT ( 'NONE', #5476 ) ;
#7634 = CARTESIAN_POINT ( 'NONE',  ( 16.00000000000000000, 0.4999999999999995559, -3.249999999999999112 ) ) ;
#7635 = CARTESIAN_POINT ( 'NONE',  ( 1.850000000000000311, -2.000000000000000000, 0.1000000000000000056 ) ) ;
#7636 = DIRECTION ( 'NONE',  ( 1.239088197126290817E-16, -1.000000000000000000, 0.000000000000000000 ) ) ;
#7637 = CARTESIAN_POINT ( 'NONE',  ( -4.200000000000000178, 0.000000000000000000, 0.1000000000000000056 ) ) ;
#7638 = EDGE_CURVE ( 'NONE', #5354, #887, #604, .T. ) ;
#7639 = PRODUCT_DEFINITION_FORMATION_WITH_SPECIFIED_SOURCE ( 'ANY', '', #5533, .NOT_KNOWN. ) ;
#7640 = EDGE_CURVE ( 'NONE', #3762, #5430, #7055, .T. ) ;
#7641 = FACE_OUTER_BOUND ( 'NONE', #5920, .T. ) ;
#7642 = ORIENTED_EDGE ( 'NONE', *, *, #2983, .F. ) ;
#7643 = VERTEX_POINT ( 'NONE', #1279 ) ;
#7644 = AXIS2_PLACEMENT_3D ( 'NONE', #3418, #2869, #987 ) ;
#7645 = SHAPE_DEFINITION_REPRESENTATION ( #4602, #4600 ) ;
#7646 = LINE ( 'NONE', #4005, #458 ) ;
#7647 = VERTEX_POINT ( 'NONE', #4884 ) ;
#7648 = CARTESIAN_POINT ( 'NONE',  ( -6.770000000000002238, -3.249999999999999556, 0.2500000000000000000 ) ) ;
#7649 = FACE_OUTER_BOUND ( 'NONE', #6127, .T. ) ;
#7650 = AXIS2_PLACEMENT_3D ( 'NONE', #5610, #7007, #1536 ) ;
#7651 = AXIS2_PLACEMENT_3D ( 'NONE', #700, #3181, #3136 ) ;
#7652 = DIRECTION ( 'NONE',  ( 1.000000000000000000, 0.000000000000000000, -1.239088197126289831E-16 ) ) ;
#7653 = EDGE_CURVE ( 'NONE', #3308, #5625, #7358, .T. ) ;
#7654 = DIRECTION ( 'NONE',  ( 0.000000000000000000, 0.000000000000000000, 1.000000000000000000 ) ) ;
#7655 = VERTEX_POINT ( 'NONE', #6829 ) ;
#7656 = PRODUCT_DEFINITION_CONTEXT ( 'detailed design', #728, 'design' ) ;
#7657 = EDGE_LOOP ( 'NONE', ( #693, #3887, #663, #249 ) ) ;
#7658 = FACE_OUTER_BOUND ( 'NONE', #2770, .T. ) ;
#7659 = LINE ( 'NONE', #2232, #3392 ) ;
#7660 = ORIENTED_EDGE ( 'NONE', *, *, #4225, .T. ) ;
#7661 = ORIENTED_EDGE ( 'NONE', *, *, #419, .F. ) ;
#7662 = ADVANCED_FACE ( 'NONE', ( #2088 ), #4445, .F. ) ;
#7663 = EDGE_CURVE ( 'NONE', #6331, #641, #157, .T. ) ;
#7664 = ORIENTED_EDGE ( 'NONE', *, *, #7010, .T. ) ;
#7665 = DIRECTION ( 'NONE',  ( 1.000000000000000000, 0.000000000000000000, 0.000000000000000000 ) ) ;
#7666 = CARTESIAN_POINT ( 'NONE',  ( 2.350000000000000089, 2.000000000000000000, 0.000000000000000000 ) ) ;
#7667 = DIRECTION ( 'NONE',  ( -0.000000000000000000, 1.000000000000000000, -0.000000000000000000 ) ) ;
#7668 = VERTEX_POINT ( 'NONE', #7481 ) ;
#7669 = DIRECTION ( 'NONE',  ( -0.000000000000000000, -0.000000000000000000, -1.000000000000000000 ) ) ;
#7670 = CARTESIAN_POINT ( 'NONE',  ( 3.299999999999998934, 2.799999999999999378, 0.000000000000000000 ) ) ;
#7671 = ORIENTED_EDGE ( 'NONE', *, *, #330, .T. ) ;
#7672 = DIRECTION ( 'NONE',  ( 0.000000000000000000, 0.000000000000000000, 1.000000000000000000 ) ) ;
#7673 = DIRECTION ( 'NONE',  ( 0.000000000000000000, -1.000000000000000000, 0.000000000000000000 ) ) ;
#7674 = CYLINDRICAL_SURFACE ( 'NONE', #5572, 0.5000000000000004441 ) ;
#7675 = CARTESIAN_POINT ( 'NONE',  ( -8.604945506379110043, 0.4999999999999995559, 9.695652173913043015 ) ) ;
#7676 = DIRECTION ( 'NONE',  ( 0.000000000000000000, 0.000000000000000000, 1.000000000000000000 ) ) ;
#7677 = ORIENTED_EDGE ( 'NONE', *, *, #5848, .T. ) ;
#7678 = AXIS2_PLACEMENT_3D ( 'NONE', #3035, #6036, #1808 ) ;
#7679 = EDGE_LOOP ( 'NONE', ( #187, #3423 ) ) ;
#7680 = APPLICATION_PROTOCOL_DEFINITION ( 'draft international standard', 'automotive_design', 1998, #3579 ) ;
#7681 = PRODUCT_RELATED_PRODUCT_CATEGORY ( 'part', '', ( #4093 ) ) ;
#7682 = EDGE_CURVE ( 'NONE', #3038, #546, #6312, .T. ) ;
#7684 = ADVANCED_FACE ( 'NONE', ( #1930 ), #5124, .T. ) ;
#7683 = DIRECTION ( 'NONE',  ( 0.000000000000000000, 1.000000000000000000, 0.000000000000000000 ) ) ;
#7685 = ORIENTED_EDGE ( 'NONE', *, *, #6134, .F. ) ;
#7686 = SURFACE_STYLE_FILL_AREA ( #3471 ) ;
#7687 = CARTESIAN_POINT ( 'NONE',  ( -9.500000000000005329, 0.4999999999999995559, -7.864218330839952031 ) ) ;
#7688 = DIRECTION ( 'NONE',  ( 0.000000000000000000, 0.000000000000000000, 1.000000000000000000 ) ) ;
#7689 = CARTESIAN_POINT ( 'NONE',  ( -10.50000000000000355, 0.000000000000000000, -2.999999999999999112 ) ) ;
#7690 = ORIENTED_EDGE ( 'NONE', *, *, #3575, .T. ) ;
#7691 = AXIS2_PLACEMENT_3D ( 'NONE', #3883, #3156, #7522 ) ;
#7692 = EDGE_CURVE ( 'NONE', #1163, #2891, #6192, .T. ) ;
#7693 = ORIENTED_EDGE ( 'NONE', *, *, #4167, .T. ) ;
#7694 = VECTOR ( 'NONE', #5695, 1000.000000000000000 ) ;
#7695 = CARTESIAN_POINT ( 'NONE',  ( -9.500000000000001776, 7.500000000000000000, 9.500000000000000000 ) ) ;
#7696 = LINE ( 'NONE', #5257, #2883 ) ;
#7697 = LINE ( 'NONE', #5856, #3137 ) ;
#7698 = ORIENTED_EDGE ( 'NONE', *, *, #6214, .T. ) ;
#7699 = AXIS2_PLACEMENT_3D ( 'NONE', #7091, #4049, #7771 ) ;
#7700 = ADVANCED_FACE ( 'NONE', ( #7558 ), #4520, .F. ) ;
#7701 = ORIENTED_EDGE ( 'NONE', *, *, #2682, .F. ) ;
#7702 = LINE ( 'NONE', #6463, #1581 ) ;
#7703 = CARTESIAN_POINT ( 'NONE',  ( 5.999999999999999112, -1.199999999999998623, 0.1000000000000000056 ) ) ;
#7704 = VECTOR ( 'NONE', #6541, 1000.000000000000000 ) ;
#7705 = AXIS2_PLACEMENT_3D ( 'NONE', #4020, #5344, #2940 ) ;
#7706 = EDGE_CURVE ( 'NONE', #5214, #735, #1362, .T. ) ;
#7707 = CARTESIAN_POINT ( 'NONE',  ( 0.5000000000000000000, 6.123233995736766036E-17, 0.1000000000000000056 ) ) ;
#7708 = VERTEX_POINT ( 'NONE', #5719 ) ;
#7709 = FACE_OUTER_BOUND ( 'NONE', #650, .T. ) ;
#7710 = EDGE_LOOP ( 'NONE', ( #7202, #2778, #5083, #1397 ) ) ;
#7711 = DIRECTION ( 'NONE',  ( 1.000000000000000000, 0.000000000000000000, 0.000000000000000000 ) ) ;
#7712 = ORIENTED_EDGE ( 'NONE', *, *, #6239, .F. ) ;
#7713 = CARTESIAN_POINT ( 'NONE',  ( 17.50000000000000355, 0.000000000000000000, -3.249999999999994227 ) ) ;
#7714 = DIRECTION ( 'NONE',  ( 1.000000000000000000, 0.000000000000000000, 0.000000000000000000 ) ) ;
#7715 = ADVANCED_FACE ( 'NONE', ( #4480 ), #719, .T. ) ;
#7716 = DIRECTION ( 'NONE',  ( 2.168404344971008868E-16, -1.000000000000000000, 0.000000000000000000 ) ) ;
#7717 = DIRECTION ( 'NONE',  ( 0.000000000000000000, 0.000000000000000000, 1.000000000000000000 ) ) ;
#7718 = FACE_OUTER_BOUND ( 'NONE', #3866, .T. ) ;
#7719 = VERTEX_POINT ( 'NONE', #6873 ) ;
#7720 = ORIENTED_EDGE ( 'NONE', *, *, #130, .T. ) ;
#7721 = LINE ( 'NONE', #7766, #4712 ) ;
#7722 = ORIENTED_EDGE ( 'NONE', *, *, #305, .T. ) ;
#7723 = DIRECTION ( 'NONE',  ( 0.000000000000000000, 1.000000000000000000, 0.000000000000000000 ) ) ;
#7724 = CARTESIAN_POINT ( 'NONE',  ( 4.299999999999999822, -1.199999999999998623, 0.000000000000000000 ) ) ;
#7725 =( REPRESENTATION_RELATIONSHIP ('NONE','NONE', #6776, #5154 ) REPRESENTATION_RELATIONSHIP_WITH_TRANSFORMATION ( #2546 )SHAPE_REPRESENTATION_RELATIONSHIP( ) );
#7726 = CARTESIAN_POINT ( 'NONE',  ( 0.000000000000000000, 3.249999999999999556, 0.5000000000000000000 ) ) ;
#7727 = LINE ( 'NONE', #4736, #2626 ) ;
#7728 = ORIENTED_EDGE ( 'NONE', *, *, #2394, .T. ) ;
#7729 = CIRCLE ( 'NONE', #5052, 1.499999999999999556 ) ;
#7730 = ORIENTED_EDGE ( 'NONE', *, *, #1461, .T. ) ;
#7731 = DIRECTION ( 'NONE',  ( -1.000000000000000000, 0.000000000000000000, 0.000000000000000000 ) ) ;
#7732 = DIRECTION ( 'NONE',  ( -1.000000000000000000, -0.000000000000000000, -0.000000000000000000 ) ) ;
#7733 = CARTESIAN_POINT ( 'NONE',  ( -6.770000000000000462, -3.270000000000000462, 0.000000000000000000 ) ) ;
#7734 = AXIS2_PLACEMENT_3D ( 'NONE', #4473, #2715, #829 ) ;
#7735 = VECTOR ( 'NONE', #3774, 1000.000000000000000 ) ;
#7736 = EDGE_CURVE ( 'NONE', #6481, #3722, #6148, .T. ) ;
#7737 = ADVANCED_FACE ( 'NONE', ( #762 ), #5676, .T. ) ;
#7738 = VERTEX_POINT ( 'NONE', #6791 ) ;
#7739 = EDGE_LOOP ( 'NONE', ( #2709, #9, #4857, #567 ) ) ;
#7740 = VERTEX_POINT ( 'NONE', #877 ) ;
#7741 = AXIS2_PLACEMENT_3D ( 'NONE', #456, #2272, #2819 ) ;
#7742 = AXIS2_PLACEMENT_3D ( 'NONE', #5930, #7211, #2860 ) ;
#7743 = VECTOR ( 'NONE', #5464, 1000.000000000000000 ) ;
#7744 = DIRECTION ( 'NONE',  ( 1.000000000000000000, 0.000000000000000000, 4.956352788505165240E-16 ) ) ;
#7745 = CARTESIAN_POINT ( 'NONE',  ( -17.50000000000000000, 0.000000000000000000, -10.50000000000000000 ) ) ;
#7746 = CARTESIAN_POINT ( 'NONE',  ( 13.24999999999999822, 7.500000000000000000, -0.9999999999999995559 ) ) ;
#7747 = EDGE_CURVE ( 'NONE', #4818, #5471, #1954, .T. ) ;
#7748 = ORIENTED_EDGE ( 'NONE', *, *, #521, .T. ) ;
#7749 = VECTOR ( 'NONE', #6144, 1000.000000000000000 ) ;
#7750 = CARTESIAN_POINT ( 'NONE',  ( 14.74999999999999822, -16.34050177399711501, -0.9999999999999995559 ) ) ;
#7751 = VECTOR ( 'NONE', #4860, 1000.000000000000000 ) ;
#7752 = ORIENTED_EDGE ( 'NONE', *, *, #5734, .T. ) ;
#7753 = EDGE_CURVE ( 'NONE', #1386, #5091, #151, .T. ) ;
#7754 = DIRECTION ( 'NONE',  ( 0.000000000000000000, 0.000000000000000000, 1.000000000000000000 ) ) ;
#7755 = EDGE_LOOP ( 'NONE', ( #3062, #2206, #6799, #5445 ) ) ;
#7756 = AXIS2_PLACEMENT_3D ( 'NONE', #5425, #7350, #5358 ) ;
#7757 = DIRECTION ( 'NONE',  ( -0.000000000000000000, 1.000000000000000000, -0.000000000000000000 ) ) ;
#7758 = DIRECTION ( 'NONE',  ( 1.000000000000000000, 0.000000000000000000, 0.000000000000000000 ) ) ;
#7759 = DIRECTION ( 'NONE',  ( -1.000000000000000000, 0.000000000000000000, 0.000000000000000000 ) ) ;
#7760 = CARTESIAN_POINT ( 'NONE',  ( 9.499999999999998224, -16.34050177399711501, -7.600000000000000533 ) ) ;
#7761 = VERTEX_POINT ( 'NONE', #162 ) ;
#7762 = CARTESIAN_POINT ( 'NONE',  ( -6.050000000000000711, 2.000000000000000000, 0.000000000000000000 ) ) ;
#7763 = VERTEX_POINT ( 'NONE', #3313 ) ;
#7764 = EDGE_CURVE ( 'NONE', #2975, #701, #5511, .T. ) ;
#7765 = EDGE_CURVE ( 'NONE', #6362, #972, #799, .T. ) ;
#7766 = CARTESIAN_POINT ( 'NONE',  ( -6.770000000000003126, 3.500000000000000888, 0.000000000000000000 ) ) ;
#7767 = ORIENTED_EDGE ( 'NONE', *, *, #1280, .T. ) ;
#7768 =( LENGTH_UNIT ( ) NAMED_UNIT ( * ) SI_UNIT ( .MILLI., .METRE. ) );
#7769 = CARTESIAN_POINT ( 'NONE',  ( 15.49999999999999822, 7.500000000000000000, 1.750000000000000666 ) ) ;
#7770 = AXIS2_PLACEMENT_3D ( 'NONE', #1787, #3612, #6646 ) ;
#7771 = DIRECTION ( 'NONE',  ( 0.000000000000000000, 0.000000000000000000, -1.000000000000000000 ) ) ;
#7772 = CARTESIAN_POINT ( 'NONE',  ( -10.50000000000000533, 0.000000000000000000, 10.50000000000000355 ) ) ;
#7773 = VECTOR ( 'NONE', #310, 1000.000000000000000 ) ;
#7774 = ADVANCED_BREP_SHAPE_REPRESENTATION ( '', ( #3755, #1166 ), #1697 ) ;
#7775 = EDGE_LOOP ( 'NONE', ( #3199, #875, #831, #7330 ) ) ;
#7776 = VERTEX_POINT ( 'NONE', #5758 ) ;
#7777 = AXIS2_PLACEMENT_3D ( 'NONE', #4301, #1869, #1835 ) ;
#7778 = CARTESIAN_POINT ( 'NONE',  ( 6.799999999999998046, 3.299999999999999822, -1.399999999999999911 ) ) ;
#7779 = LINE ( 'NONE', #2231, #970 ) ;
#7780 = DIRECTION ( 'NONE',  ( 0.000000000000000000, 0.000000000000000000, -1.000000000000000000 ) ) ;
#7781 = VECTOR ( 'NONE', #4330, 1000.000000000000000 ) ;
#7782 = EDGE_LOOP ( 'NONE', ( #6961, #1701, #1247, #4665 ) ) ;
#7783 = AXIS2_PLACEMENT_3D ( 'NONE', #5673, #7518, #3344 ) ;
#7784 = VERTEX_POINT ( 'NONE', #2723 ) ;
#7785 = ORIENTED_EDGE ( 'NONE', *, *, #4432, .T. ) ;
#7786 = ORIENTED_EDGE ( 'NONE', *, *, #7630, .T. ) ;
#7787 = ADVANCED_FACE ( 'NONE', ( #5085 ), #2054, .T. ) ;
#7788 = EDGE_CURVE ( 'NONE', #5968, #4184, #6475, .T. ) ;
#7789 = LINE ( 'NONE', #3535, #6299 ) ;
#7790 = DIRECTION ( 'NONE',  ( -1.000000000000000000, -0.000000000000000000, -4.956352788505166226E-16 ) ) ;
#7791 = FACE_OUTER_BOUND ( 'NONE', #1546, .T. ) ;
#7792 = ORIENTED_EDGE ( 'NONE', *, *, #1840, .F. ) ;
#7793 = DIRECTION ( 'NONE',  ( -0.000000000000000000, 1.000000000000000000, 0.000000000000000000 ) ) ;
#7794 = VERTEX_POINT ( 'NONE', #7598 ) ;
#7795 = DIRECTION ( 'NONE',  ( 0.000000000000000000, -0.000000000000000000, -1.000000000000000000 ) ) ;
#7796 = ORIENTED_EDGE ( 'NONE', *, *, #4054, .T. ) ;
#7797 = ADVANCED_FACE ( 'NONE', ( #2171 ), #438, .T. ) ;
#7798 = CARTESIAN_POINT ( 'NONE',  ( -8.604945506379110043, 0.4999999999999995559, -9.695652173913043015 ) ) ;
#7799 =( LENGTH_UNIT ( ) NAMED_UNIT ( * ) SI_UNIT ( .MILLI., .METRE. ) );
#7800 = DIRECTION ( 'NONE',  ( -1.000000000000000000, 0.000000000000000000, 0.000000000000000000 ) ) ;
#7801 = DIRECTION ( 'NONE',  ( -0.000000000000000000, -1.000000000000000000, 0.000000000000000000 ) ) ;
#7802 = ORIENTED_EDGE ( 'NONE', *, *, #2028, .F. ) ;
#7803 = ORIENTED_EDGE ( 'NONE', *, *, #914, .F. ) ;
#7804 = DIRECTION ( 'NONE',  ( 0.000000000000000000, -1.000000000000000000, 0.000000000000000000 ) ) ;
#7805 = ORIENTED_EDGE ( 'NONE', *, *, #5129, .F. ) ;
#7806 = CARTESIAN_POINT ( 'NONE',  ( 13.99999999999999822, 0.000000000000000000, 0.2500000000000002220 ) ) ;
#7807 = CARTESIAN_POINT ( 'NONE',  ( 0.000000000000000000, 0.000000000000000000, -18.00000000000000000 ) ) ;
#7808 = CYLINDRICAL_SURFACE ( 'NONE', #5145, 0.5500000000000010436 ) ;
#7809 = EDGE_CURVE ( 'NONE', #3491, #2360, #3981, .T. ) ;
#7810 = EDGE_CURVE ( 'NONE', #4241, #5742, #2836, .T. ) ;
#7811 = CARTESIAN_POINT ( 'NONE',  ( 13.24999999999999822, 0.5000000000000004441, 1.000000000000001110 ) ) ;
#7812 = ORIENTED_EDGE ( 'NONE', *, *, #1175, .F. ) ;
#7813 = ORIENTED_EDGE ( 'NONE', *, *, #1593, .T. ) ;
#7814 = VECTOR ( 'NONE', #5234, 1000.000000000000000 ) ;
#7815 = AXIS2_PLACEMENT_3D ( 'NONE', #3348, #7673, #5794 ) ;
#7816 = DIRECTION ( 'NONE',  ( 1.000000000000000000, 0.000000000000000000, 0.000000000000000000 ) ) ;
#7817 = SHAPE_REPRESENTATION ( 'HEPI-SiO2', ( #1894, #3163, #4830, #5213 ), #5337 ) ;
#7818 = EDGE_CURVE ( 'NONE', #5298, #6501, #7119, .T. ) ;
#7819 = PRESENTATION_STYLE_ASSIGNMENT (( #1668 ) ) ;
#7820 = CARTESIAN_POINT ( 'NONE',  ( 15.50000000000000178, 0.000000000000000000, -4.949999999999998401 ) ) ;
#7821 = EDGE_LOOP ( 'NONE', ( #6888, #2243, #7407, #824 ) ) ;
#7822 = ORIENTED_EDGE ( 'NONE', *, *, #1204, .F. ) ;
#7823 = CIRCLE ( 'NONE', #6663, 1.500000000000000222 ) ;
#7824 = VERTEX_POINT ( 'NONE', #1524 ) ;
#7825 = AXIS2_PLACEMENT_3D ( 'NONE', #6804, #3767, #4214 ) ;
#7826 = DIRECTION ( 'NONE',  ( 0.000000000000000000, 0.000000000000000000, 1.000000000000000000 ) ) ;
#7827 = CARTESIAN_POINT ( 'NONE',  ( -9.000000000000007105, 0.000000000000000000, -9.000000000000001776 ) ) ;
#7828 = CARTESIAN_POINT ( 'NONE',  ( -6.769999999999998685, 0.000000000000000000, -3.270000000000000018 ) ) ;
#7829 = VECTOR ( 'NONE', #1810, 1000.000000000000000 ) ;
#7830 = ORIENTED_EDGE ( 'NONE', *, *, #4288, .F. ) ;
#7831 = EDGE_CURVE ( 'NONE', #7408, #3881, #3592, .T. ) ;
#7832 = DIRECTION ( 'NONE',  ( -0.000000000000000000, -1.000000000000000000, -0.000000000000000000 ) ) ;
#7833 =( REPRESENTATION_RELATIONSHIP ('NONE','NONE', #7817, #6776 ) REPRESENTATION_RELATIONSHIP_WITH_TRANSFORMATION ( #322 )SHAPE_REPRESENTATION_RELATIONSHIP( ) );
#7834 = ORIENTED_EDGE ( 'NONE', *, *, #2394, .F. ) ;
#7835 = AXIS2_PLACEMENT_3D ( 'NONE', #3143, #5423, #2361 ) ;
#7836 = CARTESIAN_POINT ( 'NONE',  ( 17.50000000000000000, 0.4999999999999995559, 10.49999999999999645 ) ) ;
#7837 = ORIENTED_EDGE ( 'NONE', *, *, #4687, .T. ) ;
#7838 = VECTOR ( 'NONE', #424, 1000.000000000000000 ) ;
#7839 = CARTESIAN_POINT ( 'NONE',  ( -0.4299999999999999378, 0.1750000000000000167, -3.069999999999999396 ) ) ;
#7840 = DIRECTION ( 'NONE',  ( 0.000000000000000000, 0.000000000000000000, 1.000000000000000000 ) ) ;
#7841 = PLANE ( 'NONE',  #4300 ) ;
#7842 = VERTEX_POINT ( 'NONE', #3960 ) ;
#7843 = ADVANCED_FACE ( 'NONE', ( #2249 ), #7035, .F. ) ;
#7844 = EDGE_CURVE ( 'NONE', #496, #4495, #4748, .T. ) ;
#7845 = ORIENTED_EDGE ( 'NONE', *, *, #3991, .T. ) ;
#7846 = DIRECTION ( 'NONE',  ( 1.000000000000000000, -0.000000000000000000, 4.956352788505166226E-16 ) ) ;
#7847 = ORIENTED_EDGE ( 'NONE', *, *, #6996, .T. ) ;
#7848 = DIRECTION ( 'NONE',  ( 1.000000000000000000, 2.168404344971007882E-16, -0.000000000000000000 ) ) ;
#7849 = CARTESIAN_POINT ( 'NONE',  ( -17.50000000000000000, 7.500000000000000000, 10.50000000000000000 ) ) ;
#7850 = DIRECTION ( 'NONE',  ( -0.000000000000000000, 1.000000000000000000, -0.000000000000000000 ) ) ;
#7851 = CARTESIAN_POINT ( 'NONE',  ( 16.00000000000000000, 0.000000000000000000, -10.04999999999999893 ) ) ;
#7852 = ORIENTED_EDGE ( 'NONE', *, *, #7008, .F. ) ;
#7853 = EDGE_LOOP ( 'NONE', ( #871, #2832 ) ) ;
#7854 = EDGE_CURVE ( 'NONE', #126, #7258, #916, .T. ) ;
#7855 = DIRECTION ( 'NONE',  ( 0.000000000000000000, 1.000000000000000000, 0.000000000000000000 ) ) ;
#7856 = DIRECTION ( 'NONE',  ( 0.000000000000000000, 0.000000000000000000, 1.000000000000000000 ) ) ;
#7857 = CIRCLE ( 'NONE', #6061, 0.5500000000000010436 ) ;
#7858 = ORIENTED_EDGE ( 'NONE', *, *, #4708, .F. ) ;
#7859 =( NAMED_UNIT ( * ) PLANE_ANGLE_UNIT ( ) SI_UNIT ( $, .RADIAN. ) );
#7860 = ORIENTED_EDGE ( 'NONE', *, *, #3769, .F. ) ;
#7861 = EDGE_CURVE ( 'NONE', #5195, #4677, #2457, .T. ) ;
#7862 = DIRECTION ( 'NONE',  ( 0.000000000000000000, 1.000000000000000000, 0.000000000000000000 ) ) ;
#7863 = DIRECTION ( 'NONE',  ( 0.000000000000000000, 0.000000000000000000, 1.000000000000000000 ) ) ;
#7864 = PLANE ( 'NONE',  #4648 ) ;
#7865 = VECTOR ( 'NONE', #6564, 1000.000000000000000 ) ;
#7866 = LINE ( 'NONE', #2434, #580 ) ;
#7867 = CARTESIAN_POINT ( 'NONE',  ( 6.769999999999996909, 3.500000000000000888, 0.000000000000000000 ) ) ;
#7868 = VERTEX_POINT ( 'NONE', #3504 ) ;
#7869 = ADVANCED_BREP_SHAPE_REPRESENTATION ( '', ( #6401, #1166 ), #6536 ) ;
#7870 = FACE_BOUND ( 'NONE', #4106, .T. ) ;
#7871 = AXIS2_PLACEMENT_3D ( 'NONE', #4864, #6655, #1866 ) ;
#7872 = CIRCLE ( 'NONE', #70, 0.5500000000000010436 ) ;
#7873 = EDGE_LOOP ( 'NONE', ( #2797, #1060, #393, #1070 ) ) ;
#7874 = FACE_OUTER_BOUND ( 'NONE', #2133, .T. ) ;
#7875 = VERTEX_POINT ( 'NONE', #2760 ) ;
#7876 = PLANE ( 'NONE',  #4637 ) ;
#7877 = LINE ( 'NONE', #2523, #6720 ) ;
#7878 = LINE ( 'NONE', #3629, #7622 ) ;
#7879 = AXIS2_PLACEMENT_3D ( 'NONE', #1625, #4061, #1706 ) ;
#7880 = CIRCLE ( 'NONE', #975, 0.5000000000000000000 ) ;
#7881 = VERTEX_POINT ( 'NONE', #2290 ) ;
#7882 = AXIS2_PLACEMENT_3D ( 'NONE', #2115, #4468, #2074 ) ;
#7883 = ORIENTED_EDGE ( 'NONE', *, *, #6509, .F. ) ;
#7884 = AXIS2_PLACEMENT_3D ( 'NONE', #7121, #5837, #1563 ) ;
#7885 = CARTESIAN_POINT ( 'NONE',  ( -10.50000000000000355, 0.4999999999999995559, -2.999999999999999112 ) ) ;
#7886 = ORIENTED_EDGE ( 'NONE', *, *, #4675, .F. ) ;
#7887 = AXIS2_PLACEMENT_3D ( 'NONE', #7501, #896, #7615 ) ;
#7888 = FACE_OUTER_BOUND ( 'NONE', #608, .T. ) ;
#7889 = DIRECTION ( 'NONE',  ( -1.000000000000000000, -2.168404344971008868E-16, 0.000000000000000000 ) ) ;
#7890 = ADVANCED_FACE ( 'NONE', ( #395 ), #1600, .T. ) ;
#7891 = ADVANCED_FACE ( 'NONE', ( #7157 ), #952, .F. ) ;
#7892 = CARTESIAN_POINT ( 'NONE',  ( -6.569999999999999396, 0.1750000000000000167, -3.069999999999999396 ) ) ;
#7893 = PLANE ( 'NONE',  #3125 ) ;
#7894 = AXIS2_PLACEMENT_3D ( 'NONE', #3166, #5611, #129 ) ;
#7895 = ORIENTED_EDGE ( 'NONE', *, *, #5099, .T. ) ;
#7896 = ORIENTED_EDGE ( 'NONE', *, *, #4901, .T. ) ;
#7897 = DIRECTION ( 'NONE',  ( 0.000000000000000000, 1.000000000000000000, 0.000000000000000000 ) ) ;
#7898 = EDGE_CURVE ( 'NONE', #1770, #3334, #7050, .T. ) ;
#7899 = CARTESIAN_POINT ( 'NONE',  ( -9.000000000000007105, 0.4999999999999995559, 9.000000000000001776 ) ) ;
#7900 = CARTESIAN_POINT ( 'NONE',  ( -6.569999999999999396, 0.7500000000000000000, -3.069999999999999396 ) ) ;
#7901 = ORIENTED_EDGE ( 'NONE', *, *, #3671, .T. ) ;
#7902 = AXIS2_PLACEMENT_3D ( 'NONE', #5941, #2944, #4786 ) ;
#7903 =( NAMED_UNIT ( * ) SI_UNIT ( $, .STERADIAN. ) SOLID_ANGLE_UNIT ( ) );
#7904 = EDGE_LOOP ( 'NONE', ( #4037, #1274, #4969, #5321 ) ) ;
#7905 = PRODUCT_DEFINITION_SHAPE ( 'NONE', 'NONE',  #7542 ) ;
#7906 = LINE ( 'NONE', #2430, #7751 ) ;
#7907 = DIRECTION ( 'NONE',  ( 0.000000000000000000, 0.000000000000000000, 1.000000000000000000 ) ) ;
#7908 = CARTESIAN_POINT ( 'NONE',  ( -9.250000000000001776, 3.249999999999999556, -18.50000000000000000 ) ) ;
#7909 = VECTOR ( 'NONE', #624, 1000.000000000000000 ) ;
#7910 = DIRECTION ( 'NONE',  ( -0.000000000000000000, 0.000000000000000000, -1.000000000000000000 ) ) ;
#7911 = AXIS2_PLACEMENT_3D ( 'NONE', #4906, #4388, #4227 ) ;
#7912 = EDGE_CURVE ( 'NONE', #6548, #956, #3457, .T. ) ;
#7913 = PLANE ( 'NONE',  #107 ) ;
#7914 = ADVANCED_FACE ( 'NONE', ( #7080 ), #2799, .F. ) ;
#7915 = ORIENTED_EDGE ( 'NONE', *, *, #3102, .T. ) ;
#7916 = LINE ( 'NONE', #3026, #1254 ) ;
#7917 = VECTOR ( 'NONE', #5166, 1000.000000000000000 ) ;
#7918 = ORIENTED_EDGE ( 'NONE', *, *, #7510, .F. ) ;
#7919 = LINE ( 'NONE', #2439, #3650 ) ;
#7920 = CYLINDRICAL_SURFACE ( 'NONE', #3869, 0.2500000000000000000 ) ;
#7921 = DIRECTION ( 'NONE',  ( 1.000000000000000000, 0.000000000000000000, 0.000000000000000000 ) ) ;
#7922 = NEXT_ASSEMBLY_USAGE_OCCURRENCE ( 'NAUO1', ' ', ' ', #2702, #1777, $ ) ;
#7923 = NEXT_ASSEMBLY_USAGE_OCCURRENCE ( 'NAUO2', ' ', ' ', #2702, #3040, $ ) ;
#7924 = NEXT_ASSEMBLY_USAGE_OCCURRENCE ( 'NAUO3', ' ', ' ', #2702, #1, $ ) ;
#7925 = NEXT_ASSEMBLY_USAGE_OCCURRENCE ( 'NAUO4', ' ', ' ', #1, #6603, $ ) ;
#7926 = NEXT_ASSEMBLY_USAGE_OCCURRENCE ( 'NAUO5', ' ', ' ', #1, #104, $ ) ;
#7927 = NEXT_ASSEMBLY_USAGE_OCCURRENCE ( 'NAUO6', ' ', ' ', #1, #449, $ ) ;
#7928 = NEXT_ASSEMBLY_USAGE_OCCURRENCE ( 'NAUO7', ' ', ' ', #1, #7542, $ ) ;
#7929 = NEXT_ASSEMBLY_USAGE_OCCURRENCE ( 'NAUO8', ' ', ' ', #6603, #689, $ ) ;
#7930 = NEXT_ASSEMBLY_USAGE_OCCURRENCE ( 'NAUO9', ' ', ' ', #6603, #4462, $ ) ;
ENDSEC;
END-ISO-10303-21;
