ISO-10303-21;
HEADER;
FILE_DESCRIPTION (( 'STEP AP214' ),
    '1' );
FILE_NAME ('Back plate.STEP',
    '2026-01-09T12:25:55',
    ( '' ),
    ( '' ),
    'SwSTEP 2.0',
    'SolidWorks 2024',
    '' );
FILE_SCHEMA (( 'AUTOMOTIVE_DESIGN' ));
ENDSEC;

DATA;
#1 = ORIENTED_EDGE ( 'NONE', *, *, #2364, .F. ) ;
#2 = DIRECTION ( 'NONE',  ( -0.000000000000000000, -0.000000000000000000, -1.000000000000000000 ) ) ;
#3 = EDGE_CURVE ( 'NONE', #259, #2264, #1346, .T. ) ;
#4 = ORIENTED_EDGE ( 'NONE', *, *, #479, .F. ) ;
#5 = DIRECTION ( 'NONE',  ( 0.000000000000000000, -0.000000000000000000, -1.000000000000000000 ) ) ;
#6 = DIRECTION ( 'NONE',  ( -1.000000000000000000, 0.000000000000000000, 0.000000000000000000 ) ) ;
#7 = EDGE_LOOP ( 'NONE', ( #1105, #546 ) ) ;
#8 = LINE ( 'NONE', #755, #2079 ) ;
#9 = CARTESIAN_POINT ( 'NONE',  ( 21.64999999999999503, 20.50000000000000000, 3.000000000000000000 ) ) ;
#10 = VERTEX_POINT ( 'NONE', #1370 ) ;
#11 = EDGE_CURVE ( 'NONE', #848, #645, #1521, .T. ) ;
#12 = AXIS2_PLACEMENT_3D ( 'NONE', #2026, #2016, #1506 ) ;
#13 = EDGE_CURVE ( 'NONE', #745, #866, #1750, .T. ) ;
#14 = FACE_OUTER_BOUND ( 'NONE', #1785, .T. ) ;
#15 = CIRCLE ( 'NONE', #371, 2.000000000000001776 ) ;
#16 = DIRECTION ( 'NONE',  ( -0.000000000000000000, -0.000000000000000000, 1.000000000000000000 ) ) ;
#17 = VECTOR ( 'NONE', #1935, 1000.000000000000000 ) ;
#18 = ORIENTED_EDGE ( 'NONE', *, *, #1180, .T. ) ;
#19 = DIRECTION ( 'NONE',  ( 1.000000000000000000, 0.000000000000000000, 0.000000000000000000 ) ) ;
#20 = MECHANICAL_DESIGN_GEOMETRIC_PRESENTATION_REPRESENTATION (  '', ( #2047 ), #725 ) ;
#21 = CARTESIAN_POINT ( 'NONE',  ( 21.89999999999999503, -37.60000000000000853, 3.000000000000000000 ) ) ;
#22 = ORIENTED_EDGE ( 'NONE', *, *, #1791, .T. ) ;
#23 = LINE ( 'NONE', #981, #635 ) ;
#24 = CIRCLE ( 'NONE', #60, 2.000000000000001776 ) ;
#25 = DIRECTION ( 'NONE',  ( -0.000000000000000000, 0.000000000000000000, -1.000000000000000000 ) ) ;
#26 = DIRECTION ( 'NONE',  ( -0.000000000000000000, -0.000000000000000000, -1.000000000000000000 ) ) ;
#27 = CIRCLE ( 'NONE', #1126, 1.449999999999999956 ) ;
#28 = DIRECTION ( 'NONE',  ( -0.000000000000000000, -0.000000000000000000, 1.000000000000000000 ) ) ;
#29 = EDGE_CURVE ( 'NONE', #694, #1890, #67, .T. ) ;
#30 = ORIENTED_EDGE ( 'NONE', *, *, #2029, .F. ) ;
#31 = CARTESIAN_POINT ( 'NONE',  ( -18.89999999999999147, 32.50000000000000711, 2.000000000000000000 ) ) ;
#32 = DIRECTION ( 'NONE',  ( -0.000000000000000000, 0.000000000000000000, -1.000000000000000000 ) ) ;
#33 = EDGE_LOOP ( 'NONE', ( #1100, #2394, #1993, #1254 ) ) ;
#34 = DIRECTION ( 'NONE',  ( -0.000000000000000000, -0.000000000000000000, 1.000000000000000000 ) ) ;
#35 = DIRECTION ( 'NONE',  ( -0.000000000000000000, 0.000000000000000000, -1.000000000000000000 ) ) ;
#36 = ORIENTED_EDGE ( 'NONE', *, *, #3, .F. ) ;
#37 = CARTESIAN_POINT ( 'NONE',  ( 18.89999999999999503, 20.50000000000000000, 3.000000000000000000 ) ) ;
#38 = VERTEX_POINT ( 'NONE', #1565 ) ;
#39 = DIRECTION ( 'NONE',  ( -0.000000000000000000, -0.000000000000000000, 1.000000000000000000 ) ) ;
#40 = EDGE_CURVE ( 'NONE', #1202, #2334, #522, .T. ) ;
#41 = CARTESIAN_POINT ( 'NONE',  ( 25.89999999999999858, 37.59999999999997300, 3.000000000000000000 ) ) ;
#42 = VERTEX_POINT ( 'NONE', #1795 ) ;
#43 = CARTESIAN_POINT ( 'NONE',  ( -18.89999999999999858, 20.50000000000000355, -0.5000000000000000000 ) ) ;
#44 = EDGE_CURVE ( 'NONE', #789, #820, #1758, .T. ) ;
#45 = FACE_OUTER_BOUND ( 'NONE', #2347, .T. ) ;
#46 = ORIENTED_EDGE ( 'NONE', *, *, #558, .T. ) ;
#47 = EDGE_CURVE ( 'NONE', #586, #275, #1536, .T. ) ;
#48 = DIRECTION ( 'NONE',  ( 0.000000000000000000, -0.000000000000000000, -1.000000000000000000 ) ) ;
#49 = CIRCLE ( 'NONE', #1070, 2.749999999999999112 ) ;
#50 = VECTOR ( 'NONE', #730, 1000.000000000000000 ) ;
#51 = DIRECTION ( 'NONE',  ( 0.000000000000000000, 0.000000000000000000, -1.000000000000000000 ) ) ;
#52 = CARTESIAN_POINT ( 'NONE',  ( 21.89999999999999503, -35.60000000000001563, 0.000000000000000000 ) ) ;
#53 = FACE_OUTER_BOUND ( 'NONE', #2171, .T. ) ;
#54 = ORIENTED_EDGE ( 'NONE', *, *, #1760, .T. ) ;
#55 = DIRECTION ( 'NONE',  ( -0.000000000000000000, 0.000000000000000000, 1.000000000000000000 ) ) ;
#56 = AXIS2_PLACEMENT_3D ( 'NONE', #1143, #239, #1928 ) ;
#57 = DIRECTION ( 'NONE',  ( 1.000000000000000000, 0.000000000000000000, -0.000000000000000000 ) ) ;
#58 = EDGE_CURVE ( 'NONE', #1088, #2120, #794, .T. ) ;
#59 = DIRECTION ( 'NONE',  ( 1.000000000000000000, 0.000000000000000000, 0.000000000000000000 ) ) ;
#60 = AXIS2_PLACEMENT_3D ( 'NONE', #979, #576, #1894 ) ;
#61 = AXIS2_PLACEMENT_3D ( 'NONE', #320, #2360, #884 ) ;
#62 = CARTESIAN_POINT ( 'NONE',  ( -16.40000000000000924, -31.49999999999999289, 0.000000000000000000 ) ) ;
#63 = LINE ( 'NONE', #1535, #2057 ) ;
#64 = ORIENTED_EDGE ( 'NONE', *, *, #2226, .F. ) ;
#65 = DIRECTION ( 'NONE',  ( 0.000000000000000000, -0.000000000000000000, 1.000000000000000000 ) ) ;
#66 = DIRECTION ( 'NONE',  ( -0.000000000000000000, 0.000000000000000000, -1.000000000000000000 ) ) ;
#67 = LINE ( 'NONE', #590, #1659 ) ;
#68 = EDGE_CURVE ( 'NONE', #836, #1607, #511, .T. ) ;
#69 = CARTESIAN_POINT ( 'NONE',  ( -16.15000000000000568, 20.50000000000000000, 3.000000000000000000 ) ) ;
#70 = ADVANCED_FACE ( 'NONE', ( #1951 ), #827, .F. ) ;
#71 = CYLINDRICAL_SURFACE ( 'NONE', #2125, 2.000000000000001776 ) ;
#72 = ORIENTED_EDGE ( 'NONE', *, *, #1128, .T. ) ;
#73 = LINE ( 'NONE', #1391, #2400 ) ;
#74 = FACE_OUTER_BOUND ( 'NONE', #1868, .T. ) ;
#75 = EDGE_LOOP ( 'NONE', ( #30, #1797, #2411, #1155 ) ) ;
#76 = CARTESIAN_POINT ( 'NONE',  ( 23.90000000000000568, -37.60000000000000142, 4.000000000000000000 ) ) ;
#77 = ADVANCED_FACE ( 'NONE', ( #463 ), #2151, .F. ) ;
#78 = ORIENTED_EDGE ( 'NONE', *, *, #387, .F. ) ;
#79 = DIRECTION ( 'NONE',  ( -0.000000000000000000, -0.000000000000000000, 1.000000000000000000 ) ) ;
#80 = ADVANCED_FACE ( 'NONE', ( #1965 ), #864, .T. ) ;
#81 = CARTESIAN_POINT ( 'NONE',  ( 16.14999999999999858, 20.50000000000000000, 4.000000000000000000 ) ) ;
#82 = DIRECTION ( 'NONE',  ( -0.000000000000000000, -0.000000000000000000, 1.000000000000000000 ) ) ;
#83 = AXIS2_PLACEMENT_3D ( 'NONE', #1040, #263, #305 ) ;
#84 = ORIENTED_EDGE ( 'NONE', *, *, #1082, .F. ) ;
#85 = CARTESIAN_POINT ( 'NONE',  ( -23.89999999999999147, -39.60000000000000142, 4.000000000000000000 ) ) ;
#86 = AXIS2_PLACEMENT_3D ( 'NONE', #1778, #300, #629 ) ;
#87 = DIRECTION ( 'NONE',  ( 1.000000000000000000, 0.000000000000000000, 0.000000000000000000 ) ) ;
#88 = ORIENTED_EDGE ( 'NONE', *, *, #933, .T. ) ;
#89 = AXIS2_PLACEMENT_3D ( 'NONE', #465, #1386, #456 ) ;
#90 = CARTESIAN_POINT ( 'NONE',  ( 18.89999999999999858, -7.500000000000000000, 2.000000000000000000 ) ) ;
#91 = AXIS2_PLACEMENT_3D ( 'NONE', #2291, #2077, #1877 ) ;
#92 = EDGE_LOOP ( 'NONE', ( #793, #2144 ) ) ;
#93 = AXIS2_PLACEMENT_3D ( 'NONE', #251, #2266, #57 ) ;
#94 = CARTESIAN_POINT ( 'NONE',  ( -25.89999999999999858, 37.60000000000000142, 3.000000000000000000 ) ) ;
#95 = CIRCLE ( 'NONE', #180, 1.449999999999999956 ) ;
#96 = CARTESIAN_POINT ( 'NONE',  ( -21.89999999999999503, 37.60000000000000142, 3.000000000000000000 ) ) ;
#97 = AXIS2_PLACEMENT_3D ( 'NONE', #947, #1839, #907 ) ;
#98 = EDGE_CURVE ( 'NONE', #1472, #970, #1152, .T. ) ;
#99 = DIRECTION ( 'NONE',  ( 1.000000000000000000, 0.000000000000000000, 0.000000000000000000 ) ) ;
#100 = ORIENTED_EDGE ( 'NONE', *, *, #736, .T. ) ;
#101 = CARTESIAN_POINT ( 'NONE',  ( -21.40000000000000568, -31.49999999999999289, 0.000000000000000000 ) ) ;
#102 = DIRECTION ( 'NONE',  ( 1.000000000000000000, 0.000000000000000000, 0.000000000000000000 ) ) ;
#103 = CYLINDRICAL_SURFACE ( 'NONE', #879, 2.499999999999998668 ) ;
#104 = EDGE_LOOP ( 'NONE', ( #633, #404, #1199, #1033 ) ) ;
#105 = CARTESIAN_POINT ( 'NONE',  ( 18.89999999999999858, -14.50000000000000000, 1.700000000000001066 ) ) ;
#106 = EDGE_LOOP ( 'NONE', ( #1288, #1543, #1295, #553, #1622, #2236, #273, #1808 ) ) ;
#107 = EDGE_LOOP ( 'NONE', ( #1875, #195, #807, #335 ) ) ;
#108 =( NAMED_UNIT ( * ) SI_UNIT ( $, .STERADIAN. ) SOLID_ANGLE_UNIT ( ) );
#109 = FACE_BOUND ( 'NONE', #1417, .T. ) ;
#110 = DIRECTION ( 'NONE',  ( 0.000000000000000000, 0.000000000000000000, -1.000000000000000000 ) ) ;
#111 = VERTEX_POINT ( 'NONE', #1210 ) ;
#112 = CARTESIAN_POINT ( 'NONE',  ( -18.89999999999999147, -14.50000000000000000, 3.000000000000000000 ) ) ;
#113 = PLANE ( 'NONE',  #686 ) ;
#114 = ORIENTED_EDGE ( 'NONE', *, *, #1292, .F. ) ;
#115 = EDGE_CURVE ( 'NONE', #880, #1564, #169, .T. ) ;
#116 = CARTESIAN_POINT ( 'NONE',  ( 18.89999999999999858, -21.50000000000000000, 2.000000000000000000 ) ) ;
#117 = EDGE_CURVE ( 'NONE', #970, #1706, #2142, .T. ) ;
#118 = ORIENTED_EDGE ( 'NONE', *, *, #1223, .F. ) ;
#119 = EDGE_CURVE ( 'NONE', #1049, #1583, #2169, .T. ) ;
#120 = ORIENTED_EDGE ( 'NONE', *, *, #1863, .T. ) ;
#121 = CARTESIAN_POINT ( 'NONE',  ( 21.89999999999999503, 35.60000000000000142, 3.000000000000000000 ) ) ;
#122 = CARTESIAN_POINT ( 'NONE',  ( -18.89999999999999503, -14.50000000000000000, -0.5000000000000000000 ) ) ;
#123 = EDGE_LOOP ( 'NONE', ( #904, #1588, #1789, #1769 ) ) ;
#124 = DIRECTION ( 'NONE',  ( -0.000000000000000000, 0.000000000000000000, -1.000000000000000000 ) ) ;
#125 = DIRECTION ( 'NONE',  ( -0.000000000000000000, -0.000000000000000000, 1.000000000000000000 ) ) ;
#126 = VECTOR ( 'NONE', #1444, 1000.000000000000000 ) ;
#127 = CYLINDRICAL_SURFACE ( 'NONE', #964, 2.499999999999998668 ) ;
#128 = ORIENTED_EDGE ( 'NONE', *, *, #2312, .T. ) ;
#129 = DIRECTION ( 'NONE',  ( -0.000000000000000000, -0.000000000000000000, 1.000000000000000000 ) ) ;
#130 = CIRCLE ( 'NONE', #565, 2.499999999999998668 ) ;
#131 = ADVANCED_FACE ( 'NONE', ( #1612, #2353 ), #843, .T. ) ;
#132 = CIRCLE ( 'NONE', #1314, 3.499999999999999556 ) ;
#133 = ORIENTED_EDGE ( 'NONE', *, *, #1271, .T. ) ;
#134 = VECTOR ( 'NONE', #1619, 1000.000000000000000 ) ;
#135 = EDGE_LOOP ( 'NONE', ( #1715, #1555 ) ) ;
#136 = AXIS2_PLACEMENT_3D ( 'NONE', #2107, #579, #1509 ) ;
#137 = FACE_BOUND ( 'NONE', #282, .T. ) ;
#138 = VERTEX_POINT ( 'NONE', #1784 ) ;
#139 = CIRCLE ( 'NONE', #1086, 2.499999999999998668 ) ;
#140 = FACE_BOUND ( 'NONE', #938, .T. ) ;
#141 = DIRECTION ( 'NONE',  ( 1.000000000000000000, 0.000000000000000000, 0.000000000000000000 ) ) ;
#142 = CARTESIAN_POINT ( 'NONE',  ( 18.89999999999999858, -7.500000000000000000, 2.000000000000000000 ) ) ;
#143 = EDGE_LOOP ( 'NONE', ( #2418, #2303, #2328, #2343 ) ) ;
#144 = DIRECTION ( 'NONE',  ( 1.000000000000000000, 0.000000000000000000, 0.000000000000000000 ) ) ;
#145 = DIRECTION ( 'NONE',  ( 1.000000000000000000, 0.000000000000000000, 0.000000000000000000 ) ) ;
#146 = ORIENTED_EDGE ( 'NONE', *, *, #1529, .T. ) ;
#147 = EDGE_CURVE ( 'NONE', #1836, #720, #1849, .T. ) ;
#148 = EDGE_CURVE ( 'NONE', #1043, #111, #602, .T. ) ;
#149 = CARTESIAN_POINT ( 'NONE',  ( -23.89999999999999503, 35.60000000000000142, 0.000000000000000000 ) ) ;
#150 = CARTESIAN_POINT ( 'NONE',  ( -23.89999999999999503, 37.60000000000000142, 3.000000000000000000 ) ) ;
#151 = ORIENTED_EDGE ( 'NONE', *, *, #1884, .F. ) ;
#152 = PLANE ( 'NONE',  #1187 ) ;
#153 = EDGE_CURVE ( 'NONE', #2264, #580, #1430, .T. ) ;
#154 = FACE_OUTER_BOUND ( 'NONE', #669, .T. ) ;
#155 = PLANE ( 'NONE',  #612 ) ;
#156 = ORIENTED_EDGE ( 'NONE', *, *, #2250, .F. ) ;
#157 = LINE ( 'NONE', #357, #954 ) ;
#158 = CARTESIAN_POINT ( 'NONE',  ( 22.39999999999999858, 20.50000000000000355, -0.5000000000000000000 ) ) ;
#159 = VERTEX_POINT ( 'NONE', #1250 ) ;
#160 = FACE_OUTER_BOUND ( 'NONE', #167, .T. ) ;
#161 = LINE ( 'NONE', #1099, #1163 ) ;
#162 = ADVANCED_FACE ( 'NONE', ( #1991 ), #317, .F. ) ;
#163 = ORIENTED_EDGE ( 'NONE', *, *, #835, .T. ) ;
#164 = CARTESIAN_POINT ( 'NONE',  ( 17.44999999999999929, -14.50000000000000000, 1.700000000000001066 ) ) ;
#165 = PLANE ( 'NONE',  #2409 ) ;
#166 = DIRECTION ( 'NONE',  ( 1.000000000000000000, 0.000000000000000000, -0.000000000000000000 ) ) ;
#167 = EDGE_LOOP ( 'NONE', ( #36, #660, #1485, #2066 ) ) ;
#168 = CARTESIAN_POINT ( 'NONE',  ( -18.90000000000000568, -21.49999999999999645, 0.000000000000000000 ) ) ;
#169 = CIRCLE ( 'NONE', #870, 2.749999999999999112 ) ;
#170 = DIRECTION ( 'NONE',  ( -1.000000000000000000, 0.000000000000000000, -0.000000000000000000 ) ) ;
#171 = AXIS2_PLACEMENT_3D ( 'NONE', #379, #507, #324 ) ;
#172 = ORIENTED_EDGE ( 'NONE', *, *, #349, .F. ) ;
#173 = AXIS2_PLACEMENT_3D ( 'NONE', #739, #2387, #2227 ) ;
#174 = FACE_OUTER_BOUND ( 'NONE', #1017, .T. ) ;
#175 = VECTOR ( 'NONE', #2018, 1000.000000000000114 ) ;
#176 = ORIENTED_EDGE ( 'NONE', *, *, #1336, .T. ) ;
#177 = FACE_BOUND ( 'NONE', #1011, .T. ) ;
#178 = ADVANCED_FACE ( 'NONE', ( #1274 ), #1133, .F. ) ;
#179 = CARTESIAN_POINT ( 'NONE',  ( 20.34999999999999787, 20.50000000000000000, 1.700000000000001066 ) ) ;
#180 = AXIS2_PLACEMENT_3D ( 'NONE', #1103, #2062, #2071 ) ;
#181 = DIRECTION ( 'NONE',  ( -0.000000000000000000, -0.000000000000000000, -1.000000000000000000 ) ) ;
#182 = VERTEX_POINT ( 'NONE', #1873 ) ;
#183 = DIRECTION ( 'NONE',  ( -0.000000000000000000, -0.000000000000000000, 1.000000000000000000 ) ) ;
#184 = CIRCLE ( 'NONE', #1551, 2.499999999999998668 ) ;
#185 = DIRECTION ( 'NONE',  ( -0.000000000000000000, -0.000000000000000000, 1.000000000000000000 ) ) ;
#186 = VERTEX_POINT ( 'NONE', #1681 ) ;
#187 = DIRECTION ( 'NONE',  ( -1.000000000000000000, 0.000000000000000000, 0.000000000000000000 ) ) ;
#188 = ORIENTED_EDGE ( 'NONE', *, *, #1248, .F. ) ;
#189 = LINE ( 'NONE', #929, #2354 ) ;
#190 = DIRECTION ( 'NONE',  ( -0.000000000000000000, -0.000000000000000000, 1.000000000000000000 ) ) ;
#191 = VERTEX_POINT ( 'NONE', #1692 ) ;
#192 = DIRECTION ( 'NONE',  ( -1.000000000000000000, 0.000000000000000000, 0.000000000000000000 ) ) ;
#193 = DIRECTION ( 'NONE',  ( -1.000000000000000000, 0.000000000000000000, 0.000000000000000000 ) ) ;
#194 = EDGE_CURVE ( 'NONE', #1518, #1943, #1470, .T. ) ;
#195 = ORIENTED_EDGE ( 'NONE', *, *, #1175, .F. ) ;
#196 = FACE_OUTER_BOUND ( 'NONE', #2254, .T. ) ;
#197 = DIRECTION ( 'NONE',  ( 0.000000000000000000, 0.000000000000000000, -1.000000000000000000 ) ) ;
#198 = VERTEX_POINT ( 'NONE', #1654 ) ;
#199 = DIRECTION ( 'NONE',  ( -0.000000000000000000, -0.000000000000000000, 1.000000000000000000 ) ) ;
#200 = DIRECTION ( 'NONE',  ( -0.000000000000000000, -0.000000000000000000, 1.000000000000000000 ) ) ;
#201 = ORIENTED_EDGE ( 'NONE', *, *, #1271, .F. ) ;
#202 = CARTESIAN_POINT ( 'NONE',  ( -16.15000000000000568, 20.50000000000000000, 3.000000000000000000 ) ) ;
#203 = DIRECTION ( 'NONE',  ( 1.000000000000000000, 0.000000000000000000, 0.000000000000000000 ) ) ;
#204 = ORIENTED_EDGE ( 'NONE', *, *, #1502, .T. ) ;
#205 = EDGE_CURVE ( 'NONE', #1088, #372, #2194, .T. ) ;
#206 = AXIS2_PLACEMENT_3D ( 'NONE', #2052, #386, #192 ) ;
#207 = PLANE ( 'NONE',  #2245 ) ;
#208 = AXIS2_PLACEMENT_3D ( 'NONE', #1050, #1987, #483 ) ;
#209 = AXIS2_PLACEMENT_3D ( 'NONE', #31, #618, #605 ) ;
#210 = ORIENTED_EDGE ( 'NONE', *, *, #671, .F. ) ;
#211 = CARTESIAN_POINT ( 'NONE',  ( 18.89999999999999503, -14.50000000000000000, 0.000000000000000000 ) ) ;
#212 = AXIS2_PLACEMENT_3D ( 'NONE', #1670, #735, #2224 ) ;
#213 = DIRECTION ( 'NONE',  ( 0.000000000000000000, 0.000000000000000000, -1.000000000000000000 ) ) ;
#214 = ORIENTED_EDGE ( 'NONE', *, *, #933, .F. ) ;
#215 = CONICAL_SURFACE ( 'NONE', #1390, 2.749999999999999112, 0.7853981633974482790 ) ;
#216 = DIRECTION ( 'NONE',  ( 1.000000000000000000, 0.000000000000000000, 0.000000000000000000 ) ) ;
#217 = CIRCLE ( 'NONE', #534, 2.499999999999998668 ) ;
#218 = CARTESIAN_POINT ( 'NONE',  ( 15.39999999999999680, -14.50000000000000000, -0.5000000000000000000 ) ) ;
#219 = ORIENTED_EDGE ( 'NONE', *, *, #1952, .T. ) ;
#220 = CIRCLE ( 'NONE', #1197, 1.449999999999999956 ) ;
#221 = EDGE_CURVE ( 'NONE', #2338, #1331, #563, .T. ) ;
#222 = PLANE ( 'NONE',  #1970 ) ;
#223 = EDGE_CURVE ( 'NONE', #1049, #1783, #49, .T. ) ;
#224 = ORIENTED_EDGE ( 'NONE', *, *, #1156, .F. ) ;
#225 = DIRECTION ( 'NONE',  ( 1.000000000000000000, 0.000000000000000000, 0.000000000000000000 ) ) ;
#226 = DIRECTION ( 'NONE',  ( -0.000000000000000000, -0.000000000000000000, 1.000000000000000000 ) ) ;
#227 = ORIENTED_EDGE ( 'NONE', *, *, #1683, .F. ) ;
#228 = EDGE_CURVE ( 'NONE', #1942, #1458, #718, .T. ) ;
#229 = CYLINDRICAL_SURFACE ( 'NONE', #2240, 3.499999999999999556 ) ;
#230 = CARTESIAN_POINT ( 'NONE',  ( 18.89999999999999503, -14.50000000000000000, -0.5000000000000000000 ) ) ;
#231 = VERTEX_POINT ( 'NONE', #2038 ) ;
#232 = CYLINDRICAL_SURFACE ( 'NONE', #798, 2.499999999999998668 ) ;
#233 = CARTESIAN_POINT ( 'NONE',  ( 18.89999999999999858, -14.50000000000000000, 4.000000000000000000 ) ) ;
#234 = EDGE_CURVE ( 'NONE', #1135, #275, #157, .T. ) ;
#235 = FACE_OUTER_BOUND ( 'NONE', #855, .T. ) ;
#236 = DIRECTION ( 'NONE',  ( 1.000000000000000000, 0.000000000000000000, 0.000000000000000000 ) ) ;
#237 = ORIENTED_EDGE ( 'NONE', *, *, #1211, .T. ) ;
#238 = DIRECTION ( 'NONE',  ( 0.000000000000000000, 0.000000000000000000, -1.000000000000000000 ) ) ;
#239 = DIRECTION ( 'NONE',  ( 0.000000000000000000, 0.000000000000000000, -1.000000000000000000 ) ) ;
#240 = EDGE_LOOP ( 'NONE', ( #701, #1229 ) ) ;
#241 = VECTOR ( 'NONE', #26, 1000.000000000000000 ) ;
#242 = CIRCLE ( 'NONE', #871, 2.499999999999998668 ) ;
#243 = DIRECTION ( 'NONE',  ( 0.7071067811865474617, 0.000000000000000000, 0.7071067811865474617 ) ) ;
#244 = CARTESIAN_POINT ( 'NONE',  ( 18.89999999999999858, -7.500000000000000000, 0.000000000000000000 ) ) ;
#245 = AXIS2_PLACEMENT_3D ( 'NONE', #856, #1213, #1046 ) ;
#246 = VERTEX_POINT ( 'NONE', #578 ) ;
#247 = ADVANCED_FACE ( 'NONE', ( #1106 ), #1482, .F. ) ;
#248 = CARTESIAN_POINT ( 'NONE',  ( -18.90000000000000568, -31.49999999999999289, 2.000000000000000000 ) ) ;
#249 = AXIS2_PLACEMENT_3D ( 'NONE', #361, #924, #1674 ) ;
#250 = AXIS2_PLACEMENT_3D ( 'NONE', #982, #1166, #1540 ) ;
#251 = CARTESIAN_POINT ( 'NONE',  ( -18.89999999999999858, 20.50000000000000355, -0.5000000000000000000 ) ) ;
#252 = ORIENTED_EDGE ( 'NONE', *, *, #434, .T. ) ;
#253 = CONICAL_SURFACE ( 'NONE', #453, 2.749999999999999112, 0.7853981633974482790 ) ;
#254 = VECTOR ( 'NONE', #226, 1000.000000000000000 ) ;
#255 = EDGE_CURVE ( 'NONE', #1537, #1859, #410, .T. ) ;
#256 =( GEOMETRIC_REPRESENTATION_CONTEXT ( 3 ) GLOBAL_UNCERTAINTY_ASSIGNED_CONTEXT ( ( #641 ) ) GLOBAL_UNIT_ASSIGNED_CONTEXT ( ( #1045, #1982, #108 ) ) REPRESENTATION_CONTEXT ( 'NONE', 'WORKASPACE' ) );
#257 = CARTESIAN_POINT ( 'NONE',  ( 18.89999999999999503, 20.50000000000000000, 3.000000000000000000 ) ) ;
#258 = CARTESIAN_POINT ( 'NONE',  ( 18.89999999999999858, 20.50000000000000355, 0.000000000000000000 ) ) ;
#259 = VERTEX_POINT ( 'NONE', #917 ) ;
#260 = DIRECTION ( 'NONE',  ( -1.000000000000000000, 0.000000000000000000, 0.000000000000000000 ) ) ;
#261 = CYLINDRICAL_SURFACE ( 'NONE', #1901, 1.449999999999999956 ) ;
#262 = ORIENTED_EDGE ( 'NONE', *, *, #2289, .T. ) ;
#263 = DIRECTION ( 'NONE',  ( 0.000000000000000000, 0.000000000000000000, -1.000000000000000000 ) ) ;
#264 = EDGE_CURVE ( 'NONE', #2374, #709, #942, .T. ) ;
#265 = EDGE_LOOP ( 'NONE', ( #1316, #2069 ) ) ;
#266 = SHAPE_DEFINITION_REPRESENTATION ( #1110, #959 ) ;
#267 = EDGE_CURVE ( 'NONE', #932, #1908, #934, .T. ) ;
#268 = DIRECTION ( 'NONE',  ( 1.000000000000000000, 0.000000000000000000, 0.000000000000000000 ) ) ;
#269 = DIRECTION ( 'NONE',  ( 1.000000000000000000, 0.000000000000000000, -0.000000000000000000 ) ) ;
#270 = EDGE_LOOP ( 'NONE', ( #1251, #2277 ) ) ;
#271 = CARTESIAN_POINT ( 'NONE',  ( 18.89999999999999858, -31.50000000000000000, 0.000000000000000000 ) ) ;
#272 = LINE ( 'NONE', #1218, #489 ) ;
#273 = ORIENTED_EDGE ( 'NONE', *, *, #626, .T. ) ;
#274 = DIRECTION ( 'NONE',  ( -8.761229676650542138E-17, 1.000000000000000000, -0.000000000000000000 ) ) ;
#275 = VERTEX_POINT ( 'NONE', #1300 ) ;
#276 = ADVANCED_FACE ( 'NONE', ( #368 ), #1119, .T. ) ;
#277 = CARTESIAN_POINT ( 'NONE',  ( -18.90000000000000213, 20.50000000000000000, 4.000000000000000000 ) ) ;
#278 = CARTESIAN_POINT ( 'NONE',  ( -15.40000000000000036, 20.50000000000000355, 0.000000000000000000 ) ) ;
#279 = AXIS2_PLACEMENT_3D ( 'NONE', #1767, #2133, #1415 ) ;
#280 = CARTESIAN_POINT ( 'NONE',  ( -18.89999999999999147, -14.50000000000000000, -0.5000000000000004441 ) ) ;
#281 = VECTOR ( 'NONE', #1006, 1000.000000000000000 ) ;
#282 = EDGE_LOOP ( 'NONE', ( #980, #1027 ) ) ;
#283 = DIRECTION ( 'NONE',  ( 0.000000000000000000, 0.000000000000000000, -1.000000000000000000 ) ) ;
#284 = AXIS2_PLACEMENT_3D ( 'NONE', #112, #859, #1608 ) ;
#285 = CARTESIAN_POINT ( 'NONE',  ( -18.89999999999999147, -14.50000000000000000, 4.000000000000000000 ) ) ;
#286 = CARTESIAN_POINT ( 'NONE',  ( 18.89999999999999503, 20.50000000000000000, 4.000000000000000000 ) ) ;
#287 = EDGE_LOOP ( 'NONE', ( #2259, #582, #252, #408 ) ) ;
#288 = AXIS2_PLACEMENT_3D ( 'NONE', #2346, #2336, #1773 ) ;
#289 = CARTESIAN_POINT ( 'NONE',  ( 25.89999999999999858, 39.60000000000000142, 4.000000000000000000 ) ) ;
#290 = AXIS2_PLACEMENT_3D ( 'NONE', #230, #783, #2087 ) ;
#291 = ORIENTED_EDGE ( 'NONE', *, *, #2028, .T. ) ;
#292 = AXIS2_PLACEMENT_3D ( 'NONE', #315, #840, #470 ) ;
#293 = EDGE_LOOP ( 'NONE', ( #1515, #323 ) ) ;
#294 = AXIS2_PLACEMENT_3D ( 'NONE', #780, #394, #236 ) ;
#295 = FACE_BOUND ( 'NONE', #433, .T. ) ;
#296 = VECTOR ( 'NONE', #937, 1000.000000000000000 ) ;
#297 = FACE_OUTER_BOUND ( 'NONE', #1766, .T. ) ;
#298 = ADVANCED_FACE ( 'NONE', ( #1493 ), #1313, .F. ) ;
#299 = ORIENTED_EDGE ( 'NONE', *, *, #819, .F. ) ;
#300 = DIRECTION ( 'NONE',  ( 0.000000000000000000, -0.000000000000000000, 1.000000000000000000 ) ) ;
#301 = CARTESIAN_POINT ( 'NONE',  ( -18.90000000000000213, 20.50000000000000000, 4.000000000000000000 ) ) ;
#302 = CARTESIAN_POINT ( 'NONE',  ( 18.89999999999999858, -14.50000000000000000, 4.000000000000000000 ) ) ;
#303 = EDGE_CURVE ( 'NONE', #848, #1604, #8, .T. ) ;
#304 = VERTEX_POINT ( 'NONE', #2002 ) ;
#305 = DIRECTION ( 'NONE',  ( -1.000000000000000000, 0.000000000000000000, -0.000000000000000000 ) ) ;
#306 = ORIENTED_EDGE ( 'NONE', *, *, #819, .T. ) ;
#307 = ORIENTED_EDGE ( 'NONE', *, *, #1887, .F. ) ;
#308 = DIRECTION ( 'NONE',  ( -0.000000000000000000, 0.000000000000000000, -1.000000000000000000 ) ) ;
#309 = LINE ( 'NONE', #1850, #134 ) ;
#310 = DIRECTION ( 'NONE',  ( -1.000000000000000000, 0.000000000000000000, 0.000000000000000000 ) ) ;
#311 = ORIENTED_EDGE ( 'NONE', *, *, #147, .F. ) ;
#312 = DIRECTION ( 'NONE',  ( 0.000000000000000000, 0.000000000000000000, -1.000000000000000000 ) ) ;
#313 = EDGE_CURVE ( 'NONE', #1980, #506, #1080, .T. ) ;
#314 = DIRECTION ( 'NONE',  ( -0.000000000000000000, -0.000000000000000000, 1.000000000000000000 ) ) ;
#315 = CARTESIAN_POINT ( 'NONE',  ( -18.90000000000000213, 20.50000000000000000, 3.000000000000000000 ) ) ;
#316 = ORIENTED_EDGE ( 'NONE', *, *, #153, .T. ) ;
#317 = CYLINDRICAL_SURFACE ( 'NONE', #756, 2.499999999999998668 ) ;
#318 = VERTEX_POINT ( 'NONE', #621 ) ;
#319 = ORIENTED_EDGE ( 'NONE', *, *, #1902, .T. ) ;
#320 = CARTESIAN_POINT ( 'NONE',  ( 0.000000000000000000, 0.000000000000000000, 0.000000000000000000 ) ) ;
#321 = CARTESIAN_POINT ( 'NONE',  ( 16.40000000000000213, 4.500000000000000000, 2.000000000000000000 ) ) ;
#322 = CARTESIAN_POINT ( 'NONE',  ( -17.44999999999999218, -14.50000000000000000, 4.000000000000000000 ) ) ;
#323 = ORIENTED_EDGE ( 'NONE', *, *, #2250, .T. ) ;
#324 = DIRECTION ( 'NONE',  ( 1.000000000000000000, 0.000000000000000000, 0.000000000000000000 ) ) ;
#325 = CARTESIAN_POINT ( 'NONE',  ( -16.14999999999999503, -14.50000000000000000, 3.000000000000000000 ) ) ;
#326 = FACE_OUTER_BOUND ( 'NONE', #33, .T. ) ;
#327 = ADVANCED_FACE ( 'NONE', ( #2296 ), #771, .T. ) ;
#328 = ORIENTED_EDGE ( 'NONE', *, *, #2359, .T. ) ;
#329 = CARTESIAN_POINT ( 'NONE',  ( -18.90000000000000568, -31.49999999999999289, 2.000000000000000000 ) ) ;
#330 = CIRCLE ( 'NONE', #527, 2.499999999999998668 ) ;
#331 = VECTOR ( 'NONE', #2260, 1000.000000000000000 ) ;
#332 = DIRECTION ( 'NONE',  ( -0.000000000000000000, -0.000000000000000000, 1.000000000000000000 ) ) ;
#333 = ADVANCED_FACE ( 'NONE', ( #1151 ), #988, .F. ) ;
#334 = ORIENTED_EDGE ( 'NONE', *, *, #812, .T. ) ;
#335 = ORIENTED_EDGE ( 'NONE', *, *, #406, .T. ) ;
#336 = VECTOR ( 'NONE', #825, 1000.000000000000114 ) ;
#337 = EDGE_CURVE ( 'NONE', #1252, #1997, #1962, .T. ) ;
#338 = DIRECTION ( 'NONE',  ( 0.000000000000000000, 1.000000000000000000, -0.000000000000000000 ) ) ;
#339 = CONICAL_SURFACE ( 'NONE', #1161, 2.749999999999999112, 0.7853981633974482790 ) ;
#340 = ORIENTED_EDGE ( 'NONE', *, *, #2317, .F. ) ;
#341 = CIRCLE ( 'NONE', #648, 1.449999999999999956 ) ;
#342 = FACE_BOUND ( 'NONE', #1234, .T. ) ;
#343 = DIRECTION ( 'NONE',  ( 1.000000000000000000, 0.000000000000000000, 0.000000000000000000 ) ) ;
#344 = CYLINDRICAL_SURFACE ( 'NONE', #609, 2.499999999999998668 ) ;
#345 = VERTEX_POINT ( 'NONE', #1883 ) ;
#346 = DIRECTION ( 'NONE',  ( -0.000000000000000000, 0.000000000000000000, -1.000000000000000000 ) ) ;
#347 = CARTESIAN_POINT ( 'NONE',  ( -23.89999999999999147, -37.60000000000000142, 4.000000000000000000 ) ) ;
#348 = ORIENTED_EDGE ( 'NONE', *, *, #1256, .F. ) ;
#349 = EDGE_CURVE ( 'NONE', #518, #2088, #1519, .T. ) ;
#350 = LINE ( 'NONE', #1995, #684 ) ;
#351 = CARTESIAN_POINT ( 'NONE',  ( 16.40000000000000213, 4.500000000000000000, 0.000000000000000000 ) ) ;
#352 = ORIENTED_EDGE ( 'NONE', *, *, #570, .F. ) ;
#353 = FACE_OUTER_BOUND ( 'NONE', #2248, .T. ) ;
#354 = CARTESIAN_POINT ( 'NONE',  ( -18.89999999999999858, -7.499999999999995559, 2.000000000000000000 ) ) ;
#355 = DIRECTION ( 'NONE',  ( -0.000000000000000000, -0.000000000000000000, -1.000000000000000000 ) ) ;
#356 = VERTEX_POINT ( 'NONE', #1337 ) ;
#357 = CARTESIAN_POINT ( 'NONE',  ( 23.89999999999999858, 37.60000000000000142, 3.000000000000000000 ) ) ;
#358 = LINE ( 'NONE', #9, #2009 ) ;
#359 = EDGE_LOOP ( 'NONE', ( #2273, #219 ) ) ;
#360 = ADVANCED_FACE ( 'NONE', ( #1142 ), #1717, .F. ) ;
#361 = CARTESIAN_POINT ( 'NONE',  ( 18.89999999999999858, -14.50000000000000000, 4.000000000000000000 ) ) ;
#362 = FACE_OUTER_BOUND ( 'NONE', #1905, .T. ) ;
#363 = ORIENTED_EDGE ( 'NONE', *, *, #223, .F. ) ;
#364 = CARTESIAN_POINT ( 'NONE',  ( 22.39999999999999503, -14.50000000000000000, -0.5000000000000000000 ) ) ;
#365 = DIRECTION ( 'NONE',  ( 0.000000000000000000, -1.000000000000000000, 0.000000000000000000 ) ) ;
#366 = DIRECTION ( 'NONE',  ( -1.000000000000000000, 0.000000000000000000, 0.000000000000000000 ) ) ;
#367 = EDGE_LOOP ( 'NONE', ( #2225, #2373, #1311, #418 ) ) ;
#368 = FACE_OUTER_BOUND ( 'NONE', #2040, .T. ) ;
#369 = VECTOR ( 'NONE', #501, 1000.000000000000000 ) ;
#370 = SURFACE_STYLE_FILL_AREA ( #1290 ) ;
#371 = AXIS2_PLACEMENT_3D ( 'NONE', #1553, #55, #1896 ) ;
#372 = VERTEX_POINT ( 'NONE', #816 ) ;
#373 = AXIS2_PLACEMENT_3D ( 'NONE', #2161, #636, #846 ) ;
#374 = CIRCLE ( 'NONE', #1814, 1.449999999999999956 ) ;
#375 = DIRECTION ( 'NONE',  ( 1.000000000000000000, -0.000000000000000000, -0.000000000000000000 ) ) ;
#376 = CARTESIAN_POINT ( 'NONE',  ( 16.14999999999999858, 20.50000000000000000, 4.000000000000000000 ) ) ;
#377 = CIRCLE ( 'NONE', #2407, 2.749999999999999112 ) ;
#378 = ORIENTED_EDGE ( 'NONE', *, *, #1902, .F. ) ;
#379 = CARTESIAN_POINT ( 'NONE',  ( -18.89999999999999858, 20.50000000000000355, -0.5000000000000000000 ) ) ;
#380 = AXIS2_PLACEMENT_3D ( 'NONE', #354, #800, #269 ) ;
#381 = EDGE_CURVE ( 'NONE', #842, #356, #2097, .T. ) ;
#382 = CYLINDRICAL_SURFACE ( 'NONE', #925, 2.499999999999998668 ) ;
#383 = VECTOR ( 'NONE', #2126, 1000.000000000000000 ) ;
#384 = DIRECTION ( 'NONE',  ( -0.000000000000000000, -0.000000000000000000, -1.000000000000000000 ) ) ;
#385 = EDGE_LOOP ( 'NONE', ( #2185, #945, #1666, #566 ) ) ;
#386 = DIRECTION ( 'NONE',  ( -0.000000000000000000, -0.000000000000000000, -1.000000000000000000 ) ) ;
#387 = EDGE_CURVE ( 'NONE', #395, #836, #1072, .T. ) ;
#388 = DIRECTION ( 'NONE',  ( -0.000000000000000000, 0.000000000000000000, 1.000000000000000000 ) ) ;
#389 = VERTEX_POINT ( 'NONE', #1562 ) ;
#390 = CARTESIAN_POINT ( 'NONE',  ( 16.15000000000000213, -14.50000000000000000, 3.000000000000000000 ) ) ;
#391 = ORIENTED_EDGE ( 'NONE', *, *, #461, .F. ) ;
#392 = DIRECTION ( 'NONE',  ( 0.000000000000000000, -0.000000000000000000, 1.000000000000000000 ) ) ;
#393 = CYLINDRICAL_SURFACE ( 'NONE', #803, 2.749999999999999112 ) ;
#394 = DIRECTION ( 'NONE',  ( 0.000000000000000000, -0.000000000000000000, 1.000000000000000000 ) ) ;
#395 = VERTEX_POINT ( 'NONE', #202 ) ;
#396 = EDGE_CURVE ( 'NONE', #1840, #518, #15, .T. ) ;
#397 = DIRECTION ( 'NONE',  ( 0.000000000000000000, 0.000000000000000000, -1.000000000000000000 ) ) ;
#398 = CYLINDRICAL_SURFACE ( 'NONE', #250, 2.499999999999998668 ) ;
#399 = ORIENTED_EDGE ( 'NONE', *, *, #2238, .F. ) ;
#400 = DIRECTION ( 'NONE',  ( 1.000000000000000000, 0.000000000000000000, -0.000000000000000000 ) ) ;
#401 = EDGE_LOOP ( 'NONE', ( #1566, #204, #1302, #2076 ) ) ;
#402 = CARTESIAN_POINT ( 'NONE',  ( 21.39999999999999858, 32.50000000000000000, 2.000000000000000000 ) ) ;
#403 = CARTESIAN_POINT ( 'NONE',  ( -17.45000000000000284, 20.50000000000000000, 1.700000000000001066 ) ) ;
#404 = ORIENTED_EDGE ( 'NONE', *, *, #413, .F. ) ;
#405 = DIRECTION ( 'NONE',  ( 0.000000000000000000, -0.000000000000000000, 1.000000000000000000 ) ) ;
#406 = EDGE_CURVE ( 'NONE', #1564, #880, #1809, .T. ) ;
#407 = CARTESIAN_POINT ( 'NONE',  ( 18.89999999999999858, -7.500000000000000000, 2.000000000000000000 ) ) ;
#408 = ORIENTED_EDGE ( 'NONE', *, *, #40, .T. ) ;
#409 = ADVANCED_FACE ( 'NONE', ( #1368 ), #229, .T. ) ;
#410 = CIRCLE ( 'NONE', #1221, 1.449999999999999956 ) ;
#411 = LINE ( 'NONE', #1319, #1740 ) ;
#412 = CONICAL_SURFACE ( 'NONE', #284, 2.749999999999999112, 0.7853981633974482790 ) ;
#413 = EDGE_CURVE ( 'NONE', #1908, #1518, #758, .T. ) ;
#414 = CIRCLE ( 'NONE', #1188, 2.749999999999999112 ) ;
#415 = EDGE_LOOP ( 'NONE', ( #1164, #865, #1573, #1150 ) ) ;
#416 = FACE_OUTER_BOUND ( 'NONE', #1523, .T. ) ;
#417 = PLANE ( 'NONE',  #1320 ) ;
#418 = ORIENTED_EDGE ( 'NONE', *, *, #387, .T. ) ;
#419 = AXIS2_PLACEMENT_3D ( 'NONE', #1362, #955, #1918 ) ;
#420 = DIRECTION ( 'NONE',  ( 1.000000000000000000, 0.000000000000000000, 0.000000000000000000 ) ) ;
#421 = CIRCLE ( 'NONE', #1357, 2.499999999999998668 ) ;
#422 = FACE_OUTER_BOUND ( 'NONE', #1911, .T. ) ;
#423 = ORIENTED_EDGE ( 'NONE', *, *, #2061, .T. ) ;
#424 = AXIS2_PLACEMENT_3D ( 'NONE', #244, #1205, #1937 ) ;
#425 = EDGE_CURVE ( 'NONE', #1488, #1095, #1381, .T. ) ;
#426 = DIRECTION ( 'NONE',  ( 1.000000000000000000, 0.000000000000000000, 0.000000000000000000 ) ) ;
#427 = DIRECTION ( 'NONE',  ( 1.000000000000000000, 0.000000000000000000, 0.000000000000000000 ) ) ;
#428 = DIRECTION ( 'NONE',  ( 0.000000000000000000, -0.000000000000000000, -1.000000000000000000 ) ) ;
#429 = DIRECTION ( 'NONE',  ( -1.000000000000000000, 0.000000000000000000, 0.000000000000000000 ) ) ;
#430 = ORIENTED_EDGE ( 'NONE', *, *, #778, .F. ) ;
#431 = CARTESIAN_POINT ( 'NONE',  ( -16.40000000000000924, -21.49999999999999645, 2.000000000000000000 ) ) ;
#432 = DIRECTION ( 'NONE',  ( -0.000000000000000000, -0.000000000000000000, -1.000000000000000000 ) ) ;
#433 = EDGE_LOOP ( 'NONE', ( #2229, #1 ) ) ;
#434 = EDGE_CURVE ( 'NONE', #1252, #1202, #1165, .T. ) ;
#435 = CARTESIAN_POINT ( 'NONE',  ( 23.89999999999999858, 35.60000000000000142, 0.000000000000000000 ) ) ;
#436 = DIRECTION ( 'NONE',  ( 0.000000000000000000, 0.000000000000000000, -1.000000000000000000 ) ) ;
#437 = EDGE_LOOP ( 'NONE', ( #781, #2037, #1882, #1833 ) ) ;
#438 = DIRECTION ( 'NONE',  ( -0.000000000000000000, -0.000000000000000000, -1.000000000000000000 ) ) ;
#439 = LINE ( 'NONE', #218, #1544 ) ;
#440 = EDGE_CURVE ( 'NONE', #709, #1266, #242, .T. ) ;
#441 = ORIENTED_EDGE ( 'NONE', *, *, #896, .F. ) ;
#442 = EDGE_LOOP ( 'NONE', ( #2025, #1272, #2015, #1602 ) ) ;
#443 = DIRECTION ( 'NONE',  ( -0.000000000000000000, 0.000000000000000000, -1.000000000000000000 ) ) ;
#444 = EDGE_CURVE ( 'NONE', #2168, #2282, #23, .T. ) ;
#445 = DIRECTION ( 'NONE',  ( 1.000000000000000000, 0.000000000000000000, 0.000000000000000000 ) ) ;
#446 = ORIENTED_EDGE ( 'NONE', *, *, #396, .T. ) ;
#447 = CARTESIAN_POINT ( 'NONE',  ( -18.90000000000000213, 20.50000000000000000, 4.000000000000000000 ) ) ;
#448 = AXIS2_PLACEMENT_3D ( 'NONE', #347, #388, #1094 ) ;
#449 = EDGE_CURVE ( 'NONE', #42, #1331, #1735, .T. ) ;
#450 = DIRECTION ( 'NONE',  ( -1.000000000000000000, 0.000000000000000000, 0.000000000000000000 ) ) ;
#451 = ORIENTED_EDGE ( 'NONE', *, *, #2101, .T. ) ;
#452 = ORIENTED_EDGE ( 'NONE', *, *, #2110, .F. ) ;
#453 = AXIS2_PLACEMENT_3D ( 'NONE', #1651, #655, #667 ) ;
#454 = AXIS2_PLACEMENT_3D ( 'NONE', #1753, #2302, #1162 ) ;
#455 = ORIENTED_EDGE ( 'NONE', *, *, #2055, .F. ) ;
#456 = DIRECTION ( 'NONE',  ( 1.000000000000000000, 0.000000000000000000, 0.000000000000000000 ) ) ;
#457 = CARTESIAN_POINT ( 'NONE',  ( 21.39999999999999858, -21.50000000000000000, 2.000000000000000000 ) ) ;
#458 = ORIENTED_EDGE ( 'NONE', *, *, #1403, .T. ) ;
#459 = FACE_OUTER_BOUND ( 'NONE', #106, .T. ) ;
#460 = DIRECTION ( 'NONE',  ( -0.000000000000000000, -0.000000000000000000, -1.000000000000000000 ) ) ;
#461 = EDGE_CURVE ( 'NONE', #1025, #1132, #1224, .T. ) ;
#462 = VERTEX_POINT ( 'NONE', #1939 ) ;
#463 = FACE_OUTER_BOUND ( 'NONE', #104, .T. ) ;
#464 = ORIENTED_EDGE ( 'NONE', *, *, #264, .T. ) ;
#465 = CARTESIAN_POINT ( 'NONE',  ( 18.89999999999999503, -14.50000000000000000, 0.000000000000000000 ) ) ;
#466 = DIRECTION ( 'NONE',  ( -0.000000000000000000, -0.000000000000000000, 1.000000000000000000 ) ) ;
#467 = EDGE_LOOP ( 'NONE', ( #2000, #64, #741, #784 ) ) ;
#468 = CARTESIAN_POINT ( 'NONE',  ( 17.44999999999999574, 20.50000000000000000, 4.000000000000000000 ) ) ;
#469 = DIRECTION ( 'NONE',  ( -0.000000000000000000, -0.000000000000000000, 1.000000000000000000 ) ) ;
#470 = DIRECTION ( 'NONE',  ( 1.000000000000000000, 0.000000000000000000, 0.000000000000000000 ) ) ;
#471 = ORIENTED_EDGE ( 'NONE', *, *, #434, .F. ) ;
#472 = DIRECTION ( 'NONE',  ( 1.000000000000000000, 0.000000000000000000, 0.000000000000000000 ) ) ;
#473 = ADVANCED_FACE ( 'NONE', ( #680 ), #1207, .T. ) ;
#474 = ORIENTED_EDGE ( 'NONE', *, *, #1556, .T. ) ;
#475 = EDGE_CURVE ( 'NONE', #811, #231, #1023, .T. ) ;
#476 = CARTESIAN_POINT ( 'NONE',  ( -16.39999999999999503, 32.50000000000000711, 2.000000000000000000 ) ) ;
#477 = CARTESIAN_POINT ( 'NONE',  ( 18.89999999999999858, 32.50000000000000000, 2.000000000000000000 ) ) ;
#478 = AXIS2_PLACEMENT_3D ( 'NONE', #488, #1629, #472 ) ;
#479 = EDGE_CURVE ( 'NONE', #259, #2118, #73, .T. ) ;
#480 = DIRECTION ( 'NONE',  ( 1.000000000000000000, 0.000000000000000000, 0.000000000000000000 ) ) ;
#481 = AXIS2_PLACEMENT_3D ( 'NONE', #1747, #1528, #587 ) ;
#482 = ORIENTED_EDGE ( 'NONE', *, *, #2028, .F. ) ;
#483 = DIRECTION ( 'NONE',  ( 1.000000000000000000, 0.000000000000000000, 0.000000000000000000 ) ) ;
#484 = CIRCLE ( 'NONE', #1464, 2.749999999999999112 ) ;
#485 = DIRECTION ( 'NONE',  ( 1.000000000000000000, 0.000000000000000000, 0.000000000000000000 ) ) ;
#486 = ORIENTED_EDGE ( 'NONE', *, *, #303, .T. ) ;
#487 = AXIS2_PLACEMENT_3D ( 'NONE', #1486, #2200, #555 ) ;
#488 = CARTESIAN_POINT ( 'NONE',  ( 21.89999999999999503, -35.60000000000001563, 3.000000000000000000 ) ) ;
#489 = VECTOR ( 'NONE', #1024, 1000.000000000000000 ) ;
#490 = ORIENTED_EDGE ( 'NONE', *, *, #1496, .T. ) ;
#491 = DIRECTION ( 'NONE',  ( 1.000000000000000000, 0.000000000000000000, 0.000000000000000000 ) ) ;
#492 = VECTOR ( 'NONE', #538, 1000.000000000000000 ) ;
#493 = EDGE_CURVE ( 'NONE', #733, #2282, #330, .T. ) ;
#494 = LINE ( 'NONE', #96, #17 ) ;
#495 = CONICAL_SURFACE ( 'NONE', #1710, 2.749999999999999112, 0.7853981633974482790 ) ;
#496 = EDGE_LOOP ( 'NONE', ( #2004, #515, #1389, #1067 ) ) ;
#497 = DIRECTION ( 'NONE',  ( -0.7071067811865474617, 8.659560562354932858E-17, 0.7071067811865474617 ) ) ;
#498 = DIRECTION ( 'NONE',  ( -0.000000000000000000, 0.000000000000000000, -1.000000000000000000 ) ) ;
#499 = DIRECTION ( 'NONE',  ( 1.000000000000000000, 0.000000000000000000, 0.000000000000000000 ) ) ;
#500 = ORIENTED_EDGE ( 'NONE', *, *, #962, .T. ) ;
#501 = DIRECTION ( 'NONE',  ( -0.000000000000000000, -0.000000000000000000, 1.000000000000000000 ) ) ;
#502 = ORIENTED_EDGE ( 'NONE', *, *, #688, .F. ) ;
#503 = ORIENTED_EDGE ( 'NONE', *, *, #505, .T. ) ;
#504 = DIRECTION ( 'NONE',  ( 0.000000000000000000, 0.000000000000000000, 1.000000000000000000 ) ) ;
#505 = EDGE_CURVE ( 'NONE', #601, #38, #1893, .T. ) ;
#506 = VERTEX_POINT ( 'NONE', #101 ) ;
#507 = DIRECTION ( 'NONE',  ( -0.000000000000000000, -0.000000000000000000, 1.000000000000000000 ) ) ;
#508 = CARTESIAN_POINT ( 'NONE',  ( 20.35000000000000142, -14.50000000000000000, 1.700000000000001066 ) ) ;
#509 = CYLINDRICAL_SURFACE ( 'NONE', #2121, 2.000000000000001776 ) ;
#510 = ORIENTED_EDGE ( 'NONE', *, *, #658, .F. ) ;
#511 = LINE ( 'NONE', #853, #1306 ) ;
#512 = EDGE_CURVE ( 'NONE', #586, #518, #824, .T. ) ;
#513 = CARTESIAN_POINT ( 'NONE',  ( -25.89999999999999147, -39.60000000000000142, 3.000000000000000000 ) ) ;
#514 = ORIENTED_EDGE ( 'NONE', *, *, #313, .T. ) ;
#515 = ORIENTED_EDGE ( 'NONE', *, *, #148, .F. ) ;
#516 = FACE_BOUND ( 'NONE', #1950, .T. ) ;
#517 = LINE ( 'NONE', #2137, #2093 ) ;
#518 = VERTEX_POINT ( 'NONE', #1012 ) ;
#519 = EDGE_CURVE ( 'NONE', #852, #1049, #2165, .T. ) ;
#520 = DIRECTION ( 'NONE',  ( -0.000000000000000000, 0.000000000000000000, 1.000000000000000000 ) ) ;
#521 = CARTESIAN_POINT ( 'NONE',  ( 23.90000000000000568, -37.60000000000000142, 3.000000000000000000 ) ) ;
#522 = CIRCLE ( 'NONE', #279, 3.499999999999999556 ) ;
#523 = FACE_OUTER_BOUND ( 'NONE', #1215, .T. ) ;
#524 = ORIENTED_EDGE ( 'NONE', *, *, #267, .F. ) ;
#525 = EDGE_CURVE ( 'NONE', #138, #1518, #1764, .T. ) ;
#526 = DIRECTION ( 'NONE',  ( 1.000000000000000000, 0.000000000000000000, 0.000000000000000000 ) ) ;
#527 = AXIS2_PLACEMENT_3D ( 'NONE', #271, #283, #260 ) ;
#528 = CIRCLE ( 'NONE', #2355, 2.499999999999998668 ) ;
#529 = DIRECTION ( 'NONE',  ( -0.000000000000000000, -0.000000000000000000, 1.000000000000000000 ) ) ;
#530 = EDGE_LOOP ( 'NONE', ( #965, #1728, #769, #176 ) ) ;
#531 = AXIS2_PLACEMENT_3D ( 'NONE', #796, #592, #2268 ) ;
#532 = CIRCLE ( 'NONE', #2288, 2.499999999999998668 ) ;
#533 = LINE ( 'NONE', #1282, #1315 ) ;
#534 = AXIS2_PLACEMENT_3D ( 'NONE', #743, #1490, #717 ) ;
#535 = VERTEX_POINT ( 'NONE', #85 ) ;
#536 = AXIS2_PLACEMENT_3D ( 'NONE', #595, #619, #1724 ) ;
#537 = PLANE ( 'NONE',  #1116 ) ;
#538 = DIRECTION ( 'NONE',  ( -0.000000000000000000, -0.000000000000000000, 1.000000000000000000 ) ) ;
#539 = DIRECTION ( 'NONE',  ( -0.000000000000000000, -0.000000000000000000, 1.000000000000000000 ) ) ;
#540 = ORIENTED_EDGE ( 'NONE', *, *, #2293, .F. ) ;
#541 = CARTESIAN_POINT ( 'NONE',  ( 16.14999999999999858, 20.50000000000000000, 3.000000000000000000 ) ) ;
#542 = EDGE_CURVE ( 'NONE', #1331, #2338, #2043, .T. ) ;
#543 =( NAMED_UNIT ( * ) PLANE_ANGLE_UNIT ( ) SI_UNIT ( $, .RADIAN. ) );
#544 = ORIENTED_EDGE ( 'NONE', *, *, #1600, .F. ) ;
#545 = CARTESIAN_POINT ( 'NONE',  ( 23.89999999999999858, 37.60000000000000142, 3.000000000000000000 ) ) ;
#546 = ORIENTED_EDGE ( 'NONE', *, *, #115, .F. ) ;
#547 = DIRECTION ( 'NONE',  ( -1.000000000000000000, 0.000000000000000000, -0.000000000000000000 ) ) ;
#548 = DIRECTION ( 'NONE',  ( -1.000000000000000000, 0.000000000000000000, 0.000000000000000000 ) ) ;
#549 = CARTESIAN_POINT ( 'NONE',  ( -18.89999999999999147, -14.50000000000000000, 4.000000000000000000 ) ) ;
#550 = ORIENTED_EDGE ( 'NONE', *, *, #1347, .F. ) ;
#551 = DIRECTION ( 'NONE',  ( -0.000000000000000000, -0.000000000000000000, 1.000000000000000000 ) ) ;
#552 = CARTESIAN_POINT ( 'NONE',  ( -16.40000000000000924, -21.49999999999999645, 0.000000000000000000 ) ) ;
#553 = ORIENTED_EDGE ( 'NONE', *, *, #1889, .T. ) ;
#554 = ADVANCED_FACE ( 'NONE', ( #2339, #459 ), #1755, .F. ) ;
#555 = DIRECTION ( 'NONE',  ( -1.000000000000000000, 0.000000000000000000, 0.000000000000000000 ) ) ;
#556 = EDGE_LOOP ( 'NONE', ( #2332, #78, #2134, #935 ) ) ;
#557 = DIRECTION ( 'NONE',  ( 0.000000000000000000, 0.000000000000000000, -1.000000000000000000 ) ) ;
#558 = EDGE_CURVE ( 'NONE', #1518, #1908, #2198, .T. ) ;
#559 = CARTESIAN_POINT ( 'NONE',  ( 18.89999999999999858, 20.50000000000000355, -0.5000000000000000000 ) ) ;
#560 = DIRECTION ( 'NONE',  ( 1.000000000000000000, 0.000000000000000000, 0.000000000000000000 ) ) ;
#561 = ORIENTED_EDGE ( 'NONE', *, *, #2001, .F. ) ;
#562 = DIRECTION ( 'NONE',  ( -0.000000000000000000, -0.000000000000000000, -1.000000000000000000 ) ) ;
#563 = CIRCLE ( 'NONE', #2112, 2.499999999999998668 ) ;
#564 = FACE_OUTER_BOUND ( 'NONE', #737, .T. ) ;
#565 = AXIS2_PLACEMENT_3D ( 'NONE', #1650, #1440, #1114 ) ;
#566 = ORIENTED_EDGE ( 'NONE', *, *, #1063, .F. ) ;
#567 = AXIS2_PLACEMENT_3D ( 'NONE', #813, #2325, #1956 ) ;
#568 = CARTESIAN_POINT ( 'NONE',  ( 23.89999999999999858, 37.60000000000000142, 3.000000000000000000 ) ) ;
#569 = AXIS2_PLACEMENT_3D ( 'NONE', #708, #1257, #1480 ) ;
#570 = EDGE_CURVE ( 'NONE', #1611, #1397, #1154, .T. ) ;
#571 = EDGE_LOOP ( 'NONE', ( #2416, #1145 ) ) ;
#572 = CARTESIAN_POINT ( 'NONE',  ( 25.90000000000000568, -37.60000000000000142, 3.000000000000000000 ) ) ;
#573 = AXIS2_PLACEMENT_3D ( 'NONE', #1664, #930, #1465 ) ;
#574 = CYLINDRICAL_SURFACE ( 'NONE', #2205, 3.499999999999999556 ) ;
#575 = AXIS2_PLACEMENT_3D ( 'NONE', #1366, #1731, #788 ) ;
#576 = DIRECTION ( 'NONE',  ( 0.000000000000000000, -0.000000000000000000, -1.000000000000000000 ) ) ;
#577 = ORIENTED_EDGE ( 'NONE', *, *, #2101, .F. ) ;
#578 = CARTESIAN_POINT ( 'NONE',  ( -20.35000000000000497, 20.50000000000000000, -0.5000000000000004441 ) ) ;
#579 = DIRECTION ( 'NONE',  ( -0.000000000000000000, -0.000000000000000000, 1.000000000000000000 ) ) ;
#580 = VERTEX_POINT ( 'NONE', #2314 ) ;
#581 = FACE_OUTER_BOUND ( 'NONE', #1978, .T. ) ;
#582 = ORIENTED_EDGE ( 'NONE', *, *, #337, .F. ) ;
#583 = FACE_OUTER_BOUND ( 'NONE', #1141, .T. ) ;
#584 = EDGE_CURVE ( 'NONE', #1997, #2334, #2329, .T. ) ;
#585 = DIRECTION ( 'NONE',  ( -1.000000000000000000, 0.000000000000000000, 0.000000000000000000 ) ) ;
#586 = VERTEX_POINT ( 'NONE', #654 ) ;
#587 = DIRECTION ( 'NONE',  ( 1.000000000000000000, 0.000000000000000000, 0.000000000000000000 ) ) ;
#588 = ADVANCED_FACE ( 'NONE', ( #1960 ), #1034, .F. ) ;
#589 = CYLINDRICAL_SURFACE ( 'NONE', #2089, 1.449999999999999956 ) ;
#590 = CARTESIAN_POINT ( 'NONE',  ( 22.39999999999999503, -14.50000000000000000, -0.5000000000000000000 ) ) ;
#591 = ADVANCED_FACE ( 'NONE', ( #1790 ), #412, .F. ) ;
#592 = DIRECTION ( 'NONE',  ( -0.000000000000000000, 0.000000000000000000, -1.000000000000000000 ) ) ;
#593 = ORIENTED_EDGE ( 'NONE', *, *, #381, .T. ) ;
#594 = LINE ( 'NONE', #1342, #2284 ) ;
#595 = CARTESIAN_POINT ( 'NONE',  ( 21.89999999999999503, 35.60000000000000142, 3.000000000000000000 ) ) ;
#596 = DIRECTION ( 'NONE',  ( 1.000000000000000000, 0.000000000000000000, 0.000000000000000000 ) ) ;
#597 = ORIENTED_EDGE ( 'NONE', *, *, #1203, .F. ) ;
#598 = DIRECTION ( 'NONE',  ( 1.000000000000000000, 0.000000000000000000, -0.000000000000000000 ) ) ;
#599 = CARTESIAN_POINT ( 'NONE',  ( -18.89999999999999858, -7.499999999999995559, 0.000000000000000000 ) ) ;
#600 = ADVANCED_FACE ( 'NONE', ( #1375 ), #2348, .F. ) ;
#601 = VERTEX_POINT ( 'NONE', #2189 ) ;
#602 = CIRCLE ( 'NONE', #1614, 2.499999999999998668 ) ;
#603 = VECTOR ( 'NONE', #1176, 1000.000000000000000 ) ;
#604 = FACE_OUTER_BOUND ( 'NONE', #75, .T. ) ;
#605 = DIRECTION ( 'NONE',  ( 1.000000000000000000, 0.000000000000000000, 0.000000000000000000 ) ) ;
#606 = CIRCLE ( 'NONE', #1385, 3.499999999999999556 ) ;
#607 = CARTESIAN_POINT ( 'NONE',  ( -25.89999999999999858, 39.60000000000000142, 4.000000000000000000 ) ) ;
#608 = ORIENTED_EDGE ( 'NONE', *, *, #2299, .T. ) ;
#609 = AXIS2_PLACEMENT_3D ( 'NONE', #914, #1652, #1131 ) ;
#610 = CARTESIAN_POINT ( 'NONE',  ( -18.89999999999999147, 32.50000000000000711, 0.000000000000000000 ) ) ;
#611 = APPLICATION_CONTEXT ( 'automotive_design' ) ;
#612 = AXIS2_PLACEMENT_3D ( 'NONE', #2393, #1843, #166 ) ;
#613 = FACE_OUTER_BOUND ( 'NONE', #1944, .T. ) ;
#614 = ORIENTED_EDGE ( 'NONE', *, *, #475, .T. ) ;
#615 = AXIS2_PLACEMENT_3D ( 'NONE', #258, #1010, #1915 ) ;
#616 = ADVANCED_FACE ( 'NONE', ( #2419 ), #537, .T. ) ;
#617 = DIRECTION ( 'NONE',  ( -1.000000000000000000, 0.000000000000000000, 0.000000000000000000 ) ) ;
#618 = DIRECTION ( 'NONE',  ( -0.000000000000000000, 0.000000000000000000, -1.000000000000000000 ) ) ;
#619 = DIRECTION ( 'NONE',  ( -0.000000000000000000, 0.000000000000000000, 1.000000000000000000 ) ) ;
#620 = ORIENTED_EDGE ( 'NONE', *, *, #40, .F. ) ;
#621 = CARTESIAN_POINT ( 'NONE',  ( 21.39999999999999858, 4.500000000000000000, 0.000000000000000000 ) ) ;
#622 = CARTESIAN_POINT ( 'NONE',  ( 20.35000000000000142, -14.50000000000000000, -0.5000000000000004441 ) ) ;
#623 = CARTESIAN_POINT ( 'NONE',  ( 18.89999999999999858, -14.50000000000000000, 3.000000000000000000 ) ) ;
#624 = APPLICATION_CONTEXT ( 'automotive_design' ) ;
#625 = ADVANCED_FACE ( 'NONE', ( #140, #1284 ), #2046, .T. ) ;
#626 = EDGE_CURVE ( 'NONE', #842, #2366, #1307, .T. ) ;
#627 = FACE_BOUND ( 'NONE', #135, .T. ) ;
#628 = ORIENTED_EDGE ( 'NONE', *, *, #2135, .F. ) ;
#629 = DIRECTION ( 'NONE',  ( 1.000000000000000000, 0.000000000000000000, -0.000000000000000000 ) ) ;
#630 = DIRECTION ( 'NONE',  ( 8.761229676650542138E-17, -1.000000000000000000, 0.000000000000000000 ) ) ;
#631 = ORIENTED_EDGE ( 'NONE', *, *, #704, .F. ) ;
#632 = ORIENTED_EDGE ( 'NONE', *, *, #1168, .F. ) ;
#633 = ORIENTED_EDGE ( 'NONE', *, *, #194, .F. ) ;
#634 = VECTOR ( 'NONE', #2154, 1000.000000000000000 ) ;
#635 = VECTOR ( 'NONE', #2064, 1000.000000000000000 ) ;
#636 = DIRECTION ( 'NONE',  ( -0.000000000000000000, -0.000000000000000000, -1.000000000000000000 ) ) ;
#637 = ADVANCED_FACE ( 'NONE', ( #353 ), #695, .T. ) ;
#638 = DIRECTION ( 'NONE',  ( 0.000000000000000000, -0.000000000000000000, -1.000000000000000000 ) ) ;
#639 = CIRCLE ( 'NONE', #681, 2.499999999999998668 ) ;
#640 = ORIENTED_EDGE ( 'NONE', *, *, #396, .F. ) ;
#641 = UNCERTAINTY_MEASURE_WITH_UNIT (LENGTH_MEASURE( 1.000000000000000082E-05 ), #1045, 'distance_accuracy_value', 'NONE');
#642 = DIRECTION ( 'NONE',  ( -0.000000000000000000, -0.000000000000000000, 1.000000000000000000 ) ) ;
#643 = AXIS2_PLACEMENT_3D ( 'NONE', #668, #460, #450 ) ;
#644 = CARTESIAN_POINT ( 'NONE',  ( -25.89999999999999858, 37.60000000000000142, 4.000000000000000000 ) ) ;
#645 = VERTEX_POINT ( 'NONE', #1296 ) ;
#646 = CARTESIAN_POINT ( 'NONE',  ( 18.89999999999999503, 20.50000000000000000, 4.000000000000000000 ) ) ;
#647 = CIRCLE ( 'NONE', #1001, 2.000000000000001776 ) ;
#648 = AXIS2_PLACEMENT_3D ( 'NONE', #677, #1762, #1973 ) ;
#649 = ORIENTED_EDGE ( 'NONE', *, *, #525, .T. ) ;
#650 = CARTESIAN_POINT ( 'NONE',  ( -18.89999999999999147, -14.50000000000000000, 3.000000000000000000 ) ) ;
#651 = FACE_OUTER_BOUND ( 'NONE', #1964, .T. ) ;
#652 = EDGE_LOOP ( 'NONE', ( #340, #446, #1687, #2308, #687, #423, #1467, #776 ) ) ;
#653 = EDGE_CURVE ( 'NONE', #952, #1967, #1461, .T. ) ;
#654 = CARTESIAN_POINT ( 'NONE',  ( 21.89999999999999503, -37.60000000000000853, 3.000000000000000000 ) ) ;
#655 = DIRECTION ( 'NONE',  ( -0.000000000000000000, -0.000000000000000000, 1.000000000000000000 ) ) ;
#656 = CARTESIAN_POINT ( 'NONE',  ( -18.89999999999999858, -7.499999999999995559, 2.000000000000000000 ) ) ;
#657 = ORIENTED_EDGE ( 'NONE', *, *, #2132, .T. ) ;
#658 = EDGE_CURVE ( 'NONE', #601, #191, #189, .T. ) ;
#659 = CARTESIAN_POINT ( 'NONE',  ( 18.89999999999999503, 20.50000000000000000, 3.000000000000000000 ) ) ;
#660 = ORIENTED_EDGE ( 'NONE', *, *, #479, .T. ) ;
#661 = ADVANCED_FACE ( 'NONE', ( #342, #939, #177, #1676, #1489 ), #152, .T. ) ;
#662 = VERTEX_POINT ( 'NONE', #899 ) ;
#663 = DIRECTION ( 'NONE',  ( 0.000000000000000000, 0.000000000000000000, -1.000000000000000000 ) ) ;
#664 = CARTESIAN_POINT ( 'NONE',  ( -16.40000000000000213, 4.500000000000003553, 2.000000000000000000 ) ) ;
#665 = ORIENTED_EDGE ( 'NONE', *, *, #2424, .F. ) ;
#666 = DIRECTION ( 'NONE',  ( 1.000000000000000000, 0.000000000000000000, 0.000000000000000000 ) ) ;
#667 = DIRECTION ( 'NONE',  ( 1.000000000000000000, 0.000000000000000000, 0.000000000000000000 ) ) ;
#668 = CARTESIAN_POINT ( 'NONE',  ( -18.89999999999999147, 32.50000000000000711, 2.000000000000000000 ) ) ;
#669 = EDGE_LOOP ( 'NONE', ( #1125, #2233, #1477, #471 ) ) ;
#670 = CARTESIAN_POINT ( 'NONE',  ( 18.89999999999999858, 4.500000000000000000, 2.000000000000000000 ) ) ;
#671 = EDGE_CURVE ( 'NONE', #645, #2050, #2082, .T. ) ;
#672 = ORIENTED_EDGE ( 'NONE', *, *, #2391, .T. ) ;
#673 = ORIENTED_EDGE ( 'NONE', *, *, #98, .F. ) ;
#674 = CARTESIAN_POINT ( 'NONE',  ( 21.39999999999999858, -7.500000000000000000, 0.000000000000000000 ) ) ;
#675 = DIRECTION ( 'NONE',  ( -0.000000000000000000, -0.000000000000000000, 1.000000000000000000 ) ) ;
#676 = VECTOR ( 'NONE', #953, 1000.000000000000000 ) ;
#677 = CARTESIAN_POINT ( 'NONE',  ( -18.90000000000000213, 20.50000000000000000, -0.5000000000000004441 ) ) ;
#678 = VECTOR ( 'NONE', #1425, 1000.000000000000000 ) ;
#679 = ORIENTED_EDGE ( 'NONE', *, *, #2330, .T. ) ;
#680 = FACE_OUTER_BOUND ( 'NONE', #530, .T. ) ;
#681 = AXIS2_PLACEMENT_3D ( 'NONE', #1548, #2294, #977 ) ;
#682 = CARTESIAN_POINT ( 'NONE',  ( -16.40000000000000213, -7.499999999999995559, 2.000000000000000000 ) ) ;
#683 = ORIENTED_EDGE ( 'NONE', *, *, #2029, .T. ) ;
#684 = VECTOR ( 'NONE', #1098, 1000.000000000000000 ) ;
#685 = DIRECTION ( 'NONE',  ( -1.000000000000000000, 0.000000000000000000, 0.000000000000000000 ) ) ;
#686 = AXIS2_PLACEMENT_3D ( 'NONE', #817, #1563, #1940 ) ;
#687 = ORIENTED_EDGE ( 'NONE', *, *, #234, .F. ) ;
#688 = EDGE_CURVE ( 'NONE', #1095, #1488, #130, .T. ) ;
#689 = ORIENTED_EDGE ( 'NONE', *, *, #989, .T. ) ;
#690 = APPLICATION_PROTOCOL_DEFINITION ( 'draft international standard', 'automotive_design', 1998, #611 ) ;
#691 = AXIS2_PLACEMENT_3D ( 'NONE', #2147, #847, #1606 ) ;
#692 = DIRECTION ( 'NONE',  ( -0.000000000000000000, 0.000000000000000000, 1.000000000000000000 ) ) ;
#693 = CARTESIAN_POINT ( 'NONE',  ( 18.89999999999999503, 20.50000000000000000, 3.000000000000000000 ) ) ;
#694 = VERTEX_POINT ( 'NONE', #364 ) ;
#695 = CYLINDRICAL_SURFACE ( 'NONE', #171, 3.499999999999999556 ) ;
#696 = ADVANCED_FACE ( 'NONE', ( #1854 ), #2179, .F. ) ;
#697 = CARTESIAN_POINT ( 'NONE',  ( 21.89999999999999503, -35.60000000000001563, 3.000000000000000000 ) ) ;
#698 = ORIENTED_EDGE ( 'NONE', *, *, #267, .T. ) ;
#699 = DIRECTION ( 'NONE',  ( 1.000000000000000000, 0.000000000000000000, 0.000000000000000000 ) ) ;
#700 = ORIENTED_EDGE ( 'NONE', *, *, #1685, .T. ) ;
#701 = ORIENTED_EDGE ( 'NONE', *, *, #2128, .F. ) ;
#702 = CARTESIAN_POINT ( 'NONE',  ( -23.89999999999999503, 37.60000000000000142, 0.000000000000000000 ) ) ;
#703 = CYLINDRICAL_SURFACE ( 'NONE', #1280, 3.499999999999999556 ) ;
#704 = EDGE_CURVE ( 'NONE', #2269, #786, #913, .T. ) ;
#705 = EDGE_LOOP ( 'NONE', ( #1653, #1829 ) ) ;
#706 = CARTESIAN_POINT ( 'NONE',  ( -21.39999999999999147, 32.50000000000000711, 0.000000000000000000 ) ) ;
#707 = DIRECTION ( 'NONE',  ( 0.000000000000000000, 0.000000000000000000, -1.000000000000000000 ) ) ;
#708 = CARTESIAN_POINT ( 'NONE',  ( 23.89999999999999858, 37.60000000000000142, 4.000000000000000000 ) ) ;
#709 = VERTEX_POINT ( 'NONE', #706 ) ;
#710 = DIRECTION ( 'NONE',  ( 1.000000000000000000, 0.000000000000000000, 0.000000000000000000 ) ) ;
#711 = PRESENTATION_STYLE_ASSIGNMENT (( #2385 ) ) ;
#712 = EDGE_LOOP ( 'NONE', ( #1557, #1986, #657, #1919 ) ) ;
#713 = DIRECTION ( 'NONE',  ( 0.000000000000000000, 0.000000000000000000, -1.000000000000000000 ) ) ;
#714 = ORIENTED_EDGE ( 'NONE', *, *, #2226, .T. ) ;
#715 = CARTESIAN_POINT ( 'NONE',  ( -25.89999999999999858, 39.60000000000000142, 3.000000000000000000 ) ) ;
#716 = ADVANCED_FACE ( 'NONE', ( #2202 ), #1841, .F. ) ;
#717 = DIRECTION ( 'NONE',  ( -1.000000000000000000, 0.000000000000000000, 0.000000000000000000 ) ) ;
#718 = CIRCLE ( 'NONE', #12, 1.449999999999999956 ) ;
#719 = FACE_OUTER_BOUND ( 'NONE', #1108, .T. ) ;
#720 = VERTEX_POINT ( 'NONE', #164 ) ;
#721 = DIRECTION ( 'NONE',  ( 1.000000000000000000, 0.000000000000000000, 0.000000000000000000 ) ) ;
#722 = AXIS2_PLACEMENT_3D ( 'NONE', #1478, #889, #742 ) ;
#723 = VECTOR ( 'NONE', #243, 1000.000000000000114 ) ;
#724 = ORIENTED_EDGE ( 'NONE', *, *, #1952, .F. ) ;
#725 =( GEOMETRIC_REPRESENTATION_CONTEXT ( 3 ) GLOBAL_UNCERTAINTY_ASSIGNED_CONTEXT ( ( #1680 ) ) GLOBAL_UNIT_ASSIGNED_CONTEXT ( ( #2211, #543, #1484 ) ) REPRESENTATION_CONTEXT ( 'NONE', 'WORKASPACE' ) );
#726 = AXIS2_PLACEMENT_3D ( 'NONE', #1949, #1061, #851 ) ;
#727 = CARTESIAN_POINT ( 'NONE',  ( 0.000000000000000000, 0.000000000000000000, 0.000000000000000000 ) ) ;
#728 = ORIENTED_EDGE ( 'NONE', *, *, #1683, .T. ) ;
#729 = AXIS2_PLACEMENT_3D ( 'NONE', #1449, #1985, #310 ) ;
#730 = DIRECTION ( 'NONE',  ( -8.761229676650542138E-17, 1.000000000000000000, -0.000000000000000000 ) ) ;
#731 = CARTESIAN_POINT ( 'NONE',  ( -18.90000000000000213, 20.50000000000000000, 4.000000000000000000 ) ) ;
#732 = DIRECTION ( 'NONE',  ( 1.000000000000000000, 0.000000000000000000, 0.000000000000000000 ) ) ;
#733 = VERTEX_POINT ( 'NONE', #910 ) ;
#734 = CARTESIAN_POINT ( 'NONE',  ( 20.34999999999999787, 20.50000000000000000, 4.000000000000000000 ) ) ;
#735 = DIRECTION ( 'NONE',  ( 0.000000000000000000, 0.000000000000000000, -1.000000000000000000 ) ) ;
#736 = EDGE_CURVE ( 'NONE', #462, #662, #1075, .T. ) ;
#737 = EDGE_LOOP ( 'NONE', ( #84, #291, #1206, #1649 ) ) ;
#738 = EDGE_CURVE ( 'NONE', #186, #2374, #1120, .T. ) ;
#739 = CARTESIAN_POINT ( 'NONE',  ( 18.89999999999999858, 20.50000000000000355, -0.5000000000000000000 ) ) ;
#740 = CYLINDRICAL_SURFACE ( 'NONE', #1976, 1.449999999999999956 ) ;
#741 = ORIENTED_EDGE ( 'NONE', *, *, #2274, .T. ) ;
#742 = DIRECTION ( 'NONE',  ( -1.000000000000000000, 0.000000000000000000, 0.000000000000000000 ) ) ;
#743 = CARTESIAN_POINT ( 'NONE',  ( 18.89999999999999858, 4.500000000000000000, 2.000000000000000000 ) ) ;
#744 = DIRECTION ( 'NONE',  ( 0.000000000000000000, 0.000000000000000000, -1.000000000000000000 ) ) ;
#745 = VERTEX_POINT ( 'NONE', #1323 ) ;
#746 = DIRECTION ( 'NONE',  ( -1.000000000000000000, 0.000000000000000000, 0.000000000000000000 ) ) ;
#747 = CARTESIAN_POINT ( 'NONE',  ( 18.89999999999999858, -14.50000000000000000, 1.700000000000001066 ) ) ;
#748 = ORIENTED_EDGE ( 'NONE', *, *, #255, .F. ) ;
#749 = EDGE_CURVE ( 'NONE', #1561, #1890, #132, .T. ) ;
#750 = DIRECTION ( 'NONE',  ( 1.000000000000000000, 0.000000000000000000, 0.000000000000000000 ) ) ;
#751 = ORIENTED_EDGE ( 'NONE', *, *, #255, .T. ) ;
#752 = FACE_OUTER_BOUND ( 'NONE', #1174, .T. ) ;
#753 = LINE ( 'NONE', #2262, #492 ) ;
#754 = EDGE_LOOP ( 'NONE', ( #1757, #631, #1222, #845 ) ) ;
#755 = CARTESIAN_POINT ( 'NONE',  ( -23.89999999999999858, 39.60000000000000142, 4.000000000000000000 ) ) ;
#756 = AXIS2_PLACEMENT_3D ( 'NONE', #329, #2209, #902 ) ;
#757 = DIRECTION ( 'NONE',  ( 1.000000000000000000, 0.000000000000000000, 0.000000000000000000 ) ) ;
#758 = CIRCLE ( 'NONE', #2315, 1.449999999999999956 ) ;
#759 = ORIENTED_EDGE ( 'NONE', *, *, #1826, .F. ) ;
#760 = VECTOR ( 'NONE', #1160, 1000.000000000000000 ) ;
#761 = EDGE_CURVE ( 'NONE', #345, #1025, #2070, .T. ) ;
#762 = VECTOR ( 'NONE', #375, 1000.000000000000000 ) ;
#763 = CARTESIAN_POINT ( 'NONE',  ( 18.89999999999999858, -14.50000000000000000, 4.000000000000000000 ) ) ;
#764 = ADVANCED_FACE ( 'NONE', ( #1171 ), #2244, .F. ) ;
#765 = ORIENTED_EDGE ( 'NONE', *, *, #1156, .T. ) ;
#766 = CARTESIAN_POINT ( 'NONE',  ( -15.40000000000000036, 20.50000000000000355, -0.5000000000000000000 ) ) ;
#767 = VECTOR ( 'NONE', #1818, 1000.000000000000000 ) ;
#768 = FACE_OUTER_BOUND ( 'NONE', #556, .T. ) ;
#769 = ORIENTED_EDGE ( 'NONE', *, *, #1018, .F. ) ;
#770 = ADVANCED_FACE ( 'NONE', ( #2094 ), #1365, .F. ) ;
#771 = CYLINDRICAL_SURFACE ( 'NONE', #2350, 3.499999999999999556 ) ;
#772 = CYLINDRICAL_SURFACE ( 'NONE', #290, 3.499999999999999556 ) ;
#773 = VERTEX_POINT ( 'NONE', #572 ) ;
#774 = CARTESIAN_POINT ( 'NONE',  ( -18.89999999999999503, -14.50000000000000000, -0.5000000000000000000 ) ) ;
#775 = ADVANCED_FACE ( 'NONE', ( #950 ), #2060, .F. ) ;
#776 = ORIENTED_EDGE ( 'NONE', *, *, #1559, .T. ) ;
#777 = DIRECTION ( 'NONE',  ( 1.000000000000000000, 0.000000000000000000, 0.000000000000000000 ) ) ;
#778 = EDGE_CURVE ( 'NONE', #1836, #2264, #1891, .T. ) ;
#779 = DIRECTION ( 'NONE',  ( -1.000000000000000000, 0.000000000000000000, 0.000000000000000000 ) ) ;
#780 = CARTESIAN_POINT ( 'NONE',  ( -18.90000000000000213, 20.50000000000000000, -0.5000000000000004441 ) ) ;
#781 = ORIENTED_EDGE ( 'NONE', *, *, #1856, .F. ) ;
#782 = DIRECTION ( 'NONE',  ( 1.000000000000000000, 0.000000000000000000, 0.000000000000000000 ) ) ;
#783 = DIRECTION ( 'NONE',  ( -0.000000000000000000, -0.000000000000000000, 1.000000000000000000 ) ) ;
#784 = ORIENTED_EDGE ( 'NONE', *, *, #2135, .T. ) ;
#785 = DIRECTION ( 'NONE',  ( 1.000000000000000000, 0.000000000000000000, -0.000000000000000000 ) ) ;
#786 = VERTEX_POINT ( 'NONE', #402 ) ;
#787 = CARTESIAN_POINT ( 'NONE',  ( -23.89999999999998437, 39.60000000000000142, 3.000000000000000000 ) ) ;
#788 = DIRECTION ( 'NONE',  ( 1.000000000000000000, 0.000000000000000000, 0.000000000000000000 ) ) ;
#789 = VERTEX_POINT ( 'NONE', #435 ) ;
#790 = EDGE_CURVE ( 'NONE', #2267, #42, #1618, .T. ) ;
#791 = CARTESIAN_POINT ( 'NONE',  ( 18.89999999999999503, 20.50000000000000000, 4.000000000000000000 ) ) ;
#792 = CARTESIAN_POINT ( 'NONE',  ( -18.89999999999999858, 4.500000000000003553, 0.000000000000000000 ) ) ;
#793 = ORIENTED_EDGE ( 'NONE', *, *, #1347, .T. ) ;
#794 = CIRCLE ( 'NONE', #1806, 2.499999999999998668 ) ;
#795 = AXIS2_PLACEMENT_3D ( 'NONE', #1230, #312, #1216 ) ;
#796 = CARTESIAN_POINT ( 'NONE',  ( -18.89999999999999503, -14.50000000000000000, -0.5000000000000000000 ) ) ;
#797 = AXIS2_PLACEMENT_3D ( 'NONE', #121, #713, #869 ) ;
#798 = AXIS2_PLACEMENT_3D ( 'NONE', #1137, #2, #187 ) ;
#799 = LINE ( 'NONE', #766, #331 ) ;
#800 = DIRECTION ( 'NONE',  ( 0.000000000000000000, -0.000000000000000000, 1.000000000000000000 ) ) ;
#801 = DIRECTION ( 'NONE',  ( -0.000000000000000000, -0.000000000000000000, 1.000000000000000000 ) ) ;
#802 = ORIENTED_EDGE ( 'NONE', *, *, #44, .F. ) ;
#803 = AXIS2_PLACEMENT_3D ( 'NONE', #1881, #200, #1517 ) ;
#804 = CARTESIAN_POINT ( 'NONE',  ( -25.89999999999999147, -37.60000000000000142, 4.000000000000000000 ) ) ;
#805 = AXIS2_PLACEMENT_3D ( 'NONE', #1678, #744, #429 ) ;
#806 = FACE_OUTER_BOUND ( 'NONE', #1178, .T. ) ;
#807 = ORIENTED_EDGE ( 'NONE', *, *, #2293, .T. ) ;
#808 = CIRCLE ( 'NONE', #1003, 3.499999999999999556 ) ;
#809 = ADVANCED_FACE ( 'NONE', ( #416 ), #2280, .F. ) ;
#810 = AXIS2_PLACEMENT_3D ( 'NONE', #1225, #2375, #829 ) ;
#811 = VERTEX_POINT ( 'NONE', #1332 ) ;
#812 = EDGE_CURVE ( 'NONE', #246, #1458, #1730, .T. ) ;
#813 = CARTESIAN_POINT ( 'NONE',  ( 18.89999999999999858, 32.50000000000000000, 2.000000000000000000 ) ) ;
#814 = CARTESIAN_POINT ( 'NONE',  ( -20.34999999999999432, -14.50000000000000000, 4.000000000000000000 ) ) ;
#815 = ORIENTED_EDGE ( 'NONE', *, *, #1525, .F. ) ;
#816 = CARTESIAN_POINT ( 'NONE',  ( 16.40000000000000213, -21.50000000000000000, 0.000000000000000000 ) ) ;
#817 = CARTESIAN_POINT ( 'NONE',  ( 25.89999999999999858, 39.60000000000000142, 4.000000000000000000 ) ) ;
#818 = DIRECTION ( 'NONE',  ( -0.000000000000000000, -0.000000000000000000, 1.000000000000000000 ) ) ;
#819 = EDGE_CURVE ( 'NONE', #304, #921, #799, .T. ) ;
#820 = VERTEX_POINT ( 'NONE', #1906 ) ;
#821 = FACE_OUTER_BOUND ( 'NONE', #983, .T. ) ;
#822 = CARTESIAN_POINT ( 'NONE',  ( -23.89999999999999147, -37.60000000000000142, 4.000000000000000000 ) ) ;
#823 = ORIENTED_EDGE ( 'NONE', *, *, #1392, .T. ) ;
#824 = LINE ( 'NONE', #1571, #2155 ) ;
#825 = DIRECTION ( 'NONE',  ( -0.7071067811865474617, 8.659560562354932858E-17, 0.7071067811865474617 ) ) ;
#826 = ORIENTED_EDGE ( 'NONE', *, *, #119, .F. ) ;
#827 = CYLINDRICAL_SURFACE ( 'NONE', #2041, 2.499999999999998668 ) ;
#828 = ORIENTED_EDGE ( 'NONE', *, *, #2330, .F. ) ;
#829 = DIRECTION ( 'NONE',  ( -1.000000000000000000, 0.000000000000000000, 0.000000000000000000 ) ) ;
#830 = ADVANCED_FACE ( 'NONE', ( #583 ), #1148, .T. ) ;
#831 = VECTOR ( 'NONE', #2265, 1000.000000000000000 ) ;
#832 = DIRECTION ( 'NONE',  ( -0.000000000000000000, -0.000000000000000000, -1.000000000000000000 ) ) ;
#833 = CARTESIAN_POINT ( 'NONE',  ( -21.40000000000000568, -21.49999999999999645, 2.000000000000000000 ) ) ;
#834 = CIRCLE ( 'NONE', #245, 2.000000000000001776 ) ;
#835 = EDGE_CURVE ( 'NONE', #275, #820, #594, .T. ) ;
#836 = VERTEX_POINT ( 'NONE', #2080 ) ;
#837 = CARTESIAN_POINT ( 'NONE',  ( -18.90000000000000568, -21.49999999999999645, 0.000000000000000000 ) ) ;
#838 = VECTOR ( 'NONE', #920, 1000.000000000000000 ) ;
#839 = VECTOR ( 'NONE', #2370, 1000.000000000000000 ) ;
#840 = DIRECTION ( 'NONE',  ( -0.000000000000000000, -0.000000000000000000, 1.000000000000000000 ) ) ;
#841 = EDGE_CURVE ( 'NONE', #1804, #2371, #639, .T. ) ;
#842 = VERTEX_POINT ( 'NONE', #1722 ) ;
#843 = PLANE ( 'NONE',  #83 ) ;
#844 = CIRCLE ( 'NONE', #2210, 2.499999999999998668 ) ;
#845 = ORIENTED_EDGE ( 'NONE', *, *, #2055, .T. ) ;
#846 = DIRECTION ( 'NONE',  ( -1.000000000000000000, 0.000000000000000000, 0.000000000000000000 ) ) ;
#847 = DIRECTION ( 'NONE',  ( -0.000000000000000000, -0.000000000000000000, 1.000000000000000000 ) ) ;
#848 = VERTEX_POINT ( 'NONE', #787 ) ;
#849 = CARTESIAN_POINT ( 'NONE',  ( 21.89999999999999503, 37.60000000000000142, 3.000000000000000000 ) ) ;
#850 = ADVANCED_FACE ( 'NONE', ( #752 ), #1501, .T. ) ;
#851 = DIRECTION ( 'NONE',  ( 1.000000000000000000, 0.000000000000000000, 0.000000000000000000 ) ) ;
#852 = VERTEX_POINT ( 'NONE', #1421 ) ;
#853 = CARTESIAN_POINT ( 'NONE',  ( -21.65000000000000213, 20.50000000000000000, 4.000000000000000000 ) ) ;
#854 = ORIENTED_EDGE ( 'NONE', *, *, #1102, .F. ) ;
#855 = EDGE_LOOP ( 'NONE', ( #348, #1794, #2300, #482 ) ) ;
#856 = CARTESIAN_POINT ( 'NONE',  ( -23.89999999999999147, -37.60000000000000142, 3.000000000000000000 ) ) ;
#857 = CARTESIAN_POINT ( 'NONE',  ( -21.39999999999999858, 4.500000000000003553, 0.000000000000000000 ) ) ;
#858 = ORIENTED_EDGE ( 'NONE', *, *, #1324, .T. ) ;
#859 = DIRECTION ( 'NONE',  ( -0.000000000000000000, -0.000000000000000000, 1.000000000000000000 ) ) ;
#860 = CYLINDRICAL_SURFACE ( 'NONE', #1819, 1.449999999999999956 ) ;
#861 = CARTESIAN_POINT ( 'NONE',  ( -23.89999999999999858, 39.60000000000000142, 4.000000000000000000 ) ) ;
#862 = ADVANCED_FACE ( 'NONE', ( #821 ), #1579, .F. ) ;
#863 = EDGE_LOOP ( 'NONE', ( #714, #751 ) ) ;
#864 = PLANE ( 'NONE',  #1657 ) ;
#865 = ORIENTED_EDGE ( 'NONE', *, *, #13, .T. ) ;
#866 = VERTEX_POINT ( 'NONE', #62 ) ;
#867 = LINE ( 'NONE', #476, #2170 ) ;
#868 = EDGE_CURVE ( 'NONE', #1796, #842, #834, .T. ) ;
#869 = DIRECTION ( 'NONE',  ( -1.000000000000000000, 0.000000000000000000, 0.000000000000000000 ) ) ;
#870 = AXIS2_PLACEMENT_3D ( 'NONE', #646, #1015, #699 ) ;
#871 = AXIS2_PLACEMENT_3D ( 'NONE', #610, #1361, #2106 ) ;
#872 = EDGE_LOOP ( 'NONE', ( #620, #1078 ) ) ;
#873 = DIRECTION ( 'NONE',  ( -1.000000000000000000, 0.000000000000000000, 0.000000000000000000 ) ) ;
#874 = AXIS2_PLACEMENT_3D ( 'NONE', #1713, #985, #2270 ) ;
#875 = LINE ( 'NONE', #1625, #1626 ) ;
#876 = DIRECTION ( 'NONE',  ( 0.000000000000000000, 0.000000000000000000, -1.000000000000000000 ) ) ;
#877 = VERTEX_POINT ( 'NONE', #1408 ) ;
#878 = CIRCLE ( 'NONE', #91, 3.499999999999999556 ) ;
#879 = AXIS2_PLACEMENT_3D ( 'NONE', #656, #1756, #1598 ) ;
#880 = VERTEX_POINT ( 'NONE', #81 ) ;
#881 = CIRCLE ( 'NONE', #1194, 2.000000000000001776 ) ;
#882 = EDGE_LOOP ( 'NONE', ( #363, #1628, #88, #1633 ) ) ;
#883 = EDGE_CURVE ( 'NONE', #1890, #1561, #1420, .T. ) ;
#884 = DIRECTION ( 'NONE',  ( 1.000000000000000000, 0.000000000000000000, 0.000000000000000000 ) ) ;
#885 = CIRCLE ( 'NONE', #424, 2.499999999999998668 ) ;
#886 = LINE ( 'NONE', #1437, #1968 ) ;
#887 = LINE ( 'NONE', #1636, #1904 ) ;
#888 = ORIENTED_EDGE ( 'NONE', *, *, #749, .F. ) ;
#889 = DIRECTION ( 'NONE',  ( 0.000000000000000000, 0.000000000000000000, -1.000000000000000000 ) ) ;
#890 = LINE ( 'NONE', #1597, #2013 ) ;
#891 = DIRECTION ( 'NONE',  ( -0.000000000000000000, -0.000000000000000000, 1.000000000000000000 ) ) ;
#892 = EDGE_LOOP ( 'NONE', ( #2217, #1322, #1847, #1261 ) ) ;
#893 = DIRECTION ( 'NONE',  ( -0.7071067811865474617, 8.659560562354932858E-17, 0.7071067811865474617 ) ) ;
#894 = DIRECTION ( 'NONE',  ( 1.000000000000000000, 0.000000000000000000, 0.000000000000000000 ) ) ;
#895 = ORIENTED_EDGE ( 'NONE', *, *, #444, .T. ) ;
#896 = EDGE_CURVE ( 'NONE', #1980, #745, #528, .T. ) ;
#897 = FACE_BOUND ( 'NONE', #1395, .T. ) ;
#898 = ORIENTED_EDGE ( 'NONE', *, *, #2110, .T. ) ;
#899 = CARTESIAN_POINT ( 'NONE',  ( -22.39999999999999503, -14.50000000000000000, 0.000000000000000000 ) ) ;
#900 = CARTESIAN_POINT ( 'NONE',  ( -16.15000000000000568, 20.50000000000000000, 4.000000000000000000 ) ) ;
#901 = EDGE_LOOP ( 'NONE', ( #1329, #1406, #2386, #114 ) ) ;
#902 = DIRECTION ( 'NONE',  ( -1.000000000000000000, 0.000000000000000000, 0.000000000000000000 ) ) ;
#903 = CARTESIAN_POINT ( 'NONE',  ( -16.14999999999999503, -14.50000000000000000, 3.000000000000000000 ) ) ;
#904 = ORIENTED_EDGE ( 'NONE', *, *, #2061, .F. ) ;
#905 = CARTESIAN_POINT ( 'NONE',  ( 16.40000000000000213, -21.50000000000000000, 2.000000000000000000 ) ) ;
#906 = EDGE_CURVE ( 'NONE', #786, #2269, #2242, .T. ) ;
#907 = DIRECTION ( 'NONE',  ( 1.000000000000000000, 0.000000000000000000, 0.000000000000000000 ) ) ;
#908 = ORIENTED_EDGE ( 'NONE', *, *, #2174, .T. ) ;
#909 = AXIS2_PLACEMENT_3D ( 'NONE', #1861, #183, #2423 ) ;
#910 = CARTESIAN_POINT ( 'NONE',  ( 16.40000000000000213, -31.50000000000000000, 0.000000000000000000 ) ) ;
#911 = EDGE_CURVE ( 'NONE', #1943, #159, #484, .T. ) ;
#912 = CARTESIAN_POINT ( 'NONE',  ( 22.39999999999999503, -14.50000000000000000, 0.000000000000000000 ) ) ;
#913 = CIRCLE ( 'NONE', #1927, 2.499999999999998668 ) ;
#914 = CARTESIAN_POINT ( 'NONE',  ( -18.90000000000000568, -31.49999999999999289, 2.000000000000000000 ) ) ;
#915 = ORIENTED_EDGE ( 'NONE', *, *, #2289, .F. ) ;
#916 = PRODUCT_DEFINITION_CONTEXT ( 'detailed design', #624, 'design' ) ;
#917 = CARTESIAN_POINT ( 'NONE',  ( 16.15000000000000213, -14.50000000000000000, 3.000000000000000000 ) ) ;
#918 = ADVANCED_FACE ( 'NONE', ( #2136 ), #1009, .F. ) ;
#919 = VECTOR ( 'NONE', #1253, 1000.000000000000000 ) ;
#920 = DIRECTION ( 'NONE',  ( -1.000000000000000000, -0.000000000000000000, -0.000000000000000000 ) ) ;
#921 = VERTEX_POINT ( 'NONE', #278 ) ;
#922 = VECTOR ( 'NONE', #28, 1000.000000000000000 ) ;
#923 = AXIS2_PLACEMENT_3D ( 'NONE', #1184, #432, #2286 ) ;
#924 = DIRECTION ( 'NONE',  ( -0.000000000000000000, -0.000000000000000000, 1.000000000000000000 ) ) ;
#925 = AXIS2_PLACEMENT_3D ( 'NONE', #940, #1689, #6 ) ;
#926 = LINE ( 'NONE', #150, #1236 ) ;
#927 = EDGE_LOOP ( 'NONE', ( #118, #1924, #765, #759 ) ) ;
#928 = VECTOR ( 'NONE', #986, 1000.000000000000000 ) ;
#929 = CARTESIAN_POINT ( 'NONE',  ( -21.39999999999999858, -7.499999999999995559, 2.000000000000000000 ) ) ;
#930 = DIRECTION ( 'NONE',  ( -0.000000000000000000, -0.000000000000000000, 1.000000000000000000 ) ) ;
#931 = CARTESIAN_POINT ( 'NONE',  ( -16.40000000000000213, 4.500000000000003553, 0.000000000000000000 ) ) ;
#932 = VERTEX_POINT ( 'NONE', #1752 ) ;
#933 = EDGE_CURVE ( 'NONE', #1583, #389, #414, .T. ) ;
#934 = LINE ( 'NONE', #734, #1768 ) ;
#935 = ORIENTED_EDGE ( 'NONE', *, *, #1872, .T. ) ;
#936 = CARTESIAN_POINT ( 'NONE',  ( -18.90000000000000213, 20.50000000000000000, 3.000000000000000000 ) ) ;
#937 = DIRECTION ( 'NONE',  ( -0.000000000000000000, -0.000000000000000000, -1.000000000000000000 ) ) ;
#938 = EDGE_LOOP ( 'NONE', ( #307, #1360 ) ) ;
#939 = FACE_BOUND ( 'NONE', #7, .T. ) ;
#940 = CARTESIAN_POINT ( 'NONE',  ( 18.89999999999999858, -21.50000000000000000, 2.000000000000000000 ) ) ;
#941 = ORIENTED_EDGE ( 'NONE', *, *, #1277, .F. ) ;
#942 = LINE ( 'NONE', #1668, #1923 ) ;
#943 = EDGE_CURVE ( 'NONE', #1942, #395, #1568, .T. ) ;
#944 = FILL_AREA_STYLE_COLOUR ( '', #1079 ) ;
#945 = ORIENTED_EDGE ( 'NONE', *, *, #449, .T. ) ;
#946 = FACE_OUTER_BOUND ( 'NONE', #1350, .T. ) ;
#947 = CARTESIAN_POINT ( 'NONE',  ( -18.89999999999999147, -14.50000000000000000, 4.000000000000000000 ) ) ;
#948 = ADVANCED_FACE ( 'NONE', ( #1372 ), #1351, .F. ) ;
#949 = ORIENTED_EDGE ( 'NONE', *, *, #778, .T. ) ;
#950 = FACE_OUTER_BOUND ( 'NONE', #2021, .T. ) ;
#951 = CARTESIAN_POINT ( 'NONE',  ( 15.40000000000000036, 20.50000000000000355, -0.5000000000000000000 ) ) ;
#952 = VERTEX_POINT ( 'NONE', #2301 ) ;
#953 = DIRECTION ( 'NONE',  ( -0.000000000000000000, -0.000000000000000000, -1.000000000000000000 ) ) ;
#954 = VECTOR ( 'NONE', #1643, 1000.000000000000000 ) ;
#955 = DIRECTION ( 'NONE',  ( -0.000000000000000000, 0.000000000000000000, -1.000000000000000000 ) ) ;
#956 = AXIS2_PLACEMENT_3D ( 'NONE', #791, #1925, #216 ) ;
#957 = CARTESIAN_POINT ( 'NONE',  ( -16.40000000000000924, -31.49999999999999289, 2.000000000000000000 ) ) ;
#958 = EDGE_CURVE ( 'NONE', #1132, #1022, #494, .T. ) ;
#959 = ADVANCED_BREP_SHAPE_REPRESENTATION ( 'Back plate', ( #1285, #61 ), #256 ) ;
#960 = CIRCLE ( 'NONE', #2319, 2.499999999999998668 ) ;
#961 = AXIS2_PLACEMENT_3D ( 'NONE', #37, #984, #1340 ) ;
#962 = EDGE_CURVE ( 'NONE', #304, #198, #1383, .T. ) ;
#963 = CARTESIAN_POINT ( 'NONE',  ( -18.89999999999999858, 20.50000000000000355, -0.5000000000000000000 ) ) ;
#964 = AXIS2_PLACEMENT_3D ( 'NONE', #142, #355, #1441 ) ;
#965 = ORIENTED_EDGE ( 'NONE', *, *, #2317, .T. ) ;
#966 = CARTESIAN_POINT ( 'NONE',  ( -23.89999999999999503, 35.60000000000000142, 3.000000000000000000 ) ) ;
#967 = AXIS2_PLACEMENT_3D ( 'NONE', #2180, #498, #102 ) ;
#968 = FACE_OUTER_BOUND ( 'NONE', #1209, .T. ) ;
#969 = CIRCLE ( 'NONE', #454, 2.499999999999998668 ) ;
#970 = VERTEX_POINT ( 'NONE', #1019 ) ;
#971 = DIRECTION ( 'NONE',  ( -0.000000000000000000, -0.000000000000000000, 1.000000000000000000 ) ) ;
#972 = PLANE ( 'NONE',  #93 ) ;
#973 = ORIENTED_EDGE ( 'NONE', *, *, #223, .T. ) ;
#974 = DIRECTION ( 'NONE',  ( -0.000000000000000000, -0.000000000000000000, 1.000000000000000000 ) ) ;
#975 = EDGE_CURVE ( 'NONE', #318, #2298, #960, .T. ) ;
#976 = EDGE_LOOP ( 'NONE', ( #1044, #1510 ) ) ;
#977 = DIRECTION ( 'NONE',  ( -1.000000000000000000, 0.000000000000000000, 0.000000000000000000 ) ) ;
#978 = CARTESIAN_POINT ( 'NONE',  ( 18.89999999999999858, 4.500000000000000000, 0.000000000000000000 ) ) ;
#979 = CARTESIAN_POINT ( 'NONE',  ( -21.89999999999999503, -35.60000000000000853, 0.000000000000000000 ) ) ;
#980 = ORIENTED_EDGE ( 'NONE', *, *, #2105, .F. ) ;
#981 = CARTESIAN_POINT ( 'NONE',  ( 21.39999999999999858, -31.50000000000000000, 2.000000000000000000 ) ) ;
#982 = CARTESIAN_POINT ( 'NONE',  ( -18.89999999999999858, -7.499999999999995559, 2.000000000000000000 ) ) ;
#983 = EDGE_LOOP ( 'NONE', ( #2356, #689, #1083, #1661 ) ) ;
#984 = DIRECTION ( 'NONE',  ( -0.000000000000000000, -0.000000000000000000, 1.000000000000000000 ) ) ;
#985 = DIRECTION ( 'NONE',  ( 0.000000000000000000, 0.000000000000000000, -1.000000000000000000 ) ) ;
#986 = DIRECTION ( 'NONE',  ( -0.000000000000000000, -0.000000000000000000, 1.000000000000000000 ) ) ;
#987 = EDGE_LOOP ( 'NONE', ( #18, #614, #915, #2358 ) ) ;
#988 = CYLINDRICAL_SURFACE ( 'NONE', #1416, 2.499999999999998668 ) ;
#989 = EDGE_CURVE ( 'NONE', #1488, #1615, #1761, .T. ) ;
#990 = DIRECTION ( 'NONE',  ( 0.000000000000000000, 0.000000000000000000, -1.000000000000000000 ) ) ;
#991 = DIRECTION ( 'NONE',  ( -0.000000000000000000, -0.000000000000000000, 1.000000000000000000 ) ) ;
#992 = AXIS2_PLACEMENT_3D ( 'NONE', #659, #129, #1064 ) ;
#993 = ADVANCED_FACE ( 'NONE', ( #295, #1787, #109, #1743, #1558, #627, #1813, #2417, #2362, #897, #137, #516, #2175, #1646, #1635 ), #2402, .F. ) ;
#994 = AXIS2_PLACEMENT_3D ( 'NONE', #1596, #1400, #2149 ) ;
#995 = VECTOR ( 'NONE', #199, 1000.000000000000000 ) ;
#996 = PRESENTATION_LAYER_ASSIGNMENT (  '', '', ( #2047 ) ) ;
#997 = DIRECTION ( 'NONE',  ( 1.000000000000000000, 0.000000000000000000, 0.000000000000000000 ) ) ;
#998 = VECTOR ( 'NONE', #2410, 1000.000000000000000 ) ;
#999 = CARTESIAN_POINT ( 'NONE',  ( 23.89999999999998437, 39.60000000000000142, 4.000000000000000000 ) ) ;
#1000 = ORIENTED_EDGE ( 'NONE', *, *, #1008, .F. ) ;
#1001 = AXIS2_PLACEMENT_3D ( 'NONE', #1149, #2035, #2246 ) ;
#1002 = CARTESIAN_POINT ( 'NONE',  ( -18.90000000000000568, -21.49999999999999645, 2.000000000000000000 ) ) ;
#1003 = AXIS2_PLACEMENT_3D ( 'NONE', #1946, #428, #445 ) ;
#1004 = FACE_BOUND ( 'NONE', #293, .T. ) ;
#1005 = EDGE_CURVE ( 'NONE', #1997, #1252, #1577, .T. ) ;
#1006 = DIRECTION ( 'NONE',  ( 1.000000000000000000, -0.000000000000000000, -0.000000000000000000 ) ) ;
#1007 = CIRCLE ( 'NONE', #1239, 2.499999999999998668 ) ;
#1008 = EDGE_CURVE ( 'NONE', #38, #601, #1032, .T. ) ;
#1009 = CYLINDRICAL_SURFACE ( 'NONE', #567, 2.499999999999998668 ) ;
#1010 = DIRECTION ( 'NONE',  ( 0.000000000000000000, -0.000000000000000000, -1.000000000000000000 ) ) ;
#1011 = EDGE_LOOP ( 'NONE', ( #399, #2379 ) ) ;
#1012 = CARTESIAN_POINT ( 'NONE',  ( -21.89999999999998082, -37.60000000000000853, 3.000000000000000000 ) ) ;
#1013 = DIRECTION ( 'NONE',  ( -0.000000000000000000, -0.000000000000000000, 1.000000000000000000 ) ) ;
#1014 = VERTEX_POINT ( 'NONE', #1263 ) ;
#1015 = DIRECTION ( 'NONE',  ( -0.000000000000000000, -0.000000000000000000, 1.000000000000000000 ) ) ;
#1016 = EDGE_CURVE ( 'NONE', #2045, #645, #886, .T. ) ;
#1017 = EDGE_LOOP ( 'NONE', ( #227, #544, #210, #1283 ) ) ;
#1018 = EDGE_CURVE ( 'NONE', #877, #1025, #2020, .T. ) ;
#1019 = CARTESIAN_POINT ( 'NONE',  ( 25.90000000000000568, -37.59999999999997300, 4.000000000000000000 ) ) ;
#1020 = ADVANCED_FACE ( 'NONE', ( #2215 ), #1304, .T. ) ;
#1021 = DIRECTION ( 'NONE',  ( -1.000000000000000000, 0.000000000000000000, 0.000000000000000000 ) ) ;
#1022 = VERTEX_POINT ( 'NONE', #1447 ) ;
#1023 = LINE ( 'NONE', #849, #678 ) ;
#1024 = DIRECTION ( 'NONE',  ( -0.000000000000000000, -0.000000000000000000, -1.000000000000000000 ) ) ;
#1025 = VERTEX_POINT ( 'NONE', #149 ) ;
#1026 = CARTESIAN_POINT ( 'NONE',  ( -21.64999999999999147, -14.50000000000000000, 4.000000000000000000 ) ) ;
#1027 = ORIENTED_EDGE ( 'NONE', *, *, #1532, .F. ) ;
#1028 = ADVANCED_FACE ( 'NONE', ( #2008 ), #1056, .T. ) ;
#1029 = VECTOR ( 'NONE', #397, 1000.000000000000000 ) ;
#1030 = DIRECTION ( 'NONE',  ( -0.000000000000000000, 0.000000000000000000, -1.000000000000000000 ) ) ;
#1031 = DIRECTION ( 'NONE',  ( -0.000000000000000000, -0.000000000000000000, -1.000000000000000000 ) ) ;
#1032 = CIRCLE ( 'NONE', #2401, 2.499999999999998668 ) ;
#1033 = ORIENTED_EDGE ( 'NONE', *, *, #1175, .T. ) ;
#1034 = PLANE ( 'NONE',  #86 ) ;
#1035 = VECTOR ( 'NONE', #332, 1000.000000000000000 ) ;
#1036 = DIRECTION ( 'NONE',  ( 1.000000000000000000, 0.000000000000000000, 0.000000000000000000 ) ) ;
#1037 = AXIS2_PLACEMENT_3D ( 'NONE', #1376, #2351, #485 ) ;
#1038 = LINE ( 'NONE', #2116, #1081 ) ;
#1039 = ORIENTED_EDGE ( 'NONE', *, *, #2388, .F. ) ;
#1040 = CARTESIAN_POINT ( 'NONE',  ( 18.89999999999999503, -14.50000000000000000, -0.5000000000000000000 ) ) ;
#1041 = AXIS2_PLACEMENT_3D ( 'NONE', #301, #314, #1961 ) ;
#1042 = VECTOR ( 'NONE', #1560, 1000.000000000000000 ) ;
#1043 = VERTEX_POINT ( 'NONE', #321 ) ;
#1044 = ORIENTED_EDGE ( 'NONE', *, *, #2396, .T. ) ;
#1045 =( LENGTH_UNIT ( ) NAMED_UNIT ( * ) SI_UNIT ( .MILLI., .METRE. ) );
#1046 = DIRECTION ( 'NONE',  ( 1.000000000000000000, 0.000000000000000000, 0.000000000000000000 ) ) ;
#1047 = ADVANCED_FACE ( 'NONE', ( #174 ), #1087, .T. ) ;
#1048 = DIRECTION ( 'NONE',  ( -0.000000000000000000, -0.000000000000000000, 1.000000000000000000 ) ) ;
#1049 = VERTEX_POINT ( 'NONE', #1069 ) ;
#1050 = CARTESIAN_POINT ( 'NONE',  ( 18.89999999999999503, 20.50000000000000000, 1.700000000000001066 ) ) ;
#1051 = LINE ( 'NONE', #2166, #767 ) ;
#1052 = DIRECTION ( 'NONE',  ( 1.000000000000000000, 0.000000000000000000, 0.000000000000000000 ) ) ;
#1053 = VERTEX_POINT ( 'NONE', #1827 ) ;
#1054 = VERTEX_POINT ( 'NONE', #2030 ) ;
#1055 = DIRECTION ( 'NONE',  ( 1.000000000000000000, 0.000000000000000000, 0.000000000000000000 ) ) ;
#1056 = PLANE ( 'NONE',  #1852 ) ;
#1057 = DIRECTION ( 'NONE',  ( -1.000000000000000000, 0.000000000000000000, -0.000000000000000000 ) ) ;
#1058 = ORIENTED_EDGE ( 'NONE', *, *, #1097, .T. ) ;
#1059 = DIRECTION ( 'NONE',  ( 0.000000000000000000, -0.000000000000000000, -1.000000000000000000 ) ) ;
#1060 = CARTESIAN_POINT ( 'NONE',  ( -15.39999999999999680, -14.50000000000000000, -0.5000000000000000000 ) ) ;
#1061 = DIRECTION ( 'NONE',  ( 0.000000000000000000, -0.000000000000000000, -1.000000000000000000 ) ) ;
#1062 = ORIENTED_EDGE ( 'NONE', *, *, #1826, .T. ) ;
#1063 = EDGE_CURVE ( 'NONE', #2267, #2338, #533, .T. ) ;
#1064 = DIRECTION ( 'NONE',  ( 1.000000000000000000, 0.000000000000000000, 0.000000000000000000 ) ) ;
#1065 = ORIENTED_EDGE ( 'NONE', *, *, #221, .F. ) ;
#1066 = EDGE_CURVE ( 'NONE', #1095, #2172, #309, .T. ) ;
#1067 = ORIENTED_EDGE ( 'NONE', *, *, #2128, .T. ) ;
#1068 = DIRECTION ( 'NONE',  ( -1.000000000000000000, 0.000000000000000000, 0.000000000000000000 ) ) ;
#1069 = CARTESIAN_POINT ( 'NONE',  ( -21.64999999999999147, -14.50000000000000000, 3.000000000000000000 ) ) ;
#1070 = AXIS2_PLACEMENT_3D ( 'NONE', #1289, #1834, #710 ) ;
#1071 = CARTESIAN_POINT ( 'NONE',  ( 21.39999999999999858, -31.50000000000000000, 0.000000000000000000 ) ) ;
#1072 = CIRCLE ( 'NONE', #481, 2.749999999999999112 ) ;
#1073 = EDGE_LOOP ( 'NONE', ( #1684, #649, #46, #524 ) ) ;
#1074 = DIRECTION ( 'NONE',  ( -1.000000000000000000, 0.000000000000000000, -0.000000000000000000 ) ) ;
#1075 = CIRCLE ( 'NONE', #1703, 3.499999999999999556 ) ;
#1076 = CARTESIAN_POINT ( 'NONE',  ( -23.89999999999999503, -35.60000000000001563, 3.000000000000000000 ) ) ;
#1077 = CARTESIAN_POINT ( 'NONE',  ( -15.39999999999999680, -14.50000000000000000, -0.5000000000000000000 ) ) ;
#1078 = ORIENTED_EDGE ( 'NONE', *, *, #2143, .F. ) ;
#1079 = COLOUR_RGB ( '',0.8980392156862745390, 0.9176470588235293713, 0.9294117647058823817 ) ;
#1080 = LINE ( 'NONE', #1822, #676 ) ;
#1081 = VECTOR ( 'NONE', #630, 1000.000000000000000 ) ;
#1082 = EDGE_CURVE ( 'NONE', #535, #1472, #350, .T. ) ;
#1083 = ORIENTED_EDGE ( 'NONE', *, *, #1436, .T. ) ;
#1084 = AXIS2_PLACEMENT_3D ( 'NONE', #521, #2012, #343 ) ;
#1085 = ORIENTED_EDGE ( 'NONE', *, *, #1723, .T. ) ;
#1086 = AXIS2_PLACEMENT_3D ( 'NONE', #2281, #1343, #2111 ) ;
#1087 = CYLINDRICAL_SURFACE ( 'NONE', #487, 2.000000000000001776 ) ;
#1088 = VERTEX_POINT ( 'NONE', #905 ) ;
#1089 = CARTESIAN_POINT ( 'NONE',  ( 18.89999999999999858, 4.500000000000000000, 2.000000000000000000 ) ) ;
#1090 = CARTESIAN_POINT ( 'NONE',  ( 21.89999999999999503, 35.60000000000000142, 0.000000000000000000 ) ) ;
#1091 = CARTESIAN_POINT ( 'NONE',  ( 18.89999999999999858, -14.50000000000000000, 3.000000000000000000 ) ) ;
#1092 = ORIENTED_EDGE ( 'NONE', *, *, #29, .T. ) ;
#1093 = CARTESIAN_POINT ( 'NONE',  ( -18.89999999999999147, -14.50000000000000000, 4.000000000000000000 ) ) ;
#1094 = DIRECTION ( 'NONE',  ( 1.000000000000000000, 0.000000000000000000, 0.000000000000000000 ) ) ;
#1095 = VERTEX_POINT ( 'NONE', #1838 ) ;
#1096 = ADVANCED_FACE ( 'NONE', ( #160 ), #1658, .F. ) ;
#1097 = EDGE_CURVE ( 'NONE', #720, #259, #1798, .T. ) ;
#1098 = DIRECTION ( 'NONE',  ( 1.000000000000000000, 0.000000000000000000, 0.000000000000000000 ) ) ;
#1099 = CARTESIAN_POINT ( 'NONE',  ( 16.40000000000000213, 4.500000000000000000, 2.000000000000000000 ) ) ;
#1100 = ORIENTED_EDGE ( 'NONE', *, *, #812, .F. ) ;
#1101 = DIRECTION ( 'NONE',  ( -0.000000000000000000, -0.000000000000000000, -1.000000000000000000 ) ) ;
#1102 = EDGE_CURVE ( 'NONE', #1879, #1472, #411, .T. ) ;
#1103 = CARTESIAN_POINT ( 'NONE',  ( 18.89999999999999858, -14.50000000000000000, -0.5000000000000004441 ) ) ;
#1104 = CARTESIAN_POINT ( 'NONE',  ( -17.45000000000000284, 20.50000000000000000, 4.000000000000000000 ) ) ;
#1105 = ORIENTED_EDGE ( 'NONE', *, *, #406, .F. ) ;
#1106 = FACE_OUTER_BOUND ( 'NONE', #892, .T. ) ;
#1107 = FACE_OUTER_BOUND ( 'NONE', #359, .T. ) ;
#1108 = EDGE_LOOP ( 'NONE', ( #2099, #2399 ) ) ;
#1109 = DIRECTION ( 'NONE',  ( -0.000000000000000000, -0.000000000000000000, -1.000000000000000000 ) ) ;
#1110 = PRODUCT_DEFINITION_SHAPE ( 'NONE', 'NONE',  #2223 ) ;
#1111 = CARTESIAN_POINT ( 'NONE',  ( 16.40000000000000213, -31.50000000000000000, 2.000000000000000000 ) ) ;
#1112 = ADVANCED_FACE ( 'NONE', ( #1169 ), #1533, .F. ) ;
#1113 = ORIENTED_EDGE ( 'NONE', *, *, #3, .T. ) ;
#1114 = DIRECTION ( 'NONE',  ( 1.000000000000000000, 0.000000000000000000, 0.000000000000000000 ) ) ;
#1115 = CARTESIAN_POINT ( 'NONE',  ( -25.89999999999999858, 37.60000000000000142, 4.000000000000000000 ) ) ;
#1116 = AXIS2_PLACEMENT_3D ( 'NONE', #1127, #2011, #547 ) ;
#1117 = LINE ( 'NONE', #1858, #1318 ) ;
#1118 = ORIENTED_EDGE ( 'NONE', *, *, #761, .F. ) ;
#1119 = CYLINDRICAL_SURFACE ( 'NONE', #909, 3.499999999999999556 ) ;
#1120 = CIRCLE ( 'NONE', #209, 2.499999999999998668 ) ;
#1121 = ORIENTED_EDGE ( 'NONE', *, *, #512, .T. ) ;
#1122 = VECTOR ( 'NONE', #2408, 1000.000000000000000 ) ;
#1123 = DIRECTION ( 'NONE',  ( -0.7071067811865474617, 8.659560562354932858E-17, 0.7071067811865474617 ) ) ;
#1124 = CIRCLE ( 'NONE', #97, 2.749999999999999112 ) ;
#1125 = ORIENTED_EDGE ( 'NONE', *, *, #1005, .F. ) ;
#1126 = AXIS2_PLACEMENT_3D ( 'NONE', #280, #1438, #1788 ) ;
#1127 = CARTESIAN_POINT ( 'NONE',  ( 18.89999999999999858, -31.50000000000000000, 2.000000000000000000 ) ) ;
#1128 = EDGE_CURVE ( 'NONE', #198, #304, #606, .T. ) ;
#1129 = CYLINDRICAL_SURFACE ( 'NONE', #1473, 2.499999999999998668 ) ;
#1130 = VECTOR ( 'NONE', #1384, 1000.000000000000000 ) ;
#1131 = DIRECTION ( 'NONE',  ( -1.000000000000000000, 0.000000000000000000, 0.000000000000000000 ) ) ;
#1132 = VERTEX_POINT ( 'NONE', #1146 ) ;
#1133 = CYLINDRICAL_SURFACE ( 'NONE', #2279, 2.749999999999999112 ) ;
#1134 = CARTESIAN_POINT ( 'NONE',  ( -22.39999999999999503, -14.50000000000000000, -0.5000000000000000000 ) ) ;
#1135 = VERTEX_POINT ( 'NONE', #2278 ) ;
#1136 = ADVANCED_FACE ( 'NONE', ( #14 ), #2257, .F. ) ;
#1137 = CARTESIAN_POINT ( 'NONE',  ( 18.89999999999999858, -31.50000000000000000, 2.000000000000000000 ) ) ;
#1138 = ORIENTED_EDGE ( 'NONE', *, *, #1567, .F. ) ;
#1139 = CARTESIAN_POINT ( 'NONE',  ( 21.64999999999999858, -14.50000000000000000, 3.000000000000000000 ) ) ;
#1140 = CARTESIAN_POINT ( 'NONE',  ( -21.40000000000000568, -31.49999999999999289, 2.000000000000000000 ) ) ;
#1141 = EDGE_LOOP ( 'NONE', ( #640, #1777, #1746, #172 ) ) ;
#1142 = FACE_OUTER_BOUND ( 'NONE', #2056, .T. ) ;
#1143 = CARTESIAN_POINT ( 'NONE',  ( -21.89999999999999503, 35.60000000000000142, 3.000000000000000000 ) ) ;
#1144 = ADVANCED_FACE ( 'NONE', ( #196 ), #222, .F. ) ;
#1145 = ORIENTED_EDGE ( 'NONE', *, *, #1436, .F. ) ;
#1146 = CARTESIAN_POINT ( 'NONE',  ( -21.89999999999998082, 37.60000000000000142, 0.000000000000000000 ) ) ;
#1147 = ORIENTED_EDGE ( 'NONE', *, *, #1018, .T. ) ;
#1148 = CYLINDRICAL_SURFACE ( 'NONE', #874, 2.000000000000001776 ) ;
#1149 = CARTESIAN_POINT ( 'NONE',  ( -23.89999999999999858, 37.60000000000000142, 3.000000000000000000 ) ) ;
#1150 = ORIENTED_EDGE ( 'NONE', *, *, #313, .F. ) ;
#1151 = FACE_OUTER_BOUND ( 'NONE', #385, .T. ) ;
#1152 = CIRCLE ( 'NONE', #1186, 2.000000000000001776 ) ;
#1153 = DIRECTION ( 'NONE',  ( 0.000000000000000000, -0.000000000000000000, 1.000000000000000000 ) ) ;
#1154 = CIRCLE ( 'NONE', #795, 1.449999999999999956 ) ;
#1155 = ORIENTED_EDGE ( 'NONE', *, *, #147, .T. ) ;
#1156 = EDGE_CURVE ( 'NONE', #662, #462, #878, .T. ) ;
#1157 = CIRCLE ( 'NONE', #961, 2.749999999999999112 ) ;
#1158 = CARTESIAN_POINT ( 'NONE',  ( -18.89999999999999147, 32.50000000000000711, 2.000000000000000000 ) ) ;
#1159 = ORIENTED_EDGE ( 'NONE', *, *, #911, .F. ) ;
#1160 = DIRECTION ( 'NONE',  ( 0.000000000000000000, 0.000000000000000000, -1.000000000000000000 ) ) ;
#1161 = AXIS2_PLACEMENT_3D ( 'NONE', #2272, #801, #596 ) ;
#1162 = DIRECTION ( 'NONE',  ( 1.000000000000000000, 0.000000000000000000, 0.000000000000000000 ) ) ;
#1163 = VECTOR ( 'NONE', #1487, 1000.000000000000000 ) ;
#1164 = ORIENTED_EDGE ( 'NONE', *, *, #1403, .F. ) ;
#1165 = LINE ( 'NONE', #1909, #831 ) ;
#1166 = DIRECTION ( 'NONE',  ( -0.000000000000000000, -0.000000000000000000, -1.000000000000000000 ) ) ;
#1167 = ORIENTED_EDGE ( 'NONE', *, *, #2299, .F. ) ;
#1168 = EDGE_CURVE ( 'NONE', #1721, #1886, #1468, .T. ) ;
#1169 = FACE_OUTER_BOUND ( 'NONE', #1642, .T. ) ;
#1170 = ADVANCED_FACE ( 'NONE', ( #604 ), #2058, .F. ) ;
#1171 = FACE_OUTER_BOUND ( 'NONE', #270, .T. ) ;
#1172 = CARTESIAN_POINT ( 'NONE',  ( -18.89999999999999147, -14.50000000000000000, 1.700000000000001066 ) ) ;
#1173 = ADVANCED_FACE ( 'NONE', ( #946 ), #232, .F. ) ;
#1174 = EDGE_LOOP ( 'NONE', ( #1462, #1763 ) ) ;
#1175 = EDGE_CURVE ( 'NONE', #159, #1943, #1157, .T. ) ;
#1176 = DIRECTION ( 'NONE',  ( -0.000000000000000000, -0.000000000000000000, -1.000000000000000000 ) ) ;
#1177 = CYLINDRICAL_SURFACE ( 'NONE', #56, 2.000000000000001776 ) ;
#1178 = EDGE_LOOP ( 'NONE', ( #319, #683, #1800, #2104 ) ) ;
#1179 = CARTESIAN_POINT ( 'NONE',  ( -18.90000000000000568, -21.49999999999999645, 2.000000000000000000 ) ) ;
#1180 = EDGE_CURVE ( 'NONE', #1022, #811, #2042, .T. ) ;
#1181 = CARTESIAN_POINT ( 'NONE',  ( -21.89999999999998082, -37.60000000000000853, 0.000000000000000000 ) ) ;
#1182 = ORIENTED_EDGE ( 'NONE', *, *, #1016, .T. ) ;
#1183 = DIRECTION ( 'NONE',  ( 1.000000000000000000, 0.000000000000000000, 0.000000000000000000 ) ) ;
#1184 = CARTESIAN_POINT ( 'NONE',  ( 18.89999999999999858, 4.500000000000000000, 2.000000000000000000 ) ) ;
#1185 = CARTESIAN_POINT ( 'NONE',  ( 25.89999999999999858, 39.60000000000000142, 3.000000000000000000 ) ) ;
#1186 = AXIS2_PLACEMENT_3D ( 'NONE', #76, #1805, #1259 ) ;
#1187 = AXIS2_PLACEMENT_3D ( 'NONE', #1267, #520, #1998 ) ;
#1188 = AXIS2_PLACEMENT_3D ( 'NONE', #1945, #675, #997 ) ;
#1189 = CIRCLE ( 'NONE', #2119, 3.499999999999999556 ) ;
#1190 = DIRECTION ( 'NONE',  ( 1.000000000000000000, 0.000000000000000000, 0.000000000000000000 ) ) ;
#1191 = AXIS2_PLACEMENT_3D ( 'NONE', #2232, #1270, #2049 ) ;
#1192 = CARTESIAN_POINT ( 'NONE',  ( 16.15000000000000213, -14.50000000000000000, 4.000000000000000000 ) ) ;
#1193 = ORIENTED_EDGE ( 'NONE', *, *, #11, .F. ) ;
#1194 = AXIS2_PLACEMENT_3D ( 'NONE', #1090, #1217, #2340 ) ;
#1195 = EDGE_CURVE ( 'NONE', #836, #395, #1621, .T. ) ;
#1196 = DIRECTION ( 'NONE',  ( 1.000000000000000000, 0.000000000000000000, 0.000000000000000000 ) ) ;
#1197 = AXIS2_PLACEMENT_3D ( 'NONE', #1172, #2311, #1714 ) ;
#1198 = LINE ( 'NONE', #682, #2323 ) ;
#1199 = ORIENTED_EDGE ( 'NONE', *, *, #1292, .T. ) ;
#1200 = ADVANCED_FACE ( 'NONE', ( #581 ), #207, .T. ) ;
#1201 = ORIENTED_EDGE ( 'NONE', *, *, #58, .T. ) ;
#1202 = VERTEX_POINT ( 'NONE', #1513 ) ;
#1203 = EDGE_CURVE ( 'NONE', #198, #1895, #1330, .T. ) ;
#1204 = DIRECTION ( 'NONE',  ( -0.000000000000000000, -0.000000000000000000, 1.000000000000000000 ) ) ;
#1205 = DIRECTION ( 'NONE',  ( 0.000000000000000000, 0.000000000000000000, -1.000000000000000000 ) ) ;
#1206 = ORIENTED_EDGE ( 'NONE', *, *, #1312, .F. ) ;
#1207 = PLANE ( 'NONE',  #1736 ) ;
#1208 = CYLINDRICAL_SURFACE ( 'NONE', #1817, 2.749999999999999112 ) ;
#1209 = EDGE_LOOP ( 'NONE', ( #503, #1900 ) ) ;
#1210 = CARTESIAN_POINT ( 'NONE',  ( 21.39999999999999858, 4.500000000000000000, 2.000000000000000000 ) ) ;
#1211 = EDGE_CURVE ( 'NONE', #789, #1135, #2068, .T. ) ;
#1212 = ORIENTED_EDGE ( 'NONE', *, *, #1931, .F. ) ;
#1213 = DIRECTION ( 'NONE',  ( 0.000000000000000000, -0.000000000000000000, -1.000000000000000000 ) ) ;
#1214 = DIRECTION ( 'NONE',  ( 1.000000000000000000, 0.000000000000000000, 0.000000000000000000 ) ) ;
#1215 = EDGE_LOOP ( 'NONE', ( #2208, #441, #514, #120 ) ) ;
#1216 = DIRECTION ( 'NONE',  ( -1.000000000000000000, 0.000000000000000000, 0.000000000000000000 ) ) ;
#1217 = DIRECTION ( 'NONE',  ( 0.000000000000000000, -0.000000000000000000, -1.000000000000000000 ) ) ;
#1218 = CARTESIAN_POINT ( 'NONE',  ( 21.39999999999999858, -21.50000000000000000, 2.000000000000000000 ) ) ;
#1219 = ORIENTED_EDGE ( 'NONE', *, *, #2034, .F. ) ;
#1220 = DIRECTION ( 'NONE',  ( -0.000000000000000000, -0.000000000000000000, 1.000000000000000000 ) ) ;
#1221 = AXIS2_PLACEMENT_3D ( 'NONE', #1845, #1456, #526 ) ;
#1222 = ORIENTED_EDGE ( 'NONE', *, *, #2424, .T. ) ;
#1223 = EDGE_CURVE ( 'NONE', #1886, #1721, #1189, .T. ) ;
#1224 = CIRCLE ( 'NONE', #2006, 2.000000000000001776 ) ;
#1225 = CARTESIAN_POINT ( 'NONE',  ( 18.89999999999999503, -14.50000000000000000, -0.5000000000000000000 ) ) ;
#1226 = AXIS2_PLACEMENT_3D ( 'NONE', #650, #1398, #268 ) ;
#1227 = DIRECTION ( 'NONE',  ( 0.000000000000000000, 0.000000000000000000, -1.000000000000000000 ) ) ;
#1228 = CYLINDRICAL_SURFACE ( 'NONE', #2292, 2.000000000000001776 ) ;
#1229 = ORIENTED_EDGE ( 'NONE', *, *, #975, .F. ) ;
#1230 = CARTESIAN_POINT ( 'NONE',  ( 18.89999999999999858, -14.50000000000000000, -0.5000000000000004441 ) ) ;
#1231 = CARTESIAN_POINT ( 'NONE',  ( 18.89999999999999858, 20.50000000000000355, -0.5000000000000000000 ) ) ;
#1232 = AXIS2_PLACEMENT_3D ( 'NONE', #1520, #990, #2098 ) ;
#1233 = DIRECTION ( 'NONE',  ( -0.000000000000000000, -0.000000000000000000, 1.000000000000000000 ) ) ;
#1234 = EDGE_LOOP ( 'NONE', ( #1278, #1379 ) ) ;
#1235 = DIRECTION ( 'NONE',  ( -1.000000000000000000, 0.000000000000000000, -0.000000000000000000 ) ) ;
#1236 = VECTOR ( 'NONE', #2031, 1000.000000000000000 ) ;
#1237 = ORIENTED_EDGE ( 'NONE', *, *, #1256, .T. ) ;
#1238 = ORIENTED_EDGE ( 'NONE', *, *, #958, .F. ) ;
#1239 = AXIS2_PLACEMENT_3D ( 'NONE', #1407, #2145, #1055 ) ;
#1240 = DIRECTION ( 'NONE',  ( -0.000000000000000000, -0.000000000000000000, -1.000000000000000000 ) ) ;
#1241 = DIRECTION ( 'NONE',  ( 1.000000000000000000, 0.000000000000000000, 0.000000000000000000 ) ) ;
#1242 = CARTESIAN_POINT ( 'NONE',  ( -18.90000000000000213, 20.50000000000000000, 1.700000000000001066 ) ) ;
#1243 = EDGE_CURVE ( 'NONE', #138, #932, #1704, .T. ) ;
#1244 = ORIENTED_EDGE ( 'NONE', *, *, #1392, .F. ) ;
#1245 = CARTESIAN_POINT ( 'NONE',  ( -23.89999999999999503, 37.60000000000000142, 3.000000000000000000 ) ) ;
#1246 = CARTESIAN_POINT ( 'NONE',  ( -18.90000000000000213, 20.50000000000000000, 4.000000000000000000 ) ) ;
#1247 = CARTESIAN_POINT ( 'NONE',  ( 15.39999999999999680, -14.50000000000000000, 0.000000000000000000 ) ) ;
#1248 = EDGE_CURVE ( 'NONE', #852, #1054, #374, .T. ) ;
#1249 = ORIENTED_EDGE ( 'NONE', *, *, #2105, .T. ) ;
#1250 = CARTESIAN_POINT ( 'NONE',  ( 21.64999999999999503, 20.50000000000000000, 3.000000000000000000 ) ) ;
#1251 = ORIENTED_EDGE ( 'NONE', *, *, #688, .T. ) ;
#1252 = VERTEX_POINT ( 'NONE', #158 ) ;
#1253 = DIRECTION ( 'NONE',  ( -0.000000000000000000, 1.000000000000000000, -0.000000000000000000 ) ) ;
#1254 = ORIENTED_EDGE ( 'NONE', *, *, #228, .T. ) ;
#1255 = DIRECTION ( 'NONE',  ( -1.000000000000000000, 0.000000000000000000, 0.000000000000000000 ) ) ;
#1256 = EDGE_CURVE ( 'NONE', #356, #535, #1772, .T. ) ;
#1257 = DIRECTION ( 'NONE',  ( -0.000000000000000000, 0.000000000000000000, 1.000000000000000000 ) ) ;
#1258 = ORIENTED_EDGE ( 'NONE', *, *, #1496, .F. ) ;
#1259 = DIRECTION ( 'NONE',  ( 1.000000000000000000, 0.000000000000000000, 0.000000000000000000 ) ) ;
#1260 = PLANE ( 'NONE',  #2404 ) ;
#1261 = ORIENTED_EDGE ( 'NONE', *, *, #1748, .T. ) ;
#1262 = ORIENTED_EDGE ( 'NONE', *, *, #1559, .F. ) ;
#1263 = CARTESIAN_POINT ( 'NONE',  ( 21.39999999999999858, -21.50000000000000000, 0.000000000000000000 ) ) ;
#1264 = DIRECTION ( 'NONE',  ( 0.000000000000000000, 0.000000000000000000, -1.000000000000000000 ) ) ;
#1265 = AXIS2_PLACEMENT_3D ( 'NONE', #2129, #124, #666 ) ;
#1266 = VERTEX_POINT ( 'NONE', #1276 ) ;
#1267 = CARTESIAN_POINT ( 'NONE',  ( 0.000000000000000000, 0.000000000000000000, 4.000000000000000000 ) ) ;
#1268 = VECTOR ( 'NONE', #832, 1000.000000000000000 ) ;
#1269 = CARTESIAN_POINT ( 'NONE',  ( -16.40000000000000213, -7.499999999999995559, 0.000000000000000000 ) ) ;
#1270 = DIRECTION ( 'NONE',  ( -0.000000000000000000, 0.000000000000000000, 1.000000000000000000 ) ) ;
#1271 = EDGE_CURVE ( 'NONE', #1054, #1783, #2425, .T. ) ;
#1272 = ORIENTED_EDGE ( 'NONE', *, *, #1723, .F. ) ;
#1273 = CIRCLE ( 'NONE', #212, 2.499999999999998668 ) ;
#1274 = FACE_OUTER_BOUND ( 'NONE', #1865, .T. ) ;
#1275 = CIRCLE ( 'NONE', #1471, 2.499999999999998668 ) ;
#1276 = CARTESIAN_POINT ( 'NONE',  ( -16.39999999999999503, 32.50000000000000711, 0.000000000000000000 ) ) ;
#1277 = EDGE_CURVE ( 'NONE', #720, #1836, #1855, .T. ) ;
#1278 = ORIENTED_EDGE ( 'NONE', *, *, #1872, .F. ) ;
#1279 = CIRCLE ( 'NONE', #1084, 2.000000000000001776 ) ;
#1280 = AXIS2_PLACEMENT_3D ( 'NONE', #122, #82, #99 ) ;
#1281 = EDGE_CURVE ( 'NONE', #1886, #662, #2415, .T. ) ;
#1282 = CARTESIAN_POINT ( 'NONE',  ( -21.40000000000000568, -21.49999999999999645, 2.000000000000000000 ) ) ;
#1283 = ORIENTED_EDGE ( 'NONE', *, *, #1016, .F. ) ;
#1284 = FACE_OUTER_BOUND ( 'NONE', #1305, .T. ) ;
#1285 = MANIFOLD_SOLID_BREP ( 'Cut-Extrude2', #2398 ) ;
#1286 = LINE ( 'NONE', #21, #1122 ) ;
#1287 = FACE_OUTER_BOUND ( 'NONE', #2156, .T. ) ;
#1288 = ORIENTED_EDGE ( 'NONE', *, *, #11, .T. ) ;
#1289 = CARTESIAN_POINT ( 'NONE',  ( -18.89999999999999147, -14.50000000000000000, 3.000000000000000000 ) ) ;
#1290 = FILL_AREA_STYLE ('',( #944 ) ) ;
#1291 = ORIENTED_EDGE ( 'NONE', *, *, #883, .F. ) ;
#1292 = EDGE_CURVE ( 'NONE', #1908, #159, #358, .T. ) ;
#1293 = DIRECTION ( 'NONE',  ( 1.000000000000000000, 0.000000000000000000, 0.000000000000000000 ) ) ;
#1294 = CARTESIAN_POINT ( 'NONE',  ( 15.40000000000000036, 20.50000000000000355, 0.000000000000000000 ) ) ;
#1295 = ORIENTED_EDGE ( 'NONE', *, *, #1856, .T. ) ;
#1296 = CARTESIAN_POINT ( 'NONE',  ( 23.89999999999999858, 39.60000000000000142, 3.000000000000000000 ) ) ;
#1297 = FACE_OUTER_BOUND ( 'NONE', #2019, .T. ) ;
#1298 = CARTESIAN_POINT ( 'NONE',  ( 18.89999999999999858, -7.500000000000000000, 2.000000000000000000 ) ) ;
#1299 = EDGE_LOOP ( 'NONE', ( #1953, #628, #133, #1679 ) ) ;
#1300 = CARTESIAN_POINT ( 'NONE',  ( 23.89999999999999858, -35.60000000000001563, 3.000000000000000000 ) ) ;
#1301 = LINE ( 'NONE', #2039, #1578 ) ;
#1302 = ORIENTED_EDGE ( 'NONE', *, *, #1195, .T. ) ;
#1303 = ADVANCED_FACE ( 'NONE', ( #1107 ), #1874, .T. ) ;
#1304 = CYLINDRICAL_SURFACE ( 'NONE', #797, 2.000000000000001776 ) ;
#1305 = EDGE_LOOP ( 'NONE', ( #2193, #2163 ) ) ;
#1306 = VECTOR ( 'NONE', #1220, 1000.000000000000000 ) ;
#1307 = LINE ( 'NONE', #715, #50 ) ;
#1308 = DIRECTION ( 'NONE',  ( -0.000000000000000000, -0.000000000000000000, -1.000000000000000000 ) ) ;
#1309 = VECTOR ( 'NONE', #65, 1000.000000000000000 ) ;
#1310 = DIRECTION ( 'NONE',  ( -1.000000000000000000, 0.000000000000000000, 0.000000000000000000 ) ) ;
#1311 = ORIENTED_EDGE ( 'NONE', *, *, #943, .T. ) ;
#1312 = EDGE_CURVE ( 'NONE', #1879, #1796, #2195, .T. ) ;
#1313 = CYLINDRICAL_SURFACE ( 'NONE', #206, 2.499999999999998668 ) ;
#1314 = AXIS2_PLACEMENT_3D ( 'NONE', #211, #5, #427 ) ;
#1315 = VECTOR ( 'NONE', #1109, 1000.000000000000000 ) ;
#1316 = ORIENTED_EDGE ( 'NONE', *, *, #1748, .F. ) ;
#1317 = CIRCLE ( 'NONE', #726, 3.499999999999999556 ) ;
#1318 = VECTOR ( 'NONE', #181, 1000.000000000000000 ) ;
#1319 = CARTESIAN_POINT ( 'NONE',  ( 23.90000000000000568, -39.60000000000000142, 4.000000000000000000 ) ) ;
#1320 = AXIS2_PLACEMENT_3D ( 'NONE', #607, #1388, #2103 ) ;
#1321 = CARTESIAN_POINT ( 'NONE',  ( -18.89999999999999147, 32.50000000000000711, 0.000000000000000000 ) ) ;
#1322 = ORIENTED_EDGE ( 'NONE', *, *, #58, .F. ) ;
#1323 = CARTESIAN_POINT ( 'NONE',  ( -16.40000000000000924, -31.49999999999999289, 2.000000000000000000 ) ) ;
#1324 = EDGE_CURVE ( 'NONE', #2282, #733, #1273, .T. ) ;
#1325 = CARTESIAN_POINT ( 'NONE',  ( 15.39999999999999680, -14.50000000000000000, -0.5000000000000000000 ) ) ;
#1326 = ORIENTED_EDGE ( 'NONE', *, *, #1371, .F. ) ;
#1327 = CARTESIAN_POINT ( 'NONE',  ( -18.89999999999999858, 4.500000000000003553, 2.000000000000000000 ) ) ;
#1328 = FACE_OUTER_BOUND ( 'NONE', #1821, .T. ) ;
#1329 = ORIENTED_EDGE ( 'NONE', *, *, #558, .F. ) ;
#1330 = LINE ( 'NONE', #1354, #2357 ) ;
#1331 = VERTEX_POINT ( 'NONE', #552 ) ;
#1332 = CARTESIAN_POINT ( 'NONE',  ( 21.89999999999999503, 37.60000000000000142, 3.000000000000000000 ) ) ;
#1333 = CARTESIAN_POINT ( 'NONE',  ( -18.90000000000000568, -21.49999999999999645, 2.000000000000000000 ) ) ;
#1334 = DIRECTION ( 'NONE',  ( 1.000000000000000000, 0.000000000000000000, 0.000000000000000000 ) ) ;
#1335 = ORIENTED_EDGE ( 'NONE', *, *, #790, .F. ) ;
#1336 = EDGE_CURVE ( 'NONE', #877, #1840, #1301, .T. ) ;
#1337 = CARTESIAN_POINT ( 'NONE',  ( -25.89999999999999147, -37.59999999999997300, 4.000000000000000000 ) ) ;
#1338 = CARTESIAN_POINT ( 'NONE',  ( 18.89999999999999858, -14.50000000000000000, 4.000000000000000000 ) ) ;
#1339 = ORIENTED_EDGE ( 'NONE', *, *, #1532, .T. ) ;
#1340 = DIRECTION ( 'NONE',  ( 1.000000000000000000, 0.000000000000000000, 0.000000000000000000 ) ) ;
#1341 = ORIENTED_EDGE ( 'NONE', *, *, #835, .F. ) ;
#1342 = CARTESIAN_POINT ( 'NONE',  ( 23.89999999999999858, -35.60000000000001563, 3.000000000000000000 ) ) ;
#1343 = DIRECTION ( 'NONE',  ( 0.000000000000000000, 0.000000000000000000, -1.000000000000000000 ) ) ;
#1344 = ORIENTED_EDGE ( 'NONE', *, *, #525, .F. ) ;
#1345 = DIRECTION ( 'NONE',  ( 1.000000000000000000, 0.000000000000000000, 0.000000000000000000 ) ) ;
#1346 = CIRCLE ( 'NONE', #2237, 2.749999999999999112 ) ;
#1347 = EDGE_CURVE ( 'NONE', #1053, #2168, #1898, .T. ) ;
#1348 = FACE_OUTER_BOUND ( 'NONE', #2307, .T. ) ;
#1349 = VECTOR ( 'NONE', #1623, 1000.000000000000000 ) ;
#1350 = EDGE_LOOP ( 'NONE', ( #561, #895, #858, #828 ) ) ;
#1351 = CONICAL_SURFACE ( 'NONE', #1226, 2.749999999999999112, 0.7853981633974482790 ) ;
#1352 = ADVANCED_FACE ( 'NONE', ( #564 ), #1260, .F. ) ;
#1353 = AXIS2_PLACEMENT_3D ( 'NONE', #1158, #1888, #617 ) ;
#1354 = CARTESIAN_POINT ( 'NONE',  ( -22.39999999999999858, 20.50000000000000355, -0.5000000000000000000 ) ) ;
#1355 = ADVANCED_FACE ( 'NONE', ( #1348 ), #772, .T. ) ;
#1356 = DIRECTION ( 'NONE',  ( 1.000000000000000000, 0.000000000000000000, -0.000000000000000000 ) ) ;
#1357 = AXIS2_PLACEMENT_3D ( 'NONE', #1298, #1641, #366 ) ;
#1358 = FACE_OUTER_BOUND ( 'NONE', #1825, .T. ) ;
#1359 = AXIS2_PLACEMENT_3D ( 'NONE', #1242, #1409, #480 ) ;
#1360 = ORIENTED_EDGE ( 'NONE', *, *, #1243, .F. ) ;
#1361 = DIRECTION ( 'NONE',  ( -0.000000000000000000, 0.000000000000000000, -1.000000000000000000 ) ) ;
#1362 = CARTESIAN_POINT ( 'NONE',  ( -18.90000000000000568, -31.49999999999999289, 2.000000000000000000 ) ) ;
#1363 = ORIENTED_EDGE ( 'NONE', *, *, #2274, .F. ) ;
#1364 = ADVANCED_FACE ( 'NONE', ( #422 ), #1177, .T. ) ;
#1365 = CYLINDRICAL_SURFACE ( 'NONE', #1507, 1.449999999999999956 ) ;
#1366 = CARTESIAN_POINT ( 'NONE',  ( -18.89999999999999147, 32.50000000000000711, 2.000000000000000000 ) ) ;
#1367 = EDGE_LOOP ( 'NONE', ( #156, #334, #908, #1616 ) ) ;
#1368 = FACE_OUTER_BOUND ( 'NONE', #1701, .T. ) ;
#1369 = DIRECTION ( 'NONE',  ( 1.000000000000000000, 0.000000000000000000, 0.000000000000000000 ) ) ;
#1370 = CARTESIAN_POINT ( 'NONE',  ( 16.40000000000000213, -7.500000000000000000, 2.000000000000000000 ) ) ;
#1371 = EDGE_CURVE ( 'NONE', #1959, #1561, #439, .T. ) ;
#1372 = FACE_OUTER_BOUND ( 'NONE', #1299, .T. ) ;
#1373 = DIRECTION ( 'NONE',  ( 1.000000000000000000, 0.000000000000000000, 0.000000000000000000 ) ) ;
#1374 = EDGE_LOOP ( 'NONE', ( #1291, #888 ) ) ;
#1375 = FACE_OUTER_BOUND ( 'NONE', #1367, .T. ) ;
#1376 = CARTESIAN_POINT ( 'NONE',  ( -21.89999999999999503, 35.60000000000000142, 3.000000000000000000 ) ) ;
#1377 = ADVANCED_FACE ( 'NONE', ( #1749 ), #2276, .F. ) ;
#1378 = ORIENTED_EDGE ( 'NONE', *, *, #234, .T. ) ;
#1379 = ORIENTED_EDGE ( 'NONE', *, *, #1803, .F. ) ;
#1380 = AXIS2_PLACEMENT_3D ( 'NONE', #2222, #562, #746 ) ;
#1381 = CIRCLE ( 'NONE', #1851, 2.499999999999998668 ) ;
#1382 = ORIENTED_EDGE ( 'NONE', *, *, #1921, .T. ) ;
#1383 = CIRCLE ( 'NONE', #2007, 3.499999999999999556 ) ;
#1384 = DIRECTION ( 'NONE',  ( -0.000000000000000000, -0.000000000000000000, -1.000000000000000000 ) ) ;
#1385 = AXIS2_PLACEMENT_3D ( 'NONE', #963, #1546, #750 ) ;
#1386 = DIRECTION ( 'NONE',  ( 0.000000000000000000, -0.000000000000000000, -1.000000000000000000 ) ) ;
#1387 = AXIS2_PLACEMENT_3D ( 'NONE', #792, #35, #1737 ) ;
#1388 = DIRECTION ( 'NONE',  ( 1.000000000000000000, 8.761229676650540906E-17, -0.000000000000000000 ) ) ;
#1389 = ORIENTED_EDGE ( 'NONE', *, *, #2309, .T. ) ;
#1390 = AXIS2_PLACEMENT_3D ( 'NONE', #1091, #2036, #732 ) ;
#1391 = CARTESIAN_POINT ( 'NONE',  ( 16.15000000000000213, -14.50000000000000000, 4.000000000000000000 ) ) ;
#1392 = EDGE_CURVE ( 'NONE', #191, #1786, #532, .T. ) ;
#1393 = CIRCLE ( 'NONE', #691, 2.749999999999999112 ) ;
#1394 = CARTESIAN_POINT ( 'NONE',  ( -20.34999999999999432, -14.50000000000000000, -0.5000000000000004441 ) ) ;
#1395 = EDGE_LOOP ( 'NONE', ( #455, #2108 ) ) ;
#1396 = CARTESIAN_POINT ( 'NONE',  ( 23.89999999999999858, 37.60000000000000142, 0.000000000000000000 ) ) ;
#1397 = VERTEX_POINT ( 'NONE', #622 ) ;
#1398 = DIRECTION ( 'NONE',  ( -0.000000000000000000, -0.000000000000000000, 1.000000000000000000 ) ) ;
#1399 = ORIENTED_EDGE ( 'NONE', *, *, #44, .T. ) ;
#1400 = DIRECTION ( 'NONE',  ( -0.000000000000000000, 0.000000000000000000, 1.000000000000000000 ) ) ;
#1401 = CARTESIAN_POINT ( 'NONE',  ( -17.44999999999999218, -14.50000000000000000, -0.5000000000000004441 ) ) ;
#1402 = CARTESIAN_POINT ( 'NONE',  ( 18.89999999999999858, -14.50000000000000000, 3.000000000000000000 ) ) ;
#1403 = EDGE_CURVE ( 'NONE', #745, #1980, #2160, .T. ) ;
#1404 = ORIENTED_EDGE ( 'NONE', *, *, #505, .F. ) ;
#1405 = CARTESIAN_POINT ( 'NONE',  ( 18.89999999999999858, -21.50000000000000000, 2.000000000000000000 ) ) ;
#1406 = ORIENTED_EDGE ( 'NONE', *, *, #194, .T. ) ;
#1407 = CARTESIAN_POINT ( 'NONE',  ( -18.90000000000000568, -31.49999999999999289, 0.000000000000000000 ) ) ;
#1408 = CARTESIAN_POINT ( 'NONE',  ( -23.89999999999999503, -35.60000000000001563, 0.000000000000000000 ) ) ;
#1409 = DIRECTION ( 'NONE',  ( -0.000000000000000000, -0.000000000000000000, 1.000000000000000000 ) ) ;
#1410 = ORIENTED_EDGE ( 'NONE', *, *, #264, .F. ) ;
#1411 = DIRECTION ( 'NONE',  ( 1.000000000000000000, 0.000000000000000000, 0.000000000000000000 ) ) ;
#1412 = CARTESIAN_POINT ( 'NONE',  ( -22.39999999999999503, -14.50000000000000000, -0.5000000000000000000 ) ) ;
#1413 = CARTESIAN_POINT ( 'NONE',  ( 17.44999999999999574, 20.50000000000000000, 1.700000000000001066 ) ) ;
#1414 = ORIENTED_EDGE ( 'NONE', *, *, #461, .T. ) ;
#1415 = DIRECTION ( 'NONE',  ( 1.000000000000000000, 0.000000000000000000, 0.000000000000000000 ) ) ;
#1416 = AXIS2_PLACEMENT_3D ( 'NONE', #1002, #438, #1538 ) ;
#1417 = EDGE_LOOP ( 'NONE', ( #1244, #452 ) ) ;
#1418 = ADVANCED_FACE ( 'NONE', ( #1885 ), #398, .F. ) ;
#1419 = VECTOR ( 'NONE', #497, 1000.000000000000114 ) ;
#1420 = CIRCLE ( 'NONE', #89, 3.499999999999999556 ) ;
#1421 = CARTESIAN_POINT ( 'NONE',  ( -20.34999999999999432, -14.50000000000000000, 1.700000000000001066 ) ) ;
#1422 = EDGE_CURVE ( 'NONE', #182, #10, #1275, .T. ) ;
#1423 = AXIS2_PLACEMENT_3D ( 'NONE', #1903, #1729, #400 ) ;
#1424 = ORIENTED_EDGE ( 'NONE', *, *, #221, .T. ) ;
#1425 = DIRECTION ( 'NONE',  ( 0.000000000000000000, -0.000000000000000000, -1.000000000000000000 ) ) ;
#1426 = LINE ( 'NONE', #1060, #1512 ) ;
#1427 = AXIS2_PLACEMENT_3D ( 'NONE', #1699, #213, #585 ) ;
#1428 = CARTESIAN_POINT ( 'NONE',  ( -21.65000000000000213, 20.50000000000000000, 4.000000000000000000 ) ) ;
#1429 = ORIENTED_EDGE ( 'NONE', *, *, #1281, .F. ) ;
#1430 = LINE ( 'NONE', #2183, #369 ) ;
#1431 = VECTOR ( 'NONE', #16, 1000.000000000000000 ) ;
#1432 = ORIENTED_EDGE ( 'NONE', *, *, #1889, .F. ) ;
#1433 = ORIENTED_EDGE ( 'NONE', *, *, #626, .F. ) ;
#1434 = PRODUCT_DEFINITION_FORMATION_WITH_SPECIFIED_SOURCE ( 'Symmetric', '', #1848, .NOT_KNOWN. ) ;
#1435 = PRODUCT_CONTEXT ( 'NONE', #611, 'mechanical' ) ;
#1436 = EDGE_CURVE ( 'NONE', #1615, #2172, #1580, .T. ) ;
#1437 = CARTESIAN_POINT ( 'NONE',  ( 23.89999999999999858, 39.60000000000000142, 4.000000000000000000 ) ) ;
#1438 = DIRECTION ( 'NONE',  ( 0.000000000000000000, -0.000000000000000000, 1.000000000000000000 ) ) ;
#1439 = ORIENTED_EDGE ( 'NONE', *, *, #1066, .T. ) ;
#1440 = DIRECTION ( 'NONE',  ( -0.000000000000000000, 0.000000000000000000, -1.000000000000000000 ) ) ;
#1441 = DIRECTION ( 'NONE',  ( -1.000000000000000000, 0.000000000000000000, 0.000000000000000000 ) ) ;
#1442 = ORIENTED_EDGE ( 'NONE', *, *, #2309, .F. ) ;
#1443 = ADVANCED_FACE ( 'NONE', ( #45 ), #2065, .T. ) ;
#1444 = DIRECTION ( 'NONE',  ( -0.000000000000000000, -0.000000000000000000, 1.000000000000000000 ) ) ;
#1445 = EDGE_LOOP ( 'NONE', ( #748, #2188, #2313, #1363 ) ) ;
#1446 = ORIENTED_EDGE ( 'NONE', *, *, #2067, .F. ) ;
#1447 = CARTESIAN_POINT ( 'NONE',  ( -21.89999999999998082, 37.60000000000000142, 3.000000000000000000 ) ) ;
#1448 = EDGE_CURVE ( 'NONE', #2172, #1615, #1547, .T. ) ;
#1449 = CARTESIAN_POINT ( 'NONE',  ( 18.89999999999999858, -21.50000000000000000, 0.000000000000000000 ) ) ;
#1450 = ORIENTED_EDGE ( 'NONE', *, *, #2238, .T. ) ;
#1451 = CARTESIAN_POINT ( 'NONE',  ( 18.89999999999999858, 32.50000000000000000, 2.000000000000000000 ) ) ;
#1452 = ADVANCED_FACE ( 'NONE', ( #1004, #613 ), #972, .F. ) ;
#1453 = DIRECTION ( 'NONE',  ( -0.000000000000000000, -0.000000000000000000, 1.000000000000000000 ) ) ;
#1454 = CARTESIAN_POINT ( 'NONE',  ( -16.15000000000000568, 20.50000000000000000, 4.000000000000000000 ) ) ;
#1455 = EDGE_LOOP ( 'NONE', ( #1599, #728, #1994, #700, #490, #1237, #1733, #1807 ) ) ;
#1456 = DIRECTION ( 'NONE',  ( 0.000000000000000000, -0.000000000000000000, 1.000000000000000000 ) ) ;
#1457 = ADVANCED_FACE ( 'NONE', ( #806 ), #589, .F. ) ;
#1458 = VERTEX_POINT ( 'NONE', #1554 ) ;
#1459 = DIRECTION ( 'NONE',  ( 0.000000000000000000, 0.000000000000000000, -1.000000000000000000 ) ) ;
#1460 = VECTOR ( 'NONE', #893, 1000.000000000000114 ) ;
#1461 = CIRCLE ( 'NONE', #722, 2.499999999999998668 ) ;
#1462 = ORIENTED_EDGE ( 'NONE', *, *, #704, .T. ) ;
#1463 = DIRECTION ( 'NONE',  ( 1.000000000000000000, 4.163336342344333240E-14, 0.000000000000000000 ) ) ;
#1464 = AXIS2_PLACEMENT_3D ( 'NONE', #257, #1204, #1605 ) ;
#1465 = DIRECTION ( 'NONE',  ( 1.000000000000000000, 0.000000000000000000, 0.000000000000000000 ) ) ;
#1466 = CARTESIAN_POINT ( 'NONE',  ( -18.90000000000000213, 20.50000000000000000, 4.000000000000000000 ) ) ;
#1467 = ORIENTED_EDGE ( 'NONE', *, *, #1180, .F. ) ;
#1468 = CIRCLE ( 'NONE', #531, 3.499999999999999556 ) ;
#1469 = ADVANCED_FACE ( 'NONE', ( #2074 ), #2297, .F. ) ;
#1470 = LINE ( 'NONE', #541, #1460 ) ;
#1471 = AXIS2_PLACEMENT_3D ( 'NONE', #407, #1910, #1705 ) ;
#1472 = VERTEX_POINT ( 'NONE', #2253 ) ;
#1473 = AXIS2_PLACEMENT_3D ( 'NONE', #1333, #1308, #548 ) ;
#1474 = AXIS2_PLACEMENT_3D ( 'NONE', #52, #638, #1373 ) ;
#1475 = DIRECTION ( 'NONE',  ( 1.000000000000000000, 0.000000000000000000, 0.000000000000000000 ) ) ;
#1476 = CIRCLE ( 'NONE', #810, 3.499999999999999556 ) ;
#1477 = ORIENTED_EDGE ( 'NONE', *, *, #2143, .T. ) ;
#1478 = CARTESIAN_POINT ( 'NONE',  ( 18.89999999999999858, 32.50000000000000000, 0.000000000000000000 ) ) ;
#1479 = CARTESIAN_POINT ( 'NONE',  ( -22.39999999999999858, 20.50000000000000355, 0.000000000000000000 ) ) ;
#1480 = DIRECTION ( 'NONE',  ( 1.000000000000000000, 0.000000000000000000, 0.000000000000000000 ) ) ;
#1481 = ORIENTED_EDGE ( 'NONE', *, *, #2034, .T. ) ;
#1482 = CYLINDRICAL_SURFACE ( 'NONE', #1380, 2.499999999999998668 ) ;
#1483 = ADVANCED_FACE ( 'NONE', ( #1328 ), #103, .F. ) ;
#1484 =( NAMED_UNIT ( * ) SI_UNIT ( $, .STERADIAN. ) SOLID_ANGLE_UNIT ( ) );
#1485 = ORIENTED_EDGE ( 'NONE', *, *, #1581, .T. ) ;
#1486 = CARTESIAN_POINT ( 'NONE',  ( 23.89999999999999858, 37.60000000000000142, 4.000000000000000000 ) ) ;
#1487 = DIRECTION ( 'NONE',  ( -0.000000000000000000, -0.000000000000000000, -1.000000000000000000 ) ) ;
#1488 = VERTEX_POINT ( 'NONE', #2341 ) ;
#1489 = FACE_OUTER_BOUND ( 'NONE', #1455, .T. ) ;
#1490 = DIRECTION ( 'NONE',  ( 0.000000000000000000, 0.000000000000000000, -1.000000000000000000 ) ) ;
#1491 = CYLINDRICAL_SURFACE ( 'NONE', #2162, 1.449999999999999956 ) ;
#1492 = ORIENTED_EDGE ( 'NONE', *, *, #738, .F. ) ;
#1493 = FACE_OUTER_BOUND ( 'NONE', #2083, .T. ) ;
#1494 = DIRECTION ( 'NONE',  ( 0.000000000000000000, 0.000000000000000000, -1.000000000000000000 ) ) ;
#1495 = ORIENTED_EDGE ( 'NONE', *, *, #736, .F. ) ;
#1496 = EDGE_CURVE ( 'NONE', #1930, #356, #1038, .T. ) ;
#1497 = CARTESIAN_POINT ( 'NONE',  ( -25.89999999999999858, 39.60000000000000142, 4.000000000000000000 ) ) ;
#1498 = DIRECTION ( 'NONE',  ( 1.000000000000000000, 0.000000000000000000, 0.000000000000000000 ) ) ;
#1499 = ORIENTED_EDGE ( 'NONE', *, *, #883, .T. ) ;
#1500 = AXIS2_PLACEMENT_3D ( 'NONE', #105, #1601, #2344 ) ;
#1501 = PLANE ( 'NONE',  #288 ) ;
#1502 = EDGE_CURVE ( 'NONE', #1458, #836, #2130, .T. ) ;
#1503 = FACE_OUTER_BOUND ( 'NONE', #882, .T. ) ;
#1504 = VECTOR ( 'NONE', #642, 1000.000000000000000 ) ;
#1505 = ORIENTED_EDGE ( 'NONE', *, *, #1203, .T. ) ;
#1506 = DIRECTION ( 'NONE',  ( 1.000000000000000000, 0.000000000000000000, 0.000000000000000000 ) ) ;
#1507 = AXIS2_PLACEMENT_3D ( 'NONE', #1914, #39, #777 ) ;
#1508 = AXIS2_PLACEMENT_3D ( 'NONE', #1835, #2054, #193 ) ;
#1509 = DIRECTION ( 'NONE',  ( 1.000000000000000000, 0.000000000000000000, 0.000000000000000000 ) ) ;
#1510 = ORIENTED_EDGE ( 'NONE', *, *, #2388, .T. ) ;
#1511 = CIRCLE ( 'NONE', #1860, 2.749999999999999112 ) ;
#1512 = VECTOR ( 'NONE', #2349, 1000.000000000000000 ) ;
#1513 = CARTESIAN_POINT ( 'NONE',  ( 22.39999999999999858, 20.50000000000000355, 0.000000000000000000 ) ) ;
#1514 = ADVANCED_FACE ( 'NONE', ( #74 ), #1572, .F. ) ;
#1515 = ORIENTED_EDGE ( 'NONE', *, *, #1771, .T. ) ;
#1516 = DIRECTION ( 'NONE',  ( -0.000000000000000000, 0.000000000000000000, -1.000000000000000000 ) ) ;
#1517 = DIRECTION ( 'NONE',  ( 1.000000000000000000, 0.000000000000000000, 0.000000000000000000 ) ) ;
#1518 = VERTEX_POINT ( 'NONE', #1413 ) ;
#1519 = LINE ( 'NONE', #2073, #1029 ) ;
#1520 = CARTESIAN_POINT ( 'NONE',  ( 23.90000000000000568, -37.60000000000000142, 4.000000000000000000 ) ) ;
#1521 = LINE ( 'NONE', #1185, #281 ) ;
#1522 = DIRECTION ( 'NONE',  ( -0.000000000000000000, 0.000000000000000000, -1.000000000000000000 ) ) ;
#1523 = EDGE_LOOP ( 'NONE', ( #1871, #502, #1439, #2201 ) ) ;
#1524 = DIRECTION ( 'NONE',  ( -0.000000000000000000, -0.000000000000000000, -1.000000000000000000 ) ) ;
#1525 = EDGE_CURVE ( 'NONE', #2264, #259, #377, .T. ) ;
#1526 = CARTESIAN_POINT ( 'NONE',  ( 17.44999999999999929, -14.50000000000000000, 4.000000000000000000 ) ) ;
#1527 = ORIENTED_EDGE ( 'NONE', *, *, #1639, .T. ) ;
#1528 = DIRECTION ( 'NONE',  ( -0.000000000000000000, -0.000000000000000000, 1.000000000000000000 ) ) ;
#1529 = EDGE_CURVE ( 'NONE', #1930, #2366, #2140, .T. ) ;
#1530 = DIRECTION ( 'NONE',  ( -0.000000000000000000, -0.000000000000000000, 1.000000000000000000 ) ) ;
#1531 = ORIENTED_EDGE ( 'NONE', *, *, #975, .T. ) ;
#1532 = EDGE_CURVE ( 'NONE', #1895, #921, #1317, .T. ) ;
#1533 = PLANE ( 'NONE',  #1423 ) ;
#1534 = CARTESIAN_POINT ( 'NONE',  ( -18.89999999999999858, 4.500000000000003553, 2.000000000000000000 ) ) ;
#1535 = CARTESIAN_POINT ( 'NONE',  ( 16.40000000000000213, -7.500000000000000000, 2.000000000000000000 ) ) ;
#1536 = CIRCLE ( 'NONE', #478, 2.000000000000001776 ) ;
#1537 = VERTEX_POINT ( 'NONE', #1394 ) ;
#1538 = DIRECTION ( 'NONE',  ( -1.000000000000000000, 0.000000000000000000, 0.000000000000000000 ) ) ;
#1539 = AXIS2_PLACEMENT_3D ( 'NONE', #1089, #2390, #2230 ) ;
#1540 = DIRECTION ( 'NONE',  ( -1.000000000000000000, 0.000000000000000000, 0.000000000000000000 ) ) ;
#1541 = ADVANCED_FACE ( 'NONE', ( #1802 ), #1208, .F. ) ;
#1542 = AXIS2_PLACEMENT_3D ( 'NONE', #233, #2102, #225 ) ;
#1543 = ORIENTED_EDGE ( 'NONE', *, *, #671, .T. ) ;
#1544 = VECTOR ( 'NONE', #1530, 1000.000000000000000 ) ;
#1545 = VECTOR ( 'NONE', #2152, 1000.000000000000000 ) ;
#1546 = DIRECTION ( 'NONE',  ( -0.000000000000000000, 0.000000000000000000, -1.000000000000000000 ) ) ;
#1547 = CIRCLE ( 'NONE', #1387, 2.499999999999998668 ) ;
#1548 = CARTESIAN_POINT ( 'NONE',  ( 18.89999999999999858, -7.500000000000000000, 0.000000000000000000 ) ) ;
#1549 = CIRCLE ( 'NONE', #805, 2.499999999999998668 ) ;
#1550 = LINE ( 'NONE', #1526, #928 ) ;
#1551 = AXIS2_PLACEMENT_3D ( 'NONE', #1321, #308, #1591 ) ;
#1552 = EDGE_LOOP ( 'NONE', ( #1167, #474, #2078, #2005 ) ) ;
#1553 = CARTESIAN_POINT ( 'NONE',  ( -21.89999999999999503, -35.60000000000000853, 3.000000000000000000 ) ) ;
#1554 = CARTESIAN_POINT ( 'NONE',  ( -20.35000000000000497, 20.50000000000000000, 1.700000000000001066 ) ) ;
#1555 = ORIENTED_EDGE ( 'NONE', *, *, #1324, .F. ) ;
#1556 = EDGE_CURVE ( 'NONE', #2120, #1014, #272, .T. ) ;
#1557 = ORIENTED_EDGE ( 'NONE', *, *, #1422, .F. ) ;
#1558 = FACE_BOUND ( 'NONE', #705, .T. ) ;
#1559 = EDGE_CURVE ( 'NONE', #1022, #345, #1774, .T. ) ;
#1560 = DIRECTION ( 'NONE',  ( -1.000000000000000000, 0.000000000000000000, 0.000000000000000000 ) ) ;
#1561 = VERTEX_POINT ( 'NONE', #1247 ) ;
#1562 = CARTESIAN_POINT ( 'NONE',  ( -16.14999999999999503, -14.50000000000000000, 4.000000000000000000 ) ) ;
#1563 = DIRECTION ( 'NONE',  ( -1.000000000000000000, -8.761229676650540906E-17, 0.000000000000000000 ) ) ;
#1564 = VERTEX_POINT ( 'NONE', #1587 ) ;
#1565 = CARTESIAN_POINT ( 'NONE',  ( -16.40000000000000213, -7.499999999999995559, 2.000000000000000000 ) ) ;
#1566 = ORIENTED_EDGE ( 'NONE', *, *, #2174, .F. ) ;
#1567 = EDGE_CURVE ( 'NONE', #38, #1786, #1198, .T. ) ;
#1568 = LINE ( 'NONE', #69, #1929 ) ;
#1569 = LINE ( 'NONE', #814, #254 ) ;
#1570 = ORIENTED_EDGE ( 'NONE', *, *, #658, .T. ) ;
#1571 = CARTESIAN_POINT ( 'NONE',  ( 23.89999999999999858, -37.60000000000000853, 3.000000000000000000 ) ) ;
#1572 = CYLINDRICAL_SURFACE ( 'NONE', #643, 2.499999999999998668 ) ;
#1573 = ORIENTED_EDGE ( 'NONE', *, *, #2412, .T. ) ;
#1574 = DIRECTION ( 'NONE',  ( -1.000000000000000000, 0.000000000000000000, 0.000000000000000000 ) ) ;
#1575 = AXIS2_PLACEMENT_3D ( 'NONE', #248, #405, #598 ) ;
#1576 = EDGE_LOOP ( 'NONE', ( #724, #1990, #1531, #1442 ) ) ;
#1577 = CIRCLE ( 'NONE', #173, 3.499999999999999556 ) ;
#1578 = VECTOR ( 'NONE', #185, 1000.000000000000000 ) ;
#1579 = CYLINDRICAL_SURFACE ( 'NONE', #373, 2.499999999999998668 ) ;
#1580 = CIRCLE ( 'NONE', #1624, 2.499999999999998668 ) ;
#1581 = EDGE_CURVE ( 'NONE', #2118, #580, #1511, .T. ) ;
#1582 = LINE ( 'NONE', #322, #1586 ) ;
#1583 = VERTEX_POINT ( 'NONE', #1610 ) ;
#1584 = CIRCLE ( 'NONE', #1041, 2.749999999999999112 ) ;
#1585 = DIRECTION ( 'NONE',  ( -0.000000000000000000, 0.000000000000000000, -1.000000000000000000 ) ) ;
#1586 = VECTOR ( 'NONE', #1048, 1000.000000000000000 ) ;
#1587 = CARTESIAN_POINT ( 'NONE',  ( 21.64999999999999503, 20.50000000000000000, 4.000000000000000000 ) ) ;
#1588 = ORIENTED_EDGE ( 'NONE', *, *, #1211, .F. ) ;
#1589 = DIRECTION ( 'NONE',  ( 0.000000000000000000, 0.000000000000000000, -1.000000000000000000 ) ) ;
#1590 = ORIENTED_EDGE ( 'NONE', *, *, #1525, .T. ) ;
#1591 = DIRECTION ( 'NONE',  ( 1.000000000000000000, 0.000000000000000000, 0.000000000000000000 ) ) ;
#1592 = CARTESIAN_POINT ( 'NONE',  ( 18.89999999999999858, 4.500000000000000000, 0.000000000000000000 ) ) ;
#1593 = CARTESIAN_POINT ( 'NONE',  ( 21.39999999999999858, -31.50000000000000000, 2.000000000000000000 ) ) ;
#1594 = EDGE_LOOP ( 'NONE', ( #1121, #2072, #577, #1382 ) ) ;
#1595 = ADVANCED_FACE ( 'NONE', ( #1989 ), #2249, .F. ) ;
#1596 = CARTESIAN_POINT ( 'NONE',  ( 0.000000000000000000, 0.000000000000000000, 3.000000000000000000 ) ) ;
#1597 = CARTESIAN_POINT ( 'NONE',  ( 25.90000000000000568, -37.60000000000000142, 4.000000000000000000 ) ) ;
#1598 = DIRECTION ( 'NONE',  ( -1.000000000000000000, 0.000000000000000000, 0.000000000000000000 ) ) ;
#1599 = ORIENTED_EDGE ( 'NONE', *, *, #117, .T. ) ;
#1600 = EDGE_CURVE ( 'NONE', #2050, #1706, #1977, .T. ) ;
#1601 = DIRECTION ( 'NONE',  ( -0.000000000000000000, -0.000000000000000000, 1.000000000000000000 ) ) ;
#1602 = ORIENTED_EDGE ( 'NONE', *, *, #841, .T. ) ;
#1603 = ADVANCED_FACE ( 'NONE', ( #1963 ), #113, .F. ) ;
#1604 = VERTEX_POINT ( 'NONE', #861 ) ;
#1605 = DIRECTION ( 'NONE',  ( 1.000000000000000000, 0.000000000000000000, 0.000000000000000000 ) ) ;
#1606 = DIRECTION ( 'NONE',  ( 1.000000000000000000, 0.000000000000000000, 0.000000000000000000 ) ) ;
#1607 = VERTEX_POINT ( 'NONE', #1428 ) ;
#1608 = DIRECTION ( 'NONE',  ( 1.000000000000000000, 0.000000000000000000, 0.000000000000000000 ) ) ;
#1609 = DIRECTION ( 'NONE',  ( 1.000000000000000000, 0.000000000000000000, 0.000000000000000000 ) ) ;
#1610 = CARTESIAN_POINT ( 'NONE',  ( -21.64999999999999147, -14.50000000000000000, 4.000000000000000000 ) ) ;
#1611 = VERTEX_POINT ( 'NONE', #2305 ) ;
#1612 = FACE_BOUND ( 'NONE', #1712, .T. ) ;
#1613 = ADVANCED_FACE ( 'NONE', ( #2167 ), #261, .F. ) ;
#1614 = AXIS2_PLACEMENT_3D ( 'NONE', #670, #1979, #685 ) ;
#1615 = VERTEX_POINT ( 'NONE', #931 ) ;
#1616 = ORIENTED_EDGE ( 'NONE', *, *, #1634, .F. ) ;
#1617 = AXIS2_PLACEMENT_3D ( 'NONE', #2033, #2368, #1463 ) ;
#1618 = CIRCLE ( 'NONE', #1770, 2.499999999999998668 ) ;
#1619 = DIRECTION ( 'NONE',  ( -0.000000000000000000, -0.000000000000000000, -1.000000000000000000 ) ) ;
#1620 = FACE_OUTER_BOUND ( 'NONE', #901, .T. ) ;
#1621 = CIRCLE ( 'NONE', #2158, 2.749999999999999112 ) ;
#1622 = ORIENTED_EDGE ( 'NONE', *, *, #1312, .T. ) ;
#1623 = DIRECTION ( 'NONE',  ( -0.000000000000000000, -0.000000000000000000, 1.000000000000000000 ) ) ;
#1624 = AXIS2_PLACEMENT_3D ( 'NONE', #1899, #25, #1727 ) ;
#1625 = CARTESIAN_POINT ( 'NONE',  ( -16.14999999999999503, -14.50000000000000000, 4.000000000000000000 ) ) ;
#1626 = VECTOR ( 'NONE', #469, 1000.000000000000000 ) ;
#1627 = CARTESIAN_POINT ( 'NONE',  ( 21.89999999999999503, -37.60000000000000853, 0.000000000000000000 ) ) ;
#1628 = ORIENTED_EDGE ( 'NONE', *, *, #119, .T. ) ;
#1629 = DIRECTION ( 'NONE',  ( -0.000000000000000000, 0.000000000000000000, 1.000000000000000000 ) ) ;
#1630 = CIRCLE ( 'NONE', #1936, 2.499999999999998668 ) ;
#1631 = EDGE_LOOP ( 'NONE', ( #2383, #1671 ) ) ;
#1632 = ADVANCED_FACE ( 'NONE', ( #1287 ), #509, .T. ) ;
#1633 = ORIENTED_EDGE ( 'NONE', *, *, #1876, .F. ) ;
#1634 = EDGE_CURVE ( 'NONE', #2178, #1942, #2220, .T. ) ;
#1635 = FACE_OUTER_BOUND ( 'NONE', #2243, .T. ) ;
#1636 = CARTESIAN_POINT ( 'NONE',  ( 23.89999999999999858, 37.60000000000000142, 0.000000000000000000 ) ) ;
#1637 = EDGE_LOOP ( 'NONE', ( #2295, #1527, #2405, #665 ) ) ;
#1638 = CARTESIAN_POINT ( 'NONE',  ( 18.89999999999999858, 32.50000000000000000, 2.000000000000000000 ) ) ;
#1639 = EDGE_CURVE ( 'NONE', #786, #952, #1820, .T. ) ;
#1640 = DIRECTION ( 'NONE',  ( 0.000000000000000000, 0.000000000000000000, -1.000000000000000000 ) ) ;
#1641 = DIRECTION ( 'NONE',  ( 0.000000000000000000, 0.000000000000000000, -1.000000000000000000 ) ) ;
#1642 = EDGE_LOOP ( 'NONE', ( #2117, #2422 ) ) ;
#1643 = DIRECTION ( 'NONE',  ( 0.000000000000000000, -1.000000000000000000, 0.000000000000000000 ) ) ;
#1644 = DIRECTION ( 'NONE',  ( -0.000000000000000000, -0.000000000000000000, 1.000000000000000000 ) ) ;
#1645 = ORIENTED_EDGE ( 'NONE', *, *, #444, .F. ) ;
#1646 = FACE_BOUND ( 'NONE', #872, .T. ) ;
#1647 = LINE ( 'NONE', #376, #1673 ) ;
#1648 = ADVANCED_FACE ( 'NONE', ( #523 ), #344, .F. ) ;
#1649 = ORIENTED_EDGE ( 'NONE', *, *, #1102, .T. ) ;
#1650 = CARTESIAN_POINT ( 'NONE',  ( -18.89999999999999858, 4.500000000000003553, 2.000000000000000000 ) ) ;
#1651 = CARTESIAN_POINT ( 'NONE',  ( -18.90000000000000213, 20.50000000000000000, 3.000000000000000000 ) ) ;
#1652 = DIRECTION ( 'NONE',  ( -0.000000000000000000, -0.000000000000000000, -1.000000000000000000 ) ) ;
#1653 = ORIENTED_EDGE ( 'NONE', *, *, #1863, .F. ) ;
#1654 = CARTESIAN_POINT ( 'NONE',  ( -22.39999999999999858, 20.50000000000000355, -0.5000000000000000000 ) ) ;
#1655 = CARTESIAN_POINT ( 'NONE',  ( -18.89999999999999147, -14.50000000000000000, 1.700000000000001066 ) ) ;
#1656 = ORIENTED_EDGE ( 'NONE', *, *, #440, .T. ) ;
#1657 = AXIS2_PLACEMENT_3D ( 'NONE', #1405, #2320, #1235 ) ;
#1658 = CYLINDRICAL_SURFACE ( 'NONE', #249, 2.749999999999999112 ) ;
#1659 = VECTOR ( 'NONE', #818, 1000.000000000000000 ) ;
#1660 = AXIS2_PLACEMENT_3D ( 'NONE', #1702, #238, #2084 ) ;
#1661 = ORIENTED_EDGE ( 'NONE', *, *, #1066, .F. ) ;
#1662 = CARTESIAN_POINT ( 'NONE',  ( -18.89999999999999503, -14.50000000000000000, 0.000000000000000000 ) ) ;
#1663 = EDGE_CURVE ( 'NONE', #2045, #1604, #1665, .T. ) ;
#1664 = CARTESIAN_POINT ( 'NONE',  ( -18.89999999999999147, -14.50000000000000000, 3.000000000000000000 ) ) ;
#1665 = LINE ( 'NONE', #2024, #998 ) ;
#1666 = ORIENTED_EDGE ( 'NONE', *, *, #542, .T. ) ;
#1667 = VECTOR ( 'NONE', #1123, 1000.000000000000114 ) ;
#1668 = CARTESIAN_POINT ( 'NONE',  ( -21.39999999999999147, 32.50000000000000711, 2.000000000000000000 ) ) ;
#1669 = VECTOR ( 'NONE', #1013, 1000.000000000000000 ) ;
#1670 = CARTESIAN_POINT ( 'NONE',  ( 18.89999999999999858, -31.50000000000000000, 0.000000000000000000 ) ) ;
#1671 = ORIENTED_EDGE ( 'NONE', *, *, #738, .T. ) ;
#1672 = AXIS2_PLACEMENT_3D ( 'NONE', #2247, #2263, #1334 ) ;
#1673 = VECTOR ( 'NONE', #2241, 1000.000000000000000 ) ;
#1674 = DIRECTION ( 'NONE',  ( 1.000000000000000000, 0.000000000000000000, 0.000000000000000000 ) ) ;
#1675 = EDGE_LOOP ( 'NONE', ( #188, #1739, #973, #201 ) ) ;
#1676 = FACE_BOUND ( 'NONE', #1725, .T. ) ;
#1677 = CYLINDRICAL_SURFACE ( 'NONE', #1742, 2.749999999999999112 ) ;
#1678 = CARTESIAN_POINT ( 'NONE',  ( 18.89999999999999858, -21.50000000000000000, 0.000000000000000000 ) ) ;
#1679 = ORIENTED_EDGE ( 'NONE', *, *, #1931, .T. ) ;
#1680 = UNCERTAINTY_MEASURE_WITH_UNIT (LENGTH_MEASURE( 1.000000000000000082E-05 ), #2211, 'distance_accuracy_value', 'NONE');
#1681 = CARTESIAN_POINT ( 'NONE',  ( -16.39999999999999503, 32.50000000000000711, 2.000000000000000000 ) ) ;
#1682 = CARTESIAN_POINT ( 'NONE',  ( 18.89999999999999858, -31.50000000000000000, 2.000000000000000000 ) ) ;
#1683 = EDGE_CURVE ( 'NONE', #1706, #2045, #2361, .T. ) ;
#1684 = ORIENTED_EDGE ( 'NONE', *, *, #1887, .T. ) ;
#1685 = EDGE_CURVE ( 'NONE', #1604, #1930, #2203, .T. ) ;
#1686 = DIRECTION ( 'NONE',  ( -0.000000000000000000, -0.000000000000000000, 1.000000000000000000 ) ) ;
#1687 = ORIENTED_EDGE ( 'NONE', *, *, #512, .F. ) ;
#1688 = CARTESIAN_POINT ( 'NONE',  ( -20.35000000000000497, 20.50000000000000000, 4.000000000000000000 ) ) ;
#1689 = DIRECTION ( 'NONE',  ( -0.000000000000000000, -0.000000000000000000, -1.000000000000000000 ) ) ;
#1690 = FACE_OUTER_BOUND ( 'NONE', #467, .T. ) ;
#1691 = ORIENTED_EDGE ( 'NONE', *, *, #962, .F. ) ;
#1692 = CARTESIAN_POINT ( 'NONE',  ( -21.39999999999999858, -7.499999999999995559, 0.000000000000000000 ) ) ;
#1693 = VERTEX_POINT ( 'NONE', #1627 ) ;
#1694 = EDGE_CURVE ( 'NONE', #395, #1697, #1999, .T. ) ;
#1695 = DIRECTION ( 'NONE',  ( -0.000000000000000000, 0.000000000000000000, -1.000000000000000000 ) ) ;
#1696 = LINE ( 'NONE', #1111, #296 ) ;
#1697 = VERTEX_POINT ( 'NONE', #1454 ) ;
#1698 = DIRECTION ( 'NONE',  ( 1.000000000000000000, 0.000000000000000000, 0.000000000000000000 ) ) ;
#1699 = CARTESIAN_POINT ( 'NONE',  ( 18.89999999999999858, -31.50000000000000000, 2.000000000000000000 ) ) ;
#1700 = AXIS2_PLACEMENT_3D ( 'NONE', #837, #1585, #1411 ) ;
#1701 = EDGE_LOOP ( 'NONE', ( #1429, #632, #1062, #100 ) ) ;
#1702 = CARTESIAN_POINT ( 'NONE',  ( 18.89999999999999858, 20.50000000000000355, -0.5000000000000000000 ) ) ;
#1703 = AXIS2_PLACEMENT_3D ( 'NONE', #1662, #2406, #1698 ) ;
#1704 = CIRCLE ( 'NONE', #1508, 1.449999999999999956 ) ;
#1705 = DIRECTION ( 'NONE',  ( -1.000000000000000000, 0.000000000000000000, 0.000000000000000000 ) ) ;
#1706 = VERTEX_POINT ( 'NONE', #2192 ) ;
#1707 = AXIS2_PLACEMENT_3D ( 'NONE', #2381, #707, #2191 ) ;
#1708 = ADVANCED_FACE ( 'NONE', ( #2206 ), #127, .F. ) ;
#1709 = CARTESIAN_POINT ( 'NONE',  ( 23.89999999999999858, 35.60000000000000142, 3.000000000000000000 ) ) ;
#1710 = AXIS2_PLACEMENT_3D ( 'NONE', #693, #466, #1214 ) ;
#1711 = ADVANCED_FACE ( 'NONE', ( #2181 ), #215, .F. ) ;
#1712 = EDGE_LOOP ( 'NONE', ( #378, #352 ) ) ;
#1713 = CARTESIAN_POINT ( 'NONE',  ( -21.89999999999999503, -35.60000000000000853, 3.000000000000000000 ) ) ;
#1714 = DIRECTION ( 'NONE',  ( 1.000000000000000000, 0.000000000000000000, 0.000000000000000000 ) ) ;
#1715 = ORIENTED_EDGE ( 'NONE', *, *, #493, .F. ) ;
#1716 = ADVANCED_FACE ( 'NONE', ( #326 ), #1491, .F. ) ;
#1717 = PLANE ( 'NONE',  #1575 ) ;
#1718 = DIRECTION ( 'NONE',  ( -0.000000000000000000, -0.000000000000000000, 1.000000000000000000 ) ) ;
#1719 = ORIENTED_EDGE ( 'NONE', *, *, #1567, .T. ) ;
#1720 = DIRECTION ( 'NONE',  ( 0.000000000000000000, -1.000000000000000000, 0.000000000000000000 ) ) ;
#1721 = VERTEX_POINT ( 'NONE', #1077 ) ;
#1722 = CARTESIAN_POINT ( 'NONE',  ( -25.89999999999999147, -37.59999999999997300, 3.000000000000000000 ) ) ;
#1723 = EDGE_CURVE ( 'NONE', #10, #182, #421, .T. ) ;
#1724 = DIRECTION ( 'NONE',  ( 1.000000000000000000, 0.000000000000000000, 0.000000000000000000 ) ) ;
#1725 = EDGE_LOOP ( 'NONE', ( #2182, #214 ) ) ;
#1726 = CARTESIAN_POINT ( 'NONE',  ( -18.89999999999999503, -14.50000000000000000, -0.5000000000000000000 ) ) ;
#1727 = DIRECTION ( 'NONE',  ( 1.000000000000000000, 0.000000000000000000, 0.000000000000000000 ) ) ;
#1728 = ORIENTED_EDGE ( 'NONE', *, *, #761, .T. ) ;
#1729 = DIRECTION ( 'NONE',  ( 0.000000000000000000, -0.000000000000000000, 1.000000000000000000 ) ) ;
#1730 = LINE ( 'NONE', #1688, #995 ) ;
#1731 = DIRECTION ( 'NONE',  ( -0.000000000000000000, 0.000000000000000000, -1.000000000000000000 ) ) ;
#1732 = VECTOR ( 'NONE', #2395, 1000.000000000000000 ) ;
#1733 = ORIENTED_EDGE ( 'NONE', *, *, #1082, .T. ) ;
#1734 = ADVANCED_FACE ( 'NONE', ( #1832, #719 ), #155, .F. ) ;
#1735 = LINE ( 'NONE', #431, #603 ) ;
#1736 = AXIS2_PLACEMENT_3D ( 'NONE', #1245, #1948, #1801 ) ;
#1737 = DIRECTION ( 'NONE',  ( 1.000000000000000000, 0.000000000000000000, 0.000000000000000000 ) ) ;
#1738 = AXIS2_PLACEMENT_3D ( 'NONE', #1451, #2380, #1255 ) ;
#1739 = ORIENTED_EDGE ( 'NONE', *, *, #519, .T. ) ;
#1740 = VECTOR ( 'NONE', #2092, 1000.000000000000000 ) ;
#1741 = EDGE_CURVE ( 'NONE', #182, #2371, #1117, .T. ) ;
#1742 = AXIS2_PLACEMENT_3D ( 'NONE', #731, #190, #2420 ) ;
#1743 = FACE_BOUND ( 'NONE', #2213, .T. ) ;
#1744 = AXIS2_PLACEMENT_3D ( 'NONE', #2176, #1264, #1057 ) ;
#1745 = CARTESIAN_POINT ( 'NONE',  ( -23.89999999999999147, -39.60000000000000142, 4.000000000000000000 ) ) ;
#1746 = ORIENTED_EDGE ( 'NONE', *, *, #1760, .F. ) ;
#1747 = CARTESIAN_POINT ( 'NONE',  ( -18.90000000000000213, 20.50000000000000000, 3.000000000000000000 ) ) ;
#1748 = EDGE_CURVE ( 'NONE', #372, #1014, #1549, .T. ) ;
#1749 = FACE_OUTER_BOUND ( 'NONE', #496, .T. ) ;
#1750 = LINE ( 'NONE', #957, #241 ) ;
#1751 = EDGE_CURVE ( 'NONE', #42, #2267, #1934, .T. ) ;
#1752 = CARTESIAN_POINT ( 'NONE',  ( 20.34999999999999787, 20.50000000000000000, -0.5000000000000004441 ) ) ;
#1753 = CARTESIAN_POINT ( 'NONE',  ( -18.89999999999999858, -7.499999999999995559, 0.000000000000000000 ) ) ;
#1754 = ORIENTED_EDGE ( 'NONE', *, *, #1876, .T. ) ;
#1755 = PLANE ( 'NONE',  #994 ) ;
#1756 = DIRECTION ( 'NONE',  ( -0.000000000000000000, -0.000000000000000000, -1.000000000000000000 ) ) ;
#1757 = ORIENTED_EDGE ( 'NONE', *, *, #1639, .F. ) ;
#1758 = LINE ( 'NONE', #1396, #634 ) ;
#1759 = ORIENTED_EDGE ( 'NONE', *, *, #2364, .T. ) ;
#1760 = EDGE_CURVE ( 'NONE', #2088, #877, #24, .T. ) ;
#1761 = LINE ( 'NONE', #664, #1268 ) ;
#1762 = DIRECTION ( 'NONE',  ( 0.000000000000000000, -0.000000000000000000, 1.000000000000000000 ) ) ;
#1763 = ORIENTED_EDGE ( 'NONE', *, *, #906, .T. ) ;
#1764 = LINE ( 'NONE', #468, #1504 ) ;
#1765 = DIRECTION ( 'NONE',  ( -0.000000000000000000, -0.000000000000000000, -1.000000000000000000 ) ) ;
#1766 = EDGE_LOOP ( 'NONE', ( #2059, #1981, #2287, #1938 ) ) ;
#1767 = CARTESIAN_POINT ( 'NONE',  ( 18.89999999999999858, 20.50000000000000355, 0.000000000000000000 ) ) ;
#1768 = VECTOR ( 'NONE', #551, 1000.000000000000000 ) ;
#1769 = ORIENTED_EDGE ( 'NONE', *, *, #475, .F. ) ;
#1770 = AXIS2_PLACEMENT_3D ( 'NONE', #1179, #1516, #19 ) ;
#1771 = EDGE_CURVE ( 'NONE', #2178, #246, #2091, .T. ) ;
#1772 = CIRCLE ( 'NONE', #448, 2.000000000000001776 ) ;
#1773 = DIRECTION ( 'NONE',  ( -1.000000000000000000, 0.000000000000000000, -0.000000000000000000 ) ) ;
#1774 = CIRCLE ( 'NONE', #1037, 2.000000000000001776 ) ;
#1775 = FACE_OUTER_BOUND ( 'NONE', #927, .T. ) ;
#1776 = ADVANCED_FACE ( 'NONE', ( #53 ), #339, .F. ) ;
#1777 = ORIENTED_EDGE ( 'NONE', *, *, #1336, .F. ) ;
#1778 = CARTESIAN_POINT ( 'NONE',  ( -18.89999999999999147, 32.50000000000000711, 2.000000000000000000 ) ) ;
#1779 = FACE_OUTER_BOUND ( 'NONE', #401, .T. ) ;
#1780 = CIRCLE ( 'NONE', #575, 2.499999999999998668 ) ;
#1781 = DIRECTION ( 'NONE',  ( -0.000000000000000000, -0.000000000000000000, 1.000000000000000000 ) ) ;
#1782 = ADVANCED_FACE ( 'NONE', ( #1690 ), #860, .F. ) ;
#1783 = VERTEX_POINT ( 'NONE', #325 ) ;
#1784 = CARTESIAN_POINT ( 'NONE',  ( 17.44999999999999574, 20.50000000000000000, -0.5000000000000004441 ) ) ;
#1785 = EDGE_LOOP ( 'NONE', ( #1492, #672, #1759, #1410 ) ) ;
#1786 = VERTEX_POINT ( 'NONE', #1269 ) ;
#1787 = FACE_BOUND ( 'NONE', #571, .T. ) ;
#1788 = DIRECTION ( 'NONE',  ( 1.000000000000000000, 0.000000000000000000, 0.000000000000000000 ) ) ;
#1789 = ORIENTED_EDGE ( 'NONE', *, *, #1791, .F. ) ;
#1790 = FACE_OUTER_BOUND ( 'NONE', #1675, .T. ) ;
#1791 = EDGE_CURVE ( 'NONE', #231, #789, #881, .T. ) ;
#1792 = DIRECTION ( 'NONE',  ( -0.000000000000000000, -0.000000000000000000, 1.000000000000000000 ) ) ;
#1793 = CARTESIAN_POINT ( 'NONE',  ( 25.89999999999999858, 37.60000000000000142, 4.000000000000000000 ) ) ;
#1794 = ORIENTED_EDGE ( 'NONE', *, *, #381, .F. ) ;
#1795 = CARTESIAN_POINT ( 'NONE',  ( -16.40000000000000924, -21.49999999999999645, 2.000000000000000000 ) ) ;
#1796 = VERTEX_POINT ( 'NONE', #1831 ) ;
#1797 = ORIENTED_EDGE ( 'NONE', *, *, #570, .T. ) ;
#1798 = LINE ( 'NONE', #390, #1667 ) ;
#1799 = CARTESIAN_POINT ( 'NONE',  ( -23.89999999999999858, 37.60000000000000142, 4.000000000000000000 ) ) ;
#1800 = ORIENTED_EDGE ( 'NONE', *, *, #1277, .T. ) ;
#1801 = DIRECTION ( 'NONE',  ( 0.000000000000000000, 0.000000000000000000, 1.000000000000000000 ) ) ;
#1802 = FACE_OUTER_BOUND ( 'NONE', #107, .T. ) ;
#1803 = EDGE_CURVE ( 'NONE', #1607, #1697, #1584, .T. ) ;
#1804 = VERTEX_POINT ( 'NONE', #1988 ) ;
#1805 = DIRECTION ( 'NONE',  ( -0.000000000000000000, 0.000000000000000000, 1.000000000000000000 ) ) ;
#1806 = AXIS2_PLACEMENT_3D ( 'NONE', #116, #1589, #1574 ) ;
#1807 = ORIENTED_EDGE ( 'NONE', *, *, #98, .T. ) ;
#1808 = ORIENTED_EDGE ( 'NONE', *, *, #1913, .T. ) ;
#1809 = CIRCLE ( 'NONE', #956, 2.749999999999999112 ) ;
#1810 = LINE ( 'NONE', #1969, #1130 ) ;
#1811 = ADVANCED_FACE ( 'NONE', ( #154 ), #2150, .T. ) ;
#1812 = AXIS2_PLACEMENT_3D ( 'NONE', #1920, #1524, #1880 ) ;
#1813 = FACE_BOUND ( 'NONE', #265, .T. ) ;
#1814 = AXIS2_PLACEMENT_3D ( 'NONE', #1655, #529, #894 ) ;
#1815 = ORIENTED_EDGE ( 'NONE', *, *, #1663, .F. ) ;
#1816 = DIRECTION ( 'NONE',  ( 1.000000000000000000, 0.000000000000000000, 0.000000000000000000 ) ) ;
#1817 = AXIS2_PLACEMENT_3D ( 'NONE', #286, #1781, #1052 ) ;
#1818 = DIRECTION ( 'NONE',  ( 8.761229676650542138E-17, -1.000000000000000000, -0.000000000000000000 ) ) ;
#1819 = AXIS2_PLACEMENT_3D ( 'NONE', #285, #1453, #1609 ) ;
#1820 = LINE ( 'NONE', #2382, #2051 ) ;
#1821 = EDGE_LOOP ( 'NONE', ( #1000, #1719, #898, #510 ) ) ;
#1822 = CARTESIAN_POINT ( 'NONE',  ( -21.40000000000000568, -31.49999999999999289, 2.000000000000000000 ) ) ;
#1823 = CIRCLE ( 'NONE', #1359, 1.449999999999999956 ) ;
#1824 = DIRECTION ( 'NONE',  ( 0.000000000000000000, 1.000000000000000000, 0.000000000000000000 ) ) ;
#1825 = EDGE_LOOP ( 'NONE', ( #1258, #146, #1433, #593 ) ) ;
#1826 = EDGE_CURVE ( 'NONE', #1721, #462, #1426, .T. ) ;
#1827 = CARTESIAN_POINT ( 'NONE',  ( 16.40000000000000213, -31.50000000000000000, 2.000000000000000000 ) ) ;
#1828 = CARTESIAN_POINT ( 'NONE',  ( 21.64999999999999503, 20.50000000000000000, 4.000000000000000000 ) ) ;
#1829 = ORIENTED_EDGE ( 'NONE', *, *, #2412, .F. ) ;
#1830 = DIRECTION ( 'NONE',  ( -1.000000000000000000, 0.000000000000000000, 0.000000000000000000 ) ) ;
#1831 = CARTESIAN_POINT ( 'NONE',  ( -23.89999999999999147, -39.60000000000000142, 3.000000000000000000 ) ) ;
#1832 = FACE_BOUND ( 'NONE', #863, .T. ) ;
#1833 = ORIENTED_EDGE ( 'NONE', *, *, #1884, .T. ) ;
#1834 = DIRECTION ( 'NONE',  ( -0.000000000000000000, -0.000000000000000000, 1.000000000000000000 ) ) ;
#1835 = CARTESIAN_POINT ( 'NONE',  ( 18.89999999999999503, 20.50000000000000000, -0.5000000000000004441 ) ) ;
#1836 = VERTEX_POINT ( 'NONE', #508 ) ;
#1837 = ADVANCED_FACE ( 'NONE', ( #1779 ), #253, .F. ) ;
#1838 = CARTESIAN_POINT ( 'NONE',  ( -21.39999999999999858, 4.500000000000003553, 2.000000000000000000 ) ) ;
#1839 = DIRECTION ( 'NONE',  ( -0.000000000000000000, -0.000000000000000000, 1.000000000000000000 ) ) ;
#1840 = VERTEX_POINT ( 'NONE', #1076 ) ;
#1841 = CYLINDRICAL_SURFACE ( 'NONE', #1738, 2.499999999999998668 ) ;
#1842 = FACE_OUTER_BOUND ( 'NONE', #1594, .T. ) ;
#1843 = DIRECTION ( 'NONE',  ( 0.000000000000000000, -0.000000000000000000, 1.000000000000000000 ) ) ;
#1844 = ORIENTED_EDGE ( 'NONE', *, *, #1422, .T. ) ;
#1845 = CARTESIAN_POINT ( 'NONE',  ( -18.89999999999999147, -14.50000000000000000, -0.5000000000000004441 ) ) ;
#1846 = DIRECTION ( 'NONE',  ( 0.000000000000000000, 0.000000000000000000, -1.000000000000000000 ) ) ;
#1847 = ORIENTED_EDGE ( 'NONE', *, *, #205, .T. ) ;
#1848 = PRODUCT ( 'Back plate', 'Back plate', '', ( #1435 ) ) ;
#1849 = CIRCLE ( 'NONE', #1500, 1.449999999999999956 ) ;
#1850 = CARTESIAN_POINT ( 'NONE',  ( -21.39999999999999858, 4.500000000000003553, 2.000000000000000000 ) ) ;
#1851 = AXIS2_PLACEMENT_3D ( 'NONE', #1327, #2275, #420 ) ;
#1852 = AXIS2_PLACEMENT_3D ( 'NONE', #545, #338, #504 ) ;
#1853 = ORIENTED_EDGE ( 'NONE', *, *, #2391, .F. ) ;
#1854 = FACE_OUTER_BOUND ( 'NONE', #1576, .T. ) ;
#1855 = CIRCLE ( 'NONE', #2285, 1.449999999999999956 ) ;
#1856 = EDGE_CURVE ( 'NONE', #2050, #773, #1051, .T. ) ;
#1857 = DIRECTION ( 'NONE',  ( 0.000000000000000000, -0.000000000000000000, -1.000000000000000000 ) ) ;
#1858 = CARTESIAN_POINT ( 'NONE',  ( 21.39999999999999858, -7.500000000000000000, 2.000000000000000000 ) ) ;
#1859 = VERTEX_POINT ( 'NONE', #1401 ) ;
#1860 = AXIS2_PLACEMENT_3D ( 'NONE', #302, #1233, #499 ) ;
#1861 = CARTESIAN_POINT ( 'NONE',  ( 18.89999999999999503, -14.50000000000000000, -0.5000000000000000000 ) ) ;
#1862 = CIRCLE ( 'NONE', #1427, 2.499999999999998668 ) ;
#1863 = EDGE_CURVE ( 'NONE', #506, #866, #2363, .T. ) ;
#1864 = CARTESIAN_POINT ( 'NONE',  ( 18.89999999999999858, 4.500000000000000000, 2.000000000000000000 ) ) ;
#1865 = EDGE_LOOP ( 'NONE', ( #826, #1212, #1754, #128 ) ) ;
#1866 = CARTESIAN_POINT ( 'NONE',  ( 23.89999999999999858, 37.60000000000000142, 3.000000000000000000 ) ) ;
#1867 = AXIS2_PLACEMENT_3D ( 'NONE', #2173, #663, #1068 ) ;
#1868 = EDGE_LOOP ( 'NONE', ( #1853, #1446, #464, #1656 ) ) ;
#1869 = DIRECTION ( 'NONE',  ( 0.000000000000000000, 0.000000000000000000, -1.000000000000000000 ) ) ;
#1870 = CARTESIAN_POINT ( 'NONE',  ( 23.89999999999999858, -37.60000000000000853, 3.000000000000000000 ) ) ;
#1871 = ORIENTED_EDGE ( 'NONE', *, *, #989, .F. ) ;
#1872 = EDGE_CURVE ( 'NONE', #1697, #1607, #2123, .T. ) ;
#1873 = CARTESIAN_POINT ( 'NONE',  ( 21.39999999999999858, -7.500000000000000000, 2.000000000000000000 ) ) ;
#1874 = PLANE ( 'NONE',  #2321 ) ;
#1875 = ORIENTED_EDGE ( 'NONE', *, *, #2359, .F. ) ;
#1876 = EDGE_CURVE ( 'NONE', #1783, #389, #875, .T. ) ;
#1877 = DIRECTION ( 'NONE',  ( 1.000000000000000000, 0.000000000000000000, 0.000000000000000000 ) ) ;
#1878 = DIRECTION ( 'NONE',  ( -1.000000000000000000, 0.000000000000000000, 0.000000000000000000 ) ) ;
#1879 = VERTEX_POINT ( 'NONE', #2369 ) ;
#1880 = DIRECTION ( 'NONE',  ( -1.000000000000000000, 0.000000000000000000, 0.000000000000000000 ) ) ;
#1881 = CARTESIAN_POINT ( 'NONE',  ( -18.89999999999999147, -14.50000000000000000, 4.000000000000000000 ) ) ;
#1882 = ORIENTED_EDGE ( 'NONE', *, *, #117, .F. ) ;
#1883 = CARTESIAN_POINT ( 'NONE',  ( -23.89999999999999503, 35.60000000000000142, 3.000000000000000000 ) ) ;
#1884 = EDGE_CURVE ( 'NONE', #970, #773, #890, .T. ) ;
#1885 = FACE_OUTER_BOUND ( 'NONE', #2138, .T. ) ;
#1886 = VERTEX_POINT ( 'NONE', #1412 ) ;
#1887 = EDGE_CURVE ( 'NONE', #932, #138, #2290, .T. ) ;
#1888 = DIRECTION ( 'NONE',  ( -0.000000000000000000, -0.000000000000000000, -1.000000000000000000 ) ) ;
#1889 = EDGE_CURVE ( 'NONE', #773, #1879, #1279, .T. ) ;
#1890 = VERTEX_POINT ( 'NONE', #912 ) ;
#1891 = LINE ( 'NONE', #1139, #723 ) ;
#1892 = FACE_OUTER_BOUND ( 'NONE', #1552, .T. ) ;
#1893 = CIRCLE ( 'NONE', #1265, 2.499999999999998668 ) ;
#1894 = DIRECTION ( 'NONE',  ( 1.000000000000000000, 0.000000000000000000, 0.000000000000000000 ) ) ;
#1895 = VERTEX_POINT ( 'NONE', #1479 ) ;
#1896 = DIRECTION ( 'NONE',  ( 1.000000000000000000, 0.000000000000000000, 0.000000000000000000 ) ) ;
#1897 = AXIS2_PLACEMENT_3D ( 'NONE', #477, #1983, #2124 ) ;
#1898 = CIRCLE ( 'NONE', #2086, 2.499999999999998668 ) ;
#1899 = CARTESIAN_POINT ( 'NONE',  ( -18.89999999999999858, 4.500000000000003553, 0.000000000000000000 ) ) ;
#1900 = ORIENTED_EDGE ( 'NONE', *, *, #1008, .T. ) ;
#1901 = AXIS2_PLACEMENT_3D ( 'NONE', #549, #891, #560 ) ;
#1902 = EDGE_CURVE ( 'NONE', #1397, #1611, #95, .T. ) ;
#1903 = CARTESIAN_POINT ( 'NONE',  ( -18.90000000000000568, -21.49999999999999645, 2.000000000000000000 ) ) ;
#1904 = VECTOR ( 'NONE', #2378, 1000.000000000000000 ) ;
#1905 = EDGE_LOOP ( 'NONE', ( #1344, #2113, #698, #2096 ) ) ;
#1906 = CARTESIAN_POINT ( 'NONE',  ( 23.89999999999999858, -35.60000000000001563, 0.000000000000000000 ) ) ;
#1907 = DIRECTION ( 'NONE',  ( -0.000000000000000000, -0.000000000000000000, -1.000000000000000000 ) ) ;
#1908 = VERTEX_POINT ( 'NONE', #179 ) ;
#1909 = CARTESIAN_POINT ( 'NONE',  ( 22.39999999999999858, 20.50000000000000355, -0.5000000000000000000 ) ) ;
#1910 = DIRECTION ( 'NONE',  ( 0.000000000000000000, 0.000000000000000000, -1.000000000000000000 ) ) ;
#1911 = EDGE_LOOP ( 'NONE', ( #1262, #1238, #391, #1118 ) ) ;
#1912 = DIRECTION ( 'NONE',  ( -0.000000000000000000, -0.000000000000000000, 1.000000000000000000 ) ) ;
#1913 = EDGE_CURVE ( 'NONE', #2366, #848, #647, .T. ) ;
#1914 = CARTESIAN_POINT ( 'NONE',  ( 18.89999999999999503, 20.50000000000000000, 4.000000000000000000 ) ) ;
#1915 = DIRECTION ( 'NONE',  ( 1.000000000000000000, 0.000000000000000000, 0.000000000000000000 ) ) ;
#1916 = ORIENTED_EDGE ( 'NONE', *, *, #47, .F. ) ;
#1917 = CARTESIAN_POINT ( 'NONE',  ( -21.89999999999999503, 35.60000000000000142, 0.000000000000000000 ) ) ;
#1918 = DIRECTION ( 'NONE',  ( 1.000000000000000000, 0.000000000000000000, 0.000000000000000000 ) ) ;
#1919 = ORIENTED_EDGE ( 'NONE', *, *, #2044, .F. ) ;
#1920 = CARTESIAN_POINT ( 'NONE',  ( -18.89999999999999858, 4.500000000000003553, 2.000000000000000000 ) ) ;
#1921 = EDGE_CURVE ( 'NONE', #1693, #586, #1286, .T. ) ;
#1922 = DIRECTION ( 'NONE',  ( -1.000000000000000000, 0.000000000000000000, 0.000000000000000000 ) ) ;
#1923 = VECTOR ( 'NONE', #2413, 1000.000000000000000 ) ;
#1924 = ORIENTED_EDGE ( 'NONE', *, *, #1281, .T. ) ;
#1925 = DIRECTION ( 'NONE',  ( -0.000000000000000000, -0.000000000000000000, 1.000000000000000000 ) ) ;
#1926 = ADVANCED_FACE ( 'NONE', ( #1842 ), #165, .T. ) ;
#1927 = AXIS2_PLACEMENT_3D ( 'NONE', #1638, #557, #1830 ) ;
#1928 = DIRECTION ( 'NONE',  ( -1.000000000000000000, 0.000000000000000000, 0.000000000000000000 ) ) ;
#1929 = VECTOR ( 'NONE', #2310, 1000.000000000000114 ) ;
#1930 = VERTEX_POINT ( 'NONE', #1115 ) ;
#1931 = EDGE_CURVE ( 'NONE', #1783, #1049, #2053, .T. ) ;
#1932 = AXIS2_PLACEMENT_3D ( 'NONE', #763, #1912, #426 ) ;
#1933 = VECTOR ( 'NONE', #2421, 1000.000000000000000 ) ;
#1934 = CIRCLE ( 'NONE', #1672, 2.499999999999998668 ) ;
#1935 = DIRECTION ( 'NONE',  ( -0.000000000000000000, 0.000000000000000000, 1.000000000000000000 ) ) ;
#1936 = AXIS2_PLACEMENT_3D ( 'NONE', #978, #436, #1922 ) ;
#1937 = DIRECTION ( 'NONE',  ( -1.000000000000000000, 0.000000000000000000, 0.000000000000000000 ) ) ;
#1938 = ORIENTED_EDGE ( 'NONE', *, *, #1529, .F. ) ;
#1939 = CARTESIAN_POINT ( 'NONE',  ( -15.39999999999999680, -14.50000000000000000, 0.000000000000000000 ) ) ;
#1940 = DIRECTION ( 'NONE',  ( 8.761229676650540906E-17, -1.000000000000000000, 0.000000000000000000 ) ) ;
#1941 = ADVANCED_FACE ( 'NONE', ( #768 ), #1677, .F. ) ;
#1942 = VERTEX_POINT ( 'NONE', #403 ) ;
#1943 = VERTEX_POINT ( 'NONE', #2023 ) ;
#1944 = EDGE_LOOP ( 'NONE', ( #500, #72 ) ) ;
#1945 = CARTESIAN_POINT ( 'NONE',  ( -18.89999999999999147, -14.50000000000000000, 4.000000000000000000 ) ) ;
#1946 = CARTESIAN_POINT ( 'NONE',  ( -18.89999999999999858, 20.50000000000000355, 0.000000000000000000 ) ) ;
#1947 = ORIENTED_EDGE ( 'NONE', *, *, #493, .T. ) ;
#1948 = DIRECTION ( 'NONE',  ( -1.000000000000000000, 0.000000000000000000, 0.000000000000000000 ) ) ;
#1949 = CARTESIAN_POINT ( 'NONE',  ( -18.89999999999999858, 20.50000000000000355, 0.000000000000000000 ) ) ;
#1950 = EDGE_LOOP ( 'NONE', ( #1495, #224 ) ) ;
#1951 = FACE_OUTER_BOUND ( 'NONE', #442, .T. ) ;
#1952 = EDGE_CURVE ( 'NONE', #111, #1043, #217, .T. ) ;
#1953 = ORIENTED_EDGE ( 'NONE', *, *, #519, .F. ) ;
#1954 = ADVANCED_FACE ( 'NONE', ( #2231 ), #574, .T. ) ;
#1955 = FACE_OUTER_BOUND ( 'NONE', #143, .T. ) ;
#1956 = DIRECTION ( 'NONE',  ( -1.000000000000000000, 0.000000000000000000, 0.000000000000000000 ) ) ;
#1957 = ADVANCED_FACE ( 'NONE', ( #1297 ), #1129, .F. ) ;
#1958 = PLANE ( 'NONE',  #1744 ) ;
#1959 = VERTEX_POINT ( 'NONE', #1325 ) ;
#1960 = FACE_OUTER_BOUND ( 'NONE', #1631, .T. ) ;
#1961 = DIRECTION ( 'NONE',  ( 1.000000000000000000, 0.000000000000000000, 0.000000000000000000 ) ) ;
#1962 = CIRCLE ( 'NONE', #1660, 3.499999999999999556 ) ;
#1963 = FACE_OUTER_BOUND ( 'NONE', #437, .T. ) ;
#1964 = EDGE_LOOP ( 'NONE', ( #1085, #1844 ) ) ;
#1965 = FACE_OUTER_BOUND ( 'NONE', #2010, .T. ) ;
#1966 = AXIS2_PLACEMENT_3D ( 'NONE', #447, #2218, #1816 ) ;
#1967 = VERTEX_POINT ( 'NONE', #2048 ) ;
#1968 = VECTOR ( 'NONE', #1459, 1000.000000000000000 ) ;
#1969 = CARTESIAN_POINT ( 'NONE',  ( 16.40000000000000213, 32.50000000000000000, 2.000000000000000000 ) ) ;
#1970 = AXIS2_PLACEMENT_3D ( 'NONE', #1497, #1720, #48 ) ;
#1971 = ADVANCED_FACE ( 'NONE', ( #1892 ), #382, .F. ) ;
#1972 = DIRECTION ( 'NONE',  ( -1.000000000000000000, 0.000000000000000000, 0.000000000000000000 ) ) ;
#1973 = DIRECTION ( 'NONE',  ( 1.000000000000000000, 0.000000000000000000, 0.000000000000000000 ) ) ;
#1974 = ORIENTED_EDGE ( 'NONE', *, *, #1128, .F. ) ;
#1975 = CARTESIAN_POINT ( 'NONE',  ( 15.40000000000000036, 20.50000000000000355, -0.5000000000000000000 ) ) ;
#1976 = AXIS2_PLACEMENT_3D ( 'NONE', #2258, #2228, #1498 ) ;
#1977 = LINE ( 'NONE', #1793, #1669 ) ;
#1978 = EDGE_LOOP ( 'NONE', ( #802, #237, #1378, #163 ) ) ;
#1979 = DIRECTION ( 'NONE',  ( 0.000000000000000000, 0.000000000000000000, -1.000000000000000000 ) ) ;
#1980 = VERTEX_POINT ( 'NONE', #1140 ) ;
#1981 = ORIENTED_EDGE ( 'NONE', *, *, #303, .F. ) ;
#1982 =( NAMED_UNIT ( * ) PLANE_ANGLE_UNIT ( ) SI_UNIT ( $, .RADIAN. ) );
#1983 = DIRECTION ( 'NONE',  ( 0.000000000000000000, 0.000000000000000000, -1.000000000000000000 ) ) ;
#1984 = EDGE_CURVE ( 'NONE', #1397, #1836, #753, .T. ) ;
#1985 = DIRECTION ( 'NONE',  ( 0.000000000000000000, 0.000000000000000000, -1.000000000000000000 ) ) ;
#1986 = ORIENTED_EDGE ( 'NONE', *, *, #1741, .T. ) ;
#1987 = DIRECTION ( 'NONE',  ( -0.000000000000000000, -0.000000000000000000, 1.000000000000000000 ) ) ;
#1988 = CARTESIAN_POINT ( 'NONE',  ( 16.40000000000000213, -7.500000000000000000, 0.000000000000000000 ) ) ;
#1989 = FACE_OUTER_BOUND ( 'NONE', #367, .T. ) ;
#1990 = ORIENTED_EDGE ( 'NONE', *, *, #2207, .T. ) ;
#1991 = FACE_OUTER_BOUND ( 'NONE', #415, .T. ) ;
#1992 = ADVANCED_FACE ( 'NONE', ( #1503 ), #393, .F. ) ;
#1993 = ORIENTED_EDGE ( 'NONE', *, *, #1634, .T. ) ;
#1994 = ORIENTED_EDGE ( 'NONE', *, *, #1663, .T. ) ;
#1995 = CARTESIAN_POINT ( 'NONE',  ( -25.89999999999999147, -39.60000000000000142, 4.000000000000000000 ) ) ;
#1996 = CARTESIAN_POINT ( 'NONE',  ( 16.40000000000000213, 32.50000000000000000, 2.000000000000000000 ) ) ;
#1997 = VERTEX_POINT ( 'NONE', #951 ) ;
#1998 = DIRECTION ( 'NONE',  ( 1.000000000000000000, 0.000000000000000000, 0.000000000000000000 ) ) ;
#1999 = LINE ( 'NONE', #900, #839 ) ;
#2000 = ORIENTED_EDGE ( 'NONE', *, *, #2090, .F. ) ;
#2001 = EDGE_CURVE ( 'NONE', #2168, #1053, #1862, .T. ) ;
#2002 = CARTESIAN_POINT ( 'NONE',  ( -15.40000000000000036, 20.50000000000000355, -0.5000000000000000000 ) ) ;
#2003 = CARTESIAN_POINT ( 'NONE',  ( -25.89999999999999147, -39.60000000000000142, 4.000000000000000000 ) ) ;
#2004 = ORIENTED_EDGE ( 'NONE', *, *, #2207, .F. ) ;
#2005 = ORIENTED_EDGE ( 'NONE', *, *, #205, .F. ) ;
#2006 = AXIS2_PLACEMENT_3D ( 'NONE', #1917, #1059, #1196 ) ;
#2007 = AXIS2_PLACEMENT_3D ( 'NONE', #2109, #1030, #1241 ) ;
#2008 = FACE_OUTER_BOUND ( 'NONE', #987, .T. ) ;
#2009 = VECTOR ( 'NONE', #2397, 1000.000000000000114 ) ;
#2010 = EDGE_LOOP ( 'NONE', ( #1201, #608 ) ) ;
#2011 = DIRECTION ( 'NONE',  ( 0.000000000000000000, 0.000000000000000000, -1.000000000000000000 ) ) ;
#2012 = DIRECTION ( 'NONE',  ( 0.000000000000000000, -0.000000000000000000, -1.000000000000000000 ) ) ;
#2013 = VECTOR ( 'NONE', #1640, 1000.000000000000000 ) ;
#2014 = DIRECTION ( 'NONE',  ( 1.000000000000000000, 0.000000000000000000, 0.000000000000000000 ) ) ;
#2015 = ORIENTED_EDGE ( 'NONE', *, *, #2044, .T. ) ;
#2016 = DIRECTION ( 'NONE',  ( -0.000000000000000000, -0.000000000000000000, 1.000000000000000000 ) ) ;
#2017 = ADVANCED_FACE ( 'NONE', ( #968 ), #2392, .F. ) ;
#2018 = DIRECTION ( 'NONE',  ( 0.7071067811865474617, 0.000000000000000000, 0.7071067811865474617 ) ) ;
#2019 = EDGE_LOOP ( 'NONE', ( #2389, #1335, #2318, #1424 ) ) ;
#2020 = LINE ( 'NONE', #702, #919 ) ;
#2021 = EDGE_LOOP ( 'NONE', ( #4, #815, #316, #1450 ) ) ;
#2022 = CARTESIAN_POINT ( 'NONE',  ( 18.89999999999999858, 20.50000000000000355, -0.5000000000000000000 ) ) ;
#2023 = CARTESIAN_POINT ( 'NONE',  ( 16.14999999999999858, 20.50000000000000000, 3.000000000000000000 ) ) ;
#2024 = CARTESIAN_POINT ( 'NONE',  ( -25.89999999999999858, 39.60000000000000142, 4.000000000000000000 ) ) ;
#2025 = ORIENTED_EDGE ( 'NONE', *, *, #1741, .F. ) ;
#2026 = CARTESIAN_POINT ( 'NONE',  ( -18.90000000000000213, 20.50000000000000000, 1.700000000000001066 ) ) ;
#2027 = EDGE_LOOP ( 'NONE', ( #2148, #2345 ) ) ;
#2028 = EDGE_CURVE ( 'NONE', #535, #1796, #2271, .T. ) ;
#2029 = EDGE_CURVE ( 'NONE', #1611, #720, #1550, .T. ) ;
#2030 = CARTESIAN_POINT ( 'NONE',  ( -17.44999999999999218, -14.50000000000000000, 1.700000000000001066 ) ) ;
#2031 = DIRECTION ( 'NONE',  ( -0.000000000000000000, 1.000000000000000000, -0.000000000000000000 ) ) ;
#2032 = ORIENTED_EDGE ( 'NONE', *, *, #1097, .F. ) ;
#2033 = CARTESIAN_POINT ( 'NONE',  ( 23.89999999999999858, 37.60000000000000142, 3.000000000000000000 ) ) ;
#2034 = EDGE_CURVE ( 'NONE', #820, #1693, #2367, .T. ) ;
#2035 = DIRECTION ( 'NONE',  ( 0.000000000000000000, -0.000000000000000000, -1.000000000000000000 ) ) ;
#2036 = DIRECTION ( 'NONE',  ( -0.000000000000000000, -0.000000000000000000, 1.000000000000000000 ) ) ;
#2037 = ORIENTED_EDGE ( 'NONE', *, *, #1600, .T. ) ;
#2038 = CARTESIAN_POINT ( 'NONE',  ( 21.89999999999999503, 37.60000000000000142, 0.000000000000000000 ) ) ;
#2039 = CARTESIAN_POINT ( 'NONE',  ( -23.89999999999999503, -35.60000000000001563, 3.000000000000000000 ) ) ;
#2040 = EDGE_LOOP ( 'NONE', ( #1039, #2352, #2306, #2127 ) ) ;
#2041 = AXIS2_PLACEMENT_3D ( 'NONE', #90, #2333, #2372 ) ;
#2042 = LINE ( 'NONE', #568, #762 ) ;
#2043 = CIRCLE ( 'NONE', #1700, 2.499999999999998668 ) ;
#2044 = EDGE_CURVE ( 'NONE', #10, #1804, #63, .T. ) ;
#2045 = VERTEX_POINT ( 'NONE', #999 ) ;
#2046 = PLANE ( 'NONE',  #2115 ) ;
#2047 = STYLED_ITEM ( 'NONE', ( #711 ), #1285 ) ;
#2048 = CARTESIAN_POINT ( 'NONE',  ( 16.40000000000000213, 32.50000000000000000, 0.000000000000000000 ) ) ;
#2049 = DIRECTION ( 'NONE',  ( 1.000000000000000000, 0.000000000000000000, 0.000000000000000000 ) ) ;
#2050 = VERTEX_POINT ( 'NONE', #41 ) ;
#2051 = VECTOR ( 'NONE', #384, 1000.000000000000000 ) ;
#2052 = CARTESIAN_POINT ( 'NONE',  ( 18.89999999999999858, -31.50000000000000000, 2.000000000000000000 ) ) ;
#2053 = CIRCLE ( 'NONE', #573, 2.749999999999999112 ) ;
#2054 = DIRECTION ( 'NONE',  ( 0.000000000000000000, 0.000000000000000000, -1.000000000000000000 ) ) ;
#2055 = EDGE_CURVE ( 'NONE', #1967, #952, #139, .T. ) ;
#2056 = EDGE_LOOP ( 'NONE', ( #2322, #458 ) ) ;
#2057 = VECTOR ( 'NONE', #1907, 1000.000000000000000 ) ;
#2058 = CYLINDRICAL_SURFACE ( 'NONE', #1932, 1.449999999999999956 ) ;
#2059 = ORIENTED_EDGE ( 'NONE', *, *, #1685, .F. ) ;
#2060 = CYLINDRICAL_SURFACE ( 'NONE', #1542, 2.749999999999999112 ) ;
#2061 = EDGE_CURVE ( 'NONE', #1135, #811, #2326, .T. ) ;
#2062 = DIRECTION ( 'NONE',  ( 0.000000000000000000, 0.000000000000000000, -1.000000000000000000 ) ) ;
#2063 = EDGE_LOOP ( 'NONE', ( #941, #1058, #1113, #430 ) ) ;
#2064 = DIRECTION ( 'NONE',  ( -0.000000000000000000, -0.000000000000000000, -1.000000000000000000 ) ) ;
#2065 = CYLINDRICAL_SURFACE ( 'NONE', #1232, 2.000000000000001776 ) ;
#2066 = ORIENTED_EDGE ( 'NONE', *, *, #153, .F. ) ;
#2067 = EDGE_CURVE ( 'NONE', #2374, #186, #1780, .T. ) ;
#2068 = LINE ( 'NONE', #1709, #922 ) ;
#2069 = ORIENTED_EDGE ( 'NONE', *, *, #2190, .F. ) ;
#2070 = LINE ( 'NONE', #966, #760 ) ;
#2071 = DIRECTION ( 'NONE',  ( -1.000000000000000000, 0.000000000000000000, 0.000000000000000000 ) ) ;
#2072 = ORIENTED_EDGE ( 'NONE', *, *, #349, .T. ) ;
#2073 = CARTESIAN_POINT ( 'NONE',  ( -21.89999999999999503, -37.60000000000000853, 3.000000000000000000 ) ) ;
#2074 = FACE_OUTER_BOUND ( 'NONE', #2197, .T. ) ;
#2075 = ADVANCED_FACE ( 'NONE', ( #1358 ), #417, .F. ) ;
#2076 = ORIENTED_EDGE ( 'NONE', *, *, #943, .F. ) ;
#2077 = DIRECTION ( 'NONE',  ( 0.000000000000000000, -0.000000000000000000, -1.000000000000000000 ) ) ;
#2078 = ORIENTED_EDGE ( 'NONE', *, *, #2190, .T. ) ;
#2079 = VECTOR ( 'NONE', #2251, 1000.000000000000000 ) ;
#2080 = CARTESIAN_POINT ( 'NONE',  ( -21.65000000000000213, 20.50000000000000000, 3.000000000000000000 ) ) ;
#2081 = CARTESIAN_POINT ( 'NONE',  ( 23.89999999999999858, -37.60000000000000853, 0.000000000000000000 ) ) ;
#2082 = CIRCLE ( 'NONE', #1617, 2.000000000000001776 ) ;
#2083 = EDGE_LOOP ( 'NONE', ( #1645, #550, #679, #1947 ) ) ;
#2084 = DIRECTION ( 'NONE',  ( -1.000000000000000000, 0.000000000000000000, 0.000000000000000000 ) ) ;
#2085 = AXIS2_PLACEMENT_3D ( 'NONE', #727, #692, #1475 ) ;
#2086 = AXIS2_PLACEMENT_3D ( 'NONE', #1682, #1494, #2235 ) ;
#2087 = DIRECTION ( 'NONE',  ( 1.000000000000000000, 0.000000000000000000, 0.000000000000000000 ) ) ;
#2088 = VERTEX_POINT ( 'NONE', #1181 ) ;
#2089 = AXIS2_PLACEMENT_3D ( 'NONE', #1338, #1718, #1369 ) ;
#2090 = EDGE_CURVE ( 'NONE', #1537, #852, #1569, .T. ) ;
#2091 = CIRCLE ( 'NONE', #294, 1.449999999999999956 ) ;
#2092 = DIRECTION ( 'NONE',  ( -0.000000000000000000, -0.000000000000000000, 1.000000000000000000 ) ) ;
#2093 = VECTOR ( 'NONE', #1031, 1000.000000000000000 ) ;
#2094 = FACE_OUTER_BOUND ( 'NONE', #1073, .T. ) ;
#2095 = LINE ( 'NONE', #2081, #1042 ) ;
#2096 = ORIENTED_EDGE ( 'NONE', *, *, #413, .T. ) ;
#2097 = LINE ( 'NONE', #804, #1309 ) ;
#2098 = DIRECTION ( 'NONE',  ( -1.000000000000000000, 0.000000000000000000, 0.000000000000000000 ) ) ;
#2099 = ORIENTED_EDGE ( 'NONE', *, *, #1168, .T. ) ;
#2100 = PRODUCT_RELATED_PRODUCT_CATEGORY ( 'part', '', ( #1848 ) ) ;
#2101 = EDGE_CURVE ( 'NONE', #1693, #2088, #2095, .T. ) ;
#2102 = DIRECTION ( 'NONE',  ( -0.000000000000000000, -0.000000000000000000, 1.000000000000000000 ) ) ;
#2103 = DIRECTION ( 'NONE',  ( -8.761229676650540906E-17, 1.000000000000000000, 0.000000000000000000 ) ) ;
#2104 = ORIENTED_EDGE ( 'NONE', *, *, #1984, .F. ) ;
#2105 = EDGE_CURVE ( 'NONE', #921, #1895, #808, .T. ) ;
#2106 = DIRECTION ( 'NONE',  ( 1.000000000000000000, 0.000000000000000000, 0.000000000000000000 ) ) ;
#2107 = CARTESIAN_POINT ( 'NONE',  ( 18.89999999999999503, 20.50000000000000000, 4.000000000000000000 ) ) ;
#2108 = ORIENTED_EDGE ( 'NONE', *, *, #653, .F. ) ;
#2109 = CARTESIAN_POINT ( 'NONE',  ( -18.89999999999999858, 20.50000000000000355, -0.5000000000000000000 ) ) ;
#2110 = EDGE_CURVE ( 'NONE', #1786, #191, #969, .T. ) ;
#2111 = DIRECTION ( 'NONE',  ( -1.000000000000000000, 0.000000000000000000, 0.000000000000000000 ) ) ;
#2112 = AXIS2_PLACEMENT_3D ( 'NONE', #168, #346, #721 ) ;
#2113 = ORIENTED_EDGE ( 'NONE', *, *, #1243, .T. ) ;
#2114 = DIRECTION ( 'NONE',  ( -0.000000000000000000, -0.000000000000000000, 1.000000000000000000 ) ) ;
#2115 = AXIS2_PLACEMENT_3D ( 'NONE', #2022, #1869, #1074 ) ;
#2116 = CARTESIAN_POINT ( 'NONE',  ( -25.89999999999999858, 39.60000000000000142, 4.000000000000000000 ) ) ;
#2117 = ORIENTED_EDGE ( 'NONE', *, *, #790, .T. ) ;
#2118 = VERTEX_POINT ( 'NONE', #1192 ) ;
#2119 = AXIS2_PLACEMENT_3D ( 'NONE', #774, #1522, #757 ) ;
#2120 = VERTEX_POINT ( 'NONE', #457 ) ;
#2121 = AXIS2_PLACEMENT_3D ( 'NONE', #697, #876, #1310 ) ;
#2122 = APPLICATION_PROTOCOL_DEFINITION ( 'draft international standard', 'automotive_design', 1998, #624 ) ;
#2123 = CIRCLE ( 'NONE', #2324, 2.749999999999999112 ) ;
#2124 = DIRECTION ( 'NONE',  ( -1.000000000000000000, 0.000000000000000000, 0.000000000000000000 ) ) ;
#2125 = AXIS2_PLACEMENT_3D ( 'NONE', #822, #32, #779 ) ;
#2126 = DIRECTION ( 'NONE',  ( -0.000000000000000000, 0.000000000000000000, -1.000000000000000000 ) ) ;
#2127 = ORIENTED_EDGE ( 'NONE', *, *, #29, .F. ) ;
#2128 = EDGE_CURVE ( 'NONE', #2298, #318, #1630, .T. ) ;
#2129 = CARTESIAN_POINT ( 'NONE',  ( -18.89999999999999858, -7.499999999999995559, 2.000000000000000000 ) ) ;
#2130 = LINE ( 'NONE', #2331, #336 ) ;
#2131 = ORIENTED_EDGE ( 'NONE', *, *, #1921, .F. ) ;
#2132 = EDGE_CURVE ( 'NONE', #2371, #1804, #885, .T. ) ;
#2133 = DIRECTION ( 'NONE',  ( 0.000000000000000000, -0.000000000000000000, -1.000000000000000000 ) ) ;
#2134 = ORIENTED_EDGE ( 'NONE', *, *, #1694, .T. ) ;
#2135 = EDGE_CURVE ( 'NONE', #1054, #852, #220, .T. ) ;
#2136 = FACE_OUTER_BOUND ( 'NONE', #754, .T. ) ;
#2137 = CARTESIAN_POINT ( 'NONE',  ( 21.39999999999999858, 4.500000000000000000, 2.000000000000000000 ) ) ;
#2138 = EDGE_LOOP ( 'NONE', ( #1138, #1404, #1570, #823 ) ) ;
#2139 = CARTESIAN_POINT ( 'NONE',  ( -21.64999999999999147, -14.50000000000000000, 3.000000000000000000 ) ) ;
#2140 = LINE ( 'NONE', #644, #1545 ) ;
#2141 = EDGE_LOOP ( 'NONE', ( #597, #1691, #306, #1249 ) ) ;
#2142 = LINE ( 'NONE', #289, #2196 ) ;
#2143 = EDGE_CURVE ( 'NONE', #2334, #1202, #2255, .T. ) ;
#2144 = ORIENTED_EDGE ( 'NONE', *, *, #2001, .T. ) ;
#2145 = DIRECTION ( 'NONE',  ( -0.000000000000000000, 0.000000000000000000, -1.000000000000000000 ) ) ;
#2146 = CARTESIAN_POINT ( 'NONE',  ( -18.90000000000000568, -31.49999999999999289, 2.000000000000000000 ) ) ;
#2147 = CARTESIAN_POINT ( 'NONE',  ( 18.89999999999999858, -14.50000000000000000, 4.000000000000000000 ) ) ;
#2148 = ORIENTED_EDGE ( 'NONE', *, *, #841, .F. ) ;
#2149 = DIRECTION ( 'NONE',  ( 1.000000000000000000, 0.000000000000000000, 0.000000000000000000 ) ) ;
#2150 = CYLINDRICAL_SURFACE ( 'NONE', #2252, 3.499999999999999556 ) ;
#2151 = CONICAL_SURFACE ( 'NONE', #992, 2.749999999999999112, 0.7853981633974482790 ) ;
#2152 = DIRECTION ( 'NONE',  ( 0.000000000000000000, 0.000000000000000000, -1.000000000000000000 ) ) ;
#2153 = ORIENTED_EDGE ( 'NONE', *, *, #542, .F. ) ;
#2154 = DIRECTION ( 'NONE',  ( 0.000000000000000000, -1.000000000000000000, 0.000000000000000000 ) ) ;
#2155 = VECTOR ( 'NONE', #873, 1000.000000000000000 ) ;
#2156 = EDGE_LOOP ( 'NONE', ( #1916, #2131, #1219, #1341 ) ) ;
#2157 = ADVANCED_FACE ( 'NONE', ( #235 ), #71, .T. ) ;
#2158 = AXIS2_PLACEMENT_3D ( 'NONE', #936, #974, #2239 ) ;
#2159 = CARTESIAN_POINT ( 'NONE',  ( -21.39999999999999147, 32.50000000000000711, 2.000000000000000000 ) ) ;
#2160 = CIRCLE ( 'NONE', #419, 2.499999999999998668 ) ;
#2161 = CARTESIAN_POINT ( 'NONE',  ( -18.89999999999999858, 4.500000000000003553, 2.000000000000000000 ) ) ;
#2162 = AXIS2_PLACEMENT_3D ( 'NONE', #1466, #539, #2014 ) ;
#2163 = ORIENTED_EDGE ( 'NONE', *, *, #1005, .T. ) ;
#2164 = CIRCLE ( 'NONE', #1867, 3.499999999999999556 ) ;
#2165 = LINE ( 'NONE', #2139, #1419 ) ;
#2166 = CARTESIAN_POINT ( 'NONE',  ( 25.90000000000000568, -39.60000000000000142, 3.000000000000000000 ) ) ;
#2167 = FACE_OUTER_BOUND ( 'NONE', #1445, .T. ) ;
#2168 = VERTEX_POINT ( 'NONE', #1593 ) ;
#2169 = LINE ( 'NONE', #1026, #126 ) ;
#2170 = VECTOR ( 'NONE', #1240, 1000.000000000000000 ) ;
#2171 = EDGE_LOOP ( 'NONE', ( #2032, #311, #949, #1590 ) ) ;
#2172 = VERTEX_POINT ( 'NONE', #857 ) ;
#2173 = CARTESIAN_POINT ( 'NONE',  ( 18.89999999999999503, -14.50000000000000000, -0.5000000000000000000 ) ) ;
#2174 = EDGE_CURVE ( 'NONE', #1458, #1942, #1823, .T. ) ;
#2175 = FACE_BOUND ( 'NONE', #1374, .T. ) ;
#2176 = CARTESIAN_POINT ( 'NONE',  ( 18.89999999999999858, -7.500000000000000000, 2.000000000000000000 ) ) ;
#2177 = ADVANCED_FACE ( 'NONE', ( #297 ), #1228, .T. ) ;
#2178 = VERTEX_POINT ( 'NONE', #2365 ) ;
#2179 = CYLINDRICAL_SURFACE ( 'NONE', #1539, 2.499999999999998668 ) ;
#2180 = CARTESIAN_POINT ( 'NONE',  ( -18.90000000000000568, -31.49999999999999289, 0.000000000000000000 ) ) ;
#2181 = FACE_OUTER_BOUND ( 'NONE', #2063, .T. ) ;
#2182 = ORIENTED_EDGE ( 'NONE', *, *, #2312, .F. ) ;
#2183 = CARTESIAN_POINT ( 'NONE',  ( 21.64999999999999858, -14.50000000000000000, 4.000000000000000000 ) ) ;
#2184 = SURFACE_SIDE_STYLE ('',( #370 ) ) ;
#2185 = ORIENTED_EDGE ( 'NONE', *, *, #1751, .F. ) ;
#2186 = ORIENTED_EDGE ( 'NONE', *, *, #115, .T. ) ;
#2187 = DIRECTION ( 'NONE',  ( -0.000000000000000000, 0.000000000000000000, -1.000000000000000000 ) ) ;
#2188 = ORIENTED_EDGE ( 'NONE', *, *, #2090, .T. ) ;
#2189 = CARTESIAN_POINT ( 'NONE',  ( -21.39999999999999858, -7.499999999999995559, 2.000000000000000000 ) ) ;
#2190 = EDGE_CURVE ( 'NONE', #1014, #372, #2414, .T. ) ;
#2191 = DIRECTION ( 'NONE',  ( -1.000000000000000000, 0.000000000000000000, 0.000000000000000000 ) ) ;
#2192 = CARTESIAN_POINT ( 'NONE',  ( 25.89999999999999858, 37.60000000000000142, 4.000000000000000000 ) ) ;
#2193 = ORIENTED_EDGE ( 'NONE', *, *, #337, .T. ) ;
#2194 = LINE ( 'NONE', #2234, #1732 ) ;
#2195 = LINE ( 'NONE', #513, #838 ) ;
#2196 = VECTOR ( 'NONE', #274, 1000.000000000000000 ) ;
#2197 = EDGE_LOOP ( 'NONE', ( #1159, #328, #2186, #540 ) ) ;
#2198 = CIRCLE ( 'NONE', #208, 1.449999999999999956 ) ;
#2199 = AXIS2_PLACEMENT_3D ( 'NONE', #1534, #392, #1356 ) ;
#2200 = DIRECTION ( 'NONE',  ( 0.000000000000000000, 0.000000000000000000, -1.000000000000000000 ) ) ;
#2201 = ORIENTED_EDGE ( 'NONE', *, *, #1448, .T. ) ;
#2202 = FACE_OUTER_BOUND ( 'NONE', #1637, .T. ) ;
#2203 = CIRCLE ( 'NONE', #1191, 2.000000000000001776 ) ;
#2204 = DIRECTION ( 'NONE',  ( 1.000000000000000000, 0.000000000000000000, 0.000000000000000000 ) ) ;
#2205 = AXIS2_PLACEMENT_3D ( 'NONE', #559, #2219, #2204 ) ;
#2206 = FACE_OUTER_BOUND ( 'NONE', #712, .T. ) ;
#2207 = EDGE_CURVE ( 'NONE', #111, #318, #517, .T. ) ;
#2208 = ORIENTED_EDGE ( 'NONE', *, *, #13, .F. ) ;
#2209 = DIRECTION ( 'NONE',  ( -0.000000000000000000, -0.000000000000000000, -1.000000000000000000 ) ) ;
#2210 = AXIS2_PLACEMENT_3D ( 'NONE', #2216, #197, #1878 ) ;
#2211 =( LENGTH_UNIT ( ) NAMED_UNIT ( * ) SI_UNIT ( .MILLI., .METRE. ) );
#2212 = ADVANCED_FACE ( 'NONE', ( #1620 ), #495, .F. ) ;
#2213 = EDGE_LOOP ( 'NONE', ( #1065, #2153 ) ) ;
#2214 = ADVANCED_FACE ( 'NONE', ( #651 ), #1958, .T. ) ;
#2215 = FACE_OUTER_BOUND ( 'NONE', #123, .T. ) ;
#2216 = CARTESIAN_POINT ( 'NONE',  ( 18.89999999999999858, -21.50000000000000000, 2.000000000000000000 ) ) ;
#2217 = ORIENTED_EDGE ( 'NONE', *, *, #1556, .F. ) ;
#2218 = DIRECTION ( 'NONE',  ( -0.000000000000000000, -0.000000000000000000, 1.000000000000000000 ) ) ;
#2219 = DIRECTION ( 'NONE',  ( -0.000000000000000000, -0.000000000000000000, 1.000000000000000000 ) ) ;
#2220 = LINE ( 'NONE', #1104, #1933 ) ;
#2221 = ORIENTED_EDGE ( 'NONE', *, *, #2396, .F. ) ;
#2222 = CARTESIAN_POINT ( 'NONE',  ( 18.89999999999999858, -21.50000000000000000, 2.000000000000000000 ) ) ;
#2223 = PRODUCT_DEFINITION ( 'General', '', #1434, #916 ) ;
#2224 = DIRECTION ( 'NONE',  ( -1.000000000000000000, 0.000000000000000000, 0.000000000000000000 ) ) ;
#2225 = ORIENTED_EDGE ( 'NONE', *, *, #1502, .F. ) ;
#2226 = EDGE_CURVE ( 'NONE', #1859, #1537, #27, .T. ) ;
#2227 = DIRECTION ( 'NONE',  ( -1.000000000000000000, 0.000000000000000000, 0.000000000000000000 ) ) ;
#2228 = DIRECTION ( 'NONE',  ( -0.000000000000000000, -0.000000000000000000, 1.000000000000000000 ) ) ;
#2229 = ORIENTED_EDGE ( 'NONE', *, *, #440, .F. ) ;
#2230 = DIRECTION ( 'NONE',  ( -1.000000000000000000, 0.000000000000000000, 0.000000000000000000 ) ) ;
#2231 = FACE_OUTER_BOUND ( 'NONE', #287, .T. ) ;
#2232 = CARTESIAN_POINT ( 'NONE',  ( -23.89999999999999858, 37.60000000000000142, 4.000000000000000000 ) ) ;
#2233 = ORIENTED_EDGE ( 'NONE', *, *, #584, .T. ) ;
#2234 = CARTESIAN_POINT ( 'NONE',  ( 16.40000000000000213, -21.50000000000000000, 2.000000000000000000 ) ) ;
#2235 = DIRECTION ( 'NONE',  ( -1.000000000000000000, 0.000000000000000000, 0.000000000000000000 ) ) ;
#2236 = ORIENTED_EDGE ( 'NONE', *, *, #868, .T. ) ;
#2237 = AXIS2_PLACEMENT_3D ( 'NONE', #623, #991, #59 ) ;
#2238 = EDGE_CURVE ( 'NONE', #580, #2118, #1393, .T. ) ;
#2239 = DIRECTION ( 'NONE',  ( 1.000000000000000000, 0.000000000000000000, 0.000000000000000000 ) ) ;
#2240 = AXIS2_PLACEMENT_3D ( 'NONE', #1726, #34, #1345 ) ;
#2241 = DIRECTION ( 'NONE',  ( -0.000000000000000000, -0.000000000000000000, 1.000000000000000000 ) ) ;
#2242 = CIRCLE ( 'NONE', #1897, 2.499999999999998668 ) ;
#2243 = EDGE_LOOP ( 'NONE', ( #262, #22, #1399, #1481, #451, #54, #1147, #1414 ) ) ;
#2244 = PLANE ( 'NONE',  #2199 ) ;
#2245 = AXIS2_PLACEMENT_3D ( 'NONE', #1866, #785, #1695 ) ;
#2246 = DIRECTION ( 'NONE',  ( 1.000000000000000000, 0.000000000000000000, 0.000000000000000000 ) ) ;
#2247 = CARTESIAN_POINT ( 'NONE',  ( -18.90000000000000568, -21.49999999999999645, 2.000000000000000000 ) ) ;
#2248 = EDGE_LOOP ( 'NONE', ( #1974, #1505, #1339, #299 ) ) ;
#2249 = CONICAL_SURFACE ( 'NONE', #292, 2.749999999999999112, 0.7853981633974482790 ) ;
#2250 = EDGE_CURVE ( 'NONE', #246, #2178, #341, .T. ) ;
#2251 = DIRECTION ( 'NONE',  ( -0.000000000000000000, -0.000000000000000000, 1.000000000000000000 ) ) ;
#2252 = AXIS2_PLACEMENT_3D ( 'NONE', #1231, #1792, #1036 ) ;
#2253 = CARTESIAN_POINT ( 'NONE',  ( 23.89999999999999147, -39.60000000000000142, 4.000000000000000000 ) ) ;
#2254 = EDGE_LOOP ( 'NONE', ( #1815, #1182, #1193, #486 ) ) ;
#2255 = CIRCLE ( 'NONE', #615, 3.499999999999999556 ) ;
#2256 = AXIS2_PLACEMENT_3D ( 'NONE', #277, #79, #491 ) ;
#2257 = CYLINDRICAL_SURFACE ( 'NONE', #1353, 2.499999999999998668 ) ;
#2258 = CARTESIAN_POINT ( 'NONE',  ( 18.89999999999999503, 20.50000000000000000, 4.000000000000000000 ) ) ;
#2259 = ORIENTED_EDGE ( 'NONE', *, *, #584, .F. ) ;
#2260 = DIRECTION ( 'NONE',  ( -0.000000000000000000, -0.000000000000000000, 1.000000000000000000 ) ) ;
#2261 = ADVANCED_FACE ( 'NONE', ( #1775 ), #703, .T. ) ;
#2262 = CARTESIAN_POINT ( 'NONE',  ( 20.35000000000000142, -14.50000000000000000, 4.000000000000000000 ) ) ;
#2263 = DIRECTION ( 'NONE',  ( -0.000000000000000000, 0.000000000000000000, -1.000000000000000000 ) ) ;
#2264 = VERTEX_POINT ( 'NONE', #2337 ) ;
#2265 = DIRECTION ( 'NONE',  ( -0.000000000000000000, -0.000000000000000000, 1.000000000000000000 ) ) ;
#2266 = DIRECTION ( 'NONE',  ( 0.000000000000000000, -0.000000000000000000, 1.000000000000000000 ) ) ;
#2267 = VERTEX_POINT ( 'NONE', #833 ) ;
#2268 = DIRECTION ( 'NONE',  ( 1.000000000000000000, 0.000000000000000000, 0.000000000000000000 ) ) ;
#2269 = VERTEX_POINT ( 'NONE', #1996 ) ;
#2270 = DIRECTION ( 'NONE',  ( -1.000000000000000000, 0.000000000000000000, 0.000000000000000000 ) ) ;
#2271 = LINE ( 'NONE', #1745, #383 ) ;
#2272 = CARTESIAN_POINT ( 'NONE',  ( 18.89999999999999858, -14.50000000000000000, 3.000000000000000000 ) ) ;
#2273 = ORIENTED_EDGE ( 'NONE', *, *, #148, .T. ) ;
#2274 = EDGE_CURVE ( 'NONE', #1859, #1054, #1582, .T. ) ;
#2275 = DIRECTION ( 'NONE',  ( -0.000000000000000000, 0.000000000000000000, -1.000000000000000000 ) ) ;
#2276 = CYLINDRICAL_SURFACE ( 'NONE', #923, 2.499999999999998668 ) ;
#2277 = ORIENTED_EDGE ( 'NONE', *, *, #425, .T. ) ;
#2278 = CARTESIAN_POINT ( 'NONE',  ( 23.89999999999999858, 35.60000000000000142, 3.000000000000000000 ) ) ;
#2279 = AXIS2_PLACEMENT_3D ( 'NONE', #1093, #2384, #144 ) ;
#2280 = CYLINDRICAL_SURFACE ( 'NONE', #1812, 2.499999999999998668 ) ;
#2281 = CARTESIAN_POINT ( 'NONE',  ( 18.89999999999999858, 32.50000000000000000, 0.000000000000000000 ) ) ;
#2282 = VERTEX_POINT ( 'NONE', #1071 ) ;
#2283 = CARTESIAN_POINT ( 'NONE',  ( 18.89999999999999503, 20.50000000000000000, 1.700000000000001066 ) ) ;
#2284 = VECTOR ( 'NONE', #51, 1000.000000000000000 ) ;
#2285 = AXIS2_PLACEMENT_3D ( 'NONE', #747, #1644, #145 ) ;
#2286 = DIRECTION ( 'NONE',  ( -1.000000000000000000, 0.000000000000000000, 0.000000000000000000 ) ) ;
#2287 = ORIENTED_EDGE ( 'NONE', *, *, #1913, .F. ) ;
#2288 = AXIS2_PLACEMENT_3D ( 'NONE', #599, #66, #203 ) ;
#2289 = EDGE_CURVE ( 'NONE', #1132, #231, #887, .T. ) ;
#2290 = CIRCLE ( 'NONE', #1707, 1.449999999999999956 ) ;
#2291 = CARTESIAN_POINT ( 'NONE',  ( -18.89999999999999503, -14.50000000000000000, 0.000000000000000000 ) ) ;
#2292 = AXIS2_PLACEMENT_3D ( 'NONE', #1799, #110, #1021 ) ;
#2293 = EDGE_CURVE ( 'NONE', #159, #1564, #2327, .T. ) ;
#2294 = DIRECTION ( 'NONE',  ( 0.000000000000000000, 0.000000000000000000, -1.000000000000000000 ) ) ;
#2295 = ORIENTED_EDGE ( 'NONE', *, *, #906, .F. ) ;
#2296 = FACE_OUTER_BOUND ( 'NONE', #2141, .T. ) ;
#2297 = CYLINDRICAL_SURFACE ( 'NONE', #136, 2.749999999999999112 ) ;
#2298 = VERTEX_POINT ( 'NONE', #351 ) ;
#2299 = EDGE_CURVE ( 'NONE', #2120, #1088, #844, .T. ) ;
#2300 = ORIENTED_EDGE ( 'NONE', *, *, #868, .F. ) ;
#2301 = CARTESIAN_POINT ( 'NONE',  ( 21.39999999999999858, 32.50000000000000000, 0.000000000000000000 ) ) ;
#2302 = DIRECTION ( 'NONE',  ( -0.000000000000000000, 0.000000000000000000, -1.000000000000000000 ) ) ;
#2303 = ORIENTED_EDGE ( 'NONE', *, *, #68, .T. ) ;
#2304 = DIRECTION ( 'NONE',  ( -0.000000000000000000, -0.000000000000000000, 1.000000000000000000 ) ) ;
#2305 = CARTESIAN_POINT ( 'NONE',  ( 17.44999999999999929, -14.50000000000000000, -0.5000000000000004441 ) ) ;
#2306 = ORIENTED_EDGE ( 'NONE', *, *, #749, .T. ) ;
#2307 = EDGE_LOOP ( 'NONE', ( #1326, #2221, #1092, #1499 ) ) ;
#2308 = ORIENTED_EDGE ( 'NONE', *, *, #47, .T. ) ;
#2309 = EDGE_CURVE ( 'NONE', #1043, #2298, #161, .T. ) ;
#2310 = DIRECTION ( 'NONE',  ( 0.7071067811865474617, 0.000000000000000000, 0.7071067811865474617 ) ) ;
#2311 = DIRECTION ( 'NONE',  ( -0.000000000000000000, -0.000000000000000000, 1.000000000000000000 ) ) ;
#2312 = EDGE_CURVE ( 'NONE', #389, #1583, #1124, .T. ) ;
#2313 = ORIENTED_EDGE ( 'NONE', *, *, #1248, .T. ) ;
#2314 = CARTESIAN_POINT ( 'NONE',  ( 21.64999999999999858, -14.50000000000000000, 4.000000000000000000 ) ) ;
#2315 = AXIS2_PLACEMENT_3D ( 'NONE', #2283, #2304, #782 ) ;
#2316 = DIRECTION ( 'NONE',  ( -0.000000000000000000, -0.000000000000000000, 1.000000000000000000 ) ) ;
#2317 = EDGE_CURVE ( 'NONE', #1840, #345, #926, .T. ) ;
#2318 = ORIENTED_EDGE ( 'NONE', *, *, #1063, .T. ) ;
#2319 = AXIS2_PLACEMENT_3D ( 'NONE', #1592, #1227, #1972 ) ;
#2320 = DIRECTION ( 'NONE',  ( 0.000000000000000000, 0.000000000000000000, -1.000000000000000000 ) ) ;
#2321 = AXIS2_PLACEMENT_3D ( 'NONE', #1864, #1846, #170 ) ;
#2322 = ORIENTED_EDGE ( 'NONE', *, *, #896, .T. ) ;
#2323 = VECTOR ( 'NONE', #1765, 1000.000000000000000 ) ;
#2324 = AXIS2_PLACEMENT_3D ( 'NONE', #1246, #125, #141 ) ;
#2325 = DIRECTION ( 'NONE',  ( -0.000000000000000000, -0.000000000000000000, -1.000000000000000000 ) ) ;
#2326 = CIRCLE ( 'NONE', #536, 2.000000000000001776 ) ;
#2327 = LINE ( 'NONE', #1828, #1431 ) ;
#2328 = ORIENTED_EDGE ( 'NONE', *, *, #1803, .T. ) ;
#2329 = LINE ( 'NONE', #1975, #1349 ) ;
#2330 = EDGE_CURVE ( 'NONE', #1053, #733, #1696, .T. ) ;
#2331 = CARTESIAN_POINT ( 'NONE',  ( -21.65000000000000213, 20.50000000000000000, 3.000000000000000000 ) ) ;
#2332 = ORIENTED_EDGE ( 'NONE', *, *, #68, .F. ) ;
#2333 = DIRECTION ( 'NONE',  ( -0.000000000000000000, -0.000000000000000000, -1.000000000000000000 ) ) ;
#2334 = VERTEX_POINT ( 'NONE', #1294 ) ;
#2335 = CYLINDRICAL_SURFACE ( 'NONE', #2256, 2.749999999999999112 ) ;
#2336 = DIRECTION ( 'NONE',  ( 0.000000000000000000, 0.000000000000000000, -1.000000000000000000 ) ) ;
#2337 = CARTESIAN_POINT ( 'NONE',  ( 21.64999999999999858, -14.50000000000000000, 3.000000000000000000 ) ) ;
#2338 = VERTEX_POINT ( 'NONE', #2403 ) ;
#2339 = FACE_BOUND ( 'NONE', #652, .T. ) ;
#2340 = DIRECTION ( 'NONE',  ( 1.000000000000000000, 0.000000000000000000, 0.000000000000000000 ) ) ;
#2341 = CARTESIAN_POINT ( 'NONE',  ( -16.40000000000000213, 4.500000000000003553, 2.000000000000000000 ) ) ;
#2342 = ADVANCED_FACE ( 'NONE', ( #362 ), #740, .F. ) ;
#2343 = ORIENTED_EDGE ( 'NONE', *, *, #1694, .F. ) ;
#2344 = DIRECTION ( 'NONE',  ( 1.000000000000000000, 0.000000000000000000, 0.000000000000000000 ) ) ;
#2345 = ORIENTED_EDGE ( 'NONE', *, *, #2132, .F. ) ;
#2346 = CARTESIAN_POINT ( 'NONE',  ( 18.89999999999999858, 32.50000000000000000, 2.000000000000000000 ) ) ;
#2347 = EDGE_LOOP ( 'NONE', ( #673, #854, #1432, #151 ) ) ;
#2348 = CYLINDRICAL_SURFACE ( 'NONE', #1966, 1.449999999999999956 ) ;
#2349 = DIRECTION ( 'NONE',  ( -0.000000000000000000, -0.000000000000000000, 1.000000000000000000 ) ) ;
#2350 = AXIS2_PLACEMENT_3D ( 'NONE', #43, #971, #1183 ) ;
#2351 = DIRECTION ( 'NONE',  ( -0.000000000000000000, 0.000000000000000000, 1.000000000000000000 ) ) ;
#2352 = ORIENTED_EDGE ( 'NONE', *, *, #1371, .T. ) ;
#2353 = FACE_OUTER_BOUND ( 'NONE', #976, .T. ) ;
#2354 = VECTOR ( 'NONE', #1101, 1000.000000000000000 ) ;
#2355 = AXIS2_PLACEMENT_3D ( 'NONE', #2146, #443, #1190 ) ;
#2356 = ORIENTED_EDGE ( 'NONE', *, *, #425, .F. ) ;
#2357 = VECTOR ( 'NONE', #1686, 1000.000000000000000 ) ;
#2358 = ORIENTED_EDGE ( 'NONE', *, *, #958, .T. ) ;
#2359 = EDGE_CURVE ( 'NONE', #1943, #880, #1647, .T. ) ;
#2360 = DIRECTION ( 'NONE',  ( 0.000000000000000000, 0.000000000000000000, 1.000000000000000000 ) ) ;
#2361 = CIRCLE ( 'NONE', #569, 2.000000000000001776 ) ;
#2362 = FACE_BOUND ( 'NONE', #240, .T. ) ;
#2363 = CIRCLE ( 'NONE', #967, 2.499999999999998668 ) ;
#2364 = EDGE_CURVE ( 'NONE', #1266, #709, #184, .T. ) ;
#2365 = CARTESIAN_POINT ( 'NONE',  ( -17.45000000000000284, 20.50000000000000000, -0.5000000000000004441 ) ) ;
#2366 = VERTEX_POINT ( 'NONE', #94 ) ;
#2367 = CIRCLE ( 'NONE', #1474, 2.000000000000001776 ) ;
#2368 = DIRECTION ( 'NONE',  ( 0.000000000000000000, -0.000000000000000000, -1.000000000000000000 ) ) ;
#2369 = CARTESIAN_POINT ( 'NONE',  ( 23.89999999999999147, -39.60000000000000142, 3.000000000000000000 ) ) ;
#2370 = DIRECTION ( 'NONE',  ( -0.000000000000000000, -0.000000000000000000, 1.000000000000000000 ) ) ;
#2371 = VERTEX_POINT ( 'NONE', #674 ) ;
#2372 = DIRECTION ( 'NONE',  ( -1.000000000000000000, 0.000000000000000000, 0.000000000000000000 ) ) ;
#2373 = ORIENTED_EDGE ( 'NONE', *, *, #228, .F. ) ;
#2374 = VERTEX_POINT ( 'NONE', #2159 ) ;
#2375 = DIRECTION ( 'NONE',  ( 0.000000000000000000, 0.000000000000000000, -1.000000000000000000 ) ) ;
#2376 = ADVANCED_FACE ( 'NONE', ( #1955 ), #2335, .F. ) ;
#2377 = CARTESIAN_POINT ( 'NONE',  ( -18.89999999999999858, -7.499999999999995559, 2.000000000000000000 ) ) ;
#2378 = DIRECTION ( 'NONE',  ( 1.000000000000000000, -0.000000000000000000, -0.000000000000000000 ) ) ;
#2379 = ORIENTED_EDGE ( 'NONE', *, *, #1581, .F. ) ;
#2380 = DIRECTION ( 'NONE',  ( -0.000000000000000000, -0.000000000000000000, -1.000000000000000000 ) ) ;
#2381 = CARTESIAN_POINT ( 'NONE',  ( 18.89999999999999503, 20.50000000000000000, -0.5000000000000004441 ) ) ;
#2382 = CARTESIAN_POINT ( 'NONE',  ( 21.39999999999999858, 32.50000000000000000, 2.000000000000000000 ) ) ;
#2383 = ORIENTED_EDGE ( 'NONE', *, *, #2067, .T. ) ;
#2384 = DIRECTION ( 'NONE',  ( -0.000000000000000000, -0.000000000000000000, 1.000000000000000000 ) ) ;
#2385 = SURFACE_STYLE_USAGE ( .BOTH. , #2184 ) ;
#2386 = ORIENTED_EDGE ( 'NONE', *, *, #911, .T. ) ;
#2387 = DIRECTION ( 'NONE',  ( 0.000000000000000000, 0.000000000000000000, -1.000000000000000000 ) ) ;
#2388 = EDGE_CURVE ( 'NONE', #1959, #694, #2164, .T. ) ;
#2389 = ORIENTED_EDGE ( 'NONE', *, *, #449, .F. ) ;
#2390 = DIRECTION ( 'NONE',  ( -0.000000000000000000, -0.000000000000000000, -1.000000000000000000 ) ) ;
#2391 = EDGE_CURVE ( 'NONE', #186, #1266, #867, .T. ) ;
#2392 = PLANE ( 'NONE',  #380 ) ;
#2393 = CARTESIAN_POINT ( 'NONE',  ( -18.89999999999999503, -14.50000000000000000, -0.5000000000000000000 ) ) ;
#2394 = ORIENTED_EDGE ( 'NONE', *, *, #1771, .F. ) ;
#2395 = DIRECTION ( 'NONE',  ( -0.000000000000000000, -0.000000000000000000, -1.000000000000000000 ) ) ;
#2396 = EDGE_CURVE ( 'NONE', #694, #1959, #1476, .T. ) ;
#2397 = DIRECTION ( 'NONE',  ( 0.7071067811865474617, 0.000000000000000000, 0.7071067811865474617 ) ) ;
#2398 = CLOSED_SHELL ( 'NONE', ( #1136, #862, #1483, #333, #162, #1173, #1971, #1708, #696, #716, #2376, #1837, #600, #1469, #2212, #770, #1096, #1711, #1457, #1992, #591, #1613, #637, #2261, #276, #1811, #1603, #1144, #2075, #1352, #661, #554, #473, #1926, #1200, #1028, #993, #1047, #1020, #2177, #1364, #2157, #830, #1443, #1632, #1954, #625, #1355, #131, #409, #1734, #327, #1452, #1782, #948, #178, #1170, #1776, #775, #2342, #77, #1541, #1716, #1595, #1941, #918, #850, #1377, #1303, #70, #2214, #247, #80, #298, #616, #1648, #360, #1957, #1112, #1418, #2017, #809, #764, #1514, #588 ) ) ;
#2399 = ORIENTED_EDGE ( 'NONE', *, *, #1223, .T. ) ;
#2400 = VECTOR ( 'NONE', #2114, 1000.000000000000000 ) ;
#2401 = AXIS2_PLACEMENT_3D ( 'NONE', #2377, #2187, #1293 ) ;
#2402 = PLANE ( 'NONE',  #2085 ) ;
#2403 = CARTESIAN_POINT ( 'NONE',  ( -21.40000000000000568, -21.49999999999999645, 0.000000000000000000 ) ) ;
#2404 = AXIS2_PLACEMENT_3D ( 'NONE', #2003, #1824, #1153 ) ;
#2405 = ORIENTED_EDGE ( 'NONE', *, *, #653, .T. ) ;
#2406 = DIRECTION ( 'NONE',  ( 0.000000000000000000, -0.000000000000000000, -1.000000000000000000 ) ) ;
#2407 = AXIS2_PLACEMENT_3D ( 'NONE', #1402, #2316, #87 ) ;
#2408 = DIRECTION ( 'NONE',  ( -0.000000000000000000, -0.000000000000000000, 1.000000000000000000 ) ) ;
#2409 = AXIS2_PLACEMENT_3D ( 'NONE', #1870, #365, #1857 ) ;
#2410 = DIRECTION ( 'NONE',  ( -1.000000000000000000, -0.000000000000000000, -0.000000000000000000 ) ) ;
#2411 = ORIENTED_EDGE ( 'NONE', *, *, #1984, .T. ) ;
#2412 = EDGE_CURVE ( 'NONE', #866, #506, #1007, .T. ) ;
#2413 = DIRECTION ( 'NONE',  ( -0.000000000000000000, -0.000000000000000000, -1.000000000000000000 ) ) ;
#2414 = CIRCLE ( 'NONE', #729, 2.499999999999998668 ) ;
#2415 = LINE ( 'NONE', #1134, #1035 ) ;
#2416 = ORIENTED_EDGE ( 'NONE', *, *, #1448, .F. ) ;
#2417 = FACE_BOUND ( 'NONE', #2027, .T. ) ;
#2418 = ORIENTED_EDGE ( 'NONE', *, *, #1195, .F. ) ;
#2419 = FACE_OUTER_BOUND ( 'NONE', #92, .T. ) ;
#2420 = DIRECTION ( 'NONE',  ( 1.000000000000000000, 0.000000000000000000, 0.000000000000000000 ) ) ;
#2421 = DIRECTION ( 'NONE',  ( -0.000000000000000000, -0.000000000000000000, 1.000000000000000000 ) ) ;
#2422 = ORIENTED_EDGE ( 'NONE', *, *, #1751, .T. ) ;
#2423 = DIRECTION ( 'NONE',  ( 1.000000000000000000, 0.000000000000000000, 0.000000000000000000 ) ) ;
#2424 = EDGE_CURVE ( 'NONE', #2269, #1967, #1810, .T. ) ;
#2425 = LINE ( 'NONE', #903, #175 ) ;
ENDSEC;
END-ISO-10303-21;
