ISO-10303-21;
HEADER;
FILE_DESCRIPTION (( 'STEP AP214' ),
    '1' );
FILE_NAME ('Top Tray.STEP',
    '2026-01-09T12:25:53',
    ( '' ),
    ( '' ),
    'SwSTEP 2.0',
    'SolidWorks 2024',
    '' );
FILE_SCHEMA (( 'AUTOMOTIVE_DESIGN' ));
ENDSEC;

DATA;
#1 = EDGE_LOOP ( 'NONE', ( #3844, #3081, #776, #951 ) ) ;
#2 = VECTOR ( 'NONE', #2143, 1000.000000000000000 ) ;
#3 = FACE_OUTER_BOUND ( 'NONE', #1931, .T. ) ;
#4 = CARTESIAN_POINT ( 'NONE',  ( 39.50000000000000000, 0.000000000000000000, -37.00000000000000000 ) ) ;
#5 = VECTOR ( 'NONE', #1883, 1000.000000000000000 ) ;
#6 = FACE_OUTER_BOUND ( 'NONE', #2980, .T. ) ;
#7 = ORIENTED_EDGE ( 'NONE', *, *, #3460, .F. ) ;
#8 = EDGE_CURVE ( 'NONE', #2193, #354, #386, .T. ) ;
#9 = CARTESIAN_POINT ( 'NONE',  ( 44.49999999999998579, -31.00000000000000000, -44.50000000000001421 ) ) ;
#10 = EDGE_CURVE ( 'NONE', #2121, #2898, #3334, .T. ) ;
#11 = CARTESIAN_POINT ( 'NONE',  ( -21.99999999999999645, -16.39999999999999858, -46.50000000000001421 ) ) ;
#12 = ORIENTED_EDGE ( 'NONE', *, *, #718, .T. ) ;
#13 = DIRECTION ( 'NONE',  ( 0.000000000000000000, 0.000000000000000000, -1.000000000000000000 ) ) ;
#14 = AXIS2_PLACEMENT_3D ( 'NONE', #2761, #4595, #1205 ) ;
#15 = ORIENTED_EDGE ( 'NONE', *, *, #102, .F. ) ;
#16 = CARTESIAN_POINT ( 'NONE',  ( 39.99999999999999289, 0.000000000000000000, 43.50000000000000000 ) ) ;
#17 = ADVANCED_FACE ( 'NONE', ( #315 ), #4071, .T. ) ;
#18 = CARTESIAN_POINT ( 'NONE',  ( 39.50000000000000000, -16.00000000000000000, 0.000000000000000000 ) ) ;
#19 = EDGE_LOOP ( 'NONE', ( #1578, #1821, #3709, #3535 ) ) ;
#20 = CARTESIAN_POINT ( 'NONE',  ( -46.50000000000002132, -31.00000000000000000, -44.50000000000001421 ) ) ;
#21 = EDGE_LOOP ( 'NONE', ( #1478, #3421, #509, #4879 ) ) ;
#22 = CARTESIAN_POINT ( 'NONE',  ( -44.50000000000000000, 0.000000000000000000, 46.69999999999998153 ) ) ;
#23 = DIRECTION ( 'NONE',  ( 0.000000000000000000, -0.000000000000000000, 1.000000000000000000 ) ) ;
#24 = EDGE_LOOP ( 'NONE', ( #1326, #2616, #546, #924 ) ) ;
#25 = AXIS2_PLACEMENT_3D ( 'NONE', #1363, #4354, #278 ) ;
#26 = CYLINDRICAL_SURFACE ( 'NONE', #3317, 1.000000000000000888 ) ;
#27 = SURFACE_STYLE_FILL_AREA ( #3419 ) ;
#28 = CIRCLE ( 'NONE', #4610, 2.200000000000000622 ) ;
#29 = DIRECTION ( 'NONE',  ( 0.000000000000000000, 0.000000000000000000, 1.000000000000000000 ) ) ;
#30 = EDGE_LOOP ( 'NONE', ( #3316, #3059 ) ) ;
#31 = DIRECTION ( 'NONE',  ( 1.000000000000000000, -0.000000000000000000, 1.559302000878028960E-16 ) ) ;
#32 = LINE ( 'NONE', #3425, #474 ) ;
#33 = DIRECTION ( 'NONE',  ( 0.000000000000000000, -1.000000000000000000, 0.000000000000000000 ) ) ;
#34 = ORIENTED_EDGE ( 'NONE', *, *, #4686, .F. ) ;
#35 = DIRECTION ( 'NONE',  ( 0.000000000000000000, 0.000000000000000000, 1.000000000000000000 ) ) ;
#36 = EDGE_CURVE ( 'NONE', #1347, #4682, #2592, .T. ) ;
#37 = ORIENTED_EDGE ( 'NONE', *, *, #1893, .F. ) ;
#38 = DIRECTION ( 'NONE',  ( 0.000000000000000000, -1.000000000000000000, 0.000000000000000000 ) ) ;
#39 = CARTESIAN_POINT ( 'NONE',  ( 34.99999999999999289, -16.00000000000000000, -41.49999999999999289 ) ) ;
#40 = APPLICATION_CONTEXT ( 'automotive_design' ) ;
#41 = ORIENTED_EDGE ( 'NONE', *, *, #2733, .T. ) ;
#42 = CYLINDRICAL_SURFACE ( 'NONE', #4745, 1.050000000000002265 ) ;
#43 = EDGE_CURVE ( 'NONE', #1888, #1681, #2225, .T. ) ;
#44 = EDGE_LOOP ( 'NONE', ( #2092, #391, #4863, #1967, #1215, #2369, #2707, #4233 ) ) ;
#45 = ADVANCED_FACE ( 'NONE', ( #1527 ), #1794, .F. ) ;
#46 = DIRECTION ( 'NONE',  ( 0.000000000000000000, 1.000000000000000000, -0.000000000000000000 ) ) ;
#47 = CARTESIAN_POINT ( 'NONE',  ( -43.49999999999999289, 0.000000000000000000, -39.99999999999999289 ) ) ;
#48 = EDGE_CURVE ( 'NONE', #3520, #2145, #1473, .T. ) ;
#49 = ORIENTED_EDGE ( 'NONE', *, *, #1723, .T. ) ;
#50 = CARTESIAN_POINT ( 'NONE',  ( -37.00000000000000711, -16.00000000000000000, 41.49999999999998579 ) ) ;
#51 = CYLINDRICAL_SURFACE ( 'NONE', #4191, 2.200000000000007283 ) ;
#52 = DIRECTION ( 'NONE',  ( 1.000000000000000000, -0.000000000000000000, 1.460819769243627131E-16 ) ) ;
#53 = ORIENTED_EDGE ( 'NONE', *, *, #3547, .T. ) ;
#54 = DIRECTION ( 'NONE',  ( 0.000000000000000000, 0.000000000000000000, -1.000000000000000000 ) ) ;
#55 = AXIS2_PLACEMENT_3D ( 'NONE', #620, #3240, #191 ) ;
#56 = CARTESIAN_POINT ( 'NONE',  ( 37.00000000000000000, 0.000000000000000000, -43.50000000000000000 ) ) ;
#57 = ORIENTED_EDGE ( 'NONE', *, *, #48, .F. ) ;
#58 = DIRECTION ( 'NONE',  ( 0.000000000000000000, -1.000000000000000000, 0.000000000000000000 ) ) ;
#59 = ORIENTED_EDGE ( 'NONE', *, *, #4889, .T. ) ;
#60 = LINE ( 'NONE', #502, #929 ) ;
#61 = CIRCLE ( 'NONE', #2509, 3.000000000000002665 ) ;
#62 = CARTESIAN_POINT ( 'NONE',  ( 37.00000000000000000, 0.000000000000000000, -37.00000000000000000 ) ) ;
#63 = CIRCLE ( 'NONE', #4484, 2.000000000000000000 ) ;
#64 = VERTEX_POINT ( 'NONE', #4513 ) ;
#65 = CARTESIAN_POINT ( 'NONE',  ( -43.50000000000000000, -16.00000000000000000, 43.50000000000000000 ) ) ;
#66 = ORIENTED_EDGE ( 'NONE', *, *, #3529, .T. ) ;
#67 = VECTOR ( 'NONE', #3795, 1000.000000000000000 ) ;
#68 = AXIS2_PLACEMENT_3D ( 'NONE', #4423, #1833, #23 ) ;
#69 = EDGE_CURVE ( 'NONE', #357, #2531, #4640, .T. ) ;
#70 = PLANE ( 'NONE',  #4254 ) ;
#71 = CARTESIAN_POINT ( 'NONE',  ( 37.00000000000000000, 0.000000000000000000, -43.50000000000000000 ) ) ;
#72 = AXIS2_PLACEMENT_3D ( 'NONE', #800, #2005, #1190 ) ;
#73 = VERTEX_POINT ( 'NONE', #16 ) ;
#74 = EDGE_CURVE ( 'NONE', #4659, #1491, #1125, .T. ) ;
#75 = CARTESIAN_POINT ( 'NONE',  ( -25.99999999999999645, -16.39999999999999858, -47.50000000000001421 ) ) ;
#76 = AXIS2_PLACEMENT_3D ( 'NONE', #2349, #1933, #4679 ) ;
#77 =( NAMED_UNIT ( * ) SI_UNIT ( $, .STERADIAN. ) SOLID_ANGLE_UNIT ( ) );
#78 = ORIENTED_EDGE ( 'NONE', *, *, #3097, .T. ) ;
#79 = CIRCLE ( 'NONE', #3086, 2.200000000000000622 ) ;
#80 = CARTESIAN_POINT ( 'NONE',  ( 37.00000000000000000, -16.00000000000000000, 37.00000000000000711 ) ) ;
#81 =( GEOMETRIC_REPRESENTATION_CONTEXT ( 3 ) GLOBAL_UNCERTAINTY_ASSIGNED_CONTEXT ( ( #1950 ) ) GLOBAL_UNIT_ASSIGNED_CONTEXT ( ( #2212, #1985, #77 ) ) REPRESENTATION_CONTEXT ( 'NONE', 'WORKASPACE' ) );
#82 = CARTESIAN_POINT ( 'NONE',  ( -44.50000000000000000, 0.000000000000000000, 46.69999999999998153 ) ) ;
#83 = ORIENTED_EDGE ( 'NONE', *, *, #100, .F. ) ;
#84 = LINE ( 'NONE', #1596, #2560 ) ;
#85 = EDGE_LOOP ( 'NONE', ( #2158, #892, #1722, #2076, #3688, #2183, #3427 ) ) ;
#86 = CYLINDRICAL_SURFACE ( 'NONE', #1962, 1.000000000000000888 ) ;
#87 = AXIS2_PLACEMENT_3D ( 'NONE', #2816, #4774, #589 ) ;
#88 = CARTESIAN_POINT ( 'NONE',  ( -46.70000000000000284, 1.000000000000000000, -44.50000000000001421 ) ) ;
#89 = AXIS2_PLACEMENT_3D ( 'NONE', #3256, #3991, #3655 ) ;
#90 = VERTEX_POINT ( 'NONE', #2249 ) ;
#91 = DIRECTION ( 'NONE',  ( 1.000000000000000000, 0.000000000000000000, -0.000000000000000000 ) ) ;
#92 = VERTEX_POINT ( 'NONE', #3750 ) ;
#93 = FACE_BOUND ( 'NONE', #3873, .T. ) ;
#94 = CYLINDRICAL_SURFACE ( 'NONE', #2120, 3.000000000000002665 ) ;
#95 = ORIENTED_EDGE ( 'NONE', *, *, #3989, .F. ) ;
#96 = EDGE_CURVE ( 'NONE', #92, #3361, #2684, .T. ) ;
#97 = EDGE_CURVE ( 'NONE', #344, #4791, #2830, .T. ) ;
#98 = CARTESIAN_POINT ( 'NONE',  ( 47.30000000000000426, -4.000000000000000000, 34.99999999999999289 ) ) ;
#99 = DIRECTION ( 'NONE',  ( -1.000000000000000000, 0.000000000000000000, -2.011273595335428819E-16 ) ) ;
#100 = EDGE_CURVE ( 'NONE', #4209, #2201, #3376, .T. ) ;
#101 = ORIENTED_EDGE ( 'NONE', *, *, #1217, .F. ) ;
#102 = EDGE_CURVE ( 'NONE', #2779, #3236, #2176, .T. ) ;
#103 = AXIS2_PLACEMENT_3D ( 'NONE', #4040, #652, #3189 ) ;
#104 = DIRECTION ( 'NONE',  ( 0.000000000000000000, 0.000000000000000000, 1.000000000000000000 ) ) ;
#105 = CARTESIAN_POINT ( 'NONE',  ( 34.99999999999999289, -23.30000000000000071, -43.50000000000000000 ) ) ;
#106 = DIRECTION ( 'NONE',  ( 1.000000000000000000, -0.000000000000000000, -1.460819769243627377E-16 ) ) ;
#107 = AXIS2_PLACEMENT_3D ( 'NONE', #2192, #4088, #1469 ) ;
#108 = VERTEX_POINT ( 'NONE', #4894 ) ;
#109 = DIRECTION ( 'NONE',  ( 0.000000000000000000, 1.000000000000000000, 0.000000000000000000 ) ) ;
#110 = CARTESIAN_POINT ( 'NONE',  ( 44.49999999999998579, 0.000000000000000000, -46.70000000000000995 ) ) ;
#111 = DIRECTION ( 'NONE',  ( 0.000000000000000000, -1.000000000000000000, 0.000000000000000000 ) ) ;
#112 = ORIENTED_EDGE ( 'NONE', *, *, #3003, .T. ) ;
#113 = DIRECTION ( 'NONE',  ( -2.115516434118057955E-16, 1.000000000000000000, 0.000000000000000000 ) ) ;
#114 = ORIENTED_EDGE ( 'NONE', *, *, #1755, .T. ) ;
#115 = DIRECTION ( 'NONE',  ( 1.000000000000000000, -0.000000000000000000, 1.460819769243627131E-16 ) ) ;
#116 = ORIENTED_EDGE ( 'NONE', *, *, #3694, .T. ) ;
#117 = CARTESIAN_POINT ( 'NONE',  ( -47.29999999999999005, -13.99999999999998934, -35.00000000000000711 ) ) ;
#118 = CARTESIAN_POINT ( 'NONE',  ( -43.50000000000000000, -16.00000000000000000, 43.50000000000000000 ) ) ;
#119 = ADVANCED_FACE ( 'NONE', ( #2271 ), #3773, .T. ) ;
#120 = ORIENTED_EDGE ( 'NONE', *, *, #912, .F. ) ;
#121 = DIRECTION ( 'NONE',  ( -1.000000000000000000, -0.000000000000000000, -1.460819769243627377E-16 ) ) ;
#122 = EDGE_CURVE ( 'NONE', #4594, #3413, #1572, .T. ) ;
#123 = FACE_OUTER_BOUND ( 'NONE', #989, .T. ) ;
#124 = CARTESIAN_POINT ( 'NONE',  ( 40.00000000000000000, -32.00000000000000000, -1.050000000000002265 ) ) ;
#125 = ORIENTED_EDGE ( 'NONE', *, *, #2578, .F. ) ;
#126 = CARTESIAN_POINT ( 'NONE',  ( -47.29999999999999005, -3.999999999999991562, -35.00000000000000711 ) ) ;
#127 = CARTESIAN_POINT ( 'NONE',  ( -44.50000000000000000, -32.00000000000000000, 44.49999999999998579 ) ) ;
#128 = EDGE_CURVE ( 'NONE', #4143, #4569, #1317, .T. ) ;
#129 = ORIENTED_EDGE ( 'NONE', *, *, #4756, .F. ) ;
#130 = DIRECTION ( 'NONE',  ( 0.000000000000000000, 0.000000000000000000, -1.000000000000000000 ) ) ;
#131 = ORIENTED_EDGE ( 'NONE', *, *, #1762, .F. ) ;
#132 = VECTOR ( 'NONE', #3502, 1000.000000000000000 ) ;
#133 = CIRCLE ( 'NONE', #1884, 2.500000000000000000 ) ;
#134 = CARTESIAN_POINT ( 'NONE',  ( 39.99999999999999289, -32.00000000000000000, 43.50000000000000000 ) ) ;
#135 = VERTEX_POINT ( 'NONE', #1946 ) ;
#136 = CIRCLE ( 'NONE', #2207, 1.550000000000002709 ) ;
#137 = CIRCLE ( 'NONE', #1566, 2.500000000000002220 ) ;
#138 = DIRECTION ( 'NONE',  ( 1.000000000000000000, -0.000000000000000000, 1.460819769243627131E-16 ) ) ;
#139 = CARTESIAN_POINT ( 'NONE',  ( -44.50000000000001421, -32.00000000000000000, -46.50000000000002842 ) ) ;
#140 = VECTOR ( 'NONE', #693, 1000.000000000000000 ) ;
#141 = ORIENTED_EDGE ( 'NONE', *, *, #3903, .F. ) ;
#142 = DIRECTION ( 'NONE',  ( -0.000000000000000000, 1.000000000000000000, -0.000000000000000000 ) ) ;
#143 = EDGE_CURVE ( 'NONE', #4443, #4349, #1260, .T. ) ;
#144 = AXIS2_PLACEMENT_3D ( 'NONE', #3264, #4773, #1380 ) ;
#145 = DIRECTION ( 'NONE',  ( -1.067522139062650869E-15, 0.000000000000000000, 1.000000000000000000 ) ) ;
#146 = PLANE ( 'NONE',  #977 ) ;
#147 = VECTOR ( 'NONE', #1593, 1000.000000000000000 ) ;
#148 = CARTESIAN_POINT ( 'NONE',  ( 44.49999999999999289, -32.00000000000000000, 46.04999999999999716 ) ) ;
#149 = ORIENTED_EDGE ( 'NONE', *, *, #2004, .T. ) ;
#150 = CARTESIAN_POINT ( 'NONE',  ( -41.49999999999999289, -23.30000000000000071, 2.500000000000000000 ) ) ;
#151 = ADVANCED_FACE ( 'NONE', ( #3474 ), #86, .F. ) ;
#152 = EDGE_CURVE ( 'NONE', #461, #428, #786, .T. ) ;
#153 = DIRECTION ( 'NONE',  ( 0.000000000000000000, 0.000000000000000000, -1.000000000000000000 ) ) ;
#154 = AXIS2_PLACEMENT_3D ( 'NONE', #449, #2359, #2337 ) ;
#155 = ORIENTED_EDGE ( 'NONE', *, *, #3600, .T. ) ;
#156 = DIRECTION ( 'NONE',  ( -0.000000000000000000, -0.000000000000000000, 1.000000000000000000 ) ) ;
#157 = CIRCLE ( 'NONE', #2054, 2.000000000000001776 ) ;
#158 = EDGE_LOOP ( 'NONE', ( #4700, #327, #200, #3627 ) ) ;
#159 = EDGE_CURVE ( 'NONE', #4659, #1178, #1617, .T. ) ;
#160 = DIRECTION ( 'NONE',  ( 0.000000000000000000, -1.000000000000000000, 0.000000000000000000 ) ) ;
#161 = DIRECTION ( 'NONE',  ( 1.057758217059028978E-16, -1.000000000000000000, 0.000000000000000000 ) ) ;
#162 = VERTEX_POINT ( 'NONE', #3084 ) ;
#163 = CYLINDRICAL_SURFACE ( 'NONE', #1504, 1.550000000000002709 ) ;
#164 = CARTESIAN_POINT ( 'NONE',  ( -46.50000000000001421, -31.00000000000000000, 44.49999999999998579 ) ) ;
#165 = ORIENTED_EDGE ( 'NONE', *, *, #3366, .T. ) ;
#166 = ORIENTED_EDGE ( 'NONE', *, *, #2706, .T. ) ;
#167 = LINE ( 'NONE', #3137, #1571 ) ;
#168 = CARTESIAN_POINT ( 'NONE',  ( -47.50000000000001421, 1.000000000000000000, -44.50000000000001421 ) ) ;
#169 = DIRECTION ( 'NONE',  ( -1.000000000000000000, -0.000000000000000000, -1.460819769243627377E-16 ) ) ;
#170 = PLANE ( 'NONE',  #2786 ) ;
#171 = ORIENTED_EDGE ( 'NONE', *, *, #2687, .T. ) ;
#172 = FACE_OUTER_BOUND ( 'NONE', #3573, .T. ) ;
#173 = VECTOR ( 'NONE', #2012, 1000.000000000000000 ) ;
#174 = DIRECTION ( 'NONE',  ( 0.000000000000000000, -1.000000000000000000, 0.000000000000000000 ) ) ;
#175 = CARTESIAN_POINT ( 'NONE',  ( -40.00000000000000000, -16.00000000000000000, 0.000000000000000000 ) ) ;
#176 = DIRECTION ( 'NONE',  ( 0.000000000000000000, -1.000000000000000000, 0.000000000000000000 ) ) ;
#177 = ADVANCED_FACE ( 'NONE', ( #1925 ), #4589, .T. ) ;
#178 = EDGE_LOOP ( 'NONE', ( #2888, #2827, #1352, #3656 ) ) ;
#179 = CARTESIAN_POINT ( 'NONE',  ( 39.99999999999999289, -32.00000000000000000, 43.50000000000000000 ) ) ;
#180 = ORIENTED_EDGE ( 'NONE', *, *, #4183, .F. ) ;
#181 = ORIENTED_EDGE ( 'NONE', *, *, #4027, .T. ) ;
#182 = FACE_OUTER_BOUND ( 'NONE', #2086, .T. ) ;
#183 = ADVANCED_FACE ( 'NONE', ( #3449, #4218 ), #1969, .T. ) ;
#184 = FACE_BOUND ( 'NONE', #2279, .T. ) ;
#185 = ORIENTED_EDGE ( 'NONE', *, *, #3045, .T. ) ;
#186 = CARTESIAN_POINT ( 'NONE',  ( 41.49999999999999289, 0.000000000000000000, -34.99999999999999289 ) ) ;
#187 = CARTESIAN_POINT ( 'NONE',  ( 47.29999999999999005, -13.99999999999998934, -35.00000000000000711 ) ) ;
#188 = EDGE_CURVE ( 'NONE', #1839, #3402, #3218, .T. ) ;
#189 = VERTEX_POINT ( 'NONE', #2389 ) ;
#190 = ORIENTED_EDGE ( 'NONE', *, *, #4514, .F. ) ;
#191 = DIRECTION ( 'NONE',  ( 0.000000000000000000, 0.000000000000000000, 1.000000000000000000 ) ) ;
#192 = LINE ( 'NONE', #1684, #4015 ) ;
#193 = DIRECTION ( 'NONE',  ( -1.000000000000000000, -0.000000000000000000, -1.460819769243627377E-16 ) ) ;
#194 = DIRECTION ( 'NONE',  ( 1.000000000000000000, 0.000000000000000000, -1.460819769243627131E-16 ) ) ;
#195 = VERTEX_POINT ( 'NONE', #2719 ) ;
#196 = LINE ( 'NONE', #900, #4403 ) ;
#197 = DIRECTION ( 'NONE',  ( 0.000000000000000000, 0.000000000000000000, -1.000000000000000000 ) ) ;
#198 = CARTESIAN_POINT ( 'NONE',  ( -40.00000000000000000, -23.30000000000000071, 0.000000000000000000 ) ) ;
#199 = PLANE ( 'NONE',  #825 ) ;
#200 = ORIENTED_EDGE ( 'NONE', *, *, #1614, .F. ) ;
#201 = CARTESIAN_POINT ( 'NONE',  ( -44.50000000000000000, -31.00000000000000000, 44.49999999999998579 ) ) ;
#202 = ORIENTED_EDGE ( 'NONE', *, *, #2518, .T. ) ;
#203 = ADVANCED_FACE ( 'NONE', ( #3888 ), #814, .F. ) ;
#204 = DIRECTION ( 'NONE',  ( 0.000000000000000000, 1.000000000000000000, 0.000000000000000000 ) ) ;
#205 = CYLINDRICAL_SURFACE ( 'NONE', #3853, 2.500000000000000000 ) ;
#206 = CIRCLE ( 'NONE', #2593, 3.500000000000003109 ) ;
#207 = CARTESIAN_POINT ( 'NONE',  ( 47.30000000000000426, -4.000000000000000000, 36.00000000000000000 ) ) ;
#208 = EDGE_LOOP ( 'NONE', ( #1014, #3510, #3984, #4302 ) ) ;
#209 = EDGE_CURVE ( 'NONE', #1288, #978, #60, .T. ) ;
#210 = AXIS2_PLACEMENT_3D ( 'NONE', #3416, #2278, #1039 ) ;
#211 = CARTESIAN_POINT ( 'NONE',  ( -44.49999999999999289, -32.00000000000000000, -42.94999999999999574 ) ) ;
#212 = DIRECTION ( 'NONE',  ( -1.000000000000000000, -1.057758217059028978E-16, 0.000000000000000000 ) ) ;
#213 = CIRCLE ( 'NONE', #4717, 1.000000000000000888 ) ;
#214 = EDGE_LOOP ( 'NONE', ( #1198, #3616 ) ) ;
#215 = ORIENTED_EDGE ( 'NONE', *, *, #4521, .T. ) ;
#216 = DIRECTION ( 'NONE',  ( -2.115516434118057955E-16, 1.000000000000000000, 0.000000000000000000 ) ) ;
#217 = ADVANCED_FACE ( 'NONE', ( #3845 ), #3516, .F. ) ;
#218 = LINE ( 'NONE', #2901, #936 ) ;
#219 = AXIS2_PLACEMENT_3D ( 'NONE', #3148, #457, #2411 ) ;
#220 = VERTEX_POINT ( 'NONE', #4652 ) ;
#221 = CARTESIAN_POINT ( 'NONE',  ( 24.00000000000000711, -16.39999999999999858, -46.50000000000001421 ) ) ;
#222 = LINE ( 'NONE', #3562, #1129 ) ;
#223 = VERTEX_POINT ( 'NONE', #2321 ) ;
#224 = VECTOR ( 'NONE', #3072, 1000.000000000000000 ) ;
#225 = CARTESIAN_POINT ( 'NONE',  ( 47.50000000000000000, 1.000000000000000000, 44.49999999999998579 ) ) ;
#226 = LINE ( 'NONE', #1740, #4488 ) ;
#227 = CYLINDRICAL_SURFACE ( 'NONE', #3233, 3.500000000000003109 ) ;
#228 = AXIS2_PLACEMENT_3D ( 'NONE', #2049, #1010, #4345 ) ;
#229 = DIRECTION ( 'NONE',  ( 0.000000000000000000, 0.000000000000000000, -1.000000000000000000 ) ) ;
#230 = VERTEX_POINT ( 'NONE', #4234 ) ;
#231 = DIRECTION ( 'NONE',  ( 0.000000000000000000, -1.000000000000000000, 0.000000000000000000 ) ) ;
#232 = VERTEX_POINT ( 'NONE', #4562 ) ;
#233 = ORIENTED_EDGE ( 'NONE', *, *, #3784, .T. ) ;
#234 = VECTOR ( 'NONE', #1841, 1000.000000000000000 ) ;
#235 = CARTESIAN_POINT ( 'NONE',  ( -44.50000000000000000, 1.000000000000000000, 46.69999999999998863 ) ) ;
#236 = AXIS2_PLACEMENT_3D ( 'NONE', #4158, #1140, #2657 ) ;
#237 = CARTESIAN_POINT ( 'NONE',  ( -40.00000000000000000, -23.30000000000000071, -40.00000000000000000 ) ) ;
#238 = VERTEX_POINT ( 'NONE', #2364 ) ;
#239 = VECTOR ( 'NONE', #2334, 1000.000000000000000 ) ;
#240 = CARTESIAN_POINT ( 'NONE',  ( -46.50000000000001421, -31.00000000000000000, 44.49999999999998579 ) ) ;
#241 = DIRECTION ( 'NONE',  ( -0.000000000000000000, -1.000000000000000000, -0.000000000000000000 ) ) ;
#242 = ADVANCED_FACE ( 'NONE', ( #3866 ), #2296, .F. ) ;
#243 = CIRCLE ( 'NONE', #3879, 1.050000000000002265 ) ;
#244 = EDGE_CURVE ( 'NONE', #4174, #3161, #385, .T. ) ;
#245 = VERTEX_POINT ( 'NONE', #4782 ) ;
#246 = EDGE_CURVE ( 'NONE', #135, #3683, #2485, .T. ) ;
#247 = ORIENTED_EDGE ( 'NONE', *, *, #3513, .F. ) ;
#248 = DIRECTION ( 'NONE',  ( 0.000000000000000000, 0.000000000000000000, -1.000000000000000000 ) ) ;
#249 = CARTESIAN_POINT ( 'NONE',  ( -44.50000000000000000, -31.00000000000000000, 44.49999999999998579 ) ) ;
#250 = DIRECTION ( 'NONE',  ( 0.000000000000000000, 0.000000000000000000, 1.000000000000000000 ) ) ;
#251 = ADVANCED_FACE ( 'NONE', ( #172 ), #4303, .F. ) ;
#252 = EDGE_CURVE ( 'NONE', #2274, #2014, #137, .T. ) ;
#253 = DIRECTION ( 'NONE',  ( -0.000000000000000000, -1.000000000000000000, -0.000000000000000000 ) ) ;
#254 = ORIENTED_EDGE ( 'NONE', *, *, #1978, .F. ) ;
#255 = CARTESIAN_POINT ( 'NONE',  ( 44.49999999999998579, 1.000000000000000000, -44.50000000000001421 ) ) ;
#256 = DIRECTION ( 'NONE',  ( -0.000000000000000000, 1.000000000000000000, -0.000000000000000000 ) ) ;
#257 = DIRECTION ( 'NONE',  ( -0.000000000000000000, 1.000000000000000000, -0.000000000000000000 ) ) ;
#258 = DIRECTION ( 'NONE',  ( 0.000000000000000000, 0.000000000000000000, -1.000000000000000000 ) ) ;
#259 = ADVANCED_FACE ( 'NONE', ( #2432 ), #1283, .F. ) ;
#260 = ORIENTED_EDGE ( 'NONE', *, *, #3120, .T. ) ;
#261 = CYLINDRICAL_SURFACE ( 'NONE', #2547, 2.000000000000000000 ) ;
#262 = AXIS2_PLACEMENT_3D ( 'NONE', #3842, #916, #3447 ) ;
#263 = ORIENTED_EDGE ( 'NONE', *, *, #2628, .T. ) ;
#264 = ORIENTED_EDGE ( 'NONE', *, *, #1648, .T. ) ;
#265 = CARTESIAN_POINT ( 'NONE',  ( -40.00000000000000000, 0.000000000000000000, 43.49999999999999289 ) ) ;
#266 = CIRCLE ( 'NONE', #2480, 1.550000000000002709 ) ;
#267 = CARTESIAN_POINT ( 'NONE',  ( -25.99999999999999645, 18.39999999999999858, -46.50000000000001421 ) ) ;
#268 = CARTESIAN_POINT ( 'NONE',  ( -41.49999999999998579, -16.00000000000000000, -34.99999999999999289 ) ) ;
#269 = EDGE_LOOP ( 'NONE', ( #611, #999, #1514, #1078 ) ) ;
#270 = CARTESIAN_POINT ( 'NONE',  ( -34.99999999999998579, -16.00000000000000000, -43.50000000000000711 ) ) ;
#271 = DIRECTION ( 'NONE',  ( 0.000000000000000000, 0.000000000000000000, -1.000000000000000000 ) ) ;
#272 = ORIENTED_EDGE ( 'NONE', *, *, #2789, .F. ) ;
#273 = ORIENTED_EDGE ( 'NONE', *, *, #69, .T. ) ;
#274 = LINE ( 'NONE', #3666, #2834 ) ;
#275 = EDGE_CURVE ( 'NONE', #4089, #1219, #618, .T. ) ;
#276 = CARTESIAN_POINT ( 'NONE',  ( 44.49999999999998579, -31.00000000000000000, -47.50000000000001421 ) ) ;
#277 = LINE ( 'NONE', #2902, #720 ) ;
#278 = DIRECTION ( 'NONE',  ( 0.000000000000000000, 0.000000000000000000, -1.000000000000000000 ) ) ;
#279 = ORIENTED_EDGE ( 'NONE', *, *, #1290, .F. ) ;
#280 = EDGE_CURVE ( 'NONE', #3375, #4275, #1719, .T. ) ;
#281 = CARTESIAN_POINT ( 'NONE',  ( 43.50000000000000000, -32.00000000000000000, -39.99999999999999289 ) ) ;
#282 = CARTESIAN_POINT ( 'NONE',  ( -47.29999999999999005, -23.99999999999999289, -36.00000000000000711 ) ) ;
#283 = ORIENTED_EDGE ( 'NONE', *, *, #581, .F. ) ;
#284 = CARTESIAN_POINT ( 'NONE',  ( 40.00000000000000000, -32.00000000000000000, 38.94999999999999574 ) ) ;
#285 = VERTEX_POINT ( 'NONE', #2804 ) ;
#286 = ORIENTED_EDGE ( 'NONE', *, *, #3064, .F. ) ;
#287 = EDGE_CURVE ( 'NONE', #3046, #3660, #196, .T. ) ;
#288 = FACE_BOUND ( 'NONE', #2245, .T. ) ;
#289 = CARTESIAN_POINT ( 'NONE',  ( -35.00000000000000000, -16.00000000000000000, 41.49999999999998579 ) ) ;
#290 = ORIENTED_EDGE ( 'NONE', *, *, #4816, .F. ) ;
#291 = ORIENTED_EDGE ( 'NONE', *, *, #4350, .F. ) ;
#292 = APPLICATION_CONTEXT ( 'automotive_design' ) ;
#293 = CARTESIAN_POINT ( 'NONE',  ( 37.00000000000000000, 0.000000000000000000, 0.000000000000000000 ) ) ;
#294 = AXIS2_PLACEMENT_3D ( 'NONE', #2446, #2153, #3995 ) ;
#295 = DIRECTION ( 'NONE',  ( -0.000000000000000000, -1.000000000000000000, -0.000000000000000000 ) ) ;
#296 = ORIENTED_EDGE ( 'NONE', *, *, #4650, .T. ) ;
#297 = ORIENTED_EDGE ( 'NONE', *, *, #2762, .F. ) ;
#298 = AXIS2_PLACEMENT_3D ( 'NONE', #2892, #3914, #4709 ) ;
#299 = DIRECTION ( 'NONE',  ( 0.000000000000000000, -1.000000000000000000, 0.000000000000000000 ) ) ;
#300 = CIRCLE ( 'NONE', #4318, 1.000000000000000888 ) ;
#301 = AXIS2_PLACEMENT_3D ( 'NONE', #4629, #480, #2342 ) ;
#302 = LINE ( 'NONE', #3765, #2477 ) ;
#303 = EDGE_CURVE ( 'NONE', #2651, #3207, #4356, .T. ) ;
#304 = ORIENTED_EDGE ( 'NONE', *, *, #3849, .T. ) ;
#305 = CIRCLE ( 'NONE', #4249, 2.000000000000008882 ) ;
#306 = CIRCLE ( 'NONE', #3295, 2.000000000000001776 ) ;
#307 = CARTESIAN_POINT ( 'NONE',  ( 24.00000000000000711, -18.39999999999999858, -47.50000000000001421 ) ) ;
#308 = DIRECTION ( 'NONE',  ( -0.000000000000000000, 1.000000000000000000, -0.000000000000000000 ) ) ;
#309 = LINE ( 'NONE', #4842, #1454 ) ;
#310 = VECTOR ( 'NONE', #372, 1000.000000000000000 ) ;
#311 = ORIENTED_EDGE ( 'NONE', *, *, #4056, .F. ) ;
#312 = CARTESIAN_POINT ( 'NONE',  ( -40.00000000000000000, -16.00000000000000000, -41.05000000000000426 ) ) ;
#313 = ADVANCED_FACE ( 'NONE', ( #3932 ), #547, .F. ) ;
#314 = ORIENTED_EDGE ( 'NONE', *, *, #2525, .T. ) ;
#315 = FACE_OUTER_BOUND ( 'NONE', #359, .T. ) ;
#316 = EDGE_CURVE ( 'NONE', #2597, #1695, #1365, .T. ) ;
#317 = FACE_OUTER_BOUND ( 'NONE', #3038, .T. ) ;
#318 = AXIS2_PLACEMENT_3D ( 'NONE', #3810, #3169, #3091 ) ;
#319 = DIRECTION ( 'NONE',  ( 0.000000000000000000, 1.000000000000000000, -0.000000000000000000 ) ) ;
#320 = ORIENTED_EDGE ( 'NONE', *, *, #699, .F. ) ;
#321 = ADVANCED_FACE ( 'NONE', ( #2062 ), #2880, .F. ) ;
#322 = AXIS2_PLACEMENT_3D ( 'NONE', #3532, #2732, #104 ) ;
#323 = EDGE_LOOP ( 'NONE', ( #636, #1901, #3509, #2817 ) ) ;
#324 = LINE ( 'NONE', #4876, #1103 ) ;
#325 = AXIS2_PLACEMENT_3D ( 'NONE', #2581, #4527, #1464 ) ;
#326 = CARTESIAN_POINT ( 'NONE',  ( 44.49999999999999289, 0.000000000000000000, 46.04999999999999716 ) ) ;
#327 = ORIENTED_EDGE ( 'NONE', *, *, #2890, .F. ) ;
#328 = DIRECTION ( 'NONE',  ( 0.000000000000000000, -1.000000000000000000, 0.000000000000000000 ) ) ;
#329 = DIRECTION ( 'NONE',  ( 0.000000000000000000, -0.000000000000000000, -1.000000000000000000 ) ) ;
#330 = CARTESIAN_POINT ( 'NONE',  ( -21.99999999999999645, -16.39999999999999858, -43.50000000000000000 ) ) ;
#331 = ORIENTED_EDGE ( 'NONE', *, *, #1237, .T. ) ;
#332 = CARTESIAN_POINT ( 'NONE',  ( -44.50000000000001421, -31.00000000000000000, -44.50000000000001421 ) ) ;
#333 = CARTESIAN_POINT ( 'NONE',  ( 37.00000000000000000, -16.00000000000000000, -2.500000000000000000 ) ) ;
#334 = CARTESIAN_POINT ( 'NONE',  ( 39.99999999999999289, -32.00000000000000000, 39.99999999999999289 ) ) ;
#335 = ORIENTED_EDGE ( 'NONE', *, *, #2733, .F. ) ;
#336 = LINE ( 'NONE', #4118, #4199 ) ;
#337 = ORIENTED_EDGE ( 'NONE', *, *, #97, .F. ) ;
#338 = DIRECTION ( 'NONE',  ( -0.000000000000000000, -0.000000000000000000, 1.000000000000000000 ) ) ;
#339 = FACE_OUTER_BOUND ( 'NONE', #538, .T. ) ;
#340 = ADVANCED_FACE ( 'NONE', ( #1688 ), #3191, .F. ) ;
#341 = DIRECTION ( 'NONE',  ( 0.000000000000000000, 1.000000000000000000, 0.000000000000000000 ) ) ;
#342 = ORIENTED_EDGE ( 'NONE', *, *, #350, .T. ) ;
#343 = CARTESIAN_POINT ( 'NONE',  ( -47.50000000000000000, -13.99999999999999822, 34.99999999999999289 ) ) ;
#344 = VERTEX_POINT ( 'NONE', #1305 ) ;
#345 = EDGE_CURVE ( 'NONE', #230, #420, #4177, .T. ) ;
#346 = CARTESIAN_POINT ( 'NONE',  ( 41.49999999999999289, -23.30000000000000071, -37.00000000000000000 ) ) ;
#347 = CARTESIAN_POINT ( 'NONE',  ( 47.29999999999999005, -3.999999999999991562, -36.00000000000001421 ) ) ;
#348 = VECTOR ( 'NONE', #451, 1000.000000000000000 ) ;
#349 = ORIENTED_EDGE ( 'NONE', *, *, #3138, .F. ) ;
#350 = EDGE_CURVE ( 'NONE', #2276, #4705, #2460, .T. ) ;
#351 = CARTESIAN_POINT ( 'NONE',  ( -37.00000000000000000, -23.30000000000000071, 39.49999999999999289 ) ) ;
#352 = CARTESIAN_POINT ( 'NONE',  ( -37.00000000000000000, 0.000000000000000000, 2.500000000000000000 ) ) ;
#353 = CARTESIAN_POINT ( 'NONE',  ( 44.49999999999998579, -32.00000000000000000, -44.50000000000001421 ) ) ;
#354 = VERTEX_POINT ( 'NONE', #995 ) ;
#355 = DIRECTION ( 'NONE',  ( 0.000000000000000000, -1.000000000000000000, 0.000000000000000000 ) ) ;
#356 = CARTESIAN_POINT ( 'NONE',  ( -40.00000000000000000, -23.30000000000000071, 43.49999999999999289 ) ) ;
#357 = VERTEX_POINT ( 'NONE', #4009 ) ;
#358 = LINE ( 'NONE', #3009, #2941 ) ;
#359 = EDGE_LOOP ( 'NONE', ( #1372, #3223, #2724, #1510 ) ) ;
#360 = CARTESIAN_POINT ( 'NONE',  ( 44.50000000000000000, -31.00000000000000000, 46.49999999999998579 ) ) ;
#361 = DIRECTION ( 'NONE',  ( 0.000000000000000000, 0.000000000000000000, 1.000000000000000000 ) ) ;
#362 = CARTESIAN_POINT ( 'NONE',  ( 37.00000000000000000, 0.000000000000000000, -39.50000000000000000 ) ) ;
#363 = ORIENTED_EDGE ( 'NONE', *, *, #2711, .F. ) ;
#364 = DIRECTION ( 'NONE',  ( 0.000000000000000000, 1.000000000000000000, 0.000000000000000000 ) ) ;
#365 = UNCERTAINTY_MEASURE_WITH_UNIT (LENGTH_MEASURE( 1.000000000000000082E-05 ), #4673, 'distance_accuracy_value', 'NONE');
#366 = ORIENTED_EDGE ( 'NONE', *, *, #699, .T. ) ;
#367 = ADVANCED_FACE ( 'NONE', ( #628 ), #2140, .T. ) ;
#368 = CARTESIAN_POINT ( 'NONE',  ( 47.49999999999998579, -23.99999999999999289, -36.00000000000000711 ) ) ;
#369 = FACE_BOUND ( 'NONE', #1652, .T. ) ;
#370 = VERTEX_POINT ( 'NONE', #3275 ) ;
#371 = EDGE_CURVE ( 'NONE', #734, #238, #1174, .T. ) ;
#372 = DIRECTION ( 'NONE',  ( -0.000000000000000000, -0.000000000000000000, -1.000000000000000000 ) ) ;
#373 = CARTESIAN_POINT ( 'NONE',  ( -36.99999999999999289, -16.00000000000000000, -37.00000000000000000 ) ) ;
#374 = VECTOR ( 'NONE', #1673, 1000.000000000000000 ) ;
#375 = PLANE ( 'NONE',  #1928 ) ;
#376 = ADVANCED_FACE ( 'NONE', ( #939 ), #1299, .T. ) ;
#377 = ORIENTED_EDGE ( 'NONE', *, *, #1534, .T. ) ;
#378 = AXIS2_PLACEMENT_3D ( 'NONE', #4462, #2548, #3682 ) ;
#379 = CARTESIAN_POINT ( 'NONE',  ( 39.99999999999999289, -23.30000000000000071, -43.50000000000000000 ) ) ;
#380 = DIRECTION ( 'NONE',  ( 0.000000000000000000, 0.000000000000000000, -1.000000000000000000 ) ) ;
#381 = ORIENTED_EDGE ( 'NONE', *, *, #4056, .T. ) ;
#382 = CARTESIAN_POINT ( 'NONE',  ( -47.29999999999999005, -23.99999999999999289, -35.00000000000000000 ) ) ;
#383 = EDGE_LOOP ( 'NONE', ( #3808, #1868, #2154, #3330 ) ) ;
#384 = AXIS2_PLACEMENT_3D ( 'NONE', #3925, #3558, #4697 ) ;
#385 = CIRCLE ( 'NONE', #2750, 1.550000000000002709 ) ;
#386 = LINE ( 'NONE', #2939, #4566 ) ;
#387 = FACE_OUTER_BOUND ( 'NONE', #617, .T. ) ;
#388 = AXIS2_PLACEMENT_3D ( 'NONE', #1599, #2344, #879 ) ;
#389 = ORIENTED_EDGE ( 'NONE', *, *, #3431, .T. ) ;
#390 = CARTESIAN_POINT ( 'NONE',  ( -44.50000000000001421, -32.00000000000000000, -44.50000000000001421 ) ) ;
#391 = ORIENTED_EDGE ( 'NONE', *, *, #2257, .T. ) ;
#392 = ORIENTED_EDGE ( 'NONE', *, *, #2789, .T. ) ;
#393 = AXIS2_PLACEMENT_3D ( 'NONE', #1882, #299, #4108 ) ;
#394 = CARTESIAN_POINT ( 'NONE',  ( -39.99999999999998579, -16.00000000000000000, -39.99999999999999289 ) ) ;
#395 = CARTESIAN_POINT ( 'NONE',  ( 47.29999999999999005, -13.99999999999998934, -35.00000000000000711 ) ) ;
#396 = AXIS2_PLACEMENT_3D ( 'NONE', #4799, #1805, #4076 ) ;
#397 = VERTEX_POINT ( 'NONE', #3557 ) ;
#398 = VECTOR ( 'NONE', #828, 1000.000000000000000 ) ;
#399 = DIRECTION ( 'NONE',  ( -0.000000000000000000, 1.000000000000000000, -0.000000000000000000 ) ) ;
#400 = CARTESIAN_POINT ( 'NONE',  ( 44.49999999999998579, 1.000000000000000000, -46.70000000000000995 ) ) ;
#401 = EDGE_CURVE ( 'NONE', #532, #4833, #2502, .T. ) ;
#402 = AXIS2_PLACEMENT_3D ( 'NONE', #4135, #3368, #329 ) ;
#403 = DIRECTION ( 'NONE',  ( 0.000000000000000000, 1.000000000000000000, 0.000000000000000000 ) ) ;
#404 = ORIENTED_EDGE ( 'NONE', *, *, #4847, .F. ) ;
#405 = FACE_OUTER_BOUND ( 'NONE', #4101, .T. ) ;
#406 = CIRCLE ( 'NONE', #2855, 3.000000000000002665 ) ;
#407 = LINE ( 'NONE', #2958, #234 ) ;
#408 = ADVANCED_FACE ( 'NONE', ( #592 ), #4671, .F. ) ;
#409 = EDGE_CURVE ( 'NONE', #354, #833, #4800, .T. ) ;
#410 = CARTESIAN_POINT ( 'NONE',  ( 24.00000000000000711, -18.39999999999999858, -47.50000000000001421 ) ) ;
#411 = ORIENTED_EDGE ( 'NONE', *, *, #771, .T. ) ;
#412 = LINE ( 'NONE', #1923, #3414 ) ;
#413 = VECTOR ( 'NONE', #1373, 1000.000000000000000 ) ;
#414 = ORIENTED_EDGE ( 'NONE', *, *, #4713, .T. ) ;
#415 = DIRECTION ( 'NONE',  ( 0.000000000000000000, 0.000000000000000000, -1.000000000000000000 ) ) ;
#416 = CYLINDRICAL_SURFACE ( 'NONE', #616, 1.050000000000002265 ) ;
#417 = EDGE_CURVE ( 'NONE', #1194, #3734, #2106, .T. ) ;
#418 = ORIENTED_EDGE ( 'NONE', *, *, #4691, .T. ) ;
#419 = DIRECTION ( 'NONE',  ( 0.000000000000000000, -1.000000000000000000, 0.000000000000000000 ) ) ;
#420 = VERTEX_POINT ( 'NONE', #2082 ) ;
#421 = CARTESIAN_POINT ( 'NONE',  ( -23.99999999999999645, -14.40000000000000036, -43.50000000000000000 ) ) ;
#422 = CARTESIAN_POINT ( 'NONE',  ( 39.99999999999999289, 0.000000000000000000, -39.99999999999999289 ) ) ;
#423 = VERTEX_POINT ( 'NONE', #4752 ) ;
#424 = VECTOR ( 'NONE', #1117, 1000.000000000000000 ) ;
#425 = DIRECTION ( 'NONE',  ( 0.000000000000000000, -1.000000000000000000, 0.000000000000000000 ) ) ;
#426 = AXIS2_PLACEMENT_3D ( 'NONE', #1025, #3963, #632 ) ;
#427 = LINE ( 'NONE', #4186, #3891 ) ;
#428 = VERTEX_POINT ( 'NONE', #2821 ) ;
#429 = ADVANCED_FACE ( 'NONE', ( #3584 ), #2055, .F. ) ;
#430 = DIRECTION ( 'NONE',  ( 0.000000000000000000, -1.000000000000000000, 0.000000000000000000 ) ) ;
#431 = CARTESIAN_POINT ( 'NONE',  ( -36.99999999999999289, 0.000000000000000000, -37.00000000000000000 ) ) ;
#432 = ORIENTED_EDGE ( 'NONE', *, *, #1134, .T. ) ;
#433 = CARTESIAN_POINT ( 'NONE',  ( 44.49999999999999289, 0.000000000000000000, -46.04999999999999716 ) ) ;
#434 = ORIENTED_EDGE ( 'NONE', *, *, #2738, .F. ) ;
#435 = CARTESIAN_POINT ( 'NONE',  ( 44.49999999999999289, -32.00000000000000000, 44.50000000000000000 ) ) ;
#436 = ADVANCED_FACE ( 'NONE', ( #2798 ), #4297, .F. ) ;
#437 = DIRECTION ( 'NONE',  ( -0.000000000000000000, 1.000000000000000000, -0.000000000000000000 ) ) ;
#438 = ORIENTED_EDGE ( 'NONE', *, *, #2818, .F. ) ;
#439 = CARTESIAN_POINT ( 'NONE',  ( 39.50000000000000000, -16.00000000000000000, -37.00000000000000000 ) ) ;
#440 = ORIENTED_EDGE ( 'NONE', *, *, #4292, .T. ) ;
#441 = ORIENTED_EDGE ( 'NONE', *, *, #3929, .F. ) ;
#442 = EDGE_CURVE ( 'NONE', #428, #1924, #450, .T. ) ;
#443 = CARTESIAN_POINT ( 'NONE',  ( 47.50000000000000000, -32.00000000000000000, 44.49999999999998579 ) ) ;
#444 = FACE_OUTER_BOUND ( 'NONE', #44, .T. ) ;
#445 = VERTEX_POINT ( 'NONE', #3208 ) ;
#446 = CYLINDRICAL_SURFACE ( 'NONE', #4021, 1.000000000000000888 ) ;
#447 = FACE_OUTER_BOUND ( 'NONE', #2773, .T. ) ;
#448 = VERTEX_POINT ( 'NONE', #1731 ) ;
#449 = CARTESIAN_POINT ( 'NONE',  ( 0.000000000000000000, 0.000000000000000000, 0.000000000000000000 ) ) ;
#450 = CIRCLE ( 'NONE', #55, 1.000000000000000888 ) ;
#451 = DIRECTION ( 'NONE',  ( -0.000000000000000000, 0.000000000000000000, -1.000000000000000000 ) ) ;
#452 = ORIENTED_EDGE ( 'NONE', *, *, #1803, .T. ) ;
#453 = CARTESIAN_POINT ( 'NONE',  ( 44.50000000000000000, -32.00000000000000000, 44.49999999999998579 ) ) ;
#454 = ORIENTED_EDGE ( 'NONE', *, *, #1435, .F. ) ;
#455 = DIRECTION ( 'NONE',  ( 1.000000000000000000, 0.000000000000000000, 1.460819769243627131E-16 ) ) ;
#456 = CIRCLE ( 'NONE', #3523, 1.050000000000002265 ) ;
#457 = DIRECTION ( 'NONE',  ( -0.000000000000000000, -1.000000000000000000, 0.000000000000000000 ) ) ;
#458 = EDGE_CURVE ( 'NONE', #223, #514, #167, .T. ) ;
#459 = AXIS2_PLACEMENT_3D ( 'NONE', #3285, #4441, #4412 ) ;
#460 = AXIS2_PLACEMENT_3D ( 'NONE', #1220, #2737, #3494 ) ;
#461 = VERTEX_POINT ( 'NONE', #1682 ) ;
#462 = CARTESIAN_POINT ( 'NONE',  ( 47.29999999999999005, -3.999999999999991562, -35.00000000000000711 ) ) ;
#463 = EDGE_CURVE ( 'NONE', #3683, #3520, #2671, .T. ) ;
#464 = ORIENTED_EDGE ( 'NONE', *, *, #917, .F. ) ;
#465 = CIRCLE ( 'NONE', #1093, 3.500000000000003109 ) ;
#466 = DIRECTION ( 'NONE',  ( -1.000000000000000000, 0.000000000000000000, 0.000000000000000000 ) ) ;
#467 = FACE_BOUND ( 'NONE', #1948, .T. ) ;
#468 = ADVANCED_FACE ( 'NONE', ( #1357 ), #1384, .T. ) ;
#469 = CIRCLE ( 'NONE', #4102, 1.000000000000000888 ) ;
#470 = ORIENTED_EDGE ( 'NONE', *, *, #3507, .T. ) ;
#471 = CARTESIAN_POINT ( 'NONE',  ( 43.50000000000000000, -32.00000000000000000, -39.99999999999999289 ) ) ;
#472 = AXIS2_PLACEMENT_3D ( 'NONE', #4152, #1856, #3363 ) ;
#473 = ORIENTED_EDGE ( 'NONE', *, *, #2628, .F. ) ;
#474 = VECTOR ( 'NONE', #430, 1000.000000000000000 ) ;
#475 = LINE ( 'NONE', #1963, #2536 ) ;
#476 = CIRCLE ( 'NONE', #2930, 1.000000000000000888 ) ;
#477 = CARTESIAN_POINT ( 'NONE',  ( -47.50000000000001421, -32.00000000000000000, -47.50000000000001421 ) ) ;
#478 = CARTESIAN_POINT ( 'NONE',  ( 39.50000000000000000, -23.30000000000000071, 0.000000000000000000 ) ) ;
#479 = EDGE_LOOP ( 'NONE', ( #1328, #3778, #4383, #3944 ) ) ;
#480 = DIRECTION ( 'NONE',  ( -1.000000000000000000, -0.000000000000000000, -1.460819769243627377E-16 ) ) ;
#481 = AXIS2_PLACEMENT_3D ( 'NONE', #3525, #3837, #3506 ) ;
#482 = CARTESIAN_POINT ( 'NONE',  ( 41.49999999999999289, -16.00000000000000000, 35.00000000000000000 ) ) ;
#483 = CARTESIAN_POINT ( 'NONE',  ( 41.49999999999999289, -16.00000000000000000, -34.99999999999999289 ) ) ;
#484 = VECTOR ( 'NONE', #3304, 1000.000000000000000 ) ;
#485 = ORIENTED_EDGE ( 'NONE', *, *, #2280, .F. ) ;
#486 = DIRECTION ( 'NONE',  ( 1.000000000000000000, -0.000000000000000000, -1.460819769243627377E-16 ) ) ;
#487 = ORIENTED_EDGE ( 'NONE', *, *, #3756, .F. ) ;
#488 = ORIENTED_EDGE ( 'NONE', *, *, #3344, .F. ) ;
#489 = EDGE_CURVE ( 'NONE', #4802, #4410, #274, .T. ) ;
#490 = DIRECTION ( 'NONE',  ( -1.000000000000000000, -0.000000000000000000, -9.376883653928686131E-17 ) ) ;
#491 = ORIENTED_EDGE ( 'NONE', *, *, #982, .T. ) ;
#492 = EDGE_CURVE ( 'NONE', #1499, #2493, #690, .T. ) ;
#493 = DIRECTION ( 'NONE',  ( 1.000000000000000000, 0.000000000000000000, -1.460819769243627131E-16 ) ) ;
#494 = LINE ( 'NONE', #118, #239 ) ;
#495 = CIRCLE ( 'NONE', #3347, 3.500000000000003109 ) ;
#496 = VERTEX_POINT ( 'NONE', #1017 ) ;
#497 = EDGE_CURVE ( 'NONE', #4280, #445, #4034, .T. ) ;
#498 = FACE_BOUND ( 'NONE', #1995, .T. ) ;
#499 = PLANE ( 'NONE',  #3824 ) ;
#500 = CARTESIAN_POINT ( 'NONE',  ( 44.49999999999998579, 1.000000000000000000, -46.70000000000000995 ) ) ;
#501 = ORIENTED_EDGE ( 'NONE', *, *, #8, .T. ) ;
#502 = CARTESIAN_POINT ( 'NONE',  ( -43.50000000000000711, -23.30000000000000071, 43.49999999999998579 ) ) ;
#503 = CARTESIAN_POINT ( 'NONE',  ( 47.49999999999998579, -3.999999999999991562, -34.00000000000000711 ) ) ;
#504 = ORIENTED_EDGE ( 'NONE', *, *, #4713, .F. ) ;
#505 = CARTESIAN_POINT ( 'NONE',  ( -41.50000000000000000, -16.00000000000000000, 37.00000000000000000 ) ) ;
#506 = ORIENTED_EDGE ( 'NONE', *, *, #3508, .T. ) ;
#507 = DIRECTION ( 'NONE',  ( -1.000000000000000000, -0.000000000000000000, -1.460819769243627377E-16 ) ) ;
#508 = EDGE_CURVE ( 'NONE', #3802, #220, #523, .T. ) ;
#509 = ORIENTED_EDGE ( 'NONE', *, *, #2711, .T. ) ;
#510 = FACE_OUTER_BOUND ( 'NONE', #4051, .T. ) ;
#511 = CARTESIAN_POINT ( 'NONE',  ( 44.49999999999998579, 1.000000000000000000, -44.50000000000001421 ) ) ;
#512 = ADVANCED_FACE ( 'NONE', ( #2927 ), #3293, .F. ) ;
#513 = EDGE_CURVE ( 'NONE', #4410, #2848, #1307, .T. ) ;
#514 = VERTEX_POINT ( 'NONE', #2532 ) ;
#515 = CARTESIAN_POINT ( 'NONE',  ( 34.99999999999999289, 0.000000000000000000, -41.49999999999999289 ) ) ;
#516 = DIRECTION ( 'NONE',  ( 1.000000000000000000, 0.000000000000000000, -0.000000000000000000 ) ) ;
#517 = LINE ( 'NONE', #2031, #1060 ) ;
#518 = EDGE_CURVE ( 'NONE', #1288, #3375, #2473, .T. ) ;
#519 = LINE ( 'NONE', #3534, #2324 ) ;
#520 = ORIENTED_EDGE ( 'NONE', *, *, #4544, .F. ) ;
#521 = CARTESIAN_POINT ( 'NONE',  ( 39.50000000000000000, -23.30000000000000071, 39.50000000000000711 ) ) ;
#522 = CYLINDRICAL_SURFACE ( 'NONE', #4176, 1.000000000000000888 ) ;
#523 = CIRCLE ( 'NONE', #3927, 1.000000000000000888 ) ;
#524 = ORIENTED_EDGE ( 'NONE', *, *, #1071, .F. ) ;
#525 = CARTESIAN_POINT ( 'NONE',  ( 47.29999999999999005, -23.99999999999999289, -36.00000000000000711 ) ) ;
#526 = VERTEX_POINT ( 'NONE', #3659 ) ;
#527 = AXIS2_PLACEMENT_3D ( 'NONE', #2182, #295, #4574 ) ;
#528 = AXIS2_PLACEMENT_3D ( 'NONE', #1031, #2839, #2150 ) ;
#529 = AXIS2_PLACEMENT_3D ( 'NONE', #255, #1766, #3909 ) ;
#530 = CARTESIAN_POINT ( 'NONE',  ( -40.00000000000000000, -32.00000000000000000, -40.00000000000000000 ) ) ;
#531 = CARTESIAN_POINT ( 'NONE',  ( -41.49999999999999289, -16.00000000000000000, -2.500000000000000000 ) ) ;
#532 = VERTEX_POINT ( 'NONE', #1292 ) ;
#533 = CIRCLE ( 'NONE', #1968, 2.000000000000001776 ) ;
#534 = VECTOR ( 'NONE', #1898, 1000.000000000000000 ) ;
#535 = FACE_OUTER_BOUND ( 'NONE', #2995, .T. ) ;
#536 = LINE ( 'NONE', #2846, #1036 ) ;
#537 = VERTEX_POINT ( 'NONE', #1751 ) ;
#538 = EDGE_LOOP ( 'NONE', ( #1998, #337, #1974, #1099 ) ) ;
#539 = DIRECTION ( 'NONE',  ( -0.000000000000000000, 1.000000000000000000, -0.000000000000000000 ) ) ;
#540 = EDGE_CURVE ( 'NONE', #4708, #64, #4663, .T. ) ;
#541 = DIRECTION ( 'NONE',  ( 0.000000000000000000, -0.000000000000000000, -1.000000000000000000 ) ) ;
#542 = DIRECTION ( 'NONE',  ( -1.000000000000000000, 0.000000000000000000, -1.559302000878028960E-16 ) ) ;
#543 = EDGE_CURVE ( 'NONE', #3298, #2034, #921, .T. ) ;
#544 = VECTOR ( 'NONE', #3372, 1000.000000000000000 ) ;
#545 = CARTESIAN_POINT ( 'NONE',  ( -44.50000000000001421, 0.000000000000000000, -46.70000000000000284 ) ) ;
#546 = ORIENTED_EDGE ( 'NONE', *, *, #2063, .T. ) ;
#547 = CYLINDRICAL_SURFACE ( 'NONE', #2991, 1.550000000000002709 ) ;
#548 = EDGE_CURVE ( 'NONE', #448, #2627, #3601, .T. ) ;
#549 = FACE_OUTER_BOUND ( 'NONE', #1206, .T. ) ;
#550 = VECTOR ( 'NONE', #2710, 1000.000000000000000 ) ;
#551 = CARTESIAN_POINT ( 'NONE',  ( 47.30000000000000426, -13.99999999999999822, 33.99999999999999289 ) ) ;
#552 = CARTESIAN_POINT ( 'NONE',  ( 44.49999999999999289, 0.000000000000000000, -44.50000000000000000 ) ) ;
#553 = ORIENTED_EDGE ( 'NONE', *, *, #4761, .F. ) ;
#554 = DIRECTION ( 'NONE',  ( -0.000000000000000000, 1.000000000000000000, -0.000000000000000000 ) ) ;
#555 = CIRCLE ( 'NONE', #1664, 2.000000000000000000 ) ;
#556 = ORIENTED_EDGE ( 'NONE', *, *, #3724, .F. ) ;
#557 = ORIENTED_EDGE ( 'NONE', *, *, #1955, .T. ) ;
#558 = EDGE_CURVE ( 'NONE', #4434, #4416, #4711, .T. ) ;
#559 = VECTOR ( 'NONE', #782, 1000.000000000000000 ) ;
#560 = CARTESIAN_POINT ( 'NONE',  ( 47.30000000000000426, -24.00000000000000000, 33.99999999999998579 ) ) ;
#561 = DIRECTION ( 'NONE',  ( 0.000000000000000000, 0.000000000000000000, -1.000000000000000000 ) ) ;
#562 = ORIENTED_EDGE ( 'NONE', *, *, #2395, .T. ) ;
#563 = CARTESIAN_POINT ( 'NONE',  ( 40.00000000000000000, -23.30000000000000071, 41.05000000000000426 ) ) ;
#564 = DIRECTION ( 'NONE',  ( 0.000000000000000000, 1.000000000000000000, 0.000000000000000000 ) ) ;
#565 = EDGE_LOOP ( 'NONE', ( #2591, #473, #2001, #2542 ) ) ;
#566 = ORIENTED_EDGE ( 'NONE', *, *, #4636, .T. ) ;
#567 = DIRECTION ( 'NONE',  ( 0.000000000000000000, 0.000000000000000000, -1.000000000000000000 ) ) ;
#568 = FACE_BOUND ( 'NONE', #214, .T. ) ;
#569 = DIRECTION ( 'NONE',  ( 0.000000000000000000, 0.000000000000000000, 1.000000000000000000 ) ) ;
#570 = CARTESIAN_POINT ( 'NONE',  ( -44.50000000000001421, -32.00000000000000000, 42.94999999999999574 ) ) ;
#571 = EDGE_CURVE ( 'NONE', #3755, #2288, #306, .T. ) ;
#572 = EDGE_LOOP ( 'NONE', ( #2208, #1786, #1275, #2415 ) ) ;
#573 = DIRECTION ( 'NONE',  ( 0.000000000000000000, 0.000000000000000000, -1.000000000000000000 ) ) ;
#574 = AXIS2_PLACEMENT_3D ( 'NONE', #4401, #1736, #3930 ) ;
#575 = DIRECTION ( 'NONE',  ( 0.000000000000000000, 0.000000000000000000, -1.000000000000000000 ) ) ;
#576 = CARTESIAN_POINT ( 'NONE',  ( -44.50000000000000000, 1.000000000000000000, 44.49999999999998579 ) ) ;
#577 = CARTESIAN_POINT ( 'NONE',  ( -40.00000000000000000, -16.00000000000000000, -38.94999999999999574 ) ) ;
#578 = AXIS2_PLACEMENT_3D ( 'NONE', #1842, #33, #1544 ) ;
#579 = VERTEX_POINT ( 'NONE', #3972 ) ;
#580 = PLANE ( 'NONE',  #880 ) ;
#581 = EDGE_CURVE ( 'NONE', #3747, #3017, #3915, .T. ) ;
#582 = ORIENTED_EDGE ( 'NONE', *, *, #4428, .F. ) ;
#583 = DIRECTION ( 'NONE',  ( -0.000000000000000000, -1.000000000000000000, 0.000000000000000000 ) ) ;
#584 = DIRECTION ( 'NONE',  ( 0.000000000000000000, 1.000000000000000000, 0.000000000000000000 ) ) ;
#585 = CARTESIAN_POINT ( 'NONE',  ( -24.00000000000000000, 16.40000000000000213, -43.50000000000000000 ) ) ;
#586 = ADVANCED_FACE ( 'NONE', ( #2790 ), #1270, .T. ) ;
#587 = VERTEX_POINT ( 'NONE', #3631 ) ;
#588 = DIRECTION ( 'NONE',  ( 0.000000000000000000, -1.000000000000000000, 0.000000000000000000 ) ) ;
#589 = DIRECTION ( 'NONE',  ( 0.000000000000000000, 0.000000000000000000, 1.000000000000000000 ) ) ;
#590 = ORIENTED_EDGE ( 'NONE', *, *, #10, .F. ) ;
#591 = VERTEX_POINT ( 'NONE', #4770 ) ;
#592 = FACE_OUTER_BOUND ( 'NONE', #3186, .T. ) ;
#593 = ORIENTED_EDGE ( 'NONE', *, *, #3670, .F. ) ;
#594 = DIRECTION ( 'NONE',  ( 0.000000000000000000, 0.000000000000000000, -1.000000000000000000 ) ) ;
#595 = FACE_BOUND ( 'NONE', #3333, .T. ) ;
#596 = ORIENTED_EDGE ( 'NONE', *, *, #508, .T. ) ;
#597 = CARTESIAN_POINT ( 'NONE',  ( -47.30000000000000426, -13.99999999999999822, 34.99999999999999289 ) ) ;
#598 = DIRECTION ( 'NONE',  ( -1.000000000000000000, -0.000000000000000000, 1.460819769243627131E-16 ) ) ;
#599 = DIRECTION ( 'NONE',  ( 0.000000000000000000, 0.000000000000000000, -1.000000000000000000 ) ) ;
#600 = CARTESIAN_POINT ( 'NONE',  ( -40.00000000000000000, -23.30000000000000071, -38.94999999999999574 ) ) ;
#601 = VERTEX_POINT ( 'NONE', #531 ) ;
#602 = DIRECTION ( 'NONE',  ( 0.000000000000000000, 0.000000000000000000, -1.000000000000000000 ) ) ;
#603 = ORIENTED_EDGE ( 'NONE', *, *, #4445, .T. ) ;
#604 = ORIENTED_EDGE ( 'NONE', *, *, #612, .T. ) ;
#605 = PLANE ( 'NONE',  #2036 ) ;
#606 = ADVANCED_FACE ( 'NONE', ( #2099, #184 ), #639, .T. ) ;
#607 = DIRECTION ( 'NONE',  ( 0.000000000000000000, 0.000000000000000000, -1.000000000000000000 ) ) ;
#608 = EDGE_CURVE ( 'NONE', #2727, #4826, #1809, .T. ) ;
#609 = CIRCLE ( 'NONE', #1400, 1.000000000000000888 ) ;
#610 = DIRECTION ( 'NONE',  ( -0.000000000000000000, 1.000000000000000000, -0.000000000000000000 ) ) ;
#611 = ORIENTED_EDGE ( 'NONE', *, *, #2004, .F. ) ;
#612 = EDGE_CURVE ( 'NONE', #2819, #2524, #206, .T. ) ;
#613 = CARTESIAN_POINT ( 'NONE',  ( 40.00000000000000000, -16.00000000000000000, -40.00000000000000000 ) ) ;
#614 = EDGE_CURVE ( 'NONE', #2668, #4611, #1082, .T. ) ;
#615 = DIRECTION ( 'NONE',  ( 0.000000000000000000, 0.000000000000000000, 1.000000000000000000 ) ) ;
#616 = AXIS2_PLACEMENT_3D ( 'NONE', #2644, #2985, #736 ) ;
#617 = EDGE_LOOP ( 'NONE', ( #2215, #2431 ) ) ;
#618 = CIRCLE ( 'NONE', #1643, 1.550000000000002709 ) ;
#619 = ORIENTED_EDGE ( 'NONE', *, *, #2551, .F. ) ;
#620 = CARTESIAN_POINT ( 'NONE',  ( 47.49999999999998579, -13.99999999999998934, -35.00000000000000711 ) ) ;
#621 = EDGE_CURVE ( 'NONE', #2779, #2493, #959, .T. ) ;
#622 = DIRECTION ( 'NONE',  ( -0.000000000000000000, -1.000000000000000000, -0.000000000000000000 ) ) ;
#623 = VECTOR ( 'NONE', #2217, 1000.000000000000000 ) ;
#624 = LINE ( 'NONE', #2853, #4033 ) ;
#625 = LINE ( 'NONE', #4432, #4052 ) ;
#626 = ORIENTED_EDGE ( 'NONE', *, *, #942, .T. ) ;
#627 = AXIS2_PLACEMENT_3D ( 'NONE', #613, #2896, #2449 ) ;
#628 = FACE_OUTER_BOUND ( 'NONE', #2982, .T. ) ;
#629 = CARTESIAN_POINT ( 'NONE',  ( 23.99999999999998934, 16.40000000000000213, -46.50000000000001421 ) ) ;
#630 = DIRECTION ( 'NONE',  ( 0.000000000000000000, 0.000000000000000000, -1.000000000000000000 ) ) ;
#631 = VECTOR ( 'NONE', #4573, 1000.000000000000000 ) ;
#632 = DIRECTION ( 'NONE',  ( 0.000000000000000000, 0.000000000000000000, -1.000000000000000000 ) ) ;
#633 = ORIENTED_EDGE ( 'NONE', *, *, #2611, .F. ) ;
#634 = DIRECTION ( 'NONE',  ( 0.000000000000000000, 0.000000000000000000, -1.000000000000000000 ) ) ;
#635 = EDGE_LOOP ( 'NONE', ( #4070, #254, #837, #4155 ) ) ;
#636 = ORIENTED_EDGE ( 'NONE', *, *, #1834, .F. ) ;
#637 = PLANE ( 'NONE',  #528 ) ;
#638 = CARTESIAN_POINT ( 'NONE',  ( -41.49999999999998579, -16.00000000000000000, -37.00000000000000000 ) ) ;
#639 = PLANE ( 'NONE',  #2439 ) ;
#640 = ORIENTED_EDGE ( 'NONE', *, *, #3344, .T. ) ;
#641 = EDGE_CURVE ( 'NONE', #1622, #2265, #1674, .T. ) ;
#642 = VECTOR ( 'NONE', #1875, 1000.000000000000000 ) ;
#643 = CARTESIAN_POINT ( 'NONE',  ( -44.49999999999999289, 0.000000000000000000, -44.50000000000000000 ) ) ;
#644 = CARTESIAN_POINT ( 'NONE',  ( 0.000000000000000000, -23.30000000000000071, 0.000000000000000000 ) ) ;
#645 = CIRCLE ( 'NONE', #3163, 1.050000000000002265 ) ;
#646 = ORIENTED_EDGE ( 'NONE', *, *, #3489, .T. ) ;
#647 = EDGE_CURVE ( 'NONE', #4754, #1730, #3229, .T. ) ;
#648 = EDGE_LOOP ( 'NONE', ( #3225, #166 ) ) ;
#649 = CARTESIAN_POINT ( 'NONE',  ( -21.99999999999999645, -14.40000000000000036, -43.50000000000000000 ) ) ;
#650 = PLANE ( 'NONE',  #3530 ) ;
#651 = DIRECTION ( 'NONE',  ( -1.000000000000000000, -0.000000000000000000, -0.000000000000000000 ) ) ;
#652 = DIRECTION ( 'NONE',  ( -0.000000000000000000, -1.000000000000000000, -0.000000000000000000 ) ) ;
#653 = EDGE_CURVE ( 'NONE', #108, #3151, #1378, .T. ) ;
#654 = ORIENTED_EDGE ( 'NONE', *, *, #3820, .T. ) ;
#655 = CARTESIAN_POINT ( 'NONE',  ( -43.50000000000000711, -16.00000000000000000, 39.99999999999998579 ) ) ;
#656 = DIRECTION ( 'NONE',  ( -0.000000000000000000, 1.000000000000000000, -0.000000000000000000 ) ) ;
#657 = DIRECTION ( 'NONE',  ( 1.000000000000000000, -0.000000000000000000, 1.460819769243627131E-16 ) ) ;
#658 = ORIENTED_EDGE ( 'NONE', *, *, #2323, .T. ) ;
#659 = DIRECTION ( 'NONE',  ( 0.000000000000000000, 0.000000000000000000, -1.000000000000000000 ) ) ;
#660 = ORIENTED_EDGE ( 'NONE', *, *, #1066, .F. ) ;
#661 = VERTEX_POINT ( 'NONE', #3179 ) ;
#662 = CARTESIAN_POINT ( 'NONE',  ( -43.50000000000000711, -23.30000000000000071, 39.99999999999998579 ) ) ;
#663 = AXIS2_PLACEMENT_3D ( 'NONE', #1497, #1120, #4140 ) ;
#664 = CARTESIAN_POINT ( 'NONE',  ( -25.99999999999999645, 1.000000000000000000, -46.69999999999999574 ) ) ;
#665 = ORIENTED_EDGE ( 'NONE', *, *, #4026, .F. ) ;
#666 = VERTEX_POINT ( 'NONE', #1007 ) ;
#667 = AXIS2_PLACEMENT_3D ( 'NONE', #4648, #4253, #4278 ) ;
#668 = CARTESIAN_POINT ( 'NONE',  ( -47.30000000000000426, -4.000000000000000000, 34.99999999999999289 ) ) ;
#669 = FACE_OUTER_BOUND ( 'NONE', #3957, .T. ) ;
#670 = ORIENTED_EDGE ( 'NONE', *, *, #2767, .F. ) ;
#671 = DIRECTION ( 'NONE',  ( 0.000000000000000000, 0.000000000000000000, -1.000000000000000000 ) ) ;
#672 = DIRECTION ( 'NONE',  ( 1.000000000000000000, 0.000000000000000000, -1.460819769243627131E-16 ) ) ;
#673 = FACE_OUTER_BOUND ( 'NONE', #2716, .T. ) ;
#674 = EDGE_CURVE ( 'NONE', #4682, #1068, #3706, .T. ) ;
#675 = EDGE_CURVE ( 'NONE', #1773, #4434, #4077, .T. ) ;
#676 = DIRECTION ( 'NONE',  ( 0.000000000000000000, -1.000000000000000000, 0.000000000000000000 ) ) ;
#677 = ORIENTED_EDGE ( 'NONE', *, *, #1486, .T. ) ;
#678 = DIRECTION ( 'NONE',  ( -0.000000000000000000, 1.000000000000000000, -0.000000000000000000 ) ) ;
#679 = EDGE_CURVE ( 'NONE', #1730, #3683, #1083, .T. ) ;
#680 = LINE ( 'NONE', #3769, #4216 ) ;
#681 = ORIENTED_EDGE ( 'NONE', *, *, #2429, .T. ) ;
#682 = DIRECTION ( 'NONE',  ( 0.000000000000000000, 1.000000000000000000, -0.000000000000000000 ) ) ;
#683 = EDGE_LOOP ( 'NONE', ( #440, #3118, #2111, #1271, #1939, #1152, #4270 ) ) ;
#684 = CARTESIAN_POINT ( 'NONE',  ( 40.00000000000000000, -23.30000000000000071, 0.000000000000000000 ) ) ;
#685 = LINE ( 'NONE', #2198, #3307 ) ;
#686 = CARTESIAN_POINT ( 'NONE',  ( -47.30000000000000426, -4.000000000000000000, 36.00000000000000000 ) ) ;
#687 = EDGE_LOOP ( 'NONE', ( #3055, #604, #1476, #1904, #1223, #3715, #1064, #2949 ) ) ;
#688 = EDGE_LOOP ( 'NONE', ( #4337, #1200, #1524, #3515 ) ) ;
#689 = CYLINDRICAL_SURFACE ( 'NONE', #472, 1.550000000000002709 ) ;
#690 = CIRCLE ( 'NONE', #1480, 1.999999999999998224 ) ;
#691 = FACE_BOUND ( 'NONE', #2575, .T. ) ;
#692 = ORIENTED_EDGE ( 'NONE', *, *, #1553, .F. ) ;
#693 = DIRECTION ( 'NONE',  ( -1.559302000878028960E-16, -0.000000000000000000, 1.000000000000000000 ) ) ;
#694 = DIRECTION ( 'NONE',  ( 0.000000000000000000, -1.000000000000000000, 0.000000000000000000 ) ) ;
#695 = CIRCLE ( 'NONE', #3775, 2.500000000000002220 ) ;
#696 = AXIS2_PLACEMENT_3D ( 'NONE', #435, #4257, #415 ) ;
#697 = CYLINDRICAL_SURFACE ( 'NONE', #3108, 1.000000000000000888 ) ;
#698 = VERTEX_POINT ( 'NONE', #347 ) ;
#699 = EDGE_CURVE ( 'NONE', #2318, #858, #2577, .T. ) ;
#700 = AXIS2_PLACEMENT_3D ( 'NONE', #2016, #1640, #2435 ) ;
#701 = VECTOR ( 'NONE', #965, 1000.000000000000000 ) ;
#702 = CARTESIAN_POINT ( 'NONE',  ( 43.50000000000000000, -16.00000000000000000, -4.500000000000000888 ) ) ;
#703 = DIRECTION ( 'NONE',  ( 0.000000000000000000, 0.000000000000000000, -1.000000000000000000 ) ) ;
#704 = DIRECTION ( 'NONE',  ( 1.000000000000000000, 0.000000000000000000, -1.067522139062649685E-15 ) ) ;
#705 = CIRCLE ( 'NONE', #2289, 1.000000000000000888 ) ;
#706 = ORIENTED_EDGE ( 'NONE', *, *, #3508, .F. ) ;
#707 = CARTESIAN_POINT ( 'NONE',  ( 39.50000000000000000, -16.00000000000000000, 0.000000000000000000 ) ) ;
#708 = ORIENTED_EDGE ( 'NONE', *, *, #1528, .F. ) ;
#709 = VERTEX_POINT ( 'NONE', #3713 ) ;
#710 = EDGE_CURVE ( 'NONE', #3911, #2797, #1437, .T. ) ;
#711 = DIRECTION ( 'NONE',  ( 0.000000000000000000, -1.000000000000000000, 0.000000000000000000 ) ) ;
#712 = CIRCLE ( 'NONE', #3936, 2.000000000000001776 ) ;
#713 = FACE_OUTER_BOUND ( 'NONE', #24, .T. ) ;
#714 = ORIENTED_EDGE ( 'NONE', *, *, #3756, .T. ) ;
#715 = DIRECTION ( 'NONE',  ( 0.000000000000000000, 0.000000000000000000, -1.000000000000000000 ) ) ;
#716 = VECTOR ( 'NONE', #3301, 1000.000000000000000 ) ;
#717 = VERTEX_POINT ( 'NONE', #4495 ) ;
#718 = EDGE_CURVE ( 'NONE', #2393, #4708, #4324, .T. ) ;
#719 = DIRECTION ( 'NONE',  ( 1.000000000000000000, 0.000000000000000000, 9.376883653928686131E-17 ) ) ;
#720 = VECTOR ( 'NONE', #4779, 1000.000000000000000 ) ;
#721 = CARTESIAN_POINT ( 'NONE',  ( 47.30000000000000426, -4.000000000000000000, 34.99999999999999289 ) ) ;
#722 = ORIENTED_EDGE ( 'NONE', *, *, #4599, .F. ) ;
#723 = AXIS2_PLACEMENT_3D ( 'NONE', #910, #212, #2873 ) ;
#724 = DIRECTION ( 'NONE',  ( 0.000000000000000000, 0.000000000000000000, 1.000000000000000000 ) ) ;
#725 = DIRECTION ( 'NONE',  ( 0.000000000000000000, -0.000000000000000000, -1.000000000000000000 ) ) ;
#726 = AXIS2_PLACEMENT_3D ( 'NONE', #4069, #3625, #2194 ) ;
#727 = LINE ( 'NONE', #3000, #3741 ) ;
#728 = ORIENTED_EDGE ( 'NONE', *, *, #3315, .F. ) ;
#729 = DIRECTION ( 'NONE',  ( 0.000000000000000000, -1.000000000000000000, 0.000000000000000000 ) ) ;
#730 = DIRECTION ( 'NONE',  ( -0.000000000000000000, -1.000000000000000000, 0.000000000000000000 ) ) ;
#731 = CARTESIAN_POINT ( 'NONE',  ( 39.99999999999999289, -16.00000000000000000, -43.50000000000000711 ) ) ;
#732 = ORIENTED_EDGE ( 'NONE', *, *, #3538, .T. ) ;
#733 = DIRECTION ( 'NONE',  ( -0.000000000000000000, 1.000000000000000000, -0.000000000000000000 ) ) ;
#734 = VERTEX_POINT ( 'NONE', #2553 ) ;
#735 = DIRECTION ( 'NONE',  ( -0.000000000000000000, 1.000000000000000000, 0.000000000000000000 ) ) ;
#736 = DIRECTION ( 'NONE',  ( 0.000000000000000000, 0.000000000000000000, 1.000000000000000000 ) ) ;
#737 = FACE_OUTER_BOUND ( 'NONE', #4586, .T. ) ;
#738 = CIRCLE ( 'NONE', #1274, 1.050000000000002265 ) ;
#739 = ADVANCED_FACE ( 'NONE', ( #4448, #691, #1908, #369, #1481, #1111 ), #4104, .F. ) ;
#740 = ORIENTED_EDGE ( 'NONE', *, *, #2404, .T. ) ;
#741 = CARTESIAN_POINT ( 'NONE',  ( 35.00000000000000000, 0.000000000000000000, 41.49999999999999289 ) ) ;
#742 = EDGE_LOOP ( 'NONE', ( #1403, #4057, #883, #3908, #3967, #3640, #2327, #2299 ) ) ;
#743 = CIRCLE ( 'NONE', #3263, 2.000000000000015543 ) ;
#744 = CARTESIAN_POINT ( 'NONE',  ( 43.50000000000000000, -16.00000000000000000, 43.50000000000000000 ) ) ;
#745 = DIRECTION ( 'NONE',  ( -0.000000000000000000, -1.000000000000000000, -0.000000000000000000 ) ) ;
#746 = EDGE_CURVE ( 'NONE', #1870, #461, #609, .T. ) ;
#747 = VECTOR ( 'NONE', #3121, 1000.000000000000000 ) ;
#748 = ORIENTED_EDGE ( 'NONE', *, *, #1723, .F. ) ;
#749 = CARTESIAN_POINT ( 'NONE',  ( -46.50000000000001421, -32.00000000000000000, -44.50000000000001421 ) ) ;
#750 = FACE_OUTER_BOUND ( 'NONE', #3719, .T. ) ;
#751 = FACE_OUTER_BOUND ( 'NONE', #1568, .T. ) ;
#752 = EDGE_LOOP ( 'NONE', ( #911, #2938 ) ) ;
#753 = LINE ( 'NONE', #3028, #67 ) ;
#754 = CARTESIAN_POINT ( 'NONE',  ( 43.49999999999999289, -23.30000000000000071, 39.99999999999999289 ) ) ;
#755 = DIRECTION ( 'NONE',  ( 0.000000000000000000, -1.000000000000000000, 0.000000000000000000 ) ) ;
#756 = ORIENTED_EDGE ( 'NONE', *, *, #2715, .F. ) ;
#757 = CARTESIAN_POINT ( 'NONE',  ( 43.50000000000000000, -23.30000000000000071, 2.500000000000000000 ) ) ;
#758 = VERTEX_POINT ( 'NONE', #2969 ) ;
#759 = DIRECTION ( 'NONE',  ( -0.000000000000000000, -1.000000000000000000, -0.000000000000000000 ) ) ;
#760 = CARTESIAN_POINT ( 'NONE',  ( -41.49999999999998579, -23.30000000000000071, -34.99999999999999289 ) ) ;
#761 = CARTESIAN_POINT ( 'NONE',  ( 44.49999999999998579, 1.000000000000000000, -44.50000000000001421 ) ) ;
#762 = VERTEX_POINT ( 'NONE', #2259 ) ;
#763 = CARTESIAN_POINT ( 'NONE',  ( 40.00000000000000000, -32.00000000000000000, -41.05000000000000426 ) ) ;
#764 = ORIENTED_EDGE ( 'NONE', *, *, #4235, .T. ) ;
#765 = EDGE_CURVE ( 'NONE', #2837, #108, #4883, .T. ) ;
#766 = EDGE_CURVE ( 'NONE', #2341, #4143, #2206, .T. ) ;
#767 = CARTESIAN_POINT ( 'NONE',  ( -47.50000000000001421, -32.00000000000000000, -44.50000000000001421 ) ) ;
#768 = CYLINDRICAL_SURFACE ( 'NONE', #210, 2.000000000000015543 ) ;
#769 = VERTEX_POINT ( 'NONE', #1806 ) ;
#770 = EDGE_CURVE ( 'NONE', #3236, #1320, #2993, .T. ) ;
#771 = EDGE_CURVE ( 'NONE', #3094, #758, #4466, .T. ) ;
#772 = PLANE ( 'NONE',  #788 ) ;
#773 = CARTESIAN_POINT ( 'NONE',  ( -23.99999999999999645, 0.000000000000000000, -46.50000000000001421 ) ) ;
#774 = VECTOR ( 'NONE', #490, 1000.000000000000000 ) ;
#775 = CARTESIAN_POINT ( 'NONE',  ( 22.00000000000000000, -16.39999999999999858, -43.50000000000000000 ) ) ;
#776 = ORIENTED_EDGE ( 'NONE', *, *, #3336, .F. ) ;
#777 = EDGE_CURVE ( 'NONE', #1204, #3243, #2602, .T. ) ;
#778 = VECTOR ( 'NONE', #1575, 1000.000000000000000 ) ;
#779 = LINE ( 'NONE', #4190, #4421 ) ;
#780 = CYLINDRICAL_SURFACE ( 'NONE', #1932, 1.050000000000002265 ) ;
#781 = VERTEX_POINT ( 'NONE', #4902 ) ;
#782 = DIRECTION ( 'NONE',  ( -0.000000000000000000, -1.000000000000000000, -0.000000000000000000 ) ) ;
#783 = ORIENTED_EDGE ( 'NONE', *, *, #2065, .F. ) ;
#784 = VECTOR ( 'NONE', #2242, 1000.000000000000000 ) ;
#785 = AXIS2_PLACEMENT_3D ( 'NONE', #2410, #945, #3250 ) ;
#786 = LINE ( 'NONE', #4612, #2434 ) ;
#787 = DIRECTION ( 'NONE',  ( -0.000000000000000000, 1.000000000000000000, -0.000000000000000000 ) ) ;
#788 = AXIS2_PLACEMENT_3D ( 'NONE', #4526, #2997, #1442 ) ;
#789 = CARTESIAN_POINT ( 'NONE',  ( 44.49999999999999289, 0.000000000000000000, 44.50000000000000000 ) ) ;
#790 = ORIENTED_EDGE ( 'NONE', *, *, #4608, .T. ) ;
#791 = FACE_OUTER_BOUND ( 'NONE', #1138, .T. ) ;
#792 = ORIENTED_EDGE ( 'NONE', *, *, #1230, .F. ) ;
#793 = CIRCLE ( 'NONE', #3002, 2.000000000000001776 ) ;
#794 = DIRECTION ( 'NONE',  ( 1.000000000000000000, -0.000000000000000000, 1.460819769243627131E-16 ) ) ;
#795 = DIRECTION ( 'NONE',  ( 1.000000000000000000, -0.000000000000000000, -1.460819769243627377E-16 ) ) ;
#796 = AXIS2_PLACEMENT_3D ( 'NONE', #1940, #1494, #3005 ) ;
#797 = EDGE_CURVE ( 'NONE', #2493, #1320, #3021, .T. ) ;
#798 = ORIENTED_EDGE ( 'NONE', *, *, #886, .F. ) ;
#799 = VECTOR ( 'NONE', #2504, 1000.000000000000000 ) ;
#800 = CARTESIAN_POINT ( 'NONE',  ( -46.50000000000001421, -31.00000000000000000, -44.50000000000001421 ) ) ;
#801 = DIRECTION ( 'NONE',  ( -1.000000000000000000, 0.000000000000000000, -0.000000000000000000 ) ) ;
#802 = ADVANCED_FACE ( 'NONE', ( #1136 ), #768, .T. ) ;
#803 = VECTOR ( 'NONE', #991, 1000.000000000000000 ) ;
#804 = CARTESIAN_POINT ( 'NONE',  ( 43.50000000000000000, -32.00000000000000000, 37.00000000000000711 ) ) ;
#805 = ORIENTED_EDGE ( 'NONE', *, *, #3999, .F. ) ;
#806 = AXIS2_PLACEMENT_3D ( 'NONE', #390, #1902, #3360 ) ;
#807 = CARTESIAN_POINT ( 'NONE',  ( -47.49999999999998579, -23.99999999999999289, -34.00000000000000000 ) ) ;
#808 = LINE ( 'NONE', #1257, #747 ) ;
#809 = ADVANCED_FACE ( 'NONE', ( #669 ), #3686, .F. ) ;
#810 = ORIENTED_EDGE ( 'NONE', *, *, #3880, .F. ) ;
#811 = DIRECTION ( 'NONE',  ( -0.000000000000000000, -1.000000000000000000, -0.000000000000000000 ) ) ;
#812 = VECTOR ( 'NONE', #3748, 1000.000000000000000 ) ;
#813 = ORIENTED_EDGE ( 'NONE', *, *, #3855, .T. ) ;
#814 = CYLINDRICAL_SURFACE ( 'NONE', #301, 1.000000000000000888 ) ;
#815 = CARTESIAN_POINT ( 'NONE',  ( 40.00000000000000000, -32.00000000000000000, 0.000000000000000000 ) ) ;
#816 = ORIENTED_EDGE ( 'NONE', *, *, #4062, .F. ) ;
#817 = DIRECTION ( 'NONE',  ( 0.000000000000000000, -1.000000000000000000, 0.000000000000000000 ) ) ;
#818 = ORIENTED_EDGE ( 'NONE', *, *, #2555, .F. ) ;
#819 = DIRECTION ( 'NONE',  ( -1.460819769243627131E-16, 0.000000000000000000, -1.000000000000000000 ) ) ;
#820 = CARTESIAN_POINT ( 'NONE',  ( -39.99999999999998579, -16.00000000000000000, -43.50000000000000711 ) ) ;
#821 = ORIENTED_EDGE ( 'NONE', *, *, #3547, .F. ) ;
#822 = AXIS2_PLACEMENT_3D ( 'NONE', #2138, #194, #993 ) ;
#823 = FACE_OUTER_BOUND ( 'NONE', #4308, .T. ) ;
#824 = CARTESIAN_POINT ( 'NONE',  ( -43.49999999999999289, 0.000000000000000000, -37.00000000000000000 ) ) ;
#825 = AXIS2_PLACEMENT_3D ( 'NONE', #3676, #176, #1712 ) ;
#826 = ORIENTED_EDGE ( 'NONE', *, *, #2889, .T. ) ;
#827 = EDGE_CURVE ( 'NONE', #3588, #2779, #4226, .T. ) ;
#828 = DIRECTION ( 'NONE',  ( 1.595148023886719315E-16, 0.000000000000000000, -1.000000000000000000 ) ) ;
#829 = EDGE_CURVE ( 'NONE', #591, #2325, #863, .T. ) ;
#830 = CARTESIAN_POINT ( 'NONE',  ( -36.99999999999998579, 0.000000000000000000, -43.50000000000000000 ) ) ;
#831 = ORIENTED_EDGE ( 'NONE', *, *, #2261, .F. ) ;
#832 = DIRECTION ( 'NONE',  ( 0.000000000000000000, 0.000000000000000000, -1.000000000000000000 ) ) ;
#833 = VERTEX_POINT ( 'NONE', #4637 ) ;
#834 = DIRECTION ( 'NONE',  ( 1.000000000000000000, 0.000000000000000000, -1.559302000878028960E-16 ) ) ;
#835 = ADVANCED_FACE ( 'NONE', ( #2331 ), #1603, .F. ) ;
#836 = DIRECTION ( 'NONE',  ( -0.000000000000000000, 1.000000000000000000, -0.000000000000000000 ) ) ;
#837 = ORIENTED_EDGE ( 'NONE', *, *, #2522, .T. ) ;
#838 = PLANE ( 'NONE',  #4835 ) ;
#839 = ORIENTED_EDGE ( 'NONE', *, *, #1030, .F. ) ;
#840 = ORIENTED_EDGE ( 'NONE', *, *, #1126, .F. ) ;
#841 = DIRECTION ( 'NONE',  ( 0.000000000000000000, 0.000000000000000000, -1.000000000000000000 ) ) ;
#842 = CARTESIAN_POINT ( 'NONE',  ( 34.99999999999999289, -16.00000000000000000, -43.50000000000000000 ) ) ;
#843 = EDGE_LOOP ( 'NONE', ( #1929, #438 ) ) ;
#844 = CARTESIAN_POINT ( 'NONE',  ( -41.49999999999999289, -23.30000000000000071, -4.499999999999997335 ) ) ;
#845 = CARTESIAN_POINT ( 'NONE',  ( -40.00000000000000000, -23.30000000000000071, 38.94999999999999574 ) ) ;
#846 = EDGE_LOOP ( 'NONE', ( #3173, #3812, #1112, #1432 ) ) ;
#847 = CARTESIAN_POINT ( 'NONE',  ( 44.50000000000000000, -32.00000000000000000, 46.49999999999998579 ) ) ;
#848 = VECTOR ( 'NONE', #2948, 1000.000000000000000 ) ;
#849 = LINE ( 'NONE', #1197, #348 ) ;
#850 = DIRECTION ( 'NONE',  ( 0.000000000000000000, -1.000000000000000000, 0.000000000000000000 ) ) ;
#851 = EDGE_CURVE ( 'NONE', #420, #2256, #4204, .T. ) ;
#852 = ORIENTED_EDGE ( 'NONE', *, *, #3071, .T. ) ;
#853 = CARTESIAN_POINT ( 'NONE',  ( -43.50000000000000000, -16.00000000000000000, -43.50000000000000711 ) ) ;
#854 = VECTOR ( 'NONE', #507, 1000.000000000000000 ) ;
#855 = DIRECTION ( 'NONE',  ( 0.000000000000000000, 1.000000000000000000, -0.000000000000000000 ) ) ;
#856 = DIRECTION ( 'NONE',  ( 0.000000000000000000, 0.000000000000000000, -1.000000000000000000 ) ) ;
#857 = VECTOR ( 'NONE', #3649, 1000.000000000000000 ) ;
#858 = VERTEX_POINT ( 'NONE', #820 ) ;
#859 = DIRECTION ( 'NONE',  ( 1.000000000000000000, -0.000000000000000000, 1.460819769243627131E-16 ) ) ;
#860 = ADVANCED_FACE ( 'NONE', ( #444, #467 ), #1208, .T. ) ;
#861 = VERTEX_POINT ( 'NONE', #47 ) ;
#862 = CIRCLE ( 'NONE', #388, 1.050000000000002265 ) ;
#863 = LINE ( 'NONE', #1184, #2596 ) ;
#864 = EDGE_CURVE ( 'NONE', #4802, #1178, #1582, .T. ) ;
#865 = AXIS2_PLACEMENT_3D ( 'NONE', #3390, #328, #4157 ) ;
#866 = ORIENTED_EDGE ( 'NONE', *, *, #2348, .F. ) ;
#867 = FACE_OUTER_BOUND ( 'NONE', #178, .T. ) ;
#868 = AXIS2_PLACEMENT_3D ( 'NONE', #1459, #4465, #2181 ) ;
#869 = DIRECTION ( 'NONE',  ( 0.000000000000000000, 0.000000000000000000, -1.000000000000000000 ) ) ;
#870 = VERTEX_POINT ( 'NONE', #3483 ) ;
#871 = AXIS2_PLACEMENT_3D ( 'NONE', #2661, #2243, #4139 ) ;
#872 = LINE ( 'NONE', #2385, #147 ) ;
#873 = AXIS2_PLACEMENT_3D ( 'NONE', #1913, #890, #2795 ) ;
#874 = LINE ( 'NONE', #3491, #4371 ) ;
#875 = DIRECTION ( 'NONE',  ( 0.000000000000000000, 0.000000000000000000, -1.000000000000000000 ) ) ;
#876 = ORIENTED_EDGE ( 'NONE', *, *, #675, .T. ) ;
#877 = DIRECTION ( 'NONE',  ( 1.000000000000000000, -0.000000000000000000, -1.460819769243627377E-16 ) ) ;
#878 = VECTOR ( 'NONE', #3453, 1000.000000000000000 ) ;
#879 = DIRECTION ( 'NONE',  ( 0.000000000000000000, 0.000000000000000000, -1.000000000000000000 ) ) ;
#880 = AXIS2_PLACEMENT_3D ( 'NONE', #2543, #2569, #1424 ) ;
#881 = ORIENTED_EDGE ( 'NONE', *, *, #1955, .F. ) ;
#882 = CARTESIAN_POINT ( 'NONE',  ( 44.50000000000000000, 1.000000000000000000, 47.49999999999998579 ) ) ;
#883 = ORIENTED_EDGE ( 'NONE', *, *, #4183, .T. ) ;
#884 = EDGE_CURVE ( 'NONE', #1835, #3911, #3300, .T. ) ;
#885 = LINE ( 'NONE', #1157, #854 ) ;
#886 = EDGE_CURVE ( 'NONE', #944, #4275, #2397, .T. ) ;
#887 = VERTEX_POINT ( 'NONE', #3895 ) ;
#888 = EDGE_CURVE ( 'NONE', #3660, #2651, #61, .T. ) ;
#889 = CARTESIAN_POINT ( 'NONE',  ( -39.99999999999998579, -32.00000000000000000, -43.50000000000000000 ) ) ;
#890 = DIRECTION ( 'NONE',  ( -0.000000000000000000, 1.000000000000000000, -0.000000000000000000 ) ) ;
#891 = VECTOR ( 'NONE', #4726, 1000.000000000000000 ) ;
#892 = ORIENTED_EDGE ( 'NONE', *, *, #3336, .T. ) ;
#893 = CARTESIAN_POINT ( 'NONE',  ( 37.00000000000000000, 0.000000000000000000, 37.00000000000000711 ) ) ;
#894 = CIRCLE ( 'NONE', #2960, 1.000000000000000888 ) ;
#895 = ORIENTED_EDGE ( 'NONE', *, *, #548, .F. ) ;
#896 = LINE ( 'NONE', #80, #2298 ) ;
#897 = CARTESIAN_POINT ( 'NONE',  ( 47.49999999999998579, -13.99999999999998934, -35.00000000000000711 ) ) ;
#898 = PLANE ( 'NONE',  #1053 ) ;
#899 = VERTEX_POINT ( 'NONE', #1980 ) ;
#900 = CARTESIAN_POINT ( 'NONE',  ( -44.50000000000000000, 1.000000000000000000, 47.49999999999998579 ) ) ;
#901 = DIRECTION ( 'NONE',  ( -1.000000000000000000, -0.000000000000000000, -0.000000000000000000 ) ) ;
#902 = EDGE_LOOP ( 'NONE', ( #1360, #2254, #2538, #452 ) ) ;
#903 = DIRECTION ( 'NONE',  ( 0.000000000000000000, 0.000000000000000000, -1.000000000000000000 ) ) ;
#904 = EDGE_LOOP ( 'NONE', ( #4694, #3766, #839, #4306 ) ) ;
#905 = CARTESIAN_POINT ( 'NONE',  ( -39.99999999999998579, -32.00000000000000000, -43.50000000000000000 ) ) ;
#906 = CARTESIAN_POINT ( 'NONE',  ( -43.50000000000000711, -32.00000000000000000, 39.99999999999998579 ) ) ;
#907 = VERTEX_POINT ( 'NONE', #3130 ) ;
#908 = ADVANCED_FACE ( 'NONE', ( #3459 ), #94, .T. ) ;
#909 = DIRECTION ( 'NONE',  ( -0.000000000000000000, -1.000000000000000000, -0.000000000000000000 ) ) ;
#910 = CARTESIAN_POINT ( 'NONE',  ( -24.00000000000000000, 16.40000000000000213, 47.50099999999999056 ) ) ;
#911 = ORIENTED_EDGE ( 'NONE', *, *, #97, .T. ) ;
#912 = EDGE_CURVE ( 'NONE', #2260, #1987, #3438, .T. ) ;
#913 = ORIENTED_EDGE ( 'NONE', *, *, #4625, .F. ) ;
#914 = ADVANCED_FACE ( 'NONE', ( #1556, #2743 ), #4243, .T. ) ;
#915 = PLANE ( 'NONE',  #3012 ) ;
#916 = DIRECTION ( 'NONE',  ( 1.000000000000000000, -0.000000000000000000, -1.460819769243627377E-16 ) ) ;
#917 = EDGE_CURVE ( 'NONE', #496, #587, #456, .T. ) ;
#918 = ORIENTED_EDGE ( 'NONE', *, *, #3064, .T. ) ;
#919 = DIRECTION ( 'NONE',  ( 0.000000000000000000, 0.000000000000000000, -1.000000000000000000 ) ) ;
#920 = DIRECTION ( 'NONE',  ( 0.000000000000000000, 0.000000000000000000, 1.000000000000000000 ) ) ;
#921 = CIRCLE ( 'NONE', #4557, 1.050000000000002265 ) ;
#922 = CARTESIAN_POINT ( 'NONE',  ( 40.00000000000000000, -16.00000000000000000, -1.050000000000002265 ) ) ;
#923 = DIRECTION ( 'NONE',  ( 0.000000000000000000, 0.000000000000000000, -1.000000000000000000 ) ) ;
#924 = ORIENTED_EDGE ( 'NONE', *, *, #3100, .T. ) ;
#925 = CARTESIAN_POINT ( 'NONE',  ( -43.50000000000000000, -16.00000000000000000, 39.99999999999998579 ) ) ;
#926 = ORIENTED_EDGE ( 'NONE', *, *, #1820, .T. ) ;
#927 = ORIENTED_EDGE ( 'NONE', *, *, #2919, .F. ) ;
#928 = AXIS2_PLACEMENT_3D ( 'NONE', #3378, #1899, #1847 ) ;
#929 = VECTOR ( 'NONE', #3803, 1000.000000000000000 ) ;
#930 = DIRECTION ( 'NONE',  ( 0.000000000000000000, -1.000000000000000000, 0.000000000000000000 ) ) ;
#931 = DIRECTION ( 'NONE',  ( 0.000000000000000000, 0.000000000000000000, -1.000000000000000000 ) ) ;
#932 = ORIENTED_EDGE ( 'NONE', *, *, #2038, .F. ) ;
#933 = VECTOR ( 'NONE', #4831, 1000.000000000000000 ) ;
#934 = DIRECTION ( 'NONE',  ( 0.000000000000000000, 0.000000000000000000, 1.000000000000000000 ) ) ;
#935 = CARTESIAN_POINT ( 'NONE',  ( 44.49999999999998579, -31.00000000000000000, -44.50000000000001421 ) ) ;
#936 = VECTOR ( 'NONE', #4398, 1000.000000000000000 ) ;
#937 = ORIENTED_EDGE ( 'NONE', *, *, #2157, .F. ) ;
#938 = EDGE_LOOP ( 'NONE', ( #2105, #454, #960, #670 ) ) ;
#939 = FACE_OUTER_BOUND ( 'NONE', #4200, .T. ) ;
#940 = AXIS2_PLACEMENT_3D ( 'NONE', #668, #1877, #3712 ) ;
#941 = CARTESIAN_POINT ( 'NONE',  ( -47.29999999999999005, -3.999999999999991562, -35.00000000000000711 ) ) ;
#942 = EDGE_CURVE ( 'NONE', #3802, #4364, #885, .T. ) ;
#943 = CARTESIAN_POINT ( 'NONE',  ( 37.00000000000000000, -16.00000000000000000, -39.50000000000000000 ) ) ;
#944 = VERTEX_POINT ( 'NONE', #134 ) ;
#945 = DIRECTION ( 'NONE',  ( -1.000000000000000000, -0.000000000000000000, -1.460819769243627377E-16 ) ) ;
#946 = DIRECTION ( 'NONE',  ( -1.559302000878028960E-16, -0.000000000000000000, -1.000000000000000000 ) ) ;
#947 = VECTOR ( 'NONE', #3789, 1000.000000000000000 ) ;
#948 = DIRECTION ( 'NONE',  ( 0.000000000000000000, 0.000000000000000000, 1.000000000000000000 ) ) ;
#949 = ADVANCED_FACE ( 'NONE', ( #3044 ), #4548, .F. ) ;
#950 = DIRECTION ( 'NONE',  ( 0.000000000000000000, -1.000000000000000000, 0.000000000000000000 ) ) ;
#951 = ORIENTED_EDGE ( 'NONE', *, *, #653, .F. ) ;
#952 = FACE_OUTER_BOUND ( 'NONE', #1, .T. ) ;
#953 = VECTOR ( 'NONE', #241, 1000.000000000000000 ) ;
#954 = ORIENTED_EDGE ( 'NONE', *, *, #2261, .T. ) ;
#955 = VERTEX_POINT ( 'NONE', #905 ) ;
#956 = DIRECTION ( 'NONE',  ( 1.460819769243627131E-16, 0.000000000000000000, -1.000000000000000000 ) ) ;
#957 = VECTOR ( 'NONE', #1449, 1000.000000000000000 ) ;
#958 = DIRECTION ( 'NONE',  ( 0.000000000000000000, 0.000000000000000000, 1.000000000000000000 ) ) ;
#959 = LINE ( 'NONE', #585, #3312 ) ;
#960 = ORIENTED_EDGE ( 'NONE', *, *, #1466, .F. ) ;
#961 = CARTESIAN_POINT ( 'NONE',  ( 41.49999999999999289, -23.30000000000000071, 2.500000000000000000 ) ) ;
#962 = LINE ( 'NONE', #3998, #4114 ) ;
#963 = ORIENTED_EDGE ( 'NONE', *, *, #1803, .F. ) ;
#964 = ORIENTED_EDGE ( 'NONE', *, *, #1820, .F. ) ;
#965 = DIRECTION ( 'NONE',  ( -0.000000000000000000, 1.000000000000000000, -0.000000000000000000 ) ) ;
#966 = LINE ( 'NONE', #2135, #3139 ) ;
#967 = DIRECTION ( 'NONE',  ( 0.000000000000000000, 1.000000000000000000, -0.000000000000000000 ) ) ;
#968 = DIRECTION ( 'NONE',  ( 0.000000000000000000, -0.000000000000000000, -1.000000000000000000 ) ) ;
#969 = EDGE_LOOP ( 'NONE', ( #279, #937, #4475, #3226 ) ) ;
#970 = DIRECTION ( 'NONE',  ( -0.000000000000000000, -1.000000000000000000, -0.000000000000000000 ) ) ;
#971 = VECTOR ( 'NONE', #1519, 1000.000000000000000 ) ;
#972 = EDGE_CURVE ( 'NONE', #2894, #223, #1800, .T. ) ;
#973 = ADVANCED_FACE ( 'NONE', ( #2472 ), #1720, .F. ) ;
#974 = CARTESIAN_POINT ( 'NONE',  ( -47.30000000000000426, -13.99999999999999822, 36.00000000000000000 ) ) ;
#975 = LINE ( 'NONE', #3220, #4413 ) ;
#976 = DIRECTION ( 'NONE',  ( 0.000000000000000000, 0.000000000000000000, -1.000000000000000000 ) ) ;
#977 = AXIS2_PLACEMENT_3D ( 'NONE', #431, #2386, #2407 ) ;
#978 = VERTEX_POINT ( 'NONE', #1267 ) ;
#979 = LINE ( 'NONE', #2490, #1988 ) ;
#980 = ORIENTED_EDGE ( 'NONE', *, *, #710, .F. ) ;
#981 = VERTEX_POINT ( 'NONE', #3942 ) ;
#982 = EDGE_CURVE ( 'NONE', #1870, #1924, #3154, .T. ) ;
#983 = ADVANCED_FACE ( 'NONE', ( #1004 ), #2811, .F. ) ;
#984 = CARTESIAN_POINT ( 'NONE',  ( -47.30000000000000426, -24.00000000000000000, 34.99999999999999289 ) ) ;
#985 = CARTESIAN_POINT ( 'NONE',  ( -44.49999999999999289, 0.000000000000000000, -42.94999999999999574 ) ) ;
#986 = VERTEX_POINT ( 'NONE', #560 ) ;
#987 = DIRECTION ( 'NONE',  ( 0.000000000000000000, 0.000000000000000000, 1.000000000000000000 ) ) ;
#988 = CARTESIAN_POINT ( 'NONE',  ( -40.00000000000000000, -32.00000000000000000, -1.050000000000002265 ) ) ;
#989 = EDGE_LOOP ( 'NONE', ( #2362, #501, #927, #4718 ) ) ;
#990 = DIRECTION ( 'NONE',  ( -1.595148023886719315E-16, -0.000000000000000000, 1.000000000000000000 ) ) ;
#991 = DIRECTION ( 'NONE',  ( 1.000000000000000000, 0.000000000000000000, 0.000000000000000000 ) ) ;
#992 = DIRECTION ( 'NONE',  ( 0.000000000000000000, 0.000000000000000000, 1.000000000000000000 ) ) ;
#993 = DIRECTION ( 'NONE',  ( 0.000000000000000000, 0.000000000000000000, -1.000000000000000000 ) ) ;
#994 = ORIENTED_EDGE ( 'NONE', *, *, #3694, .F. ) ;
#995 = CARTESIAN_POINT ( 'NONE',  ( -37.00000000000000711, -23.30000000000000071, 41.49999999999998579 ) ) ;
#996 = FACE_OUTER_BOUND ( 'NONE', #4675, .T. ) ;
#997 = FACE_OUTER_BOUND ( 'NONE', #1531, .T. ) ;
#998 = ADVANCED_FACE ( 'NONE', ( #3993 ), #205, .T. ) ;
#999 = ORIENTED_EDGE ( 'NONE', *, *, #4235, .F. ) ;
#1000 = DIRECTION ( 'NONE',  ( -1.000000000000000000, 0.000000000000000000, 0.000000000000000000 ) ) ;
#1001 = ORIENTED_EDGE ( 'NONE', *, *, #1005, .F. ) ;
#1002 = ORIENTED_EDGE ( 'NONE', *, *, #3177, .T. ) ;
#1003 = CARTESIAN_POINT ( 'NONE',  ( -40.00000000000000000, -16.00000000000000000, 43.50000000000000000 ) ) ;
#1004 = FACE_OUTER_BOUND ( 'NONE', #4363, .T. ) ;
#1005 = EDGE_CURVE ( 'NONE', #4338, #1757, #1716, .T. ) ;
#1006 = AXIS2_PLACEMENT_3D ( 'NONE', #422, #584, #2097 ) ;
#1007 = CARTESIAN_POINT ( 'NONE',  ( -39.49999999999999289, -23.30000000000000071, -37.00000000000000000 ) ) ;
#1008 = ORIENTED_EDGE ( 'NONE', *, *, #3757, .T. ) ;
#1009 = VECTOR ( 'NONE', #1873, 1000.000000000000000 ) ;
#1010 = DIRECTION ( 'NONE',  ( 1.000000000000000000, 0.000000000000000000, -1.559302000878028960E-16 ) ) ;
#1011 = CARTESIAN_POINT ( 'NONE',  ( 44.49999999999998579, -32.00000000000000000, -44.50000000000001421 ) ) ;
#1012 = ADVANCED_FACE ( 'NONE', ( #3176 ), #4687, .T. ) ;
#1013 = AXIS2_PLACEMENT_3D ( 'NONE', #62, #1202, #4591 ) ;
#1014 = ORIENTED_EDGE ( 'NONE', *, *, #2518, .F. ) ;
#1015 = AXIS2_PLACEMENT_3D ( 'NONE', #1100, #2666, #3356 ) ;
#1016 = EDGE_LOOP ( 'NONE', ( #3902, #3749, #4788, #1457, #4535, #2382, #3725, #4008, #4797, #3195 ) ) ;
#1017 = CARTESIAN_POINT ( 'NONE',  ( 40.00000000000000000, -16.00000000000000000, -38.94999999999999574 ) ) ;
#1018 = AXIS2_PLACEMENT_3D ( 'NONE', #186, #1353, #2794 ) ;
#1019 = FACE_OUTER_BOUND ( 'NONE', #2237, .T. ) ;
#1020 = FACE_OUTER_BOUND ( 'NONE', #572, .T. ) ;
#1021 = ORIENTED_EDGE ( 'NONE', *, *, #3952, .F. ) ;
#1022 = AXIS2_PLACEMENT_3D ( 'NONE', #3487, #1161, #1607 ) ;
#1023 = LINE ( 'NONE', #1341, #2845 ) ;
#1024 = CIRCLE ( 'NONE', #3794, 1.000000000000000888 ) ;
#1025 = CARTESIAN_POINT ( 'NONE',  ( 47.30000000000000426, -24.00000000000000000, 34.99999999999999289 ) ) ;
#1026 = ORIENTED_EDGE ( 'NONE', *, *, #1763, .T. ) ;
#1027 = FACE_OUTER_BOUND ( 'NONE', #3446, .T. ) ;
#1028 = ORIENTED_EDGE ( 'NONE', *, *, #3968, .T. ) ;
#1029 = VECTOR ( 'NONE', #656, 1000.000000000000000 ) ;
#1030 = EDGE_CURVE ( 'NONE', #2071, #285, #3613, .T. ) ;
#1031 = CARTESIAN_POINT ( 'NONE',  ( 26.00000000000000711, 18.39999999999999858, -46.50000000000001421 ) ) ;
#1032 = DIRECTION ( 'NONE',  ( 1.000000000000000000, 0.000000000000000000, -1.460819769243627131E-16 ) ) ;
#1033 = VERTEX_POINT ( 'NONE', #3658 ) ;
#1034 = VERTEX_POINT ( 'NONE', #2416 ) ;
#1035 = EDGE_CURVE ( 'NONE', #3050, #3355, #3132, .T. ) ;
#1036 = VECTOR ( 'NONE', #3605, 1000.000000000000000 ) ;
#1037 = ADVANCED_FACE ( 'NONE', ( #182 ), #1697, .F. ) ;
#1038 = DIRECTION ( 'NONE',  ( 0.000000000000000000, 0.000000000000000000, -1.000000000000000000 ) ) ;
#1039 = DIRECTION ( 'NONE',  ( 0.000000000000000000, 0.000000000000000000, -1.000000000000000000 ) ) ;
#1040 = VECTOR ( 'NONE', #1000, 1000.000000000000000 ) ;
#1041 = ORIENTED_EDGE ( 'NONE', *, *, #3843, .F. ) ;
#1042 = CARTESIAN_POINT ( 'NONE',  ( 47.30000000000000426, -24.00000000000000000, 34.99999999999999289 ) ) ;
#1043 = ADVANCED_FACE ( 'NONE', ( #4389 ), #1650, .T. ) ;
#1044 = CARTESIAN_POINT ( 'NONE',  ( 47.30000000000000426, -13.99999999999999822, 34.99999999999999289 ) ) ;
#1045 = DIRECTION ( 'NONE',  ( 0.000000000000000000, 1.000000000000000000, 0.000000000000000000 ) ) ;
#1046 = DIRECTION ( 'NONE',  ( 0.000000000000000000, -1.000000000000000000, 0.000000000000000000 ) ) ;
#1047 = VERTEX_POINT ( 'NONE', #235 ) ;
#1048 = DIRECTION ( 'NONE',  ( 0.000000000000000000, 0.000000000000000000, 1.000000000000000000 ) ) ;
#1049 = DIRECTION ( 'NONE',  ( 1.000000000000000000, -0.000000000000000000, 1.460819769243627131E-16 ) ) ;
#1050 = CARTESIAN_POINT ( 'NONE',  ( 47.30000000000000426, -24.00000000000000000, 33.99999999999998579 ) ) ;
#1051 = ORIENTED_EDGE ( 'NONE', *, *, #4129, .T. ) ;
#1052 = DIRECTION ( 'NONE',  ( 0.000000000000000000, 0.000000000000000000, -1.000000000000000000 ) ) ;
#1053 = AXIS2_PLACEMENT_3D ( 'NONE', #1258, #3142, #3906 ) ;
#1054 = ORIENTED_EDGE ( 'NONE', *, *, #674, .T. ) ;
#1055 = DIRECTION ( 'NONE',  ( 0.000000000000000000, 0.000000000000000000, -1.000000000000000000 ) ) ;
#1056 = FACE_OUTER_BOUND ( 'NONE', #2665, .T. ) ;
#1057 = CARTESIAN_POINT ( 'NONE',  ( 43.50000000000000000, -16.00000000000000000, -34.99999999999999289 ) ) ;
#1058 = ORIENTED_EDGE ( 'NONE', *, *, #3855, .F. ) ;
#1059 = ORIENTED_EDGE ( 'NONE', *, *, #2336, .T. ) ;
#1060 = VECTOR ( 'NONE', #3052, 1000.000000000000000 ) ;
#1061 = CARTESIAN_POINT ( 'NONE',  ( -37.00000000000000711, 0.000000000000000000, 43.49999999999999289 ) ) ;
#1062 = CARTESIAN_POINT ( 'NONE',  ( 41.49999999999999289, -16.00000000000000000, 4.500000000000000888 ) ) ;
#1063 = ADVANCED_FACE ( 'NONE', ( #1750 ), #3260, .F. ) ;
#1064 = ORIENTED_EDGE ( 'NONE', *, *, #3920, .T. ) ;
#1065 = CARTESIAN_POINT ( 'NONE',  ( -47.30000000000000426, -24.00000000000000000, 34.99999999999999289 ) ) ;
#1066 = EDGE_CURVE ( 'NONE', #601, #4619, #1318, .T. ) ;
#1067 = LINE ( 'NONE', #1091, #4605 ) ;
#1068 = VERTEX_POINT ( 'NONE', #638 ) ;
#1069 = FACE_OUTER_BOUND ( 'NONE', #2636, .T. ) ;
#1070 = DIRECTION ( 'NONE',  ( 0.000000000000000000, 0.000000000000000000, 1.000000000000000000 ) ) ;
#1071 = EDGE_CURVE ( 'NONE', #2017, #3207, #4662, .T. ) ;
#1072 = VERTEX_POINT ( 'NONE', #664 ) ;
#1073 = CARTESIAN_POINT ( 'NONE',  ( 41.49999999999999289, -23.30000000000000071, 37.00000000000000711 ) ) ;
#1074 = ORIENTED_EDGE ( 'NONE', *, *, #2672, .F. ) ;
#1075 = PRODUCT_DEFINITION_SHAPE ( 'NONE', 'NONE',  #2056 ) ;
#1076 = PLANE ( 'NONE',  #3618 ) ;
#1077 = CARTESIAN_POINT ( 'NONE',  ( 40.00000000000000000, -32.00000000000000000, 0.000000000000000000 ) ) ;
#1078 = ORIENTED_EDGE ( 'NONE', *, *, #3869, .T. ) ;
#1079 = CARTESIAN_POINT ( 'NONE',  ( -40.00000000000000000, -16.00000000000000000, 40.00000000000000000 ) ) ;
#1080 = ORIENTED_EDGE ( 'NONE', *, *, #2680, .F. ) ;
#1081 = CARTESIAN_POINT ( 'NONE',  ( -39.50000000000000000, -23.30000000000000071, 39.49999999999999289 ) ) ;
#1082 = CIRCLE ( 'NONE', #3466, 1.050000000000002265 ) ;
#1083 = LINE ( 'NONE', #3342, #933 ) ;
#1084 = ORIENTED_EDGE ( 'NONE', *, *, #3315, .T. ) ;
#1085 = CIRCLE ( 'NONE', #4314, 3.500000000000003109 ) ;
#1086 = EDGE_CURVE ( 'NONE', #1047, #4826, #2916, .T. ) ;
#1087 = DIRECTION ( 'NONE',  ( 0.000000000000000000, -1.000000000000000000, 0.000000000000000000 ) ) ;
#1088 = FACE_BOUND ( 'NONE', #3063, .T. ) ;
#1089 = VECTOR ( 'NONE', #204, 1000.000000000000000 ) ;
#1090 = AXIS2_PLACEMENT_3D ( 'NONE', #3958, #4281, #2507 ) ;
#1091 = CARTESIAN_POINT ( 'NONE',  ( 44.49999999999999289, 0.000000000000000000, -42.94999999999999574 ) ) ;
#1092 = EDGE_LOOP ( 'NONE', ( #1590, #4112, #1810, #1644 ) ) ;
#1093 = AXIS2_PLACEMENT_3D ( 'NONE', #3961, #256, #2066 ) ;
#1094 = EDGE_CURVE ( 'NONE', #955, #189, #1085, .T. ) ;
#1095 = LINE ( 'NONE', #4115, #1903 ) ;
#1096 = LINE ( 'NONE', #3352, #1371 ) ;
#1097 = ORIENTED_EDGE ( 'NONE', *, *, #558, .T. ) ;
#1098 = FACE_OUTER_BOUND ( 'NONE', #1704, .T. ) ;
#1099 = ORIENTED_EDGE ( 'NONE', *, *, #4175, .T. ) ;
#1100 = CARTESIAN_POINT ( 'NONE',  ( -39.49999999999999289, 0.000000000000000000, -39.50000000000000000 ) ) ;
#1101 = EDGE_CURVE ( 'NONE', #3207, #2117, #4714, .T. ) ;
#1102 = CARTESIAN_POINT ( 'NONE',  ( 47.50000000000000000, -24.00000000000000000, 35.99999999999999289 ) ) ;
#1103 = VECTOR ( 'NONE', #4522, 1000.000000000000000 ) ;
#1104 = DIRECTION ( 'NONE',  ( -0.000000000000000000, 1.000000000000000000, -0.000000000000000000 ) ) ;
#1105 = ORIENTED_EDGE ( 'NONE', *, *, #3095, .F. ) ;
#1106 = DIRECTION ( 'NONE',  ( 1.000000000000000000, -0.000000000000000000, 1.460819769243627131E-16 ) ) ;
#1107 = CIRCLE ( 'NONE', #796, 3.000000000000002665 ) ;
#1108 = ORIENTED_EDGE ( 'NONE', *, *, #2551, .T. ) ;
#1109 = CARTESIAN_POINT ( 'NONE',  ( 26.00000000000000711, 0.000000000000000000, -46.50000000000001421 ) ) ;
#1110 = COLOUR_RGB ( '',0.8980392156862745390, 0.9176470588235293713, 0.9294117647058823817 ) ;
#1111 = FACE_OUTER_BOUND ( 'NONE', #4450, .T. ) ;
#1112 = ORIENTED_EDGE ( 'NONE', *, *, #152, .T. ) ;
#1113 = VECTOR ( 'NONE', #4030, 1000.000000000000000 ) ;
#1114 = FACE_OUTER_BOUND ( 'NONE', #3211, .T. ) ;
#1115 = FACE_BOUND ( 'NONE', #3090, .T. ) ;
#1116 = VECTOR ( 'NONE', #113, 1000.000000000000000 ) ;
#1117 = DIRECTION ( 'NONE',  ( -0.000000000000000000, 1.000000000000000000, -0.000000000000000000 ) ) ;
#1118 = EDGE_LOOP ( 'NONE', ( #732, #78, #1356, #2384, #3034, #4455, #4188, #2453, #714, #3870, #2904, #1041 ) ) ;
#1119 = CYLINDRICAL_SURFACE ( 'NONE', #1735, 2.000000000000001776 ) ;
#1120 = DIRECTION ( 'NONE',  ( 0.000000000000000000, -1.000000000000000000, 0.000000000000000000 ) ) ;
#1121 = ORIENTED_EDGE ( 'NONE', *, *, #4727, .T. ) ;
#1122 = LINE ( 'NONE', #2640, #559 ) ;
#1123 = ADVANCED_FACE ( 'NONE', ( #4849 ), #4442, .F. ) ;
#1124 = ORIENTED_EDGE ( 'NONE', *, *, #2157, .T. ) ;
#1125 = LINE ( 'NONE', #4121, #1167 ) ;
#1126 = EDGE_CURVE ( 'NONE', #3738, #3338, #1878, .T. ) ;
#1127 = DIRECTION ( 'NONE',  ( 0.000000000000000000, 0.000000000000000000, -1.000000000000000000 ) ) ;
#1128 = DIRECTION ( 'NONE',  ( 0.000000000000000000, 0.000000000000000000, 1.000000000000000000 ) ) ;
#1129 = VECTOR ( 'NONE', #2903, 1000.000000000000000 ) ;
#1130 = ORIENTED_EDGE ( 'NONE', *, *, #3199, .F. ) ;
#1131 = CARTESIAN_POINT ( 'NONE',  ( -40.00000000000000000, -32.00000000000000000, 40.00000000000000000 ) ) ;
#1132 = ADVANCED_FACE ( 'NONE', ( #737 ), #1455, .F. ) ;
#1133 = ORIENTED_EDGE ( 'NONE', *, *, #4156, .T. ) ;
#1134 = EDGE_CURVE ( 'NONE', #4708, #2393, #1633, .T. ) ;
#1135 = LINE ( 'NONE', #1407, #1330 ) ;
#1136 = FACE_OUTER_BOUND ( 'NONE', #4048, .T. ) ;
#1137 = EDGE_CURVE ( 'NONE', #2274, #4280, #3337, .T. ) ;
#1138 = EDGE_LOOP ( 'NONE', ( #2585, #1170, #2885, #4735 ) ) ;
#1139 = CARTESIAN_POINT ( 'NONE',  ( 44.50000000000000000, 0.000000000000000000, 46.69999999999998153 ) ) ;
#1140 = DIRECTION ( 'NONE',  ( 0.000000000000000000, 0.000000000000000000, -1.000000000000000000 ) ) ;
#1141 = FACE_OUTER_BOUND ( 'NONE', #1765, .T. ) ;
#1142 = ORIENTED_EDGE ( 'NONE', *, *, #1763, .F. ) ;
#1143 = DIRECTION ( 'NONE',  ( -1.067522139062650869E-15, 0.000000000000000000, 1.000000000000000000 ) ) ;
#1144 = FACE_OUTER_BOUND ( 'NONE', #21, .T. ) ;
#1145 = VERTEX_POINT ( 'NONE', #3752 ) ;
#1146 = CARTESIAN_POINT ( 'NONE',  ( 24.00000000000000711, -16.39999999999999858, -46.50000000000001421 ) ) ;
#1147 = VERTEX_POINT ( 'NONE', #1057 ) ;
#1148 = DIRECTION ( 'NONE',  ( -1.460819769243627131E-16, 0.000000000000000000, -1.000000000000000000 ) ) ;
#1149 = DIRECTION ( 'NONE',  ( 1.067522139062649685E-15, -0.000000000000000000, 1.000000000000000000 ) ) ;
#1150 = ADVANCED_FACE ( 'NONE', ( #1401 ), #3730, .F. ) ;
#1151 = LINE ( 'NONE', #1973, #2913 ) ;
#1152 = ORIENTED_EDGE ( 'NONE', *, *, #1701, .T. ) ;
#1153 = DIRECTION ( 'NONE',  ( 0.000000000000000000, 0.000000000000000000, 1.000000000000000000 ) ) ;
#1154 = ORIENTED_EDGE ( 'NONE', *, *, #2172, .T. ) ;
#1155 = EDGE_CURVE ( 'NONE', #245, #1625, #1166, .T. ) ;
#1156 = CARTESIAN_POINT ( 'NONE',  ( -37.00000000000000711, 0.000000000000000000, 43.49999999999999289 ) ) ;
#1157 = CARTESIAN_POINT ( 'NONE',  ( -47.29999999999999005, -13.99999999999998934, -34.00000000000000711 ) ) ;
#1158 = ORIENTED_EDGE ( 'NONE', *, *, #1160, .F. ) ;
#1159 = AXIS2_PLACEMENT_3D ( 'NONE', #4805, #4397, #2160 ) ;
#1160 = EDGE_CURVE ( 'NONE', #3282, #2819, #2273, .T. ) ;
#1161 = DIRECTION ( 'NONE',  ( 1.000000000000000000, -0.000000000000000000, 1.460819769243627131E-16 ) ) ;
#1162 = FACE_OUTER_BOUND ( 'NONE', #1526, .T. ) ;
#1163 = AXIS2_PLACEMENT_3D ( 'NONE', #1247, #2374, #2765 ) ;
#1164 = CARTESIAN_POINT ( 'NONE',  ( -47.50000000000000000, -4.000000000000000000, 34.99999999999999289 ) ) ;
#1165 = ORIENTED_EDGE ( 'NONE', *, *, #3968, .F. ) ;
#1166 = CIRCLE ( 'NONE', #378, 1.000000000000000888 ) ;
#1167 = VECTOR ( 'NONE', #735, 1000.000000000000000 ) ;
#1168 = CARTESIAN_POINT ( 'NONE',  ( 47.49999999999998579, -23.99999999999999289, -35.00000000000000000 ) ) ;
#1169 = CARTESIAN_POINT ( 'NONE',  ( 40.00000000000000000, -23.30000000000000071, -1.050000000000002265 ) ) ;
#1170 = ORIENTED_EDGE ( 'NONE', *, *, #4187, .T. ) ;
#1171 = DIRECTION ( 'NONE',  ( -0.000000000000000000, -0.000000000000000000, 1.000000000000000000 ) ) ;
#1172 = ORIENTED_EDGE ( 'NONE', *, *, #1769, .T. ) ;
#1173 = AXIS2_PLACEMENT_3D ( 'NONE', #4653, #2365, #3910 ) ;
#1174 = CIRCLE ( 'NONE', #4572, 2.500000000000002220 ) ;
#1175 = DIRECTION ( 'NONE',  ( 0.000000000000000000, 0.000000000000000000, 1.000000000000000000 ) ) ;
#1176 = FACE_OUTER_BOUND ( 'NONE', #1227, .T. ) ;
#1177 = AXIS2_PLACEMENT_3D ( 'NONE', #249, #4778, #1301 ) ;
#1178 = VERTEX_POINT ( 'NONE', #4897 ) ;
#1179 = CARTESIAN_POINT ( 'NONE',  ( -39.99999999999998579, -16.00000000000000000, -43.50000000000000000 ) ) ;
#1180 = ORIENTED_EDGE ( 'NONE', *, *, #2787, .F. ) ;
#1181 = ADVANCED_FACE ( 'NONE', ( #713 ), #2573, .T. ) ;
#1182 = AXIS2_PLACEMENT_3D ( 'NONE', #2077, #4667, #3524 ) ;
#1183 = DIRECTION ( 'NONE',  ( -0.000000000000000000, 1.000000000000000000, -0.000000000000000000 ) ) ;
#1184 = CARTESIAN_POINT ( 'NONE',  ( 47.30000000000000426, -13.99999999999999822, 36.00000000000000000 ) ) ;
#1185 = VECTOR ( 'NONE', #4252, 1000.000000000000000 ) ;
#1186 = ORIENTED_EDGE ( 'NONE', *, *, #2343, .F. ) ;
#1187 = EDGE_CURVE ( 'NONE', #1242, #1264, #63, .T. ) ;
#1188 = ADVANCED_FACE ( 'NONE', ( #2178 ), #3015, .F. ) ;
#1189 = AXIS2_PLACEMENT_3D ( 'NONE', #4698, #967, #569 ) ;
#1190 = DIRECTION ( 'NONE',  ( 0.000000000000000000, 0.000000000000000000, 1.000000000000000000 ) ) ;
#1191 = CARTESIAN_POINT ( 'NONE',  ( 47.29999999999999005, -23.99999999999999289, -34.00000000000000000 ) ) ;
#1192 = VECTOR ( 'NONE', #2808, 1000.000000000000000 ) ;
#1193 = EDGE_CURVE ( 'NONE', #3435, #2796, #4147, .T. ) ;
#1194 = VERTEX_POINT ( 'NONE', #686 ) ;
#1195 = VECTOR ( 'NONE', #1171, 1000.000000000000000 ) ;
#1196 = DIRECTION ( 'NONE',  ( 1.000000000000000000, 0.000000000000000000, -1.460819769243627131E-16 ) ) ;
#1197 = CARTESIAN_POINT ( 'NONE',  ( 26.00000000000000711, 0.000000000000000000, 0.000000000000000000 ) ) ;
#1198 = ORIENTED_EDGE ( 'NONE', *, *, #1273, .T. ) ;
#1199 = CARTESIAN_POINT ( 'NONE',  ( -44.50000000000001421, 0.000000000000000000, 46.04999999999999716 ) ) ;
#1200 = ORIENTED_EDGE ( 'NONE', *, *, #4650, .F. ) ;
#1201 = DIRECTION ( 'NONE',  ( 1.000000000000000000, -0.000000000000000000, -1.460819769243627377E-16 ) ) ;
#1202 = DIRECTION ( 'NONE',  ( 1.000000000000000000, -0.000000000000000000, 0.000000000000000000 ) ) ;
#1203 = DIRECTION ( 'NONE',  ( 0.000000000000000000, -1.000000000000000000, 0.000000000000000000 ) ) ;
#1204 = VERTEX_POINT ( 'NONE', #3286 ) ;
#1205 = DIRECTION ( 'NONE',  ( 0.000000000000000000, 0.000000000000000000, 1.000000000000000000 ) ) ;
#1206 = EDGE_LOOP ( 'NONE', ( #1547, #2549, #4738, #1662 ) ) ;
#1207 = DIRECTION ( 'NONE',  ( 1.000000000000000000, 0.000000000000000000, -1.460819769243627131E-16 ) ) ;
#1208 = PLANE ( 'NONE',  #2906 ) ;
#1209 = ORIENTED_EDGE ( 'NONE', *, *, #1273, .F. ) ;
#1210 = AXIS2_PLACEMENT_3D ( 'NONE', #4862, #3049, #2635 ) ;
#1211 = CARTESIAN_POINT ( 'NONE',  ( 44.49999999999998579, -31.00000000000000000, -47.50000000000001421 ) ) ;
#1212 = DIRECTION ( 'NONE',  ( 1.000000000000000000, -0.000000000000000000, 1.460819769243627131E-16 ) ) ;
#1213 = VECTOR ( 'NONE', #923, 1000.000000000000000 ) ;
#1214 = EDGE_CURVE ( 'NONE', #526, #2193, #4092, .T. ) ;
#1215 = ORIENTED_EDGE ( 'NONE', *, *, #4657, .T. ) ;
#1216 = DIRECTION ( 'NONE',  ( 0.000000000000000000, 0.000000000000000000, -1.000000000000000000 ) ) ;
#1217 = EDGE_CURVE ( 'NONE', #3435, #2718, #1151, .T. ) ;
#1218 = DIRECTION ( 'NONE',  ( -0.000000000000000000, 1.000000000000000000, -0.000000000000000000 ) ) ;
#1219 = VERTEX_POINT ( 'NONE', #2698 ) ;
#1220 = CARTESIAN_POINT ( 'NONE',  ( 0.000000000000000000, -23.30000000000000071, 0.000000000000000000 ) ) ;
#1221 = DIRECTION ( 'NONE',  ( 1.000000000000000000, -0.000000000000000000, -1.460819769243627377E-16 ) ) ;
#1222 = EDGE_CURVE ( 'NONE', #3046, #4766, #4592, .T. ) ;
#1223 = ORIENTED_EDGE ( 'NONE', *, *, #4625, .T. ) ;
#1224 = DIRECTION ( 'NONE',  ( 0.000000000000000000, 0.000000000000000000, 1.000000000000000000 ) ) ;
#1225 = ORIENTED_EDGE ( 'NONE', *, *, #2164, .F. ) ;
#1226 = DIRECTION ( 'NONE',  ( -0.000000000000000000, -1.000000000000000000, -0.000000000000000000 ) ) ;
#1227 = EDGE_LOOP ( 'NONE', ( #2835, #434, #4707, #3978 ) ) ;
#1228 = CARTESIAN_POINT ( 'NONE',  ( 47.29999999999999005, -23.99999999999999289, -34.00000000000000000 ) ) ;
#1229 = ORIENTED_EDGE ( 'NONE', *, *, #4288, .T. ) ;
#1230 = EDGE_CURVE ( 'NONE', #2341, #887, #3462, .T. ) ;
#1231 = FACE_BOUND ( 'NONE', #3417, .T. ) ;
#1232 = VECTOR ( 'NONE', #2046, 1000.000000000000000 ) ;
#1233 = CARTESIAN_POINT ( 'NONE',  ( -37.00000000000000000, 0.000000000000000000, 36.99999999999999289 ) ) ;
#1234 = DIRECTION ( 'NONE',  ( 0.000000000000000000, -1.000000000000000000, 0.000000000000000000 ) ) ;
#1235 = EDGE_LOOP ( 'NONE', ( #4138, #3856, #3560, #3149 ) ) ;
#1236 = DIRECTION ( 'NONE',  ( 0.000000000000000000, -1.000000000000000000, 0.000000000000000000 ) ) ;
#1237 = EDGE_CURVE ( 'NONE', #2295, #1147, #2357, .T. ) ;
#1238 = AXIS2_PLACEMENT_3D ( 'NONE', #3358, #1430, #2942 ) ;
#1239 = CARTESIAN_POINT ( 'NONE',  ( -21.99999999999999645, -14.40000000000000036, -46.50000000000001421 ) ) ;
#1240 = VECTOR ( 'NONE', #583, 1000.000000000000000 ) ;
#1241 = AXIS2_PLACEMENT_3D ( 'NONE', #3430, #3124, #1175 ) ;
#1242 = VERTEX_POINT ( 'NONE', #2096 ) ;
#1243 = FACE_OUTER_BOUND ( 'NONE', #1440, .T. ) ;
#1244 = ORIENTED_EDGE ( 'NONE', *, *, #4062, .T. ) ;
#1245 = EDGE_CURVE ( 'NONE', #1625, #245, #300, .T. ) ;
#1246 = VECTOR ( 'NONE', #3668, 1000.000000000000000 ) ;
#1247 = CARTESIAN_POINT ( 'NONE',  ( 0.000000000000000000, -23.30000000000000071, 0.000000000000000000 ) ) ;
#1248 = CIRCLE ( 'NONE', #2606, 2.000000000000000000 ) ;
#1249 = VERTEX_POINT ( 'NONE', #4767 ) ;
#1250 = CYLINDRICAL_SURFACE ( 'NONE', #4251, 1.000000000000000888 ) ;
#1251 = VECTOR ( 'NONE', #1906, 1000.000000000000000 ) ;
#1252 = DIRECTION ( 'NONE',  ( -0.000000000000000000, 1.000000000000000000, -0.000000000000000000 ) ) ;
#1253 = ORIENTED_EDGE ( 'NONE', *, *, #1917, .T. ) ;
#1254 = AXIS2_PLACEMENT_3D ( 'NONE', #576, #4381, #948 ) ;
#1255 = FACE_BOUND ( 'NONE', #4459, .T. ) ;
#1256 = AXIS2_PLACEMENT_3D ( 'NONE', #2482, #169, #250 ) ;
#1257 = CARTESIAN_POINT ( 'NONE',  ( -46.69999999999999574, 1.000000000000000000, 44.49999999999998579 ) ) ;
#1258 = CARTESIAN_POINT ( 'NONE',  ( 47.30000000000000426, -13.99999999999999822, 34.99999999999999289 ) ) ;
#1259 = EDGE_LOOP ( 'NONE', ( #3850, #4173 ) ) ;
#1260 = LINE ( 'NONE', #1598, #1885 ) ;
#1261 = CIRCLE ( 'NONE', #4038, 1.050000000000002265 ) ;
#1262 = EDGE_CURVE ( 'NONE', #3338, #3738, #213, .T. ) ;
#1263 = AXIS2_PLACEMENT_3D ( 'NONE', #3700, #1311, #4819 ) ;
#1264 = VERTEX_POINT ( 'NONE', #1348 ) ;
#1265 = DIRECTION ( 'NONE',  ( 0.000000000000000000, 0.000000000000000000, 1.000000000000000000 ) ) ;
#1266 = ORIENTED_EDGE ( 'NONE', *, *, #3920, .F. ) ;
#1267 = CARTESIAN_POINT ( 'NONE',  ( -43.50000000000000711, -23.30000000000000071, 34.99999999999999289 ) ) ;
#1268 = ADVANCED_FACE ( 'NONE', ( #4388 ), #605, .T. ) ;
#1269 = EDGE_CURVE ( 'NONE', #2627, #2293, #2471, .T. ) ;
#1270 = PLANE ( 'NONE',  #2425 ) ;
#1271 = ORIENTED_EDGE ( 'NONE', *, *, #69, .F. ) ;
#1272 = DIRECTION ( 'NONE',  ( 0.000000000000000000, 0.000000000000000000, -1.000000000000000000 ) ) ;
#1273 = EDGE_CURVE ( 'NONE', #3017, #3747, #2677, .T. ) ;
#1274 = AXIS2_PLACEMENT_3D ( 'NONE', #2188, #3348, #2975 ) ;
#1275 = ORIENTED_EDGE ( 'NONE', *, *, #2348, .T. ) ;
#1276 = ORIENTED_EDGE ( 'NONE', *, *, #3003, .F. ) ;
#1277 = DIRECTION ( 'NONE',  ( -1.000000000000000000, -0.000000000000000000, -1.460819769243627377E-16 ) ) ;
#1278 = VECTOR ( 'NONE', #3442, 1000.000000000000000 ) ;
#1279 = FACE_OUTER_BOUND ( 'NONE', #938, .T. ) ;
#1280 =( NAMED_UNIT ( * ) SI_UNIT ( $, .STERADIAN. ) SOLID_ANGLE_UNIT ( ) );
#1281 = CARTESIAN_POINT ( 'NONE',  ( 47.30000000000000426, -24.00000000000000000, 34.99999999999999289 ) ) ;
#1282 = EDGE_LOOP ( 'NONE', ( #2048, #994, #2398, #3198 ) ) ;
#1283 = CYLINDRICAL_SURFACE ( 'NONE', #3781, 3.500000000000003109 ) ;
#1284 = CARTESIAN_POINT ( 'NONE',  ( -44.49999999999999289, 0.000000000000000000, -42.94999999999999574 ) ) ;
#1285 = FACE_BOUND ( 'NONE', #1383, .T. ) ;
#1286 = VERTEX_POINT ( 'NONE', #1003 ) ;
#1287 = DIRECTION ( 'NONE',  ( 1.000000000000000000, 0.000000000000000000, 0.000000000000000000 ) ) ;
#1288 = VERTEX_POINT ( 'NONE', #662 ) ;
#1289 = ORIENTED_EDGE ( 'NONE', *, *, #1358, .F. ) ;
#1290 = EDGE_CURVE ( 'NONE', #4851, #1625, #4740, .T. ) ;
#1291 = DIRECTION ( 'NONE',  ( 0.000000000000000000, 1.000000000000000000, 0.000000000000000000 ) ) ;
#1292 = CARTESIAN_POINT ( 'NONE',  ( -43.50000000000000000, -23.30000000000000071, 4.500000000000000888 ) ) ;
#1293 = ORIENTED_EDGE ( 'NONE', *, *, #2336, .F. ) ;
#1294 = EDGE_CURVE ( 'NONE', #3738, #2442, #2867, .T. ) ;
#1295 = DIRECTION ( 'NONE',  ( 0.000000000000000000, 0.000000000000000000, 1.000000000000000000 ) ) ;
#1296 = LINE ( 'NONE', #3205, #4431 ) ;
#1297 = ORIENTED_EDGE ( 'NONE', *, *, #3818, .T. ) ;
#1298 = ORIENTED_EDGE ( 'NONE', *, *, #1729, .F. ) ;
#1299 = CYLINDRICAL_SURFACE ( 'NONE', #3691, 2.500000000000000000 ) ;
#1300 = EDGE_CURVE ( 'NONE', #1286, #92, #3628, .T. ) ;
#1301 = DIRECTION ( 'NONE',  ( 0.000000000000000000, 0.000000000000000000, -1.000000000000000000 ) ) ;
#1302 = CARTESIAN_POINT ( 'NONE',  ( -44.50000000000000000, 1.000000000000000000, 47.49999999999998579 ) ) ;
#1303 = DIRECTION ( 'NONE',  ( -0.000000000000000000, 1.000000000000000000, -0.000000000000000000 ) ) ;
#1304 = ORIENTED_EDGE ( 'NONE', *, *, #3117, .T. ) ;
#1305 = CARTESIAN_POINT ( 'NONE',  ( 40.00000000000000000, -23.30000000000000071, 1.050000000000002265 ) ) ;
#1306 = CARTESIAN_POINT ( 'NONE',  ( 47.29999999999999005, -3.999999999999991562, -35.00000000000000711 ) ) ;
#1307 = CIRCLE ( 'NONE', #3062, 3.500000000000003109 ) ;
#1308 = FACE_BOUND ( 'NONE', #30, .T. ) ;
#1309 = DIRECTION ( 'NONE',  ( -1.000000000000000000, -0.000000000000000000, -1.460819769243627377E-16 ) ) ;
#1310 = ORIENTED_EDGE ( 'NONE', *, *, #1834, .T. ) ;
#1311 = DIRECTION ( 'NONE',  ( -0.000000000000000000, 1.000000000000000000, -0.000000000000000000 ) ) ;
#1312 = ORIENTED_EDGE ( 'NONE', *, *, #1917, .F. ) ;
#1313 = VECTOR ( 'NONE', #1879, 1000.000000000000000 ) ;
#1314 = ORIENTED_EDGE ( 'NONE', *, *, #1661, .F. ) ;
#1315 = CARTESIAN_POINT ( 'NONE',  ( 47.29999999999999005, -23.99999999999999289, -36.00000000000000711 ) ) ;
#1316 = AXIS2_PLACEMENT_3D ( 'NONE', #4563, #1549, #361 ) ;
#1317 = CIRCLE ( 'NONE', #696, 1.550000000000002709 ) ;
#1318 = LINE ( 'NONE', #2840, #4477 ) ;
#1319 = CARTESIAN_POINT ( 'NONE',  ( -40.00000000000000000, -23.30000000000000071, 40.00000000000000000 ) ) ;
#1320 = VERTEX_POINT ( 'NONE', #4366 ) ;
#1321 = AXIS2_PLACEMENT_3D ( 'NONE', #815, #437, #1947 ) ;
#1322 = DIRECTION ( 'NONE',  ( -0.000000000000000000, 0.000000000000000000, -1.000000000000000000 ) ) ;
#1323 = DIRECTION ( 'NONE',  ( 0.000000000000000000, -1.000000000000000000, 0.000000000000000000 ) ) ;
#1324 = CIRCLE ( 'NONE', #865, 1.550000000000002709 ) ;
#1325 = ADVANCED_FACE ( 'NONE', ( #1748 ), #637, .F. ) ;
#1326 = ORIENTED_EDGE ( 'NONE', *, *, #1035, .F. ) ;
#1327 = EDGE_CURVE ( 'NONE', #1264, #2718, #1775, .T. ) ;
#1328 = ORIENTED_EDGE ( 'NONE', *, *, #3120, .F. ) ;
#1329 = CARTESIAN_POINT ( 'NONE',  ( -23.99999999999999289, -16.39999999999999858, -46.50000000000001421 ) ) ;
#1330 = VECTOR ( 'NONE', #2205, 1000.000000000000000 ) ;
#1331 = CARTESIAN_POINT ( 'NONE',  ( -47.50000000000000000, -13.99999999999999822, 36.00000000000000000 ) ) ;
#1332 = EDGE_LOOP ( 'NONE', ( #2506, #2484, #1312, #2712, #1314, #3380, #798, #4845 ) ) ;
#1333 = FACE_OUTER_BOUND ( 'NONE', #1235, .T. ) ;
#1334 = CARTESIAN_POINT ( 'NONE',  ( 0.000000000000000000, 0.000000000000000000, 0.000000000000000000 ) ) ;
#1335 = ADVANCED_FACE ( 'NONE', ( #288, #1056 ), #2177, .F. ) ;
#1336 = VECTOR ( 'NONE', #4332, 1000.000000000000000 ) ;
#1337 = DIRECTION ( 'NONE',  ( -0.000000000000000000, -0.000000000000000000, 1.000000000000000000 ) ) ;
#1338 = ORIENTED_EDGE ( 'NONE', *, *, #316, .T. ) ;
#1339 = CARTESIAN_POINT ( 'NONE',  ( 39.50000000000000000, -23.30000000000000071, -39.50000000000000000 ) ) ;
#1340 = CIRCLE ( 'NONE', #4110, 2.000000000000001776 ) ;
#1341 = CARTESIAN_POINT ( 'NONE',  ( -43.50000000000000711, -23.30000000000000071, 43.49999999999998579 ) ) ;
#1342 = LINE ( 'NONE', #2862, #2957 ) ;
#1343 = ORIENTED_EDGE ( 'NONE', *, *, #1435, .T. ) ;
#1344 = DIRECTION ( 'NONE',  ( 0.000000000000000000, -1.000000000000000000, 0.000000000000000000 ) ) ;
#1345 = VECTOR ( 'NONE', #1508, 1000.000000000000000 ) ;
#1346 = ORIENTED_EDGE ( 'NONE', *, *, #3408, .T. ) ;
#1347 = VERTEX_POINT ( 'NONE', #2572 ) ;
#1348 = CARTESIAN_POINT ( 'NONE',  ( 41.49999999999999289, -16.00000000000000000, -2.500000000000000000 ) ) ;
#1349 = VECTOR ( 'NONE', #3128, 1000.000000000000000 ) ;
#1350 = CARTESIAN_POINT ( 'NONE',  ( -44.50000000000001421, -32.00000000000000000, -44.50000000000001421 ) ) ;
#1351 = DIRECTION ( 'NONE',  ( -1.000000000000000000, 0.000000000000000000, 0.000000000000000000 ) ) ;
#1352 = ORIENTED_EDGE ( 'NONE', *, *, #2611, .T. ) ;
#1353 = DIRECTION ( 'NONE',  ( 0.000000000000000000, 1.000000000000000000, 0.000000000000000000 ) ) ;
#1354 = CARTESIAN_POINT ( 'NONE',  ( 39.50000000000000000, -23.30000000000000071, 2.500000000000000000 ) ) ;
#1355 = VERTEX_POINT ( 'NONE', #4072 ) ;
#1356 = ORIENTED_EDGE ( 'NONE', *, *, #246, .T. ) ;
#1357 = FACE_OUTER_BOUND ( 'NONE', #1801, .T. ) ;
#1358 = EDGE_CURVE ( 'NONE', #3859, #2865, #685, .T. ) ;
#1359 = FACE_OUTER_BOUND ( 'NONE', #2556, .T. ) ;
#1360 = ORIENTED_EDGE ( 'NONE', *, *, #675, .F. ) ;
#1361 = LINE ( 'NONE', #3612, #803 ) ;
#1362 = AXIS2_PLACEMENT_3D ( 'NONE', #500, #3165, #4301 ) ;
#1363 = CARTESIAN_POINT ( 'NONE',  ( 39.50000000000000000, 0.000000000000000000, 0.000000000000000000 ) ) ;
#1364 = ORIENTED_EDGE ( 'NONE', *, *, #1187, .T. ) ;
#1365 = LINE ( 'NONE', #150, #857 ) ;
#1366 = CIRCLE ( 'NONE', #578, 2.000000000000001776 ) ;
#1367 = ADVANCED_FACE ( 'NONE', ( #317 ), #416, .F. ) ;
#1368 = LINE ( 'NONE', #629, #3623 ) ;
#1369 = CARTESIAN_POINT ( 'NONE',  ( -40.00000000000000000, -16.00000000000000000, 0.000000000000000000 ) ) ;
#1370 = CYLINDRICAL_SURFACE ( 'NONE', #1683, 1.550000000000002709 ) ;
#1371 = VECTOR ( 'NONE', #3329, 1000.000000000000000 ) ;
#1372 = ORIENTED_EDGE ( 'NONE', *, *, #1404, .F. ) ;
#1373 = DIRECTION ( 'NONE',  ( -0.000000000000000000, 1.000000000000000000, -0.000000000000000000 ) ) ;
#1374 = ORIENTED_EDGE ( 'NONE', *, *, #4422, .T. ) ;
#1375 = VERTEX_POINT ( 'NONE', #1102 ) ;
#1376 = EDGE_CURVE ( 'NONE', #666, #3429, #695, .T. ) ;
#1377 = DIRECTION ( 'NONE',  ( 0.000000000000000000, 0.000000000000000000, -1.000000000000000000 ) ) ;
#1378 = LINE ( 'NONE', #2893, #1559 ) ;
#1379 = ORIENTED_EDGE ( 'NONE', *, *, #2679, .F. ) ;
#1380 = DIRECTION ( 'NONE',  ( 0.000000000000000000, 0.000000000000000000, 1.000000000000000000 ) ) ;
#1381 = FACE_BOUND ( 'NONE', #2394, .T. ) ;
#1382 = ORIENTED_EDGE ( 'NONE', *, *, #4882, .T. ) ;
#1383 = EDGE_LOOP ( 'NONE', ( #1680, #2910 ) ) ;
#1384 = PLANE ( 'NONE',  #1159 ) ;
#1385 = CARTESIAN_POINT ( 'NONE',  ( 47.49999999999998579, -13.99999999999998934, -34.00000000000000711 ) ) ;
#1386 = DIRECTION ( 'NONE',  ( -0.000000000000000000, -1.000000000000000000, -0.000000000000000000 ) ) ;
#1387 = CYLINDRICAL_SURFACE ( 'NONE', #2079, 2.199999999999993516 ) ;
#1388 = ADVANCED_FACE ( 'NONE', ( #387 ), #1076, .T. ) ;
#1389 = ORIENTED_EDGE ( 'NONE', *, *, #4317, .T. ) ;
#1390 = DIRECTION ( 'NONE',  ( 0.000000000000000000, -1.000000000000000000, 0.000000000000000000 ) ) ;
#1391 = LINE ( 'NONE', #4012, #4571 ) ;
#1392 = CARTESIAN_POINT ( 'NONE',  ( -40.00000000000000000, -23.30000000000000071, -41.05000000000000426 ) ) ;
#1393 = DIRECTION ( 'NONE',  ( 0.000000000000000000, 1.000000000000000000, 0.000000000000000000 ) ) ;
#1394 = ORIENTED_EDGE ( 'NONE', *, *, #2945, .F. ) ;
#1395 = CARTESIAN_POINT ( 'NONE',  ( -47.29999999999999005, -13.99999999999998934, -34.00000000000000711 ) ) ;
#1396 = EDGE_CURVE ( 'NONE', #2837, #4594, #1872, .T. ) ;
#1397 = ORIENTED_EDGE ( 'NONE', *, *, #2343, .T. ) ;
#1398 = ORIENTED_EDGE ( 'NONE', *, *, #4854, .F. ) ;
#1399 = EDGE_CURVE ( 'NONE', #445, #2722, #3729, .T. ) ;
#1400 = AXIS2_PLACEMENT_3D ( 'NONE', #395, #4054, #3736 ) ;
#1401 = FACE_OUTER_BOUND ( 'NONE', #1445, .T. ) ;
#1402 = AXIS2_PLACEMENT_3D ( 'NONE', #1954, #115, #2675 ) ;
#1403 = ORIENTED_EDGE ( 'NONE', *, *, #2945, .T. ) ;
#1404 = EDGE_CURVE ( 'NONE', #4150, #758, #3526, .T. ) ;
#1405 = ORIENTED_EDGE ( 'NONE', *, *, #884, .T. ) ;
#1406 = VECTOR ( 'NONE', #3969, 1000.000000000000000 ) ;
#1407 = CARTESIAN_POINT ( 'NONE',  ( 37.00000000000000000, -23.30000000000000071, -37.00000000000000000 ) ) ;
#1408 = DIRECTION ( 'NONE',  ( 0.000000000000000000, -0.000000000000000000, -1.000000000000000000 ) ) ;
#1409 = AXIS2_PLACEMENT_3D ( 'NONE', #3187, #622, #4806 ) ;
#1410 = ORIENTED_EDGE ( 'NONE', *, *, #2421, .T. ) ;
#1411 = AXIS2_PLACEMENT_3D ( 'NONE', #3702, #1824, #1148 ) ;
#1412 = DIRECTION ( 'NONE',  ( 0.000000000000000000, 0.000000000000000000, -1.000000000000000000 ) ) ;
#1413 = DIRECTION ( 'NONE',  ( 0.000000000000000000, -1.000000000000000000, 0.000000000000000000 ) ) ;
#1414 = CIRCLE ( 'NONE', #393, 1.550000000000002709 ) ;
#1415 = CYLINDRICAL_SURFACE ( 'NONE', #4501, 1.550000000000002709 ) ;
#1416 = DIRECTION ( 'NONE',  ( -0.000000000000000000, -1.000000000000000000, -0.000000000000000000 ) ) ;
#1417 = ORIENTED_EDGE ( 'NONE', *, *, #1639, .T. ) ;
#1418 = AXIS2_PLACEMENT_3D ( 'NONE', #4372, #987, #2499 ) ;
#1419 = CARTESIAN_POINT ( 'NONE',  ( -43.50000000000000711, -16.00000000000000000, 37.00000000000000000 ) ) ;
#1420 = CARTESIAN_POINT ( 'NONE',  ( 39.99999999999999289, -16.00000000000000000, 43.50000000000000000 ) ) ;
#1421 = AXIS2_PLACEMENT_3D ( 'NONE', #9, #2586, #3029 ) ;
#1422 = CARTESIAN_POINT ( 'NONE',  ( 44.49999999999999289, -32.00000000000000000, 42.94999999999999574 ) ) ;
#1423 = ORIENTED_EDGE ( 'NONE', *, *, #2731, .F. ) ;
#1424 = DIRECTION ( 'NONE',  ( 0.000000000000000000, 0.000000000000000000, 1.000000000000000000 ) ) ;
#1425 = ORIENTED_EDGE ( 'NONE', *, *, #2214, .F. ) ;
#1426 = ORIENTED_EDGE ( 'NONE', *, *, #1926, .T. ) ;
#1427 = CIRCLE ( 'NONE', #873, 2.500000000000002220 ) ;
#1428 = DIRECTION ( 'NONE',  ( 1.000000000000000000, -0.000000000000000000, 0.000000000000000000 ) ) ;
#1429 = ADVANCED_FACE ( 'NONE', ( #1176 ), #2696, .F. ) ;
#1430 = DIRECTION ( 'NONE',  ( 1.000000000000000000, 0.000000000000000000, -1.460819769243627131E-16 ) ) ;
#1431 = AXIS2_PLACEMENT_3D ( 'NONE', #2723, #4633, #130 ) ;
#1432 = ORIENTED_EDGE ( 'NONE', *, *, #442, .T. ) ;
#1433 = ORIENTED_EDGE ( 'NONE', *, *, #972, .F. ) ;
#1434 = AXIS2_PLACEMENT_3D ( 'NONE', #741, #364, #1265 ) ;
#1435 = EDGE_CURVE ( 'NONE', #579, #4682, #3407, .T. ) ;
#1436 = DIRECTION ( 'NONE',  ( 0.000000000000000000, 0.000000000000000000, 1.000000000000000000 ) ) ;
#1437 = LINE ( 'NONE', #3783, #848 ) ;
#1438 = AXIS2_PLACEMENT_3D ( 'NONE', #4615, #1996, #1224 ) ;
#1439 = EDGE_LOOP ( 'NONE', ( #1694, #116, #49, #3878 ) ) ;
#1440 = EDGE_LOOP ( 'NONE', ( #4561, #4018, #4424, #2347 ) ) ;
#1441 = EDGE_CURVE ( 'NONE', #4125, #1646, #1565, .T. ) ;
#1442 = DIRECTION ( 'NONE',  ( 1.460819769243627131E-16, 0.000000000000000000, 1.000000000000000000 ) ) ;
#1443 = LINE ( 'NONE', #4, #4658 ) ;
#1444 = CARTESIAN_POINT ( 'NONE',  ( 35.00000000000000000, -23.30000000000000071, 43.50000000000000000 ) ) ;
#1445 = EDGE_LOOP ( 'NONE', ( #2195, #418, #1121, #805 ) ) ;
#1446 = LINE ( 'NONE', #2510, #1336 ) ;
#1447 = LINE ( 'NONE', #2220, #1535 ) ;
#1448 = ORIENTED_EDGE ( 'NONE', *, *, #1920, .T. ) ;
#1449 = DIRECTION ( 'NONE',  ( -1.000000000000000000, 0.000000000000000000, 0.000000000000000000 ) ) ;
#1450 = AXIS2_PLACEMENT_3D ( 'NONE', #1707, #4327, #3296 ) ;
#1451 = EDGE_LOOP ( 'NONE', ( #1965, #646, #1266, #1374 ) ) ;
#1452 = ORIENTED_EDGE ( 'NONE', *, *, #2172, .F. ) ;
#1453 = CARTESIAN_POINT ( 'NONE',  ( -44.50000000000000000, -32.00000000000000000, 46.49999999999998579 ) ) ;
#1454 = VECTOR ( 'NONE', #704, 1000.000000000000000 ) ;
#1455 = CYLINDRICAL_SURFACE ( 'NONE', #2433, 1.050000000000002265 ) ;
#1456 = ORIENTED_EDGE ( 'NONE', *, *, #2462, .T. ) ;
#1457 = ORIENTED_EDGE ( 'NONE', *, *, #4350, .T. ) ;
#1458 = ADVANCED_FACE ( 'NONE', ( #1503 ), #3357, .F. ) ;
#1459 = CARTESIAN_POINT ( 'NONE',  ( 47.29999999999999005, -3.999999999999991562, -35.00000000000000711 ) ) ;
#1460 = DIRECTION ( 'NONE',  ( 0.000000000000000000, -1.000000000000000000, 0.000000000000000000 ) ) ;
#1461 = ORIENTED_EDGE ( 'NONE', *, *, #3880, .T. ) ;
#1462 = ADVANCED_FACE ( 'NONE', ( #3037 ), #4515, .T. ) ;
#1463 = FACE_OUTER_BOUND ( 'NONE', #158, .T. ) ;
#1464 = DIRECTION ( 'NONE',  ( 1.460819769243627131E-16, 0.000000000000000000, 1.000000000000000000 ) ) ;
#1465 = LINE ( 'NONE', #4083, #424 ) ;
#1466 = EDGE_CURVE ( 'NONE', #537, #579, #4892, .T. ) ;
#1467 = EDGE_LOOP ( 'NONE', ( #2857, #4763, #411, #264 ) ) ;
#1468 = CARTESIAN_POINT ( 'NONE',  ( 47.50000000000000000, -24.00000000000000000, 34.99999999999999289 ) ) ;
#1469 = DIRECTION ( 'NONE',  ( 1.460819769243627131E-16, 0.000000000000000000, 1.000000000000000000 ) ) ;
#1470 = ORIENTED_EDGE ( 'NONE', *, *, #128, .F. ) ;
#1471 = DIRECTION ( 'NONE',  ( 0.000000000000000000, 0.000000000000000000, -1.000000000000000000 ) ) ;
#1472 = EDGE_LOOP ( 'NONE', ( #1997, #1244, #4834, #821 ) ) ;
#1473 = LINE ( 'NONE', #3680, #3385 ) ;
#1474 = DIRECTION ( 'NONE',  ( 0.000000000000000000, 0.000000000000000000, -1.000000000000000000 ) ) ;
#1475 = DIRECTION ( 'NONE',  ( -1.000000000000000000, 0.000000000000000000, 0.000000000000000000 ) ) ;
#1476 = ORIENTED_EDGE ( 'NONE', *, *, #4212, .T. ) ;
#1477 = DIRECTION ( 'NONE',  ( 0.000000000000000000, 0.000000000000000000, -1.000000000000000000 ) ) ;
#1478 = ORIENTED_EDGE ( 'NONE', *, *, #3340, .F. ) ;
#1479 = CARTESIAN_POINT ( 'NONE',  ( 47.29999999999999005, -23.99999999999999289, -35.00000000000000000 ) ) ;
#1480 = AXIS2_PLACEMENT_3D ( 'NONE', #649, #1412, #1758 ) ;
#1481 = FACE_BOUND ( 'NONE', #2863, .T. ) ;
#1482 = ORIENTED_EDGE ( 'NONE', *, *, #2672, .T. ) ;
#1483 = AXIS2_PLACEMENT_3D ( 'NONE', #1350, #930, #2868 ) ;
#1484 = FACE_OUTER_BOUND ( 'NONE', #1717, .T. ) ;
#1485 = CARTESIAN_POINT ( 'NONE',  ( 47.49999999999998579, 1.000000000000000000, -44.50000000000001421 ) ) ;
#1486 = EDGE_CURVE ( 'NONE', #717, #3413, #3384, .T. ) ;
#1487 = VECTOR ( 'NONE', #4096, 1000.000000000000000 ) ;
#1488 = VECTOR ( 'NONE', #3035, 1000.000000000000000 ) ;
#1489 = EDGE_CURVE ( 'NONE', #2796, #232, #133, .T. ) ;
#1490 = DIRECTION ( 'NONE',  ( 1.000000000000000000, -0.000000000000000000, -1.460819769243627377E-16 ) ) ;
#1491 = VERTEX_POINT ( 'NONE', #1927 ) ;
#1492 = AXIS2_PLACEMENT_3D ( 'NONE', #4358, #2565, #1048 ) ;
#1493 = CARTESIAN_POINT ( 'NONE',  ( 26.00000000000000711, 0.000000000000000000, -46.70000000000000995 ) ) ;
#1494 = DIRECTION ( 'NONE',  ( 0.000000000000000000, 1.000000000000000000, 0.000000000000000000 ) ) ;
#1495 = EDGE_CURVE ( 'NONE', #1178, #445, #4639, .T. ) ;
#1496 = ADVANCED_FACE ( 'NONE', ( #339 ), #4198, .F. ) ;
#1497 = CARTESIAN_POINT ( 'NONE',  ( 23.99999999999999645, -16.39999999999999858, 47.50099999999999056 ) ) ;
#1498 = AXIS2_PLACEMENT_3D ( 'NONE', #2728, #3133, #4228 ) ;
#1499 = VERTEX_POINT ( 'NONE', #4848 ) ;
#1500 = CARTESIAN_POINT ( 'NONE',  ( 37.00000000000000000, -16.00000000000000000, 41.49999999999999289 ) ) ;
#1501 = ORIENTED_EDGE ( 'NONE', *, *, #1222, .F. ) ;
#1502 = DIRECTION ( 'NONE',  ( 0.000000000000000000, 0.000000000000000000, -1.000000000000000000 ) ) ;
#1503 = FACE_OUTER_BOUND ( 'NONE', #1439, .T. ) ;
#1504 = AXIS2_PLACEMENT_3D ( 'NONE', #643, #909, #2129 ) ;
#1505 = EDGE_CURVE ( 'NONE', #2898, #3455, #2228, .T. ) ;
#1506 = DIRECTION ( 'NONE',  ( 0.000000000000000000, 0.000000000000000000, -1.000000000000000000 ) ) ;
#1507 = ORIENTED_EDGE ( 'NONE', *, *, #489, .F. ) ;
#1508 = DIRECTION ( 'NONE',  ( -0.000000000000000000, -1.000000000000000000, -0.000000000000000000 ) ) ;
#1509 = CIRCLE ( 'NONE', #2219, 1.000000000000000888 ) ;
#1510 = ORIENTED_EDGE ( 'NONE', *, *, #1648, .F. ) ;
#1511 = PLANE ( 'NONE',  #4903 ) ;
#1512 = VECTOR ( 'NONE', #3982, 1000.000000000000000 ) ;
#1513 = DIRECTION ( 'NONE',  ( -1.000000000000000000, -0.000000000000000000, -0.000000000000000000 ) ) ;
#1514 = ORIENTED_EDGE ( 'NONE', *, *, #2197, .T. ) ;
#1515 = VECTOR ( 'NONE', #3777, 1000.000000000000000 ) ;
#1516 = CARTESIAN_POINT ( 'NONE',  ( 43.50000000000000000, 0.000000000000000000, 2.500000000000000000 ) ) ;
#1517 = FACE_OUTER_BOUND ( 'NONE', #383, .T. ) ;
#1518 = AXIS2_PLACEMENT_3D ( 'NONE', #201, #231, #634 ) ;
#1519 = DIRECTION ( 'NONE',  ( -0.000000000000000000, -0.000000000000000000, 1.000000000000000000 ) ) ;
#1520 = ORIENTED_EDGE ( 'NONE', *, *, #3710, .F. ) ;
#1521 = EDGE_CURVE ( 'NONE', #4349, #4046, #533, .T. ) ;
#1522 = DIRECTION ( 'NONE',  ( 0.000000000000000000, 0.000000000000000000, 1.000000000000000000 ) ) ;
#1523 = CARTESIAN_POINT ( 'NONE',  ( 40.00000000000000000, -16.00000000000000000, 41.05000000000000426 ) ) ;
#1524 = ORIENTED_EDGE ( 'NONE', *, *, #280, .F. ) ;
#1525 = DIRECTION ( 'NONE',  ( 0.000000000000000000, -1.000000000000000000, 0.000000000000000000 ) ) ;
#1526 = EDGE_LOOP ( 'NONE', ( #3010, #2599, #654, #1746 ) ) ;
#1527 = FACE_OUTER_BOUND ( 'NONE', #3292, .T. ) ;
#1528 = EDGE_CURVE ( 'NONE', #1320, #4632, #3926, .T. ) ;
#1529 = CARTESIAN_POINT ( 'NONE',  ( 47.30000000000000426, -24.00000000000000000, 34.99999999999999289 ) ) ;
#1530 = CIRCLE ( 'NONE', #1450, 1.000000000000000888 ) ;
#1531 = EDGE_LOOP ( 'NONE', ( #2498, #4411, #626, #4296 ) ) ;
#1532 = CARTESIAN_POINT ( 'NONE',  ( -44.50000000000001421, 0.000000000000000000, 42.94999999999999574 ) ) ;
#1533 = ORIENTED_EDGE ( 'NONE', *, *, #4274, .F. ) ;
#1534 = EDGE_CURVE ( 'NONE', #4567, #3816, #862, .T. ) ;
#1535 = VECTOR ( 'NONE', #755, 1000.000000000000000 ) ;
#1536 = DIRECTION ( 'NONE',  ( -0.000000000000000000, -1.000000000000000000, -0.000000000000000000 ) ) ;
#1537 = CARTESIAN_POINT ( 'NONE',  ( -24.00000000000000000, 16.40000000000000213, -46.50000000000001421 ) ) ;
#1538 = EDGE_LOOP ( 'NONE', ( #4227, #2755, #4120, #1225 ) ) ;
#1539 = CARTESIAN_POINT ( 'NONE',  ( -47.30000000000000426, -13.99999999999999822, 34.99999999999999289 ) ) ;
#1540 = SURFACE_SIDE_STYLE ('',( #27 ) ) ;
#1541 = LINE ( 'NONE', #804, #3266 ) ;
#1542 = ORIENTED_EDGE ( 'NONE', *, *, #2646, .F. ) ;
#1543 = DIRECTION ( 'NONE',  ( -0.000000000000000000, 1.000000000000000000, -0.000000000000000000 ) ) ;
#1544 = DIRECTION ( 'NONE',  ( 0.000000000000000000, 0.000000000000000000, -1.000000000000000000 ) ) ;
#1545 = VERTEX_POINT ( 'NONE', #3107 ) ;
#1546 = DIRECTION ( 'NONE',  ( 0.000000000000000000, -1.000000000000000000, 0.000000000000000000 ) ) ;
#1547 = ORIENTED_EDGE ( 'NONE', *, *, #497, .T. ) ;
#1548 = DIRECTION ( 'NONE',  ( -1.000000000000000000, -0.000000000000000000, -0.000000000000000000 ) ) ;
#1549 = DIRECTION ( 'NONE',  ( -0.000000000000000000, 1.000000000000000000, -0.000000000000000000 ) ) ;
#1550 = ADVANCED_FACE ( 'NONE', ( #1970 ), #3517, .T. ) ;
#1551 = ORIENTED_EDGE ( 'NONE', *, *, #159, .T. ) ;
#1552 = DIRECTION ( 'NONE',  ( 0.000000000000000000, 0.000000000000000000, -1.000000000000000000 ) ) ;
#1553 = EDGE_CURVE ( 'NONE', #2201, #769, #4097, .T. ) ;
#1554 = VERTEX_POINT ( 'NONE', #4613 ) ;
#1555 = CARTESIAN_POINT ( 'NONE',  ( 47.50000000000000000, -13.99999999999999822, 34.99999999999999289 ) ) ;
#1556 = FACE_OUTER_BOUND ( 'NONE', #85, .T. ) ;
#1557 = ADVANCED_FACE ( 'NONE', ( #4236 ), #522, .F. ) ;
#1558 = ORIENTED_EDGE ( 'NONE', *, *, #1860, .F. ) ;
#1559 = VECTOR ( 'NONE', #4390, 1000.000000000000000 ) ;
#1560 = LINE ( 'NONE', #3505, #2211 ) ;
#1561 = CARTESIAN_POINT ( 'NONE',  ( 39.99999999999999289, 0.000000000000000000, 39.99999999999999289 ) ) ;
#1562 = AXIS2_PLACEMENT_3D ( 'NONE', #3548, #2074, #2152 ) ;
#1563 = CARTESIAN_POINT ( 'NONE',  ( 44.49999999999998579, 0.000000000000000000, -46.70000000000000995 ) ) ;
#1564 = ORIENTED_EDGE ( 'NONE', *, *, #2881, .F. ) ;
#1565 = CIRCLE ( 'NONE', #4245, 1.550000000000002709 ) ;
#1566 = AXIS2_PLACEMENT_3D ( 'NONE', #1339, #4730, #3537 ) ;
#1567 = CARTESIAN_POINT ( 'NONE',  ( 40.00000000000000000, -23.30000000000000071, -38.94999999999999574 ) ) ;
#1568 = EDGE_LOOP ( 'NONE', ( #2468, #4261 ) ) ;
#1569 = CYLINDRICAL_SURFACE ( 'NONE', #262, 1.000000000000000888 ) ;
#1570 = EDGE_LOOP ( 'NONE', ( #4588, #3291, #2469, #3448 ) ) ;
#1571 = VECTOR ( 'NONE', #1629, 1000.000000000000000 ) ;
#1572 = LINE ( 'NONE', #2757, #4011 ) ;
#1573 = DIRECTION ( 'NONE',  ( 0.000000000000000000, 0.000000000000000000, 1.000000000000000000 ) ) ;
#1574 = AXIS2_PLACEMENT_3D ( 'NONE', #844, #2353, #2746 ) ;
#1575 = DIRECTION ( 'NONE',  ( -0.000000000000000000, -1.000000000000000000, 0.000000000000000000 ) ) ;
#1576 = EDGE_LOOP ( 'NONE', ( #706, #1209, #3131, #2224 ) ) ;
#1577 = CARTESIAN_POINT ( 'NONE',  ( 47.50000000000000000, -4.000000000000000000, 33.99999999999999289 ) ) ;
#1578 = ORIENTED_EDGE ( 'NONE', *, *, #4187, .F. ) ;
#1579 = AXIS2_PLACEMENT_3D ( 'NONE', #2576, #2601, #1436 ) ;
#1580 = ADVANCED_FACE ( 'NONE', ( #2739 ), #3933, .T. ) ;
#1581 = DIRECTION ( 'NONE',  ( 0.000000000000000000, 0.000000000000000000, -1.000000000000000000 ) ) ;
#1582 = LINE ( 'NONE', #842, #2200 ) ;
#1583 = AXIS2_PLACEMENT_3D ( 'NONE', #3697, #308, #599 ) ;
#1584 = ORIENTED_EDGE ( 'NONE', *, *, #2323, .F. ) ;
#1585 = EDGE_CURVE ( 'NONE', #2276, #3626, #2285, .T. ) ;
#1586 = VECTOR ( 'NONE', #4376, 1000.000000000000000 ) ;
#1587 = DIRECTION ( 'NONE',  ( 0.000000000000000000, 0.000000000000000000, 1.000000000000000000 ) ) ;
#1588 = DIRECTION ( 'NONE',  ( 0.000000000000000000, 0.000000000000000000, -1.000000000000000000 ) ) ;
#1589 = CIRCLE ( 'NONE', #4271, 2.000000000000000000 ) ;
#1590 = ORIENTED_EDGE ( 'NONE', *, *, #1920, .F. ) ;
#1591 = EDGE_CURVE ( 'NONE', #4214, #3923, #136, .T. ) ;
#1592 = VECTOR ( 'NONE', #3594, 1000.000000000000000 ) ;
#1593 = DIRECTION ( 'NONE',  ( -1.000000000000000000, 0.000000000000000000, 0.000000000000000000 ) ) ;
#1594 = PLANE ( 'NONE',  #3112 ) ;
#1595 = EDGE_LOOP ( 'NONE', ( #4790, #3977 ) ) ;
#1596 = CARTESIAN_POINT ( 'NONE',  ( -43.49999999999999289, -23.30000000000000071, -43.50000000000001421 ) ) ;
#1597 = VERTEX_POINT ( 'NONE', #88 ) ;
#1598 = CARTESIAN_POINT ( 'NONE',  ( 43.50000000000000000, -16.00000000000000000, 43.50000000000000000 ) ) ;
#1599 = CARTESIAN_POINT ( 'NONE',  ( -40.00000000000000000, -16.00000000000000000, -40.00000000000000000 ) ) ;
#1600 = EDGE_LOOP ( 'NONE', ( #1482, #4468 ) ) ;
#1601 = DIRECTION ( 'NONE',  ( 0.000000000000000000, 0.000000000000000000, -1.000000000000000000 ) ) ;
#1602 = ORIENTED_EDGE ( 'NONE', *, *, #827, .F. ) ;
#1603 = CYLINDRICAL_SURFACE ( 'NONE', #2355, 2.000000000000001776 ) ;
#1604 = EDGE_CURVE ( 'NONE', #3859, #4319, #3168, .T. ) ;
#1605 = ORIENTED_EDGE ( 'NONE', *, *, #4119, .F. ) ;
#1606 = VECTOR ( 'NONE', #253, 1000.000000000000000 ) ;
#1607 = DIRECTION ( 'NONE',  ( 0.000000000000000000, 0.000000000000000000, -1.000000000000000000 ) ) ;
#1608 = DIRECTION ( 'NONE',  ( -2.011273595335428819E-16, 0.000000000000000000, 1.000000000000000000 ) ) ;
#1609 = VECTOR ( 'NONE', #3445, 1000.000000000000000 ) ;
#1610 = ADVANCED_FACE ( 'NONE', ( #3125 ), #4258, .F. ) ;
#1611 = ORIENTED_EDGE ( 'NONE', *, *, #3989, .T. ) ;
#1612 = DIRECTION ( 'NONE',  ( 1.000000000000000000, 0.000000000000000000, -1.460819769243627131E-16 ) ) ;
#1613 = DIRECTION ( 'NONE',  ( 0.000000000000000000, 0.000000000000000000, -1.000000000000000000 ) ) ;
#1614 = EDGE_CURVE ( 'NONE', #1491, #1033, #3144, .T. ) ;
#1615 = DIRECTION ( 'NONE',  ( -0.000000000000000000, 1.000000000000000000, -0.000000000000000000 ) ) ;
#1616 = ORIENTED_EDGE ( 'NONE', *, *, #2754, .T. ) ;
#1617 = LINE ( 'NONE', #853, #4719 ) ;
#1618 = DIRECTION ( 'NONE',  ( -1.000000000000000000, 0.000000000000000000, 1.559302000878028960E-16 ) ) ;
#1619 = DIRECTION ( 'NONE',  ( 0.000000000000000000, 0.000000000000000000, -1.000000000000000000 ) ) ;
#1620 = ORIENTED_EDGE ( 'NONE', *, *, #102, .T. ) ;
#1621 = LINE ( 'NONE', #179, #1349 ) ;
#1622 = VERTEX_POINT ( 'NONE', #1284 ) ;
#1623 = ORIENTED_EDGE ( 'NONE', *, *, #4727, .F. ) ;
#1624 = CARTESIAN_POINT ( 'NONE',  ( -37.00000000000000711, -32.00000000000000000, 43.49999999999999289 ) ) ;
#1625 = VERTEX_POINT ( 'NONE', #503 ) ;
#1626 = DIRECTION ( 'NONE',  ( -1.460819769243627131E-16, 0.000000000000000000, 1.000000000000000000 ) ) ;
#1627 = LINE ( 'NONE', #1754, #2772 ) ;
#1628 = ORIENTED_EDGE ( 'NONE', *, *, #3247, .T. ) ;
#1629 = DIRECTION ( 'NONE',  ( -1.000000000000000000, -0.000000000000000000, -1.460819769243627377E-16 ) ) ;
#1630 = ADVANCED_FACE ( 'NONE', ( #2805 ), #3085, .T. ) ;
#1631 = DIRECTION ( 'NONE',  ( 0.000000000000000000, -0.000000000000000000, -1.000000000000000000 ) ) ;
#1632 = ADVANCED_FACE ( 'NONE', ( #549 ), #3450, .F. ) ;
#1633 = CIRCLE ( 'NONE', #2829, 1.000000000000000888 ) ;
#1634 = FACE_OUTER_BOUND ( 'NONE', #1467, .T. ) ;
#1635 = CARTESIAN_POINT ( 'NONE',  ( -39.50000000000000000, -23.30000000000000071, 2.500000000000000000 ) ) ;
#1636 = ORIENTED_EDGE ( 'NONE', *, *, #2951, .T. ) ;
#1637 = DIRECTION ( 'NONE',  ( 1.559302000878028960E-16, -0.000000000000000000, 1.000000000000000000 ) ) ;
#1638 = AXIS2_PLACEMENT_3D ( 'NONE', #2297, #1149, #3014 ) ;
#1639 = EDGE_CURVE ( 'NONE', #899, #4659, #3074, .T. ) ;
#1640 = DIRECTION ( 'NONE',  ( 0.000000000000000000, 0.000000000000000000, 1.000000000000000000 ) ) ;
#1641 = EDGE_CURVE ( 'NONE', #1249, #4224, #1368, .T. ) ;
#1642 = VECTOR ( 'NONE', #1618, 1000.000000000000000 ) ;
#1643 = AXIS2_PLACEMENT_3D ( 'NONE', #3589, #2087, #919 ) ;
#1644 = ORIENTED_EDGE ( 'NONE', *, *, #1855, .F. ) ;
#1645 = DIRECTION ( 'NONE',  ( 0.000000000000000000, 0.000000000000000000, 1.000000000000000000 ) ) ;
#1646 = VERTEX_POINT ( 'NONE', #2141 ) ;
#1647 = ADVANCED_BREP_SHAPE_REPRESENTATION ( 'Top Tray', ( #3241, #3269 ), #1853 ) ;
#1648 = EDGE_CURVE ( 'NONE', #758, #3429, #1391, .T. ) ;
#1649 = AXIS2_PLACEMENT_3D ( 'NONE', #3739, #3689, #4836 ) ;
#1650 = PLANE ( 'NONE',  #3458 ) ;
#1651 = AXIS2_PLACEMENT_3D ( 'NONE', #1555, #1207, #1581 ) ;
#1652 = EDGE_LOOP ( 'NONE', ( #2987, #272 ) ) ;
#1653 = FACE_OUTER_BOUND ( 'NONE', #4256, .T. ) ;
#1654 = DIRECTION ( 'NONE',  ( 0.000000000000000000, 0.000000000000000000, -1.000000000000000000 ) ) ;
#1655 = VERTEX_POINT ( 'NONE', #2905 ) ;
#1656 = AXIS2_PLACEMENT_3D ( 'NONE', #2487, #1742, #4013 ) ;
#1657 = DIRECTION ( 'NONE',  ( 1.000000000000000000, 0.000000000000000000, -0.000000000000000000 ) ) ;
#1658 = DIRECTION ( 'NONE',  ( 0.000000000000000000, 0.000000000000000000, -1.000000000000000000 ) ) ;
#1659 = CIRCLE ( 'NONE', #1825, 2.000000000000001776 ) ;
#1660 = PLANE ( 'NONE',  #1362 ) ;
#1661 = EDGE_CURVE ( 'NONE', #3375, #189, #226, .T. ) ;
#1662 = ORIENTED_EDGE ( 'NONE', *, *, #1137, .T. ) ;
#1663 = DIRECTION ( 'NONE',  ( -1.000000000000000000, -0.000000000000000000, -1.460819769243627377E-16 ) ) ;
#1664 = AXIS2_PLACEMENT_3D ( 'NONE', #4874, #3060, #1477 ) ;
#1665 = DIRECTION ( 'NONE',  ( 0.000000000000000000, 0.000000000000000000, -1.000000000000000000 ) ) ;
#1666 = LINE ( 'NONE', #443, #4578 ) ;
#1667 = CIRCLE ( 'NONE', #3948, 1.550000000000002709 ) ;
#1668 = EDGE_LOOP ( 'NONE', ( #1843, #1829, #708, #2899 ) ) ;
#1669 = CARTESIAN_POINT ( 'NONE',  ( 23.99999999999999645, -14.39999999999999858, -43.50000000000000000 ) ) ;
#1670 = EDGE_CURVE ( 'NONE', #3303, #3429, #1689, .T. ) ;
#1671 = ORIENTED_EDGE ( 'NONE', *, *, #2620, .F. ) ;
#1672 = EDGE_LOOP ( 'NONE', ( #1897, #120, #3883, #3374 ) ) ;
#1673 = DIRECTION ( 'NONE',  ( 1.000000000000000000, -0.000000000000000000, -1.460819769243627377E-16 ) ) ;
#1674 = LINE ( 'NONE', #985, #3075 ) ;
#1675 = ADVANCED_FACE ( 'NONE', ( #3299 ), #4731, .F. ) ;
#1676 = ORIENTED_EDGE ( 'NONE', *, *, #1696, .F. ) ;
#1677 = DIRECTION ( 'NONE',  ( 0.000000000000000000, 0.000000000000000000, 1.000000000000000000 ) ) ;
#1678 = DIRECTION ( 'NONE',  ( 1.000000000000000000, -0.000000000000000000, -1.460819769243627377E-16 ) ) ;
#1679 = AXIS2_PLACEMENT_3D ( 'NONE', #2340, #850, #875 ) ;
#1680 = ORIENTED_EDGE ( 'NONE', *, *, #2889, .F. ) ;
#1681 = VERTEX_POINT ( 'NONE', #4043 ) ;
#1682 = CARTESIAN_POINT ( 'NONE',  ( 47.29999999999999005, -13.99999999999998934, -36.00000000000001421 ) ) ;
#1683 = AXIS2_PLACEMENT_3D ( 'NONE', #552, #3568, #229 ) ;
#1684 = CARTESIAN_POINT ( 'NONE',  ( 43.49999999999999289, -23.30000000000000071, 43.49999999999998579 ) ) ;
#1685 = DIRECTION ( 'NONE',  ( -1.000000000000000000, 0.000000000000000000, 0.000000000000000000 ) ) ;
#1686 = DIRECTION ( 'NONE',  ( 0.000000000000000000, -0.000000000000000000, -1.000000000000000000 ) ) ;
#1687 = ORIENTED_EDGE ( 'NONE', *, *, #287, .T. ) ;
#1688 = FACE_OUTER_BOUND ( 'NONE', #1756, .T. ) ;
#1689 = LINE ( 'NONE', #3651, #2603 ) ;
#1690 = CARTESIAN_POINT ( 'NONE',  ( -39.50000000000000000, -23.30000000000000071, -2.500000000000000000 ) ) ;
#1691 = CARTESIAN_POINT ( 'NONE',  ( -44.50000000000001421, 0.000000000000000000, -44.50000000000001421 ) ) ;
#1692 = ORIENTED_EDGE ( 'NONE', *, *, #2400, .F. ) ;
#1693 = CYLINDRICAL_SURFACE ( 'NONE', #14, 1.000000000000000888 ) ;
#1694 = ORIENTED_EDGE ( 'NONE', *, *, #4657, .F. ) ;
#1695 = VERTEX_POINT ( 'NONE', #4813 ) ;
#1696 = EDGE_CURVE ( 'NONE', #3648, #1286, #465, .T. ) ;
#1697 = CYLINDRICAL_SURFACE ( 'NONE', #4635, 3.500000000000003109 ) ;
#1698 = EDGE_CURVE ( 'NONE', #3361, #3648, #2859, .T. ) ;
#1699 = CARTESIAN_POINT ( 'NONE',  ( -41.50000000000000000, -16.00000000000000000, 34.99999999999999289 ) ) ;
#1700 = VERTEX_POINT ( 'NONE', #3192 ) ;
#1701 = EDGE_CURVE ( 'NONE', #4209, #1695, #3277, .T. ) ;
#1702 = DIRECTION ( 'NONE',  ( -1.000000000000000000, 0.000000000000000000, 0.000000000000000000 ) ) ;
#1703 = DIRECTION ( 'NONE',  ( 0.000000000000000000, 0.000000000000000000, -1.000000000000000000 ) ) ;
#1704 = EDGE_LOOP ( 'NONE', ( #4638, #504, #291, #4128 ) ) ;
#1705 = EDGE_LOOP ( 'NONE', ( #2148, #2069, #2579, #1852 ) ) ;
#1706 = CYLINDRICAL_SURFACE ( 'NONE', #1256, 1.000000000000000888 ) ;
#1707 = CARTESIAN_POINT ( 'NONE',  ( 47.50000000000000000, -24.00000000000000000, 34.99999999999999289 ) ) ;
#1708 = ORIENTED_EDGE ( 'NONE', *, *, #4026, .T. ) ;
#1709 = CARTESIAN_POINT ( 'NONE',  ( -44.50000000000001421, 0.000000000000000000, 44.50000000000000000 ) ) ;
#1710 = CARTESIAN_POINT ( 'NONE',  ( 37.00000000000000000, -23.30000000000000071, 41.49999999999999289 ) ) ;
#1711 = DIRECTION ( 'NONE',  ( 0.000000000000000000, 0.000000000000000000, -1.000000000000000000 ) ) ;
#1712 = DIRECTION ( 'NONE',  ( 0.000000000000000000, -0.000000000000000000, -1.000000000000000000 ) ) ;
#1713 = EDGE_LOOP ( 'NONE', ( #1584, #4050, #392, #37 ) ) ;
#1714 = LINE ( 'NONE', #4384, #1592 ) ;
#1715 = VERTEX_POINT ( 'NONE', #2933 ) ;
#1716 = CIRCLE ( 'NONE', #1562, 2.000000000000001776 ) ;
#1717 = EDGE_LOOP ( 'NONE', ( #2604, #3031 ) ) ;
#1718 = AXIS2_PLACEMENT_3D ( 'NONE', #289, #4540, #4564 ) ;
#1719 = CIRCLE ( 'NONE', #4485, 3.500000000000003109 ) ;
#1720 = CYLINDRICAL_SURFACE ( 'NONE', #2030, 3.500000000000003109 ) ;
#1721 = DIRECTION ( 'NONE',  ( -0.000000000000000000, -1.000000000000000000, -0.000000000000000000 ) ) ;
#1722 = ORIENTED_EDGE ( 'NONE', *, *, #3907, .T. ) ;
#1723 = EDGE_CURVE ( 'NONE', #3755, #1145, #4404, .T. ) ;
#1724 = VECTOR ( 'NONE', #2169, 1000.000000000000000 ) ;
#1725 = CARTESIAN_POINT ( 'NONE',  ( -40.00000000000000000, -23.30000000000000071, 39.99999999999998579 ) ) ;
#1726 = DIRECTION ( 'NONE',  ( 0.000000000000000000, -1.000000000000000000, 0.000000000000000000 ) ) ;
#1727 = AXIS2_PLACEMENT_3D ( 'NONE', #117, #3881, #1626 ) ;
#1728 = ORIENTED_EDGE ( 'NONE', *, *, #2073, .F. ) ;
#1729 = EDGE_CURVE ( 'NONE', #3402, #1839, #2438, .T. ) ;
#1730 = VERTEX_POINT ( 'NONE', #4702 ) ;
#1731 = CARTESIAN_POINT ( 'NONE',  ( 46.50000000000001421, -31.00000000000000000, -44.50000000000001421 ) ) ;
#1732 = AXIS2_PLACEMENT_3D ( 'NONE', #2831, #2277, #819 ) ;
#1733 = CARTESIAN_POINT ( 'NONE',  ( 37.00000000000000000, 0.000000000000000000, 39.50000000000000711 ) ) ;
#1734 = CYLINDRICAL_SURFACE ( 'NONE', #1741, 2.000000000000000000 ) ;
#1735 = AXIS2_PLACEMENT_3D ( 'NONE', #2637, #4456, #1522 ) ;
#1736 = DIRECTION ( 'NONE',  ( -0.000000000000000000, 1.000000000000000000, -0.000000000000000000 ) ) ;
#1737 = EDGE_CURVE ( 'NONE', #3455, #4237, #305, .T. ) ;
#1738 = ORIENTED_EDGE ( 'NONE', *, *, #3036, .T. ) ;
#1739 = CARTESIAN_POINT ( 'NONE',  ( -40.00000000000000000, -32.00000000000000000, 39.99999999999998579 ) ) ;
#1740 = CARTESIAN_POINT ( 'NONE',  ( -43.50000000000000000, -32.00000000000000000, 2.500000000000000000 ) ) ;
#1741 = AXIS2_PLACEMENT_3D ( 'NONE', #2535, #1045, #4755 ) ;
#1742 = DIRECTION ( 'NONE',  ( 1.000000000000000000, -0.000000000000000000, 1.460819769243627131E-16 ) ) ;
#1743 = DIRECTION ( 'NONE',  ( 0.000000000000000000, 0.000000000000000000, 1.000000000000000000 ) ) ;
#1744 = ORIENTED_EDGE ( 'NONE', *, *, #1795, .F. ) ;
#1745 = CARTESIAN_POINT ( 'NONE',  ( 0.000000000000000000, 0.000000000000000000, -46.50000000000001421 ) ) ;
#1746 = ORIENTED_EDGE ( 'NONE', *, *, #43, .F. ) ;
#1747 = ORIENTED_EDGE ( 'NONE', *, *, #4686, .T. ) ;
#1748 = FACE_OUTER_BOUND ( 'NONE', #2100, .T. ) ;
#1749 = VECTOR ( 'NONE', #1052, 1000.000000000000000 ) ;
#1750 = FACE_OUTER_BOUND ( 'NONE', #635, .T. ) ;
#1751 = CARTESIAN_POINT ( 'NONE',  ( -41.49999999999998579, -23.30000000000000071, -37.00000000000000000 ) ) ;
#1752 = ORIENTED_EDGE ( 'NONE', *, *, #746, .T. ) ;
#1753 = CYLINDRICAL_SURFACE ( 'NONE', #144, 1.050000000000002265 ) ;
#1754 = CARTESIAN_POINT ( 'NONE',  ( 46.69999999999999574, 1.000000000000000000, 44.49999999999998579 ) ) ;
#1755 = EDGE_CURVE ( 'NONE', #709, #1355, #3620, .T. ) ;
#1756 = EDGE_LOOP ( 'NONE', ( #2563, #3938, #681, #1791 ) ) ;
#1757 = VERTEX_POINT ( 'NONE', #1710 ) ;
#1758 = DIRECTION ( 'NONE',  ( -1.000000000000000000, 0.000000000000000000, 0.000000000000000000 ) ) ;
#1759 = LINE ( 'NONE', #3271, #4646 ) ;
#1760 = CARTESIAN_POINT ( 'NONE',  ( 44.50000000000000000, -32.00000000000000000, 47.49999999999998579 ) ) ;
#1761 = CIRCLE ( 'NONE', #4367, 1.050000000000002265 ) ;
#1762 = EDGE_CURVE ( 'NONE', #230, #1881, #3219, .T. ) ;
#1763 = EDGE_CURVE ( 'NONE', #2328, #1242, #2113, .T. ) ;
#1764 = FACE_OUTER_BOUND ( 'NONE', #4379, .T. ) ;
#1765 = EDGE_LOOP ( 'NONE', ( #913, #918, #2440, #1808 ) ) ;
#1766 = DIRECTION ( 'NONE',  ( 0.000000000000000000, 1.000000000000000000, 0.000000000000000000 ) ) ;
#1767 = CIRCLE ( 'NONE', #3350, 1.000000000000000888 ) ;
#1768 = CARTESIAN_POINT ( 'NONE',  ( 46.50000000000000000, -31.00000000000000000, 44.49999999999998579 ) ) ;
#1769 = EDGE_CURVE ( 'NONE', #2221, #2837, #2612, .T. ) ;
#1770 = FACE_OUTER_BOUND ( 'NONE', #4519, .T. ) ;
#1771 = EDGE_LOOP ( 'NONE', ( #3349, #4075, #1051, #4166 ) ) ;
#1772 = FACE_OUTER_BOUND ( 'NONE', #2918, .T. ) ;
#1773 = VERTEX_POINT ( 'NONE', #1493 ) ;
#1774 = ORIENTED_EDGE ( 'NONE', *, *, #3935, .T. ) ;
#1775 = LINE ( 'NONE', #3681, #1240 ) ;
#1776 = CARTESIAN_POINT ( 'NONE',  ( 39.50000000000000000, 0.000000000000000000, -2.500000000000000000 ) ) ;
#1777 = EDGE_LOOP ( 'NONE', ( #692, #83, #4223, #1520 ) ) ;
#1778 = LINE ( 'NONE', #2235, #2533 ) ;
#1779 = LINE ( 'NONE', #164, #953 ) ;
#1780 = ORIENTED_EDGE ( 'NONE', *, *, #2029, .F. ) ;
#1781 = ORIENTED_EDGE ( 'NONE', *, *, #1893, .T. ) ;
#1782 = CARTESIAN_POINT ( 'NONE',  ( -47.29999999999999005, -13.99999999999998934, -35.00000000000000711 ) ) ;
#1783 = DIRECTION ( 'NONE',  ( -0.000000000000000000, -1.000000000000000000, -0.000000000000000000 ) ) ;
#1784 = CYLINDRICAL_SURFACE ( 'NONE', #2379, 2.000000000000001776 ) ;
#1785 = DIRECTION ( 'NONE',  ( 1.595148023886719315E-16, 0.000000000000000000, -1.000000000000000000 ) ) ;
#1786 = ORIENTED_EDGE ( 'NONE', *, *, #1269, .F. ) ;
#1787 = ADVANCED_FACE ( 'NONE', ( #4555 ), #3720, .F. ) ;
#1788 = DIRECTION ( 'NONE',  ( 0.000000000000000000, -1.000000000000000000, 0.000000000000000000 ) ) ;
#1789 = CARTESIAN_POINT ( 'NONE',  ( 44.50000000000000000, 1.000000000000000000, 44.49999999999998579 ) ) ;
#1790 = CARTESIAN_POINT ( 'NONE',  ( -41.49999999999999289, -23.30000000000000071, -2.500000000000000000 ) ) ;
#1791 = ORIENTED_EDGE ( 'NONE', *, *, #2706, .F. ) ;
#1792 = DIRECTION ( 'NONE',  ( -0.000000000000000000, 1.000000000000000000, -0.000000000000000000 ) ) ;
#1793 = ORIENTED_EDGE ( 'NONE', *, *, #3634, .F. ) ;
#1794 = PLANE ( 'NONE',  #4812 ) ;
#1795 = EDGE_CURVE ( 'NONE', #1355, #1034, #2833, .T. ) ;
#1796 = VECTOR ( 'NONE', #2417, 1000.000000000000000 ) ;
#1797 = EDGE_CURVE ( 'NONE', #135, #4754, #4505, .T. ) ;
#1798 = DIRECTION ( 'NONE',  ( 0.000000000000000000, 0.000000000000000000, 1.000000000000000000 ) ) ;
#1799 = DIRECTION ( 'NONE',  ( 0.000000000000000000, 0.000000000000000000, 1.000000000000000000 ) ) ;
#1800 = CIRCLE ( 'NONE', #4168, 1.000000000000000888 ) ;
#1801 = EDGE_LOOP ( 'NONE', ( #4239, #4464, #852, #2838 ) ) ;
#1802 = EDGE_LOOP ( 'NONE', ( #524, #2936, #932, #3283 ) ) ;
#1803 = EDGE_CURVE ( 'NONE', #2530, #4434, #753, .T. ) ;
#1804 = VECTOR ( 'NONE', #2250, 1000.000000000000000 ) ;
#1805 = DIRECTION ( 'NONE',  ( 0.000000000000000000, -1.000000000000000000, 0.000000000000000000 ) ) ;
#1806 = CARTESIAN_POINT ( 'NONE',  ( -37.00000000000000000, -16.00000000000000000, 0.000000000000000000 ) ) ;
#1807 = AXIS2_PLACEMENT_3D ( 'NONE', #3890, #4678, #920 ) ;
#1808 = ORIENTED_EDGE ( 'NONE', *, *, #1855, .T. ) ;
#1809 = CIRCLE ( 'NONE', #294, 2.200000000000000622 ) ;
#1810 = ORIENTED_EDGE ( 'NONE', *, *, #371, .T. ) ;
#1811 = DIRECTION ( 'NONE',  ( -0.000000000000000000, -1.000000000000000000, -0.000000000000000000 ) ) ;
#1812 = CIRCLE ( 'NONE', #4329, 1.000000000000000888 ) ;
#1813 = SURFACE_STYLE_USAGE ( .BOTH. , #1540 ) ;
#1814 = CARTESIAN_POINT ( 'NONE',  ( 37.00000000000000000, 0.000000000000000000, 43.50000000000000000 ) ) ;
#1815 = VERTEX_POINT ( 'NONE', #4864 ) ;
#1816 = VECTOR ( 'NONE', #46, 1000.000000000000000 ) ;
#1817 = CARTESIAN_POINT ( 'NONE',  ( 37.00000000000000000, -23.30000000000000071, -41.49999999999999289 ) ) ;
#1818 = CIRCLE ( 'NONE', #871, 1.000000000000000888 ) ;
#1819 = CARTESIAN_POINT ( 'NONE',  ( 43.50000000000000000, -23.30000000000000071, -34.99999999999999289 ) ) ;
#1820 = EDGE_CURVE ( 'NONE', #3282, #4349, #4531, .T. ) ;
#1821 = ORIENTED_EDGE ( 'NONE', *, *, #3703, .F. ) ;
#1822 = DIRECTION ( 'NONE',  ( 0.000000000000000000, 1.000000000000000000, 0.000000000000000000 ) ) ;
#1823 = ORIENTED_EDGE ( 'NONE', *, *, #641, .F. ) ;
#1824 = DIRECTION ( 'NONE',  ( 1.000000000000000000, 0.000000000000000000, -1.460819769243627131E-16 ) ) ;
#1825 = AXIS2_PLACEMENT_3D ( 'NONE', #2771, #4273, #1654 ) ;
#1826 = DIRECTION ( 'NONE',  ( 0.000000000000000000, 1.000000000000000000, 0.000000000000000000 ) ) ;
#1827 = ADVANCED_FACE ( 'NONE', ( #405 ), #1918, .T. ) ;
#1828 = CIRCLE ( 'NONE', #2457, 1.050000000000002265 ) ;
#1829 = ORIENTED_EDGE ( 'NONE', *, *, #4414, .F. ) ;
#1830 = ORIENTED_EDGE ( 'NONE', *, *, #4414, .T. ) ;
#1831 = AXIS2_PLACEMENT_3D ( 'NONE', #382, #2269, #2590 ) ;
#1832 = DIRECTION ( 'NONE',  ( 0.000000000000000000, 0.000000000000000000, -1.000000000000000000 ) ) ;
#1833 = DIRECTION ( 'NONE',  ( 0.000000000000000000, 1.000000000000000000, 0.000000000000000000 ) ) ;
#1834 = EDGE_CURVE ( 'NONE', #3355, #370, #4375, .T. ) ;
#1835 = VERTEX_POINT ( 'NONE', #3953 ) ;
#1836 = DIRECTION ( 'NONE',  ( -1.000000000000000000, 0.000000000000000000, -0.000000000000000000 ) ) ;
#1837 = DIRECTION ( 'NONE',  ( -1.000000000000000000, 0.000000000000000000, 1.559302000878028960E-16 ) ) ;
#1838 = CARTESIAN_POINT ( 'NONE',  ( 43.50000000000000000, -16.00000000000000000, 39.99999999999999289 ) ) ;
#1839 = VERTEX_POINT ( 'NONE', #4004 ) ;
#1840 = DIRECTION ( 'NONE',  ( 0.000000000000000000, 1.000000000000000000, -0.000000000000000000 ) ) ;
#1841 = DIRECTION ( 'NONE',  ( -0.000000000000000000, 1.000000000000000000, -0.000000000000000000 ) ) ;
#1842 = CARTESIAN_POINT ( 'NONE',  ( -34.99999999999998579, -16.00000000000000000, -41.49999999999999289 ) ) ;
#1843 = ORIENTED_EDGE ( 'NONE', *, *, #492, .F. ) ;
#1844 = LINE ( 'NONE', #4482, #2708 ) ;
#1845 = ORIENTED_EDGE ( 'NONE', *, *, #2951, .F. ) ;
#1846 = DIRECTION ( 'NONE',  ( 1.559302000878028960E-16, 0.000000000000000000, 1.000000000000000000 ) ) ;
#1847 = DIRECTION ( 'NONE',  ( 0.000000000000000000, 0.000000000000000000, -1.000000000000000000 ) ) ;
#1848 = VECTOR ( 'NONE', #3194, 1000.000000000000000 ) ;
#1849 = CARTESIAN_POINT ( 'NONE',  ( 47.49999999999998579, -32.00000000000000000, -44.50000000000001421 ) ) ;
#1850 = ORIENTED_EDGE ( 'NONE', *, *, #159, .F. ) ;
#1851 = LINE ( 'NONE', #65, #1515 ) ;
#1852 = ORIENTED_EDGE ( 'NONE', *, *, #3392, .T. ) ;
#1853 =( GEOMETRIC_REPRESENTATION_CONTEXT ( 3 ) GLOBAL_UNCERTAINTY_ASSIGNED_CONTEXT ( ( #365 ) ) GLOBAL_UNIT_ASSIGNED_CONTEXT ( ( #4673, #2801, #1280 ) ) REPRESENTATION_CONTEXT ( 'NONE', 'WORKASPACE' ) );
#1854 = ADVANCED_FACE ( 'NONE', ( #1359, #568 ), #650, .T. ) ;
#1855 = EDGE_CURVE ( 'NONE', #397, #238, #4351, .T. ) ;
#1856 = DIRECTION ( 'NONE',  ( -0.000000000000000000, -1.000000000000000000, -0.000000000000000000 ) ) ;
#1857 = CARTESIAN_POINT ( 'NONE',  ( 26.00000000000000711, 1.000000000000000000, -46.70000000000000995 ) ) ;
#1858 = EDGE_LOOP ( 'NONE', ( #4670, #3687, #4846, #4890 ) ) ;
#1859 = EDGE_CURVE ( 'NONE', #2328, #3151, #192, .T. ) ;
#1860 = EDGE_CURVE ( 'NONE', #189, #661, #3210, .T. ) ;
#1861 = FACE_OUTER_BOUND ( 'NONE', #1713, .T. ) ;
#1862 = DIRECTION ( 'NONE',  ( 0.000000000000000000, 0.000000000000000000, -1.000000000000000000 ) ) ;
#1863 = CARTESIAN_POINT ( 'NONE',  ( -40.00000000000000000, -23.30000000000000071, -40.00000000000000000 ) ) ;
#1864 = VERTEX_POINT ( 'NONE', #276 ) ;
#1865 = DIRECTION ( 'NONE',  ( 0.000000000000000000, 0.000000000000000000, -1.000000000000000000 ) ) ;
#1866 = DIRECTION ( 'NONE',  ( 0.000000000000000000, 1.000000000000000000, 0.000000000000000000 ) ) ;
#1867 = CARTESIAN_POINT ( 'NONE',  ( -44.50000000000001421, -31.00000000000000000, -46.50000000000002842 ) ) ;
#1868 = ORIENTED_EDGE ( 'NONE', *, *, #2762, .T. ) ;
#1869 = DIRECTION ( 'NONE',  ( -0.000000000000000000, 1.000000000000000000, -0.000000000000000000 ) ) ;
#1870 = VERTEX_POINT ( 'NONE', #2481 ) ;
#1871 = DIRECTION ( 'NONE',  ( 0.000000000000000000, 0.000000000000000000, -1.000000000000000000 ) ) ;
#1872 = LINE ( 'NONE', #4123, #1804 ) ;
#1873 = DIRECTION ( 'NONE',  ( -1.595148023886719315E-16, -0.000000000000000000, 1.000000000000000000 ) ) ;
#1874 = EDGE_LOOP ( 'NONE', ( #3114, #2388, #389, #4520, #3274, #2574, #748, #3471 ) ) ;
#1875 = DIRECTION ( 'NONE',  ( -0.000000000000000000, 1.000000000000000000, -0.000000000000000000 ) ) ;
#1876 = EDGE_LOOP ( 'NONE', ( #3964, #3123 ) ) ;
#1877 = DIRECTION ( 'NONE',  ( 1.000000000000000000, -0.000000000000000000, 1.460819769243627131E-16 ) ) ;
#1878 = CIRCLE ( 'NONE', #1238, 1.000000000000000888 ) ;
#1879 = DIRECTION ( 'NONE',  ( 1.057758217059028978E-16, -1.000000000000000000, 0.000000000000000000 ) ) ;
#1880 = ADVANCED_FACE ( 'NONE', ( #2057 ), #4723, .F. ) ;
#1881 = VERTEX_POINT ( 'NONE', #1331 ) ;
#1882 = CARTESIAN_POINT ( 'NONE',  ( 44.49999999999999289, 0.000000000000000000, 44.50000000000000000 ) ) ;
#1883 = DIRECTION ( 'NONE',  ( -1.000000000000000000, 0.000000000000000000, 0.000000000000000000 ) ) ;
#1884 = AXIS2_PLACEMENT_3D ( 'NONE', #18, #4169, #3804 ) ;
#1885 = VECTOR ( 'NONE', #4196, 1000.000000000000000 ) ;
#1886 = EDGE_CURVE ( 'NONE', #4209, #357, #2039, .T. ) ;
#1887 = DIRECTION ( 'NONE',  ( -1.000000000000000000, 0.000000000000000000, -1.460819769243627131E-16 ) ) ;
#1888 = VERTEX_POINT ( 'NONE', #168 ) ;
#1889 = VECTOR ( 'NONE', #2161, 1000.000000000000000 ) ;
#1890 = DIRECTION ( 'NONE',  ( 0.000000000000000000, 0.000000000000000000, 1.000000000000000000 ) ) ;
#1891 = CARTESIAN_POINT ( 'NONE',  ( -44.50000000000000000, -31.00000000000000000, 44.49999999999998579 ) ) ;
#1892 = LINE ( 'NONE', #356, #2641 ) ;
#1893 = EDGE_CURVE ( 'NONE', #4174, #4125, #966, .T. ) ;
#1894 = AXIS2_PLACEMENT_3D ( 'NONE', #2022, #2681, #2308 ) ;
#1895 = EDGE_LOOP ( 'NONE', ( #1676, #2132, #2094, #2081 ) ) ;
#1896 = CARTESIAN_POINT ( 'NONE',  ( -47.49999999999998579, -23.99999999999999289, -35.00000000000000000 ) ) ;
#1897 = ORIENTED_EDGE ( 'NONE', *, *, #4471, .F. ) ;
#1898 = DIRECTION ( 'NONE',  ( -0.000000000000000000, -1.000000000000000000, -0.000000000000000000 ) ) ;
#1899 = DIRECTION ( 'NONE',  ( -0.000000000000000000, 1.000000000000000000, -0.000000000000000000 ) ) ;
#1900 = AXIS2_PLACEMENT_3D ( 'NONE', #1479, #3341, #4855 ) ;
#1901 = ORIENTED_EDGE ( 'NONE', *, *, #3100, .F. ) ;
#1902 = DIRECTION ( 'NONE',  ( 0.000000000000000000, 1.000000000000000000, 0.000000000000000000 ) ) ;
#1903 = VECTOR ( 'NONE', #730, 1000.000000000000000 ) ;
#1904 = ORIENTED_EDGE ( 'NONE', *, *, #1005, .T. ) ;
#1905 = VERTEX_POINT ( 'NONE', #3643 ) ;
#1906 = DIRECTION ( 'NONE',  ( 1.000000000000000000, -0.000000000000000000, -1.460819769243627377E-16 ) ) ;
#1907 = VECTOR ( 'NONE', #651, 1000.000000000000000 ) ;
#1908 = FACE_BOUND ( 'NONE', #4596, .T. ) ;
#1909 = ORIENTED_EDGE ( 'NONE', *, *, #1071, .T. ) ;
#1910 = AXIS2_PLACEMENT_3D ( 'NONE', #2729, #1252, #869 ) ;
#1911 = ADVANCED_FACE ( 'NONE', ( #2799 ), #4299, .T. ) ;
#1912 = CARTESIAN_POINT ( 'NONE',  ( 44.49999999999998579, -32.00000000000000000, -47.50000000000001421 ) ) ;
#1913 = CARTESIAN_POINT ( 'NONE',  ( -39.50000000000000000, -16.00000000000000000, 39.49999999999999289 ) ) ;
#1914 = CIRCLE ( 'NONE', #3559, 1.000000000000000888 ) ;
#1915 = DIRECTION ( 'NONE',  ( 0.000000000000000000, -1.000000000000000000, 0.000000000000000000 ) ) ;
#1916 = ORIENTED_EDGE ( 'NONE', *, *, #3540, .F. ) ;
#1917 = EDGE_CURVE ( 'NONE', #955, #285, #1759, .T. ) ;
#1918 = PLANE ( 'NONE',  #3780 ) ;
#1919 = DIRECTION ( 'NONE',  ( 0.000000000000000000, 0.000000000000000000, 1.000000000000000000 ) ) ;
#1920 = EDGE_CURVE ( 'NONE', #3555, #397, #4180, .T. ) ;
#1921 = DIRECTION ( 'NONE',  ( 0.000000000000000000, 1.000000000000000000, 0.000000000000000000 ) ) ;
#1922 = ORIENTED_EDGE ( 'NONE', *, *, #746, .F. ) ;
#1923 = CARTESIAN_POINT ( 'NONE',  ( -44.50000000000001421, 1.000000000000000000, -46.69999999999999574 ) ) ;
#1924 = VERTEX_POINT ( 'NONE', #1385 ) ;
#1925 = FACE_OUTER_BOUND ( 'NONE', #902, .T. ) ;
#1926 = EDGE_CURVE ( 'NONE', #1033, #2659, #218, .T. ) ;
#1927 = CARTESIAN_POINT ( 'NONE',  ( 39.99999999999999289, 0.000000000000000000, -43.50000000000000000 ) ) ;
#1928 = AXIS2_PLACEMENT_3D ( 'NONE', #2561, #1887, #3394 ) ;
#1929 = ORIENTED_EDGE ( 'NONE', *, *, #2854, .F. ) ;
#1930 = DIRECTION ( 'NONE',  ( -0.000000000000000000, -1.000000000000000000, -0.000000000000000000 ) ) ;
#1931 = EDGE_LOOP ( 'NONE', ( #3578, #1172, #2478, #4634 ) ) ;
#1932 = AXIS2_PLACEMENT_3D ( 'NONE', #2291, #4457, #1070 ) ;
#1933 = DIRECTION ( 'NONE',  ( 1.000000000000000000, 0.000000000000000000, -1.460819769243627131E-16 ) ) ;
#1934 = DIRECTION ( 'NONE',  ( 0.000000000000000000, -0.000000000000000000, -1.000000000000000000 ) ) ;
#1935 = ORIENTED_EDGE ( 'NONE', *, *, #4816, .T. ) ;
#1936 = DIRECTION ( 'NONE',  ( -1.000000000000000000, -0.000000000000000000, -1.460819769243627377E-16 ) ) ;
#1937 = CARTESIAN_POINT ( 'NONE',  ( -43.50000000000000000, -16.00000000000000000, -4.499999999999997335 ) ) ;
#1938 = CARTESIAN_POINT ( 'NONE',  ( -40.00000000000000000, -32.00000000000000000, 41.05000000000000426 ) ) ;
#1939 = ORIENTED_EDGE ( 'NONE', *, *, #1886, .F. ) ;
#1940 = CARTESIAN_POINT ( 'NONE',  ( -44.50000000000001421, 1.000000000000000000, -44.50000000000001421 ) ) ;
#1941 = LINE ( 'NONE', #56, #3667 ) ;
#1942 = ORIENTED_EDGE ( 'NONE', *, *, #1534, .F. ) ;
#1943 = DIRECTION ( 'NONE',  ( 0.000000000000000000, 0.000000000000000000, -1.000000000000000000 ) ) ;
#1944 = ADVANCED_FACE ( 'NONE', ( #1463 ), #4452, .F. ) ;
#1945 = EDGE_LOOP ( 'NONE', ( #4019, #1405, #4737, #3602 ) ) ;
#1946 = CARTESIAN_POINT ( 'NONE',  ( 24.00000000000000711, -18.39999999999999858, -46.50000000000001421 ) ) ;
#1947 = DIRECTION ( 'NONE',  ( 0.000000000000000000, 0.000000000000000000, 1.000000000000000000 ) ) ;
#1948 = EDGE_LOOP ( 'NONE', ( #3981, #2971 ) ) ;
#1949 = CYLINDRICAL_SURFACE ( 'NONE', #2704, 1.550000000000002709 ) ;
#1950 = UNCERTAINTY_MEASURE_WITH_UNIT (LENGTH_MEASURE( 1.000000000000000082E-05 ), #2212, 'distance_accuracy_value', 'NONE');
#1951 = EDGE_CURVE ( 'NONE', #1695, #532, #1248, .T. ) ;
#1952 = ORIENTED_EDGE ( 'NONE', *, *, #463, .F. ) ;
#1953 = CARTESIAN_POINT ( 'NONE',  ( 37.00000000000000000, 0.000000000000000000, -43.50000000000000000 ) ) ;
#1954 = CARTESIAN_POINT ( 'NONE',  ( -47.29999999999999005, -23.99999999999999289, -35.00000000000000000 ) ) ;
#1955 = EDGE_CURVE ( 'NONE', #2866, #2293, #2952, .T. ) ;
#1956 = ORIENTED_EDGE ( 'NONE', *, *, #2165, .T. ) ;
#1957 = AXIS2_PLACEMENT_3D ( 'NONE', #893, #3609, #1657 ) ;
#1958 = CARTESIAN_POINT ( 'NONE',  ( 44.50000000000000000, -31.00000000000000000, 46.49999999999998579 ) ) ;
#1959 = VECTOR ( 'NONE', #2199, 1000.000000000000000 ) ;
#1960 = ORIENTED_EDGE ( 'NONE', *, *, #1155, .F. ) ;
#1961 = AXIS2_PLACEMENT_3D ( 'NONE', #2253, #4124, #4489 ) ;
#1962 = AXIS2_PLACEMENT_3D ( 'NONE', #3106, #1201, #2015 ) ;
#1963 = CARTESIAN_POINT ( 'NONE',  ( -46.50000000000002132, -31.00000000000000000, -44.50000000000001421 ) ) ;
#1964 = DIRECTION ( 'NONE',  ( -1.000000000000000000, 0.000000000000000000, -0.000000000000000000 ) ) ;
#1965 = ORIENTED_EDGE ( 'NONE', *, *, #2970, .T. ) ;
#1966 = CARTESIAN_POINT ( 'NONE',  ( 44.49999999999999289, -32.00000000000000000, -46.04999999999999716 ) ) ;
#1967 = ORIENTED_EDGE ( 'NONE', *, *, #3276, .T. ) ;
#1968 = AXIS2_PLACEMENT_3D ( 'NONE', #482, #2781, #4283 ) ;
#1969 = PLANE ( 'NONE',  #460 ) ;
#1970 = FACE_OUTER_BOUND ( 'NONE', #4509, .T. ) ;
#1971 = EDGE_CURVE ( 'NONE', #887, #2341, #1414, .T. ) ;
#1972 = VECTOR ( 'NONE', #425, 1000.000000000000000 ) ;
#1973 = CARTESIAN_POINT ( 'NONE',  ( 37.00000000000000000, -23.30000000000000071, -2.500000000000000000 ) ) ;
#1974 = ORIENTED_EDGE ( 'NONE', *, *, #2793, .T. ) ;
#1975 = LINE ( 'NONE', #3478, #3092 ) ;
#1976 = VERTEX_POINT ( 'NONE', #351 ) ;
#1977 = CIRCLE ( 'NONE', #2610, 2.000000000000001776 ) ;
#1978 = EDGE_CURVE ( 'NONE', #3743, #591, #469, .T. ) ;
#1979 = LINE ( 'NONE', #767, #4024 ) ;
#1980 = CARTESIAN_POINT ( 'NONE',  ( 43.50000000000000000, -16.00000000000000000, -39.99999999999999289 ) ) ;
#1981 = VECTOR ( 'NONE', #3962, 1000.000000000000000 ) ;
#1982 = ORIENTED_EDGE ( 'NONE', *, *, #2946, .F. ) ;
#1983 = ADVANCED_FACE ( 'NONE', ( #1861 ), #4499, .F. ) ;
#1984 = CARTESIAN_POINT ( 'NONE',  ( -44.49999999999999289, 0.000000000000000000, -46.04999999999999716 ) ) ;
#1985 =( NAMED_UNIT ( * ) PLANE_ANGLE_UNIT ( ) SI_UNIT ( $, .RADIAN. ) );
#1986 = AXIS2_PLACEMENT_3D ( 'NONE', #3831, #817, #2700 ) ;
#1987 = VERTEX_POINT ( 'NONE', #1139 ) ;
#1988 = VECTOR ( 'NONE', #602, 1000.000000000000000 ) ;
#1989 = DIRECTION ( 'NONE',  ( -0.000000000000000000, -1.000000000000000000, -0.000000000000000000 ) ) ;
#1990 = CARTESIAN_POINT ( 'NONE',  ( 47.29999999999999005, -3.999999999999991562, -34.00000000000000711 ) ) ;
#1991 = DIRECTION ( 'NONE',  ( 1.000000000000000000, 0.000000000000000000, 0.000000000000000000 ) ) ;
#1992 = ORIENTED_EDGE ( 'NONE', *, *, #4208, .T. ) ;
#1993 = CARTESIAN_POINT ( 'NONE',  ( -40.00000000000000000, 0.000000000000000000, 39.99999999999998579 ) ) ;
#1994 = CARTESIAN_POINT ( 'NONE',  ( -44.50000000000001421, -32.00000000000000000, 44.50000000000000000 ) ) ;
#1995 = EDGE_LOOP ( 'NONE', ( #3105, #3990 ) ) ;
#1996 = DIRECTION ( 'NONE',  ( -0.000000000000000000, 1.000000000000000000, -0.000000000000000000 ) ) ;
#1997 = ORIENTED_EDGE ( 'NONE', *, *, #275, .F. ) ;
#1998 = ORIENTED_EDGE ( 'NONE', *, *, #4208, .F. ) ;
#1999 = CIRCLE ( 'NONE', #4446, 2.000000000000001776 ) ;
#2000 = CARTESIAN_POINT ( 'NONE',  ( 44.50000000000000000, 1.000000000000000000, 46.69999999999998153 ) ) ;
#2001 = ORIENTED_EDGE ( 'NONE', *, *, #409, .F. ) ;
#2002 = VECTOR ( 'NONE', #3622, 1000.000000000000000 ) ;
#2003 = EDGE_CURVE ( 'NONE', #220, #3802, #1812, .T. ) ;
#2004 = EDGE_CURVE ( 'NONE', #981, #4483, #2444, .T. ) ;
#2005 = DIRECTION ( 'NONE',  ( -1.000000000000000000, 0.000000000000000000, 0.000000000000000000 ) ) ;
#2006 = CARTESIAN_POINT ( 'NONE',  ( 43.50000000000000000, -23.30000000000000071, 35.00000000000000000 ) ) ;
#2007 = EDGE_CURVE ( 'NONE', #223, #2894, #705, .T. ) ;
#2008 = ORIENTED_EDGE ( 'NONE', *, *, #3903, .T. ) ;
#2009 = ADVANCED_FACE ( 'NONE', ( #1484 ), #772, .F. ) ;
#2010 = FACE_OUTER_BOUND ( 'NONE', #4068, .T. ) ;
#2011 = FACE_OUTER_BOUND ( 'NONE', #1016, .T. ) ;
#2012 = DIRECTION ( 'NONE',  ( -0.000000000000000000, 1.000000000000000000, -0.000000000000000000 ) ) ;
#2013 = ADVANCED_FACE ( 'NONE', ( #1114 ), #2656, .F. ) ;
#2014 = VERTEX_POINT ( 'NONE', #2580 ) ;
#2015 = DIRECTION ( 'NONE',  ( 0.000000000000000000, 0.000000000000000000, -1.000000000000000000 ) ) ;
#2016 = CARTESIAN_POINT ( 'NONE',  ( -47.50000000000000000, -32.00000000000000000, 47.49999999999998579 ) ) ;
#2017 = VERTEX_POINT ( 'NONE', #4134 ) ;
#2018 = FACE_OUTER_BOUND ( 'NONE', #19, .T. ) ;
#2019 = ORIENTED_EDGE ( 'NONE', *, *, #608, .F. ) ;
#2020 = CARTESIAN_POINT ( 'NONE',  ( 44.50000000000000000, 1.000000000000000000, 44.49999999999998579 ) ) ;
#2021 = ORIENTED_EDGE ( 'NONE', *, *, #1553, .T. ) ;
#2022 = CARTESIAN_POINT ( 'NONE',  ( -41.49999999999999289, 0.000000000000000000, 4.500000000000000888 ) ) ;
#2023 = CARTESIAN_POINT ( 'NONE',  ( -47.50000000000000000, -13.99999999999999822, 34.99999999999999289 ) ) ;
#2024 = EDGE_CURVE ( 'NONE', #4237, #3050, #3717, .T. ) ;
#2025 = ORIENTED_EDGE ( 'NONE', *, *, #2970, .F. ) ;
#2026 = AXIS2_PLACEMENT_3D ( 'NONE', #1042, #2557, #671 ) ;
#2027 = CARTESIAN_POINT ( 'NONE',  ( -35.00000000000000000, -23.30000000000000071, 41.49999999999998579 ) ) ;
#2028 = CYLINDRICAL_SURFACE ( 'NONE', #322, 2.000000000000001776 ) ;
#2029 = EDGE_CURVE ( 'NONE', #3923, #4214, #1324, .T. ) ;
#2030 = AXIS2_PLACEMENT_3D ( 'NONE', #2445, #2045, #3599 ) ;
#2031 = CARTESIAN_POINT ( 'NONE',  ( 44.49999999999998579, 0.000000000000000000, -46.70000000000000995 ) ) ;
#2032 = ADVANCED_FACE ( 'NONE', ( #3 ), #2283, .F. ) ;
#2033 = CARTESIAN_POINT ( 'NONE',  ( -39.49999999999999289, -16.00000000000000000, -37.00000000000000000 ) ) ;
#2034 = VERTEX_POINT ( 'NONE', #3787 ) ;
#2035 = CARTESIAN_POINT ( 'NONE',  ( 26.00000000000000711, -18.39999999999999858, -46.50000000000001421 ) ) ;
#2036 = AXIS2_PLACEMENT_3D ( 'NONE', #2123, #3311, #956 ) ;
#2037 = DIRECTION ( 'NONE',  ( 0.000000000000000000, 0.000000000000000000, -1.000000000000000000 ) ) ;
#2038 = EDGE_CURVE ( 'NONE', #2117, #1864, #4429, .T. ) ;
#2039 = CIRCLE ( 'NONE', #384, 2.500000000000000000 ) ;
#2040 = AXIS2_PLACEMENT_3D ( 'NONE', #597, #2828, #4380 ) ;
#2041 = EDGE_LOOP ( 'NONE', ( #12, #432 ) ) ;
#2042 = CARTESIAN_POINT ( 'NONE',  ( 40.00000000000000000, -23.30000000000000071, -41.05000000000000426 ) ) ;
#2043 = ORIENTED_EDGE ( 'NONE', *, *, #316, .F. ) ;
#2044 = CIRCLE ( 'NONE', #2131, 1.000000000000000888 ) ;
#2045 = DIRECTION ( 'NONE',  ( 0.000000000000000000, 1.000000000000000000, 0.000000000000000000 ) ) ;
#2046 = DIRECTION ( 'NONE',  ( -0.000000000000000000, 0.000000000000000000, -1.000000000000000000 ) ) ;
#2047 = AXIS2_PLACEMENT_3D ( 'NONE', #1725, #588, #2101 ) ;
#2048 = ORIENTED_EDGE ( 'NONE', *, *, #571, .F. ) ;
#2049 = CARTESIAN_POINT ( 'NONE',  ( -46.70000000000000995, 1.000000000000000000, -44.50000000000001421 ) ) ;
#2050 = VECTOR ( 'NONE', #121, 1000.000000000000000 ) ;
#2051 = CARTESIAN_POINT ( 'NONE',  ( -39.99999999999998579, -23.30000000000000071, -39.99999999999999289 ) ) ;
#2052 = ORIENTED_EDGE ( 'NONE', *, *, #3284, .T. ) ;
#2053 = ORIENTED_EDGE ( 'NONE', *, *, #74, .T. ) ;
#2054 = AXIS2_PLACEMENT_3D ( 'NONE', #221, #2877, #1685 ) ;
#2055 = PLANE ( 'NONE',  #1957 ) ;
#2056 = PRODUCT_DEFINITION ( 'General', '', #4772, #3382 ) ;
#2057 = FACE_OUTER_BOUND ( 'NONE', #1771, .T. ) ;
#2058 = FACE_BOUND ( 'NONE', #3522, .T. ) ;
#2059 = AXIS2_PLACEMENT_3D ( 'NONE', #824, #99, #1608 ) ;
#2060 = LINE ( 'NONE', #2856, #2874 ) ;
#2061 = ORIENTED_EDGE ( 'NONE', *, *, #36, .F. ) ;
#2062 = FACE_OUTER_BOUND ( 'NONE', #2963, .T. ) ;
#2063 = EDGE_CURVE ( 'NONE', #3527, #4669, #3078, .T. ) ;
#2064 = VECTOR ( 'NONE', #1287, 1000.000000000000000 ) ;
#2065 = EDGE_CURVE ( 'NONE', #64, #3624, #2044, .T. ) ;
#2066 = DIRECTION ( 'NONE',  ( 0.000000000000000000, 0.000000000000000000, -1.000000000000000000 ) ) ;
#2067 = FACE_OUTER_BOUND ( 'NONE', #3693, .T. ) ;
#2068 = FACE_OUTER_BOUND ( 'NONE', #4771, .T. ) ;
#2069 = ORIENTED_EDGE ( 'NONE', *, *, #3036, .F. ) ;
#2070 = CARTESIAN_POINT ( 'NONE',  ( 23.99999999999999645, -16.39999999999999858, -46.50000000000001421 ) ) ;
#2071 = VERTEX_POINT ( 'NONE', #471 ) ;
#2072 = ORIENTED_EDGE ( 'NONE', *, *, #3603, .F. ) ;
#2073 = EDGE_CURVE ( 'NONE', #870, #4622, #3468, .T. ) ;
#2074 = DIRECTION ( 'NONE',  ( -0.000000000000000000, 1.000000000000000000, -0.000000000000000000 ) ) ;
#2075 = CARTESIAN_POINT ( 'NONE',  ( 26.00000000000000711, 1.000000000000000000, -44.50000000000001421 ) ) ;
#2076 = ORIENTED_EDGE ( 'NONE', *, *, #1486, .F. ) ;
#2077 = CARTESIAN_POINT ( 'NONE',  ( 47.30000000000000426, -24.00000000000000000, 34.99999999999999289 ) ) ;
#2078 = DIRECTION ( 'NONE',  ( 0.000000000000000000, -1.000000000000000000, 0.000000000000000000 ) ) ;
#2079 = AXIS2_PLACEMENT_3D ( 'NONE', #2085, #1416, #4007 ) ;
#2080 = ORIENTED_EDGE ( 'NONE', *, *, #4079, .T. ) ;
#2081 = ORIENTED_EDGE ( 'NONE', *, *, #1300, .F. ) ;
#2082 = CARTESIAN_POINT ( 'NONE',  ( -47.30000000000000426, -13.99999999999999822, 33.99999999999999289 ) ) ;
#2083 = VECTOR ( 'NONE', #3698, 1000.000000000000000 ) ;
#2084 = CARTESIAN_POINT ( 'NONE',  ( -44.50000000000000000, -31.00000000000000000, 46.49999999999999289 ) ) ;
#2085 = CARTESIAN_POINT ( 'NONE',  ( -44.50000000000001421, 1.000000000000000000, -44.50000000000001421 ) ) ;
#2086 = EDGE_LOOP ( 'NONE', ( #2650, #1423, #728, #665 ) ) ;
#2087 = DIRECTION ( 'NONE',  ( 0.000000000000000000, -1.000000000000000000, 0.000000000000000000 ) ) ;
#2088 = CARTESIAN_POINT ( 'NONE',  ( -37.00000000000000000, -23.30000000000000071, 2.500000000000000000 ) ) ;
#2089 = CARTESIAN_POINT ( 'NONE',  ( -41.49999999999999289, -16.00000000000000000, 2.500000000000000000 ) ) ;
#2090 = DIRECTION ( 'NONE',  ( 0.000000000000000000, 0.000000000000000000, 1.000000000000000000 ) ) ;
#2091 = EDGE_CURVE ( 'NONE', #3243, #981, #1560, .T. ) ;
#2092 = ORIENTED_EDGE ( 'NONE', *, *, #2646, .T. ) ;
#2093 = CARTESIAN_POINT ( 'NONE',  ( 44.50000000000000000, -31.00000000000000000, 44.49999999999998579 ) ) ;
#2094 = ORIENTED_EDGE ( 'NONE', *, *, #96, .F. ) ;
#2095 = VERTEX_POINT ( 'NONE', #1984 ) ;
#2096 = CARTESIAN_POINT ( 'NONE',  ( 43.50000000000000000, -16.00000000000000000, -4.500000000000003553 ) ) ;
#2097 = DIRECTION ( 'NONE',  ( 0.000000000000000000, 0.000000000000000000, 1.000000000000000000 ) ) ;
#2098 = EDGE_CURVE ( 'NONE', #762, #514, #3629, .T. ) ;
#2099 = FACE_OUTER_BOUND ( 'NONE', #687, .T. ) ;
#2100 = EDGE_LOOP ( 'NONE', ( #566, #414, #3701, #1935, #876, #1097 ) ) ;
#2101 = DIRECTION ( 'NONE',  ( 0.000000000000000000, 0.000000000000000000, -1.000000000000000000 ) ) ;
#2102 = CARTESIAN_POINT ( 'NONE',  ( 41.49999999999999289, -23.30000000000000071, 37.00000000000000711 ) ) ;
#2103 = ADVANCED_FACE ( 'NONE', ( #4247 ), #446, .F. ) ;
#2104 = ORIENTED_EDGE ( 'NONE', *, *, #2917, .T. ) ;
#2105 = ORIENTED_EDGE ( 'NONE', *, *, #674, .F. ) ;
#2106 = LINE ( 'NONE', #4003, #2745 ) ;
#2107 = DIRECTION ( 'NONE',  ( -0.000000000000000000, 1.000000000000000000, -0.000000000000000000 ) ) ;
#2108 = FACE_OUTER_BOUND ( 'NONE', #3572, .T. ) ;
#2109 = SHAPE_DEFINITION_REPRESENTATION ( #1075, #1647 ) ;
#2110 = FACE_OUTER_BOUND ( 'NONE', #3874, .T. ) ;
#2111 = ORIENTED_EDGE ( 'NONE', *, *, #4847, .T. ) ;
#2112 = DIRECTION ( 'NONE',  ( 1.000000000000000000, 0.000000000000000000, 0.000000000000000000 ) ) ;
#2113 = LINE ( 'NONE', #702, #4896 ) ;
#2114 = AXIS2_PLACEMENT_3D ( 'NONE', #268, #3156, #2236 ) ;
#2115 = DIRECTION ( 'NONE',  ( 0.000000000000000000, 1.000000000000000000, 0.000000000000000000 ) ) ;
#2116 = CARTESIAN_POINT ( 'NONE',  ( -37.00000000000000000, -16.00000000000000000, 39.49999999999999289 ) ) ;
#2117 = VERTEX_POINT ( 'NONE', #3115 ) ;
#2118 = LINE ( 'NONE', #757, #957 ) ;
#2119 = VERTEX_POINT ( 'NONE', #4620 ) ;
#2120 = AXIS2_PLACEMENT_3D ( 'NONE', #3113, #4618, #2305 ) ;
#2121 = VERTEX_POINT ( 'NONE', #1958 ) ;
#2122 = EDGE_CURVE ( 'NONE', #3338, #1905, #4641, .T. ) ;
#2123 = CARTESIAN_POINT ( 'NONE',  ( -47.30000000000000426, -13.99999999999999822, 34.99999999999999289 ) ) ;
#2124 = AXIS2_PLACEMENT_3D ( 'NONE', #3011, #3405, #2619 ) ;
#2125 = DIRECTION ( 'NONE',  ( -1.000000000000000000, 0.000000000000000000, -1.460819769243627131E-16 ) ) ;
#2126 = CARTESIAN_POINT ( 'NONE',  ( 46.50000000000000000, -31.00000000000000000, 44.49999999999998579 ) ) ;
#2127 = VECTOR ( 'NONE', #2486, 1000.000000000000000 ) ;
#2128 = ADVANCED_FACE ( 'NONE', ( #867 ), #4577, .T. ) ;
#2129 = DIRECTION ( 'NONE',  ( 0.000000000000000000, 0.000000000000000000, -1.000000000000000000 ) ) ;
#2130 = CARTESIAN_POINT ( 'NONE',  ( -47.29999999999999005, -3.999999999999991562, -34.00000000000000711 ) ) ;
#2131 = AXIS2_PLACEMENT_3D ( 'NONE', #2558, #493, #3813 ) ;
#2132 = ORIENTED_EDGE ( 'NONE', *, *, #1698, .F. ) ;
#2133 = ADVANCED_FACE ( 'NONE', ( #823 ), #2380, .F. ) ;
#2134 = CIRCLE ( 'NONE', #76, 1.000000000000000888 ) ;
#2135 = CARTESIAN_POINT ( 'NONE',  ( 44.49999999999999289, 0.000000000000000000, -46.04999999999999716 ) ) ;
#2136 = DIRECTION ( 'NONE',  ( -0.000000000000000000, -1.000000000000000000, -0.000000000000000000 ) ) ;
#2137 = CIRCLE ( 'NONE', #3716, 2.500000000000000000 ) ;
#2138 = CARTESIAN_POINT ( 'NONE',  ( 47.30000000000000426, -13.99999999999999822, 34.99999999999999289 ) ) ;
#2139 = ORIENTED_EDGE ( 'NONE', *, *, #3138, .T. ) ;
#2140 = PLANE ( 'NONE',  #529 ) ;
#2141 = CARTESIAN_POINT ( 'NONE',  ( 44.49999999999999289, -32.00000000000000000, -42.94999999999999574 ) ) ;
#2142 = CIRCLE ( 'NONE', #2454, 2.000000000000001776 ) ;
#2143 = DIRECTION ( 'NONE',  ( 1.000000000000000000, 0.000000000000000000, 0.000000000000000000 ) ) ;
#2144 = CYLINDRICAL_SURFACE ( 'NONE', #4055, 2.200000000000000622 ) ;
#2145 = VERTEX_POINT ( 'NONE', #75 ) ;
#2146 = CARTESIAN_POINT ( 'NONE',  ( -40.00000000000000000, -16.00000000000000000, 40.00000000000000000 ) ) ;
#2147 = VECTOR ( 'NONE', #3947, 1000.000000000000000 ) ;
#2148 = ORIENTED_EDGE ( 'NONE', *, *, #1737, .F. ) ;
#2149 = EDGE_LOOP ( 'NONE', ( #3061, #3404, #2452, #3921 ) ) ;
#2150 = DIRECTION ( 'NONE',  ( -0.000000000000000000, 0.000000000000000000, -1.000000000000000000 ) ) ;
#2151 = CIRCLE ( 'NONE', #4666, 2.199999999999993516 ) ;
#2152 = DIRECTION ( 'NONE',  ( 0.000000000000000000, 0.000000000000000000, -1.000000000000000000 ) ) ;
#2153 = DIRECTION ( 'NONE',  ( 0.000000000000000000, 1.000000000000000000, 0.000000000000000000 ) ) ;
#2154 = ORIENTED_EDGE ( 'NONE', *, *, #2974, .T. ) ;
#2155 = FACE_OUTER_BOUND ( 'NONE', #1570, .T. ) ;
#2156 = DIRECTION ( 'NONE',  ( -0.000000000000000000, 1.000000000000000000, -0.000000000000000000 ) ) ;
#2157 = EDGE_CURVE ( 'NONE', #698, #4851, #2688, .T. ) ;
#2158 = ORIENTED_EDGE ( 'NONE', *, *, #1859, .T. ) ;
#2159 = ADVANCED_FACE ( 'NONE', ( #3463 ), #1250, .F. ) ;
#2160 = DIRECTION ( 'NONE',  ( -1.000000000000000000, 0.000000000000000000, -0.000000000000000000 ) ) ;
#2161 = DIRECTION ( 'NONE',  ( -0.000000000000000000, 1.000000000000000000, -0.000000000000000000 ) ) ;
#2162 = CYLINDRICAL_SURFACE ( 'NONE', #1189, 2.000000000000000000 ) ;
#2163 = CIRCLE ( 'NONE', #3423, 1.050000000000002265 ) ;
#2164 = EDGE_CURVE ( 'NONE', #4224, #1715, #3047, .T. ) ;
#2165 = EDGE_CURVE ( 'NONE', #1034, #1864, #4601, .T. ) ;
#2166 = CARTESIAN_POINT ( 'NONE',  ( 26.00000000000000711, -16.39999999999999858, -47.50000000000001421 ) ) ;
#2167 = ORIENTED_EDGE ( 'NONE', *, *, #3784, .F. ) ;
#2168 = AXIS2_PLACEMENT_3D ( 'NONE', #2437, #950, #2567 ) ;
#2169 = DIRECTION ( 'NONE',  ( -0.000000000000000000, -1.000000000000000000, -0.000000000000000000 ) ) ;
#2170 = CARTESIAN_POINT ( 'NONE',  ( -25.99999999999999645, 18.39999999999999858, -46.50000000000001421 ) ) ;
#2171 = FACE_OUTER_BOUND ( 'NONE', #3941, .T. ) ;
#2172 = EDGE_CURVE ( 'NONE', #4537, #955, #4551, .T. ) ;
#2173 = ORIENTED_EDGE ( 'NONE', *, *, #1797, .T. ) ;
#2174 = CARTESIAN_POINT ( 'NONE',  ( 40.00000000000000000, -32.00000000000000000, 40.00000000000000000 ) ) ;
#2175 = ORIENTED_EDGE ( 'NONE', *, *, #4623, .F. ) ;
#2176 = LINE ( 'NONE', #4538, #4893 ) ;
#2177 = PLANE ( 'NONE',  #3069 ) ;
#2178 = FACE_OUTER_BOUND ( 'NONE', #3026, .T. ) ;
#2179 = ORIENTED_EDGE ( 'NONE', *, *, #143, .F. ) ;
#2180 = ORIENTED_EDGE ( 'NONE', *, *, #2197, .F. ) ;
#2181 = DIRECTION ( 'NONE',  ( 0.000000000000000000, 0.000000000000000000, 1.000000000000000000 ) ) ;
#2182 = CARTESIAN_POINT ( 'NONE',  ( -44.50000000000000000, 1.000000000000000000, 44.49999999999998579 ) ) ;
#2183 = ORIENTED_EDGE ( 'NONE', *, *, #1217, .T. ) ;
#2184 = CARTESIAN_POINT ( 'NONE',  ( 39.99999999999999289, -23.30000000000000071, -39.99999999999999289 ) ) ;
#2185 = ADVANCED_FACE ( 'NONE', ( #510 ), #4206, .F. ) ;
#2186 = CARTESIAN_POINT ( 'NONE',  ( -47.29999999999999005, -13.99999999999998934, -35.00000000000000711 ) ) ;
#2187 = FACE_OUTER_BOUND ( 'NONE', #2550, .T. ) ;
#2188 = CARTESIAN_POINT ( 'NONE',  ( 40.00000000000000000, -23.30000000000000071, 0.000000000000000000 ) ) ;
#2189 = ORIENTED_EDGE ( 'NONE', *, *, #3603, .T. ) ;
#2190 = ADVANCED_FACE ( 'NONE', ( #2333 ), #26, .F. ) ;
#2191 = DIRECTION ( 'NONE',  ( 0.000000000000000000, 0.000000000000000000, -1.000000000000000000 ) ) ;
#2192 = CARTESIAN_POINT ( 'NONE',  ( 47.29999999999999005, -13.99999999999998934, -35.00000000000000711 ) ) ;
#2193 = VERTEX_POINT ( 'NONE', #50 ) ;
#2194 = DIRECTION ( 'NONE',  ( 0.000000000000000000, 0.000000000000000000, -1.000000000000000000 ) ) ;
#2195 = ORIENTED_EDGE ( 'NONE', *, *, #614, .F. ) ;
#2196 = CARTESIAN_POINT ( 'NONE',  ( -39.50000000000000000, 0.000000000000000000, 2.500000000000000000 ) ) ;
#2197 = EDGE_CURVE ( 'NONE', #4392, #2530, #4729, .T. ) ;
#2198 = CARTESIAN_POINT ( 'NONE',  ( -25.99999999999999645, 0.000000000000000000, 0.000000000000000000 ) ) ;
#2199 = DIRECTION ( 'NONE',  ( -0.000000000000000000, -1.000000000000000000, -0.000000000000000000 ) ) ;
#2200 = VECTOR ( 'NONE', #3521, 1000.000000000000000 ) ;
#2201 = VERTEX_POINT ( 'NONE', #2815 ) ;
#2202 = ORIENTED_EDGE ( 'NONE', *, *, #2214, .T. ) ;
#2203 = AXIS2_PLACEMENT_3D ( 'NONE', #483, #111, #1619 ) ;
#2204 = CLOSED_SHELL ( 'NONE', ( #3146, #321, #2159, #3767, #203, #1787, #1557, #2013, #2423, #4095, #151, #2103, #2375, #1983, #3126, #3577, #1123, #1132, #1367, #3571, #4748, #1150, #436, #4680, #3436, #177, #2582, #1630, #3178, #4825, #739, #908, #1580, #3639, #3398, #2032, #2226, #3235, #1632, #4792, #4784, #3671, #3203, #1458, #4832, #4357, #429, #983, #1429, #3737, #3799, #1496, #2315, #4688, #1012, #998, #376, #17, #1462, #4269, #1550, #2909, #1335, #2534, #3362, #2316, #914, #1854, #3422, #183, #860, #606, #4631, #2895, #3184, #4298, #3152, #4268, #259, #1037, #1944, #4859, #2654, #242, #973, #949, #313, #2282, #4541, #1880, #3901, #4321, #1827, #802, #3013, #1181, #2128, #1911, #586, #367, #4630, #3792, #3310, #4151, #4260, #2252, #809, #468, #3647, #835, #3042, #3875, #2223, #408, #2826, #2979, #2185, #3040, #2814, #1610, #1188, #4603, #1325, #2233, #2310, #4467, #4061, #3147, #4146, #119, #1063, #4085, #512, #1388, #4385, #2009, #3451, #4664, #3731, #1675, #251, #4454, #2190, #1268, #340, #1043, #3480, #45, #4549, #2133, #3058, #217 ) ) ;
#2205 = DIRECTION ( 'NONE',  ( 0.000000000000000000, 0.000000000000000000, -1.000000000000000000 ) ) ;
#2206 = LINE ( 'NONE', #326, #3377 ) ;
#2207 = AXIS2_PLACEMENT_3D ( 'NONE', #1994, #3495, #1665 ) ;
#2208 = ORIENTED_EDGE ( 'NONE', *, *, #4122, .F. ) ;
#2209 = VECTOR ( 'NONE', #4290, 1000.000000000000000 ) ;
#2210 = CARTESIAN_POINT ( 'NONE',  ( 39.99999999999999289, 0.000000000000000000, -39.99999999999999289 ) ) ;
#2211 = VECTOR ( 'NONE', #3857, 1000.000000000000000 ) ;
#2212 =( LENGTH_UNIT ( ) NAMED_UNIT ( * ) SI_UNIT ( .MILLI., .METRE. ) );
#2213 = CARTESIAN_POINT ( 'NONE',  ( 46.69999999999999574, 1.000000000000000000, -44.50000000000001421 ) ) ;
#2214 = EDGE_CURVE ( 'NONE', #587, #496, #2759, .T. ) ;
#2215 = ORIENTED_EDGE ( 'NONE', *, *, #2280, .T. ) ;
#2216 = AXIS2_PLACEMENT_3D ( 'NONE', #394, #4547, #3457 ) ;
#2217 = DIRECTION ( 'NONE',  ( 0.000000000000000000, 1.000000000000000000, -0.000000000000000000 ) ) ;
#2218 = LINE ( 'NONE', #3722, #4259 ) ;
#2219 = AXIS2_PLACEMENT_3D ( 'NONE', #1168, #3819, #4087 ) ;
#2220 = CARTESIAN_POINT ( 'NONE',  ( -39.50000000000000000, 0.000000000000000000, -2.500000000000000000 ) ) ;
#2221 = VERTEX_POINT ( 'NONE', #961 ) ;
#2222 = CARTESIAN_POINT ( 'NONE',  ( -44.49999999999999289, -32.00000000000000000, -44.50000000000000000 ) ) ;
#2223 = ADVANCED_FACE ( 'NONE', ( #535 ), #2475, .F. ) ;
#2224 = ORIENTED_EDGE ( 'NONE', *, *, #917, .T. ) ;
#2225 = LINE ( 'NONE', #4486, #3922 ) ;
#2226 = ADVANCED_FACE ( 'NONE', ( #1653 ), #3946, .F. ) ;
#2227 = VECTOR ( 'NONE', #1837, 1000.000000000000000 ) ;
#2228 = LINE ( 'NONE', #1453, #2281 ) ;
#2229 = DIRECTION ( 'NONE',  ( 0.000000000000000000, 0.000000000000000000, -1.000000000000000000 ) ) ;
#2230 = VECTOR ( 'NONE', #2156, 1000.000000000000000 ) ;
#2231 = ORIENTED_EDGE ( 'NONE', *, *, #3935, .F. ) ;
#2232 = DIRECTION ( 'NONE',  ( 1.559302000878028960E-16, 0.000000000000000000, 1.000000000000000000 ) ) ;
#2233 = ADVANCED_FACE ( 'NONE', ( #2844 ), #3158, .T. ) ;
#2234 = ORIENTED_EDGE ( 'NONE', *, *, #3540, .T. ) ;
#2235 = CARTESIAN_POINT ( 'NONE',  ( 47.50000000000000000, -31.00000000000000000, 44.49999999999998579 ) ) ;
#2236 = DIRECTION ( 'NONE',  ( 0.000000000000000000, 0.000000000000000000, -1.000000000000000000 ) ) ;
#2237 = EDGE_LOOP ( 'NONE', ( #1952, #4244, #1533, #57 ) ) ;
#2238 = CARTESIAN_POINT ( 'NONE',  ( -41.49999999999999289, -23.30000000000000071, 4.500000000000000888 ) ) ;
#2239 = DIRECTION ( 'NONE',  ( -0.000000000000000000, 1.000000000000000000, -0.000000000000000000 ) ) ;
#2240 = CARTESIAN_POINT ( 'NONE',  ( -47.49999999999998579, -13.99999999999998934, -34.00000000000000711 ) ) ;
#2241 = ORIENTED_EDGE ( 'NONE', *, *, #2787, .T. ) ;
#2242 = DIRECTION ( 'NONE',  ( 0.000000000000000000, 0.000000000000000000, -1.000000000000000000 ) ) ;
#2243 = DIRECTION ( 'NONE',  ( 1.000000000000000000, 0.000000000000000000, -1.460819769243627131E-16 ) ) ;
#2244 = CARTESIAN_POINT ( 'NONE',  ( 39.50000000000000000, 0.000000000000000000, 39.50000000000000711 ) ) ;
#2245 = EDGE_LOOP ( 'NONE', ( #2335, #1026, #1293, #2967 ) ) ;
#2246 = CARTESIAN_POINT ( 'NONE',  ( -40.00000000000000000, -32.00000000000000000, -38.94999999999999574 ) ) ;
#2247 = CIRCLE ( 'NONE', #574, 2.500000000000002220 ) ;
#2248 = ORIENTED_EDGE ( 'NONE', *, *, #3897, .T. ) ;
#2249 = CARTESIAN_POINT ( 'NONE',  ( -39.50000000000000000, -23.30000000000000071, 36.99999999999999289 ) ) ;
#2250 = DIRECTION ( 'NONE',  ( -1.000000000000000000, 0.000000000000000000, 0.000000000000000000 ) ) ;
#2251 = AXIS2_PLACEMENT_3D ( 'NONE', #2908, #1309, #1743 ) ;
#2252 = ADVANCED_FACE ( 'NONE', ( #4393 ), #4692, .T. ) ;
#2253 = CARTESIAN_POINT ( 'NONE',  ( -40.00000000000000000, -32.00000000000000000, -40.00000000000000000 ) ) ;
#2254 = ORIENTED_EDGE ( 'NONE', *, *, #4882, .F. ) ;
#2255 = DIRECTION ( 'NONE',  ( 1.559302000878028960E-16, 0.000000000000000000, 1.000000000000000000 ) ) ;
#2256 = VERTEX_POINT ( 'NONE', #3997 ) ;
#2257 = EDGE_CURVE ( 'NONE', #3008, #1288, #4417, .T. ) ;
#2258 = CARTESIAN_POINT ( 'NONE',  ( 34.99999999999999289, -23.30000000000000071, -41.49999999999999289 ) ) ;
#2259 = CARTESIAN_POINT ( 'NONE',  ( -47.50000000000000000, -24.00000000000000000, 35.99999999999999289 ) ) ;
#2260 = VERTEX_POINT ( 'NONE', #2526 ) ;
#2261 = EDGE_CURVE ( 'NONE', #1147, #4721, #3204, .T. ) ;
#2262 = DIRECTION ( 'NONE',  ( 1.000000000000000000, -0.000000000000000000, 1.460819769243627131E-16 ) ) ;
#2263 = PLANE ( 'NONE',  #402 ) ;
#2264 = DIRECTION ( 'NONE',  ( 0.000000000000000000, 0.000000000000000000, -1.000000000000000000 ) ) ;
#2265 = VERTEX_POINT ( 'NONE', #211 ) ;
#2266 = LINE ( 'NONE', #3745, #544 ) ;
#2267 = CYLINDRICAL_SURFACE ( 'NONE', #2399, 2.500000000000002220 ) ;
#2268 = ORIENTED_EDGE ( 'NONE', *, *, #2679, .T. ) ;
#2269 = DIRECTION ( 'NONE',  ( 1.000000000000000000, -0.000000000000000000, 1.460819769243627131E-16 ) ) ;
#2270 = VERTEX_POINT ( 'NONE', #240 ) ;
#2271 = FACE_OUTER_BOUND ( 'NONE', #2041, .T. ) ;
#2272 = DIRECTION ( 'NONE',  ( 0.000000000000000000, 0.000000000000000000, -1.000000000000000000 ) ) ;
#2273 = LINE ( 'NONE', #4098, #1009 ) ;
#2274 = VERTEX_POINT ( 'NONE', #3553 ) ;
#2275 = CARTESIAN_POINT ( 'NONE',  ( -44.50000000000001421, 0.000000000000000000, 44.50000000000000000 ) ) ;
#2276 = VERTEX_POINT ( 'NONE', #563 ) ;
#2277 = DIRECTION ( 'NONE',  ( 1.000000000000000000, 0.000000000000000000, -1.460819769243627131E-16 ) ) ;
#2278 = DIRECTION ( 'NONE',  ( -0.000000000000000000, -1.000000000000000000, -0.000000000000000000 ) ) ;
#2279 = EDGE_LOOP ( 'NONE', ( #4617, #2351 ) ) ;
#2280 = EDGE_CURVE ( 'NONE', #986, #2730, #4823, .T. ) ;
#2281 = VECTOR ( 'NONE', #901, 1000.000000000000000 ) ;
#2282 = ADVANCED_FACE ( 'NONE', ( #4715 ), #163, .F. ) ;
#2283 = PLANE ( 'NONE',  #3536 ) ;
#2284 = CARTESIAN_POINT ( 'NONE',  ( -37.00000000000000000, -16.00000000000000000, 2.500000000000000000 ) ) ;
#2285 = CIRCLE ( 'NONE', #4323, 1.050000000000002265 ) ;
#2286 = DIRECTION ( 'NONE',  ( 1.000000000000000000, 0.000000000000000000, 0.000000000000000000 ) ) ;
#2287 = EDGE_CURVE ( 'NONE', #4205, #2119, #2691, .T. ) ;
#2288 = VERTEX_POINT ( 'NONE', #3182 ) ;
#2289 = AXIS2_PLACEMENT_3D ( 'NONE', #1065, #2262, #4880 ) ;
#2290 = DIRECTION ( 'NONE',  ( 1.000000000000000000, -0.000000000000000000, -1.460819769243627377E-16 ) ) ;
#2291 = CARTESIAN_POINT ( 'NONE',  ( -40.00000000000000000, -32.00000000000000000, 0.000000000000000000 ) ) ;
#2292 = AXIS2_PLACEMENT_3D ( 'NONE', #3580, #138, #1677 ) ;
#2293 = VERTEX_POINT ( 'NONE', #3232 ) ;
#2294 = CARTESIAN_POINT ( 'NONE',  ( 37.00000000000000000, -23.30000000000000071, 37.00000000000000711 ) ) ;
#2295 = VERTEX_POINT ( 'NONE', #4315 ) ;
#2296 = CYLINDRICAL_SURFACE ( 'NONE', #2520, 3.500000000000003109 ) ;
#2297 = CARTESIAN_POINT ( 'NONE',  ( -43.50000000000000711, 0.000000000000000000, 37.00000000000000000 ) ) ;
#2298 = VECTOR ( 'NONE', #516, 1000.000000000000000 ) ;
#2299 = ORIENTED_EDGE ( 'NONE', *, *, #1466, .T. ) ;
#2300 = DIRECTION ( 'NONE',  ( 0.000000000000000000, -1.000000000000000000, 0.000000000000000000 ) ) ;
#2301 = CIRCLE ( 'NONE', #1421, 2.000000000000015543 ) ;
#2302 = ORIENTED_EDGE ( 'NONE', *, *, #3431, .F. ) ;
#2303 = DIRECTION ( 'NONE',  ( 0.000000000000000000, 0.000000000000000000, -1.000000000000000000 ) ) ;
#2304 = AXIS2_PLACEMENT_3D ( 'NONE', #1561, #3099, #4668 ) ;
#2305 = DIRECTION ( 'NONE',  ( 0.000000000000000000, 0.000000000000000000, 1.000000000000000000 ) ) ;
#2306 = EDGE_LOOP ( 'NONE', ( #2167, #485, #2378, #826 ) ) ;
#2307 = CIRCLE ( 'NONE', #1910, 2.000000000000000000 ) ;
#2308 = DIRECTION ( 'NONE',  ( 0.000000000000000000, 0.000000000000000000, 1.000000000000000000 ) ) ;
#2309 = DIRECTION ( 'NONE',  ( -0.000000000000000000, -1.000000000000000000, -0.000000000000000000 ) ) ;
#2310 = ADVANCED_FACE ( 'NONE', ( #4746 ), #2872, .F. ) ;
#2311 = AXIS2_PLACEMENT_3D ( 'NONE', #4844, #1822, #35 ) ;
#2312 = DIRECTION ( 'NONE',  ( -1.000000000000000000, -0.000000000000000000, -1.460819769243627377E-16 ) ) ;
#2313 = EDGE_LOOP ( 'NONE', ( #2268, #2248, #487, #1830 ) ) ;
#2314 = CARTESIAN_POINT ( 'NONE',  ( -34.99999999999998579, 0.000000000000000000, -41.49999999999999289 ) ) ;
#2315 = ADVANCED_FACE ( 'NONE', ( #3635 ), #1753, .F. ) ;
#2316 = ADVANCED_FACE ( 'NONE', ( #2652 ), #1511, .F. ) ;
#2317 = DIRECTION ( 'NONE',  ( 1.000000000000000000, 0.000000000000000000, -1.460819769243627131E-16 ) ) ;
#2318 = VERTEX_POINT ( 'NONE', #270 ) ;
#2319 = DIRECTION ( 'NONE',  ( 0.000000000000000000, 0.000000000000000000, -1.000000000000000000 ) ) ;
#2320 = VERTEX_POINT ( 'NONE', #1109 ) ;
#2321 = CARTESIAN_POINT ( 'NONE',  ( -47.30000000000000426, -24.00000000000000000, 33.99999999999998579 ) ) ;
#2322 = DIRECTION ( 'NONE',  ( 0.000000000000000000, 0.000000000000000000, -1.000000000000000000 ) ) ;
#2323 = EDGE_CURVE ( 'NONE', #3161, #4174, #3230, .T. ) ;
#2324 = VECTOR ( 'NONE', #3104, 1000.000000000000000 ) ;
#2325 = VERTEX_POINT ( 'NONE', #2630 ) ;
#2326 = CARTESIAN_POINT ( 'NONE',  ( 40.00000000000000000, -23.30000000000000071, 38.94999999999999574 ) ) ;
#2327 = ORIENTED_EDGE ( 'NONE', *, *, #3460, .T. ) ;
#2328 = VERTEX_POINT ( 'NONE', #4130 ) ;
#2329 = AXIS2_PLACEMENT_3D ( 'NONE', #3937, #657, #2935 ) ;
#2330 = DIRECTION ( 'NONE',  ( 0.000000000000000000, 0.000000000000000000, 1.000000000000000000 ) ) ;
#2331 = FACE_OUTER_BOUND ( 'NONE', #4348, .T. ) ;
#2332 = VERTEX_POINT ( 'NONE', #346 ) ;
#2333 = FACE_OUTER_BOUND ( 'NONE', #4751, .T. ) ;
#2334 = DIRECTION ( 'NONE',  ( 1.000000000000000000, 0.000000000000000000, 0.000000000000000000 ) ) ;
#2335 = ORIENTED_EDGE ( 'NONE', *, *, #1859, .F. ) ;
#2336 = EDGE_CURVE ( 'NONE', #108, #1242, #4829, .T. ) ;
#2337 = DIRECTION ( 'NONE',  ( 0.000000000000000000, -0.000000000000000000, 1.000000000000000000 ) ) ;
#2338 = DIRECTION ( 'NONE',  ( -1.067522139062650869E-15, 0.000000000000000000, 1.000000000000000000 ) ) ;
#2339 = EDGE_LOOP ( 'NONE', ( #404, #4395, #3776, #1747 ) ) ;
#2340 = CARTESIAN_POINT ( 'NONE',  ( -44.50000000000001421, 0.000000000000000000, 44.50000000000000000 ) ) ;
#2341 = VERTEX_POINT ( 'NONE', #3318 ) ;
#2342 = DIRECTION ( 'NONE',  ( 0.000000000000000000, 0.000000000000000000, 1.000000000000000000 ) ) ;
#2343 = EDGE_CURVE ( 'NONE', #2119, #4205, #3320, .T. ) ;
#2344 = DIRECTION ( 'NONE',  ( -0.000000000000000000, 1.000000000000000000, -0.000000000000000000 ) ) ;
#2345 = ORIENTED_EDGE ( 'NONE', *, *, #2731, .T. ) ;
#2346 = DIRECTION ( 'NONE',  ( -0.000000000000000000, 1.000000000000000000, -0.000000000000000000 ) ) ;
#2347 = ORIENTED_EDGE ( 'NONE', *, *, #2429, .F. ) ;
#2348 = EDGE_CURVE ( 'NONE', #2627, #2121, #712, .T. ) ;
#2349 = CARTESIAN_POINT ( 'NONE',  ( 47.50000000000000000, -4.000000000000000000, 34.99999999999999289 ) ) ;
#2350 = CARTESIAN_POINT ( 'NONE',  ( 41.49999999999999289, 0.000000000000000000, 35.00000000000000000 ) ) ;
#2351 = ORIENTED_EDGE ( 'NONE', *, *, #4582, .T. ) ;
#2352 = VECTOR ( 'NONE', #3319, 1000.000000000000000 ) ;
#2353 = DIRECTION ( 'NONE',  ( -0.000000000000000000, 1.000000000000000000, -0.000000000000000000 ) ) ;
#2354 = DIRECTION ( 'NONE',  ( -0.000000000000000000, -1.000000000000000000, -0.000000000000000000 ) ) ;
#2355 = AXIS2_PLACEMENT_3D ( 'NONE', #2350, #2726, #2705 ) ;
#2356 = ORIENTED_EDGE ( 'NONE', *, *, #1137, .F. ) ;
#2357 = CIRCLE ( 'NONE', #2203, 2.000000000000001776 ) ;
#2358 = VECTOR ( 'NONE', #3167, 1000.000000000000000 ) ;
#2359 = DIRECTION ( 'NONE',  ( 0.000000000000000000, 1.000000000000000000, 0.000000000000000000 ) ) ;
#2360 = LINE ( 'NONE', #3840, #4528 ) ;
#2361 = DIRECTION ( 'NONE',  ( 0.000000000000000000, -1.000000000000000000, 0.000000000000000000 ) ) ;
#2362 = ORIENTED_EDGE ( 'NONE', *, *, #2861, .T. ) ;
#2363 = VECTOR ( 'NONE', #4785, 1000.000000000000000 ) ;
#2364 = CARTESIAN_POINT ( 'NONE',  ( 37.00000000000000000, -23.30000000000000071, 39.50000000000000711 ) ) ;
#2365 = DIRECTION ( 'NONE',  ( -0.000000000000000000, 1.000000000000000000, -0.000000000000000000 ) ) ;
#2366 = AXIS2_PLACEMENT_3D ( 'NONE', #3836, #3918, #934 ) ;
#2367 = EDGE_CURVE ( 'NONE', #2722, #4802, #793, .T. ) ;
#2368 = EDGE_CURVE ( 'NONE', #3402, #2119, #2947, .T. ) ;
#2369 = ORIENTED_EDGE ( 'NONE', *, *, #2421, .F. ) ;
#2370 = DIRECTION ( 'NONE',  ( 0.000000000000000000, 0.000000000000000000, 1.000000000000000000 ) ) ;
#2371 = EDGE_CURVE ( 'NONE', #2017, #2618, #1778, .T. ) ;
#2372 = ORIENTED_EDGE ( 'NONE', *, *, #2522, .F. ) ;
#2373 = VECTOR ( 'NONE', #3043, 1000.000000000000000 ) ;
#2374 = DIRECTION ( 'NONE',  ( 0.000000000000000000, -1.000000000000000000, 0.000000000000000000 ) ) ;
#2375 = ADVANCED_FACE ( 'NONE', ( #4447 ), #689, .F. ) ;
#2376 = AXIS2_PLACEMENT_3D ( 'NONE', #198, #3621, #630 ) ;
#2377 = EDGE_CURVE ( 'NONE', #2274, #2722, #1135, .T. ) ;
#2378 = ORIENTED_EDGE ( 'NONE', *, *, #4783, .T. ) ;
#2379 = AXIS2_PLACEMENT_3D ( 'NONE', #3294, #3954, #4807 ) ;
#2380 = PLANE ( 'NONE',  #1727 ) ;
#2381 = LINE ( 'NONE', #3464, #550 ) ;
#2382 = ORIENTED_EDGE ( 'NONE', *, *, #4288, .F. ) ;
#2383 = VECTOR ( 'NONE', #4194, 1000.000000000000000 ) ;
#2384 = ORIENTED_EDGE ( 'NONE', *, *, #463, .T. ) ;
#2385 = CARTESIAN_POINT ( 'NONE',  ( 43.50000000000000000, -16.00000000000000000, -37.00000000000000000 ) ) ;
#2386 = DIRECTION ( 'NONE',  ( 0.000000000000000000, 0.000000000000000000, -1.000000000000000000 ) ) ;
#2387 = FACE_OUTER_BOUND ( 'NONE', #3077, .T. ) ;
#2388 = ORIENTED_EDGE ( 'NONE', *, *, #1696, .T. ) ;
#2389 = CARTESIAN_POINT ( 'NONE',  ( -43.49999999999999289, -32.00000000000000000, -39.99999999999999289 ) ) ;
#2390 = DIRECTION ( 'NONE',  ( 0.000000000000000000, 0.000000000000000000, 1.000000000000000000 ) ) ;
#2391 = ORIENTED_EDGE ( 'NONE', *, *, #3818, .F. ) ;
#2392 = CARTESIAN_POINT ( 'NONE',  ( 0.000000000000000000, 0.000000000000000000, -46.50000000000001421 ) ) ;
#2393 = VERTEX_POINT ( 'NONE', #4053 ) ;
#2394 = EDGE_LOOP ( 'NONE', ( #2843, #3190 ) ) ;
#2395 = EDGE_CURVE ( 'NONE', #1194, #2961, #2925, .T. ) ;
#2396 = CIRCLE ( 'NONE', #1210, 2.000000000000001776 ) ;
#2397 = LINE ( 'NONE', #1624, #774 ) ;
#2398 = ORIENTED_EDGE ( 'NONE', *, *, #3276, .F. ) ;
#2399 = AXIS2_PLACEMENT_3D ( 'NONE', #2244, #2588, #380 ) ;
#2400 = EDGE_CURVE ( 'NONE', #4851, #698, #3153, .T. ) ;
#2401 = DIRECTION ( 'NONE',  ( 0.000000000000000000, -0.000000000000000000, 1.000000000000000000 ) ) ;
#2402 = CARTESIAN_POINT ( 'NONE',  ( -36.99999999999998579, -23.30000000000000071, -41.49999999999999289 ) ) ;
#2403 = ORIENTED_EDGE ( 'NONE', *, *, #2455, .F. ) ;
#2404 = EDGE_CURVE ( 'NONE', #2095, #195, #324, .T. ) ;
#2405 = ORIENTED_EDGE ( 'NONE', *, *, #1193, .F. ) ;
#2406 = PLANE ( 'NONE',  #4654 ) ;
#2407 = DIRECTION ( 'NONE',  ( -1.000000000000000000, 0.000000000000000000, -0.000000000000000000 ) ) ;
#2408 = FACE_OUTER_BOUND ( 'NONE', #1259, .T. ) ;
#2409 = ORIENTED_EDGE ( 'NONE', *, *, #4576, .F. ) ;
#2410 = CARTESIAN_POINT ( 'NONE',  ( -47.29999999999999005, -13.99999999999998934, -35.00000000000000711 ) ) ;
#2411 = DIRECTION ( 'NONE',  ( 0.000000000000000000, 0.000000000000000000, -1.000000000000000000 ) ) ;
#2412 = ORIENTED_EDGE ( 'NONE', *, *, #1521, .F. ) ;
#2413 = FACE_OUTER_BOUND ( 'NONE', #969, .T. ) ;
#2414 = EDGE_LOOP ( 'NONE', ( #2175, #1002, #1611, #3202 ) ) ;
#2415 = ORIENTED_EDGE ( 'NONE', *, *, #10, .T. ) ;
#2416 = CARTESIAN_POINT ( 'NONE',  ( -44.50000000000001421, -31.00000000000000000, -47.50000000000001421 ) ) ;
#2417 = DIRECTION ( 'NONE',  ( -1.559302000878028960E-16, -0.000000000000000000, 1.000000000000000000 ) ) ;
#2418 = ORIENTED_EDGE ( 'NONE', *, *, #4878, .T. ) ;
#2419 = CARTESIAN_POINT ( 'NONE',  ( 0.000000000000000000, 0.000000000000000000, -46.50000000000001421 ) ) ;
#2420 = CYLINDRICAL_SURFACE ( 'NONE', #87, 1.000000000000000888 ) ;
#2421 = EDGE_CURVE ( 'NONE', #1976, #90, #2842, .T. ) ;
#2422 = ORIENTED_EDGE ( 'NONE', *, *, #771, .F. ) ;
#2423 = ADVANCED_FACE ( 'NONE', ( #2155 ), #3661, .F. ) ;
#2424 = ORIENTED_EDGE ( 'NONE', *, *, #3284, .F. ) ;
#2425 = AXIS2_PLACEMENT_3D ( 'NONE', #3550, #3576, #4369 ) ;
#2426 = CARTESIAN_POINT ( 'NONE',  ( 23.99999999999998934, 16.40000000000000213, 47.50099999999999056 ) ) ;
#2427 = DIRECTION ( 'NONE',  ( 0.000000000000000000, -1.000000000000000000, 0.000000000000000000 ) ) ;
#2428 = APPLICATION_PROTOCOL_DEFINITION ( 'draft international standard', 'automotive_design', 1998, #292 ) ;
#2429 = EDGE_CURVE ( 'NONE', #2894, #762, #2968, .T. ) ;
#2430 = DIRECTION ( 'NONE',  ( 0.000000000000000000, 0.000000000000000000, -1.000000000000000000 ) ) ;
#2431 = ORIENTED_EDGE ( 'NONE', *, *, #4544, .T. ) ;
#2432 = FACE_OUTER_BOUND ( 'NONE', #1895, .T. ) ;
#2433 = AXIS2_PLACEMENT_3D ( 'NONE', #1077, #2595, #2986 ) ;
#2434 = VECTOR ( 'NONE', #877, 1000.000000000000000 ) ;
#2435 = DIRECTION ( 'NONE',  ( 1.000000000000000000, 0.000000000000000000, -0.000000000000000000 ) ) ;
#2436 = FACE_BOUND ( 'NONE', #3838, .T. ) ;
#2437 = CARTESIAN_POINT ( 'NONE',  ( 0.000000000000000000, -16.00000000000000000, 0.000000000000000000 ) ) ;
#2438 = CIRCLE ( 'NONE', #1492, 1.000000000000000888 ) ;
#2439 = AXIS2_PLACEMENT_3D ( 'NONE', #2841, #2496, #3943 ) ;
#2440 = ORIENTED_EDGE ( 'NONE', *, *, #4853, .T. ) ;
#2441 = DIRECTION ( 'NONE',  ( 0.000000000000000000, -1.000000000000000000, 0.000000000000000000 ) ) ;
#2442 = VERTEX_POINT ( 'NONE', #368 ) ;
#2443 = ORIENTED_EDGE ( 'NONE', *, *, #2003, .F. ) ;
#2444 = CIRCLE ( 'NONE', #1649, 2.200000000000007283 ) ;
#2445 = CARTESIAN_POINT ( 'NONE',  ( -39.99999999999998579, 0.000000000000000000, -39.99999999999999289 ) ) ;
#2446 = CARTESIAN_POINT ( 'NONE',  ( -44.50000000000000000, 0.000000000000000000, 44.49999999999998579 ) ) ;
#2447 = VECTOR ( 'NONE', #2552, 1000.000000000000000 ) ;
#2448 = ORIENTED_EDGE ( 'NONE', *, *, #2367, .F. ) ;
#2449 = DIRECTION ( 'NONE',  ( 0.000000000000000000, 0.000000000000000000, -1.000000000000000000 ) ) ;
#2450 = CIRCLE ( 'NONE', #2539, 1.000000000000000888 ) ;
#2451 = DIRECTION ( 'NONE',  ( 0.000000000000000000, 0.000000000000000000, -1.000000000000000000 ) ) ;
#2452 = ORIENTED_EDGE ( 'NONE', *, *, #3563, .T. ) ;
#2453 = ORIENTED_EDGE ( 'NONE', *, *, #1528, .T. ) ;
#2454 = AXIS2_PLACEMENT_3D ( 'NONE', #3164, #3119, #4624 ) ;
#2455 = EDGE_CURVE ( 'NONE', #717, #232, #4901, .T. ) ;
#2456 = DIRECTION ( 'NONE',  ( 0.000000000000000000, 0.000000000000000000, 1.000000000000000000 ) ) ;
#2457 = AXIS2_PLACEMENT_3D ( 'NONE', #4307, #554, #4656 ) ;
#2458 = CARTESIAN_POINT ( 'NONE',  ( 0.000000000000000000, -16.00000000000000000, 0.000000000000000000 ) ) ;
#2459 = ORIENTED_EDGE ( 'NONE', *, *, #3513, .T. ) ;
#2460 = LINE ( 'NONE', #4330, #2678 ) ;
#2461 = AXIS2_PLACEMENT_3D ( 'NONE', #462, #486, #1601 ) ;
#2462 = EDGE_CURVE ( 'NONE', #2651, #2618, #1666, .T. ) ;
#2463 = DIRECTION ( 'NONE',  ( -1.067522139062650869E-15, 0.000000000000000000, 1.000000000000000000 ) ) ;
#2464 = DIRECTION ( 'NONE',  ( 0.000000000000000000, 0.000000000000000000, 1.000000000000000000 ) ) ;
#2465 = LINE ( 'NONE', #4734, #2002 ) ;
#2466 = ORIENTED_EDGE ( 'NONE', *, *, #2525, .F. ) ;
#2467 = PLANE ( 'NONE',  #3096 ) ;
#2468 = ORIENTED_EDGE ( 'NONE', *, *, #2395, .F. ) ;
#2469 = ORIENTED_EDGE ( 'NONE', *, *, #2818, .T. ) ;
#2470 = EDGE_CURVE ( 'NONE', #2095, #1622, #4105, .T. ) ;
#2471 = LINE ( 'NONE', #2891, #1406 ) ;
#2472 = FACE_OUTER_BOUND ( 'NONE', #2966, .T. ) ;
#2473 = LINE ( 'NONE', #906, #2209 ) ;
#2474 = ORIENTED_EDGE ( 'NONE', *, *, #1035, .T. ) ;
#2475 = CYLINDRICAL_SURFACE ( 'NONE', #1018, 2.000000000000001776 ) ;
#2476 = FACE_OUTER_BOUND ( 'NONE', #846, .T. ) ;
#2477 = VECTOR ( 'NONE', #1915, 1000.000000000000000 ) ;
#2478 = ORIENTED_EDGE ( 'NONE', *, *, #1396, .T. ) ;
#2479 = EDGE_LOOP ( 'NONE', ( #3822, #1793 ) ) ;
#2480 = AXIS2_PLACEMENT_3D ( 'NONE', #3862, #2734, #4192 ) ;
#2481 = CARTESIAN_POINT ( 'NONE',  ( 47.29999999999999005, -13.99999999999998934, -34.00000000000000711 ) ) ;
#2482 = CARTESIAN_POINT ( 'NONE',  ( -47.29999999999999005, -3.999999999999991562, -35.00000000000000711 ) ) ;
#2483 = DIRECTION ( 'NONE',  ( 0.000000000000000000, -1.000000000000000000, 0.000000000000000000 ) ) ;
#2484 = ORIENTED_EDGE ( 'NONE', *, *, #1030, .T. ) ;
#2485 = LINE ( 'NONE', #2035, #4320 ) ;
#2486 = DIRECTION ( 'NONE',  ( -1.000000000000000000, -0.000000000000000000, -1.460819769243627377E-16 ) ) ;
#2487 = CARTESIAN_POINT ( 'NONE',  ( -47.49999999999998579, -23.99999999999999289, -35.00000000000000000 ) ) ;
#2488 = LINE ( 'NONE', #2884, #3579 ) ;
#2489 = ORIENTED_EDGE ( 'NONE', *, *, #1300, .T. ) ;
#2490 = CARTESIAN_POINT ( 'NONE',  ( 43.50000000000000000, -16.00000000000000000, 43.50000000000000000 ) ) ;
#2491 = EDGE_CURVE ( 'NONE', #1700, #370, #4597, .T. ) ;
#2492 = ORIENTED_EDGE ( 'NONE', *, *, #2377, .T. ) ;
#2493 = VERTEX_POINT ( 'NONE', #421 ) ;
#2494 = CARTESIAN_POINT ( 'NONE',  ( 47.29999999999999005, -23.99999999999999289, -35.00000000000000000 ) ) ;
#2495 = DIRECTION ( 'NONE',  ( 1.000000000000000000, -0.000000000000000000, 1.460819769243627131E-16 ) ) ;
#2496 = DIRECTION ( 'NONE',  ( 0.000000000000000000, -1.000000000000000000, 0.000000000000000000 ) ) ;
#2497 = EDGE_CURVE ( 'NONE', #907, #2325, #4496, .T. ) ;
#2498 = ORIENTED_EDGE ( 'NONE', *, *, #2917, .F. ) ;
#2499 = DIRECTION ( 'NONE',  ( 1.000000000000000000, 0.000000000000000000, 0.000000000000000000 ) ) ;
#2500 = FACE_OUTER_BOUND ( 'NONE', #4295, .T. ) ;
#2501 = ORIENTED_EDGE ( 'NONE', *, *, #417, .T. ) ;
#2502 = LINE ( 'NONE', #4276, #701 ) ;
#2503 = CARTESIAN_POINT ( 'NONE',  ( -43.49999999999999289, -23.30000000000000071, -39.99999999999999289 ) ) ;
#2504 = DIRECTION ( 'NONE',  ( -1.000000000000000000, 0.000000000000000000, 0.000000000000000000 ) ) ;
#2505 = CYLINDRICAL_SURFACE ( 'NONE', #103, 2.000000000000001776 ) ;
#2506 = ORIENTED_EDGE ( 'NONE', *, *, #4472, .F. ) ;
#2507 = DIRECTION ( 'NONE',  ( 0.000000000000000000, 0.000000000000000000, 1.000000000000000000 ) ) ;
#2508 = DIRECTION ( 'NONE',  ( -2.115516434118057955E-16, 1.000000000000000000, 0.000000000000000000 ) ) ;
#2509 = AXIS2_PLACEMENT_3D ( 'NONE', #2020, #3093, #4598 ) ;
#2510 = CARTESIAN_POINT ( 'NONE',  ( 39.99999999999999289, -16.00000000000000000, 43.50000000000000000 ) ) ;
#2511 = FACE_OUTER_BOUND ( 'NONE', #1672, .T. ) ;
#2512 = ORIENTED_EDGE ( 'NONE', *, *, #2974, .F. ) ;
#2513 = CARTESIAN_POINT ( 'NONE',  ( -44.50000000000001421, 1.000000000000000000, -44.50000000000001421 ) ) ;
#2514 = ORIENTED_EDGE ( 'NONE', *, *, #3489, .F. ) ;
#2515 = AXIS2_PLACEMENT_3D ( 'NONE', #2667, #2594, #4871 ) ;
#2516 = ORIENTED_EDGE ( 'NONE', *, *, #3757, .F. ) ;
#2517 = CARTESIAN_POINT ( 'NONE',  ( 47.29999999999999005, -3.999999999999991562, -34.00000000000000711 ) ) ;
#2518 = EDGE_CURVE ( 'NONE', #858, #1347, #3080, .T. ) ;
#2519 = AXIS2_PLACEMENT_3D ( 'NONE', #789, #1203, #856 ) ;
#2520 = AXIS2_PLACEMENT_3D ( 'NONE', #1993, #109, #2695 ) ;
#2521 = DIRECTION ( 'NONE',  ( -0.000000000000000000, 1.000000000000000000, -0.000000000000000000 ) ) ;
#2522 = EDGE_CURVE ( 'NONE', #3743, #907, #2725, .T. ) ;
#2523 = DIRECTION ( 'NONE',  ( 1.000000000000000000, -0.000000000000000000, -1.460819769243627377E-16 ) ) ;
#2524 = VERTEX_POINT ( 'NONE', #4225 ) ;
#2525 = EDGE_CURVE ( 'NONE', #73, #92, #2806, .T. ) ;
#2526 = CARTESIAN_POINT ( 'NONE',  ( 44.50000000000000000, 1.000000000000000000, 46.69999999999998153 ) ) ;
#2527 = EDGE_CURVE ( 'NONE', #1545, #2791, #3632, .T. ) ;
#2528 = LINE ( 'NONE', #2102, #1113 ) ;
#2529 = AXIS2_PLACEMENT_3D ( 'NONE', #2210, #1087, #4059 ) ;
#2530 = VERTEX_POINT ( 'NONE', #3065 ) ;
#2531 = VERTEX_POINT ( 'NONE', #1690 ) ;
#2532 = CARTESIAN_POINT ( 'NONE',  ( -47.50000000000000000, -24.00000000000000000, 33.99999999999998579 ) ) ;
#2533 = VECTOR ( 'NONE', #3735, 1000.000000000000000 ) ;
#2534 = ADVANCED_FACE ( 'NONE', ( #2067 ), #70, .F. ) ;
#2535 = CARTESIAN_POINT ( 'NONE',  ( -41.49999999999999289, 0.000000000000000000, -4.499999999999997335 ) ) ;
#2536 = VECTOR ( 'NONE', #1989, 1000.000000000000000 ) ;
#2537 = FACE_OUTER_BOUND ( 'NONE', #3551, .T. ) ;
#2538 = ORIENTED_EDGE ( 'NONE', *, *, #3869, .F. ) ;
#2539 = AXIS2_PLACEMENT_3D ( 'NONE', #2713, #1612, #1658 ) ;
#2540 = DIRECTION ( 'NONE',  ( -1.000000000000000000, -0.000000000000000000, -0.000000000000000000 ) ) ;
#2541 = DIRECTION ( 'NONE',  ( -1.000000000000000000, -0.000000000000000000, -1.460819769243627377E-16 ) ) ;
#2542 = ORIENTED_EDGE ( 'NONE', *, *, #8, .F. ) ;
#2543 = CARTESIAN_POINT ( 'NONE',  ( 46.69999999999999574, 1.000000000000000000, 44.49999999999998579 ) ) ;
#2544 = AXIS2_PLACEMENT_3D ( 'NONE', #3662, #4801, #271 ) ;
#2545 = ORIENTED_EDGE ( 'NONE', *, *, #2367, .T. ) ;
#2546 = ORIENTED_EDGE ( 'NONE', *, *, #621, .F. ) ;
#2547 = AXIS2_PLACEMENT_3D ( 'NONE', #3224, #3281, #4789 ) ;
#2548 = DIRECTION ( 'NONE',  ( 1.000000000000000000, 0.000000000000000000, -1.460819769243627131E-16 ) ) ;
#2549 = ORIENTED_EDGE ( 'NONE', *, *, #1399, .T. ) ;
#2550 = EDGE_LOOP ( 'NONE', ( #247, #818, #1728, #4160 ) ) ;
#2551 = EDGE_CURVE ( 'NONE', #3624, #64, #2134, .T. ) ;
#2552 = DIRECTION ( 'NONE',  ( 0.000000000000000000, 0.000000000000000000, -1.000000000000000000 ) ) ;
#2553 = CARTESIAN_POINT ( 'NONE',  ( 39.50000000000000000, -23.30000000000000071, 37.00000000000000711 ) ) ;
#2554 = VERTEX_POINT ( 'NONE', #922 ) ;
#2555 = EDGE_CURVE ( 'NONE', #4622, #601, #4703, .T. ) ;
#2556 = EDGE_LOOP ( 'NONE', ( #4546, #4616, #181, #3607, #185, #4230, #2492, #2545 ) ) ;
#2557 = DIRECTION ( 'NONE',  ( 1.000000000000000000, -0.000000000000000000, -1.460819769243627377E-16 ) ) ;
#2558 = CARTESIAN_POINT ( 'NONE',  ( 47.50000000000000000, -4.000000000000000000, 34.99999999999999289 ) ) ;
#2559 = LINE ( 'NONE', #3212, #4341 ) ;
#2560 = VECTOR ( 'NONE', #1991, 1000.000000000000000 ) ;
#2561 = CARTESIAN_POINT ( 'NONE',  ( -47.30000000000000426, -4.000000000000000000, 34.99999999999999289 ) ) ;
#2562 = EDGE_CURVE ( 'NONE', #423, #1249, #1977, .T. ) ;
#2563 = ORIENTED_EDGE ( 'NONE', *, *, #458, .F. ) ;
#2564 = CIRCLE ( 'NONE', #426, 1.000000000000000888 ) ;
#2565 = DIRECTION ( 'NONE',  ( 1.000000000000000000, -0.000000000000000000, 1.460819769243627131E-16 ) ) ;
#2566 = CARTESIAN_POINT ( 'NONE',  ( 47.50000000000000000, 1.000000000000000000, 44.49999999999998579 ) ) ;
#2567 = DIRECTION ( 'NONE',  ( 0.000000000000000000, -0.000000000000000000, -1.000000000000000000 ) ) ;
#2568 = VERTEX_POINT ( 'NONE', #2703 ) ;
#2569 = DIRECTION ( 'NONE',  ( -1.000000000000000000, 0.000000000000000000, 0.000000000000000000 ) ) ;
#2570 = ORIENTED_EDGE ( 'NONE', *, *, #1294, .T. ) ;
#2571 = EDGE_LOOP ( 'NONE', ( #2887, #4250, #3949, #2372 ) ) ;
#2572 = CARTESIAN_POINT ( 'NONE',  ( -43.50000000000000000, -16.00000000000000000, -39.99999999999999289 ) ) ;
#2573 = CYLINDRICAL_SURFACE ( 'NONE', #3217, 2.000000000000008882 ) ;
#2574 = ORIENTED_EDGE ( 'NONE', *, *, #3246, .T. ) ;
#2575 = EDGE_LOOP ( 'NONE', ( #2699, #1780 ) ) ;
#2576 = CARTESIAN_POINT ( 'NONE',  ( -47.49999999999998579, -3.999999999999991562, -35.00000000000000711 ) ) ;
#2577 = LINE ( 'NONE', #3759, #2984 ) ;
#2578 = EDGE_CURVE ( 'NONE', #1888, #1355, #1979, .T. ) ;
#2579 = ORIENTED_EDGE ( 'NONE', *, *, #2782, .T. ) ;
#2580 = CARTESIAN_POINT ( 'NONE',  ( 39.50000000000000000, -23.30000000000000071, -37.00000000000000000 ) ) ;
#2581 = CARTESIAN_POINT ( 'NONE',  ( -47.50000000000001421, -32.00000000000000000, -47.50000000000001421 ) ) ;
#2582 = ADVANCED_FACE ( 'NONE', ( #3481, #93, #4203, #1285, #1308, #2436, #3415 ), #3833, .T. ) ;
#2583 = EDGE_CURVE ( 'NONE', #4826, #1987, #3782, .T. ) ;
#2584 = CARTESIAN_POINT ( 'NONE',  ( 47.29999999999999005, -23.99999999999999289, -35.00000000000000000 ) ) ;
#2585 = ORIENTED_EDGE ( 'NONE', *, *, #543, .F. ) ;
#2586 = DIRECTION ( 'NONE',  ( 0.000000000000000000, -1.000000000000000000, 0.000000000000000000 ) ) ;
#2587 = EDGE_CURVE ( 'NONE', #4750, #4364, #1024, .T. ) ;
#2588 = DIRECTION ( 'NONE',  ( -0.000000000000000000, -1.000000000000000000, 0.000000000000000000 ) ) ;
#2589 = ORIENTED_EDGE ( 'NONE', *, *, #4761, .T. ) ;
#2590 = DIRECTION ( 'NONE',  ( 0.000000000000000000, 0.000000000000000000, 1.000000000000000000 ) ) ;
#2591 = ORIENTED_EDGE ( 'NONE', *, *, #1214, .F. ) ;
#2592 = LINE ( 'NONE', #4094, #3308 ) ;
#2593 = AXIS2_PLACEMENT_3D ( 'NONE', #4311, #2869, #561 ) ;
#2594 = DIRECTION ( 'NONE',  ( 0.000000000000000000, -1.000000000000000000, 0.000000000000000000 ) ) ;
#2595 = DIRECTION ( 'NONE',  ( -0.000000000000000000, 1.000000000000000000, -0.000000000000000000 ) ) ;
#2596 = VECTOR ( 'NONE', #795, 1000.000000000000000 ) ;
#2597 = VERTEX_POINT ( 'NONE', #2089 ) ;
#2598 = DIRECTION ( 'NONE',  ( -0.000000000000000000, 1.000000000000000000, -0.000000000000000000 ) ) ;
#2599 = ORIENTED_EDGE ( 'NONE', *, *, #1755, .F. ) ;
#2600 = AXIS2_PLACEMENT_3D ( 'NONE', #267, #1475, #1128 ) ;
#2601 = DIRECTION ( 'NONE',  ( 1.000000000000000000, -0.000000000000000000, 1.460819769243627131E-16 ) ) ;
#2602 = LINE ( 'NONE', #2631, #3696 ) ;
#2603 = VECTOR ( 'NONE', #2463, 1000.000000000000000 ) ;
#2604 = ORIENTED_EDGE ( 'NONE', *, *, #1126, .T. ) ;
#2605 = DIRECTION ( 'NONE',  ( 0.000000000000000000, 0.000000000000000000, -1.000000000000000000 ) ) ;
#2606 = AXIS2_PLACEMENT_3D ( 'NONE', #2238, #399, #4860 ) ;
#2607 = FACE_BOUND ( 'NONE', #3806, .T. ) ;
#2608 = CARTESIAN_POINT ( 'NONE',  ( 26.00000000000000711, 1.000000000000000888, -47.50000000000001421 ) ) ;
#2609 = ORIENTED_EDGE ( 'NONE', *, *, #442, .F. ) ;
#2610 = AXIS2_PLACEMENT_3D ( 'NONE', #2673, #2330, #466 ) ;
#2611 = EDGE_CURVE ( 'NONE', #2270, #3527, #975, .T. ) ;
#2612 = LINE ( 'NONE', #3004, #2915 ) ;
#2613 = CARTESIAN_POINT ( 'NONE',  ( -40.00000000000000000, -16.00000000000000000, -1.050000000000002265 ) ) ;
#2614 = CIRCLE ( 'NONE', #1254, 2.200000000000000622 ) ;
#2615 = PLANE ( 'NONE',  #663 ) ;
#2616 = ORIENTED_EDGE ( 'NONE', *, *, #2924, .F. ) ;
#2617 = DIRECTION ( 'NONE',  ( 0.000000000000000000, 0.000000000000000000, 1.000000000000000000 ) ) ;
#2618 = VERTEX_POINT ( 'NONE', #3278 ) ;
#2619 = DIRECTION ( 'NONE',  ( 0.000000000000000000, 0.000000000000000000, -1.000000000000000000 ) ) ;
#2620 = EDGE_CURVE ( 'NONE', #2260, #1204, #79, .T. ) ;
#2621 = AXIS2_PLACEMENT_3D ( 'NONE', #941, #193, #2456 ) ;
#2622 = DIRECTION ( 'NONE',  ( 1.000000000000000000, 0.000000000000000000, -1.460819769243627131E-16 ) ) ;
#2623 = DIRECTION ( 'NONE',  ( 0.000000000000000000, 0.000000000000000000, 1.000000000000000000 ) ) ;
#2624 = CIRCLE ( 'NONE', #481, 1.050000000000002265 ) ;
#2625 = ORIENTED_EDGE ( 'NONE', *, *, #2400, .T. ) ;
#2626 = CARTESIAN_POINT ( 'NONE',  ( -25.99999999999999645, -16.39999999999999858, -46.50000000000001421 ) ) ;
#2627 = VERTEX_POINT ( 'NONE', #1768 ) ;
#2628 = EDGE_CURVE ( 'NONE', #833, #526, #4044, .T. ) ;
#2629 = CIRCLE ( 'NONE', #1518, 3.000000000000002665 ) ;
#2630 = CARTESIAN_POINT ( 'NONE',  ( 47.50000000000000000, -13.99999999999999822, 36.00000000000000000 ) ) ;
#2631 = CARTESIAN_POINT ( 'NONE',  ( 46.69999999999999574, 1.000000000000000000, 44.49999999999998579 ) ) ;
#2632 = ORIENTED_EDGE ( 'NONE', *, *, #3929, .T. ) ;
#2633 = CARTESIAN_POINT ( 'NONE',  ( 47.29999999999999005, -13.99999999999998934, -35.00000000000000711 ) ) ;
#2634 = FACE_BOUND ( 'NONE', #2479, .T. ) ;
#2635 = DIRECTION ( 'NONE',  ( -1.000000000000000000, 0.000000000000000000, 0.000000000000000000 ) ) ;
#2636 = EDGE_LOOP ( 'NONE', ( #553, #1130, #756, #3206 ) ) ;
#2637 = CARTESIAN_POINT ( 'NONE',  ( -41.50000000000000000, 0.000000000000000000, 34.99999999999999289 ) ) ;
#2638 = FACE_OUTER_BOUND ( 'NONE', #1092, .T. ) ;
#2639 = ORIENTED_EDGE ( 'NONE', *, *, #1094, .F. ) ;
#2640 = CARTESIAN_POINT ( 'NONE',  ( -44.50000000000001421, 0.000000000000000000, 46.04999999999999716 ) ) ;
#2641 = VECTOR ( 'NONE', #4116, 1000.000000000000000 ) ;
#2642 = ORIENTED_EDGE ( 'NONE', *, *, #777, .F. ) ;
#2643 = DIRECTION ( 'NONE',  ( -0.000000000000000000, 1.000000000000000000, -0.000000000000000000 ) ) ;
#2644 = CARTESIAN_POINT ( 'NONE',  ( 40.00000000000000000, -32.00000000000000000, 40.00000000000000000 ) ) ;
#2645 = CARTESIAN_POINT ( 'NONE',  ( 40.00000000000000000, -32.00000000000000000, -40.00000000000000000 ) ) ;
#2646 = EDGE_CURVE ( 'NONE', #833, #3008, #1023, .T. ) ;
#2647 = ORIENTED_EDGE ( 'NONE', *, *, #3827, .F. ) ;
#2648 = CARTESIAN_POINT ( 'NONE',  ( 44.50000000000000000, -31.00000000000000000, 44.49999999999998579 ) ) ;
#2649 = EDGE_CURVE ( 'NONE', #3520, #2865, #2907, .T. ) ;
#2650 = ORIENTED_EDGE ( 'NONE', *, *, #4326, .F. ) ;
#2651 = VERTEX_POINT ( 'NONE', #2566 ) ;
#2652 = FACE_OUTER_BOUND ( 'NONE', #3280, .T. ) ;
#2653 = DIRECTION ( 'NONE',  ( 0.000000000000000000, 0.000000000000000000, -1.000000000000000000 ) ) ;
#2654 = ADVANCED_FACE ( 'NONE', ( #996 ), #227, .F. ) ;
#2655 = EDGE_LOOP ( 'NONE', ( #1059, #1364, #3477, #3684, #4074, #3083, #4091 ) ) ;
#2656 = CYLINDRICAL_SURFACE ( 'NONE', #2998, 1.000000000000000888 ) ;
#2657 = DIRECTION ( 'NONE',  ( -1.000000000000000000, 0.000000000000000000, -0.000000000000000000 ) ) ;
#2658 = CYLINDRICAL_SURFACE ( 'NONE', #4136, 1.999999999999998224 ) ;
#2659 = VERTEX_POINT ( 'NONE', #3674 ) ;
#2660 = DIRECTION ( 'NONE',  ( -1.000000000000000000, -0.000000000000000000, -1.460819769243627377E-16 ) ) ;
#2661 = CARTESIAN_POINT ( 'NONE',  ( 47.49999999999998579, -23.99999999999999289, -35.00000000000000000 ) ) ;
#2662 = CARTESIAN_POINT ( 'NONE',  ( -40.00000000000000000, -32.00000000000000000, -41.05000000000000426 ) ) ;
#2663 = EDGE_LOOP ( 'NONE', ( #4425, #1605, #1410, #3545 ) ) ;
#2664 = DIRECTION ( 'NONE',  ( -0.000000000000000000, 1.000000000000000000, -0.000000000000000000 ) ) ;
#2665 = EDGE_LOOP ( 'NONE', ( #1158, #926, #2179, #1708, #2926, #3197, #141, #954, #3542, #171, #2943, #4728 ) ) ;
#2666 = DIRECTION ( 'NONE',  ( 0.000000000000000000, -1.000000000000000000, 0.000000000000000000 ) ) ;
#2667 = CARTESIAN_POINT ( 'NONE',  ( 39.50000000000000000, 0.000000000000000000, -39.50000000000000000 ) ) ;
#2668 = VERTEX_POINT ( 'NONE', #1392 ) ;
#2669 = CARTESIAN_POINT ( 'NONE',  ( -46.70000000000000995, 0.000000000000000000, -44.50000000000001421 ) ) ;
#2670 = ORIENTED_EDGE ( 'NONE', *, *, #2527, .F. ) ;
#2671 = CIRCLE ( 'NONE', #2820, 2.000000000000001776 ) ;
#2672 = EDGE_CURVE ( 'NONE', #2797, #4810, #4739, .T. ) ;
#2673 = CARTESIAN_POINT ( 'NONE',  ( 22.00000000000000000, -14.39999999999999858, -46.50000000000001421 ) ) ;
#2674 = VECTOR ( 'NONE', #3387, 1000.000000000000000 ) ;
#2675 = DIRECTION ( 'NONE',  ( 0.000000000000000000, 0.000000000000000000, 1.000000000000000000 ) ) ;
#2676 = ORIENTED_EDGE ( 'NONE', *, *, #350, .F. ) ;
#2677 = CIRCLE ( 'NONE', #459, 1.050000000000002265 ) ;
#2678 = VECTOR ( 'NONE', #3617, 1000.000000000000000 ) ;
#2679 = EDGE_CURVE ( 'NONE', #1499, #4444, #4814, .T. ) ;
#2680 = EDGE_CURVE ( 'NONE', #769, #4619, #2137, .T. ) ;
#2681 = DIRECTION ( 'NONE',  ( 0.000000000000000000, 1.000000000000000000, 0.000000000000000000 ) ) ;
#2682 = LINE ( 'NONE', #2953, #3239 ) ;
#2683 = AXIS2_PLACEMENT_3D ( 'NONE', #127, #855, #3867 ) ;
#2684 = CIRCLE ( 'NONE', #3619, 3.500000000000003109 ) ;
#2685 = DIRECTION ( 'NONE',  ( -0.000000000000000000, -0.000000000000000000, 1.000000000000000000 ) ) ;
#2686 = ORIENTED_EDGE ( 'NONE', *, *, #1521, .T. ) ;
#2687 = EDGE_CURVE ( 'NONE', #2848, #2071, #4436, .T. ) ;
#2688 = CIRCLE ( 'NONE', #1498, 1.000000000000000888 ) ;
#2689 = CARTESIAN_POINT ( 'NONE',  ( -25.99999999999999645, 0.000000000000000000, -46.50000000000001421 ) ) ;
#2690 = DIRECTION ( 'NONE',  ( -1.000000000000000000, 0.000000000000000000, -1.067522139062650869E-15 ) ) ;
#2691 = CIRCLE ( 'NONE', #2292, 1.000000000000000888 ) ;
#2692 = VERTEX_POINT ( 'NONE', #1420 ) ;
#2693 = CARTESIAN_POINT ( 'NONE',  ( 43.50000000000000000, -32.00000000000000000, 39.99999999999999289 ) ) ;
#2694 = VERTEX_POINT ( 'NONE', #2934 ) ;
#2695 = DIRECTION ( 'NONE',  ( 0.000000000000000000, 0.000000000000000000, 1.000000000000000000 ) ) ;
#2696 = CYLINDRICAL_SURFACE ( 'NONE', #1316, 1.050000000000002265 ) ;
#2697 = AXIS2_PLACEMENT_3D ( 'NONE', #2314, #1866, #1919 ) ;
#2698 = CARTESIAN_POINT ( 'NONE',  ( -44.50000000000001421, 0.000000000000000000, 42.94999999999999574 ) ) ;
#2699 = ORIENTED_EDGE ( 'NONE', *, *, #1591, .F. ) ;
#2700 = DIRECTION ( 'NONE',  ( 0.000000000000000000, 0.000000000000000000, -1.000000000000000000 ) ) ;
#2701 = MECHANICAL_DESIGN_GEOMETRIC_PRESENTATION_REPRESENTATION (  '', ( #3549 ), #81 ) ;
#2702 = VERTEX_POINT ( 'NONE', #3987 ) ;
#2703 = CARTESIAN_POINT ( 'NONE',  ( -46.69999999999999574, 1.000000000000000000, 44.49999999999998579 ) ) ;
#2704 = AXIS2_PLACEMENT_3D ( 'NONE', #2275, #1930, #4518 ) ;
#2705 = DIRECTION ( 'NONE',  ( 0.000000000000000000, 0.000000000000000000, 1.000000000000000000 ) ) ;
#2706 = EDGE_CURVE ( 'NONE', #514, #762, #3797, .T. ) ;
#2707 = ORIENTED_EDGE ( 'NONE', *, *, #2919, .T. ) ;
#2708 = VECTOR ( 'NONE', #3032, 1000.000000000000000 ) ;
#2709 = DIRECTION ( 'NONE',  ( 1.000000000000000000, -0.000000000000000000, -1.460819769243627377E-16 ) ) ;
#2710 = DIRECTION ( 'NONE',  ( 0.000000000000000000, 1.000000000000000000, 0.000000000000000000 ) ) ;
#2711 = EDGE_CURVE ( 'NONE', #2791, #1545, #3476, .T. ) ;
#2712 = ORIENTED_EDGE ( 'NONE', *, *, #1094, .T. ) ;
#2713 = CARTESIAN_POINT ( 'NONE',  ( 47.50000000000000000, -13.99999999999999822, 34.99999999999999289 ) ) ;
#2714 = CARTESIAN_POINT ( 'NONE',  ( -43.50000000000000000, -16.00000000000000000, 4.500000000000003553 ) ) ;
#2715 = EDGE_CURVE ( 'NONE', #3262, #3303, #3006, .T. ) ;
#2716 = EDGE_LOOP ( 'NONE', ( #3452, #3231, #3772, #3162 ) ) ;
#2717 = LINE ( 'NONE', #2735, #4677 ) ;
#2718 = VERTEX_POINT ( 'NONE', #2883 ) ;
#2719 = CARTESIAN_POINT ( 'NONE',  ( -44.49999999999999289, -32.00000000000000000, -46.04999999999999716 ) ) ;
#2720 = CARTESIAN_POINT ( 'NONE',  ( 39.99999999999999289, -16.00000000000000000, -39.99999999999999289 ) ) ;
#2721 = AXIS2_PLACEMENT_3D ( 'NONE', #3615, #1337, #3672 ) ;
#2722 = VERTEX_POINT ( 'NONE', #1817 ) ;
#2723 = CARTESIAN_POINT ( 'NONE',  ( 40.00000000000000000, -16.00000000000000000, 40.00000000000000000 ) ) ;
#2724 = ORIENTED_EDGE ( 'NONE', *, *, #1376, .T. ) ;
#2725 = LINE ( 'NONE', #551, #1251 ) ;
#2726 = DIRECTION ( 'NONE',  ( 0.000000000000000000, 1.000000000000000000, -0.000000000000000000 ) ) ;
#2727 = VERTEX_POINT ( 'NONE', #4841 ) ;
#2728 = CARTESIAN_POINT ( 'NONE',  ( 47.29999999999999005, -3.999999999999991562, -35.00000000000000711 ) ) ;
#2729 = CARTESIAN_POINT ( 'NONE',  ( 41.49999999999999289, -23.30000000000000071, 4.500000000000000888 ) ) ;
#2730 = VERTEX_POINT ( 'NONE', #3591 ) ;
#2731 = EDGE_CURVE ( 'NONE', #73, #2692, #1446, .T. ) ;
#2732 = DIRECTION ( 'NONE',  ( 0.000000000000000000, 1.000000000000000000, 0.000000000000000000 ) ) ;
#2733 = EDGE_CURVE ( 'NONE', #2568, #1047, #2614, .T. ) ;
#2734 = DIRECTION ( 'NONE',  ( 0.000000000000000000, -1.000000000000000000, 0.000000000000000000 ) ) ;
#2735 = CARTESIAN_POINT ( 'NONE',  ( -34.99999999999998579, -23.30000000000000071, -43.50000000000000000 ) ) ;
#2736 = ORIENTED_EDGE ( 'NONE', *, *, #3710, .T. ) ;
#2737 = DIRECTION ( 'NONE',  ( 0.000000000000000000, -1.000000000000000000, 0.000000000000000000 ) ) ;
#2738 = EDGE_CURVE ( 'NONE', #3166, #3473, #4498, .T. ) ;
#2739 = FACE_OUTER_BOUND ( 'NONE', #3611, .T. ) ;
#2740 = ORIENTED_EDGE ( 'NONE', *, *, #3095, .T. ) ;
#2741 = CARTESIAN_POINT ( 'NONE',  ( -43.50000000000000000, 0.000000000000000000, -2.500000000000000000 ) ) ;
#2742 = ORIENTED_EDGE ( 'NONE', *, *, #3999, .T. ) ;
#2743 = FACE_BOUND ( 'NONE', #752, .T. ) ;
#2744 = ORIENTED_EDGE ( 'NONE', *, *, #1193, .T. ) ;
#2745 = VECTOR ( 'NONE', #1277, 1000.000000000000000 ) ;
#2746 = DIRECTION ( 'NONE',  ( 0.000000000000000000, 0.000000000000000000, -1.000000000000000000 ) ) ;
#2747 = FACE_OUTER_BOUND ( 'NONE', #269, .T. ) ;
#2748 = ORIENTED_EDGE ( 'NONE', *, *, #4691, .F. ) ;
#2749 = AXIS2_PLACEMENT_3D ( 'NONE', #760, #3828, #1127 ) ;
#2750 = AXIS2_PLACEMENT_3D ( 'NONE', #2780, #38, #3826 ) ;
#2751 = CARTESIAN_POINT ( 'NONE',  ( -44.50000000000001421, 1.000000000000000000, -46.69999999999999574 ) ) ;
#2752 = CYLINDRICAL_SURFACE ( 'NONE', #667, 3.500000000000003109 ) ;
#2753 = LINE ( 'NONE', #124, #173 ) ;
#2754 = EDGE_CURVE ( 'NONE', #285, #4410, #3444, .T. ) ;
#2755 = ORIENTED_EDGE ( 'NONE', *, *, #3670, .T. ) ;
#2756 = AXIS2_PLACEMENT_3D ( 'NONE', #4476, #2660, #1890 ) ;
#2757 = CARTESIAN_POINT ( 'NONE',  ( 39.50000000000000000, 0.000000000000000000, 2.500000000000000000 ) ) ;
#2758 = CARTESIAN_POINT ( 'NONE',  ( 47.29999999999999005, -3.999999999999991562, -35.00000000000000711 ) ) ;
#2759 = CIRCLE ( 'NONE', #627, 1.050000000000002265 ) ;
#2760 = ORIENTED_EDGE ( 'NONE', *, *, #303, .F. ) ;
#2761 = CARTESIAN_POINT ( 'NONE',  ( -47.30000000000000426, -24.00000000000000000, 34.99999999999999289 ) ) ;
#2762 = EDGE_CURVE ( 'NONE', #2332, #2295, #2266, .T. ) ;
#2763 = ORIENTED_EDGE ( 'NONE', *, *, #1441, .T. ) ;
#2764 = VECTOR ( 'NONE', #3567, 1000.000000000000000 ) ;
#2765 = DIRECTION ( 'NONE',  ( 0.000000000000000000, -0.000000000000000000, -1.000000000000000000 ) ) ;
#2766 = CIRCLE ( 'NONE', #3868, 1.550000000000002709 ) ;
#2767 = EDGE_CURVE ( 'NONE', #1068, #537, #32, .T. ) ;
#2768 = ORIENTED_EDGE ( 'NONE', *, *, #612, .F. ) ;
#2769 = CIRCLE ( 'NONE', #3406, 1.000000000000000888 ) ;
#2770 = CARTESIAN_POINT ( 'NONE',  ( -47.29999999999999005, -23.99999999999999289, -35.00000000000000000 ) ) ;
#2771 = CARTESIAN_POINT ( 'NONE',  ( -41.50000000000000000, -23.30000000000000071, 34.99999999999999289 ) ) ;
#2772 = VECTOR ( 'NONE', #2451, 1000.000000000000000 ) ;
#2773 = EDGE_LOOP ( 'NONE', ( #1394, #1343, #2061, #4644, #311, #4869, #3582, #4387, #4867, #3001, #3504, #4600 ) ) ;
#2774 = CARTESIAN_POINT ( 'NONE',  ( -39.50000000000000000, 0.000000000000000000, 0.000000000000000000 ) ) ;
#2775 = CIRCLE ( 'NONE', #3727, 2.500000000000000000 ) ;
#2776 = CARTESIAN_POINT ( 'NONE',  ( -37.00000000000000000, -23.30000000000000071, 36.99999999999999289 ) ) ;
#2777 = DIRECTION ( 'NONE',  ( 1.000000000000000000, -0.000000000000000000, -1.460819769243627377E-16 ) ) ;
#2778 = CYLINDRICAL_SURFACE ( 'NONE', #3817, 1.000000000000000888 ) ;
#2779 = VERTEX_POINT ( 'NONE', #4887 ) ;
#2780 = CARTESIAN_POINT ( 'NONE',  ( 44.49999999999999289, 0.000000000000000000, -44.50000000000000000 ) ) ;
#2781 = DIRECTION ( 'NONE',  ( 0.000000000000000000, -1.000000000000000000, 0.000000000000000000 ) ) ;
#2782 = EDGE_CURVE ( 'NONE', #1815, #2270, #4339, .T. ) ;
#2783 = EDGE_LOOP ( 'NONE', ( #4898, #1752 ) ) ;
#2784 = CARTESIAN_POINT ( 'NONE',  ( 41.49999999999999289, -23.30000000000000071, -4.500000000000000888 ) ) ;
#2785 = EDGE_LOOP ( 'NONE', ( #3389, #722 ) ) ;
#2786 = AXIS2_PLACEMENT_3D ( 'NONE', #2458, #1046, #1686 ) ;
#2787 = EDGE_CURVE ( 'NONE', #162, #1888, #1107, .T. ) ;
#2788 = CARTESIAN_POINT ( 'NONE',  ( 47.29999999999999005, -13.99999999999998934, -34.00000000000000711 ) ) ;
#2789 = EDGE_CURVE ( 'NONE', #1646, #4125, #2766, .T. ) ;
#2790 = FACE_OUTER_BOUND ( 'NONE', #3556, .T. ) ;
#2791 = VERTEX_POINT ( 'NONE', #2613 ) ;
#2792 = AXIS2_PLACEMENT_3D ( 'NONE', #1691, #1393, #2090 ) ;
#2793 = EDGE_CURVE ( 'NONE', #344, #2694, #407, .T. ) ;
#2794 = DIRECTION ( 'NONE',  ( 0.000000000000000000, 0.000000000000000000, 1.000000000000000000 ) ) ;
#2795 = DIRECTION ( 'NONE',  ( 0.000000000000000000, 0.000000000000000000, -1.000000000000000000 ) ) ;
#2796 = VERTEX_POINT ( 'NONE', #3051 ) ;
#2797 = VERTEX_POINT ( 'NONE', #807 ) ;
#2798 = FACE_OUTER_BOUND ( 'NONE', #1538, .T. ) ;
#2799 = FACE_OUTER_BOUND ( 'NONE', #1705, .T. ) ;
#2800 = CARTESIAN_POINT ( 'NONE',  ( -40.00000000000000000, -23.30000000000000071, 43.49999999999998579 ) ) ;
#2801 =( NAMED_UNIT ( * ) PLANE_ANGLE_UNIT ( ) SI_UNIT ( $, .RADIAN. ) );
#2802 = LINE ( 'NONE', #4279, #3027 ) ;
#2803 = ORIENTED_EDGE ( 'NONE', *, *, #4479, .T. ) ;
#2804 = CARTESIAN_POINT ( 'NONE',  ( 39.99999999999999289, -32.00000000000000000, -43.50000000000000000 ) ) ;
#2805 = FACE_OUTER_BOUND ( 'NONE', #3896, .T. ) ;
#2806 = LINE ( 'NONE', #1156, #631 ) ;
#2807 = ORIENTED_EDGE ( 'NONE', *, *, #3529, .F. ) ;
#2808 = DIRECTION ( 'NONE',  ( -1.000000000000000000, 0.000000000000000000, 0.000000000000000000 ) ) ;
#2809 = ORIENTED_EDGE ( 'NONE', *, *, #851, .F. ) ;
#2810 = ORIENTED_EDGE ( 'NONE', *, *, #4122, .T. ) ;
#2811 = CYLINDRICAL_SURFACE ( 'NONE', #3213, 1.050000000000002265 ) ;
#2812 = DIRECTION ( 'NONE',  ( 0.000000000000000000, 0.000000000000000000, -1.000000000000000000 ) ) ;
#2813 = ORIENTED_EDGE ( 'NONE', *, *, #4154, .T. ) ;
#2814 = ADVANCED_FACE ( 'NONE', ( #4507 ), #1119, .F. ) ;
#2815 = CARTESIAN_POINT ( 'NONE',  ( -39.50000000000000000, -16.00000000000000000, 2.500000000000000000 ) ) ;
#2816 = CARTESIAN_POINT ( 'NONE',  ( -47.29999999999999005, -23.99999999999999289, -35.00000000000000000 ) ) ;
#2817 = ORIENTED_EDGE ( 'NONE', *, *, #2491, .T. ) ;
#2818 = EDGE_CURVE ( 'NONE', #1905, #2442, #1818, .T. ) ;
#2819 = VERTEX_POINT ( 'NONE', #754 ) ;
#2820 = AXIS2_PLACEMENT_3D ( 'NONE', #1329, #4645, #2851 ) ;
#2821 = CARTESIAN_POINT ( 'NONE',  ( 47.49999999999998579, -13.99999999999998934, -36.00000000000001421 ) ) ;
#2822 = DIRECTION ( 'NONE',  ( 1.000000000000000000, -0.000000000000000000, -0.000000000000000000 ) ) ;
#2823 = DIRECTION ( 'NONE',  ( -0.000000000000000000, 1.000000000000000000, -0.000000000000000000 ) ) ;
#2824 = VECTOR ( 'NONE', #4523, 1000.000000000000000 ) ;
#2825 = CARTESIAN_POINT ( 'NONE',  ( 46.69999999999999574, 1.000000000000000000, -44.50000000000001421 ) ) ;
#2826 = ADVANCED_FACE ( 'NONE', ( #1069 ), #4556, .F. ) ;
#2827 = ORIENTED_EDGE ( 'NONE', *, *, #3392, .F. ) ;
#2828 = DIRECTION ( 'NONE',  ( 1.000000000000000000, -0.000000000000000000, 1.460819769243627131E-16 ) ) ;
#2829 = AXIS2_PLACEMENT_3D ( 'NONE', #4795, #1032, #2965 ) ;
#2830 = CIRCLE ( 'NONE', #4093, 1.050000000000002265 ) ;
#2831 = CARTESIAN_POINT ( 'NONE',  ( 47.49999999999998579, -32.00000000000000000, -47.50000000000001421 ) ) ;
#2832 = FACE_BOUND ( 'NONE', #4291, .T. ) ;
#2833 = CIRCLE ( 'NONE', #4643, 3.000000000000002665 ) ;
#2834 = VECTOR ( 'NONE', #4427, 1000.000000000000000 ) ;
#2835 = ORIENTED_EDGE ( 'NONE', *, *, #3393, .F. ) ;
#2836 = LINE ( 'NONE', #4764, #3650 ) ;
#2837 = VERTEX_POINT ( 'NONE', #3397 ) ;
#2838 = ORIENTED_EDGE ( 'NONE', *, *, #912, .T. ) ;
#2839 = DIRECTION ( 'NONE',  ( 1.000000000000000000, 0.000000000000000000, -0.000000000000000000 ) ) ;
#2840 = CARTESIAN_POINT ( 'NONE',  ( -43.50000000000000000, -16.00000000000000000, -2.500000000000000000 ) ) ;
#2841 = CARTESIAN_POINT ( 'NONE',  ( 0.000000000000000000, -23.30000000000000071, 0.000000000000000000 ) ) ;
#2842 = CIRCLE ( 'NONE', #3714, 2.500000000000002220 ) ;
#2843 = ORIENTED_EDGE ( 'NONE', *, *, #4428, .T. ) ;
#2844 = FACE_OUTER_BOUND ( 'NONE', #1118, .T. ) ;
#2845 = VECTOR ( 'NONE', #2540, 1000.000000000000000 ) ;
#2846 = CARTESIAN_POINT ( 'NONE',  ( -43.50000000000000000, -16.00000000000000000, 43.50000000000000000 ) ) ;
#2847 = EDGE_CURVE ( 'NONE', #1700, #448, #2301, .T. ) ;
#2848 = VERTEX_POINT ( 'NONE', #4532 ) ;
#2849 = ORIENTED_EDGE ( 'NONE', *, *, #1701, .F. ) ;
#2850 = AXIS2_PLACEMENT_3D ( 'NONE', #2023, #3116, #1272 ) ;
#2851 = DIRECTION ( 'NONE',  ( -1.000000000000000000, 0.000000000000000000, 0.000000000000000000 ) ) ;
#2852 = CARTESIAN_POINT ( 'NONE',  ( 44.49999999999998579, -32.00000000000000000, -46.50000000000001421 ) ) ;
#2853 = CARTESIAN_POINT ( 'NONE',  ( -44.50000000000000000, -31.00000000000000000, 47.49999999999998579 ) ) ;
#2854 = EDGE_CURVE ( 'NONE', #2442, #1905, #1509, .T. ) ;
#2855 = AXIS2_PLACEMENT_3D ( 'NONE', #935, #1323, #1552 ) ;
#2856 = CARTESIAN_POINT ( 'NONE',  ( -43.50000000000000711, -23.30000000000000071, 43.49999999999998579 ) ) ;
#2857 = ORIENTED_EDGE ( 'NONE', *, *, #1670, .F. ) ;
#2858 = DIRECTION ( 'NONE',  ( 0.000000000000000000, 1.000000000000000000, 0.000000000000000000 ) ) ;
#2859 = LINE ( 'NONE', #655, #1724 ) ;
#2860 = DIRECTION ( 'NONE',  ( 0.000000000000000000, 0.000000000000000000, 1.000000000000000000 ) ) ;
#2861 = EDGE_CURVE ( 'NONE', #4524, #2193, #2218, .T. ) ;
#2862 = CARTESIAN_POINT ( 'NONE',  ( -43.49999999999999289, 0.000000000000000000, -39.99999999999999289 ) ) ;
#2863 = EDGE_LOOP ( 'NONE', ( #4084, #1470 ) ) ;
#2864 = DIRECTION ( 'NONE',  ( 0.000000000000000000, 0.000000000000000000, 1.000000000000000000 ) ) ;
#2865 = VERTEX_POINT ( 'NONE', #2689 ) ;
#2866 = VERTEX_POINT ( 'NONE', #4161 ) ;
#2867 = LINE ( 'NONE', #1315, #2990 ) ;
#2868 = DIRECTION ( 'NONE',  ( 0.000000000000000000, 0.000000000000000000, -1.000000000000000000 ) ) ;
#2869 = DIRECTION ( 'NONE',  ( 0.000000000000000000, -1.000000000000000000, 0.000000000000000000 ) ) ;
#2870 = ORIENTED_EDGE ( 'NONE', *, *, #3237, .T. ) ;
#2871 = CIRCLE ( 'NONE', #4525, 3.500000000000003109 ) ;
#2872 = CYLINDRICAL_SURFACE ( 'NONE', #1418, 2.000000000000001776 ) ;
#2873 = DIRECTION ( 'NONE',  ( 1.057758217059028978E-16, -1.000000000000000000, 0.000000000000000000 ) ) ;
#2874 = VECTOR ( 'NONE', #1785, 1000.000000000000000 ) ;
#2875 = ORIENTED_EDGE ( 'NONE', *, *, #2491, .F. ) ;
#2876 = CIRCLE ( 'NONE', #3181, 3.500000000000003109 ) ;
#2877 = DIRECTION ( 'NONE',  ( -0.000000000000000000, -0.000000000000000000, -1.000000000000000000 ) ) ;
#2878 = DIRECTION ( 'NONE',  ( -1.000000000000000000, -0.000000000000000000, -0.000000000000000000 ) ) ;
#2879 = ORIENTED_EDGE ( 'NONE', *, *, #401, .F. ) ;
#2880 = CYLINDRICAL_SURFACE ( 'NONE', #785, 1.000000000000000888 ) ;
#2881 = EDGE_CURVE ( 'NONE', #698, #245, #779, .T. ) ;
#2882 = EDGE_CURVE ( 'NONE', #2796, #1264, #3796, .T. ) ;
#2883 = CARTESIAN_POINT ( 'NONE',  ( 41.49999999999999289, -23.30000000000000071, -2.500000000000000000 ) ) ;
#2884 = CARTESIAN_POINT ( 'NONE',  ( -25.99999999999999645, 1.000000000000000000, -46.69999999999999574 ) ) ;
#2885 = ORIENTED_EDGE ( 'NONE', *, *, #3634, .T. ) ;
#2886 = DIRECTION ( 'NONE',  ( 0.000000000000000000, 1.000000000000000000, 0.000000000000000000 ) ) ;
#2887 = ORIENTED_EDGE ( 'NONE', *, *, #4241, .F. ) ;
#2888 = ORIENTED_EDGE ( 'NONE', *, *, #2024, .F. ) ;
#2889 = EDGE_CURVE ( 'NONE', #3841, #1375, #3322, .T. ) ;
#2890 = EDGE_CURVE ( 'NONE', #1033, #899, #1095, .T. ) ;
#2891 = CARTESIAN_POINT ( 'NONE',  ( 46.50000000000000000, -31.00000000000000000, 44.49999999999998579 ) ) ;
#2892 = CARTESIAN_POINT ( 'NONE',  ( 47.30000000000000426, -13.99999999999999822, 34.99999999999999289 ) ) ;
#2893 = CARTESIAN_POINT ( 'NONE',  ( 43.50000000000000000, -23.30000000000000071, 4.500000000000000888 ) ) ;
#2894 = VERTEX_POINT ( 'NONE', #3140 ) ;
#2895 = ADVANCED_FACE ( 'NONE', ( #4231, #1231 ), #2406, .F. ) ;
#2896 = DIRECTION ( 'NONE',  ( -0.000000000000000000, 1.000000000000000000, -0.000000000000000000 ) ) ;
#2897 = LINE ( 'NONE', #4394, #2230 ) ;
#2898 = VERTEX_POINT ( 'NONE', #847 ) ;
#2899 = ORIENTED_EDGE ( 'NONE', *, *, #797, .F. ) ;
#2900 = DIRECTION ( 'NONE',  ( 0.000000000000000000, 0.000000000000000000, -1.000000000000000000 ) ) ;
#2901 = CARTESIAN_POINT ( 'NONE',  ( 43.50000000000000000, 0.000000000000000000, -2.500000000000000000 ) ) ;
#2902 = CARTESIAN_POINT ( 'NONE',  ( -44.50000000000001421, -31.00000000000000000, -46.50000000000002842 ) ) ;
#2903 = DIRECTION ( 'NONE',  ( -1.000000000000000000, 0.000000000000000000, 0.000000000000000000 ) ) ;
#2904 = ORIENTED_EDGE ( 'NONE', *, *, #1641, .T. ) ;
#2905 = CARTESIAN_POINT ( 'NONE',  ( 26.00000000000000711, -16.39999999999999858, -46.50000000000001421 ) ) ;
#2906 = AXIS2_PLACEMENT_3D ( 'NONE', #4179, #3811, #1934 ) ;
#2907 = LINE ( 'NONE', #2170, #1981 ) ;
#2908 = CARTESIAN_POINT ( 'NONE',  ( -47.29999999999999005, -13.99999999999998934, -35.00000000000000711 ) ) ;
#2909 = ADVANCED_FACE ( 'NONE', ( #2010, #498, #2058, #1255, #3884 ), #3511, .T. ) ;
#2910 = ORIENTED_EDGE ( 'NONE', *, *, #4263, .F. ) ;
#2911 = CARTESIAN_POINT ( 'NONE',  ( -40.00000000000000000, -16.00000000000000000, 38.94999999999999574 ) ) ;
#2912 = ORIENTED_EDGE ( 'NONE', *, *, #2847, .F. ) ;
#2913 = VECTOR ( 'NONE', #3409, 1000.000000000000000 ) ;
#2914 = ORIENTED_EDGE ( 'NONE', *, *, #4175, .F. ) ;
#2915 = VECTOR ( 'NONE', #4113, 1000.000000000000000 ) ;
#2916 = LINE ( 'NONE', #3379, #1959 ) ;
#2917 = EDGE_CURVE ( 'NONE', #220, #4750, #4647, .T. ) ;
#2918 = EDGE_LOOP ( 'NONE', ( #4016, #2642, #4335, #764 ) ) ;
#2919 = EDGE_CURVE ( 'NONE', #1976, #354, #3561, .T. ) ;
#2920 = ORIENTED_EDGE ( 'NONE', *, *, #1245, .T. ) ;
#2921 = AXIS2_PLACEMENT_3D ( 'NONE', #3367, #1811, #2972 ) ;
#2922 = DIRECTION ( 'NONE',  ( 0.000000000000000000, -1.000000000000000000, 0.000000000000000000 ) ) ;
#2923 = CARTESIAN_POINT ( 'NONE',  ( 39.50000000000000000, -23.30000000000000071, -2.500000000000000000 ) ) ;
#2924 = EDGE_CURVE ( 'NONE', #3527, #3050, #475, .T. ) ;
#2925 = CIRCLE ( 'NONE', #940, 1.000000000000000888 ) ;
#2926 = ORIENTED_EDGE ( 'NONE', *, *, #1926, .F. ) ;
#2927 = FACE_OUTER_BOUND ( 'NONE', #2306, .T. ) ;
#2928 = DIRECTION ( 'NONE',  ( 0.000000000000000000, 0.000000000000000000, -1.000000000000000000 ) ) ;
#2929 = LINE ( 'NONE', #3188, #799 ) ;
#2930 = AXIS2_PLACEMENT_3D ( 'NONE', #3079, #1196, #4211 ) ;
#2931 = CARTESIAN_POINT ( 'NONE',  ( 0.000000000000000000, -16.00000000000000000, 0.000000000000000000 ) ) ;
#2932 = EDGE_LOOP ( 'NONE', ( #562, #3171, #2424, #4141 ) ) ;
#2933 = CARTESIAN_POINT ( 'NONE',  ( 23.99999999999999289, 0.000000000000000000, -43.50000000000000000 ) ) ;
#2934 = CARTESIAN_POINT ( 'NONE',  ( 40.00000000000000000, -16.00000000000000000, 1.050000000000002265 ) ) ;
#2935 = DIRECTION ( 'NONE',  ( 0.000000000000000000, 0.000000000000000000, -1.000000000000000000 ) ) ;
#2936 = ORIENTED_EDGE ( 'NONE', *, *, #3503, .F. ) ;
#2937 = CARTESIAN_POINT ( 'NONE',  ( -25.99999999999999645, 0.000000000000000000, -46.69999999999999574 ) ) ;
#2938 = ORIENTED_EDGE ( 'NONE', *, *, #4451, .T. ) ;
#2939 = CARTESIAN_POINT ( 'NONE',  ( -37.00000000000000711, -23.30000000000000071, 41.49999999999998579 ) ) ;
#2940 = DIRECTION ( 'NONE',  ( 0.000000000000000000, 0.000000000000000000, -1.000000000000000000 ) ) ;
#2941 = VECTOR ( 'NONE', #3823, 1000.000000000000000 ) ;
#2942 = DIRECTION ( 'NONE',  ( 0.000000000000000000, 0.000000000000000000, 1.000000000000000000 ) ) ;
#2943 = ORIENTED_EDGE ( 'NONE', *, *, #4472, .T. ) ;
#2944 = ORIENTED_EDGE ( 'NONE', *, *, #3247, .F. ) ;
#2945 = EDGE_CURVE ( 'NONE', #579, #661, #4277, .T. ) ;
#2946 = EDGE_CURVE ( 'NONE', #4721, #2332, #3155, .T. ) ;
#2947 = LINE ( 'NONE', #4420, #3541 ) ;
#2948 = DIRECTION ( 'NONE',  ( -1.000000000000000000, -0.000000000000000000, -1.460819769243627377E-16 ) ) ;
#2949 = ORIENTED_EDGE ( 'NONE', *, *, #3305, .T. ) ;
#2950 = VERTEX_POINT ( 'NONE', #2751 ) ;
#2951 = EDGE_CURVE ( 'NONE', #4106, #1072, #4606, .T. ) ;
#2952 = LINE ( 'NONE', #3345, #140 ) ;
#2953 = CARTESIAN_POINT ( 'NONE',  ( -36.99999999999998579, -16.00000000000000000, -41.49999999999999289 ) ) ;
#2954 = CIRCLE ( 'NONE', #3889, 2.500000000000000000 ) ;
#2955 = DIRECTION ( 'NONE',  ( 1.000000000000000000, -0.000000000000000000, 0.000000000000000000 ) ) ;
#2956 = EDGE_LOOP ( 'NONE', ( #4193, #2740, #3143, #114, #4132, #1956, #4402, #3779 ) ) ;
#2957 = VECTOR ( 'NONE', #4787, 1000.000000000000000 ) ;
#2958 = CARTESIAN_POINT ( 'NONE',  ( 40.00000000000000000, -32.00000000000000000, 1.050000000000002265 ) ) ;
#2959 = LINE ( 'NONE', #2662, #4681 ) ;
#2960 = AXIS2_PLACEMENT_3D ( 'NONE', #897, #2317, #3885 ) ;
#2961 = VERTEX_POINT ( 'NONE', #4583 ) ;
#2962 = DIRECTION ( 'NONE',  ( 1.000000000000000000, -0.000000000000000000, 1.460819769243627131E-16 ) ) ;
#2963 = EDGE_LOOP ( 'NONE', ( #596, #2104, #2516, #3287 ) ) ;
#2964 = CARTESIAN_POINT ( 'NONE',  ( 44.49999999999999289, -32.00000000000000000, -44.50000000000000000 ) ) ;
#2965 = DIRECTION ( 'NONE',  ( 0.000000000000000000, 0.000000000000000000, -1.000000000000000000 ) ) ;
#2966 = EDGE_LOOP ( 'NONE', ( #4818, #1558, #2639, #1452 ) ) ;
#2967 = ORIENTED_EDGE ( 'NONE', *, *, #653, .T. ) ;
#2968 = LINE ( 'NONE', #2992, #4333 ) ;
#2969 = CARTESIAN_POINT ( 'NONE',  ( -36.99999999999999289, -16.00000000000000000, -39.50000000000000000 ) ) ;
#2970 = EDGE_CURVE ( 'NONE', #3555, #4046, #896, .T. ) ;
#2971 = ORIENTED_EDGE ( 'NONE', *, *, #543, .T. ) ;
#2972 = DIRECTION ( 'NONE',  ( 0.000000000000000000, 0.000000000000000000, -1.000000000000000000 ) ) ;
#2973 = FACE_OUTER_BOUND ( 'NONE', #1874, .T. ) ;
#2974 = EDGE_CURVE ( 'NONE', #2295, #3633, #872, .T. ) ;
#2975 = DIRECTION ( 'NONE',  ( 0.000000000000000000, 0.000000000000000000, -1.000000000000000000 ) ) ;
#2976 = EDGE_LOOP ( 'NONE', ( #3497, #2356, #2989, #3992 ) ) ;
#2977 = DIRECTION ( 'NONE',  ( 1.000000000000000000, 0.000000000000000000, -1.460819769243627131E-16 ) ) ;
#2978 = LINE ( 'NONE', #3401, #2083 ) ;
#2979 = ADVANCED_FACE ( 'NONE', ( #1279 ), #2028, .F. ) ;
#2980 = EDGE_LOOP ( 'NONE', ( #4614, #840, #2570, #3753 ) ) ;
#2981 = CARTESIAN_POINT ( 'NONE',  ( 40.00000000000000000, -32.00000000000000000, -38.94999999999999574 ) ) ;
#2982 = EDGE_LOOP ( 'NONE', ( #1845, #1304, #2241, #3257, #2632, #1687, #4685, #3595, #4322, #1229, #3596, #963, #2180, #4850, #1671, #3583, #335, #4550, #1058, #4545 ) ) ;
#2983 = DIRECTION ( 'NONE',  ( -1.460819769243627131E-16, 0.000000000000000000, 1.000000000000000000 ) ) ;
#2984 = VECTOR ( 'NONE', #1513, 1000.000000000000000 ) ;
#2985 = DIRECTION ( 'NONE',  ( -0.000000000000000000, 1.000000000000000000, -0.000000000000000000 ) ) ;
#2986 = DIRECTION ( 'NONE',  ( 0.000000000000000000, 0.000000000000000000, 1.000000000000000000 ) ) ;
#2987 = ORIENTED_EDGE ( 'NONE', *, *, #1441, .F. ) ;
#2988 = FACE_OUTER_BOUND ( 'NONE', #4512, .T. ) ;
#2989 = ORIENTED_EDGE ( 'NONE', *, *, #252, .T. ) ;
#2990 = VECTOR ( 'NONE', #4020, 1000.000000000000000 ) ;
#2991 = AXIS2_PLACEMENT_3D ( 'NONE', #1709, #970, #4701 ) ;
#2992 = CARTESIAN_POINT ( 'NONE',  ( -47.30000000000000426, -24.00000000000000000, 35.99999999999999289 ) ) ;
#2993 = LINE ( 'NONE', #1537, #1313 ) ;
#2994 = AXIS2_PLACEMENT_3D ( 'NONE', #1239, #1573, #3846 ) ;
#2995 = EDGE_LOOP ( 'NONE', ( #3314, #297, #1982, #831 ) ) ;
#2996 = EDGE_CURVE ( 'NONE', #2325, #907, #2450, .T. ) ;
#2997 = DIRECTION ( 'NONE',  ( -1.000000000000000000, -0.000000000000000000, 1.460819769243627131E-16 ) ) ;
#2998 = AXIS2_PLACEMENT_3D ( 'NONE', #2633, #3763, #4080 ) ;
#2999 = FACE_BOUND ( 'NONE', #4440, .T. ) ;
#3000 = CARTESIAN_POINT ( 'NONE',  ( 39.50000000000000000, 0.000000000000000000, 37.00000000000000711 ) ) ;
#3001 = ORIENTED_EDGE ( 'NONE', *, *, #518, .T. ) ;
#3002 = AXIS2_PLACEMENT_3D ( 'NONE', #2258, #3020, #3386 ) ;
#3003 = EDGE_CURVE ( 'NONE', #4001, #3359, #2142, .T. ) ;
#3004 = CARTESIAN_POINT ( 'NONE',  ( 41.49999999999999289, -16.00000000000000000, 2.500000000000000000 ) ) ;
#3005 = DIRECTION ( 'NONE',  ( 0.000000000000000000, 0.000000000000000000, 1.000000000000000000 ) ) ;
#3006 = CIRCLE ( 'NONE', #1583, 2.000000000000001776 ) ;
#3007 = CARTESIAN_POINT ( 'NONE',  ( -43.50000000000000000, -16.00000000000000000, -34.99999999999999289 ) ) ;
#3008 = VERTEX_POINT ( 'NONE', #2800 ) ;
#3009 = CARTESIAN_POINT ( 'NONE',  ( 43.50000000000000000, 0.000000000000000000, 39.99999999999999289 ) ) ;
#3010 = ORIENTED_EDGE ( 'NONE', *, *, #2578, .T. ) ;
#3011 = CARTESIAN_POINT ( 'NONE',  ( -39.50000000000000000, -23.30000000000000071, 0.000000000000000000 ) ) ;
#3012 = AXIS2_PLACEMENT_3D ( 'NONE', #3928, #3839, #542 ) ;
#3013 = ADVANCED_FACE ( 'NONE', ( #4300 ), #915, .T. ) ;
#3014 = DIRECTION ( 'NONE',  ( 1.000000000000000000, 0.000000000000000000, -1.067522139062649685E-15 ) ) ;
#3015 = PLANE ( 'NONE',  #2600 ) ;
#3016 = VECTOR ( 'NONE', #419, 1000.000000000000000 ) ;
#3017 = VERTEX_POINT ( 'NONE', #1567 ) ;
#3018 = FACE_OUTER_BOUND ( 'NONE', #1472, .T. ) ;
#3019 = EDGE_LOOP ( 'NONE', ( #3800, #2803, #1186, #3249 ) ) ;
#3020 = DIRECTION ( 'NONE',  ( -0.000000000000000000, 1.000000000000000000, -0.000000000000000000 ) ) ;
#3021 = LINE ( 'NONE', #4153, #2824 ) ;
#3022 = ORIENTED_EDGE ( 'NONE', *, *, #2371, .F. ) ;
#3023 = DIRECTION ( 'NONE',  ( 0.000000000000000000, 0.000000000000000000, -1.000000000000000000 ) ) ;
#3024 = PLANE ( 'NONE',  #236 ) ;
#3025 = DIRECTION ( 'NONE',  ( 0.000000000000000000, 0.000000000000000000, -1.000000000000000000 ) ) ;
#3026 = EDGE_LOOP ( 'NONE', ( #4202, #3793, #4744, #1636, #4796, #3493 ) ) ;
#3027 = VECTOR ( 'NONE', #1218, 1000.000000000000000 ) ;
#3028 = CARTESIAN_POINT ( 'NONE',  ( 44.49999999999998579, 1.000000000000000000, -46.70000000000000995 ) ) ;
#3029 = DIRECTION ( 'NONE',  ( 0.000000000000000000, 0.000000000000000000, -1.000000000000000000 ) ) ;
#3030 = DIRECTION ( 'NONE',  ( -0.000000000000000000, 1.000000000000000000, -0.000000000000000000 ) ) ;
#3031 = ORIENTED_EDGE ( 'NONE', *, *, #1262, .T. ) ;
#3032 = DIRECTION ( 'NONE',  ( 2.011273595335428819E-16, -0.000000000000000000, -1.000000000000000000 ) ) ;
#3033 = EDGE_CURVE ( 'NONE', #461, #1870, #476, .T. ) ;
#3034 = ORIENTED_EDGE ( 'NONE', *, *, #2649, .T. ) ;
#3035 = DIRECTION ( 'NONE',  ( -0.000000000000000000, 1.000000000000000000, -0.000000000000000000 ) ) ;
#3036 = EDGE_CURVE ( 'NONE', #1815, #3455, #3272, .T. ) ;
#3037 = FACE_OUTER_BOUND ( 'NONE', #2976, .T. ) ;
#3038 = EDGE_LOOP ( 'NONE', ( #3325, #1461, #1028, #2676 ) ) ;
#3039 = CARTESIAN_POINT ( 'NONE',  ( 39.50000000000000000, -16.00000000000000000, 37.00000000000000711 ) ) ;
#3040 = ADVANCED_FACE ( 'NONE', ( #2187 ), #1734, .F. ) ;
#3041 = ORIENTED_EDGE ( 'NONE', *, *, #1762, .T. ) ;
#3042 = ADVANCED_FACE ( 'NONE', ( #2108 ), #2162, .F. ) ;
#3043 = DIRECTION ( 'NONE',  ( 1.000000000000000000, 0.000000000000000000, 0.000000000000000000 ) ) ;
#3044 = FACE_OUTER_BOUND ( 'NONE', #904, .T. ) ;
#3045 = EDGE_CURVE ( 'NONE', #2332, #2014, #2929, .T. ) ;
#3046 = VERTEX_POINT ( 'NONE', #1302 ) ;
#3047 = LINE ( 'NONE', #3098, #4493 ) ;
#3048 = DIRECTION ( 'NONE',  ( 0.000000000000000000, -1.000000000000000000, 0.000000000000000000 ) ) ;
#3049 = DIRECTION ( 'NONE',  ( -0.000000000000000000, -0.000000000000000000, 1.000000000000000000 ) ) ;
#3050 = VERTEX_POINT ( 'NONE', #3244 ) ;
#3051 = CARTESIAN_POINT ( 'NONE',  ( 39.50000000000000000, -16.00000000000000000, -2.500000000000000000 ) ) ;
#3052 = DIRECTION ( 'NONE',  ( -1.000000000000000000, 0.000000000000000000, 1.559302000878028960E-16 ) ) ;
#3053 = ORIENTED_EDGE ( 'NONE', *, *, #3762, .T. ) ;
#3054 = CARTESIAN_POINT ( 'NONE',  ( -43.50000000000000000, -16.00000000000000000, 43.50000000000000000 ) ) ;
#3055 = ORIENTED_EDGE ( 'NONE', *, *, #1160, .T. ) ;
#3056 = CARTESIAN_POINT ( 'NONE',  ( 44.49999999999998579, 1.000000000000000000, -46.70000000000000995 ) ) ;
#3057 = CARTESIAN_POINT ( 'NONE',  ( -43.49999999999999289, -16.00000000000000000, -34.99999999999999289 ) ) ;
#3058 = ADVANCED_FACE ( 'NONE', ( #673 ), #1706, .F. ) ;
#3059 = ORIENTED_EDGE ( 'NONE', *, *, #2996, .F. ) ;
#3060 = DIRECTION ( 'NONE',  ( 0.000000000000000000, -1.000000000000000000, 0.000000000000000000 ) ) ;
#3061 = ORIENTED_EDGE ( 'NONE', *, *, #3507, .F. ) ;
#3062 = AXIS2_PLACEMENT_3D ( 'NONE', #2184, #3642, #248 ) ;
#3063 = EDGE_LOOP ( 'NONE', ( #3996, #1165 ) ) ;
#3064 = EDGE_CURVE ( 'NONE', #1757, #4001, #2559, .T. ) ;
#3065 = CARTESIAN_POINT ( 'NONE',  ( 44.49999999999998579, 1.000000000000000000, -46.70000000000001705 ) ) ;
#3066 = VECTOR ( 'NONE', #1826, 1000.000000000000000 ) ;
#3067 = CARTESIAN_POINT ( 'NONE',  ( 40.00000000000000000, -16.00000000000000000, -40.00000000000000000 ) ) ;
#3068 = ORIENTED_EDGE ( 'NONE', *, *, #864, .T. ) ;
#3069 = AXIS2_PLACEMENT_3D ( 'NONE', #4822, #1428, #2940 ) ;
#3070 = AXIS2_PLACEMENT_3D ( 'NONE', #126, #455, #3145 ) ;
#3071 = EDGE_CURVE ( 'NONE', #1047, #2260, #1361, .T. ) ;
#3072 = DIRECTION ( 'NONE',  ( 1.000000000000000000, -0.000000000000000000, -0.000000000000000000 ) ) ;
#3073 = CARTESIAN_POINT ( 'NONE',  ( 41.49999999999999289, -23.30000000000000071, 35.00000000000000000 ) ) ;
#3074 = CIRCLE ( 'NONE', #3465, 3.500000000000003109 ) ;
#3075 = VECTOR ( 'NONE', #1721, 1000.000000000000000 ) ;
#3076 = LINE ( 'NONE', #1938, #1278 ) ;
#3077 = EDGE_LOOP ( 'NONE', ( #3343, #4660, #4559, #1108 ) ) ;
#3078 = CIRCLE ( 'NONE', #3711, 2.000000000000008882 ) ;
#3079 = CARTESIAN_POINT ( 'NONE',  ( 47.29999999999999005, -13.99999999999998934, -35.00000000000000711 ) ) ;
#3080 = CIRCLE ( 'NONE', #2216, 3.500000000000003109 ) ;
#3081 = ORIENTED_EDGE ( 'NONE', *, *, #1769, .F. ) ;
#3082 = FACE_OUTER_BOUND ( 'NONE', #2414, .T. ) ;
#3083 = ORIENTED_EDGE ( 'NONE', *, *, #1396, .F. ) ;
#3084 = CARTESIAN_POINT ( 'NONE',  ( -44.50000000000001421, 1.000000000000000000, -47.50000000000001421 ) ) ;
#3085 = PLANE ( 'NONE',  #700 ) ;
#3086 = AXIS2_PLACEMENT_3D ( 'NONE', #1789, #2115, #2464 ) ;
#3087 = ORIENTED_EDGE ( 'NONE', *, *, #2782, .F. ) ;
#3088 = LINE ( 'NONE', #4201, #3016 ) ;
#3089 = AXIS2_PLACEMENT_3D ( 'NONE', #3740, #694, #725 ) ;
#3090 = EDGE_LOOP ( 'NONE', ( #2234, #1628 ) ) ;
#3091 = DIRECTION ( 'NONE',  ( 0.000000000000000000, 0.000000000000000000, -1.000000000000000000 ) ) ;
#3092 = VECTOR ( 'NONE', #2441, 1000.000000000000000 ) ;
#3093 = DIRECTION ( 'NONE',  ( 0.000000000000000000, 1.000000000000000000, 0.000000000000000000 ) ) ;
#3094 = VERTEX_POINT ( 'NONE', #4005 ) ;
#3095 = EDGE_CURVE ( 'NONE', #4891, #4766, #624, .T. ) ;
#3096 = AXIS2_PLACEMENT_3D ( 'NONE', #2093, #1344, #4362 ) ;
#3097 = EDGE_CURVE ( 'NONE', #1655, #135, #157, .T. ) ;
#3098 = CARTESIAN_POINT ( 'NONE',  ( 23.99999999999999289, 0.000000000000000000, 47.50099999999999056 ) ) ;
#3099 = DIRECTION ( 'NONE',  ( -0.000000000000000000, -1.000000000000000000, -0.000000000000000000 ) ) ;
#3100 = EDGE_CURVE ( 'NONE', #4669, #3355, #277, .T. ) ;
#3101 = ORIENTED_EDGE ( 'NONE', *, *, #36, .T. ) ;
#3102 = CARTESIAN_POINT ( 'NONE',  ( 0.000000000000000000, -16.00000000000000000, 0.000000000000000000 ) ) ;
#3103 = PLANE ( 'NONE',  #3744 ) ;
#3104 = DIRECTION ( 'NONE',  ( -0.000000000000000000, -1.000000000000000000, -0.000000000000000000 ) ) ;
#3105 = ORIENTED_EDGE ( 'NONE', *, *, #1971, .T. ) ;
#3106 = CARTESIAN_POINT ( 'NONE',  ( 47.30000000000000426, -13.99999999999999822, 34.99999999999999289 ) ) ;
#3107 = CARTESIAN_POINT ( 'NONE',  ( -40.00000000000000000, -16.00000000000000000, 1.050000000000002265 ) ) ;
#3108 = AXIS2_PLACEMENT_3D ( 'NONE', #2584, #1490, #2264 ) ;
#3109 = ORIENTED_EDGE ( 'NONE', *, *, #797, .T. ) ;
#3110 = CARTESIAN_POINT ( 'NONE',  ( -47.50000000000000000, -4.000000000000000000, 36.00000000000000000 ) ) ;
#3111 = ORIENTED_EDGE ( 'NONE', *, *, #1187, .F. ) ;
#3112 = AXIS2_PLACEMENT_3D ( 'NONE', #477, #4585, #1964 ) ;
#3113 = CARTESIAN_POINT ( 'NONE',  ( 44.50000000000000000, -32.00000000000000000, 44.49999999999998579 ) ) ;
#3114 = ORIENTED_EDGE ( 'NONE', *, *, #4067, .T. ) ;
#3115 = CARTESIAN_POINT ( 'NONE',  ( 44.49999999999998579, 1.000000000000000000, -47.50000000000001421 ) ) ;
#3116 = DIRECTION ( 'NONE',  ( 1.000000000000000000, -0.000000000000000000, 1.460819769243627131E-16 ) ) ;
#3117 = EDGE_CURVE ( 'NONE', #4106, #162, #4725, .T. ) ;
#3118 = ORIENTED_EDGE ( 'NONE', *, *, #2073, .T. ) ;
#3119 = DIRECTION ( 'NONE',  ( 0.000000000000000000, -1.000000000000000000, 0.000000000000000000 ) ) ;
#3120 = EDGE_CURVE ( 'NONE', #4891, #3660, #3669, .T. ) ;
#3121 = DIRECTION ( 'NONE',  ( -0.000000000000000000, -1.000000000000000000, -0.000000000000000000 ) ) ;
#3122 = CARTESIAN_POINT ( 'NONE',  ( -47.49999999999998579, -3.999999999999991562, -36.00000000000001421 ) ) ;
#3123 = ORIENTED_EDGE ( 'NONE', *, *, #3340, .T. ) ;
#3124 = DIRECTION ( 'NONE',  ( 1.000000000000000000, -0.000000000000000000, 1.460819769243627131E-16 ) ) ;
#3125 = FACE_OUTER_BOUND ( 'NONE', #565, .T. ) ;
#3126 = ADVANCED_FACE ( 'NONE', ( #1333 ), #1415, .F. ) ;
#3127 = EDGE_LOOP ( 'NONE', ( #792, #4025, #3395, #4517 ) ) ;
#3128 = DIRECTION ( 'NONE',  ( 0.000000000000000000, -1.000000000000000000, 0.000000000000000000 ) ) ;
#3129 = ORIENTED_EDGE ( 'NONE', *, *, #1327, .T. ) ;
#3130 = CARTESIAN_POINT ( 'NONE',  ( 47.50000000000000000, -13.99999999999999822, 33.99999999999999289 ) ) ;
#3131 = ORIENTED_EDGE ( 'NONE', *, *, #3959, .T. ) ;
#3132 = CIRCLE ( 'NONE', #1483, 2.000000000000008882 ) ;
#3133 = DIRECTION ( 'NONE',  ( 1.000000000000000000, 0.000000000000000000, -1.460819769243627131E-16 ) ) ;
#3134 = CARTESIAN_POINT ( 'NONE',  ( -47.50000000000000000, -4.000000000000000000, 34.99999999999999289 ) ) ;
#3135 = VECTOR ( 'NONE', #4073, 1000.000000000000000 ) ;
#3136 = ORIENTED_EDGE ( 'NONE', *, *, #827, .T. ) ;
#3137 = CARTESIAN_POINT ( 'NONE',  ( -47.30000000000000426, -24.00000000000000000, 33.99999999999998579 ) ) ;
#3138 = EDGE_CURVE ( 'NONE', #2121, #1815, #4353, .T. ) ;
#3139 = VECTOR ( 'NONE', #1783, 1000.000000000000000 ) ;
#3140 = CARTESIAN_POINT ( 'NONE',  ( -47.30000000000000426, -24.00000000000000000, 35.99999999999999289 ) ) ;
#3141 = DIRECTION ( 'NONE',  ( -1.000000000000000000, 0.000000000000000000, -1.067522139062650869E-15 ) ) ;
#3142 = DIRECTION ( 'NONE',  ( 1.000000000000000000, 0.000000000000000000, -1.460819769243627131E-16 ) ) ;
#3143 = ORIENTED_EDGE ( 'NONE', *, *, #3827, .T. ) ;
#3144 = CIRCLE ( 'NONE', #1807, 3.500000000000003109 ) ;
#3145 = DIRECTION ( 'NONE',  ( -1.460819769243627131E-16, 0.000000000000000000, 1.000000000000000000 ) ) ;
#3146 = ADVANCED_FACE ( 'NONE', ( #4325 ), #3586, .F. ) ;
#3147 = ADVANCED_FACE ( 'NONE', ( #1019 ), #1784, .F. ) ;
#3148 = CARTESIAN_POINT ( 'NONE',  ( 39.50000000000000000, 0.000000000000000000, 0.000000000000000000 ) ) ;
#3149 = ORIENTED_EDGE ( 'NONE', *, *, #2404, .F. ) ;
#3150 = LINE ( 'NONE', #505, #3945 ) ;
#3151 = VERTEX_POINT ( 'NONE', #4060 ) ;
#3152 = ADVANCED_FACE ( 'NONE', ( #4470, #1088 ), #4552, .F. ) ;
#3153 = CIRCLE ( 'NONE', #868, 1.000000000000000888 ) ;
#3154 = LINE ( 'NONE', #2788, #374 ) ;
#3155 = CIRCLE ( 'NONE', #4581, 2.000000000000001776 ) ;
#3156 = DIRECTION ( 'NONE',  ( 0.000000000000000000, -1.000000000000000000, 0.000000000000000000 ) ) ;
#3157 = ORIENTED_EDGE ( 'NONE', *, *, #770, .F. ) ;
#3158 = PLANE ( 'NONE',  #3785 ) ;
#3159 = CARTESIAN_POINT ( 'NONE',  ( 35.00000000000000000, -16.00000000000000000, 43.50000000000000000 ) ) ;
#3160 = AXIS2_PLACEMENT_3D ( 'NONE', #2051, #2078, #4747 ) ;
#3161 = VERTEX_POINT ( 'NONE', #4500 ) ;
#3162 = ORIENTED_EDGE ( 'NONE', *, *, #2287, .F. ) ;
#3163 = AXIS2_PLACEMENT_3D ( 'NONE', #4090, #1869, #13 ) ;
#3164 = CARTESIAN_POINT ( 'NONE',  ( 35.00000000000000000, -16.00000000000000000, 41.49999999999999289 ) ) ;
#3165 = DIRECTION ( 'NONE',  ( 1.559302000878028960E-16, -0.000000000000000000, 1.000000000000000000 ) ) ;
#3166 = VERTEX_POINT ( 'NONE', #4881 ) ;
#3167 = DIRECTION ( 'NONE',  ( -1.559302000878028960E-16, 0.000000000000000000, -1.000000000000000000 ) ) ;
#3168 = LINE ( 'NONE', #110, #1642 ) ;
#3169 = DIRECTION ( 'NONE',  ( 0.000000000000000000, -1.000000000000000000, 0.000000000000000000 ) ) ;
#3170 = EDGE_CURVE ( 'NONE', #3633, #2014, #1443, .T. ) ;
#3171 = ORIENTED_EDGE ( 'NONE', *, *, #4576, .T. ) ;
#3172 = CYLINDRICAL_SURFACE ( 'NONE', #2461, 1.000000000000000888 ) ;
#3173 = ORIENTED_EDGE ( 'NONE', *, *, #982, .F. ) ;
#3174 = ORIENTED_EDGE ( 'NONE', *, *, #864, .F. ) ;
#3175 = VECTOR ( 'NONE', #2361, 1000.000000000000000 ) ;
#3176 = FACE_OUTER_BOUND ( 'NONE', #2663, .T. ) ;
#3177 = EDGE_CURVE ( 'NONE', #1072, #2950, #3346, .T. ) ;
#3178 = ADVANCED_FACE ( 'NONE', ( #2999, #2607, #4453, #4109, #1115, #4861, #1162 ), #3391, .T. ) ;
#3179 = CARTESIAN_POINT ( 'NONE',  ( -43.49999999999999289, -23.30000000000000071, -39.99999999999999289 ) ) ;
#3180 = ORIENTED_EDGE ( 'NONE', *, *, #401, .T. ) ;
#3181 = AXIS2_PLACEMENT_3D ( 'NONE', #334, #1921, #3426 ) ;
#3182 = CARTESIAN_POINT ( 'NONE',  ( -43.50000000000000000, -16.00000000000000000, 34.99999999999999289 ) ) ;
#3183 = CARTESIAN_POINT ( 'NONE',  ( -40.00000000000000000, -23.30000000000000071, -1.050000000000002265 ) ) ;
#3184 = ADVANCED_FACE ( 'NONE', ( #2973, #2634 ), #2263, .F. ) ;
#3185 = ORIENTED_EDGE ( 'NONE', *, *, #548, .T. ) ;
#3186 = EDGE_LOOP ( 'NONE', ( #4542, #3174, #2448, #4031 ) ) ;
#3187 = CARTESIAN_POINT ( 'NONE',  ( 44.49999999999999289, 0.000000000000000000, 44.50000000000000000 ) ) ;
#3188 = CARTESIAN_POINT ( 'NONE',  ( 43.50000000000000000, -23.30000000000000071, -37.00000000000000000 ) ) ;
#3189 = DIRECTION ( 'NONE',  ( 0.000000000000000000, 0.000000000000000000, -1.000000000000000000 ) ) ;
#3190 = ORIENTED_EDGE ( 'NONE', *, *, #614, .T. ) ;
#3191 = CYLINDRICAL_SURFACE ( 'NONE', #3531, 1.000000000000000888 ) ;
#3192 = CARTESIAN_POINT ( 'NONE',  ( 44.49999999999998579, -31.00000000000000000, -46.50000000000002842 ) ) ;
#3193 = DIRECTION ( 'NONE',  ( -1.000000000000000000, 0.000000000000000000, -0.000000000000000000 ) ) ;
#3194 = DIRECTION ( 'NONE',  ( -1.000000000000000000, -0.000000000000000000, -1.460819769243627377E-16 ) ) ;
#3195 = ORIENTED_EDGE ( 'NONE', *, *, #3117, .F. ) ;
#3196 = FACE_BOUND ( 'NONE', #4458, .T. ) ;
#3197 = ORIENTED_EDGE ( 'NONE', *, *, #2890, .T. ) ;
#3198 = ORIENTED_EDGE ( 'NONE', *, *, #4035, .F. ) ;
#3199 = EDGE_CURVE ( 'NONE', #3303, #3094, #2682, .T. ) ;
#3200 = CARTESIAN_POINT ( 'NONE',  ( 39.99999999999999289, 0.000000000000000000, 39.99999999999999289 ) ) ;
#3201 = DIRECTION ( 'NONE',  ( 0.000000000000000000, 0.000000000000000000, -1.000000000000000000 ) ) ;
#3202 = ORIENTED_EDGE ( 'NONE', *, *, #1604, .F. ) ;
#3203 = ADVANCED_FACE ( 'NONE', ( #750 ), #4185, .F. ) ;
#3204 = LINE ( 'NONE', #3604, #4733 ) ;
#3205 = CARTESIAN_POINT ( 'NONE',  ( 44.49999999999998579, -31.00000000000000000, -46.50000000000001421 ) ) ;
#3206 = ORIENTED_EDGE ( 'NONE', *, *, #4182, .F. ) ;
#3207 = VERTEX_POINT ( 'NONE', #1485 ) ;
#3208 = CARTESIAN_POINT ( 'NONE',  ( 37.00000000000000000, -16.00000000000000000, -41.49999999999999289 ) ) ;
#3209 = EDGE_CURVE ( 'NONE', #4150, #1068, #3764, .T. ) ;
#3210 = LINE ( 'NONE', #2503, #1889 ) ;
#3211 = EDGE_LOOP ( 'NONE', ( #1922, #491, #2418, #3865 ) ) ;
#3212 = CARTESIAN_POINT ( 'NONE',  ( 37.00000000000000000, -16.00000000000000000, 41.49999999999999289 ) ) ;
#3213 = AXIS2_PLACEMENT_3D ( 'NONE', #530, #2521, #958 ) ;
#3214 = FACE_BOUND ( 'NONE', #4481, .T. ) ;
#3215 = ORIENTED_EDGE ( 'NONE', *, *, #3820, .F. ) ;
#3216 = CARTESIAN_POINT ( 'NONE',  ( -40.00000000000000000, 0.000000000000000000, 39.99999999999998579 ) ) ;
#3217 = AXIS2_PLACEMENT_3D ( 'NONE', #4049, #4516, #2229 ) ;
#3218 = CIRCLE ( 'NONE', #1241, 1.000000000000000888 ) ;
#3219 = LINE ( 'NONE', #974, #2127 ) ;
#3220 = CARTESIAN_POINT ( 'NONE',  ( -46.50000000000001421, -31.00000000000000000, -44.50000000000001421 ) ) ;
#3221 = LINE ( 'NONE', #3302, #1213 ) ;
#3222 = VECTOR ( 'NONE', #946, 1000.000000000000000 ) ;
#3223 = ORIENTED_EDGE ( 'NONE', *, *, #4154, .F. ) ;
#3224 = CARTESIAN_POINT ( 'NONE',  ( 41.49999999999999289, 0.000000000000000000, 4.500000000000000888 ) ) ;
#3225 = ORIENTED_EDGE ( 'NONE', *, *, #2098, .T. ) ;
#3226 = ORIENTED_EDGE ( 'NONE', *, *, #1155, .T. ) ;
#3227 = DIRECTION ( 'NONE',  ( 1.000000000000000000, -0.000000000000000000, -1.460819769243627377E-16 ) ) ;
#3228 = DIRECTION ( 'NONE',  ( 0.000000000000000000, -1.000000000000000000, 0.000000000000000000 ) ) ;
#3229 = LINE ( 'NONE', #4743, #3851 ) ;
#3230 = CIRCLE ( 'NONE', #396, 1.550000000000002709 ) ;
#3231 = ORIENTED_EDGE ( 'NONE', *, *, #188, .T. ) ;
#3232 = CARTESIAN_POINT ( 'NONE',  ( 46.50000000000000000, -32.00000000000000000, 44.49999999999998579 ) ) ;
#3233 = AXIS2_PLACEMENT_3D ( 'NONE', #4359, #4760, #4786 ) ;
#3234 = CARTESIAN_POINT ( 'NONE',  ( -36.99999999999999289, -23.30000000000000071, -39.50000000000000000 ) ) ;
#3235 = ADVANCED_FACE ( 'NONE', ( #1517 ), #3024, .F. ) ;
#3236 = VERTEX_POINT ( 'NONE', #773 ) ;
#3237 = EDGE_CURVE ( 'NONE', #2201, #2597, #4837, .T. ) ;
#3238 = ORIENTED_EDGE ( 'NONE', *, *, #3270, .F. ) ;
#3239 = VECTOR ( 'NONE', #2239, 1000.000000000000000 ) ;
#3240 = DIRECTION ( 'NONE',  ( 1.000000000000000000, 0.000000000000000000, -1.460819769243627131E-16 ) ) ;
#3241 = MANIFOLD_SOLID_BREP ( 'Mirror1', #2204 ) ;
#3242 = DIRECTION ( 'NONE',  ( 0.000000000000000000, -1.000000000000000000, 0.000000000000000000 ) ) ;
#3243 = VERTEX_POINT ( 'NONE', #4579 ) ;
#3244 = CARTESIAN_POINT ( 'NONE',  ( -46.50000000000002132, -32.00000000000000000, -44.50000000000001421 ) ) ;
#3245 = AXIS2_PLACEMENT_3D ( 'NONE', #1011, #564, #615 ) ;
#3246 = EDGE_CURVE ( 'NONE', #4524, #1145, #1427, .T. ) ;
#3247 = EDGE_CURVE ( 'NONE', #2256, #1881, #4264, .T. ) ;
#3248 = CYLINDRICAL_SURFACE ( 'NONE', #25, 2.500000000000000000 ) ;
#3249 = ORIENTED_EDGE ( 'NONE', *, *, #2368, .F. ) ;
#3250 = DIRECTION ( 'NONE',  ( 0.000000000000000000, 0.000000000000000000, 1.000000000000000000 ) ) ;
#3251 = AXIS2_PLACEMENT_3D ( 'NONE', #2174, #1792, #2864 ) ;
#3252 = DIRECTION ( 'NONE',  ( 1.460819769243627131E-16, 0.000000000000000000, 1.000000000000000000 ) ) ;
#3253 = CARTESIAN_POINT ( 'NONE',  ( 23.99999999999999645, -16.39999999999999858, -43.50000000000000000 ) ) ;
#3254 = LINE ( 'NONE', #282, #1848 ) ;
#3255 = EDGE_LOOP ( 'NONE', ( #283, #506, #2202, #4803 ) ) ;
#3256 = CARTESIAN_POINT ( 'NONE',  ( 22.00000000000000000, -14.39999999999999858, -43.50000000000000000 ) ) ;
#3257 = ORIENTED_EDGE ( 'NONE', *, *, #43, .T. ) ;
#3258 = ORIENTED_EDGE ( 'NONE', *, *, #4471, .T. ) ;
#3259 = CARTESIAN_POINT ( 'NONE',  ( 47.49999999999998579, -3.999999999999991562, -35.00000000000000711 ) ) ;
#3260 = CYLINDRICAL_SURFACE ( 'NONE', #298, 1.000000000000000888 ) ;
#3261 = DIRECTION ( 'NONE',  ( -0.000000000000000000, 1.000000000000000000, -0.000000000000000000 ) ) ;
#3262 = VERTEX_POINT ( 'NONE', #4229 ) ;
#3263 = AXIS2_PLACEMENT_3D ( 'NONE', #353, #676, #4111 ) ;
#3264 = CARTESIAN_POINT ( 'NONE',  ( 40.00000000000000000, -32.00000000000000000, -40.00000000000000000 ) ) ;
#3265 = PLANE ( 'NONE',  #4344 ) ;
#3266 = VECTOR ( 'NONE', #2685, 1000.000000000000000 ) ;
#3267 = VERTEX_POINT ( 'NONE', #1937 ) ;
#3268 = DIRECTION ( 'NONE',  ( 1.000000000000000000, -0.000000000000000000, 1.460819769243627131E-16 ) ) ;
#3269 = AXIS2_PLACEMENT_3D ( 'NONE', #1334, #992, #3955 ) ;
#3270 = EDGE_CURVE ( 'NONE', #1034, #162, #2381, .T. ) ;
#3271 = CARTESIAN_POINT ( 'NONE',  ( 37.00000000000000000, -32.00000000000000000, -43.50000000000000000 ) ) ;
#3272 = LINE ( 'NONE', #2084, #3641 ) ;
#3273 = CARTESIAN_POINT ( 'NONE',  ( -40.00000000000000000, -32.00000000000000000, 43.49999999999999289 ) ) ;
#3274 = ORIENTED_EDGE ( 'NONE', *, *, #2861, .F. ) ;
#3275 = CARTESIAN_POINT ( 'NONE',  ( 44.49999999999998579, -32.00000000000000000, -46.50000000000002842 ) ) ;
#3276 = EDGE_CURVE ( 'NONE', #978, #4695, #1659, .T. ) ;
#3277 = LINE ( 'NONE', #2088, #2363 ) ;
#3278 = CARTESIAN_POINT ( 'NONE',  ( 47.50000000000000000, -31.00000000000000000, 44.49999999999998579 ) ) ;
#3279 = PLANE ( 'NONE',  #2168 ) ;
#3280 = EDGE_LOOP ( 'NONE', ( #3569, #3306, #3053, #4628, #296, #1542, #263, #2302, #2489, #2466, #2345, #4460 ) ) ;
#3281 = DIRECTION ( 'NONE',  ( 0.000000000000000000, 1.000000000000000000, 0.000000000000000000 ) ) ;
#3282 = VERTEX_POINT ( 'NONE', #2006 ) ;
#3283 = ORIENTED_EDGE ( 'NONE', *, *, #1101, .F. ) ;
#3284 = EDGE_CURVE ( 'NONE', #3734, #781, #2769, .T. ) ;
#3285 = CARTESIAN_POINT ( 'NONE',  ( 40.00000000000000000, -23.30000000000000071, -40.00000000000000000 ) ) ;
#3286 = CARTESIAN_POINT ( 'NONE',  ( 46.69999999999999574, 1.000000000000000000, 44.49999999999998579 ) ) ;
#3287 = ORIENTED_EDGE ( 'NONE', *, *, #942, .F. ) ;
#3288 = ORIENTED_EDGE ( 'NONE', *, *, #3675, .T. ) ;
#3289 = CARTESIAN_POINT ( 'NONE',  ( 44.50000000000000000, -31.00000000000000000, 44.49999999999998579 ) ) ;
#3290 = LINE ( 'NONE', #988, #2147 ) ;
#3291 = ORIENTED_EDGE ( 'NONE', *, *, #2122, .T. ) ;
#3292 = EDGE_LOOP ( 'NONE', ( #2231, #4000 ) ) ;
#3293 = CYLINDRICAL_SURFACE ( 'NONE', #2026, 1.000000000000000888 ) ;
#3294 = CARTESIAN_POINT ( 'NONE',  ( -23.99999999999999289, -16.39999999999999858, -46.50000000000001421 ) ) ;
#3295 = AXIS2_PLACEMENT_3D ( 'NONE', #1699, #4342, #2812 ) ;
#3296 = DIRECTION ( 'NONE',  ( 0.000000000000000000, 0.000000000000000000, -1.000000000000000000 ) ) ;
#3297 = EDGE_CURVE ( 'NONE', #1622, #2095, #4584, .T. ) ;
#3298 = VERTEX_POINT ( 'NONE', #845 ) ;
#3299 = FACE_OUTER_BOUND ( 'NONE', #3606, .T. ) ;
#3300 = CIRCLE ( 'NONE', #1402, 1.000000000000000888 ) ;
#3301 = DIRECTION ( 'NONE',  ( 0.000000000000000000, -1.000000000000000000, 0.000000000000000000 ) ) ;
#3302 = CARTESIAN_POINT ( 'NONE',  ( 37.00000000000000000, -23.30000000000000071, 43.50000000000000000 ) ) ;
#3303 = VERTEX_POINT ( 'NONE', #2402 ) ;
#3304 = DIRECTION ( 'NONE',  ( 1.000000000000000000, -0.000000000000000000, -1.460819769243627377E-16 ) ) ;
#3305 = EDGE_CURVE ( 'NONE', #3931, #3282, #1340, .T. ) ;
#3306 = ORIENTED_EDGE ( 'NONE', *, *, #4212, .F. ) ;
#3307 = VECTOR ( 'NONE', #3704, 1000.000000000000000 ) ;
#3308 = VECTOR ( 'NONE', #338, 1000.000000000000000 ) ;
#3309 = CARTESIAN_POINT ( 'NONE',  ( -40.00000000000000000, 0.000000000000000000, 39.99999999999998579 ) ) ;
#3310 = ADVANCED_FACE ( 'NONE', ( #2747 ), #51, .F. ) ;
#3311 = DIRECTION ( 'NONE',  ( -1.000000000000000000, 0.000000000000000000, -1.460819769243627131E-16 ) ) ;
#3312 = VECTOR ( 'NONE', #161, 1000.000000000000000 ) ;
#3313 = DIRECTION ( 'NONE',  ( 0.000000000000000000, -1.000000000000000000, 0.000000000000000000 ) ) ;
#3314 = ORIENTED_EDGE ( 'NONE', *, *, #1237, .F. ) ;
#3315 = EDGE_CURVE ( 'NONE', #2659, #73, #4742, .T. ) ;
#3316 = ORIENTED_EDGE ( 'NONE', *, *, #2497, .F. ) ;
#3317 = AXIS2_PLACEMENT_3D ( 'NONE', #1539, #1936, #3440 ) ;
#3318 = CARTESIAN_POINT ( 'NONE',  ( 44.49999999999999289, 0.000000000000000000, 46.04999999999999716 ) ) ;
#3319 = DIRECTION ( 'NONE',  ( 0.000000000000000000, 1.000000000000000000, 0.000000000000000000 ) ) ;
#3320 = CIRCLE ( 'NONE', #1579, 1.000000000000000888 ) ;
#3321 = ORIENTED_EDGE ( 'NONE', *, *, #188, .F. ) ;
#3322 = CIRCLE ( 'NONE', #4029, 1.000000000000000888 ) ;
#3323 = CARTESIAN_POINT ( 'NONE',  ( -44.50000000000001421, -31.00000000000000000, -44.50000000000001421 ) ) ;
#3324 = PLANE ( 'NONE',  #3970 ) ;
#3325 = ORIENTED_EDGE ( 'NONE', *, *, #4582, .F. ) ;
#3326 = DIRECTION ( 'NONE',  ( 1.559302000878028960E-16, 0.000000000000000000, -1.000000000000000000 ) ) ;
#3327 = AXIS2_PLACEMENT_3D ( 'NONE', #2648, #2300, #3434 ) ;
#3328 = DIRECTION ( 'NONE',  ( 0.000000000000000000, 0.000000000000000000, -1.000000000000000000 ) ) ;
#3329 = DIRECTION ( 'NONE',  ( 0.000000000000000000, -1.000000000000000000, 0.000000000000000000 ) ) ;
#3330 = ORIENTED_EDGE ( 'NONE', *, *, #3170, .T. ) ;
#3331 = LINE ( 'NONE', #3726, #812 ) ;
#3332 = AXIS2_PLACEMENT_3D ( 'NONE', #1146, #2617, #4165 ) ;
#3333 = EDGE_LOOP ( 'NONE', ( #2670, #363 ) ) ;
#3334 = LINE ( 'NONE', #360, #534 ) ;
#3335 = DIRECTION ( 'NONE',  ( 1.000000000000000000, 0.000000000000000000, -1.460819769243627131E-16 ) ) ;
#3336 = EDGE_CURVE ( 'NONE', #3151, #2221, #2307, .T. ) ;
#3337 = LINE ( 'NONE', #362, #4170 ) ;
#3338 = VERTEX_POINT ( 'NONE', #1191 ) ;
#3339 = ORIENTED_EDGE ( 'NONE', *, *, #287, .F. ) ;
#3340 = EDGE_CURVE ( 'NONE', #3473, #3166, #2624, .T. ) ;
#3341 = DIRECTION ( 'NONE',  ( 1.000000000000000000, -0.000000000000000000, -1.460819769243627377E-16 ) ) ;
#3342 = CARTESIAN_POINT ( 'NONE',  ( -23.99999999999999289, -18.39999999999999858, -46.50000000000001421 ) ) ;
#3343 = ORIENTED_EDGE ( 'NONE', *, *, #540, .F. ) ;
#3344 = EDGE_CURVE ( 'NONE', #448, #2866, #4602, .T. ) ;
#3345 = CARTESIAN_POINT ( 'NONE',  ( 46.50000000000000000, -32.00000000000000000, 44.49999999999998579 ) ) ;
#3346 = LINE ( 'NONE', #400, #2227 ) ;
#3347 = AXIS2_PLACEMENT_3D ( 'NONE', #4699, #1303, #3956 ) ;
#3348 = DIRECTION ( 'NONE',  ( -0.000000000000000000, 1.000000000000000000, -0.000000000000000000 ) ) ;
#3349 = ORIENTED_EDGE ( 'NONE', *, *, #766, .F. ) ;
#3350 = AXIS2_PLACEMENT_3D ( 'NONE', #1164, #52, #4406 ) ;
#3351 = CARTESIAN_POINT ( 'NONE',  ( 44.49999999999999289, -32.00000000000000000, -44.50000000000000000 ) ) ;
#3352 = CARTESIAN_POINT ( 'NONE',  ( 26.00000000000000711, 18.39999999999999858, -47.50000000000001421 ) ) ;
#3353 = ORIENTED_EDGE ( 'NONE', *, *, #3209, .F. ) ;
#3354 = LINE ( 'NONE', #2246, #4838 ) ;
#3355 = VERTEX_POINT ( 'NONE', #139 ) ;
#3356 = DIRECTION ( 'NONE',  ( 0.000000000000000000, 0.000000000000000000, -1.000000000000000000 ) ) ;
#3357 = PLANE ( 'NONE',  #1638 ) ;
#3358 = CARTESIAN_POINT ( 'NONE',  ( 47.29999999999999005, -23.99999999999999289, -35.00000000000000000 ) ) ;
#3359 = VERTEX_POINT ( 'NONE', #3159 ) ;
#3360 = DIRECTION ( 'NONE',  ( 0.000000000000000000, 0.000000000000000000, 1.000000000000000000 ) ) ;
#3361 = VERTEX_POINT ( 'NONE', #3814 ) ;
#3362 = ADVANCED_FACE ( 'NONE', ( #4248, #447 ), #3882, .F. ) ;
#3363 = DIRECTION ( 'NONE',  ( 0.000000000000000000, 0.000000000000000000, -1.000000000000000000 ) ) ;
#3364 = DIRECTION ( 'NONE',  ( 1.000000000000000000, 0.000000000000000000, -1.460819769243627131E-16 ) ) ;
#3365 = ORIENTED_EDGE ( 'NONE', *, *, #1489, .F. ) ;
#3366 = EDGE_CURVE ( 'NONE', #3359, #2692, #494, .T. ) ;
#3367 = CARTESIAN_POINT ( 'NONE',  ( 44.49999999999999289, 0.000000000000000000, -44.50000000000000000 ) ) ;
#3368 = DIRECTION ( 'NONE',  ( 0.000000000000000000, -1.000000000000000000, 0.000000000000000000 ) ) ;
#3369 = CARTESIAN_POINT ( 'NONE',  ( -39.99999999999998579, 0.000000000000000000, -39.99999999999999289 ) ) ;
#3370 = EDGE_CURVE ( 'NONE', #1204, #4392, #1627, .T. ) ;
#3371 = ORIENTED_EDGE ( 'NONE', *, *, #2287, .T. ) ;
#3372 = DIRECTION ( 'NONE',  ( -0.000000000000000000, 1.000000000000000000, -0.000000000000000000 ) ) ;
#3373 = FACE_OUTER_BOUND ( 'NONE', #2313, .T. ) ;
#3374 = ORIENTED_EDGE ( 'NONE', *, *, #777, .T. ) ;
#3375 = VERTEX_POINT ( 'NONE', #3554 ) ;
#3376 = LINE ( 'NONE', #2196, #1488 ) ;
#3377 = VECTOR ( 'NONE', #4856, 1000.000000000000000 ) ;
#3378 = CARTESIAN_POINT ( 'NONE',  ( -39.49999999999999289, -16.00000000000000000, -39.50000000000000000 ) ) ;
#3379 = CARTESIAN_POINT ( 'NONE',  ( -44.50000000000000000, 1.000000000000000000, 46.69999999999998153 ) ) ;
#3380 = ORIENTED_EDGE ( 'NONE', *, *, #280, .T. ) ;
#3381 = LINE ( 'NONE', #1532, #1345 ) ;
#3382 = PRODUCT_DEFINITION_CONTEXT ( 'detailed design', #292, 'design' ) ;
#3383 = ORIENTED_EDGE ( 'NONE', *, *, #4127, .F. ) ;
#3384 = CIRCLE ( 'NONE', #4010, 2.500000000000000000 ) ;
#3385 = VECTOR ( 'NONE', #1055, 1000.000000000000000 ) ;
#3386 = DIRECTION ( 'NONE',  ( 0.000000000000000000, 0.000000000000000000, -1.000000000000000000 ) ) ;
#3387 = DIRECTION ( 'NONE',  ( -1.067522139062650869E-15, 0.000000000000000000, 1.000000000000000000 ) ) ;
#3388 = VECTOR ( 'NONE', #4036, 1000.000000000000000 ) ;
#3389 = ORIENTED_EDGE ( 'NONE', *, *, #345, .F. ) ;
#3390 = CARTESIAN_POINT ( 'NONE',  ( -44.50000000000001421, -32.00000000000000000, 44.50000000000000000 ) ) ;
#3391 = PLANE ( 'NONE',  #325 ) ;
#3392 = EDGE_CURVE ( 'NONE', #2270, #4237, #1779, .T. ) ;
#3393 = EDGE_CURVE ( 'NONE', #3473, #2791, #3290, .T. ) ;
#3394 = DIRECTION ( 'NONE',  ( 1.460819769243627131E-16, 0.000000000000000000, -1.000000000000000000 ) ) ;
#3395 = ORIENTED_EDGE ( 'NONE', *, *, #128, .T. ) ;
#3396 = VECTOR ( 'NONE', #1183, 1000.000000000000000 ) ;
#3397 = CARTESIAN_POINT ( 'NONE',  ( 41.49999999999999289, -16.00000000000000000, 2.500000000000000000 ) ) ;
#3398 = ADVANCED_FACE ( 'NONE', ( #4316 ), #3976, .T. ) ;
#3399 = VECTOR ( 'NONE', #4865, 1000.000000000000000 ) ;
#3400 = EDGE_CURVE ( 'NONE', #661, #4537, #3721, .T. ) ;
#3401 = CARTESIAN_POINT ( 'NONE',  ( 35.00000000000000000, -23.30000000000000071, 43.50000000000000000 ) ) ;
#3402 = VERTEX_POINT ( 'NONE', #2130 ) ;
#3403 = DIRECTION ( 'NONE',  ( 0.000000000000000000, 0.000000000000000000, 1.000000000000000000 ) ) ;
#3404 = ORIENTED_EDGE ( 'NONE', *, *, #4793, .F. ) ;
#3405 = DIRECTION ( 'NONE',  ( -0.000000000000000000, 1.000000000000000000, -0.000000000000000000 ) ) ;
#3406 = AXIS2_PLACEMENT_3D ( 'NONE', #3134, #1212, #4642 ) ;
#3407 = LINE ( 'NONE', #3057, #1487 ) ;
#3408 = EDGE_CURVE ( 'NONE', #2961, #1194, #4661, .T. ) ;
#3409 = DIRECTION ( 'NONE',  ( 1.000000000000000000, 0.000000000000000000, -0.000000000000000000 ) ) ;
#3410 = CIRCLE ( 'NONE', #4266, 1.000000000000000888 ) ;
#3411 = ORIENTED_EDGE ( 'NONE', *, *, #2164, .T. ) ;
#3412 = CARTESIAN_POINT ( 'NONE',  ( -46.70000000000000995, 0.000000000000000000, -44.50000000000001421 ) ) ;
#3413 = VERTEX_POINT ( 'NONE', #1354 ) ;
#3414 = VECTOR ( 'NONE', #811, 1000.000000000000000 ) ;
#3415 = FACE_OUTER_BOUND ( 'NONE', #4885, .T. ) ;
#3416 = CARTESIAN_POINT ( 'NONE',  ( 44.49999999999998579, -31.00000000000000000, -44.50000000000001421 ) ) ;
#3417 = EDGE_LOOP ( 'NONE', ( #464, #1425 ) ) ;
#3418 = DIRECTION ( 'NONE',  ( -0.000000000000000000, -1.000000000000000000, -0.000000000000000000 ) ) ;
#3419 = FILL_AREA_STYLE ('',( #4081 ) ) ;
#3420 = DIRECTION ( 'NONE',  ( -0.000000000000000000, 1.000000000000000000, -0.000000000000000000 ) ) ;
#3421 = ORIENTED_EDGE ( 'NONE', *, *, #3393, .T. ) ;
#3422 = ADVANCED_FACE ( 'NONE', ( #3581, #1381 ), #3265, .T. ) ;
#3423 = AXIS2_PLACEMENT_3D ( 'NONE', #4255, #3886, #1943 ) ;
#3424 = CARTESIAN_POINT ( 'NONE',  ( 46.50000000000000000, -31.00000000000000000, 44.49999999999998579 ) ) ;
#3425 = CARTESIAN_POINT ( 'NONE',  ( -41.49999999999998579, -23.30000000000000071, -37.00000000000000000 ) ) ;
#3426 = DIRECTION ( 'NONE',  ( 0.000000000000000000, 0.000000000000000000, 1.000000000000000000 ) ) ;
#3427 = ORIENTED_EDGE ( 'NONE', *, *, #3724, .T. ) ;
#3428 = LINE ( 'NONE', #3054, #1195 ) ;
#3429 = VERTEX_POINT ( 'NONE', #3234 ) ;
#3430 = CARTESIAN_POINT ( 'NONE',  ( -47.29999999999999005, -3.999999999999991562, -35.00000000000000711 ) ) ;
#3431 = EDGE_CURVE ( 'NONE', #1286, #526, #536, .T. ) ;
#3432 = DIRECTION ( 'NONE',  ( 0.000000000000000000, 0.000000000000000000, -1.000000000000000000 ) ) ;
#3433 = EDGE_LOOP ( 'NONE', ( #1960, #4875 ) ) ;
#3434 = DIRECTION ( 'NONE',  ( 0.000000000000000000, 0.000000000000000000, -1.000000000000000000 ) ) ;
#3435 = VERTEX_POINT ( 'NONE', #2923 ) ;
#3436 = ADVANCED_FACE ( 'NONE', ( #2500 ), #4693, .F. ) ;
#3437 = CARTESIAN_POINT ( 'NONE',  ( 44.49999999999998579, -31.00000000000000000, -46.50000000000002842 ) ) ;
#3438 = LINE ( 'NONE', #2000, #4086 ) ;
#3439 = ORIENTED_EDGE ( 'NONE', *, *, #3237, .F. ) ;
#3440 = DIRECTION ( 'NONE',  ( 0.000000000000000000, 0.000000000000000000, 1.000000000000000000 ) ) ;
#3441 = CARTESIAN_POINT ( 'NONE',  ( -44.49999999999999289, 0.000000000000000000, -44.50000000000000000 ) ) ;
#3442 = DIRECTION ( 'NONE',  ( -0.000000000000000000, 1.000000000000000000, -0.000000000000000000 ) ) ;
#3443 = ORIENTED_EDGE ( 'NONE', *, *, #2470, .F. ) ;
#3444 = LINE ( 'NONE', #379, #3546 ) ;
#3445 = DIRECTION ( 'NONE',  ( 1.000000000000000000, 0.000000000000000000, -0.000000000000000000 ) ) ;
#3446 = EDGE_LOOP ( 'NONE', ( #810, #3665, #342, #4651 ) ) ;
#3447 = DIRECTION ( 'NONE',  ( 0.000000000000000000, 0.000000000000000000, -1.000000000000000000 ) ) ;
#3448 = ORIENTED_EDGE ( 'NONE', *, *, #1294, .F. ) ;
#3449 = FACE_OUTER_BOUND ( 'NONE', #683, .T. ) ;
#3450 = PLANE ( 'NONE',  #1013 ) ;
#3451 = ADVANCED_FACE ( 'NONE', ( #2476 ), #4373, .F. ) ;
#3452 = ORIENTED_EDGE ( 'NONE', *, *, #4479, .F. ) ;
#3453 = DIRECTION ( 'NONE',  ( 0.000000000000000000, -1.000000000000000000, -0.000000000000000000 ) ) ;
#3454 = EDGE_CURVE ( 'NONE', #4669, #1700, #1296, .T. ) ;
#3455 = VERTEX_POINT ( 'NONE', #4716 ) ;
#3456 = AXIS2_PLACEMENT_3D ( 'NONE', #515, #3951, #4722 ) ;
#3457 = DIRECTION ( 'NONE',  ( 0.000000000000000000, 0.000000000000000000, -1.000000000000000000 ) ) ;
#3458 = AXIS2_PLACEMENT_3D ( 'NONE', #4769, #2125, #3630 ) ;
#3459 = FACE_OUTER_BOUND ( 'NONE', #479, .T. ) ;
#3460 = EDGE_CURVE ( 'NONE', #666, #537, #962, .T. ) ;
#3461 = ORIENTED_EDGE ( 'NONE', *, *, #3843, .T. ) ;
#3462 = CIRCLE ( 'NONE', #2519, 1.550000000000002709 ) ;
#3463 = FACE_OUTER_BOUND ( 'NONE', #3677, .T. ) ;
#3464 = CARTESIAN_POINT ( 'NONE',  ( -44.50000000000001421, -32.00000000000000000, -47.50000000000001421 ) ) ;
#3465 = AXIS2_PLACEMENT_3D ( 'NONE', #2720, #836, #575 ) ;
#3466 = AXIS2_PLACEMENT_3D ( 'NONE', #237, #610, #931 ) ;
#3467 = EDGE_LOOP ( 'NONE', ( #4171, #4148, #7, #2813 ) ) ;
#3468 = CIRCLE ( 'NONE', #1574, 2.000000000000000000 ) ;
#3469 = CARTESIAN_POINT ( 'NONE',  ( 41.49999999999999289, -23.30000000000000071, -34.99999999999999289 ) ) ;
#3470 = DIRECTION ( 'NONE',  ( -0.000000000000000000, -1.000000000000000000, -0.000000000000000000 ) ) ;
#3471 = ORIENTED_EDGE ( 'NONE', *, *, #571, .T. ) ;
#3472 = LINE ( 'NONE', #3864, #4210 ) ;
#3473 = VERTEX_POINT ( 'NONE', #3183 ) ;
#3474 = FACE_OUTER_BOUND ( 'NONE', #2571, .T. ) ;
#3475 = CARTESIAN_POINT ( 'NONE',  ( 40.00000000000000000, -23.30000000000000071, 40.00000000000000000 ) ) ;
#3476 = CIRCLE ( 'NONE', #4189, 1.050000000000002265 ) ;
#3477 = ORIENTED_EDGE ( 'NONE', *, *, #2882, .F. ) ;
#3478 = CARTESIAN_POINT ( 'NONE',  ( -37.00000000000000000, 0.000000000000000000, 0.000000000000000000 ) ) ;
#3479 = EDGE_LOOP ( 'NONE', ( #165, #4684, #4655, #2686, #2025, #1448, #4828, #112 ) ) ;
#3480 = ADVANCED_FACE ( 'NONE', ( #3637 ), #2420, .F. ) ;
#3481 = FACE_BOUND ( 'NONE', #3433, .T. ) ;
#3482 = VECTOR ( 'NONE', #2354, 1000.000000000000000 ) ;
#3483 = CARTESIAN_POINT ( 'NONE',  ( -43.50000000000000000, -23.30000000000000071, -4.499999999999997335 ) ) ;
#3484 = ORIENTED_EDGE ( 'NONE', *, *, #4720, .F. ) ;
#3485 = CIRCLE ( 'NONE', #2311, 3.000000000000002665 ) ;
#3486 = EDGE_CURVE ( 'NONE', #2145, #4106, #2897, .T. ) ;
#3487 = CARTESIAN_POINT ( 'NONE',  ( -47.50000000000000000, -24.00000000000000000, 34.99999999999999289 ) ) ;
#3488 = ORIENTED_EDGE ( 'NONE', *, *, #608, .T. ) ;
#3489 = EDGE_CURVE ( 'NONE', #4046, #3931, #2528, .T. ) ;
#3490 = CARTESIAN_POINT ( 'NONE',  ( -25.99999999999999645, 1.000000000000000000, -44.50000000000001421 ) ) ;
#3491 = CARTESIAN_POINT ( 'NONE',  ( 37.00000000000000000, -16.00000000000000000, 43.50000000000000000 ) ) ;
#3492 = CARTESIAN_POINT ( 'NONE',  ( -40.00000000000000000, -32.00000000000000000, 38.94999999999999574 ) ) ;
#3493 = ORIENTED_EDGE ( 'NONE', *, *, #1358, .T. ) ;
#3494 = DIRECTION ( 'NONE',  ( 0.000000000000000000, -0.000000000000000000, -1.000000000000000000 ) ) ;
#3495 = DIRECTION ( 'NONE',  ( 0.000000000000000000, -1.000000000000000000, 0.000000000000000000 ) ) ;
#3496 = AXIS2_PLACEMENT_3D ( 'NONE', #3723, #3030, #4533 ) ;
#3497 = ORIENTED_EDGE ( 'NONE', *, *, #4317, .F. ) ;
#3498 = CARTESIAN_POINT ( 'NONE',  ( 23.99999999999998934, 16.40000000000000213, -43.50000000000000000 ) ) ;
#3499 = EDGE_LOOP ( 'NONE', ( #1433, #4386 ) ) ;
#3500 = ORIENTED_EDGE ( 'NONE', *, *, #4798, .F. ) ;
#3501 = CIRCLE ( 'NONE', #2329, 1.000000000000000888 ) ;
#3502 = DIRECTION ( 'NONE',  ( -1.000000000000000000, -0.000000000000000000, -1.460819769243627377E-16 ) ) ;
#3503 = EDGE_CURVE ( 'NONE', #1864, #2017, #406, .T. ) ;
#3504 = ORIENTED_EDGE ( 'NONE', *, *, #1661, .T. ) ;
#3505 = CARTESIAN_POINT ( 'NONE',  ( 46.69999999999999574, 0.000000000000000000, 44.49999999999998579 ) ) ;
#3506 = DIRECTION ( 'NONE',  ( 0.000000000000000000, 0.000000000000000000, -1.000000000000000000 ) ) ;
#3507 = EDGE_CURVE ( 'NONE', #3593, #2727, #4172, .T. ) ;
#3508 = EDGE_CURVE ( 'NONE', #3747, #587, #3733, .T. ) ;
#3509 = ORIENTED_EDGE ( 'NONE', *, *, #3454, .T. ) ;
#3510 = ORIENTED_EDGE ( 'NONE', *, *, #3600, .F. ) ;
#3511 = PLANE ( 'NONE',  #154 ) ;
#3512 = FACE_OUTER_BOUND ( 'NONE', #3467, .T. ) ;
#3513 = EDGE_CURVE ( 'NONE', #601, #3267, #3645, .T. ) ;
#3514 = FACE_OUTER_BOUND ( 'NONE', #3770, .T. ) ;
#3515 = ORIENTED_EDGE ( 'NONE', *, *, #518, .F. ) ;
#3516 = PLANE ( 'NONE',  #3070 ) ;
#3517 = CYLINDRICAL_SURFACE ( 'NONE', #219, 2.500000000000000000 ) ;
#3518 = ORIENTED_EDGE ( 'NONE', *, *, #1086, .T. ) ;
#3519 = FACE_OUTER_BOUND ( 'NONE', #2339, .T. ) ;
#3520 = VERTEX_POINT ( 'NONE', #2626 ) ;
#3521 = DIRECTION ( 'NONE',  ( -0.000000000000000000, 1.000000000000000000, -0.000000000000000000 ) ) ;
#3522 = EDGE_LOOP ( 'NONE', ( #3786, #658 ) ) ;
#3523 = AXIS2_PLACEMENT_3D ( 'NONE', #3067, #3877, #4267 ) ;
#3524 = DIRECTION ( 'NONE',  ( 0.000000000000000000, 0.000000000000000000, -1.000000000000000000 ) ) ;
#3525 = CARTESIAN_POINT ( 'NONE',  ( -40.00000000000000000, -23.30000000000000071, 0.000000000000000000 ) ) ;
#3526 = CIRCLE ( 'NONE', #928, 2.500000000000002220 ) ;
#3527 = VERTEX_POINT ( 'NONE', #20 ) ;
#3528 = DIRECTION ( 'NONE',  ( 0.000000000000000000, -1.000000000000000000, 0.000000000000000000 ) ) ;
#3529 = EDGE_CURVE ( 'NONE', #4833, #2597, #555, .T. ) ;
#3530 = AXIS2_PLACEMENT_3D ( 'NONE', #4753, #3242, #541 ) ;
#3531 = AXIS2_PLACEMENT_3D ( 'NONE', #3985, #1663, #3565 ) ;
#3532 = CARTESIAN_POINT ( 'NONE',  ( -41.49999999999998579, 0.000000000000000000, -34.99999999999999289 ) ) ;
#3533 = CARTESIAN_POINT ( 'NONE',  ( -47.49999999999998579, -23.99999999999999289, -36.00000000000000711 ) ) ;
#3534 = CARTESIAN_POINT ( 'NONE',  ( 44.49999999999999289, 0.000000000000000000, 42.94999999999999574 ) ) ;
#3535 = ORIENTED_EDGE ( 'NONE', *, *, #3790, .T. ) ;
#3536 = AXIS2_PLACEMENT_3D ( 'NONE', #1516, #3023, #1836 ) ;
#3537 = DIRECTION ( 'NONE',  ( 0.000000000000000000, 0.000000000000000000, -1.000000000000000000 ) ) ;
#3538 = EDGE_CURVE ( 'NONE', #2320, #1655, #3088, .T. ) ;
#3539 = DIRECTION ( 'NONE',  ( -0.000000000000000000, 1.000000000000000000, -0.000000000000000000 ) ) ;
#3540 = EDGE_CURVE ( 'NONE', #1881, #2256, #3410, .T. ) ;
#3541 = VECTOR ( 'NONE', #4103, 1000.000000000000000 ) ;
#3542 = ORIENTED_EDGE ( 'NONE', *, *, #4027, .F. ) ;
#3543 = CARTESIAN_POINT ( 'NONE',  ( -41.50000000000000000, -16.00000000000000000, 37.00000000000000000 ) ) ;
#3544 = ORIENTED_EDGE ( 'NONE', *, *, #1269, .T. ) ;
#3545 = ORIENTED_EDGE ( 'NONE', *, *, #4378, .F. ) ;
#3546 = VECTOR ( 'NONE', #1543, 1000.000000000000000 ) ;
#3547 = EDGE_CURVE ( 'NONE', #1219, #4214, #3381, .T. ) ;
#3548 = CARTESIAN_POINT ( 'NONE',  ( 35.00000000000000000, -23.30000000000000071, 41.49999999999999289 ) ) ;
#3549 = STYLED_ITEM ( 'NONE', ( #3690 ), #3241 ) ;
#3550 = CARTESIAN_POINT ( 'NONE',  ( -44.50000000000000000, -31.00000000000000000, 46.49999999999998579 ) ) ;
#3551 = EDGE_LOOP ( 'NONE', ( #1021, #2403, #677, #3847 ) ) ;
#3552 = CIRCLE ( 'NONE', #1431, 1.050000000000002265 ) ;
#3553 = CARTESIAN_POINT ( 'NONE',  ( 37.00000000000000000, -23.30000000000000071, -39.50000000000000000 ) ) ;
#3554 = CARTESIAN_POINT ( 'NONE',  ( -43.50000000000000711, -32.00000000000000000, 39.99999999999998579 ) ) ;
#3555 = VERTEX_POINT ( 'NONE', #3039 ) ;
#3556 = EDGE_LOOP ( 'NONE', ( #4064, #590, #2139, #1738 ) ) ;
#3557 = CARTESIAN_POINT ( 'NONE',  ( 37.00000000000000000, -16.00000000000000000, 39.50000000000000711 ) ) ;
#3558 = DIRECTION ( 'NONE',  ( -0.000000000000000000, 1.000000000000000000, -0.000000000000000000 ) ) ;
#3559 = AXIS2_PLACEMENT_3D ( 'NONE', #1896, #2962, #3403 ) ;
#3560 = ORIENTED_EDGE ( 'NONE', *, *, #4798, .T. ) ;
#3561 = LINE ( 'NONE', #2776, #4827 ) ;
#3562 = CARTESIAN_POINT ( 'NONE',  ( 44.49999999999998579, 1.000000000000000000, -47.50000000000001421 ) ) ;
#3563 = EDGE_CURVE ( 'NONE', #1597, #2568, #4543, .T. ) ;
#3564 = ORIENTED_EDGE ( 'NONE', *, *, #4783, .F. ) ;
#3565 = DIRECTION ( 'NONE',  ( 0.000000000000000000, 0.000000000000000000, 1.000000000000000000 ) ) ;
#3566 = CARTESIAN_POINT ( 'NONE',  ( -44.50000000000000000, -32.00000000000000000, 44.49999999999998579 ) ) ;
#3567 = DIRECTION ( 'NONE',  ( -0.000000000000000000, -1.000000000000000000, -0.000000000000000000 ) ) ;
#3568 = DIRECTION ( 'NONE',  ( -0.000000000000000000, -1.000000000000000000, -0.000000000000000000 ) ) ;
#3569 = ORIENTED_EDGE ( 'NONE', *, *, #4720, .T. ) ;
#3570 = CARTESIAN_POINT ( 'NONE',  ( -47.49999999999998579, -13.99999999999998934, -35.00000000000000711 ) ) ;
#3571 = ADVANCED_FACE ( 'NONE', ( #791 ), #42, .F. ) ;
#3572 = EDGE_LOOP ( 'NONE', ( #3111, #1142, #556, #4575 ) ) ;
#3573 = EDGE_LOOP ( 'NONE', ( #2409, #1346, #2501, #190 ) ) ;
#3574 = CIRCLE ( 'NONE', #822, 1.000000000000000888 ) ;
#3575 = DIRECTION ( 'NONE',  ( 0.000000000000000000, 0.000000000000000000, 1.000000000000000000 ) ) ;
#3576 = DIRECTION ( 'NONE',  ( 0.000000000000000000, 0.000000000000000000, 1.000000000000000000 ) ) ;
#3577 = ADVANCED_FACE ( 'NONE', ( #3018 ), #1949, .F. ) ;
#3578 = ORIENTED_EDGE ( 'NONE', *, *, #3907, .F. ) ;
#3579 = VECTOR ( 'NONE', #4382, 1000.000000000000000 ) ;
#3580 = CARTESIAN_POINT ( 'NONE',  ( -47.49999999999998579, -3.999999999999991562, -35.00000000000000711 ) ) ;
#3581 = FACE_OUTER_BOUND ( 'NONE', #742, .T. ) ;
#3582 = ORIENTED_EDGE ( 'NONE', *, *, #4067, .F. ) ;
#3583 = ORIENTED_EDGE ( 'NONE', *, *, #3071, .F. ) ;
#3584 = FACE_OUTER_BOUND ( 'NONE', #1451, .T. ) ;
#3585 = ORIENTED_EDGE ( 'NONE', *, *, #2793, .F. ) ;
#3586 = CYLINDRICAL_SURFACE ( 'NONE', #2621, 1.000000000000000888 ) ;
#3587 = CARTESIAN_POINT ( 'NONE',  ( -46.50000000000001421, -32.00000000000000000, 44.49999999999998579 ) ) ;
#3588 = VERTEX_POINT ( 'NONE', #3754 ) ;
#3589 = CARTESIAN_POINT ( 'NONE',  ( -44.50000000000001421, 0.000000000000000000, 44.50000000000000000 ) ) ;
#3590 = DIRECTION ( 'NONE',  ( 2.011273595335428819E-16, -0.000000000000000000, -1.000000000000000000 ) ) ;
#3591 = CARTESIAN_POINT ( 'NONE',  ( 47.30000000000000426, -24.00000000000000000, 35.99999999999999289 ) ) ;
#3592 = CARTESIAN_POINT ( 'NONE',  ( -47.30000000000000426, -4.000000000000000000, 33.99999999999999289 ) ) ;
#3593 = VERTEX_POINT ( 'NONE', #2669 ) ;
#3594 = DIRECTION ( 'NONE',  ( -0.000000000000000000, -1.000000000000000000, -0.000000000000000000 ) ) ;
#3595 = ORIENTED_EDGE ( 'NONE', *, *, #303, .T. ) ;
#3596 = ORIENTED_EDGE ( 'NONE', *, *, #558, .F. ) ;
#3597 = DIRECTION ( 'NONE',  ( 1.000000000000000000, 0.000000000000000000, -1.460819769243627131E-16 ) ) ;
#3598 = EDGE_CURVE ( 'NONE', #2618, #4891, #4506, .T. ) ;
#3599 = DIRECTION ( 'NONE',  ( 0.000000000000000000, 0.000000000000000000, 1.000000000000000000 ) ) ;
#3600 = EDGE_CURVE ( 'NONE', #3588, #858, #4568, .T. ) ;
#3601 = LINE ( 'NONE', #2126, #1796 ) ;
#3602 = ORIENTED_EDGE ( 'NONE', *, *, #3960, .F. ) ;
#3603 = EDGE_CURVE ( 'NONE', #3267, #4833, #1851, .T. ) ;
#3604 = CARTESIAN_POINT ( 'NONE',  ( 43.50000000000000000, -23.30000000000000071, -34.99999999999999289 ) ) ;
#3605 = DIRECTION ( 'NONE',  ( 1.000000000000000000, 0.000000000000000000, 0.000000000000000000 ) ) ;
#3606 = EDGE_LOOP ( 'NONE', ( #1124, #2625 ) ) ;
#3607 = ORIENTED_EDGE ( 'NONE', *, *, #2946, .T. ) ;
#3608 = VECTOR ( 'NONE', #2900, 1000.000000000000000 ) ;
#3609 = DIRECTION ( 'NONE',  ( 0.000000000000000000, 0.000000000000000000, 1.000000000000000000 ) ) ;
#3610 = DIRECTION ( 'NONE',  ( 0.000000000000000000, 0.000000000000000000, -1.000000000000000000 ) ) ;
#3611 = EDGE_LOOP ( 'NONE', ( #3215, #2647, #1501, #441 ) ) ;
#3612 = CARTESIAN_POINT ( 'NONE',  ( -44.50000000000000000, 1.000000000000000000, 46.69999999999998153 ) ) ;
#3613 = CIRCLE ( 'NONE', #4886, 3.500000000000003109 ) ;
#3614 = APPLICATION_PROTOCOL_DEFINITION ( 'draft international standard', 'automotive_design', 1998, #40 ) ;
#3615 = CARTESIAN_POINT ( 'NONE',  ( -23.99999999999999289, -16.39999999999999858, -47.50000000000001421 ) ) ;
#3616 = ORIENTED_EDGE ( 'NONE', *, *, #581, .T. ) ;
#3617 = DIRECTION ( 'NONE',  ( -0.000000000000000000, 1.000000000000000000, -0.000000000000000000 ) ) ;
#3618 = AXIS2_PLACEMENT_3D ( 'NONE', #1529, #2622, #3774 ) ;
#3619 = AXIS2_PLACEMENT_3D ( 'NONE', #3309, #759, #4167 ) ;
#3620 = LINE ( 'NONE', #4331, #3222 ) ;
#3621 = DIRECTION ( 'NONE',  ( -0.000000000000000000, 1.000000000000000000, -0.000000000000000000 ) ) ;
#3622 = DIRECTION ( 'NONE',  ( 1.000000000000000000, -0.000000000000000000, -1.460819769243627377E-16 ) ) ;
#3623 = VECTOR ( 'NONE', #2508, 1000.000000000000000 ) ;
#3624 = VERTEX_POINT ( 'NONE', #1577 ) ;
#3625 = DIRECTION ( 'NONE',  ( 0.000000000000000000, -1.000000000000000000, 0.000000000000000000 ) ) ;
#3626 = VERTEX_POINT ( 'NONE', #2326 ) ;
#3627 = ORIENTED_EDGE ( 'NONE', *, *, #74, .F. ) ;
#3628 = LINE ( 'NONE', #265, #1089 ) ;
#3629 = CIRCLE ( 'NONE', #1022, 1.000000000000000888 ) ;
#3630 = DIRECTION ( 'NONE',  ( 1.460819769243627131E-16, 0.000000000000000000, -1.000000000000000000 ) ) ;
#3631 = CARTESIAN_POINT ( 'NONE',  ( 40.00000000000000000, -16.00000000000000000, -41.05000000000000426 ) ) ;
#3632 = CIRCLE ( 'NONE', #3863, 1.050000000000002265 ) ;
#3633 = VERTEX_POINT ( 'NONE', #439 ) ;
#3634 = EDGE_CURVE ( 'NONE', #3892, #4490, #1261, .T. ) ;
#3635 = FACE_OUTER_BOUND ( 'NONE', #1576, .T. ) ;
#3636 = AXIS2_PLACEMENT_3D ( 'NONE', #3652, #1049, #1711 ) ;
#3637 = FACE_OUTER_BOUND ( 'NONE', #1945, .T. ) ;
#3638 = ORIENTED_EDGE ( 'NONE', *, *, #1604, .T. ) ;
#3639 = ADVANCED_FACE ( 'NONE', ( #4149 ), #4100, .T. ) ;
#3640 = ORIENTED_EDGE ( 'NONE', *, *, #1376, .F. ) ;
#3641 = VECTOR ( 'NONE', #2136, 1000.000000000000000 ) ;
#3642 = DIRECTION ( 'NONE',  ( 0.000000000000000000, -1.000000000000000000, 0.000000000000000000 ) ) ;
#3643 = CARTESIAN_POINT ( 'NONE',  ( 47.49999999999998579, -23.99999999999999289, -34.00000000000000000 ) ) ;
#3644 = CARTESIAN_POINT ( 'NONE',  ( 44.49999999999998579, 1.000000000000000000, -47.50000000000001421 ) ) ;
#3645 = CIRCLE ( 'NONE', #1986, 2.000000000000000000 ) ;
#3646 = LINE ( 'NONE', #2825, #1606 ) ;
#3647 = ADVANCED_FACE ( 'NONE', ( #2988 ), #4491, .F. ) ;
#3648 = VERTEX_POINT ( 'NONE', #925 ) ;
#3649 = DIRECTION ( 'NONE',  ( 0.000000000000000000, -1.000000000000000000, 0.000000000000000000 ) ) ;
#3650 = VECTOR ( 'NONE', #682, 1000.000000000000000 ) ;
#3651 = CARTESIAN_POINT ( 'NONE',  ( -36.99999999999998579, -23.30000000000000071, -43.50000000000000000 ) ) ;
#3652 = CARTESIAN_POINT ( 'NONE',  ( -47.50000000000000000, -24.00000000000000000, 34.99999999999999289 ) ) ;
#3653 = DIRECTION ( 'NONE',  ( -0.000000000000000000, -1.000000000000000000, -0.000000000000000000 ) ) ;
#3654 = ORIENTED_EDGE ( 'NONE', *, *, #3994, .F. ) ;
#3655 = DIRECTION ( 'NONE',  ( -1.000000000000000000, 0.000000000000000000, 0.000000000000000000 ) ) ;
#3656 = ORIENTED_EDGE ( 'NONE', *, *, #2924, .T. ) ;
#3657 = ORIENTED_EDGE ( 'NONE', *, *, #3297, .T. ) ;
#3658 = CARTESIAN_POINT ( 'NONE',  ( 43.50000000000000000, 0.000000000000000000, -39.99999999999999289 ) ) ;
#3659 = CARTESIAN_POINT ( 'NONE',  ( -35.00000000000000000, -16.00000000000000000, 43.50000000000000000 ) ) ;
#3660 = VERTEX_POINT ( 'NONE', #882 ) ;
#3661 = CYLINDRICAL_SURFACE ( 'NONE', #1900, 1.000000000000000888 ) ;
#3662 = CARTESIAN_POINT ( 'NONE',  ( -47.30000000000000426, -4.000000000000000000, 34.99999999999999289 ) ) ;
#3663 = EDGE_CURVE ( 'NONE', #4705, #2702, #3552, .T. ) ;
#3664 = CIRCLE ( 'NONE', #2792, 2.199999999999993516 ) ;
#3665 = ORIENTED_EDGE ( 'NONE', *, *, #1585, .F. ) ;
#3666 = CARTESIAN_POINT ( 'NONE',  ( -43.49999999999999289, -23.30000000000000071, -43.50000000000001421 ) ) ;
#3667 = VECTOR ( 'NONE', #4558, 1000.000000000000000 ) ;
#3668 = DIRECTION ( 'NONE',  ( -0.000000000000000000, -1.000000000000000000, 0.000000000000000000 ) ) ;
#3669 = LINE ( 'NONE', #1760, #1586 ) ;
#3670 = EDGE_CURVE ( 'NONE', #1249, #1554, #3848, .T. ) ;
#3671 = ADVANCED_FACE ( 'NONE', ( #3519 ), #838, .F. ) ;
#3672 = DIRECTION ( 'NONE',  ( -1.000000000000000000, 0.000000000000000000, 0.000000000000000000 ) ) ;
#3673 = ORIENTED_EDGE ( 'NONE', *, *, #621, .T. ) ;
#3674 = CARTESIAN_POINT ( 'NONE',  ( 43.50000000000000000, 0.000000000000000000, 39.99999999999999289 ) ) ;
#3675 = EDGE_CURVE ( 'NONE', #3236, #2865, #4222, .T. ) ;
#3676 = CARTESIAN_POINT ( 'NONE',  ( 26.00000000000000711, -18.39999999999999858, -46.50000000000001421 ) ) ;
#3677 = EDGE_LOOP ( 'NONE', ( #1774, #790, #1074, #980 ) ) ;
#3678 = DIRECTION ( 'NONE',  ( -0.000000000000000000, 1.000000000000000000, -0.000000000000000000 ) ) ;
#3679 = ORIENTED_EDGE ( 'NONE', *, *, #96, .T. ) ;
#3680 = CARTESIAN_POINT ( 'NONE',  ( -25.99999999999999645, -16.39999999999999858, -47.50000000000001421 ) ) ;
#3681 = CARTESIAN_POINT ( 'NONE',  ( 41.49999999999999289, -23.30000000000000071, -2.500000000000000000 ) ) ;
#3682 = DIRECTION ( 'NONE',  ( 0.000000000000000000, 0.000000000000000000, 1.000000000000000000 ) ) ;
#3683 = VERTEX_POINT ( 'NONE', #4286 ) ;
#3684 = ORIENTED_EDGE ( 'NONE', *, *, #1489, .T. ) ;
#3685 = DIRECTION ( 'NONE',  ( -0.000000000000000000, 1.000000000000000000, -0.000000000000000000 ) ) ;
#3686 = CYLINDRICAL_SURFACE ( 'NONE', #527, 2.200000000000000622 ) ;
#3687 = ORIENTED_EDGE ( 'NONE', *, *, #540, .T. ) ;
#3688 = ORIENTED_EDGE ( 'NONE', *, *, #4156, .F. ) ;
#3689 = DIRECTION ( 'NONE',  ( 0.000000000000000000, 1.000000000000000000, 0.000000000000000000 ) ) ;
#3690 = PRESENTATION_STYLE_ASSIGNMENT (( #1813 ) ) ;
#3691 = AXIS2_PLACEMENT_3D ( 'NONE', #2774, #3528, #3979 ) ;
#3692 = DIRECTION ( 'NONE',  ( -0.000000000000000000, -1.000000000000000000, -0.000000000000000000 ) ) ;
#3693 = EDGE_LOOP ( 'NONE', ( #1507, #3068, #1850, #2053, #4858, #4604, #304, #1379, #3887, #2546, #1602, #155, #320, #4285, #180, #1154, #1253, #1616 ) ) ;
#3694 = EDGE_CURVE ( 'NONE', #4695, #3755, #3150, .T. ) ;
#3695 = CARTESIAN_POINT ( 'NONE',  ( 43.50000000000000000, -16.00000000000000000, 35.00000000000000000 ) ) ;
#3696 = VECTOR ( 'NONE', #745, 1000.000000000000000 ) ;
#3697 = CARTESIAN_POINT ( 'NONE',  ( -34.99999999999998579, -23.30000000000000071, -41.49999999999999289 ) ) ;
#3698 = DIRECTION ( 'NONE',  ( 0.000000000000000000, -1.000000000000000000, 0.000000000000000000 ) ) ;
#3699 = EDGE_LOOP ( 'NONE', ( #1823, #3443, #740, #4438 ) ) ;
#3700 = CARTESIAN_POINT ( 'NONE',  ( 40.00000000000000000, -16.00000000000000000, 0.000000000000000000 ) ) ;
#3701 = ORIENTED_EDGE ( 'NONE', *, *, #3538, .F. ) ;
#3702 = CARTESIAN_POINT ( 'NONE',  ( 47.30000000000000426, -4.000000000000000000, 34.99999999999999289 ) ) ;
#3703 = EDGE_CURVE ( 'NONE', #2034, #3298, #1828, .T. ) ;
#3704 = DIRECTION ( 'NONE',  ( 0.000000000000000000, -0.000000000000000000, 1.000000000000000000 ) ) ;
#3705 = AXIS2_PLACEMENT_3D ( 'NONE', #1306, #598, #3252 ) ;
#3706 = CIRCLE ( 'NONE', #2114, 2.000000000000001776 ) ;
#3707 = CARTESIAN_POINT ( 'NONE',  ( -39.99999999999998579, -32.00000000000000000, -39.99999999999999289 ) ) ;
#3708 = ORIENTED_EDGE ( 'NONE', *, *, #244, .F. ) ;
#3709 = ORIENTED_EDGE ( 'NONE', *, *, #4504, .T. ) ;
#3710 = EDGE_CURVE ( 'NONE', #769, #357, #1975, .T. ) ;
#3711 = AXIS2_PLACEMENT_3D ( 'NONE', #3323, #1413, #2928 ) ;
#3712 = DIRECTION ( 'NONE',  ( 0.000000000000000000, 0.000000000000000000, -1.000000000000000000 ) ) ;
#3713 = CARTESIAN_POINT ( 'NONE',  ( -47.50000000000000000, -31.00000000000000000, 44.49999999999998579 ) ) ;
#3714 = AXIS2_PLACEMENT_3D ( 'NONE', #1081, #3685, #1832 ) ;
#3715 = ORIENTED_EDGE ( 'NONE', *, *, #371, .F. ) ;
#3716 = AXIS2_PLACEMENT_3D ( 'NONE', #4065, #257, #3328 ) ;
#3717 = LINE ( 'NONE', #749, #310 ) ;
#3718 = DIRECTION ( 'NONE',  ( 0.000000000000000000, 0.000000000000000000, -1.000000000000000000 ) ) ;
#3719 = EDGE_LOOP ( 'NONE', ( #2870, #1338, #2849, #4181 ) ) ;
#3720 = CYLINDRICAL_SURFACE ( 'NONE', #2756, 1.000000000000000888 ) ;
#3721 = CIRCLE ( 'NONE', #3160, 3.500000000000003109 ) ;
#3722 = CARTESIAN_POINT ( 'NONE',  ( -37.00000000000000000, -16.00000000000000000, 36.99999999999999289 ) ) ;
#3723 = CARTESIAN_POINT ( 'NONE',  ( -40.00000000000000000, -16.00000000000000000, -40.00000000000000000 ) ) ;
#3724 = EDGE_CURVE ( 'NONE', #2718, #2328, #1589, .T. ) ;
#3725 = ORIENTED_EDGE ( 'NONE', *, *, #2038, .T. ) ;
#3726 = CARTESIAN_POINT ( 'NONE',  ( 43.49999999999999289, -23.30000000000000071, 43.49999999999998579 ) ) ;
#3727 = AXIS2_PLACEMENT_3D ( 'NONE', #707, #2664, #1471 ) ;
#3728 = ORIENTED_EDGE ( 'NONE', *, *, #508, .F. ) ;
#3729 = LINE ( 'NONE', #3751, #4565 ) ;
#3730 = CYLINDRICAL_SURFACE ( 'NONE', #1961, 1.050000000000002265 ) ;
#3731 = ADVANCED_FACE ( 'NONE', ( #2413 ), #3172, .F. ) ;
#3732 = EDGE_LOOP ( 'NONE', ( #4221, #593, #4820, #3835 ) ) ;
#3733 = LINE ( 'NONE', #763, #642 ) ;
#3734 = VERTEX_POINT ( 'NONE', #3110 ) ;
#3735 = DIRECTION ( 'NONE',  ( 1.559302000878028960E-16, -0.000000000000000000, 1.000000000000000000 ) ) ;
#3736 = DIRECTION ( 'NONE',  ( 0.000000000000000000, 0.000000000000000000, 1.000000000000000000 ) ) ;
#3737 = ADVANCED_FACE ( 'NONE', ( #2018 ), #3912, .F. ) ;
#3738 = VERTEX_POINT ( 'NONE', #525 ) ;
#3739 = CARTESIAN_POINT ( 'NONE',  ( 44.49999999999998579, 0.000000000000000000, -44.50000000000001421 ) ) ;
#3740 = CARTESIAN_POINT ( 'NONE',  ( 0.000000000000000000, -16.00000000000000000, 0.000000000000000000 ) ) ;
#3741 = VECTOR ( 'NONE', #3420, 1000.000000000000000 ) ;
#3742 = CARTESIAN_POINT ( 'NONE',  ( 43.50000000000000000, -16.00000000000000000, 35.00000000000000000 ) ) ;
#3743 = VERTEX_POINT ( 'NONE', #4238 ) ;
#3744 = AXIS2_PLACEMENT_3D ( 'NONE', #1233, #3141, #3905 ) ;
#3745 = CARTESIAN_POINT ( 'NONE',  ( 41.49999999999999289, -16.00000000000000000, -37.00000000000000000 ) ) ;
#3746 = DIRECTION ( 'NONE',  ( -0.000000000000000000, 1.000000000000000000, -0.000000000000000000 ) ) ;
#3747 = VERTEX_POINT ( 'NONE', #2042 ) ;
#3748 = DIRECTION ( 'NONE',  ( -1.595148023886719315E-16, -0.000000000000000000, 1.000000000000000000 ) ) ;
#3749 = ORIENTED_EDGE ( 'NONE', *, *, #4274, .T. ) ;
#3750 = CARTESIAN_POINT ( 'NONE',  ( -40.00000000000000000, 0.000000000000000000, 43.49999999999999289 ) ) ;
#3751 = CARTESIAN_POINT ( 'NONE',  ( 37.00000000000000000, -23.30000000000000071, -41.49999999999999289 ) ) ;
#3752 = CARTESIAN_POINT ( 'NONE',  ( -39.50000000000000000, -16.00000000000000000, 36.99999999999999289 ) ) ;
#3753 = ORIENTED_EDGE ( 'NONE', *, *, #2854, .T. ) ;
#3754 = CARTESIAN_POINT ( 'NONE',  ( -39.99999999999998579, 0.000000000000000000, -43.50000000000000000 ) ) ;
#3755 = VERTEX_POINT ( 'NONE', #3543 ) ;
#3756 = EDGE_CURVE ( 'NONE', #4632, #423, #4683, .T. ) ;
#3757 = EDGE_CURVE ( 'NONE', #4364, #4750, #4749, .T. ) ;
#3758 = DIRECTION ( 'NONE',  ( -1.000000000000000000, -0.000000000000000000, -1.460819769243627377E-16 ) ) ;
#3759 = CARTESIAN_POINT ( 'NONE',  ( -43.50000000000000000, -16.00000000000000000, -43.50000000000000711 ) ) ;
#3760 = ORIENTED_EDGE ( 'NONE', *, *, #246, .F. ) ;
#3761 = EDGE_CURVE ( 'NONE', #1554, #1715, #3871, .T. ) ;
#3762 = EDGE_CURVE ( 'NONE', #2524, #944, #1621, .T. ) ;
#3763 = DIRECTION ( 'NONE',  ( 1.000000000000000000, -0.000000000000000000, -1.460819769243627377E-16 ) ) ;
#3764 = LINE ( 'NONE', #373, #5 ) ;
#3765 = CARTESIAN_POINT ( 'NONE',  ( -39.50000000000000000, 0.000000000000000000, 36.99999999999999289 ) ) ;
#3766 = ORIENTED_EDGE ( 'NONE', *, *, #2754, .F. ) ;
#3767 = ADVANCED_FACE ( 'NONE', ( #1243 ), #1693, .F. ) ;
#3768 = DIRECTION ( 'NONE',  ( 0.000000000000000000, -1.000000000000000000, 0.000000000000000000 ) ) ;
#3769 = CARTESIAN_POINT ( 'NONE',  ( 26.00000000000000711, -16.39999999999999858, -46.50000000000001421 ) ) ;
#3770 = EDGE_LOOP ( 'NONE', ( #520, #233, #4712, #3564 ) ) ;
#3771 = CARTESIAN_POINT ( 'NONE',  ( -44.50000000000001421, -32.00000000000000000, 46.04999999999999716 ) ) ;
#3772 = ORIENTED_EDGE ( 'NONE', *, *, #2368, .T. ) ;
#3773 = PLANE ( 'NONE',  #1411 ) ;
#3774 = DIRECTION ( 'NONE',  ( -1.460819769243627131E-16, 0.000000000000000000, -1.000000000000000000 ) ) ;
#3775 = AXIS2_PLACEMENT_3D ( 'NONE', #4487, #787, #2272 ) ;
#3776 = ORIENTED_EDGE ( 'NONE', *, *, #1066, .T. ) ;
#3777 = DIRECTION ( 'NONE',  ( -0.000000000000000000, -0.000000000000000000, 1.000000000000000000 ) ) ;
#3778 = ORIENTED_EDGE ( 'NONE', *, *, #3598, .F. ) ;
#3779 = ORIENTED_EDGE ( 'NONE', *, *, #2371, .T. ) ;
#3780 = AXIS2_PLACEMENT_3D ( 'NONE', #3424, #31, #3326 ) ;
#3781 = AXIS2_PLACEMENT_3D ( 'NONE', #3216, #1390, #573 ) ;
#3782 = LINE ( 'NONE', #22, #2373 ) ;
#3783 = CARTESIAN_POINT ( 'NONE',  ( -47.29999999999999005, -23.99999999999999289, -34.00000000000000000 ) ) ;
#3784 = EDGE_CURVE ( 'NONE', #2730, #1375, #3893, .T. ) ;
#3785 = AXIS2_PLACEMENT_3D ( 'NONE', #2419, #1322, #1702 ) ;
#3786 = ORIENTED_EDGE ( 'NONE', *, *, #244, .T. ) ;
#3787 = CARTESIAN_POINT ( 'NONE',  ( -40.00000000000000000, -23.30000000000000071, 41.05000000000000426 ) ) ;
#3788 = AXIS2_PLACEMENT_3D ( 'NONE', #3975, #1295, #4293 ) ;
#3789 = DIRECTION ( 'NONE',  ( -1.000000000000000000, 0.000000000000000000, 0.000000000000000000 ) ) ;
#3790 = EDGE_CURVE ( 'NONE', #4490, #3892, #243, .T. ) ;
#3791 = CARTESIAN_POINT ( 'NONE',  ( 44.50000000000000000, 0.000000000000000000, 44.49999999999998579 ) ) ;
#3792 = ADVANCED_FACE ( 'NONE', ( #1772 ), #580, .T. ) ;
#3793 = ORIENTED_EDGE ( 'NONE', *, *, #48, .T. ) ;
#3794 = AXIS2_PLACEMENT_3D ( 'NONE', #4178, #794, #2860 ) ;
#3795 = DIRECTION ( 'NONE',  ( -1.000000000000000000, 0.000000000000000000, 1.559302000878028960E-16 ) ) ;
#3796 = LINE ( 'NONE', #333, #3399 ) ;
#3797 = CIRCLE ( 'NONE', #3636, 1.000000000000000888 ) ;
#3798 = CARTESIAN_POINT ( 'NONE',  ( -47.49999999999998579, -13.99999999999998934, -36.00000000000001421 ) ) ;
#3799 = ADVANCED_FACE ( 'NONE', ( #1027 ), #4047, .F. ) ;
#3800 = ORIENTED_EDGE ( 'NONE', *, *, #1729, .T. ) ;
#3801 = LINE ( 'NONE', #2294, #2383 ) ;
#3802 = VERTEX_POINT ( 'NONE', #1395 ) ;
#3803 = DIRECTION ( 'NONE',  ( 1.595148023886719315E-16, 0.000000000000000000, -1.000000000000000000 ) ) ;
#3804 = DIRECTION ( 'NONE',  ( 0.000000000000000000, 0.000000000000000000, -1.000000000000000000 ) ) ;
#3805 = AXIS2_PLACEMENT_3D ( 'NONE', #187, #1678, #1703 ) ;
#3806 = EDGE_LOOP ( 'NONE', ( #1008, #4758 ) ) ;
#3807 = CARTESIAN_POINT ( 'NONE',  ( -46.70000000000000995, 1.000000000000000000, -44.50000000000001421 ) ) ;
#3808 = ORIENTED_EDGE ( 'NONE', *, *, #3045, .F. ) ;
#3809 = CIRCLE ( 'NONE', #1831, 1.000000000000000888 ) ;
#3810 = CARTESIAN_POINT ( 'NONE',  ( -44.49999999999999289, 0.000000000000000000, -44.50000000000000000 ) ) ;
#3811 = DIRECTION ( 'NONE',  ( 0.000000000000000000, -1.000000000000000000, 0.000000000000000000 ) ) ;
#3812 = ORIENTED_EDGE ( 'NONE', *, *, #3033, .F. ) ;
#3813 = DIRECTION ( 'NONE',  ( 0.000000000000000000, 0.000000000000000000, -1.000000000000000000 ) ) ;
#3814 = CARTESIAN_POINT ( 'NONE',  ( -43.50000000000000711, 0.000000000000000000, 39.99999999999998579 ) ) ;
#3815 = CARTESIAN_POINT ( 'NONE',  ( -40.00000000000000000, -16.00000000000000000, 41.05000000000000426 ) ) ;
#3816 = VERTEX_POINT ( 'NONE', #312 ) ;
#3817 = AXIS2_PLACEMENT_3D ( 'NONE', #1281, #106, #4649 ) ;
#3818 = EDGE_CURVE ( 'NONE', #2554, #2694, #4593, .T. ) ;
#3819 = DIRECTION ( 'NONE',  ( 1.000000000000000000, 0.000000000000000000, -1.460819769243627131E-16 ) ) ;
#3820 = EDGE_CURVE ( 'NONE', #709, #1681, #2836, .T. ) ;
#3821 = CARTESIAN_POINT ( 'NONE',  ( 44.50000000000000000, -31.00000000000000000, 47.49999999999998579 ) ) ;
#3822 = ORIENTED_EDGE ( 'NONE', *, *, #3790, .F. ) ;
#3823 = DIRECTION ( 'NONE',  ( 0.000000000000000000, 1.000000000000000000, -0.000000000000000000 ) ) ;
#3824 = AXIS2_PLACEMENT_3D ( 'NONE', #830, #2690, #2338 ) ;
#3825 = ORIENTED_EDGE ( 'NONE', *, *, #3305, .F. ) ;
#3826 = DIRECTION ( 'NONE',  ( 0.000000000000000000, 0.000000000000000000, -1.000000000000000000 ) ) ;
#3827 = EDGE_CURVE ( 'NONE', #4766, #709, #2629, .T. ) ;
#3828 = DIRECTION ( 'NONE',  ( -0.000000000000000000, 1.000000000000000000, -0.000000000000000000 ) ) ;
#3829 = CARTESIAN_POINT ( 'NONE',  ( -44.50000000000000000, -32.00000000000000000, 47.49999999999998579 ) ) ;
#3830 = ORIENTED_EDGE ( 'NONE', *, *, #2063, .F. ) ;
#3831 = CARTESIAN_POINT ( 'NONE',  ( -41.49999999999999289, -16.00000000000000000, -4.499999999999997335 ) ) ;
#3832 = ORIENTED_EDGE ( 'NONE', *, *, #2583, .T. ) ;
#3833 = PLANE ( 'NONE',  #1732 ) ;
#3834 = CARTESIAN_POINT ( 'NONE',  ( -47.30000000000000426, -13.99999999999999822, 33.99999999999999289 ) ) ;
#3835 = ORIENTED_EDGE ( 'NONE', *, *, #3897, .F. ) ;
#3836 = CARTESIAN_POINT ( 'NONE',  ( 44.49999999999998579, 1.000000000000000000, -44.50000000000001421 ) ) ;
#3837 = DIRECTION ( 'NONE',  ( -0.000000000000000000, 1.000000000000000000, -0.000000000000000000 ) ) ;
#3838 = EDGE_LOOP ( 'NONE', ( #619, #783 ) ) ;
#3839 = DIRECTION ( 'NONE',  ( 1.559302000878028960E-16, 0.000000000000000000, -1.000000000000000000 ) ) ;
#3840 = CARTESIAN_POINT ( 'NONE',  ( -46.70000000000000284, 1.000000000000000000, -44.50000000000001421 ) ) ;
#3841 = VERTEX_POINT ( 'NONE', #4017 ) ;
#3842 = CARTESIAN_POINT ( 'NONE',  ( 47.30000000000000426, -4.000000000000000000, 34.99999999999999289 ) ) ;
#3843 = EDGE_CURVE ( 'NONE', #2320, #4224, #4336, .T. ) ;
#3844 = ORIENTED_EDGE ( 'NONE', *, *, #765, .F. ) ;
#3845 = FACE_OUTER_BOUND ( 'NONE', #4530, .T. ) ;
#3846 = DIRECTION ( 'NONE',  ( -1.000000000000000000, 0.000000000000000000, 0.000000000000000000 ) ) ;
#3847 = ORIENTED_EDGE ( 'NONE', *, *, #122, .F. ) ;
#3848 = LINE ( 'NONE', #1669, #4197 ) ;
#3849 = EDGE_CURVE ( 'NONE', #1554, #4444, #4042, .T. ) ;
#3850 = ORIENTED_EDGE ( 'NONE', *, *, #1978, .T. ) ;
#3851 = VECTOR ( 'NONE', #1351, 1000.000000000000000 ) ;
#3852 = CARTESIAN_POINT ( 'NONE',  ( -41.49999999999999289, -16.00000000000000000, -2.500000000000000000 ) ) ;
#3853 = AXIS2_PLACEMENT_3D ( 'NONE', #4309, #3228, #4289 ) ;
#3854 = DIRECTION ( 'NONE',  ( 1.000000000000000000, -0.000000000000000000, -0.000000000000000000 ) ) ;
#3855 = EDGE_CURVE ( 'NONE', #2950, #1597, #2151, .T. ) ;
#3856 = ORIENTED_EDGE ( 'NONE', *, *, #641, .T. ) ;
#3857 = DIRECTION ( 'NONE',  ( 0.000000000000000000, 0.000000000000000000, -1.000000000000000000 ) ) ;
#3858 = DIRECTION ( 'NONE',  ( 0.000000000000000000, 0.000000000000000000, -1.000000000000000000 ) ) ;
#3859 = VERTEX_POINT ( 'NONE', #2937 ) ;
#3860 = VECTOR ( 'NONE', #3418, 1000.000000000000000 ) ;
#3861 = CARTESIAN_POINT ( 'NONE',  ( -47.29999999999999005, -13.99999999999998934, -36.00000000000001421 ) ) ;
#3862 = CARTESIAN_POINT ( 'NONE',  ( -44.49999999999999289, -32.00000000000000000, -44.50000000000000000 ) ) ;
#3863 = AXIS2_PLACEMENT_3D ( 'NONE', #175, #3934, #841 ) ;
#3864 = CARTESIAN_POINT ( 'NONE',  ( -39.49999999999999289, 0.000000000000000000, -37.00000000000000000 ) ) ;
#3865 = ORIENTED_EDGE ( 'NONE', *, *, #152, .F. ) ;
#3866 = FACE_OUTER_BOUND ( 'NONE', #688, .T. ) ;
#3867 = DIRECTION ( 'NONE',  ( 0.000000000000000000, 0.000000000000000000, 1.000000000000000000 ) ) ;
#3868 = AXIS2_PLACEMENT_3D ( 'NONE', #3351, #355, #54 ) ;
#3869 = EDGE_CURVE ( 'NONE', #2530, #4483, #1714, .T. ) ;
#3870 = ORIENTED_EDGE ( 'NONE', *, *, #2562, .T. ) ;
#3871 = LINE ( 'NONE', #3498, #1116 ) ;
#3872 = PRESENTATION_LAYER_ASSIGNMENT (  '', '', ( #3549 ) ) ;
#3873 = EDGE_LOOP ( 'NONE', ( #2609, #3950 ) ) ;
#3874 = EDGE_LOOP ( 'NONE', ( #2189, #66, #3439, #2021, #4217, #660, #2459 ) ) ;
#3875 = ADVANCED_FACE ( 'NONE', ( #952 ), #261, .F. ) ;
#3876 = VECTOR ( 'NONE', #2232, 1000.000000000000000 ) ;
#3877 = DIRECTION ( 'NONE',  ( -0.000000000000000000, 1.000000000000000000, -0.000000000000000000 ) ) ;
#3878 = ORIENTED_EDGE ( 'NONE', *, *, #4378, .T. ) ;
#3879 = AXIS2_PLACEMENT_3D ( 'NONE', #2146, #3678, #659 ) ;
#3880 = EDGE_CURVE ( 'NONE', #3626, #2702, #3965, .T. ) ;
#3881 = DIRECTION ( 'NONE',  ( 1.000000000000000000, 0.000000000000000000, 1.460819769243627131E-16 ) ) ;
#3882 = PLANE ( 'NONE',  #2059 ) ;
#3883 = ORIENTED_EDGE ( 'NONE', *, *, #2620, .T. ) ;
#3884 = FACE_BOUND ( 'NONE', #1595, .T. ) ;
#3885 = DIRECTION ( 'NONE',  ( 0.000000000000000000, 0.000000000000000000, 1.000000000000000000 ) ) ;
#3886 = DIRECTION ( 'NONE',  ( -0.000000000000000000, 1.000000000000000000, -0.000000000000000000 ) ) ;
#3887 = ORIENTED_EDGE ( 'NONE', *, *, #492, .T. ) ;
#3888 = FACE_OUTER_BOUND ( 'NONE', #4580, .T. ) ;
#3889 = AXIS2_PLACEMENT_3D ( 'NONE', #478, #4587, #2430 ) ;
#3890 = CARTESIAN_POINT ( 'NONE',  ( 39.99999999999999289, 0.000000000000000000, -39.99999999999999289 ) ) ;
#3891 = VECTOR ( 'NONE', #2312, 1000.000000000000000 ) ;
#3892 = VERTEX_POINT ( 'NONE', #2911 ) ;
#3893 = LINE ( 'NONE', #4262, #484 ) ;
#3894 = ORIENTED_EDGE ( 'NONE', *, *, #679, .T. ) ;
#3895 = CARTESIAN_POINT ( 'NONE',  ( 44.49999999999999289, 0.000000000000000000, 42.94999999999999574 ) ) ;
#3896 = EDGE_LOOP ( 'NONE', ( #3973, #1105, #260, #3339 ) ) ;
#3897 = EDGE_CURVE ( 'NONE', #4444, #423, #4409, .T. ) ;
#3898 = EDGE_CURVE ( 'NONE', #4569, #4143, #4511, .T. ) ;
#3899 = DIRECTION ( 'NONE',  ( 1.000000000000000000, -0.000000000000000000, -1.460819769243627377E-16 ) ) ;
#3900 = DIRECTION ( 'NONE',  ( -0.000000000000000000, 1.000000000000000000, -0.000000000000000000 ) ) ;
#3901 = ADVANCED_FACE ( 'NONE', ( #3196, #4706 ), #2467, .T. ) ;
#3902 = ORIENTED_EDGE ( 'NONE', *, *, #3486, .F. ) ;
#3903 = EDGE_CURVE ( 'NONE', #1147, #899, #979, .T. ) ;
#3904 = DIRECTION ( 'NONE',  ( -0.000000000000000000, 1.000000000000000000, -0.000000000000000000 ) ) ;
#3905 = DIRECTION ( 'NONE',  ( -1.067522139062650869E-15, 0.000000000000000000, 1.000000000000000000 ) ) ;
#3906 = DIRECTION ( 'NONE',  ( -1.460819769243627131E-16, 0.000000000000000000, -1.000000000000000000 ) ) ;
#3907 = EDGE_CURVE ( 'NONE', #2221, #3413, #2118, .T. ) ;
#3908 = ORIENTED_EDGE ( 'NONE', *, *, #2715, .T. ) ;
#3909 = DIRECTION ( 'NONE',  ( 0.000000000000000000, -0.000000000000000000, 1.000000000000000000 ) ) ;
#3910 = DIRECTION ( 'NONE',  ( 0.000000000000000000, 0.000000000000000000, -1.000000000000000000 ) ) ;
#3911 = VERTEX_POINT ( 'NONE', #4560 ) ;
#3912 = CYLINDRICAL_SURFACE ( 'NONE', #1438, 1.050000000000002265 ) ;
#3913 = ORIENTED_EDGE ( 'NONE', *, *, #1737, .T. ) ;
#3914 = DIRECTION ( 'NONE',  ( 1.000000000000000000, -0.000000000000000000, -1.460819769243627377E-16 ) ) ;
#3915 = CIRCLE ( 'NONE', #4710, 1.050000000000002265 ) ;
#3916 = CARTESIAN_POINT ( 'NONE',  ( 40.00000000000000000, -23.30000000000000071, -40.00000000000000000 ) ) ;
#3917 = EDGE_LOOP ( 'NONE', ( #1692, #4287, #2920, #1564 ) ) ;
#3918 = DIRECTION ( 'NONE',  ( 0.000000000000000000, 1.000000000000000000, 0.000000000000000000 ) ) ;
#3919 = DIRECTION ( 'NONE',  ( 1.000000000000000000, -0.000000000000000000, 1.559302000878028960E-16 ) ) ;
#3920 = EDGE_CURVE ( 'NONE', #734, #3931, #3801, .T. ) ;
#3921 = ORIENTED_EDGE ( 'NONE', *, *, #4854, .T. ) ;
#3922 = VECTOR ( 'NONE', #1846, 1000.000000000000000 ) ;
#3923 = VERTEX_POINT ( 'NONE', #3771 ) ;
#3924 = DIRECTION ( 'NONE',  ( 1.000000000000000000, 2.115516434118057955E-16, -0.000000000000000000 ) ) ;
#3925 = CARTESIAN_POINT ( 'NONE',  ( -39.50000000000000000, -23.30000000000000071, 0.000000000000000000 ) ) ;
#3926 = CIRCLE ( 'NONE', #2994, 1.999999999999998224 ) ;
#3927 = AXIS2_PLACEMENT_3D ( 'NONE', #1782, #3268, #4777 ) ;
#3928 = CARTESIAN_POINT ( 'NONE',  ( 44.49999999999998579, -31.00000000000000000, -46.50000000000001421 ) ) ;
#3929 = EDGE_CURVE ( 'NONE', #1681, #3046, #3485, .T. ) ;
#3930 = DIRECTION ( 'NONE',  ( 0.000000000000000000, 0.000000000000000000, -1.000000000000000000 ) ) ;
#3931 = VERTEX_POINT ( 'NONE', #1073 ) ;
#3932 = FACE_OUTER_BOUND ( 'NONE', #4328, .T. ) ;
#3933 = CYLINDRICAL_SURFACE ( 'NONE', #2683, 3.000000000000002665 ) ;
#3934 = DIRECTION ( 'NONE',  ( -0.000000000000000000, 1.000000000000000000, -0.000000000000000000 ) ) ;
#3935 = EDGE_CURVE ( 'NONE', #3911, #1835, #3809, .T. ) ;
#3936 = AXIS2_PLACEMENT_3D ( 'NONE', #3289, #2922, #1038 ) ;
#3937 = CARTESIAN_POINT ( 'NONE',  ( -47.30000000000000426, -13.99999999999999822, 34.99999999999999289 ) ) ;
#3938 = ORIENTED_EDGE ( 'NONE', *, *, #2007, .T. ) ;
#3939 = DIRECTION ( 'NONE',  ( -0.000000000000000000, 1.000000000000000000, -0.000000000000000000 ) ) ;
#3940 = ORIENTED_EDGE ( 'NONE', *, *, #2470, .T. ) ;
#3941 = EDGE_LOOP ( 'NONE', ( #3760, #2173, #4396, #3894 ) ) ;
#3942 = CARTESIAN_POINT ( 'NONE',  ( 46.69999999999998863, 0.000000000000000000, -44.50000000000001421 ) ) ;
#3943 = DIRECTION ( 'NONE',  ( 0.000000000000000000, -0.000000000000000000, -1.000000000000000000 ) ) ;
#3944 = ORIENTED_EDGE ( 'NONE', *, *, #888, .F. ) ;
#3945 = VECTOR ( 'NONE', #2346, 1000.000000000000000 ) ;
#3946 = PLANE ( 'NONE',  #3788 ) ;
#3947 = DIRECTION ( 'NONE',  ( -0.000000000000000000, 1.000000000000000000, -0.000000000000000000 ) ) ;
#3948 = AXIS2_PLACEMENT_3D ( 'NONE', #2222, #1525, #2319 ) ;
#3949 = ORIENTED_EDGE ( 'NONE', *, *, #2996, .T. ) ;
#3950 = ORIENTED_EDGE ( 'NONE', *, *, #4878, .F. ) ;
#3951 = DIRECTION ( 'NONE',  ( 0.000000000000000000, 1.000000000000000000, 0.000000000000000000 ) ) ;
#3952 = EDGE_CURVE ( 'NONE', #232, #4594, #2775, .T. ) ;
#3953 = CARTESIAN_POINT ( 'NONE',  ( -47.29999999999999005, -23.99999999999999289, -36.00000000000000711 ) ) ;
#3954 = DIRECTION ( 'NONE',  ( 0.000000000000000000, 0.000000000000000000, 1.000000000000000000 ) ) ;
#3955 = DIRECTION ( 'NONE',  ( 1.000000000000000000, 0.000000000000000000, 0.000000000000000000 ) ) ;
#3956 = DIRECTION ( 'NONE',  ( 0.000000000000000000, 0.000000000000000000, -1.000000000000000000 ) ) ;
#3957 = EDGE_LOOP ( 'NONE', ( #2019, #1398, #41, #3518 ) ) ;
#3958 = CARTESIAN_POINT ( 'NONE',  ( -47.30000000000000426, -4.000000000000000000, 34.99999999999999289 ) ) ;
#3959 = EDGE_CURVE ( 'NONE', #3017, #496, #4142, .T. ) ;
#3960 = EDGE_CURVE ( 'NONE', #4810, #2797, #1914, .T. ) ;
#3961 = CARTESIAN_POINT ( 'NONE',  ( -40.00000000000000000, -16.00000000000000000, 39.99999999999998579 ) ) ;
#3962 = DIRECTION ( 'NONE',  ( -0.000000000000000000, 1.000000000000000000, -0.000000000000000000 ) ) ;
#3963 = DIRECTION ( 'NONE',  ( 1.000000000000000000, 0.000000000000000000, -1.460819769243627131E-16 ) ) ;
#3964 = ORIENTED_EDGE ( 'NONE', *, *, #2738, .T. ) ;
#3965 = LINE ( 'NONE', #284, #413 ) ;
#3966 = ORIENTED_EDGE ( 'NONE', *, *, #2024, .T. ) ;
#3967 = ORIENTED_EDGE ( 'NONE', *, *, #1670, .T. ) ;
#3968 = EDGE_CURVE ( 'NONE', #2702, #4705, #645, .T. ) ;
#3969 = DIRECTION ( 'NONE',  ( -0.000000000000000000, -1.000000000000000000, -0.000000000000000000 ) ) ;
#3970 = AXIS2_PLACEMENT_3D ( 'NONE', #1814, #2955, #3025 ) ;
#3971 = DIRECTION ( 'NONE',  ( 0.000000000000000000, 0.000000000000000000, -1.000000000000000000 ) ) ;
#3972 = CARTESIAN_POINT ( 'NONE',  ( -43.49999999999999289, -23.30000000000000071, -34.99999999999999289 ) ) ;
#3973 = ORIENTED_EDGE ( 'NONE', *, *, #1222, .T. ) ;
#3974 = VECTOR ( 'NONE', #2777, 1000.000000000000000 ) ;
#3975 = CARTESIAN_POINT ( 'NONE',  ( 37.00000000000000000, 0.000000000000000000, -2.500000000000000000 ) ) ;
#3976 = CYLINDRICAL_SURFACE ( 'NONE', #3245, 3.000000000000002665 ) ;
#3977 = ORIENTED_EDGE ( 'NONE', *, *, #275, .T. ) ;
#3978 = ORIENTED_EDGE ( 'NONE', *, *, #2527, .T. ) ;
#3979 = DIRECTION ( 'NONE',  ( 0.000000000000000000, 0.000000000000000000, -1.000000000000000000 ) ) ;
#3980 = CARTESIAN_POINT ( 'NONE',  ( 39.50000000000000000, -16.00000000000000000, 39.50000000000000711 ) ) ;
#3981 = ORIENTED_EDGE ( 'NONE', *, *, #3703, .T. ) ;
#3982 = DIRECTION ( 'NONE',  ( -1.000000000000000000, 0.000000000000000000, 0.000000000000000000 ) ) ;
#3983 = CARTESIAN_POINT ( 'NONE',  ( 23.99999999999999289, 0.000000000000000000, -46.50000000000001421 ) ) ;
#3984 = ORIENTED_EDGE ( 'NONE', *, *, #4445, .F. ) ;
#3985 = CARTESIAN_POINT ( 'NONE',  ( -47.30000000000000426, -24.00000000000000000, 34.99999999999999289 ) ) ;
#3986 = DIRECTION ( 'NONE',  ( 1.000000000000000000, 0.000000000000000000, -1.067522139062649685E-15 ) ) ;
#3987 = CARTESIAN_POINT ( 'NONE',  ( 40.00000000000000000, -16.00000000000000000, 38.94999999999999574 ) ) ;
#3988 = CARTESIAN_POINT ( 'NONE',  ( -39.99999999999998579, -23.30000000000000071, -43.50000000000001421 ) ) ;
#3989 = EDGE_CURVE ( 'NONE', #2950, #4319, #412, .T. ) ;
#3990 = ORIENTED_EDGE ( 'NONE', *, *, #1230, .T. ) ;
#3991 = DIRECTION ( 'NONE',  ( 0.000000000000000000, 0.000000000000000000, -1.000000000000000000 ) ) ;
#3992 = ORIENTED_EDGE ( 'NONE', *, *, #3170, .F. ) ;
#3993 = FACE_OUTER_BOUND ( 'NONE', #1777, .T. ) ;
#3994 = EDGE_CURVE ( 'NONE', #195, #2265, #1667, .T. ) ;
#3995 = DIRECTION ( 'NONE',  ( 0.000000000000000000, 0.000000000000000000, 1.000000000000000000 ) ) ;
#3996 = ORIENTED_EDGE ( 'NONE', *, *, #3663, .F. ) ;
#3997 = CARTESIAN_POINT ( 'NONE',  ( -47.50000000000000000, -13.99999999999999822, 33.99999999999999289 ) ) ;
#3998 = CARTESIAN_POINT ( 'NONE',  ( -36.99999999999999289, -23.30000000000000071, -37.00000000000000000 ) ) ;
#3999 = EDGE_CURVE ( 'NONE', #4611, #4567, #3354, .T. ) ;
#4000 = ORIENTED_EDGE ( 'NONE', *, *, #884, .F. ) ;
#4001 = VERTEX_POINT ( 'NONE', #1500 ) ;
#4002 = AXIS2_PLACEMENT_3D ( 'NONE', #2645, #1104, #1799 ) ;
#4003 = CARTESIAN_POINT ( 'NONE',  ( -47.30000000000000426, -4.000000000000000000, 36.00000000000000000 ) ) ;
#4004 = CARTESIAN_POINT ( 'NONE',  ( -47.29999999999999005, -3.999999999999991562, -36.00000000000001421 ) ) ;
#4005 = CARTESIAN_POINT ( 'NONE',  ( -36.99999999999998579, -16.00000000000000000, -41.49999999999999289 ) ) ;
#4006 = VECTOR ( 'NONE', #3854, 1000.000000000000000 ) ;
#4007 = DIRECTION ( 'NONE',  ( 0.000000000000000000, 0.000000000000000000, -1.000000000000000000 ) ) ;
#4008 = ORIENTED_EDGE ( 'NONE', *, *, #2165, .F. ) ;
#4009 = CARTESIAN_POINT ( 'NONE',  ( -37.00000000000000000, -23.30000000000000071, 0.000000000000000000 ) ) ;
#4010 = AXIS2_PLACEMENT_3D ( 'NONE', #4145, #4461, #3432 ) ;
#4011 = VECTOR ( 'NONE', #1236, 1000.000000000000000 ) ;
#4012 = CARTESIAN_POINT ( 'NONE',  ( -36.99999999999999289, 0.000000000000000000, -39.50000000000000000 ) ) ;
#4013 = DIRECTION ( 'NONE',  ( 0.000000000000000000, 0.000000000000000000, 1.000000000000000000 ) ) ;
#4014 = CARTESIAN_POINT ( 'NONE',  ( 39.50000000000000000, -16.00000000000000000, 2.500000000000000000 ) ) ;
#4015 = VECTOR ( 'NONE', #990, 1000.000000000000000 ) ;
#4016 = ORIENTED_EDGE ( 'NONE', *, *, #2091, .F. ) ;
#4017 = CARTESIAN_POINT ( 'NONE',  ( 47.50000000000000000, -24.00000000000000000, 33.99999999999998579 ) ) ;
#4018 = ORIENTED_EDGE ( 'NONE', *, *, #458, .T. ) ;
#4019 = ORIENTED_EDGE ( 'NONE', *, *, #4608, .F. ) ;
#4020 = DIRECTION ( 'NONE',  ( 1.000000000000000000, -0.000000000000000000, -1.460819769243627377E-16 ) ) ;
#4021 = AXIS2_PLACEMENT_3D ( 'NONE', #98, #2709, #4184 ) ;
#4022 = DIRECTION ( 'NONE',  ( 1.000000000000000000, 0.000000000000000000, -0.000000000000000000 ) ) ;
#4023 = DIRECTION ( 'NONE',  ( -0.000000000000000000, 1.000000000000000000, -0.000000000000000000 ) ) ;
#4024 = VECTOR ( 'NONE', #1536, 1000.000000000000000 ) ;
#4025 = ORIENTED_EDGE ( 'NONE', *, *, #766, .T. ) ;
#4026 = EDGE_CURVE ( 'NONE', #4443, #2659, #358, .T. ) ;
#4027 = EDGE_CURVE ( 'NONE', #2848, #4721, #3331, .T. ) ;
#4028 = DIRECTION ( 'NONE',  ( 0.000000000000000000, -1.000000000000000000, 0.000000000000000000 ) ) ;
#4029 = AXIS2_PLACEMENT_3D ( 'NONE', #1468, #2977, #4478 ) ;
#4030 = DIRECTION ( 'NONE',  ( -0.000000000000000000, -1.000000000000000000, 0.000000000000000000 ) ) ;
#4031 = ORIENTED_EDGE ( 'NONE', *, *, #1399, .F. ) ;
#4032 = ORIENTED_EDGE ( 'NONE', *, *, #1404, .T. ) ;
#4033 = VECTOR ( 'NONE', #4430, 1000.000000000000000 ) ;
#4034 = LINE ( 'NONE', #4058, #3608 ) ;
#4035 = EDGE_CURVE ( 'NONE', #2288, #978, #336, .T. ) ;
#4036 = DIRECTION ( 'NONE',  ( 1.000000000000000000, -0.000000000000000000, 1.559302000878028960E-16 ) ) ;
#4037 = CARTESIAN_POINT ( 'NONE',  ( -44.49999999999999289, 0.000000000000000000, -44.50000000000000000 ) ) ;
#4038 = AXIS2_PLACEMENT_3D ( 'NONE', #1079, #2598, #4126 ) ;
#4039 = PRODUCT_CONTEXT ( 'NONE', #40, 'mechanical' ) ;
#4040 = CARTESIAN_POINT ( 'NONE',  ( 44.50000000000000000, -31.00000000000000000, 44.49999999999998579 ) ) ;
#4041 = ORIENTED_EDGE ( 'NONE', *, *, #2455, .T. ) ;
#4042 = CIRCLE ( 'NONE', #89, 2.000000000000001776 ) ;
#4043 = CARTESIAN_POINT ( 'NONE',  ( -47.50000000000000000, 1.000000000000000000, 44.49999999999998579 ) ) ;
#4044 = LINE ( 'NONE', #4732, #1029 ) ;
#4045 = LINE ( 'NONE', #3592, #4284 ) ;
#4046 = VERTEX_POINT ( 'NONE', #4868 ) ;
#4047 = CYLINDRICAL_SURFACE ( 'NONE', #3251, 1.050000000000002265 ) ;
#4048 = EDGE_LOOP ( 'NONE', ( #4370, #2875, #4313, #640 ) ) ;
#4049 = CARTESIAN_POINT ( 'NONE',  ( -44.50000000000001421, -31.00000000000000000, -44.50000000000001421 ) ) ;
#4050 = ORIENTED_EDGE ( 'NONE', *, *, #4365, .T. ) ;
#4051 = EDGE_LOOP ( 'NONE', ( #2807, #2879, #4355, #2043 ) ) ;
#4052 = VECTOR ( 'NONE', #2878, 1000.000000000000000 ) ;
#4053 = CARTESIAN_POINT ( 'NONE',  ( 47.30000000000000426, -4.000000000000000000, 33.99999999999999289 ) ) ;
#4054 = DIRECTION ( 'NONE',  ( 1.000000000000000000, 0.000000000000000000, -1.460819769243627131E-16 ) ) ;
#4055 = AXIS2_PLACEMENT_3D ( 'NONE', #4334, #3653, #258 ) ;
#4056 = EDGE_CURVE ( 'NONE', #3361, #861, #1844, .T. ) ;
#4057 = ORIENTED_EDGE ( 'NONE', *, *, #3400, .T. ) ;
#4058 = CARTESIAN_POINT ( 'NONE',  ( 37.00000000000000000, -16.00000000000000000, -37.00000000000000000 ) ) ;
#4059 = DIRECTION ( 'NONE',  ( 0.000000000000000000, 0.000000000000000000, -1.000000000000000000 ) ) ;
#4060 = CARTESIAN_POINT ( 'NONE',  ( 43.50000000000000000, -23.30000000000000071, 4.500000000000000888 ) ) ;
#4061 = ADVANCED_FACE ( 'NONE', ( #1098 ), #4536, .F. ) ;
#4062 = EDGE_CURVE ( 'NONE', #4089, #3923, #1122, .T. ) ;
#4063 = DIRECTION ( 'NONE',  ( 0.000000000000000000, 0.000000000000000000, 1.000000000000000000 ) ) ;
#4064 = ORIENTED_EDGE ( 'NONE', *, *, #1505, .F. ) ;
#4065 = CARTESIAN_POINT ( 'NONE',  ( -39.50000000000000000, -16.00000000000000000, 0.000000000000000000 ) ) ;
#4066 = CARTESIAN_POINT ( 'NONE',  ( -41.50000000000000000, -23.30000000000000071, 37.00000000000000000 ) ) ;
#4067 = EDGE_CURVE ( 'NONE', #2288, #3648, #3428, .T. ) ;
#4068 = EDGE_LOOP ( 'NONE', ( #290, #3461, #3411, #59, #4195, #1426, #1084, #314, #3679, #381, #603, #3136, #1620, #3288, #1289, #3638, #215, #470, #3488, #3832, #3258, #4343, #149, #1382 ) ) ;
#4069 = CARTESIAN_POINT ( 'NONE',  ( 44.49999999999999289, -32.00000000000000000, 44.50000000000000000 ) ) ;
#4070 = ORIENTED_EDGE ( 'NONE', *, *, #829, .F. ) ;
#4071 = CYLINDRICAL_SURFACE ( 'NONE', #1015, 2.500000000000002220 ) ;
#4072 = CARTESIAN_POINT ( 'NONE',  ( -47.50000000000001421, -31.00000000000000000, -44.50000000000001421 ) ) ;
#4073 = DIRECTION ( 'NONE',  ( -0.000000000000000000, 1.000000000000000000, -0.000000000000000000 ) ) ;
#4074 = ORIENTED_EDGE ( 'NONE', *, *, #3952, .T. ) ;
#4075 = ORIENTED_EDGE ( 'NONE', *, *, #1971, .F. ) ;
#4076 = DIRECTION ( 'NONE',  ( 0.000000000000000000, 0.000000000000000000, -1.000000000000000000 ) ) ;
#4077 = LINE ( 'NONE', #1857, #2352 ) ;
#4078 = VERTEX_POINT ( 'NONE', #2693 ) ;
#4079 = EDGE_CURVE ( 'NONE', #3267, #870, #4232, .T. ) ;
#4080 = DIRECTION ( 'NONE',  ( 0.000000000000000000, 0.000000000000000000, -1.000000000000000000 ) ) ;
#4081 = FILL_AREA_STYLE_COLOUR ( '', #1110 ) ;
#4082 = VECTOR ( 'NONE', #2523, 1000.000000000000000 ) ;
#4083 = CARTESIAN_POINT ( 'NONE',  ( 43.50000000000000000, -23.30000000000000071, 39.99999999999999289 ) ) ;
#4084 = ORIENTED_EDGE ( 'NONE', *, *, #3898, .F. ) ;
#4085 = ADVANCED_FACE ( 'NONE', ( #2408 ), #898, .T. ) ;
#4086 = VECTOR ( 'NONE', #1226, 1000.000000000000000 ) ;
#4087 = DIRECTION ( 'NONE',  ( 0.000000000000000000, 0.000000000000000000, 1.000000000000000000 ) ) ;
#4088 = DIRECTION ( 'NONE',  ( -1.000000000000000000, -0.000000000000000000, 1.460819769243627131E-16 ) ) ;
#4089 = VERTEX_POINT ( 'NONE', #1199 ) ;
#4090 = CARTESIAN_POINT ( 'NONE',  ( 40.00000000000000000, -16.00000000000000000, 40.00000000000000000 ) ) ;
#4091 = ORIENTED_EDGE ( 'NONE', *, *, #765, .T. ) ;
#4092 = CIRCLE ( 'NONE', #1718, 2.000000000000001776 ) ;
#4093 = AXIS2_PLACEMENT_3D ( 'NONE', #684, #2643, #1871 ) ;
#4094 = CARTESIAN_POINT ( 'NONE',  ( -43.50000000000000000, -16.00000000000000000, 43.50000000000000000 ) ) ;
#4095 = ADVANCED_FACE ( 'NONE', ( #3514 ), #2778, .F. ) ;
#4096 = DIRECTION ( 'NONE',  ( -0.000000000000000000, 1.000000000000000000, -0.000000000000000000 ) ) ;
#4097 = CIRCLE ( 'NONE', #1173, 2.500000000000000000 ) ;
#4098 = CARTESIAN_POINT ( 'NONE',  ( 43.49999999999999289, -23.30000000000000071, 43.49999999999998579 ) ) ;
#4099 = EDGE_LOOP ( 'NONE', ( #2052, #4503 ) ) ;
#4100 = CYLINDRICAL_SURFACE ( 'NONE', #806, 3.000000000000002665 ) ;
#4101 = EDGE_LOOP ( 'NONE', ( #881, #488, #3185, #3544 ) ) ;
#4102 = AXIS2_PLACEMENT_3D ( 'NONE', #1044, #672, #2605 ) ;
#4103 = DIRECTION ( 'NONE',  ( -1.000000000000000000, -0.000000000000000000, -1.460819769243627377E-16 ) ) ;
#4104 = PLANE ( 'NONE',  #68 ) ;
#4105 = CIRCLE ( 'NONE', #318, 1.550000000000002709 ) ;
#4106 = VERTEX_POINT ( 'NONE', #4215 ) ;
#4107 = AXIS2_PLACEMENT_3D ( 'NONE', #1891, #3768, #703 ) ;
#4108 = DIRECTION ( 'NONE',  ( 0.000000000000000000, 0.000000000000000000, -1.000000000000000000 ) ) ;
#4109 = FACE_BOUND ( 'NONE', #648, .T. ) ;
#4110 = AXIS2_PLACEMENT_3D ( 'NONE', #3073, #3900, #1588 ) ;
#4111 = DIRECTION ( 'NONE',  ( 0.000000000000000000, 0.000000000000000000, -1.000000000000000000 ) ) ;
#4112 = ORIENTED_EDGE ( 'NONE', *, *, #4422, .F. ) ;
#4113 = DIRECTION ( 'NONE',  ( -0.000000000000000000, 1.000000000000000000, -0.000000000000000000 ) ) ;
#4114 = VECTOR ( 'NONE', #4346, 1000.000000000000000 ) ;
#4115 = CARTESIAN_POINT ( 'NONE',  ( 43.50000000000000000, -16.00000000000000000, -39.99999999999999289 ) ) ;
#4116 = DIRECTION ( 'NONE',  ( -0.000000000000000000, 1.000000000000000000, -0.000000000000000000 ) ) ;
#4117 = ORIENTED_EDGE ( 'NONE', *, *, #4599, .T. ) ;
#4118 = CARTESIAN_POINT ( 'NONE',  ( -43.50000000000000711, -23.30000000000000071, 34.99999999999999289 ) ) ;
#4119 = EDGE_CURVE ( 'NONE', #1976, #4524, #2802, .T. ) ;
#4120 = ORIENTED_EDGE ( 'NONE', *, *, #3761, .T. ) ;
#4121 = CARTESIAN_POINT ( 'NONE',  ( 39.99999999999999289, 0.000000000000000000, -43.50000000000000000 ) ) ;
#4122 = EDGE_CURVE ( 'NONE', #2293, #2898, #1999, .T. ) ;
#4123 = CARTESIAN_POINT ( 'NONE',  ( 43.50000000000000000, -16.00000000000000000, 2.500000000000000000 ) ) ;
#4124 = DIRECTION ( 'NONE',  ( -0.000000000000000000, 1.000000000000000000, -0.000000000000000000 ) ) ;
#4125 = VERTEX_POINT ( 'NONE', #1966 ) ;
#4126 = DIRECTION ( 'NONE',  ( 0.000000000000000000, 0.000000000000000000, -1.000000000000000000 ) ) ;
#4127 = EDGE_CURVE ( 'NONE', #1219, #4089, #4282, .T. ) ;
#4128 = ORIENTED_EDGE ( 'NONE', *, *, #1797, .F. ) ;
#4129 = EDGE_CURVE ( 'NONE', #887, #4569, #519, .T. ) ;
#4130 = CARTESIAN_POINT ( 'NONE',  ( 43.50000000000000000, -23.30000000000000071, -4.500000000000000888 ) ) ;
#4131 = CARTESIAN_POINT ( 'NONE',  ( -36.99999999999998579, -16.00000000000000000, -43.50000000000000000 ) ) ;
#4132 = ORIENTED_EDGE ( 'NONE', *, *, #1795, .T. ) ;
#4133 = AXIS2_PLACEMENT_3D ( 'NONE', #2931, #2483, #968 ) ;
#4134 = CARTESIAN_POINT ( 'NONE',  ( 47.49999999999998579, -31.00000000000000000, -44.50000000000001421 ) ) ;
#4135 = CARTESIAN_POINT ( 'NONE',  ( 0.000000000000000000, -16.00000000000000000, 0.000000000000000000 ) ) ;
#4136 = AXIS2_PLACEMENT_3D ( 'NONE', #4159, #4063, #2286 ) ;
#4137 = CARTESIAN_POINT ( 'NONE',  ( 26.00000000000000711, 1.000000000000000000, -46.70000000000001705 ) ) ;
#4138 = ORIENTED_EDGE ( 'NONE', *, *, #3297, .F. ) ;
#4139 = DIRECTION ( 'NONE',  ( 0.000000000000000000, 0.000000000000000000, 1.000000000000000000 ) ) ;
#4140 = DIRECTION ( 'NONE',  ( 0.000000000000000000, -0.000000000000000000, -1.000000000000000000 ) ) ;
#4141 = ORIENTED_EDGE ( 'NONE', *, *, #417, .F. ) ;
#4142 = LINE ( 'NONE', #2981, #4347 ) ;
#4143 = VERTEX_POINT ( 'NONE', #148 ) ;
#4144 = DIRECTION ( 'NONE',  ( 0.000000000000000000, -1.000000000000000000, 0.000000000000000000 ) ) ;
#4145 = CARTESIAN_POINT ( 'NONE',  ( 39.50000000000000000, -23.30000000000000071, 0.000000000000000000 ) ) ;
#4146 = ADVANCED_FACE ( 'NONE', ( #2387 ), #1569, .F. ) ;
#4147 = LINE ( 'NONE', #1776, #3135 ) ;
#4148 = ORIENTED_EDGE ( 'NONE', *, *, #2767, .T. ) ;
#4149 = FACE_OUTER_BOUND ( 'NONE', #4164, .T. ) ;
#4150 = VERTEX_POINT ( 'NONE', #2033 ) ;
#4151 = ADVANCED_FACE ( 'NONE', ( #3082 ), #1660, .T. ) ;
#4152 = CARTESIAN_POINT ( 'NONE',  ( 44.49999999999999289, 0.000000000000000000, 44.50000000000000000 ) ) ;
#4153 = CARTESIAN_POINT ( 'NONE',  ( -23.99999999999999645, -14.40000000000000036, -46.50000000000001421 ) ) ;
#4154 = EDGE_CURVE ( 'NONE', #666, #4150, #3472, .T. ) ;
#4155 = ORIENTED_EDGE ( 'NONE', *, *, #2497, .T. ) ;
#4156 = EDGE_CURVE ( 'NONE', #3435, #717, #2954, .T. ) ;
#4157 = DIRECTION ( 'NONE',  ( 0.000000000000000000, 0.000000000000000000, -1.000000000000000000 ) ) ;
#4158 = CARTESIAN_POINT ( 'NONE',  ( 43.50000000000000000, 0.000000000000000000, -37.00000000000000000 ) ) ;
#4159 = CARTESIAN_POINT ( 'NONE',  ( -21.99999999999999645, -14.40000000000000036, 47.50099999999999056 ) ) ;
#4160 = ORIENTED_EDGE ( 'NONE', *, *, #4079, .F. ) ;
#4161 = CARTESIAN_POINT ( 'NONE',  ( 46.50000000000001421, -32.00000000000000000, -44.50000000000001421 ) ) ;
#4162 = AXIS2_PLACEMENT_3D ( 'NONE', #1062, #1460, #2653 ) ;
#4163 = DIRECTION ( 'NONE',  ( -0.000000000000000000, -0.000000000000000000, 1.000000000000000000 ) ) ;
#4164 = EDGE_LOOP ( 'NONE', ( #3238, #1744, #125, #1180 ) ) ;
#4165 = DIRECTION ( 'NONE',  ( 1.000000000000000000, 0.000000000000000000, 0.000000000000000000 ) ) ;
#4166 = ORIENTED_EDGE ( 'NONE', *, *, #3898, .T. ) ;
#4167 = DIRECTION ( 'NONE',  ( 0.000000000000000000, 0.000000000000000000, 1.000000000000000000 ) ) ;
#4168 = AXIS2_PLACEMENT_3D ( 'NONE', #984, #2495, #1377 ) ;
#4169 = DIRECTION ( 'NONE',  ( -0.000000000000000000, 1.000000000000000000, -0.000000000000000000 ) ) ;
#4170 = VECTOR ( 'NONE', #319, 1000.000000000000000 ) ;
#4171 = ORIENTED_EDGE ( 'NONE', *, *, #3209, .T. ) ;
#4172 = LINE ( 'NONE', #3412, #4590 ) ;
#4173 = ORIENTED_EDGE ( 'NONE', *, *, #4241, .T. ) ;
#4174 = VERTEX_POINT ( 'NONE', #433 ) ;
#4175 = EDGE_CURVE ( 'NONE', #2694, #2554, #2163, .T. ) ;
#4176 = AXIS2_PLACEMENT_3D ( 'NONE', #2758, #1221, #2037 ) ;
#4177 = CIRCLE ( 'NONE', #2040, 1.000000000000000888 ) ;
#4178 = CARTESIAN_POINT ( 'NONE',  ( -47.49999999999998579, -13.99999999999998934, -35.00000000000000711 ) ) ;
#4179 = CARTESIAN_POINT ( 'NONE',  ( 0.000000000000000000, -23.30000000000000071, 0.000000000000000000 ) ) ;
#4180 = CIRCLE ( 'NONE', #4407, 2.500000000000002220 ) ;
#4181 = ORIENTED_EDGE ( 'NONE', *, *, #100, .T. ) ;
#4182 = EDGE_CURVE ( 'NONE', #2318, #3262, #2717, .T. ) ;
#4183 = EDGE_CURVE ( 'NONE', #4537, #3262, #84, .T. ) ;
#4184 = DIRECTION ( 'NONE',  ( 0.000000000000000000, 0.000000000000000000, -1.000000000000000000 ) ) ;
#4185 = PLANE ( 'NONE',  #4830 ) ;
#4186 = CARTESIAN_POINT ( 'NONE',  ( -47.29999999999999005, -3.999999999999991562, -36.00000000000001421 ) ) ;
#4187 = EDGE_CURVE ( 'NONE', #3298, #3892, #4609, .T. ) ;
#4188 = ORIENTED_EDGE ( 'NONE', *, *, #770, .T. ) ;
#4189 = AXIS2_PLACEMENT_3D ( 'NONE', #1369, #678, #2191 ) ;
#4190 = CARTESIAN_POINT ( 'NONE',  ( 47.29999999999999005, -3.999999999999991562, -36.00000000000001421 ) ) ;
#4191 = AXIS2_PLACEMENT_3D ( 'NONE', #511, #2309, #3858 ) ;
#4192 = DIRECTION ( 'NONE',  ( 0.000000000000000000, 0.000000000000000000, -1.000000000000000000 ) ) ;
#4193 = ORIENTED_EDGE ( 'NONE', *, *, #3598, .T. ) ;
#4194 = DIRECTION ( 'NONE',  ( 1.000000000000000000, 0.000000000000000000, -0.000000000000000000 ) ) ;
#4195 = ORIENTED_EDGE ( 'NONE', *, *, #1614, .T. ) ;
#4196 = DIRECTION ( 'NONE',  ( 0.000000000000000000, 0.000000000000000000, -1.000000000000000000 ) ) ;
#4197 = VECTOR ( 'NONE', #156, 1000.000000000000000 ) ;
#4198 = CYLINDRICAL_SURFACE ( 'NONE', #1321, 1.050000000000002265 ) ;
#4199 = VECTOR ( 'NONE', #1546, 1000.000000000000000 ) ;
#4200 = EDGE_LOOP ( 'NONE', ( #1080, #2736, #273, #34 ) ) ;
#4201 = CARTESIAN_POINT ( 'NONE',  ( 26.00000000000000711, 18.39999999999999858, -46.50000000000001421 ) ) ;
#4202 = ORIENTED_EDGE ( 'NONE', *, *, #2649, .F. ) ;
#4203 = FACE_BOUND ( 'NONE', #843, .T. ) ;
#4204 = LINE ( 'NONE', #3834, #132 ) ;
#4205 = VERTEX_POINT ( 'NONE', #3122 ) ;
#4206 = CYLINDRICAL_SURFACE ( 'NONE', #1894, 2.000000000000000000 ) ;
#4207 = DIRECTION ( 'NONE',  ( 0.000000000000000000, -1.000000000000000000, 0.000000000000000000 ) ) ;
#4208 = EDGE_CURVE ( 'NONE', #4791, #2554, #2753, .T. ) ;
#4209 = VERTEX_POINT ( 'NONE', #1635 ) ;
#4210 = VECTOR ( 'NONE', #4627, 1000.000000000000000 ) ;
#4211 = DIRECTION ( 'NONE',  ( 0.000000000000000000, 0.000000000000000000, 1.000000000000000000 ) ) ;
#4212 = EDGE_CURVE ( 'NONE', #2524, #4338, #625, .T. ) ;
#4213 = LINE ( 'NONE', #4607, #1609 ) ;
#4214 = VERTEX_POINT ( 'NONE', #570 ) ;
#4215 = CARTESIAN_POINT ( 'NONE',  ( -25.99999999999999645, 1.000000000000000888, -47.50000000000001421 ) ) ;
#4216 = VECTOR ( 'NONE', #4163, 1000.000000000000000 ) ;
#4217 = ORIENTED_EDGE ( 'NONE', *, *, #2680, .T. ) ;
#4218 = FACE_BOUND ( 'NONE', #1876, .T. ) ;
#4219 = CARTESIAN_POINT ( 'NONE',  ( -35.00000000000000000, 0.000000000000000000, 41.49999999999998579 ) ) ;
#4220 = EDGE_CURVE ( 'NONE', #3166, #1545, #4809, .T. ) ;
#4221 = ORIENTED_EDGE ( 'NONE', *, *, #3849, .F. ) ;
#4222 = LINE ( 'NONE', #2392, #1192 ) ;
#4223 = ORIENTED_EDGE ( 'NONE', *, *, #1886, .T. ) ;
#4224 = VERTEX_POINT ( 'NONE', #3983 ) ;
#4225 = CARTESIAN_POINT ( 'NONE',  ( 39.99999999999998579, -23.30000000000000071, 43.49999999999998579 ) ) ;
#4226 = LINE ( 'NONE', #71, #4006 ) ;
#4227 = ORIENTED_EDGE ( 'NONE', *, *, #1641, .F. ) ;
#4228 = DIRECTION ( 'NONE',  ( 0.000000000000000000, 0.000000000000000000, 1.000000000000000000 ) ) ;
#4229 = CARTESIAN_POINT ( 'NONE',  ( -34.99999999999998579, -23.30000000000000071, -43.50000000000000000 ) ) ;
#4230 = ORIENTED_EDGE ( 'NONE', *, *, #252, .F. ) ;
#4231 = FACE_OUTER_BOUND ( 'NONE', #4900, .T. ) ;
#4232 = LINE ( 'NONE', #4674, #3175 ) ;
#4233 = ORIENTED_EDGE ( 'NONE', *, *, #409, .T. ) ;
#4234 = CARTESIAN_POINT ( 'NONE',  ( -47.30000000000000426, -13.99999999999999822, 36.00000000000000000 ) ) ;
#4235 = EDGE_CURVE ( 'NONE', #4392, #981, #3646, .T. ) ;
#4236 = FACE_OUTER_BOUND ( 'NONE', #3917, .T. ) ;
#4237 = VERTEX_POINT ( 'NONE', #3587 ) ;
#4238 = CARTESIAN_POINT ( 'NONE',  ( 47.30000000000000426, -13.99999999999999822, 33.99999999999999289 ) ) ;
#4239 = ORIENTED_EDGE ( 'NONE', *, *, #2583, .F. ) ;
#4240 = AXIS2_PLACEMENT_3D ( 'NONE', #721, #3364, #4877 ) ;
#4241 = EDGE_CURVE ( 'NONE', #591, #3743, #3574, .T. ) ;
#4242 = AXIS2_PLACEMENT_3D ( 'NONE', #761, #341, #4824 ) ;
#4243 = PLANE ( 'NONE',  #1163 ) ;
#4244 = ORIENTED_EDGE ( 'NONE', *, *, #679, .F. ) ;
#4245 = AXIS2_PLACEMENT_3D ( 'NONE', #2964, #4895, #2322 ) ;
#4246 = AXIS2_PLACEMENT_3D ( 'NONE', #3056, #1637, #834 ) ;
#4247 = FACE_OUTER_BOUND ( 'NONE', #1858, .T. ) ;
#4248 = FACE_BOUND ( 'NONE', #4690, .T. ) ;
#4249 = AXIS2_PLACEMENT_3D ( 'NONE', #3566, #174, #197 ) ;
#4250 = ORIENTED_EDGE ( 'NONE', *, *, #829, .T. ) ;
#4251 = AXIS2_PLACEMENT_3D ( 'NONE', #2770, #4272, #1587 ) ;
#4252 = DIRECTION ( 'NONE',  ( 0.000000000000000000, -0.000000000000000000, 1.000000000000000000 ) ) ;
#4253 = DIRECTION ( 'NONE',  ( 0.000000000000000000, -1.000000000000000000, 0.000000000000000000 ) ) ;
#4254 = AXIS2_PLACEMENT_3D ( 'NONE', #1953, #2303, #3193 ) ;
#4255 = CARTESIAN_POINT ( 'NONE',  ( 40.00000000000000000, -16.00000000000000000, 0.000000000000000000 ) ) ;
#4256 = EDGE_LOOP ( 'NONE', ( #4554, #3129, #101, #2744 ) ) ;
#4257 = DIRECTION ( 'NONE',  ( 0.000000000000000000, -1.000000000000000000, 0.000000000000000000 ) ) ;
#4258 = CYLINDRICAL_SURFACE ( 'NONE', #4724, 2.000000000000001776 ) ;
#4259 = VECTOR ( 'NONE', #1143, 1000.000000000000000 ) ;
#4260 = ADVANCED_FACE ( 'NONE', ( #1764 ), #1387, .F. ) ;
#4261 = ORIENTED_EDGE ( 'NONE', *, *, #3408, .F. ) ;
#4262 = CARTESIAN_POINT ( 'NONE',  ( 47.30000000000000426, -24.00000000000000000, 35.99999999999999289 ) ) ;
#4263 = EDGE_CURVE ( 'NONE', #1375, #3841, #1530, .T. ) ;
#4264 = CIRCLE ( 'NONE', #2850, 1.000000000000000888 ) ;
#4265 = VERTEX_POINT ( 'NONE', #2166 ) ;
#4266 = AXIS2_PLACEMENT_3D ( 'NONE', #343, #1106, #715 ) ;
#4267 = DIRECTION ( 'NONE',  ( 0.000000000000000000, 0.000000000000000000, -1.000000000000000000 ) ) ;
#4268 = ADVANCED_FACE ( 'NONE', ( #4377, #3214 ), #4757, .F. ) ;
#4269 = ADVANCED_FACE ( 'NONE', ( #2537 ), #3248, .T. ) ;
#4270 = ORIENTED_EDGE ( 'NONE', *, *, #1951, .T. ) ;
#4271 = AXIS2_PLACEMENT_3D ( 'NONE', #2784, #3939, #903 ) ;
#4272 = DIRECTION ( 'NONE',  ( -1.000000000000000000, -0.000000000000000000, -1.460819769243627377E-16 ) ) ;
#4273 = DIRECTION ( 'NONE',  ( -0.000000000000000000, 1.000000000000000000, -0.000000000000000000 ) ) ;
#4274 = EDGE_CURVE ( 'NONE', #2145, #1730, #4852, .T. ) ;
#4275 = VERTEX_POINT ( 'NONE', #3273 ) ;
#4276 = CARTESIAN_POINT ( 'NONE',  ( -43.50000000000000000, -16.00000000000000000, 4.500000000000000888 ) ) ;
#4277 = LINE ( 'NONE', #4672, #398 ) ;
#4278 = DIRECTION ( 'NONE',  ( 0.000000000000000000, 0.000000000000000000, -1.000000000000000000 ) ) ;
#4279 = CARTESIAN_POINT ( 'NONE',  ( -37.00000000000000000, 0.000000000000000000, 39.49999999999999289 ) ) ;
#4280 = VERTEX_POINT ( 'NONE', #943 ) ;
#4281 = DIRECTION ( 'NONE',  ( -1.000000000000000000, -0.000000000000000000, -1.460819769243627377E-16 ) ) ;
#4282 = CIRCLE ( 'NONE', #1679, 1.550000000000002709 ) ;
#4283 = DIRECTION ( 'NONE',  ( 0.000000000000000000, 0.000000000000000000, -1.000000000000000000 ) ) ;
#4284 = VECTOR ( 'NONE', #2541, 1000.000000000000000 ) ;
#4285 = ORIENTED_EDGE ( 'NONE', *, *, #4182, .T. ) ;
#4286 = CARTESIAN_POINT ( 'NONE',  ( -23.99999999999999645, -18.39999999999999858, -46.50000000000001421 ) ) ;
#4287 = ORIENTED_EDGE ( 'NONE', *, *, #1290, .T. ) ;
#4288 = EDGE_CURVE ( 'NONE', #2117, #4416, #222, .T. ) ;
#4289 = DIRECTION ( 'NONE',  ( 0.000000000000000000, 0.000000000000000000, -1.000000000000000000 ) ) ;
#4290 = DIRECTION ( 'NONE',  ( 0.000000000000000000, -1.000000000000000000, 0.000000000000000000 ) ) ;
#4291 = EDGE_LOOP ( 'NONE', ( #1942, #1623 ) ) ;
#4292 = EDGE_CURVE ( 'NONE', #532, #870, #2060, .T. ) ;
#4293 = DIRECTION ( 'NONE',  ( 1.000000000000000000, 0.000000000000000000, -0.000000000000000000 ) ) ;
#4294 = DIRECTION ( 'NONE',  ( 0.000000000000000000, 0.000000000000000000, -1.000000000000000000 ) ) ;
#4295 = EDGE_LOOP ( 'NONE', ( #3673, #3109, #3157, #15 ) ) ;
#4296 = ORIENTED_EDGE ( 'NONE', *, *, #2587, .F. ) ;
#4297 = PLANE ( 'NONE',  #4473 ) ;
#4298 = ADVANCED_FACE ( 'NONE', ( #2110, #595 ), #170, .F. ) ;
#4299 = CYLINDRICAL_SURFACE ( 'NONE', #1177, 2.000000000000008882 ) ;
#4300 = FACE_OUTER_BOUND ( 'NONE', #323, .T. ) ;
#4301 = DIRECTION ( 'NONE',  ( 1.000000000000000000, 0.000000000000000000, -1.559302000878028960E-16 ) ) ;
#4302 = ORIENTED_EDGE ( 'NONE', *, *, #4570, .F. ) ;
#4303 = CYLINDRICAL_SURFACE ( 'NONE', #1090, 1.000000000000000888 ) ;
#4304 = DIRECTION ( 'NONE',  ( 0.000000000000000000, 1.000000000000000000, 0.000000000000000000 ) ) ;
#4305 = DIRECTION ( 'NONE',  ( -0.000000000000000000, -1.000000000000000000, -0.000000000000000000 ) ) ;
#4306 = ORIENTED_EDGE ( 'NONE', *, *, #2687, .F. ) ;
#4307 = CARTESIAN_POINT ( 'NONE',  ( -40.00000000000000000, -23.30000000000000071, 40.00000000000000000 ) ) ;
#4308 = EDGE_LOOP ( 'NONE', ( #3728, #2443 ) ) ;
#4309 = CARTESIAN_POINT ( 'NONE',  ( -39.50000000000000000, 0.000000000000000000, 0.000000000000000000 ) ) ;
#4310 = AXIS2_PLACEMENT_3D ( 'NONE', #2027, #539, #567 ) ;
#4311 = CARTESIAN_POINT ( 'NONE',  ( 39.99999999999999289, -23.30000000000000071, 39.99999999999999289 ) ) ;
#4312 = PRODUCT_RELATED_PRODUCT_CATEGORY ( 'part', '', ( #4433 ) ) ;
#4313 = ORIENTED_EDGE ( 'NONE', *, *, #2847, .T. ) ;
#4314 = AXIS2_PLACEMENT_3D ( 'NONE', #3707, #4415, #2623 ) ;
#4315 = CARTESIAN_POINT ( 'NONE',  ( 41.49999999999999289, -16.00000000000000000, -37.00000000000000000 ) ) ;
#4316 = FACE_OUTER_BOUND ( 'NONE', #1802, .T. ) ;
#4317 = EDGE_CURVE ( 'NONE', #4280, #3633, #2247, .T. ) ;
#4318 = AXIS2_PLACEMENT_3D ( 'NONE', #3259, #3335, #4794 ) ;
#4319 = VERTEX_POINT ( 'NONE', #545 ) ;
#4320 = VECTOR ( 'NONE', #4676, 1000.000000000000000 ) ;
#4321 = ADVANCED_FACE ( 'NONE', ( #1020 ), #2505, .T. ) ;
#4322 = ORIENTED_EDGE ( 'NONE', *, *, #1101, .T. ) ;
#4323 = AXIS2_PLACEMENT_3D ( 'NONE', #3475, #3539, #153 ) ;
#4324 = CIRCLE ( 'NONE', #4240, 1.000000000000000888 ) ;
#4325 = FACE_OUTER_BOUND ( 'NONE', #3019, .T. ) ;
#4326 = EDGE_CURVE ( 'NONE', #2692, #4443, #495, .T. ) ;
#4327 = DIRECTION ( 'NONE',  ( 1.000000000000000000, 0.000000000000000000, -1.460819769243627131E-16 ) ) ;
#4328 = EDGE_LOOP ( 'NONE', ( #816, #3383, #53, #4840 ) ) ;
#4329 = AXIS2_PLACEMENT_3D ( 'NONE', #2186, #4469, #724 ) ;
#4330 = CARTESIAN_POINT ( 'NONE',  ( 40.00000000000000000, -32.00000000000000000, 41.05000000000000426 ) ) ;
#4331 = CARTESIAN_POINT ( 'NONE',  ( -47.50000000000001421, -31.00000000000000000, -44.50000000000001421 ) ) ;
#4332 = DIRECTION ( 'NONE',  ( -0.000000000000000000, -1.000000000000000000, -0.000000000000000000 ) ) ;
#4333 = VECTOR ( 'NONE', #3758, 1000.000000000000000 ) ;
#4334 = CARTESIAN_POINT ( 'NONE',  ( 44.50000000000000000, 1.000000000000000000, 44.49999999999998579 ) ) ;
#4335 = ORIENTED_EDGE ( 'NONE', *, *, #3370, .T. ) ;
#4336 = LINE ( 'NONE', #1745, #1040 ) ;
#4337 = ORIENTED_EDGE ( 'NONE', *, *, #2257, .F. ) ;
#4338 = VERTEX_POINT ( 'NONE', #1444 ) ;
#4339 = CIRCLE ( 'NONE', #4107, 2.000000000000008882 ) ;
#4340 = CARTESIAN_POINT ( 'NONE',  ( 39.99999999999999289, -32.00000000000000000, -39.99999999999999289 ) ) ;
#4341 = VECTOR ( 'NONE', #2823, 1000.000000000000000 ) ;
#4342 = DIRECTION ( 'NONE',  ( 0.000000000000000000, -1.000000000000000000, 0.000000000000000000 ) ) ;
#4343 = ORIENTED_EDGE ( 'NONE', *, *, #2091, .T. ) ;
#4344 = AXIS2_PLACEMENT_3D ( 'NONE', #644, #1726, #1408 ) ;
#4345 = DIRECTION ( 'NONE',  ( -1.559302000878028960E-16, 0.000000000000000000, -1.000000000000000000 ) ) ;
#4346 = DIRECTION ( 'NONE',  ( -1.000000000000000000, 0.000000000000000000, 0.000000000000000000 ) ) ;
#4347 = VECTOR ( 'NONE', #733, 1000.000000000000000 ) ;
#4348 = EDGE_LOOP ( 'NONE', ( #2412, #964, #3825, #2514 ) ) ;
#4349 = VERTEX_POINT ( 'NONE', #3742 ) ;
#4350 = EDGE_CURVE ( 'NONE', #4754, #4265, #2396, .T. ) ;
#4351 = LINE ( 'NONE', #1733, #1246 ) ;
#4352 = ORIENTED_EDGE ( 'NONE', *, *, #497, .F. ) ;
#4353 = LINE ( 'NONE', #4399, #1907 ) ;
#4354 = DIRECTION ( 'NONE',  ( 0.000000000000000000, -1.000000000000000000, 0.000000000000000000 ) ) ;
#4355 = ORIENTED_EDGE ( 'NONE', *, *, #1951, .F. ) ;
#4356 = LINE ( 'NONE', #225, #2358 ) ;
#4357 = ADVANCED_FACE ( 'NONE', ( #1141 ), #3324, .F. ) ;
#4358 = CARTESIAN_POINT ( 'NONE',  ( -47.29999999999999005, -3.999999999999991562, -35.00000000000000711 ) ) ;
#4359 = CARTESIAN_POINT ( 'NONE',  ( 39.99999999999999289, 0.000000000000000000, 39.99999999999999289 ) ) ;
#4360 = DIRECTION ( 'NONE',  ( -0.000000000000000000, 1.000000000000000000, -0.000000000000000000 ) ) ;
#4361 = ORIENTED_EDGE ( 'NONE', *, *, #851, .T. ) ;
#4362 = DIRECTION ( 'NONE',  ( 0.000000000000000000, -0.000000000000000000, -1.000000000000000000 ) ) ;
#4363 = EDGE_LOOP ( 'NONE', ( #2748, #582, #2742, #377 ) ) ;
#4364 = VERTEX_POINT ( 'NONE', #2240 ) ;
#4365 = EDGE_CURVE ( 'NONE', #3161, #1646, #1067, .T. ) ;
#4366 = CARTESIAN_POINT ( 'NONE',  ( -23.99999999999999645, -14.40000000000000036, -46.50000000000001421 ) ) ;
#4367 = AXIS2_PLACEMENT_3D ( 'NONE', #1863, #4502, #3718 ) ;
#4368 = DIRECTION ( 'NONE',  ( 0.000000000000000000, -1.000000000000000000, 0.000000000000000000 ) ) ;
#4369 = DIRECTION ( 'NONE',  ( 1.000000000000000000, 0.000000000000000000, -0.000000000000000000 ) ) ;
#4370 = ORIENTED_EDGE ( 'NONE', *, *, #4419, .F. ) ;
#4371 = VECTOR ( 'NONE', #1613, 1000.000000000000000 ) ;
#4372 = CARTESIAN_POINT ( 'NONE',  ( 22.00000000000000000, -14.39999999999999858, 47.50099999999999056 ) ) ;
#4373 = CYLINDRICAL_SURFACE ( 'NONE', #3805, 1.000000000000000888 ) ;
#4374 = ORIENTED_EDGE ( 'NONE', *, *, #4391, .F. ) ;
#4375 = LINE ( 'NONE', #2852, #3388 ) ;
#4376 = DIRECTION ( 'NONE',  ( -0.000000000000000000, 1.000000000000000000, 0.000000000000000000 ) ) ;
#4377 = FACE_OUTER_BOUND ( 'NONE', #2655, .T. ) ;
#4378 = EDGE_CURVE ( 'NONE', #1145, #90, #302, .T. ) ;
#4379 = EDGE_LOOP ( 'NONE', ( #4873, #95, #813, #4408 ) ) ;
#4380 = DIRECTION ( 'NONE',  ( 0.000000000000000000, 0.000000000000000000, -1.000000000000000000 ) ) ;
#4381 = DIRECTION ( 'NONE',  ( 0.000000000000000000, 1.000000000000000000, 0.000000000000000000 ) ) ;
#4382 = DIRECTION ( 'NONE',  ( 0.000000000000000000, -1.000000000000000000, 0.000000000000000000 ) ) ;
#4383 = ORIENTED_EDGE ( 'NONE', *, *, #2462, .F. ) ;
#4384 = CARTESIAN_POINT ( 'NONE',  ( 44.49999999999998579, 1.000000000000000000, -46.70000000000001705 ) ) ;
#4385 = ADVANCED_FACE ( 'NONE', ( #6 ), #697, .F. ) ;
#4386 = ORIENTED_EDGE ( 'NONE', *, *, #2007, .F. ) ;
#4387 = ORIENTED_EDGE ( 'NONE', *, *, #4035, .T. ) ;
#4388 = FACE_OUTER_BOUND ( 'NONE', #2785, .T. ) ;
#4389 = FACE_OUTER_BOUND ( 'NONE', #3499, .T. ) ;
#4390 = DIRECTION ( 'NONE',  ( 0.000000000000000000, -1.000000000000000000, 0.000000000000000000 ) ) ;
#4391 = EDGE_CURVE ( 'NONE', #4078, #2819, #1465, .T. ) ;
#4392 = VERTEX_POINT ( 'NONE', #2213 ) ;
#4393 = FACE_OUTER_BOUND ( 'NONE', #2149, .T. ) ;
#4394 = CARTESIAN_POINT ( 'NONE',  ( -25.99999999999999645, 18.39999999999999858, -47.50000000000001421 ) ) ;
#4395 = ORIENTED_EDGE ( 'NONE', *, *, #2555, .T. ) ;
#4396 = ORIENTED_EDGE ( 'NONE', *, *, #647, .T. ) ;
#4397 = DIRECTION ( 'NONE',  ( 0.000000000000000000, 0.000000000000000000, -1.000000000000000000 ) ) ;
#4398 = DIRECTION ( 'NONE',  ( -0.000000000000000000, -0.000000000000000000, 1.000000000000000000 ) ) ;
#4399 = CARTESIAN_POINT ( 'NONE',  ( -44.50000000000000000, -31.00000000000000000, 46.49999999999998579 ) ) ;
#4400 = AXIS2_PLACEMENT_3D ( 'NONE', #39, #711, #1474 ) ;
#4401 = CARTESIAN_POINT ( 'NONE',  ( 39.50000000000000000, -16.00000000000000000, -39.50000000000000000 ) ) ;
#4402 = ORIENTED_EDGE ( 'NONE', *, *, #3503, .T. ) ;
#4403 = VECTOR ( 'NONE', #2112, 1000.000000000000000 ) ;
#4404 = LINE ( 'NONE', #1419, #4811 ) ;
#4405 = DIRECTION ( 'NONE',  ( -0.000000000000000000, -0.000000000000000000, -1.000000000000000000 ) ) ;
#4406 = DIRECTION ( 'NONE',  ( 0.000000000000000000, 0.000000000000000000, -1.000000000000000000 ) ) ;
#4407 = AXIS2_PLACEMENT_3D ( 'NONE', #3980, #2107, #3610 ) ;
#4408 = ORIENTED_EDGE ( 'NONE', *, *, #4793, .T. ) ;
#4409 = LINE ( 'NONE', #4439, #1749 ) ;
#4410 = VERTEX_POINT ( 'NONE', #4474 ) ;
#4411 = ORIENTED_EDGE ( 'NONE', *, *, #2003, .T. ) ;
#4412 = DIRECTION ( 'NONE',  ( 0.000000000000000000, 0.000000000000000000, -1.000000000000000000 ) ) ;
#4413 = VECTOR ( 'NONE', #4405, 1000.000000000000000 ) ;
#4414 = EDGE_CURVE ( 'NONE', #4632, #1499, #4553, .T. ) ;
#4415 = DIRECTION ( 'NONE',  ( 0.000000000000000000, 1.000000000000000000, 0.000000000000000000 ) ) ;
#4416 = VERTEX_POINT ( 'NONE', #2608 ) ;
#4417 = CIRCLE ( 'NONE', #2047, 3.500000000000003109 ) ;
#4418 = ORIENTED_EDGE ( 'NONE', *, *, #4292, .F. ) ;
#4419 = EDGE_CURVE ( 'NONE', #370, #2866, #743, .T. ) ;
#4420 = CARTESIAN_POINT ( 'NONE',  ( -47.29999999999999005, -3.999999999999991562, -34.00000000000000711 ) ) ;
#4421 = VECTOR ( 'NONE', #2290, 1000.000000000000000 ) ;
#4422 = EDGE_CURVE ( 'NONE', #734, #3555, #727, .T. ) ;
#4423 = CARTESIAN_POINT ( 'NONE',  ( 0.000000000000000000, -32.00000000000000000, 0.000000000000000000 ) ) ;
#4424 = ORIENTED_EDGE ( 'NONE', *, *, #2098, .F. ) ;
#4425 = ORIENTED_EDGE ( 'NONE', *, *, #3246, .F. ) ;
#4426 = AXIS2_PLACEMENT_3D ( 'NONE', #3441, #4207, #4294 ) ;
#4427 = DIRECTION ( 'NONE',  ( 1.000000000000000000, 0.000000000000000000, 0.000000000000000000 ) ) ;
#4428 = EDGE_CURVE ( 'NONE', #4611, #2668, #1761, .T. ) ;
#4429 = LINE ( 'NONE', #1912, #3860 ) ;
#4430 = DIRECTION ( 'NONE',  ( -1.000000000000000000, -0.000000000000000000, -0.000000000000000000 ) ) ;
#4431 = VECTOR ( 'NONE', #3919, 1000.000000000000000 ) ;
#4432 = CARTESIAN_POINT ( 'NONE',  ( -43.50000000000000711, -23.30000000000000071, 43.49999999999998579 ) ) ;
#4433 = PRODUCT ( 'Top Tray', 'Top Tray', '', ( #4039 ) ) ;
#4434 = VERTEX_POINT ( 'NONE', #4137 ) ;
#4435 = AXIS2_PLACEMENT_3D ( 'NONE', #3570, #859, #2370 ) ;
#4436 = LINE ( 'NONE', #281, #716 ) ;
#4437 = LINE ( 'NONE', #1050, #3974 ) ;
#4438 = ORIENTED_EDGE ( 'NONE', *, *, #3994, .T. ) ;
#4439 = CARTESIAN_POINT ( 'NONE',  ( 22.00000000000000000, -16.39999999999999858, -46.50000000000001421 ) ) ;
#4440 = EDGE_LOOP ( 'NONE', ( #1397, #3371 ) ) ;
#4441 = DIRECTION ( 'NONE',  ( -0.000000000000000000, 1.000000000000000000, -0.000000000000000000 ) ) ;
#4442 = CYLINDRICAL_SURFACE ( 'NONE', #4002, 1.050000000000002265 ) ;
#4443 = VERTEX_POINT ( 'NONE', #1838 ) ;
#4444 = VERTEX_POINT ( 'NONE', #775 ) ;
#4445 = EDGE_CURVE ( 'NONE', #861, #3588, #2871, .T. ) ;
#4446 = AXIS2_PLACEMENT_3D ( 'NONE', #453, #58, #832 ) ;
#4447 = FACE_OUTER_BOUND ( 'NONE', #3127, .T. ) ;
#4448 = FACE_BOUND ( 'NONE', #1332, .T. ) ;
#4449 = CIRCLE ( 'NONE', #4768, 1.050000000000002265 ) ;
#4450 = EDGE_LOOP ( 'NONE', ( #2810, #4775, #3913, #3966, #2474, #1310, #4463, #557 ) ) ;
#4451 = EDGE_CURVE ( 'NONE', #4791, #344, #738, .T. ) ;
#4452 = CYLINDRICAL_SURFACE ( 'NONE', #2529, 3.500000000000003109 ) ;
#4453 = FACE_BOUND ( 'NONE', #1600, .T. ) ;
#4454 = ADVANCED_FACE ( 'NONE', ( #751 ), #375, .T. ) ;
#4455 = ORIENTED_EDGE ( 'NONE', *, *, #3675, .F. ) ;
#4456 = DIRECTION ( 'NONE',  ( 0.000000000000000000, 1.000000000000000000, 0.000000000000000000 ) ) ;
#4457 = DIRECTION ( 'NONE',  ( -0.000000000000000000, 1.000000000000000000, -0.000000000000000000 ) ) ;
#4458 = EDGE_LOOP ( 'NONE', ( #895, #2912, #4781, #3830, #633, #3087, #349, #866 ) ) ;
#4459 = EDGE_LOOP ( 'NONE', ( #3940, #3657 ) ) ;
#4460 = ORIENTED_EDGE ( 'NONE', *, *, #3366, .F. ) ;
#4461 = DIRECTION ( 'NONE',  ( -0.000000000000000000, 1.000000000000000000, -0.000000000000000000 ) ) ;
#4462 = CARTESIAN_POINT ( 'NONE',  ( 47.49999999999998579, -3.999999999999991562, -35.00000000000000711 ) ) ;
#4463 = ORIENTED_EDGE ( 'NONE', *, *, #4419, .T. ) ;
#4464 = ORIENTED_EDGE ( 'NONE', *, *, #1086, .F. ) ;
#4465 = DIRECTION ( 'NONE',  ( 1.000000000000000000, 0.000000000000000000, -1.460819769243627131E-16 ) ) ;
#4466 = LINE ( 'NONE', #4131, #2674 ) ;
#4467 = ADVANCED_FACE ( 'NONE', ( #4529 ), #2658, .F. ) ;
#4468 = ORIENTED_EDGE ( 'NONE', *, *, #3960, .T. ) ;
#4469 = DIRECTION ( 'NONE',  ( 1.000000000000000000, -0.000000000000000000, 1.460819769243627131E-16 ) ) ;
#4470 = FACE_OUTER_BOUND ( 'NONE', #3479, .T. ) ;
#4471 = EDGE_CURVE ( 'NONE', #1987, #3243, #28, .T. ) ;
#4472 = EDGE_CURVE ( 'NONE', #2071, #4078, #1541, .T. ) ;
#4473 = AXIS2_PLACEMENT_3D ( 'NONE', #2426, #3924, #216 ) ;
#4474 = CARTESIAN_POINT ( 'NONE',  ( 40.00000000000000000, -23.30000000000000071, -43.50000000000001421 ) ) ;
#4475 = ORIENTED_EDGE ( 'NONE', *, *, #2881, .T. ) ;
#4476 = CARTESIAN_POINT ( 'NONE',  ( -47.30000000000000426, -4.000000000000000000, 34.99999999999999289 ) ) ;
#4477 = VECTOR ( 'NONE', #4022, 1000.000000000000000 ) ;
#4478 = DIRECTION ( 'NONE',  ( 0.000000000000000000, 0.000000000000000000, -1.000000000000000000 ) ) ;
#4479 = EDGE_CURVE ( 'NONE', #1839, #4205, #427, .T. ) ;
#4480 = CARTESIAN_POINT ( 'NONE',  ( 47.30000000000000426, -4.000000000000000000, 36.00000000000000000 ) ) ;
#4481 = EDGE_LOOP ( 'NONE', ( #2914, #2391 ) ) ;
#4482 = CARTESIAN_POINT ( 'NONE',  ( -43.49999999999999289, 0.000000000000000000, -37.00000000000000000 ) ) ;
#4483 = VERTEX_POINT ( 'NONE', #1563 ) ;
#4484 = AXIS2_PLACEMENT_3D ( 'NONE', #4872, #3313, #1506 ) ;
#4485 = AXIS2_PLACEMENT_3D ( 'NONE', #1739, #2858, #4759 ) ;
#4486 = CARTESIAN_POINT ( 'NONE',  ( -47.50000000000001421, 1.000000000000000000, -44.50000000000001421 ) ) ;
#4487 = CARTESIAN_POINT ( 'NONE',  ( -39.49999999999999289, -23.30000000000000071, -39.50000000000000000 ) ) ;
#4488 = VECTOR ( 'NONE', #3590, 1000.000000000000000 ) ;
#4489 = DIRECTION ( 'NONE',  ( 0.000000000000000000, 0.000000000000000000, 1.000000000000000000 ) ) ;
#4490 = VERTEX_POINT ( 'NONE', #3815 ) ;
#4491 = CYLINDRICAL_SURFACE ( 'NONE', #1434, 2.000000000000001776 ) ;
#4492 = ORIENTED_EDGE ( 'NONE', *, *, #3762, .F. ) ;
#4493 = VECTOR ( 'NONE', #2401, 1000.000000000000000 ) ;
#4494 = DIRECTION ( 'NONE',  ( -9.376883653928686131E-17, 0.000000000000000000, 1.000000000000000000 ) ) ;
#4495 = CARTESIAN_POINT ( 'NONE',  ( 37.00000000000000000, -23.30000000000000071, 0.000000000000000000 ) ) ;
#4496 = CIRCLE ( 'NONE', #1651, 1.000000000000000888 ) ;
#4497 = ORIENTED_EDGE ( 'NONE', *, *, #1495, .T. ) ;
#4498 = CIRCLE ( 'NONE', #2376, 1.050000000000002265 ) ;
#4499 = CYLINDRICAL_SURFACE ( 'NONE', #2921, 1.550000000000002709 ) ;
#4500 = CARTESIAN_POINT ( 'NONE',  ( 44.49999999999999289, 0.000000000000000000, -42.94999999999999574 ) ) ;
#4501 = AXIS2_PLACEMENT_3D ( 'NONE', #4037, #1386, #594 ) ;
#4502 = DIRECTION ( 'NONE',  ( -0.000000000000000000, 1.000000000000000000, -0.000000000000000000 ) ) ;
#4503 = ORIENTED_EDGE ( 'NONE', *, *, #4514, .T. ) ;
#4504 = EDGE_CURVE ( 'NONE', #2034, #4490, #3076, .T. ) ;
#4505 = LINE ( 'NONE', #307, #784 ) ;
#4506 = CIRCLE ( 'NONE', #3327, 3.000000000000002665 ) ;
#4507 = FACE_OUTER_BOUND ( 'NONE', #1282, .T. ) ;
#4508 = FACE_OUTER_BOUND ( 'NONE', #2783, .T. ) ;
#4509 = EDGE_LOOP ( 'NONE', ( #3365, #2405, #1133, #4041 ) ) ;
#4510 = DIRECTION ( 'NONE',  ( -0.000000000000000000, 1.000000000000000000, -0.000000000000000000 ) ) ;
#4511 = CIRCLE ( 'NONE', #726, 1.550000000000002709 ) ;
#4512 = EDGE_LOOP ( 'NONE', ( #1276, #286, #1001, #3484 ) ) ;
#4513 = CARTESIAN_POINT ( 'NONE',  ( 47.50000000000000000, -4.000000000000000000, 36.00000000000000000 ) ) ;
#4514 = EDGE_CURVE ( 'NONE', #781, #3734, #1767, .T. ) ;
#4515 = CYLINDRICAL_SURFACE ( 'NONE', #2515, 2.500000000000002220 ) ;
#4516 = DIRECTION ( 'NONE',  ( -0.000000000000000000, -1.000000000000000000, -0.000000000000000000 ) ) ;
#4517 = ORIENTED_EDGE ( 'NONE', *, *, #4129, .F. ) ;
#4518 = DIRECTION ( 'NONE',  ( 0.000000000000000000, 0.000000000000000000, -1.000000000000000000 ) ) ;
#4519 = EDGE_LOOP ( 'NONE', ( #366, #202, #3101, #1054, #3353, #4032, #2422, #2589 ) ) ;
#4520 = ORIENTED_EDGE ( 'NONE', *, *, #1214, .T. ) ;
#4521 = EDGE_CURVE ( 'NONE', #4319, #3593, #3664, .T. ) ;
#4522 = DIRECTION ( 'NONE',  ( -0.000000000000000000, -1.000000000000000000, -0.000000000000000000 ) ) ;
#4523 = DIRECTION ( 'NONE',  ( 0.000000000000000000, 0.000000000000000000, -1.000000000000000000 ) ) ;
#4524 = VERTEX_POINT ( 'NONE', #2116 ) ;
#4525 = AXIS2_PLACEMENT_3D ( 'NONE', #3369, #3692, #4839 ) ;
#4526 = CARTESIAN_POINT ( 'NONE',  ( 47.29999999999999005, -23.99999999999999289, -35.00000000000000000 ) ) ;
#4527 = DIRECTION ( 'NONE',  ( -1.000000000000000000, 0.000000000000000000, 1.460819769243627131E-16 ) ) ;
#4528 = VECTOR ( 'NONE', #3470, 1000.000000000000000 ) ;
#4529 = FACE_OUTER_BOUND ( 'NONE', #1668, .T. ) ;
#4530 = EDGE_LOOP ( 'NONE', ( #1298, #3321 ) ) ;
#4531 = LINE ( 'NONE', #3695, #623 ) ;
#4532 = CARTESIAN_POINT ( 'NONE',  ( 43.50000000000000711, -23.30000000000000071, -39.99999999999999289 ) ) ;
#4533 = DIRECTION ( 'NONE',  ( 0.000000000000000000, 0.000000000000000000, -1.000000000000000000 ) ) ;
#4534 = EDGE_CURVE ( 'NONE', #2393, #3624, #2465, .T. ) ;
#4535 = ORIENTED_EDGE ( 'NONE', *, *, #4636, .F. ) ;
#4536 = CYLINDRICAL_SURFACE ( 'NONE', #3332, 2.000000000000001776 ) ;
#4537 = VERTEX_POINT ( 'NONE', #3988 ) ;
#4538 = CARTESIAN_POINT ( 'NONE',  ( -23.99999999999999645, 0.000000000000000000, 47.50099999999999056 ) ) ;
#4539 = DIRECTION ( 'NONE',  ( 0.000000000000000000, -1.000000000000000000, 0.000000000000000000 ) ) ;
#4540 = DIRECTION ( 'NONE',  ( 0.000000000000000000, -1.000000000000000000, 0.000000000000000000 ) ) ;
#4541 = ADVANCED_FACE ( 'NONE', ( #2068 ), #1370, .F. ) ;
#4542 = ORIENTED_EDGE ( 'NONE', *, *, #1495, .F. ) ;
#4543 = LINE ( 'NONE', #3807, #3876 ) ;
#4544 = EDGE_CURVE ( 'NONE', #2730, #986, #2564, .T. ) ;
#4545 = ORIENTED_EDGE ( 'NONE', *, *, #3177, .F. ) ;
#4546 = ORIENTED_EDGE ( 'NONE', *, *, #489, .T. ) ;
#4547 = DIRECTION ( 'NONE',  ( -0.000000000000000000, 1.000000000000000000, -0.000000000000000000 ) ) ;
#4548 = CYLINDRICAL_SURFACE ( 'NONE', #1006, 3.500000000000003109 ) ;
#4549 = ADVANCED_FACE ( 'NONE', ( #997 ), #4704, .F. ) ;
#4550 = ORIENTED_EDGE ( 'NONE', *, *, #3563, .F. ) ;
#4551 = LINE ( 'NONE', #889, #1972 ) ;
#4552 = PLANE ( 'NONE',  #3089 ) ;
#4553 = LINE ( 'NONE', #330, #971 ) ;
#4554 = ORIENTED_EDGE ( 'NONE', *, *, #2882, .T. ) ;
#4555 = FACE_OUTER_BOUND ( 'NONE', #2932, .T. ) ;
#4556 = CYLINDRICAL_SURFACE ( 'NONE', #2697, 2.000000000000001776 ) ;
#4557 = AXIS2_PLACEMENT_3D ( 'NONE', #1319, #3261, #4689 ) ;
#4558 = DIRECTION ( 'NONE',  ( 1.000000000000000000, -0.000000000000000000, -0.000000000000000000 ) ) ;
#4559 = ORIENTED_EDGE ( 'NONE', *, *, #4534, .T. ) ;
#4560 = CARTESIAN_POINT ( 'NONE',  ( -47.29999999999999005, -23.99999999999999289, -34.00000000000000000 ) ) ;
#4561 = ORIENTED_EDGE ( 'NONE', *, *, #972, .T. ) ;
#4562 = CARTESIAN_POINT ( 'NONE',  ( 37.00000000000000000, -16.00000000000000000, 0.000000000000000000 ) ) ;
#4563 = CARTESIAN_POINT ( 'NONE',  ( -40.00000000000000000, -32.00000000000000000, 0.000000000000000000 ) ) ;
#4564 = DIRECTION ( 'NONE',  ( 0.000000000000000000, 0.000000000000000000, -1.000000000000000000 ) ) ;
#4565 = VECTOR ( 'NONE', #4539, 1000.000000000000000 ) ;
#4566 = VECTOR ( 'NONE', #4144, 1000.000000000000000 ) ;
#4567 = VERTEX_POINT ( 'NONE', #577 ) ;
#4568 = LINE ( 'NONE', #1179, #878 ) ;
#4569 = VERTEX_POINT ( 'NONE', #1422 ) ;
#4570 = EDGE_CURVE ( 'NONE', #1347, #861, #1342, .T. ) ;
#4571 = VECTOR ( 'NONE', #1788, 1000.000000000000000 ) ;
#4572 = AXIS2_PLACEMENT_3D ( 'NONE', #521, #142, #4696 ) ;
#4573 = DIRECTION ( 'NONE',  ( -1.000000000000000000, -0.000000000000000000, -9.376883653928686131E-17 ) ) ;
#4574 = DIRECTION ( 'NONE',  ( 0.000000000000000000, 0.000000000000000000, -1.000000000000000000 ) ) ;
#4575 = ORIENTED_EDGE ( 'NONE', *, *, #1327, .F. ) ;
#4576 = EDGE_CURVE ( 'NONE', #2961, #781, #4045, .T. ) ;
#4577 = PLANE ( 'NONE',  #72 ) ;
#4578 = VECTOR ( 'NONE', #4305, 1000.000000000000000 ) ;
#4579 = CARTESIAN_POINT ( 'NONE',  ( 46.69999999999999574, 0.000000000000000000, 44.49999999999998579 ) ) ;
#4580 = EDGE_LOOP ( 'NONE', ( #4843, #4361, #1916, #131 ) ) ;
#4581 = AXIS2_PLACEMENT_3D ( 'NONE', #3469, #3904, #1216 ) ;
#4582 = EDGE_CURVE ( 'NONE', #3626, #2276, #4449, .T. ) ;
#4583 = CARTESIAN_POINT ( 'NONE',  ( -47.30000000000000426, -4.000000000000000000, 33.99999999999999289 ) ) ;
#4584 = CIRCLE ( 'NONE', #4426, 1.550000000000002709 ) ;
#4585 = DIRECTION ( 'NONE',  ( 0.000000000000000000, 0.000000000000000000, -1.000000000000000000 ) ) ;
#4586 = EDGE_LOOP ( 'NONE', ( #4776, #1992, #1297, #3585 ) ) ;
#4587 = DIRECTION ( 'NONE',  ( -0.000000000000000000, 1.000000000000000000, -0.000000000000000000 ) ) ;
#4588 = ORIENTED_EDGE ( 'NONE', *, *, #1262, .F. ) ;
#4589 = PLANE ( 'NONE',  #4246 ) ;
#4590 = VECTOR ( 'NONE', #2255, 1000.000000000000000 ) ;
#4591 = DIRECTION ( 'NONE',  ( 0.000000000000000000, 0.000000000000000000, -1.000000000000000000 ) ) ;
#4592 = LINE ( 'NONE', #3829, #778 ) ;
#4593 = CIRCLE ( 'NONE', #1263, 1.050000000000002265 ) ;
#4594 = VERTEX_POINT ( 'NONE', #4014 ) ;
#4595 = DIRECTION ( 'NONE',  ( -1.000000000000000000, -0.000000000000000000, -1.460819769243627377E-16 ) ) ;
#4596 = EDGE_LOOP ( 'NONE', ( #3654, #3500 ) ) ;
#4597 = LINE ( 'NONE', #3437, #2764 ) ;
#4598 = DIRECTION ( 'NONE',  ( 0.000000000000000000, 0.000000000000000000, 1.000000000000000000 ) ) ;
#4599 = EDGE_CURVE ( 'NONE', #420, #230, #3501, .T. ) ;
#4600 = ORIENTED_EDGE ( 'NONE', *, *, #1860, .T. ) ;
#4601 = LINE ( 'NONE', #1211, #224 ) ;
#4602 = LINE ( 'NONE', #4621, #3482 ) ;
#4603 = ADVANCED_FACE ( 'NONE', ( #2171 ), #199, .F. ) ;
#4604 = ORIENTED_EDGE ( 'NONE', *, *, #3761, .F. ) ;
#4605 = VECTOR ( 'NONE', #4884, 1000.000000000000000 ) ;
#4606 = LINE ( 'NONE', #3490, #1185 ) ;
#4607 = CARTESIAN_POINT ( 'NONE',  ( -43.50000000000000000, -23.30000000000000071, -2.500000000000000000 ) ) ;
#4608 = EDGE_CURVE ( 'NONE', #1835, #4810, #3254, .T. ) ;
#4609 = LINE ( 'NONE', #3492, #4765 ) ;
#4610 = AXIS2_PLACEMENT_3D ( 'NONE', #3791, #403, #29 ) ;
#4611 = VERTEX_POINT ( 'NONE', #600 ) ;
#4612 = CARTESIAN_POINT ( 'NONE',  ( 47.29999999999999005, -13.99999999999998934, -36.00000000000001421 ) ) ;
#4613 = CARTESIAN_POINT ( 'NONE',  ( 23.99999999999999645, -14.40000000000000036, -43.50000000000000000 ) ) ;
#4614 = ORIENTED_EDGE ( 'NONE', *, *, #2122, .F. ) ;
#4615 = CARTESIAN_POINT ( 'NONE',  ( -40.00000000000000000, -32.00000000000000000, 40.00000000000000000 ) ) ;
#4616 = ORIENTED_EDGE ( 'NONE', *, *, #513, .T. ) ;
#4617 = ORIENTED_EDGE ( 'NONE', *, *, #1585, .T. ) ;
#4618 = DIRECTION ( 'NONE',  ( -0.000000000000000000, 1.000000000000000000, 0.000000000000000000 ) ) ;
#4619 = VERTEX_POINT ( 'NONE', #4762 ) ;
#4620 = CARTESIAN_POINT ( 'NONE',  ( -47.49999999999998579, -3.999999999999991562, -34.00000000000000711 ) ) ;
#4621 = CARTESIAN_POINT ( 'NONE',  ( 46.50000000000001421, -31.00000000000000000, -44.50000000000001421 ) ) ;
#4622 = VERTEX_POINT ( 'NONE', #1790 ) ;
#4623 = EDGE_CURVE ( 'NONE', #1072, #3859, #2488, .T. ) ;
#4624 = DIRECTION ( 'NONE',  ( 0.000000000000000000, 0.000000000000000000, -1.000000000000000000 ) ) ;
#4625 = EDGE_CURVE ( 'NONE', #1757, #238, #3221, .T. ) ;
#4626 = FACE_OUTER_BOUND ( 'NONE', #208, .T. ) ;
#4627 = DIRECTION ( 'NONE',  ( -0.000000000000000000, 1.000000000000000000, -0.000000000000000000 ) ) ;
#4628 = ORIENTED_EDGE ( 'NONE', *, *, #886, .T. ) ;
#4629 = CARTESIAN_POINT ( 'NONE',  ( -47.30000000000000426, -13.99999999999999822, 34.99999999999999289 ) ) ;
#4630 = ADVANCED_FACE ( 'NONE', ( #2511 ), #2144, .F. ) ;
#4631 = ADVANCED_FACE ( 'NONE', ( #1770, #2832 ), #3279, .F. ) ;
#4632 = VERTEX_POINT ( 'NONE', #11 ) ;
#4633 = DIRECTION ( 'NONE',  ( -0.000000000000000000, 1.000000000000000000, -0.000000000000000000 ) ) ;
#4634 = ORIENTED_EDGE ( 'NONE', *, *, #122, .T. ) ;
#4635 = AXIS2_PLACEMENT_3D ( 'NONE', #3200, #4368, #607 ) ;
#4636 = EDGE_CURVE ( 'NONE', #4416, #4265, #1096, .T. ) ;
#4637 = CARTESIAN_POINT ( 'NONE',  ( -35.00000000000000000, -23.30000000000000071, 43.49999999999999289 ) ) ;
#4638 = ORIENTED_EDGE ( 'NONE', *, *, #3097, .F. ) ;
#4639 = CIRCLE ( 'NONE', #4400, 2.000000000000001776 ) ;
#4640 = CIRCLE ( 'NONE', #2124, 2.500000000000000000 ) ;
#4641 = LINE ( 'NONE', #1228, #4817 ) ;
#4642 = DIRECTION ( 'NONE',  ( 0.000000000000000000, 0.000000000000000000, -1.000000000000000000 ) ) ;
#4643 = AXIS2_PLACEMENT_3D ( 'NONE', #332, #729, #1865 ) ;
#4644 = ORIENTED_EDGE ( 'NONE', *, *, #4570, .T. ) ;
#4645 = DIRECTION ( 'NONE',  ( -0.000000000000000000, -0.000000000000000000, -1.000000000000000000 ) ) ;
#4646 = VECTOR ( 'NONE', #2822, 1000.000000000000000 ) ;
#4647 = LINE ( 'NONE', #3861, #2050 ) ;
#4648 = CARTESIAN_POINT ( 'NONE',  ( -39.99999999999998579, 0.000000000000000000, -39.99999999999999289 ) ) ;
#4649 = DIRECTION ( 'NONE',  ( 0.000000000000000000, 0.000000000000000000, -1.000000000000000000 ) ) ;
#4650 = EDGE_CURVE ( 'NONE', #4275, #3008, #1892, .T. ) ;
#4651 = ORIENTED_EDGE ( 'NONE', *, *, #3663, .T. ) ;
#4652 = CARTESIAN_POINT ( 'NONE',  ( -47.29999999999999005, -13.99999999999998934, -36.00000000000001421 ) ) ;
#4653 = CARTESIAN_POINT ( 'NONE',  ( -39.50000000000000000, -16.00000000000000000, 0.000000000000000000 ) ) ;
#4654 = AXIS2_PLACEMENT_3D ( 'NONE', #3102, #2427, #1631 ) ;
#4655 = ORIENTED_EDGE ( 'NONE', *, *, #143, .T. ) ;
#4656 = DIRECTION ( 'NONE',  ( 0.000000000000000000, 0.000000000000000000, -1.000000000000000000 ) ) ;
#4657 = EDGE_CURVE ( 'NONE', #4695, #90, #309, .T. ) ;
#4658 = VECTOR ( 'NONE', #3048, 1000.000000000000000 ) ;
#4659 = VERTEX_POINT ( 'NONE', #731 ) ;
#4660 = ORIENTED_EDGE ( 'NONE', *, *, #718, .F. ) ;
#4661 = CIRCLE ( 'NONE', #2544, 1.000000000000000888 ) ;
#4662 = LINE ( 'NONE', #1849, #3066 ) ;
#4663 = LINE ( 'NONE', #207, #4082 ) ;
#4664 = ADVANCED_FACE ( 'NONE', ( #4508 ), #4888, .F. ) ;
#4665 = ORIENTED_EDGE ( 'NONE', *, *, #4365, .F. ) ;
#4666 = AXIS2_PLACEMENT_3D ( 'NONE', #2513, #2886, #4736 ) ;
#4667 = DIRECTION ( 'NONE',  ( 1.000000000000000000, 0.000000000000000000, -1.460819769243627131E-16 ) ) ;
#4668 = DIRECTION ( 'NONE',  ( 0.000000000000000000, 0.000000000000000000, 1.000000000000000000 ) ) ;
#4669 = VERTEX_POINT ( 'NONE', #1867 ) ;
#4670 = ORIENTED_EDGE ( 'NONE', *, *, #1134, .F. ) ;
#4671 = CYLINDRICAL_SURFACE ( 'NONE', #3456, 2.000000000000001776 ) ;
#4672 = CARTESIAN_POINT ( 'NONE',  ( -43.50000000000000711, -23.30000000000000071, 43.49999999999998579 ) ) ;
#4673 =( LENGTH_UNIT ( ) NAMED_UNIT ( * ) SI_UNIT ( .MILLI., .METRE. ) );
#4674 = CARTESIAN_POINT ( 'NONE',  ( -43.50000000000000000, -23.30000000000000071, -4.499999999999997335 ) ) ;
#4675 = EDGE_LOOP ( 'NONE', ( #2768, #4374, #129, #4492 ) ) ;
#4676 = DIRECTION ( 'NONE',  ( -1.000000000000000000, 0.000000000000000000, 0.000000000000000000 ) ) ;
#4677 = VECTOR ( 'NONE', #1234, 1000.000000000000000 ) ;
#4678 = DIRECTION ( 'NONE',  ( -0.000000000000000000, -1.000000000000000000, -0.000000000000000000 ) ) ;
#4679 = DIRECTION ( 'NONE',  ( 0.000000000000000000, 0.000000000000000000, -1.000000000000000000 ) ) ;
#4680 = ADVANCED_FACE ( 'NONE', ( #3373 ), #2615, .F. ) ;
#4681 = VECTOR ( 'NONE', #3746, 1000.000000000000000 ) ;
#4682 = VERTEX_POINT ( 'NONE', #3007 ) ;
#4683 = LINE ( 'NONE', #2070, #2064 ) ;
#4684 = ORIENTED_EDGE ( 'NONE', *, *, #4326, .T. ) ;
#4685 = ORIENTED_EDGE ( 'NONE', *, *, #888, .T. ) ;
#4686 = EDGE_CURVE ( 'NONE', #4619, #2531, #1447, .T. ) ;
#4687 = CYLINDRICAL_SURFACE ( 'NONE', #4804, 2.500000000000002220 ) ;
#4688 = ADVANCED_FACE ( 'NONE', ( #2638 ), #2267, .T. ) ;
#4689 = DIRECTION ( 'NONE',  ( 0.000000000000000000, 0.000000000000000000, -1.000000000000000000 ) ) ;
#4690 = EDGE_LOOP ( 'NONE', ( #4418, #3180, #2072, #2080 ) ) ;
#4691 = EDGE_CURVE ( 'NONE', #2668, #3816, #2959, .T. ) ;
#4692 = PLANE ( 'NONE',  #228 ) ;
#4693 = PLANE ( 'NONE',  #723 ) ;
#4694 = ORIENTED_EDGE ( 'NONE', *, *, #513, .F. ) ;
#4695 = VERTEX_POINT ( 'NONE', #4066 ) ;
#4696 = DIRECTION ( 'NONE',  ( 0.000000000000000000, 0.000000000000000000, -1.000000000000000000 ) ) ;
#4697 = DIRECTION ( 'NONE',  ( 0.000000000000000000, 0.000000000000000000, -1.000000000000000000 ) ) ;
#4698 = CARTESIAN_POINT ( 'NONE',  ( 41.49999999999999289, 0.000000000000000000, -4.500000000000000888 ) ) ;
#4699 = CARTESIAN_POINT ( 'NONE',  ( 39.99999999999999289, -16.00000000000000000, 39.99999999999999289 ) ) ;
#4700 = ORIENTED_EDGE ( 'NONE', *, *, #1639, .F. ) ;
#4701 = DIRECTION ( 'NONE',  ( 0.000000000000000000, 0.000000000000000000, -1.000000000000000000 ) ) ;
#4702 = CARTESIAN_POINT ( 'NONE',  ( -23.99999999999999645, -18.39999999999999858, -47.50000000000001421 ) ) ;
#4703 = LINE ( 'NONE', #3852, #3396 ) ;
#4704 = CYLINDRICAL_SURFACE ( 'NONE', #2251, 1.000000000000000888 ) ;
#4705 = VERTEX_POINT ( 'NONE', #1523 ) ;
#4706 = FACE_OUTER_BOUND ( 'NONE', #2956, .T. ) ;
#4707 = ORIENTED_EDGE ( 'NONE', *, *, #4220, .T. ) ;
#4708 = VERTEX_POINT ( 'NONE', #4480 ) ;
#4709 = DIRECTION ( 'NONE',  ( 0.000000000000000000, 0.000000000000000000, -1.000000000000000000 ) ) ;
#4710 = AXIS2_PLACEMENT_3D ( 'NONE', #3916, #4023, #3201 ) ;
#4711 = LINE ( 'NONE', #2075, #1232 ) ;
#4712 = ORIENTED_EDGE ( 'NONE', *, *, #4263, .T. ) ;
#4713 = EDGE_CURVE ( 'NONE', #4265, #1655, #680, .T. ) ;
#4714 = CIRCLE ( 'NONE', #4242, 3.000000000000002665 ) ;
#4715 = FACE_OUTER_BOUND ( 'NONE', #3699, .T. ) ;
#4716 = CARTESIAN_POINT ( 'NONE',  ( -44.50000000000000000, -32.00000000000000000, 46.49999999999998579 ) ) ;
#4717 = AXIS2_PLACEMENT_3D ( 'NONE', #2494, #3597, #1798 ) ;
#4718 = ORIENTED_EDGE ( 'NONE', *, *, #4119, .T. ) ;
#4719 = VECTOR ( 'NONE', #1548, 1000.000000000000000 ) ;
#4720 = EDGE_CURVE ( 'NONE', #3359, #4338, #2978, .T. ) ;
#4721 = VERTEX_POINT ( 'NONE', #1819 ) ;
#4722 = DIRECTION ( 'NONE',  ( 0.000000000000000000, 0.000000000000000000, 1.000000000000000000 ) ) ;
#4723 = CYLINDRICAL_SURFACE ( 'NONE', #1409, 1.550000000000002709 ) ;
#4724 = AXIS2_PLACEMENT_3D ( 'NONE', #4219, #4304, #2390 ) ;
#4725 = LINE ( 'NONE', #3644, #1512 ) ;
#4726 = DIRECTION ( 'NONE',  ( -0.000000000000000000, 1.000000000000000000, -0.000000000000000000 ) ) ;
#4727 = EDGE_CURVE ( 'NONE', #3816, #4567, #4857, .T. ) ;
#4728 = ORIENTED_EDGE ( 'NONE', *, *, #4391, .T. ) ;
#4729 = CIRCLE ( 'NONE', #2366, 2.200000000000007283 ) ;
#4730 = DIRECTION ( 'NONE',  ( -0.000000000000000000, 1.000000000000000000, -0.000000000000000000 ) ) ;
#4731 = PLANE ( 'NONE',  #3705 ) ;
#4732 = CARTESIAN_POINT ( 'NONE',  ( -35.00000000000000000, -16.00000000000000000, 43.49999999999999289 ) ) ;
#4733 = VECTOR ( 'NONE', #4028, 1000.000000000000000 ) ;
#4734 = CARTESIAN_POINT ( 'NONE',  ( 47.30000000000000426, -4.000000000000000000, 33.99999999999999289 ) ) ;
#4735 = ORIENTED_EDGE ( 'NONE', *, *, #4504, .F. ) ;
#4736 = DIRECTION ( 'NONE',  ( 0.000000000000000000, 0.000000000000000000, 1.000000000000000000 ) ) ;
#4737 = ORIENTED_EDGE ( 'NONE', *, *, #710, .T. ) ;
#4738 = ORIENTED_EDGE ( 'NONE', *, *, #2377, .F. ) ;
#4739 = CIRCLE ( 'NONE', #1656, 1.000000000000000888 ) ;
#4740 = LINE ( 'NONE', #2517, #4808 ) ;
#4741 = CARTESIAN_POINT ( 'NONE',  ( -39.50000000000000000, 0.000000000000000000, 39.49999999999999289 ) ) ;
#4742 = CIRCLE ( 'NONE', #2304, 3.500000000000003109 ) ;
#4743 = CARTESIAN_POINT ( 'NONE',  ( 26.00000000000000711, -18.39999999999999858, -47.50000000000001421 ) ) ;
#4744 = ORIENTED_EDGE ( 'NONE', *, *, #3486, .T. ) ;
#4745 = AXIS2_PLACEMENT_3D ( 'NONE', #1131, #4899, #1153 ) ;
#4746 = FACE_OUTER_BOUND ( 'NONE', #3732, .T. ) ;
#4747 = DIRECTION ( 'NONE',  ( 0.000000000000000000, 0.000000000000000000, -1.000000000000000000 ) ) ;
#4748 = ADVANCED_FACE ( 'NONE', ( #1144 ), #780, .F. ) ;
#4749 = CIRCLE ( 'NONE', #4435, 1.000000000000000888 ) ;
#4750 = VERTEX_POINT ( 'NONE', #3798 ) ;
#4751 = EDGE_LOOP ( 'NONE', ( #2809, #4117, #3041, #2944 ) ) ;
#4752 = CARTESIAN_POINT ( 'NONE',  ( 22.00000000000000000, -16.39999999999999858, -46.50000000000001421 ) ) ;
#4753 = CARTESIAN_POINT ( 'NONE',  ( 0.000000000000000000, -23.30000000000000071, 0.000000000000000000 ) ) ;
#4754 = VERTEX_POINT ( 'NONE', #410 ) ;
#4755 = DIRECTION ( 'NONE',  ( 0.000000000000000000, 0.000000000000000000, 1.000000000000000000 ) ) ;
#4756 = EDGE_CURVE ( 'NONE', #944, #4078, #2876, .T. ) ;
#4757 = PLANE ( 'NONE',  #4133 ) ;
#4758 = ORIENTED_EDGE ( 'NONE', *, *, #2587, .T. ) ;
#4759 = DIRECTION ( 'NONE',  ( 0.000000000000000000, 0.000000000000000000, 1.000000000000000000 ) ) ;
#4760 = DIRECTION ( 'NONE',  ( 0.000000000000000000, 1.000000000000000000, 0.000000000000000000 ) ) ;
#4761 = EDGE_CURVE ( 'NONE', #3094, #2318, #1366, .T. ) ;
#4762 = CARTESIAN_POINT ( 'NONE',  ( -39.50000000000000000, -16.00000000000000000, -2.500000000000000000 ) ) ;
#4763 = ORIENTED_EDGE ( 'NONE', *, *, #3199, .T. ) ;
#4764 = CARTESIAN_POINT ( 'NONE',  ( -47.50000000000000000, -32.00000000000000000, 44.49999999999998579 ) ) ;
#4765 = VECTOR ( 'NONE', #1615, 1000.000000000000000 ) ;
#4766 = VERTEX_POINT ( 'NONE', #4866 ) ;
#4767 = CARTESIAN_POINT ( 'NONE',  ( 23.99999999999999645, -14.40000000000000036, -46.50000000000001421 ) ) ;
#4768 = AXIS2_PLACEMENT_3D ( 'NONE', #4815, #4360, #976 ) ;
#4769 = CARTESIAN_POINT ( 'NONE',  ( -47.30000000000000426, -24.00000000000000000, 34.99999999999999289 ) ) ;
#4770 = CARTESIAN_POINT ( 'NONE',  ( 47.30000000000000426, -13.99999999999999822, 36.00000000000000000 ) ) ;
#4771 = EDGE_LOOP ( 'NONE', ( #4665, #3708, #1781, #2763 ) ) ;
#4772 = PRODUCT_DEFINITION_FORMATION_WITH_SPECIFIED_SOURCE ( 'Symmetric', '', #4433, .NOT_KNOWN. ) ;
#4773 = DIRECTION ( 'NONE',  ( -0.000000000000000000, 1.000000000000000000, -0.000000000000000000 ) ) ;
#4774 = DIRECTION ( 'NONE',  ( -1.000000000000000000, -0.000000000000000000, -1.460819769243627377E-16 ) ) ;
#4775 = ORIENTED_EDGE ( 'NONE', *, *, #1505, .T. ) ;
#4776 = ORIENTED_EDGE ( 'NONE', *, *, #4451, .F. ) ;
#4777 = DIRECTION ( 'NONE',  ( 0.000000000000000000, 0.000000000000000000, 1.000000000000000000 ) ) ;
#4778 = DIRECTION ( 'NONE',  ( -0.000000000000000000, -1.000000000000000000, -0.000000000000000000 ) ) ;
#4779 = DIRECTION ( 'NONE',  ( -0.000000000000000000, -1.000000000000000000, -0.000000000000000000 ) ) ;
#4780 = CARTESIAN_POINT ( 'NONE',  ( -40.00000000000000000, -32.00000000000000000, 1.050000000000002265 ) ) ;
#4781 = ORIENTED_EDGE ( 'NONE', *, *, #3454, .F. ) ;
#4782 = CARTESIAN_POINT ( 'NONE',  ( 47.49999999999998579, -3.999999999999991562, -36.00000000000001421 ) ) ;
#4783 = EDGE_CURVE ( 'NONE', #986, #3841, #4437, .T. ) ;
#4784 = ADVANCED_FACE ( 'NONE', ( #3512 ), #146, .F. ) ;
#4785 = DIRECTION ( 'NONE',  ( -1.000000000000000000, 0.000000000000000000, 0.000000000000000000 ) ) ;
#4786 = DIRECTION ( 'NONE',  ( 0.000000000000000000, 0.000000000000000000, 1.000000000000000000 ) ) ;
#4787 = DIRECTION ( 'NONE',  ( 0.000000000000000000, 1.000000000000000000, 0.000000000000000000 ) ) ;
#4788 = ORIENTED_EDGE ( 'NONE', *, *, #647, .F. ) ;
#4789 = DIRECTION ( 'NONE',  ( 0.000000000000000000, 0.000000000000000000, 1.000000000000000000 ) ) ;
#4790 = ORIENTED_EDGE ( 'NONE', *, *, #4127, .T. ) ;
#4791 = VERTEX_POINT ( 'NONE', #1169 ) ;
#4792 = ADVANCED_FACE ( 'NONE', ( #1634 ), #499, .F. ) ;
#4793 = EDGE_CURVE ( 'NONE', #1597, #3593, #2360, .T. ) ;
#4794 = DIRECTION ( 'NONE',  ( 0.000000000000000000, 0.000000000000000000, 1.000000000000000000 ) ) ;
#4795 = CARTESIAN_POINT ( 'NONE',  ( 47.30000000000000426, -4.000000000000000000, 34.99999999999999289 ) ) ;
#4796 = ORIENTED_EDGE ( 'NONE', *, *, #4623, .T. ) ;
#4797 = ORIENTED_EDGE ( 'NONE', *, *, #3270, .T. ) ;
#4798 = EDGE_CURVE ( 'NONE', #2265, #195, #266, .T. ) ;
#4799 = CARTESIAN_POINT ( 'NONE',  ( 44.49999999999999289, 0.000000000000000000, -44.50000000000000000 ) ) ;
#4800 = CIRCLE ( 'NONE', #4310, 2.000000000000001776 ) ;
#4801 = DIRECTION ( 'NONE',  ( 1.000000000000000000, -0.000000000000000000, 1.460819769243627131E-16 ) ) ;
#4802 = VERTEX_POINT ( 'NONE', #105 ) ;
#4803 = ORIENTED_EDGE ( 'NONE', *, *, #3959, .F. ) ;
#4804 = AXIS2_PLACEMENT_3D ( 'NONE', #4741, #160, #3971 ) ;
#4805 = CARTESIAN_POINT ( 'NONE',  ( -44.50000000000000000, 1.000000000000000000, 46.69999999999998153 ) ) ;
#4806 = DIRECTION ( 'NONE',  ( 0.000000000000000000, 0.000000000000000000, -1.000000000000000000 ) ) ;
#4807 = DIRECTION ( 'NONE',  ( 1.000000000000000000, 0.000000000000000000, 0.000000000000000000 ) ) ;
#4808 = VECTOR ( 'NONE', #3227, 1000.000000000000000 ) ;
#4809 = LINE ( 'NONE', #4780, #891 ) ;
#4810 = VERTEX_POINT ( 'NONE', #3533 ) ;
#4811 = VECTOR ( 'NONE', #3986, 1000.000000000000000 ) ;
#4812 = AXIS2_PLACEMENT_3D ( 'NONE', #4821, #4870, #2983 ) ;
#4813 = CARTESIAN_POINT ( 'NONE',  ( -41.49999999999999289, -23.30000000000000071, 2.500000000000000000 ) ) ;
#4814 = LINE ( 'NONE', #3253, #2 ) ;
#4815 = CARTESIAN_POINT ( 'NONE',  ( 40.00000000000000000, -23.30000000000000071, 40.00000000000000000 ) ) ;
#4816 = EDGE_CURVE ( 'NONE', #2320, #1773, #849, .T. ) ;
#4817 = VECTOR ( 'NONE', #3899, 1000.000000000000000 ) ;
#4818 = ORIENTED_EDGE ( 'NONE', *, *, #3400, .F. ) ;
#4819 = DIRECTION ( 'NONE',  ( 0.000000000000000000, 0.000000000000000000, -1.000000000000000000 ) ) ;
#4820 = ORIENTED_EDGE ( 'NONE', *, *, #2562, .F. ) ;
#4821 = CARTESIAN_POINT ( 'NONE',  ( -47.29999999999999005, -23.99999999999999289, -35.00000000000000000 ) ) ;
#4822 = CARTESIAN_POINT ( 'NONE',  ( 43.50000000000000000, 0.000000000000000000, -2.500000000000000000 ) ) ;
#4823 = CIRCLE ( 'NONE', #1182, 1.000000000000000888 ) ;
#4824 = DIRECTION ( 'NONE',  ( 0.000000000000000000, 0.000000000000000000, 1.000000000000000000 ) ) ;
#4825 = ADVANCED_FACE ( 'NONE', ( #2011 ), #1594, .T. ) ;
#4826 = VERTEX_POINT ( 'NONE', #82 ) ;
#4827 = VECTOR ( 'NONE', #145, 1000.000000000000000 ) ;
#4828 = ORIENTED_EDGE ( 'NONE', *, *, #4853, .F. ) ;
#4829 = LINE ( 'NONE', #744, #2447 ) ;
#4830 = AXIS2_PLACEMENT_3D ( 'NONE', #352, #1862, #801 ) ;
#4831 = DIRECTION ( 'NONE',  ( -0.000000000000000000, -0.000000000000000000, 1.000000000000000000 ) ) ;
#4832 = ADVANCED_FACE ( 'NONE', ( #123 ), #3103, .F. ) ;
#4833 = VERTEX_POINT ( 'NONE', #2714 ) ;
#4834 = ORIENTED_EDGE ( 'NONE', *, *, #2029, .T. ) ;
#4835 = AXIS2_PLACEMENT_3D ( 'NONE', #2741, #1645, #91 ) ;
#4836 = DIRECTION ( 'NONE',  ( 0.000000000000000000, 0.000000000000000000, 1.000000000000000000 ) ) ;
#4837 = LINE ( 'NONE', #2284, #947 ) ;
#4838 = VECTOR ( 'NONE', #4510, 1000.000000000000000 ) ;
#4839 = DIRECTION ( 'NONE',  ( 0.000000000000000000, 0.000000000000000000, 1.000000000000000000 ) ) ;
#4840 = ORIENTED_EDGE ( 'NONE', *, *, #1591, .T. ) ;
#4841 = CARTESIAN_POINT ( 'NONE',  ( -46.69999999999999574, 0.000000000000000000, 44.49999999999998579 ) ) ;
#4842 = CARTESIAN_POINT ( 'NONE',  ( -43.50000000000000711, -23.30000000000000071, 37.00000000000000000 ) ) ;
#4843 = ORIENTED_EDGE ( 'NONE', *, *, #345, .T. ) ;
#4844 = CARTESIAN_POINT ( 'NONE',  ( -44.50000000000000000, 1.000000000000000000, 44.49999999999998579 ) ) ;
#4845 = ORIENTED_EDGE ( 'NONE', *, *, #4756, .T. ) ;
#4846 = ORIENTED_EDGE ( 'NONE', *, *, #2065, .T. ) ;
#4847 = EDGE_CURVE ( 'NONE', #4622, #2531, #4213, .T. ) ;
#4848 = CARTESIAN_POINT ( 'NONE',  ( -21.99999999999999645, -16.39999999999999858, -43.50000000000000000 ) ) ;
#4849 = FACE_OUTER_BOUND ( 'NONE', #3255, .T. ) ;
#4850 = ORIENTED_EDGE ( 'NONE', *, *, #3370, .F. ) ;
#4851 = VERTEX_POINT ( 'NONE', #1990 ) ;
#4852 = CIRCLE ( 'NONE', #2721, 2.000000000000001776 ) ;
#4853 = EDGE_CURVE ( 'NONE', #4001, #397, #874, .T. ) ;
#4854 = EDGE_CURVE ( 'NONE', #2568, #2727, #808, .T. ) ;
#4855 = DIRECTION ( 'NONE',  ( 0.000000000000000000, 0.000000000000000000, -1.000000000000000000 ) ) ;
#4856 = DIRECTION ( 'NONE',  ( -0.000000000000000000, -1.000000000000000000, -0.000000000000000000 ) ) ;
#4857 = CIRCLE ( 'NONE', #3496, 1.050000000000002265 ) ;
#4858 = ORIENTED_EDGE ( 'NONE', *, *, #4889, .F. ) ;
#4859 = ADVANCED_FACE ( 'NONE', ( #4626 ), #2752, .F. ) ;
#4860 = DIRECTION ( 'NONE',  ( 0.000000000000000000, 0.000000000000000000, -1.000000000000000000 ) ) ;
#4861 = FACE_BOUND ( 'NONE', #4099, .T. ) ;
#4862 = CARTESIAN_POINT ( 'NONE',  ( 24.00000000000000711, -16.39999999999999858, -47.50000000000001421 ) ) ;
#4863 = ORIENTED_EDGE ( 'NONE', *, *, #209, .T. ) ;
#4864 = CARTESIAN_POINT ( 'NONE',  ( -44.50000000000000000, -31.00000000000000000, 46.49999999999998579 ) ) ;
#4865 = DIRECTION ( 'NONE',  ( 1.000000000000000000, 0.000000000000000000, -0.000000000000000000 ) ) ;
#4866 = CARTESIAN_POINT ( 'NONE',  ( -44.50000000000000000, -31.00000000000000000, 47.49999999999998579 ) ) ;
#4867 = ORIENTED_EDGE ( 'NONE', *, *, #209, .F. ) ;
#4868 = CARTESIAN_POINT ( 'NONE',  ( 41.49999999999999289, -16.00000000000000000, 37.00000000000000711 ) ) ;
#4869 = ORIENTED_EDGE ( 'NONE', *, *, #1698, .T. ) ;
#4870 = DIRECTION ( 'NONE',  ( 1.000000000000000000, 0.000000000000000000, 1.460819769243627131E-16 ) ) ;
#4871 = DIRECTION ( 'NONE',  ( 0.000000000000000000, 0.000000000000000000, -1.000000000000000000 ) ) ;
#4872 = CARTESIAN_POINT ( 'NONE',  ( 41.49999999999999289, -16.00000000000000000, -4.500000000000000888 ) ) ;
#4873 = ORIENTED_EDGE ( 'NONE', *, *, #4521, .F. ) ;
#4874 = CARTESIAN_POINT ( 'NONE',  ( -41.49999999999999289, -16.00000000000000000, 4.500000000000000888 ) ) ;
#4875 = ORIENTED_EDGE ( 'NONE', *, *, #1245, .F. ) ;
#4876 = CARTESIAN_POINT ( 'NONE',  ( -44.49999999999999289, 0.000000000000000000, -46.04999999999999716 ) ) ;
#4877 = DIRECTION ( 'NONE',  ( 0.000000000000000000, 0.000000000000000000, -1.000000000000000000 ) ) ;
#4878 = EDGE_CURVE ( 'NONE', #1924, #428, #894, .T. ) ;
#4879 = ORIENTED_EDGE ( 'NONE', *, *, #4220, .F. ) ;
#4880 = DIRECTION ( 'NONE',  ( 0.000000000000000000, 0.000000000000000000, -1.000000000000000000 ) ) ;
#4881 = CARTESIAN_POINT ( 'NONE',  ( -40.00000000000000000, -23.30000000000000071, 1.050000000000002265 ) ) ;
#4882 = EDGE_CURVE ( 'NONE', #4483, #1773, #517, .T. ) ;
#4883 = CIRCLE ( 'NONE', #4162, 2.000000000000000000 ) ;
#4884 = DIRECTION ( 'NONE',  ( -0.000000000000000000, -1.000000000000000000, -0.000000000000000000 ) ) ;
#4885 = EDGE_LOOP ( 'NONE', ( #1456, #3022, #1909, #2760 ) ) ;
#4886 = AXIS2_PLACEMENT_3D ( 'NONE', #4340, #1291, #3575 ) ;
#4887 = CARTESIAN_POINT ( 'NONE',  ( -24.00000000000000000, 0.000000000000000000, -43.50000000000000000 ) ) ;
#4888 = PLANE ( 'NONE',  #107 ) ;
#4889 = EDGE_CURVE ( 'NONE', #1715, #1491, #1941, .T. ) ;
#4890 = ORIENTED_EDGE ( 'NONE', *, *, #4534, .F. ) ;
#4891 = VERTEX_POINT ( 'NONE', #3821 ) ;
#4892 = CIRCLE ( 'NONE', #2749, 2.000000000000001776 ) ;
#4893 = VECTOR ( 'NONE', #1502, 1000.000000000000000 ) ;
#4894 = CARTESIAN_POINT ( 'NONE',  ( 43.50000000000000000, -16.00000000000000000, 4.500000000000003553 ) ) ;
#4895 = DIRECTION ( 'NONE',  ( 0.000000000000000000, -1.000000000000000000, 0.000000000000000000 ) ) ;
#4896 = VECTOR ( 'NONE', #1840, 1000.000000000000000 ) ;
#4897 = CARTESIAN_POINT ( 'NONE',  ( 34.99999999999999289, -16.00000000000000000, -43.50000000000000711 ) ) ;
#4898 = ORIENTED_EDGE ( 'NONE', *, *, #3033, .T. ) ;
#4899 = DIRECTION ( 'NONE',  ( -0.000000000000000000, 1.000000000000000000, -0.000000000000000000 ) ) ;
#4900 = EDGE_LOOP ( 'NONE', ( #2008, #1417, #1551, #4497, #4352, #1389, #2512, #331 ) ) ;
#4901 = LINE ( 'NONE', #293, #1816 ) ;
#4902 = CARTESIAN_POINT ( 'NONE',  ( -47.50000000000000000, -4.000000000000000000, 33.99999999999999289 ) ) ;
#4903 = AXIS2_PLACEMENT_3D ( 'NONE', #1061, #4494, #719 ) ;
ENDSEC;
END-ISO-10303-21;
