ISO-10303-21;
HEADER;
FILE_DESCRIPTION (( 'STEP AP214' ),
    '1' );
FILE_NAME ('VC Sensor V1.0.STEP',
    '2026-01-09T12:25:54',
    ( '' ),
    ( '' ),
    'SwSTEP 2.0',
    'SolidWorks 2024',
    '' );
FILE_SCHEMA (( 'AUTOMOTIVE_DESIGN' ));
ENDSEC;

DATA;
#1 =( NAMED_UNIT ( * ) PLANE_ANGLE_UNIT ( ) SI_UNIT ( $, .RADIAN. ) );
#2 =( NAMED_UNIT ( * ) PLANE_ANGLE_UNIT ( ) SI_UNIT ( $, .RADIAN. ) );
#3 = COLOUR_RGB ( '',0.000000000000000000, 0.5019607843137254832, 0.000000000000000000 ) ;
#4 = PRESENTATION_STYLE_ASSIGNMENT (( #5301 ) ) ;
#5 = ADVANCED_FACE ( 'NONE', ( #2643 ), #6632, .F. ) ;
#6 =( NAMED_UNIT ( * ) SI_UNIT ( $, .STERADIAN. ) SOLID_ANGLE_UNIT ( ) );
#7 = CARTESIAN_POINT ( 'NONE',  ( -0.04467349125005000421, -30.07549255045374181, -7.479848652427466327 ) ) ;
#8 = CARTESIAN_POINT ( 'NONE',  ( 38.69999999999999574, -40.00000000000000000, -2.017369599999999874 ) ) ;
#9 =( LENGTH_UNIT ( ) NAMED_UNIT ( * ) SI_UNIT ( .MILLI., .METRE. ) );
#10 = CIRCLE ( 'NONE', #5725, 1.100000000000000311 ) ;
#11 = ORIENTED_EDGE ( 'NONE', *, *, #7051, .F. ) ;
#12 = CARTESIAN_POINT ( 'NONE',  ( 10.49999267578099982, -37.99999549624150319, -5.979851885039869863 ) ) ;
#13 = EDGE_CURVE ( 'NONE', #4181, #3255, #83, .T. ) ;
#14 = AXIS2_PLACEMENT_3D ( 'NONE', #2101, #6394, #2819 ) ;
#15 = CARTESIAN_POINT ( 'NONE',  ( -0.1903348712500000095, -30.42715047045373566, -7.479848713913259672 ) ) ;
#16 = DIRECTION ( 'NONE',  ( 0.000000000000000000, 0.000000000000000000, -1.000000000000000000 ) ) ;
#17 = ADVANCED_FACE ( 'NONE', ( #7131 ), #7206, .F. ) ;
#18 = DIRECTION ( 'NONE',  ( 0.000000000000000000, -1.000000000000000000, 0.000000000000000000 ) ) ;
#19 = ORIENTED_EDGE ( 'NONE', *, *, #6453, .T. ) ;
#20 = VERTEX_POINT ( 'NONE', #6057 ) ;
#21 = DIRECTION ( 'NONE',  ( 0.000000000000000000, 0.9999999999999846789, 1.748454679999999258E-07 ) ) ;
#22 = FACE_OUTER_BOUND ( 'NONE', #2265, .T. ) ;
#23 = EDGE_CURVE ( 'NONE', #2537, #920, #1095, .T. ) ;
#24 = CARTESIAN_POINT ( 'NONE',  ( -8.500007324219000182, -28.99999549624163819, -5.979850311430657150 ) ) ;
#25 = ORIENTED_EDGE ( 'NONE', *, *, #2560, .F. ) ;
#26 = UNCERTAINTY_MEASURE_WITH_UNIT (LENGTH_MEASURE( 1.000000000000000082E-05 ), #5476, 'distance_accuracy_value', 'NONE');
#27 = ORIENTED_EDGE ( 'NONE', *, *, #872, .F. ) ;
#28 = MECHANICAL_DESIGN_GEOMETRIC_PRESENTATION_REPRESENTATION (  '', ( #3413 ), #6370 ) ;
#29 = CARTESIAN_POINT ( 'NONE',  ( -0.1271828512500000063, -30.10967140241298878, -3.979848038403430710 ) ) ;
#30 = FILL_AREA_STYLE_COLOUR ( '', #607 ) ;
#31 = SURFACE_STYLE_FILL_AREA ( #3605 ) ;
#32 = SURFACE_STYLE_USAGE ( .BOTH. , #2968 ) ;
#33 = DIRECTION ( 'NONE',  ( 0.000000000000000000, 1.748454679999999523E-07, -0.9999999999999847899 ) ) ;
#34 = CIRCLE ( 'NONE', #3544, 3.001094402371998981 ) ;
#35 = PLANE ( 'NONE',  #5769 ) ;
#36 = LINE ( 'NONE', #4886, #7500 ) ;
#37 = CIRCLE ( 'NONE', #1890, 0.6249999999999996669 ) ;
#38 = PLANE ( 'NONE',  #1521 ) ;
#39 = PRESENTATION_STYLE_ASSIGNMENT (( #6511 ) ) ;
#40 = AXIS2_PLACEMENT_3D ( 'NONE', #6994, #6920, #961 ) ;
#41 = ADVANCED_FACE ( 'NONE', ( #5040 ), #1750, .T. ) ;
#42 = ORIENTED_EDGE ( 'NONE', *, *, #5778, .T. ) ;
#43 = STYLED_ITEM ( 'NONE', ( #6675 ), #3831 ) ;
#44 = LINE ( 'NONE', #7277, #3443 ) ;
#45 = PRESENTATION_LAYER_ASSIGNMENT (  '', '', ( #5890 ) ) ;
#46 = FILL_AREA_STYLE ('',( #5389 ) ) ;
#47 = CARTESIAN_POINT ( 'NONE',  ( -10.00000732421900018, -27.49999549624165951, -5.979850049162455328 ) ) ;
#48 = FACE_OUTER_BOUND ( 'NONE', #4319, .T. ) ;
#49 = VECTOR ( 'NONE', #4587, 1000.000000000000000 ) ;
#50 = AXIS2_PLACEMENT_3D ( 'NONE', #3304, #2620, #5658 ) ;
#51 =( NAMED_UNIT ( * ) SI_UNIT ( $, .STERADIAN. ) SOLID_ANGLE_UNIT ( ) );
#52 = EDGE_CURVE ( 'NONE', #1013, #6879, #4100, .T. ) ;
#53 = ORIENTED_EDGE ( 'NONE', *, *, #2515, .T. ) ;
#54 = ORIENTED_EDGE ( 'NONE', *, *, #3010, .T. ) ;
#55 = DIRECTION ( 'NONE',  ( 0.000000000000000000, 1.748454679999999258E-07, -0.9999999999999846789 ) ) ;
#56 =( GEOMETRIC_REPRESENTATION_CONTEXT ( 3 ) GLOBAL_UNCERTAINTY_ASSIGNED_CONTEXT ( ( #1719 ) ) GLOBAL_UNIT_ASSIGNED_CONTEXT ( ( #430, #1739, #2259 ) ) REPRESENTATION_CONTEXT ( 'NONE', 'WORKASPACE' ) );
#57 = DIRECTION ( 'NONE',  ( 1.000000000000000000, 0.000000000000000000, 0.000000000000000000 ) ) ;
#58 = CIRCLE ( 'NONE', #4561, 1.399999999999999689 ) ;
#59 =( NAMED_UNIT ( * ) PLANE_ANGLE_UNIT ( ) SI_UNIT ( $, .RADIAN. ) );
#60 = ORIENTED_EDGE ( 'NONE', *, *, #7426, .F. ) ;
#61 = EDGE_CURVE ( 'NONE', #1826, #4668, #3377, .T. ) ;
#62 = ORIENTED_EDGE ( 'NONE', *, *, #2288, .F. ) ;
#63 = EDGE_CURVE ( 'NONE', #2831, #4605, #6324, .T. ) ;
#64 = SURFACE_STYLE_FILL_AREA ( #875 ) ;
#65 = CARTESIAN_POINT ( 'NONE',  ( -5.127182851250000617, -30.10967079045374106, -7.479848658403376760 ) ) ;
#66 = DIRECTION ( 'NONE',  ( 1.000000000000000000, 0.000000000000000000, 0.000000000000000000 ) ) ;
#67 = EDGE_CURVE ( 'NONE', #4586, #5663, #2978, .T. ) ;
#68 = PRESENTATION_STYLE_ASSIGNMENT (( #7338 ) ) ;
#69 = AXIS2_PLACEMENT_3D ( 'NONE', #6837, #4571, #5670 ) ;
#70 = SURFACE_SIDE_STYLE ('',( #2230 ) ) ;
#71 = DIRECTION ( 'NONE',  ( 1.000000000000000000, 0.000000000000000000, 0.000000000000000000 ) ) ;
#72 = CARTESIAN_POINT ( 'NONE',  ( 14.69999999999999929, -38.50000000000000000, -2.017369599999999874 ) ) ;
#73 = STYLED_ITEM ( 'NONE', ( #2772 ), #5262 ) ;
#74 = DIRECTION ( 'NONE',  ( 0.000000000000000000, 0.000000000000000000, -1.000000000000000000 ) ) ;
#75 = CARTESIAN_POINT ( 'NONE',  ( -40.00000000000000000, 0.000000000000000000, 0.000000000000000000 ) ) ;
#76 = VERTEX_POINT ( 'NONE', #890 ) ;
#77 = SURFACE_STYLE_USAGE ( .BOTH. , #734 ) ;
#78 = DIRECTION ( 'NONE',  ( 0.000000000000000000, 1.748454679999999523E-07, -0.9999999999999846789 ) ) ;
#79 =( NAMED_UNIT ( * ) PLANE_ANGLE_UNIT ( ) SI_UNIT ( $, .RADIAN. ) );
#80 = VECTOR ( 'NONE', #1503, 1000.000000000000227 ) ;
#81 = VECTOR ( 'NONE', #531, 1000.000000000000000 ) ;
#82 = ORIENTED_EDGE ( 'NONE', *, *, #610, .F. ) ;
#83 = LINE ( 'NONE', #5462, #6571 ) ;
#84 = ORIENTED_EDGE ( 'NONE', *, *, #716, .T. ) ;
#85 = FILL_AREA_STYLE_COLOUR ( '', #7261 ) ;
#86 = VERTEX_POINT ( 'NONE', #971 ) ;
#87 = CARTESIAN_POINT ( 'NONE',  ( -40.00000000000000000, 43.00000000000000000, -2.017369599999999874 ) ) ;
#88 = VECTOR ( 'NONE', #3497, 1000.000000000000227 ) ;
#89 = SURFACE_STYLE_FILL_AREA ( #195 ) ;
#90 = EDGE_CURVE ( 'NONE', #7155, #6832, #6273, .T. ) ;
#91 = AXIS2_PLACEMENT_3D ( 'NONE', #7335, #2168, #1574 ) ;
#92 = ORIENTED_EDGE ( 'NONE', *, *, #67, .F. ) ;
#93 = UNCERTAINTY_MEASURE_WITH_UNIT (LENGTH_MEASURE( 1.000000000000000082E-05 ), #1152, 'distance_accuracy_value', 'NONE');
#94 = ORIENTED_EDGE ( 'NONE', *, *, #1232, .T. ) ;
#95 = DIRECTION ( 'NONE',  ( 0.000000000000000000, -1.000000000000000000, 0.000000000000000000 ) ) ;
#96 = ADVANCED_FACE ( 'NONE', ( #1051 ), #5118, .T. ) ;
#97 = PRESENTATION_STYLE_ASSIGNMENT (( #679 ) ) ;
#98 =( NAMED_UNIT ( * ) PLANE_ANGLE_UNIT ( ) SI_UNIT ( $, .RADIAN. ) );
#99 = PRESENTATION_STYLE_ASSIGNMENT (( #7187 ) ) ;
#100 = DIRECTION ( 'NONE',  ( 0.000000000000000000, 0.000000000000000000, -1.000000000000000000 ) ) ;
#101 = PLANE ( 'NONE',  #7185 ) ;
#102 = DIRECTION ( 'NONE',  ( 0.000000000000000000, 0.9999999999999846789, 1.748454679999999258E-07 ) ) ;
#103 = DIRECTION ( 'NONE',  ( 0.9999999999999961142, 8.742277655305796972E-08, 1.515390622692383300E-14 ) ) ;
#104 = DIRECTION ( 'NONE',  ( 0.000000000000000000, 0.000000000000000000, -1.000000000000000000 ) ) ;
#105 =( NAMED_UNIT ( * ) SI_UNIT ( $, .STERADIAN. ) SOLID_ANGLE_UNIT ( ) );
#106 = EDGE_CURVE ( 'NONE', #124, #7566, #1588, .T. ) ;
#107 =( LENGTH_UNIT ( ) NAMED_UNIT ( * ) SI_UNIT ( .MILLI., .METRE. ) );
#108 = VECTOR ( 'NONE', #4406, 1000.000000000000000 ) ;
#109 = DIRECTION ( 'NONE',  ( 1.000000000000000000, 0.000000000000000000, 0.000000000000000000 ) ) ;
#110 = EDGE_LOOP ( 'NONE', ( #6389, #478, #5124, #1651 ) ) ;
#111 = CIRCLE ( 'NONE', #4875, 1.300000000000002487 ) ;
#112 = SURFACE_STYLE_FILL_AREA ( #3175 ) ;
#113 = CARTESIAN_POINT ( 'NONE',  ( 8.501151839767999263, -27.50115466022866073, -5.979850049365130538 ) ) ;
#114 = CARTESIAN_POINT ( 'NONE',  ( -1.775125005710904551E-05, -19.29998461843401003, -4.517367415427694155 ) ) ;
#115 = VECTOR ( 'NONE', #6595, 1000.000000000000000 ) ;
#116 = FILL_AREA_STYLE_COLOUR ( '', #1456 ) ;
#117 = VERTEX_POINT ( 'NONE', #337 ) ;
#118 = VERTEX_POINT ( 'NONE', #2131 ) ;
#119 = MECHANICAL_DESIGN_GEOMETRIC_PRESENTATION_REPRESENTATION (  '', ( #5849 ), #1864 ) ;
#120 = DIRECTION ( 'NONE',  ( -1.000000000000000000, 0.000000000000000000, 0.000000000000000000 ) ) ;
#121 = CARTESIAN_POINT ( 'NONE',  ( -11.70000678421900098, -31.00001352250000153, 2.000001080000000098 ) ) ;
#122 = CARTESIAN_POINT ( 'NONE',  ( 8.189931955781004191, -34.99355939208933819, -2.017369181862082250 ) ) ;
#123 = DIRECTION ( 'NONE',  ( 0.000000000000000000, 1.748454679999999787E-07, -0.9999999999999849010 ) ) ;
#124 = VERTEX_POINT ( 'NONE', #4533 ) ;
#125 = ORIENTED_EDGE ( 'NONE', *, *, #5410, .F. ) ;
#126 = EDGE_CURVE ( 'NONE', #2764, #7155, #473, .T. ) ;
#127 = DIRECTION ( 'NONE',  ( 1.000000000000000000, 0.000000000000000000, 0.000000000000000000 ) ) ;
#128 = DIRECTION ( 'NONE',  ( 0.000000000000000000, -1.748454679999999258E-07, 0.9999999999999846789 ) ) ;
#129 = VECTOR ( 'NONE', #3444, 1000.000000000000227 ) ;
#130 =( NAMED_UNIT ( * ) SI_UNIT ( $, .STERADIAN. ) SOLID_ANGLE_UNIT ( ) );
#131 =( NAMED_UNIT ( * ) PLANE_ANGLE_UNIT ( ) SI_UNIT ( $, .RADIAN. ) );
#132 = EDGE_CURVE ( 'NONE', #439, #76, #4452, .T. ) ;
#133 = DIRECTION ( 'NONE',  ( 0.000000000000000000, 1.748454679999999258E-07, -0.9999999999999846789 ) ) ;
#134 = EDGE_CURVE ( 'NONE', #5712, #7143, #500, .T. ) ;
#135 = AXIS2_PLACEMENT_3D ( 'NONE', #300, #3257, #2137 ) ;
#136 = FILL_AREA_STYLE ('',( #6117 ) ) ;
#137 = CARTESIAN_POINT ( 'NONE',  ( -9.500006104219000491, -9.499994431950002038, 1.499998807906999909 ) ) ;
#138 = CARTESIAN_POINT ( 'NONE',  ( -10.70000624421900071, -8.600012602499997882, 0.000000000000000000 ) ) ;
#139 = SURFACE_STYLE_USAGE ( .BOTH. , #5602 ) ;
#140 = AXIS2_PLACEMENT_3D ( 'NONE', #1128, #6309, #3678 ) ;
#141 = ADVANCED_FACE ( 'NONE', ( #5339 ), #2297, .F. ) ;
#142 = ORIENTED_EDGE ( 'NONE', *, *, #580, .T. ) ;
#143 = EDGE_CURVE ( 'NONE', #6879, #6447, #2254, .T. ) ;
#144 = DIRECTION ( 'NONE',  ( -1.000000000000000000, 0.000000000000000000, 0.000000000000000000 ) ) ;
#145 = PRESENTATION_LAYER_ASSIGNMENT (  '', '', ( #4401 ) ) ;
#146 = AXIS2_PLACEMENT_3D ( 'NONE', #4061, #6345, #6304 ) ;
#147 = SURFACE_SIDE_STYLE ('',( #735 ) ) ;
#148 = DIRECTION ( 'NONE',  ( 1.000000000000000000, 0.000000000000000000, 0.000000000000000000 ) ) ;
#149 = SURFACE_SIDE_STYLE ('',( #2498 ) ) ;
#150 = ORIENTED_EDGE ( 'NONE', *, *, #2879, .T. ) ;
#151 =( GEOMETRIC_REPRESENTATION_CONTEXT ( 3 ) GLOBAL_UNCERTAINTY_ASSIGNED_CONTEXT ( ( #1568 ) ) GLOBAL_UNIT_ASSIGNED_CONTEXT ( ( #2990, #7171, #2278 ) ) REPRESENTATION_CONTEXT ( 'NONE', 'WORKASPACE' ) );
#152 = VECTOR ( 'NONE', #4734, 1000.000000000000227 ) ;
#153 = UNCERTAINTY_MEASURE_WITH_UNIT (LENGTH_MEASURE( 1.000000000000000082E-05 ), #768, 'distance_accuracy_value', 'NONE');
#154 = ORIENTED_EDGE ( 'NONE', *, *, #1061, .T. ) ;
#155 = CARTESIAN_POINT ( 'NONE',  ( 1.499992675781000040, -2.999995751950247147, -4.517364565448511726 ) ) ;
#156 = ORIENTED_EDGE ( 'NONE', *, *, #3642, .T. ) ;
#157 = MECHANICAL_DESIGN_GEOMETRIC_PRESENTATION_REPRESENTATION (  '', ( #5890 ), #1906 ) ;
#158 = PLANE ( 'NONE',  #3560 ) ;
#159 = LINE ( 'NONE', #1257, #2794 ) ;
#160 = MECHANICAL_DESIGN_GEOMETRIC_PRESENTATION_REPRESENTATION (  '', ( #1782 ), #1285 ) ;
#161 = VECTOR ( 'NONE', #5402, 1000.000000000000000 ) ;
#162 = SURFACE_STYLE_USAGE ( .BOTH. , #2379 ) ;
#163 = LINE ( 'NONE', #1880, #3979 ) ;
#164 = STYLED_ITEM ( 'NONE', ( #4904 ), #7289 ) ;
#165 = EDGE_LOOP ( 'NONE', ( #7166, #1798, #586, #7477 ) ) ;
#166 = UNCERTAINTY_MEASURE_WITH_UNIT (LENGTH_MEASURE( 1.000000000000000082E-05 ), #3900, 'distance_accuracy_value', 'NONE');
#167 = ORIENTED_EDGE ( 'NONE', *, *, #4922, .T. ) ;
#168 =( NAMED_UNIT ( * ) PLANE_ANGLE_UNIT ( ) SI_UNIT ( $, .RADIAN. ) );
#169 = DIRECTION ( 'NONE',  ( 1.000000000000000000, 0.000000000000000000, 0.000000000000000000 ) ) ;
#170 = VECTOR ( 'NONE', #1974, 1000.000000000000000 ) ;
#171 =( NAMED_UNIT ( * ) PLANE_ANGLE_UNIT ( ) SI_UNIT ( $, .RADIAN. ) );
#172 = FACE_OUTER_BOUND ( 'NONE', #165, .T. ) ;
#173 = MECHANICAL_DESIGN_GEOMETRIC_PRESENTATION_REPRESENTATION (  '', ( #1416 ), #2945 ) ;
#174 = SURFACE_STYLE_FILL_AREA ( #4884 ) ;
#175 = DIRECTION ( 'NONE',  ( 0.000000000000000000, 0.000000000000000000, 1.000000000000000000 ) ) ;
#176 = FILL_AREA_STYLE_COLOUR ( '', #7360 ) ;
#177 = DIRECTION ( 'NONE',  ( -1.000000000000000000, 0.000000000000000000, 0.000000000000000000 ) ) ;
#178 = DIRECTION ( 'NONE',  ( -0.7071067811865476838, -0.7071067811865366926, -1.236344160825354801E-07 ) ) ;
#179 = FILL_AREA_STYLE_COLOUR ( '', #5600 ) ;
#180 = LINE ( 'NONE', #6766, #454 ) ;
#181 = ADVANCED_FACE ( 'NONE', ( #7046 ), #5997, .T. ) ;
#182 =( GEOMETRIC_REPRESENTATION_CONTEXT ( 3 ) GLOBAL_UNCERTAINTY_ASSIGNED_CONTEXT ( ( #5101 ) ) GLOBAL_UNIT_ASSIGNED_CONTEXT ( ( #593, #59, #3598 ) ) REPRESENTATION_CONTEXT ( 'NONE', 'WORKASPACE' ) );
#183 = VERTEX_POINT ( 'NONE', #1818 ) ;
#184 = DIRECTION ( 'NONE',  ( -1.000000000000000000, 0.000000000000000000, 0.000000000000000000 ) ) ;
#185 = SURFACE_STYLE_USAGE ( .BOTH. , #6667 ) ;
#186 = CARTESIAN_POINT ( 'NONE',  ( 0.1902968287500000077, -30.17282342241298920, -3.979848049445275482 ) ) ;
#187 = CARTESIAN_POINT ( 'NONE',  ( -10.70000624421900071, -30.00001298249999593, 0.000000000000000000 ) ) ;
#188 = LINE ( 'NONE', #2697, #3710 ) ;
#189 = ADVANCED_FACE ( 'NONE', ( #4735 ), #6577, .T. ) ;
#190 = FILL_AREA_STYLE_COLOUR ( '', #7250 ) ;
#191 = VERTEX_POINT ( 'NONE', #2516 ) ;
#192 = ORIENTED_EDGE ( 'NONE', *, *, #3819, .F. ) ;
#193 = VERTEX_POINT ( 'NONE', #3750 ) ;
#194 = SURFACE_STYLE_USAGE ( .BOTH. , #1878 ) ;
#195 = FILL_AREA_STYLE ('',( #2474 ) ) ;
#196 = EDGE_CURVE ( 'NONE', #4014, #4425, #4472, .T. ) ;
#197 =( NAMED_UNIT ( * ) PLANE_ANGLE_UNIT ( ) SI_UNIT ( $, .RADIAN. ) );
#198 = ORIENTED_EDGE ( 'NONE', *, *, #2677, .F. ) ;
#199 = ORIENTED_EDGE ( 'NONE', *, *, #7472, .F. ) ;
#200 = PRESENTATION_LAYER_ASSIGNMENT (  '', '', ( #6443 ) ) ;
#201 = PRESENTATION_LAYER_ASSIGNMENT (  '', '', ( #3834 ) ) ;
#202 = CARTESIAN_POINT ( 'NONE',  ( 8.499992675780999818, -28.99999575194984658, -4.517369111430680206 ) ) ;
#203 = CARTESIAN_POINT ( 'NONE',  ( -43.00000000000000000, -40.00000000000000000, -2.017369599999999874 ) ) ;
#204 = DIRECTION ( 'NONE',  ( 0.000000000000000000, 0.000000000000000000, 1.000000000000000000 ) ) ;
#205 = MECHANICAL_DESIGN_GEOMETRIC_PRESENTATION_REPRESENTATION (  '', ( #6322 ), #6563 ) ;
#206 = CYLINDRICAL_SURFACE ( 'NONE', #3494, 1.498841284246000605 ) ;
#207 = CARTESIAN_POINT ( 'NONE',  ( -9.026568044219001052, -34.99355932359359400, -2.017369181862070260 ) ) ;
#208 = AXIS2_PLACEMENT_3D ( 'NONE', #4651, #1572, #918 ) ;
#209 = AXIS2_PLACEMENT_3D ( 'NONE', #5358, #2431, #1287 ) ;
#210 = FILL_AREA_STYLE ('',( #3279 ) ) ;
#211 = CYLINDRICAL_SURFACE ( 'NONE', #6099, 2.000729601581999528 ) ;
#212 = DIRECTION ( 'NONE',  ( -0.9999997009467437303, 0.0007733734047231480583, 0.000000000000000000 ) ) ;
#213 = CARTESIAN_POINT ( 'NONE',  ( -4.809703171250000686, -30.42715047045373566, -7.479848713913259672 ) ) ;
#214 = CARTESIAN_POINT ( 'NONE',  ( -9.026568044219001052, -34.99355932359359400, -2.017369181862070260 ) ) ;
#215 = COLOUR_RGB ( '',1.000000000000000000, 0.6078431372549019107, 0.000000000000000000 ) ;
#216 = FILL_AREA_STYLE_COLOUR ( '', #2766 ) ;
#217 = ORIENTED_EDGE ( 'NONE', *, *, #3819, .T. ) ;
#218 = ORIENTED_EDGE ( 'NONE', *, *, #5818, .T. ) ;
#219 = EDGE_CURVE ( 'NONE', #4392, #2777, #2853, .T. ) ;
#220 = CARTESIAN_POINT ( 'NONE',  ( -0.02656804421900000115, -2.993528124119761991, -5.917363586801698716 ) ) ;
#221 = ORIENTED_EDGE ( 'NONE', *, *, #1811, .T. ) ;
#222 = MECHANICAL_DESIGN_GEOMETRIC_PRESENTATION_REPRESENTATION (  '', ( #4002 ), #4991 ) ;
#223 = UNCERTAINTY_MEASURE_WITH_UNIT (LENGTH_MEASURE( 1.000000000000000082E-05 ), #244, 'distance_accuracy_value', 'NONE');
#224 = ORIENTED_EDGE ( 'NONE', *, *, #7020, .F. ) ;
#225 =( NAMED_UNIT ( * ) PLANE_ANGLE_UNIT ( ) SI_UNIT ( $, .RADIAN. ) );
#226 = ORIENTED_EDGE ( 'NONE', *, *, #5757, .F. ) ;
#227 = EDGE_CURVE ( 'NONE', #5281, #6065, #6039, .T. ) ;
#228 = EDGE_CURVE ( 'NONE', #5221, #7244, #3042, .T. ) ;
#229 = LINE ( 'NONE', #1361, #2083 ) ;
#230 = LINE ( 'NONE', #3350, #3307 ) ;
#231 = SURFACE_SIDE_STYLE ('',( #3851 ) ) ;
#232 = EDGE_LOOP ( 'NONE', ( #4986, #4906 ) ) ;
#233 = UNCERTAINTY_MEASURE_WITH_UNIT (LENGTH_MEASURE( 1.000000000000000082E-05 ), #1174, 'distance_accuracy_value', 'NONE');
#234 = MECHANICAL_DESIGN_GEOMETRIC_PRESENTATION_REPRESENTATION (  '', ( #4132 ), #1735 ) ;
#235 = ORIENTED_EDGE ( 'NONE', *, *, #6643, .T. ) ;
#236 = EDGE_CURVE ( 'NONE', #2493, #5162, #2595, .T. ) ;
#237 = DIRECTION ( 'NONE',  ( 0.000000000000000000, 1.000000000000000000, 0.000000000000000000 ) ) ;
#238 =( GEOMETRIC_REPRESENTATION_CONTEXT ( 3 ) GLOBAL_UNCERTAINTY_ASSIGNED_CONTEXT ( ( #1332 ) ) GLOBAL_UNIT_ASSIGNED_CONTEXT ( ( #5305, #1677, #4227 ) ) REPRESENTATION_CONTEXT ( 'NONE', 'WORKASPACE' ) );
#239 = LINE ( 'NONE', #7422, #5450 ) ;
#240 = VERTEX_POINT ( 'NONE', #4400 ) ;
#241 = FACE_OUTER_BOUND ( 'NONE', #6930, .T. ) ;
#242 = CYLINDRICAL_SURFACE ( 'NONE', #425, 0.6249999999999996669 ) ;
#243 = VECTOR ( 'NONE', #1378, 1000.000000000000000 ) ;
#244 =( LENGTH_UNIT ( ) NAMED_UNIT ( * ) SI_UNIT ( .MILLI., .METRE. ) );
#245 = SURFACE_STYLE_USAGE ( .BOTH. , #5596 ) ;
#246 =( NAMED_UNIT ( * ) PLANE_ANGLE_UNIT ( ) SI_UNIT ( $, .RADIAN. ) );
#247 = LINE ( 'NONE', #4931, #767 ) ;
#248 = SURFACE_STYLE_USAGE ( .BOTH. , #1500 ) ;
#249 = DIRECTION ( 'NONE',  ( 0.000000000000000000, 0.000000000000000000, 1.000000000000000000 ) ) ;
#250 =( LENGTH_UNIT ( ) NAMED_UNIT ( * ) SI_UNIT ( .MILLI., .METRE. ) );
#251 = DIRECTION ( 'NONE',  ( -1.000000000000000000, 0.000000000000000000, 0.000000000000000000 ) ) ;
#252 = ORIENTED_EDGE ( 'NONE', *, *, #260, .T. ) ;
#253 = FILL_AREA_STYLE ('',( #6086 ) ) ;
#254 = ORIENTED_EDGE ( 'NONE', *, *, #1239, .F. ) ;
#255 = STYLED_ITEM ( 'NONE', ( #1255 ), #6298 ) ;
#256 = SURFACE_SIDE_STYLE ('',( #1432 ) ) ;
#257 = CARTESIAN_POINT ( 'NONE',  ( -24.50000000000000000, 43.00000000000000000, -2.017369599999999874 ) ) ;
#258 = DIRECTION ( 'NONE',  ( -1.000000000000000000, 0.000000000000000000, 0.000000000000000000 ) ) ;
#259 = COLOUR_RGB ( '',0.000000000000000000, 0.5019607843137254832, 0.000000000000000000 ) ;
#260 = EDGE_CURVE ( 'NONE', #1300, #3888, #4259, .T. ) ;
#261 = ORIENTED_EDGE ( 'NONE', *, *, #23, .F. ) ;
#262 = CIRCLE ( 'NONE', #50, 0.7834999999999989750 ) ;
#263 = FILL_AREA_STYLE_COLOUR ( '', #1792 ) ;
#264 = VERTEX_POINT ( 'NONE', #4993 ) ;
#265 = STYLED_ITEM ( 'NONE', ( #7041 ), #2813 ) ;
#266 = AXIS2_PLACEMENT_3D ( 'NONE', #7006, #3417, #7595 ) ;
#267 =( LENGTH_UNIT ( ) NAMED_UNIT ( * ) SI_UNIT ( .MILLI., .METRE. ) );
#268 = FILL_AREA_STYLE ('',( #6213 ) ) ;
#269 = COLOUR_RGB ( '',0.000000000000000000, 0.000000000000000000, 0.5019607843137254832 ) ;
#270 = MECHANICAL_DESIGN_GEOMETRIC_PRESENTATION_REPRESENTATION (  '', ( #6138 ), #2651 ) ;
#271 = EDGE_CURVE ( 'NONE', #3556, #1806, #3083, .T. ) ;
#272 = ORIENTED_EDGE ( 'NONE', *, *, #2869, .T. ) ;
#273 = AXIS2_PLACEMENT_3D ( 'NONE', #2635, #3246, #6190 ) ;
#274 = ORIENTED_EDGE ( 'NONE', *, *, #3230, .T. ) ;
#275 = VERTEX_POINT ( 'NONE', #4924 ) ;
#276 = COLOUR_RGB ( '',0.000000000000000000, 0.5019607843137254832, 0.000000000000000000 ) ;
#277 = CARTESIAN_POINT ( 'NONE',  ( -10.00000732421900018, -10.49999575195012902, -4.517365876789521728 ) ) ;
#278 = CIRCLE ( 'NONE', #5406, 0.5000000000000000000 ) ;
#279 = CARTESIAN_POINT ( 'NONE',  ( 43.00000000000000000, 40.00000000000000000, -2.017369599999999874 ) ) ;
#280 = DIRECTION ( 'NONE',  ( 0.000000000000000000, 1.748454679999999787E-07, -0.9999999999999849010 ) ) ;
#281 = ADVANCED_FACE ( 'NONE', ( #5448 ), #101, .T. ) ;
#282 = ORIENTED_EDGE ( 'NONE', *, *, #7005, .T. ) ;
#283 = VECTOR ( 'NONE', #144, 1000.000000000000000 ) ;
#284 = VECTOR ( 'NONE', #4982, 999.9999999999998863 ) ;
#285 =( NAMED_UNIT ( * ) SI_UNIT ( $, .STERADIAN. ) SOLID_ANGLE_UNIT ( ) );
#286 =( LENGTH_UNIT ( ) NAMED_UNIT ( * ) SI_UNIT ( .MILLI., .METRE. ) );
#287 = AXIS2_PLACEMENT_3D ( 'NONE', #7685, #4084, #5317 ) ;
#288 = CARTESIAN_POINT ( 'NONE',  ( -39.99890579710000083, -39.99890579710000083, -2.017369599999999874 ) ) ;
#289 = DIRECTION ( 'NONE',  ( 0.000000000000000000, 0.000000000000000000, -1.000000000000000000 ) ) ;
#290 =( LENGTH_UNIT ( ) NAMED_UNIT ( * ) SI_UNIT ( .MILLI., .METRE. ) );
#291 = LINE ( 'NONE', #2602, #955 ) ;
#292 = EDGE_CURVE ( 'NONE', #7242, #6015, #2682, .T. ) ;
#293 = CARTESIAN_POINT ( 'NONE',  ( -5.224510571250000623, -30.25533217045370904, -7.479848683871609616 ) ) ;
#294 = MECHANICAL_DESIGN_GEOMETRIC_PRESENTATION_REPRESENTATION (  '', ( #930 ), #2427 ) ;
#295 = CARTESIAN_POINT ( 'NONE',  ( -12.70000732421899947, -6.600014062499999667, 0.000000000000000000 ) ) ;
#296 = EDGE_LOOP ( 'NONE', ( #1366, #453, #4574, #2463 ) ) ;
#297 = ORIENTED_EDGE ( 'NONE', *, *, #601, .T. ) ;
#298 = CIRCLE ( 'NONE', #934, 0.7834999999999998632 ) ;
#299 = DIRECTION ( 'NONE',  ( 0.000000000000000000, 1.000000000000000000, 0.000000000000000000 ) ) ;
#300 = CARTESIAN_POINT ( 'NONE',  ( 8.973431955781000724, -34.99355932359359400, -2.017369181862070260 ) ) ;
#301 = LINE ( 'NONE', #2057, #1965 ) ;
#302 = DIRECTION ( 'NONE',  ( 0.000000000000000000, 0.000000000000000000, -1.000000000000000000 ) ) ;
#303 = PRESENTATION_LAYER_ASSIGNMENT (  '', '', ( #6662 ) ) ;
#304 = DIRECTION ( 'NONE',  ( 0.000000000000000000, 0.000000000000000000, -1.000000000000000000 ) ) ;
#305 = DIRECTION ( 'NONE',  ( 1.000000000000000000, 0.000000000000000000, 0.000000000000000000 ) ) ;
#306 = CARTESIAN_POINT ( 'NONE',  ( 2.999992675781000262, -4.599995496242009985, -5.979846045201238525 ) ) ;
#307 = ORIENTED_EDGE ( 'NONE', *, *, #6254, .T. ) ;
#308 = VECTOR ( 'NONE', #4436, 999.9999999999998863 ) ;
#309 = DIRECTION ( 'NONE',  ( 1.000000000000000000, 0.000000000000000000, 0.000000000000000000 ) ) ;
#310 = LINE ( 'NONE', #2779, #1549 ) ;
#311 = ORIENTED_EDGE ( 'NONE', *, *, #1419, .F. ) ;
#312 = CARTESIAN_POINT ( 'NONE',  ( 0.1271448087500000046, -30.49030249045373608, -7.479848724955104444 ) ) ;
#313 = FACE_OUTER_BOUND ( 'NONE', #3014, .T. ) ;
#314 = DIRECTION ( 'NONE',  ( 0.000000000000000000, -1.748454679999999258E-07, 0.9999999999999846789 ) ) ;
#315 = CARTESIAN_POINT ( 'NONE',  ( -40.00000000000000000, 43.00000000000000000, 0.000000000000000000 ) ) ;
#316 = CARTESIAN_POINT ( 'NONE',  ( -0.1271828512500000063, -30.10967140241298878, -3.979848038403430710 ) ) ;
#317 = VECTOR ( 'NONE', #3509, 1000.000000000000227 ) ;
#318 = ORIENTED_EDGE ( 'NONE', *, *, #6874, .F. ) ;
#319 = UNCERTAINTY_MEASURE_WITH_UNIT (LENGTH_MEASURE( 1.000000000000000082E-05 ), #3691, 'distance_accuracy_value', 'NONE');
#320 = ORIENTED_EDGE ( 'NONE', *, *, #2403, .T. ) ;
#321 = MECHANICAL_DESIGN_GEOMETRIC_PRESENTATION_REPRESENTATION (  '', ( #2450 ), #1079 ) ;
#322 =( NAMED_UNIT ( * ) SI_UNIT ( $, .STERADIAN. ) SOLID_ANGLE_UNIT ( ) );
#323 = EDGE_CURVE ( 'NONE', #1159, #5743, #5674, .T. ) ;
#324 = CARTESIAN_POINT ( 'NONE',  ( -4.775524931250000549, -30.34464172241292346, -3.979848079486925982 ) ) ;
#325 = CARTESIAN_POINT ( 'NONE',  ( 8.501151839767999263, -10.49883633225491941, -5.979847076586825239 ) ) ;
#326 = AXIS2_PLACEMENT_3D ( 'NONE', #1853, #1267, #806 ) ;
#327 = VECTOR ( 'NONE', #6999, 1000.000000000000227 ) ;
#328 = EDGE_LOOP ( 'NONE', ( #692, #4473, #2361, #3311 ) ) ;
#329 = CARTESIAN_POINT ( 'NONE',  ( 24.50000000000000000, 43.00000000000000000, -2.017369599999999874 ) ) ;
#330 = EDGE_CURVE ( 'NONE', #1687, #4498, #2081, .T. ) ;
#331 =( GEOMETRIC_REPRESENTATION_CONTEXT ( 3 ) GLOBAL_UNCERTAINTY_ASSIGNED_CONTEXT ( ( #3775 ) ) GLOBAL_UNIT_ASSIGNED_CONTEXT ( ( #2294, #4021, #5795 ) ) REPRESENTATION_CONTEXT ( 'NONE', 'WORKASPACE' ) );
#332 = CARTESIAN_POINT ( 'NONE',  ( 11.69999213578100061, -31.00001606249999497, 0.000000000000000000 ) ) ;
#333 = LINE ( 'NONE', #4488, #1029 ) ;
#334 = DIRECTION ( 'NONE',  ( 0.000000000000000000, 0.000000000000000000, 1.000000000000000000 ) ) ;
#335 = DIRECTION ( 'NONE',  ( 0.000000000000000000, -1.748454679999999787E-07, 0.9999999999999849010 ) ) ;
#336 =( GEOMETRIC_REPRESENTATION_CONTEXT ( 3 ) GLOBAL_UNCERTAINTY_ASSIGNED_CONTEXT ( ( #7326 ) ) GLOBAL_UNIT_ASSIGNED_CONTEXT ( ( #804, #4804, #6916 ) ) REPRESENTATION_CONTEXT ( 'NONE', 'WORKASPACE' ) );
#337 = CARTESIAN_POINT ( 'NONE',  ( -5.224510571250000623, -30.25533278241295676, -3.979848063871662678 ) ) ;
#338 = OPEN_SHELL ( 'NONE', ( #3124 ) ) ;
#339 = DIRECTION ( 'NONE',  ( 0.000000000000000000, -1.748454679999999787E-07, 0.9999999999999849010 ) ) ;
#340 = FACE_OUTER_BOUND ( 'NONE', #796, .T. ) ;
#341 = VERTEX_POINT ( 'NONE', #7382 ) ;
#342 = CARTESIAN_POINT ( 'NONE',  ( -4.775524931250000549, -30.34464111045367929, -7.479848699486872476 ) ) ;
#343 = ORIENTED_EDGE ( 'NONE', *, *, #2538, .T. ) ;
#344 = ADVANCED_FACE ( 'NONE', ( #5110 ), #886, .F. ) ;
#345 = CARTESIAN_POINT ( 'NONE',  ( -10.70000624421900071, -30.00001298249999593, 2.000001080000000098 ) ) ;
#346 = CARTESIAN_POINT ( 'NONE',  ( 14.69999999999999929, -38.50000000000000000, -2.017369599999999874 ) ) ;
#347 = STYLED_ITEM ( 'NONE', ( #5364 ), #882 ) ;
#348 = FILL_AREA_STYLE_COLOUR ( '', #6555 ) ;
#349 = LINE ( 'NONE', #777, #5271 ) ;
#350 = SURFACE_STYLE_USAGE ( .BOTH. , #390 ) ;
#351 = DIRECTION ( 'NONE',  ( 0.000000000000000000, 0.000000000000000000, 1.000000000000000000 ) ) ;
#352 = DIRECTION ( 'NONE',  ( 0.000000000000000000, -0.9999999999999847899, -1.748454679999999523E-07 ) ) ;
#353 = EDGE_LOOP ( 'NONE', ( #6698, #3659 ) ) ;
#354 = AXIS2_PLACEMENT_3D ( 'NONE', #3303, #2663, #3883 ) ;
#355 = CARTESIAN_POINT ( 'NONE',  ( 0.2244750687499999786, -30.25533217045370904, -7.479848683871609616 ) ) ;
#356 =( NAMED_UNIT ( * ) PLANE_ANGLE_UNIT ( ) SI_UNIT ( $, .RADIAN. ) );
#357 = ORIENTED_EDGE ( 'NONE', *, *, #5912, .F. ) ;
#358 = LINE ( 'NONE', #3924, #2027 ) ;
#359 =( NAMED_UNIT ( * ) SI_UNIT ( $, .STERADIAN. ) SOLID_ANGLE_UNIT ( ) );
#360 = FILL_AREA_STYLE_COLOUR ( '', #7367 ) ;
#361 = ORIENTED_EDGE ( 'NONE', *, *, #2212, .F. ) ;
#362 = ORIENTED_EDGE ( 'NONE', *, *, #382, .F. ) ;
#363 = VERTEX_POINT ( 'NONE', #7552 ) ;
#364 = VECTOR ( 'NONE', #7569, 1000.000000000000000 ) ;
#365 =( NAMED_UNIT ( * ) PLANE_ANGLE_UNIT ( ) SI_UNIT ( $, .RADIAN. ) );
#366 = SURFACE_STYLE_FILL_AREA ( #884 ) ;
#367 = CARTESIAN_POINT ( 'NONE',  ( -5.000736792818000431, -4.599266283351220785, -4.517364845073717383 ) ) ;
#368 = AXIS2_PLACEMENT_3D ( 'NONE', #1943, #1282, #148 ) ;
#369 = ORIENTED_EDGE ( 'NONE', *, *, #3475, .F. ) ;
#370 = ADVANCED_FACE ( 'NONE', ( #241, #5028 ), #6956, .F. ) ;
#371 = SURFACE_SIDE_STYLE ('',( #2039 ) ) ;
#372 = DIRECTION ( 'NONE',  ( -0.0003646012926752482280, -0.9999999335329464722, 0.000000000000000000 ) ) ;
#373 = STYLED_ITEM ( 'NONE', ( #4632 ), #1980 ) ;
#374 = DIRECTION ( 'NONE',  ( 1.000000000000000000, 0.000000000000000000, 0.000000000000000000 ) ) ;
#375 = CARTESIAN_POINT ( 'NONE',  ( 9.525000000000000355, 8.000000000000000000, -2.017369599999999874 ) ) ;
#376 = DIRECTION ( 'NONE',  ( 0.000000000000000000, -1.000000000000000000, 0.000000000000000000 ) ) ;
#377 = CARTESIAN_POINT ( 'NONE',  ( 0.04463544874997000395, -30.52447880241297895, -3.979848110930624294 ) ) ;
#378 = ADVANCED_FACE ( 'NONE', ( #5591 ), #7666, .T. ) ;
#379 = VECTOR ( 'NONE', #6886, 1000.000000000000000 ) ;
#380 = EDGE_CURVE ( 'NONE', #7312, #5856, #707, .T. ) ;
#381 = SURFACE_STYLE_USAGE ( .BOTH. , #2222 ) ;
#382 = EDGE_CURVE ( 'NONE', #7205, #2247, #1086, .T. ) ;
#383 = PRESENTATION_STYLE_ASSIGNMENT (( #2181 ) ) ;
#384 = EDGE_LOOP ( 'NONE', ( #6970, #1096, #6730, #7039 ) ) ;
#385 = VERTEX_POINT ( 'NONE', #7590 ) ;
#386 = CARTESIAN_POINT ( 'NONE',  ( -0.2245105712499999850, -30.25533217045370904, -7.479848683871609616 ) ) ;
#387 = DIRECTION ( 'NONE',  ( 0.0003646012926752482280, 0.9999999335329464722, 0.000000000000000000 ) ) ;
#388 = CARTESIAN_POINT ( 'NONE',  ( -18.30000000000000071, -43.00000000000000000, -2.017369599999999874 ) ) ;
#389 = LINE ( 'NONE', #1709, #5855 ) ;
#390 = SURFACE_SIDE_STYLE ('',( #5046 ) ) ;
#391 = LINE ( 'NONE', #1678, #7668 ) ;
#392 = EDGE_CURVE ( 'NONE', #3545, #829, #5833, .T. ) ;
#393 = EDGE_CURVE ( 'NONE', #4027, #5733, #3091, .T. ) ;
#394 = ORIENTED_EDGE ( 'NONE', *, *, #4025, .F. ) ;
#395 = CARTESIAN_POINT ( 'NONE',  ( 8.501151839767999263, -10.49883658796312957, -4.517365876586847406 ) ) ;
#396 = VERTEX_POINT ( 'NONE', #2410 ) ;
#397 = CARTESIAN_POINT ( 'NONE',  ( 10.69999159578100034, -8.600012602499997882, 2.000001080000000098 ) ) ;
#398 = PRESENTATION_STYLE_ASSIGNMENT (( #7678 ) ) ;
#399 = DIRECTION ( 'NONE',  ( 0.000000000000000000, 0.9999999999999846789, 1.748454679999999258E-07 ) ) ;
#400 = MECHANICAL_DESIGN_GEOMETRIC_PRESENTATION_REPRESENTATION (  '', ( #5150 ), #3420 ) ;
#401 = DIRECTION ( 'NONE',  ( 0.000000000000000000, 0.000000000000000000, 1.000000000000000000 ) ) ;
#402 = ADVANCED_FACE ( 'NONE', ( #1125 ), #6383, .F. ) ;
#403 = ORIENTED_EDGE ( 'NONE', *, *, #5732, .T. ) ;
#404 = MECHANICAL_DESIGN_GEOMETRIC_PRESENTATION_REPRESENTATION (  '', ( #1742 ), #3284 ) ;
#405 = UNCERTAINTY_MEASURE_WITH_UNIT (LENGTH_MEASURE( 1.000000000000000082E-05 ), #1179, 'distance_accuracy_value', 'NONE');
#406 = ORIENTED_EDGE ( 'NONE', *, *, #1755, .T. ) ;
#407 = EDGE_LOOP ( 'NONE', ( #5174, #4236, #1458, #6901 ) ) ;
#408 = FILL_AREA_STYLE_COLOUR ( '', #4429 ) ;
#409 = LINE ( 'NONE', #5188, #4769 ) ;
#410 = DIRECTION ( 'NONE',  ( 1.000000000000000000, 0.000000000000000000, 0.000000000000000000 ) ) ;
#411 = PRESENTATION_LAYER_ASSIGNMENT (  '', '', ( #6137 ) ) ;
#412 = COLOUR_RGB ( '',1.000000000000000000, 0.6078431372549019107, 0.000000000000000000 ) ;
#413 = DIRECTION ( 'NONE',  ( -0.0007733734047231489257, 0.9999997009467437303, 0.000000000000000000 ) ) ;
#414 = FILL_AREA_STYLE_COLOUR ( '', #7684 ) ;
#415 = AXIS2_PLACEMENT_3D ( 'NONE', #4098, #5868, #109 ) ;
#416 = VERTEX_POINT ( 'NONE', #5377 ) ;
#417 = VECTOR ( 'NONE', #6604, 1000.000000000000000 ) ;
#418 = AXIS2_PLACEMENT_3D ( 'NONE', #5432, #7203, #1284 ) ;
#419 = CARTESIAN_POINT ( 'NONE',  ( -0.04467349125005000421, -30.07549316241298598, -3.979848032427520277 ) ) ;
#420 = VECTOR ( 'NONE', #2854, 1000.000000000000000 ) ;
#421 = DIRECTION ( 'NONE',  ( 0.000000000000000000, 0.000000000000000000, -1.000000000000000000 ) ) ;
#422 = CARTESIAN_POINT ( 'NONE',  ( -8.500007324219000182, -8.999995496241941950, -5.979846814521297738 ) ) ;
#423 = STYLED_ITEM ( 'NONE', ( #6627 ), #3613 ) ;
#424 = LINE ( 'NONE', #2808, #327 ) ;
#425 = AXIS2_PLACEMENT_3D ( 'NONE', #684, #725, #2519 ) ;
#426 = SURFACE_STYLE_USAGE ( .BOTH. , #1008 ) ;
#427 = FILL_AREA_STYLE_COLOUR ( '', #2415 ) ;
#428 = ORIENTED_EDGE ( 'NONE', *, *, #6874, .T. ) ;
#429 = ORIENTED_EDGE ( 'NONE', *, *, #67, .T. ) ;
#430 =( LENGTH_UNIT ( ) NAMED_UNIT ( * ) SI_UNIT ( .MILLI., .METRE. ) );
#431 = VECTOR ( 'NONE', #6731, 1000.000000000000227 ) ;
#432 = EDGE_CURVE ( 'NONE', #4339, #4269, #2850, .T. ) ;
#433 = FILL_AREA_STYLE_COLOUR ( '', #215 ) ;
#434 = PRESENTATION_STYLE_ASSIGNMENT (( #6393 ) ) ;
#435 = SURFACE_STYLE_USAGE ( .BOTH. , #5885 ) ;
#436 = PRESENTATION_LAYER_ASSIGNMENT (  '', '', ( #6769 ) ) ;
#437 = PRESENTATION_LAYER_ASSIGNMENT (  '', '', ( #5057 ) ) ;
#438 = CARTESIAN_POINT ( 'NONE',  ( 8.499992675780999818, -28.99999549624163819, -5.979850311430657150 ) ) ;
#439 = VERTEX_POINT ( 'NONE', #6998 ) ;
#440 = STYLED_ITEM ( 'NONE', ( #1992 ), #4616 ) ;
#441 = ADVANCED_FACE ( 'NONE', ( #1815 ), #4921, .F. ) ;
#442 = DIRECTION ( 'NONE',  ( 0.000000000000000000, 0.000000000000000000, 1.000000000000000000 ) ) ;
#443 = SURFACE_SIDE_STYLE ('',( #512 ) ) ;
#444 = EDGE_LOOP ( 'NONE', ( #5500, #4210 ) ) ;
#445 = MECHANICAL_DESIGN_GEOMETRIC_PRESENTATION_REPRESENTATION (  '', ( #4435 ), #812 ) ;
#446 = VERTEX_POINT ( 'NONE', #65 ) ;
#447 = ORIENTED_EDGE ( 'NONE', *, *, #2288, .T. ) ;
#448 = CARTESIAN_POINT ( 'NONE',  ( 0.1271448087500000046, -30.10967079045374106, -7.479848658403376760 ) ) ;
#449 = CARTESIAN_POINT ( 'NONE',  ( 11.69999213578100061, -7.600014602499998162, 0.000000000000000000 ) ) ;
#450 = ADVANCED_FACE ( 'NONE', ( #1264 ), #4847, .T. ) ;
#451 =( NAMED_UNIT ( * ) SI_UNIT ( $, .STERADIAN. ) SOLID_ANGLE_UNIT ( ) );
#452 = VERTEX_POINT ( 'NONE', #6037 ) ;
#453 = ORIENTED_EDGE ( 'NONE', *, *, #2625, .T. ) ;
#454 = VECTOR ( 'NONE', #4933, 1000.000000000000000 ) ;
#455 = DIRECTION ( 'NONE',  ( 0.9999997009467437303, 0.0007733734047231489257, 1.352209101274060492E-10 ) ) ;
#456 = CARTESIAN_POINT ( 'NONE',  ( 8.499992675780999818, -28.99999575194984658, -4.517369111430680206 ) ) ;
#457 =( NAMED_UNIT ( * ) SI_UNIT ( $, .STERADIAN. ) SOLID_ANGLE_UNIT ( ) );
#458 = LINE ( 'NONE', #3375, #6550 ) ;
#459 = DIRECTION ( 'NONE',  ( -0.9238826834630523566, 0.3826758252060157295, 6.690913375043302168E-08 ) ) ;
#460 = CARTESIAN_POINT ( 'NONE',  ( -4.300007324218984017, -34.49999562409566067, -4.517370073080731352 ) ) ;
#461 = ORIENTED_EDGE ( 'NONE', *, *, #3572, .F. ) ;
#462 = COLOUR_RGB ( '',1.000000000000000000, 1.000000000000000000, 1.000000000000000000 ) ;
#463 = DIRECTION ( 'NONE',  ( 0.000000000000000000, 1.000000000000000000, 0.000000000000000000 ) ) ;
#464 = PLANE ( 'NONE',  #6152 ) ;
#465 = DIRECTION ( 'NONE',  ( -0.3826758252060216137, 0.9238826834630381457, 1.615367001671931827E-07 ) ) ;
#466 =( NAMED_UNIT ( * ) PLANE_ANGLE_UNIT ( ) SI_UNIT ( $, .RADIAN. ) );
#467 = COLOUR_RGB ( '',0.1843137254901960898, 0.7490196078431372584, 0.5803921568627450345 ) ;
#468 = OPEN_SHELL ( 'NONE', ( #4568, #483, #3520 ) ) ;
#469 = SURFACE_SIDE_STYLE ('',( #7565 ) ) ;
#470 = ADVANCED_FACE ( 'NONE', ( #172 ), #206, .F. ) ;
#471 = ORIENTED_EDGE ( 'NONE', *, *, #7130, .F. ) ;
#472 =( LENGTH_UNIT ( ) NAMED_UNIT ( * ) SI_UNIT ( .MILLI., .METRE. ) );
#473 = CIRCLE ( 'NONE', #7052, 1.300000000000002487 ) ;
#474 = SURFACE_STYLE_USAGE ( .BOTH. , #5813 ) ;
#475 = CARTESIAN_POINT ( 'NONE',  ( 9.999992675780999818, -10.49999549624191886, -5.979847076789500449 ) ) ;
#476 = CARTESIAN_POINT ( 'NONE',  ( -0.02656804421900000115, -2.993528124119761991, -5.917363586801698716 ) ) ;
#477 = PRESENTATION_LAYER_ASSIGNMENT (  '', '', ( #1223 ) ) ;
#478 = ORIENTED_EDGE ( 'NONE', *, *, #6109, .T. ) ;
#479 = UNCERTAINTY_MEASURE_WITH_UNIT (LENGTH_MEASURE( 1.000000000000000082E-05 ), #3238, 'distance_accuracy_value', 'NONE');
#480 = EDGE_CURVE ( 'NONE', #3482, #439, #7462, .T. ) ;
#481 = ORIENTED_EDGE ( 'NONE', *, *, #7222, .T. ) ;
#482 = ORIENTED_EDGE ( 'NONE', *, *, #716, .F. ) ;
#483 = ADVANCED_FACE ( 'NONE', ( #2122 ), #3893, .T. ) ;
#484 = SURFACE_STYLE_USAGE ( .BOTH. , #1219 ) ;
#485 = DIRECTION ( 'NONE',  ( 0.7071067811865475727, 0.7071067811865366926, 1.236344160825354536E-07 ) ) ;
#486 = CARTESIAN_POINT ( 'NONE',  ( -4.872855191250001106, -30.49030310241298025, -3.979848104955158394 ) ) ;
#487 = MECHANICAL_DESIGN_GEOMETRIC_PRESENTATION_REPRESENTATION (  '', ( #7193 ), #2477 ) ;
#488 = DIRECTION ( 'NONE',  ( 1.000000000000000000, 0.000000000000000000, 0.000000000000000000 ) ) ;
#489 = PRESENTATION_STYLE_ASSIGNMENT (( #2326 ) ) ;
#490 = ORIENTED_EDGE ( 'NONE', *, *, #3256, .F. ) ;
#491 = EDGE_CURVE ( 'NONE', #1531, #5900, #3096, .T. ) ;
#492 = AXIS2_PLACEMENT_3D ( 'NONE', #2026, #3039, #5994 ) ;
#493 = ORIENTED_EDGE ( 'NONE', *, *, #7142, .F. ) ;
#494 = CARTESIAN_POINT ( 'NONE',  ( 8.499992675780999818, -28.99999549624163819, -5.979850311430657150 ) ) ;
#495 = CYLINDRICAL_SURFACE ( 'NONE', #6220, 0.6250000000000000000 ) ;
#496 = STYLED_ITEM ( 'NONE', ( #6520 ), #1766 ) ;
#497 = PRESENTATION_STYLE_ASSIGNMENT (( #5831 ) ) ;
#498 = SURFACE_STYLE_USAGE ( .BOTH. , #5832 ) ;
#499 = DIRECTION ( 'NONE',  ( 0.000000000000000000, -1.000000000000000000, 0.000000000000000000 ) ) ;
#500 = LINE ( 'NONE', #4666, #5824 ) ;
#501 = SURFACE_STYLE_USAGE ( .BOTH. , #4850 ) ;
#502 = PRESENTATION_LAYER_ASSIGNMENT (  '', '', ( #4138 ) ) ;
#503 = DIRECTION ( 'NONE',  ( -0.7071067811865475727, 0.7071067811865365815, 1.236344160825354536E-07 ) ) ;
#504 = SURFACE_STYLE_USAGE ( .BOTH. , #2343 ) ;
#505 = DIRECTION ( 'NONE',  ( 1.000000000000000000, 0.000000000000000000, 0.000000000000000000 ) ) ;
#506 = CARTESIAN_POINT ( 'NONE',  ( 12.70099267578100033, -35.79799549624153343, -5.979851500030148870 ) ) ;
#507 = ORIENTED_EDGE ( 'NONE', *, *, #3828, .T. ) ;
#508 = SURFACE_STYLE_FILL_AREA ( #4742 ) ;
#509 = SURFACE_SIDE_STYLE ('',( #5848 ) ) ;
#510 = CARTESIAN_POINT ( 'NONE',  ( 8.500000000000000000, -29.00000000000000000, -2.017369599999999874 ) ) ;
#511 = CARTESIAN_POINT ( 'NONE',  ( 24.50000000000000000, 43.00000000000000000, -2.017369599999999874 ) ) ;
#512 = SURFACE_STYLE_FILL_AREA ( #3436 ) ;
#513 = ORIENTED_EDGE ( 'NONE', *, *, #2080, .T. ) ;
#514 = ORIENTED_EDGE ( 'NONE', *, *, #3797, .T. ) ;
#515 = ORIENTED_EDGE ( 'NONE', *, *, #1909, .T. ) ;
#516 = LINE ( 'NONE', #5943, #2650 ) ;
#517 = VECTOR ( 'NONE', #6816, 1000.000000000000000 ) ;
#518 = SURFACE_STYLE_USAGE ( .BOTH. , #4831 ) ;
#519 = EDGE_CURVE ( 'NONE', #7141, #7053, #4437, .T. ) ;
#520 = DIRECTION ( 'NONE',  ( 0.000000000000000000, 0.000000000000000000, 1.000000000000000000 ) ) ;
#521 = FILL_AREA_STYLE ('',( #4172 ) ) ;
#522 = EDGE_LOOP ( 'NONE', ( #4827, #7654 ) ) ;
#523 = EDGE_LOOP ( 'NONE', ( #3626, #6160, #3857, #2962 ) ) ;
#524 = DIRECTION ( 'NONE',  ( 0.000000000000000000, -1.748454679999999787E-07, 0.9999999999999849010 ) ) ;
#525 = VECTOR ( 'NONE', #6547, 1000.000000000000000 ) ;
#526 = CIRCLE ( 'NONE', #3038, 3.001094402371998981 ) ;
#527 = EDGE_CURVE ( 'NONE', #4498, #7535, #2846, .T. ) ;
#528 = DIRECTION ( 'NONE',  ( 0.000000000000000000, 1.748454679999999787E-07, -0.9999999999999849010 ) ) ;
#529 = DIRECTION ( 'NONE',  ( -0.7071067811865476838, -0.7071067811865366926, -1.236344160825354801E-07 ) ) ;
#530 = SURFACE_STYLE_USAGE ( .BOTH. , #3535 ) ;
#531 = DIRECTION ( 'NONE',  ( 0.000000000000000000, -1.000000000000000000, 0.000000000000000000 ) ) ;
#532 = VECTOR ( 'NONE', #1400, 1000.000000000000114 ) ;
#533 = PRESENTATION_LAYER_ASSIGNMENT (  '', '', ( #5157 ) ) ;
#534 = PRESENTATION_STYLE_ASSIGNMENT (( #5875 ) ) ;
#535 = PLANE ( 'NONE',  #2158 ) ;
#536 =( GEOMETRIC_REPRESENTATION_CONTEXT ( 3 ) GLOBAL_UNCERTAINTY_ASSIGNED_CONTEXT ( ( #2658 ) ) GLOBAL_UNIT_ASSIGNED_CONTEXT ( ( #3121, #5553, #5031 ) ) REPRESENTATION_CONTEXT ( 'NONE', 'WORKASPACE' ) );
#537 = FILL_AREA_STYLE_COLOUR ( '', #6507 ) ;
#538 = SURFACE_SIDE_STYLE ('',( #4706 ) ) ;
#539 = CARTESIAN_POINT ( 'NONE',  ( -8.501159163987001222, -10.49884083601000029, -2.017369599999999874 ) ) ;
#540 =( GEOMETRIC_REPRESENTATION_CONTEXT ( 3 ) GLOBAL_UNCERTAINTY_ASSIGNED_CONTEXT ( ( #3399 ) ) GLOBAL_UNIT_ASSIGNED_CONTEXT ( ( #2903, #5311, #7606 ) ) REPRESENTATION_CONTEXT ( 'NONE', 'WORKASPACE' ) );
#541 = EDGE_CURVE ( 'NONE', #5571, #5866, #239, .T. ) ;
#542 = SURFACE_STYLE_USAGE ( .BOTH. , #5803 ) ;
#543 = CARTESIAN_POINT ( 'NONE',  ( -0.1271828512500000063, -30.10967079045374106, -7.479848658403376760 ) ) ;
#544 =( NAMED_UNIT ( * ) PLANE_ANGLE_UNIT ( ) SI_UNIT ( $, .RADIAN. ) );
#545 = STYLED_ITEM ( 'NONE', ( #6095 ), #4395 ) ;
#546 = CIRCLE ( 'NONE', #4283, 0.7835000000000007514 ) ;
#547 = VERTEX_POINT ( 'NONE', #3406 ) ;
#548 = VECTOR ( 'NONE', #5653, 1000.000000000000000 ) ;
#549 = SURFACE_SIDE_STYLE ('',( #508 ) ) ;
#550 = SURFACE_STYLE_FILL_AREA ( #5211 ) ;
#551 = AXIS2_PLACEMENT_3D ( 'NONE', #5592, #1372, #6719 ) ;
#552 = FILL_AREA_STYLE_COLOUR ( '', #2612 ) ;
#553 =( GEOMETRIC_REPRESENTATION_CONTEXT ( 3 ) GLOBAL_UNCERTAINTY_ASSIGNED_CONTEXT ( ( #5007 ) ) GLOBAL_UNIT_ASSIGNED_CONTEXT ( ( #2692, #6665, #7597 ) ) REPRESENTATION_CONTEXT ( 'NONE', 'WORKASPACE' ) );
#554 = EDGE_LOOP ( 'NONE', ( #5134, #1984, #3208, #1480 ) ) ;
#555 = UNCERTAINTY_MEASURE_WITH_UNIT (LENGTH_MEASURE( 1.000000000000000082E-05 ), #6941, 'distance_accuracy_value', 'NONE');
#556 = VERTEX_POINT ( 'NONE', #5148 ) ;
#557 = AXIS2_PLACEMENT_3D ( 'NONE', #4880, #1302, #3709 ) ;
#558 = FACE_OUTER_BOUND ( 'NONE', #3236, .T. ) ;
#559 = VERTEX_POINT ( 'NONE', #2594 ) ;
#560 = FILL_AREA_STYLE_COLOUR ( '', #269 ) ;
#561 = AXIS2_PLACEMENT_3D ( 'NONE', #994, #3359, #5187 ) ;
#562 = PLANE ( 'NONE',  #1094 ) ;
#563 = VERTEX_POINT ( 'NONE', #1457 ) ;
#564 = UNCERTAINTY_MEASURE_WITH_UNIT (LENGTH_MEASURE( 1.000000000000000082E-05 ), #6225, 'distance_accuracy_value', 'NONE');
#565 = VERTEX_POINT ( 'NONE', #6838 ) ;
#566 = EDGE_CURVE ( 'NONE', #6832, #2106, #3725, .T. ) ;
#567 = PRESENTATION_LAYER_ASSIGNMENT (  '', '', ( #7278 ) ) ;
#568 =( NAMED_UNIT ( * ) SI_UNIT ( $, .STERADIAN. ) SOLID_ANGLE_UNIT ( ) );
#569 = LINE ( 'NONE', #4185, #2406 ) ;
#570 = DIRECTION ( 'NONE',  ( -1.000000000000000000, 0.000000000000000000, 0.000000000000000000 ) ) ;
#571 = VECTOR ( 'NONE', #7690, 1000.000000000000000 ) ;
#572 = DIRECTION ( 'NONE',  ( -0.9999997009467437303, -0.0007733734047231489257, -1.352209101274060492E-10 ) ) ;
#573 = EDGE_CURVE ( 'NONE', #5827, #4975, #6934, .T. ) ;
#574 = DIRECTION ( 'NONE',  ( 1.000000000000000000, 0.000000000000000000, 0.000000000000000000 ) ) ;
#575 = SURFACE_STYLE_FILL_AREA ( #6390 ) ;
#576 = CIRCLE ( 'NONE', #6923, 1.498841284246000383 ) ;
#577 = DIRECTION ( 'NONE',  ( 0.000000000000000000, 1.000000000000000000, 0.000000000000000000 ) ) ;
#578 = DIRECTION ( 'NONE',  ( 0.000000000000000000, -1.000000000000000000, 0.000000000000000000 ) ) ;
#579 = DIRECTION ( 'NONE',  ( 0.000000000000000000, 0.000000000000000000, 1.000000000000000000 ) ) ;
#580 = EDGE_CURVE ( 'NONE', #2711, #4392, #6337, .T. ) ;
#581 = EDGE_LOOP ( 'NONE', ( #4204, #3147, #3522, #6678 ) ) ;
#582 = DIRECTION ( 'NONE',  ( 0.000000000000000000, -1.748454679999999258E-07, 0.9999999999999846789 ) ) ;
#583 = PRESENTATION_LAYER_ASSIGNMENT (  '', '', ( #7299 ) ) ;
#584 = CARTESIAN_POINT ( 'NONE',  ( 9.999992675780999818, -27.49999549624165951, -5.979850049162455328 ) ) ;
#585 = SURFACE_SIDE_STYLE ('',( #1834 ) ) ;
#586 = ORIENTED_EDGE ( 'NONE', *, *, #7418, .F. ) ;
#587 = AXIS2_PLACEMENT_3D ( 'NONE', #4492, #4024, #6308 ) ;
#588 =( NAMED_UNIT ( * ) SI_UNIT ( $, .STERADIAN. ) SOLID_ANGLE_UNIT ( ) );
#589 = SURFACE_SIDE_STYLE ('',( #7032 ) ) ;
#590 = EDGE_LOOP ( 'NONE', ( #5799, #4382, #3194, #7683 ) ) ;
#591 = CARTESIAN_POINT ( 'NONE',  ( -5.190334871250000148, -30.17282342241298920, -3.979848049445275482 ) ) ;
#592 = LINE ( 'NONE', #6606, #4348 ) ;
#593 =( LENGTH_UNIT ( ) NAMED_UNIT ( * ) SI_UNIT ( .MILLI., .METRE. ) );
#594 = EDGE_LOOP ( 'NONE', ( #1487, #4903 ) ) ;
#595 = ORIENTED_EDGE ( 'NONE', *, *, #3690, .T. ) ;
#596 = EDGE_LOOP ( 'NONE', ( #1225, #7063, #4451, #5172 ) ) ;
#597 = AXIS2_PLACEMENT_3D ( 'NONE', #2940, #5839, #3464 ) ;
#598 = CARTESIAN_POINT ( 'NONE',  ( -8.500000000000000000, -9.000000000000000000, 0.000000000000000000 ) ) ;
#599 = CARTESIAN_POINT ( 'NONE',  ( -8.425000000000000711, 8.000000000000000000, 0.000000000000000000 ) ) ;
#600 = PRESENTATION_STYLE_ASSIGNMENT (( #1850 ) ) ;
#601 = EDGE_CURVE ( 'NONE', #118, #6321, #996, .T. ) ;
#602 = PRESENTATION_LAYER_ASSIGNMENT (  '', '', ( #3513 ) ) ;
#603 = DIRECTION ( 'NONE',  ( 0.000000000000000000, 1.748454679999999523E-07, -0.9999999999999846789 ) ) ;
#604 = FACE_OUTER_BOUND ( 'NONE', #3025, .T. ) ;
#605 = DIRECTION ( 'NONE',  ( 0.000000000000000000, -1.748454679999999523E-07, 0.9999999999999846789 ) ) ;
#606 = FACE_BOUND ( 'NONE', #817, .T. ) ;
#607 = COLOUR_RGB ( '',0.000000000000000000, 0.5019607843137254832, 0.000000000000000000 ) ;
#608 = PRESENTATION_STYLE_ASSIGNMENT (( #504 ) ) ;
#609 = CARTESIAN_POINT ( 'NONE',  ( -43.00000000000000000, 40.00000000000000000, 0.000000000000000000 ) ) ;
#610 = EDGE_CURVE ( 'NONE', #4915, #2659, #4396, .T. ) ;
#611 = STYLED_ITEM ( 'NONE', ( #5609 ), #1919 ) ;
#612 = ORIENTED_EDGE ( 'NONE', *, *, #1716, .T. ) ;
#613 = CARTESIAN_POINT ( 'NONE',  ( 0.2244750687499999786, -30.25533278241295676, -3.979848063871662678 ) ) ;
#614 = PRESENTATION_LAYER_ASSIGNMENT (  '', '', ( #6603 ) ) ;
#615 = DIRECTION ( 'NONE',  ( 1.000000000000000000, 0.000000000000000000, 0.000000000000000000 ) ) ;
#616 = DIRECTION ( 'NONE',  ( 0.000000000000000000, -1.748454679999999258E-07, 0.9999999999999846789 ) ) ;
#617 = EDGE_CURVE ( 'NONE', #1881, #650, #2960, .T. ) ;
#618 = EDGE_CURVE ( 'NONE', #2743, #1533, #4137, .T. ) ;
#619 = ORIENTED_EDGE ( 'NONE', *, *, #3873, .T. ) ;
#620 = UNCERTAINTY_MEASURE_WITH_UNIT (LENGTH_MEASURE( 1.000000000000000082E-05 ), #5623, 'distance_accuracy_value', 'NONE');
#621 = MECHANICAL_DESIGN_GEOMETRIC_PRESENTATION_REPRESENTATION (  '', ( #7473 ), #4653 ) ;
#622 = VERTEX_POINT ( 'NONE', #3447 ) ;
#623 =( NAMED_UNIT ( * ) SI_UNIT ( $, .STERADIAN. ) SOLID_ANGLE_UNIT ( ) );
#624 = ORIENTED_EDGE ( 'NONE', *, *, #2582, .F. ) ;
#625 = CARTESIAN_POINT ( 'NONE',  ( -4.872855191250001106, -30.49030249045373608, -7.479848724955104444 ) ) ;
#626 = LINE ( 'NONE', #5944, #2631 ) ;
#627 = FILL_AREA_STYLE_COLOUR ( '', #1587 ) ;
#628 = SURFACE_SIDE_STYLE ('',( #5540 ) ) ;
#629 = EDGE_CURVE ( 'NONE', #2617, #4165, #1114, .T. ) ;
#630 = FILL_AREA_STYLE_COLOUR ( '', #1692 ) ;
#631 = ORIENTED_EDGE ( 'NONE', *, *, #5863, .T. ) ;
#632 = UNCERTAINTY_MEASURE_WITH_UNIT (LENGTH_MEASURE( 1.000000000000000082E-05 ), #744, 'distance_accuracy_value', 'NONE');
#633 = ORIENTED_EDGE ( 'NONE', *, *, #6863, .T. ) ;
#634 = AXIS2_PLACEMENT_3D ( 'NONE', #5284, #1149, #1840 ) ;
#635 = DIRECTION ( 'NONE',  ( -0.9238826834630523566, 0.3826758252060157850, 6.690913375043302168E-08 ) ) ;
#636 =( NAMED_UNIT ( * ) PLANE_ANGLE_UNIT ( ) SI_UNIT ( $, .RADIAN. ) );
#637 = CARTESIAN_POINT ( 'NONE',  ( -12.70000732421899947, -6.600014062499999667, 2.540000000000000036 ) ) ;
#638 = VECTOR ( 'NONE', #6237, 1000.000000000000227 ) ;
#639 = FILL_AREA_STYLE_COLOUR ( '', #7423 ) ;
#640 = CIRCLE ( 'NONE', #1647, 1.498841284246000383 ) ;
#641 = PRESENTATION_STYLE_ASSIGNMENT (( #2338 ) ) ;
#642 = FILL_AREA_STYLE_COLOUR ( '', #1271 ) ;
#643 = CARTESIAN_POINT ( 'NONE',  ( -0.1271828512500000063, -30.49030310241298025, -3.979848104955158394 ) ) ;
#644 = AXIS2_PLACEMENT_3D ( 'NONE', #3504, #5836, #1628 ) ;
#645 =( NAMED_UNIT ( * ) PLANE_ANGLE_UNIT ( ) SI_UNIT ( $, .RADIAN. ) );
#646 = CARTESIAN_POINT ( 'NONE',  ( -10.70000624421900071, -8.600012602499997882, 1.499999539999999909 ) ) ;
#647 =( GEOMETRIC_REPRESENTATION_CONTEXT ( 3 ) GLOBAL_UNCERTAINTY_ASSIGNED_CONTEXT ( ( #7029 ) ) GLOBAL_UNIT_ASSIGNED_CONTEXT ( ( #5934, #5352, #1245 ) ) REPRESENTATION_CONTEXT ( 'NONE', 'WORKASPACE' ) );
#648 = SURFACE_STYLE_USAGE ( .BOTH. , #5345 ) ;
#649 =( GEOMETRIC_REPRESENTATION_CONTEXT ( 3 ) GLOBAL_UNCERTAINTY_ASSIGNED_CONTEXT ( ( #2738 ) ) GLOBAL_UNIT_ASSIGNED_CONTEXT ( ( #2925, #2289, #1120 ) ) REPRESENTATION_CONTEXT ( 'NONE', 'WORKASPACE' ) );
#650 = VERTEX_POINT ( 'NONE', #5324 ) ;
#651 = AXIS2_PLACEMENT_3D ( 'NONE', #4005, #4426, #6903 ) ;
#652 = DIRECTION ( 'NONE',  ( 0.000000000000000000, 0.000000000000000000, -1.000000000000000000 ) ) ;
#653 = EDGE_CURVE ( 'NONE', #117, #6287, #6457, .T. ) ;
#654 = VECTOR ( 'NONE', #7594, 1000.000000000000227 ) ;
#655 =( NAMED_UNIT ( * ) SI_UNIT ( $, .STERADIAN. ) SOLID_ANGLE_UNIT ( ) );
#656 = LINE ( 'NONE', #511, #115 ) ;
#657 = SURFACE_STYLE_USAGE ( .BOTH. , #149 ) ;
#658 = CIRCLE ( 'NONE', #3569, 0.5000000000000004441 ) ;
#659 = ORIENTED_EDGE ( 'NONE', *, *, #4207, .T. ) ;
#660 = PRESENTATION_LAYER_ASSIGNMENT (  '', '', ( #6648 ) ) ;
#661 =( NAMED_UNIT ( * ) PLANE_ANGLE_UNIT ( ) SI_UNIT ( $, .RADIAN. ) );
#662 = PRESENTATION_LAYER_ASSIGNMENT (  '', '', ( #2028 ) ) ;
#663 = ORIENTED_EDGE ( 'NONE', *, *, #1232, .F. ) ;
#664 = DIRECTION ( 'NONE',  ( -0.9999997009467437303, -0.0007733734047231489257, -1.352209101274060492E-10 ) ) ;
#665 = EDGE_LOOP ( 'NONE', ( #983, #3492, #1765, #5780 ) ) ;
#666 = EDGE_CURVE ( 'NONE', #7275, #6709, #4053, .T. ) ;
#667 = CARTESIAN_POINT ( 'NONE',  ( -0.6250073242189868594, -30.29999562409570757, -5.979850538729788667 ) ) ;
#668 = MECHANICAL_DESIGN_GEOMETRIC_PRESENTATION_REPRESENTATION (  '', ( #2301 ), #4186 ) ;
#669 = CARTESIAN_POINT ( 'NONE',  ( -18.89999999999999858, 32.39999999999999858, -2.017369599999999874 ) ) ;
#670 =( NAMED_UNIT ( * ) PLANE_ANGLE_UNIT ( ) SI_UNIT ( $, .RADIAN. ) );
#671 = PRESENTATION_STYLE_ASSIGNMENT (( #6607 ) ) ;
#672 = COLOUR_RGB ( '',1.000000000000000000, 0.6078431372549019107, 0.000000000000000000 ) ;
#673 = VERTEX_POINT ( 'NONE', #1036 ) ;
#674 = EDGE_LOOP ( 'NONE', ( #3794, #5054, #2053, #6565 ) ) ;
#675 = ORIENTED_EDGE ( 'NONE', *, *, #2582, .T. ) ;
#676 = VECTOR ( 'NONE', #7533, 1000.000000000000227 ) ;
#677 = EDGE_CURVE ( 'NONE', #7179, #838, #7692, .T. ) ;
#678 = VECTOR ( 'NONE', #529, 999.9999999999998863 ) ;
#679 = SURFACE_STYLE_USAGE ( .BOTH. , #1886 ) ;
#680 = FACE_OUTER_BOUND ( 'NONE', #5227, .T. ) ;
#681 = SURFACE_STYLE_FILL_AREA ( #7300 ) ;
#682 = FACE_OUTER_BOUND ( 'NONE', #5202, .T. ) ;
#683 = DIRECTION ( 'NONE',  ( 0.000000000000000000, -1.748454679999999258E-07, 0.9999999999999846789 ) ) ;
#684 = CARTESIAN_POINT ( 'NONE',  ( -5.000007324219000182, -30.29999549624161403, -5.979850538729765574 ) ) ;
#685 = CARTESIAN_POINT ( 'NONE',  ( -18.30000000000000071, -38.50000000000000000, -2.017369599999999874 ) ) ;
#686 = LINE ( 'NONE', #3045, #2678 ) ;
#687 = FILL_AREA_STYLE ('',( #6045 ) ) ;
#688 =( NAMED_UNIT ( * ) SI_UNIT ( $, .STERADIAN. ) SOLID_ANGLE_UNIT ( ) );
#689 = CIRCLE ( 'NONE', #6919, 1.399999999999999689 ) ;
#690 = DIRECTION ( 'NONE',  ( 0.000000000000000000, -1.748454679999999787E-07, 0.9999999999999849010 ) ) ;
#691 = DIRECTION ( 'NONE',  ( -0.9999997009467437303, 0.0007733734047231480583, 0.000000000000000000 ) ) ;
#692 = ORIENTED_EDGE ( 'NONE', *, *, #5346, .T. ) ;
#693 = VECTOR ( 'NONE', #499, 1000.000000000000000 ) ;
#694 = SURFACE_STYLE_USAGE ( .BOTH. , #4270 ) ;
#695 = LINE ( 'NONE', #6594, #283 ) ;
#696 = FILL_AREA_STYLE ('',( #3692 ) ) ;
#697 = SURFACE_SIDE_STYLE ('',( #6056 ) ) ;
#698 = AXIS2_PLACEMENT_3D ( 'NONE', #5919, #1670, #4703 ) ;
#699 = AXIS2_PLACEMENT_3D ( 'NONE', #6426, #5155, #3456 ) ;
#700 = ORIENTED_EDGE ( 'NONE', *, *, #5818, .F. ) ;
#701 = ADVANCED_FACE ( 'NONE', ( #5258 ), #562, .T. ) ;
#702 = FILL_AREA_STYLE_COLOUR ( '', #5219 ) ;
#703 = UNCERTAINTY_MEASURE_WITH_UNIT (LENGTH_MEASURE( 1.000000000000000082E-05 ), #1939, 'distance_accuracy_value', 'NONE');
#704 = VERTEX_POINT ( 'NONE', #7616 ) ;
#705 = DIRECTION ( 'NONE',  ( -0.7071067811865475727, 0.7071067811865366926, 1.236344160825354536E-07 ) ) ;
#706 = VERTEX_POINT ( 'NONE', #2878 ) ;
#707 = CIRCLE ( 'NONE', #3722, 1.300000000000002487 ) ;
#708 = SURFACE_STYLE_USAGE ( .BOTH. , #5012 ) ;
#709 = CIRCLE ( 'NONE', #1211, 3.000000000000000000 ) ;
#710 = DIRECTION ( 'NONE',  ( 0.000000000000000000, 0.000000000000000000, 1.000000000000000000 ) ) ;
#711 = ADVANCED_FACE ( 'NONE', ( #5288 ), #4013, .F. ) ;
#712 = VECTOR ( 'NONE', #5107, 1000.000000000000000 ) ;
#713 = VECTOR ( 'NONE', #2090, 1000.000000000000227 ) ;
#714 = ORIENTED_EDGE ( 'NONE', *, *, #1995, .F. ) ;
#715 = UNCERTAINTY_MEASURE_WITH_UNIT (LENGTH_MEASURE( 1.000000000000000082E-05 ), #2804, 'distance_accuracy_value', 'NONE');
#716 = EDGE_CURVE ( 'NONE', #7294, #2870, #7214, .T. ) ;
#717 = ORIENTED_EDGE ( 'NONE', *, *, #5120, .T. ) ;
#718 = DIRECTION ( 'NONE',  ( 0.000000000000000000, -1.748454679999999523E-07, 0.9999999999999846789 ) ) ;
#719 = VECTOR ( 'NONE', #5821, 999.9999999999998863 ) ;
#720 = SURFACE_STYLE_USAGE ( .BOTH. , #7297 ) ;
#721 = CARTESIAN_POINT ( 'NONE',  ( 12.70099267578100033, -35.79799575194974182, -4.517370300030171038 ) ) ;
#722 = EDGE_CURVE ( 'NONE', #2743, #2777, #163, .T. ) ;
#723 = COLOUR_RGB ( '',1.000000000000000000, 0.6078431372549019107, 0.000000000000000000 ) ;
#724 =( LENGTH_UNIT ( ) NAMED_UNIT ( * ) SI_UNIT ( .MILLI., .METRE. ) );
#725 = DIRECTION ( 'NONE',  ( 0.000000000000000000, 1.748454679999999523E-07, -0.9999999999999846789 ) ) ;
#726 = DIRECTION ( 'NONE',  ( 0.000000000000000000, 1.748454679999999258E-07, -0.9999999999999846789 ) ) ;
#727 = CARTESIAN_POINT ( 'NONE',  ( -10.50000732421900018, -37.99999549624150319, -5.979851885039869863 ) ) ;
#728 = DIRECTION ( 'NONE',  ( 0.000000000000000000, -1.000000000000000000, 0.000000000000000000 ) ) ;
#729 = DIRECTION ( 'NONE',  ( 0.000000000000000000, 1.748454679999999787E-07, -0.9999999999999849010 ) ) ;
#730 = FACE_OUTER_BOUND ( 'NONE', #674, .T. ) ;
#731 = VERTEX_POINT ( 'NONE', #2549 ) ;
#732 = VECTOR ( 'NONE', #5752, 1000.000000000000000 ) ;
#733 = CYLINDRICAL_SURFACE ( 'NONE', #6767, 1.100000000000000311 ) ;
#734 = SURFACE_SIDE_STYLE ('',( #7234 ) ) ;
#735 = SURFACE_STYLE_FILL_AREA ( #7126 ) ;
#736 = DIRECTION ( 'NONE',  ( -1.000000000000000000, 0.000000000000000000, 0.000000000000000000 ) ) ;
#737 = FILL_AREA_STYLE ('',( #190 ) ) ;
#738 = EDGE_LOOP ( 'NONE', ( #3995, #5909, #5603, #7257 ) ) ;
#739 = ORIENTED_EDGE ( 'NONE', *, *, #2430, .T. ) ;
#740 = CARTESIAN_POINT ( 'NONE',  ( -0.04467349125005000421, -30.52447819045373834, -7.479848730930570788 ) ) ;
#741 = VERTEX_POINT ( 'NONE', #5368 ) ;
#742 = VECTOR ( 'NONE', #1017, 1000.000000000000227 ) ;
#743 = PRESENTATION_STYLE_ASSIGNMENT (( #194 ) ) ;
#744 =( LENGTH_UNIT ( ) NAMED_UNIT ( * ) SI_UNIT ( .MILLI., .METRE. ) );
#745 = CARTESIAN_POINT ( 'NONE',  ( -4.872855191250001106, -30.10967140241298878, -3.979848038403430710 ) ) ;
#746 = DIRECTION ( 'NONE',  ( -1.000000000000000000, 0.000000000000000000, 0.000000000000000000 ) ) ;
#747 = DIRECTION ( 'NONE',  ( 1.000000000000000000, 0.000000000000000000, 0.000000000000000000 ) ) ;
#748 = VECTOR ( 'NONE', #2420, 1000.000000000000227 ) ;
#749 = ORIENTED_EDGE ( 'NONE', *, *, #7592, .T. ) ;
#750 = ORIENTED_EDGE ( 'NONE', *, *, #2528, .F. ) ;
#751 = ORIENTED_EDGE ( 'NONE', *, *, #2773, .F. ) ;
#752 = CARTESIAN_POINT ( 'NONE',  ( -3.000007324219000182, -2.999995496242035209, -5.979845765448489558 ) ) ;
#753 = EDGE_CURVE ( 'NONE', #6558, #7414, #1805, .T. ) ;
#754 = FILL_AREA_STYLE_COLOUR ( '', #5065 ) ;
#755 = CARTESIAN_POINT ( 'NONE',  ( 8.973431955781000724, -34.99355864169627495, -5.917369181862010663 ) ) ;
#756 =( GEOMETRIC_REPRESENTATION_CONTEXT ( 3 ) GLOBAL_UNCERTAINTY_ASSIGNED_CONTEXT ( ( #5695 ) ) GLOBAL_UNIT_ASSIGNED_CONTEXT ( ( #5145, #365, #7502 ) ) REPRESENTATION_CONTEXT ( 'NONE', 'WORKASPACE' ) );
#757 = DIRECTION ( 'NONE',  ( -6.849784215730159577E-05, 0.9999999976540074886, 1.748454675898164919E-07 ) ) ;
#758 = DIRECTION ( 'NONE',  ( 1.000000000000000000, 0.000000000000000000, 0.000000000000000000 ) ) ;
#759 = FILL_AREA_STYLE_COLOUR ( '', #4294 ) ;
#760 =( NAMED_UNIT ( * ) SI_UNIT ( $, .STERADIAN. ) SOLID_ANGLE_UNIT ( ) );
#761 = EDGE_CURVE ( 'NONE', #3933, #4646, #1074, .T. ) ;
#762 =( GEOMETRIC_REPRESENTATION_CONTEXT ( 3 ) GLOBAL_UNCERTAINTY_ASSIGNED_CONTEXT ( ( #3767 ) ) GLOBAL_UNIT_ASSIGNED_CONTEXT ( ( #5321, #5902, #2322 ) ) REPRESENTATION_CONTEXT ( 'NONE', 'WORKASPACE' ) );
#763 = CARTESIAN_POINT ( 'NONE',  ( 39.99890579710099558, -39.99890579710000083, -2.017369599999999874 ) ) ;
#764 = CARTESIAN_POINT ( 'NONE',  ( -7.626568044219006026, -34.99355851930438632, -5.917369181861988459 ) ) ;
#765 = DIRECTION ( 'NONE',  ( 1.000000000000000000, 0.000000000000000000, 0.000000000000000000 ) ) ;
#766 = FILL_AREA_STYLE ('',( #5599 ) ) ;
#767 = VECTOR ( 'NONE', #2638, 1000.000000000000000 ) ;
#768 =( LENGTH_UNIT ( ) NAMED_UNIT ( * ) SI_UNIT ( .MILLI., .METRE. ) );
#769 = MECHANICAL_DESIGN_GEOMETRIC_PRESENTATION_REPRESENTATION (  '', ( #5392 ), #1763 ) ;
#770 = SURFACE_SIDE_STYLE ('',( #6691 ) ) ;
#771 = ORIENTED_EDGE ( 'NONE', *, *, #5672, .T. ) ;
#772 =( NAMED_UNIT ( * ) SI_UNIT ( $, .STERADIAN. ) SOLID_ANGLE_UNIT ( ) );
#773 = EDGE_CURVE ( 'NONE', #704, #845, #6875, .T. ) ;
#774 = FACE_OUTER_BOUND ( 'NONE', #1659, .T. ) ;
#775 = STYLED_ITEM ( 'NONE', ( #2100 ), #3731 ) ;
#776 = AXIS2_PLACEMENT_3D ( 'NONE', #3969, #5180, #3885 ) ;
#777 = CARTESIAN_POINT ( 'NONE',  ( 0.2244750687499999786, -30.34464172241292346, -3.979848079486925982 ) ) ;
#778 = SURFACE_STYLE_FILL_AREA ( #3214 ) ;
#779 = CARTESIAN_POINT ( 'NONE',  ( -5.127182851250000617, -30.49030310241298025, -3.979848104955158394 ) ) ;
#780 = COLOUR_RGB ( '',1.000000000000000000, 0.6078431372549019107, 0.000000000000000000 ) ;
#781 = DIRECTION ( 'NONE',  ( 0.000000000000000000, 1.748454679999999787E-07, -0.9999999999999849010 ) ) ;
#782 = ORIENTED_EDGE ( 'NONE', *, *, #3487, .F. ) ;
#783 = STYLED_ITEM ( 'NONE', ( #2781 ), #3891 ) ;
#784 = COLOUR_RGB ( '',0.000000000000000000, 0.5019607843137254832, 0.000000000000000000 ) ;
#785 = UNCERTAINTY_MEASURE_WITH_UNIT (LENGTH_MEASURE( 1.000000000000000082E-05 ), #4295, 'distance_accuracy_value', 'NONE');
#786 =( LENGTH_UNIT ( ) NAMED_UNIT ( * ) SI_UNIT ( .MILLI., .METRE. ) );
#787 = FILL_AREA_STYLE_COLOUR ( '', #4814 ) ;
#788 = ORIENTED_EDGE ( 'NONE', *, *, #134, .F. ) ;
#789 = CARTESIAN_POINT ( 'NONE',  ( -7.641719011059001422E-06, -19.30001469749997511, 2.540000000000000036 ) ) ;
#790 = VERTEX_POINT ( 'NONE', #1655 ) ;
#791 =( NAMED_UNIT ( * ) SI_UNIT ( $, .STERADIAN. ) SOLID_ANGLE_UNIT ( ) );
#792 = PLANE ( 'NONE',  #7129 ) ;
#793 = PRESENTATION_LAYER_ASSIGNMENT (  '', '', ( #6399 ) ) ;
#794 = VECTOR ( 'NONE', #7201, 1000.000000000000227 ) ;
#795 = LINE ( 'NONE', #1814, #7001 ) ;
#796 = EDGE_LOOP ( 'NONE', ( #5077, #7098, #6591, #5613 ) ) ;
#797 = UNCERTAINTY_MEASURE_WITH_UNIT (LENGTH_MEASURE( 1.000000000000000082E-05 ), #7401, 'distance_accuracy_value', 'NONE');
#798 = ORIENTED_EDGE ( 'NONE', *, *, #392, .F. ) ;
#799 = PRESENTATION_LAYER_ASSIGNMENT (  '', '', ( #3932 ) ) ;
#800 = CARTESIAN_POINT ( 'NONE',  ( -9.021807453828001755, -27.99999553195000246, 1.499998807906999909 ) ) ;
#801 = PLANE ( 'NONE',  #3540 ) ;
#802 = DIRECTION ( 'NONE',  ( 0.7071067811865475727, -0.7071067811865366926, -1.236344160825354536E-07 ) ) ;
#803 = CIRCLE ( 'NONE', #2944, 2.174999999999999822 ) ;
#804 =( LENGTH_UNIT ( ) NAMED_UNIT ( * ) SI_UNIT ( .MILLI., .METRE. ) );
#805 = EDGE_CURVE ( 'NONE', #1350, #2476, #2242, .T. ) ;
#806 = DIRECTION ( 'NONE',  ( 0.0003646012926752482280, 0.9999999335329464722, 0.000000000000000000 ) ) ;
#807 = CARTESIAN_POINT ( 'NONE',  ( -10.00000000000000000, -10.50000000000000000, -2.017369599999999874 ) ) ;
#808 = CARTESIAN_POINT ( 'NONE',  ( -7.500007324219000182, -34.99999549624153872, -5.979851360503466218 ) ) ;
#809 = CARTESIAN_POINT ( 'NONE',  ( 40.00000000000000000, -43.00000000000000000, -2.017369599999999874 ) ) ;
#810 = CARTESIAN_POINT ( 'NONE',  ( -40.00000000000000000, -43.00000000000000000, 0.000000000000000000 ) ) ;
#811 = DIRECTION ( 'NONE',  ( 0.000000000000000000, 0.000000000000000000, -1.000000000000000000 ) ) ;
#812 =( GEOMETRIC_REPRESENTATION_CONTEXT ( 3 ) GLOBAL_UNCERTAINTY_ASSIGNED_CONTEXT ( ( #1030 ) ) GLOBAL_UNIT_ASSIGNED_CONTEXT ( ( #3363, #1573, #2121 ) ) REPRESENTATION_CONTEXT ( 'NONE', 'WORKASPACE' ) );
#813 = EDGE_CURVE ( 'NONE', #4711, #2831, #5223, .T. ) ;
#814 = CYLINDRICAL_SURFACE ( 'NONE', #1778, 1.498841284246002159 ) ;
#815 = ADVANCED_FACE ( 'NONE', ( #3936 ), #5786, .F. ) ;
#816 = DIRECTION ( 'NONE',  ( -0.000000000000000000, 1.000000000000000000, 0.000000000000000000 ) ) ;
#817 = EDGE_LOOP ( 'NONE', ( #2702, #1038 ) ) ;
#818 = FACE_OUTER_BOUND ( 'NONE', #1915, .T. ) ;
#819 = EDGE_LOOP ( 'NONE', ( #1720, #3619, #6094, #5864 ) ) ;
#820 =( NAMED_UNIT ( * ) PLANE_ANGLE_UNIT ( ) SI_UNIT ( $, .RADIAN. ) );
#821 = VECTOR ( 'NONE', #1222, 1000.000000000000000 ) ;
#822 = CARTESIAN_POINT ( 'NONE',  ( -5.500007324219000182, -34.49999575194976131, -4.517370073080753556 ) ) ;
#823 =( NAMED_UNIT ( * ) SI_UNIT ( $, .STERADIAN. ) SOLID_ANGLE_UNIT ( ) );
#824 = DIRECTION ( 'NONE',  ( 0.000000000000000000, -1.748454679999999787E-07, 0.9999999999999849010 ) ) ;
#825 = DIRECTION ( 'NONE',  ( 0.000000000000000000, -1.000000000000000000, 0.000000000000000000 ) ) ;
#826 = EDGE_CURVE ( 'NONE', #7596, #2765, #6987, .T. ) ;
#827 = AXIS2_PLACEMENT_3D ( 'NONE', #75, #3012, #6588 ) ;
#828 =( LENGTH_UNIT ( ) NAMED_UNIT ( * ) SI_UNIT ( .MILLI., .METRE. ) );
#829 = VERTEX_POINT ( 'NONE', #486 ) ;
#830 = PRESENTATION_STYLE_ASSIGNMENT (( #4383 ) ) ;
#831 =( NAMED_UNIT ( * ) SI_UNIT ( $, .STERADIAN. ) SOLID_ANGLE_UNIT ( ) );
#832 = ORIENTED_EDGE ( 'NONE', *, *, #677, .T. ) ;
#833 = DIRECTION ( 'NONE',  ( 1.000000000000000000, 0.000000000000000000, 0.000000000000000000 ) ) ;
#834 = COLOUR_RGB ( '',0.6431372549019607199, 0.6784313725490196401, 0.6980392156862744724 ) ;
#835 =( LENGTH_UNIT ( ) NAMED_UNIT ( * ) SI_UNIT ( .MILLI., .METRE. ) );
#836 = COLOUR_RGB ( '',0.000000000000000000, 0.5019607843137254832, 0.000000000000000000 ) ;
#837 = SURFACE_STYLE_FILL_AREA ( #6174 ) ;
#838 = VERTEX_POINT ( 'NONE', #5255 ) ;
#839 = ORIENTED_EDGE ( 'NONE', *, *, #5131, .F. ) ;
#840 = COLOUR_RGB ( '',0.6431372549019607199, 0.6784313725490196401, 0.6980392156862744724 ) ;
#841 = CARTESIAN_POINT ( 'NONE',  ( 10.69999159578100034, -8.600012602499997882, 1.499999539999999909 ) ) ;
#842 = PRESENTATION_STYLE_ASSIGNMENT (( #7420 ) ) ;
#843 = SURFACE_STYLE_FILL_AREA ( #6182 ) ;
#844 = VECTOR ( 'NONE', #6951, 1000.000000000000000 ) ;
#845 = VERTEX_POINT ( 'NONE', #2075 ) ;
#846 = DIRECTION ( 'NONE',  ( 6.310887241768095845E-30, -1.748454679999999787E-07, 0.9999999999999847899 ) ) ;
#847 = FACE_BOUND ( 'NONE', #7572, .T. ) ;
#848 = MECHANICAL_DESIGN_GEOMETRIC_PRESENTATION_REPRESENTATION (  '', ( #347 ), #3500 ) ;
#849 = MECHANICAL_DESIGN_GEOMETRIC_PRESENTATION_REPRESENTATION (  '', ( #6939 ), #6554 ) ;
#850 = SURFACE_STYLE_FILL_AREA ( #5675 ) ;
#851 = EDGE_CURVE ( 'NONE', #4181, #6840, #4477, .T. ) ;
#852 = CARTESIAN_POINT ( 'NONE',  ( -10.70000624421900071, -30.00001298249999593, 0.000000000000000000 ) ) ;
#853 = SURFACE_STYLE_USAGE ( .BOTH. , #3826 ) ;
#854 = DIRECTION ( 'NONE',  ( 1.000000000000000000, 0.000000000000000000, 0.000000000000000000 ) ) ;
#855 = SURFACE_STYLE_FILL_AREA ( #3129 ) ;
#856 = DIRECTION ( 'NONE',  ( 1.000000000000000000, 0.000000000000000000, 0.000000000000000000 ) ) ;
#857 = ORIENTED_EDGE ( 'NONE', *, *, #2739, .T. ) ;
#858 = VERTEX_POINT ( 'NONE', #3319 ) ;
#859 = SURFACE_STYLE_USAGE ( .BOTH. , #5605 ) ;
#860 = CARTESIAN_POINT ( 'NONE',  ( 39.99890579710099558, 39.99890579710099558, -2.017369599999999874 ) ) ;
#861 = EDGE_CURVE ( 'NONE', #4036, #1695, #5667, .T. ) ;
#862 = DIRECTION ( 'NONE',  ( 0.000000000000000000, -1.000000000000000000, 0.000000000000000000 ) ) ;
#863 = LINE ( 'NONE', #898, #5474 ) ;
#864 = DIRECTION ( 'NONE',  ( -1.000000000000000000, 0.000000000000000000, 0.000000000000000000 ) ) ;
#865 = EDGE_CURVE ( 'NONE', #3093, #1629, #1836, .T. ) ;
#866 = VECTOR ( 'NONE', #5830, 1000.000000000000227 ) ;
#867 = UNCERTAINTY_MEASURE_WITH_UNIT (LENGTH_MEASURE( 1.000000000000000082E-05 ), #2050, 'distance_accuracy_value', 'NONE');
#868 = ORIENTED_EDGE ( 'NONE', *, *, #7592, .F. ) ;
#869 = CARTESIAN_POINT ( 'NONE',  ( -3.000007324219000182, -4.599995751950220146, -4.517364845201260692 ) ) ;
#870 = ORIENTED_EDGE ( 'NONE', *, *, #2684, .F. ) ;
#871 = SURFACE_STYLE_FILL_AREA ( #5777 ) ;
#872 = EDGE_CURVE ( 'NONE', #6420, #5712, #3526, .T. ) ;
#873 = DIRECTION ( 'NONE',  ( 0.9238726279500996119, -0.3827001010250355439, -6.691337826737064132E-08 ) ) ;
#874 = AXIS2_PLACEMENT_3D ( 'NONE', #6326, #1643, #442 ) ;
#875 = FILL_AREA_STYLE ('',( #5412 ) ) ;
#876 = ORIENTED_EDGE ( 'NONE', *, *, #1437, .T. ) ;
#877 = UNCERTAINTY_MEASURE_WITH_UNIT (LENGTH_MEASURE( 1.000000000000000082E-05 ), #1793, 'distance_accuracy_value', 'NONE');
#878 = EDGE_LOOP ( 'NONE', ( #3707, #5980 ) ) ;
#879 = ORIENTED_EDGE ( 'NONE', *, *, #5630, .T. ) ;
#880 = PRESENTATION_STYLE_ASSIGNMENT (( #6984 ) ) ;
#881 = SURFACE_STYLE_USAGE ( .BOTH. , #6682 ) ;
#882 = ADVANCED_FACE ( 'NONE', ( #5285 ), #4168, .F. ) ;
#883 = PRESENTATION_LAYER_ASSIGNMENT (  '', '', ( #5373 ) ) ;
#884 = FILL_AREA_STYLE ('',( #2076 ) ) ;
#885 = ORIENTED_EDGE ( 'NONE', *, *, #851, .T. ) ;
#886 = CYLINDRICAL_SURFACE ( 'NONE', #7427, 1.300000000000002487 ) ;
#887 =( LENGTH_UNIT ( ) NAMED_UNIT ( * ) SI_UNIT ( .MILLI., .METRE. ) );
#888 = SURFACE_SIDE_STYLE ('',( #6806 ) ) ;
#889 = VECTOR ( 'NONE', #6369, 1000.000000000000227 ) ;
#890 = CARTESIAN_POINT ( 'NONE',  ( -3.000007324219000182, -2.999995496242035209, -5.979845765448489558 ) ) ;
#891 = CARTESIAN_POINT ( 'NONE',  ( -0.6250073242189868594, -30.29999562409572889, -4.517369338729765538 ) ) ;
#892 = ORIENTED_EDGE ( 'NONE', *, *, #7005, .F. ) ;
#893 = PRESENTATION_STYLE_ASSIGNMENT (( #6233 ) ) ;
#894 = ORIENTED_EDGE ( 'NONE', *, *, #1510, .F. ) ;
#895 = CARTESIAN_POINT ( 'NONE',  ( 40.00000000000000000, 0.000000000000000000, -2.017369599999999874 ) ) ;
#896 = CARTESIAN_POINT ( 'NONE',  ( 24.50000000000000000, 43.00000000000000000, -2.017369599999999874 ) ) ;
#897 = DIRECTION ( 'NONE',  ( -0.3827001010250414281, -0.9238726279500855121, -1.615349420063250050E-07 ) ) ;
#898 = CARTESIAN_POINT ( 'NONE',  ( 40.00000000000000000, 43.00000000000000000, -2.017369599999999874 ) ) ;
#899 =( NAMED_UNIT ( * ) PLANE_ANGLE_UNIT ( ) SI_UNIT ( $, .RADIAN. ) );
#900 = EDGE_CURVE ( 'NONE', #2751, #6982, #592, .T. ) ;
#901 = VERTEX_POINT ( 'NONE', #3630 ) ;
#902 = AXIS2_PLACEMENT_3D ( 'NONE', #6818, #3258, #4543 ) ;
#903 = SURFACE_STYLE_USAGE ( .BOTH. , #4944 ) ;
#904 = ORIENTED_EDGE ( 'NONE', *, *, #6900, .T. ) ;
#905 = SURFACE_STYLE_USAGE ( .BOTH. , #6246 ) ;
#906 = AXIS2_PLACEMENT_3D ( 'NONE', #5798, #7047, #1705 ) ;
#907 = DIRECTION ( 'NONE',  ( 0.000000000000000000, -1.748454679999999523E-07, 0.9999999999999847899 ) ) ;
#908 = CARTESIAN_POINT ( 'NONE',  ( 41.30000000000000426, 0.000000000000000000, 0.000000000000000000 ) ) ;
#909 = PRESENTATION_STYLE_ASSIGNMENT (( #2155 ) ) ;
#910 = AXIS2_PLACEMENT_3D ( 'NONE', #4899, #4778, #4308 ) ;
#911 = AXIS2_PLACEMENT_3D ( 'NONE', #3353, #1529, #1446 ) ;
#912 = ORIENTED_EDGE ( 'NONE', *, *, #1708, .F. ) ;
#913 = ADVANCED_FACE ( 'NONE', ( #5986 ), #3559, .F. ) ;
#914 = EDGE_LOOP ( 'NONE', ( #7448, #5664, #4438, #6624 ) ) ;
#915 =( LENGTH_UNIT ( ) NAMED_UNIT ( * ) SI_UNIT ( .MILLI., .METRE. ) );
#916 = CARTESIAN_POINT ( 'NONE',  ( 11.69999213578100061, -31.00001606249999497, 0.000000000000000000 ) ) ;
#917 = VECTOR ( 'NONE', #4235, 1000.000000000000000 ) ;
#918 = DIRECTION ( 'NONE',  ( -0.9999999999999962252, -8.742277723992851424E-08, -1.549848670304741832E-14 ) ) ;
#919 = VECTOR ( 'NONE', #4190, 1000.000000000000114 ) ;
#920 = VERTEX_POINT ( 'NONE', #6024 ) ;
#921 = AXIS2_PLACEMENT_3D ( 'NONE', #6625, #4898, #1827 ) ;
#922 = MECHANICAL_DESIGN_GEOMETRIC_PRESENTATION_REPRESENTATION (  '', ( #3796 ), #7256 ) ;
#923 = EDGE_CURVE ( 'NONE', #6018, #7287, #5322, .T. ) ;
#924 = PRESENTATION_STYLE_ASSIGNMENT (( #6841 ) ) ;
#925 =( GEOMETRIC_REPRESENTATION_CONTEXT ( 3 ) GLOBAL_UNCERTAINTY_ASSIGNED_CONTEXT ( ( #5091 ) ) GLOBAL_UNIT_ASSIGNED_CONTEXT ( ( #1268, #2596, #5478 ) ) REPRESENTATION_CONTEXT ( 'NONE', 'WORKASPACE' ) );
#926 = PRESENTATION_LAYER_ASSIGNMENT (  '', '', ( #1788 ) ) ;
#927 = CARTESIAN_POINT ( 'NONE',  ( 12.69999267578099911, -6.600016602499999330, 0.000000000000000000 ) ) ;
#928 = PLANE ( 'NONE',  #4262 ) ;
#929 = DIRECTION ( 'NONE',  ( -0.7071067811865476838, -0.7071067811865366926, -1.236344160825354801E-07 ) ) ;
#930 = STYLED_ITEM ( 'NONE', ( #2660 ), #4537 ) ;
#931 = CARTESIAN_POINT ( 'NONE',  ( 18.30000000000000071, -38.50000000000000000, -2.017369599999999874 ) ) ;
#932 = ORIENTED_EDGE ( 'NONE', *, *, #5577, .F. ) ;
#933 = ORIENTED_EDGE ( 'NONE', *, *, #4357, .F. ) ;
#934 = AXIS2_PLACEMENT_3D ( 'NONE', #4073, #6439, #3510 ) ;
#935 = DIRECTION ( 'NONE',  ( -0.0007733734047254627215, -0.9999997009467437303, 0.000000000000000000 ) ) ;
#936 = LINE ( 'NONE', #5606, #517 ) ;
#937 = SURFACE_STYLE_USAGE ( .BOTH. , #6279 ) ;
#938 =( LENGTH_UNIT ( ) NAMED_UNIT ( * ) SI_UNIT ( .MILLI., .METRE. ) );
#939 = MECHANICAL_DESIGN_GEOMETRIC_PRESENTATION_REPRESENTATION (  '', ( #3063 ), #2179 ) ;
#940 = DIRECTION ( 'NONE',  ( 0.000000000000000000, -0.9999999999999846789, -1.748454679999999258E-07 ) ) ;
#941 = UNCERTAINTY_MEASURE_WITH_UNIT (LENGTH_MEASURE( 1.000000000000000082E-05 ), #4809, 'distance_accuracy_value', 'NONE');
#942 = EDGE_LOOP ( 'NONE', ( #7021, #4240 ) ) ;
#943 =( NAMED_UNIT ( * ) SI_UNIT ( $, .STERADIAN. ) SOLID_ANGLE_UNIT ( ) );
#944 = SURFACE_SIDE_STYLE ('',( #5136 ) ) ;
#945 = ORIENTED_EDGE ( 'NONE', *, *, #5676, .F. ) ;
#946 = SURFACE_SIDE_STYLE ('',( #5177 ) ) ;
#947 = EDGE_CURVE ( 'NONE', #6982, #3407, #7689, .T. ) ;
#948 = FACE_OUTER_BOUND ( 'NONE', #1469, .T. ) ;
#949 = CIRCLE ( 'NONE', #2446, 1.399999999999999467 ) ;
#950 = ORIENTED_EDGE ( 'NONE', *, *, #13, .F. ) ;
#951 = UNCERTAINTY_MEASURE_WITH_UNIT (LENGTH_MEASURE( 1.000000000000000082E-05 ), #7094, 'distance_accuracy_value', 'NONE');
#952 = ORIENTED_EDGE ( 'NONE', *, *, #4514, .T. ) ;
#953 = EDGE_LOOP ( 'NONE', ( #471, #7407, #619, #4615 ) ) ;
#954 = CARTESIAN_POINT ( 'NONE',  ( -9.026568044219001052, -34.99355864169627495, -5.917369181862010663 ) ) ;
#955 = VECTOR ( 'NONE', #4490, 1000.000000000000114 ) ;
#956 = PRESENTATION_STYLE_ASSIGNMENT (( #4050 ) ) ;
#957 = EDGE_CURVE ( 'NONE', #7611, #4656, #4754, .T. ) ;
#958 = CARTESIAN_POINT ( 'NONE',  ( 2.148431955780991220, -2.993528615872547149, -2.017363586801725006 ) ) ;
#959 = EDGE_CURVE ( 'NONE', #6638, #341, #7184, .T. ) ;
#960 = ORIENTED_EDGE ( 'NONE', *, *, #3082, .F. ) ;
#961 = DIRECTION ( 'NONE',  ( 1.000000000000000000, 0.000000000000000000, 0.000000000000000000 ) ) ;
#962 = MECHANICAL_DESIGN_GEOMETRIC_PRESENTATION_REPRESENTATION (  '', ( #1449 ), #5325 ) ;
#963 = VECTOR ( 'NONE', #2405, 1000.000000000000114 ) ;
#964 = ADVANCED_FACE ( 'NONE', ( #6172, #2619, #4352, #6707, #4981, #2583, #3107, #7323, #1295 ), #3807, .F. ) ;
#965 = FILL_AREA_STYLE ('',( #2044 ) ) ;
#966 = EDGE_CURVE ( 'NONE', #7143, #5201, #7361, .T. ) ;
#967 = CARTESIAN_POINT ( 'NONE',  ( 10.69999159578100034, -8.600012602499997882, 1.499999539999999909 ) ) ;
#968 =( NAMED_UNIT ( * ) SI_UNIT ( $, .STERADIAN. ) SOLID_ANGLE_UNIT ( ) );
#969 = CARTESIAN_POINT ( 'NONE',  ( -4.809703171250000686, -30.42715047045373566, -7.479848713913259672 ) ) ;
#970 = MECHANICAL_DESIGN_GEOMETRIC_PRESENTATION_REPRESENTATION (  '', ( #5562 ), #4099 ) ;
#971 = CARTESIAN_POINT ( 'NONE',  ( -8.425000000000000711, 8.000000000000000000, -2.017369599999999874 ) ) ;
#972 = DIRECTION ( 'NONE',  ( 0.000000000000000000, 0.000000000000000000, -1.000000000000000000 ) ) ;
#973 = DIRECTION ( 'NONE',  ( 0.000000000000000000, -1.748454679999999258E-07, 0.9999999999999846789 ) ) ;
#974 = ORIENTED_EDGE ( 'NONE', *, *, #106, .F. ) ;
#975 = VERTEX_POINT ( 'NONE', #122 ) ;
#976 = EDGE_CURVE ( 'NONE', #7144, #2922, #6817, .T. ) ;
#977 = DIRECTION ( 'NONE',  ( 0.000000000000000000, -0.9999999999999846789, -1.748454679999999258E-07 ) ) ;
#978 = MECHANICAL_DESIGN_GEOMETRIC_PRESENTATION_REPRESENTATION (  '', ( #2352 ), #4970 ) ;
#979 = DIRECTION ( 'NONE',  ( 1.000000000000000000, 0.000000000000000000, 0.000000000000000000 ) ) ;
#980 = SURFACE_SIDE_STYLE ('',( #4592 ) ) ;
#981 =( NAMED_UNIT ( * ) PLANE_ANGLE_UNIT ( ) SI_UNIT ( $, .RADIAN. ) );
#982 =( NAMED_UNIT ( * ) PLANE_ANGLE_UNIT ( ) SI_UNIT ( $, .RADIAN. ) );
#983 = ORIENTED_EDGE ( 'NONE', *, *, #4224, .T. ) ;
#984 = PRESENTATION_LAYER_ASSIGNMENT (  '', '', ( #4232 ) ) ;
#985 = ORIENTED_EDGE ( 'NONE', *, *, #1333, .T. ) ;
#986 = LINE ( 'NONE', #5739, #284 ) ;
#987 = SURFACE_STYLE_FILL_AREA ( #2825 ) ;
#988 =( NAMED_UNIT ( * ) PLANE_ANGLE_UNIT ( ) SI_UNIT ( $, .RADIAN. ) );
#989 = AXIS2_PLACEMENT_3D ( 'NONE', #3866, #3986, #6883 ) ;
#990 = VERTEX_POINT ( 'NONE', #3704 ) ;
#991 = EDGE_LOOP ( 'NONE', ( #2316, #5826, #482, #5991 ) ) ;
#992 = ORIENTED_EDGE ( 'NONE', *, *, #6159, .F. ) ;
#993 = VECTOR ( 'NONE', #3533, 1000.000000000000000 ) ;
#994 = CARTESIAN_POINT ( 'NONE',  ( -4.955364551250029947, -30.52447819045373834, -7.479848730930570788 ) ) ;
#995 = DIRECTION ( 'NONE',  ( 1.000000000000000000, 0.000000000000000000, 0.000000000000000000 ) ) ;
#996 = LINE ( 'NONE', #1994, #1711 ) ;
#997 = ORIENTED_EDGE ( 'NONE', *, *, #4879, .T. ) ;
#998 =( NAMED_UNIT ( * ) SI_UNIT ( $, .STERADIAN. ) SOLID_ANGLE_UNIT ( ) );
#999 = CARTESIAN_POINT ( 'NONE',  ( 0.1902968287500000077, -30.42715108241298338, -3.979848093913314067 ) ) ;
#1000 = EDGE_CURVE ( 'NONE', #6458, #565, #229, .T. ) ;
#1001 = CARTESIAN_POINT ( 'NONE',  ( -23.00000000000000000, 40.00000000000000000, 0.000000000000000000 ) ) ;
#1002 = VECTOR ( 'NONE', #1134, 1000.000000000000000 ) ;
#1003 = LINE ( 'NONE', #927, #5713 ) ;
#1004 = LINE ( 'NONE', #6423, #6935 ) ;
#1005 = FACE_OUTER_BOUND ( 'NONE', #1278, .T. ) ;
#1006 = CARTESIAN_POINT ( 'NONE',  ( -40.00000000000000000, -40.00000000000000000, -2.017369599999999874 ) ) ;
#1007 =( GEOMETRIC_REPRESENTATION_CONTEXT ( 3 ) GLOBAL_UNCERTAINTY_ASSIGNED_CONTEXT ( ( #2508 ) ) GLOBAL_UNIT_ASSIGNED_CONTEXT ( ( #5881, #466, #1092 ) ) REPRESENTATION_CONTEXT ( 'NONE', 'WORKASPACE' ) );
#1008 = SURFACE_SIDE_STYLE ('',( #6347 ) ) ;
#1009 = EDGE_CURVE ( 'NONE', #3219, #6664, #1917, .T. ) ;
#1010 = LINE ( 'NONE', #7630, #3286 ) ;
#1011 = ORIENTED_EDGE ( 'NONE', *, *, #1995, .T. ) ;
#1012 = CARTESIAN_POINT ( 'NONE',  ( -41.30000000000000426, -40.00000000000000000, -2.017369599999999874 ) ) ;
#1013 = VERTEX_POINT ( 'NONE', #3736 ) ;
#1014 =( NAMED_UNIT ( * ) SI_UNIT ( $, .STERADIAN. ) SOLID_ANGLE_UNIT ( ) );
#1015 =( LENGTH_UNIT ( ) NAMED_UNIT ( * ) SI_UNIT ( .MILLI., .METRE. ) );
#1016 = CARTESIAN_POINT ( 'NONE',  ( 38.69999999999999574, -1.592040838891555891E-16, -2.017369599999999874 ) ) ;
#1017 = DIRECTION ( 'NONE',  ( 0.000000000000000000, -0.9999999999999846789, -1.748454679999999258E-07 ) ) ;
#1018 = FACE_OUTER_BOUND ( 'NONE', #296, .T. ) ;
#1019 = AXIS2_PLACEMENT_3D ( 'NONE', #3525, #6452, #5858 ) ;
#1020 = ADVANCED_FACE ( 'NONE', ( #5539 ), #6098, .F. ) ;
#1021 = ORIENTED_EDGE ( 'NONE', *, *, #6953, .F. ) ;
#1022 = CARTESIAN_POINT ( 'NONE',  ( 40.00000000000000000, 0.000000000000000000, -2.017369599999999874 ) ) ;
#1023 = PLANE ( 'NONE',  #651 ) ;
#1024 = CARTESIAN_POINT ( 'NONE',  ( 8.973431955781000724, -34.99355888647993140, -4.517369181862031624 ) ) ;
#1025 = FACE_OUTER_BOUND ( 'NONE', #7507, .T. ) ;
#1026 = MECHANICAL_DESIGN_GEOMETRIC_PRESENTATION_REPRESENTATION (  '', ( #1150 ), #2636 ) ;
#1027 = CARTESIAN_POINT ( 'NONE',  ( -9.026568044219001052, -34.99355805003908415, -9.301255507168956882 ) ) ;
#1028 = ORIENTED_EDGE ( 'NONE', *, *, #7199, .T. ) ;
#1029 = VECTOR ( 'NONE', #1377, 999.9999999999998863 ) ;
#1030 = UNCERTAINTY_MEASURE_WITH_UNIT (LENGTH_MEASURE( 1.000000000000000082E-05 ), #3363, 'distance_accuracy_value', 'NONE');
#1031 = ORIENTED_EDGE ( 'NONE', *, *, #6622, .F. ) ;
#1032 = ORIENTED_EDGE ( 'NONE', *, *, #7096, .T. ) ;
#1033 = VECTOR ( 'NONE', #1269, 1000.000000000000227 ) ;
#1034 = LINE ( 'NONE', #2279, #2506 ) ;
#1035 = STYLED_ITEM ( 'NONE', ( #1163 ), #2938 ) ;
#1036 = CARTESIAN_POINT ( 'NONE',  ( 8.977176106171999237, -9.999995971950001561, 1.499998807906999909 ) ) ;
#1037 = MECHANICAL_DESIGN_GEOMETRIC_PRESENTATION_REPRESENTATION (  '', ( #3163 ), #7004 ) ;
#1038 = ORIENTED_EDGE ( 'NONE', *, *, #126, .F. ) ;
#1039 = ORIENTED_EDGE ( 'NONE', *, *, #6674, .T. ) ;
#1040 = PRESENTATION_LAYER_ASSIGNMENT (  '', '', ( #1776 ) ) ;
#1041 = VECTOR ( 'NONE', #5998, 1000.000000000000000 ) ;
#1042 = DIRECTION ( 'NONE',  ( -0.0003646012926771497560, -0.9999999335329312622, -1.748454565423455228E-07 ) ) ;
#1043 = SURFACE_STYLE_USAGE ( .BOTH. , #6884 ) ;
#1044 = FILL_AREA_STYLE ('',( #2175 ) ) ;
#1045 = VECTOR ( 'NONE', #2425, 999.9999999999998863 ) ;
#1046 = DIRECTION ( 'NONE',  ( 1.000000000000000000, 0.000000000000000000, 0.000000000000000000 ) ) ;
#1047 =( GEOMETRIC_REPRESENTATION_CONTEXT ( 3 ) GLOBAL_UNCERTAINTY_ASSIGNED_CONTEXT ( ( #2360 ) ) GLOBAL_UNIT_ASSIGNED_CONTEXT ( ( #2024, #6173, #2585 ) ) REPRESENTATION_CONTEXT ( 'NONE', 'WORKASPACE' ) );
#1048 = CARTESIAN_POINT ( 'NONE',  ( -9.026568044219001052, -34.99355864169627495, -5.917369181862010663 ) ) ;
#1049 = EDGE_CURVE ( 'NONE', #7544, #1350, #5701, .T. ) ;
#1050 =( GEOMETRIC_REPRESENTATION_CONTEXT ( 3 ) GLOBAL_UNCERTAINTY_ASSIGNED_CONTEXT ( ( #3916 ) ) GLOBAL_UNIT_ASSIGNED_CONTEXT ( ( #1439, #2063, #6285 ) ) REPRESENTATION_CONTEXT ( 'NONE', 'WORKASPACE' ) );
#1051 = FACE_OUTER_BOUND ( 'NONE', #5068, .T. ) ;
#1052 = DIRECTION ( 'NONE',  ( 1.000000000000000000, 0.000000000000000000, 0.000000000000000000 ) ) ;
#1053 = DIRECTION ( 'NONE',  ( 0.000000000000000000, 0.000000000000000000, 1.000000000000000000 ) ) ;
#1054 = STYLED_ITEM ( 'NONE', ( #3421 ), #4231 ) ;
#1055 = CARTESIAN_POINT ( 'NONE',  ( 40.00000000000000000, 0.000000000000000000, 0.000000000000000000 ) ) ;
#1056 = EDGE_LOOP ( 'NONE', ( #7456, #1646, #6749, #3878 ) ) ;
#1057 = COLOUR_RGB ( '',0.000000000000000000, 0.5019607843137254832, 0.000000000000000000 ) ;
#1058 = SURFACE_STYLE_USAGE ( .BOTH. , #2733 ) ;
#1059 = DIRECTION ( 'NONE',  ( 1.000000000000000000, 0.000000000000000000, 0.000000000000000000 ) ) ;
#1060 = FACE_OUTER_BOUND ( 'NONE', #1118, .T. ) ;
#1061 = EDGE_CURVE ( 'NONE', #7163, #5201, #5096, .T. ) ;
#1062 = ADVANCED_FACE ( 'NONE', ( #313 ), #5139, .T. ) ;
#1063 = EDGE_LOOP ( 'NONE', ( #6955, #6352, #7239, #6850 ) ) ;
#1064 = LINE ( 'NONE', #12, #5887 ) ;
#1065 =( GEOMETRIC_REPRESENTATION_CONTEXT ( 3 ) GLOBAL_UNCERTAINTY_ASSIGNED_CONTEXT ( ( #3554 ) ) GLOBAL_UNIT_ASSIGNED_CONTEXT ( ( #6911, #7547, #4049 ) ) REPRESENTATION_CONTEXT ( 'NONE', 'WORKASPACE' ) );
#1066 = DIRECTION ( 'NONE',  ( 0.000000000000000000, -1.000000000000000000, 0.000000000000000000 ) ) ;
#1067 = ADVANCED_FACE ( 'NONE', ( #4511 ), #5738, .F. ) ;
#1068 = CARTESIAN_POINT ( 'NONE',  ( 0.04463544874997000395, -30.07549316241298598, -3.979848032427520277 ) ) ;
#1069 = ORIENTED_EDGE ( 'NONE', *, *, #5874, .T. ) ;
#1070 = PRESENTATION_LAYER_ASSIGNMENT (  '', '', ( #4435 ) ) ;
#1071 = ORIENTED_EDGE ( 'NONE', *, *, #3742, .T. ) ;
#1072 = VERTEX_POINT ( 'NONE', #7087 ) ;
#1073 = DIRECTION ( 'NONE',  ( 0.3826758252060216692, -0.9238826834630382567, -1.615367001671932091E-07 ) ) ;
#1074 = LINE ( 'NONE', #3362, #7298 ) ;
#1075 =( NAMED_UNIT ( * ) PLANE_ANGLE_UNIT ( ) SI_UNIT ( $, .RADIAN. ) );
#1076 =( LENGTH_UNIT ( ) NAMED_UNIT ( * ) SI_UNIT ( .MILLI., .METRE. ) );
#1077 = ORIENTED_EDGE ( 'NONE', *, *, #3361, .F. ) ;
#1078 = VERTEX_POINT ( 'NONE', #5243 ) ;
#1079 =( GEOMETRIC_REPRESENTATION_CONTEXT ( 3 ) GLOBAL_UNCERTAINTY_ASSIGNED_CONTEXT ( ( #1488 ) ) GLOBAL_UNIT_ASSIGNED_CONTEXT ( ( #9, #4301, #6661 ) ) REPRESENTATION_CONTEXT ( 'NONE', 'WORKASPACE' ) );
#1080 = DIRECTION ( 'NONE',  ( 1.000000000000000000, 0.000000000000000000, 0.000000000000000000 ) ) ;
#1081 = DIRECTION ( 'NONE',  ( 0.9999999999999962252, 8.742277704085994270E-08, 1.548860246407863928E-14 ) ) ;
#1082 = LINE ( 'NONE', #1583, #1955 ) ;
#1083 = PRESENTATION_LAYER_ASSIGNMENT (  '', '', ( #2332 ) ) ;
#1084 = CARTESIAN_POINT ( 'NONE',  ( 12.69999267578099911, -6.600016602499999330, 2.540000000000000036 ) ) ;
#1085 = AXIS2_PLACEMENT_3D ( 'NONE', #2513, #1889, #3119 ) ;
#1086 = LINE ( 'NONE', #3498, #3964 ) ;
#1087 = SURFACE_STYLE_USAGE ( .BOTH. , #3006 ) ;
#1088 = CARTESIAN_POINT ( 'NONE',  ( 10.69999159578100034, -8.600012602499997882, 0.000000000000000000 ) ) ;
#1089 = CARTESIAN_POINT ( 'NONE',  ( -41.30000000000000426, -40.00000000000000000, -2.017369599999999874 ) ) ;
#1090 = PRESENTATION_LAYER_ASSIGNMENT (  '', '', ( #1450 ) ) ;
#1091 = FACE_OUTER_BOUND ( 'NONE', #7551, .T. ) ;
#1092 =( NAMED_UNIT ( * ) SI_UNIT ( $, .STERADIAN. ) SOLID_ANGLE_UNIT ( ) );
#1093 = LINE ( 'NONE', #6587, #1002 ) ;
#1094 = AXIS2_PLACEMENT_3D ( 'NONE', #2918, #1760, #6533 ) ;
#1095 = CIRCLE ( 'NONE', #5332, 2.000729601581999084 ) ;
#1096 = ORIENTED_EDGE ( 'NONE', *, *, #3663, .T. ) ;
#1097 = EDGE_CURVE ( 'NONE', #7205, #7275, #3376, .T. ) ;
#1098 = VECTOR ( 'NONE', #6454, 1000.000000000000000 ) ;
#1099 = CARTESIAN_POINT ( 'NONE',  ( -1.426568044218978759, -2.993528368903455750, -5.917363586801741349 ) ) ;
#1100 = AXIS2_PLACEMENT_3D ( 'NONE', #3676, #3820, #4849 ) ;
#1101 = DIRECTION ( 'NONE',  ( 1.000000000000000000, 0.000000000000000000, 0.000000000000000000 ) ) ;
#1102 = DIRECTION ( 'NONE',  ( -1.000000000000000000, 0.000000000000000000, 0.000000000000000000 ) ) ;
#1103 = CARTESIAN_POINT ( 'NONE',  ( 9.525000000000000355, 8.000000000000000000, -2.017369599999999874 ) ) ;
#1104 = VECTOR ( 'NONE', #3434, 1000.000000000000227 ) ;
#1105 = VERTEX_POINT ( 'NONE', #7055 ) ;
#1106 = UNCERTAINTY_MEASURE_WITH_UNIT (LENGTH_MEASURE( 1.000000000000000082E-05 ), #1602, 'distance_accuracy_value', 'NONE');
#1107 = VERTEX_POINT ( 'NONE', #613 ) ;
#1108 = ORIENTED_EDGE ( 'NONE', *, *, #5770, .T. ) ;
#1109 = ADVANCED_FACE ( 'NONE', ( #4122 ), #3017, .T. ) ;
#1110 = DIRECTION ( 'NONE',  ( 1.000000000000000000, 0.000000000000000000, 0.000000000000000000 ) ) ;
#1111 = CARTESIAN_POINT ( 'NONE',  ( -14.69999999999999929, -38.50000000000000000, -2.017369599999999874 ) ) ;
#1112 = CARTESIAN_POINT ( 'NONE',  ( 0.04463544874997000395, -30.07549255045374181, -7.479848652427466327 ) ) ;
#1113 = CARTESIAN_POINT ( 'NONE',  ( -12.70000732421899947, -6.599995496241980675, -5.979846394892175176 ) ) ;
#1114 = LINE ( 'NONE', #6494, #4852 ) ;
#1115 = ORIENTED_EDGE ( 'NONE', *, *, #3740, .T. ) ;
#1116 = UNCERTAINTY_MEASURE_WITH_UNIT (LENGTH_MEASURE( 1.000000000000000082E-05 ), #3967, 'distance_accuracy_value', 'NONE');
#1117 = CIRCLE ( 'NONE', #2868, 2.000729601581999528 ) ;
#1118 = EDGE_LOOP ( 'NONE', ( #870, #7617, #3450, #7100 ) ) ;
#1119 = EDGE_CURVE ( 'NONE', #5149, #7216, #301, .T. ) ;
#1120 =( NAMED_UNIT ( * ) SI_UNIT ( $, .STERADIAN. ) SOLID_ANGLE_UNIT ( ) );
#1121 = SURFACE_STYLE_FILL_AREA ( #4101 ) ;
#1122 = CIRCLE ( 'NONE', #7204, 1.100000000000000311 ) ;
#1123 = CARTESIAN_POINT ( 'NONE',  ( 9.999992675780999818, -10.49999575195012902, -4.517365876789521728 ) ) ;
#1124 = DIRECTION ( 'NONE',  ( 0.000000000000000000, 0.000000000000000000, 1.000000000000000000 ) ) ;
#1125 = FACE_OUTER_BOUND ( 'NONE', #2499, .T. ) ;
#1126 = LINE ( 'NONE', #6504, #2967 ) ;
#1127 = CARTESIAN_POINT ( 'NONE',  ( -8.501166488206001404, -10.49883633225491941, -5.979847076586825239 ) ) ;
#1128 = CARTESIAN_POINT ( 'NONE',  ( 8.999992675780998042, -34.99999549624153872, -5.979851360503466218 ) ) ;
#1129 = AXIS2_PLACEMENT_3D ( 'NONE', #2942, #1710, #2977 ) ;
#1130 = DIRECTION ( 'NONE',  ( 0.000000000000000000, 0.000000000000000000, 1.000000000000000000 ) ) ;
#1131 = SURFACE_SIDE_STYLE ('',( #575 ) ) ;
#1132 = CARTESIAN_POINT ( 'NONE',  ( -5.190334871250000148, -30.42715108241298338, -3.979848093913314067 ) ) ;
#1133 =( NAMED_UNIT ( * ) SI_UNIT ( $, .STERADIAN. ) SOLID_ANGLE_UNIT ( ) );
#1134 = DIRECTION ( 'NONE',  ( 0.000000000000000000, 0.000000000000000000, 1.000000000000000000 ) ) ;
#1135 = PRESENTATION_STYLE_ASSIGNMENT (( #435 ) ) ;
#1136 = MECHANICAL_DESIGN_GEOMETRIC_PRESENTATION_REPRESENTATION (  '', ( #5373 ), #1625 ) ;
#1137 = ORIENTED_EDGE ( 'NONE', *, *, #3109, .T. ) ;
#1138 = LINE ( 'NONE', #3015, #6263 ) ;
#1139 = LINE ( 'NONE', #6406, #3925 ) ;
#1140 = DIRECTION ( 'NONE',  ( 0.000000000000000000, 0.000000000000000000, 1.000000000000000000 ) ) ;
#1141 = PLANE ( 'NONE',  #6752 ) ;
#1142 = CIRCLE ( 'NONE', #1749, 0.5000000000000004441 ) ;
#1143 = EDGE_CURVE ( 'NONE', #118, #4339, #1513, .T. ) ;
#1144 = VERTEX_POINT ( 'NONE', #257 ) ;
#1145 = ORIENTED_EDGE ( 'NONE', *, *, #4120, .F. ) ;
#1146 =( NAMED_UNIT ( * ) PLANE_ANGLE_UNIT ( ) SI_UNIT ( $, .RADIAN. ) );
#1147 = ORIENTED_EDGE ( 'NONE', *, *, #2970, .F. ) ;
#1148 = LINE ( 'NONE', #2914, #7000 ) ;
#1149 = DIRECTION ( 'NONE',  ( 0.000000000000000000, -1.748454679999999787E-07, 0.9999999999999849010 ) ) ;
#1150 = STYLED_ITEM ( 'NONE', ( #4588 ), #6434 ) ;
#1151 = PRESENTATION_STYLE_ASSIGNMENT (( #1725 ) ) ;
#1152 =( LENGTH_UNIT ( ) NAMED_UNIT ( * ) SI_UNIT ( .MILLI., .METRE. ) );
#1153 = CARTESIAN_POINT ( 'NONE',  ( -23.00000000000000000, 41.50000000000000000, -2.017369599999999874 ) ) ;
#1154 = DIRECTION ( 'NONE',  ( -1.000000000000000000, 0.000000000000000000, 0.000000000000000000 ) ) ;
#1155 = CIRCLE ( 'NONE', #7498, 0.7835000000000007514 ) ;
#1156 = EDGE_CURVE ( 'NONE', #741, #7141, #2358, .T. ) ;
#1157 = ORIENTED_EDGE ( 'NONE', *, *, #2089, .F. ) ;
#1158 = PRESENTATION_LAYER_ASSIGNMENT (  '', '', ( #2514 ) ) ;
#1159 = VERTEX_POINT ( 'NONE', #896 ) ;
#1160 = VECTOR ( 'NONE', #1664, 1000.000000000000227 ) ;
#1161 = DIRECTION ( 'NONE',  ( -0.9999997009467437303, -0.0007733734047231480583, 0.000000000000000000 ) ) ;
#1162 = DIRECTION ( 'NONE',  ( 0.000000000000000000, 0.000000000000000000, -1.000000000000000000 ) ) ;
#1163 = PRESENTATION_STYLE_ASSIGNMENT (( #162 ) ) ;
#1164 = PLANE ( 'NONE',  #5079 ) ;
#1165 = ADVANCED_FACE ( 'NONE', ( #5085 ), #5168, .T. ) ;
#1166 =( GEOMETRIC_REPRESENTATION_CONTEXT ( 3 ) GLOBAL_UNCERTAINTY_ASSIGNED_CONTEXT ( ( #2589 ) ) GLOBAL_UNIT_ASSIGNED_CONTEXT ( ( #4983, #7075, #3773 ) ) REPRESENTATION_CONTEXT ( 'NONE', 'WORKASPACE' ) );
#1167 = SURFACE_STYLE_FILL_AREA ( #6467 ) ;
#1168 = DIRECTION ( 'NONE',  ( -0.9999999999999950040, 9.999999876282745789E-08, 1.748454658368625582E-14 ) ) ;
#1169 = AXIS2_PLACEMENT_3D ( 'NONE', #6966, #3378, #2255 ) ;
#1170 = CARTESIAN_POINT ( 'NONE',  ( 17.80000000000000071, 32.39999999999999858, 0.000000000000000000 ) ) ;
#1171 = LINE ( 'NONE', #3539, #7249 ) ;
#1172 = PRESENTATION_LAYER_ASSIGNMENT (  '', '', ( #4179 ) ) ;
#1173 = VECTOR ( 'NONE', #7238, 1000.000000000000000 ) ;
#1174 =( LENGTH_UNIT ( ) NAMED_UNIT ( * ) SI_UNIT ( .MILLI., .METRE. ) );
#1175 = FACE_OUTER_BOUND ( 'NONE', #4390, .T. ) ;
#1176 =( LENGTH_UNIT ( ) NAMED_UNIT ( * ) SI_UNIT ( .MILLI., .METRE. ) );
#1177 = ORIENTED_EDGE ( 'NONE', *, *, #432, .T. ) ;
#1178 = VECTOR ( 'NONE', #2893, 1000.000000000000000 ) ;
#1179 =( LENGTH_UNIT ( ) NAMED_UNIT ( * ) SI_UNIT ( .MILLI., .METRE. ) );
#1180 = CARTESIAN_POINT ( 'NONE',  ( -11.70000678421900098, -31.00001606249999497, 2.540000000000000036 ) ) ;
#1181 = PRESENTATION_STYLE_ASSIGNMENT (( #7649 ) ) ;
#1182 = FILL_AREA_STYLE ('',( #4159 ) ) ;
#1183 = UNCERTAINTY_MEASURE_WITH_UNIT (LENGTH_MEASURE( 1.000000000000000082E-05 ), #1914, 'distance_accuracy_value', 'NONE');
#1184 = ORIENTED_EDGE ( 'NONE', *, *, #4463, .F. ) ;
#1185 = SURFACE_STYLE_USAGE ( .BOTH. , #2500 ) ;
#1186 = ORIENTED_EDGE ( 'NONE', *, *, #2726, .F. ) ;
#1187 = PRESENTATION_STYLE_ASSIGNMENT (( #6528 ) ) ;
#1188 = ADVANCED_FACE ( 'NONE', ( #6932 ), #5765, .T. ) ;
#1189 = CARTESIAN_POINT ( 'NONE',  ( 1.499992675781000040, -2.999995496242035209, -5.979845765448489558 ) ) ;
#1190 =( GEOMETRIC_REPRESENTATION_CONTEXT ( 3 ) GLOBAL_UNCERTAINTY_ASSIGNED_CONTEXT ( ( #6329 ) ) GLOBAL_UNIT_ASSIGNED_CONTEXT ( ( #2481, #171, #6755 ) ) REPRESENTATION_CONTEXT ( 'NONE', 'WORKASPACE' ) );
#1191 = EDGE_LOOP ( 'NONE', ( #2318, #252, #7523, #1415 ) ) ;
#1192 = UNCERTAINTY_MEASURE_WITH_UNIT (LENGTH_MEASURE( 1.000000000000000082E-05 ), #6619, 'distance_accuracy_value', 'NONE');
#1193 = ORIENTED_EDGE ( 'NONE', *, *, #6333, .F. ) ;
#1194 = MECHANICAL_DESIGN_GEOMETRIC_PRESENTATION_REPRESENTATION (  '', ( #4202 ), #7549 ) ;
#1195 = DIRECTION ( 'NONE',  ( 1.000000000000000000, 0.000000000000000000, 0.000000000000000000 ) ) ;
#1196 = EDGE_CURVE ( 'NONE', #4358, #2553, #1740, .T. ) ;
#1197 = EDGE_CURVE ( 'NONE', #2870, #7216, #6509, .T. ) ;
#1198 = PLANE ( 'NONE',  #1556 ) ;
#1199 = DIRECTION ( 'NONE',  ( 0.9238726279500996119, -0.3827001010250355439, -6.691337826737062809E-08 ) ) ;
#1200 = AXIS2_PLACEMENT_3D ( 'NONE', #1935, #2129, #7558 ) ;
#1201 = LINE ( 'NONE', #4108, #1663 ) ;
#1202 = DIRECTION ( 'NONE',  ( 1.000000000000000000, 0.000000000000000000, 0.000000000000000000 ) ) ;
#1203 = ADVANCED_FACE ( 'NONE', ( #7114 ), #2305, .T. ) ;
#1204 = EDGE_CURVE ( 'NONE', #7143, #7294, #6472, .T. ) ;
#1205 = VECTOR ( 'NONE', #3282, 1000.000000000000227 ) ;
#1206 =( NAMED_UNIT ( * ) PLANE_ANGLE_UNIT ( ) SI_UNIT ( $, .RADIAN. ) );
#1207 = PLANE ( 'NONE',  #4645 ) ;
#1208 = STYLED_ITEM ( 'NONE', ( #4805 ), #5714 ) ;
#1209 = ORIENTED_EDGE ( 'NONE', *, *, #6590, .T. ) ;
#1210 = ADVANCED_FACE ( 'NONE', ( #4630 ), #7011, .F. ) ;
#1211 = AXIS2_PLACEMENT_3D ( 'NONE', #4881, #5330, #1195 ) ;
#1212 = DIRECTION ( 'NONE',  ( 1.000000000000000000, 0.000000000000000000, 0.000000000000000000 ) ) ;
#1213 =( LENGTH_UNIT ( ) NAMED_UNIT ( * ) SI_UNIT ( .MILLI., .METRE. ) );
#1214 =( LENGTH_UNIT ( ) NAMED_UNIT ( * ) SI_UNIT ( .MILLI., .METRE. ) );
#1215 = EDGE_LOOP ( 'NONE', ( #7095, #5407, #7282, #2998 ) ) ;
#1216 =( GEOMETRIC_REPRESENTATION_CONTEXT ( 3 ) GLOBAL_UNCERTAINTY_ASSIGNED_CONTEXT ( ( #3855 ) ) GLOBAL_UNIT_ASSIGNED_CONTEXT ( ( #5190, #6913, #4521 ) ) REPRESENTATION_CONTEXT ( 'NONE', 'WORKASPACE' ) );
#1217 = OPEN_SHELL ( 'NONE', ( #5810, #4320, #1630, #6442, #7149 ) ) ;
#1218 = EDGE_LOOP ( 'NONE', ( #4003, #3032, #2135, #27 ) ) ;
#1219 = SURFACE_SIDE_STYLE ('',( #5857 ) ) ;
#1220 = LINE ( 'NONE', #2473, #5014 ) ;
#1221 =( LENGTH_UNIT ( ) NAMED_UNIT ( * ) SI_UNIT ( .MILLI., .METRE. ) );
#1222 = DIRECTION ( 'NONE',  ( -1.000000000000000000, 0.000000000000000000, 0.000000000000000000 ) ) ;
#1223 = STYLED_ITEM ( 'NONE', ( #1784 ), #1203 ) ;
#1224 = ORIENTED_EDGE ( 'NONE', *, *, #6398, .T. ) ;
#1225 = ORIENTED_EDGE ( 'NONE', *, *, #5025, .T. ) ;
#1226 =( GEOMETRIC_REPRESENTATION_CONTEXT ( 3 ) GLOBAL_UNCERTAINTY_ASSIGNED_CONTEXT ( ( #4728 ) ) GLOBAL_UNIT_ASSIGNED_CONTEXT ( ( #1311, #2561, #1967 ) ) REPRESENTATION_CONTEXT ( 'NONE', 'WORKASPACE' ) );
#1227 = CYLINDRICAL_SURFACE ( 'NONE', #492, 1.500000000000000000 ) ;
#1228 = CARTESIAN_POINT ( 'NONE',  ( -10.70001667124999933, -8.599984428434160222, -4.517365544581153358 ) ) ;
#1229 = FACE_OUTER_BOUND ( 'NONE', #5217, .T. ) ;
#1230 = DIRECTION ( 'NONE',  ( 1.000000000000000000, 0.000000000000000000, 0.000000000000000000 ) ) ;
#1231 = CIRCLE ( 'NONE', #3254, 1.300000000000002487 ) ;
#1232 = EDGE_CURVE ( 'NONE', #4878, #2711, #3720, .T. ) ;
#1233 = DIRECTION ( 'NONE',  ( 0.000000000000000000, 1.748454679999999258E-07, -0.9999999999999846789 ) ) ;
#1234 = FACE_BOUND ( 'NONE', #6029, .T. ) ;
#1235 =( GEOMETRIC_REPRESENTATION_CONTEXT ( 3 ) GLOBAL_UNCERTAINTY_ASSIGNED_CONTEXT ( ( #4176 ) ) GLOBAL_UNIT_ASSIGNED_CONTEXT ( ( #4344, #6696, #4864 ) ) REPRESENTATION_CONTEXT ( 'NONE', 'WORKASPACE' ) );
#1236 = PRESENTATION_STYLE_ASSIGNMENT (( #4813 ) ) ;
#1237 = SURFACE_STYLE_USAGE ( .BOTH. , #5423 ) ;
#1238 = PLANE ( 'NONE',  #6676 ) ;
#1239 = EDGE_CURVE ( 'NONE', #1531, #4866, #2523, .T. ) ;
#1240 = MECHANICAL_DESIGN_GEOMETRIC_PRESENTATION_REPRESENTATION (  '', ( #611 ), #1235 ) ;
#1241 = EDGE_LOOP ( 'NONE', ( #142, #4564, #7463, #199 ) ) ;
#1242 = DIRECTION ( 'NONE',  ( 0.000000000000000000, -1.748454679999999258E-07, 0.9999999999999846789 ) ) ;
#1243 = CARTESIAN_POINT ( 'NONE',  ( -12.70000732421899947, -35.79999575194973715, -4.517370300379862869 ) ) ;
#1244 = VECTOR ( 'NONE', #765, 1000.000000000000000 ) ;
#1245 =( NAMED_UNIT ( * ) SI_UNIT ( $, .STERADIAN. ) SOLID_ANGLE_UNIT ( ) );
#1246 = DIRECTION ( 'NONE',  ( 0.000000000000000000, 0.000000000000000000, 1.000000000000000000 ) ) ;
#1247 = DIRECTION ( 'NONE',  ( 0.000000000000000000, 1.748454679999999258E-07, -0.9999999999999846789 ) ) ;
#1248 = ADVANCED_FACE ( 'NONE', ( #3088 ), #4264, .T. ) ;
#1249 = PRESENTATION_STYLE_ASSIGNMENT (( #6599 ) ) ;
#1250 = CIRCLE ( 'NONE', #2386, 1.300000000000002487 ) ;
#1251 = EDGE_LOOP ( 'NONE', ( #6129, #4163, #1946, #2811 ) ) ;
#1252 = CARTESIAN_POINT ( 'NONE',  ( -43.00000000000000000, -40.00000000000000000, 0.000000000000000000 ) ) ;
#1253 = ORIENTED_EDGE ( 'NONE', *, *, #3408, .F. ) ;
#1254 =( NAMED_UNIT ( * ) PLANE_ANGLE_UNIT ( ) SI_UNIT ( $, .RADIAN. ) );
#1255 = PRESENTATION_STYLE_ASSIGNMENT (( #4752 ) ) ;
#1256 =( LENGTH_UNIT ( ) NAMED_UNIT ( * ) SI_UNIT ( .MILLI., .METRE. ) );
#1257 = CARTESIAN_POINT ( 'NONE',  ( -20.00000000000000000, 32.39999999999999858, -2.017369599999999874 ) ) ;
#1258 = ORIENTED_EDGE ( 'NONE', *, *, #6052, .T. ) ;
#1259 = UNCERTAINTY_MEASURE_WITH_UNIT (LENGTH_MEASURE( 1.000000000000000082E-05 ), #2817, 'distance_accuracy_value', 'NONE');
#1260 = VERTEX_POINT ( 'NONE', #6688 ) ;
#1261 = MECHANICAL_DESIGN_GEOMETRIC_PRESENTATION_REPRESENTATION (  '', ( #255 ), #762 ) ;
#1262 = CARTESIAN_POINT ( 'NONE',  ( -0.04467349125005000421, -30.52447819045373834, -7.479848730930570788 ) ) ;
#1263 = CARTESIAN_POINT ( 'NONE',  ( 18.30000000000000071, -43.00000000000000000, -2.017369599999999874 ) ) ;
#1264 = FACE_OUTER_BOUND ( 'NONE', #3113, .T. ) ;
#1265 =( NAMED_UNIT ( * ) PLANE_ANGLE_UNIT ( ) SI_UNIT ( $, .RADIAN. ) );
#1266 = MECHANICAL_DESIGN_GEOMETRIC_PRESENTATION_REPRESENTATION (  '', ( #2399 ), #6249 ) ;
#1267 = DIRECTION ( 'NONE',  ( 0.000000000000000000, 0.000000000000000000, -1.000000000000000000 ) ) ;
#1268 =( LENGTH_UNIT ( ) NAMED_UNIT ( * ) SI_UNIT ( .MILLI., .METRE. ) );
#1269 = DIRECTION ( 'NONE',  ( 0.000000000000000000, -1.748454679999999258E-07, 0.9999999999999846789 ) ) ;
#1270 = FACE_BOUND ( 'NONE', #6328, .T. ) ;
#1271 = COLOUR_RGB ( '',0.6431372549019607199, 0.6784313725490196401, 0.6980392156862744724 ) ;
#1272 = ADVANCED_FACE ( 'NONE', ( #4889 ), #3201, .F. ) ;
#1273 = PRESENTATION_STYLE_ASSIGNMENT (( #7192 ) ) ;
#1274 = STYLED_ITEM ( 'NONE', ( #1187 ), #3785 ) ;
#1275 = LINE ( 'NONE', #3683, #7092 ) ;
#1276 = CIRCLE ( 'NONE', #4782, 1.100000000000000311 ) ;
#1277 = CIRCLE ( 'NONE', #5633, 1.300000000000002487 ) ;
#1278 = EDGE_LOOP ( 'NONE', ( #7404, #6602, #5371, #1638 ) ) ;
#1279 = AXIS2_PLACEMENT_3D ( 'NONE', #87, #1291, #4351 ) ;
#1280 = DIRECTION ( 'NONE',  ( 0.000000000000000000, 0.000000000000000000, 1.000000000000000000 ) ) ;
#1281 = EDGE_CURVE ( 'NONE', #3594, #1300, #2457, .T. ) ;
#1282 = DIRECTION ( 'NONE',  ( 0.000000000000000000, 0.000000000000000000, -1.000000000000000000 ) ) ;
#1283 = ADVANCED_FACE ( 'NONE', ( #2598 ), #6227, .F. ) ;
#1284 = DIRECTION ( 'NONE',  ( -0.0007733734047254627215, -0.9999997009467437303, 0.000000000000000000 ) ) ;
#1285 =( GEOMETRIC_REPRESENTATION_CONTEXT ( 3 ) GLOBAL_UNCERTAINTY_ASSIGNED_CONTEXT ( ( #319 ) ) GLOBAL_UNIT_ASSIGNED_CONTEXT ( ( #3691, #5428, #1318 ) ) REPRESENTATION_CONTEXT ( 'NONE', 'WORKASPACE' ) );
#1286 = AXIS2_PLACEMENT_3D ( 'NONE', #4155, #7088, #2195 ) ;
#1287 = DIRECTION ( 'NONE',  ( -0.9999999999999950040, 1.000000010007988968E-07, 0.000000000000000000 ) ) ;
#1288 = COLOUR_RGB ( '',0.000000000000000000, 0.5019607843137254832, 0.000000000000000000 ) ;
#1289 = ORIENTED_EDGE ( 'NONE', *, *, #5523, .F. ) ;
#1290 = ORIENTED_EDGE ( 'NONE', *, *, #106, .T. ) ;
#1291 = DIRECTION ( 'NONE',  ( -0.000000000000000000, 1.000000000000000000, 0.000000000000000000 ) ) ;
#1292 = STYLED_ITEM ( 'NONE', ( #4 ), #4258 ) ;
#1293 = FILL_AREA_STYLE_COLOUR ( '', #6986 ) ;
#1294 = EDGE_CURVE ( 'NONE', #5817, #4655, #5716, .T. ) ;
#1295 = FACE_OUTER_BOUND ( 'NONE', #4840, .T. ) ;
#1296 = CARTESIAN_POINT ( 'NONE',  ( -39.99890579710000083, 39.99890579710099558, 0.000000000000000000 ) ) ;
#1297 = ORIENTED_EDGE ( 'NONE', *, *, #6674, .F. ) ;
#1298 =( GEOMETRIC_REPRESENTATION_CONTEXT ( 3 ) GLOBAL_UNCERTAINTY_ASSIGNED_CONTEXT ( ( #2910 ) ) GLOBAL_UNIT_ASSIGNED_CONTEXT ( ( #5010, #356, #831 ) ) REPRESENTATION_CONTEXT ( 'NONE', 'WORKASPACE' ) );
#1299 = ORIENTED_EDGE ( 'NONE', *, *, #7614, .F. ) ;
#1300 = VERTEX_POINT ( 'NONE', #5112 ) ;
#1301 =( GEOMETRIC_REPRESENTATION_CONTEXT ( 3 ) GLOBAL_UNCERTAINTY_ASSIGNED_CONTEXT ( ( #6777 ) ) GLOBAL_UNIT_ASSIGNED_CONTEXT ( ( #1515, #2387, #7084 ) ) REPRESENTATION_CONTEXT ( 'NONE', 'WORKASPACE' ) );
#1302 = DIRECTION ( 'NONE',  ( 0.000000000000000000, -1.748454679999999787E-07, 0.9999999999999849010 ) ) ;
#1303 = PRESENTATION_STYLE_ASSIGNMENT (( #1885 ) ) ;
#1304 = MECHANICAL_DESIGN_GEOMETRIC_PRESENTATION_REPRESENTATION (  '', ( #6904 ), #6163 ) ;
#1305 = DIRECTION ( 'NONE',  ( 0.000000000000000000, 0.000000000000000000, 1.000000000000000000 ) ) ;
#1306 = SURFACE_SIDE_STYLE ('',( #7593 ) ) ;
#1307 = CIRCLE ( 'NONE', #3592, 1.300000000000000044 ) ;
#1308 = CARTESIAN_POINT ( 'NONE',  ( -10.00000732421900018, -10.49999549624191886, -5.979847076789500449 ) ) ;
#1309 = DIRECTION ( 'NONE',  ( 0.000000000000000000, 1.748454679999999787E-07, -0.9999999999999849010 ) ) ;
#1310 = DIRECTION ( 'NONE',  ( 0.000000000000000000, 1.748454679999999258E-07, -0.9999999999999846789 ) ) ;
#1311 =( LENGTH_UNIT ( ) NAMED_UNIT ( * ) SI_UNIT ( .MILLI., .METRE. ) );
#1312 = MECHANICAL_DESIGN_GEOMETRIC_PRESENTATION_REPRESENTATION (  '', ( #73 ), #2324 ) ;
#1313 = SURFACE_STYLE_FILL_AREA ( #6621 ) ;
#1314 =( NAMED_UNIT ( * ) PLANE_ANGLE_UNIT ( ) SI_UNIT ( $, .RADIAN. ) );
#1315 = EDGE_CURVE ( 'NONE', #5253, #5990, #7467, .T. ) ;
#1316 = ORIENTED_EDGE ( 'NONE', *, *, #3206, .F. ) ;
#1317 =( NAMED_UNIT ( * ) PLANE_ANGLE_UNIT ( ) SI_UNIT ( $, .RADIAN. ) );
#1318 =( NAMED_UNIT ( * ) SI_UNIT ( $, .STERADIAN. ) SOLID_ANGLE_UNIT ( ) );
#1319 = DIRECTION ( 'NONE',  ( 1.000000000000000000, 0.000000000000000000, 0.000000000000000000 ) ) ;
#1320 =( LENGTH_UNIT ( ) NAMED_UNIT ( * ) SI_UNIT ( .MILLI., .METRE. ) );
#1321 = VECTOR ( 'NONE', #66, 1000.000000000000000 ) ;
#1322 = UNCERTAINTY_MEASURE_WITH_UNIT (LENGTH_MEASURE( 1.000000000000000082E-05 ), #6693, 'distance_accuracy_value', 'NONE');
#1323 = PRESENTATION_STYLE_ASSIGNMENT (( #3262 ) ) ;
#1324 = EDGE_CURVE ( 'NONE', #5733, #6411, #6805, .T. ) ;
#1325 = VERTEX_POINT ( 'NONE', #4578 ) ;
#1326 =( LENGTH_UNIT ( ) NAMED_UNIT ( * ) SI_UNIT ( .MILLI., .METRE. ) );
#1327 = ORIENTED_EDGE ( 'NONE', *, *, #1156, .T. ) ;
#1328 = PRESENTATION_LAYER_ASSIGNMENT (  '', '', ( #1449 ) ) ;
#1329 = COLOUR_RGB ( '',1.000000000000000000, 0.6078431372549019107, 0.000000000000000000 ) ;
#1330 =( NAMED_UNIT ( * ) PLANE_ANGLE_UNIT ( ) SI_UNIT ( $, .RADIAN. ) );
#1331 = ORIENTED_EDGE ( 'NONE', *, *, #2054, .F. ) ;
#1332 = UNCERTAINTY_MEASURE_WITH_UNIT (LENGTH_MEASURE( 1.000000000000000082E-05 ), #5305, 'distance_accuracy_value', 'NONE');
#1333 = EDGE_CURVE ( 'NONE', #7244, #2388, #6921, .T. ) ;
#1334 = ORIENTED_EDGE ( 'NONE', *, *, #3997, .F. ) ;
#1335 = CARTESIAN_POINT ( 'NONE',  ( -9.525000000000000355, 8.000000000000000000, -2.017369599999999874 ) ) ;
#1336 = STYLED_ITEM ( 'NONE', ( #6063 ), #964 ) ;
#1337 = CARTESIAN_POINT ( 'NONE',  ( 9.499991455780998351, -9.499994431950002038, 1.499998807906999909 ) ) ;
#1338 = DIRECTION ( 'NONE',  ( 0.000000000000000000, 0.000000000000000000, -1.000000000000000000 ) ) ;
#1339 = EDGE_CURVE ( 'NONE', #1350, #6458, #1003, .T. ) ;
#1340 =( GEOMETRIC_REPRESENTATION_CONTEXT ( 3 ) GLOBAL_UNCERTAINTY_ASSIGNED_CONTEXT ( ( #6646 ) ) GLOBAL_UNIT_ASSIGNED_CONTEXT ( ( #1015, #3339, #5690 ) ) REPRESENTATION_CONTEXT ( 'NONE', 'WORKASPACE' ) );
#1341 =( NAMED_UNIT ( * ) SI_UNIT ( $, .STERADIAN. ) SOLID_ANGLE_UNIT ( ) );
#1342 = FILL_AREA_STYLE ('',( #3198 ) ) ;
#1343 = SURFACE_STYLE_FILL_AREA ( #3199 ) ;
#1344 = SURFACE_STYLE_FILL_AREA ( #1376 ) ;
#1345 = CARTESIAN_POINT ( 'NONE',  ( 43.00000000000000000, -40.00000000000000000, -2.017369599999999874 ) ) ;
#1346 = CARTESIAN_POINT ( 'NONE',  ( -23.00000000000000000, 40.00000000000000000, -2.017369599999999874 ) ) ;
#1347 = DIRECTION ( 'NONE',  ( 1.000000000000000000, 0.000000000000000000, 0.000000000000000000 ) ) ;
#1348 = PRESENTATION_STYLE_ASSIGNMENT (( #4303 ) ) ;
#1349 = SURFACE_STYLE_USAGE ( .BOTH. , #770 ) ;
#1350 = VERTEX_POINT ( 'NONE', #4527 ) ;
#1351 = CARTESIAN_POINT ( 'NONE',  ( 18.89999999999999858, 32.39999999999999858, -2.017369599999999874 ) ) ;
#1352 = PLANE ( 'NONE',  #4781 ) ;
#1353 = CARTESIAN_POINT ( 'NONE',  ( -4.955364551250029947, -30.07549316241298598, -3.979848032427520277 ) ) ;
#1354 = COLOUR_RGB ( '',0.000000000000000000, 0.5019607843137254832, 0.000000000000000000 ) ;
#1355 = ORIENTED_EDGE ( 'NONE', *, *, #6532, .T. ) ;
#1356 = FACE_OUTER_BOUND ( 'NONE', #3441, .T. ) ;
#1357 = VERTEX_POINT ( 'NONE', #5152 ) ;
#1358 = LINE ( 'NONE', #6637, #2935 ) ;
#1359 = ORIENTED_EDGE ( 'NONE', *, *, #2785, .F. ) ;
#1360 =( LENGTH_UNIT ( ) NAMED_UNIT ( * ) SI_UNIT ( .MILLI., .METRE. ) );
#1361 = CARTESIAN_POINT ( 'NONE',  ( -12.70000732421899947, -6.600014062499999667, 0.000000000000000000 ) ) ;
#1362 = DIRECTION ( 'NONE',  ( 0.000000000000000000, -1.748454679999999258E-07, 0.9999999999999846789 ) ) ;
#1363 = EDGE_CURVE ( 'NONE', #4824, #6869, #7076, .T. ) ;
#1364 = COLOUR_RGB ( '',1.000000000000000000, 1.000000000000000000, 1.000000000000000000 ) ;
#1365 = ORIENTED_EDGE ( 'NONE', *, *, #3331, .T. ) ;
#1366 = ORIENTED_EDGE ( 'NONE', *, *, #5131, .T. ) ;
#1367 = FACE_OUTER_BOUND ( 'NONE', #7541, .T. ) ;
#1368 = ADVANCED_FACE ( 'NONE', ( #5558 ), #211, .F. ) ;
#1369 = SURFACE_STYLE_USAGE ( .BOTH. , #4883 ) ;
#1370 = EDGE_CURVE ( 'NONE', #7033, #1159, #6585, .T. ) ;
#1371 = VECTOR ( 'NONE', #4011, 1000.000000000000000 ) ;
#1372 = DIRECTION ( 'NONE',  ( 0.000000000000000000, 1.748454679999999523E-07, -0.9999999999999846789 ) ) ;
#1373 = FILL_AREA_STYLE_COLOUR ( '', #5286 ) ;
#1374 = STYLED_ITEM ( 'NONE', ( #7395 ), #6442 ) ;
#1375 = ADVANCED_FACE ( 'NONE', ( #6501 ), #3454, .F. ) ;
#1376 = FILL_AREA_STYLE ('',( #6003 ) ) ;
#1377 = DIRECTION ( 'NONE',  ( -0.3827001010250414281, -0.9238726279500855121, -1.615349420063250050E-07 ) ) ;
#1378 = DIRECTION ( 'NONE',  ( 0.000000000000000000, 0.000000000000000000, 1.000000000000000000 ) ) ;
#1379 = DIRECTION ( 'NONE',  ( 1.000000000000000000, 0.000000000000000000, 0.000000000000000000 ) ) ;
#1380 =( GEOMETRIC_REPRESENTATION_CONTEXT ( 3 ) GLOBAL_UNCERTAINTY_ASSIGNED_CONTEXT ( ( #6030 ) ) GLOBAL_UNIT_ASSIGNED_CONTEXT ( ( #1785, #2524, #3682 ) ) REPRESENTATION_CONTEXT ( 'NONE', 'WORKASPACE' ) );
#1381 = DIRECTION ( 'NONE',  ( 0.000000000000000000, 1.748454679999999523E-07, -0.9999999999999847899 ) ) ;
#1382 = AXIS2_PLACEMENT_3D ( 'NONE', #6582, #3645, #3046 ) ;
#1383 = EDGE_LOOP ( 'NONE', ( #3355, #612 ) ) ;
#1384 = PRESENTATION_STYLE_ASSIGNMENT (( #7276 ) ) ;
#1385 = VERTEX_POINT ( 'NONE', #5196 ) ;
#1386 =( LENGTH_UNIT ( ) NAMED_UNIT ( * ) SI_UNIT ( .MILLI., .METRE. ) );
#1387 = COLOUR_RGB ( '',0.1843137254901960898, 0.7490196078431372584, 0.5803921568627450345 ) ;
#1388 = CARTESIAN_POINT ( 'NONE',  ( 38.69999999999999574, 40.00000000000000000, -2.017369599999999874 ) ) ;
#1389 = DIRECTION ( 'NONE',  ( 0.000000000000000000, 1.000000000000000000, 0.000000000000000000 ) ) ;
#1390 = DIRECTION ( 'NONE',  ( 0.000000000000000000, 0.000000000000000000, 1.000000000000000000 ) ) ;
#1391 = VECTOR ( 'NONE', #6378, 1000.000000000000000 ) ;
#1392 =( NAMED_UNIT ( * ) PLANE_ANGLE_UNIT ( ) SI_UNIT ( $, .RADIAN. ) );
#1393 = MECHANICAL_DESIGN_GEOMETRIC_PRESENTATION_REPRESENTATION (  '', ( #5403 ), #4683 ) ;
#1394 = CIRCLE ( 'NONE', #7509, 3.001094402371998981 ) ;
#1395 = ORIENTED_EDGE ( 'NONE', *, *, #3160, .T. ) ;
#1396 =( NAMED_UNIT ( * ) SI_UNIT ( $, .STERADIAN. ) SOLID_ANGLE_UNIT ( ) );
#1397 = LINE ( 'NONE', #4871, #7647 ) ;
#1398 = ORIENTED_EDGE ( 'NONE', *, *, #4207, .F. ) ;
#1399 = STYLED_ITEM ( 'NONE', ( #3643 ), #7191 ) ;
#1400 = DIRECTION ( 'NONE',  ( 0.9238726279500996119, -0.3827001010250355439, -6.691337826737064132E-08 ) ) ;
#1401 =( LENGTH_UNIT ( ) NAMED_UNIT ( * ) SI_UNIT ( .MILLI., .METRE. ) );
#1402 = LINE ( 'NONE', #3808, #7517 ) ;
#1403 =( GEOMETRIC_REPRESENTATION_CONTEXT ( 3 ) GLOBAL_UNCERTAINTY_ASSIGNED_CONTEXT ( ( #7091 ) ) GLOBAL_UNIT_ASSIGNED_CONTEXT ( ( #2767, #3382, #6236 ) ) REPRESENTATION_CONTEXT ( 'NONE', 'WORKASPACE' ) );
#1404 = CIRCLE ( 'NONE', #5776, 1.100000000000000311 ) ;
#1405 = ORIENTED_EDGE ( 'NONE', *, *, #2357, .T. ) ;
#1406 = UNCERTAINTY_MEASURE_WITH_UNIT (LENGTH_MEASURE( 1.000000000000000082E-05 ), #250, 'distance_accuracy_value', 'NONE');
#1407 = ORIENTED_EDGE ( 'NONE', *, *, #6142, .T. ) ;
#1408 = COLOUR_RGB ( '',1.000000000000000000, 1.000000000000000000, 1.000000000000000000 ) ;
#1409 = EDGE_CURVE ( 'NONE', #2106, #6832, #111, .T. ) ;
#1410 = CARTESIAN_POINT ( 'NONE',  ( 9.756931955780894228, -34.99355891414921160, -2.017369181861998761 ) ) ;
#1411 = STYLED_ITEM ( 'NONE', ( #1384 ), #7536 ) ;
#1412 = CARTESIAN_POINT ( 'NONE',  ( 8.500000000000000000, -29.00000000000000000, 0.000000000000000000 ) ) ;
#1413 = PRESENTATION_LAYER_ASSIGNMENT (  '', '', ( #930 ) ) ;
#1414 = DIRECTION ( 'NONE',  ( 0.000000000000000000, -1.748454679999999258E-07, 0.9999999999999846789 ) ) ;
#1415 = ORIENTED_EDGE ( 'NONE', *, *, #5208, .F. ) ;
#1416 = STYLED_ITEM ( 'NONE', ( #1323 ), #7632 ) ;
#1417 = LINE ( 'NONE', #2483, #3314 ) ;
#1418 = CARTESIAN_POINT ( 'NONE',  ( -12.70000732421899947, -35.79999549624153588, -5.979851500379840701 ) ) ;
#1419 = EDGE_CURVE ( 'NONE', #7584, #2507, #5333, .T. ) ;
#1420 = FACE_BOUND ( 'NONE', #4965, .T. ) ;
#1421 = PRESENTATION_LAYER_ASSIGNMENT (  '', '', ( #6904 ) ) ;
#1422 = LINE ( 'NONE', #3867, #5626 ) ;
#1423 = SURFACE_STYLE_FILL_AREA ( #4621 ) ;
#1424 = DIRECTION ( 'NONE',  ( 0.000000000000000000, -1.748454679999999787E-07, 0.9999999999999849010 ) ) ;
#1425 = MECHANICAL_DESIGN_GEOMETRIC_PRESENTATION_REPRESENTATION (  '', ( #1688 ), #2818 ) ;
#1426 = CARTESIAN_POINT ( 'NONE',  ( -5.000736792818000431, -4.599266027643010624, -5.979846045073694327 ) ) ;
#1427 = CARTESIAN_POINT ( 'NONE',  ( 10.62500000000000000, 8.000000000000000000, 0.000000000000000000 ) ) ;
#1428 = EDGE_CURVE ( 'NONE', #4605, #2659, #5793, .T. ) ;
#1429 = ORIENTED_EDGE ( 'NONE', *, *, #4071, .T. ) ;
#1430 = EDGE_CURVE ( 'NONE', #4562, #4517, #2376, .T. ) ;
#1431 = CARTESIAN_POINT ( 'NONE',  ( 21.50115916398700122, 39.99884083601299523, -2.017369599999999874 ) ) ;
#1432 = SURFACE_STYLE_FILL_AREA ( #1800 ) ;
#1433 = VECTOR ( 'NONE', #4503, 1000.000000000000000 ) ;
#1434 = FACE_OUTER_BOUND ( 'NONE', #2095, .T. ) ;
#1435 = CARTESIAN_POINT ( 'NONE',  ( 17.80000000000000071, 32.39999999999999858, -2.017369599999999874 ) ) ;
#1436 = STYLED_ITEM ( 'NONE', ( #6512 ), #5308 ) ;
#1437 = EDGE_CURVE ( 'NONE', #452, #7458, #6344, .T. ) ;
#1438 = ORIENTED_EDGE ( 'NONE', *, *, #5222, .F. ) ;
#1439 =( LENGTH_UNIT ( ) NAMED_UNIT ( * ) SI_UNIT ( .MILLI., .METRE. ) );
#1440 = CARTESIAN_POINT ( 'NONE',  ( -4.955364551250029947, -30.07549255045374181, -7.479848652427466327 ) ) ;
#1441 = ORIENTED_EDGE ( 'NONE', *, *, #5922, .T. ) ;
#1442 = CARTESIAN_POINT ( 'NONE',  ( -7.324219000000000424E-06, -30.29999575194982597, -4.517369338729788630 ) ) ;
#1443 = DIRECTION ( 'NONE',  ( 0.000000000000000000, -1.748454679999999258E-07, 0.9999999999999846789 ) ) ;
#1444 = PRESENTATION_LAYER_ASSIGNMENT (  '', '', ( #4839 ) ) ;
#1445 = DIRECTION ( 'NONE',  ( 0.000000000000000000, 1.748454679999999523E-07, -0.9999999999999846789 ) ) ;
#1446 = DIRECTION ( 'NONE',  ( 1.000000000000000000, 0.000000000000000000, 0.000000000000000000 ) ) ;
#1447 = ORIENTED_EDGE ( 'NONE', *, *, #2970, .T. ) ;
#1448 = ORIENTED_EDGE ( 'NONE', *, *, #4968, .T. ) ;
#1449 = STYLED_ITEM ( 'NONE', ( #2931 ), #402 ) ;
#1450 = STYLED_ITEM ( 'NONE', ( #4254 ), #5958 ) ;
#1451 = ORIENTED_EDGE ( 'NONE', *, *, #1197, .T. ) ;
#1452 = PLANE ( 'NONE',  #561 ) ;
#1453 = CARTESIAN_POINT ( 'NONE',  ( -5.500007324219000182, -34.49999575194976131, -4.517370073080753556 ) ) ;
#1454 = SURFACE_SIDE_STYLE ('',( #3405 ) ) ;
#1455 = COLOUR_RGB ( '',0.6980392156862744724, 0.6745098039215686736, 0.6901960784313725394 ) ;
#1456 = COLOUR_RGB ( '',0.000000000000000000, 0.5019607843137254832, 0.000000000000000000 ) ;
#1457 = CARTESIAN_POINT ( 'NONE',  ( 23.00000000000000000, 40.00000000000000000, 0.000000000000000000 ) ) ;
#1458 = ORIENTED_EDGE ( 'NONE', *, *, #2204, .F. ) ;
#1459 = CARTESIAN_POINT ( 'NONE',  ( -14.69999999999999929, -38.50000000000000000, -2.017369599999999874 ) ) ;
#1460 = AXIS2_PLACEMENT_3D ( 'NONE', #3228, #2546, #3188 ) ;
#1461 = PLANE ( 'NONE',  #273 ) ;
#1462 = CARTESIAN_POINT ( 'NONE',  ( 0.04463544874997000395, -30.52447819045373834, -7.479848730930570788 ) ) ;
#1463 = DIRECTION ( 'NONE',  ( 0.000000000000000000, 0.000000000000000000, 1.000000000000000000 ) ) ;
#1464 = DIRECTION ( 'NONE',  ( 0.000000000000000000, 0.000000000000000000, 1.000000000000000000 ) ) ;
#1465 =( LENGTH_UNIT ( ) NAMED_UNIT ( * ) SI_UNIT ( .MILLI., .METRE. ) );
#1466 = EDGE_CURVE ( 'NONE', #7497, #6374, #6539, .T. ) ;
#1467 = MECHANICAL_DESIGN_GEOMETRIC_PRESENTATION_REPRESENTATION (  '', ( #1223 ), #6216 ) ;
#1468 = CARTESIAN_POINT ( 'NONE',  ( 10.69999159578100034, -30.00001298249999593, 0.000000000000000000 ) ) ;
#1469 = EDGE_LOOP ( 'NONE', ( #5485, #1290, #4074, #5409 ) ) ;
#1470 = ORIENTED_EDGE ( 'NONE', *, *, #6822, .T. ) ;
#1471 =( GEOMETRIC_REPRESENTATION_CONTEXT ( 3 ) GLOBAL_UNCERTAINTY_ASSIGNED_CONTEXT ( ( #2443 ) ) GLOBAL_UNIT_ASSIGNED_CONTEXT ( ( #107, #4856, #688 ) ) REPRESENTATION_CONTEXT ( 'NONE', 'WORKASPACE' ) );
#1472 = DIRECTION ( 'NONE',  ( 0.000000000000000000, 0.000000000000000000, -1.000000000000000000 ) ) ;
#1473 = SURFACE_STYLE_FILL_AREA ( #6281 ) ;
#1474 = DIRECTION ( 'NONE',  ( 1.000000000000000000, 0.000000000000000000, 0.000000000000000000 ) ) ;
#1475 = EDGE_CURVE ( 'NONE', #741, #6413, #3496, .T. ) ;
#1476 = AXIS2_PLACEMENT_3D ( 'NONE', #1849, #2621, #4255 ) ;
#1477 = ORIENTED_EDGE ( 'NONE', *, *, #4941, .T. ) ;
#1478 = DIRECTION ( 'NONE',  ( 0.000000000000000000, 0.000000000000000000, 1.000000000000000000 ) ) ;
#1479 = DIRECTION ( 'NONE',  ( 0.3827001010250414281, 0.9238726279500855121, 1.615349420063250050E-07 ) ) ;
#1480 = ORIENTED_EDGE ( 'NONE', *, *, #7222, .F. ) ;
#1481 = FACE_OUTER_BOUND ( 'NONE', #5251, .T. ) ;
#1482 = FILL_AREA_STYLE ('',( #2232 ) ) ;
#1483 = MECHANICAL_DESIGN_GEOMETRIC_PRESENTATION_REPRESENTATION (  '', ( #496 ), #6969 ) ;
#1484 = DIRECTION ( 'NONE',  ( 0.000000000000000000, 0.000000000000000000, -1.000000000000000000 ) ) ;
#1485 = ADVANCED_FACE ( 'NONE', ( #7105 ), #495, .F. ) ;
#1486 = DIRECTION ( 'NONE',  ( -0.3826758252060216137, 0.9238826834630381457, 1.615367001671931827E-07 ) ) ;
#1487 = ORIENTED_EDGE ( 'NONE', *, *, #3882, .F. ) ;
#1488 = UNCERTAINTY_MEASURE_WITH_UNIT (LENGTH_MEASURE( 1.000000000000000082E-05 ), #9, 'distance_accuracy_value', 'NONE');
#1489 = EDGE_LOOP ( 'NONE', ( #3253, #5318, #5441, #5103 ) ) ;
#1490 = ORIENTED_EDGE ( 'NONE', *, *, #6497, .F. ) ;
#1491 = LINE ( 'NONE', #1610, #7146 ) ;
#1492 =( LENGTH_UNIT ( ) NAMED_UNIT ( * ) SI_UNIT ( .MILLI., .METRE. ) );
#1493 = CARTESIAN_POINT ( 'NONE',  ( -4.872855191250001106, -30.10967079045374106, -7.479848658403376760 ) ) ;
#1494 = AXIS2_PLACEMENT_3D ( 'NONE', #5804, #7013, #6436 ) ;
#1495 = VERTEX_POINT ( 'NONE', #2480 ) ;
#1496 = DIRECTION ( 'NONE',  ( 0.000000000000000000, -0.9999999999999846789, -1.748454679999999258E-07 ) ) ;
#1497 = DIRECTION ( 'NONE',  ( 0.000000000000000000, -1.748454679999999523E-07, 0.9999999999999847899 ) ) ;
#1498 = DIRECTION ( 'NONE',  ( -1.000000000000000000, 0.000000000000000000, 0.000000000000000000 ) ) ;
#1499 = PLANE ( 'NONE',  #4726 ) ;
#1500 = SURFACE_SIDE_STYLE ('',( #5636 ) ) ;
#1501 = LINE ( 'NONE', #2004, #7672 ) ;
#1502 = AXIS2_PLACEMENT_3D ( 'NONE', #4569, #485, #5709 ) ;
#1503 = DIRECTION ( 'NONE',  ( 0.000000000000000000, 1.748454679999999258E-07, -0.9999999999999846789 ) ) ;
#1504 = PRESENTATION_STYLE_ASSIGNMENT (( #381 ) ) ;
#1505 = CARTESIAN_POINT ( 'NONE',  ( 0.6249926757810000399, -30.29999549624161403, -5.979850538729765574 ) ) ;
#1506 = VERTEX_POINT ( 'NONE', #599 ) ;
#1507 = CARTESIAN_POINT ( 'NONE',  ( -0.02656804421900000115, -2.993528124119761991, -5.917363586801698716 ) ) ;
#1508 = ORIENTED_EDGE ( 'NONE', *, *, #1535, .T. ) ;
#1509 = AXIS2_PLACEMENT_3D ( 'NONE', #4415, #4456, #5466 ) ;
#1510 = EDGE_CURVE ( 'NONE', #4285, #3482, #1117, .T. ) ;
#1511 = CARTESIAN_POINT ( 'NONE',  ( 8.500000000000000000, -29.00000000000000000, 0.000000000000000000 ) ) ;
#1512 = PRESENTATION_STYLE_ASSIGNMENT (( #3338 ) ) ;
#1513 = LINE ( 'NONE', #3910, #4355 ) ;
#1514 = FILL_AREA_STYLE ('',( #7636 ) ) ;
#1515 =( LENGTH_UNIT ( ) NAMED_UNIT ( * ) SI_UNIT ( .MILLI., .METRE. ) );
#1516 = VERTEX_POINT ( 'NONE', #3000 ) ;
#1517 = COLOUR_RGB ( '',0.000000000000000000, 0.5019607843137254832, 0.000000000000000000 ) ;
#1518 = FILL_AREA_STYLE_COLOUR ( '', #1288 ) ;
#1519 = PLANE ( 'NONE',  #7532 ) ;
#1520 = EDGE_LOOP ( 'NONE', ( #4718, #3732, #2394, #7181 ) ) ;
#1521 = AXIS2_PLACEMENT_3D ( 'NONE', #72, #3615, #577 ) ;
#1522 = ADVANCED_FACE ( 'NONE', ( #6786 ), #1227, .F. ) ;
#1523 = DIRECTION ( 'NONE',  ( 0.000000000000000000, 0.000000000000000000, 1.000000000000000000 ) ) ;
#1524 = MECHANICAL_DESIGN_GEOMETRIC_PRESENTATION_REPRESENTATION (  '', ( #4787 ), #4534 ) ;
#1525 = EDGE_CURVE ( 'NONE', #1682, #2953, #7324, .T. ) ;
#1526 = SURFACE_STYLE_USAGE ( .BOTH. , #1642 ) ;
#1527 = DIRECTION ( 'NONE',  ( 0.000000000000000000, -1.000000000000000000, 0.000000000000000000 ) ) ;
#1528 = PLANE ( 'NONE',  #874 ) ;
#1529 = DIRECTION ( 'NONE',  ( 0.000000000000000000, 0.000000000000000000, 1.000000000000000000 ) ) ;
#1530 = COLOUR_RGB ( '',0.000000000000000000, 0.5019607843137254832, 0.000000000000000000 ) ;
#1531 = VERTEX_POINT ( 'NONE', #4843 ) ;
#1532 = ORIENTED_EDGE ( 'NONE', *, *, #6569, .T. ) ;
#1533 = VERTEX_POINT ( 'NONE', #1263 ) ;
#1534 = ADVANCED_FACE ( 'NONE', ( #4469 ), #6070, .F. ) ;
#1535 = EDGE_CURVE ( 'NONE', #86, #6459, #2104, .T. ) ;
#1536 = VECTOR ( 'NONE', #6088, 1000.000000000000000 ) ;
#1537 = CARTESIAN_POINT ( 'NONE',  ( -23.00000000000000000, 41.50000000000000000, 0.000000000000000000 ) ) ;
#1538 = MECHANICAL_DESIGN_GEOMETRIC_PRESENTATION_REPRESENTATION (  '', ( #4792 ), #5895 ) ;
#1539 =( GEOMETRIC_REPRESENTATION_CONTEXT ( 3 ) GLOBAL_UNCERTAINTY_ASSIGNED_CONTEXT ( ( #5533 ) ) GLOBAL_UNIT_ASSIGNED_CONTEXT ( ( #5846, #2229, #7604 ) ) REPRESENTATION_CONTEXT ( 'NONE', 'WORKASPACE' ) );
#1540 = CYLINDRICAL_SURFACE ( 'NONE', #6422, 3.001094402371998981 ) ;
#1541 = SURFACE_SIDE_STYLE ('',( #7377 ) ) ;
#1542 = ORIENTED_EDGE ( 'NONE', *, *, #5410, .T. ) ;
#1543 = MECHANICAL_DESIGN_GEOMETRIC_PRESENTATION_REPRESENTATION (  '', ( #1054 ), #56 ) ;
#1544 = AXIS2_PLACEMENT_3D ( 'NONE', #5891, #78, #615 ) ;
#1545 = VECTOR ( 'NONE', #102, 1000.000000000000227 ) ;
#1546 = CYLINDRICAL_SURFACE ( 'NONE', #6140, 1.498841284246000383 ) ;
#1547 = CARTESIAN_POINT ( 'NONE',  ( -12.70000732421899947, -6.599995496241980675, -5.979846394892175176 ) ) ;
#1548 = AXIS2_PLACEMENT_3D ( 'NONE', #1507, #2094, #7007 ) ;
#1549 = VECTOR ( 'NONE', #4508, 1000.000000000000000 ) ;
#1550 = CARTESIAN_POINT ( 'NONE',  ( -1.426568044218994302, -2.993528246511649282, -5.917363586801720032 ) ) ;
#1551 = CARTESIAN_POINT ( 'NONE',  ( -0.1271828512500000063, -30.49030249045373608, -7.479848724955104444 ) ) ;
#1552 = DIRECTION ( 'NONE',  ( -0.0002450122208222584464, -0.9999999699844900336, -1.748454628237358189E-07 ) ) ;
#1553 = FILL_AREA_STYLE ('',( #5126 ) ) ;
#1554 = DIRECTION ( 'NONE',  ( 1.000000000000000000, 0.000000000000000000, 0.000000000000000000 ) ) ;
#1555 = CARTESIAN_POINT ( 'NONE',  ( 10.69999159578100034, -8.600012602499997882, 0.000000000000000000 ) ) ;
#1556 = AXIS2_PLACEMENT_3D ( 'NONE', #5954, #5375, #4102 ) ;
#1557 = SURFACE_SIDE_STYLE ('',( #1473 ) ) ;
#1558 = UNCERTAINTY_MEASURE_WITH_UNIT (LENGTH_MEASURE( 1.000000000000000082E-05 ), #786, 'distance_accuracy_value', 'NONE');
#1559 = SURFACE_STYLE_USAGE ( .BOTH. , #469 ) ;
#1560 = ORIENTED_EDGE ( 'NONE', *, *, #5120, .F. ) ;
#1561 = MECHANICAL_DESIGN_GEOMETRIC_PRESENTATION_REPRESENTATION (  '', ( #6542 ), #1804 ) ;
#1562 = EDGE_LOOP ( 'NONE', ( #3555, #7133 ) ) ;
#1563 = PRESENTATION_STYLE_ASSIGNMENT (( #3267 ) ) ;
#1564 = CARTESIAN_POINT ( 'NONE',  ( 14.69999999999999929, -38.50000000000000000, 0.000000000000000000 ) ) ;
#1565 = VECTOR ( 'NONE', #3764, 1000.000000000000227 ) ;
#1566 = EDGE_CURVE ( 'NONE', #3149, #5970, #2196, .T. ) ;
#1567 = ORIENTED_EDGE ( 'NONE', *, *, #7681, .F. ) ;
#1568 = UNCERTAINTY_MEASURE_WITH_UNIT (LENGTH_MEASURE( 1.000000000000000082E-05 ), #2990, 'distance_accuracy_value', 'NONE');
#1569 = EDGE_LOOP ( 'NONE', ( #3982, #3022, #1796, #4095 ) ) ;
#1570 = ORIENTED_EDGE ( 'NONE', *, *, #7060, .T. ) ;
#1571 = CARTESIAN_POINT ( 'NONE',  ( -10.00000732421900018, -27.49999549624165951, -5.979850049162455328 ) ) ;
#1572 = DIRECTION ( 'NONE',  ( 0.000000000000000000, 1.748454679999999523E-07, -0.9999999999999846789 ) ) ;
#1573 =( NAMED_UNIT ( * ) PLANE_ANGLE_UNIT ( ) SI_UNIT ( $, .RADIAN. ) );
#1574 = DIRECTION ( 'NONE',  ( 1.000000000000000000, 0.000000000000000000, 0.000000000000000000 ) ) ;
#1575 = EDGE_CURVE ( 'NONE', #4430, #2648, #6290, .T. ) ;
#1576 = COLOUR_RGB ( '',0.000000000000000000, 0.5019607843137254832, 0.000000000000000000 ) ;
#1577 = VECTOR ( 'NONE', #128, 1000.000000000000227 ) ;
#1578 = ORIENTED_EDGE ( 'NONE', *, *, #6809, .T. ) ;
#1579 =( NAMED_UNIT ( * ) PLANE_ANGLE_UNIT ( ) SI_UNIT ( $, .RADIAN. ) );
#1580 = LINE ( 'NONE', #494, #3671 ) ;
#1581 = VECTOR ( 'NONE', #5067, 1000.000000000000227 ) ;
#1582 = PRESENTATION_STYLE_ASSIGNMENT (( #2084 ) ) ;
#1583 = CARTESIAN_POINT ( 'NONE',  ( 9.499991455780998351, -9.499994431950002038, 1.599998607906999881 ) ) ;
#1584 = LINE ( 'NONE', #6424, #7621 ) ;
#1585 = CARTESIAN_POINT ( 'NONE',  ( -41.30000000000000426, -1.592040838891555891E-16, -2.017369599999999874 ) ) ;
#1586 = EDGE_CURVE ( 'NONE', #6015, #563, #2605, .T. ) ;
#1587 = COLOUR_RGB ( '',0.000000000000000000, 0.5019607843137254832, 0.000000000000000000 ) ;
#1588 = LINE ( 'NONE', #7474, #80 ) ;
#1589 = STYLED_ITEM ( 'NONE', ( #7520 ), #41 ) ;
#1590 = DIRECTION ( 'NONE',  ( -0.9999997009467437303, -0.0007733734047231480583, 0.000000000000000000 ) ) ;
#1591 =( NAMED_UNIT ( * ) PLANE_ANGLE_UNIT ( ) SI_UNIT ( $, .RADIAN. ) );
#1592 = ORIENTED_EDGE ( 'NONE', *, *, #1963, .F. ) ;
#1593 = ORIENTED_EDGE ( 'NONE', *, *, #2449, .T. ) ;
#1594 =( LENGTH_UNIT ( ) NAMED_UNIT ( * ) SI_UNIT ( .MILLI., .METRE. ) );
#1595 = COLOUR_RGB ( '',0.000000000000000000, 0.5019607843137254832, 0.000000000000000000 ) ;
#1596 = PLANE ( 'NONE',  #1494 ) ;
#1597 = LINE ( 'NONE', #3387, #2056 ) ;
#1598 = PLANE ( 'NONE',  #2309 ) ;
#1599 = ORIENTED_EDGE ( 'NONE', *, *, #143, .T. ) ;
#1600 = MECHANICAL_DESIGN_GEOMETRIC_PRESENTATION_REPRESENTATION (  '', ( #6460 ), #3859 ) ;
#1601 = DIRECTION ( 'NONE',  ( 0.000000000000000000, 0.000000000000000000, -1.000000000000000000 ) ) ;
#1602 =( LENGTH_UNIT ( ) NAMED_UNIT ( * ) SI_UNIT ( .MILLI., .METRE. ) );
#1603 =( NAMED_UNIT ( * ) PLANE_ANGLE_UNIT ( ) SI_UNIT ( $, .RADIAN. ) );
#1604 = DIRECTION ( 'NONE',  ( -0.0007733734047254627215, -0.9999997009467437303, 0.000000000000000000 ) ) ;
#1605 = CARTESIAN_POINT ( 'NONE',  ( -5.127182851250000617, -30.10967140241298878, -3.979848038403430710 ) ) ;
#1606 = COLOUR_RGB ( '',0.000000000000000000, 0.5019607843137254832, 0.000000000000000000 ) ;
#1607 = EDGE_LOOP ( 'NONE', ( #1039, #5982 ) ) ;
#1608 = ORIENTED_EDGE ( 'NONE', *, *, #90, .T. ) ;
#1609 = STYLED_ITEM ( 'NONE', ( #4059 ), #1375 ) ;
#1610 = CARTESIAN_POINT ( 'NONE',  ( 10.69999159578100034, -30.00001298249999593, 0.000000000000000000 ) ) ;
#1611 = LINE ( 'NONE', #2875, #1371 ) ;
#1612 = EDGE_CURVE ( 'NONE', #5149, #2550, #6365, .T. ) ;
#1613 = FILL_AREA_STYLE_COLOUR ( '', #467 ) ;
#1614 = DIRECTION ( 'NONE',  ( 0.000000000000000000, 0.000000000000000000, -1.000000000000000000 ) ) ;
#1615 =( NAMED_UNIT ( * ) PLANE_ANGLE_UNIT ( ) SI_UNIT ( $, .RADIAN. ) );
#1616 = AXIS2_PLACEMENT_3D ( 'NONE', #5353, #1140, #3517 ) ;
#1617 = ORIENTED_EDGE ( 'NONE', *, *, #1339, .T. ) ;
#1618 = CARTESIAN_POINT ( 'NONE',  ( 21.50000000000000000, 38.50000000000000000, -2.017369599999999874 ) ) ;
#1619 = CARTESIAN_POINT ( 'NONE',  ( -38.69999999999999574, 0.000000000000000000, -2.017369599999999874 ) ) ;
#1620 = EDGE_CURVE ( 'NONE', #3398, #1937, #4042, .T. ) ;
#1621 = EDGE_CURVE ( 'NONE', #2271, #3428, #1231, .T. ) ;
#1622 = CARTESIAN_POINT ( 'NONE',  ( 8.999992675780998042, -34.99999575194976131, -4.517370160503488385 ) ) ;
#1623 = DIRECTION ( 'NONE',  ( 0.000000000000000000, -1.748454679999999787E-07, 0.9999999999999849010 ) ) ;
#1624 = DIRECTION ( 'NONE',  ( 0.000000000000000000, -1.748454679999999258E-07, 0.9999999999999846789 ) ) ;
#1625 =( GEOMETRIC_REPRESENTATION_CONTEXT ( 3 ) GLOBAL_UNCERTAINTY_ASSIGNED_CONTEXT ( ( #1259 ) ) GLOBAL_UNIT_ASSIGNED_CONTEXT ( ( #2817, #3466, #1133 ) ) REPRESENTATION_CONTEXT ( 'NONE', 'WORKASPACE' ) );
#1626 = CARTESIAN_POINT ( 'NONE',  ( 41.30000000000000426, -40.00000000000000000, -2.017369599999999874 ) ) ;
#1627 = FACE_OUTER_BOUND ( 'NONE', #2032, .T. ) ;
#1628 = DIRECTION ( 'NONE',  ( 1.000000000000000000, 0.000000000000000000, 0.000000000000000000 ) ) ;
#1629 = VERTEX_POINT ( 'NONE', #6980 ) ;
#1630 = ADVANCED_FACE ( 'NONE', ( #1025 ), #1528, .F. ) ;
#1631 = DIRECTION ( 'NONE',  ( 0.000000000000000000, 1.000000000000000000, 0.000000000000000000 ) ) ;
#1632 =( LENGTH_UNIT ( ) NAMED_UNIT ( * ) SI_UNIT ( .MILLI., .METRE. ) );
#1633 = SURFACE_SIDE_STYLE ('',( #6435 ) ) ;
#1634 = CARTESIAN_POINT ( 'NONE',  ( -4.872855191250001106, -30.49030310241298025, -3.979848104955158394 ) ) ;
#1635 = DIRECTION ( 'NONE',  ( 0.000000000000000000, 0.000000000000000000, -1.000000000000000000 ) ) ;
#1636 = LINE ( 'NONE', #5205, #6427 ) ;
#1637 = CIRCLE ( 'NONE', #7613, 1.498841284246002159 ) ;
#1638 = ORIENTED_EDGE ( 'NONE', *, *, #5216, .F. ) ;
#1639 = SURFACE_SIDE_STYLE ('',( #6977 ) ) ;
#1640 = DIRECTION ( 'NONE',  ( -0.9999999335329464722, 0.0003646012926752482280, 0.000000000000000000 ) ) ;
#1641 = PRODUCT_DEFINITION_SHAPE ( 'NONE', 'NONE',  #7661 ) ;
#1642 = SURFACE_SIDE_STYLE ('',( #4638 ) ) ;
#1643 = DIRECTION ( 'NONE',  ( -1.000000000000000000, 0.000000000000000000, 0.000000000000000000 ) ) ;
#1644 =( GEOMETRIC_REPRESENTATION_CONTEXT ( 3 ) GLOBAL_UNCERTAINTY_ASSIGNED_CONTEXT ( ( #867 ) ) GLOBAL_UNIT_ASSIGNED_CONTEXT ( ( #2050, #2009, #3333 ) ) REPRESENTATION_CONTEXT ( 'NONE', 'WORKASPACE' ) );
#1645 =( LENGTH_UNIT ( ) NAMED_UNIT ( * ) SI_UNIT ( .MILLI., .METRE. ) );
#1646 = ORIENTED_EDGE ( 'NONE', *, *, #1764, .T. ) ;
#1647 = AXIS2_PLACEMENT_3D ( 'NONE', #4407, #5073, #5559 ) ;
#1648 = UNCERTAINTY_MEASURE_WITH_UNIT (LENGTH_MEASURE( 1.000000000000000082E-05 ), #3571, 'distance_accuracy_value', 'NONE');
#1649 = ORIENTED_EDGE ( 'NONE', *, *, #6116, .T. ) ;
#1650 = LINE ( 'NONE', #1753, #4695 ) ;
#1651 = ORIENTED_EDGE ( 'NONE', *, *, #1724, .F. ) ;
#1652 = CIRCLE ( 'NONE', #140, 1.499999999999999556 ) ;
#1653 = FACE_OUTER_BOUND ( 'NONE', #4680, .T. ) ;
#1654 = SURFACE_STYLE_FILL_AREA ( #6295 ) ;
#1655 = CARTESIAN_POINT ( 'NONE',  ( -9.810068044218997585, -34.99355939208933819, -2.017369181862082250 ) ) ;
#1656 = CIRCLE ( 'NONE', #6016, 1.499999999999999556 ) ;
#1657 = VECTOR ( 'NONE', #4389, 1000.000000000000000 ) ;
#1658 = DIRECTION ( 'NONE',  ( 0.3826758252060216137, 0.9238826834630381457, 1.615367001671931827E-07 ) ) ;
#1659 = EDGE_LOOP ( 'NONE', ( #5122, #2079, #6252, #1316 ) ) ;
#1660 = EDGE_CURVE ( 'NONE', #2648, #556, #5179, .T. ) ;
#1661 = EDGE_LOOP ( 'NONE', ( #4085, #7336 ) ) ;
#1662 = AXIS2_PLACEMENT_3D ( 'NONE', #312, #4467, #2703 ) ;
#1663 = VECTOR ( 'NONE', #7111, 1000.000000000000114 ) ;
#1664 = DIRECTION ( 'NONE',  ( 0.000000000000000000, -1.748454679999999258E-07, 0.9999999999999846789 ) ) ;
#1665 = COLOUR_RGB ( '',1.000000000000000000, 0.6078431372549019107, 0.000000000000000000 ) ;
#1666 = FILL_AREA_STYLE_COLOUR ( '', #840 ) ;
#1667 = PRESENTATION_LAYER_ASSIGNMENT (  '', '', ( #4674 ) ) ;
#1668 = CARTESIAN_POINT ( 'NONE',  ( -10.62500000000000000, 8.000000000000000000, 0.000000000000000000 ) ) ;
#1669 = EDGE_CURVE ( 'NONE', #2872, #191, #5213, .T. ) ;
#1670 = DIRECTION ( 'NONE',  ( 0.000000000000000000, -1.748454679999999787E-07, 0.9999999999999849010 ) ) ;
#1671 = VECTOR ( 'NONE', #175, 1000.000000000000000 ) ;
#1672 = LINE ( 'NONE', #6431, #1178 ) ;
#1673 = FILL_AREA_STYLE_COLOUR ( '', #6891 ) ;
#1674 = PRESENTATION_LAYER_ASSIGNMENT (  '', '', ( #1411 ) ) ;
#1675 =( LENGTH_UNIT ( ) NAMED_UNIT ( * ) SI_UNIT ( .MILLI., .METRE. ) );
#1676 = CARTESIAN_POINT ( 'NONE',  ( -5.500007324219000182, -34.49999549624155293, -5.979851273080732277 ) ) ;
#1677 =( NAMED_UNIT ( * ) PLANE_ANGLE_UNIT ( ) SI_UNIT ( $, .RADIAN. ) );
#1678 = CARTESIAN_POINT ( 'NONE',  ( -12.70000732421899947, -32.00001406250000002, 0.000000000000000000 ) ) ;
#1679 = AXIS2_PLACEMENT_3D ( 'NONE', #3431, #7605, #7226 ) ;
#1680 = EDGE_CURVE ( 'NONE', #7312, #6917, #6829, .T. ) ;
#1681 = DIRECTION ( 'NONE',  ( 0.000000000000000000, 0.9999999999999847899, 1.748454679999999523E-07 ) ) ;
#1682 = VERTEX_POINT ( 'NONE', #908 ) ;
#1683 = CARTESIAN_POINT ( 'NONE',  ( -39.99890579710000083, 39.99890579710099558, -2.017369599999999874 ) ) ;
#1684 = FILL_AREA_STYLE ('',( #552 ) ) ;
#1685 = FACE_OUTER_BOUND ( 'NONE', #6636, .T. ) ;
#1686 = EDGE_CURVE ( 'NONE', #2507, #4953, #6105, .T. ) ;
#1687 = VERTEX_POINT ( 'NONE', #3654 ) ;
#1688 = STYLED_ITEM ( 'NONE', ( #5023 ), #4834 ) ;
#1689 = EDGE_LOOP ( 'NONE', ( #7028, #4203, #4139, #7450 ) ) ;
#1690 = CARTESIAN_POINT ( 'NONE',  ( -21.50000000000000000, 38.50000000000000000, -2.017369599999999874 ) ) ;
#1691 = LINE ( 'NONE', #6873, #129 ) ;
#1692 = COLOUR_RGB ( '',1.000000000000000000, 1.000000000000000000, 1.000000000000000000 ) ;
#1693 = FACE_OUTER_BOUND ( 'NONE', #7424, .T. ) ;
#1694 = ORIENTED_EDGE ( 'NONE', *, *, #3256, .T. ) ;
#1695 = VERTEX_POINT ( 'NONE', #7059 ) ;
#1696 = STYLED_ITEM ( 'NONE', ( #4063 ), #5579 ) ;
#1697 = DIRECTION ( 'NONE',  ( 0.000000000000000000, 0.9999999999999846789, 1.748454679999999258E-07 ) ) ;
#1698 = DIRECTION ( 'NONE',  ( -0.7071067811865476838, 0.7071067811865366926, 1.236344160825354801E-07 ) ) ;
#1699 =( LENGTH_UNIT ( ) NAMED_UNIT ( * ) SI_UNIT ( .MILLI., .METRE. ) );
#1700 = AXIS2_PLACEMENT_3D ( 'NONE', #3536, #603, #7110 ) ;
#1701 = MECHANICAL_DESIGN_GEOMETRIC_PRESENTATION_REPRESENTATION (  '', ( #1208 ), #2456 ) ;
#1702 = DIRECTION ( 'NONE',  ( 1.000000000000000000, 0.000000000000000000, 0.000000000000000000 ) ) ;
#1703 = SURFACE_STYLE_FILL_AREA ( #5957 ) ;
#1704 = CARTESIAN_POINT ( 'NONE',  ( 41.30000000000000426, -40.00000000000000000, 0.000000000000000000 ) ) ;
#1705 = DIRECTION ( 'NONE',  ( 1.000000000000000000, 0.000000000000000000, 0.000000000000000000 ) ) ;
#1706 = DIRECTION ( 'NONE',  ( 1.000000000000000000, 0.000000000000000000, 0.000000000000000000 ) ) ;
#1707 =( NAMED_UNIT ( * ) PLANE_ANGLE_UNIT ( ) SI_UNIT ( $, .RADIAN. ) );
#1708 = EDGE_CURVE ( 'NONE', #731, #4126, #4252, .T. ) ;
#1709 = CARTESIAN_POINT ( 'NONE',  ( -10.70000624421900071, -30.00001298249999593, 1.499999539999999909 ) ) ;
#1710 = DIRECTION ( 'NONE',  ( 0.000000000000000000, -1.748454679999999787E-07, 0.9999999999999849010 ) ) ;
#1711 = VECTOR ( 'NONE', #1414, 1000.000000000000227 ) ;
#1712 = AXIS2_PLACEMENT_3D ( 'NONE', #2762, #2178, #6925 ) ;
#1713 = ORIENTED_EDGE ( 'NONE', *, *, #6477, .T. ) ;
#1714 = VECTOR ( 'NONE', #873, 1000.000000000000114 ) ;
#1715 =( NAMED_UNIT ( * ) SI_UNIT ( $, .STERADIAN. ) SOLID_ANGLE_UNIT ( ) );
#1716 = EDGE_CURVE ( 'NONE', #2717, #5735, #10, .T. ) ;
#1717 = SURFACE_STYLE_FILL_AREA ( #2905 ) ;
#1718 = VERTEX_POINT ( 'NONE', #5892 ) ;
#1719 = UNCERTAINTY_MEASURE_WITH_UNIT (LENGTH_MEASURE( 1.000000000000000082E-05 ), #430, 'distance_accuracy_value', 'NONE');
#1720 = ORIENTED_EDGE ( 'NONE', *, *, #3985, .T. ) ;
#1721 =( NAMED_UNIT ( * ) SI_UNIT ( $, .STERADIAN. ) SOLID_ANGLE_UNIT ( ) );
#1722 = ORIENTED_EDGE ( 'NONE', *, *, #392, .T. ) ;
#1723 =( LENGTH_UNIT ( ) NAMED_UNIT ( * ) SI_UNIT ( .MILLI., .METRE. ) );
#1724 = EDGE_CURVE ( 'NONE', #191, #2831, #4682, .T. ) ;
#1725 = SURFACE_STYLE_USAGE ( .BOTH. , #3029 ) ;
#1726 = COLOUR_RGB ( '',0.000000000000000000, 0.5019607843137254832, 0.000000000000000000 ) ;
#1727 = LINE ( 'NONE', #6418, #821 ) ;
#1728 = SURFACE_STYLE_FILL_AREA ( #521 ) ;
#1729 = EDGE_LOOP ( 'NONE', ( #1508, #1258 ) ) ;
#1730 = UNCERTAINTY_MEASURE_WITH_UNIT (LENGTH_MEASURE( 1.000000000000000082E-05 ), #5617, 'distance_accuracy_value', 'NONE');
#1731 = AXIS2_PLACEMENT_3D ( 'NONE', #5098, #7454, #5140 ) ;
#1732 = ORIENTED_EDGE ( 'NONE', *, *, #4398, .F. ) ;
#1733 =( NAMED_UNIT ( * ) SI_UNIT ( $, .STERADIAN. ) SOLID_ANGLE_UNIT ( ) );
#1734 = CARTESIAN_POINT ( 'NONE',  ( 40.00000000000000000, -40.00000000000000000, -2.017369599999999874 ) ) ;
#1735 =( GEOMETRIC_REPRESENTATION_CONTEXT ( 3 ) GLOBAL_UNCERTAINTY_ASSIGNED_CONTEXT ( ( #7180 ) ) GLOBAL_UNIT_ASSIGNED_CONTEXT ( ( #1320, #3728, #823 ) ) REPRESENTATION_CONTEXT ( 'NONE', 'WORKASPACE' ) );
#1736 =( LENGTH_UNIT ( ) NAMED_UNIT ( * ) SI_UNIT ( .MILLI., .METRE. ) );
#1737 = CARTESIAN_POINT ( 'NONE',  ( 12.69998224875000048, -6.599988428434190091, -4.517365194890917479 ) ) ;
#1738 = DIRECTION ( 'NONE',  ( -0.9999999999999962252, -8.742277723992851424E-08, -1.549848670304741832E-14 ) ) ;
#1739 =( NAMED_UNIT ( * ) PLANE_ANGLE_UNIT ( ) SI_UNIT ( $, .RADIAN. ) );
#1740 = LINE ( 'NONE', #4672, #4984 ) ;
#1741 = LINE ( 'NONE', #3165, #6134 ) ;
#1742 = STYLED_ITEM ( 'NONE', ( #2458 ), #2569 ) ;
#1743 = PRODUCT_CONTEXT ( 'NONE', #7073, 'mechanical' ) ;
#1744 = EDGE_CURVE ( 'NONE', #1385, #7325, #3622, .T. ) ;
#1745 = ORIENTED_EDGE ( 'NONE', *, *, #3602, .T. ) ;
#1746 = CARTESIAN_POINT ( 'NONE',  ( -5.224510571250000623, -30.25533217045370904, -7.479848683871609616 ) ) ;
#1747 = DIRECTION ( 'NONE',  ( 1.000000000000000000, 0.000000000000000000, 0.000000000000000000 ) ) ;
#1748 = DIRECTION ( 'NONE',  ( 0.000000000000000000, 1.748454679999999523E-07, -0.9999999999999846789 ) ) ;
#1749 = AXIS2_PLACEMENT_3D ( 'NONE', #1453, #6181, #169 ) ;
#1750 = PLANE ( 'NONE',  #6448 ) ;
#1751 = EDGE_CURVE ( 'NONE', #4953, #2507, #1122, .T. ) ;
#1752 = EDGE_LOOP ( 'NONE', ( #1327, #2257, #5492, #3300 ) ) ;
#1753 = CARTESIAN_POINT ( 'NONE',  ( 12.69999267578099911, -32.00001406250000002, 0.000000000000000000 ) ) ;
#1754 = ORIENTED_EDGE ( 'NONE', *, *, #4807, .F. ) ;
#1755 = EDGE_CURVE ( 'NONE', #7560, #2509, #4496, .T. ) ;
#1756 = PRESENTATION_STYLE_ASSIGNMENT (( #5401 ) ) ;
#1757 = AXIS2_PLACEMENT_3D ( 'NONE', #895, #6851, #2694 ) ;
#1758 = DIRECTION ( 'NONE',  ( 1.000000000000000000, 0.000000000000000000, 0.000000000000000000 ) ) ;
#1759 =( NAMED_UNIT ( * ) SI_UNIT ( $, .STERADIAN. ) SOLID_ANGLE_UNIT ( ) );
#1760 = DIRECTION ( 'NONE',  ( -1.000000000000000000, 0.000000000000000000, 0.000000000000000000 ) ) ;
#1761 = STYLED_ITEM ( 'NONE', ( #6586 ), #2584 ) ;
#1762 = ORIENTED_EDGE ( 'NONE', *, *, #2250, .F. ) ;
#1763 =( GEOMETRIC_REPRESENTATION_CONTEXT ( 3 ) GLOBAL_UNCERTAINTY_ASSIGNED_CONTEXT ( ( #6701 ) ) GLOBAL_UNIT_ASSIGNED_CONTEXT ( ( #286, #2040, #6802 ) ) REPRESENTATION_CONTEXT ( 'NONE', 'WORKASPACE' ) );
#1764 = EDGE_CURVE ( 'NONE', #2764, #2106, #5278, .T. ) ;
#1765 = ORIENTED_EDGE ( 'NONE', *, *, #3438, .F. ) ;
#1766 = ADVANCED_FACE ( 'NONE', ( #48 ), #2428, .F. ) ;
#1767 = MECHANICAL_DESIGN_GEOMETRIC_PRESENTATION_REPRESENTATION (  '', ( #775 ), #6385 ) ;
#1768 = PLANE ( 'NONE',  #4094 ) ;
#1769 = PRESENTATION_LAYER_ASSIGNMENT (  '', '', ( #5888 ) ) ;
#1770 = PRESENTATION_LAYER_ASSIGNMENT (  '', '', ( #3163 ) ) ;
#1771 =( NAMED_UNIT ( * ) PLANE_ANGLE_UNIT ( ) SI_UNIT ( $, .RADIAN. ) );
#1772 = CARTESIAN_POINT ( 'NONE',  ( -9.026568044219001052, -34.99355805003908415, -9.301255507168956882 ) ) ;
#1773 =( NAMED_UNIT ( * ) SI_UNIT ( $, .STERADIAN. ) SOLID_ANGLE_UNIT ( ) );
#1774 = LINE ( 'NONE', #4188, #1321 ) ;
#1775 = VECTOR ( 'NONE', #2864, 1000.000000000000000 ) ;
#1776 = STYLED_ITEM ( 'NONE', ( #1872 ), #3124 ) ;
#1777 = EDGE_CURVE ( 'NONE', #5542, #1107, #5975, .T. ) ;
#1778 = AXIS2_PLACEMENT_3D ( 'NONE', #6848, #972, #1590 ) ;
#1779 = LINE ( 'NONE', #4851, #3549 ) ;
#1780 = SURFACE_STYLE_FILL_AREA ( #4810 ) ;
#1781 = CARTESIAN_POINT ( 'NONE',  ( -5.000007324219000182, -6.599995496241980675, -5.979846394892175176 ) ) ;
#1782 = STYLED_ITEM ( 'NONE', ( #6124 ), #4064 ) ;
#1783 = COLOUR_RGB ( '',0.000000000000000000, 0.5019607843137254832, 0.000000000000000000 ) ;
#1784 = PRESENTATION_STYLE_ASSIGNMENT (( #542 ) ) ;
#1785 =( LENGTH_UNIT ( ) NAMED_UNIT ( * ) SI_UNIT ( .MILLI., .METRE. ) );
#1786 = DIRECTION ( 'NONE',  ( 0.000000000000000000, -1.748454679999999787E-07, 0.9999999999999849010 ) ) ;
#1787 = PRESENTATION_STYLE_ASSIGNMENT (( #7229 ) ) ;
#1788 = STYLED_ITEM ( 'NONE', ( #6188 ), #4307 ) ;
#1789 = ORIENTED_EDGE ( 'NONE', *, *, #677, .F. ) ;
#1790 = CIRCLE ( 'NONE', #2801, 1.300000000000000044 ) ;
#1791 = DIRECTION ( 'NONE',  ( 0.000000000000000000, -1.748454679999999787E-07, 0.9999999999999849010 ) ) ;
#1792 = COLOUR_RGB ( '',0.000000000000000000, 0.5019607843137254832, 0.000000000000000000 ) ;
#1793 =( LENGTH_UNIT ( ) NAMED_UNIT ( * ) SI_UNIT ( .MILLI., .METRE. ) );
#1794 = PRESENTATION_STYLE_ASSIGNMENT (( #3135 ) ) ;
#1795 = UNCERTAINTY_MEASURE_WITH_UNIT (LENGTH_MEASURE( 1.000000000000000082E-05 ), #2578, 'distance_accuracy_value', 'NONE');
#1796 = ORIENTED_EDGE ( 'NONE', *, *, #2890, .F. ) ;
#1797 = DIRECTION ( 'NONE',  ( -1.000000000000000000, 0.000000000000000000, 0.000000000000000000 ) ) ;
#1798 = ORIENTED_EDGE ( 'NONE', *, *, #5167, .T. ) ;
#1799 = CARTESIAN_POINT ( 'NONE',  ( 0.04463544874997000395, -30.07549316241298598, -3.979848032427520277 ) ) ;
#1800 = FILL_AREA_STYLE ('',( #2365 ) ) ;
#1801 = CARTESIAN_POINT ( 'NONE',  ( -9.525000000000000355, 8.000000000000000000, -2.017369599999999874 ) ) ;
#1802 = EDGE_CURVE ( 'NONE', #5712, #7163, #7159, .T. ) ;
#1803 = FILL_AREA_STYLE ('',( #630 ) ) ;
#1804 =( GEOMETRIC_REPRESENTATION_CONTEXT ( 3 ) GLOBAL_UNCERTAINTY_ASSIGNED_CONTEXT ( ( #7165 ) ) GLOBAL_UNIT_ASSIGNED_CONTEXT ( ( #2208, #1615, #451 ) ) REPRESENTATION_CONTEXT ( 'NONE', 'WORKASPACE' ) );
#1805 = LINE ( 'NONE', #3976, #4223 ) ;
#1806 = VERTEX_POINT ( 'NONE', #1180 ) ;
#1807 = UNCERTAINTY_MEASURE_WITH_UNIT (LENGTH_MEASURE( 1.000000000000000082E-05 ), #6300, 'distance_accuracy_value', 'NONE');
#1808 = ORIENTED_EDGE ( 'NONE', *, *, #1000, .T. ) ;
#1809 = VECTOR ( 'NONE', #6205, 1000.000000000000000 ) ;
#1810 = CARTESIAN_POINT ( 'NONE',  ( -0.02656804421900000115, -2.993528124119761991, -5.917363586801698716 ) ) ;
#1811 = EDGE_CURVE ( 'NONE', #1159, #547, #656, .T. ) ;
#1812 = CARTESIAN_POINT ( 'NONE',  ( -7.324219000000000424E-06, -30.29999549624161403, -5.979850538729765574 ) ) ;
#1813 = CARTESIAN_POINT ( 'NONE',  ( -8.501166488206001404, -27.50115491593686912, -4.517368849365152705 ) ) ;
#1814 = CARTESIAN_POINT ( 'NONE',  ( 9.756931955780995480, -34.99355798154333996, -9.301255507168944447 ) ) ;
#1815 = FACE_OUTER_BOUND ( 'NONE', #7085, .T. ) ;
#1816 =( LENGTH_UNIT ( ) NAMED_UNIT ( * ) SI_UNIT ( .MILLI., .METRE. ) );
#1817 = AXIS2_PLACEMENT_3D ( 'NONE', #6346, #2219, #4531 ) ;
#1818 = CARTESIAN_POINT ( 'NONE',  ( -10.00000732421900018, -27.49999575194987145, -4.517368849162478384 ) ) ;
#1819 = PRESENTATION_STYLE_ASSIGNMENT (( #6506 ) ) ;
#1820 = PRESENTATION_STYLE_ASSIGNMENT (( #5382 ) ) ;
#1821 = EDGE_CURVE ( 'NONE', #7101, #4211, #2240, .T. ) ;
#1822 = PLANE ( 'NONE',  #4676 ) ;
#1823 = SURFACE_STYLE_FILL_AREA ( #7082 ) ;
#1824 = CARTESIAN_POINT ( 'NONE',  ( 0.2244750687499999786, -30.34464111045367929, -7.479848699486872476 ) ) ;
#1825 = VECTOR ( 'NONE', #5956, 1000.000000000000227 ) ;
#1826 = VERTEX_POINT ( 'NONE', #5431 ) ;
#1827 = DIRECTION ( 'NONE',  ( 1.000000000000000000, 0.000000000000000000, 0.000000000000000000 ) ) ;
#1828 = AXIS2_PLACEMENT_3D ( 'NONE', #6260, #3275, #4573 ) ;
#1829 = CARTESIAN_POINT ( 'NONE',  ( -5.500007324219000182, -34.49999549624155293, -5.979851273080732277 ) ) ;
#1830 = PRESENTATION_LAYER_ASSIGNMENT (  '', '', ( #6811 ) ) ;
#1831 = CARTESIAN_POINT ( 'NONE',  ( -18.89999999999999858, 32.39999999999999858, -2.017369599999999874 ) ) ;
#1832 = DIRECTION ( 'NONE',  ( 0.000000000000000000, -0.9999999999999847899, -1.748454679999999523E-07 ) ) ;
#1833 = ORIENTED_EDGE ( 'NONE', *, *, #5387, .T. ) ;
#1834 = SURFACE_STYLE_FILL_AREA ( #5979 ) ;
#1835 = ORIENTED_EDGE ( 'NONE', *, *, #7296, .T. ) ;
#1836 = CIRCLE ( 'NONE', #2220, 1.400000000000000355 ) ;
#1837 = PRESENTATION_LAYER_ASSIGNMENT (  '', '', ( #2833 ) ) ;
#1838 = DIRECTION ( 'NONE',  ( 0.000000000000000000, -1.748454679999999258E-07, 0.9999999999999846789 ) ) ;
#1839 = ORIENTED_EDGE ( 'NONE', *, *, #5246, .F. ) ;
#1840 = DIRECTION ( 'NONE',  ( -0.0002450122208222584464, -0.9999999699844900336, -1.748454628237358189E-07 ) ) ;
#1841 = DIRECTION ( 'NONE',  ( 1.000000000000000000, 0.000000000000000000, 0.000000000000000000 ) ) ;
#1842 = LINE ( 'NONE', #4247, #161 ) ;
#1843 = LINE ( 'NONE', #1435, #1809 ) ;
#1844 = ORIENTED_EDGE ( 'NONE', *, *, #3742, .F. ) ;
#1845 = ORIENTED_EDGE ( 'NONE', *, *, #6247, .F. ) ;
#1846 = EDGE_CURVE ( 'NONE', #2159, #7163, #7026, .T. ) ;
#1847 = COLOUR_RGB ( '',0.000000000000000000, 0.5019607843137254832, 0.000000000000000000 ) ;
#1848 = SURFACE_SIDE_STYLE ('',( #7182 ) ) ;
#1849 = CARTESIAN_POINT ( 'NONE',  ( 40.00000000000000000, 0.000000000000000000, 0.000000000000000000 ) ) ;
#1850 = SURFACE_STYLE_USAGE ( .BOTH. , #3604 ) ;
#1851 = DIRECTION ( 'NONE',  ( 0.9999999999999961142, 8.742277655305796972E-08, 1.515390622692383300E-14 ) ) ;
#1852 = SURFACE_SIDE_STYLE ('',( #4848 ) ) ;
#1853 = CARTESIAN_POINT ( 'NONE',  ( 39.99890579710099558, 39.99890579710099558, 0.000000000000000000 ) ) ;
#1854 = LINE ( 'NONE', #6113, #1545 ) ;
#1855 = EDGE_CURVE ( 'NONE', #191, #6067, #7083, .T. ) ;
#1856 = DIRECTION ( 'NONE',  ( 0.000000000000000000, 0.000000000000000000, 1.000000000000000000 ) ) ;
#1857 = DIRECTION ( 'NONE',  ( 0.000000000000000000, 0.000000000000000000, -1.000000000000000000 ) ) ;
#1858 = SURFACE_STYLE_USAGE ( .BOTH. , #4367 ) ;
#1859 = EDGE_CURVE ( 'NONE', #4747, #3658, #3177, .T. ) ;
#1860 = STYLED_ITEM ( 'NONE', ( #7494 ), #1630 ) ;
#1861 = DIRECTION ( 'NONE',  ( 0.9999999335329464722, -0.0003646012926752482280, 0.000000000000000000 ) ) ;
#1862 = FILL_AREA_STYLE ('',( #3584 ) ) ;
#1863 = FILL_AREA_STYLE ('',( #4892 ) ) ;
#1864 =( GEOMETRIC_REPRESENTATION_CONTEXT ( 3 ) GLOBAL_UNCERTAINTY_ASSIGNED_CONTEXT ( ( #6710 ) ) GLOBAL_UNIT_ASSIGNED_CONTEXT ( ( #7049, #2306, #3585 ) ) REPRESENTATION_CONTEXT ( 'NONE', 'WORKASPACE' ) );
#1865 = EDGE_CURVE ( 'NONE', #2617, #7233, #1908, .T. ) ;
#1866 = ORIENTED_EDGE ( 'NONE', *, *, #6410, .F. ) ;
#1867 = SURFACE_STYLE_FILL_AREA ( #7198 ) ;
#1868 = LINE ( 'NONE', #6694, #1045 ) ;
#1869 = VECTOR ( 'NONE', #3374, 1000.000000000000000 ) ;
#1870 = DIRECTION ( 'NONE',  ( 0.000000000000000000, -1.748454679999999258E-07, 0.9999999999999846789 ) ) ;
#1871 = PRESENTATION_STYLE_ASSIGNMENT (( #3259 ) ) ;
#1872 = PRESENTATION_STYLE_ASSIGNMENT (( #657 ) ) ;
#1873 = VERTEX_POINT ( 'NONE', #4419 ) ;
#1874 = UNCERTAINTY_MEASURE_WITH_UNIT (LENGTH_MEASURE( 1.000000000000000082E-05 ), #5876, 'distance_accuracy_value', 'NONE');
#1875 = ORIENTED_EDGE ( 'NONE', *, *, #4788, .F. ) ;
#1876 = DIRECTION ( 'NONE',  ( 0.000000000000000000, 1.748454679999999523E-07, -0.9999999999999846789 ) ) ;
#1877 = ORIENTED_EDGE ( 'NONE', *, *, #3985, .F. ) ;
#1878 = SURFACE_SIDE_STYLE ('',( #4907 ) ) ;
#1879 = LINE ( 'NONE', #7291, #5036 ) ;
#1880 = CARTESIAN_POINT ( 'NONE',  ( 40.00000000000000000, -43.00000000000000000, -2.017369599999999874 ) ) ;
#1881 = VERTEX_POINT ( 'NONE', #4900 ) ;
#1882 = UNCERTAINTY_MEASURE_WITH_UNIT (LENGTH_MEASURE( 1.000000000000000082E-05 ), #7550, 'distance_accuracy_value', 'NONE');
#1883 = ORIENTED_EDGE ( 'NONE', *, *, #6116, .F. ) ;
#1884 =( LENGTH_UNIT ( ) NAMED_UNIT ( * ) SI_UNIT ( .MILLI., .METRE. ) );
#1885 = SURFACE_STYLE_USAGE ( .BOTH. , #1848 ) ;
#1886 = SURFACE_SIDE_STYLE ('',( #64 ) ) ;
#1887 =( NAMED_UNIT ( * ) SI_UNIT ( $, .STERADIAN. ) SOLID_ANGLE_UNIT ( ) );
#1888 = CARTESIAN_POINT ( 'NONE',  ( -40.00000000000000000, 40.00000000000000000, -2.017369599999999874 ) ) ;
#1889 = DIRECTION ( 'NONE',  ( 0.000000000000000000, 1.748454679999999787E-07, -0.9999999999999849010 ) ) ;
#1890 = AXIS2_PLACEMENT_3D ( 'NONE', #5999, #5921, #574 ) ;
#1891 = CARTESIAN_POINT ( 'NONE',  ( -0.2245105712499999850, -30.34464111045367929, -7.479848699486872476 ) ) ;
#1892 = AXIS2_PLACEMENT_3D ( 'NONE', #1829, #6695, #1319 ) ;
#1893 =( NAMED_UNIT ( * ) PLANE_ANGLE_UNIT ( ) SI_UNIT ( $, .RADIAN. ) );
#1894 = PRESENTATION_LAYER_ASSIGNMENT (  '', '', ( #1742 ) ) ;
#1895 = CARTESIAN_POINT ( 'NONE',  ( -40.00000000000000000, 43.00000000000000000, -2.017369599999999874 ) ) ;
#1896 =( NAMED_UNIT ( * ) PLANE_ANGLE_UNIT ( ) SI_UNIT ( $, .RADIAN. ) );
#1897 = CARTESIAN_POINT ( 'NONE',  ( -10.50000732421900018, -34.99999549624153872, -5.979851360503466218 ) ) ;
#1898 = DIRECTION ( 'NONE',  ( -0.9999999999999962252, -8.742277447234170476E-08, -1.549848670304743409E-14 ) ) ;
#1899 = AXIS2_PLACEMENT_3D ( 'NONE', #1772, #5916, #5376 ) ;
#1900 = ADVANCED_FACE ( 'NONE', ( #7202 ), #3134, .F. ) ;
#1901 = CIRCLE ( 'NONE', #6748, 0.6250000000000000000 ) ;
#1902 = ORIENTED_EDGE ( 'NONE', *, *, #4111, .F. ) ;
#1903 =( GEOMETRIC_REPRESENTATION_CONTEXT ( 3 ) GLOBAL_UNCERTAINTY_ASSIGNED_CONTEXT ( ( #6412 ) ) GLOBAL_UNIT_ASSIGNED_CONTEXT ( ( #3066, #1254, #3660 ) ) REPRESENTATION_CONTEXT ( 'NONE', 'WORKASPACE' ) );
#1904 = DIRECTION ( 'NONE',  ( 0.9999999335329464722, -0.0003646012926752482280, 0.000000000000000000 ) ) ;
#1905 = CIRCLE ( 'NONE', #418, 1.498841284246002159 ) ;
#1906 =( GEOMETRIC_REPRESENTATION_CONTEXT ( 3 ) GLOBAL_UNCERTAINTY_ASSIGNED_CONTEXT ( ( #941 ) ) GLOBAL_UNIT_ASSIGNED_CONTEXT ( ( #4809, #2972, #3537 ) ) REPRESENTATION_CONTEXT ( 'NONE', 'WORKASPACE' ) );
#1907 = PLANE ( 'NONE',  #910 ) ;
#1908 = LINE ( 'NONE', #187, #3123 ) ;
#1909 = EDGE_CURVE ( 'NONE', #3566, #3419, #3763, .T. ) ;
#1910 = LINE ( 'NONE', #5530, #6270 ) ;
#1911 = PRESENTATION_LAYER_ASSIGNMENT (  '', '', ( #3796 ) ) ;
#1912 = SURFACE_STYLE_FILL_AREA ( #6975 ) ;
#1913 = VERTEX_POINT ( 'NONE', #3694 ) ;
#1914 =( LENGTH_UNIT ( ) NAMED_UNIT ( * ) SI_UNIT ( .MILLI., .METRE. ) );
#1915 = EDGE_LOOP ( 'NONE', ( #4466, #5941, #2475, #2116 ) ) ;
#1916 =( GEOMETRIC_REPRESENTATION_CONTEXT ( 3 ) GLOBAL_UNCERTAINTY_ASSIGNED_CONTEXT ( ( #5854 ) ) GLOBAL_UNIT_ASSIGNED_CONTEXT ( ( #6800, #131, #4441 ) ) REPRESENTATION_CONTEXT ( 'NONE', 'WORKASPACE' ) );
#1917 = LINE ( 'NONE', #7247, #2720 ) ;
#1918 = AXIS2_PLACEMENT_3D ( 'NONE', #3210, #3131, #5565 ) ;
#1919 = ADVANCED_FACE ( 'NONE', ( #6126 ), #2609, .T. ) ;
#1920 = EDGE_LOOP ( 'NONE', ( #6677, #4606, #751, #226 ) ) ;
#1921 = VECTOR ( 'NONE', #2628, 1000.000000000000000 ) ;
#1922 = ORIENTED_EDGE ( 'NONE', *, *, #5801, .T. ) ;
#1923 = SURFACE_STYLE_USAGE ( .BOTH. , #4954 ) ;
#1924 = DIRECTION ( 'NONE',  ( 0.000000000000000000, -0.9999999999999847899, -1.748454679999999523E-07 ) ) ;
#1925 = COLOUR_RGB ( '',1.000000000000000000, 1.000000000000000000, 1.000000000000000000 ) ;
#1926 = LINE ( 'NONE', #1337, #5535 ) ;
#1927 = PRESENTATION_STYLE_ASSIGNMENT (( #1369 ) ) ;
#1928 = CIRCLE ( 'NONE', #6914, 1.100000000000000311 ) ;
#1929 = FILL_AREA_STYLE ('',( #4404 ) ) ;
#1930 = FILL_AREA_STYLE ('',( #176 ) ) ;
#1931 = SURFACE_SIDE_STYLE ('',( #1344 ) ) ;
#1932 =( NAMED_UNIT ( * ) SI_UNIT ( $, .STERADIAN. ) SOLID_ANGLE_UNIT ( ) );
#1933 = DIRECTION ( 'NONE',  ( 1.000000000000000000, 0.000000000000000000, 0.000000000000000000 ) ) ;
#1934 = CARTESIAN_POINT ( 'NONE',  ( 8.973431955781000724, -34.99355932359359400, -2.017369181862070260 ) ) ;
#1935 = CARTESIAN_POINT ( 'NONE',  ( 8.973431955781000724, -34.99355932359359400, -2.017369181862070260 ) ) ;
#1936 =( NAMED_UNIT ( * ) SI_UNIT ( $, .STERADIAN. ) SOLID_ANGLE_UNIT ( ) );
#1937 = VERTEX_POINT ( 'NONE', #6204 ) ;
#1938 =( GEOMETRIC_REPRESENTATION_CONTEXT ( 3 ) GLOBAL_UNCERTAINTY_ASSIGNED_CONTEXT ( ( #6946 ) ) GLOBAL_UNIT_ASSIGNED_CONTEXT ( ( #1465, #2527, #5483 ) ) REPRESENTATION_CONTEXT ( 'NONE', 'WORKASPACE' ) );
#1939 =( LENGTH_UNIT ( ) NAMED_UNIT ( * ) SI_UNIT ( .MILLI., .METRE. ) );
#1940 = EDGE_CURVE ( 'NONE', #547, #4014, #863, .T. ) ;
#1941 = DIRECTION ( 'NONE',  ( 0.000000000000000000, 1.000000000000000000, 0.000000000000000000 ) ) ;
#1942 =( LENGTH_UNIT ( ) NAMED_UNIT ( * ) SI_UNIT ( .MILLI., .METRE. ) );
#1943 = CARTESIAN_POINT ( 'NONE',  ( 40.00000000000000000, 0.000000000000000000, -2.017369599999999874 ) ) ;
#1944 = LINE ( 'NONE', #4974, #917 ) ;
#1945 = COLOUR_RGB ( '',0.000000000000000000, 0.5019607843137254832, 0.000000000000000000 ) ;
#1946 = ORIENTED_EDGE ( 'NONE', *, *, #3266, .F. ) ;
#1947 = UNCERTAINTY_MEASURE_WITH_UNIT (LENGTH_MEASURE( 1.000000000000000082E-05 ), #6469, 'distance_accuracy_value', 'NONE');
#1948 = VERTEX_POINT ( 'NONE', #3424 ) ;
#1949 = SURFACE_SIDE_STYLE ('',( #7167 ) ) ;
#1950 = LINE ( 'NONE', #740, #4803 ) ;
#1951 = ORIENTED_EDGE ( 'NONE', *, *, #3702, .F. ) ;
#1952 = EDGE_CURVE ( 'NONE', #4656, #5684, #6897, .T. ) ;
#1953 = MECHANICAL_DESIGN_GEOMETRIC_PRESENTATION_REPRESENTATION (  '', ( #2461 ), #2072 ) ;
#1954 = CARTESIAN_POINT ( 'NONE',  ( -5.224510571250000623, -30.25533217045370904, -7.479848683871609616 ) ) ;
#1955 = VECTOR ( 'NONE', #5678, 1000.000000000000000 ) ;
#1956 = DIRECTION ( 'NONE',  ( 1.000000000000000000, 0.000000000000000000, 0.000000000000000000 ) ) ;
#1957 = CARTESIAN_POINT ( 'NONE',  ( -8.501166488206001404, -27.50115466022866073, -5.979850049365130538 ) ) ;
#1958 = AXIS2_PLACEMENT_3D ( 'NONE', #367, #280, #5588 ) ;
#1959 =( GEOMETRIC_REPRESENTATION_CONTEXT ( 3 ) GLOBAL_UNCERTAINTY_ASSIGNED_CONTEXT ( ( #4251 ) ) GLOBAL_UNIT_ASSIGNED_CONTEXT ( ( #2809, #4448, #3415 ) ) REPRESENTATION_CONTEXT ( 'NONE', 'WORKASPACE' ) );
#1960 = ORIENTED_EDGE ( 'NONE', *, *, #5968, .T. ) ;
#1961 = UNCERTAINTY_MEASURE_WITH_UNIT (LENGTH_MEASURE( 1.000000000000000082E-05 ), #267, 'distance_accuracy_value', 'NONE');
#1962 = ORIENTED_EDGE ( 'NONE', *, *, #6643, .F. ) ;
#1963 = EDGE_CURVE ( 'NONE', #6122, #5743, #7466, .T. ) ;
#1964 = COLOUR_RGB ( '',0.000000000000000000, 0.5019607843137254832, 0.000000000000000000 ) ;
#1965 = VECTOR ( 'NONE', #3384, 1000.000000000000227 ) ;
#1966 = SURFACE_STYLE_FILL_AREA ( #1929 ) ;
#1967 =( NAMED_UNIT ( * ) SI_UNIT ( $, .STERADIAN. ) SOLID_ANGLE_UNIT ( ) );
#1968 = DIRECTION ( 'NONE',  ( 1.000000000000000000, 0.000000000000000000, 0.000000000000000000 ) ) ;
#1969 =( LENGTH_UNIT ( ) NAMED_UNIT ( * ) SI_UNIT ( .MILLI., .METRE. ) );
#1970 = DIRECTION ( 'NONE',  ( 0.000000000000000000, 1.748454679999999787E-07, -0.9999999999999849010 ) ) ;
#1971 = DIRECTION ( 'NONE',  ( 0.000000000000000000, -0.9999999999999847899, -1.748454679999999523E-07 ) ) ;
#1972 = DIRECTION ( 'NONE',  ( 1.000000000000000000, 0.000000000000000000, 0.000000000000000000 ) ) ;
#1973 = ORIENTED_EDGE ( 'NONE', *, *, #1996, .F. ) ;
#1974 = DIRECTION ( 'NONE',  ( 0.000000000000000000, -1.000000000000000000, 0.000000000000000000 ) ) ;
#1975 = FILL_AREA_STYLE_COLOUR ( '', #4547 ) ;
#1976 = FILL_AREA_STYLE_COLOUR ( '', #1517 ) ;
#1977 = SURFACE_SIDE_STYLE ('',( #4940 ) ) ;
#1978 = VECTOR ( 'NONE', #4745, 1000.000000000000227 ) ;
#1979 = EDGE_LOOP ( 'NONE', ( #832, #4056, #950, #192 ) ) ;
#1980 = ADVANCED_FACE ( 'NONE', ( #3341 ), #4544, .T. ) ;
#1981 = ORIENTED_EDGE ( 'NONE', *, *, #761, .T. ) ;
#1982 = CARTESIAN_POINT ( 'NONE',  ( -7.324219000000000424E-06, -2.999995496242035209, -5.979845765448489558 ) ) ;
#1983 = CARTESIAN_POINT ( 'NONE',  ( 10.00000000000000000, -27.50000000000000000, -2.017369599999999874 ) ) ;
#1984 = ORIENTED_EDGE ( 'NONE', *, *, #6497, .T. ) ;
#1985 = AXIS2_PLACEMENT_3D ( 'NONE', #7014, #6437, #4116 ) ;
#1986 = FILL_AREA_STYLE ('',( #6022 ) ) ;
#1987 = FACE_OUTER_BOUND ( 'NONE', #4872, .T. ) ;
#1988 =( NAMED_UNIT ( * ) SI_UNIT ( $, .STERADIAN. ) SOLID_ANGLE_UNIT ( ) );
#1989 = ADVANCED_FACE ( 'NONE', ( #6820 ), #2735, .F. ) ;
#1990 = ORIENTED_EDGE ( 'NONE', *, *, #2243, .T. ) ;
#1991 = ORIENTED_EDGE ( 'NONE', *, *, #5117, .F. ) ;
#1992 = PRESENTATION_STYLE_ASSIGNMENT (( #1923 ) ) ;
#1993 = FILL_AREA_STYLE ('',( #4214 ) ) ;
#1994 = CARTESIAN_POINT ( 'NONE',  ( -12.70001775124999810, -6.599985888434190429, -4.517365194890472502 ) ) ;
#1995 = EDGE_CURVE ( 'NONE', #76, #2537, #6357, .T. ) ;
#1996 = EDGE_CURVE ( 'NONE', #4748, #6976, #5369, .T. ) ;
#1997 = VERTEX_POINT ( 'NONE', #4502 ) ;
#1998 = CARTESIAN_POINT ( 'NONE',  ( -0.8100680442189969188, -2.993528874512832783, -2.017363586801770747 ) ) ;
#1999 = FACE_BOUND ( 'NONE', #2351, .T. ) ;
#2000 =( LENGTH_UNIT ( ) NAMED_UNIT ( * ) SI_UNIT ( .MILLI., .METRE. ) );
#2001 = COLOUR_RGB ( '',1.000000000000000000, 1.000000000000000000, 1.000000000000000000 ) ;
#2002 = CARTESIAN_POINT ( 'NONE',  ( -21.50115916397999882, 39.99884083601299523, 0.000000000000000000 ) ) ;
#2003 = LINE ( 'NONE', #6154, #6608 ) ;
#2004 = CARTESIAN_POINT ( 'NONE',  ( -4.775524931250000549, -30.25533217045370904, -7.479848683871609616 ) ) ;
#2005 = EDGE_CURVE ( 'NONE', #563, #6122, #5129, .T. ) ;
#2006 = STYLED_ITEM ( 'NONE', ( #7430 ), #2775 ) ;
#2007 = CARTESIAN_POINT ( 'NONE',  ( 18.30000000000000071, -43.00000000000000000, -2.017369599999999874 ) ) ;
#2008 = VECTOR ( 'NONE', #3993, 1000.000000000000114 ) ;
#2009 =( NAMED_UNIT ( * ) PLANE_ANGLE_UNIT ( ) SI_UNIT ( $, .RADIAN. ) );
#2010 = ORIENTED_EDGE ( 'NONE', *, *, #4450, .F. ) ;
#2011 = CYLINDRICAL_SURFACE ( 'NONE', #1548, 2.174999999999999822 ) ;
#2012 = ORIENTED_EDGE ( 'NONE', *, *, #4225, .F. ) ;
#2013 = FILL_AREA_STYLE ('',( #1976 ) ) ;
#2014 = DIRECTION ( 'NONE',  ( 0.000000000000000000, -1.000000000000000000, 0.000000000000000000 ) ) ;
#2015 = LINE ( 'NONE', #6776, #6670 ) ;
#2016 = PRESENTATION_LAYER_ASSIGNMENT (  '', '', ( #6021 ) ) ;
#2017 = PRESENTATION_LAYER_ASSIGNMENT (  '', '', ( #5403 ) ) ;
#2018 = VERTEX_POINT ( 'NONE', #5384 ) ;
#2019 = CARTESIAN_POINT ( 'NONE',  ( 10.69998116875000171, -29.99998480843382964, -4.517369286274235840 ) ) ;
#2020 = VERTEX_POINT ( 'NONE', #4771 ) ;
#2021 = PRESENTATION_LAYER_ASSIGNMENT (  '', '', ( #6272 ) ) ;
#2022 = CARTESIAN_POINT ( 'NONE',  ( -0.2245105712499999850, -30.34464172241292346, -3.979848079486925982 ) ) ;
#2023 = DIRECTION ( 'NONE',  ( 0.000000000000000000, 0.000000000000000000, 1.000000000000000000 ) ) ;
#2024 =( LENGTH_UNIT ( ) NAMED_UNIT ( * ) SI_UNIT ( .MILLI., .METRE. ) );
#2025 = MECHANICAL_DESIGN_GEOMETRIC_PRESENTATION_REPRESENTATION (  '', ( #4179 ), #2792 ) ;
#2026 = CARTESIAN_POINT ( 'NONE',  ( -7.324219000000000424E-06, -2.999995496242035209, -5.979845765448489558 ) ) ;
#2027 = VECTOR ( 'NONE', #7410, 1000.000000000000227 ) ;
#2028 = STYLED_ITEM ( 'NONE', ( #4260 ), #7268 ) ;
#2029 = ORIENTED_EDGE ( 'NONE', *, *, #2260, .T. ) ;
#2030 = UNCERTAINTY_MEASURE_WITH_UNIT (LENGTH_MEASURE( 1.000000000000000082E-05 ), #887, 'distance_accuracy_value', 'NONE');
#2031 = ORIENTED_EDGE ( 'NONE', *, *, #5567, .T. ) ;
#2032 = EDGE_LOOP ( 'NONE', ( #1011, #5260, #4118, #3051 ) ) ;
#2033 = CARTESIAN_POINT ( 'NONE',  ( -4.375007324219001070, -30.29999549624161403, -5.979850538729765574 ) ) ;
#2034 = AXIS2_PLACEMENT_3D ( 'NONE', #355, #2741, #7490 ) ;
#2035 = ADVANCED_FACE ( 'NONE', ( #2262 ), #7601, .F. ) ;
#2036 = COLOUR_RGB ( '',1.000000000000000000, 0.6078431372549019107, 0.000000000000000000 ) ;
#2037 = DIRECTION ( 'NONE',  ( 1.000000000000000000, 0.000000000000000000, 0.000000000000000000 ) ) ;
#2038 = EDGE_LOOP ( 'NONE', ( #6945, #3774, #2327, #3922 ) ) ;
#2039 = SURFACE_STYLE_FILL_AREA ( #4575 ) ;
#2040 =( NAMED_UNIT ( * ) PLANE_ANGLE_UNIT ( ) SI_UNIT ( $, .RADIAN. ) );
#2041 = AXIS2_PLACEMENT_3D ( 'NONE', #2408, #5995, #5915 ) ;
#2042 =( NAMED_UNIT ( * ) PLANE_ANGLE_UNIT ( ) SI_UNIT ( $, .RADIAN. ) );
#2043 = EDGE_CURVE ( 'NONE', #6458, #6782, #7117, .T. ) ;
#2044 = FILL_AREA_STYLE_COLOUR ( '', #1847 ) ;
#2045 = DIRECTION ( 'NONE',  ( 0.000000000000000000, -0.9999999999999846789, -1.748454679999999258E-07 ) ) ;
#2046 = LINE ( 'NONE', #4447, #2753 ) ;
#2047 = LINE ( 'NONE', #6120, #1205 ) ;
#2048 = DIRECTION ( 'NONE',  ( -0.9238826834630523566, -0.3826758252060157850, -6.690913375043303492E-08 ) ) ;
#2049 = LINE ( 'NONE', #7231, #7511 ) ;
#2050 =( LENGTH_UNIT ( ) NAMED_UNIT ( * ) SI_UNIT ( .MILLI., .METRE. ) );
#2051 = ORIENTED_EDGE ( 'NONE', *, *, #1952, .F. ) ;
#2052 = SURFACE_STYLE_FILL_AREA ( #7397 ) ;
#2053 = ORIENTED_EDGE ( 'NONE', *, *, #323, .F. ) ;
#2054 = EDGE_CURVE ( 'NONE', #1144, #1937, #1093, .T. ) ;
#2055 = DIRECTION ( 'NONE',  ( 1.000000000000000000, 0.000000000000000000, 0.000000000000000000 ) ) ;
#2056 = VECTOR ( 'NONE', #6358, 1000.000000000000000 ) ;
#2057 = CARTESIAN_POINT ( 'NONE',  ( -5.224510571250000623, -30.34464111045367929, -7.479848699486872476 ) ) ;
#2058 = DIRECTION ( 'NONE',  ( 0.000000000000000000, -1.748454679999999787E-07, 0.9999999999999849010 ) ) ;
#2059 = DIRECTION ( 'NONE',  ( 0.000000000000000000, -1.748454679999999258E-07, 0.9999999999999846789 ) ) ;
#2060 = LINE ( 'NONE', #1353, #7153 ) ;
#2061 = AXIS2_PLACEMENT_3D ( 'NONE', #214, #1970, #5637 ) ;
#2062 = EDGE_LOOP ( 'NONE', ( #997, #7169, #3634, #2400 ) ) ;
#2063 =( NAMED_UNIT ( * ) PLANE_ANGLE_UNIT ( ) SI_UNIT ( $, .RADIAN. ) );
#2064 = DIRECTION ( 'NONE',  ( -0.0007733734047254627215, 0.9999997009467437303, 0.000000000000000000 ) ) ;
#2065 = ORIENTED_EDGE ( 'NONE', *, *, #6151, .F. ) ;
#2066 = PLANE ( 'NONE',  #1662 ) ;
#2067 =( NAMED_UNIT ( * ) PLANE_ANGLE_UNIT ( ) SI_UNIT ( $, .RADIAN. ) );
#2068 = LINE ( 'NONE', #3965, #7381 ) ;
#2069 = MECHANICAL_DESIGN_GEOMETRIC_PRESENTATION_REPRESENTATION (  '', ( #4839 ), #2334 ) ;
#2070 = ORIENTED_EDGE ( 'NONE', *, *, #2719, .T. ) ;
#2071 = ORIENTED_EDGE ( 'NONE', *, *, #236, .F. ) ;
#2072 =( GEOMETRIC_REPRESENTATION_CONTEXT ( 3 ) GLOBAL_UNCERTAINTY_ASSIGNED_CONTEXT ( ( #26 ) ) GLOBAL_UNIT_ASSIGNED_CONTEXT ( ( #5476, #4361, #3746 ) ) REPRESENTATION_CONTEXT ( 'NONE', 'WORKASPACE' ) );
#2073 = ORIENTED_EDGE ( 'NONE', *, *, #7581, .F. ) ;
#2074 = PRESENTATION_STYLE_ASSIGNMENT (( #4610 ) ) ;
#2075 = CARTESIAN_POINT ( 'NONE',  ( 8.499992675780999818, -8.999995751950152112, -4.517365614521319905 ) ) ;
#2076 = FILL_AREA_STYLE_COLOUR ( '', #4821 ) ;
#2077 = OPEN_SHELL ( 'NONE', ( #6166, #281, #6762, #3865, #3370, #4798, #3891, #4258, #5958, #3115, #2985, #701, #6958, #7388, #5347 ) ) ;
#2078 = FILL_AREA_STYLE ('',( #6756 ) ) ;
#2079 = ORIENTED_EDGE ( 'NONE', *, *, #1586, .T. ) ;
#2080 = EDGE_CURVE ( 'NONE', #4866, #2227, #4505, .T. ) ;
#2081 = LINE ( 'NONE', #4524, #6184 ) ;
#2082 = FACE_BOUND ( 'NONE', #522, .T. ) ;
#2083 = VECTOR ( 'NONE', #2023, 1000.000000000000000 ) ;
#2084 = SURFACE_STYLE_USAGE ( .BOTH. , #2174 ) ;
#2085 = CARTESIAN_POINT ( 'NONE',  ( -4.809703171250000686, -30.42715047045373566, -7.479848713913259672 ) ) ;
#2086 = PRESENTATION_STYLE_ASSIGNMENT (( #248 ) ) ;
#2087 = DIRECTION ( 'NONE',  ( 1.000000000000000000, 0.000000000000000000, 0.000000000000000000 ) ) ;
#2088 = MECHANICAL_DESIGN_GEOMETRIC_PRESENTATION_REPRESENTATION (  '', ( #5710 ), #6576 ) ;
#2089 = EDGE_CURVE ( 'NONE', #4347, #3023, #2345, .T. ) ;
#2090 = DIRECTION ( 'NONE',  ( 0.000000000000000000, -1.748454679999999258E-07, 0.9999999999999846789 ) ) ;
#2091 = LINE ( 'NONE', #3459, #3043 ) ;
#2092 = EDGE_CURVE ( 'NONE', #1495, #2393, #6359, .T. ) ;
#2093 = EDGE_LOOP ( 'NONE', ( #5747, #7651, #2691, #1193 ) ) ;
#2094 = DIRECTION ( 'NONE',  ( 0.000000000000000000, -1.748454679999999523E-07, 0.9999999999999846789 ) ) ;
#2095 = EDGE_LOOP ( 'NONE', ( #1722, #343, #3665, #4720 ) ) ;
#2096 = COLOUR_RGB ( '',0.000000000000000000, 0.5019607843137254832, 0.000000000000000000 ) ;
#2097 = FACE_OUTER_BOUND ( 'NONE', #991, .T. ) ;
#2098 = CARTESIAN_POINT ( 'NONE',  ( -3.300007324219000004, -34.49999549624155293, -5.979851273080732277 ) ) ;
#2099 = FILL_AREA_STYLE_COLOUR ( '', #1595 ) ;
#2100 = PRESENTATION_STYLE_ASSIGNMENT (( #3213 ) ) ;
#2101 = CARTESIAN_POINT ( 'NONE',  ( 9.525000000000000355, 8.000000000000000000, 0.000000000000000000 ) ) ;
#2102 = CARTESIAN_POINT ( 'NONE',  ( 9.999992675780999818, -10.49999549624191886, -5.979847076789500449 ) ) ;
#2103 = EDGE_CURVE ( 'NONE', #901, #3886, #3508, .T. ) ;
#2104 = CIRCLE ( 'NONE', #1731, 1.100000000000000311 ) ;
#2105 = UNCERTAINTY_MEASURE_WITH_UNIT (LENGTH_MEASURE( 1.000000000000000082E-05 ), #4206, 'distance_accuracy_value', 'NONE');
#2106 = VERTEX_POINT ( 'NONE', #8 ) ;
#2107 = CARTESIAN_POINT ( 'NONE',  ( -14.69999999999999929, -43.00000000000000000, 0.000000000000000000 ) ) ;
#2108 = PRESENTATION_STYLE_ASSIGNMENT (( #6937 ) ) ;
#2109 = ORIENTED_EDGE ( 'NONE', *, *, #6579, .T. ) ;
#2110 =( NAMED_UNIT ( * ) PLANE_ANGLE_UNIT ( ) SI_UNIT ( $, .RADIAN. ) );
#2111 = AXIS2_PLACEMENT_3D ( 'NONE', #113, #5528, #6669 ) ;
#2112 = CARTESIAN_POINT ( 'NONE',  ( 21.50115916398700122, 39.99884083601299523, 0.000000000000000000 ) ) ;
#2113 = DIRECTION ( 'NONE',  ( 0.000000000000000000, 1.748454679999999523E-07, -0.9999999999999846789 ) ) ;
#2114 = EDGE_LOOP ( 'NONE', ( #4797, #3183, #125, #7562 ) ) ;
#2115 = UNCERTAINTY_MEASURE_WITH_UNIT (LENGTH_MEASURE( 1.000000000000000082E-05 ), #7482, 'distance_accuracy_value', 'NONE');
#2116 = ORIENTED_EDGE ( 'NONE', *, *, #4072, .F. ) ;
#2117 = ORIENTED_EDGE ( 'NONE', *, *, #6993, .F. ) ;
#2118 = SURFACE_STYLE_FILL_AREA ( #5063 ) ;
#2119 = DIRECTION ( 'NONE',  ( 0.000000000000000000, -1.000000000000000000, 0.000000000000000000 ) ) ;
#2120 = CARTESIAN_POINT ( 'NONE',  ( 8.973431955781000724, -34.99355864169627495, -5.917369181862010663 ) ) ;
#2121 =( NAMED_UNIT ( * ) SI_UNIT ( $, .STERADIAN. ) SOLID_ANGLE_UNIT ( ) );
#2122 = FACE_OUTER_BOUND ( 'NONE', #2321, .T. ) ;
#2123 = ORIENTED_EDGE ( 'NONE', *, *, #4555, .F. ) ;
#2124 = DIRECTION ( 'NONE',  ( -1.000000000000000000, 0.000000000000000000, 0.000000000000000000 ) ) ;
#2125 = DIRECTION ( 'NONE',  ( -1.000000000000000000, 0.000000000000000000, 0.000000000000000000 ) ) ;
#2126 = PRESENTATION_STYLE_ASSIGNMENT (( #1043 ) ) ;
#2127 = CARTESIAN_POINT ( 'NONE',  ( 11.69999213578100061, -31.00001606249999497, 2.540000000000000036 ) ) ;
#2128 = CARTESIAN_POINT ( 'NONE',  ( 7.499992675780998930, -34.99999549624153872, -5.979851360503466218 ) ) ;
#2129 = DIRECTION ( 'NONE',  ( 0.000000000000000000, 1.748454679999999787E-07, -0.9999999999999849010 ) ) ;
#2130 = MECHANICAL_DESIGN_GEOMETRIC_PRESENTATION_REPRESENTATION (  '', ( #6618 ), #4149 ) ;
#2131 = CARTESIAN_POINT ( 'NONE',  ( -12.70001775124999810, -6.599985888434190429, -4.517365194890472502 ) ) ;
#2132 = SURFACE_STYLE_FILL_AREA ( #2689 ) ;
#2133 = FILL_AREA_STYLE ('',( #7476 ) ) ;
#2134 = ORIENTED_EDGE ( 'NONE', *, *, #3182, .F. ) ;
#2135 = ORIENTED_EDGE ( 'NONE', *, *, #1802, .F. ) ;
#2136 = CARTESIAN_POINT ( 'NONE',  ( 2.999992675781000262, -4.599995751950220146, -4.517364845201260692 ) ) ;
#2137 = DIRECTION ( 'NONE',  ( -0.9999999999999962252, -8.742277447234170476E-08, -1.549848670304743409E-14 ) ) ;
#2138 = ADVANCED_FACE ( 'NONE', ( #2384 ), #1207, .T. ) ;
#2139 = PRESENTATION_STYLE_ASSIGNMENT (( #4542 ) ) ;
#2140 = FILL_AREA_STYLE ('',( #7444 ) ) ;
#2141 = FILL_AREA_STYLE_COLOUR ( '', #3008 ) ;
#2142 = CIRCLE ( 'NONE', #4777, 1.300000000000002487 ) ;
#2143 = LINE ( 'NONE', #5768, #5931 ) ;
#2144 = STYLED_ITEM ( 'NONE', ( #1819 ), #6666 ) ;
#2145 = FILL_AREA_STYLE_COLOUR ( '', #7267 ) ;
#2146 = ORIENTED_EDGE ( 'NONE', *, *, #6013, .F. ) ;
#2147 = CARTESIAN_POINT ( 'NONE',  ( 41.30000000000000426, 40.00000000000000000, -2.017369599999999874 ) ) ;
#2148 = LINE ( 'NONE', #6286, #3806 ) ;
#2149 = VERTEX_POINT ( 'NONE', #2526 ) ;
#2150 = CIRCLE ( 'NONE', #911, 1.100000000000000311 ) ;
#2151 = VECTOR ( 'NONE', #2492, 1000.000000000000000 ) ;
#2152 = EDGE_CURVE ( 'NONE', #7233, #1357, #3788, .T. ) ;
#2153 =( NAMED_UNIT ( * ) SI_UNIT ( $, .STERADIAN. ) SOLID_ANGLE_UNIT ( ) );
#2154 = CARTESIAN_POINT ( 'NONE',  ( -5.000007324218999294, -34.49999549624155293, -5.979851273080732277 ) ) ;
#2155 = SURFACE_STYLE_USAGE ( .BOTH. , #231 ) ;
#2156 = AXIS2_PLACEMENT_3D ( 'NONE', #3770, #2472, #5538 ) ;
#2157 = ORIENTED_EDGE ( 'NONE', *, *, #3747, .F. ) ;
#2158 = AXIS2_PLACEMENT_3D ( 'NONE', #1088, #2934, #2451 ) ;
#2159 = VERTEX_POINT ( 'NONE', #6081 ) ;
#2160 = ORIENTED_EDGE ( 'NONE', *, *, #5109, .F. ) ;
#2161 = SURFACE_SIDE_STYLE ('',( #4648 ) ) ;
#2162 = AXIS2_PLACEMENT_3D ( 'NONE', #5727, #3290, #299 ) ;
#2163 = CARTESIAN_POINT ( 'NONE',  ( 8.977176106171999237, -27.99999553195000246, 1.649998507907000089 ) ) ;
#2164 = CIRCLE ( 'NONE', #3167, 1.300000000000002487 ) ;
#2165 = ADVANCED_FACE ( 'NONE', ( #7307 ), #2601, .T. ) ;
#2166 = MECHANICAL_DESIGN_GEOMETRIC_PRESENTATION_REPRESENTATION (  '', ( #3685 ), #3446 ) ;
#2167 = CARTESIAN_POINT ( 'NONE',  ( -39.99890579710000083, -39.99890579710000083, -2.017369599999999874 ) ) ;
#2168 = DIRECTION ( 'NONE',  ( 0.000000000000000000, 0.000000000000000000, 1.000000000000000000 ) ) ;
#2169 = ORIENTED_EDGE ( 'NONE', *, *, #23, .T. ) ;
#2170 =( GEOMETRIC_REPRESENTATION_CONTEXT ( 3 ) GLOBAL_UNCERTAINTY_ASSIGNED_CONTEXT ( ( #1183 ) ) GLOBAL_UNIT_ASSIGNED_CONTEXT ( ( #1914, #6704, #623 ) ) REPRESENTATION_CONTEXT ( 'NONE', 'WORKASPACE' ) );
#2171 = VECTOR ( 'NONE', #6892, 999.9999999999998863 ) ;
#2172 = SURFACE_SIDE_STYLE ('',( #5151 ) ) ;
#2173 =( GEOMETRIC_REPRESENTATION_CONTEXT ( 3 ) GLOBAL_UNCERTAINTY_ASSIGNED_CONTEXT ( ( #2200 ) ) GLOBAL_UNIT_ASSIGNED_CONTEXT ( ( #6363, #7152, #6581 ) ) REPRESENTATION_CONTEXT ( 'NONE', 'WORKASPACE' ) );
#2174 = SURFACE_SIDE_STYLE ('',( #6303 ) ) ;
#2175 = FILL_AREA_STYLE_COLOUR ( '', #3664 ) ;
#2176 = LINE ( 'NONE', #7470, #2253 ) ;
#2177 = SURFACE_SIDE_STYLE ('',( #7518 ) ) ;
#2178 = DIRECTION ( 'NONE',  ( 0.000000000000000000, 1.748454679999999787E-07, -0.9999999999999849010 ) ) ;
#2179 =( GEOMETRIC_REPRESENTATION_CONTEXT ( 3 ) GLOBAL_UNCERTAINTY_ASSIGNED_CONTEXT ( ( #2432 ) ) GLOBAL_UNIT_ASSIGNED_CONTEXT ( ( #1699, #98, #1887 ) ) REPRESENTATION_CONTEXT ( 'NONE', 'WORKASPACE' ) );
#2180 = CARTESIAN_POINT ( 'NONE',  ( 10.69999159578100034, -30.00001298249999593, 0.000000000000000000 ) ) ;
#2181 = SURFACE_STYLE_USAGE ( .BOTH. , #7671 ) ;
#2182 = VERTEX_POINT ( 'NONE', #6725 ) ;
#2183 = ORIENTED_EDGE ( 'NONE', *, *, #4979, .F. ) ;
#2184 = CARTESIAN_POINT ( 'NONE',  ( -12.70001775124999810, -6.599986332541678991, -1.977365194890511768 ) ) ;
#2185 = DIRECTION ( 'NONE',  ( 0.000000000000000000, 0.000000000000000000, 1.000000000000000000 ) ) ;
#2186 = FACE_OUTER_BOUND ( 'NONE', #4304, .T. ) ;
#2187 = AXIS2_PLACEMENT_3D ( 'NONE', #4654, #3860, #3274 ) ;
#2188 = LINE ( 'NONE', #2860, #3471 ) ;
#2189 = EDGE_CURVE ( 'NONE', #975, #4643, #3013, .T. ) ;
#2190 = EDGE_LOOP ( 'NONE', ( #1069, #3034, #3130, #1962 ) ) ;
#2191 = CARTESIAN_POINT ( 'NONE',  ( -12.70000732421899947, -35.79999549624153588, -5.979851500379840701 ) ) ;
#2192 = VERTEX_POINT ( 'NONE', #810 ) ;
#2193 =( NAMED_UNIT ( * ) SI_UNIT ( $, .STERADIAN. ) SOLID_ANGLE_UNIT ( ) );
#2194 =( LENGTH_UNIT ( ) NAMED_UNIT ( * ) SI_UNIT ( .MILLI., .METRE. ) );
#2195 = DIRECTION ( 'NONE',  ( 1.000000000000000000, 0.000000000000000000, 0.000000000000000000 ) ) ;
#2196 = LINE ( 'NONE', #2269, #3748 ) ;
#2197 = CYLINDRICAL_SURFACE ( 'NONE', #3037, 0.7834999999999998632 ) ;
#2198 = COLOUR_RGB ( '',0.000000000000000000, 0.5019607843137254832, 0.000000000000000000 ) ;
#2199 = ORIENTED_EDGE ( 'NONE', *, *, #666, .T. ) ;
#2200 = UNCERTAINTY_MEASURE_WITH_UNIT (LENGTH_MEASURE( 1.000000000000000082E-05 ), #6363, 'distance_accuracy_value', 'NONE');
#2201 = EDGE_CURVE ( 'NONE', #4517, #3888, #4334, .T. ) ;
#2202 = EDGE_LOOP ( 'NONE', ( #1209, #6870, #1157, #1299 ) ) ;
#2203 = ORIENTED_EDGE ( 'NONE', *, *, #2103, .F. ) ;
#2204 = EDGE_CURVE ( 'NONE', #6712, #3398, #5519, .T. ) ;
#2205 = VECTOR ( 'NONE', #6187, 1000.000000000000227 ) ;
#2206 = AXIS2_PLACEMENT_3D ( 'NONE', #3955, #5128, #2816 ) ;
#2207 = LINE ( 'NONE', #6985, #6001 ) ;
#2208 =( LENGTH_UNIT ( ) NAMED_UNIT ( * ) SI_UNIT ( .MILLI., .METRE. ) );
#2209 = CARTESIAN_POINT ( 'NONE',  ( 11.69999213578100061, -31.00001352250000153, 2.000001080000000098 ) ) ;
#2210 = VECTOR ( 'NONE', #4292, 1000.000000000000114 ) ;
#2211 = VERTEX_POINT ( 'NONE', #1346 ) ;
#2212 = EDGE_CURVE ( 'NONE', #990, #6790, #2003, .T. ) ;
#2213 = CARTESIAN_POINT ( 'NONE',  ( 40.00000000000000000, 40.00000000000000000, -2.017369599999999874 ) ) ;
#2214 = VECTOR ( 'NONE', #410, 1000.000000000000000 ) ;
#2215 = STYLED_ITEM ( 'NONE', ( #5691 ), #5852 ) ;
#2216 = CARTESIAN_POINT ( 'NONE',  ( -10.50000732421899485, -34.99999562409566067, -4.517370160503466181 ) ) ;
#2217 = CARTESIAN_POINT ( 'NONE',  ( 40.00000000000000000, -43.00000000000000000, 0.000000000000000000 ) ) ;
#2218 = FILL_AREA_STYLE_COLOUR ( '', #3880 ) ;
#2219 = DIRECTION ( 'NONE',  ( 0.000000000000000000, 0.000000000000000000, -1.000000000000000000 ) ) ;
#2220 = AXIS2_PLACEMENT_3D ( 'NONE', #2120, #6493, #3662 ) ;
#2221 =( GEOMETRIC_REPRESENTATION_CONTEXT ( 3 ) GLOBAL_UNCERTAINTY_ASSIGNED_CONTEXT ( ( #1406 ) ) GLOBAL_UNIT_ASSIGNED_CONTEXT ( ( #250, #2468, #4276 ) ) REPRESENTATION_CONTEXT ( 'NONE', 'WORKASPACE' ) );
#2222 = SURFACE_SIDE_STYLE ('',( #2132 ) ) ;
#2223 = ORIENTED_EDGE ( 'NONE', *, *, #5479, .T. ) ;
#2224 = CARTESIAN_POINT ( 'NONE',  ( 23.00000000000000000, 40.00000000000000000, -2.017369599999999874 ) ) ;
#2225 = LINE ( 'NONE', #4631, #5993 ) ;
#2226 = DIRECTION ( 'NONE',  ( 0.000000000000000000, 0.000000000000000000, 1.000000000000000000 ) ) ;
#2227 = VERTEX_POINT ( 'NONE', #3204 ) ;
#2228 = STYLED_ITEM ( 'NONE', ( #1273 ), #1248 ) ;
#2229 =( NAMED_UNIT ( * ) PLANE_ANGLE_UNIT ( ) SI_UNIT ( $, .RADIAN. ) );
#2230 = SURFACE_STYLE_FILL_AREA ( #2266 ) ;
#2231 = CARTESIAN_POINT ( 'NONE',  ( 40.00000000000000000, 43.00000000000000000, 0.000000000000000000 ) ) ;
#2232 = FILL_AREA_STYLE_COLOUR ( '', #3110 ) ;
#2233 = CYLINDRICAL_SURFACE ( 'NONE', #1544, 0.5000000000000000000 ) ;
#2234 = DIRECTION ( 'NONE',  ( 1.000000000000000000, 0.000000000000000000, 0.000000000000000000 ) ) ;
#2235 = CARTESIAN_POINT ( 'NONE',  ( -23.00000000000000000, 41.50000000000000000, -2.017369599999999874 ) ) ;
#2236 = VECTOR ( 'NONE', #2885, 1000.000000000000000 ) ;
#2237 = ORIENTED_EDGE ( 'NONE', *, *, #393, .F. ) ;
#2238 = ORIENTED_EDGE ( 'NONE', *, *, #805, .T. ) ;
#2239 = ORIENTED_EDGE ( 'NONE', *, *, #7279, .F. ) ;
#2240 = CIRCLE ( 'NONE', #5470, 1.300000000000002487 ) ;
#2241 = FILL_AREA_STYLE ('',( #3442 ) ) ;
#2242 = LINE ( 'NONE', #6334, #844 ) ;
#2243 = EDGE_CURVE ( 'NONE', #6712, #1144, #6765, .T. ) ;
#2244 = CARTESIAN_POINT ( 'NONE',  ( -4.955364551250029947, -30.07549255045374181, -7.479848652427466327 ) ) ;
#2245 = AXIS2_PLACEMENT_3D ( 'NONE', #4593, #304, #7445 ) ;
#2246 = ORIENTED_EDGE ( 'NONE', *, *, #826, .F. ) ;
#2247 = VERTEX_POINT ( 'NONE', #5560 ) ;
#2248 = FACE_OUTER_BOUND ( 'NONE', #110, .T. ) ;
#2249 = STYLED_ITEM ( 'NONE', ( #2489 ), #2165 ) ;
#2250 = EDGE_CURVE ( 'NONE', #2765, #1695, #6004, .T. ) ;
#2251 = CARTESIAN_POINT ( 'NONE',  ( -10.50125293824899941, -35.80124136597974172, -4.517370300597652211 ) ) ;
#2252 = DIRECTION ( 'NONE',  ( -0.9999999999999962252, -8.742277447234150624E-08, -1.549848670304739938E-14 ) ) ;
#2253 = VECTOR ( 'NONE', #6193, 1000.000000000000000 ) ;
#2254 = LINE ( 'NONE', #2337, #5444 ) ;
#2255 = DIRECTION ( 'NONE',  ( 1.000000000000000000, 0.000000000000000000, 0.000000000000000000 ) ) ;
#2256 = LINE ( 'NONE', #1089, #2900 ) ;
#2257 = ORIENTED_EDGE ( 'NONE', *, *, #519, .T. ) ;
#2258 = DIRECTION ( 'NONE',  ( 0.000000000000000000, 1.748454679999999787E-07, -0.9999999999999849010 ) ) ;
#2259 =( NAMED_UNIT ( * ) SI_UNIT ( $, .STERADIAN. ) SOLID_ANGLE_UNIT ( ) );
#2260 = EDGE_CURVE ( 'NONE', #6702, #1078, #5453, .T. ) ;
#2261 = SURFACE_STYLE_FILL_AREA ( #7528 ) ;
#2262 = FACE_OUTER_BOUND ( 'NONE', #4178, .T. ) ;
#2263 =( NAMED_UNIT ( * ) SI_UNIT ( $, .STERADIAN. ) SOLID_ANGLE_UNIT ( ) );
#2264 = COLOUR_RGB ( '',0.000000000000000000, 0.5019607843137254832, 0.000000000000000000 ) ;
#2265 = EDGE_LOOP ( 'NONE', ( #6276, #1365, #3813, #311 ) ) ;
#2266 = FILL_AREA_STYLE ('',( #6043 ) ) ;
#2267 = CARTESIAN_POINT ( 'NONE',  ( -4.809703171250000686, -30.17282281045374148, -7.479848669445221532 ) ) ;
#2268 = FILL_AREA_STYLE_COLOUR ( '', #5645 ) ;
#2269 = CARTESIAN_POINT ( 'NONE',  ( -1.500007324218999960, -2.999995496242035209, -5.979845765448489558 ) ) ;
#2270 =( LENGTH_UNIT ( ) NAMED_UNIT ( * ) SI_UNIT ( .MILLI., .METRE. ) );
#2271 = VERTEX_POINT ( 'NONE', #6620 ) ;
#2272 = VECTOR ( 'NONE', #6744, 1000.000000000000000 ) ;
#2273 = AXIS2_PLACEMENT_3D ( 'NONE', #5718, #7589, #5871 ) ;
#2274 = UNCERTAINTY_MEASURE_WITH_UNIT (LENGTH_MEASURE( 1.000000000000000082E-05 ), #1386, 'distance_accuracy_value', 'NONE');
#2275 = ORIENTED_EDGE ( 'NONE', *, *, #6215, .F. ) ;
#2276 = CARTESIAN_POINT ( 'NONE',  ( -0.02231567382797157786, -18.99999575194999935, 1.649998507907000089 ) ) ;
#2277 = ORIENTED_EDGE ( 'NONE', *, *, #6717, .T. ) ;
#2278 =( NAMED_UNIT ( * ) SI_UNIT ( $, .STERADIAN. ) SOLID_ANGLE_UNIT ( ) );
#2279 = CARTESIAN_POINT ( 'NONE',  ( 2.999992675781000262, -4.599995496242009985, -5.979846045201238525 ) ) ;
#2280 = DIRECTION ( 'NONE',  ( -1.000000000000000000, 0.000000000000000000, 0.000000000000000000 ) ) ;
#2281 =( GEOMETRIC_REPRESENTATION_CONTEXT ( 3 ) GLOBAL_UNCERTAINTY_ASSIGNED_CONTEXT ( ( #3929 ) ) GLOBAL_UNIT_ASSIGNED_CONTEXT ( ( #1723, #4133, #2397 ) ) REPRESENTATION_CONTEXT ( 'NONE', 'WORKASPACE' ) );
#2282 = CARTESIAN_POINT ( 'NONE',  ( -0.2245105712499999850, -30.29998537045374007, -7.479848691679018557 ) ) ;
#2283 = PRESENTATION_LAYER_ASSIGNMENT (  '', '', ( #4787 ) ) ;
#2284 = ORIENTED_EDGE ( 'NONE', *, *, #5434, .T. ) ;
#2285 = VERTEX_POINT ( 'NONE', #3721 ) ;
#2286 = PRESENTATION_LAYER_ASSIGNMENT (  '', '', ( #3297 ) ) ;
#2287 = MECHANICAL_DESIGN_GEOMETRIC_PRESENTATION_REPRESENTATION (  '', ( #1776 ), #7635 ) ;
#2288 = EDGE_CURVE ( 'NONE', #4425, #4392, #1275, .T. ) ;
#2289 =( NAMED_UNIT ( * ) PLANE_ANGLE_UNIT ( ) SI_UNIT ( $, .RADIAN. ) );
#2290 = VECTOR ( 'NONE', #1052, 1000.000000000000000 ) ;
#2291 = FILL_AREA_STYLE_COLOUR ( '', #5356 ) ;
#2292 =( NAMED_UNIT ( * ) SI_UNIT ( $, .STERADIAN. ) SOLID_ANGLE_UNIT ( ) );
#2293 =( NAMED_UNIT ( * ) SI_UNIT ( $, .STERADIAN. ) SOLID_ANGLE_UNIT ( ) );
#2294 =( LENGTH_UNIT ( ) NAMED_UNIT ( * ) SI_UNIT ( .MILLI., .METRE. ) );
#2295 = COLOUR_RGB ( '',0.000000000000000000, 0.5019607843137254832, 0.000000000000000000 ) ;
#2296 = LINE ( 'NONE', #5796, #4453 ) ;
#2297 = CYLINDRICAL_SURFACE ( 'NONE', #1700, 0.5000000000000000000 ) ;
#2298 = FILL_AREA_STYLE_COLOUR ( '', #5039 ) ;
#2299 = EDGE_CURVE ( 'NONE', #1072, #5225, #7340, .T. ) ;
#2300 = DIRECTION ( 'NONE',  ( 0.7071067811865476838, 0.7071067811865366926, 1.236344160825354801E-07 ) ) ;
#2301 = STYLED_ITEM ( 'NONE', ( #1236 ), #4267 ) ;
#2302 = PRESENTATION_STYLE_ASSIGNMENT (( #7631 ) ) ;
#2303 = SURFACE_STYLE_USAGE ( .BOTH. , #5341 ) ;
#2304 = VECTOR ( 'NONE', #1242, 1000.000000000000227 ) ;
#2305 = PLANE ( 'NONE',  #3242 ) ;
#2306 =( NAMED_UNIT ( * ) PLANE_ANGLE_UNIT ( ) SI_UNIT ( $, .RADIAN. ) );
#2307 = SURFACE_SIDE_STYLE ('',( #5806 ) ) ;
#2308 = VECTOR ( 'NONE', #4278, 1000.000000000000000 ) ;
#2309 = AXIS2_PLACEMENT_3D ( 'NONE', #438, #352, #4634 ) ;
#2310 = EDGE_CURVE ( 'NONE', #275, #3519, #5755, .T. ) ;
#2311 = ORIENTED_EDGE ( 'NONE', *, *, #5557, .F. ) ;
#2312 = DIRECTION ( 'NONE',  ( 0.0007733734047231488173, -0.9999997009467285203, -1.748454156017435066E-07 ) ) ;
#2313 =( GEOMETRIC_REPRESENTATION_CONTEXT ( 3 ) GLOBAL_UNCERTAINTY_ASSIGNED_CONTEXT ( ( #620 ) ) GLOBAL_UNIT_ASSIGNED_CONTEXT ( ( #5623, #1771, #568 ) ) REPRESENTATION_CONTEXT ( 'NONE', 'WORKASPACE' ) );
#2314 = DIRECTION ( 'NONE',  ( 0.000000000000000000, 1.748454679999999787E-07, -0.9999999999999849010 ) ) ;
#2315 = DIRECTION ( 'NONE',  ( 0.000000000000000000, -1.748454679999999787E-07, 0.9999999999999849010 ) ) ;
#2316 = ORIENTED_EDGE ( 'NONE', *, *, #966, .T. ) ;
#2317 = VECTOR ( 'NONE', #4692, 1000.000000000000227 ) ;
#2318 = ORIENTED_EDGE ( 'NONE', *, *, #4934, .F. ) ;
#2319 =( LENGTH_UNIT ( ) NAMED_UNIT ( * ) SI_UNIT ( .MILLI., .METRE. ) );
#2320 =( NAMED_UNIT ( * ) PLANE_ANGLE_UNIT ( ) SI_UNIT ( $, .RADIAN. ) );
#2321 = EDGE_LOOP ( 'NONE', ( #6489, #7358, #2951, #631 ) ) ;
#2322 =( NAMED_UNIT ( * ) SI_UNIT ( $, .STERADIAN. ) SOLID_ANGLE_UNIT ( ) );
#2323 = PRESENTATION_STYLE_ASSIGNMENT (( #2876 ) ) ;
#2324 =( GEOMETRIC_REPRESENTATION_CONTEXT ( 3 ) GLOBAL_UNCERTAINTY_ASSIGNED_CONTEXT ( ( #4239 ) ) GLOBAL_UNIT_ASSIGNED_CONTEXT ( ( #2736, #7638, #5842 ) ) REPRESENTATION_CONTEXT ( 'NONE', 'WORKASPACE' ) );
#2325 = LINE ( 'NONE', #1153, #5668 ) ;
#2326 = SURFACE_STYLE_USAGE ( .BOTH. , #5825 ) ;
#2327 = ORIENTED_EDGE ( 'NONE', *, *, #1859, .F. ) ;
#2328 = ORIENTED_EDGE ( 'NONE', *, *, #2356, .T. ) ;
#2329 = AXIS2_PLACEMENT_3D ( 'NONE', #3649, #2490, #3048 ) ;
#2330 = CARTESIAN_POINT ( 'NONE',  ( -12.70000732421899947, -32.00001406250000002, 0.000000000000000000 ) ) ;
#2331 = CARTESIAN_POINT ( 'NONE',  ( -0.02656804421900000115, -2.993528368903417114, -4.517363586801719677 ) ) ;
#2332 = STYLED_ITEM ( 'NONE', ( #534 ), #141 ) ;
#2333 = DIRECTION ( 'NONE',  ( 1.000000000000000000, 0.000000000000000000, 0.000000000000000000 ) ) ;
#2334 =( GEOMETRIC_REPRESENTATION_CONTEXT ( 3 ) GLOBAL_UNCERTAINTY_ASSIGNED_CONTEXT ( ( #2115 ) ) GLOBAL_UNIT_ASSIGNED_CONTEXT ( ( #7482, #3465, #4591 ) ) REPRESENTATION_CONTEXT ( 'NONE', 'WORKASPACE' ) );
#2335 = CARTESIAN_POINT ( 'NONE',  ( -9.000007324219000182, -34.99999549624153872, -5.979851360503466218 ) ) ;
#2336 = CARTESIAN_POINT ( 'NONE',  ( 10.62500000000000000, 8.000000000000000000, -2.017369599999999874 ) ) ;
#2337 = CARTESIAN_POINT ( 'NONE',  ( -5.625007324219000182, -30.29999549624161403, -5.979850538729765574 ) ) ;
#2338 = SURFACE_STYLE_USAGE ( .BOTH. , #6468 ) ;
#2339 = FACE_OUTER_BOUND ( 'NONE', #2961, .T. ) ;
#2340 =( GEOMETRIC_REPRESENTATION_CONTEXT ( 3 ) GLOBAL_UNCERTAINTY_ASSIGNED_CONTEXT ( ( #564 ) ) GLOBAL_UNIT_ASSIGNED_CONTEXT ( ( #6225, #1579, #285 ) ) REPRESENTATION_CONTEXT ( 'NONE', 'WORKASPACE' ) );
#2341 = MECHANICAL_DESIGN_GEOMETRIC_PRESENTATION_REPRESENTATION (  '', ( #4461 ), #7428 ) ;
#2342 = DIRECTION ( 'NONE',  ( -0.9999997009467437303, -0.0007733734047231489257, 0.000000000000000000 ) ) ;
#2343 = SURFACE_SIDE_STYLE ('',( #5964 ) ) ;
#2344 = CYLINDRICAL_SURFACE ( 'NONE', #4510, 3.001094402371998981 ) ;
#2345 = LINE ( 'NONE', #543, #2381 ) ;
#2346 = LINE ( 'NONE', #3127, #7292 ) ;
#2347 = EDGE_CURVE ( 'NONE', #1357, #2881, #2046, .T. ) ;
#2348 = AXIS2_PLACEMENT_3D ( 'NONE', #3321, #4479, #2037 ) ;
#2349 = STYLED_ITEM ( 'NONE', ( #7164 ), #5 ) ;
#2350 = EDGE_CURVE ( 'NONE', #6567, #2553, #5075, .T. ) ;
#2351 = EDGE_LOOP ( 'NONE', ( #320, #406 ) ) ;
#2352 = STYLED_ITEM ( 'NONE', ( #6641 ), #1020 ) ;
#2353 = CARTESIAN_POINT ( 'NONE',  ( 0.000000000000000000, 2.000000000000000000, -2.017369599999999874 ) ) ;
#2354 = DIRECTION ( 'NONE',  ( 0.000000000000000000, 0.000000000000000000, -1.000000000000000000 ) ) ;
#2355 = CARTESIAN_POINT ( 'NONE',  ( -5.044673491250050823, -30.52447819045373834, -7.479848730930570788 ) ) ;
#2356 = EDGE_CURVE ( 'NONE', #4380, #4165, #2176, .T. ) ;
#2357 = EDGE_CURVE ( 'NONE', #2575, #7611, #4489, .T. ) ;
#2358 = CIRCLE ( 'NONE', #5965, 0.5000000000000000000 ) ;
#2359 = ORIENTED_EDGE ( 'NONE', *, *, #5567, .F. ) ;
#2360 = UNCERTAINTY_MEASURE_WITH_UNIT (LENGTH_MEASURE( 1.000000000000000082E-05 ), #2024, 'distance_accuracy_value', 'NONE');
#2361 = ORIENTED_EDGE ( 'NONE', *, *, #2350, .F. ) ;
#2362 = CARTESIAN_POINT ( 'NONE',  ( -12.70001775124999810, -31.99998588843380176, -4.517369635965360786 ) ) ;
#2363 = ORIENTED_EDGE ( 'NONE', *, *, #5026, .F. ) ;
#2364 = DIRECTION ( 'NONE',  ( 0.000000000000000000, -1.748454679999999787E-07, 0.9999999999999849010 ) ) ;
#2365 = FILL_AREA_STYLE_COLOUR ( '', #5873 ) ;
#2366 = CARTESIAN_POINT ( 'NONE',  ( 18.30000000000000071, -38.50000000000000000, 0.000000000000000000 ) ) ;
#2367 = FILL_AREA_STYLE_COLOUR ( '', #784 ) ;
#2368 = EDGE_CURVE ( 'NONE', #1495, #2018, #2639, .T. ) ;
#2369 = FILL_AREA_STYLE ('',( #4171 ) ) ;
#2370 =( NAMED_UNIT ( * ) PLANE_ANGLE_UNIT ( ) SI_UNIT ( $, .RADIAN. ) );
#2371 = ORIENTED_EDGE ( 'NONE', *, *, #6622, .T. ) ;
#2372 = UNCERTAINTY_MEASURE_WITH_UNIT (LENGTH_MEASURE( 1.000000000000000082E-05 ), #3639, 'distance_accuracy_value', 'NONE');
#2373 = PRESENTATION_LAYER_ASSIGNMENT (  '', '', ( #5977 ) ) ;
#2374 = ORIENTED_EDGE ( 'NONE', *, *, #2613, .F. ) ;
#2375 = FILL_AREA_STYLE_COLOUR ( '', #1329 ) ;
#2376 = LINE ( 'NONE', #5294, #4486 ) ;
#2377 = PRESENTATION_LAYER_ASSIGNMENT (  '', '', ( #611 ) ) ;
#2378 = DIRECTION ( 'NONE',  ( 1.000000000000000000, 0.000000000000000000, 0.000000000000000000 ) ) ;
#2379 = SURFACE_SIDE_STYLE ('',( #4217 ) ) ;
#2380 = FILL_AREA_STYLE ('',( #2411 ) ) ;
#2381 = VECTOR ( 'NONE', #5966, 1000.000000000000227 ) ;
#2382 =( NAMED_UNIT ( * ) PLANE_ANGLE_UNIT ( ) SI_UNIT ( $, .RADIAN. ) );
#2383 = SURFACE_SIDE_STYLE ('',( #7115 ) ) ;
#2384 = FACE_OUTER_BOUND ( 'NONE', #5790, .T. ) ;
#2385 = CARTESIAN_POINT ( 'NONE',  ( -11.70000678421900098, -31.00001352250000153, 2.000001080000000098 ) ) ;
#2386 = AXIS2_PLACEMENT_3D ( 'NONE', #1006, #3989, #3329 ) ;
#2387 =( NAMED_UNIT ( * ) PLANE_ANGLE_UNIT ( ) SI_UNIT ( $, .RADIAN. ) );
#2388 = VERTEX_POINT ( 'NONE', #3945 ) ;
#2389 = DIRECTION ( 'NONE',  ( 1.000000000000000000, 0.000000000000000000, 0.000000000000000000 ) ) ;
#2390 = EDGE_CURVE ( 'NONE', #7033, #6122, #5719, .T. ) ;
#2391 = FACE_OUTER_BOUND ( 'NONE', #2790, .T. ) ;
#2392 = SURFACE_STYLE_FILL_AREA ( #5936 ) ;
#2393 = VERTEX_POINT ( 'NONE', #5198 ) ;
#2394 = ORIENTED_EDGE ( 'NONE', *, *, #1821, .F. ) ;
#2395 = VERTEX_POINT ( 'NONE', #4581 ) ;
#2396 = ADVANCED_FACE ( 'NONE', ( #3281 ), #928, .F. ) ;
#2397 =( NAMED_UNIT ( * ) SI_UNIT ( $, .STERADIAN. ) SOLID_ANGLE_UNIT ( ) );
#2398 = CARTESIAN_POINT ( 'NONE',  ( -0.02656804421900000115, -2.993528124119761991, -5.917363586801698716 ) ) ;
#2399 = STYLED_ITEM ( 'NONE', ( #3758 ), #6490 ) ;
#2400 = ORIENTED_EDGE ( 'NONE', *, *, #4968, .F. ) ;
#2401 = CIRCLE ( 'NONE', #906, 1.300000000000002487 ) ;
#2402 = ORIENTED_EDGE ( 'NONE', *, *, #7378, .F. ) ;
#2403 = EDGE_CURVE ( 'NONE', #2509, #7560, #1250, .T. ) ;
#2404 = MECHANICAL_DESIGN_GEOMETRIC_PRESENTATION_REPRESENTATION (  '', ( #2517 ), #647 ) ;
#2405 = DIRECTION ( 'NONE',  ( 0.9238726279500996119, 0.3827001010250355439, 6.691337826737064132E-08 ) ) ;
#2406 = VECTOR ( 'NONE', #2548, 999.9999999999998863 ) ;
#2407 = VECTOR ( 'NONE', #6084, 1000.000000000000000 ) ;
#2408 = CARTESIAN_POINT ( 'NONE',  ( -7.324219000000000424E-06, -30.29999549624161403, -5.979850538729765574 ) ) ;
#2409 = DIRECTION ( 'NONE',  ( -0.9238826834630523566, -0.3826758252060157850, -6.690913375043303492E-08 ) ) ;
#2410 = CARTESIAN_POINT ( 'NONE',  ( -10.00000000000000000, -27.50000000000000000, -2.017369599999999874 ) ) ;
#2411 = FILL_AREA_STYLE_COLOUR ( '', #5320 ) ;
#2412 = STYLED_ITEM ( 'NONE', ( #4043 ), #3115 ) ;
#2413 = DIRECTION ( 'NONE',  ( -0.9238826834630522455, 0.3826758252060156740, 6.690913375043302168E-08 ) ) ;
#2414 = FACE_OUTER_BOUND ( 'NONE', #4876, .T. ) ;
#2415 = COLOUR_RGB ( '',0.000000000000000000, 0.5019607843137254832, 0.000000000000000000 ) ;
#2416 = DIRECTION ( 'NONE',  ( 0.3827001010250414281, -0.9238726279500855121, -1.615349420063250050E-07 ) ) ;
#2417 = AXIS2_PLACEMENT_3D ( 'NONE', #4306, #2495, #7157 ) ;
#2418 = PRESENTATION_LAYER_ASSIGNMENT (  '', '', ( #423 ) ) ;
#2419 = CARTESIAN_POINT ( 'NONE',  ( -5.000007324219000182, -30.29999549624161403, -5.979850538729765574 ) ) ;
#2420 = DIRECTION ( 'NONE',  ( 0.000000000000000000, 1.748454679999999258E-07, -0.9999999999999846789 ) ) ;
#2421 = SURFACE_SIDE_STYLE ('',( #5883 ) ) ;
#2422 = CARTESIAN_POINT ( 'NONE',  ( -43.00000000000000000, -40.00000000000000000, -2.017369599999999874 ) ) ;
#2423 = VECTOR ( 'NONE', #7449, 1000.000000000000000 ) ;
#2424 = ORIENTED_EDGE ( 'NONE', *, *, #5132, .T. ) ;
#2425 = DIRECTION ( 'NONE',  ( 0.3827001010250414281, -0.9238726279500855121, -1.615349420063250050E-07 ) ) ;
#2426 = DIRECTION ( 'NONE',  ( 0.000000000000000000, -1.748454679999999258E-07, 0.9999999999999846789 ) ) ;
#2427 =( GEOMETRIC_REPRESENTATION_CONTEXT ( 3 ) GLOBAL_UNCERTAINTY_ASSIGNED_CONTEXT ( ( #5249 ) ) GLOBAL_UNIT_ASSIGNED_CONTEXT ( ( #2742, #5053, #6243 ) ) REPRESENTATION_CONTEXT ( 'NONE', 'WORKASPACE' ) );
#2428 = PLANE ( 'NONE',  #7587 ) ;
#2429 = DIRECTION ( 'NONE',  ( -0.7071067811865474617, -0.7071067811865368036, -1.236344160825355066E-07 ) ) ;
#2430 = EDGE_CURVE ( 'NONE', #2433, #6917, #6721, .T. ) ;
#2431 = DIRECTION ( 'NONE',  ( -1.000000010007988968E-07, -0.9999999999999950040, 0.000000000000000000 ) ) ;
#2432 = UNCERTAINTY_MEASURE_WITH_UNIT (LENGTH_MEASURE( 1.000000000000000082E-05 ), #1699, 'distance_accuracy_value', 'NONE');
#2433 = VERTEX_POINT ( 'NONE', #1585 ) ;
#2434 = FILL_AREA_STYLE_COLOUR ( '', #6524 ) ;
#2435 = FILL_AREA_STYLE ('',( #3064 ) ) ;
#2436 = ORIENTED_EDGE ( 'NONE', *, *, #6245, .F. ) ;
#2437 = DIRECTION ( 'NONE',  ( 1.000000000000000000, 0.000000000000000000, 0.000000000000000000 ) ) ;
#2438 =( NAMED_UNIT ( * ) SI_UNIT ( $, .STERADIAN. ) SOLID_ANGLE_UNIT ( ) );
#2439 = DIRECTION ( 'NONE',  ( 0.0007733734047231488173, -0.9999997009467285203, -1.748454156017435066E-07 ) ) ;
#2440 = SURFACE_STYLE_FILL_AREA ( #2369 ) ;
#2441 = ADVANCED_FACE ( 'NONE', ( #2807 ), #2344, .T. ) ;
#2442 = ORIENTED_EDGE ( 'NONE', *, *, #3749, .F. ) ;
#2443 = UNCERTAINTY_MEASURE_WITH_UNIT (LENGTH_MEASURE( 1.000000000000000082E-05 ), #107, 'distance_accuracy_value', 'NONE');
#2444 = ADVANCED_FACE ( 'NONE', ( #2186 ), #1596, .F. ) ;
#2445 = EDGE_LOOP ( 'NONE', ( #7370, #6292, #1608, #5144 ) ) ;
#2446 = AXIS2_PLACEMENT_3D ( 'NONE', #5005, #6164, #3260 ) ;
#2447 = FILL_AREA_STYLE ('',( #30 ) ) ;
#2448 = FILL_AREA_STYLE_COLOUR ( '', #2551 ) ;
#2449 = EDGE_CURVE ( 'NONE', #1997, #5397, #2225, .T. ) ;
#2450 = STYLED_ITEM ( 'NONE', ( #1787 ), #5347 ) ;
#2451 = DIRECTION ( 'NONE',  ( 0.000000000000000000, 1.000000000000000000, 0.000000000000000000 ) ) ;
#2452 = CYLINDRICAL_SURFACE ( 'NONE', #3156, 2.174999999999999822 ) ;
#2453 = DIRECTION ( 'NONE',  ( 1.000000000000000000, 0.000000000000000000, 0.000000000000000000 ) ) ;
#2454 = FACE_OUTER_BOUND ( 'NONE', #738, .T. ) ;
#2455 =( GEOMETRIC_REPRESENTATION_CONTEXT ( 3 ) GLOBAL_UNCERTAINTY_ASSIGNED_CONTEXT ( ( #4952 ) ) GLOBAL_UNIT_ASSIGNED_CONTEXT ( ( #724, #6718, #130 ) ) REPRESENTATION_CONTEXT ( 'NONE', 'WORKASPACE' ) );
#2456 =( GEOMETRIC_REPRESENTATION_CONTEXT ( 3 ) GLOBAL_UNCERTAINTY_ASSIGNED_CONTEXT ( ( #6017 ) ) GLOBAL_UNIT_ASSIGNED_CONTEXT ( ( #5415, #7667, #5996 ) ) REPRESENTATION_CONTEXT ( 'NONE', 'WORKASPACE' ) );
#2457 = LINE ( 'NONE', #3944, #108 ) ;
#2458 = PRESENTATION_STYLE_ASSIGNMENT (( #1237 ) ) ;
#2459 = SURFACE_STYLE_USAGE ( .BOTH. , #3166 ) ;
#2460 = DIRECTION ( 'NONE',  ( 0.000000000000000000, 0.000000000000000000, -1.000000000000000000 ) ) ;
#2461 = STYLED_ITEM ( 'NONE', ( #4219 ), #441 ) ;
#2462 = AXIS2_PLACEMENT_3D ( 'NONE', #375, #4487, #4019 ) ;
#2463 = ORIENTED_EDGE ( 'NONE', *, *, #6023, .F. ) ;
#2464 =( GEOMETRIC_REPRESENTATION_CONTEXT ( 3 ) GLOBAL_UNCERTAINTY_ASSIGNED_CONTEXT ( ( #3635 ) ) GLOBAL_UNIT_ASSIGNED_CONTEXT ( ( #4522, #7505, #5024 ) ) REPRESENTATION_CONTEXT ( 'NONE', 'WORKASPACE' ) );
#2465 = DIRECTION ( 'NONE',  ( 0.000000000000000000, 1.000000000000000000, 0.000000000000000000 ) ) ;
#2466 = AXIS2_PLACEMENT_3D ( 'NONE', #3624, #4868, #6768 ) ;
#2467 = FILL_AREA_STYLE_COLOUR ( '', #3675 ) ;
#2468 =( NAMED_UNIT ( * ) PLANE_ANGLE_UNIT ( ) SI_UNIT ( $, .RADIAN. ) );
#2469 = ORIENTED_EDGE ( 'NONE', *, *, #5612, .F. ) ;
#2470 = VECTOR ( 'NONE', #4948, 1000.000000000000227 ) ;
#2471 = ORIENTED_EDGE ( 'NONE', *, *, #1669, .F. ) ;
#2472 = DIRECTION ( 'NONE',  ( 0.000000000000000000, -1.000000000000000000, 0.000000000000000000 ) ) ;
#2473 = CARTESIAN_POINT ( 'NONE',  ( -8.500000000000000000, -9.000000000000000000, -2.017369599999999874 ) ) ;
#2474 = FILL_AREA_STYLE_COLOUR ( '', #7070 ) ;
#2475 = ORIENTED_EDGE ( 'NONE', *, *, #5903, .T. ) ;
#2476 = VERTEX_POINT ( 'NONE', #6356 ) ;
#2477 =( GEOMETRIC_REPRESENTATION_CONTEXT ( 3 ) GLOBAL_UNCERTAINTY_ASSIGNED_CONTEXT ( ( #5018 ) ) GLOBAL_UNIT_ASSIGNED_CONTEXT ( ( #1675, #645, #5517 ) ) REPRESENTATION_CONTEXT ( 'NONE', 'WORKASPACE' ) );
#2478 = DIRECTION ( 'NONE',  ( 0.000000000000000000, 0.000000000000000000, -1.000000000000000000 ) ) ;
#2479 = EDGE_CURVE ( 'NONE', #6858, #3741, #3541, .T. ) ;
#2480 = CARTESIAN_POINT ( 'NONE',  ( 7.499992675781004259, -34.99999562409566067, -4.517370160503466181 ) ) ;
#2481 =( LENGTH_UNIT ( ) NAMED_UNIT ( * ) SI_UNIT ( .MILLI., .METRE. ) );
#2482 = DIRECTION ( 'NONE',  ( 0.000000000000000000, -1.000000000000000000, 0.000000000000000000 ) ) ;
#2483 = CARTESIAN_POINT ( 'NONE',  ( 0.1271448087500000046, -30.49030310241298025, -3.979848104955158394 ) ) ;
#2484 = FACE_BOUND ( 'NONE', #1729, .T. ) ;
#2485 = PRESENTATION_STYLE_ASSIGNMENT (( #4192 ) ) ;
#2486 = SURFACE_STYLE_FILL_AREA ( #687 ) ;
#2487 = EDGE_CURVE ( 'NONE', #4350, #2872, #2623, .T. ) ;
#2488 = CARTESIAN_POINT ( 'NONE',  ( 0.1271448087500000046, -30.10967079045374106, -7.479848658403376760 ) ) ;
#2489 = PRESENTATION_STYLE_ASSIGNMENT (( #2459 ) ) ;
#2490 = DIRECTION ( 'NONE',  ( -0.000000000000000000, 0.9999999999999847899, 1.748454679999999523E-07 ) ) ;
#2491 = COLOUR_RGB ( '',0.1843137254901960898, 0.7490196078431372584, 0.5803921568627450345 ) ;
#2492 = DIRECTION ( 'NONE',  ( 0.000000000000000000, 0.000000000000000000, 1.000000000000000000 ) ) ;
#2493 = VERTEX_POINT ( 'NONE', #506 ) ;
#2494 = EDGE_CURVE ( 'NONE', #7287, #2552, #389, .T. ) ;
#2495 = DIRECTION ( 'NONE',  ( 0.000000000000000000, 1.748454679999999787E-07, -0.9999999999999849010 ) ) ;
#2496 = VECTOR ( 'NONE', #3999, 1000.000000000000000 ) ;
#2497 = CARTESIAN_POINT ( 'NONE',  ( 0.1902968287500000077, -30.17282281045374148, -7.479848669445221532 ) ) ;
#2498 = SURFACE_STYLE_FILL_AREA ( #3765 ) ;
#2499 = EDGE_LOOP ( 'NONE', ( #25, #19, #7284, #6498 ) ) ;
#2500 = SURFACE_SIDE_STYLE ('',( #3699 ) ) ;
#2501 = LINE ( 'NONE', #6672, #2308 ) ;
#2502 = ORIENTED_EDGE ( 'NONE', *, *, #6953, .T. ) ;
#2503 = CARTESIAN_POINT ( 'NONE',  ( -10.50125293824899941, -35.80124111027153333, -5.979851500597630043 ) ) ;
#2504 = SURFACE_STYLE_USAGE ( .BOTH. , #4874 ) ;
#2505 = CARTESIAN_POINT ( 'NONE',  ( -0.04467349125005000421, -30.52447880241297895, -3.979848110930624294 ) ) ;
#2506 = VECTOR ( 'NONE', #3360, 1000.000000000000227 ) ;
#2507 = VERTEX_POINT ( 'NONE', #5303 ) ;
#2508 = UNCERTAINTY_MEASURE_WITH_UNIT (LENGTH_MEASURE( 1.000000000000000082E-05 ), #5881, 'distance_accuracy_value', 'NONE');
#2509 = VERTEX_POINT ( 'NONE', #2897 ) ;
#2510 = CIRCLE ( 'NONE', #1757, 1.300000000000002487 ) ;
#2511 = DIRECTION ( 'NONE',  ( 0.000000000000000000, -1.748454679999999258E-07, 0.9999999999999846789 ) ) ;
#2512 =( NAMED_UNIT ( * ) PLANE_ANGLE_UNIT ( ) SI_UNIT ( $, .RADIAN. ) );
#2513 = CARTESIAN_POINT ( 'NONE',  ( 8.973431955781000724, -34.99355864169627495, -5.917369181862010663 ) ) ;
#2514 = STYLED_ITEM ( 'NONE', ( #383 ), #6540 ) ;
#2515 = EDGE_CURVE ( 'NONE', #439, #7576, #4115, .T. ) ;
#2516 = CARTESIAN_POINT ( 'NONE',  ( 9.999992675780999818, -27.49999549624165951, -5.979850049162455328 ) ) ;
#2517 = STYLED_ITEM ( 'NONE', ( #4822 ), #3650 ) ;
#2518 = VECTOR ( 'NONE', #6659, 999.9999999999998863 ) ;
#2519 = DIRECTION ( 'NONE',  ( 1.000000000000000000, 0.000000000000000000, 0.000000000000000000 ) ) ;
#2520 = SURFACE_STYLE_FILL_AREA ( #5593 ) ;
#2521 = VECTOR ( 'NONE', #1697, 1000.000000000000227 ) ;
#2522 = SURFACE_SIDE_STYLE ('',( #6658 ) ) ;
#2523 = LINE ( 'NONE', #808, #4481 ) ;
#2524 =( NAMED_UNIT ( * ) PLANE_ANGLE_UNIT ( ) SI_UNIT ( $, .RADIAN. ) );
#2525 = STYLED_ITEM ( 'NONE', ( #1563 ), #3865 ) ;
#2526 = CARTESIAN_POINT ( 'NONE',  ( -9.021807453828001755, -27.99999553195000246, 1.499998807906999909 ) ) ;
#2527 =( NAMED_UNIT ( * ) PLANE_ANGLE_UNIT ( ) SI_UNIT ( $, .RADIAN. ) );
#2528 = EDGE_CURVE ( 'NONE', #1357, #3886, #6473, .T. ) ;
#2529 = ORIENTED_EDGE ( 'NONE', *, *, #3529, .F. ) ;
#2530 = MECHANICAL_DESIGN_GEOMETRIC_PRESENTATION_REPRESENTATION (  '', ( #6399 ), #1403 ) ;
#2531 = CARTESIAN_POINT ( 'NONE',  ( -5.000007324219000182, -6.599995751950190837, -4.517365194892196456 ) ) ;
#2532 = DIRECTION ( 'NONE',  ( -0.000000000000000000, 0.9999999999999847899, 1.748454679999999523E-07 ) ) ;
#2533 = MECHANICAL_DESIGN_GEOMETRIC_PRESENTATION_REPRESENTATION (  '', ( #2028 ), #925 ) ;
#2534 = CARTESIAN_POINT ( 'NONE',  ( -5.000007324218999294, -34.49999549624155293, -5.979851273080732277 ) ) ;
#2535 = FACE_OUTER_BOUND ( 'NONE', #2829, .T. ) ;
#2536 = PRESENTATION_LAYER_ASSIGNMENT (  '', '', ( #545 ) ) ;
#2537 = VERTEX_POINT ( 'NONE', #7564 ) ;
#2538 = EDGE_CURVE ( 'NONE', #829, #2159, #6973, .T. ) ;
#2539 = VECTOR ( 'NONE', #463, 1000.000000000000000 ) ;
#2540 = VERTEX_POINT ( 'NONE', #137 ) ;
#2541 = SURFACE_STYLE_USAGE ( .BOTH. , #3139 ) ;
#2542 = CARTESIAN_POINT ( 'NONE',  ( -8.501166488206001404, -10.49883633225491941, -5.979847076586825239 ) ) ;
#2543 = VERTEX_POINT ( 'NONE', #4195 ) ;
#2544 = CARTESIAN_POINT ( 'NONE',  ( 12.69899267578099966, -6.599995496241980675, -5.979846394892175176 ) ) ;
#2545 = STYLED_ITEM ( 'NONE', ( #2108 ), #4442 ) ;
#2546 = DIRECTION ( 'NONE',  ( 0.000000000000000000, -1.748454679999999523E-07, 0.9999999999999847899 ) ) ;
#2547 = CARTESIAN_POINT ( 'NONE',  ( -10.50000732421900018, -37.99999549624150319, -5.979851885039869863 ) ) ;
#2548 = DIRECTION ( 'NONE',  ( -0.7071067811865476838, 0.7071067811865366926, 1.236344160825354801E-07 ) ) ;
#2549 = CARTESIAN_POINT ( 'NONE',  ( 2.148431955780991220, -2.993528178758877001, -4.517363586801686814 ) ) ;
#2550 = VERTEX_POINT ( 'NONE', #4890 ) ;
#2551 = COLOUR_RGB ( '',0.000000000000000000, 0.5019607843137254832, 0.000000000000000000 ) ;
#2552 = VERTEX_POINT ( 'NONE', #646 ) ;
#2553 = VERTEX_POINT ( 'NONE', #609 ) ;
#2554 = SURFACE_STYLE_FILL_AREA ( #1993 ) ;
#2555 = MECHANICAL_DESIGN_GEOMETRIC_PRESENTATION_REPRESENTATION (  '', ( #3698 ), #1065 ) ;
#2556 = FILL_AREA_STYLE_COLOUR ( '', #5089 ) ;
#2557 = DIRECTION ( 'NONE',  ( 0.000000000000000000, 1.000000000000000000, 0.000000000000000000 ) ) ;
#2558 = DIRECTION ( 'NONE',  ( 0.000000000000000000, 0.000000000000000000, -1.000000000000000000 ) ) ;
#2559 =( NAMED_UNIT ( * ) PLANE_ANGLE_UNIT ( ) SI_UNIT ( $, .RADIAN. ) );
#2560 = EDGE_CURVE ( 'NONE', #5900, #2227, #4226, .T. ) ;
#2561 =( NAMED_UNIT ( * ) PLANE_ANGLE_UNIT ( ) SI_UNIT ( $, .RADIAN. ) );
#2562 = CARTESIAN_POINT ( 'NONE',  ( 40.00000000000000000, 40.00000000000000000, 0.000000000000000000 ) ) ;
#2563 = MECHANICAL_DESIGN_GEOMETRIC_PRESENTATION_REPRESENTATION (  '', ( #2958 ), #4583 ) ;
#2564 = CARTESIAN_POINT ( 'NONE',  ( 18.30000000000000071, -38.50000000000000000, 0.000000000000000000 ) ) ;
#2565 = SURFACE_STYLE_FILL_AREA ( #3832 ) ;
#2566 = ORIENTED_EDGE ( 'NONE', *, *, #2667, .F. ) ;
#2567 = VERTEX_POINT ( 'NONE', #4151 ) ;
#2568 = PRESENTATION_STYLE_ASSIGNMENT (( #185 ) ) ;
#2569 = ADVANCED_FACE ( 'NONE', ( #4299 ), #38, .T. ) ;
#2570 = CARTESIAN_POINT ( 'NONE',  ( 1.300000000000000044, 2.000000000000000000, -2.017369599999999874 ) ) ;
#2571 = SURFACE_STYLE_USAGE ( .BOTH. , #1977 ) ;
#2572 = CARTESIAN_POINT ( 'NONE',  ( 12.69999267578099911, -32.00001406250000002, 0.000000000000000000 ) ) ;
#2573 = EDGE_CURVE ( 'NONE', #4656, #4747, #2976, .T. ) ;
#2574 = STYLED_ITEM ( 'NONE', ( #99 ), #470 ) ;
#2575 = VERTEX_POINT ( 'NONE', #7 ) ;
#2576 = ORIENTED_EDGE ( 'NONE', *, *, #2719, .F. ) ;
#2577 =( LENGTH_UNIT ( ) NAMED_UNIT ( * ) SI_UNIT ( .MILLI., .METRE. ) );
#2578 =( LENGTH_UNIT ( ) NAMED_UNIT ( * ) SI_UNIT ( .MILLI., .METRE. ) );
#2579 = EDGE_LOOP ( 'NONE', ( #4819, #3952, #4464, #1877 ) ) ;
#2580 = CARTESIAN_POINT ( 'NONE',  ( 43.00000000000000000, 40.00000000000000000, -2.017369599999999874 ) ) ;
#2581 = AXIS2_PLACEMENT_3D ( 'NONE', #6836, #7259, #4434 ) ;
#2582 = EDGE_CURVE ( 'NONE', #363, #5184, #7194, .T. ) ;
#2583 = FACE_BOUND ( 'NONE', #1607, .T. ) ;
#2584 = ADVANCED_FACE ( 'NONE', ( #1175 ), #1822, .F. ) ;
#2585 =( NAMED_UNIT ( * ) SI_UNIT ( $, .STERADIAN. ) SOLID_ANGLE_UNIT ( ) );
#2586 = PRESENTATION_LAYER_ASSIGNMENT (  '', '', ( #7691 ) ) ;
#2587 = VECTOR ( 'NONE', #6847, 1000.000000000000000 ) ;
#2588 = EDGE_LOOP ( 'NONE', ( #5815, #5460, #5886, #6907 ) ) ;
#2589 = UNCERTAINTY_MEASURE_WITH_UNIT (LENGTH_MEASURE( 1.000000000000000082E-05 ), #4983, 'distance_accuracy_value', 'NONE');
#2590 = ORIENTED_EDGE ( 'NONE', *, *, #1428, .F. ) ;
#2591 = DIRECTION ( 'NONE',  ( 1.000000000000000000, 0.000000000000000000, 0.000000000000000000 ) ) ;
#2592 = EDGE_CURVE ( 'NONE', #183, #6031, #1741, .T. ) ;
#2593 = FILL_AREA_STYLE_COLOUR ( '', #3815 ) ;
#2594 = CARTESIAN_POINT ( 'NONE',  ( -9.021807453828001755, -9.999995971950001561, 1.499998807906999909 ) ) ;
#2595 = LINE ( 'NONE', #6615, #4722 ) ;
#2596 =( NAMED_UNIT ( * ) PLANE_ANGLE_UNIT ( ) SI_UNIT ( $, .RADIAN. ) );
#2597 = PRESENTATION_STYLE_ASSIGNMENT (( #5554 ) ) ;
#2598 = FACE_OUTER_BOUND ( 'NONE', #3588, .T. ) ;
#2599 = VECTOR ( 'NONE', #5880, 999.9999999999998863 ) ;
#2600 = CARTESIAN_POINT ( 'NONE',  ( -12.70000732421899947, -6.599995496241980675, -5.979846394892175176 ) ) ;
#2601 = PLANE ( 'NONE',  #4376 ) ;
#2602 = CARTESIAN_POINT ( 'NONE',  ( -5.127182851250000617, -30.10967079045374106, -7.479848658403376760 ) ) ;
#2603 = SURFACE_SIDE_STYLE ('',( #2565 ) ) ;
#2604 = ORIENTED_EDGE ( 'NONE', *, *, #6195, .T. ) ;
#2605 = CIRCLE ( 'NONE', #6959, 1.498841284246002159 ) ;
#2606 = DIRECTION ( 'NONE',  ( 0.000000000000000000, 0.000000000000000000, -1.000000000000000000 ) ) ;
#2607 = EDGE_LOOP ( 'NONE', ( #2946, #5081, #5282, #6527 ) ) ;
#2608 =( NAMED_UNIT ( * ) SI_UNIT ( $, .STERADIAN. ) SOLID_ANGLE_UNIT ( ) );
#2609 = PLANE ( 'NONE',  #5130 ) ;
#2610 = CARTESIAN_POINT ( 'NONE',  ( -10.62500000000000000, 8.000000000000000000, -2.017369599999999874 ) ) ;
#2611 = CARTESIAN_POINT ( 'NONE',  ( -18.30000000000000071, -43.00000000000000000, -2.017369599999999874 ) ) ;
#2612 = COLOUR_RGB ( '',0.000000000000000000, 0.5019607843137254832, 0.000000000000000000 ) ;
#2613 = EDGE_CURVE ( 'NONE', #4081, #5221, #1422, .T. ) ;
#2614 = ORIENTED_EDGE ( 'NONE', *, *, #5863, .F. ) ;
#2615 = FILL_AREA_STYLE ('',( #7285 ) ) ;
#2616 = DIRECTION ( 'NONE',  ( 0.9999999999999961142, 8.742277655305796972E-08, 1.515390622692383300E-14 ) ) ;
#2617 = VERTEX_POINT ( 'NONE', #852 ) ;
#2618 =( NAMED_UNIT ( * ) PLANE_ANGLE_UNIT ( ) SI_UNIT ( $, .RADIAN. ) );
#2619 = FACE_BOUND ( 'NONE', #3637, .T. ) ;
#2620 = DIRECTION ( 'NONE',  ( 0.000000000000000000, -1.748454679999999787E-07, 0.9999999999999849010 ) ) ;
#2621 = DIRECTION ( 'NONE',  ( 0.000000000000000000, 0.000000000000000000, 1.000000000000000000 ) ) ;
#2622 = FILL_AREA_STYLE_COLOUR ( '', #5506 ) ;
#2623 = CIRCLE ( 'NONE', #5250, 1.498841284246000605 ) ;
#2624 = ORIENTED_EDGE ( 'NONE', *, *, #5167, .F. ) ;
#2625 = EDGE_CURVE ( 'NONE', #6823, #1948, #6379, .T. ) ;
#2626 = ORIENTED_EDGE ( 'NONE', *, *, #826, .T. ) ;
#2627 = ORIENTED_EDGE ( 'NONE', *, *, #2368, .F. ) ;
#2628 = DIRECTION ( 'NONE',  ( 0.000000000000000000, 0.000000000000000000, 1.000000000000000000 ) ) ;
#2629 = CARTESIAN_POINT ( 'NONE',  ( 43.00000000000000000, -40.00000000000000000, -2.017369599999999874 ) ) ;
#2630 = ORIENTED_EDGE ( 'NONE', *, *, #4346, .F. ) ;
#2631 = VECTOR ( 'NONE', #3027, 1000.000000000000000 ) ;
#2632 = EDGE_CURVE ( 'NONE', #5221, #6242, #6118, .T. ) ;
#2633 = FILL_AREA_STYLE_COLOUR ( '', #1945 ) ;
#2634 = FILL_AREA_STYLE ('',( #1373 ) ) ;
#2635 = CARTESIAN_POINT ( 'NONE',  ( -0.04467349125005000421, -30.07549255045374181, -7.479848652427466327 ) ) ;
#2636 =( GEOMETRIC_REPRESENTATION_CONTEXT ( 3 ) GLOBAL_UNCERTAINTY_ASSIGNED_CONTEXT ( ( #4869 ) ) GLOBAL_UNIT_ASSIGNED_CONTEXT ( ( #1594, #1707, #7310 ) ) REPRESENTATION_CONTEXT ( 'NONE', 'WORKASPACE' ) );
#2637 = CARTESIAN_POINT ( 'NONE',  ( -10.50000732421900018, -37.99999575194970447, -4.517370685039892919 ) ) ;
#2638 = DIRECTION ( 'NONE',  ( 0.000000000000000000, 0.000000000000000000, -1.000000000000000000 ) ) ;
#2639 = LINE ( 'NONE', #2128, #3404 ) ;
#2640 = FACE_OUTER_BOUND ( 'NONE', #7479, .T. ) ;
#2641 = AXIS2_PLACEMENT_3D ( 'NONE', #7453, #1527, #5056 ) ;
#2642 = PRESENTATION_LAYER_ASSIGNMENT (  '', '', ( #2006 ) ) ;
#2643 = FACE_OUTER_BOUND ( 'NONE', #554, .T. ) ;
#2644 = FILL_AREA_STYLE_COLOUR ( '', #7016 ) ;
#2645 = PRESENTATION_LAYER_ASSIGNMENT (  '', '', ( #2144 ) ) ;
#2646 = ORIENTED_EDGE ( 'NONE', *, *, #1510, .T. ) ;
#2647 = FACE_OUTER_BOUND ( 'NONE', #5662, .T. ) ;
#2648 = VERTEX_POINT ( 'NONE', #7389 ) ;
#2649 = FILL_AREA_STYLE ('',( #3337 ) ) ;
#2650 = VECTOR ( 'NONE', #55, 1000.000000000000227 ) ;
#2651 =( GEOMETRIC_REPRESENTATION_CONTEXT ( 3 ) GLOBAL_UNCERTAINTY_ASSIGNED_CONTEXT ( ( #4391 ) ) GLOBAL_UNIT_ASSIGNED_CONTEXT ( ( #3191, #197, #1988 ) ) REPRESENTATION_CONTEXT ( 'NONE', 'WORKASPACE' ) );
#2652 =( NAMED_UNIT ( * ) SI_UNIT ( $, .STERADIAN. ) SOLID_ANGLE_UNIT ( ) );
#2653 = SURFACE_STYLE_USAGE ( .BOTH. , #5649 ) ;
#2654 = CARTESIAN_POINT ( 'NONE',  ( -3.000007324219000182, -2.999995496242035209, -5.979845765448489558 ) ) ;
#2655 = CARTESIAN_POINT ( 'NONE',  ( -12.70001775124999810, -31.99998588843380176, -4.517369635965360786 ) ) ;
#2656 = VECTOR ( 'NONE', #5175, 1000.000000000000227 ) ;
#2657 = STYLED_ITEM ( 'NONE', ( #1794 ), #3216 ) ;
#2658 = UNCERTAINTY_MEASURE_WITH_UNIT (LENGTH_MEASURE( 1.000000000000000082E-05 ), #3121, 'distance_accuracy_value', 'NONE');
#2659 = VERTEX_POINT ( 'NONE', #3248 ) ;
#2660 = PRESENTATION_STYLE_ASSIGNMENT (( #4597 ) ) ;
#2661 = ORIENTED_EDGE ( 'NONE', *, *, #3310, .F. ) ;
#2662 = PRESENTATION_LAYER_ASSIGNMENT (  '', '', ( #1399 ) ) ;
#2663 = DIRECTION ( 'NONE',  ( 0.000000000000000000, 1.748454679999999523E-07, -0.9999999999999846789 ) ) ;
#2664 = PLANE ( 'NONE',  #2641 ) ;
#2665 = STYLED_ITEM ( 'NONE', ( #6931 ), #4189 ) ;
#2666 = VECTOR ( 'NONE', #1443, 1000.000000000000227 ) ;
#2667 = EDGE_CURVE ( 'NONE', #6558, #4250, #2142, .T. ) ;
#2668 = SURFACE_SIDE_STYLE ('',( #5661 ) ) ;
#2669 = AXIS2_PLACEMENT_3D ( 'NONE', #789, #6132, #7357 ) ;
#2670 = EDGE_LOOP ( 'NONE', ( #3818, #447, #6927, #663 ) ) ;
#2671 = UNCERTAINTY_MEASURE_WITH_UNIT (LENGTH_MEASURE( 1.000000000000000082E-05 ), #6596, 'distance_accuracy_value', 'NONE');
#2672 = ORIENTED_EDGE ( 'NONE', *, *, #5246, .T. ) ;
#2673 = ORIENTED_EDGE ( 'NONE', *, *, #601, .F. ) ;
#2674 = SURFACE_SIDE_STYLE ('',( #6255 ) ) ;
#2675 = SURFACE_SIDE_STYLE ('',( #7332 ) ) ;
#2676 = CIRCLE ( 'NONE', #1918, 0.7834999999999989750 ) ;
#2677 = EDGE_CURVE ( 'NONE', #5990, #3407, #6268, .T. ) ;
#2678 = VECTOR ( 'NONE', #2453, 1000.000000000000000 ) ;
#2679 = CARTESIAN_POINT ( 'NONE',  ( 40.00000000000000000, -40.00000000000000000, -2.017369599999999874 ) ) ;
#2680 = EDGE_CURVE ( 'NONE', #3887, #4081, #333, .T. ) ;
#2681 = ORIENTED_EDGE ( 'NONE', *, *, #5630, .F. ) ;
#2682 = LINE ( 'NONE', #1618, #6795 ) ;
#2683 = FACE_OUTER_BOUND ( 'NONE', #665, .T. ) ;
#2684 = EDGE_CURVE ( 'NONE', #5856, #2433, #5597, .T. ) ;
#2685 = CARTESIAN_POINT ( 'NONE',  ( 38.69999999999999574, -40.00000000000000000, 0.000000000000000000 ) ) ;
#2686 = DIRECTION ( 'NONE',  ( 1.000000000000000000, 0.000000000000000000, 0.000000000000000000 ) ) ;
#2687 = CARTESIAN_POINT ( 'NONE',  ( -10.00000000000000000, -10.50000000000000000, 0.000000000000000000 ) ) ;
#2688 = PRESENTATION_STYLE_ASSIGNMENT (( #426 ) ) ;
#2689 = FILL_AREA_STYLE ('',( #427 ) ) ;
#2690 = DIRECTION ( 'NONE',  ( 0.000000000000000000, 0.000000000000000000, 1.000000000000000000 ) ) ;
#2691 = ORIENTED_EDGE ( 'NONE', *, *, #6708, .F. ) ;
#2692 =( LENGTH_UNIT ( ) NAMED_UNIT ( * ) SI_UNIT ( .MILLI., .METRE. ) );
#2693 = DIRECTION ( 'NONE',  ( 0.3826758252060216137, 0.9238826834630381457, 1.615367001671931827E-07 ) ) ;
#2694 = DIRECTION ( 'NONE',  ( 1.000000000000000000, 0.000000000000000000, 0.000000000000000000 ) ) ;
#2695 = AXIS2_PLACEMENT_3D ( 'NONE', #3295, #7354, #5569 ) ;
#2696 = CARTESIAN_POINT ( 'NONE',  ( 9.499991455780998351, -28.49999453194999788, 1.499998807906999909 ) ) ;
#2697 = CARTESIAN_POINT ( 'NONE',  ( -9.021807453828001755, -27.99999553195000246, 1.649998507907000089 ) ) ;
#2698 = PRESENTATION_LAYER_ASSIGNMENT (  '', '', ( #1436 ) ) ;
#2699 = ORIENTED_EDGE ( 'NONE', *, *, #6291, .T. ) ;
#2700 = CARTESIAN_POINT ( 'NONE',  ( -11.70000678421900098, -7.600014602499998162, 0.000000000000000000 ) ) ;
#2701 = CARTESIAN_POINT ( 'NONE',  ( -0.1903348712500000095, -30.42715108241298338, -3.979848093913314067 ) ) ;
#2702 = ORIENTED_EDGE ( 'NONE', *, *, #5440, .F. ) ;
#2703 = DIRECTION ( 'NONE',  ( 0.000000000000000000, 1.748454679999999523E-07, -0.9999999999999847899 ) ) ;
#2704 =( NAMED_UNIT ( * ) SI_UNIT ( $, .STERADIAN. ) SOLID_ANGLE_UNIT ( ) );
#2705 = MECHANICAL_DESIGN_GEOMETRIC_PRESENTATION_REPRESENTATION (  '', ( #5807 ), #7161 ) ;
#2706 = SURFACE_STYLE_FILL_AREA ( #268 ) ;
#2707 = AXIS2_PLACEMENT_3D ( 'NONE', #3998, #7012, #1554 ) ;
#2708 = ORIENTED_EDGE ( 'NONE', *, *, #1049, .T. ) ;
#2709 = ORIENTED_EDGE ( 'NONE', *, *, #271, .T. ) ;
#2710 = AXIS2_PLACEMENT_3D ( 'NONE', #288, #7429, #2805 ) ;
#2711 = VERTEX_POINT ( 'NONE', #1345 ) ;
#2712 = FILL_AREA_STYLE_COLOUR ( '', #3772 ) ;
#2713 = SURFACE_SIDE_STYLE ('',( #366 ) ) ;
#2714 = VECTOR ( 'NONE', #5906, 1000.000000000000227 ) ;
#2715 = OPEN_SHELL ( 'NONE', ( #181, #378 ) ) ;
#2716 = DIRECTION ( 'NONE',  ( 1.000000000000000000, 0.000000000000000000, 0.000000000000000000 ) ) ;
#2717 = VERTEX_POINT ( 'NONE', #4962 ) ;
#2718 = PRESENTATION_STYLE_ASSIGNMENT (( #6799 ) ) ;
#2719 = EDGE_CURVE ( 'NONE', #4250, #3723, #247, .T. ) ;
#2720 = VECTOR ( 'NONE', #4321, 1000.000000000000000 ) ;
#2721 =( NAMED_UNIT ( * ) PLANE_ANGLE_UNIT ( ) SI_UNIT ( $, .RADIAN. ) );
#2722 = CARTESIAN_POINT ( 'NONE',  ( -12.70000732421899947, -32.00001406250000002, 2.540000000000000036 ) ) ;
#2723 = CARTESIAN_POINT ( 'NONE',  ( -1.300000000000000044, 2.000000000000000000, 0.000000000000000000 ) ) ;
#2724 = VECTOR ( 'NONE', #7409, 1000.000000000000000 ) ;
#2725 = DIRECTION ( 'NONE',  ( 0.000000000000000000, -1.748454679999999787E-07, 0.9999999999999849010 ) ) ;
#2726 = EDGE_CURVE ( 'NONE', #6487, #3812, #2771, .T. ) ;
#2727 = FACE_OUTER_BOUND ( 'NONE', #3313, .T. ) ;
#2728 = ORIENTED_EDGE ( 'NONE', *, *, #4035, .T. ) ;
#2729 = ORIENTED_EDGE ( 'NONE', *, *, #7364, .F. ) ;
#2730 = VECTOR ( 'NONE', #374, 1000.000000000000000 ) ;
#2731 = CARTESIAN_POINT ( 'NONE',  ( -4.775524931250000549, -30.34464111045367929, -7.479848699486872476 ) ) ;
#2732 = PLANE ( 'NONE',  #6130 ) ;
#2733 = SURFACE_SIDE_STYLE ('',( #2261 ) ) ;
#2734 = SURFACE_STYLE_FILL_AREA ( #2013 ) ;
#2735 = CYLINDRICAL_SURFACE ( 'NONE', #2245, 1.300000000000002487 ) ;
#2736 =( LENGTH_UNIT ( ) NAMED_UNIT ( * ) SI_UNIT ( .MILLI., .METRE. ) );
#2737 =( GEOMETRIC_REPRESENTATION_CONTEXT ( 3 ) GLOBAL_UNCERTAINTY_ASSIGNED_CONTEXT ( ( #2995 ) ) GLOBAL_UNIT_ASSIGNED_CONTEXT ( ( #5374, #3850, #3711 ) ) REPRESENTATION_CONTEXT ( 'NONE', 'WORKASPACE' ) );
#2738 = UNCERTAINTY_MEASURE_WITH_UNIT (LENGTH_MEASURE( 1.000000000000000082E-05 ), #2925, 'distance_accuracy_value', 'NONE');
#2739 = EDGE_CURVE ( 'NONE', #3886, #4380, #4369, .T. ) ;
#2740 = EDGE_LOOP ( 'NONE', ( #5853, #282, #5041, #3735 ) ) ;
#2741 = DIRECTION ( 'NONE',  ( 1.000000000000000000, 0.000000000000000000, -0.000000000000000000 ) ) ;
#2742 =( LENGTH_UNIT ( ) NAMED_UNIT ( * ) SI_UNIT ( .MILLI., .METRE. ) );
#2743 = VERTEX_POINT ( 'NONE', #809 ) ;
#2744 = AXIS2_PLACEMENT_3D ( 'NONE', #4234, #2314, #7648 ) ;
#2745 = CARTESIAN_POINT ( 'NONE',  ( 10.69998116875000171, -29.99998480843382964, -4.517369286274235840 ) ) ;
#2746 = FACE_OUTER_BOUND ( 'NONE', #3192, .T. ) ;
#2747 = VERTEX_POINT ( 'NONE', #764 ) ;
#2748 = UNCERTAINTY_MEASURE_WITH_UNIT (LENGTH_MEASURE( 1.000000000000000082E-05 ), #1176, 'distance_accuracy_value', 'NONE');
#2749 = VECTOR ( 'NONE', #5805, 1000.000000000000000 ) ;
#2750 = EDGE_LOOP ( 'NONE', ( #513, #7197 ) ) ;
#2751 = VERTEX_POINT ( 'NONE', #6192 ) ;
#2752 = SURFACE_STYLE_USAGE ( .BOTH. , #6368 ) ;
#2753 = VECTOR ( 'NONE', #376, 1000.000000000000000 ) ;
#2754 = DIRECTION ( 'NONE',  ( 0.000000000000000000, 0.000000000000000000, -1.000000000000000000 ) ) ;
#2755 = ORIENTED_EDGE ( 'NONE', *, *, #4079, .T. ) ;
#2756 = DIRECTION ( 'NONE',  ( 0.000000000000000000, 0.000000000000000000, 1.000000000000000000 ) ) ;
#2757 = DIRECTION ( 'NONE',  ( 1.000000000000000000, 0.000000000000000000, 0.000000000000000000 ) ) ;
#2758 =( NAMED_UNIT ( * ) PLANE_ANGLE_UNIT ( ) SI_UNIT ( $, .RADIAN. ) );
#2759 = CARTESIAN_POINT ( 'NONE',  ( 14.69999999999999929, -38.50000000000000000, 0.000000000000000000 ) ) ;
#2760 = CIRCLE ( 'NONE', #5867, 1.100000000000000311 ) ;
#2761 = EDGE_CURVE ( 'NONE', #5534, #7252, #3202, .T. ) ;
#2762 = CARTESIAN_POINT ( 'NONE',  ( 8.501151839767999263, -27.50115491593686912, -4.517368849365152705 ) ) ;
#2763 = CARTESIAN_POINT ( 'NONE',  ( -4.300007324218984017, -34.49999562409564646, -5.979851273080754481 ) ) ;
#2764 = VERTEX_POINT ( 'NONE', #2685 ) ;
#2765 = VERTEX_POINT ( 'NONE', #2085 ) ;
#2766 = COLOUR_RGB ( '',1.000000000000000000, 1.000000000000000000, 1.000000000000000000 ) ;
#2767 =( LENGTH_UNIT ( ) NAMED_UNIT ( * ) SI_UNIT ( .MILLI., .METRE. ) );
#2768 = CARTESIAN_POINT ( 'NONE',  ( -12.70000732421899947, -32.00001406250000002, 0.000000000000000000 ) ) ;
#2769 = DIRECTION ( 'NONE',  ( 0.000000000000000000, -1.748454679999999523E-07, 0.9999999999999847899 ) ) ;
#2770 = DIRECTION ( 'NONE',  ( 0.000000000000000000, -1.000000000000000000, 0.000000000000000000 ) ) ;
#2771 = CIRCLE ( 'NONE', #7236, 0.6250000000000000000 ) ;
#2772 = PRESENTATION_STYLE_ASSIGNMENT (( #5239 ) ) ;
#2773 = EDGE_CURVE ( 'NONE', #6031, #704, #640, .T. ) ;
#2774 = PRESENTATION_LAYER_ASSIGNMENT (  '', '', ( #6135 ) ) ;
#2775 = ADVANCED_FACE ( 'NONE', ( #4996 ), #7341, .T. ) ;
#2776 = LINE ( 'NONE', #5133, #676 ) ;
#2777 = VERTEX_POINT ( 'NONE', #2217 ) ;
#2778 = PRESENTATION_LAYER_ASSIGNMENT (  '', '', ( #775 ) ) ;
#2779 = CARTESIAN_POINT ( 'NONE',  ( -9.500006104219000491, -9.499994431950002038, 1.599998607906999881 ) ) ;
#2780 = ORIENTED_EDGE ( 'NONE', *, *, #2347, .T. ) ;
#2781 = PRESENTATION_STYLE_ASSIGNMENT (( #6827 ) ) ;
#2782 = STYLED_ITEM ( 'NONE', ( #2597 ), #6753 ) ;
#2783 = DIRECTION ( 'NONE',  ( 0.000000000000000000, 1.748454679999999787E-07, -0.9999999999999849010 ) ) ;
#2784 = DIRECTION ( 'NONE',  ( 0.000000000000000000, 0.9999999999999846789, 1.748454679999999258E-07 ) ) ;
#2785 = EDGE_CURVE ( 'NONE', #2149, #385, #4620, .T. ) ;
#2786 = VECTOR ( 'NONE', #3546, 1000.000000000000227 ) ;
#2787 = VECTOR ( 'NONE', #3632, 1000.000000000000227 ) ;
#2788 = ORIENTED_EDGE ( 'NONE', *, *, #3797, .F. ) ;
#2789 = ORIENTED_EDGE ( 'NONE', *, *, #6629, .F. ) ;
#2790 = EDGE_LOOP ( 'NONE', ( #1542, #6232, #4942, #5564 ) ) ;
#2791 =( NAMED_UNIT ( * ) PLANE_ANGLE_UNIT ( ) SI_UNIT ( $, .RADIAN. ) );
#2792 =( GEOMETRIC_REPRESENTATION_CONTEXT ( 3 ) GLOBAL_UNCERTAINTY_ASSIGNED_CONTEXT ( ( #2274 ) ) GLOBAL_UNIT_ASSIGNED_CONTEXT ( ( #1386, #820, #6314 ) ) REPRESENTATION_CONTEXT ( 'NONE', 'WORKASPACE' ) );
#2793 = DIRECTION ( 'NONE',  ( 0.000000000000000000, 0.9999999999999846789, 1.748454679999999258E-07 ) ) ;
#2794 = VECTOR ( 'NONE', #6025, 1000.000000000000000 ) ;
#2795 = SURFACE_SIDE_STYLE ('',( #6417 ) ) ;
#2796 = AXIS2_PLACEMENT_3D ( 'NONE', #1982, #6169, #309 ) ;
#2797 = SURFACE_STYLE_USAGE ( .BOTH. , #1454 ) ;
#2798 = SURFACE_STYLE_FILL_AREA ( #4613 ) ;
#2799 = ORIENTED_EDGE ( 'NONE', *, *, #2204, .T. ) ;
#2800 = PRESENTATION_LAYER_ASSIGNMENT (  '', '', ( #2301 ) ) ;
#2801 = AXIS2_PLACEMENT_3D ( 'NONE', #6470, #1130, #1706 ) ;
#2802 = CARTESIAN_POINT ( 'NONE',  ( 41.30000000000000426, -40.00000000000000000, -2.017369599999999874 ) ) ;
#2803 = CIRCLE ( 'NONE', #7266, 1.498841284246002159 ) ;
#2804 =( LENGTH_UNIT ( ) NAMED_UNIT ( * ) SI_UNIT ( .MILLI., .METRE. ) );
#2805 = DIRECTION ( 'NONE',  ( -0.0003646012926752482280, -0.9999999335329464722, 0.000000000000000000 ) ) ;
#2806 = LINE ( 'NONE', #1084, #4525 ) ;
#2807 = FACE_OUTER_BOUND ( 'NONE', #1251, .T. ) ;
#2808 = CARTESIAN_POINT ( 'NONE',  ( 10.69998116875000171, -8.599984428434160222, -4.517365544581153358 ) ) ;
#2809 =( LENGTH_UNIT ( ) NAMED_UNIT ( * ) SI_UNIT ( .MILLI., .METRE. ) );
#2810 =( NAMED_UNIT ( * ) SI_UNIT ( $, .STERADIAN. ) SOLID_ANGLE_UNIT ( ) );
#2811 = ORIENTED_EDGE ( 'NONE', *, *, #6341, .F. ) ;
#2812 = EDGE_LOOP ( 'NONE', ( #7677, #3552, #7398, #5696 ) ) ;
#2813 = ADVANCED_FACE ( 'NONE', ( #1005 ), #2849, .F. ) ;
#2814 =( NAMED_UNIT ( * ) PLANE_ANGLE_UNIT ( ) SI_UNIT ( $, .RADIAN. ) );
#2815 = FILL_AREA_STYLE ('',( #433 ) ) ;
#2816 = DIRECTION ( 'NONE',  ( 0.9999999999999961142, 8.742277695184497234E-08, 1.535329972990967195E-14 ) ) ;
#2817 =( LENGTH_UNIT ( ) NAMED_UNIT ( * ) SI_UNIT ( .MILLI., .METRE. ) );
#2818 =( GEOMETRIC_REPRESENTATION_CONTEXT ( 3 ) GLOBAL_UNCERTAINTY_ASSIGNED_CONTEXT ( ( #7415 ) ) GLOBAL_UNIT_ASSIGNED_CONTEXT ( ( #6793, #3079, #7421 ) ) REPRESENTATION_CONTEXT ( 'NONE', 'WORKASPACE' ) );
#2819 = DIRECTION ( 'NONE',  ( 1.000000000000000000, 0.000000000000000000, 0.000000000000000000 ) ) ;
#2820 = VERTEX_POINT ( 'NONE', #5754 ) ;
#2821 = FACE_BOUND ( 'NONE', #942, .T. ) ;
#2822 = EDGE_CURVE ( 'NONE', #5201, #2870, #1584, .T. ) ;
#2823 = SURFACE_STYLE_FILL_AREA ( #3881 ) ;
#2824 =( NAMED_UNIT ( * ) PLANE_ANGLE_UNIT ( ) SI_UNIT ( $, .RADIAN. ) );
#2825 = FILL_AREA_STYLE ('',( #5703 ) ) ;
#2826 = COLOUR_RGB ( '',1.000000000000000000, 0.6078431372549019107, 0.000000000000000000 ) ;
#2827 = ORIENTED_EDGE ( 'NONE', *, *, #5521, .T. ) ;
#2828 = UNCERTAINTY_MEASURE_WITH_UNIT (LENGTH_MEASURE( 1.000000000000000082E-05 ), #4768, 'distance_accuracy_value', 'NONE');
#2829 = EDGE_LOOP ( 'NONE', ( #3138, #5742, #5814, #6732 ) ) ;
#2830 = DIRECTION ( 'NONE',  ( 0.000000000000000000, 0.000000000000000000, 1.000000000000000000 ) ) ;
#2831 = VERTEX_POINT ( 'NONE', #6962 ) ;
#2832 = EDGE_CURVE ( 'NONE', #5397, #6096, #4284, .T. ) ;
#2833 = STYLED_ITEM ( 'NONE', ( #2718 ), #344 ) ;
#2834 = EDGE_CURVE ( 'NONE', #4596, #6018, #4662, .T. ) ;
#2835 = CARTESIAN_POINT ( 'NONE',  ( -10.00000732421900018, -27.49999549624165951, -5.979850049162455328 ) ) ;
#2836 = DIRECTION ( 'NONE',  ( 0.000000000000000000, 0.000000000000000000, -1.000000000000000000 ) ) ;
#2837 = FACE_OUTER_BOUND ( 'NONE', #3299, .T. ) ;
#2838 = SURFACE_STYLE_USAGE ( .BOTH. , #7658 ) ;
#2839 = PRODUCT ( 'VC Sensor V1.0', 'VC Sensor V1.0', '', ( #1743 ) ) ;
#2840 = PRESENTATION_LAYER_ASSIGNMENT (  '', '', ( #6311 ) ) ;
#2841 = CIRCLE ( 'NONE', #7172, 1.498841284246002159 ) ;
#2842 = ORIENTED_EDGE ( 'NONE', *, *, #6711, .T. ) ;
#2843 = ORIENTED_EDGE ( 'NONE', *, *, #2667, .T. ) ;
#2844 = EDGE_CURVE ( 'NONE', #3970, #704, #5231, .T. ) ;
#2845 = CARTESIAN_POINT ( 'NONE',  ( -4.375007324219001070, -30.29999549624161403, -5.979850538729765574 ) ) ;
#2846 = CIRCLE ( 'NONE', #1958, 2.000729601581999084 ) ;
#2847 = OPEN_SHELL ( 'NONE', ( #6298, #815, #3050, #2775, #3016 ) ) ;
#2848 = FILL_AREA_STYLE_COLOUR ( '', #3 ) ;
#2849 = PLANE ( 'NONE',  #5272 ) ;
#2850 = LINE ( 'NONE', #6963, #6317 ) ;
#2851 = DIRECTION ( 'NONE',  ( 1.000000000000000000, 0.000000000000000000, 0.000000000000000000 ) ) ;
#2852 =( NAMED_UNIT ( * ) SI_UNIT ( $, .STERADIAN. ) SOLID_ANGLE_UNIT ( ) );
#2853 = CIRCLE ( 'NONE', #1100, 3.001094402371998981 ) ;
#2854 = DIRECTION ( 'NONE',  ( 0.000000000000000000, 0.000000000000000000, 1.000000000000000000 ) ) ;
#2855 =( NAMED_UNIT ( * ) PLANE_ANGLE_UNIT ( ) SI_UNIT ( $, .RADIAN. ) );
#2856 = ORIENTED_EDGE ( 'NONE', *, *, #6076, .T. ) ;
#2857 = DIRECTION ( 'NONE',  ( 0.000000000000000000, 0.000000000000000000, 1.000000000000000000 ) ) ;
#2858 = DIRECTION ( 'NONE',  ( 0.000000000000000000, 1.748454679999999787E-07, -0.9999999999999849010 ) ) ;
#2859 = FILL_AREA_STYLE_COLOUR ( '', #2491 ) ;
#2860 = CARTESIAN_POINT ( 'NONE',  ( -5.190334871250000148, -30.17282342241298920, -3.979848049445275482 ) ) ;
#2861 =( NAMED_UNIT ( * ) SI_UNIT ( $, .STERADIAN. ) SOLID_ANGLE_UNIT ( ) );
#2862 = ORIENTED_EDGE ( 'NONE', *, *, #5969, .F. ) ;
#2863 = CARTESIAN_POINT ( 'NONE',  ( 8.501159163987001222, -10.49884083601000029, -2.017369599999999874 ) ) ;
#2864 = DIRECTION ( 'NONE',  ( 0.000000000000000000, 1.000000000000000000, 0.000000000000000000 ) ) ;
#2865 =( NAMED_UNIT ( * ) SI_UNIT ( $, .STERADIAN. ) SOLID_ANGLE_UNIT ( ) );
#2866 = DIRECTION ( 'NONE',  ( 0.000000000000000000, -0.9999999999999846789, -1.748454679999999258E-07 ) ) ;
#2867 = LINE ( 'NONE', #1068, #4684 ) ;
#2868 = AXIS2_PLACEMENT_3D ( 'NONE', #6214, #3672, #6035 ) ;
#2869 = EDGE_CURVE ( 'NONE', #2476, #565, #2806, .T. ) ;
#2870 = VERTEX_POINT ( 'NONE', #5197 ) ;
#2871 = EDGE_LOOP ( 'NONE', ( #5604, #3521, #3836, #7603 ) ) ;
#2872 = VERTEX_POINT ( 'NONE', #5264 ) ;
#2873 = VECTOR ( 'NONE', #6481, 1000.000000000000000 ) ;
#2874 = CARTESIAN_POINT ( 'NONE',  ( -7.626568044219006026, -34.99355851930438632, -5.917369181861988459 ) ) ;
#2875 = CARTESIAN_POINT ( 'NONE',  ( -23.00000000000000000, 41.50000000000000000, -2.017369599999999874 ) ) ;
#2876 = SURFACE_STYLE_USAGE ( .BOTH. , #5860 ) ;
#2877 = SURFACE_STYLE_USAGE ( .BOTH. , #4209 ) ;
#2878 = CARTESIAN_POINT ( 'NONE',  ( -9.500006104219000491, -28.49999453194999788, 1.599998607906999881 ) ) ;
#2879 = EDGE_CURVE ( 'NONE', #124, #790, #1155, .T. ) ;
#2880 =( GEOMETRIC_REPRESENTATION_CONTEXT ( 3 ) GLOBAL_UNCERTAINTY_ASSIGNED_CONTEXT ( ( #797 ) ) GLOBAL_UNIT_ASSIGNED_CONTEXT ( ( #7401, #981, #3386 ) ) REPRESENTATION_CONTEXT ( 'NONE', 'WORKASPACE' ) );
#2881 = VERTEX_POINT ( 'NONE', #6382 ) ;
#2882 = ORIENTED_EDGE ( 'NONE', *, *, #4783, .T. ) ;
#2883 = CARTESIAN_POINT ( 'NONE',  ( -3.000007324219000182, -4.599995496242009985, -5.979846045201238525 ) ) ;
#2884 = VECTOR ( 'NONE', #7390, 1000.000000000000000 ) ;
#2885 = DIRECTION ( 'NONE',  ( 0.000000000000000000, 0.000000000000000000, -1.000000000000000000 ) ) ;
#2886 = FILL_AREA_STYLE_COLOUR ( '', #5788 ) ;
#2887 = DIRECTION ( 'NONE',  ( -0.9999999999999950040, 1.000000010007988968E-07, 0.000000000000000000 ) ) ;
#2888 = SURFACE_STYLE_FILL_AREA ( #7698 ) ;
#2889 = DIRECTION ( 'NONE',  ( 0.000000000000000000, -1.748454679999999787E-07, 0.9999999999999849010 ) ) ;
#2890 = EDGE_CURVE ( 'NONE', #4655, #2192, #4700, .T. ) ;
#2891 = SURFACE_SIDE_STYLE ('',( #1167 ) ) ;
#2892 = LINE ( 'NONE', #3460, #4286 ) ;
#2893 = DIRECTION ( 'NONE',  ( 0.000000000000000000, -1.000000000000000000, 0.000000000000000000 ) ) ;
#2894 = SURFACE_STYLE_FILL_AREA ( #4193 ) ;
#2895 = FILL_AREA_STYLE ('',( #7080 ) ) ;
#2896 = FACE_OUTER_BOUND ( 'NONE', #7368, .T. ) ;
#2897 = CARTESIAN_POINT ( 'NONE',  ( -38.69999999999999574, -40.00000000000000000, -2.017369599999999874 ) ) ;
#2898 = SURFACE_SIDE_STYLE ('',( #1823 ) ) ;
#2899 = DIRECTION ( 'NONE',  ( 0.000000000000000000, 0.000000000000000000, 1.000000000000000000 ) ) ;
#2900 = VECTOR ( 'NONE', #3950, 1000.000000000000000 ) ;
#2901 = VERTEX_POINT ( 'NONE', #3534 ) ;
#2902 = LINE ( 'NONE', #4636, #6894 ) ;
#2903 =( LENGTH_UNIT ( ) NAMED_UNIT ( * ) SI_UNIT ( .MILLI., .METRE. ) );
#2904 = CARTESIAN_POINT ( 'NONE',  ( -0.02656804421900000115, -2.993528806017086819, -2.017363586801758757 ) ) ;
#2905 = FILL_AREA_STYLE ('',( #7057 ) ) ;
#2906 =( GEOMETRIC_REPRESENTATION_CONTEXT ( 3 ) GLOBAL_UNCERTAINTY_ASSIGNED_CONTEXT ( ( #3841 ) ) GLOBAL_UNIT_ASSIGNED_CONTEXT ( ( #4812, #1896, #105 ) ) REPRESENTATION_CONTEXT ( 'NONE', 'WORKASPACE' ) );
#2907 = EDGE_LOOP ( 'NONE', ( #717, #7207 ) ) ;
#2908 = CIRCLE ( 'NONE', #6510, 0.5000000000000004441 ) ;
#2909 = MECHANICAL_DESIGN_GEOMETRIC_PRESENTATION_REPRESENTATION (  '', ( #2006 ), #3903 ) ;
#2910 = UNCERTAINTY_MEASURE_WITH_UNIT (LENGTH_MEASURE( 1.000000000000000082E-05 ), #5010, 'distance_accuracy_value', 'NONE');
#2911 = VERTEX_POINT ( 'NONE', #5114 ) ;
#2912 = ORIENTED_EDGE ( 'NONE', *, *, #618, .T. ) ;
#2913 = MECHANICAL_DESIGN_GEOMETRIC_PRESENTATION_REPRESENTATION (  '', ( #6021 ), #4166 ) ;
#2914 = CARTESIAN_POINT ( 'NONE',  ( -0.2245105712499999850, -30.29998598241298424, -3.979848071679071619 ) ) ;
#2915 = EDGE_CURVE ( 'NONE', #6790, #1806, #7469, .T. ) ;
#2916 =( GEOMETRIC_REPRESENTATION_CONTEXT ( 3 ) GLOBAL_UNCERTAINTY_ASSIGNED_CONTEXT ( ( #4719 ) ) GLOBAL_UNIT_ASSIGNED_CONTEXT ( ( #6783, #2110, #2193 ) ) REPRESENTATION_CONTEXT ( 'NONE', 'WORKASPACE' ) );
#2917 = CARTESIAN_POINT ( 'NONE',  ( 8.500000000000000000, -9.000000000000000000, -2.017369599999999874 ) ) ;
#2918 = CARTESIAN_POINT ( 'NONE',  ( -0.2245105712499999850, -30.29998537045374007, -7.479848691679018557 ) ) ;
#2919 = CIRCLE ( 'NONE', #40, 1.300000000000002487 ) ;
#2920 = VERTEX_POINT ( 'NONE', #4802 ) ;
#2921 = UNCERTAINTY_MEASURE_WITH_UNIT (LENGTH_MEASURE( 1.000000000000000082E-05 ), #2270, 'distance_accuracy_value', 'NONE');
#2922 = VERTEX_POINT ( 'NONE', #7148 ) ;
#2923 = VECTOR ( 'NONE', #1631, 1000.000000000000000 ) ;
#2924 = AXIS2_PLACEMENT_3D ( 'NONE', #6014, #2429, #4273 ) ;
#2925 =( LENGTH_UNIT ( ) NAMED_UNIT ( * ) SI_UNIT ( .MILLI., .METRE. ) );
#2926 = EDGE_CURVE ( 'NONE', #4643, #2920, #795, .T. ) ;
#2927 = EDGE_CURVE ( 'NONE', #3545, #6420, #6573, .T. ) ;
#2928 = SURFACE_SIDE_STYLE ('',( #7586 ) ) ;
#2929 = FACE_OUTER_BOUND ( 'NONE', #6310, .T. ) ;
#2930 = AXIS2_PLACEMENT_3D ( 'NONE', #6471, #7633, #503 ) ;
#2931 = PRESENTATION_STYLE_ASSIGNMENT (( #530 ) ) ;
#2932 = PRESENTATION_STYLE_ASSIGNMENT (( #6614 ) ) ;
#2933 = COLOUR_RGB ( '',0.000000000000000000, 0.5019607843137254832, 0.000000000000000000 ) ;
#2934 = DIRECTION ( 'NONE',  ( 1.000000000000000000, 0.000000000000000000, 0.000000000000000000 ) ) ;
#2935 = VECTOR ( 'NONE', #4905, 1000.000000000000227 ) ;
#2936 = FACE_OUTER_BOUND ( 'NONE', #5940, .T. ) ;
#2937 = EDGE_CURVE ( 'NONE', #650, #7497, #3003, .T. ) ;
#2938 = ADVANCED_FACE ( 'NONE', ( #1229 ), #4762, .F. ) ;
#2939 = AXIS2_PLACEMENT_3D ( 'NONE', #395, #6516, #3688 ) ;
#2940 = CARTESIAN_POINT ( 'NONE',  ( -5.044673491250050823, -30.07549255045374181, -7.479848652427466327 ) ) ;
#2941 = DIRECTION ( 'NONE',  ( 0.0003646012926752482280, 0.9999999335329464722, 0.000000000000000000 ) ) ;
#2942 = CARTESIAN_POINT ( 'NONE',  ( 8.999992675780998042, -34.99999575194976131, -4.517370160503488385 ) ) ;
#2943 = DIRECTION ( 'NONE',  ( 0.000000000000000000, 1.748454679999999523E-07, -0.9999999999999847899 ) ) ;
#2944 = AXIS2_PLACEMENT_3D ( 'NONE', #7406, #5654, #2616 ) ;
#2945 =( GEOMETRIC_REPRESENTATION_CONTEXT ( 3 ) GLOBAL_UNCERTAINTY_ASSIGNED_CONTEXT ( ( #1558 ) ) GLOBAL_UNIT_ASSIGNED_CONTEXT ( ( #786, #7487, #2263 ) ) REPRESENTATION_CONTEXT ( 'NONE', 'WORKASPACE' ) );
#2946 = ORIENTED_EDGE ( 'NONE', *, *, #323, .T. ) ;
#2947 = DIRECTION ( 'NONE',  ( 0.000000000000000000, 0.000000000000000000, -1.000000000000000000 ) ) ;
#2948 = AXIS2_PLACEMENT_3D ( 'NONE', #5295, #1162, #4801 ) ;
#2949 = PRESENTATION_STYLE_ASSIGNMENT (( #474 ) ) ;
#2950 =( NAMED_UNIT ( * ) PLANE_ANGLE_UNIT ( ) SI_UNIT ( $, .RADIAN. ) );
#2951 = ORIENTED_EDGE ( 'NONE', *, *, #7337, .T. ) ;
#2952 = CIRCLE ( 'NONE', #4069, 1.498841284246000383 ) ;
#2953 = VERTEX_POINT ( 'NONE', #5335 ) ;
#2954 = EDGE_LOOP ( 'NONE', ( #6797, #6284 ) ) ;
#2955 = SURFACE_STYLE_FILL_AREA ( #3629 ) ;
#2956 = DIRECTION ( 'NONE',  ( 0.000000000000000000, 0.000000000000000000, -1.000000000000000000 ) ) ;
#2957 = FILL_AREA_STYLE ('',( #627 ) ) ;
#2958 = STYLED_ITEM ( 'NONE', ( #1135 ), #5292 ) ;
#2959 = DIRECTION ( 'NONE',  ( 1.000000000000000000, 0.000000000000000000, 0.000000000000000000 ) ) ;
#2960 = LINE ( 'NONE', #2209, #3225 ) ;
#2961 = EDGE_LOOP ( 'NONE', ( #2529, #1441, #2827, #5102 ) ) ;
#2962 = ORIENTED_EDGE ( 'NONE', *, *, #6798, .F. ) ;
#2963 =( GEOMETRIC_REPRESENTATION_CONTEXT ( 3 ) GLOBAL_UNCERTAINTY_ASSIGNED_CONTEXT ( ( #2748 ) ) GLOBAL_UNIT_ASSIGNED_CONTEXT ( ( #1176, #544, #3586 ) ) REPRESENTATION_CONTEXT ( 'NONE', 'WORKASPACE' ) );
#2964 = DIRECTION ( 'NONE',  ( 0.000000000000000000, 1.748454679999999523E-07, -0.9999999999999846789 ) ) ;
#2965 = FILL_AREA_STYLE ('',( #2886 ) ) ;
#2966 = AXIS2_PLACEMENT_3D ( 'NONE', #1888, #1338, #1230 ) ;
#2967 = VECTOR ( 'NONE', #2482, 1000.000000000000000 ) ;
#2968 = SURFACE_SIDE_STYLE ('',( #2888 ) ) ;
#2969 = CARTESIAN_POINT ( 'NONE',  ( 8.977176106171999237, -9.999995971950001561, 1.649998507907000089 ) ) ;
#2970 = EDGE_CURVE ( 'NONE', #193, #3594, #569, .T. ) ;
#2971 =( NAMED_UNIT ( * ) SI_UNIT ( $, .STERADIAN. ) SOLID_ANGLE_UNIT ( ) );
#2972 =( NAMED_UNIT ( * ) PLANE_ANGLE_UNIT ( ) SI_UNIT ( $, .RADIAN. ) );
#2973 = LINE ( 'NONE', #7077, #6871 ) ;
#2974 = STYLED_ITEM ( 'NONE', ( #1303 ), #5978 ) ;
#2975 = SURFACE_STYLE_USAGE ( .BOTH. , #4150 ) ;
#2976 = LINE ( 'NONE', #2488, #2518 ) ;
#2977 = DIRECTION ( 'NONE',  ( 1.000000000000000000, 0.000000000000000000, 0.000000000000000000 ) ) ;
#2978 = CIRCLE ( 'NONE', #587, 1.300000000000000044 ) ;
#2979 = EDGE_CURVE ( 'NONE', #2149, #3219, #6102, .T. ) ;
#2980 = ORIENTED_EDGE ( 'NONE', *, *, #3010, .F. ) ;
#2981 =( NAMED_UNIT ( * ) PLANE_ANGLE_UNIT ( ) SI_UNIT ( $, .RADIAN. ) );
#2982 = DIRECTION ( 'NONE',  ( 0.000000000000000000, -1.748454679999999787E-07, 0.9999999999999849010 ) ) ;
#2983 = CARTESIAN_POINT ( 'NONE',  ( -14.69999999999999929, -43.00000000000000000, -2.017369599999999874 ) ) ;
#2984 = FILL_AREA_STYLE_COLOUR ( '', #5030 ) ;
#2985 = ADVANCED_FACE ( 'NONE', ( #5541 ), #5296, .T. ) ;
#2986 = MECHANICAL_DESIGN_GEOMETRIC_PRESENTATION_REPRESENTATION (  '', ( #6208 ), #5572 ) ;
#2987 = UNCERTAINTY_MEASURE_WITH_UNIT (LENGTH_MEASURE( 1.000000000000000082E-05 ), #6572, 'distance_accuracy_value', 'NONE');
#2988 = EDGE_LOOP ( 'NONE', ( #1490, #6833, #481, #7574 ) ) ;
#2989 = ORIENTED_EDGE ( 'NONE', *, *, #2915, .F. ) ;
#2990 =( LENGTH_UNIT ( ) NAMED_UNIT ( * ) SI_UNIT ( .MILLI., .METRE. ) );
#2991 = SURFACE_SIDE_STYLE ('',( #6605 ) ) ;
#2992 = FILL_AREA_STYLE ('',( #4790 ) ) ;
#2993 = FACE_OUTER_BOUND ( 'NONE', #3854, .T. ) ;
#2994 = ORIENTED_EDGE ( 'NONE', *, *, #966, .F. ) ;
#2995 = UNCERTAINTY_MEASURE_WITH_UNIT (LENGTH_MEASURE( 1.000000000000000082E-05 ), #5374, 'distance_accuracy_value', 'NONE');
#2996 =( GEOMETRIC_REPRESENTATION_CONTEXT ( 3 ) GLOBAL_UNCERTAINTY_ASSIGNED_CONTEXT ( ( #2372 ) ) GLOBAL_UNIT_ASSIGNED_CONTEXT ( ( #3639, #636, #3116 ) ) REPRESENTATION_CONTEXT ( 'NONE', 'WORKASPACE' ) );
#2997 = ORIENTED_EDGE ( 'NONE', *, *, #3550, .T. ) ;
#2998 = ORIENTED_EDGE ( 'NONE', *, *, #3602, .F. ) ;
#2999 = CARTESIAN_POINT ( 'NONE',  ( 14.69999999999999929, -38.50000000000000000, -2.017369599999999874 ) ) ;
#3000 = CARTESIAN_POINT ( 'NONE',  ( 10.00000000000000000, -10.50000000000000000, -2.017369599999999874 ) ) ;
#3001 = VECTOR ( 'NONE', #736, 1000.000000000000000 ) ;
#3002 = CARTESIAN_POINT ( 'NONE',  ( 40.00000000000000000, -43.00000000000000000, 0.000000000000000000 ) ) ;
#3003 = LINE ( 'NONE', #7107, #4541 ) ;
#3004 = DIRECTION ( 'NONE',  ( 0.000000000000000000, 1.748454679999999523E-07, -0.9999999999999846789 ) ) ;
#3005 =( NAMED_UNIT ( * ) SI_UNIT ( $, .STERADIAN. ) SOLID_ANGLE_UNIT ( ) );
#3006 = SURFACE_SIDE_STYLE ('',( #6428 ) ) ;
#3007 = CARTESIAN_POINT ( 'NONE',  ( 8.189931955781004191, -34.99355871019201913, -5.917369181862022209 ) ) ;
#3008 = COLOUR_RGB ( '',0.000000000000000000, 0.5019607843137254832, 0.000000000000000000 ) ;
#3009 = FACE_OUTER_BOUND ( 'NONE', #7416, .T. ) ;
#3010 = EDGE_CURVE ( 'NONE', #5618, #1506, #1276, .T. ) ;
#3011 = FILL_AREA_STYLE ('',( #5926 ) ) ;
#3012 = DIRECTION ( 'NONE',  ( 0.000000000000000000, 0.000000000000000000, 1.000000000000000000 ) ) ;
#3013 = CIRCLE ( 'NONE', #6978, 0.7834999999999989750 ) ;
#3014 = EDGE_LOOP ( 'NONE', ( #5359, #3657, #2862, #4978 ) ) ;
#3015 = CARTESIAN_POINT ( 'NONE',  ( -5.000007324219000182, -6.599995751950190837, -4.517365194892196456 ) ) ;
#3016 = ADVANCED_FACE ( 'NONE', ( #7365, #4470 ), #6906, .F. ) ;
#3017 = PLANE ( 'NONE',  #6087 ) ;
#3018 = LINE ( 'NONE', #6054, #4180 ) ;
#3019 = DIRECTION ( 'NONE',  ( 1.000000000000000000, 0.000000000000000000, 0.000000000000000000 ) ) ;
#3020 = EDGE_CURVE ( 'NONE', #4913, #2395, #4515, .T. ) ;
#3021 = CIRCLE ( 'NONE', #634, 2.200461398020997272 ) ;
#3022 = ORIENTED_EDGE ( 'NONE', *, *, #4743, .T. ) ;
#3023 = VERTEX_POINT ( 'NONE', #316 ) ;
#3024 = PLANE ( 'NONE',  #2669 ) ;
#3025 = EDGE_LOOP ( 'NONE', ( #1028, #297, #5259, #4685 ) ) ;
#3026 = CARTESIAN_POINT ( 'NONE',  ( -6.000007324219000182, -34.49999549624155293, -5.979851273080732277 ) ) ;
#3027 = DIRECTION ( 'NONE',  ( 1.000000000000000000, 0.000000000000000000, 0.000000000000000000 ) ) ;
#3028 = EDGE_CURVE ( 'NONE', #1506, #5618, #2150, .T. ) ;
#3029 = SURFACE_SIDE_STYLE ('',( #4135 ) ) ;
#3030 = SURFACE_SIDE_STYLE ('',( #3633 ) ) ;
#3031 = MECHANICAL_DESIGN_GEOMETRIC_PRESENTATION_REPRESENTATION (  '', ( #1761 ), #1380 ) ;
#3032 = ORIENTED_EDGE ( 'NONE', *, *, #1846, .T. ) ;
#3033 = AXIS2_PLACEMENT_3D ( 'NONE', #7112, #7188, #1738 ) ;
#3034 = ORIENTED_EDGE ( 'NONE', *, *, #2368, .T. ) ;
#3035 = AXIS2_PLACEMENT_3D ( 'NONE', #625, #1073, #3595 ) ;
#3036 = SURFACE_STYLE_USAGE ( .BOTH. , #6033 ) ;
#3037 = AXIS2_PLACEMENT_3D ( 'NONE', #7455, #2113, #3926 ) ;
#3038 = AXIS2_PLACEMENT_3D ( 'NONE', #4058, #5195, #372 ) ;
#3039 = DIRECTION ( 'NONE',  ( 0.000000000000000000, 1.748454679999999523E-07, -0.9999999999999846789 ) ) ;
#3040 = DIRECTION ( 'NONE',  ( 0.000000000000000000, 1.748454679999999787E-07, -0.9999999999999849010 ) ) ;
#3041 = DIRECTION ( 'NONE',  ( 1.000000000000000000, 0.000000000000000000, 0.000000000000000000 ) ) ;
#3042 = LINE ( 'NONE', #6111, #4212 ) ;
#3043 = VECTOR ( 'NONE', #5235, 1000.000000000000000 ) ;
#3044 = DIRECTION ( 'NONE',  ( 1.000000000000000000, 0.000000000000000000, 0.000000000000000000 ) ) ;
#3045 = CARTESIAN_POINT ( 'NONE',  ( -21.50000000000000000, 38.50000000000000000, -2.017369599999999874 ) ) ;
#3046 = DIRECTION ( 'NONE',  ( 1.000000000000000000, 0.000000000000000000, 0.000000000000000000 ) ) ;
#3047 = VECTOR ( 'NONE', #2693, 1000.000000000000000 ) ;
#3048 = DIRECTION ( 'NONE',  ( 1.000000000000000000, 0.000000000000000000, 0.000000000000000000 ) ) ;
#3049 = AXIS2_PLACEMENT_3D ( 'NONE', #3462, #5924, #6432 ) ;
#3050 = ADVANCED_FACE ( 'NONE', ( #2746 ), #2197, .F. ) ;
#3051 = ORIENTED_EDGE ( 'NONE', *, *, #4576, .F. ) ;
#3052 = FILL_AREA_STYLE_COLOUR ( '', #7650 ) ;
#3053 = MECHANICAL_DESIGN_GEOMETRIC_PRESENTATION_REPRESENTATION (  '', ( #3181 ), #7527 ) ;
#3054 = FACE_OUTER_BOUND ( 'NONE', #3344, .T. ) ;
#3055 =( NAMED_UNIT ( * ) PLANE_ANGLE_UNIT ( ) SI_UNIT ( $, .RADIAN. ) );
#3056 = DIRECTION ( 'NONE',  ( 1.000000000000000000, 0.000000000000000000, 0.000000000000000000 ) ) ;
#3057 = DIRECTION ( 'NONE',  ( 0.000000000000000000, -1.748454679999999258E-07, 0.9999999999999846789 ) ) ;
#3058 = EDGE_LOOP ( 'NONE', ( #2109, #5907, #7071, #1147 ) ) ;
#3059 = MECHANICAL_DESIGN_GEOMETRIC_PRESENTATION_REPRESENTATION (  '', ( #5057 ), #3190 ) ;
#3060 = UNCERTAINTY_MEASURE_WITH_UNIT (LENGTH_MEASURE( 1.000000000000000082E-05 ), #2577, 'distance_accuracy_value', 'NONE');
#3061 = ADVANCED_FACE ( 'NONE', ( #948 ), #4603, .F. ) ;
#3062 = ORIENTED_EDGE ( 'NONE', *, *, #1802, .T. ) ;
#3063 = STYLED_ITEM ( 'NONE', ( #497 ), #4773 ) ;
#3064 = FILL_AREA_STYLE_COLOUR ( '', #5908 ) ;
#3065 = EDGE_LOOP ( 'NONE', ( #2160, #54, #1835, #4431 ) ) ;
#3066 =( LENGTH_UNIT ( ) NAMED_UNIT ( * ) SI_UNIT ( .MILLI., .METRE. ) );
#3067 = DIRECTION ( 'NONE',  ( 0.000000000000000000, -1.748454679999999523E-07, 0.9999999999999846789 ) ) ;
#3068 = SURFACE_STYLE_FILL_AREA ( #2992 ) ;
#3069 = DIRECTION ( 'NONE',  ( 0.000000000000000000, 0.000000000000000000, -1.000000000000000000 ) ) ;
#3070 = MECHANICAL_DESIGN_GEOMETRIC_PRESENTATION_REPRESENTATION (  '', ( #7542 ), #1190 ) ;
#3071 = ORIENTED_EDGE ( 'NONE', *, *, #2927, .T. ) ;
#3072 = UNCERTAINTY_MEASURE_WITH_UNIT (LENGTH_MEASURE( 1.000000000000000082E-05 ), #1645, 'distance_accuracy_value', 'NONE');
#3073 = ADVANCED_FACE ( 'NONE', ( #1685 ), #1141, .F. ) ;
#3074 = ORIENTED_EDGE ( 'NONE', *, *, #7554, .F. ) ;
#3075 = FILL_AREA_STYLE_COLOUR ( '', #3942 ) ;
#3076 = AXIS2_PLACEMENT_3D ( 'NONE', #6734, #824, #305 ) ;
#3077 =( NAMED_UNIT ( * ) PLANE_ANGLE_UNIT ( ) SI_UNIT ( $, .RADIAN. ) );
#3078 = SURFACE_STYLE_USAGE ( .BOTH. , #7219 ) ;
#3079 =( NAMED_UNIT ( * ) PLANE_ANGLE_UNIT ( ) SI_UNIT ( $, .RADIAN. ) );
#3080 = SURFACE_STYLE_USAGE ( .BOTH. , #1852 ) ;
#3081 = VECTOR ( 'NONE', #6155, 1000.000000000000000 ) ;
#3082 = EDGE_CURVE ( 'NONE', #2247, #6709, #3298, .T. ) ;
#3083 = LINE ( 'NONE', #6077, #7675 ) ;
#3084 = SURFACE_SIDE_STYLE ('',( #1966 ) ) ;
#3085 = CARTESIAN_POINT ( 'NONE',  ( -0.8100680442189969188, -2.993528192615507955, -5.917363586801710262 ) ) ;
#3086 = PRESENTATION_STYLE_ASSIGNMENT (( #1858 ) ) ;
#3087 = AXIS2_PLACEMENT_3D ( 'NONE', #3285, #2048, #7434 ) ;
#3088 = FACE_OUTER_BOUND ( 'NONE', #1241, .T. ) ;
#3089 = CARTESIAN_POINT ( 'NONE',  ( -40.00000000000000000, 43.00000000000000000, -2.017369599999999874 ) ) ;
#3090 = FACE_OUTER_BOUND ( 'NONE', #596, .T. ) ;
#3091 = CIRCLE ( 'NONE', #4600, 2.198754738790999586 ) ;
#3092 = SURFACE_STYLE_FILL_AREA ( #7394 ) ;
#3093 = VERTEX_POINT ( 'NONE', #4642 ) ;
#3094 = CARTESIAN_POINT ( 'NONE',  ( -38.69999999999999574, 40.00000000000000000, -2.017369599999999874 ) ) ;
#3095 = FILL_AREA_STYLE_COLOUR ( '', #3680 ) ;
#3096 = CIRCLE ( 'NONE', #2348, 1.499999999999999556 ) ;
#3097 = FACE_OUTER_BOUND ( 'NONE', #6598, .T. ) ;
#3098 = MECHANICAL_DESIGN_GEOMETRIC_PRESENTATION_REPRESENTATION (  '', ( #2349 ), #4731 ) ;
#3099 = FILL_AREA_STYLE_COLOUR ( '', #5361 ) ;
#3100 = CARTESIAN_POINT ( 'NONE',  ( -1.500007324218994631, -2.999995624096163382, -4.517364565448489522 ) ) ;
#3101 = ORIENTED_EDGE ( 'NONE', *, *, #7183, .T. ) ;
#3102 = ORIENTED_EDGE ( 'NONE', *, *, #5732, .F. ) ;
#3103 = VERTEX_POINT ( 'NONE', #2235 ) ;
#3104 = DIRECTION ( 'NONE',  ( 0.000000000000000000, -1.748454679999999523E-07, 0.9999999999999847899 ) ) ;
#3105 = EDGE_LOOP ( 'NONE', ( #3879, #4279, #3568, #3101, #1405, #5629, #6826, #1429, #4476, #7489, #7120, #6198, #985, #6167, #1447, #6330 ) ) ;
#3106 =( NAMED_UNIT ( * ) PLANE_ANGLE_UNIT ( ) SI_UNIT ( $, .RADIAN. ) );
#3107 = FACE_BOUND ( 'NONE', #7371, .T. ) ;
#3108 = DIRECTION ( 'NONE',  ( 0.000000000000000000, 0.000000000000000000, -1.000000000000000000 ) ) ;
#3109 = EDGE_CURVE ( 'NONE', #3741, #5684, #2867, .T. ) ;
#3110 = COLOUR_RGB ( '',0.000000000000000000, 0.5019607843137254832, 0.000000000000000000 ) ;
#3111 = DIRECTION ( 'NONE',  ( 0.000000000000000000, -1.748454679999999258E-07, 0.9999999999999846789 ) ) ;
#3112 = ORIENTED_EDGE ( 'NONE', *, *, #5354, .F. ) ;
#3113 = EDGE_LOOP ( 'NONE', ( #6450, #1902, #5370, #1355 ) ) ;
#3114 = MECHANICAL_DESIGN_GEOMETRIC_PRESENTATION_REPRESENTATION (  '', ( #3513 ), #3381 ) ;
#3115 = ADVANCED_FACE ( 'NONE', ( #7570 ), #3590, .T. ) ;
#3116 =( NAMED_UNIT ( * ) SI_UNIT ( $, .STERADIAN. ) SOLID_ANGLE_UNIT ( ) );
#3117 = CARTESIAN_POINT ( 'NONE',  ( -4.809703171250000686, -30.42715108241298338, -3.979848093913314067 ) ) ;
#3118 = SURFACE_STYLE_FILL_AREA ( #5509 ) ;
#3119 = DIRECTION ( 'NONE',  ( 0.9999999999999962252, 8.742277735063194850E-08, 1.548860246407862981E-14 ) ) ;
#3120 = AXIS2_PLACEMENT_3D ( 'NONE', #4641, #6942, #3477 ) ;
#3121 =( LENGTH_UNIT ( ) NAMED_UNIT ( * ) SI_UNIT ( .MILLI., .METRE. ) );
#3122 = DIRECTION ( 'NONE',  ( 0.000000000000000000, -1.748454679999999258E-07, 0.9999999999999846789 ) ) ;
#3123 = VECTOR ( 'NONE', #1389, 1000.000000000000000 ) ;
#3124 = ADVANCED_FACE ( 'NONE', ( #2535 ), #4901, .T. ) ;
#3125 = CARTESIAN_POINT ( 'NONE',  ( 12.70099267578100033, -35.79799549624153343, -5.979851500030148870 ) ) ;
#3126 = CARTESIAN_POINT ( 'NONE',  ( -40.00000000000000000, 43.00000000000000000, -2.017369599999999874 ) ) ;
#3127 = CARTESIAN_POINT ( 'NONE',  ( -21.50000000000000000, 38.50000000000000000, 0.000000000000000000 ) ) ;
#3128 = VECTOR ( 'NONE', #5344, 1000.000000000000000 ) ;
#3129 = FILL_AREA_STYLE ('',( #4999 ) ) ;
#3130 = ORIENTED_EDGE ( 'NONE', *, *, #6583, .F. ) ;
#3131 = DIRECTION ( 'NONE',  ( 0.000000000000000000, -1.748454679999999787E-07, 0.9999999999999849010 ) ) ;
#3132 = VECTOR ( 'NONE', #4300, 1000.000000000000227 ) ;
#3133 = SURFACE_STYLE_USAGE ( .BOTH. , #147 ) ;
#3134 = CYLINDRICAL_SURFACE ( 'NONE', #368, 1.300000000000002487 ) ;
#3135 = SURFACE_STYLE_USAGE ( .BOTH. , #697 ) ;
#3136 = EDGE_LOOP ( 'NONE', ( #1470, #6091, #6673, #1145 ) ) ;
#3137 = PRODUCT_DEFINITION_CONTEXT ( 'detailed design', #6878, 'design' ) ;
#3138 = ORIENTED_EDGE ( 'NONE', *, *, #4710, .T. ) ;
#3139 = SURFACE_SIDE_STYLE ('',( #5493 ) ) ;
#3140 = CARTESIAN_POINT ( 'NONE',  ( 10.69999159578100034, -30.00001298249999593, 2.000001080000000098 ) ) ;
#3141 = EDGE_LOOP ( 'NONE', ( #514, #3528, #2183, #5930 ) ) ;
#3142 =( NAMED_UNIT ( * ) SI_UNIT ( $, .STERADIAN. ) SOLID_ANGLE_UNIT ( ) );
#3143 = DIRECTION ( 'NONE',  ( 0.000000000000000000, 0.000000000000000000, 1.000000000000000000 ) ) ;
#3144 = DIRECTION ( 'NONE',  ( 1.000000000000000000, 0.000000000000000000, 0.000000000000000000 ) ) ;
#3145 = PRESENTATION_LAYER_ASSIGNMENT (  '', '', ( #4520 ) ) ;
#3146 = SURFACE_STYLE_USAGE ( .BOTH. , #5955 ) ;
#3147 = ORIENTED_EDGE ( 'NONE', *, *, #2201, .T. ) ;
#3148 = UNCERTAINTY_MEASURE_WITH_UNIT (LENGTH_MEASURE( 1.000000000000000082E-05 ), #1401, 'distance_accuracy_value', 'NONE');
#3149 = VERTEX_POINT ( 'NONE', #3100 ) ;
#3150 = ORIENTED_EDGE ( 'NONE', *, *, #3380, .T. ) ;
#3151 = EDGE_CURVE ( 'NONE', #5524, #3556, #3729, .T. ) ;
#3152 = LINE ( 'NONE', #3778, #1921 ) ;
#3153 = DIRECTION ( 'NONE',  ( 0.000000000000000000, 0.000000000000000000, 1.000000000000000000 ) ) ;
#3154 =( GEOMETRIC_REPRESENTATION_CONTEXT ( 3 ) GLOBAL_UNCERTAINTY_ASSIGNED_CONTEXT ( ( #4795 ) ) GLOBAL_UNIT_ASSIGNED_CONTEXT ( ( #4529, #2721, #2293 ) ) REPRESENTATION_CONTEXT ( 'NONE', 'WORKASPACE' ) );
#3155 =( NAMED_UNIT ( * ) PLANE_ANGLE_UNIT ( ) SI_UNIT ( $, .RADIAN. ) );
#3156 = AXIS2_PLACEMENT_3D ( 'NONE', #3610, #605, #103 ) ;
#3157 = DIRECTION ( 'NONE',  ( 0.000000000000000000, 0.000000000000000000, 1.000000000000000000 ) ) ;
#3158 = LINE ( 'NONE', #1459, #1671 ) ;
#3159 = SURFACE_STYLE_USAGE ( .BOTH. , #6189 ) ;
#3160 = EDGE_CURVE ( 'NONE', #1385, #6165, #1910, .T. ) ;
#3161 = FACE_OUTER_BOUND ( 'NONE', #4423, .T. ) ;
#3162 =( NAMED_UNIT ( * ) SI_UNIT ( $, .STERADIAN. ) SOLID_ANGLE_UNIT ( ) );
#3163 = STYLED_ITEM ( 'NONE', ( #3864 ), #6762 ) ;
#3164 = EDGE_CURVE ( 'NONE', #673, #559, #1944, .T. ) ;
#3165 = CARTESIAN_POINT ( 'NONE',  ( -10.00000732421900018, -27.49999575194987145, -4.517368849162478384 ) ) ;
#3166 = SURFACE_SIDE_STYLE ('',( #6660 ) ) ;
#3167 = AXIS2_PLACEMENT_3D ( 'NONE', #4832, #710, #3144 ) ;
#3168 = DIRECTION ( 'NONE',  ( 0.000000000000000000, -0.9999999999999847899, -1.748454679999999523E-07 ) ) ;
#3169 = EDGE_CURVE ( 'NONE', #975, #6609, #3623, .T. ) ;
#3170 = DIRECTION ( 'NONE',  ( 0.000000000000000000, 0.000000000000000000, -1.000000000000000000 ) ) ;
#3171 = ORIENTED_EDGE ( 'NONE', *, *, #3968, .T. ) ;
#3172 = EDGE_CURVE ( 'NONE', #920, #7535, #5976, .T. ) ;
#3173 = LINE ( 'NONE', #4374, #431 ) ;
#3174 = VECTOR ( 'NONE', #3057, 1000.000000000000227 ) ;
#3175 = FILL_AREA_STYLE ('',( #1975 ) ) ;
#3176 = PRESENTATION_LAYER_ASSIGNMENT (  '', '', ( #3685 ) ) ;
#3177 = LINE ( 'NONE', #2497, #6476 ) ;
#3178 = FACE_OUTER_BOUND ( 'NONE', #1569, .T. ) ;
#3179 = MECHANICAL_DESIGN_GEOMETRIC_PRESENTATION_REPRESENTATION (  '', ( #1292 ), #7025 ) ;
#3180 = ORIENTED_EDGE ( 'NONE', *, *, #1196, .F. ) ;
#3181 = STYLED_ITEM ( 'NONE', ( #4896 ), #7485 ) ;
#3182 = EDGE_CURVE ( 'NONE', #5744, #4411, #3789, .T. ) ;
#3183 = ORIENTED_EDGE ( 'NONE', *, *, #5226, .T. ) ;
#3184 = SURFACE_STYLE_FILL_AREA ( #2615 ) ;
#3185 = FACE_OUTER_BOUND ( 'NONE', #5248, .T. ) ;
#3186 = ORIENTED_EDGE ( 'NONE', *, *, #1294, .T. ) ;
#3187 = LINE ( 'NONE', #7288, #532 ) ;
#3188 = DIRECTION ( 'NONE',  ( 1.000000000000000000, 0.000000000000000000, 0.000000000000000000 ) ) ;
#3189 = FILL_AREA_STYLE ('',( #5987 ) ) ;
#3190 =( GEOMETRIC_REPRESENTATION_CONTEXT ( 3 ) GLOBAL_UNCERTAINTY_ASSIGNED_CONTEXT ( ( #7403 ) ) GLOBAL_UNIT_ASSIGNED_CONTEXT ( ( #828, #6778, #5050 ) ) REPRESENTATION_CONTEXT ( 'NONE', 'WORKASPACE' ) );
#3191 =( LENGTH_UNIT ( ) NAMED_UNIT ( * ) SI_UNIT ( .MILLI., .METRE. ) );
#3192 = EDGE_LOOP ( 'NONE', ( #362, #7379, #2199, #960 ) ) ;
#3193 =( GEOMETRIC_REPRESENTATION_CONTEXT ( 3 ) GLOBAL_UNCERTAINTY_ASSIGNED_CONTEXT ( ( #6484 ) ) GLOBAL_UNIT_ASSIGNED_CONTEXT ( ( #1884, #168, #3237 ) ) REPRESENTATION_CONTEXT ( 'NONE', 'WORKASPACE' ) );
#3194 = ORIENTED_EDGE ( 'NONE', *, *, #3414, .F. ) ;
#3195 = DIRECTION ( 'NONE',  ( -0.000000000000000000, 1.000000000000000000, 0.000000000000000000 ) ) ;
#3196 = CARTESIAN_POINT ( 'NONE',  ( 8.499992675780999818, -28.99999549624163819, -5.979850311430657150 ) ) ;
#3197 = CARTESIAN_POINT ( 'NONE',  ( 12.69998224875000048, -31.99998588843380176, -4.517369635965360786 ) ) ;
#3198 = FILL_AREA_STYLE_COLOUR ( '', #5048 ) ;
#3199 = FILL_AREA_STYLE ('',( #759 ) ) ;
#3200 = DIRECTION ( 'NONE',  ( 0.000000000000000000, -1.000000000000000000, 0.000000000000000000 ) ) ;
#3201 = CYLINDRICAL_SURFACE ( 'NONE', #5971, 0.6249999999999996669 ) ;
#3202 = LINE ( 'NONE', #2600, #4032 ) ;
#3203 = CIRCLE ( 'NONE', #6433, 1.499999999999999556 ) ;
#3204 = CARTESIAN_POINT ( 'NONE',  ( -10.50000732421899485, -34.99999562409561804, -5.979851360503488422 ) ) ;
#3205 = CARTESIAN_POINT ( 'NONE',  ( -9.026568044219001052, -34.99355864169627495, -5.917369181862010663 ) ) ;
#3206 = EDGE_CURVE ( 'NONE', #7242, #5000, #1905, .T. ) ;
#3207 = PLANE ( 'NONE',  #5501 ) ;
#3208 = ORIENTED_EDGE ( 'NONE', *, *, #2403, .F. ) ;
#3209 =( GEOMETRIC_REPRESENTATION_CONTEXT ( 3 ) GLOBAL_UNCERTAINTY_ASSIGNED_CONTEXT ( ( #6251 ) ) GLOBAL_UNIT_ASSIGNED_CONTEXT ( ( #6964, #3990, #3901 ) ) REPRESENTATION_CONTEXT ( 'NONE', 'WORKASPACE' ) );
#3210 = CARTESIAN_POINT ( 'NONE',  ( 8.973431955781000724, -34.99355864169627495, -5.917369181862010663 ) ) ;
#3211 = ORIENTED_EDGE ( 'NONE', *, *, #4388, .T. ) ;
#3212 =( NAMED_UNIT ( * ) PLANE_ANGLE_UNIT ( ) SI_UNIT ( $, .RADIAN. ) );
#3213 = SURFACE_STYLE_USAGE ( .BOTH. , #6125 ) ;
#3214 = FILL_AREA_STYLE ('',( #3099 ) ) ;
#3215 = LINE ( 'NONE', #2610, #7413 ) ;
#3216 = ADVANCED_FACE ( 'NONE', ( #3178 ), #3695, .T. ) ;
#3217 =( GEOMETRIC_REPRESENTATION_CONTEXT ( 3 ) GLOBAL_UNCERTAINTY_ASSIGNED_CONTEXT ( ( #1807 ) ) GLOBAL_UNIT_ASSIGNED_CONTEXT ( ( #6300, #4015, #998 ) ) REPRESENTATION_CONTEXT ( 'NONE', 'WORKASPACE' ) );
#3218 =( GEOMETRIC_REPRESENTATION_CONTEXT ( 3 ) GLOBAL_UNCERTAINTY_ASSIGNED_CONTEXT ( ( #1648 ) ) GLOBAL_UNIT_ASSIGNED_CONTEXT ( ( #3571, #3077, #6611 ) ) REPRESENTATION_CONTEXT ( 'NONE', 'WORKASPACE' ) );
#3219 = VERTEX_POINT ( 'NONE', #4379 ) ;
#3220 = ADVANCED_FACE ( 'NONE', ( #4652 ), #5822, .F. ) ;
#3221 = UNCERTAINTY_MEASURE_WITH_UNIT (LENGTH_MEASURE( 1.000000000000000082E-05 ), #1492, 'distance_accuracy_value', 'NONE');
#3222 = EDGE_LOOP ( 'NONE', ( #5782, #1713, #7417, #3315 ) ) ;
#3223 = DIRECTION ( 'NONE',  ( 1.000000000000000000, 0.000000000000000000, 0.000000000000000000 ) ) ;
#3224 = ORIENTED_EDGE ( 'NONE', *, *, #813, .F. ) ;
#3225 = VECTOR ( 'NONE', #7580, 1000.000000000000000 ) ;
#3226 = LINE ( 'NONE', #1954, #417 ) ;
#3227 = CIRCLE ( 'NONE', #2710, 3.001094402371998981 ) ;
#3228 = CARTESIAN_POINT ( 'NONE',  ( -8.195759960202001404E-05, -20.42242553341176858, -5.979848811681423015 ) ) ;
#3229 =( NAMED_UNIT ( * ) SI_UNIT ( $, .STERADIAN. ) SOLID_ANGLE_UNIT ( ) );
#3230 = EDGE_CURVE ( 'NONE', #1937, #6103, #6887, .T. ) ;
#3231 =( NAMED_UNIT ( * ) PLANE_ANGLE_UNIT ( ) SI_UNIT ( $, .RADIAN. ) );
#3232 = STYLED_ITEM ( 'NONE', ( #1151 ), #913 ) ;
#3233 = MECHANICAL_DESIGN_GEOMETRIC_PRESENTATION_REPRESENTATION (  '', ( #6811 ), #2221 ) ;
#3234 = ORIENTED_EDGE ( 'NONE', *, *, #4888, .T. ) ;
#3235 = UNCERTAINTY_MEASURE_WITH_UNIT (LENGTH_MEASURE( 1.000000000000000082E-05 ), #1256, 'distance_accuracy_value', 'NONE');
#3236 = EDGE_LOOP ( 'NONE', ( #3270, #3461, #493, #2359 ) ) ;
#3237 =( NAMED_UNIT ( * ) SI_UNIT ( $, .STERADIAN. ) SOLID_ANGLE_UNIT ( ) );
#3238 =( LENGTH_UNIT ( ) NAMED_UNIT ( * ) SI_UNIT ( .MILLI., .METRE. ) );
#3239 = PRESENTATION_LAYER_ASSIGNMENT (  '', '', ( #6460 ) ) ;
#3240 = SURFACE_SIDE_STYLE ('',( #843 ) ) ;
#3241 = ORIENTED_EDGE ( 'NONE', *, *, #3708, .T. ) ;
#3242 = AXIS2_PLACEMENT_3D ( 'NONE', #4194, #4707, #4113 ) ;
#3243 = DIRECTION ( 'NONE',  ( -0.9999999999999961142, -8.742277699999867628E-08, -1.528547635842463284E-14 ) ) ;
#3244 = DIRECTION ( 'NONE',  ( 0.9999999999999961142, 8.742277655305796972E-08, 1.535329972990967195E-14 ) ) ;
#3245 = FACE_BOUND ( 'NONE', #3288, .T. ) ;
#3246 = DIRECTION ( 'NONE',  ( -0.000000000000000000, 0.9999999999999847899, 1.748454679999999523E-07 ) ) ;
#3247 = DIRECTION ( 'NONE',  ( -0.9999999999999950040, 1.000000010007988968E-07, 0.000000000000000000 ) ) ;
#3248 = CARTESIAN_POINT ( 'NONE',  ( -8.500007324219000182, -28.99999575194984658, -4.517369111430680206 ) ) ;
#3249 = PRESENTATION_STYLE_ASSIGNMENT (( #853 ) ) ;
#3250 = CARTESIAN_POINT ( 'NONE',  ( 40.00000000000000000, -40.00000000000000000, 0.000000000000000000 ) ) ;
#3251 = EDGE_LOOP ( 'NONE', ( #6772, #2277, #1186, #2442 ) ) ;
#3252 = CARTESIAN_POINT ( 'NONE',  ( -5.190334871250000148, -30.17282281045374148, -7.479848669445221532 ) ) ;
#3253 = ORIENTED_EDGE ( 'NONE', *, *, #3028, .T. ) ;
#3254 = AXIS2_PLACEMENT_3D ( 'NONE', #6408, #7540, #4513 ) ;
#3255 = VERTEX_POINT ( 'NONE', #745 ) ;
#3256 = EDGE_CURVE ( 'NONE', #4915, #6200, #5511, .T. ) ;
#3257 = DIRECTION ( 'NONE',  ( 0.000000000000000000, -1.748454679999999787E-07, 0.9999999999999849010 ) ) ;
#3258 = DIRECTION ( 'NONE',  ( 0.000000000000000000, 1.748454679999999523E-07, -0.9999999999999846789 ) ) ;
#3259 = SURFACE_STYLE_USAGE ( .BOTH. , #4310 ) ;
#3260 = DIRECTION ( 'NONE',  ( 0.9999999999999962252, 8.742277735063201467E-08, 1.548860246407863928E-14 ) ) ;
#3261 = PRESENTATION_LAYER_ASSIGNMENT (  '', '', ( #2249 ) ) ;
#3262 = SURFACE_STYLE_USAGE ( .BOTH. , #4316 ) ;
#3263 = ORIENTED_EDGE ( 'NONE', *, *, #2890, .T. ) ;
#3264 = FILL_AREA_STYLE ('',( #5574 ) ) ;
#3265 = EDGE_LOOP ( 'NONE', ( #3628, #6060, #1567, #4721 ) ) ;
#3266 = EDGE_CURVE ( 'NONE', #4878, #4425, #1879, .T. ) ;
#3267 = SURFACE_STYLE_USAGE ( .BOTH. , #5737 ) ;
#3268 = EDGE_CURVE ( 'NONE', #1516, #4356, #1842, .T. ) ;
#3269 = ORIENTED_EDGE ( 'NONE', *, *, #6023, .T. ) ;
#3270 = ORIENTED_EDGE ( 'NONE', *, *, #6993, .T. ) ;
#3271 = VERTEX_POINT ( 'NONE', #4353 ) ;
#3272 = EDGE_CURVE ( 'NONE', #3428, #2271, #2164, .T. ) ;
#3273 = CARTESIAN_POINT ( 'NONE',  ( 12.69998224875000048, -6.599988428434190091, -4.517365194890917479 ) ) ;
#3274 = DIRECTION ( 'NONE',  ( 1.000000000000000000, 0.000000000000000000, 0.000000000000000000 ) ) ;
#3275 = DIRECTION ( 'NONE',  ( 0.000000000000000000, 0.000000000000000000, 1.000000000000000000 ) ) ;
#3276 = EDGE_LOOP ( 'NONE', ( #3062, #154, #2994, #788 ) ) ;
#3277 = DIRECTION ( 'NONE',  ( 0.000000000000000000, 0.000000000000000000, 1.000000000000000000 ) ) ;
#3278 = PLANE ( 'NONE',  #6380 ) ;
#3279 = FILL_AREA_STYLE_COLOUR ( '', #780 ) ;
#3280 = FILL_AREA_STYLE ('',( #4445 ) ) ;
#3281 = FACE_OUTER_BOUND ( 'NONE', #6186, .T. ) ;
#3282 = DIRECTION ( 'NONE',  ( 0.000000000000000000, -1.748454679999999258E-07, 0.9999999999999846789 ) ) ;
#3283 = CIRCLE ( 'NONE', #1286, 1.500000000000000000 ) ;
#3284 =( GEOMETRIC_REPRESENTATION_CONTEXT ( 3 ) GLOBAL_UNCERTAINTY_ASSIGNED_CONTEXT ( ( #1192 ) ) GLOBAL_UNIT_ASSIGNED_CONTEXT ( ( #6619, #5343, #3647 ) ) REPRESENTATION_CONTEXT ( 'NONE', 'WORKASPACE' ) );
#3285 = CARTESIAN_POINT ( 'NONE',  ( -5.190334871250000148, -30.42715047045373566, -7.479848713913259672 ) ) ;
#3286 = VECTOR ( 'NONE', #1053, 1000.000000000000000 ) ;
#3287 = CARTESIAN_POINT ( 'NONE',  ( -5.625007324218986859, -30.29999562409570757, -5.979850538729788667 ) ) ;
#3288 = EDGE_LOOP ( 'NONE', ( #1289, #7215, #2123, #2436, #2012, #3074, #3652, #782 ) ) ;
#3289 = EDGE_LOOP ( 'NONE', ( #7686, #6556, #1762, #2246 ) ) ;
#3290 = DIRECTION ( 'NONE',  ( 1.000000000000000000, 0.000000000000000000, 0.000000000000000000 ) ) ;
#3291 = LINE ( 'NONE', #5647, #638 ) ;
#3292 = MECHANICAL_DESIGN_GEOMETRIC_PRESENTATION_REPRESENTATION (  '', ( #1274 ), #151 ) ;
#3293 = MECHANICAL_DESIGN_GEOMETRIC_PRESENTATION_REPRESENTATION (  '', ( #3432 ), #6746 ) ;
#3294 = DIRECTION ( 'NONE',  ( 0.000000000000000000, 0.000000000000000000, 1.000000000000000000 ) ) ;
#3295 = CARTESIAN_POINT ( 'NONE',  ( -0.02656804421900000115, -2.993528368903417114, -4.517363586801719677 ) ) ;
#3296 = PRESENTATION_LAYER_ASSIGNMENT (  '', '', ( #2782 ) ) ;
#3297 = STYLED_ITEM ( 'NONE', ( #7054 ), #3930 ) ;
#3298 = CIRCLE ( 'NONE', #6523, 0.7834999999999998632 ) ;
#3299 = EDGE_LOOP ( 'NONE', ( #3263, #633, #4242, #3769 ) ) ;
#3300 = ORIENTED_EDGE ( 'NONE', *, *, #1475, .F. ) ;
#3301 = MECHANICAL_DESIGN_GEOMETRIC_PRESENTATION_REPRESENTATION (  '', ( #1399 ), #7639 ) ;
#3302 = DIRECTION ( 'NONE',  ( 0.000000000000000000, 0.000000000000000000, -1.000000000000000000 ) ) ;
#3303 = CARTESIAN_POINT ( 'NONE',  ( 8.973431955781000724, -34.99355805003908415, -9.301255507168956882 ) ) ;
#3304 = CARTESIAN_POINT ( 'NONE',  ( 8.973431955781000724, -34.99355864169627495, -5.917369181862010663 ) ) ;
#3305 = STYLED_ITEM ( 'NONE', ( #5889 ), #3987 ) ;
#3306 = CARTESIAN_POINT ( 'NONE',  ( -18.89999999999999858, 32.39999999999999858, -2.017369599999999874 ) ) ;
#3307 = VECTOR ( 'NONE', #314, 1000.000000000000227 ) ;
#3308 = FILL_AREA_STYLE ('',( #2622 ) ) ;
#3309 = PRESENTATION_LAYER_ASSIGNMENT (  '', '', ( #5648 ) ) ;
#3310 = EDGE_CURVE ( 'NONE', #2553, #3398, #1394, .T. ) ;
#3311 = ORIENTED_EDGE ( 'NONE', *, *, #6076, .F. ) ;
#3312 = UNCERTAINTY_MEASURE_WITH_UNIT (LENGTH_MEASURE( 1.000000000000000082E-05 ), #6267, 'distance_accuracy_value', 'NONE');
#3313 = EDGE_LOOP ( 'NONE', ( #3870, #7609, #2237, #5274 ) ) ;
#3314 = VECTOR ( 'NONE', #3822, 1000.000000000000227 ) ;
#3315 = ORIENTED_EDGE ( 'NONE', *, *, #5532, .F. ) ;
#3316 = DIRECTION ( 'NONE',  ( -0.000000000000000000, 1.000000000000000000, 0.000000000000000000 ) ) ;
#3317 =( NAMED_UNIT ( * ) SI_UNIT ( $, .STERADIAN. ) SOLID_ANGLE_UNIT ( ) );
#3318 = STYLED_ITEM ( 'NONE', ( #3391 ), #7388 ) ;
#3319 = CARTESIAN_POINT ( 'NONE',  ( 9.499991455780998351, -28.49999453194999788, 1.499998807906999909 ) ) ;
#3320 = PRESENTATION_LAYER_ASSIGNMENT (  '', '', ( #5055 ) ) ;
#3321 = CARTESIAN_POINT ( 'NONE',  ( -9.000007324219000182, -34.99999575194976131, -4.517370160503488385 ) ) ;
#3322 = EDGE_CURVE ( 'NONE', #5866, #4562, #6136, .T. ) ;
#3323 = ORIENTED_EDGE ( 'NONE', *, *, #5216, .T. ) ;
#3324 = PRESENTATION_LAYER_ASSIGNMENT (  '', '', ( #1416 ) ) ;
#3325 = DIRECTION ( 'NONE',  ( 0.000000000000000000, 1.748454679999999523E-07, -0.9999999999999847899 ) ) ;
#3326 = CARTESIAN_POINT ( 'NONE',  ( -0.6250073242189999601, -30.29999549624161403, -5.979850538729765574 ) ) ;
#3327 = MECHANICAL_DESIGN_GEOMETRIC_PRESENTATION_REPRESENTATION (  '', ( #440 ), #3193 ) ;
#3328 = FILL_AREA_STYLE ('',( #5034 ) ) ;
#3329 = DIRECTION ( 'NONE',  ( 1.000000000000000000, 0.000000000000000000, 0.000000000000000000 ) ) ;
#3330 = CARTESIAN_POINT ( 'NONE',  ( 8.977176106171999237, -9.999995971950001561, 1.499998807906999909 ) ) ;
#3331 = EDGE_CURVE ( 'NONE', #4047, #4953, #159, .T. ) ;
#3332 = DIRECTION ( 'NONE',  ( 0.000000000000000000, 0.9999999999999847899, 1.748454679999999523E-07 ) ) ;
#3333 =( NAMED_UNIT ( * ) SI_UNIT ( $, .STERADIAN. ) SOLID_ANGLE_UNIT ( ) );
#3334 = VERTEX_POINT ( 'NONE', #4282 ) ;
#3335 = CARTESIAN_POINT ( 'NONE',  ( -10.00000000000000000, -27.50000000000000000, -2.017369599999999874 ) ) ;
#3336 = ORIENTED_EDGE ( 'NONE', *, *, #7426, .T. ) ;
#3337 = FILL_AREA_STYLE_COLOUR ( '', #5042 ) ;
#3338 = SURFACE_STYLE_USAGE ( .BOTH. , #256 ) ;
#3339 =( NAMED_UNIT ( * ) PLANE_ANGLE_UNIT ( ) SI_UNIT ( $, .RADIAN. ) );
#3340 = CYLINDRICAL_SURFACE ( 'NONE', #902, 1.499999999999999556 ) ;
#3341 = FACE_OUTER_BOUND ( 'NONE', #5584, .T. ) ;
#3342 = CARTESIAN_POINT ( 'NONE',  ( 10.49999267578099982, -37.99999549624150319, -5.979851885039869863 ) ) ;
#3343 = CIRCLE ( 'NONE', #4595, 1.300000000000002487 ) ;
#3344 = EDGE_LOOP ( 'NONE', ( #4140, #5622, #6361, #3439 ) ) ;
#3345 = CYLINDRICAL_SURFACE ( 'NONE', #6414, 1.300000000000002487 ) ;
#3346 = ORIENTED_EDGE ( 'NONE', *, *, #2834, .F. ) ;
#3347 = FILL_AREA_STYLE_COLOUR ( '', #6269 ) ;
#3348 = SURFACE_STYLE_USAGE ( .BOTH. , #946 ) ;
#3349 = PRESENTATION_LAYER_ASSIGNMENT (  '', '', ( #6819 ) ) ;
#3350 = CARTESIAN_POINT ( 'NONE',  ( -5.127182851250000617, -30.10967079045374106, -7.479848658403376760 ) ) ;
#3351 =( GEOMETRIC_REPRESENTATION_CONTEXT ( 3 ) GLOBAL_UNCERTAINTY_ASSIGNED_CONTEXT ( ( #4007 ) ) GLOBAL_UNIT_ASSIGNED_CONTEXT ( ( #1816, #1265, #3005 ) ) REPRESENTATION_CONTEXT ( 'NONE', 'WORKASPACE' ) );
#3352 =( NAMED_UNIT ( * ) PLANE_ANGLE_UNIT ( ) SI_UNIT ( $, .RADIAN. ) );
#3353 = CARTESIAN_POINT ( 'NONE',  ( -9.525000000000000355, 8.000000000000000000, 0.000000000000000000 ) ) ;
#3354 = ORIENTED_EDGE ( 'NONE', *, *, #1865, .T. ) ;
#3355 = ORIENTED_EDGE ( 'NONE', *, *, #5912, .T. ) ;
#3356 = COLOUR_RGB ( '',0.6431372549019607199, 0.6784313725490196401, 0.6980392156862744724 ) ;
#3357 = AXIS2_PLACEMENT_3D ( 'NONE', #1622, #5113, #4060 ) ;
#3358 = ORIENTED_EDGE ( 'NONE', *, *, #2869, .F. ) ;
#3359 = DIRECTION ( 'NONE',  ( 0.000000000000000000, -0.9999999999999847899, -1.748454679999999523E-07 ) ) ;
#3360 = DIRECTION ( 'NONE',  ( 0.000000000000000000, -1.748454679999999258E-07, 0.9999999999999846789 ) ) ;
#3361 = EDGE_CURVE ( 'NONE', #363, #5733, #4910, .T. ) ;
#3362 = CARTESIAN_POINT ( 'NONE',  ( -11.70000678421900098, -7.600014602499998162, 0.000000000000000000 ) ) ;
#3363 =( LENGTH_UNIT ( ) NAMED_UNIT ( * ) SI_UNIT ( .MILLI., .METRE. ) );
#3364 = VECTOR ( 'NONE', #6183, 1000.000000000000227 ) ;
#3365 = PRESENTATION_LAYER_ASSIGNMENT (  '', '', ( #1589 ) ) ;
#3366 = DIRECTION ( 'NONE',  ( 0.000000000000000000, 1.748454679999999523E-07, -0.9999999999999846789 ) ) ;
#3367 = EDGE_LOOP ( 'NONE', ( #2402, #42, #1833, #7093 ) ) ;
#3368 = PRESENTATION_LAYER_ASSIGNMENT (  '', '', ( #2352 ) ) ;
#3369 = CARTESIAN_POINT ( 'NONE',  ( -4.809703171250000686, -30.17282281045374148, -7.479848669445221532 ) ) ;
#3370 = ADVANCED_FACE ( 'NONE', ( #7248 ), #792, .T. ) ;
#3371 = DIRECTION ( 'NONE',  ( 0.000000000000000000, 1.748454679999999523E-07, -0.9999999999999846789 ) ) ;
#3372 = CARTESIAN_POINT ( 'NONE',  ( -0.04467349125005000421, -30.52447880241297895, -3.979848110930624294 ) ) ;
#3373 = DIRECTION ( 'NONE',  ( -0.7071067811865476838, 0.7071067811865366926, 1.236344160825354801E-07 ) ) ;
#3374 = DIRECTION ( 'NONE',  ( 0.000000000000000000, 0.000000000000000000, 1.000000000000000000 ) ) ;
#3375 = CARTESIAN_POINT ( 'NONE',  ( 18.30000000000000071, -43.20000000000000284, -2.017369599999999874 ) ) ;
#3376 = CIRCLE ( 'NONE', #4114, 0.7834999999999998632 ) ;
#3377 = LINE ( 'NONE', #5639, #713 ) ;
#3378 = DIRECTION ( 'NONE',  ( 0.000000000000000000, 0.000000000000000000, 1.000000000000000000 ) ) ;
#3379 =( LENGTH_UNIT ( ) NAMED_UNIT ( * ) SI_UNIT ( .MILLI., .METRE. ) );
#3380 = EDGE_CURVE ( 'NONE', #4081, #4313, #6785, .T. ) ;
#3381 =( GEOMETRIC_REPRESENTATION_CONTEXT ( 3 ) GLOBAL_UNCERTAINTY_ASSIGNED_CONTEXT ( ( #5543 ) ) GLOBAL_UNIT_ASSIGNED_CONTEXT ( ( #6763, #6266, #4485 ) ) REPRESENTATION_CONTEXT ( 'NONE', 'WORKASPACE' ) );
#3382 =( NAMED_UNIT ( * ) PLANE_ANGLE_UNIT ( ) SI_UNIT ( $, .RADIAN. ) );
#3383 = DIRECTION ( 'NONE',  ( 0.000000000000000000, -1.000000000000000000, 0.000000000000000000 ) ) ;
#3384 = DIRECTION ( 'NONE',  ( 0.000000000000000000, -1.748454679999999258E-07, 0.9999999999999846789 ) ) ;
#3385 = FACE_OUTER_BOUND ( 'NONE', #1063, .T. ) ;
#3386 =( NAMED_UNIT ( * ) SI_UNIT ( $, .STERADIAN. ) SOLID_ANGLE_UNIT ( ) );
#3387 = CARTESIAN_POINT ( 'NONE',  ( -5.044673491250050823, -30.07549255045374181, -7.479848652427466327 ) ) ;
#3388 = AXIS2_PLACEMENT_3D ( 'NONE', #4183, #421, #1161 ) ;
#3389 = UNCERTAINTY_MEASURE_WITH_UNIT (LENGTH_MEASURE( 1.000000000000000082E-05 ), #3917, 'distance_accuracy_value', 'NONE');
#3390 = ORIENTED_EDGE ( 'NONE', *, *, #610, .T. ) ;
#3391 = PRESENTATION_STYLE_ASSIGNMENT (( #6403 ) ) ;
#3392 = EDGE_LOOP ( 'NONE', ( #5809, #3974, #4727, #224 ) ) ;
#3393 = CARTESIAN_POINT ( 'NONE',  ( 10.62500000000000000, 8.000000000000000000, -2.017369599999999874 ) ) ;
#3394 = DIRECTION ( 'NONE',  ( 1.000000000000000000, 0.000000000000000000, 0.000000000000000000 ) ) ;
#3395 = COLOUR_RGB ( '',1.000000000000000000, 1.000000000000000000, 1.000000000000000000 ) ;
#3396 = DIRECTION ( 'NONE',  ( 0.000000000000000000, -1.748454679999999258E-07, 0.9999999999999846789 ) ) ;
#3397 = DIRECTION ( 'NONE',  ( 0.000000000000000000, 0.000000000000000000, 1.000000000000000000 ) ) ;
#3398 = VERTEX_POINT ( 'NONE', #3849 ) ;
#3399 = UNCERTAINTY_MEASURE_WITH_UNIT (LENGTH_MEASURE( 1.000000000000000082E-05 ), #2903, 'distance_accuracy_value', 'NONE');
#3400 = MECHANICAL_DESIGN_GEOMETRIC_PRESENTATION_REPRESENTATION (  '', ( #4138 ), #6842 ) ;
#3401 = ORIENTED_EDGE ( 'NONE', *, *, #5557, .T. ) ;
#3402 = ORIENTED_EDGE ( 'NONE', *, *, #6206, .T. ) ;
#3403 = DIRECTION ( 'NONE',  ( 0.000000000000000000, 1.000000000000000000, 0.000000000000000000 ) ) ;
#3404 = VECTOR ( 'NONE', #6807, 1000.000000000000227 ) ;
#3405 = SURFACE_STYLE_FILL_AREA ( #6221 ) ;
#3406 = CARTESIAN_POINT ( 'NONE',  ( 40.00000000000000000, 43.00000000000000000, -2.017369599999999874 ) ) ;
#3407 = VERTEX_POINT ( 'NONE', #1564 ) ;
#3408 = EDGE_CURVE ( 'NONE', #446, #4913, #230, .T. ) ;
#3409 = FACE_OUTER_BOUND ( 'NONE', #6085, .T. ) ;
#3410 = CARTESIAN_POINT ( 'NONE',  ( -9.500006104219000491, -28.49999453194999788, 1.499998807906999909 ) ) ;
#3411 = DIRECTION ( 'NONE',  ( 1.000000000000000000, 0.000000000000000000, 0.000000000000000000 ) ) ;
#3412 = DIRECTION ( 'NONE',  ( 1.000000000000000000, 0.000000000000000000, 0.000000000000000000 ) ) ;
#3413 = STYLED_ITEM ( 'NONE', ( #1756 ), #6235 ) ;
#3414 = EDGE_CURVE ( 'NONE', #6609, #2920, #262, .T. ) ;
#3415 =( NAMED_UNIT ( * ) SI_UNIT ( $, .STERADIAN. ) SOLID_ANGLE_UNIT ( ) );
#3416 = ADVANCED_FACE ( 'NONE', ( #1987 ), #2664, .T. ) ;
#3417 = DIRECTION ( 'NONE',  ( 0.000000000000000000, 1.748454679999999787E-07, -0.9999999999999849010 ) ) ;
#3418 = CARTESIAN_POINT ( 'NONE',  ( -8.243068044219047152, -34.99355891414918318, -5.917369181862057737 ) ) ;
#3419 = VERTEX_POINT ( 'NONE', #2154 ) ;
#3420 =( GEOMETRIC_REPRESENTATION_CONTEXT ( 3 ) GLOBAL_UNCERTAINTY_ASSIGNED_CONTEXT ( ( #6857 ) ) GLOBAL_UNIT_ASSIGNED_CONTEXT ( ( #5728, #3106, #5689 ) ) REPRESENTATION_CONTEXT ( 'NONE', 'WORKASPACE' ) );
#3421 = PRESENTATION_STYLE_ASSIGNMENT (( #2303 ) ) ;
#3422 = PLANE ( 'NONE',  #2707 ) ;
#3423 = FILL_AREA_STYLE_COLOUR ( '', #7602 ) ;
#3424 = CARTESIAN_POINT ( 'NONE',  ( -21.50000000000000000, 38.50000000000000000, 0.000000000000000000 ) ) ;
#3425 = FILL_AREA_STYLE ('',( #4117 ) ) ;
#3426 = EDGE_CURVE ( 'NONE', #6478, #6287, #358, .T. ) ;
#3427 = EDGE_CURVE ( 'NONE', #2540, #1105, #7493, .T. ) ;
#3428 = VERTEX_POINT ( 'NONE', #6905 ) ;
#3429 = COLOUR_RGB ( '',0.000000000000000000, 0.5019607843137254832, 0.000000000000000000 ) ;
#3430 = CARTESIAN_POINT ( 'NONE',  ( -8.501166488206001404, -27.50115466022866073, -5.979850049365130538 ) ) ;
#3431 = CARTESIAN_POINT ( 'NONE',  ( 1.853844668378999813E-15, 0.1464237228789999901, 0.000000000000000000 ) ) ;
#3432 = STYLED_ITEM ( 'NONE', ( #909 ), #3016 ) ;
#3433 = LINE ( 'NONE', #3393, #6515 ) ;
#3434 = DIRECTION ( 'NONE',  ( -0.9238826834630522455, 0.3826758252060156740, 6.690913375043302168E-08 ) ) ;
#3435 = CARTESIAN_POINT ( 'NONE',  ( -4.872855191250001106, -30.49030249045373608, -7.479848724955104444 ) ) ;
#3436 = FILL_AREA_STYLE ('',( #2984 ) ) ;
#3437 =( GEOMETRIC_REPRESENTATION_CONTEXT ( 3 ) GLOBAL_UNCERTAINTY_ASSIGNED_CONTEXT ( ( #2921 ) ) GLOBAL_UNIT_ASSIGNED_CONTEXT ( ( #2270, #2950, #7160 ) ) REPRESENTATION_CONTEXT ( 'NONE', 'WORKASPACE' ) );
#3438 = EDGE_CURVE ( 'NONE', #7611, #3741, #2068, .T. ) ;
#3439 = ORIENTED_EDGE ( 'NONE', *, *, #2844, .F. ) ;
#3440 = VERTEX_POINT ( 'NONE', #6325 ) ;
#3441 = EDGE_LOOP ( 'NONE', ( #4697, #3390, #2590, #6861 ) ) ;
#3442 = FILL_AREA_STYLE_COLOUR ( '', #1925 ) ;
#3443 = VECTOR ( 'NONE', #1941, 1000.000000000000000 ) ;
#3444 = DIRECTION ( 'NONE',  ( 0.000000000000000000, -0.9999999999999846789, -1.748454679999999258E-07 ) ) ;
#3445 = COLOUR_RGB ( '',1.000000000000000000, 0.6078431372549019107, 0.000000000000000000 ) ;
#3446 =( GEOMETRIC_REPRESENTATION_CONTEXT ( 3 ) GLOBAL_UNCERTAINTY_ASSIGNED_CONTEXT ( ( #7486 ) ) GLOBAL_UNIT_ASSIGNED_CONTEXT ( ( #2319, #1146, #1721 ) ) REPRESENTATION_CONTEXT ( 'NONE', 'WORKASPACE' ) );
#3447 = CARTESIAN_POINT ( 'NONE',  ( 4.999992675780999818, -6.599995751950190837, -4.517365194892196456 ) ) ;
#3448 = EDGE_LOOP ( 'NONE', ( #2646, #1649, #6990, #2363 ) ) ;
#3449 = MECHANICAL_DESIGN_GEOMETRIC_PRESENTATION_REPRESENTATION (  '', ( #1788 ), #1916 ) ;
#3450 = ORIENTED_EDGE ( 'NONE', *, *, #1680, .T. ) ;
#3451 = PRESENTATION_LAYER_ASSIGNMENT (  '', '', ( #5291 ) ) ;
#3452 = CARTESIAN_POINT ( 'NONE',  ( 9.499991455780998351, -9.499994431950002038, 1.499998807906999909 ) ) ;
#3453 = AXIS2_PLACEMENT_3D ( 'NONE', #2863, #104, #5420 ) ;
#3454 = CYLINDRICAL_SURFACE ( 'NONE', #4362, 1.300000000000002487 ) ;
#3455 = CARTESIAN_POINT ( 'NONE',  ( -9.026568044219001052, -34.99355864169627495, -5.917369181862010663 ) ) ;
#3456 = DIRECTION ( 'NONE',  ( 0.000000000000000000, 1.748454679999999523E-07, -0.9999999999999847899 ) ) ;
#3457 = PRODUCT_DEFINITION_FORMATION_WITH_SPECIFIED_SOURCE ( 'Symmetric', '', #2839, .NOT_KNOWN. ) ;
#3458 = VECTOR ( 'NONE', #7696, 1000.000000000000000 ) ;
#3459 = CARTESIAN_POINT ( 'NONE',  ( 8.425000000000000711, 8.000000000000000000, -2.017369599999999874 ) ) ;
#3460 = CARTESIAN_POINT ( 'NONE',  ( -0.1903348712500000095, -30.17282342241298920, -3.979848049445275482 ) ) ;
#3461 = ORIENTED_EDGE ( 'NONE', *, *, #900, .T. ) ;
#3462 = CARTESIAN_POINT ( 'NONE',  ( 0.04463544874997000395, -30.52447819045373834, -7.479848730930570788 ) ) ;
#3463 = EDGE_CURVE ( 'NONE', #1260, #2820, #986, .T. ) ;
#3464 = DIRECTION ( 'NONE',  ( 1.000000000000000000, 0.000000000000000000, 0.000000000000000000 ) ) ;
#3465 =( NAMED_UNIT ( * ) PLANE_ANGLE_UNIT ( ) SI_UNIT ( $, .RADIAN. ) );
#3466 =( NAMED_UNIT ( * ) PLANE_ANGLE_UNIT ( ) SI_UNIT ( $, .RADIAN. ) );
#3467 = AXIS2_PLACEMENT_3D ( 'NONE', #4920, #802, #7260 ) ;
#3468 = FILL_AREA_STYLE_COLOUR ( '', #7333 ) ;
#3469 = FILL_AREA_STYLE_COLOUR ( '', #7045 ) ;
#3470 = ORIENTED_EDGE ( 'NONE', *, *, #2680, .F. ) ;
#3471 = VECTOR ( 'NONE', #6395, 999.9999999999998863 ) ;
#3472 =( LENGTH_UNIT ( ) NAMED_UNIT ( * ) SI_UNIT ( .MILLI., .METRE. ) );
#3473 = FACE_BOUND ( 'NONE', #5062, .T. ) ;
#3474 = SURFACE_STYLE_USAGE ( .BOTH. , #549 ) ;
#3475 = EDGE_CURVE ( 'NONE', #2543, #4027, #1402, .T. ) ;
#3476 = CARTESIAN_POINT ( 'NONE',  ( 2.999992675781000262, -4.599995496242009985, -5.979846045201238525 ) ) ;
#3477 = DIRECTION ( 'NONE',  ( 1.000000000000000000, 0.000000000000000000, 0.000000000000000000 ) ) ;
#3478 =( NAMED_UNIT ( * ) PLANE_ANGLE_UNIT ( ) SI_UNIT ( $, .RADIAN. ) );
#3479 = AXIS2_PLACEMENT_3D ( 'NONE', #6050, #2460, #691 ) ;
#3480 = ORIENTED_EDGE ( 'NONE', *, *, #219, .F. ) ;
#3481 = UNCERTAINTY_MEASURE_WITH_UNIT (LENGTH_MEASURE( 1.000000000000000082E-05 ), #5472, 'distance_accuracy_value', 'NONE');
#3482 = VERTEX_POINT ( 'NONE', #3476 ) ;
#3483 = ORIENTED_EDGE ( 'NONE', *, *, #1586, .F. ) ;
#3484 = STYLED_ITEM ( 'NONE', ( #7223 ), #281 ) ;
#3485 = FACE_BOUND ( 'NONE', #878, .T. ) ;
#3486 = VECTOR ( 'NONE', #570, 1000.000000000000000 ) ;
#3487 = EDGE_CURVE ( 'NONE', #4006, #4946, #5178, .T. ) ;
#3488 = CARTESIAN_POINT ( 'NONE',  ( -4.775524931250000549, -30.34464111045367929, -7.479848699486872476 ) ) ;
#3489 = CARTESIAN_POINT ( 'NONE',  ( -8.500000000000000000, -29.00000000000000000, -2.017369599999999874 ) ) ;
#3490 = MANIFOLD_SURFACE_SHAPE_REPRESENTATION ( 'VC Sensor V1.0', ( #5417, #5525 ), #1301 ) ;
#3491 = ORIENTED_EDGE ( 'NONE', *, *, #236, .T. ) ;
#3492 = ORIENTED_EDGE ( 'NONE', *, *, #2479, .T. ) ;
#3493 = CARTESIAN_POINT ( 'NONE',  ( 11.69999213578100061, -31.00001606249999497, 2.540000000000000036 ) ) ;
#3494 = AXIS2_PLACEMENT_3D ( 'NONE', #325, #3366, #3938 ) ;
#3495 = OPEN_SHELL ( 'NONE', ( #3073 ) ) ;
#3496 = LINE ( 'NONE', #4760, #866 ) ;
#3497 = DIRECTION ( 'NONE',  ( 0.000000000000000000, -1.748454679999999258E-07, 0.9999999999999846789 ) ) ;
#3498 = CARTESIAN_POINT ( 'NONE',  ( 0.7569319557809968124, -2.993527463966827895, -9.301249912108634277 ) ) ;
#3499 = FILL_AREA_STYLE_COLOUR ( '', #2198 ) ;
#3500 =( GEOMETRIC_REPRESENTATION_CONTEXT ( 3 ) GLOBAL_UNCERTAINTY_ASSIGNED_CONTEXT ( ( #5949 ) ) GLOBAL_UNIT_ASSIGNED_CONTEXT ( ( #1221, #670, #4208 ) ) REPRESENTATION_CONTEXT ( 'NONE', 'WORKASPACE' ) );
#3501 = CARTESIAN_POINT ( 'NONE',  ( 40.00000000000000000, -40.00000000000000000, 0.000000000000000000 ) ) ;
#3502 =( GEOMETRIC_REPRESENTATION_CONTEXT ( 3 ) GLOBAL_UNCERTAINTY_ASSIGNED_CONTEXT ( ( #4877 ) ) GLOBAL_UNIT_ASSIGNED_CONTEXT ( ( #6541, #4107, #4220 ) ) REPRESENTATION_CONTEXT ( 'NONE', 'WORKASPACE' ) );
#3503 = CARTESIAN_POINT ( 'NONE',  ( -4.955364551250029947, -30.07549255045374181, -7.479848652427466327 ) ) ;
#3504 = CARTESIAN_POINT ( 'NONE',  ( 9.525000000000000355, 8.000000000000000000, -2.017369599999999874 ) ) ;
#3505 = LINE ( 'NONE', #7008, #2923 ) ;
#3506 = COLOUR_RGB ( '',0.000000000000000000, 0.5019607843137254832, 0.000000000000000000 ) ;
#3507 = CARTESIAN_POINT ( 'NONE',  ( -0.04467349125005000421, -30.07549316241298598, -3.979848032427520277 ) ) ;
#3508 = LINE ( 'NONE', #4675, #3128 ) ;
#3509 = DIRECTION ( 'NONE',  ( 0.000000000000000000, -1.748454679999999258E-07, 0.9999999999999846789 ) ) ;
#3510 = DIRECTION ( 'NONE',  ( -0.9999999999999962252, -8.742277723992851424E-08, -1.549848670304741832E-14 ) ) ;
#3511 = EDGE_CURVE ( 'NONE', #790, #7135, #1139, .T. ) ;
#3512 = ORIENTED_EDGE ( 'NONE', *, *, #1686, .T. ) ;
#3513 = STYLED_ITEM ( 'NONE', ( #1582 ), #1283 ) ;
#3514 = CARTESIAN_POINT ( 'NONE',  ( -8.500007324219000182, -8.999995496241941950, -5.979846814521297738 ) ) ;
#3515 = DIRECTION ( 'NONE',  ( 0.000000000000000000, -1.748454679999999787E-07, 0.9999999999999849010 ) ) ;
#3516 = DIRECTION ( 'NONE',  ( 0.000000000000000000, -0.9999999999999846789, -1.748454679999999258E-07 ) ) ;
#3517 = DIRECTION ( 'NONE',  ( 1.000000000000000000, 0.000000000000000000, 0.000000000000000000 ) ) ;
#3518 = CARTESIAN_POINT ( 'NONE',  ( -7.324219028886552219E-06, -19.30001279249995605, 1.499999539999999909 ) ) ;
#3519 = VERTEX_POINT ( 'NONE', #5850 ) ;
#3520 = ADVANCED_FACE ( 'NONE', ( #6444 ), #7024, .F. ) ;
#3521 = ORIENTED_EDGE ( 'NONE', *, *, #3702, .T. ) ;
#3522 = ORIENTED_EDGE ( 'NONE', *, *, #260, .F. ) ;
#3523 = EDGE_CURVE ( 'NONE', #5225, #1072, #3681, .T. ) ;
#3524 = DIRECTION ( 'NONE',  ( 0.000000000000000000, 1.748454679999999258E-07, -0.9999999999999846789 ) ) ;
#3525 = CARTESIAN_POINT ( 'NONE',  ( 5.000722144379999179, -4.599266283351220785, -4.517364845073717383 ) ) ;
#3526 = LINE ( 'NONE', #5859, #3852 ) ;
#3527 = MECHANICAL_DESIGN_GEOMETRIC_PRESENTATION_REPRESENTATION (  '', ( #373 ), #2880 ) ;
#3528 = ORIENTED_EDGE ( 'NONE', *, *, #5026, .T. ) ;
#3529 = EDGE_CURVE ( 'NONE', #2911, #1826, #5171, .T. ) ;
#3530 = ORIENTED_EDGE ( 'NONE', *, *, #5387, .F. ) ;
#3531 = LINE ( 'NONE', #2883, #7119 ) ;
#3532 = VECTOR ( 'NONE', #4265, 1000.000000000000000 ) ;
#3533 = DIRECTION ( 'NONE',  ( -1.000000000000000000, 0.000000000000000000, 0.000000000000000000 ) ) ;
#3534 = CARTESIAN_POINT ( 'NONE',  ( 9.499991455780998351, -9.499994431950002038, 1.599998607906999881 ) ) ;
#3535 = SURFACE_SIDE_STYLE ('',( #4187 ) ) ;
#3536 = CARTESIAN_POINT ( 'NONE',  ( -3.800007324219000004, -34.49999549624155293, -5.979851273080732277 ) ) ;
#3537 =( NAMED_UNIT ( * ) SI_UNIT ( $, .STERADIAN. ) SOLID_ANGLE_UNIT ( ) );
#3538 = PLANE ( 'NONE',  #3696 ) ;
#3539 = CARTESIAN_POINT ( 'NONE',  ( -0.04467349125005000421, -30.07549255045374181, -7.479848652427466327 ) ) ;
#3540 = AXIS2_PLACEMENT_3D ( 'NONE', #6714, #1924, #4328 ) ;
#3541 = LINE ( 'NONE', #3507, #2496 ) ;
#3542 = CARTESIAN_POINT ( 'NONE',  ( -9.000007324219000182, -34.99999549624153872, -5.979851360503466218 ) ) ;
#3543 = CARTESIAN_POINT ( 'NONE',  ( -4.872855191250001106, -30.10967140241298878, -3.979848038403430710 ) ) ;
#3544 = AXIS2_PLACEMENT_3D ( 'NONE', #860, #1472, #387 ) ;
#3545 = VERTEX_POINT ( 'NONE', #3435 ) ;
#3546 = DIRECTION ( 'NONE',  ( 0.000000000000000000, -1.748454679999999258E-07, 0.9999999999999846789 ) ) ;
#3547 = DIRECTION ( 'NONE',  ( 1.000000000000000000, 0.000000000000000000, 0.000000000000000000 ) ) ;
#3548 =( NAMED_UNIT ( * ) SI_UNIT ( $, .STERADIAN. ) SOLID_ANGLE_UNIT ( ) );
#3549 = VECTOR ( 'NONE', #5962, 1000.000000000000000 ) ;
#3550 = EDGE_CURVE ( 'NONE', #5017, #5970, #3283, .T. ) ;
#3551 = DIRECTION ( 'NONE',  ( -0.9999999999999962252, -8.742277723992851424E-08, -1.549848670304741832E-14 ) ) ;
#3552 = ORIENTED_EDGE ( 'NONE', *, *, #7319, .T. ) ;
#3553 = PRESENTATION_LAYER_ASSIGNMENT (  '', '', ( #265 ) ) ;
#3554 = UNCERTAINTY_MEASURE_WITH_UNIT (LENGTH_MEASURE( 1.000000000000000082E-05 ), #6911, 'distance_accuracy_value', 'NONE');
#3555 = ORIENTED_EDGE ( 'NONE', *, *, #2299, .F. ) ;
#3556 = VERTEX_POINT ( 'NONE', #7607 ) ;
#3557 = PLANE ( 'NONE',  #2156 ) ;
#3558 = CYLINDRICAL_SURFACE ( 'NONE', #1509, 1.498841284246002159 ) ;
#3559 = CYLINDRICAL_SURFACE ( 'NONE', #4471, 1.100000000000000311 ) ;
#3560 = AXIS2_PLACEMENT_3D ( 'NONE', #2580, #833, #4386 ) ;
#3561 = PRESENTATION_LAYER_ASSIGNMENT (  '', '', ( #1035 ) ) ;
#3562 = ADVANCED_FACE ( 'NONE', ( #4601 ), #2233, .F. ) ;
#3563 = LINE ( 'NONE', #2282, #2317 ) ;
#3564 = CARTESIAN_POINT ( 'NONE',  ( -0.8100680442189969188, -2.993527600958319823, -9.301249912108659146 ) ) ;
#3565 = CIRCLE ( 'NONE', #1169, 1.300000000000002487 ) ;
#3566 = VERTEX_POINT ( 'NONE', #4201 ) ;
#3567 = UNCERTAINTY_MEASURE_WITH_UNIT (LENGTH_MEASURE( 1.000000000000000082E-05 ), #290, 'distance_accuracy_value', 'NONE');
#3568 = ORIENTED_EDGE ( 'NONE', *, *, #7614, .T. ) ;
#3569 = AXIS2_PLACEMENT_3D ( 'NONE', #7123, #1791, #7023 ) ;
#3570 = AXIS2_PLACEMENT_3D ( 'NONE', #5365, #1614, #57 ) ;
#3571 =( LENGTH_UNIT ( ) NAMED_UNIT ( * ) SI_UNIT ( .MILLI., .METRE. ) );
#3572 = EDGE_CURVE ( 'NONE', #1806, #2567, #5390, .T. ) ;
#3573 =( NAMED_UNIT ( * ) PLANE_ANGLE_UNIT ( ) SI_UNIT ( $, .RADIAN. ) );
#3574 = LINE ( 'NONE', #4184, #678 ) ;
#3575 = MECHANICAL_DESIGN_GEOMETRIC_PRESENTATION_REPRESENTATION (  '', ( #545 ), #2170 ) ;
#3576 = CARTESIAN_POINT ( 'NONE',  ( 0.1271448087500000046, -30.10967140241298878, -3.979848038403430710 ) ) ;
#3577 = PRESENTATION_LAYER_ASSIGNMENT (  '', '', ( #3181 ) ) ;
#3578 = FILL_AREA_STYLE_COLOUR ( '', #834 ) ;
#3579 = LINE ( 'NONE', #5920, #919 ) ;
#3580 = CIRCLE ( 'NONE', #3453, 1.498841284246000383 ) ;
#3581 = CARTESIAN_POINT ( 'NONE',  ( 38.69999999999999574, 40.00000000000000000, 0.000000000000000000 ) ) ;
#3582 = EDGE_CURVE ( 'NONE', #790, #124, #546, .T. ) ;
#3583 = DIRECTION ( 'NONE',  ( 0.000000000000000000, 1.000000000000000000, 0.000000000000000000 ) ) ;
#3584 = FILL_AREA_STYLE_COLOUR ( '', #5884 ) ;
#3585 =( NAMED_UNIT ( * ) SI_UNIT ( $, .STERADIAN. ) SOLID_ANGLE_UNIT ( ) );
#3586 =( NAMED_UNIT ( * ) SI_UNIT ( $, .STERADIAN. ) SOLID_ANGLE_UNIT ( ) );
#3587 = AXIS2_PLACEMENT_3D ( 'NONE', #800, #5545, #2591 ) ;
#3588 = EDGE_LOOP ( 'NONE', ( #2627, #6534, #235, #2157 ) ) ;
#3589 = SURFACE_SIDE_STYLE ('',( #4156 ) ) ;
#3590 = PLANE ( 'NONE',  #2924 ) ;
#3591 = SURFACE_STYLE_FILL_AREA ( #1182 ) ;
#3592 = AXIS2_PLACEMENT_3D ( 'NONE', #5257, #520, #488 ) ;
#3593 = ORIENTED_EDGE ( 'NONE', *, *, #5676, .T. ) ;
#3594 = VERTEX_POINT ( 'NONE', #15 ) ;
#3595 = DIRECTION ( 'NONE',  ( 0.000000000000000000, 1.748454679999999523E-07, -0.9999999999999847899 ) ) ;
#3596 = DIRECTION ( 'NONE',  ( 0.000000000000000000, 0.000000000000000000, -1.000000000000000000 ) ) ;
#3597 = DIRECTION ( 'NONE',  ( 0.000000000000000000, 0.000000000000000000, -1.000000000000000000 ) ) ;
#3598 =( NAMED_UNIT ( * ) SI_UNIT ( $, .STERADIAN. ) SOLID_ANGLE_UNIT ( ) );
#3599 = CARTESIAN_POINT ( 'NONE',  ( -5.224510571250000623, -30.25533278241295676, -3.979848063871662678 ) ) ;
#3600 = ORIENTED_EDGE ( 'NONE', *, *, #6908, .F. ) ;
#3601 = EDGE_LOOP ( 'NONE', ( #1224, #5774 ) ) ;
#3602 = EDGE_CURVE ( 'NONE', #5655, #452, #3018, .T. ) ;
#3603 = DIRECTION ( 'NONE',  ( 0.9999999999999961142, 8.742277695184497234E-08, 1.515390622692383300E-14 ) ) ;
#3604 = SURFACE_SIDE_STYLE ('',( #4143 ) ) ;
#3605 = FILL_AREA_STYLE ('',( #4950 ) ) ;
#3606 = CIRCLE ( 'NONE', #2206, 2.174999999999999822 ) ;
#3607 = CARTESIAN_POINT ( 'NONE',  ( 24.50000000000000000, 43.00000000000000000, 0.000000000000000000 ) ) ;
#3608 = CARTESIAN_POINT ( 'NONE',  ( -9.026568044219001052, -34.99355864169627495, -5.917369181862010663 ) ) ;
#3609 = EDGE_CURVE ( 'NONE', #2388, #193, #4938, .T. ) ;
#3610 = CARTESIAN_POINT ( 'NONE',  ( 8.973431955781000724, -34.99355864169627495, -5.917369181862010663 ) ) ;
#3611 = VECTOR ( 'NONE', #6989, 1000.000000000000227 ) ;
#3612 = MECHANICAL_DESIGN_GEOMETRIC_PRESENTATION_REPRESENTATION (  '', ( #1450 ), #3218 ) ;
#3613 = ADVANCED_FACE ( 'NONE', ( #3097 ), #1907, .F. ) ;
#3614 = FILL_AREA_STYLE ('',( #5383 ) ) ;
#3615 = DIRECTION ( 'NONE',  ( 1.000000000000000000, 0.000000000000000000, 0.000000000000000000 ) ) ;
#3616 = PRESENTATION_LAYER_ASSIGNMENT (  '', '', ( #6939 ) ) ;
#3617 = DIRECTION ( 'NONE',  ( 1.000000000000000000, 0.000000000000000000, 0.000000000000000000 ) ) ;
#3618 = EDGE_CURVE ( 'NONE', #5707, #3419, #5882, .T. ) ;
#3619 = ORIENTED_EDGE ( 'NONE', *, *, #653, .T. ) ;
#3620 = AXIS2_PLACEMENT_3D ( 'NONE', #2353, #4744, #1101 ) ;
#3621 = DIRECTION ( 'NONE',  ( 0.000000000000000000, 0.000000000000000000, -1.000000000000000000 ) ) ;
#3622 = LINE ( 'NONE', #2983, #2873 ) ;
#3623 = LINE ( 'NONE', #4345, #5279 ) ;
#3624 = CARTESIAN_POINT ( 'NONE',  ( -40.00000000000000000, -40.00000000000000000, -2.017369599999999874 ) ) ;
#3625 = UNCERTAINTY_MEASURE_WITH_UNIT (LENGTH_MEASURE( 1.000000000000000082E-05 ), #4714, 'distance_accuracy_value', 'NONE');
#3626 = ORIENTED_EDGE ( 'NONE', *, *, #6717, .F. ) ;
#3627 = FACE_BOUND ( 'NONE', #5280, .T. ) ;
#3628 = ORIENTED_EDGE ( 'NONE', *, *, #6699, .T. ) ;
#3629 = FILL_AREA_STYLE ('',( #560 ) ) ;
#3630 = CARTESIAN_POINT ( 'NONE',  ( -10.70000624421900071, -8.600012602499997882, 2.000001080000000098 ) ) ;
#3631 = MECHANICAL_DESIGN_GEOMETRIC_PRESENTATION_REPRESENTATION (  '', ( #4746 ), #2737 ) ;
#3632 = DIRECTION ( 'NONE',  ( -0.9238826834630522455, 0.3826758252060156740, 6.690913375043302168E-08 ) ) ;
#3633 = SURFACE_STYLE_FILL_AREA ( #1803 ) ;
#3634 = ORIENTED_EDGE ( 'NONE', *, *, #3550, .F. ) ;
#3635 = UNCERTAINTY_MEASURE_WITH_UNIT (LENGTH_MEASURE( 1.000000000000000082E-05 ), #4522, 'distance_accuracy_value', 'NONE');
#3636 = PRESENTATION_LAYER_ASSIGNMENT (  '', '', ( #4746 ) ) ;
#3637 = EDGE_LOOP ( 'NONE', ( #4976, #7543 ) ) ;
#3638 = CARTESIAN_POINT ( 'NONE',  ( 10.00000000000000000, -10.50000000000000000, 0.000000000000000000 ) ) ;
#3639 =( LENGTH_UNIT ( ) NAMED_UNIT ( * ) SI_UNIT ( .MILLI., .METRE. ) );
#3640 = VECTOR ( 'NONE', #616, 1000.000000000000227 ) ;
#3641 = CARTESIAN_POINT ( 'NONE',  ( -6.000007324218984195, -34.49999562409564646, -5.979851273080754481 ) ) ;
#3642 = EDGE_CURVE ( 'NONE', #6200, #183, #5974, .T. ) ;
#3643 = PRESENTATION_STYLE_ASSIGNMENT (( #501 ) ) ;
#3644 = SURFACE_STYLE_FILL_AREA ( #6042 ) ;
#3645 = DIRECTION ( 'NONE',  ( 0.000000000000000000, 0.000000000000000000, -1.000000000000000000 ) ) ;
#3646 = SURFACE_SIDE_STYLE ('',( #6723 ) ) ;
#3647 =( NAMED_UNIT ( * ) SI_UNIT ( $, .STERADIAN. ) SOLID_ANGLE_UNIT ( ) );
#3648 = DIRECTION ( 'NONE',  ( 1.000000000000000000, 0.000000000000000000, 0.000000000000000000 ) ) ;
#3649 = CARTESIAN_POINT ( 'NONE',  ( -12.70001775124999810, -31.99998588843380176, -4.517369635965360786 ) ) ;
#3650 = ADVANCED_FACE ( 'NONE', ( #3726 ), #1352, .T. ) ;
#3651 = AXIS2_PLACEMENT_3D ( 'NONE', #5482, #6229, #2686 ) ;
#3652 = ORIENTED_EDGE ( 'NONE', *, *, #4717, .F. ) ;
#3653 = CARTESIAN_POINT ( 'NONE',  ( -6.000007324218984195, -34.49999562409566067, -4.517370073080731352 ) ) ;
#3654 = CARTESIAN_POINT ( 'NONE',  ( -3.000007324219000182, -2.999995751950247147, -4.517364565448511726 ) ) ;
#3655 = EDGE_CURVE ( 'NONE', #3566, #7440, #2908, .T. ) ;
#3656 = ADVANCED_FACE ( 'NONE', ( #5004 ), #3340, .F. ) ;
#3657 = ORIENTED_EDGE ( 'NONE', *, *, #4576, .T. ) ;
#3658 = VERTEX_POINT ( 'NONE', #186 ) ;
#3659 = ORIENTED_EDGE ( 'NONE', *, *, #1621, .F. ) ;
#3660 =( NAMED_UNIT ( * ) SI_UNIT ( $, .STERADIAN. ) SOLID_ANGLE_UNIT ( ) );
#3661 = VECTOR ( 'NONE', #6849, 1000.000000000000000 ) ;
#3662 = DIRECTION ( 'NONE',  ( 0.9999999999999962252, 8.742277735063194850E-08, 1.548860246407862981E-14 ) ) ;
#3663 = EDGE_CURVE ( 'NONE', #858, #1873, #3912, .T. ) ;
#3664 = COLOUR_RGB ( '',1.000000000000000000, 1.000000000000000000, 1.000000000000000000 ) ;
#3665 = ORIENTED_EDGE ( 'NONE', *, *, #5189, .F. ) ;
#3666 = VECTOR ( 'NONE', #133, 1000.000000000000227 ) ;
#3667 = ORIENTED_EDGE ( 'NONE', *, *, #143, .F. ) ;
#3668 = ORIENTED_EDGE ( 'NONE', *, *, #3414, .T. ) ;
#3669 = FACE_OUTER_BOUND ( 'NONE', #6446, .T. ) ;
#3670 = MECHANICAL_DESIGN_GEOMETRIC_PRESENTATION_REPRESENTATION (  '', ( #1035 ), #1166 ) ;
#3671 = VECTOR ( 'NONE', #5750, 1000.000000000000000 ) ;
#3672 = DIRECTION ( 'NONE',  ( 0.000000000000000000, 1.748454679999999787E-07, -0.9999999999999849010 ) ) ;
#3673 = FILL_AREA_STYLE_COLOUR ( '', #1576 ) ;
#3674 = MECHANICAL_DESIGN_GEOMETRIC_PRESENTATION_REPRESENTATION (  '', ( #783 ), #2916 ) ;
#3675 = COLOUR_RGB ( '',1.000000000000000000, 1.000000000000000000, 1.000000000000000000 ) ;
#3676 = CARTESIAN_POINT ( 'NONE',  ( 39.99890579710099558, -39.99890579710000083, 0.000000000000000000 ) ) ;
#3677 = STYLED_ITEM ( 'NONE', ( #1348 ), #7044 ) ;
#3678 = DIRECTION ( 'NONE',  ( 1.000000000000000000, 0.000000000000000000, 0.000000000000000000 ) ) ;
#3679 = FACE_BOUND ( 'NONE', #1562, .T. ) ;
#3680 = COLOUR_RGB ( '',0.000000000000000000, 0.5019607843137254832, 0.000000000000000000 ) ;
#3681 = CIRCLE ( 'NONE', #6009, 1.300000000000002487 ) ;
#3682 =( NAMED_UNIT ( * ) SI_UNIT ( $, .STERADIAN. ) SOLID_ANGLE_UNIT ( ) );
#3683 = CARTESIAN_POINT ( 'NONE',  ( 43.00000000000000000, 40.00000000000000000, 0.000000000000000000 ) ) ;
#3684 =( NAMED_UNIT ( * ) SI_UNIT ( $, .STERADIAN. ) SOLID_ANGLE_UNIT ( ) );
#3685 = STYLED_ITEM ( 'NONE', ( #5252 ), #7280 ) ;
#3686 = AXIS2_PLACEMENT_3D ( 'NONE', #539, #4029, #2342 ) ;
#3687 = ORIENTED_EDGE ( 'NONE', *, *, #566, .T. ) ;
#3688 = DIRECTION ( 'NONE',  ( -0.0007733734047231488173, 0.9999997009467285203, 1.748454156017435066E-07 ) ) ;
#3689 = CIRCLE ( 'NONE', #5181, 0.5000000000000000000 ) ;
#3690 = EDGE_CURVE ( 'NONE', #5162, #5495, #6896, .T. ) ;
#3691 =( LENGTH_UNIT ( ) NAMED_UNIT ( * ) SI_UNIT ( .MILLI., .METRE. ) );
#3692 = FILL_AREA_STYLE_COLOUR ( '', #1783 ) ;
#3693 = MECHANICAL_DESIGN_GEOMETRIC_PRESENTATION_REPRESENTATION (  '', ( #5055 ), #7393 ) ;
#3694 = CARTESIAN_POINT ( 'NONE',  ( -14.69999999999999929, -38.50000000000000000, 0.000000000000000000 ) ) ;
#3695 = PLANE ( 'NONE',  #7375 ) ;
#3696 = AXIS2_PLACEMENT_3D ( 'NONE', #306, #4381, #6093 ) ;
#3697 = ORIENTED_EDGE ( 'NONE', *, *, #491, .T. ) ;
#3698 = STYLED_ITEM ( 'NONE', ( #2074 ), #4650 ) ;
#3699 = SURFACE_STYLE_FILL_AREA ( #4164 ) ;
#3700 = SURFACE_STYLE_FILL_AREA ( #3734 ) ;
#3701 = ORIENTED_EDGE ( 'NONE', *, *, #2054, .T. ) ;
#3702 = EDGE_CURVE ( 'NONE', #4411, #7659, #6239, .T. ) ;
#3703 = SURFACE_STYLE_FILL_AREA ( #6561 ) ;
#3704 = CARTESIAN_POINT ( 'NONE',  ( 11.69999213578100061, -7.600014602499998162, 2.540000000000000036 ) ) ;
#3705 = VERTEX_POINT ( 'NONE', #2570 ) ;
#3706 = UNCERTAINTY_MEASURE_WITH_UNIT (LENGTH_MEASURE( 1.000000000000000082E-05 ), #1736, 'distance_accuracy_value', 'NONE');
#3707 = ORIENTED_EDGE ( 'NONE', *, *, #4671, .T. ) ;
#3708 = EDGE_CURVE ( 'NONE', #6495, #4313, #349, .T. ) ;
#3709 = DIRECTION ( 'NONE',  ( 1.000000000000000000, 0.000000000000000000, 0.000000000000000000 ) ) ;
#3710 = VECTOR ( 'NONE', #1474, 1000.000000000000000 ) ;
#3711 =( NAMED_UNIT ( * ) SI_UNIT ( $, .STERADIAN. ) SOLID_ANGLE_UNIT ( ) );
#3712 = CARTESIAN_POINT ( 'NONE',  ( 9.999992675780999818, -10.49999549624191886, -5.979847076789500449 ) ) ;
#3713 =( LENGTH_UNIT ( ) NAMED_UNIT ( * ) SI_UNIT ( .MILLI., .METRE. ) );
#3714 = LINE ( 'NONE', #721, #2210 ) ;
#3715 = COLOUR_RGB ( '',1.000000000000000000, 1.000000000000000000, 1.000000000000000000 ) ;
#3716 =( LENGTH_UNIT ( ) NAMED_UNIT ( * ) SI_UNIT ( .MILLI., .METRE. ) );
#3717 = SURFACE_STYLE_FILL_AREA ( #1342 ) ;
#3718 = SURFACE_SIDE_STYLE ('',( #3644 ) ) ;
#3719 = CIRCLE ( 'NONE', #7162, 0.7835000000000007514 ) ;
#3720 = LINE ( 'NONE', #4930, #4867 ) ;
#3721 = CARTESIAN_POINT ( 'NONE',  ( 10.49999267578099804, -34.99999549624153872, -5.979851360503466218 ) ) ;
#3722 = AXIS2_PLACEMENT_3D ( 'NONE', #4763, #5297, #1702 ) ;
#3723 = VERTEX_POINT ( 'NONE', #1388 ) ;
#3724 = FILL_AREA_STYLE ('',( #3095 ) ) ;
#3725 = CIRCLE ( 'NONE', #5095, 1.300000000000002487 ) ;
#3726 = FACE_OUTER_BOUND ( 'NONE', #4860, .T. ) ;
#3727 = PRESENTATION_LAYER_ASSIGNMENT (  '', '', ( #2349 ) ) ;
#3728 =( NAMED_UNIT ( * ) PLANE_ANGLE_UNIT ( ) SI_UNIT ( $, .RADIAN. ) );
#3729 = LINE ( 'NONE', #7281, #1173 ) ;
#3730 = EDGE_LOOP ( 'NONE', ( #5209, #5094, #3844, #7066 ) ) ;
#3731 = ADVANCED_FACE ( 'NONE', ( #1434 ), #5400, .T. ) ;
#3732 = ORIENTED_EDGE ( 'NONE', *, *, #4980, .T. ) ;
#3733 = COLOUR_RGB ( '',0.000000000000000000, 0.5019607843137254832, 0.000000000000000000 ) ;
#3734 = FILL_AREA_STYLE ('',( #85 ) ) ;
#3735 = ORIENTED_EDGE ( 'NONE', *, *, #5479, .F. ) ;
#3736 = CARTESIAN_POINT ( 'NONE',  ( -4.375007324219001070, -30.29999575194982597, -4.517369338729788630 ) ) ;
#3737 = CARTESIAN_POINT ( 'NONE',  ( -24.49884083601000029, 41.50115916398699767, 0.000000000000000000 ) ) ;
#3738 = PRESENTATION_LAYER_ASSIGNMENT (  '', '', ( #3991 ) ) ;
#3739 = ADVANCED_FACE ( 'NONE', ( #5362, #3485 ), #5901, .F. ) ;
#3740 = EDGE_CURVE ( 'NONE', #6879, #1013, #4037, .T. ) ;
#3741 = VERTEX_POINT ( 'NONE', #1799 ) ;
#3742 = EDGE_CURVE ( 'NONE', #7440, #5707, #4205, .T. ) ;
#3743 = VERTEX_POINT ( 'NONE', #1690 ) ;
#3744 = CARTESIAN_POINT ( 'NONE',  ( 21.50000000000000000, 38.50000000000000000, 0.000000000000000000 ) ) ;
#3745 = CARTESIAN_POINT ( 'NONE',  ( 20.00000000000000000, 32.39999999999999858, -2.017369599999999874 ) ) ;
#3746 =( NAMED_UNIT ( * ) SI_UNIT ( $, .STERADIAN. ) SOLID_ANGLE_UNIT ( ) );
#3747 = EDGE_CURVE ( 'NONE', #2018, #2285, #1656, .T. ) ;
#3748 = VECTOR ( 'NONE', #4602, 1000.000000000000227 ) ;
#3749 = EDGE_CURVE ( 'NONE', #2922, #6487, #516, .T. ) ;
#3750 = CARTESIAN_POINT ( 'NONE',  ( -0.1271828512500000063, -30.49030249045373608, -7.479848724955104444 ) ) ;
#3751 = CYLINDRICAL_SURFACE ( 'NONE', #6283, 1.100000000000000311 ) ;
#3752 = SURFACE_STYLE_FILL_AREA ( #2634 ) ;
#3753 = DIRECTION ( 'NONE',  ( 0.000000000000000000, 1.748454679999999523E-07, -0.9999999999999846789 ) ) ;
#3754 = SURFACE_STYLE_USAGE ( .BOTH. , #888 ) ;
#3755 = DIRECTION ( 'NONE',  ( 0.000000000000000000, -1.000000000000000000, 0.000000000000000000 ) ) ;
#3756 = DIRECTION ( 'NONE',  ( 0.000000000000000000, -0.9999999999999846789, -1.748454679999999258E-07 ) ) ;
#3757 = AXIS2_PLACEMENT_3D ( 'NONE', #4000, #1635, #7483 ) ;
#3758 = PRESENTATION_STYLE_ASSIGNMENT (( #1349 ) ) ;
#3759 = ORIENTED_EDGE ( 'NONE', *, *, #6812, .F. ) ;
#3760 = CARTESIAN_POINT ( 'NONE',  ( -5.224510571250000623, -30.29998537045374007, -7.479848691679018557 ) ) ;
#3761 = CARTESIAN_POINT ( 'NONE',  ( -2.201568044218960907, -2.993528777604758329, -4.517363586801790731 ) ) ;
#3762 = VECTOR ( 'NONE', #3648, 1000.000000000000000 ) ;
#3763 = LINE ( 'NONE', #2534, #4750 ) ;
#3764 = DIRECTION ( 'NONE',  ( 0.000000000000000000, -1.748454679999999258E-07, 0.9999999999999846789 ) ) ;
#3765 = FILL_AREA_STYLE ('',( #2467 ) ) ;
#3766 = VERTEX_POINT ( 'NONE', #6559 ) ;
#3767 = UNCERTAINTY_MEASURE_WITH_UNIT (LENGTH_MEASURE( 1.000000000000000082E-05 ), #5321, 'distance_accuracy_value', 'NONE');
#3768 = ORIENTED_EDGE ( 'NONE', *, *, #228, .F. ) ;
#3769 = ORIENTED_EDGE ( 'NONE', *, *, #5923, .F. ) ;
#3770 = CARTESIAN_POINT ( 'NONE',  ( 8.977176106171999237, -9.999995971950001561, 1.499998807906999909 ) ) ;
#3771 = SURFACE_STYLE_FILL_AREA ( #5467 ) ;
#3772 = COLOUR_RGB ( '',1.000000000000000000, 0.6078431372549019107, 0.000000000000000000 ) ;
#3773 =( NAMED_UNIT ( * ) SI_UNIT ( $, .STERADIAN. ) SOLID_ANGLE_UNIT ( ) );
#3774 = ORIENTED_EDGE ( 'NONE', *, *, #6387, .T. ) ;
#3775 = UNCERTAINTY_MEASURE_WITH_UNIT (LENGTH_MEASURE( 1.000000000000000082E-05 ), #2294, 'distance_accuracy_value', 'NONE');
#3776 = ORIENTED_EDGE ( 'NONE', *, *, #4702, .T. ) ;
#3777 = ORIENTED_EDGE ( 'NONE', *, *, #7538, .F. ) ;
#3778 = CARTESIAN_POINT ( 'NONE',  ( -9.500006104219000491, -28.49999453194999788, 1.499998807906999909 ) ) ;
#3779 = FILL_AREA_STYLE ('',( #5666 ) ) ;
#3780 = EDGE_CURVE ( 'NONE', #3888, #6131, #1148, .T. ) ;
#3781 = VECTOR ( 'NONE', #289, 1000.000000000000000 ) ;
#3782 = VECTOR ( 'NONE', #2333, 1000.000000000000000 ) ;
#3783 = PRESENTATION_STYLE_ASSIGNMENT (( #5594 ) ) ;
#3784 = CIRCLE ( 'NONE', #415, 1.300000000000002487 ) ;
#3785 = ADVANCED_FACE ( 'NONE', ( #4751 ), #3557, .F. ) ;
#3786 =( LENGTH_UNIT ( ) NAMED_UNIT ( * ) SI_UNIT ( .MILLI., .METRE. ) );
#3787 = DIRECTION ( 'NONE',  ( 0.000000000000000000, -1.000000000000000000, 0.000000000000000000 ) ) ;
#3788 = LINE ( 'NONE', #138, #1244 ) ;
#3789 = CIRCLE ( 'NONE', #4170, 2.174999999999999822 ) ;
#3790 = LINE ( 'NONE', #5076, #3081 ) ;
#3791 = VECTOR ( 'NONE', #6889, 1000.000000000000000 ) ;
#3792 = LINE ( 'NONE', #5484, #5761 ) ;
#3793 = LINE ( 'NONE', #6121, #5748 ) ;
#3794 = ORIENTED_EDGE ( 'NONE', *, *, #2390, .T. ) ;
#3795 = DIRECTION ( 'NONE',  ( 1.000000000000000000, 0.000000000000000000, 0.000000000000000000 ) ) ;
#3796 = STYLED_ITEM ( 'NONE', ( #2949 ), #3562 ) ;
#3797 = EDGE_CURVE ( 'NONE', #5162, #4285, #6097, .T. ) ;
#3798 = MECHANICAL_DESIGN_GEOMETRIC_PRESENTATION_REPRESENTATION (  '', ( #7385 ), #4052 ) ;
#3799 = CARTESIAN_POINT ( 'NONE',  ( 9.499991455780998351, -9.499994431950002038, 1.499998807906999909 ) ) ;
#3800 =( GEOMETRIC_REPRESENTATION_CONTEXT ( 3 ) GLOBAL_UNCERTAINTY_ASSIGNED_CONTEXT ( ( #951 ) ) GLOBAL_UNIT_ASSIGNED_CONTEXT ( ( #7094, #2320, #5816 ) ) REPRESENTATION_CONTEXT ( 'NONE', 'WORKASPACE' ) );
#3801 =( GEOMETRIC_REPRESENTATION_CONTEXT ( 3 ) GLOBAL_UNCERTAINTY_ASSIGNED_CONTEXT ( ( #703 ) ) GLOBAL_UNIT_ASSIGNED_CONTEXT ( ( #1939, #6123, #7347 ) ) REPRESENTATION_CONTEXT ( 'NONE', 'WORKASPACE' ) );
#3802 = ORIENTED_EDGE ( 'NONE', *, *, #6013, .T. ) ;
#3803 = FACE_OUTER_BOUND ( 'NONE', #2062, .T. ) ;
#3804 = CARTESIAN_POINT ( 'NONE',  ( 43.00000000000000000, -40.00000000000000000, 0.000000000000000000 ) ) ;
#3805 = VERTEX_POINT ( 'NONE', #4947 ) ;
#3806 = VECTOR ( 'NONE', #5614, 1000.000000000000000 ) ;
#3807 = PLANE ( 'NONE',  #1460 ) ;
#3808 = CARTESIAN_POINT ( 'NONE',  ( -12.70000732421899947, -6.599995751950190837, -4.517365194892196456 ) ) ;
#3809 = PRESENTATION_STYLE_ASSIGNMENT (( #3146 ) ) ;
#3810 = ORIENTED_EDGE ( 'NONE', *, *, #3172, .F. ) ;
#3811 = PRESENTATION_LAYER_ASSIGNMENT (  '', '', ( #5060 ) ) ;
#3812 = VERTEX_POINT ( 'NONE', #667 ) ;
#3813 = ORIENTED_EDGE ( 'NONE', *, *, #1686, .F. ) ;
#3814 = DIRECTION ( 'NONE',  ( 0.000000000000000000, 1.000000000000000000, 0.000000000000000000 ) ) ;
#3815 = COLOUR_RGB ( '',1.000000000000000000, 0.6078431372549019107, 0.000000000000000000 ) ;
#3816 = CYLINDRICAL_SURFACE ( 'NONE', #69, 2.200461398020997272 ) ;
#3817 = CARTESIAN_POINT ( 'NONE',  ( -8.500007324219000182, -28.99999549624163819, -5.979850311430657150 ) ) ;
#3818 = ORIENTED_EDGE ( 'NONE', *, *, #3266, .T. ) ;
#3819 = EDGE_CURVE ( 'NONE', #7179, #4181, #3187, .T. ) ;
#3820 = DIRECTION ( 'NONE',  ( 0.000000000000000000, 0.000000000000000000, -1.000000000000000000 ) ) ;
#3821 = VECTOR ( 'NONE', #4545, 999.9999999999998863 ) ;
#3822 = DIRECTION ( 'NONE',  ( -0.9238826834630522455, -0.3826758252060156740, -6.690913375043302168E-08 ) ) ;
#3823 = CARTESIAN_POINT ( 'NONE',  ( 21.50000000000000000, 38.50000000000000000, -2.017369599999999874 ) ) ;
#3824 = FACE_BOUND ( 'NONE', #1383, .T. ) ;
#3825 = CARTESIAN_POINT ( 'NONE',  ( -7.324219000000000424E-06, -30.29999549624161403, -5.979850538729765574 ) ) ;
#3826 = SURFACE_SIDE_STYLE ('',( #1423 ) ) ;
#3827 = PLANE ( 'NONE',  #3959 ) ;
#3828 = EDGE_CURVE ( 'NONE', #2550, #6478, #3226, .T. ) ;
#3829 = DIRECTION ( 'NONE',  ( 0.000000000000000000, 1.748454679999999787E-07, -0.9999999999999849010 ) ) ;
#3830 = DIRECTION ( 'NONE',  ( 0.000000000000000000, 0.000000000000000000, -1.000000000000000000 ) ) ;
#3831 = ADVANCED_FACE ( 'NONE', ( #7246 ), #6062, .T. ) ;
#3832 = FILL_AREA_STYLE ('',( #216 ) ) ;
#3833 = ORIENTED_EDGE ( 'NONE', *, *, #1324, .F. ) ;
#3834 = STYLED_ITEM ( 'NONE', ( #2139 ), #5810 ) ;
#3835 = CARTESIAN_POINT ( 'NONE',  ( -11.70000678421900098, -7.600012062499999388, 2.000001080000000098 ) ) ;
#3836 = ORIENTED_EDGE ( 'NONE', *, *, #7240, .T. ) ;
#3837 = SURFACE_STYLE_USAGE ( .BOTH. , #4414 ) ;
#3838 = DIRECTION ( 'NONE',  ( 0.000000000000000000, 0.000000000000000000, -1.000000000000000000 ) ) ;
#3839 =( GEOMETRIC_REPRESENTATION_CONTEXT ( 3 ) GLOBAL_UNCERTAINTY_ASSIGNED_CONTEXT ( ( #4644 ) ) GLOBAL_UNIT_ASSIGNED_CONTEXT ( ( #3786, #246, #1932 ) ) REPRESENTATION_CONTEXT ( 'NONE', 'WORKASPACE' ) );
#3840 = ADVANCED_FACE ( 'NONE', ( #7211 ), #158, .T. ) ;
#3841 = UNCERTAINTY_MEASURE_WITH_UNIT (LENGTH_MEASURE( 1.000000000000000082E-05 ), #4812, 'distance_accuracy_value', 'NONE');
#3842 = ORIENTED_EDGE ( 'NONE', *, *, #6341, .T. ) ;
#3843 = LINE ( 'NONE', #5173, #4811 ) ;
#3844 = ORIENTED_EDGE ( 'NONE', *, *, #4363, .F. ) ;
#3845 = VECTOR ( 'NONE', #7578, 1000.000000000000227 ) ;
#3846 = SURFACE_STYLE_FILL_AREA ( #7408 ) ;
#3847 = OPEN_SHELL ( 'NONE', ( #7327, #4739, #3656, #3562, #7268, #1210, #5852, #6066, #7674, #7086, #1062, #7624, #1368, #5579, #2584, #4834, #1766, #6490, #402, #5828, #1272, #7632, #6852, #4773, #470, #4064, #4395, #3613, #7376, #141, #1283, #1485, #1522, #964, #4267 ) ) ;
#3848 = SURFACE_STYLE_USAGE ( .BOTH. , #6784 ) ;
#3849 = CARTESIAN_POINT ( 'NONE',  ( -40.00000000000000000, 43.00000000000000000, 0.000000000000000000 ) ) ;
#3850 =( NAMED_UNIT ( * ) PLANE_ANGLE_UNIT ( ) SI_UNIT ( $, .RADIAN. ) );
#3851 = SURFACE_STYLE_FILL_AREA ( #3308 ) ;
#3852 = VECTOR ( 'NONE', #4245, 1000.000000000000000 ) ;
#3853 = MECHANICAL_DESIGN_GEOMETRIC_PRESENTATION_REPRESENTATION (  '', ( #2833 ), #2340 ) ;
#3854 = EDGE_LOOP ( 'NONE', ( #2708, #2238, #1875, #2630 ) ) ;
#3855 = UNCERTAINTY_MEASURE_WITH_UNIT (LENGTH_MEASURE( 1.000000000000000082E-05 ), #5190, 'distance_accuracy_value', 'NONE');
#3856 = ORIENTED_EDGE ( 'NONE', *, *, #7496, .F. ) ;
#3857 = ORIENTED_EDGE ( 'NONE', *, *, #3749, .T. ) ;
#3858 =( NAMED_UNIT ( * ) PLANE_ANGLE_UNIT ( ) SI_UNIT ( $, .RADIAN. ) );
#3859 =( GEOMETRIC_REPRESENTATION_CONTEXT ( 3 ) GLOBAL_UNCERTAINTY_ASSIGNED_CONTEXT ( ( #5328 ) ) GLOBAL_UNIT_ASSIGNED_CONTEXT ( ( #2194, #2981, #7125 ) ) REPRESENTATION_CONTEXT ( 'NONE', 'WORKASPACE' ) );
#3860 = DIRECTION ( 'NONE',  ( 0.000000000000000000, 0.000000000000000000, -1.000000000000000000 ) ) ;
#3861 = SURFACE_STYLE_USAGE ( .BOTH. , #1541 ) ;
#3862 = ORIENTED_EDGE ( 'NONE', *, *, #1409, .T. ) ;
#3863 = PRESENTATION_LAYER_ASSIGNMENT (  '', '', ( #7193 ) ) ;
#3864 = PRESENTATION_STYLE_ASSIGNMENT (( #5070 ) ) ;
#3865 = ADVANCED_FACE ( 'NONE', ( #4243 ), #1023, .T. ) ;
#3866 = CARTESIAN_POINT ( 'NONE',  ( 18.89999999999999858, 32.39999999999999858, -2.017369599999999874 ) ) ;
#3867 = CARTESIAN_POINT ( 'NONE',  ( 0.1902968287500000077, -30.42715047045373566, -7.479848713913259672 ) ) ;
#3868 = DIRECTION ( 'NONE',  ( 0.000000000000000000, 0.000000000000000000, 1.000000000000000000 ) ) ;
#3869 = DIRECTION ( 'NONE',  ( 0.000000000000000000, -1.000000000000000000, 0.000000000000000000 ) ) ;
#3870 = ORIENTED_EDGE ( 'NONE', *, *, #6410, .T. ) ;
#3871 = VECTOR ( 'NONE', #2866, 1000.000000000000227 ) ;
#3872 = CARTESIAN_POINT ( 'NONE',  ( 0.1271448087500000046, -30.10967140241298878, -3.979848038403430710 ) ) ;
#3873 = EDGE_CURVE ( 'NONE', #6976, #5735, #3433, .T. ) ;
#3874 = CARTESIAN_POINT ( 'NONE',  ( 12.69899267578099966, -6.599995496241980675, -5.979846394892175176 ) ) ;
#3875 = PRESENTATION_STYLE_ASSIGNMENT (( #3957 ) ) ;
#3876 = LINE ( 'NONE', #2655, #1433 ) ;
#3877 = VECTOR ( 'NONE', #2059, 1000.000000000000227 ) ;
#3878 = ORIENTED_EDGE ( 'NONE', *, *, #90, .F. ) ;
#3879 = ORIENTED_EDGE ( 'NONE', *, *, #4934, .T. ) ;
#3880 = COLOUR_RGB ( '',0.000000000000000000, 0.5019607843137254832, 0.000000000000000000 ) ;
#3881 = FILL_AREA_STYLE ('',( #6323 ) ) ;
#3882 = EDGE_CURVE ( 'NONE', #7584, #4047, #5504, .T. ) ;
#3883 = DIRECTION ( 'NONE',  ( -0.9999999999999962252, -8.742277447234170476E-08, -1.549848670304743409E-14 ) ) ;
#3884 = SURFACE_STYLE_USAGE ( .BOTH. , #6865 ) ;
#3885 = DIRECTION ( 'NONE',  ( -0.9999999999999961142, -8.742277699999867628E-08, -1.528547635842463284E-14 ) ) ;
#3886 = VERTEX_POINT ( 'NONE', #397 ) ;
#3887 = VERTEX_POINT ( 'NONE', #7451 ) ;
#3888 = VERTEX_POINT ( 'NONE', #2022 ) ;
#3889 = PRESENTATION_STYLE_ASSIGNMENT (( #2752 ) ) ;
#3890 = PRESENTATION_LAYER_ASSIGNMENT (  '', '', ( #3413 ) ) ;
#3891 = ADVANCED_FACE ( 'NONE', ( #1481 ), #2066, .T. ) ;
#3892 = DIRECTION ( 'NONE',  ( 0.7071067811865476838, -0.7071067811865366926, -1.236344160825354801E-07 ) ) ;
#3893 = PLANE ( 'NONE',  #1828 ) ;
#3894 = ORIENTED_EDGE ( 'NONE', *, *, #5903, .F. ) ;
#3895 = CARTESIAN_POINT ( 'NONE',  ( 0.04463544874997000395, -30.07549255045374181, -7.479848652427466327 ) ) ;
#3896 = CARTESIAN_POINT ( 'NONE',  ( 1.853844668378999813E-15, 0.1464237228789999901, -2.017369599999999874 ) ) ;
#3897 =( LENGTH_UNIT ( ) NAMED_UNIT ( * ) SI_UNIT ( .MILLI., .METRE. ) );
#3898 = CIRCLE ( 'NONE', #266, 2.174999999999999822 ) ;
#3899 = DIRECTION ( 'NONE',  ( -1.000000000000000000, 0.000000000000000000, 0.000000000000000000 ) ) ;
#3900 =( LENGTH_UNIT ( ) NAMED_UNIT ( * ) SI_UNIT ( .MILLI., .METRE. ) );
#3901 =( NAMED_UNIT ( * ) SI_UNIT ( $, .STERADIAN. ) SOLID_ANGLE_UNIT ( ) );
#3902 = COLOUR_RGB ( '',0.6431372549019607199, 0.6784313725490196401, 0.6980392156862744724 ) ;
#3903 =( GEOMETRIC_REPRESENTATION_CONTEXT ( 3 ) GLOBAL_UNCERTAINTY_ASSIGNED_CONTEXT ( ( #166 ) ) GLOBAL_UNIT_ASSIGNED_CONTEXT ( ( #3900, #7270, #5154 ) ) REPRESENTATION_CONTEXT ( 'NONE', 'WORKASPACE' ) );
#3904 =( LENGTH_UNIT ( ) NAMED_UNIT ( * ) SI_UNIT ( .MILLI., .METRE. ) );
#3905 = PRESENTATION_LAYER_ASSIGNMENT (  '', '', ( #7245 ) ) ;
#3906 = PLANE ( 'NONE',  #7109 ) ;
#3907 = ORIENTED_EDGE ( 'NONE', *, *, #4463, .T. ) ;
#3908 = DIRECTION ( 'NONE',  ( 0.7071067811865476838, -0.7071067811865366926, -1.236344160825354801E-07 ) ) ;
#3909 = CIRCLE ( 'NONE', #4917, 3.001094402371998981 ) ;
#3910 = CARTESIAN_POINT ( 'NONE',  ( -12.70001775124999810, -6.599985888434190429, -4.517365194890472502 ) ) ;
#3911 = SURFACE_STYLE_FILL_AREA ( #1514 ) ;
#3912 = LINE ( 'NONE', #2696, #5156 ) ;
#3913 = DIRECTION ( 'NONE',  ( -0.000000000000000000, 1.000000000000000000, 0.000000000000000000 ) ) ;
#3914 = CARTESIAN_POINT ( 'NONE',  ( 0.2244750687499999786, -30.25533217045370904, -7.479848683871609616 ) ) ;
#3915 = PRESENTATION_LAYER_ASSIGNMENT (  '', '', ( #2657 ) ) ;
#3916 = UNCERTAINTY_MEASURE_WITH_UNIT (LENGTH_MEASURE( 1.000000000000000082E-05 ), #1439, 'distance_accuracy_value', 'NONE');
#3917 =( LENGTH_UNIT ( ) NAMED_UNIT ( * ) SI_UNIT ( .MILLI., .METRE. ) );
#3918 = EDGE_CURVE ( 'NONE', #4350, #845, #4556, .T. ) ;
#3919 = EDGE_LOOP ( 'NONE', ( #3668, #7396 ) ) ;
#3920 = LINE ( 'NONE', #7321, #7022 ) ;
#3921 = FILL_AREA_STYLE ('',( #263 ) ) ;
#3922 = ORIENTED_EDGE ( 'NONE', *, *, #2573, .F. ) ;
#3923 = SURFACE_SIDE_STYLE ('',( #871 ) ) ;
#3924 = CARTESIAN_POINT ( 'NONE',  ( -5.190334871250000148, -30.17282281045374148, -7.479848669445221532 ) ) ;
#3925 = VECTOR ( 'NONE', #4681, 1000.000000000000227 ) ;
#3926 = DIRECTION ( 'NONE',  ( -0.9999999999999962252, -8.742277723992851424E-08, -1.549848670304741832E-14 ) ) ;
#3927 = CIRCLE ( 'NONE', #5045, 2.174999999999999822 ) ;
#3928 = ORIENTED_EDGE ( 'NONE', *, *, #5399, .F. ) ;
#3929 = UNCERTAINTY_MEASURE_WITH_UNIT (LENGTH_MEASURE( 1.000000000000000082E-05 ), #1723, 'distance_accuracy_value', 'NONE');
#3930 = ADVANCED_FACE ( 'NONE', ( #4598 ), #7537, .F. ) ;
#3931 = ORIENTED_EDGE ( 'NONE', *, *, #4215, .T. ) ;
#3932 = STYLED_ITEM ( 'NONE', ( #6526 ), #4320 ) ;
#3933 = VERTEX_POINT ( 'NONE', #6405 ) ;
#3934 = PLANE ( 'NONE',  #4066 ) ;
#3935 = LINE ( 'NONE', #449, #4897 ) ;
#3936 = FACE_OUTER_BOUND ( 'NONE', #3265, .T. ) ;
#3937 = CARTESIAN_POINT ( 'NONE',  ( 8.501159163987001222, -10.49884083601000029, 0.000000000000000000 ) ) ;
#3938 = DIRECTION ( 'NONE',  ( -0.0007733734047231488173, 0.9999997009467285203, 1.748454156017435066E-07 ) ) ;
#3939 = ORIENTED_EDGE ( 'NONE', *, *, #4450, .T. ) ;
#3940 = EDGE_CURVE ( 'NONE', #7535, #2543, #1138, .T. ) ;
#3941 = FILL_AREA_STYLE ('',( #5631 ) ) ;
#3942 = COLOUR_RGB ( '',1.000000000000000000, 0.6078431372549019107, 0.000000000000000000 ) ;
#3943 = CARTESIAN_POINT ( 'NONE',  ( 8.501151839767999263, -27.50115466022866073, -5.979850049365130538 ) ) ;
#3944 = CARTESIAN_POINT ( 'NONE',  ( -0.1903348712500000095, -30.42715047045373566, -7.479848713913259672 ) ) ;
#3945 = CARTESIAN_POINT ( 'NONE',  ( -0.04467349125005000421, -30.52447819045373834, -7.479848730930570788 ) ) ;
#3946 = CARTESIAN_POINT ( 'NONE',  ( 0.2244750687499999786, -30.25533217045370904, -7.479848683871609616 ) ) ;
#3947 = VECTOR ( 'NONE', #4360, 1000.000000000000227 ) ;
#3948 = SURFACE_SIDE_STYLE ('',( #3591 ) ) ;
#3949 =( NAMED_UNIT ( * ) SI_UNIT ( $, .STERADIAN. ) SOLID_ANGLE_UNIT ( ) );
#3950 = DIRECTION ( 'NONE',  ( 0.000000000000000000, 0.000000000000000000, -1.000000000000000000 ) ) ;
#3951 = CARTESIAN_POINT ( 'NONE',  ( -0.1903348712500000095, -30.17282281045374148, -7.479848669445221532 ) ) ;
#3952 = ORIENTED_EDGE ( 'NONE', *, *, #1119, .T. ) ;
#3953 = PRESENTATION_STYLE_ASSIGNMENT (( #3837 ) ) ;
#3954 = LINE ( 'NONE', #2768, #6736 ) ;
#3955 = CARTESIAN_POINT ( 'NONE',  ( -0.02656804421900000115, -2.993528806017086819, -2.017363586801758757 ) ) ;
#3956 = DIRECTION ( 'NONE',  ( 0.000000000000000000, 0.000000000000000000, 1.000000000000000000 ) ) ;
#3957 = SURFACE_STYLE_USAGE ( .BOTH. , #1557 ) ;
#3958 = FILL_AREA_STYLE ('',( #3469 ) ) ;
#3959 = AXIS2_PLACEMENT_3D ( 'NONE', #4997, #5561, #3168 ) ;
#3960 = ORIENTED_EDGE ( 'NONE', *, *, #722, .T. ) ;
#3961 = DIRECTION ( 'NONE',  ( 0.000000000000000000, 0.000000000000000000, -1.000000000000000000 ) ) ;
#3962 = VERTEX_POINT ( 'NONE', #1099 ) ;
#3963 = CARTESIAN_POINT ( 'NONE',  ( 8.499992675780999818, -8.999995496241941950, -5.979846814521297738 ) ) ;
#3964 = VECTOR ( 'NONE', #4104, 1000.000000000000227 ) ;
#3965 = CARTESIAN_POINT ( 'NONE',  ( 0.04463544874997000395, -30.07549255045374181, -7.479848652427466327 ) ) ;
#3966 = MECHANICAL_DESIGN_GEOMETRIC_PRESENTATION_REPRESENTATION (  '', ( #7295 ), #3351 ) ;
#3967 =( LENGTH_UNIT ( ) NAMED_UNIT ( * ) SI_UNIT ( .MILLI., .METRE. ) );
#3968 = EDGE_CURVE ( 'NONE', #6567, #6712, #3909, .T. ) ;
#3969 = CARTESIAN_POINT ( 'NONE',  ( 1.373431955780994418, -2.993528001727873811, -5.917363586801676512 ) ) ;
#3970 = VERTEX_POINT ( 'NONE', #3514 ) ;
#3971 = EDGE_LOOP ( 'NONE', ( #7030, #272, #403, #4008 ) ) ;
#3972 = VECTOR ( 'NONE', #4725, 1000.000000000000227 ) ;
#3973 = AXIS2_PLACEMENT_3D ( 'NONE', #4528, #6844, #5153 ) ;
#3974 = ORIENTED_EDGE ( 'NONE', *, *, #4016, .T. ) ;
#3975 = CARTESIAN_POINT ( 'NONE',  ( -8.500000000000000000, -9.000000000000000000, 0.000000000000000000 ) ) ;
#3976 = CARTESIAN_POINT ( 'NONE',  ( 41.30000000000000426, 40.00000000000000000, -2.017369599999999874 ) ) ;
#3977 = EDGE_CURVE ( 'NONE', #5184, #6411, #1064, .T. ) ;
#3978 = DIRECTION ( 'NONE',  ( 1.000000000000000000, 0.000000000000000000, 0.000000000000000000 ) ) ;
#3979 = VECTOR ( 'NONE', #6027, 1000.000000000000000 ) ;
#3980 = DIRECTION ( 'NONE',  ( 0.000000000000000000, 0.000000000000000000, 1.000000000000000000 ) ) ;
#3981 = EDGE_CURVE ( 'NONE', #7325, #1913, #4121, .T. ) ;
#3982 = ORIENTED_EDGE ( 'NONE', *, *, #6961, .T. ) ;
#3983 = MECHANICAL_DESIGN_GEOMETRIC_PRESENTATION_REPRESENTATION (  '', ( #3232 ), #5338 ) ;
#3984 = SURFACE_STYLE_USAGE ( .BOTH. , #2172 ) ;
#3985 = EDGE_CURVE ( 'NONE', #2550, #117, #5972, .T. ) ;
#3986 = DIRECTION ( 'NONE',  ( 0.000000000000000000, 0.000000000000000000, 1.000000000000000000 ) ) ;
#3987 = ADVANCED_FACE ( 'NONE', ( #2391 ), #6979, .T. ) ;
#3988 = DIRECTION ( 'NONE',  ( 0.000000000000000000, 0.000000000000000000, 1.000000000000000000 ) ) ;
#3989 = DIRECTION ( 'NONE',  ( 0.000000000000000000, 0.000000000000000000, 1.000000000000000000 ) ) ;
#3990 =( NAMED_UNIT ( * ) PLANE_ANGLE_UNIT ( ) SI_UNIT ( $, .RADIAN. ) );
#3991 = STYLED_ITEM ( 'NONE', ( #5342 ), #1188 ) ;
#3992 = FILL_AREA_STYLE ('',( #7559 ) ) ;
#3993 = DIRECTION ( 'NONE',  ( -0.9999999999999950040, 9.999999876282747113E-08, 1.748454658368625266E-14 ) ) ;
#3994 = ORIENTED_EDGE ( 'NONE', *, *, #3511, .T. ) ;
#3995 = ORIENTED_EDGE ( 'NONE', *, *, #227, .T. ) ;
#3996 = LINE ( 'NONE', #2731, #5510 ) ;
#3997 = EDGE_CURVE ( 'NONE', #3419, #5707, #658, .T. ) ;
#3998 = CARTESIAN_POINT ( 'NONE',  ( -7.324219029150471591E-06, -19.30001279249995605, 2.000001080000000098 ) ) ;
#3999 = DIRECTION ( 'NONE',  ( 1.000000000000000000, 0.000000000000000000, 0.000000000000000000 ) ) ;
#4000 = CARTESIAN_POINT ( 'NONE',  ( 24.49884083601300233, 41.50115916398699767, 0.000000000000000000 ) ) ;
#4001 = CARTESIAN_POINT ( 'NONE',  ( -41.30000000000000426, -40.00000000000000000, 0.000000000000000000 ) ) ;
#4002 = STYLED_ITEM ( 'NONE', ( #97 ), #1534 ) ;
#4003 = ORIENTED_EDGE ( 'NONE', *, *, #5189, .T. ) ;
#4004 = FILL_AREA_STYLE_COLOUR ( '', #672 ) ;
#4005 = CARTESIAN_POINT ( 'NONE',  ( -0.1271828512500000063, -30.10967079045374106, -7.479848658403376760 ) ) ;
#4006 = VERTEX_POINT ( 'NONE', #7567 ) ;
#4007 = UNCERTAINTY_MEASURE_WITH_UNIT (LENGTH_MEASURE( 1.000000000000000082E-05 ), #1816, 'distance_accuracy_value', 'NONE');
#4008 = ORIENTED_EDGE ( 'NONE', *, *, #2310, .T. ) ;
#4009 = ORIENTED_EDGE ( 'NONE', *, *, #6961, .F. ) ;
#4010 = FACE_OUTER_BOUND ( 'NONE', #2607, .T. ) ;
#4011 = DIRECTION ( 'NONE',  ( 0.000000000000000000, 0.000000000000000000, 1.000000000000000000 ) ) ;
#4012 = VECTOR ( 'NONE', #6119, 1000.000000000000000 ) ;
#4013 = CYLINDRICAL_SURFACE ( 'NONE', #7178, 1.300000000000000044 ) ;
#4014 = VERTEX_POINT ( 'NONE', #2231 ) ;
#4015 =( NAMED_UNIT ( * ) PLANE_ANGLE_UNIT ( ) SI_UNIT ( $, .RADIAN. ) );
#4016 = EDGE_CURVE ( 'NONE', #3334, #7325, #4637, .T. ) ;
#4017 = LINE ( 'NONE', #2845, #7369 ) ;
#4018 = SURFACE_STYLE_USAGE ( .BOTH. , #2928 ) ;
#4019 = DIRECTION ( 'NONE',  ( 1.000000000000000000, 0.000000000000000000, 0.000000000000000000 ) ) ;
#4020 = CARTESIAN_POINT ( 'NONE',  ( -12.70000732421899947, -32.00001406250000002, 0.000000000000000000 ) ) ;
#4021 =( NAMED_UNIT ( * ) PLANE_ANGLE_UNIT ( ) SI_UNIT ( $, .RADIAN. ) );
#4022 = CARTESIAN_POINT ( 'NONE',  ( -0.2245105712499999850, -30.25533217045370904, -7.479848683871609616 ) ) ;
#4023 = COLOUR_RGB ( '',0.000000000000000000, 0.5019607843137254832, 0.000000000000000000 ) ;
#4024 = DIRECTION ( 'NONE',  ( 0.000000000000000000, 0.000000000000000000, 1.000000000000000000 ) ) ;
#4025 = EDGE_CURVE ( 'NONE', #1913, #1078, #4969, .T. ) ;
#4026 = FILL_AREA_STYLE ('',( #537 ) ) ;
#4027 = VERTEX_POINT ( 'NONE', #1243 ) ;
#4028 = ORIENTED_EDGE ( 'NONE', *, *, #2926, .F. ) ;
#4029 = DIRECTION ( 'NONE',  ( 0.000000000000000000, 0.000000000000000000, -1.000000000000000000 ) ) ;
#4030 = FACE_OUTER_BOUND ( 'NONE', #4412, .T. ) ;
#4031 = CARTESIAN_POINT ( 'NONE',  ( 39.99890579710099558, 39.99890579710099558, -2.017369599999999874 ) ) ;
#4032 = VECTOR ( 'NONE', #2045, 1000.000000000000227 ) ;
#4033 = CARTESIAN_POINT ( 'NONE',  ( 10.00000000000000000, -27.50000000000000000, 0.000000000000000000 ) ) ;
#4034 = COLOUR_RGB ( '',0.000000000000000000, 0.5019607843137254832, 0.000000000000000000 ) ;
#4035 = EDGE_CURVE ( 'NONE', #3149, #7330, #6522, .T. ) ;
#4036 = VERTEX_POINT ( 'NONE', #7313 ) ;
#4037 = CIRCLE ( 'NONE', #5029, 0.6249999999999996669 ) ;
#4038 = PLANE ( 'NONE',  #1679 ) ;
#4039 =( GEOMETRIC_REPRESENTATION_CONTEXT ( 3 ) GLOBAL_UNCERTAINTY_ASSIGNED_CONTEXT ( ( #3072 ) ) GLOBAL_UNIT_ASSIGNED_CONTEXT ( ( #1645, #3478, #4780 ) ) REPRESENTATION_CONTEXT ( 'NONE', 'WORKASPACE' ) );
#4040 = COLOUR_RGB ( '',1.000000000000000000, 0.6078431372549019107, 0.000000000000000000 ) ;
#4041 = CARTESIAN_POINT ( 'NONE',  ( -5.044673491250050823, -30.52447880241297895, -3.979848110930624294 ) ) ;
#4042 = LINE ( 'NONE', #315, #6592 ) ;
#4043 = PRESENTATION_STYLE_ASSIGNMENT (( #5893 ) ) ;
#4044 = AXIS2_PLACEMENT_3D ( 'NONE', #3737, #3069, #6100 ) ;
#4045 = ORIENTED_EDGE ( 'NONE', *, *, #5771, .F. ) ;
#4046 = VECTOR ( 'NONE', #251, 1000.000000000000000 ) ;
#4047 = VERTEX_POINT ( 'NONE', #5489 ) ;
#4048 = ORIENTED_EDGE ( 'NONE', *, *, #1370, .T. ) ;
#4049 =( NAMED_UNIT ( * ) SI_UNIT ( $, .STERADIAN. ) SOLID_ANGLE_UNIT ( ) );
#4050 = SURFACE_STYLE_USAGE ( .BOTH. , #2795 ) ;
#4051 = FILL_AREA_STYLE ('',( #2367 ) ) ;
#4052 =( GEOMETRIC_REPRESENTATION_CONTEXT ( 3 ) GLOBAL_UNCERTAINTY_ASSIGNED_CONTEXT ( ( #3060 ) ) GLOBAL_UNIT_ASSIGNED_CONTEXT ( ( #2577, #225, #1396 ) ) REPRESENTATION_CONTEXT ( 'NONE', 'WORKASPACE' ) );
#4053 = LINE ( 'NONE', #3564, #2714 ) ;
#4054 = ORIENTED_EDGE ( 'NONE', *, *, #4743, .F. ) ;
#4055 = CIRCLE ( 'NONE', #3686, 1.498841284246000383 ) ;
#4056 = ORIENTED_EDGE ( 'NONE', *, *, #5016, .T. ) ;
#4057 = CIRCLE ( 'NONE', #2939, 1.498841284246000605 ) ;
#4058 = CARTESIAN_POINT ( 'NONE',  ( -39.99890579710000083, -39.99890579710000083, 0.000000000000000000 ) ) ;
#4059 = PRESENTATION_STYLE_ASSIGNMENT (( #4018 ) ) ;
#4060 = DIRECTION ( 'NONE',  ( 1.000000000000000000, 0.000000000000000000, 0.000000000000000000 ) ) ;
#4061 = CARTESIAN_POINT ( 'NONE',  ( -8.501159163987001222, -10.49884083601000029, 0.000000000000000000 ) ) ;
#4062 = PRESENTATION_STYLE_ASSIGNMENT (( #32 ) ) ;
#4063 = PRESENTATION_STYLE_ASSIGNMENT (( #4582 ) ) ;
#4064 = ADVANCED_FACE ( 'NONE', ( #3054 ), #5526, .F. ) ;
#4065 =( LENGTH_UNIT ( ) NAMED_UNIT ( * ) SI_UNIT ( .MILLI., .METRE. ) );
#4066 = AXIS2_PLACEMENT_3D ( 'NONE', #6835, #3316, #6294 ) ;
#4067 = CARTESIAN_POINT ( 'NONE',  ( 2.999992675781000262, -2.999995751950247147, -4.517364565448511726 ) ) ;
#4068 =( LENGTH_UNIT ( ) NAMED_UNIT ( * ) SI_UNIT ( .MILLI., .METRE. ) );
#4069 = AXIS2_PLACEMENT_3D ( 'NONE', #3937, #6297, #413 ) ;
#4070 = LINE ( 'NONE', #3543, #3821 ) ;
#4071 = EDGE_CURVE ( 'NONE', #4747, #5542, #1868, .T. ) ;
#4072 = EDGE_CURVE ( 'NONE', #6869, #4824, #5772, .T. ) ;
#4073 = CARTESIAN_POINT ( 'NONE',  ( -0.02656804421900000115, -2.993528124119761991, -5.917363586801698716 ) ) ;
#4074 = ORIENTED_EDGE ( 'NONE', *, *, #4671, .F. ) ;
#4075 = DIRECTION ( 'NONE',  ( 0.000000000000000000, 1.748454679999999523E-07, -0.9999999999999846789 ) ) ;
#4076 =( NAMED_UNIT ( * ) PLANE_ANGLE_UNIT ( ) SI_UNIT ( $, .RADIAN. ) );
#4077 =( NAMED_UNIT ( * ) PLANE_ANGLE_UNIT ( ) SI_UNIT ( $, .RADIAN. ) );
#4078 = DIRECTION ( 'NONE',  ( 1.000000000000000000, 0.000000000000000000, 0.000000000000000000 ) ) ;
#4079 = EDGE_CURVE ( 'NONE', #5706, #2182, #695, .T. ) ;
#4080 = VECTOR ( 'NONE', #929, 999.9999999999998863 ) ;
#4081 = VERTEX_POINT ( 'NONE', #5458 ) ;
#4082 = UNCERTAINTY_MEASURE_WITH_UNIT (LENGTH_MEASURE( 1.000000000000000082E-05 ), #5527, 'distance_accuracy_value', 'NONE');
#4083 = ORIENTED_EDGE ( 'NONE', *, *, #3977, .F. ) ;
#4084 = DIRECTION ( 'NONE',  ( -0.000000000000000000, 1.000000000000000000, 0.000000000000000000 ) ) ;
#4085 = ORIENTED_EDGE ( 'NONE', *, *, #5512, .T. ) ;
#4086 = COLOUR_RGB ( '',1.000000000000000000, 0.6078431372549019107, 0.000000000000000000 ) ;
#4087 = DIRECTION ( 'NONE',  ( 6.310887241768095845E-30, -1.748454679999999787E-07, 0.9999999999999847899 ) ) ;
#4088 = CIRCLE ( 'NONE', #4723, 1.500000000000000000 ) ;
#4089 = CARTESIAN_POINT ( 'NONE',  ( 23.00000000000000000, 41.50000000000000000, 0.000000000000000000 ) ) ;
#4090 = CARTESIAN_POINT ( 'NONE',  ( 10.69999159578100034, -30.00001298249999593, 1.499999539999999909 ) ) ;
#4091 = CARTESIAN_POINT ( 'NONE',  ( -5.127182851250000617, -30.10967140241298878, -3.979848038403430710 ) ) ;
#4092 =( NAMED_UNIT ( * ) SI_UNIT ( $, .STERADIAN. ) SOLID_ANGLE_UNIT ( ) );
#4093 = MECHANICAL_DESIGN_GEOMETRIC_PRESENTATION_REPRESENTATION (  '', ( #6443 ), #331 ) ;
#4094 = AXIS2_PLACEMENT_3D ( 'NONE', #1262, #5952, #635 ) ;
#4095 = ORIENTED_EDGE ( 'NONE', *, *, #1294, .F. ) ;
#4096 = UNCERTAINTY_MEASURE_WITH_UNIT (LENGTH_MEASURE( 1.000000000000000082E-05 ), #1214, 'distance_accuracy_value', 'NONE');
#4097 = ORIENTED_EDGE ( 'NONE', *, *, #900, .F. ) ;
#4098 = CARTESIAN_POINT ( 'NONE',  ( 40.00000000000000000, 40.00000000000000000, 0.000000000000000000 ) ) ;
#4099 =( GEOMETRIC_REPRESENTATION_CONTEXT ( 3 ) GLOBAL_UNCERTAINTY_ASSIGNED_CONTEXT ( ( #4324 ) ) GLOBAL_UNIT_ASSIGNED_CONTEXT ( ( #5191, #7037, #4092 ) ) REPRESENTATION_CONTEXT ( 'NONE', 'WORKASPACE' ) );
#4100 = CIRCLE ( 'NONE', #4229, 0.6249999999999996669 ) ;
#4101 = FILL_AREA_STYLE ('',( #2291 ) ) ;
#4102 = DIRECTION ( 'NONE',  ( 0.000000000000000000, 1.000000000000000000, 0.000000000000000000 ) ) ;
#4103 = CARTESIAN_POINT ( 'NONE',  ( -9.026568044219001052, -34.99355932359359400, -2.017369181862070260 ) ) ;
#4104 = DIRECTION ( 'NONE',  ( 0.000000000000000000, 1.748454679999999258E-07, -0.9999999999999846789 ) ) ;
#4105 = LINE ( 'NONE', #637, #81 ) ;
#4106 = PRESENTATION_LAYER_ASSIGNMENT (  '', '', ( #347 ) ) ;
#4107 =( NAMED_UNIT ( * ) PLANE_ANGLE_UNIT ( ) SI_UNIT ( $, .RADIAN. ) );
#4108 = CARTESIAN_POINT ( 'NONE',  ( -0.1271828512500000063, -30.10967079045374106, -7.479848658403376760 ) ) ;
#4109 = LINE ( 'NONE', #1551, #6743 ) ;
#4110 = FILL_AREA_STYLE_COLOUR ( '', #5416 ) ;
#4111 = EDGE_CURVE ( 'NONE', #1826, #2911, #5894, .T. ) ;
#4112 = FACE_OUTER_BOUND ( 'NONE', #3730, .T. ) ;
#4113 = DIRECTION ( 'NONE',  ( 0.000000000000000000, 1.748454679999999523E-07, -0.9999999999999847899 ) ) ;
#4114 = AXIS2_PLACEMENT_3D ( 'NONE', #2904, #3515, #5973 ) ;
#4115 = LINE ( 'NONE', #7673, #6846 ) ;
#4116 = DIRECTION ( 'NONE',  ( -0.9999999999999962252, -8.742277447234170476E-08, -1.549848670304743409E-14 ) ) ;
#4117 = FILL_AREA_STYLE_COLOUR ( '', #6301 ) ;
#4118 = ORIENTED_EDGE ( 'NONE', *, *, #330, .F. ) ;
#4119 = VECTOR ( 'NONE', #3899, 1000.000000000000000 ) ;
#4120 = EDGE_CURVE ( 'NONE', #5000, #7033, #44, .T. ) ;
#4121 = LINE ( 'NONE', #6518, #1775 ) ;
#4122 = FACE_OUTER_BOUND ( 'NONE', #6610, .T. ) ;
#4123 =( NAMED_UNIT ( * ) PLANE_ANGLE_UNIT ( ) SI_UNIT ( $, .RADIAN. ) );
#4124 = DIRECTION ( 'NONE',  ( -0.9999999999999962252, -8.742277447234150624E-08, -1.549848670304739938E-14 ) ) ;
#4125 = AXIS2_PLACEMENT_3D ( 'NONE', #2331, #528, #1081 ) ;
#4126 = VERTEX_POINT ( 'NONE', #3761 ) ;
#4127 = EDGE_LOOP ( 'NONE', ( #2576, #2502, #4495, #318 ) ) ;
#4128 = DIRECTION ( 'NONE',  ( 0.000000000000000000, 0.000000000000000000, 1.000000000000000000 ) ) ;
#4129 = FILL_AREA_STYLE_COLOUR ( '', #1408 ) ;
#4130 = ORIENTED_EDGE ( 'NONE', *, *, #292, .F. ) ;
#4131 = ADVANCED_FACE ( 'NONE', ( #774 ), #4820, .F. ) ;
#4132 = STYLED_ITEM ( 'NONE', ( #1871 ), #1900 ) ;
#4133 =( NAMED_UNIT ( * ) PLANE_ANGLE_UNIT ( ) SI_UNIT ( $, .RADIAN. ) );
#4134 =( NAMED_UNIT ( * ) PLANE_ANGLE_UNIT ( ) SI_UNIT ( $, .RADIAN. ) );
#4135 = SURFACE_STYLE_FILL_AREA ( #2957 ) ;
#4136 = LINE ( 'NONE', #5323, #571 ) ;
#4137 = LINE ( 'NONE', #4693, #7433 ) ;
#4138 = STYLED_ITEM ( 'NONE', ( #3875 ), #1989 ) ;
#4139 = ORIENTED_EDGE ( 'NONE', *, *, #6809, .F. ) ;
#4140 = ORIENTED_EDGE ( 'NONE', *, *, #5399, .T. ) ;
#4141 = EDGE_CURVE ( 'NONE', #4830, #6645, #5646, .T. ) ;
#4142 = VECTOR ( 'NONE', #7228, 1000.000000000000227 ) ;
#4143 = SURFACE_STYLE_FILL_AREA ( #2965 ) ;
#4144 = CARTESIAN_POINT ( 'NONE',  ( -9.021807453828001755, -27.99999553195000246, 1.499998807906999909 ) ) ;
#4145 = FILL_AREA_STYLE_COLOUR ( '', #5454 ) ;
#4146 = DIRECTION ( 'NONE',  ( -9.999999876282899314E-08, -0.9999999999999797939, -1.748454679999991052E-07 ) ) ;
#4147 = CARTESIAN_POINT ( 'NONE',  ( 8.500000000000000000, -9.000000000000000000, 0.000000000000000000 ) ) ;
#4148 = DIRECTION ( 'NONE',  ( -1.000000000000000000, 0.000000000000000000, 0.000000000000000000 ) ) ;
#4149 =( GEOMETRIC_REPRESENTATION_CONTEXT ( 3 ) GLOBAL_UNCERTAINTY_ASSIGNED_CONTEXT ( ( #3221 ) ) GLOBAL_UNIT_ASSIGNED_CONTEXT ( ( #1492, #4956, #3317 ) ) REPRESENTATION_CONTEXT ( 'NONE', 'WORKASPACE' ) );
#4150 = SURFACE_SIDE_STYLE ('',( #6392 ) ) ;
#4151 = CARTESIAN_POINT ( 'NONE',  ( -11.70000678421900098, -7.600014602499998162, 2.540000000000000036 ) ) ;
#4152 = ORIENTED_EDGE ( 'NONE', *, *, #629, .F. ) ;
#4153 = DIRECTION ( 'NONE',  ( -1.000000000000000000, 0.000000000000000000, 0.000000000000000000 ) ) ;
#4154 = VECTOR ( 'NONE', #1124, 1000.000000000000000 ) ;
#4155 = CARTESIAN_POINT ( 'NONE',  ( -7.324219000000000424E-06, -2.999995496242035209, -5.979845765448489558 ) ) ;
#4156 = SURFACE_STYLE_FILL_AREA ( #1684 ) ;
#4157 =( NAMED_UNIT ( * ) PLANE_ANGLE_UNIT ( ) SI_UNIT ( $, .RADIAN. ) );
#4158 = ADVANCED_FACE ( 'NONE', ( #4455 ), #7480, .T. ) ;
#4159 = FILL_AREA_STYLE_COLOUR ( '', #6080 ) ;
#4160 = MECHANICAL_DESIGN_GEOMETRIC_PRESENTATION_REPRESENTATION (  '', ( #4401 ), #7116 ) ;
#4161 = AXIS2_PLACEMENT_3D ( 'NONE', #7665, #2409, #1486 ) ;
#4162 = UNCERTAINTY_MEASURE_WITH_UNIT (LENGTH_MEASURE( 1.000000000000000082E-05 ), #6584, 'distance_accuracy_value', 'NONE');
#4163 = ORIENTED_EDGE ( 'NONE', *, *, #196, .T. ) ;
#4164 = FILL_AREA_STYLE ('',( #6801 ) ) ;
#4165 = VERTEX_POINT ( 'NONE', #345 ) ;
#4166 =( GEOMETRIC_REPRESENTATION_CONTEXT ( 3 ) GLOBAL_UNCERTAINTY_ASSIGNED_CONTEXT ( ( #223 ) ) GLOBAL_UNIT_ASSIGNED_CONTEXT ( ( #244, #2042, #760 ) ) REPRESENTATION_CONTEXT ( 'NONE', 'WORKASPACE' ) );
#4167 = SURFACE_SIDE_STYLE ('',( #2955 ) ) ;
#4168 = CYLINDRICAL_SURFACE ( 'NONE', #5099, 1.100000000000000311 ) ;
#4169 = COLOUR_RGB ( '',1.000000000000000000, 0.6078431372549019107, 0.000000000000000000 ) ;
#4170 = AXIS2_PLACEMENT_3D ( 'NONE', #4865, #781, #6630 ) ;
#4171 = FILL_AREA_STYLE_COLOUR ( '', #6296 ) ;
#4172 = FILL_AREA_STYLE_COLOUR ( '', #4607 ) ;
#4173 = MECHANICAL_DESIGN_GEOMETRIC_PRESENTATION_REPRESENTATION (  '', ( #3677 ), #6754 ) ;
#4174 = EDGE_CURVE ( 'NONE', #5582, #3766, #7350, .T. ) ;
#4175 = VERTEX_POINT ( 'NONE', #2136 ) ;
#4176 = UNCERTAINTY_MEASURE_WITH_UNIT (LENGTH_MEASURE( 1.000000000000000082E-05 ), #4344, 'distance_accuracy_value', 'NONE');
#4177 = EDGE_CURVE ( 'NONE', #7596, #4036, #3996, .T. ) ;
#4178 = EDGE_LOOP ( 'NONE', ( #4028, #5468, #6367, #3777 ) ) ;
#4179 = STYLED_ITEM ( 'NONE', ( #2568 ), #4131 ) ;
#4180 = VECTOR ( 'NONE', #1870, 1000.000000000000227 ) ;
#4181 = VERTEX_POINT ( 'NONE', #5083 ) ;
#4182 = FACE_OUTER_BOUND ( 'NONE', #5652, .T. ) ;
#4183 = CARTESIAN_POINT ( 'NONE',  ( 24.49884083601300233, 41.50115916398699767, -2.017369599999999874 ) ) ;
#4184 = CARTESIAN_POINT ( 'NONE',  ( 0.1902968287500000077, -30.42715108241298338, -3.979848093913314067 ) ) ;
#4185 = CARTESIAN_POINT ( 'NONE',  ( -0.1271828512500000063, -30.49030249045373608, -7.479848724955104444 ) ) ;
#4186 =( GEOMETRIC_REPRESENTATION_CONTEXT ( 3 ) GLOBAL_UNCERTAINTY_ASSIGNED_CONTEXT ( ( #4162 ) ) GLOBAL_UNIT_ASSIGNED_CONTEXT ( ( #6584, #1893, #6040 ) ) REPRESENTATION_CONTEXT ( 'NONE', 'WORKASPACE' ) );
#4187 = SURFACE_STYLE_FILL_AREA ( #5232 ) ;
#4188 = CARTESIAN_POINT ( 'NONE',  ( -9.500006104219000491, -28.49999453194999788, 1.499998807906999909 ) ) ;
#4189 = ADVANCED_FACE ( 'NONE', ( #2097 ), #4499, .T. ) ;
#4190 = DIRECTION ( 'NONE',  ( -0.9999999999999950040, 9.999999876282747113E-08, 1.748454658368625266E-14 ) ) ;
#4191 = CARTESIAN_POINT ( 'NONE',  ( -8.500000000000000000, -29.00000000000000000, 0.000000000000000000 ) ) ;
#4192 = SURFACE_STYLE_USAGE ( .BOTH. , #5451 ) ;
#4193 = FILL_AREA_STYLE ('',( #5879 ) ) ;
#4194 = CARTESIAN_POINT ( 'NONE',  ( -4.809703171250000686, -30.42715047045373566, -7.479848713913259672 ) ) ;
#4195 = CARTESIAN_POINT ( 'NONE',  ( -12.70000732421899947, -6.599995751950190837, -4.517365194892196456 ) ) ;
#4196 = FILL_AREA_STYLE_COLOUR ( '', #3715 ) ;
#4197 = CIRCLE ( 'NONE', #7036, 0.7835000000000007514 ) ;
#4198 = ORIENTED_EDGE ( 'NONE', *, *, #1821, .T. ) ;
#4199 = LINE ( 'NONE', #3094, #6409 ) ;
#4200 = CIRCLE ( 'NONE', #4322, 1.500000000000000000 ) ;
#4201 = CARTESIAN_POINT ( 'NONE',  ( -5.000007324218999294, -34.49999575194976131, -4.517370073080753556 ) ) ;
#4202 = STYLED_ITEM ( 'NONE', ( #6988 ), #4987 ) ;
#4203 = ORIENTED_EDGE ( 'NONE', *, *, #2684, .T. ) ;
#4204 = ORIENTED_EDGE ( 'NONE', *, *, #6150, .T. ) ;
#4205 = LINE ( 'NONE', #3026, #7628 ) ;
#4206 =( LENGTH_UNIT ( ) NAMED_UNIT ( * ) SI_UNIT ( .MILLI., .METRE. ) );
#4207 = EDGE_CURVE ( 'NONE', #920, #5534, #4738, .T. ) ;
#4208 =( NAMED_UNIT ( * ) SI_UNIT ( $, .STERADIAN. ) SOLID_ANGLE_UNIT ( ) );
#4209 = SURFACE_SIDE_STYLE ('',( #2440 ) ) ;
#4210 = ORIENTED_EDGE ( 'NONE', *, *, #3082, .T. ) ;
#4211 = VERTEX_POINT ( 'NONE', #6508 ) ;
#4212 = VECTOR ( 'NONE', #5551, 1000.000000000000227 ) ;
#4213 =( GEOMETRIC_REPRESENTATION_CONTEXT ( 3 ) GLOBAL_UNCERTAINTY_ASSIGNED_CONTEXT ( ( #7573 ) ) GLOBAL_UNIT_ASSIGNED_CONTEXT ( ( #4068, #6316, #5729 ) ) REPRESENTATION_CONTEXT ( 'NONE', 'WORKASPACE' ) );
#4214 = FILL_AREA_STYLE_COLOUR ( '', #7561 ) ;
#4215 = EDGE_CURVE ( 'NONE', #3556, #3933, #3505, .T. ) ;
#4216 = DIRECTION ( 'NONE',  ( 0.0007733734047231488173, -0.9999997009467285203, -1.748454156017435066E-07 ) ) ;
#4217 = SURFACE_STYLE_FILL_AREA ( #7697 ) ;
#4218 = MECHANICAL_DESIGN_GEOMETRIC_PRESENTATION_REPRESENTATION (  '', ( #7299 ), #5947 ) ;
#4219 = PRESENTATION_STYLE_ASSIGNMENT (( #5549 ) ) ;
#4220 =( NAMED_UNIT ( * ) SI_UNIT ( $, .STERADIAN. ) SOLID_ANGLE_UNIT ( ) );
#4221 = CARTESIAN_POINT ( 'NONE',  ( -5.224510571250000623, -30.34464172241292346, -3.979848079486925982 ) ) ;
#4222 =( NAMED_UNIT ( * ) SI_UNIT ( $, .STERADIAN. ) SOLID_ANGLE_UNIT ( ) );
#4223 = VECTOR ( 'NONE', #2836, 1000.000000000000000 ) ;
#4224 = EDGE_CURVE ( 'NONE', #2575, #6858, #1171, .T. ) ;
#4225 = EDGE_CURVE ( 'NONE', #4277, #1325, #4055, .T. ) ;
#4226 = LINE ( 'NONE', #1897, #748 ) ;
#4227 =( NAMED_UNIT ( * ) SI_UNIT ( $, .STERADIAN. ) SOLID_ANGLE_UNIT ( ) );
#4228 = VECTOR ( 'NONE', #2280, 1000.000000000000000 ) ;
#4229 = AXIS2_PLACEMENT_3D ( 'NONE', #6965, #2725, #5759 ) ;
#4230 = ORIENTED_EDGE ( 'NONE', *, *, #2832, .T. ) ;
#4231 = ADVANCED_FACE ( 'NONE', ( #7079 ), #464, .T. ) ;
#4232 = STYLED_ITEM ( 'NONE', ( #6278 ), #1165 ) ;
#4233 = DIRECTION ( 'NONE',  ( 1.000000000000000000, 0.000000000000000000, 0.000000000000000000 ) ) ;
#4234 = CARTESIAN_POINT ( 'NONE',  ( -0.02656804421900000115, -2.993528368903417114, -4.517363586801719677 ) ) ;
#4235 = DIRECTION ( 'NONE',  ( -1.000000000000000000, 0.000000000000000000, 0.000000000000000000 ) ) ;
#4236 = ORIENTED_EDGE ( 'NONE', *, *, #3310, .T. ) ;
#4237 = PRESENTATION_LAYER_ASSIGNMENT (  '', '', ( #2228 ) ) ;
#4238 = SURFACE_STYLE_FILL_AREA ( #4825 ) ;
#4239 = UNCERTAINTY_MEASURE_WITH_UNIT (LENGTH_MEASURE( 1.000000000000000082E-05 ), #2736, 'distance_accuracy_value', 'NONE');
#4240 = ORIENTED_EDGE ( 'NONE', *, *, #5337, .F. ) ;
#4241 = SURFACE_SIDE_STYLE ('',( #5536 ) ) ;
#4242 = ORIENTED_EDGE ( 'NONE', *, *, #5346, .F. ) ;
#4243 = FACE_OUTER_BOUND ( 'NONE', #2588, .T. ) ;
#4244 = DIRECTION ( 'NONE',  ( 0.0007733734047231480583, -0.9999997009467437303, 0.000000000000000000 ) ) ;
#4245 = DIRECTION ( 'NONE',  ( -1.000000000000000000, 0.000000000000000000, 0.000000000000000000 ) ) ;
#4246 = MECHANICAL_DESIGN_GEOMETRIC_PRESENTATION_REPRESENTATION (  '', ( #1609 ), #5837 ) ;
#4247 = CARTESIAN_POINT ( 'NONE',  ( 10.00000000000000000, -10.50000000000000000, -2.017369599999999874 ) ) ;
#4248 = LINE ( 'NONE', #6697, #4712 ) ;
#4249 = CARTESIAN_POINT ( 'NONE',  ( -5.190334871250000148, -30.42715047045373566, -7.479848713913259672 ) ) ;
#4250 = VERTEX_POINT ( 'NONE', #3581 ) ;
#4251 = UNCERTAINTY_MEASURE_WITH_UNIT (LENGTH_MEASURE( 1.000000000000000082E-05 ), #2809, 'distance_accuracy_value', 'NONE');
#4252 = CIRCLE ( 'NONE', #2744, 2.174999999999999822 ) ;
#4253 = ORIENTED_EDGE ( 'NONE', *, *, #3981, .F. ) ;
#4254 = PRESENTATION_STYLE_ASSIGNMENT (( #3036 ) ) ;
#4255 = DIRECTION ( 'NONE',  ( 1.000000000000000000, 0.000000000000000000, 0.000000000000000000 ) ) ;
#4256 = SURFACE_SIDE_STYLE ('',( #7186 ) ) ;
#4257 = CARTESIAN_POINT ( 'NONE',  ( -10.50000732421900018, -37.99999575194970447, -4.517370685039892919 ) ) ;
#4258 = ADVANCED_FACE ( 'NONE', ( #4112 ), #7598, .T. ) ;
#4259 = LINE ( 'NONE', #1891, #4838 ) ;
#4260 = PRESENTATION_STYLE_ASSIGNMENT (( #3159 ) ) ;
#4261 = FACE_BOUND ( 'NONE', #5020, .T. ) ;
#4262 = AXIS2_PLACEMENT_3D ( 'NONE', #6924, #5598, #3868 ) ;
#4263 = FACE_BOUND ( 'NONE', #6421, .T. ) ;
#4264 = CYLINDRICAL_SURFACE ( 'NONE', #4359, 3.001094402371998981 ) ;
#4265 = DIRECTION ( 'NONE',  ( 0.000000000000000000, 0.000000000000000000, 1.000000000000000000 ) ) ;
#4266 = LINE ( 'NONE', #2385, #6180 ) ;
#4267 = ADVANCED_FACE ( 'NONE', ( #1091 ), #4928, .F. ) ;
#4268 = SHAPE_DEFINITION_REPRESENTATION ( #1641, #3490 ) ;
#4269 = VERTEX_POINT ( 'NONE', #4365 ) ;
#4270 = SURFACE_SIDE_STYLE ('',( #1867 ) ) ;
#4271 = DIRECTION ( 'NONE',  ( -1.000000000000000000, 0.000000000000000000, 0.000000000000000000 ) ) ;
#4272 = SURFACE_SIDE_STYLE ('',( #6668 ) ) ;
#4273 = DIRECTION ( 'NONE',  ( -0.7071067811865475727, 0.7071067811865365815, 1.236344160825354536E-07 ) ) ;
#4274 = ORIENTED_EDGE ( 'NONE', *, *, #3151, .T. ) ;
#4275 = EDGE_CURVE ( 'NONE', #6242, #5571, #1417, .T. ) ;
#4276 =( NAMED_UNIT ( * ) SI_UNIT ( $, .STERADIAN. ) SOLID_ANGLE_UNIT ( ) );
#4277 = VERTEX_POINT ( 'NONE', #807 ) ;
#4278 = DIRECTION ( 'NONE',  ( 0.000000000000000000, 0.000000000000000000, 1.000000000000000000 ) ) ;
#4279 = ORIENTED_EDGE ( 'NONE', *, *, #4174, .T. ) ;
#4280 = CYLINDRICAL_SURFACE ( 'NONE', #6006, 1.399999999999999689 ) ;
#4281 = CARTESIAN_POINT ( 'NONE',  ( 18.89999999999999858, 32.39999999999999858, 0.000000000000000000 ) ) ;
#4282 = CARTESIAN_POINT ( 'NONE',  ( 14.69999999999999929, -43.00000000000000000, 0.000000000000000000 ) ) ;
#4283 = AXIS2_PLACEMENT_3D ( 'NONE', #4863, #2982, #6552 ) ;
#4284 = CIRCLE ( 'NONE', #146, 1.498841284246000383 ) ;
#4285 = VERTEX_POINT ( 'NONE', #7224 ) ;
#4286 = VECTOR ( 'NONE', #2300, 999.9999999999998863 ) ;
#4287 = VERTEX_POINT ( 'NONE', #1308 ) ;
#4288 = CARTESIAN_POINT ( 'NONE',  ( -1.300000000000000044, 2.000000000000000000, -2.017369599999999874 ) ) ;
#4289 = VECTOR ( 'NONE', #7412, 1000.000000000000114 ) ;
#4290 = PRESENTATION_STYLE_ASSIGNMENT (( #3078 ) ) ;
#4291 = CARTESIAN_POINT ( 'NONE',  ( 12.69999267578099911, -32.00001406250000002, 2.540000000000000036 ) ) ;
#4292 = DIRECTION ( 'NONE',  ( -6.849784215730159577E-05, 0.9999999976540074886, 1.748454675898164919E-07 ) ) ;
#4293 = SURFACE_STYLE_USAGE ( .BOTH. , #6149 ) ;
#4294 = COLOUR_RGB ( '',1.000000000000000000, 1.000000000000000000, 1.000000000000000000 ) ;
#4295 =( LENGTH_UNIT ( ) NAMED_UNIT ( * ) SI_UNIT ( .MILLI., .METRE. ) );
#4296 = FILL_AREA_STYLE ('',( #6046 ) ) ;
#4297 =( GEOMETRIC_REPRESENTATION_CONTEXT ( 3 ) GLOBAL_UNCERTAINTY_ASSIGNED_CONTEXT ( ( #5183 ) ) GLOBAL_UNIT_ASSIGNED_CONTEXT ( ( #7525, #3212, #2608 ) ) REPRESENTATION_CONTEXT ( 'NONE', 'WORKASPACE' ) );
#4298 = DIRECTION ( 'NONE',  ( 0.000000000000000000, 0.000000000000000000, -1.000000000000000000 ) ) ;
#4299 = FACE_OUTER_BOUND ( 'NONE', #2093, .T. ) ;
#4300 = DIRECTION ( 'NONE',  ( 0.000000000000000000, -1.748454679999999258E-07, 0.9999999999999846789 ) ) ;
#4301 =( NAMED_UNIT ( * ) PLANE_ANGLE_UNIT ( ) SI_UNIT ( $, .RADIAN. ) );
#4302 = COLOUR_RGB ( '',0.000000000000000000, 0.5019607843137254832, 0.000000000000000000 ) ;
#4303 = SURFACE_STYLE_USAGE ( .BOTH. , #4449 ) ;
#4304 = EDGE_LOOP ( 'NONE', ( #6244, #1177, #5011, #2673 ) ) ;
#4305 =( GEOMETRIC_REPRESENTATION_CONTEXT ( 3 ) GLOBAL_UNCERTAINTY_ASSIGNED_CONTEXT ( ( #4549 ) ) GLOBAL_UNIT_ASSIGNED_CONTEXT ( ( #3472, #4552, #943 ) ) REPRESENTATION_CONTEXT ( 'NONE', 'WORKASPACE' ) );
#4306 = CARTESIAN_POINT ( 'NONE',  ( 8.973431955781000724, -34.99355888647993140, -4.517369181862031624 ) ) ;
#4307 = ADVANCED_FACE ( 'NONE', ( #7263 ), #3751, .F. ) ;
#4308 = DIRECTION ( 'NONE',  ( 0.000000000000000000, -1.748454679999999523E-07, 0.9999999999999847899 ) ) ;
#4309 = MECHANICAL_DESIGN_GEOMETRIC_PRESENTATION_REPRESENTATION (  '', ( #4935 ), #2173 ) ;
#4310 = SURFACE_SIDE_STYLE ('',( #778 ) ) ;
#4311 = EDGE_CURVE ( 'NONE', #6165, #1913, #3158, .T. ) ;
#4312 = DIRECTION ( 'NONE',  ( 0.000000000000000000, 1.748454679999999523E-07, -0.9999999999999847899 ) ) ;
#4313 = VERTEX_POINT ( 'NONE', #999 ) ;
#4314 = AXIS2_PLACEMENT_3D ( 'NONE', #4679, #7019, #1681 ) ;
#4315 = UNCERTAINTY_MEASURE_WITH_UNIT (LENGTH_MEASURE( 1.000000000000000082E-05 ), #3897, 'distance_accuracy_value', 'NONE');
#4316 = SURFACE_SIDE_STYLE ('',( #1912 ) ) ;
#4317 = ORIENTED_EDGE ( 'NONE', *, *, #2761, .T. ) ;
#4318 = PRESENTATION_LAYER_ASSIGNMENT (  '', '', ( #3063 ) ) ;
#4319 = EDGE_LOOP ( 'NONE', ( #675, #5698, #3833, #1077 ) ) ;
#4320 = ADVANCED_FACE ( 'NONE', ( #3409 ), #5910, .F. ) ;
#4321 = DIRECTION ( 'NONE',  ( 0.000000000000000000, 0.000000000000000000, 1.000000000000000000 ) ) ;
#4322 = AXIS2_PLACEMENT_3D ( 'NONE', #6915, #5711, #3978 ) ;
#4323 = EDGE_LOOP ( 'NONE', ( #2997, #879 ) ) ;
#4324 = UNCERTAINTY_MEASURE_WITH_UNIT (LENGTH_MEASURE( 1.000000000000000082E-05 ), #5191, 'distance_accuracy_value', 'NONE');
#4325 = ORIENTED_EDGE ( 'NONE', *, *, #134, .T. ) ;
#4326 = DIRECTION ( 'NONE',  ( 1.000000000000000000, 0.000000000000000000, 0.000000000000000000 ) ) ;
#4327 = AXIS2_PLACEMENT_3D ( 'NONE', #7015, #4633, #4594 ) ;
#4328 = DIRECTION ( 'NONE',  ( 0.000000000000000000, 1.748454679999999523E-07, -0.9999999999999847899 ) ) ;
#4329 = CARTESIAN_POINT ( 'NONE',  ( -6.851568044219009224, -34.99355845155173483, -5.917369181861976912 ) ) ;
#4330 = CIRCLE ( 'NONE', #2061, 2.174999999999999822 ) ;
#4331 = CARTESIAN_POINT ( 'NONE',  ( -39.99890579710000083, 39.99890579710099558, -2.017369599999999874 ) ) ;
#4332 = FACE_BOUND ( 'NONE', #3601, .T. ) ;
#4333 = VECTOR ( 'NONE', #2770, 1000.000000000000000 ) ;
#4334 = LINE ( 'NONE', #5424, #4012 ) ;
#4335 = SURFACE_STYLE_FILL_AREA ( #766 ) ;
#4336 = AXIS2_PLACEMENT_3D ( 'NONE', #3455, #6425, #4701 ) ;
#4337 =( GEOMETRIC_REPRESENTATION_CONTEXT ( 3 ) GLOBAL_UNCERTAINTY_ASSIGNED_CONTEXT ( ( #3481 ) ) GLOBAL_UNIT_ASSIGNED_CONTEXT ( ( #5472, #2512, #1733 ) ) REPRESENTATION_CONTEXT ( 'NONE', 'WORKASPACE' ) );
#4338 = LINE ( 'NONE', #6158, #4046 ) ;
#4339 = VERTEX_POINT ( 'NONE', #2362 ) ;
#4340 = CARTESIAN_POINT ( 'NONE',  ( -18.30000000000000071, -38.50000000000000000, -2.017369599999999874 ) ) ;
#4341 = CARTESIAN_POINT ( 'NONE',  ( -8.500007324219000182, -8.999995496241941950, -5.979846814521297738 ) ) ;
#4342 = PRESENTATION_LAYER_ASSIGNMENT (  '', '', ( #5562 ) ) ;
#4343 = OPEN_SHELL ( 'NONE', ( #3785, #7280, #4616 ) ) ;
#4344 =( LENGTH_UNIT ( ) NAMED_UNIT ( * ) SI_UNIT ( .MILLI., .METRE. ) );
#4345 = CARTESIAN_POINT ( 'NONE',  ( 8.189931955781004191, -34.99355811853482834, -9.301255507168969316 ) ) ;
#4346 = EDGE_CURVE ( 'NONE', #7544, #3519, #1650, .T. ) ;
#4347 = VERTEX_POINT ( 'NONE', #5220 ) ;
#4348 = VECTOR ( 'NONE', #7068, 1000.000000000000000 ) ;
#4349 = DIRECTION ( 'NONE',  ( 0.000000000000000000, -1.748454679999999258E-07, 0.9999999999999846789 ) ) ;
#4350 = VERTEX_POINT ( 'NONE', #7575 ) ;
#4351 = DIRECTION ( 'NONE',  ( 1.000000000000000000, 0.000000000000000000, 0.000000000000000000 ) ) ;
#4352 = FACE_BOUND ( 'NONE', #2954, .T. ) ;
#4353 = CARTESIAN_POINT ( 'NONE',  ( -2.201568044218999098, -2.993528777604825386, -2.017363586801753872 ) ) ;
#4354 = CARTESIAN_POINT ( 'NONE',  ( -4.872855191250001106, -30.49030249045373608, -7.479848724955104444 ) ) ;
#4355 = VECTOR ( 'NONE', #977, 1000.000000000000227 ) ;
#4356 = VERTEX_POINT ( 'NONE', #1983 ) ;
#4357 = EDGE_CURVE ( 'NONE', #4126, #3271, #1397, .T. ) ;
#4358 = VERTEX_POINT ( 'NONE', #1252 ) ;
#4359 = AXIS2_PLACEMENT_3D ( 'NONE', #763, #4298, #1861 ) ;
#4360 = DIRECTION ( 'NONE',  ( 0.000000000000000000, -1.748454679999999258E-07, 0.9999999999999846789 ) ) ;
#4361 =( NAMED_UNIT ( * ) PLANE_ANGLE_UNIT ( ) SI_UNIT ( $, .RADIAN. ) );
#4362 = AXIS2_PLACEMENT_3D ( 'NONE', #6462, #4660, #3411 ) ;
#4363 = EDGE_CURVE ( 'NONE', #2388, #5866, #1950, .T. ) ;
#4364 =( NAMED_UNIT ( * ) PLANE_ANGLE_UNIT ( ) SI_UNIT ( $, .RADIAN. ) );
#4365 = CARTESIAN_POINT ( 'NONE',  ( -12.70001775124999810, -31.99998633254128677, -1.977369635965398942 ) ) ;
#4366 = CARTESIAN_POINT ( 'NONE',  ( 11.69999213578100061, -7.600014602499998162, 0.000000000000000000 ) ) ;
#4367 = SURFACE_SIDE_STYLE ('',( #4959 ) ) ;
#4368 =( NAMED_UNIT ( * ) SI_UNIT ( $, .STERADIAN. ) SOLID_ANGLE_UNIT ( ) );
#4369 = LINE ( 'NONE', #6724, #5388 ) ;
#4370 =( NAMED_UNIT ( * ) SI_UNIT ( $, .STERADIAN. ) SOLID_ANGLE_UNIT ( ) );
#4371 = COLOUR_RGB ( '',0.000000000000000000, 0.5019607843137254832, 0.000000000000000000 ) ;
#4372 = LINE ( 'NONE', #2007, #2407 ) ;
#4373 = ORIENTED_EDGE ( 'NONE', *, *, #4922, .F. ) ;
#4374 = CARTESIAN_POINT ( 'NONE',  ( 0.04463544874997000395, -30.52447819045373834, -7.479848730930570788 ) ) ;
#4375 = ORIENTED_EDGE ( 'NONE', *, *, #3438, .T. ) ;
#4376 = AXIS2_PLACEMENT_3D ( 'NONE', #4932, #7271, #7195 ) ;
#4377 = DIRECTION ( 'NONE',  ( 1.000000000000000000, 0.000000000000000000, 0.000000000000000000 ) ) ;
#4378 = LINE ( 'NONE', #5047, #4826 ) ;
#4379 = CARTESIAN_POINT ( 'NONE',  ( 8.977176106171999237, -27.99999553195000246, 1.499998807906999909 ) ) ;
#4380 = VERTEX_POINT ( 'NONE', #3140 ) ;
#4381 = DIRECTION ( 'NONE',  ( -1.000000000000000000, 0.000000000000000000, 0.000000000000000000 ) ) ;
#4382 = ORIENTED_EDGE ( 'NONE', *, *, #2926, .T. ) ;
#4383 = SURFACE_STYLE_USAGE ( .BOTH. , #1949 ) ;
#4384 = CYLINDRICAL_SURFACE ( 'NONE', #4698, 1.498841284246000383 ) ;
#4385 = EDGE_LOOP ( 'NONE', ( #6313, #307, #1593, #4230, #1960, #4509, #5360, #6968 ) ) ;
#4386 = DIRECTION ( 'NONE',  ( 0.000000000000000000, 1.000000000000000000, 0.000000000000000000 ) ) ;
#4387 = FILL_AREA_STYLE_COLOUR ( '', #1964 ) ;
#4388 = EDGE_CURVE ( 'NONE', #1107, #6495, #1358, .T. ) ;
#4389 = DIRECTION ( 'NONE',  ( -1.000000000000000000, 0.000000000000000000, 0.000000000000000000 ) ) ;
#4390 = EDGE_LOOP ( 'NONE', ( #3491, #595, #4045, #4475 ) ) ;
#4391 = UNCERTAINTY_MEASURE_WITH_UNIT (LENGTH_MEASURE( 1.000000000000000082E-05 ), #3191, 'distance_accuracy_value', 'NONE');
#4392 = VERTEX_POINT ( 'NONE', #3804 ) ;
#4393 = PRESENTATION_LAYER_ASSIGNMENT (  '', '', ( #1150 ) ) ;
#4394 = CARTESIAN_POINT ( 'NONE',  ( -43.00000000000000000, -40.00000000000000000, -2.017369599999999874 ) ) ;
#4395 = ADVANCED_FACE ( 'NONE', ( #5494 ), #4384, .F. ) ;
#4396 = LINE ( 'NONE', #3817, #3972 ) ;
#4397 = CIRCLE ( 'NONE', #3033, 0.7834999999999998632 ) ;
#4398 = EDGE_CURVE ( 'NONE', #4646, #990, #2501, .T. ) ;
#4399 = ORIENTED_EDGE ( 'NONE', *, *, #1909, .F. ) ;
#4400 = CARTESIAN_POINT ( 'NONE',  ( 6.798431955781000013, -34.99355929518133479, -2.017369181862065375 ) ) ;
#4401 = STYLED_ITEM ( 'NONE', ( #6775 ), #3656 ) ;
#4402 = SURFACE_SIDE_STYLE ('',( #3717 ) ) ;
#4403 = COLOUR_RGB ( '',0.1843137254901960898, 0.7490196078431372584, 0.5803921568627450345 ) ;
#4404 = FILL_AREA_STYLE_COLOUR ( '', #6761 ) ;
#4405 = ADVANCED_FACE ( 'NONE', ( #3185 ), #4829, .T. ) ;
#4406 = DIRECTION ( 'NONE',  ( -0.3826758252060216137, 0.9238826834630381457, 1.615367001671931827E-07 ) ) ;
#4407 = CARTESIAN_POINT ( 'NONE',  ( -8.501166488206001404, -10.49883658796312957, -4.517365876586847406 ) ) ;
#4408 = CARTESIAN_POINT ( 'NONE',  ( 8.501159163987001222, -27.50115916397999527, 0.000000000000000000 ) ) ;
#4409 = CARTESIAN_POINT ( 'NONE',  ( -18.30000000000000071, -43.00000000000000000, -2.017369599999999874 ) ) ;
#4410 = SURFACE_STYLE_USAGE ( .BOTH. , #2603 ) ;
#4411 = VERTEX_POINT ( 'NONE', #5464 ) ;
#4412 = EDGE_LOOP ( 'NONE', ( #1844, #4553, #515, #6910 ) ) ;
#4413 = VECTOR ( 'NONE', #1362, 1000.000000000000227 ) ;
#4414 = SURFACE_SIDE_STYLE ('',( #6815 ) ) ;
#4415 = CARTESIAN_POINT ( 'NONE',  ( -24.49884083601000029, 41.50115916398699767, -2.017369599999999874 ) ) ;
#4416 = PRESENTATION_LAYER_ASSIGNMENT (  '', '', ( #7385 ) ) ;
#4417 = CARTESIAN_POINT ( 'NONE',  ( -5.127182851250000617, -30.10967079045374106, -7.479848658403376760 ) ) ;
#4418 =( NAMED_UNIT ( * ) PLANE_ANGLE_UNIT ( ) SI_UNIT ( $, .RADIAN. ) );
#4419 = CARTESIAN_POINT ( 'NONE',  ( 9.499991455780998351, -28.49999453194999788, 1.599998607906999881 ) ) ;
#4420 =( NAMED_UNIT ( * ) SI_UNIT ( $, .STERADIAN. ) SOLID_ANGLE_UNIT ( ) );
#4421 = PRESENTATION_LAYER_ASSIGNMENT (  '', '', ( #1292 ) ) ;
#4422 = CIRCLE ( 'NONE', #5520, 2.200461398020997272 ) ;
#4423 = EDGE_LOOP ( 'NONE', ( #4585, #2912, #2031, #4951, #6631, #5290, #1395, #7209, #5491, #3186, #7293, #2856, #3171, #1990, #3939, #167, #3269, #6176, #5027, #7348, #4048, #221, #3842, #94 ) ) ;
#4424 = FILL_AREA_STYLE ('',( #1518 ) ) ;
#4425 = VERTEX_POINT ( 'NONE', #7243 ) ;
#4426 = DIRECTION ( 'NONE',  ( -0.3827001010250414281, 0.9238726279500855121, 1.615349420063250050E-07 ) ) ;
#4427 =( LENGTH_UNIT ( ) NAMED_UNIT ( * ) SI_UNIT ( .MILLI., .METRE. ) );
#4428 = ORIENTED_EDGE ( 'NONE', *, *, #480, .T. ) ;
#4429 = COLOUR_RGB ( '',0.000000000000000000, 0.5019607843137254832, 0.000000000000000000 ) ;
#4430 = VERTEX_POINT ( 'NONE', #2019 ) ;
#4431 = ORIENTED_EDGE ( 'NONE', *, *, #6052, .F. ) ;
#4432 = EDGE_CURVE ( 'NONE', #4411, #5744, #803, .T. ) ;
#4433 = FILL_AREA_STYLE ('',( #6713 ) ) ;
#4434 = DIRECTION ( 'NONE',  ( 0.000000000000000000, 1.748454679999999523E-07, -0.9999999999999847899 ) ) ;
#4435 = STYLED_ITEM ( 'NONE', ( #4478 ), #4855 ) ;
#4436 = DIRECTION ( 'NONE',  ( -0.7071067811865476838, -0.7071067811865366926, -1.236344160825354801E-07 ) ) ;
#4437 = LINE ( 'NONE', #6794, #1581 ) ;
#4438 = ORIENTED_EDGE ( 'NONE', *, *, #4311, .F. ) ;
#4439 = DIRECTION ( 'NONE',  ( 0.000000000000000000, 0.000000000000000000, -1.000000000000000000 ) ) ;
#4440 = AXIS2_PLACEMENT_3D ( 'NONE', #2572, #258, #1390 ) ;
#4441 =( NAMED_UNIT ( * ) SI_UNIT ( $, .STERADIAN. ) SOLID_ANGLE_UNIT ( ) );
#4442 = ADVANCED_FACE ( 'NONE', ( #6860 ), #1519, .T. ) ;
#4443 = SURFACE_SIDE_STYLE ('',( #2520 ) ) ;
#4444 = SURFACE_SIDE_STYLE ('',( #850 ) ) ;
#4445 = FILL_AREA_STYLE_COLOUR ( '', #6010 ) ;
#4446 = MECHANICAL_DESIGN_GEOMETRIC_PRESENTATION_REPRESENTATION (  '', ( #1436 ), #2963 ) ;
#4447 = CARTESIAN_POINT ( 'NONE',  ( 10.69999159578100034, -8.600012602499997882, 0.000000000000000000 ) ) ;
#4448 =( NAMED_UNIT ( * ) PLANE_ANGLE_UNIT ( ) SI_UNIT ( $, .RADIAN. ) );
#4449 = SURFACE_SIDE_STYLE ('',( #3092 ) ) ;
#4450 = EDGE_CURVE ( 'NONE', #1144, #3103, #2803, .T. ) ;
#4451 = ORIENTED_EDGE ( 'NONE', *, *, #5620, .F. ) ;
#4452 = CIRCLE ( 'NONE', #698, 3.000000000000000000 ) ;
#4453 = VECTOR ( 'NONE', #5682, 1000.000000000000000 ) ;
#4454 = ORIENTED_EDGE ( 'NONE', *, *, #6629, .T. ) ;
#4455 = FACE_OUTER_BOUND ( 'NONE', #6171, .T. ) ;
#4456 = DIRECTION ( 'NONE',  ( 0.000000000000000000, 0.000000000000000000, -1.000000000000000000 ) ) ;
#4457 = DIRECTION ( 'NONE',  ( 0.000000000000000000, -1.748454679999999787E-07, 0.9999999999999849010 ) ) ;
#4458 =( NAMED_UNIT ( * ) SI_UNIT ( $, .STERADIAN. ) SOLID_ANGLE_UNIT ( ) );
#4459 = CARTESIAN_POINT ( 'NONE',  ( 0.1271448087500000046, -30.10967079045374106, -7.479848658403376760 ) ) ;
#4460 = DIRECTION ( 'NONE',  ( 0.000000000000000000, 1.748454679999999787E-07, -0.9999999999999849010 ) ) ;
#4461 = STYLED_ITEM ( 'NONE', ( #2126 ), #5933 ) ;
#4462 = UNCERTAINTY_MEASURE_WITH_UNIT (LENGTH_MEASURE( 1.000000000000000082E-05 ), #2000, 'distance_accuracy_value', 'NONE');
#4463 = EDGE_CURVE ( 'NONE', #7294, #5149, #3843, .T. ) ;
#4464 = ORIENTED_EDGE ( 'NONE', *, *, #6972, .T. ) ;
#4465 = CARTESIAN_POINT ( 'NONE',  ( -24.49884083601000029, 41.50115916398699767, -2.017369599999999874 ) ) ;
#4466 = ORIENTED_EDGE ( 'NONE', *, *, #5071, .F. ) ;
#4467 = DIRECTION ( 'NONE',  ( 0.3826758252060216692, -0.9238826834630382567, -1.615367001671932091E-07 ) ) ;
#4468 = MECHANICAL_DESIGN_GEOMETRIC_PRESENTATION_REPRESENTATION (  '', ( #1589 ), #1959 ) ;
#4469 = FACE_OUTER_BOUND ( 'NONE', #2445, .T. ) ;
#4470 = FACE_BOUND ( 'NONE', #444, .T. ) ;
#4471 = AXIS2_PLACEMENT_3D ( 'NONE', #7174, #3597, #1841 ) ;
#4472 = CIRCLE ( 'NONE', #326, 3.001094402371998981 ) ;
#4473 = ORIENTED_EDGE ( 'NONE', *, *, #1196, .T. ) ;
#4474 = UNCERTAINTY_MEASURE_WITH_UNIT (LENGTH_MEASURE( 1.000000000000000082E-05 ), #1076, 'distance_accuracy_value', 'NONE');
#4475 = ORIENTED_EDGE ( 'NONE', *, *, #7669, .F. ) ;
#4476 = ORIENTED_EDGE ( 'NONE', *, *, #5176, .T. ) ;
#4477 = LINE ( 'NONE', #1493, #7308 ) ;
#4478 = PRESENTATION_STYLE_ASSIGNMENT (( #5147 ) ) ;
#4479 = DIRECTION ( 'NONE',  ( 0.000000000000000000, -1.748454679999999787E-07, 0.9999999999999849010 ) ) ;
#4480 = EDGE_LOOP ( 'NONE', ( #3667, #1115, #5726, #4628 ) ) ;
#4481 = VECTOR ( 'NONE', #726, 1000.000000000000227 ) ;
#4482 = CARTESIAN_POINT ( 'NONE',  ( -40.00000000000000000, 40.00000000000000000, -2.017369599999999874 ) ) ;
#4483 = FILL_AREA_STYLE_COLOUR ( '', #4034 ) ;
#4484 =( NAMED_UNIT ( * ) PLANE_ANGLE_UNIT ( ) SI_UNIT ( $, .RADIAN. ) );
#4485 =( NAMED_UNIT ( * ) SI_UNIT ( $, .STERADIAN. ) SOLID_ANGLE_UNIT ( ) );
#4486 = VECTOR ( 'NONE', #1698, 999.9999999999998863 ) ;
#4487 = DIRECTION ( 'NONE',  ( 0.000000000000000000, 0.000000000000000000, 1.000000000000000000 ) ) ;
#4488 = CARTESIAN_POINT ( 'NONE',  ( 0.2244750687499999786, -30.34464111045367929, -7.479848699486872476 ) ) ;
#4489 = LINE ( 'NONE', #5115, #2884 ) ;
#4490 = DIRECTION ( 'NONE',  ( 0.9238726279500996119, 0.3827001010250355439, 6.691337826737064132E-08 ) ) ;
#4491 = EDGE_CURVE ( 'NONE', #1105, #706, #310, .T. ) ;
#4492 = CARTESIAN_POINT ( 'NONE',  ( 0.000000000000000000, 2.000000000000000000, 0.000000000000000000 ) ) ;
#4493 = CARTESIAN_POINT ( 'NONE',  ( -9.810068044218997585, -34.99355871019201913, -5.917369181862022209 ) ) ;
#4494 = CARTESIAN_POINT ( 'NONE',  ( 10.00000000000000000, -10.50000000000000000, 0.000000000000000000 ) ) ;
#4495 = ORIENTED_EDGE ( 'NONE', *, *, #753, .T. ) ;
#4496 = CIRCLE ( 'NONE', #1616, 1.300000000000002487 ) ;
#4497 = CARTESIAN_POINT ( 'NONE',  ( 10.50053181571500005, -35.79953416426153012, -5.979851500299178113 ) ) ;
#4498 = VERTEX_POINT ( 'NONE', #869 ) ;
#4499 = PLANE ( 'NONE',  #2930 ) ;
#4500 = FACE_OUTER_BOUND ( 'NONE', #5348, .T. ) ;
#4501 = SURFACE_STYLE_USAGE ( .BOTH. , #6895 ) ;
#4502 = CARTESIAN_POINT ( 'NONE',  ( -10.00000000000000000, -27.50000000000000000, 0.000000000000000000 ) ) ;
#4503 = DIRECTION ( 'NONE',  ( 1.000000000000000000, 0.000000000000000000, 0.000000000000000000 ) ) ;
#4504 = EDGE_CURVE ( 'NONE', #2552, #4596, #2148, .T. ) ;
#4505 = CIRCLE ( 'NONE', #5731, 1.499999999999999556 ) ;
#4506 = PRESENTATION_STYLE_ASSIGNMENT (( #1559 ) ) ;
#4507 = ORIENTED_EDGE ( 'NONE', *, *, #2243, .F. ) ;
#4508 = DIRECTION ( 'NONE',  ( 0.000000000000000000, -1.000000000000000000, 0.000000000000000000 ) ) ;
#4509 = ORIENTED_EDGE ( 'NONE', *, *, #4842, .T. ) ;
#4510 = AXIS2_PLACEMENT_3D ( 'NONE', #4031, #7637, #2941 ) ;
#4511 = FACE_OUTER_BOUND ( 'NONE', #6867, .T. ) ;
#4512 = CARTESIAN_POINT ( 'NONE',  ( -0.1903348712500000095, -30.17282281045374148, -7.479848669445221532 ) ) ;
#4513 = DIRECTION ( 'NONE',  ( 1.000000000000000000, 0.000000000000000000, 0.000000000000000000 ) ) ;
#4514 = EDGE_CURVE ( 'NONE', #7252, #4027, #6825, .T. ) ;
#4515 = LINE ( 'NONE', #1605, #4289 ) ;
#4516 = EDGE_LOOP ( 'NONE', ( #5537, #2699, #1789, #1839 ) ) ;
#4517 = VERTEX_POINT ( 'NONE', #2701 ) ;
#4518 = EDGE_LOOP ( 'NONE', ( #5575, #2980 ) ) ;
#4519 = LINE ( 'NONE', #5820, #6500 ) ;
#4520 = STYLED_ITEM ( 'NONE', ( #6416 ), #6166 ) ;
#4521 =( NAMED_UNIT ( * ) SI_UNIT ( $, .STERADIAN. ) SOLID_ANGLE_UNIT ( ) );
#4522 =( LENGTH_UNIT ( ) NAMED_UNIT ( * ) SI_UNIT ( .MILLI., .METRE. ) );
#4523 = ORIENTED_EDGE ( 'NONE', *, *, #2487, .F. ) ;
#4524 = CARTESIAN_POINT ( 'NONE',  ( -3.000007324219000182, -2.999995751950247147, -4.517364565448511726 ) ) ;
#4525 = VECTOR ( 'NONE', #2887, 1000.000000000000114 ) ;
#4526 = PRESENTATION_LAYER_ASSIGNMENT (  '', '', ( #5392 ) ) ;
#4527 = CARTESIAN_POINT ( 'NONE',  ( 12.69999267578099911, -6.600016602499999330, 0.000000000000000000 ) ) ;
#4528 = CARTESIAN_POINT ( 'NONE',  ( -0.02656804421900000115, -2.993528124119761991, -5.917363586801698716 ) ) ;
#4529 =( LENGTH_UNIT ( ) NAMED_UNIT ( * ) SI_UNIT ( .MILLI., .METRE. ) );
#4530 = FILL_AREA_STYLE_COLOUR ( '', #1364 ) ;
#4531 = DIRECTION ( 'NONE',  ( 0.9999997009467437303, 0.0007733734047254636973, 0.000000000000000000 ) ) ;
#4532 = VECTOR ( 'NONE', #6997, 1000.000000000000000 ) ;
#4533 = CARTESIAN_POINT ( 'NONE',  ( -8.243068044219107549, -34.99355891414921160, -2.017369181861998761 ) ) ;
#4534 =( GEOMETRIC_REPRESENTATION_CONTEXT ( 3 ) GLOBAL_UNCERTAINTY_ASSIGNED_CONTEXT ( ( #6319 ) ) GLOBAL_UNIT_ASSIGNED_CONTEXT ( ( #7309, #1314, #1936 ) ) REPRESENTATION_CONTEXT ( 'NONE', 'WORKASPACE' ) );
#4535 = CARTESIAN_POINT ( 'NONE',  ( 41.30000000000000426, 40.00000000000000000, 0.000000000000000000 ) ) ;
#4536 = LINE ( 'NONE', #3951, #2171 ) ;
#4537 = ADVANCED_FACE ( 'NONE', ( #5697 ), #3345, .F. ) ;
#4538 = FILL_AREA_STYLE ('',( #5125 ) ) ;
#4539 = LINE ( 'NONE', #3872, #5266 ) ;
#4540 = MECHANICAL_DESIGN_GEOMETRIC_PRESENTATION_REPRESENTATION (  '', ( #2525 ), #7373 ) ;
#4541 = VECTOR ( 'NONE', #746, 1000.000000000000000 ) ;
#4542 = SURFACE_STYLE_USAGE ( .BOTH. , #1633 ) ;
#4543 = DIRECTION ( 'NONE',  ( 1.000000000000000000, 0.000000000000000000, 0.000000000000000000 ) ) ;
#4544 = PLANE ( 'NONE',  #4756 ) ;
#4545 = DIRECTION ( 'NONE',  ( 0.7071067811865476838, -0.7071067811865366926, -1.236344160825354801E-07 ) ) ;
#4546 = CIRCLE ( 'NONE', #6519, 1.498841284246000383 ) ;
#4547 = COLOUR_RGB ( '',0.000000000000000000, 0.5019607843137254832, 0.000000000000000000 ) ;
#4548 = PRESENTATION_LAYER_ASSIGNMENT (  '', '', ( #2412 ) ) ;
#4549 = UNCERTAINTY_MEASURE_WITH_UNIT (LENGTH_MEASURE( 1.000000000000000082E-05 ), #3472, 'distance_accuracy_value', 'NONE');
#4550 = PLANE ( 'NONE',  #4314 ) ;
#4551 = ORIENTED_EDGE ( 'NONE', *, *, #2761, .F. ) ;
#4552 =( NAMED_UNIT ( * ) PLANE_ANGLE_UNIT ( ) SI_UNIT ( $, .RADIAN. ) );
#4553 = ORIENTED_EDGE ( 'NONE', *, *, #6059, .T. ) ;
#4554 = AXIS2_PLACEMENT_3D ( 'NONE', #2276, #4128, #6488 ) ;
#4555 = EDGE_CURVE ( 'NONE', #4937, #1516, #3580, .T. ) ;
#4556 = LINE ( 'NONE', #3963, #2656 ) ;
#4557 = ADVANCED_FACE ( 'NONE', ( #7189, #4767, #2821, #4854, #3473, #6000, #6404, #1270, #4263, #6617, #3679, #606, #3009 ), #4038, .F. ) ;
#4558 = CARTESIAN_POINT ( 'NONE',  ( -9.500006104219000491, -9.499994431950002038, 1.499998807906999909 ) ) ;
#4559 =( NAMED_UNIT ( * ) SI_UNIT ( $, .STERADIAN. ) SOLID_ANGLE_UNIT ( ) );
#4560 = DIRECTION ( 'NONE',  ( 1.000000000000000000, 0.000000000000000000, 0.000000000000000000 ) ) ;
#4561 = AXIS2_PLACEMENT_3D ( 'NONE', #5237, #2258, #4669 ) ;
#4562 = VERTEX_POINT ( 'NONE', #643 ) ;
#4563 = UNCERTAINTY_MEASURE_WITH_UNIT (LENGTH_MEASURE( 1.000000000000000082E-05 ), #938, 'distance_accuracy_value', 'NONE');
#4564 = ORIENTED_EDGE ( 'NONE', *, *, #219, .T. ) ;
#4565 = VECTOR ( 'NONE', #2511, 1000.000000000000227 ) ;
#4566 = ORIENTED_EDGE ( 'NONE', *, *, #2103, .T. ) ;
#4567 = EDGE_CURVE ( 'NONE', #3743, #7242, #686, .T. ) ;
#4568 = ADVANCED_FACE ( 'NONE', ( #7113 ), #5210, .F. ) ;
#4569 = CARTESIAN_POINT ( 'NONE',  ( 0.1271448087500000046, -30.10967079045374106, -7.479848658403376760 ) ) ;
#4570 = FILL_AREA_STYLE ('',( #1613 ) ) ;
#4571 = DIRECTION ( 'NONE',  ( 0.000000000000000000, 1.748454679999999523E-07, -0.9999999999999846789 ) ) ;
#4572 = CIRCLE ( 'NONE', #2948, 1.498841284246002159 ) ;
#4573 = DIRECTION ( 'NONE',  ( 1.000000000000000000, 0.000000000000000000, 0.000000000000000000 ) ) ;
#4574 = ORIENTED_EDGE ( 'NONE', *, *, #6499, .F. ) ;
#4575 = FILL_AREA_STYLE ('',( #2633 ) ) ;
#4576 = EDGE_CURVE ( 'NONE', #76, #1687, #6179, .T. ) ;
#4577 = AXIS2_PLACEMENT_3D ( 'NONE', #7138, #5988, #4724 ) ;
#4578 = CARTESIAN_POINT ( 'NONE',  ( -8.500000000000000000, -9.000000000000000000, -2.017369599999999874 ) ) ;
#4579 = CARTESIAN_POINT ( 'NONE',  ( 6.798431955781008895, -34.99355883184081506, -5.917369181862043526 ) ) ;
#4580 = DIRECTION ( 'NONE',  ( 1.000000000000000000, 0.000000000000000000, 0.000000000000000000 ) ) ;
#4581 = CARTESIAN_POINT ( 'NONE',  ( -5.044673491250050823, -30.07549316241298598, -3.979848032427520277 ) ) ;
#4582 = SURFACE_STYLE_USAGE ( .BOTH. , #2177 ) ;
#4583 =( GEOMETRIC_REPRESENTATION_CONTEXT ( 3 ) GLOBAL_UNCERTAINTY_ASSIGNED_CONTEXT ( ( #5781 ) ) GLOBAL_UNIT_ASSIGNED_CONTEXT ( ( #7484, #982, #3684 ) ) REPRESENTATION_CONTEXT ( 'NONE', 'WORKASPACE' ) );
#4584 = PLANE ( 'NONE',  #5638 ) ;
#4585 = ORIENTED_EDGE ( 'NONE', *, *, #7472, .T. ) ;
#4586 = VERTEX_POINT ( 'NONE', #7331 ) ;
#4587 = DIRECTION ( 'NONE',  ( -1.000000000000000000, 0.000000000000000000, 0.000000000000000000 ) ) ;
#4588 = PRESENTATION_STYLE_ASSIGNMENT (( #5002 ) ) ;
#4589 = VECTOR ( 'NONE', #6562, 1000.000000000000227 ) ;
#4590 = DIRECTION ( 'NONE',  ( -1.000000000000000000, 0.000000000000000000, 0.000000000000000000 ) ) ;
#4591 =( NAMED_UNIT ( * ) SI_UNIT ( $, .STERADIAN. ) SOLID_ANGLE_UNIT ( ) );
#4592 = SURFACE_STYLE_FILL_AREA ( #5766 ) ;
#4593 = CARTESIAN_POINT ( 'NONE',  ( 40.00000000000000000, 40.00000000000000000, -2.017369599999999874 ) ) ;
#4594 = DIRECTION ( 'NONE',  ( 1.000000000000000000, 0.000000000000000000, 0.000000000000000000 ) ) ;
#4595 = AXIS2_PLACEMENT_3D ( 'NONE', #3250, #249, #1347 ) ;
#4596 = VERTEX_POINT ( 'NONE', #841 ) ;
#4597 = SURFACE_STYLE_USAGE ( .BOTH. , #944 ) ;
#4598 = FACE_OUTER_BOUND ( 'NONE', #1056, .T. ) ;
#4599 = DIRECTION ( 'NONE',  ( 0.000000000000000000, 1.748454679999999523E-07, -0.9999999999999846789 ) ) ;
#4600 = AXIS2_PLACEMENT_3D ( 'NONE', #2251, #7108, #5917 ) ;
#4601 = FACE_OUTER_BOUND ( 'NONE', #1752, .T. ) ;
#4602 = DIRECTION ( 'NONE',  ( 0.000000000000000000, 1.748454679999999258E-07, -0.9999999999999846789 ) ) ;
#4603 = CYLINDRICAL_SURFACE ( 'NONE', #7504, 0.7835000000000007514 ) ;
#4604 = EDGE_CURVE ( 'NONE', #6211, #706, #3152, .T. ) ;
#4605 = VERTEX_POINT ( 'NONE', #202 ) ;
#4606 = ORIENTED_EDGE ( 'NONE', *, *, #2844, .T. ) ;
#4607 = COLOUR_RGB ( '',1.000000000000000000, 0.6078431372549019107, 0.000000000000000000 ) ;
#4608 = MECHANICAL_DESIGN_GEOMETRIC_PRESENTATION_REPRESENTATION (  '', ( #2974 ), #4337 ) ;
#4609 = ORIENTED_EDGE ( 'NONE', *, *, #1620, .T. ) ;
#4610 = SURFACE_STYLE_USAGE ( .BOTH. , #2674 ) ;
#4611 = LINE ( 'NONE', #2163, #5146 ) ;
#4612 = OPEN_SHELL ( 'NONE', ( #2813, #4696, #17, #4987, #7290, #7230, #6434, #2396, #5933 ) ) ;
#4613 = FILL_AREA_STYLE ('',( #414 ) ) ;
#4614 = EDGE_CURVE ( 'NONE', #6413, #7053, #6288, .T. ) ;
#4615 = ORIENTED_EDGE ( 'NONE', *, *, #1716, .F. ) ;
#4616 = ADVANCED_FACE ( 'NONE', ( #4916 ), #7258, .F. ) ;
#4617 = COLOUR_RGB ( '',1.000000000000000000, 0.6078431372549019107, 0.000000000000000000 ) ;
#4618 = LINE ( 'NONE', #3452, #4914 ) ;
#4619 = CARTESIAN_POINT ( 'NONE',  ( 5.000722144379999179, -4.599266027643010624, -5.979846045073694327 ) ) ;
#4620 = LINE ( 'NONE', #7514, #6995 ) ;
#4621 = FILL_AREA_STYLE ('',( #2218 ) ) ;
#4622 = DIRECTION ( 'NONE',  ( 0.000000000000000000, 0.000000000000000000, 1.000000000000000000 ) ) ;
#4623 = EDGE_CURVE ( 'NONE', #4165, #901, #4989, .T. ) ;
#4624 =( GEOMETRIC_REPRESENTATION_CONTEXT ( 3 ) GLOBAL_UNCERTAINTY_ASSIGNED_CONTEXT ( ( #2030 ) ) GLOBAL_UNIT_ASSIGNED_CONTEXT ( ( #887, #5072, #5230 ) ) REPRESENTATION_CONTEXT ( 'NONE', 'WORKASPACE' ) );
#4625 =( LENGTH_UNIT ( ) NAMED_UNIT ( * ) SI_UNIT ( .MILLI., .METRE. ) );
#4626 = DIRECTION ( 'NONE',  ( 0.000000000000000000, 1.748454679999999523E-07, -0.9999999999999846789 ) ) ;
#4627 = DIRECTION ( 'NONE',  ( 0.000000000000000000, 0.000000000000000000, 1.000000000000000000 ) ) ;
#4628 = ORIENTED_EDGE ( 'NONE', *, *, #5082, .F. ) ;
#4629 = VECTOR ( 'NONE', #399, 1000.000000000000227 ) ;
#4630 = FACE_OUTER_BOUND ( 'NONE', #4992, .T. ) ;
#4631 = CARTESIAN_POINT ( 'NONE',  ( -10.00000000000000000, -27.50000000000000000, 0.000000000000000000 ) ) ;
#4632 = PRESENTATION_STYLE_ASSIGNMENT (( #350 ) ) ;
#4633 = DIRECTION ( 'NONE',  ( 0.000000000000000000, 0.000000000000000000, -1.000000000000000000 ) ) ;
#4634 = DIRECTION ( 'NONE',  ( 0.000000000000000000, 1.748454679999999523E-07, -0.9999999999999847899 ) ) ;
#4635 = ORIENTED_EDGE ( 'NONE', *, *, #7669, .T. ) ;
#4636 = CARTESIAN_POINT ( 'NONE',  ( -1.300000000000000044, 2.000000000000000000, -2.017369599999999874 ) ) ;
#4637 = LINE ( 'NONE', #7644, #1536 ) ;
#4638 = SURFACE_STYLE_FILL_AREA ( #1482 ) ;
#4639 = PRESENTATION_LAYER_ASSIGNMENT (  '', '', ( #1860 ) ) ;
#4640 = SURFACE_SIDE_STYLE ('',( #1717 ) ) ;
#4641 = CARTESIAN_POINT ( 'NONE',  ( 40.00000000000000000, -40.00000000000000000, -2.017369599999999874 ) ) ;
#4642 = CARTESIAN_POINT ( 'NONE',  ( 10.37343195578099575, -34.99355851930438632, -5.917369181861988459 ) ) ;
#4643 = VERTEX_POINT ( 'NONE', #1410 ) ;
#4644 = UNCERTAINTY_MEASURE_WITH_UNIT (LENGTH_MEASURE( 1.000000000000000082E-05 ), #3786, 'distance_accuracy_value', 'NONE');
#4645 = AXIS2_PLACEMENT_3D ( 'NONE', #4963, #4891, #74 ) ;
#4646 = VERTEX_POINT ( 'NONE', #5585 ) ;
#4647 = VERTEX_POINT ( 'NONE', #2033 ) ;
#4648 = SURFACE_STYLE_FILL_AREA ( #2241 ) ;
#4649 = PLANE ( 'NONE',  #1502 ) ;
#4650 = ADVANCED_FACE ( 'NONE', ( #7372 ), #1452, .T. ) ;
#4651 = CARTESIAN_POINT ( 'NONE',  ( -0.02656804421900000115, -2.993527532462573859, -9.301249912108646711 ) ) ;
#4652 = FACE_OUTER_BOUND ( 'NONE', #1689, .T. ) ;
#4653 =( GEOMETRIC_REPRESENTATION_CONTEXT ( 3 ) GLOBAL_UNCERTAINTY_ASSIGNED_CONTEXT ( ( #3567 ) ) GLOBAL_UNIT_ASSIGNED_CONTEXT ( ( #290, #2758, #968 ) ) REPRESENTATION_CONTEXT ( 'NONE', 'WORKASPACE' ) );
#4654 = CARTESIAN_POINT ( 'NONE',  ( -18.89999999999999858, 32.39999999999999858, -2.017369599999999874 ) ) ;
#4655 = VERTEX_POINT ( 'NONE', #6949 ) ;
#4656 = VERTEX_POINT ( 'NONE', #448 ) ;
#4657 = CARTESIAN_POINT ( 'NONE',  ( 17.80000000000000071, 32.39999999999999858, -2.017369599999999874 ) ) ;
#4658 = EDGE_CURVE ( 'NONE', #2881, #2617, #1491, .T. ) ;
#4659 = ADVANCED_FACE ( 'NONE', ( #4010 ), #3934, .T. ) ;
#4660 = DIRECTION ( 'NONE',  ( 0.000000000000000000, 0.000000000000000000, -1.000000000000000000 ) ) ;
#4661 = LINE ( 'NONE', #4579, #88 ) ;
#4662 = LINE ( 'NONE', #967, #4532 ) ;
#4663 =( NAMED_UNIT ( * ) PLANE_ANGLE_UNIT ( ) SI_UNIT ( $, .RADIAN. ) );
#4664 = FACE_OUTER_BOUND ( 'NONE', #3141, .T. ) ;
#4665 = PRESENTATION_LAYER_ASSIGNMENT (  '', '', ( #255 ) ) ;
#4666 = CARTESIAN_POINT ( 'NONE',  ( -5.044673491250050823, -30.52447819045373834, -7.479848730930570788 ) ) ;
#4667 = CARTESIAN_POINT ( 'NONE',  ( -5.127182851250000617, -30.49030249045373608, -7.479848724955104444 ) ) ;
#4668 = VERTEX_POINT ( 'NONE', #7501 ) ;
#4669 = DIRECTION ( 'NONE',  ( 0.9999999999999962252, 8.742277704085994270E-08, 1.548860246407863928E-14 ) ) ;
#4670 = PRESENTATION_LAYER_ASSIGNMENT (  '', '', ( #2399 ) ) ;
#4671 = EDGE_CURVE ( 'NONE', #7135, #7566, #4197, .T. ) ;
#4672 = CARTESIAN_POINT ( 'NONE',  ( -43.00000000000000000, -40.00000000000000000, 0.000000000000000000 ) ) ;
#4673 = CYLINDRICAL_SURFACE ( 'NONE', #6680, 0.5000000000000004441 ) ;
#4674 = STYLED_ITEM ( 'NONE', ( #671 ), #3370 ) ;
#4675 = CARTESIAN_POINT ( 'NONE',  ( -10.70000624421900071, -8.600012602499997882, 2.000001080000000098 ) ) ;
#4676 = AXIS2_PLACEMENT_3D ( 'NONE', #3125, #5481, #7081 ) ;
#4677 = CYLINDRICAL_SURFACE ( 'NONE', #4327, 1.300000000000002487 ) ;
#4678 = CIRCLE ( 'NONE', #6012, 1.100000000000000311 ) ;
#4679 = CARTESIAN_POINT ( 'NONE',  ( -12.70000732421899947, -6.599995496241980675, -5.979846394892175176 ) ) ;
#4680 = EDGE_LOOP ( 'NONE', ( #5100, #3323, #3102, #7317 ) ) ;
#4681 = DIRECTION ( 'NONE',  ( 0.000000000000000000, 1.748454679999999258E-07, -0.9999999999999846789 ) ) ;
#4682 = LINE ( 'NONE', #584, #5240 ) ;
#4683 =( GEOMETRIC_REPRESENTATION_CONTEXT ( 3 ) GLOBAL_UNCERTAINTY_ASSIGNED_CONTEXT ( ( #7652 ) ) GLOBAL_UNIT_ASSIGNED_CONTEXT ( ( #1360, #2618, #3142 ) ) REPRESENTATION_CONTEXT ( 'NONE', 'WORKASPACE' ) );
#4684 = VECTOR ( 'NONE', #6521, 1000.000000000000114 ) ;
#4685 = ORIENTED_EDGE ( 'NONE', *, *, #5442, .F. ) ;
#4686 = MECHANICAL_DESIGN_GEOMETRIC_PRESENTATION_REPRESENTATION (  '', ( #4919 ), #6145 ) ;
#4687 = EDGE_LOOP ( 'NONE', ( #6983, #1570 ) ) ;
#4688 = MECHANICAL_DESIGN_GEOMETRIC_PRESENTATION_REPRESENTATION (  '', ( #2665 ), #4297 ) ;
#4689 = LINE ( 'NONE', #2835, #5487 ) ;
#4690 = AXIS2_PLACEMENT_3D ( 'NONE', #1024, #2783, #7539 ) ;
#4691 = STYLED_ITEM ( 'NONE', ( #6703 ), #7327 ) ;
#4692 = DIRECTION ( 'NONE',  ( 0.000000000000000000, 0.9999999999999846789, 1.748454679999999258E-07 ) ) ;
#4693 = CARTESIAN_POINT ( 'NONE',  ( 40.00000000000000000, -43.00000000000000000, -2.017369599999999874 ) ) ;
#4694 = ORIENTED_EDGE ( 'NONE', *, *, #5488, .T. ) ;
#4695 = VECTOR ( 'NONE', #2830, 1000.000000000000000 ) ;
#4696 = ADVANCED_FACE ( 'NONE', ( #1653 ), #1198, .F. ) ;
#4697 = ORIENTED_EDGE ( 'NONE', *, *, #6812, .T. ) ;
#4698 = AXIS2_PLACEMENT_3D ( 'NONE', #2542, #1876, #664 ) ;
#4699 = CARTESIAN_POINT ( 'NONE',  ( -17.80000000000000071, 32.39999999999999858, -2.017369599999999874 ) ) ;
#4700 = LINE ( 'NONE', #6464, #4154 ) ;
#4701 = DIRECTION ( 'NONE',  ( 0.9999999999999961142, 8.742277655305796972E-08, 1.515390622692383300E-14 ) ) ;
#4702 = EDGE_CURVE ( 'NONE', #4313, #6242, #3574, .T. ) ;
#4703 = DIRECTION ( 'NONE',  ( 1.000000000000000000, 0.000000000000000000, 0.000000000000000000 ) ) ;
#4704 = SURFACE_STYLE_FILL_AREA ( #7629 ) ;
#4705 = CARTESIAN_POINT ( 'NONE',  ( -43.00000000000000000, 40.00000000000000000, -2.017369599999999874 ) ) ;
#4706 = SURFACE_STYLE_FILL_AREA ( #5878 ) ;
#4707 = DIRECTION ( 'NONE',  ( 0.7071067811865475727, -0.7071067811865366926, -1.236344160825354536E-07 ) ) ;
#4708 = CARTESIAN_POINT ( 'NONE',  ( -12.70000732421899947, -6.600014062499999667, 0.000000000000000000 ) ) ;
#4709 = CYLINDRICAL_SURFACE ( 'NONE', #3479, 1.498841284246002159 ) ;
#4710 = EDGE_CURVE ( 'NONE', #556, #264, #4733, .T. ) ;
#4711 = VERTEX_POINT ( 'NONE', #1123 ) ;
#4712 = VECTOR ( 'NONE', #351, 1000.000000000000000 ) ;
#4713 = DIRECTION ( 'NONE',  ( 0.000000000000000000, 1.748454679999999523E-07, -0.9999999999999847899 ) ) ;
#4714 =( LENGTH_UNIT ( ) NAMED_UNIT ( * ) SI_UNIT ( .MILLI., .METRE. ) );
#4715 = DIRECTION ( 'NONE',  ( 0.000000000000000000, 0.000000000000000000, 1.000000000000000000 ) ) ;
#4716 = MECHANICAL_DESIGN_GEOMETRIC_PRESENTATION_REPRESENTATION (  '', ( #5802 ), #1938 ) ;
#4717 = EDGE_CURVE ( 'NONE', #4946, #396, #4572, .T. ) ;
#4718 = ORIENTED_EDGE ( 'NONE', *, *, #3272, .T. ) ;
#4719 = UNCERTAINTY_MEASURE_WITH_UNIT (LENGTH_MEASURE( 1.000000000000000082E-05 ), #6783, 'distance_accuracy_value', 'NONE');
#4720 = ORIENTED_EDGE ( 'NONE', *, *, #2927, .F. ) ;
#4721 = ORIENTED_EDGE ( 'NONE', *, *, #666, .F. ) ;
#4722 = VECTOR ( 'NONE', #757, 1000.000000000000114 ) ;
#4723 = AXIS2_PLACEMENT_3D ( 'NONE', #7591, #5265, #2851 ) ;
#4724 = DIRECTION ( 'NONE',  ( 0.000000000000000000, 1.000000000000000000, 0.000000000000000000 ) ) ;
#4725 = DIRECTION ( 'NONE',  ( 0.000000000000000000, -1.748454679999999258E-07, 0.9999999999999846789 ) ) ;
#4726 = AXIS2_PLACEMENT_3D ( 'NONE', #332, #95, #2478 ) ;
#4727 = ORIENTED_EDGE ( 'NONE', *, *, #1744, .F. ) ;
#4728 = UNCERTAINTY_MEASURE_WITH_UNIT (LENGTH_MEASURE( 1.000000000000000082E-05 ), #1311, 'distance_accuracy_value', 'NONE');
#4729 = ORIENTED_EDGE ( 'NONE', *, *, #6215, .T. ) ;
#4730 = FILL_AREA_STYLE_COLOUR ( '', #6265 ) ;
#4731 =( GEOMETRIC_REPRESENTATION_CONTEXT ( 3 ) GLOBAL_UNCERTAINTY_ASSIGNED_CONTEXT ( ( #4096 ) ) GLOBAL_UNIT_ASSIGNED_CONTEXT ( ( #1214, #661, #51 ) ) REPRESENTATION_CONTEXT ( 'NONE', 'WORKASPACE' ) );
#4732 = PRESENTATION_STYLE_ASSIGNMENT (( #5869 ) ) ;
#4733 = LINE ( 'NONE', #1228, #7273 ) ;
#4734 = DIRECTION ( 'NONE',  ( -0.9238826834630522455, -0.3826758252060156740, -6.690913375043302168E-08 ) ) ;
#4735 = FACE_OUTER_BOUND ( 'NONE', #407, .T. ) ;
#4736 =( NAMED_UNIT ( * ) SI_UNIT ( $, .STERADIAN. ) SOLID_ANGLE_UNIT ( ) );
#4737 = LINE ( 'NONE', #7225, #1033 ) ;
#4738 = LINE ( 'NONE', #1781, #7255 ) ;
#4739 = ADVANCED_FACE ( 'NONE', ( #6463 ), #7147, .F. ) ;
#4740 = ORIENTED_EDGE ( 'NONE', *, *, #959, .F. ) ;
#4741 = COLOUR_RGB ( '',0.000000000000000000, 0.5019607843137254832, 0.000000000000000000 ) ;
#4742 = FILL_AREA_STYLE ('',( #5811 ) ) ;
#4743 = EDGE_CURVE ( 'NONE', #2020, #2192, #7106, .T. ) ;
#4744 = DIRECTION ( 'NONE',  ( 0.000000000000000000, 0.000000000000000000, -1.000000000000000000 ) ) ;
#4745 = DIRECTION ( 'NONE',  ( 0.000000000000000000, -1.748454679999999258E-07, 0.9999999999999846789 ) ) ;
#4746 = STYLED_ITEM ( 'NONE', ( #4290 ), #1522 ) ;
#4747 = VERTEX_POINT ( 'NONE', #4761 ) ;
#4748 = VERTEX_POINT ( 'NONE', #5334 ) ;
#4749 = ORIENTED_EDGE ( 'NONE', *, *, #7546, .F. ) ;
#4750 = VECTOR ( 'NONE', #6055, 1000.000000000000227 ) ;
#4751 = FACE_OUTER_BOUND ( 'NONE', #3222, .T. ) ;
#4752 = SURFACE_STYLE_USAGE ( .BOTH. , #2991 ) ;
#4753 = EDGE_CURVE ( 'NONE', #2659, #183, #6419, .T. ) ;
#4754 = LINE ( 'NONE', #1112, #1714 ) ;
#4755 = PRESENTATION_STYLE_ASSIGNMENT (( #2877 ) ) ;
#4756 = AXIS2_PLACEMENT_3D ( 'NONE', #5087, #3913, #1059 ) ;
#4757 = ORIENTED_EDGE ( 'NONE', *, *, #3873, .F. ) ;
#4758 = ORIENTED_EDGE ( 'NONE', *, *, #3230, .F. ) ;
#4759 = VECTOR ( 'NONE', #1464, 1000.000000000000000 ) ;
#4760 = CARTESIAN_POINT ( 'NONE',  ( -3.300007324219000004, -34.49999549624155293, -5.979851273080732277 ) ) ;
#4761 = CARTESIAN_POINT ( 'NONE',  ( 0.1902968287500000077, -30.17282281045374148, -7.479848669445221532 ) ) ;
#4762 = CYLINDRICAL_SURFACE ( 'NONE', #1899, 0.7835000000000007514 ) ;
#4763 = CARTESIAN_POINT ( 'NONE',  ( -40.00000000000000000, 0.000000000000000000, 0.000000000000000000 ) ) ;
#4764 = LINE ( 'NONE', #5918, #3486 ) ;
#4765 = SURFACE_STYLE_FILL_AREA ( #5380 ) ;
#4766 = CARTESIAN_POINT ( 'NONE',  ( 18.89999999999999858, 32.39999999999999858, 0.000000000000000000 ) ) ;
#4767 = FACE_BOUND ( 'NONE', #594, .T. ) ;
#4768 =( LENGTH_UNIT ( ) NAMED_UNIT ( * ) SI_UNIT ( .MILLI., .METRE. ) );
#4769 = VECTOR ( 'NONE', #7548, 1000.000000000000227 ) ;
#4770 = SURFACE_STYLE_USAGE ( .BOTH. , #2383 ) ;
#4771 = CARTESIAN_POINT ( 'NONE',  ( -18.30000000000000071, -43.00000000000000000, 0.000000000000000000 ) ) ;
#4772 = PLANE ( 'NONE',  #2329 ) ;
#4773 = ADVANCED_FACE ( 'NONE', ( #2929 ), #5413, .F. ) ;
#4774 = ORIENTED_EDGE ( 'NONE', *, *, #3572, .T. ) ;
#4775 = CARTESIAN_POINT ( 'NONE',  ( -4.775524931250000549, -30.25533217045370904, -7.479848683871609616 ) ) ;
#4776 = DIRECTION ( 'NONE',  ( 0.9238726279500996119, 0.3827001010250355439, 6.691337826737062809E-08 ) ) ;
#4777 = AXIS2_PLACEMENT_3D ( 'NONE', #2562, #5679, #1933 ) ;
#4778 = DIRECTION ( 'NONE',  ( -1.000000000000000000, 0.000000000000000000, 0.000000000000000000 ) ) ;
#4779 = COLOUR_RGB ( '',1.000000000000000000, 1.000000000000000000, 1.000000000000000000 ) ;
#4780 =( NAMED_UNIT ( * ) SI_UNIT ( $, .STERADIAN. ) SOLID_ANGLE_UNIT ( ) );
#4781 = AXIS2_PLACEMENT_3D ( 'NONE', #6202, #862, #302 ) ;
#4782 = AXIS2_PLACEMENT_3D ( 'NONE', #6830, #401, #4560 ) ;
#4783 = EDGE_CURVE ( 'NONE', #1695, #829, #6715, .T. ) ;
#4784 = ORIENTED_EDGE ( 'NONE', *, *, #4980, .F. ) ;
#4785 =( NAMED_UNIT ( * ) PLANE_ANGLE_UNIT ( ) SI_UNIT ( $, .RADIAN. ) );
#4786 = ORIENTED_EDGE ( 'NONE', *, *, #1621, .T. ) ;
#4787 = STYLED_ITEM ( 'NONE', ( #6728 ), #6958 ) ;
#4788 = EDGE_CURVE ( 'NONE', #3519, #2476, #5508, .T. ) ;
#4789 = DIRECTION ( 'NONE',  ( -0.9999999999999961142, -8.742277699999867628E-08, -1.528547635842463284E-14 ) ) ;
#4790 = FILL_AREA_STYLE_COLOUR ( '', #3733 ) ;
#4791 = MECHANICAL_DESIGN_GEOMETRIC_PRESENTATION_REPRESENTATION (  '', ( #43 ), #1903 ) ;
#4792 = STYLED_ITEM ( 'NONE', ( #2323 ), #3220 ) ;
#4793 = PLANE ( 'NONE',  #4577 ) ;
#4794 = EDGE_LOOP ( 'NONE', ( #490, #3759, #7534, #2471, #4523, #3928, #6771, #2065 ) ) ;
#4795 = UNCERTAINTY_MEASURE_WITH_UNIT (LENGTH_MEASURE( 1.000000000000000082E-05 ), #4529, 'distance_accuracy_value', 'NONE');
#4796 = EDGE_CURVE ( 'NONE', #5744, #416, #6071, .T. ) ;
#4797 = ORIENTED_EDGE ( 'NONE', *, *, #13, .T. ) ;
#4798 = ADVANCED_FACE ( 'NONE', ( #680 ), #6146, .T. ) ;
#4799 = FACE_OUTER_BOUND ( 'NONE', #2114, .T. ) ;
#4800 = MECHANICAL_DESIGN_GEOMETRIC_PRESENTATION_REPRESENTATION (  '', ( #164 ), #7132 ) ;
#4801 = DIRECTION ( 'NONE',  ( 0.0007733734047231480583, -0.9999997009467437303, 0.000000000000000000 ) ) ;
#4802 = CARTESIAN_POINT ( 'NONE',  ( 9.756931955780952848, -34.99355891414918318, -5.917369181862057737 ) ) ;
#4803 = VECTOR ( 'NONE', #1838, 1000.000000000000227 ) ;
#4804 =( NAMED_UNIT ( * ) PLANE_ANGLE_UNIT ( ) SI_UNIT ( $, .RADIAN. ) );
#4805 = PRESENTATION_STYLE_ASSIGNMENT (( #3080 ) ) ;
#4806 = PRESENTATION_LAYER_ASSIGNMENT (  '', '', ( #3318 ) ) ;
#4807 = EDGE_CURVE ( 'NONE', #5092, #2901, #1926, .T. ) ;
#4808 = FILL_AREA_STYLE ('',( #3578 ) ) ;
#4809 =( LENGTH_UNIT ( ) NAMED_UNIT ( * ) SI_UNIT ( .MILLI., .METRE. ) );
#4810 = FILL_AREA_STYLE ('',( #5963 ) ) ;
#4811 = VECTOR ( 'NONE', #6210, 1000.000000000000000 ) ;
#4812 =( LENGTH_UNIT ( ) NAMED_UNIT ( * ) SI_UNIT ( .MILLI., .METRE. ) );
#4813 = SURFACE_STYLE_USAGE ( .BOTH. , #2522 ) ;
#4814 = COLOUR_RGB ( '',0.000000000000000000, 0.5019607843137254832, 0.000000000000000000 ) ;
#4815 = SURFACE_STYLE_FILL_AREA ( #3011 ) ;
#4816 = FILL_AREA_STYLE_COLOUR ( '', #4371 ) ;
#4817 = PRESENTATION_LAYER_ASSIGNMENT (  '', '', ( #440 ) ) ;
#4818 = CARTESIAN_POINT ( 'NONE',  ( 0.000000000000000000, 0.000000000000000000, 0.000000000000000000 ) ) ;
#4819 = ORIENTED_EDGE ( 'NONE', *, *, #1612, .F. ) ;
#4820 = CYLINDRICAL_SURFACE ( 'NONE', #6147, 1.498841284246002159 ) ;
#4821 = COLOUR_RGB ( '',0.000000000000000000, 0.5019607843137254832, 0.000000000000000000 ) ;
#4822 = PRESENTATION_STYLE_ASSIGNMENT (( #3133 ) ) ;
#4823 = DIRECTION ( 'NONE',  ( -0.000000000000000000, 0.9999999999999847899, 1.748454679999999523E-07 ) ) ;
#4824 = VERTEX_POINT ( 'NONE', #3745 ) ;
#4825 = FILL_AREA_STYLE ('',( #702 ) ) ;
#4826 = VECTOR ( 'NONE', #864, 1000.000000000000000 ) ;
#4827 = ORIENTED_EDGE ( 'NONE', *, *, #1363, .T. ) ;
#4828 = FILL_AREA_STYLE ('',( #2434 ) ) ;
#4829 = PLANE ( 'NONE',  #5185 ) ;
#4830 = VERTEX_POINT ( 'NONE', #1412 ) ;
#4831 = SURFACE_SIDE_STYLE ('',( #3068 ) ) ;
#4832 = CARTESIAN_POINT ( 'NONE',  ( -40.00000000000000000, 40.00000000000000000, 0.000000000000000000 ) ) ;
#4833 = VECTOR ( 'NONE', #579, 1000.000000000000000 ) ;
#4834 = ADVANCED_FACE ( 'NONE', ( #6110 ), #3816, .T. ) ;
#4835 = LINE ( 'NONE', #2102, #6058 ) ;
#4836 = ORIENTED_EDGE ( 'NONE', *, *, #3322, .T. ) ;
#4837 = ORIENTED_EDGE ( 'NONE', *, *, #2625, .F. ) ;
#4838 = VECTOR ( 'NONE', #683, 1000.000000000000227 ) ;
#4839 = STYLED_ITEM ( 'NONE', ( #7599 ), #5828 ) ;
#4840 = EDGE_LOOP ( 'NONE', ( #1866, #4551, #1398, #261, #714, #6061, #5704, #894, #2788, #2071, #868, #624 ) ) ;
#4841 = FILL_AREA_STYLE ('',( #5445 ) ) ;
#4842 = EDGE_CURVE ( 'NONE', #6705, #5951, #2952, .T. ) ;
#4843 = CARTESIAN_POINT ( 'NONE',  ( -7.500007324219000182, -34.99999575194976131, -4.517370160503488385 ) ) ;
#4844 = FILL_AREA_STYLE ('',( #2448 ) ) ;
#4845 = MECHANICAL_DESIGN_GEOMETRIC_PRESENTATION_REPRESENTATION (  '', ( #6928 ), #3217 ) ;
#4846 = PRESENTATION_LAYER_ASSIGNMENT (  '', '', ( #4461 ) ) ;
#4847 = CYLINDRICAL_SURFACE ( 'NONE', #5942, 2.174999999999999822 ) ;
#4848 = SURFACE_STYLE_FILL_AREA ( #2380 ) ;
#4849 = DIRECTION ( 'NONE',  ( 0.9999999335329464722, -0.0003646012926752482280, 0.000000000000000000 ) ) ;
#4850 = SURFACE_SIDE_STYLE ('',( #4765 ) ) ;
#4851 = CARTESIAN_POINT ( 'NONE',  ( 14.69999999999999929, -43.00000000000000000, -2.017369599999999874 ) ) ;
#4852 = VECTOR ( 'NONE', #6954, 1000.000000000000000 ) ;
#4853 = OPEN_SHELL ( 'NONE', ( #3061, #2938, #3739 ) ) ;
#4854 = FACE_BOUND ( 'NONE', #4518, .T. ) ;
#4855 = ADVANCED_FACE ( 'NONE', ( #2837 ), #1540, .T. ) ;
#4856 =( NAMED_UNIT ( * ) PLANE_ANGLE_UNIT ( ) SI_UNIT ( $, .RADIAN. ) );
#4857 = CARTESIAN_POINT ( 'NONE',  ( -18.30000000000000071, -38.50000000000000000, -2.017369599999999874 ) ) ;
#4858 =( GEOMETRIC_REPRESENTATION_CONTEXT ( 3 ) GLOBAL_UNCERTAINTY_ASSIGNED_CONTEXT ( ( #3148 ) ) GLOBAL_UNIT_ASSIGNED_CONTEXT ( ( #1401, #1330, #791 ) ) REPRESENTATION_CONTEXT ( 'NONE', 'WORKASPACE' ) );
#4859 = MECHANICAL_DESIGN_GEOMETRIC_PRESENTATION_REPRESENTATION (  '', ( #2332 ), #5078 ) ;
#4860 = EDGE_LOOP ( 'NONE', ( #5051, #6133, #198, #7522 ) ) ;
#4861 = DIRECTION ( 'NONE',  ( 0.000000000000000000, -1.748454679999999787E-07, 0.9999999999999849010 ) ) ;
#4862 = CARTESIAN_POINT ( 'NONE',  ( -14.69999999999999929, -38.50000000000000000, 0.000000000000000000 ) ) ;
#4863 = CARTESIAN_POINT ( 'NONE',  ( -9.026568044219001052, -34.99355932359359400, -2.017369181862070260 ) ) ;
#4864 =( NAMED_UNIT ( * ) SI_UNIT ( $, .STERADIAN. ) SOLID_ANGLE_UNIT ( ) );
#4865 = CARTESIAN_POINT ( 'NONE',  ( -9.026568044219001052, -34.99355888647993140, -4.517369181862031624 ) ) ;
#4866 = VERTEX_POINT ( 'NONE', #6259 ) ;
#4867 = VECTOR ( 'NONE', #7269, 1000.000000000000000 ) ;
#4868 = DIRECTION ( 'NONE',  ( 0.000000000000000000, 0.000000000000000000, -1.000000000000000000 ) ) ;
#4869 = UNCERTAINTY_MEASURE_WITH_UNIT (LENGTH_MEASURE( 1.000000000000000082E-05 ), #1594, 'distance_accuracy_value', 'NONE');
#4870 = VERTEX_POINT ( 'NONE', #958 ) ;
#4871 = CARTESIAN_POINT ( 'NONE',  ( -2.201568044218991105, -2.993528314264301660, -5.917363586801731579 ) ) ;
#4872 = EDGE_LOOP ( 'NONE', ( #5192, #6234, #5437, #5182 ) ) ;
#4873 = CARTESIAN_POINT ( 'NONE',  ( -8.501159163987001222, -27.50115916397999527, 0.000000000000000000 ) ) ;
#4874 = SURFACE_SIDE_STYLE ('',( #3771 ) ) ;
#4875 = AXIS2_PLACEMENT_3D ( 'NONE', #1734, #6996, #7556 ) ;
#4876 = EDGE_LOOP ( 'NONE', ( #2780, #6740, #6902, #750 ) ) ;
#4877 = UNCERTAINTY_MEASURE_WITH_UNIT (LENGTH_MEASURE( 1.000000000000000082E-05 ), #6541, 'distance_accuracy_value', 'NONE');
#4878 = VERTEX_POINT ( 'NONE', #279 ) ;
#4879 = EDGE_CURVE ( 'NONE', #7330, #3149, #4200, .T. ) ;
#4880 = CARTESIAN_POINT ( 'NONE',  ( -3.800007324219000004, -34.49999549624155293, -5.979851273080732277 ) ) ;
#4881 = CARTESIAN_POINT ( 'NONE',  ( -7.324219000000000424E-06, -2.999995751950247147, -4.517364565448511726 ) ) ;
#4882 = MECHANICAL_DESIGN_GEOMETRIC_PRESENTATION_REPRESENTATION (  '', ( #6603 ), #238 ) ;
#4883 = SURFACE_SIDE_STYLE ('',( #7262 ) ) ;
#4884 = FILL_AREA_STYLE ('',( #5418 ) ) ;
#4885 = ADVANCED_FACE ( 'NONE', ( #6336 ), #7579, .F. ) ;
#4886 = CARTESIAN_POINT ( 'NONE',  ( -4.809703171250000686, -30.17282281045374148, -7.479848669445221532 ) ) ;
#4887 = DIRECTION ( 'NONE',  ( 1.000000000000000000, 0.000000000000000000, 0.000000000000000000 ) ) ;
#4888 = EDGE_CURVE ( 'NONE', #5534, #2543, #5066, .T. ) ;
#4889 = FACE_OUTER_BOUND ( 'NONE', #4480, .T. ) ;
#4890 = CARTESIAN_POINT ( 'NONE',  ( -5.224510571250000623, -30.25533217045370904, -7.479848683871609616 ) ) ;
#4891 = DIRECTION ( 'NONE',  ( 0.000000000000000000, -1.000000000000000000, 0.000000000000000000 ) ) ;
#4892 = FILL_AREA_STYLE_COLOUR ( '', #2826 ) ;
#4893 = CARTESIAN_POINT ( 'NONE',  ( 12.70099267578100033, -35.79799575194974182, -4.517370300030171038 ) ) ;
#4894 = EDGE_CURVE ( 'NONE', #3705, #5950, #1307, .T. ) ;
#4895 = ORIENTED_EDGE ( 'NONE', *, *, #7447, .T. ) ;
#4896 = PRESENTATION_STYLE_ASSIGNMENT (( #694 ) ) ;
#4897 = VECTOR ( 'NONE', #2119, 1000.000000000000000 ) ;
#4898 = DIRECTION ( 'NONE',  ( 0.000000000000000000, -1.748454679999999787E-07, 0.9999999999999849010 ) ) ;
#4899 = CARTESIAN_POINT ( 'NONE',  ( -10.00000732421900018, -27.49999549624165951, -5.979850049162455328 ) ) ;
#4900 = CARTESIAN_POINT ( 'NONE',  ( 11.69999213578100061, -31.00001352250000153, 2.000001080000000098 ) ) ;
#4901 = PLANE ( 'NONE',  #6144 ) ;
#4902 = ORIENTED_EDGE ( 'NONE', *, *, #6499, .T. ) ;
#4903 = ORIENTED_EDGE ( 'NONE', *, *, #7319, .F. ) ;
#4904 = PRESENTATION_STYLE_ASSIGNMENT (( #1185 ) ) ;
#4905 = DIRECTION ( 'NONE',  ( 0.000000000000000000, -0.9999999999999846789, -1.748454679999999258E-07 ) ) ;
#4906 = ORIENTED_EDGE ( 'NONE', *, *, #7622, .T. ) ;
#4907 = SURFACE_STYLE_FILL_AREA ( #6742 ) ;
#4908 = MECHANICAL_DESIGN_GEOMETRIC_PRESENTATION_REPRESENTATION (  '', ( #2144 ), #7232 ) ;
#4909 = DIRECTION ( 'NONE',  ( 1.000000000000000000, 0.000000000000000000, 0.000000000000000000 ) ) ;
#4910 = LINE ( 'NONE', #2547, #4413 ) ;
#4911 = VECTOR ( 'NONE', #2426, 1000.000000000000227 ) ;
#4912 = PRESENTATION_LAYER_ASSIGNMENT (  '', '', ( #1761 ) ) ;
#4913 = VERTEX_POINT ( 'NONE', #4091 ) ;
#4914 = VECTOR ( 'NONE', #6957, 1000.000000000000000 ) ;
#4915 = VERTEX_POINT ( 'NONE', #24 ) ;
#4916 = FACE_OUTER_BOUND ( 'NONE', #6549, .T. ) ;
#4917 = AXIS2_PLACEMENT_3D ( 'NONE', #1683, #3621, #1640 ) ;
#4918 = MECHANICAL_DESIGN_GEOMETRIC_PRESENTATION_REPRESENTATION (  '', ( #5157 ), #7122 ) ;
#4919 = STYLED_ITEM ( 'NONE', ( #1504 ), #7086 ) ;
#4920 = CARTESIAN_POINT ( 'NONE',  ( 0.1902968287500000077, -30.42715047045373566, -7.479848713913259672 ) ) ;
#4921 = CYLINDRICAL_SURFACE ( 'NONE', #2966, 1.300000000000002487 ) ;
#4922 = EDGE_CURVE ( 'NONE', #3103, #2211, #2325, .T. ) ;
#4923 = VECTOR ( 'NONE', #4271, 1000.000000000000000 ) ;
#4924 = CARTESIAN_POINT ( 'NONE',  ( -12.70000732421899947, -32.00001406250000002, 2.540000000000000036 ) ) ;
#4925 = PLANE ( 'NONE',  #4554 ) ;
#4926 = MECHANICAL_DESIGN_GEOMETRIC_PRESENTATION_REPRESENTATION (  '', ( #4691 ), #1050 ) ;
#4927 = FACE_OUTER_BOUND ( 'NONE', #2988, .T. ) ;
#4928 = CYLINDRICAL_SURFACE ( 'NONE', #551, 2.000729601581999084 ) ;
#4929 = STYLED_ITEM ( 'NONE', ( #7362 ), #3416 ) ;
#4930 = CARTESIAN_POINT ( 'NONE',  ( 43.00000000000000000, 40.00000000000000000, -2.017369599999999874 ) ) ;
#4931 = CARTESIAN_POINT ( 'NONE',  ( 38.69999999999999574, 40.00000000000000000, -2.017369599999999874 ) ) ;
#4932 = CARTESIAN_POINT ( 'NONE',  ( -5.044673491250050823, -30.52447819045373834, -7.479848730930570788 ) ) ;
#4933 = DIRECTION ( 'NONE',  ( 0.000000000000000000, 0.000000000000000000, -1.000000000000000000 ) ) ;
#4934 = EDGE_CURVE ( 'NONE', #1300, #5582, #3563, .T. ) ;
#4935 = STYLED_ITEM ( 'NONE', ( #2485 ), #4568 ) ;
#4936 = CARTESIAN_POINT ( 'NONE',  ( -1.842158015421569922E-05, -30.29998604078384972, -7.479848691679135797 ) ) ;
#4937 = VERTEX_POINT ( 'NONE', #2917 ) ;
#4938 = LINE ( 'NONE', #7158, #794 ) ;
#4939 =( GEOMETRIC_REPRESENTATION_CONTEXT ( 3 ) GLOBAL_UNCERTAINTY_ASSIGNED_CONTEXT ( ( #1795 ) ) GLOBAL_UNIT_ASSIGNED_CONTEXT ( ( #2578, #6739, #7208 ) ) REPRESENTATION_CONTEXT ( 'NONE', 'WORKASPACE' ) );
#4940 = SURFACE_STYLE_FILL_AREA ( #5459 ) ;
#4941 = EDGE_CURVE ( 'NONE', #6976, #4748, #1928, .T. ) ;
#4942 = ORIENTED_EDGE ( 'NONE', *, *, #5269, .F. ) ;
#4943 = ORIENTED_EDGE ( 'NONE', *, *, #5354, .T. ) ;
#4944 = SURFACE_SIDE_STYLE ('',( #3184 ) ) ;
#4945 = SURFACE_STYLE_USAGE ( .BOTH. , #4241 ) ;
#4946 = VERTEX_POINT ( 'NONE', #3489 ) ;
#4947 = CARTESIAN_POINT ( 'NONE',  ( -0.1903348712500000095, -30.17282342241298920, -3.979848049445275482 ) ) ;
#4948 = DIRECTION ( 'NONE',  ( 0.000000000000000000, -1.748454679999999258E-07, 0.9999999999999846789 ) ) ;
#4949 = ADVANCED_FACE ( 'NONE', ( #1693 ), #4793, .T. ) ;
#4950 = FILL_AREA_STYLE_COLOUR ( '', #412 ) ;
#4951 = ORIENTED_EDGE ( 'NONE', *, *, #1315, .T. ) ;
#4952 = UNCERTAINTY_MEASURE_WITH_UNIT (LENGTH_MEASURE( 1.000000000000000082E-05 ), #724, 'distance_accuracy_value', 'NONE');
#4953 = VERTEX_POINT ( 'NONE', #5905 ) ;
#4954 = SURFACE_SIDE_STYLE ('',( #7217 ) ) ;
#4955 = CIRCLE ( 'NONE', #2695, 2.174999999999999822 ) ;
#4956 =( NAMED_UNIT ( * ) PLANE_ANGLE_UNIT ( ) SI_UNIT ( $, .RADIAN. ) );
#4957 = FILL_AREA_STYLE ('',( #2593 ) ) ;
#4958 = AXIS2_PLACEMENT_3D ( 'NONE', #3205, #729, #7272 ) ;
#4959 = SURFACE_STYLE_FILL_AREA ( #1930 ) ;
#4960 = COLOUR_RGB ( '',0.000000000000000000, 0.5019607843137254832, 0.000000000000000000 ) ;
#4961 = SURFACE_STYLE_USAGE ( .BOTH. , #3646 ) ;
#4962 = CARTESIAN_POINT ( 'NONE',  ( 8.425000000000000711, 8.000000000000000000, -2.017369599999999874 ) ) ;
#4963 = CARTESIAN_POINT ( 'NONE',  ( 40.00000000000000000, -43.00000000000000000, -2.017369599999999874 ) ) ;
#4964 = DIRECTION ( 'NONE',  ( 0.000000000000000000, -1.748454679999999258E-07, 0.9999999999999846789 ) ) ;
#4965 = EDGE_LOOP ( 'NONE', ( #1532, #428 ) ) ;
#4966 = CARTESIAN_POINT ( 'NONE',  ( 18.89999999999999858, 32.39999999999999858, -2.017369599999999874 ) ) ;
#4967 = ORIENTED_EDGE ( 'NONE', *, *, #2632, .F. ) ;
#4968 = EDGE_CURVE ( 'NONE', #7330, #5017, #5861, .T. ) ;
#4969 = LINE ( 'NONE', #4862, #4923 ) ;
#4970 =( GEOMETRIC_REPRESENTATION_CONTEXT ( 3 ) GLOBAL_UNCERTAINTY_ASSIGNED_CONTEXT ( ( #632 ) ) GLOBAL_UNIT_ASSIGNED_CONTEXT ( ( #744, #2824, #2153 ) ) REPRESENTATION_CONTEXT ( 'NONE', 'WORKASPACE' ) );
#4971 = SURFACE_STYLE_FILL_AREA ( #2140 ) ;
#4972 = OPEN_SHELL ( 'NONE', ( #3987, #6011, #4442, #1188, #1109, #4405, #41, #5357, #7485, #96, #4189, #2165, #4650, #3731, #1203, #5669 ) ) ;
#4973 = CARTESIAN_POINT ( 'NONE',  ( -5.224510571250000623, -30.34464111045367929, -7.479848699486872476 ) ) ;
#4974 = CARTESIAN_POINT ( 'NONE',  ( 8.977176106171999237, -9.999995971950001561, 1.499998807906999909 ) ) ;
#4975 = VERTEX_POINT ( 'NONE', #7069 ) ;
#4976 = ORIENTED_EDGE ( 'NONE', *, *, #2726, .T. ) ;
#4977 = PRESENTATION_LAYER_ASSIGNMENT (  '', '', ( #1336 ) ) ;
#4978 = ORIENTED_EDGE ( 'NONE', *, *, #2515, .F. ) ;
#4979 = EDGE_CURVE ( 'NONE', #5495, #622, #1727, .T. ) ;
#4980 = EDGE_CURVE ( 'NONE', #2271, #4211, #4136, .T. ) ;
#4981 = FACE_BOUND ( 'NONE', #4794, .T. ) ;
#4982 = DIRECTION ( 'NONE',  ( 0.3827001010250414281, -0.9238726279500855121, -1.615349420063250050E-07 ) ) ;
#4983 =( LENGTH_UNIT ( ) NAMED_UNIT ( * ) SI_UNIT ( .MILLI., .METRE. ) );
#4984 = VECTOR ( 'NONE', #3583, 1000.000000000000000 ) ;
#4985 = ORIENTED_EDGE ( 'NONE', *, *, #1751, .T. ) ;
#4986 = ORIENTED_EDGE ( 'NONE', *, *, #4894, .T. ) ;
#4987 = ADVANCED_FACE ( 'NONE', ( #2993 ), #5367, .F. ) ;
#4988 = VECTOR ( 'NONE', #1498, 1000.000000000000000 ) ;
#4989 = LINE ( 'NONE', #6750, #7400 ) ;
#4990 = CARTESIAN_POINT ( 'NONE',  ( -21.50115916397999882, 39.99884083601299523, -2.017369599999999874 ) ) ;
#4991 =( GEOMETRIC_REPRESENTATION_CONTEXT ( 3 ) GLOBAL_UNCERTAINTY_ASSIGNED_CONTEXT ( ( #6104 ) ) GLOBAL_UNIT_ASSIGNED_CONTEXT ( ( #7363, #7411, #359 ) ) REPRESENTATION_CONTEXT ( 'NONE', 'WORKASPACE' ) );
#4992 = EDGE_LOOP ( 'NONE', ( #7457, #1071, #1334, #4399 ) ) ;
#4993 = CARTESIAN_POINT ( 'NONE',  ( 10.69998116875000171, -8.599984428434160222, -4.517365544581153358 ) ) ;
#4994 = CARTESIAN_POINT ( 'NONE',  ( 12.69998224875000048, -31.99998588843380176, -4.517369635965360786 ) ) ;
#4995 = SURFACE_STYLE_FILL_AREA ( #3328 ) ;
#4996 = FACE_OUTER_BOUND ( 'NONE', #6106, .T. ) ;
#4997 = CARTESIAN_POINT ( 'NONE',  ( -5.000018421580154637, -30.29998604078384972, -7.479848691679135797 ) ) ;
#4998 = PRESENTATION_LAYER_ASSIGNMENT (  '', '', ( #5849 ) ) ;
#4999 = FILL_AREA_STYLE_COLOUR ( '', #4040 ) ;
#5000 = VERTEX_POINT ( 'NONE', #5692 ) ;
#5001 = LINE ( 'NONE', #4340, #170 ) ;
#5002 = SURFACE_STYLE_USAGE ( .BOTH. , #7526 ) ;
#5003 = STYLED_ITEM ( 'NONE', ( #3249 ), #2441 ) ;
#5004 = FACE_OUTER_BOUND ( 'NONE', #2190, .T. ) ;
#5005 = CARTESIAN_POINT ( 'NONE',  ( -9.026568044219001052, -34.99355864169627495, -5.917369181862010663 ) ) ;
#5006 = PRODUCT_RELATED_PRODUCT_CATEGORY ( 'part', '', ( #2839 ) ) ;
#5007 = UNCERTAINTY_MEASURE_WITH_UNIT (LENGTH_MEASURE( 1.000000000000000082E-05 ), #2692, 'distance_accuracy_value', 'NONE');
#5008 = EDGE_LOOP ( 'NONE', ( #2843, #2070, #7693, #6402 ) ) ;
#5009 = FACE_OUTER_BOUND ( 'NONE', #6139, .T. ) ;
#5010 =( LENGTH_UNIT ( ) NAMED_UNIT ( * ) SI_UNIT ( .MILLI., .METRE. ) );
#5011 = ORIENTED_EDGE ( 'NONE', *, *, #6101, .F. ) ;
#5012 = SURFACE_SIDE_STYLE ('',( #6706 ) ) ;
#5013 =( NAMED_UNIT ( * ) PLANE_ANGLE_UNIT ( ) SI_UNIT ( $, .RADIAN. ) );
#5014 = VECTOR ( 'NONE', #7067, 1000.000000000000000 ) ;
#5015 =( NAMED_UNIT ( * ) SI_UNIT ( $, .STERADIAN. ) SOLID_ANGLE_UNIT ( ) );
#5016 = EDGE_CURVE ( 'NONE', #838, #3255, #2060, .T. ) ;
#5017 = VERTEX_POINT ( 'NONE', #5610 ) ;
#5018 = UNCERTAINTY_MEASURE_WITH_UNIT (LENGTH_MEASURE( 1.000000000000000082E-05 ), #1675, 'distance_accuracy_value', 'NONE');
#5019 = ORIENTED_EDGE ( 'NONE', *, *, #5757, .T. ) ;
#5020 = EDGE_LOOP ( 'NONE', ( #1578, #739 ) ) ;
#5021 = MECHANICAL_DESIGN_GEOMETRIC_PRESENTATION_REPRESENTATION (  '', ( #1374 ), #1644 ) ;
#5022 = LINE ( 'NONE', #916, #6191 ) ;
#5023 = PRESENTATION_STYLE_ASSIGNMENT (( #5587 ) ) ;
#5024 =( NAMED_UNIT ( * ) SI_UNIT ( $, .STERADIAN. ) SOLID_ANGLE_UNIT ( ) );
#5025 = EDGE_CURVE ( 'NONE', #4339, #5281, #3876, .T. ) ;
#5026 = EDGE_CURVE ( 'NONE', #4285, #622, #2015, .T. ) ;
#5027 = ORIENTED_EDGE ( 'NONE', *, *, #3206, .T. ) ;
#5028 = FACE_BOUND ( 'NONE', #3919, .T. ) ;
#5029 = AXIS2_PLACEMENT_3D ( 'NONE', #7687, #2364, #6491 ) ;
#5030 = COLOUR_RGB ( '',1.000000000000000000, 1.000000000000000000, 1.000000000000000000 ) ;
#5031 =( NAMED_UNIT ( * ) SI_UNIT ( $, .STERADIAN. ) SOLID_ANGLE_UNIT ( ) );
#5032 = SURFACE_STYLE_USAGE ( .BOTH. , #4443 ) ;
#5033 = MECHANICAL_DESIGN_GEOMETRIC_PRESENTATION_REPRESENTATION (  '', ( #2782 ), #6513 ) ;
#5034 = FILL_AREA_STYLE_COLOUR ( '', #4741 ) ;
#5035 = DIRECTION ( 'NONE',  ( 0.000000000000000000, -1.748454679999999787E-07, 0.9999999999999849010 ) ) ;
#5036 = VECTOR ( 'NONE', #7213, 1000.000000000000000 ) ;
#5037 = DIRECTION ( 'NONE',  ( 0.9999997009467437303, 0.0007733734047254636973, 0.000000000000000000 ) ) ;
#5038 = EDGE_CURVE ( 'NONE', #5143, #2747, #949, .T. ) ;
#5039 = COLOUR_RGB ( '',1.000000000000000000, 1.000000000000000000, 1.000000000000000000 ) ;
#5040 = FACE_OUTER_BOUND ( 'NONE', #819, .T. ) ;
#5041 = ORIENTED_EDGE ( 'NONE', *, *, #6398, .F. ) ;
#5042 = COLOUR_RGB ( '',0.000000000000000000, 0.5019607843137254832, 0.000000000000000000 ) ;
#5043 = FILL_AREA_STYLE_COLOUR ( '', #5651 ) ;
#5044 = AXIS2_PLACEMENT_3D ( 'NONE', #7646, #1066, #2354 ) ;
#5045 = AXIS2_PLACEMENT_3D ( 'NONE', #207, #1309, #3244 ) ;
#5046 = SURFACE_STYLE_FILL_AREA ( #5767 ) ;
#5047 = CARTESIAN_POINT ( 'NONE',  ( -14.69999999999999929, -38.50000000000000000, -2.017369599999999874 ) ) ;
#5048 = COLOUR_RGB ( '',0.000000000000000000, 0.5019607843137254832, 0.000000000000000000 ) ;
#5049 = AXIS2_PLACEMENT_3D ( 'NONE', #3760, #184, #5080 ) ;
#5050 =( NAMED_UNIT ( * ) SI_UNIT ( $, .STERADIAN. ) SOLID_ANGLE_UNIT ( ) );
#5051 = ORIENTED_EDGE ( 'NONE', *, *, #7142, .T. ) ;
#5052 = CYLINDRICAL_SURFACE ( 'NONE', #2796, 1.500000000000000000 ) ;
#5053 =( NAMED_UNIT ( * ) PLANE_ANGLE_UNIT ( ) SI_UNIT ( $, .RADIAN. ) );
#5054 = ORIENTED_EDGE ( 'NONE', *, *, #1963, .T. ) ;
#5055 = STYLED_ITEM ( 'NONE', ( #1820 ), #4557 ) ;
#5056 = DIRECTION ( 'NONE',  ( 0.000000000000000000, 0.000000000000000000, -1.000000000000000000 ) ) ;
#5057 = STYLED_ITEM ( 'NONE', ( #2302 ), #7624 ) ;
#5058 = PRESENTATION_STYLE_ASSIGNMENT (( #6327 ) ) ;
#5059 = EDGE_LOOP ( 'NONE', ( #3402, #3241, #6377, #3470 ) ) ;
#5060 = STYLED_ITEM ( 'NONE', ( #880 ), #4696 ) ;
#5061 = ORIENTED_EDGE ( 'NONE', *, *, #7364, .T. ) ;
#5062 = EDGE_LOOP ( 'NONE', ( #92, #5502 ) ) ;
#5063 = FILL_AREA_STYLE ('',( #408 ) ) ;
#5064 = EDGE_CURVE ( 'NONE', #6165, #6702, #4378, .T. ) ;
#5065 = COLOUR_RGB ( '',0.000000000000000000, 0.5019607843137254832, 0.000000000000000000 ) ;
#5066 = LINE ( 'NONE', #1113, #7150 ) ;
#5067 = DIRECTION ( 'NONE',  ( 0.000000000000000000, 1.748454679999999258E-07, -0.9999999999999846789 ) ) ;
#5068 = EDGE_LOOP ( 'NONE', ( #84, #1451, #6107, #1184 ) ) ;
#5069 = SURFACE_STYLE_FILL_AREA ( #3941 ) ;
#5070 = SURFACE_STYLE_USAGE ( .BOTH. , #5111 ) ;
#5071 = EDGE_CURVE ( 'NONE', #6638, #6869, #1843, .T. ) ;
#5072 =( NAMED_UNIT ( * ) PLANE_ANGLE_UNIT ( ) SI_UNIT ( $, .RADIAN. ) );
#5073 = DIRECTION ( 'NONE',  ( 0.000000000000000000, 1.748454679999999787E-07, -0.9999999999999849010 ) ) ;
#5074 = VECTOR ( 'NONE', #2087, 1000.000000000000000 ) ;
#5075 = LINE ( 'NONE', #7431, #1869 ) ;
#5076 = CARTESIAN_POINT ( 'NONE',  ( 41.30000000000000426, 0.000000000000000000, -2.017369599999999874 ) ) ;
#5077 = ORIENTED_EDGE ( 'NONE', *, *, #4658, .T. ) ;
#5078 =( GEOMETRIC_REPRESENTATION_CONTEXT ( 3 ) GLOBAL_UNCERTAINTY_ASSIGNED_CONTEXT ( ( #7253 ) ) GLOBAL_UNIT_ASSIGNED_CONTEXT ( ( #4065, #7670, #2971 ) ) REPRESENTATION_CONTEXT ( 'NONE', 'WORKASPACE' ) );
#5079 = AXIS2_PLACEMENT_3D ( 'NONE', #6575, #1199, #33 ) ;
#5080 = DIRECTION ( 'NONE',  ( 0.000000000000000000, -1.748454679999999523E-07, 0.9999999999999847899 ) ) ;
#5081 = ORIENTED_EDGE ( 'NONE', *, *, #7103, .T. ) ;
#5082 = EDGE_CURVE ( 'NONE', #6447, #4647, #6175, .T. ) ;
#5083 = CARTESIAN_POINT ( 'NONE',  ( -4.872855191250001106, -30.10967079045374106, -7.479848658403376760 ) ) ;
#5084 = DIRECTION ( 'NONE',  ( 0.000000000000000000, -1.748454679999999787E-07, 0.9999999999999849010 ) ) ;
#5085 = FACE_OUTER_BOUND ( 'NONE', #328, .T. ) ;
#5086 = CARTESIAN_POINT ( 'NONE',  ( -11.20156804421899110, -34.99355883184081506, -5.917369181862043526 ) ) ;
#5087 = CARTESIAN_POINT ( 'NONE',  ( -21.50000000000000000, 38.50000000000000000, -2.017369599999999874 ) ) ;
#5088 = CARTESIAN_POINT ( 'NONE',  ( -10.42656804421899608, -34.99355876408816357, -5.917369181862031979 ) ) ;
#5089 = COLOUR_RGB ( '',0.6431372549019607199, 0.6784313725490196401, 0.6980392156862744724 ) ;
#5090 = COLOUR_RGB ( '',0.6431372549019607199, 0.6784313725490196401, 0.6980392156862744724 ) ;
#5091 = UNCERTAINTY_MEASURE_WITH_UNIT (LENGTH_MEASURE( 1.000000000000000082E-05 ), #1268, 'distance_accuracy_value', 'NONE');
#5092 = VERTEX_POINT ( 'NONE', #3799 ) ;
#5093 = CARTESIAN_POINT ( 'NONE',  ( -18.89999999999999858, 32.39999999999999858, 0.000000000000000000 ) ) ;
#5094 = ORIENTED_EDGE ( 'NONE', *, *, #541, .T. ) ;
#5095 = AXIS2_PLACEMENT_3D ( 'NONE', #2679, #3980, #2716 ) ;
#5096 = LINE ( 'NONE', #4041, #1104 ) ;
#5097 = SURFACE_STYLE_USAGE ( .BOTH. , #6828 ) ;
#5098 = CARTESIAN_POINT ( 'NONE',  ( -9.525000000000000355, 8.000000000000000000, -2.017369599999999874 ) ) ;
#5099 = AXIS2_PLACEMENT_3D ( 'NONE', #1801, #6530, #1758 ) ;
#5100 = ORIENTED_EDGE ( 'NONE', *, *, #2043, .T. ) ;
#5101 = UNCERTAINTY_MEASURE_WITH_UNIT (LENGTH_MEASURE( 1.000000000000000082E-05 ), #593, 'distance_accuracy_value', 'NONE');
#5102 = ORIENTED_EDGE ( 'NONE', *, *, #61, .F. ) ;
#5103 = ORIENTED_EDGE ( 'NONE', *, *, #7296, .F. ) ;
#5104 = FACE_OUTER_BOUND ( 'NONE', #2038, .T. ) ;
#5105 = CARTESIAN_POINT ( 'NONE',  ( -8.500007324219000182, -8.999995751950152112, -4.517365614521319905 ) ) ;
#5106 = PRESENTATION_LAYER_ASSIGNMENT (  '', '', ( #6208 ) ) ;
#5107 = DIRECTION ( 'NONE',  ( 0.000000000000000000, 0.000000000000000000, 1.000000000000000000 ) ) ;
#5108 = ORIENTED_EDGE ( 'NONE', *, *, #271, .F. ) ;
#5109 = EDGE_CURVE ( 'NONE', #5618, #6459, #3215, .T. ) ;
#5110 = FACE_OUTER_BOUND ( 'NONE', #1520, .T. ) ;
#5111 = SURFACE_SIDE_STYLE ('',( #6722 ) ) ;
#5112 = CARTESIAN_POINT ( 'NONE',  ( -0.2245105712499999850, -30.34464111045367929, -7.479848699486872476 ) ) ;
#5113 = DIRECTION ( 'NONE',  ( 0.000000000000000000, -1.748454679999999787E-07, 0.9999999999999849010 ) ) ;
#5114 = CARTESIAN_POINT ( 'NONE',  ( 6.798431955781038205, -34.99355929518127084, -4.517369181862102678 ) ) ;
#5115 = CARTESIAN_POINT ( 'NONE',  ( -0.04467349125005000421, -30.07549255045374181, -7.479848652427466327 ) ) ;
#5116 = FACE_OUTER_BOUND ( 'NONE', #3289, .T. ) ;
#5117 = EDGE_CURVE ( 'NONE', #4126, #731, #4955, .T. ) ;
#5118 = PLANE ( 'NONE',  #3087 ) ;
#5119 = LINE ( 'NONE', #1550, #654 ) ;
#5120 = EDGE_CURVE ( 'NONE', #5655, #3962, #689, .T. ) ;
#5121 = CYLINDRICAL_SURFACE ( 'NONE', #6261, 2.198754738790999586 ) ;
#5122 = ORIENTED_EDGE ( 'NONE', *, *, #292, .T. ) ;
#5123 = CARTESIAN_POINT ( 'NONE',  ( 0.04463544874997000395, -30.07549255045374181, -7.479848652427466327 ) ) ;
#5124 = ORIENTED_EDGE ( 'NONE', *, *, #63, .F. ) ;
#5125 = FILL_AREA_STYLE_COLOUR ( '', #1665 ) ;
#5126 = FILL_AREA_STYLE_COLOUR ( '', #2001 ) ;
#5127 = DIRECTION ( 'NONE',  ( 1.000000000000000000, 0.000000000000000000, 0.000000000000000000 ) ) ;
#5128 = DIRECTION ( 'NONE',  ( 0.000000000000000000, 1.748454679999999787E-07, -0.9999999999999849010 ) ) ;
#5129 = LINE ( 'NONE', #6855, #2749 ) ;
#5130 = AXIS2_PLACEMENT_3D ( 'NONE', #7353, #2014, #3838 ) ;
#5131 = EDGE_CURVE ( 'NONE', #2211, #6823, #4248, .T. ) ;
#5132 = EDGE_CURVE ( 'NONE', #385, #6664, #188, .T. ) ;
#5133 = CARTESIAN_POINT ( 'NONE',  ( 12.70099267578100033, -35.79799549624153343, -5.979851500030148870 ) ) ;
#5134 = ORIENTED_EDGE ( 'NONE', *, *, #2299, .T. ) ;
#5135 = PRESENTATION_STYLE_ASSIGNMENT (( #2541 ) ) ;
#5136 = SURFACE_STYLE_FILL_AREA ( #3921 ) ;
#5137 = ORIENTED_EDGE ( 'NONE', *, *, #527, .F. ) ;
#5138 = COLOUR_RGB ( '',0.000000000000000000, 0.5019607843137254832, 0.000000000000000000 ) ;
#5139 = CYLINDRICAL_SURFACE ( 'NONE', #6944, 3.000000000000000000 ) ;
#5140 = DIRECTION ( 'NONE',  ( 1.000000000000000000, 0.000000000000000000, 0.000000000000000000 ) ) ;
#5141 = FILL_AREA_STYLE ('',( #5741 ) ) ;
#5142 = ORIENTED_EDGE ( 'NONE', *, *, #7581, .T. ) ;
#5143 = VERTEX_POINT ( 'NONE', #5088 ) ;
#5144 = ORIENTED_EDGE ( 'NONE', *, *, #1409, .F. ) ;
#5145 =( LENGTH_UNIT ( ) NAMED_UNIT ( * ) SI_UNIT ( .MILLI., .METRE. ) );
#5146 = VECTOR ( 'NONE', #3403, 1000.000000000000000 ) ;
#5147 = SURFACE_STYLE_USAGE ( .BOTH. , #2713 ) ;
#5148 = CARTESIAN_POINT ( 'NONE',  ( -10.70001667124999933, -8.599984428434160222, -4.517365544581153358 ) ) ;
#5149 = VERTEX_POINT ( 'NONE', #4973 ) ;
#5150 = STYLED_ITEM ( 'NONE', ( #1512 ), #6307 ) ;
#5151 = SURFACE_STYLE_FILL_AREA ( #7510 ) ;
#5152 = CARTESIAN_POINT ( 'NONE',  ( 10.69999159578100034, -8.600012602499997882, 0.000000000000000000 ) ) ;
#5153 = DIRECTION ( 'NONE',  ( 0.9999999999999962252, 8.742277704085994270E-08, 1.548860246407863928E-14 ) ) ;
#5154 =( NAMED_UNIT ( * ) SI_UNIT ( $, .STERADIAN. ) SOLID_ANGLE_UNIT ( ) );
#5155 = DIRECTION ( 'NONE',  ( 0.000000000000000000, -0.9999999999999847899, -1.748454679999999523E-07 ) ) ;
#5156 = VECTOR ( 'NONE', #3294, 1000.000000000000000 ) ;
#5157 = STYLED_ITEM ( 'NONE', ( #1181 ), #3073 ) ;
#5158 = SURFACE_STYLE_USAGE ( .BOTH. , #3948 ) ;
#5159 = CARTESIAN_POINT ( 'NONE',  ( 24.50000000000000000, 43.00000000000000000, 0.000000000000000000 ) ) ;
#5160 = AXIS2_PLACEMENT_3D ( 'NONE', #4994, #177, #1497 ) ;
#5161 = CARTESIAN_POINT ( 'NONE',  ( -10.50125293824899941, -35.80124111027153333, -5.979851500597630043 ) ) ;
#5162 = VERTEX_POINT ( 'NONE', #7446 ) ;
#5163 = DIRECTION ( 'NONE',  ( 0.000000000000000000, -1.748454679999999258E-07, 0.9999999999999846789 ) ) ;
#5164 = CARTESIAN_POINT ( 'NONE',  ( 10.49999267578099982, -37.99999575194970447, -4.517370685039892919 ) ) ;
#5165 = PRESENTATION_LAYER_ASSIGNMENT (  '', '', ( #783 ) ) ;
#5166 = AXIS2_PLACEMENT_3D ( 'NONE', #1957, #123, #2439 ) ;
#5167 = EDGE_CURVE ( 'NONE', #2872, #4711, #4835, .T. ) ;
#5168 = PLANE ( 'NONE',  #5228 ) ;
#5169 = FILL_AREA_STYLE_COLOUR ( '', #836 ) ;
#5170 = CARTESIAN_POINT ( 'NONE',  ( 12.69998224875000048, -31.99998588843380176, -4.517369635965360786 ) ) ;
#5171 = CIRCLE ( 'NONE', #4690, 2.174999999999999822 ) ;
#5172 = ORIENTED_EDGE ( 'NONE', *, *, #432, .F. ) ;
#5173 = CARTESIAN_POINT ( 'NONE',  ( -5.190334871250000148, -30.42715047045373566, -7.479848713913259672 ) ) ;
#5174 = ORIENTED_EDGE ( 'NONE', *, *, #2350, .T. ) ;
#5175 = DIRECTION ( 'NONE',  ( 0.000000000000000000, -1.748454679999999258E-07, 0.9999999999999846789 ) ) ;
#5176 = EDGE_CURVE ( 'NONE', #5542, #3887, #6282, .T. ) ;
#5177 = SURFACE_STYLE_FILL_AREA ( #6289 ) ;
#5178 = LINE ( 'NONE', #510, #5625 ) ;
#5179 = LINE ( 'NONE', #5740, #5589 ) ;
#5180 = DIRECTION ( 'NONE',  ( 6.310887241768095845E-30, -1.748454679999999787E-07, 0.9999999999999847899 ) ) ;
#5181 = AXIS2_PLACEMENT_3D ( 'NONE', #5932, #4861, #2389 ) ;
#5182 = ORIENTED_EDGE ( 'NONE', *, *, #5064, .F. ) ;
#5183 = UNCERTAINTY_MEASURE_WITH_UNIT (LENGTH_MEASURE( 1.000000000000000082E-05 ), #7525, 'distance_accuracy_value', 'NONE');
#5184 = VERTEX_POINT ( 'NONE', #3342 ) ;
#5185 = AXIS2_PLACEMENT_3D ( 'NONE', #7168, #705, #3104 ) ;
#5186 = ORIENTED_EDGE ( 'NONE', *, *, #6159, .T. ) ;
#5187 = DIRECTION ( 'NONE',  ( 0.000000000000000000, 1.748454679999999523E-07, -0.9999999999999847899 ) ) ;
#5188 = CARTESIAN_POINT ( 'NONE',  ( 0.2244750687499999786, -30.34464111045367929, -7.479848699486872476 ) ) ;
#5189 = EDGE_CURVE ( 'NONE', #6420, #2159, #7176, .T. ) ;
#5190 =( LENGTH_UNIT ( ) NAMED_UNIT ( * ) SI_UNIT ( .MILLI., .METRE. ) );
#5191 =( LENGTH_UNIT ( ) NAMED_UNIT ( * ) SI_UNIT ( .MILLI., .METRE. ) );
#5192 = ORIENTED_EDGE ( 'NONE', *, *, #4311, .T. ) ;
#5193 = DIRECTION ( 'NONE',  ( 1.000000000000000000, 0.000000000000000000, 0.000000000000000000 ) ) ;
#5194 = COLOUR_RGB ( '',0.000000000000000000, 0.5019607843137254832, 0.000000000000000000 ) ;
#5195 = DIRECTION ( 'NONE',  ( 0.000000000000000000, 0.000000000000000000, -1.000000000000000000 ) ) ;
#5196 = CARTESIAN_POINT ( 'NONE',  ( -14.69999999999999929, -43.00000000000000000, -2.017369599999999874 ) ) ;
#5197 = CARTESIAN_POINT ( 'NONE',  ( -5.190334871250000148, -30.42715108241298338, -3.979848093913314067 ) ) ;
#5198 = CARTESIAN_POINT ( 'NONE',  ( 10.49999267578099804, -34.99999575194976131, -4.517370160503488385 ) ) ;
#5199 = PRESENTATION_LAYER_ASSIGNMENT (  '', '', ( #4202 ) ) ;
#5200 =( NAMED_UNIT ( * ) PLANE_ANGLE_UNIT ( ) SI_UNIT ( $, .RADIAN. ) );
#5201 = VERTEX_POINT ( 'NONE', #779 ) ;
#5202 = EDGE_LOOP ( 'NONE', ( #2371, #6813, #6331, #3894 ) ) ;
#5203 = FILL_AREA_STYLE ('',( #348 ) ) ;
#5204 = DIRECTION ( 'NONE',  ( 0.000000000000000000, -1.748454679999999258E-07, 0.9999999999999846789 ) ) ;
#5205 = CARTESIAN_POINT ( 'NONE',  ( -10.70000624421900071, -8.600012602499997882, 0.000000000000000000 ) ) ;
#5206 = MECHANICAL_DESIGN_GEOMETRIC_PRESENTATION_REPRESENTATION (  '', ( #3484 ), #2455 ) ;
#5207 = PRESENTATION_LAYER_ASSIGNMENT (  '', '', ( #7295 ) ) ;
#5208 = EDGE_CURVE ( 'NONE', #5582, #6131, #6438, .T. ) ;
#5209 = ORIENTED_EDGE ( 'NONE', *, *, #7524, .T. ) ;
#5210 = PLANE ( 'NONE',  #5522 ) ;
#5211 = FILL_AREA_STYLE ('',( #2268 ) ) ;
#5212 = AXIS2_PLACEMENT_3D ( 'NONE', #7305, #7557, #2757 ) ;
#5213 = LINE ( 'NONE', #475, #3871 ) ;
#5214 = DIRECTION ( 'NONE',  ( 0.000000000000000000, 0.000000000000000000, -1.000000000000000000 ) ) ;
#5215 = ORIENTED_EDGE ( 'NONE', *, *, #947, .F. ) ;
#5216 = EDGE_CURVE ( 'NONE', #6782, #275, #391, .T. ) ;
#5217 = EDGE_LOOP ( 'NONE', ( #974, #150, #3994, #2469 ) ) ;
#5218 = PRESENTATION_LAYER_ASSIGNMENT (  '', '', ( #2574 ) ) ;
#5219 = COLOUR_RGB ( '',1.000000000000000000, 1.000000000000000000, 1.000000000000000000 ) ;
#5220 = CARTESIAN_POINT ( 'NONE',  ( -0.1271828512500000063, -30.10967079045374106, -7.479848658403376760 ) ) ;
#5221 = VERTEX_POINT ( 'NONE', #7531 ) ;
#5222 = EDGE_CURVE ( 'NONE', #7233, #901, #1636, .T. ) ;
#5223 = LINE ( 'NONE', #6256, #3845 ) ;
#5224 = PRESENTATION_LAYER_ASSIGNMENT (  '', '', ( #5807 ) ) ;
#5225 = VERTEX_POINT ( 'NONE', #4001 ) ;
#5226 = EDGE_CURVE ( 'NONE', #3255, #1260, #4070, .T. ) ;
#5227 = EDGE_LOOP ( 'NONE', ( #3150, #3776, #4967, #2374 ) ) ;
#5228 = AXIS2_PLACEMENT_3D ( 'NONE', #7443, #4590, #2185 ) ;
#5229 = DIRECTION ( 'NONE',  ( 0.000000000000000000, 1.748454679999999258E-07, -0.9999999999999846789 ) ) ;
#5230 =( NAMED_UNIT ( * ) SI_UNIT ( $, .STERADIAN. ) SOLID_ANGLE_UNIT ( ) );
#5231 = LINE ( 'NONE', #422, #1160 ) ;
#5232 = FILL_AREA_STYLE ('',( #7042 ) ) ;
#5233 = CARTESIAN_POINT ( 'NONE',  ( -7.324219000000000424E-06, -30.29999575194982597, -4.517369338729788630 ) ) ;
#5234 = FILL_AREA_STYLE ('',( #639 ) ) ;
#5235 = DIRECTION ( 'NONE',  ( 0.000000000000000000, 0.000000000000000000, -1.000000000000000000 ) ) ;
#5236 = CARTESIAN_POINT ( 'NONE',  ( 0.2244750687499999786, -30.34464172241292346, -3.979848079486925982 ) ) ;
#5237 = CARTESIAN_POINT ( 'NONE',  ( -0.02656804421900000115, -2.993528368903417114, -4.517363586801719677 ) ) ;
#5238 = MECHANICAL_DESIGN_GEOMETRIC_PRESENTATION_REPRESENTATION (  '', ( #5977 ), #2996 ) ;
#5239 = SURFACE_STYLE_USAGE ( .BOTH. , #2307 ) ;
#5240 = VECTOR ( 'NONE', #5391, 1000.000000000000227 ) ;
#5241 = VERTEX_POINT ( 'NONE', #4033 ) ;
#5242 =( NAMED_UNIT ( * ) PLANE_ANGLE_UNIT ( ) SI_UNIT ( $, .RADIAN. ) );
#5243 = CARTESIAN_POINT ( 'NONE',  ( -18.30000000000000071, -38.50000000000000000, 0.000000000000000000 ) ) ;
#5244 =( NAMED_UNIT ( * ) SI_UNIT ( $, .STERADIAN. ) SOLID_ANGLE_UNIT ( ) );
#5245 = CARTESIAN_POINT ( 'NONE',  ( -38.69999999999999574, 0.000000000000000000, -2.017369599999999874 ) ) ;
#5246 = EDGE_CURVE ( 'NONE', #20, #7179, #1597, .T. ) ;
#5247 = FILL_AREA_STYLE_COLOUR ( '', #5764 ) ;
#5248 = EDGE_LOOP ( 'NONE', ( #5897, #6293, #1253, #992 ) ) ;
#5249 = UNCERTAINTY_MEASURE_WITH_UNIT (LENGTH_MEASURE( 1.000000000000000082E-05 ), #2742, 'distance_accuracy_value', 'NONE');
#5250 = AXIS2_PLACEMENT_3D ( 'NONE', #7600, #2858, #5841 ) ;
#5251 = EDGE_LOOP ( 'NONE', ( #7492, #5463, #7694, #3768 ) ) ;
#5252 = PRESENTATION_STYLE_ASSIGNMENT (( #5449 ) ) ;
#5253 = VERTEX_POINT ( 'NONE', #5730 ) ;
#5254 = CARTESIAN_POINT ( 'NONE',  ( 12.69998224875000048, -31.99998633254128677, -1.977369635965398942 ) ) ;
#5255 = CARTESIAN_POINT ( 'NONE',  ( -4.955364551250029947, -30.07549316241298598, -3.979848032427520277 ) ) ;
#5256 = EDGE_CURVE ( 'NONE', #6287, #4913, #2188, .T. ) ;
#5257 = CARTESIAN_POINT ( 'NONE',  ( 0.000000000000000000, 2.000000000000000000, -2.017369599999999874 ) ) ;
#5258 = FACE_OUTER_BOUND ( 'NONE', #1191, .T. ) ;
#5259 = ORIENTED_EDGE ( 'NONE', *, *, #6538, .F. ) ;
#5260 = ORIENTED_EDGE ( 'NONE', *, *, #6908, .T. ) ;
#5261 = DIRECTION ( 'NONE',  ( 0.000000000000000000, -1.748454679999999258E-07, 0.9999999999999846789 ) ) ;
#5262 = ADVANCED_FACE ( 'NONE', ( #1060 ), #4677, .F. ) ;
#5263 = CARTESIAN_POINT ( 'NONE',  ( -11.70000678421900098, -7.600012062499999388, 2.000001080000000098 ) ) ;
#5264 = CARTESIAN_POINT ( 'NONE',  ( 9.999992675780999818, -10.49999549624191886, -5.979847076789500449 ) ) ;
#5265 = DIRECTION ( 'NONE',  ( 0.000000000000000000, -1.748454679999999787E-07, 0.9999999999999849010 ) ) ;
#5266 = VECTOR ( 'NONE', #3908, 999.9999999999998863 ) ;
#5267 = FACE_OUTER_BOUND ( 'NONE', #6415, .T. ) ;
#5268 = VECTOR ( 'NONE', #3383, 1000.000000000000000 ) ;
#5269 = EDGE_CURVE ( 'NONE', #7438, #2820, #2143, .T. ) ;
#5270 = CYLINDRICAL_SURFACE ( 'NONE', #5212, 1.499999999999999556 ) ;
#5271 = VECTOR ( 'NONE', #897, 999.9999999999998863 ) ;
#5272 = AXIS2_PLACEMENT_3D ( 'NONE', #4020, #6885, #4580 ) ;
#5273 = DIRECTION ( 'NONE',  ( 0.000000000000000000, -1.748454679999999258E-07, 0.9999999999999846789 ) ) ;
#5274 = ORIENTED_EDGE ( 'NONE', *, *, #4514, .F. ) ;
#5275 = COLOUR_RGB ( '',1.000000000000000000, 0.6078431372549019107, 0.000000000000000000 ) ;
#5276 = FACE_OUTER_BOUND ( 'NONE', #6948, .T. ) ;
#5277 = MECHANICAL_DESIGN_GEOMETRIC_PRESENTATION_REPRESENTATION (  '', ( #5395 ), #6386 ) ;
#5278 = LINE ( 'NONE', #5313, #5983 ) ;
#5279 = VECTOR ( 'NONE', #1247, 1000.000000000000227 ) ;
#5280 = EDGE_LOOP ( 'NONE', ( #5590, #5315, #4774, #4454 ) ) ;
#5281 = VERTEX_POINT ( 'NONE', #5170 ) ;
#5282 = ORIENTED_EDGE ( 'NONE', *, *, #1940, .F. ) ;
#5283 = PRESENTATION_STYLE_ASSIGNMENT (( #484 ) ) ;
#5284 = CARTESIAN_POINT ( 'NONE',  ( 10.50053181571500005, -35.79953441996974561, -4.517370300299201169 ) ) ;
#5285 = FACE_OUTER_BOUND ( 'NONE', #3065, .T. ) ;
#5286 = COLOUR_RGB ( '',0.000000000000000000, 0.5019607843137254832, 0.000000000000000000 ) ;
#5287 = DIRECTION ( 'NONE',  ( 0.000000000000000000, -1.748454679999999258E-07, 0.9999999999999846789 ) ) ;
#5288 = FACE_OUTER_BOUND ( 'NONE', #3367, .T. ) ;
#5289 = EDGE_LOOP ( 'NONE', ( #3701, #274, #2275, #2010 ) ) ;
#5290 = ORIENTED_EDGE ( 'NONE', *, *, #7020, .T. ) ;
#5291 = STYLED_ITEM ( 'NONE', ( #893 ), #7545 ) ;
#5292 = ADVANCED_FACE ( 'NONE', ( #1018 ), #4709, .F. ) ;
#5293 = CARTESIAN_POINT ( 'NONE',  ( -7.324219000000000424E-06, -30.29999549624161403, -5.979850538729765574 ) ) ;
#5294 = CARTESIAN_POINT ( 'NONE',  ( -0.1271828512500000063, -30.49030310241298025, -3.979848104955158394 ) ) ;
#5295 = CARTESIAN_POINT ( 'NONE',  ( -8.501159163987001222, -27.50115916397999527, -2.017369599999999874 ) ) ;
#5296 = PLANE ( 'NONE',  #4161 ) ;
#5297 = DIRECTION ( 'NONE',  ( 0.000000000000000000, 0.000000000000000000, 1.000000000000000000 ) ) ;
#5298 = DIRECTION ( 'NONE',  ( 0.9999999999999961142, 8.742277655305796972E-08, 1.515390622692383300E-14 ) ) ;
#5299 = EDGE_CURVE ( 'NONE', #6374, #1881, #4266, .T. ) ;
#5300 =( NAMED_UNIT ( * ) SI_UNIT ( $, .STERADIAN. ) SOLID_ANGLE_UNIT ( ) );
#5301 = SURFACE_STYLE_USAGE ( .BOTH. , #1131 ) ;
#5302 = SURFACE_STYLE_FILL_AREA ( #2895 ) ;
#5303 = CARTESIAN_POINT ( 'NONE',  ( -17.80000000000000071, 32.39999999999999858, -2.017369599999999874 ) ) ;
#5304 = PRESENTATION_LAYER_ASSIGNMENT (  '', '', ( #6542 ) ) ;
#5305 =( LENGTH_UNIT ( ) NAMED_UNIT ( * ) SI_UNIT ( .MILLI., .METRE. ) );
#5306 = DIRECTION ( 'NONE',  ( 1.000000000000000000, 0.000000000000000000, 0.000000000000000000 ) ) ;
#5307 = APPLICATION_PROTOCOL_DEFINITION ( 'draft international standard', 'automotive_design', 1998, #6878 ) ;
#5308 = ADVANCED_FACE ( 'NONE', ( #3090 ), #4772, .F. ) ;
#5309 = ORIENTED_EDGE ( 'NONE', *, *, #3172, .T. ) ;
#5310 = FACE_OUTER_BOUND ( 'NONE', #2579, .T. ) ;
#5311 =( NAMED_UNIT ( * ) PLANE_ANGLE_UNIT ( ) SI_UNIT ( $, .RADIAN. ) );
#5312 = CARTESIAN_POINT ( 'NONE',  ( -40.00000000000000000, -40.00000000000000000, 0.000000000000000000 ) ) ;
#5313 = CARTESIAN_POINT ( 'NONE',  ( 38.69999999999999574, -40.00000000000000000, -2.017369599999999874 ) ) ;
#5314 = CIRCLE ( 'NONE', #827, 1.300000000000002487 ) ;
#5315 = ORIENTED_EDGE ( 'NONE', *, *, #2915, .T. ) ;
#5316 = ORIENTED_EDGE ( 'NONE', *, *, #1566, .F. ) ;
#5317 = DIRECTION ( 'NONE',  ( 1.000000000000000000, 0.000000000000000000, 0.000000000000000000 ) ) ;
#5318 = ORIENTED_EDGE ( 'NONE', *, *, #5109, .T. ) ;
#5319 = VECTOR ( 'NONE', #3277, 1000.000000000000000 ) ;
#5320 = COLOUR_RGB ( '',0.000000000000000000, 0.5019607843137254832, 0.000000000000000000 ) ;
#5321 =( LENGTH_UNIT ( ) NAMED_UNIT ( * ) SI_UNIT ( .MILLI., .METRE. ) );
#5322 = LINE ( 'NONE', #4090, #4228 ) ;
#5323 = CARTESIAN_POINT ( 'NONE',  ( -41.30000000000000426, 40.00000000000000000, -2.017369599999999874 ) ) ;
#5324 = CARTESIAN_POINT ( 'NONE',  ( 11.69999213578100061, -7.600012062499999388, 2.000001080000000098 ) ) ;
#5325 =( GEOMETRIC_REPRESENTATION_CONTEXT ( 3 ) GLOBAL_UNCERTAINTY_ASSIGNED_CONTEXT ( ( #3706 ) ) GLOBAL_UNIT_ASSIGNED_CONTEXT ( ( #1736, #4663, #1773 ) ) REPRESENTATION_CONTEXT ( 'NONE', 'WORKASPACE' ) );
#5326 = AXIS2_PLACEMENT_3D ( 'NONE', #1810, #718, #3603 ) ;
#5327 = EDGE_LOOP ( 'NONE', ( #4375, #1137, #2051, #6440 ) ) ;
#5328 = UNCERTAINTY_MEASURE_WITH_UNIT (LENGTH_MEASURE( 1.000000000000000082E-05 ), #2194, 'distance_accuracy_value', 'NONE');
#5329 = EDGE_LOOP ( 'NONE', ( #4317, #952, #369, #5427 ) ) ;
#5330 = DIRECTION ( 'NONE',  ( 0.000000000000000000, -1.748454679999999787E-07, 0.9999999999999849010 ) ) ;
#5331 = MECHANICAL_DESIGN_GEOMETRIC_PRESENTATION_REPRESENTATION (  '', ( #5699 ), #2464 ) ;
#5332 = AXIS2_PLACEMENT_3D ( 'NONE', #1426, #3829, #6196 ) ;
#5333 = LINE ( 'NONE', #4699, #2236 ) ;
#5334 = CARTESIAN_POINT ( 'NONE',  ( 8.425000000000000711, 8.000000000000000000, 0.000000000000000000 ) ) ;
#5335 = CARTESIAN_POINT ( 'NONE',  ( 38.69999999999999574, -1.592040838891555891E-16, 0.000000000000000000 ) ) ;
#5336 = CARTESIAN_POINT ( 'NONE',  ( -5.044673491250050823, -30.52447819045373834, -7.479848730930570788 ) ) ;
#5337 = EDGE_CURVE ( 'NONE', #5856, #7312, #5314, .T. ) ;
#5338 =( GEOMETRIC_REPRESENTATION_CONTEXT ( 3 ) GLOBAL_UNCERTAINTY_ASSIGNED_CONTEXT ( ( #3235 ) ) GLOBAL_UNIT_ASSIGNED_CONTEXT ( ( #1256, #5945, #2438 ) ) REPRESENTATION_CONTEXT ( 'NONE', 'WORKASPACE' ) );
#5339 = FACE_OUTER_BOUND ( 'NONE', #6275, .T. ) ;
#5340 = LINE ( 'NONE', #5381, #7623 ) ;
#5341 = SURFACE_SIDE_STYLE ('',( #2894 ) ) ;
#5342 = PRESENTATION_STYLE_ASSIGNMENT (( #2975 ) ) ;
#5343 =( NAMED_UNIT ( * ) PLANE_ANGLE_UNIT ( ) SI_UNIT ( $, .RADIAN. ) );
#5344 = DIRECTION ( 'NONE',  ( 1.000000000000000000, 0.000000000000000000, 0.000000000000000000 ) ) ;
#5345 = SURFACE_SIDE_STYLE ('',( #1313 ) ) ;
#5346 = EDGE_CURVE ( 'NONE', #6053, #4358, #5929, .T. ) ;
#5347 = ADVANCED_FACE ( 'NONE', ( #7196 ), #1238, .T. ) ;
#5348 = EDGE_LOOP ( 'NONE', ( #1981, #6568, #2789, #2729 ) ) ;
#5349 = STYLED_ITEM ( 'NONE', ( #5677 ), #1368 ) ;
#5350 = LINE ( 'NONE', #6593, #2304 ) ;
#5351 = DIRECTION ( 'NONE',  ( 1.000000000000000000, 0.000000000000000000, 0.000000000000000000 ) ) ;
#5352 =( NAMED_UNIT ( * ) PLANE_ANGLE_UNIT ( ) SI_UNIT ( $, .RADIAN. ) );
#5353 = CARTESIAN_POINT ( 'NONE',  ( -40.00000000000000000, -40.00000000000000000, -2.017369599999999874 ) ) ;
#5354 = EDGE_CURVE ( 'NONE', #1948, #6015, #2346, .T. ) ;
#5355 =( NAMED_UNIT ( * ) SI_UNIT ( $, .STERADIAN. ) SOLID_ANGLE_UNIT ( ) );
#5356 = COLOUR_RGB ( '',0.000000000000000000, 0.5019607843137254832, 0.000000000000000000 ) ;
#5357 = ADVANCED_FACE ( 'NONE', ( #2640 ), #3827, .T. ) ;
#5358 = CARTESIAN_POINT ( 'NONE',  ( 12.69999267578099911, -6.600016602499999330, 0.000000000000000000 ) ) ;
#5359 = ORIENTED_EDGE ( 'NONE', *, *, #132, .T. ) ;
#5360 = ORIENTED_EDGE ( 'NONE', *, *, #6485, .T. ) ;
#5361 = COLOUR_RGB ( '',0.000000000000000000, 0.5019607843137254832, 0.000000000000000000 ) ;
#5362 = FACE_OUTER_BOUND ( 'NONE', #1661, .T. ) ;
#5363 = CYLINDRICAL_SURFACE ( 'NONE', #7349, 1.100000000000000311 ) ;
#5364 = PRESENTATION_STYLE_ASSIGNMENT (( #518 ) ) ;
#5365 = CARTESIAN_POINT ( 'NONE',  ( -40.00000000000000000, 0.000000000000000000, -2.017369599999999874 ) ) ;
#5366 = EDGE_CURVE ( 'NONE', #5241, #4830, #576, .T. ) ;
#5367 = PLANE ( 'NONE',  #4440 ) ;
#5368 = CARTESIAN_POINT ( 'NONE',  ( -3.300007324219000004, -34.49999575194976131, -4.517370073080753556 ) ) ;
#5369 = CIRCLE ( 'NONE', #14, 1.100000000000000311 ) ;
#5370 = ORIENTED_EDGE ( 'NONE', *, *, #61, .T. ) ;
#5371 = ORIENTED_EDGE ( 'NONE', *, *, #2310, .F. ) ;
#5372 = LINE ( 'NONE', #29, #963 ) ;
#5373 = STYLED_ITEM ( 'NONE', ( #434 ), #2444 ) ;
#5374 =( LENGTH_UNIT ( ) NAMED_UNIT ( * ) SI_UNIT ( .MILLI., .METRE. ) );
#5375 = DIRECTION ( 'NONE',  ( 1.000000000000000000, 0.000000000000000000, 0.000000000000000000 ) ) ;
#5376 = DIRECTION ( 'NONE',  ( -0.9999999999999962252, -8.742277447234150624E-08, -1.549848670304739938E-14 ) ) ;
#5377 = CARTESIAN_POINT ( 'NONE',  ( -6.851568044219009224, -34.99355913344906099, -2.017369181862036953 ) ) ;
#5378 = SURFACE_SIDE_STYLE ('',( #1703 ) ) ;
#5379 = PRESENTATION_STYLE_ASSIGNMENT (( #1087 ) ) ;
#5380 = FILL_AREA_STYLE ('',( #6543 ) ) ;
#5381 = CARTESIAN_POINT ( 'NONE',  ( -11.70000678421900098, -7.600014602499998162, 2.540000000000000036 ) ) ;
#5382 = SURFACE_STYLE_USAGE ( .BOTH. , #70 ) ;
#5383 = FILL_AREA_STYLE_COLOUR ( '', #2096 ) ;
#5384 = CARTESIAN_POINT ( 'NONE',  ( 7.499992675781004259, -34.99999562409561804, -5.979851360503488422 ) ) ;
#5385 = PRESENTATION_LAYER_ASSIGNMENT (  '', '', ( #1374 ) ) ;
#5386 = ORIENTED_EDGE ( 'NONE', *, *, #2080, .F. ) ;
#5387 = EDGE_CURVE ( 'NONE', #4586, #3705, #180, .T. ) ;
#5388 = VECTOR ( 'NONE', #3787, 1000.000000000000000 ) ;
#5389 = FILL_AREA_STYLE_COLOUR ( '', #723 ) ;
#5390 = LINE ( 'NONE', #5430, #7619 ) ;
#5391 = DIRECTION ( 'NONE',  ( 0.000000000000000000, -1.748454679999999258E-07, 0.9999999999999846789 ) ) ;
#5392 = STYLED_ITEM ( 'NONE', ( #5516 ), #6716 ) ;
#5393 =( NAMED_UNIT ( * ) SI_UNIT ( $, .STERADIAN. ) SOLID_ANGLE_UNIT ( ) );
#5394 = SURFACE_STYLE_USAGE ( .BOTH. , #585 ) ;
#5395 = STYLED_ITEM ( 'NONE', ( #5058 ), #3050 ) ;
#5396 = UNCERTAINTY_MEASURE_WITH_UNIT (LENGTH_MEASURE( 1.000000000000000082E-05 ), #835, 'distance_accuracy_value', 'NONE');
#5397 = VERTEX_POINT ( 'NONE', #2687 ) ;
#5398 = ORIENTED_EDGE ( 'NONE', *, *, #6206, .F. ) ;
#5399 = EDGE_CURVE ( 'NONE', #3970, #4350, #6230, .T. ) ;
#5400 = PLANE ( 'NONE',  #3035 ) ;
#5401 = SURFACE_STYLE_USAGE ( .BOTH. , #6492 ) ;
#5402 = DIRECTION ( 'NONE',  ( 0.000000000000000000, -1.000000000000000000, 0.000000000000000000 ) ) ;
#5403 = STYLED_ITEM ( 'NONE', ( #743 ), #3840 ) ;
#5404 = MECHANICAL_DESIGN_GEOMETRIC_PRESENTATION_REPRESENTATION (  '', ( #2657 ), #6517 ) ;
#5405 = SURFACE_STYLE_USAGE ( .BOTH. , #3030 ) ;
#5406 = AXIS2_PLACEMENT_3D ( 'NONE', #5760, #339, #6348 ) ;
#5407 = ORIENTED_EDGE ( 'NONE', *, *, #7051, .T. ) ;
#5408 = UNCERTAINTY_MEASURE_WITH_UNIT (LENGTH_MEASURE( 1.000000000000000082E-05 ), #1632, 'distance_accuracy_value', 'NONE');
#5409 = ORIENTED_EDGE ( 'NONE', *, *, #3511, .F. ) ;
#5410 = EDGE_CURVE ( 'NONE', #6840, #1260, #7343, .T. ) ;
#5411 = CARTESIAN_POINT ( 'NONE',  ( -1.500007324218994631, -2.999995624096117197, -5.979845765448511763 ) ) ;
#5412 = FILL_AREA_STYLE_COLOUR ( '', #7583 ) ;
#5413 = PLANE ( 'NONE',  #5429 ) ;
#5414 = FILL_AREA_STYLE_COLOUR ( '', #6072 ) ;
#5415 =( LENGTH_UNIT ( ) NAMED_UNIT ( * ) SI_UNIT ( .MILLI., .METRE. ) );
#5416 = COLOUR_RGB ( '',0.000000000000000000, 0.5019607843137254832, 0.000000000000000000 ) ;
#5417 = SHELL_BASED_SURFACE_MODEL ( 'NONE', ( #7065, #3847, #7303, #2847, #2715, #4853, #6197, #6687, #338, #2077, #4972, #5568, #468, #3495, #4343, #1217, #4612 ) );
#5418 = FILL_AREA_STYLE_COLOUR ( '', #4086 ) ;
#5419 = DIRECTION ( 'NONE',  ( 0.000000000000000000, 1.748454679999999787E-07, -0.9999999999999849010 ) ) ;
#5420 = DIRECTION ( 'NONE',  ( -0.0007733734047231489257, 0.9999997009467437303, 0.000000000000000000 ) ) ;
#5421 = VECTOR ( 'NONE', #6170, 1000.000000000000227 ) ;
#5422 = DIRECTION ( 'NONE',  ( 0.000000000000000000, 1.748454679999999523E-07, -0.9999999999999846789 ) ) ;
#5423 = SURFACE_SIDE_STYLE ('',( #4815 ) ) ;
#5424 = CARTESIAN_POINT ( 'NONE',  ( -0.1903348712500000095, -30.42715108241298338, -3.979848093913314067 ) ) ;
#5425 = DIRECTION ( 'NONE',  ( 0.9238726279500996119, -0.3827001010250355439, -6.691337826737062809E-08 ) ) ;
#5426 = MECHANICAL_DESIGN_GEOMETRIC_PRESENTATION_REPRESENTATION (  '', ( #5060 ), #2313 ) ;
#5427 = ORIENTED_EDGE ( 'NONE', *, *, #4888, .F. ) ;
#5428 =( NAMED_UNIT ( * ) PLANE_ANGLE_UNIT ( ) SI_UNIT ( $, .RADIAN. ) );
#5429 = AXIS2_PLACEMENT_3D ( 'NONE', #3712, #7334, #5548 ) ;
#5430 = CARTESIAN_POINT ( 'NONE',  ( -11.70000678421900098, -31.00001606249999497, 2.540000000000000036 ) ) ;
#5431 = CARTESIAN_POINT ( 'NONE',  ( 11.14843195578099078, -34.99355869633539129, -4.517369181861998761 ) ) ;
#5432 = CARTESIAN_POINT ( 'NONE',  ( 21.50115916398700122, 39.99884083601299523, -2.017369599999999874 ) ) ;
#5433 = ORIENTED_EDGE ( 'NONE', *, *, #519, .F. ) ;
#5434 = EDGE_CURVE ( 'NONE', #7438, #7596, #1501, .T. ) ;
#5435 = PRESENTATION_LAYER_ASSIGNMENT (  '', '', ( #73 ) ) ;
#5436 = ORIENTED_EDGE ( 'NONE', *, *, #865, .T. ) ;
#5437 = ORIENTED_EDGE ( 'NONE', *, *, #2260, .F. ) ;
#5438 = CARTESIAN_POINT ( 'NONE',  ( -5.127182851250000617, -30.49030249045373608, -7.479848724955104444 ) ) ;
#5439 = PRESENTATION_LAYER_ASSIGNMENT (  '', '', ( #5802 ) ) ;
#5440 = EDGE_CURVE ( 'NONE', #7155, #2764, #3343, .T. ) ;
#5441 = ORIENTED_EDGE ( 'NONE', *, *, #1535, .F. ) ;
#5442 = EDGE_CURVE ( 'NONE', #6065, #1718, #2047, .T. ) ;
#5443 = ORIENTED_EDGE ( 'NONE', *, *, #3618, .T. ) ;
#5444 = VECTOR ( 'NONE', #1233, 1000.000000000000227 ) ;
#5445 = FILL_AREA_STYLE_COLOUR ( '', #5090 ) ;
#5446 = SURFACE_SIDE_STYLE ('',( #681 ) ) ;
#5447 = EDGE_CURVE ( 'NONE', #416, #7659, #4330, .T. ) ;
#5448 = FACE_OUTER_BOUND ( 'NONE', #5327, .T. ) ;
#5449 = SURFACE_STYLE_USAGE ( .BOTH. , #3084 ) ;
#5450 = VECTOR ( 'NONE', #5746, 1000.000000000000000 ) ;
#5451 = SURFACE_SIDE_STYLE ('',( #1780 ) ) ;
#5452 = PRESENTATION_STYLE_ASSIGNMENT (( #4961 ) ) ;
#5453 = LINE ( 'NONE', #4857, #3532 ) ;
#5454 = COLOUR_RGB ( '',0.000000000000000000, 0.5019607843137254832, 0.000000000000000000 ) ;
#5455 = ORIENTED_EDGE ( 'NONE', *, *, #4753, .F. ) ;
#5456 = PLANE ( 'NONE',  #5049 ) ;
#5457 = PRESENTATION_LAYER_ASSIGNMENT (  '', '', ( #5710 ) ) ;
#5458 = CARTESIAN_POINT ( 'NONE',  ( 0.1902968287500000077, -30.42715047045373566, -7.479848713913259672 ) ) ;
#5459 = FILL_AREA_STYLE ('',( #7314 ) ) ;
#5460 = ORIENTED_EDGE ( 'NONE', *, *, #6002, .T. ) ;
#5461 = AXIS2_PLACEMENT_3D ( 'NONE', #7512, #3371, #5634 ) ;
#5462 = CARTESIAN_POINT ( 'NONE',  ( -4.872855191250001106, -30.10967079045374106, -7.479848658403376760 ) ) ;
#5463 = ORIENTED_EDGE ( 'NONE', *, *, #4275, .T. ) ;
#5464 = CARTESIAN_POINT ( 'NONE',  ( -11.20156804421896268, -34.99355929518127084, -4.517369181862102678 ) ) ;
#5465 = ORIENTED_EDGE ( 'NONE', *, *, #5132, .F. ) ;
#5466 = DIRECTION ( 'NONE',  ( -0.0007733734047254627215, 0.9999997009467437303, 0.000000000000000000 ) ) ;
#5467 = FILL_AREA_STYLE ('',( #4387 ) ) ;
#5468 = ORIENTED_EDGE ( 'NONE', *, *, #6353, .T. ) ;
#5469 = UNCERTAINTY_MEASURE_WITH_UNIT (LENGTH_MEASURE( 1.000000000000000082E-05 ), #6240, 'distance_accuracy_value', 'NONE');
#5470 = AXIS2_PLACEMENT_3D ( 'NONE', #5935, #1246, #3056 ) ;
#5471 = ORIENTED_EDGE ( 'NONE', *, *, #4894, .F. ) ;
#5472 =( LENGTH_UNIT ( ) NAMED_UNIT ( * ) SI_UNIT ( .MILLI., .METRE. ) );
#5473 = EDGE_CURVE ( 'NONE', #2227, #4866, #3203, .T. ) ;
#5474 = VECTOR ( 'NONE', #2226, 1000.000000000000000 ) ;
#5475 = PRESENTATION_STYLE_ASSIGNMENT (( #720 ) ) ;
#5476 =( LENGTH_UNIT ( ) NAMED_UNIT ( * ) SI_UNIT ( .MILLI., .METRE. ) );
#5477 = LINE ( 'NONE', #7220, #1577 ) ;
#5478 =( NAMED_UNIT ( * ) SI_UNIT ( $, .STERADIAN. ) SOLID_ANGLE_UNIT ( ) );
#5479 = EDGE_CURVE ( 'NONE', #1682, #4975, #3790, .T. ) ;
#5480 = DIRECTION ( 'NONE',  ( 1.000000000000000000, 0.000000000000000000, 0.000000000000000000 ) ) ;
#5481 = DIRECTION ( 'NONE',  ( -0.9999999976540228097, -6.849784215730056578E-05, -1.197653726898352344E-11 ) ) ;
#5482 = CARTESIAN_POINT ( 'NONE',  ( -40.00000000000000000, -40.00000000000000000, 0.000000000000000000 ) ) ;
#5483 =( NAMED_UNIT ( * ) SI_UNIT ( $, .STERADIAN. ) SOLID_ANGLE_UNIT ( ) );
#5484 = CARTESIAN_POINT ( 'NONE',  ( -5.224510571250000623, -30.29998598241298424, -3.979848071679071619 ) ) ;
#5485 = ORIENTED_EDGE ( 'NONE', *, *, #3582, .T. ) ;
#5486 = SURFACE_STYLE_FILL_AREA ( #253 ) ;
#5487 = VECTOR ( 'NONE', #2793, 1000.000000000000227 ) ;
#5488 = EDGE_CURVE ( 'NONE', #446, #20, #291, .T. ) ;
#5489 = CARTESIAN_POINT ( 'NONE',  ( -20.00000000000000000, 32.39999999999999858, 0.000000000000000000 ) ) ;
#5490 = DIRECTION ( 'NONE',  ( 0.000000000000000000, -1.748454679999999258E-07, 0.9999999999999846789 ) ) ;
#5491 = ORIENTED_EDGE ( 'NONE', *, *, #7496, .T. ) ;
#5492 = ORIENTED_EDGE ( 'NONE', *, *, #4614, .F. ) ;
#5493 = SURFACE_STYLE_FILL_AREA ( #4424 ) ;
#5494 = FACE_OUTER_BOUND ( 'NONE', #1920, .T. ) ;
#5495 = VERTEX_POINT ( 'NONE', #6082 ) ;
#5496 = VECTOR ( 'NONE', #1310, 1000.000000000000227 ) ;
#5497 = DIRECTION ( 'NONE',  ( 0.000000000000000000, 1.748454679999999258E-07, -0.9999999999999846789 ) ) ;
#5498 =( GEOMETRIC_REPRESENTATION_CONTEXT ( 3 ) GLOBAL_UNCERTAINTY_ASSIGNED_CONTEXT ( ( #6868 ) ) GLOBAL_UNIT_ASSIGNED_CONTEXT ( ( #1942, #3055, #655 ) ) REPRESENTATION_CONTEXT ( 'NONE', 'WORKASPACE' ) );
#5499 = MECHANICAL_DESIGN_GEOMETRIC_PRESENTATION_REPRESENTATION (  '', ( #5888 ), #4039 ) ;
#5500 = ORIENTED_EDGE ( 'NONE', *, *, #7681, .T. ) ;
#5501 = AXIS2_PLACEMENT_3D ( 'NONE', #4936, #1381, #1971 ) ;
#5502 = ORIENTED_EDGE ( 'NONE', *, *, #5778, .F. ) ;
#5503 = ORIENTED_EDGE ( 'NONE', *, *, #6151, .T. ) ;
#5504 = CIRCLE ( 'NONE', #7634, 1.100000000000000311 ) ;
#5505 = DIRECTION ( 'NONE',  ( 1.000000000000000000, 0.000000000000000000, 0.000000000000000000 ) ) ;
#5506 = COLOUR_RGB ( '',0.6431372549019607199, 0.6784313725490196401, 0.6980392156862744724 ) ;
#5507 = CIRCLE ( 'NONE', #6644, 2.174999999999999822 ) ;
#5508 = LINE ( 'NONE', #4291, #5791 ) ;
#5509 = FILL_AREA_STYLE ('',( #5414 ) ) ;
#5510 = VECTOR ( 'NONE', #5163, 1000.000000000000227 ) ;
#5511 = CIRCLE ( 'NONE', #5166, 1.498841284246000605 ) ;
#5512 = EDGE_CURVE ( 'NONE', #2747, #5143, #5937, .T. ) ;
#5513 = SURFACE_STYLE_USAGE ( .BOTH. , #6655 ) ;
#5514 = FACE_OUTER_BOUND ( 'NONE', #7072, .T. ) ;
#5515 = COLOUR_RGB ( '',0.000000000000000000, 0.5019607843137254832, 0.000000000000000000 ) ;
#5516 = PRESENTATION_STYLE_ASSIGNMENT (( #5032 ) ) ;
#5517 =( NAMED_UNIT ( * ) SI_UNIT ( $, .STERADIAN. ) SOLID_ANGLE_UNIT ( ) );
#5518 = DIRECTION ( 'NONE',  ( 0.000000000000000000, -1.748454679999999258E-07, 0.9999999999999846789 ) ) ;
#5519 = LINE ( 'NONE', #3089, #243 ) ;
#5520 = AXIS2_PLACEMENT_3D ( 'NONE', #4497, #5687, #1552 ) ;
#5521 = EDGE_CURVE ( 'NONE', #240, #4668, #5550, .T. ) ;
#5522 = AXIS2_PLACEMENT_3D ( 'NONE', #3410, #3195, #4326 ) ;
#5523 = EDGE_CURVE ( 'NONE', #4356, #4006, #5546, .T. ) ;
#5524 = VERTEX_POINT ( 'NONE', #6306 ) ;
#5525 = AXIS2_PLACEMENT_3D ( 'NONE', #4818, #6005, #3617 ) ;
#5526 = PLANE ( 'NONE',  #6758 ) ;
#5527 =( LENGTH_UNIT ( ) NAMED_UNIT ( * ) SI_UNIT ( .MILLI., .METRE. ) );
#5528 = DIRECTION ( 'NONE',  ( 0.000000000000000000, 1.748454679999999787E-07, -0.9999999999999849010 ) ) ;
#5529 = DIRECTION ( 'NONE',  ( 0.9238726279500996119, -0.3827001010250355439, -6.691337826737064132E-08 ) ) ;
#5530 = CARTESIAN_POINT ( 'NONE',  ( -14.69999999999999929, -43.20000000000000284, -2.017369599999999874 ) ) ;
#5531 = ORIENTED_EDGE ( 'NONE', *, *, #1204, .T. ) ;
#5532 = EDGE_CURVE ( 'NONE', #673, #5706, #6888, .T. ) ;
#5533 = UNCERTAINTY_MEASURE_WITH_UNIT (LENGTH_MEASURE( 1.000000000000000082E-05 ), #5846, 'distance_accuracy_value', 'NONE');
#5534 = VERTEX_POINT ( 'NONE', #1547 ) ;
#5535 = VECTOR ( 'NONE', #204, 1000.000000000000000 ) ;
#5536 = SURFACE_STYLE_FILL_AREA ( #2435 ) ;
#5537 = ORIENTED_EDGE ( 'NONE', *, *, #6681, .T. ) ;
#5538 = DIRECTION ( 'NONE',  ( 0.000000000000000000, 0.000000000000000000, -1.000000000000000000 ) ) ;
#5539 = FACE_OUTER_BOUND ( 'NONE', #590, .T. ) ;
#5540 = SURFACE_STYLE_FILL_AREA ( #3189 ) ;
#5541 = FACE_OUTER_BOUND ( 'NONE', #581, .T. ) ;
#5542 = VERTEX_POINT ( 'NONE', #3946 ) ;
#5543 = UNCERTAINTY_MEASURE_WITH_UNIT (LENGTH_MEASURE( 1.000000000000000082E-05 ), #6763, 'distance_accuracy_value', 'NONE');
#5544 = EDGE_LOOP ( 'NONE', ( #1617, #1808, #3358, #7356 ) ) ;
#5545 = DIRECTION ( 'NONE',  ( -0.000000000000000000, 1.000000000000000000, 0.000000000000000000 ) ) ;
#5546 = CIRCLE ( 'NONE', #1817, 1.498841284246000383 ) ;
#5547 = LINE ( 'NONE', #4394, #7221 ) ;
#5548 = DIRECTION ( 'NONE',  ( 0.000000000000000000, 0.9999999999999847899, 1.748454679999999523E-07 ) ) ;
#5549 = SURFACE_STYLE_USAGE ( .BOTH. , #6613 ) ;
#5550 = CIRCLE ( 'NONE', #1200, 2.174999999999999822 ) ;
#5551 = DIRECTION ( 'NONE',  ( -0.9238826834630522455, -0.3826758252060156740, -6.690913375043302168E-08 ) ) ;
#5552 = SURFACE_STYLE_USAGE ( .BOTH. , #4402 ) ;
#5553 =( NAMED_UNIT ( * ) PLANE_ANGLE_UNIT ( ) SI_UNIT ( $, .RADIAN. ) );
#5554 = SURFACE_STYLE_USAGE ( .BOTH. , #7386 ) ;
#5555 = AXIS2_PLACEMENT_3D ( 'NONE', #7464, #846, #3243 ) ;
#5556 = CIRCLE ( 'NONE', #1085, 1.400000000000000355 ) ;
#5557 = EDGE_CURVE ( 'NONE', #2765, #3545, #7627, .T. ) ;
#5558 = FACE_OUTER_BOUND ( 'NONE', #3448, .T. ) ;
#5559 = DIRECTION ( 'NONE',  ( -0.9999997009467437303, -0.0007733734047231489257, -1.352209101274060492E-10 ) ) ;
#5560 = CARTESIAN_POINT ( 'NONE',  ( 0.7569319557809526255, -2.993528396572666672, -5.917363586801745790 ) ) ;
#5561 = DIRECTION ( 'NONE',  ( 0.000000000000000000, 1.748454679999999523E-07, -0.9999999999999847899 ) ) ;
#5562 = STYLED_ITEM ( 'NONE', ( #489 ), #711 ) ;
#5563 = CARTESIAN_POINT ( 'NONE',  ( -11.70000678421900098, -7.600014602499998162, 0.000000000000000000 ) ) ;
#5564 = ORIENTED_EDGE ( 'NONE', *, *, #6711, .F. ) ;
#5565 = DIRECTION ( 'NONE',  ( -0.9999999999999962252, -8.742277447234170476E-08, -1.549848670304743409E-14 ) ) ;
#5566 = ORIENTED_EDGE ( 'NONE', *, *, #7096, .F. ) ;
#5567 = EDGE_CURVE ( 'NONE', #1533, #5253, #458, .T. ) ;
#5568 = OPEN_SHELL ( 'NONE', ( #5308, #2444, #7191, #6753 ) ) ;
#5569 = DIRECTION ( 'NONE',  ( 0.9999999999999961142, 8.742277695184497234E-08, 1.515390622692383300E-14 ) ) ;
#5570 = DIRECTION ( 'NONE',  ( 0.000000000000000000, 0.000000000000000000, -1.000000000000000000 ) ) ;
#5571 = VERTEX_POINT ( 'NONE', #377 ) ;
#5572 =( GEOMETRIC_REPRESENTATION_CONTEXT ( 3 ) GLOBAL_UNCERTAINTY_ASSIGNED_CONTEXT ( ( #6496 ) ) GLOBAL_UNIT_ASSIGNED_CONTEXT ( ( #6201, #5607, #2652 ) ) REPRESENTATION_CONTEXT ( 'NONE', 'WORKASPACE' ) );
#5573 = CARTESIAN_POINT ( 'NONE',  ( 9.499991455780998351, -28.49999453194999788, 1.599998607906999881 ) ) ;
#5574 = FILL_AREA_STYLE_COLOUR ( '', #2036 ) ;
#5575 = ORIENTED_EDGE ( 'NONE', *, *, #3028, .F. ) ;
#5576 = FILL_AREA_STYLE_COLOUR ( '', #1530 ) ;
#5577 = EDGE_CURVE ( 'NONE', #3407, #3334, #7471, .T. ) ;
#5578 = DIRECTION ( 'NONE',  ( 0.000000000000000000, -1.748454679999999787E-07, 0.9999999999999849010 ) ) ;
#5579 = ADVANCED_FACE ( 'NONE', ( #4664 ), #5756, .F. ) ;
#5580 = CARTESIAN_POINT ( 'NONE',  ( 0.1902968287500000077, -30.42715047045373566, -7.479848713913259672 ) ) ;
#5581 = SURFACE_SIDE_STYLE ('',( #837 ) ) ;
#5582 = VERTEX_POINT ( 'NONE', #4022 ) ;
#5583 = ORIENTED_EDGE ( 'NONE', *, *, #3997, .T. ) ;
#5584 = EDGE_LOOP ( 'NONE', ( #4902, #4943, #4130, #7499 ) ) ;
#5585 = CARTESIAN_POINT ( 'NONE',  ( 11.69999213578100061, -7.600014602499998162, 0.000000000000000000 ) ) ;
#5586 = EDGE_CURVE ( 'NONE', #264, #4430, #424, .T. ) ;
#5587 = SURFACE_STYLE_USAGE ( .BOTH. , #3240 ) ;
#5588 = DIRECTION ( 'NONE',  ( 0.9999999335329465833, -0.0003646012926775833826, -6.374908238904735300E-11 ) ) ;
#5589 = VECTOR ( 'NONE', #2784, 1000.000000000000227 ) ;
#5590 = ORIENTED_EDGE ( 'NONE', *, *, #2212, .T. ) ;
#5591 = FACE_OUTER_BOUND ( 'NONE', #6834, .T. ) ;
#5592 = CARTESIAN_POINT ( 'NONE',  ( -5.000736792818000431, -4.599266027643010624, -5.979846045073694327 ) ) ;
#5593 = FILL_AREA_STYLE ('',( #4483 ) ) ;
#5594 = SURFACE_STYLE_USAGE ( .BOTH. , #4444 ) ;
#5595 = VECTOR ( 'NONE', #578, 1000.000000000000000 ) ;
#5596 = SURFACE_SIDE_STYLE ('',( #4995 ) ) ;
#5597 = LINE ( 'NONE', #6764, #3781 ) ;
#5598 = DIRECTION ( 'NONE',  ( -1.000000000000000000, 0.000000000000000000, 0.000000000000000000 ) ) ;
#5599 = FILL_AREA_STYLE_COLOUR ( '', #6791 ) ;
#5600 = COLOUR_RGB ( '',1.000000000000000000, 0.6078431372549019107, 0.000000000000000000 ) ;
#5601 = ORIENTED_EDGE ( 'NONE', *, *, #1777, .T. ) ;
#5602 = SURFACE_SIDE_STYLE ('',( #855 ) ) ;
#5603 = ORIENTED_EDGE ( 'NONE', *, *, #6943, .F. ) ;
#5604 = ORIENTED_EDGE ( 'NONE', *, *, #4432, .F. ) ;
#5605 = SURFACE_SIDE_STYLE ('',( #6893 ) ) ;
#5606 = CARTESIAN_POINT ( 'NONE',  ( -9.500006104219000491, -28.49999453194999788, 1.599998607906999881 ) ) ;
#5607 =( NAMED_UNIT ( * ) PLANE_ANGLE_UNIT ( ) SI_UNIT ( $, .RADIAN. ) );
#5608 = MECHANICAL_DESIGN_GEOMETRIC_PRESENTATION_REPRESENTATION (  '', ( #5003 ), #1007 ) ;
#5609 = PRESENTATION_STYLE_ASSIGNMENT (( #2571 ) ) ;
#5610 = CARTESIAN_POINT ( 'NONE',  ( 1.499992675781000040, -2.999995496242035209, -5.979845765448489558 ) ) ;
#5611 = UNCERTAINTY_MEASURE_WITH_UNIT (LENGTH_MEASURE( 1.000000000000000082E-05 ), #3904, 'distance_accuracy_value', 'NONE');
#5612 = EDGE_CURVE ( 'NONE', #7566, #7135, #3719, .T. ) ;
#5613 = ORIENTED_EDGE ( 'NONE', *, *, #7050, .F. ) ;
#5614 = DIRECTION ( 'NONE',  ( 1.000000000000000000, 0.000000000000000000, 0.000000000000000000 ) ) ;
#5615 = EDGE_LOOP ( 'NONE', ( #892, #6299, #2223, #7641 ) ) ;
#5616 = CARTESIAN_POINT ( 'NONE',  ( 12.69999267578099911, -32.00001406250000002, 0.000000000000000000 ) ) ;
#5617 =( LENGTH_UNIT ( ) NAMED_UNIT ( * ) SI_UNIT ( .MILLI., .METRE. ) );
#5618 = VERTEX_POINT ( 'NONE', #1668 ) ;
#5619 = UNCERTAINTY_MEASURE_WITH_UNIT (LENGTH_MEASURE( 1.000000000000000082E-05 ), #6482, 'distance_accuracy_value', 'NONE');
#5620 = EDGE_CURVE ( 'NONE', #4269, #6224, #2296, .T. ) ;
#5621 = ORIENTED_EDGE ( 'NONE', *, *, #2979, .T. ) ;
#5622 = ORIENTED_EDGE ( 'NONE', *, *, #3918, .T. ) ;
#5623 =( LENGTH_UNIT ( ) NAMED_UNIT ( * ) SI_UNIT ( .MILLI., .METRE. ) );
#5624 = CARTESIAN_POINT ( 'NONE',  ( 10.69999159578100034, -30.00001298249999593, 1.499999539999999909 ) ) ;
#5625 = VECTOR ( 'NONE', #1102, 1000.000000000000000 ) ;
#5626 = VECTOR ( 'NONE', #178, 999.9999999999998863 ) ;
#5627 = DIRECTION ( 'NONE',  ( -0.0003646012926752482280, -0.9999999335329464722, 0.000000000000000000 ) ) ;
#5628 = MECHANICAL_DESIGN_GEOMETRIC_PRESENTATION_REPRESENTATION (  '', ( #6135 ), #2906 ) ;
#5629 = ORIENTED_EDGE ( 'NONE', *, *, #957, .T. ) ;
#5630 = EDGE_CURVE ( 'NONE', #5970, #5017, #4088, .T. ) ;
#5631 = FILL_AREA_STYLE_COLOUR ( '', #3356 ) ;
#5632 = PRESENTATION_LAYER_ASSIGNMENT (  '', '', ( #3432 ) ) ;
#5633 = AXIS2_PLACEMENT_3D ( 'NONE', #2213, #2756, #1080 ) ;
#5634 = DIRECTION ( 'NONE',  ( 1.000000000000000000, 0.000000000000000000, 0.000000000000000000 ) ) ;
#5635 = CARTESIAN_POINT ( 'NONE',  ( 0.1271448087500000046, -30.49030249045373608, -7.479848724955104444 ) ) ;
#5636 = SURFACE_STYLE_FILL_AREA ( #7516 ) ;
#5637 = DIRECTION ( 'NONE',  ( 0.9999999999999961142, 8.742277655305796972E-08, 1.535329972990967195E-14 ) ) ;
#5638 = AXIS2_PLACEMENT_3D ( 'NONE', #6926, #7435, #3332 ) ;
#5639 = CARTESIAN_POINT ( 'NONE',  ( 11.14843195578099078, -34.99355845155173483, -5.917369181861976912 ) ) ;
#5640 = DIRECTION ( 'NONE',  ( 0.000000000000000000, 1.748454679999999787E-07, -0.9999999999999849010 ) ) ;
#5641 = CARTESIAN_POINT ( 'NONE',  ( -9.000007324219000182, -34.99999575194976131, -4.517370160503488385 ) ) ;
#5642 = EDGE_LOOP ( 'NONE', ( #2566, #1021 ) ) ;
#5643 = MECHANICAL_DESIGN_GEOMETRIC_PRESENTATION_REPRESENTATION (  '', ( #3305 ), #540 ) ;
#5644 = ORIENTED_EDGE ( 'NONE', *, *, #6863, .F. ) ;
#5645 = COLOUR_RGB ( '',0.000000000000000000, 0.5019607843137254832, 0.000000000000000000 ) ;
#5646 = LINE ( 'NONE', #1511, #49 ) ;
#5647 = CARTESIAN_POINT ( 'NONE',  ( 12.69998224875000048, -31.99998588843380176, -4.517369635965360786 ) ) ;
#5648 = STYLED_ITEM ( 'NONE', ( #5135 ), #7376 ) ;
#5649 = SURFACE_SIDE_STYLE ('',( #2734 ) ) ;
#5650 =( NAMED_UNIT ( * ) PLANE_ANGLE_UNIT ( ) SI_UNIT ( $, .RADIAN. ) );
#5651 = COLOUR_RGB ( '',0.6431372549019607199, 0.6784313725490196401, 0.6980392156862744724 ) ;
#5652 = EDGE_LOOP ( 'NONE', ( #7062, #4836, #7320, #6525 ) ) ;
#5653 = DIRECTION ( 'NONE',  ( 0.000000000000000000, 1.000000000000000000, 0.000000000000000000 ) ) ;
#5654 = DIRECTION ( 'NONE',  ( 0.000000000000000000, 1.748454679999999787E-07, -0.9999999999999849010 ) ) ;
#5655 = VERTEX_POINT ( 'NONE', #6271 ) ;
#5656 = CARTESIAN_POINT ( 'NONE',  ( -18.89999999999999858, 32.39999999999999858, 0.000000000000000000 ) ) ;
#5657 = PRESENTATION_LAYER_ASSIGNMENT (  '', '', ( #4935 ) ) ;
#5658 = DIRECTION ( 'NONE',  ( -0.9999999999999962252, -8.742277447234170476E-08, -1.549848670304743409E-14 ) ) ;
#5659 = DIRECTION ( 'NONE',  ( 0.000000000000000000, 0.000000000000000000, 1.000000000000000000 ) ) ;
#5660 = EDGE_CURVE ( 'NONE', #2922, #7144, #6312, .T. ) ;
#5661 = SURFACE_STYLE_FILL_AREA ( #5141 ) ;
#5662 = EDGE_LOOP ( 'NONE', ( #933, #912, #3336, #1922 ) ) ;
#5663 = VERTEX_POINT ( 'NONE', #2723 ) ;
#5664 = ORIENTED_EDGE ( 'NONE', *, *, #3981, .T. ) ;
#5665 = DIRECTION ( 'NONE',  ( 0.000000000000000000, -1.748454679999999787E-07, 0.9999999999999849010 ) ) ;
#5666 = FILL_AREA_STYLE_COLOUR ( '', #2264 ) ;
#5667 = LINE ( 'NONE', #324, #6570 ) ;
#5668 = VECTOR ( 'NONE', #7615, 1000.000000000000000 ) ;
#5669 = ADVANCED_FACE ( 'NONE', ( #5116 ), #1164, .T. ) ;
#5670 = DIRECTION ( 'NONE',  ( -0.0002450122208222584464, -0.9999999699844900336, -1.748454628237358189E-07 ) ) ;
#5671 = CARTESIAN_POINT ( 'NONE',  ( 2.999992675781000262, -4.599995496242009985, -5.979846045201238525 ) ) ;
#5672 = EDGE_CURVE ( 'NONE', #2182, #385, #1126, .T. ) ;
#5673 = ORIENTED_EDGE ( 'NONE', *, *, #2592, .F. ) ;
#5674 = LINE ( 'NONE', #329, #5319 ) ;
#5675 = FILL_AREA_STYLE ('',( #7304 ) ) ;
#5676 = EDGE_CURVE ( 'NONE', #2777, #2751, #4764, .T. ) ;
#5677 = PRESENTATION_STYLE_ASSIGNMENT (( #245 ) ) ;
#5678 = DIRECTION ( 'NONE',  ( -1.000000000000000000, 0.000000000000000000, 0.000000000000000000 ) ) ;
#5679 = DIRECTION ( 'NONE',  ( 0.000000000000000000, 0.000000000000000000, 1.000000000000000000 ) ) ;
#5680 = VECTOR ( 'NONE', #4964, 1000.000000000000227 ) ;
#5681 = CARTESIAN_POINT ( 'NONE',  ( -40.00000000000000000, 0.000000000000000000, -2.017369599999999874 ) ) ;
#5682 = DIRECTION ( 'NONE',  ( 1.000000000000000000, 0.000000000000000000, 0.000000000000000000 ) ) ;
#5683 =( NAMED_UNIT ( * ) PLANE_ANGLE_UNIT ( ) SI_UNIT ( $, .RADIAN. ) );
#5684 = VERTEX_POINT ( 'NONE', #3576 ) ;
#5685 = PRESENTATION_LAYER_ASSIGNMENT (  '', '', ( #3484 ) ) ;
#5686 = COLOUR_RGB ( '',0.000000000000000000, 0.5019607843137254832, 0.000000000000000000 ) ;
#5687 = DIRECTION ( 'NONE',  ( 0.000000000000000000, -1.748454679999999787E-07, 0.9999999999999849010 ) ) ;
#5688 = ORIENTED_EDGE ( 'NONE', *, *, #52, .T. ) ;
#5689 =( NAMED_UNIT ( * ) SI_UNIT ( $, .STERADIAN. ) SOLID_ANGLE_UNIT ( ) );
#5690 =( NAMED_UNIT ( * ) SI_UNIT ( $, .STERADIAN. ) SOLID_ANGLE_UNIT ( ) );
#5691 = PRESENTATION_STYLE_ASSIGNMENT (( #937 ) ) ;
#5692 = CARTESIAN_POINT ( 'NONE',  ( 23.00000000000000000, 40.00000000000000000, -2.017369599999999874 ) ) ;
#5693 = PRESENTATION_LAYER_ASSIGNMENT (  '', '', ( #2461 ) ) ;
#5694 = CIRCLE ( 'NONE', #3973, 1.399999999999999689 ) ;
#5695 = UNCERTAINTY_MEASURE_WITH_UNIT (LENGTH_MEASURE( 1.000000000000000082E-05 ), #5145, 'distance_accuracy_value', 'NONE');
#5696 = ORIENTED_EDGE ( 'NONE', *, *, #1751, .F. ) ;
#5697 = FACE_OUTER_BOUND ( 'NONE', #5615, .T. ) ;
#5698 = ORIENTED_EDGE ( 'NONE', *, *, #3977, .T. ) ;
#5699 = STYLED_ITEM ( 'NONE', ( #6222 ), #483 ) ;
#5700 =( NAMED_UNIT ( * ) PLANE_ANGLE_UNIT ( ) SI_UNIT ( $, .RADIAN. ) );
#5701 = LINE ( 'NONE', #5616, #2724 ) ;
#5702 = DIRECTION ( 'NONE',  ( -0.7071067811865475727, 0.7071067811865366926, 1.236344160825354536E-07 ) ) ;
#5703 = FILL_AREA_STYLE_COLOUR ( '', #3395 ) ;
#5704 = ORIENTED_EDGE ( 'NONE', *, *, #480, .F. ) ;
#5705 = UNCERTAINTY_MEASURE_WITH_UNIT (LENGTH_MEASURE( 1.000000000000000082E-05 ), #472, 'distance_accuracy_value', 'NONE');
#5706 = VERTEX_POINT ( 'NONE', #2969 ) ;
#5707 = VERTEX_POINT ( 'NONE', #3641 ) ;
#5708 = FILL_AREA_STYLE ('',( #3075 ) ) ;
#5709 = DIRECTION ( 'NONE',  ( 0.000000000000000000, 1.748454679999999523E-07, -0.9999999999999847899 ) ) ;
#5710 = STYLED_ITEM ( 'NONE', ( #6248 ), #1062 ) ;
#5711 = DIRECTION ( 'NONE',  ( 0.000000000000000000, -1.748454679999999787E-07, 0.9999999999999849010 ) ) ;
#5712 = VERTEX_POINT ( 'NONE', #5336 ) ;
#5713 = VECTOR ( 'NONE', #3247, 1000.000000000000114 ) ;
#5714 = ADVANCED_FACE ( 'NONE', ( #682 ), #5872, .F. ) ;
#5715 = DIRECTION ( 'NONE',  ( 0.000000000000000000, 1.748454679999999523E-07, -0.9999999999999846789 ) ) ;
#5716 = LINE ( 'NONE', #6843, #6466 ) ;
#5717 = PRESENTATION_LAYER_ASSIGNMENT (  '', '', ( #1609 ) ) ;
#5718 = CARTESIAN_POINT ( 'NONE',  ( -0.02656804421900000115, -2.993528124119761991, -5.917363586801698716 ) ) ;
#5719 = LINE ( 'NONE', #6305, #4759 ) ;
#5720 = DIRECTION ( 'NONE',  ( 0.000000000000000000, 1.000000000000000000, 0.000000000000000000 ) ) ;
#5721 = CARTESIAN_POINT ( 'NONE',  ( -38.69999999999999574, 40.00000000000000000, -2.017369599999999874 ) ) ;
#5722 = EDGE_CURVE ( 'NONE', #6211, #858, #1774, .T. ) ;
#5723 = DIRECTION ( 'NONE',  ( -0.9999998395338443036, 0.0005665088575433642991, 9.905160942140897381E-11 ) ) ;
#5724 = ORIENTED_EDGE ( 'NONE', *, *, #6918, .F. ) ;
#5725 = AXIS2_PLACEMENT_3D ( 'NONE', #1103, #4715, #4078 ) ;
#5726 = ORIENTED_EDGE ( 'NONE', *, *, #6918, .T. ) ;
#5727 = CARTESIAN_POINT ( 'NONE',  ( -18.30000000000000071, -38.50000000000000000, -2.017369599999999874 ) ) ;
#5728 =( LENGTH_UNIT ( ) NAMED_UNIT ( * ) SI_UNIT ( .MILLI., .METRE. ) );
#5729 =( NAMED_UNIT ( * ) SI_UNIT ( $, .STERADIAN. ) SOLID_ANGLE_UNIT ( ) );
#5730 = CARTESIAN_POINT ( 'NONE',  ( 18.30000000000000071, -38.50000000000000000, -2.017369599999999874 ) ) ;
#5731 = AXIS2_PLACEMENT_3D ( 'NONE', #3542, #1786, #6548 ) ;
#5732 = EDGE_CURVE ( 'NONE', #565, #275, #4105, .T. ) ;
#5733 = VERTEX_POINT ( 'NONE', #4257 ) ;
#5734 = DIRECTION ( 'NONE',  ( 0.000000000000000000, 1.748454679999999523E-07, -0.9999999999999847899 ) ) ;
#5735 = VERTEX_POINT ( 'NONE', #2336 ) ;
#5736 = PRESENTATION_LAYER_ASSIGNMENT (  '', '', ( #7473 ) ) ;
#5737 = SURFACE_SIDE_STYLE ('',( #3846 ) ) ;
#5738 = CYLINDRICAL_SURFACE ( 'NONE', #3620, 1.300000000000000044 ) ;
#5739 = CARTESIAN_POINT ( 'NONE',  ( -4.809703171250000686, -30.17282342241298920, -3.979848049445275482 ) ) ;
#5740 = CARTESIAN_POINT ( 'NONE',  ( -10.70001667124999933, -29.99998480843382964, -4.517369286274235840 ) ) ;
#5741 = FILL_AREA_STYLE_COLOUR ( '', #1387 ) ;
#5742 = ORIENTED_EDGE ( 'NONE', *, *, #5586, .T. ) ;
#5743 = VERTEX_POINT ( 'NONE', #3607 ) ;
#5744 = VERTEX_POINT ( 'NONE', #6075 ) ;
#5745 = SURFACE_SIDE_STYLE ('',( #1654 ) ) ;
#5746 = DIRECTION ( 'NONE',  ( -1.000000000000000000, 0.000000000000000000, 0.000000000000000000 ) ) ;
#5747 = ORIENTED_EDGE ( 'NONE', *, *, #2677, .T. ) ;
#5748 = VECTOR ( 'NONE', #2690, 1000.000000000000000 ) ;
#5749 = DIRECTION ( 'NONE',  ( 0.3827001010250414281, 0.9238726279500855121, 1.615349420063250050E-07 ) ) ;
#5750 = DIRECTION ( 'NONE',  ( -1.000000000000000000, 0.000000000000000000, 0.000000000000000000 ) ) ;
#5751 = MECHANICAL_DESIGN_GEOMETRIC_PRESENTATION_REPRESENTATION (  '', ( #2514 ), #6628 ) ;
#5752 = DIRECTION ( 'NONE',  ( 0.000000000000000000, -1.000000000000000000, 0.000000000000000000 ) ) ;
#5753 = CARTESIAN_POINT ( 'NONE',  ( -41.30000000000000426, -1.592040838891555891E-16, 0.000000000000000000 ) ) ;
#5754 = CARTESIAN_POINT ( 'NONE',  ( -4.775524931250000549, -30.25533278241295676, -3.979848063871662678 ) ) ;
#5755 = LINE ( 'NONE', #2722, #379 ) ;
#5756 = PLANE ( 'NONE',  #699 ) ;
#5757 = EDGE_CURVE ( 'NONE', #4287, #6031, #5477, .T. ) ;
#5758 = PRESENTATION_LAYER_ASSIGNMENT (  '', '', ( #5395 ) ) ;
#5759 = DIRECTION ( 'NONE',  ( 1.000000000000000000, 0.000000000000000000, 0.000000000000000000 ) ) ;
#5760 = CARTESIAN_POINT ( 'NONE',  ( -3.800007324219000004, -34.49999549624155293, -5.979851273080732277 ) ) ;
#5761 = VECTOR ( 'NONE', #6770, 1000.000000000000227 ) ;
#5762 = LINE ( 'NONE', #3335, #2539 ) ;
#5763 = ORIENTED_EDGE ( 'NONE', *, *, #1525, .F. ) ;
#5764 = COLOUR_RGB ( '',1.000000000000000000, 0.6078431372549019107, 0.000000000000000000 ) ;
#5765 = PLANE ( 'NONE',  #597 ) ;
#5766 = FILL_AREA_STYLE ('',( #3423 ) ) ;
#5767 = FILL_AREA_STYLE ('',( #2141 ) ) ;
#5768 = CARTESIAN_POINT ( 'NONE',  ( -4.775524931250000549, -30.25533217045370904, -7.479848683871609616 ) ) ;
#5769 = AXIS2_PLACEMENT_3D ( 'NONE', #1737, #4146, #1168 ) ;
#5770 = EDGE_CURVE ( 'NONE', #1629, #3093, #5556, .T. ) ;
#5771 = EDGE_CURVE ( 'NONE', #6992, #5495, #3714, .T. ) ;
#5772 = CIRCLE ( 'NONE', #7515, 1.100000000000000311 ) ;
#5773 = UNCERTAINTY_MEASURE_WITH_UNIT (LENGTH_MEASURE( 1.000000000000000082E-05 ), #3379, 'distance_accuracy_value', 'NONE');
#5774 = ORIENTED_EDGE ( 'NONE', *, *, #573, .T. ) ;
#5775 =( NAMED_UNIT ( * ) SI_UNIT ( $, .STERADIAN. ) SOLID_ANGLE_UNIT ( ) );
#5776 = AXIS2_PLACEMENT_3D ( 'NONE', #5093, #1478, #3223 ) ;
#5777 = FILL_AREA_STYLE ('',( #3347 ) ) ;
#5778 = EDGE_CURVE ( 'NONE', #5663, #4586, #6560, .T. ) ;
#5779 = MECHANICAL_DESIGN_GEOMETRIC_PRESENTATION_REPRESENTATION (  '', ( #1411 ), #3801 ) ;
#5780 = ORIENTED_EDGE ( 'NONE', *, *, #2357, .F. ) ;
#5781 = UNCERTAINTY_MEASURE_WITH_UNIT (LENGTH_MEASURE( 1.000000000000000082E-05 ), #7484, 'distance_accuracy_value', 'NONE');
#5782 = ORIENTED_EDGE ( 'NONE', *, *, #3164, .T. ) ;
#5783 = ORIENTED_EDGE ( 'NONE', *, *, #196, .F. ) ;
#5784 = CARTESIAN_POINT ( 'NONE',  ( -0.2245105712499999850, -30.25533278241295676, -3.979848063871662678 ) ) ;
#5785 = PRESENTATION_LAYER_ASSIGNMENT (  '', '', ( #6047 ) ) ;
#5786 = CYLINDRICAL_SURFACE ( 'NONE', #208, 0.7834999999999998632 ) ;
#5787 = FILL_AREA_STYLE_COLOUR ( '', #5194 ) ;
#5788 = COLOUR_RGB ( '',0.000000000000000000, 0.5019607843137254832, 0.000000000000000000 ) ;
#5789 = ORIENTED_EDGE ( 'NONE', *, *, #2528, .T. ) ;
#5790 = EDGE_LOOP ( 'NONE', ( #3960, #3593, #2117, #5948 ) ) ;
#5791 = VECTOR ( 'NONE', #6652, 1000.000000000000000 ) ;
#5792 = CARTESIAN_POINT ( 'NONE',  ( 23.00000000000000000, 40.00000000000000000, -2.017369599999999874 ) ) ;
#5793 = LINE ( 'NONE', #456, #993 ) ;
#5794 =( NAMED_UNIT ( * ) PLANE_ANGLE_UNIT ( ) SI_UNIT ( $, .RADIAN. ) );
#5795 =( NAMED_UNIT ( * ) SI_UNIT ( $, .STERADIAN. ) SOLID_ANGLE_UNIT ( ) );
#5796 = CARTESIAN_POINT ( 'NONE',  ( -12.70001775124999810, -31.99998633254128677, -1.977369635965398942 ) ) ;
#5797 = DIRECTION ( 'NONE',  ( 0.9999999999999961142, 8.742277695184497234E-08, 1.535329972990967195E-14 ) ) ;
#5798 = CARTESIAN_POINT ( 'NONE',  ( 40.00000000000000000, 40.00000000000000000, -2.017369599999999874 ) ) ;
#5799 = ORIENTED_EDGE ( 'NONE', *, *, #2189, .T. ) ;
#5800 = DIRECTION ( 'NONE',  ( 1.000000000000000000, 0.000000000000000000, 0.000000000000000000 ) ) ;
#5801 = EDGE_CURVE ( 'NONE', #4870, #3271, #3606, .T. ) ;
#5802 = STYLED_ITEM ( 'NONE', ( #6194 ), #5357 ) ;
#5803 = SURFACE_SIDE_STYLE ('',( #5302 ) ) ;
#5804 = CARTESIAN_POINT ( 'NONE',  ( -12.70001775124999810, -6.599985888434190429, -4.517365194890472502 ) ) ;
#5805 = DIRECTION ( 'NONE',  ( 0.000000000000000000, 1.000000000000000000, 0.000000000000000000 ) ) ;
#5806 = SURFACE_STYLE_FILL_AREA ( #3958 ) ;
#5807 = STYLED_ITEM ( 'NONE', ( #68 ), #189 ) ;
#5808 = PRESENTATION_LAYER_ASSIGNMENT (  '', '', ( #1208 ) ) ;
#5809 = ORIENTED_EDGE ( 'NONE', *, *, #6708, .T. ) ;
#5810 = ADVANCED_FACE ( 'NONE', ( #6355, #3385 ), #3422, .T. ) ;
#5811 = FILL_AREA_STYLE_COLOUR ( '', #7121 ) ;
#5812 = AXIS2_PLACEMENT_3D ( 'NONE', #2335, #3004, #1046 ) ;
#5813 = SURFACE_SIDE_STYLE ('',( #550 ) ) ;
#5814 = ORIENTED_EDGE ( 'NONE', *, *, #1575, .T. ) ;
#5815 = ORIENTED_EDGE ( 'NONE', *, *, #2089, .T. ) ;
#5816 =( NAMED_UNIT ( * ) SI_UNIT ( $, .STERADIAN. ) SOLID_ANGLE_UNIT ( ) );
#5817 = VERTEX_POINT ( 'NONE', #388 ) ;
#5818 = EDGE_CURVE ( 'NONE', #1078, #2020, #7563, .T. ) ;
#5819 = DIRECTION ( 'NONE',  ( 0.000000000000000000, -1.748454679999999787E-07, 0.9999999999999849010 ) ) ;
#5820 = CARTESIAN_POINT ( 'NONE',  ( -0.1903348712500000095, -30.42715047045373566, -7.479848713913259672 ) ) ;
#5821 = DIRECTION ( 'NONE',  ( -0.3827001010250414281, -0.9238726279500855121, -1.615349420063250050E-07 ) ) ;
#5822 = CYLINDRICAL_SURFACE ( 'NONE', #3570, 1.300000000000002487 ) ;
#5823 = AXIS2_PLACEMENT_3D ( 'NONE', #4281, #3143, #1956 ) ;
#5824 = VECTOR ( 'NONE', #2413, 1000.000000000000227 ) ;
#5825 = SURFACE_SIDE_STYLE ('',( #2798 ) ) ;
#5826 = ORIENTED_EDGE ( 'NONE', *, *, #2822, .T. ) ;
#5827 = VERTEX_POINT ( 'NONE', #1016 ) ;
#5828 = ADVANCED_FACE ( 'NONE', ( #4030 ), #4673, .F. ) ;
#5829 = LINE ( 'NONE', #7585, #2521 ) ;
#5830 = DIRECTION ( 'NONE',  ( 0.000000000000000000, 1.748454679999999258E-07, -0.9999999999999846789 ) ) ;
#5831 = SURFACE_STYLE_USAGE ( .BOTH. , #4256 ) ;
#5832 = SURFACE_SIDE_STYLE ('',( #6922 ) ) ;
#5833 = LINE ( 'NONE', #6503, #1825 ) ;
#5834 = DIRECTION ( 'NONE',  ( 1.000000000000000000, 0.000000000000000000, 0.000000000000000000 ) ) ;
#5835 = CARTESIAN_POINT ( 'NONE',  ( -5.044673491250050823, -30.52447880241297895, -3.979848110930624294 ) ) ;
#5836 = DIRECTION ( 'NONE',  ( 0.000000000000000000, 0.000000000000000000, -1.000000000000000000 ) ) ;
#5837 =( GEOMETRIC_REPRESENTATION_CONTEXT ( 3 ) GLOBAL_UNCERTAINTY_ASSIGNED_CONTEXT ( ( #715 ) ) GLOBAL_UNIT_ASSIGNED_CONTEXT ( ( #2804, #3573, #7625 ) ) REPRESENTATION_CONTEXT ( 'NONE', 'WORKASPACE' ) );
#5838 = DIRECTION ( 'NONE',  ( 0.000000000000000000, -1.748454679999999258E-07, 0.9999999999999846789 ) ) ;
#5839 = DIRECTION ( 'NONE',  ( -0.000000000000000000, 0.9999999999999847899, 1.748454679999999523E-07 ) ) ;
#5840 = DIRECTION ( 'NONE',  ( 0.000000000000000000, 1.748454679999999523E-07, -0.9999999999999846789 ) ) ;
#5841 = DIRECTION ( 'NONE',  ( -0.0007733734047231488173, 0.9999997009467285203, 1.748454156017435066E-07 ) ) ;
#5842 =( NAMED_UNIT ( * ) SI_UNIT ( $, .STERADIAN. ) SOLID_ANGLE_UNIT ( ) );
#5843 = MECHANICAL_DESIGN_GEOMETRIC_PRESENTATION_REPRESENTATION (  '', ( #1860 ), #6351 ) ;
#5844 = CARTESIAN_POINT ( 'NONE',  ( -11.20156804421899999, -34.99355929518133479, -2.017369181862065375 ) ) ;
#5845 = ORIENTED_EDGE ( 'NONE', *, *, #1620, .F. ) ;
#5846 =( LENGTH_UNIT ( ) NAMED_UNIT ( * ) SI_UNIT ( .MILLI., .METRE. ) );
#5847 = DIRECTION ( 'NONE',  ( 0.000000000000000000, 0.000000000000000000, -1.000000000000000000 ) ) ;
#5848 = SURFACE_STYLE_FILL_AREA ( #46 ) ;
#5849 = STYLED_ITEM ( 'NONE', ( #39 ), #2035 ) ;
#5850 = CARTESIAN_POINT ( 'NONE',  ( 12.69999267578099911, -32.00001406250000002, 2.540000000000000036 ) ) ;
#5851 = SURFACE_STYLE_USAGE ( .BOTH. , #3589 ) ;
#5852 = ADVANCED_FACE ( 'NONE', ( #2896 ), #5270, .F. ) ;
#5853 = ORIENTED_EDGE ( 'NONE', *, *, #1525, .T. ) ;
#5854 = UNCERTAINTY_MEASURE_WITH_UNIT (LENGTH_MEASURE( 1.000000000000000082E-05 ), #6800, 'distance_accuracy_value', 'NONE');
#5855 = VECTOR ( 'NONE', #7529, 1000.000000000000000 ) ;
#5856 = VERTEX_POINT ( 'NONE', #5753 ) ;
#5857 = SURFACE_STYLE_FILL_AREA ( #5984 ) ;
#5858 = DIRECTION ( 'NONE',  ( -0.0003646012926771497560, -0.9999999335329312622, -1.748454565423455228E-07 ) ) ;
#5859 = CARTESIAN_POINT ( 'NONE',  ( -4.955364551250029947, -30.52447819045373834, -7.479848730930570788 ) ) ;
#5860 = SURFACE_SIDE_STYLE ('',( #6371 ) ) ;
#5861 = LINE ( 'NONE', #1189, #4589 ) ;
#5862 =( NAMED_UNIT ( * ) SI_UNIT ( $, .STERADIAN. ) SOLID_ANGLE_UNIT ( ) );
#5863 = EDGE_CURVE ( 'NONE', #2901, #1105, #1082, .T. ) ;
#5864 = ORIENTED_EDGE ( 'NONE', *, *, #3828, .F. ) ;
#5865 = UNCERTAINTY_MEASURE_WITH_UNIT (LENGTH_MEASURE( 1.000000000000000082E-05 ), #4427, 'distance_accuracy_value', 'NONE');
#5866 = VERTEX_POINT ( 'NONE', #3372 ) ;
#5867 = AXIS2_PLACEMENT_3D ( 'NONE', #1335, #3153, #5505 ) ;
#5868 = DIRECTION ( 'NONE',  ( 0.000000000000000000, 0.000000000000000000, 1.000000000000000000 ) ) ;
#5869 = SURFACE_STYLE_USAGE ( .BOTH. , #7664 ) ;
#5870 =( NAMED_UNIT ( * ) PLANE_ANGLE_UNIT ( ) SI_UNIT ( $, .RADIAN. ) );
#5871 = DIRECTION ( 'NONE',  ( 0.9999999999999962252, 8.742277704085994270E-08, 1.548860246407863928E-14 ) ) ;
#5872 = CYLINDRICAL_SURFACE ( 'NONE', #6069, 1.100000000000000311 ) ;
#5873 = COLOUR_RGB ( '',0.000000000000000000, 0.5019607843137254832, 0.000000000000000000 ) ;
#5874 = EDGE_CURVE ( 'NONE', #2393, #1495, #6564, .T. ) ;
#5875 = SURFACE_STYLE_USAGE ( .BOTH. , #2891 ) ;
#5876 =( LENGTH_UNIT ( ) NAMED_UNIT ( * ) SI_UNIT ( .MILLI., .METRE. ) );
#5877 = CARTESIAN_POINT ( 'NONE',  ( 12.69998224875000048, -6.599988872541678653, -1.977365194890955857 ) ) ;
#5878 = FILL_AREA_STYLE ('',( #4110 ) ) ;
#5879 = FILL_AREA_STYLE_COLOUR ( '', #4302 ) ;
#5880 = DIRECTION ( 'NONE',  ( -0.7071067811865476838, 0.7071067811865366926, 1.236344160825354801E-07 ) ) ;
#5881 =( LENGTH_UNIT ( ) NAMED_UNIT ( * ) SI_UNIT ( .MILLI., .METRE. ) );
#5882 = CIRCLE ( 'NONE', #1892, 0.5000000000000004441 ) ;
#5883 = SURFACE_STYLE_FILL_AREA ( #5928 ) ;
#5884 = COLOUR_RGB ( '',0.000000000000000000, 0.5019607843137254832, 0.000000000000000000 ) ;
#5885 = SURFACE_SIDE_STYLE ('',( #6475 ) ) ;
#5886 = ORIENTED_EDGE ( 'NONE', *, *, #4224, .F. ) ;
#5887 = VECTOR ( 'NONE', #582, 1000.000000000000227 ) ;
#5888 = STYLED_ITEM ( 'NONE', ( #7127 ), #3061 ) ;
#5889 = PRESENTATION_STYLE_ASSIGNMENT (( #3474 ) ) ;
#5890 = STYLED_ITEM ( 'NONE', ( #641 ), #7149 ) ;
#5891 = CARTESIAN_POINT ( 'NONE',  ( -3.800007324219000004, -34.49999549624155293, -5.979851273080732277 ) ) ;
#5892 = CARTESIAN_POINT ( 'NONE',  ( 12.69998224875000048, -6.599988872541678653, -1.977365194890955857 ) ) ;
#5893 = SURFACE_STYLE_USAGE ( .BOTH. , #6981 ) ;
#5894 = CIRCLE ( 'NONE', #2417, 2.174999999999999822 ) ;
#5895 =( GEOMETRIC_REPRESENTATION_CONTEXT ( 3 ) GLOBAL_UNCERTAINTY_ASSIGNED_CONTEXT ( ( #93 ) ) GLOBAL_UNIT_ASSIGNED_CONTEXT ( ( #1152, #1075, #1759 ) ) REPRESENTATION_CONTEXT ( 'NONE', 'WORKASPACE' ) );
#5896 = ORIENTED_EDGE ( 'NONE', *, *, #3427, .T. ) ;
#5897 = ORIENTED_EDGE ( 'NONE', *, *, #3426, .T. ) ;
#5898 = CARTESIAN_POINT ( 'NONE',  ( -10.70000624421900071, -30.00001298249999593, 1.499999539999999909 ) ) ;
#5899 = FILL_AREA_STYLE ('',( #4129 ) ) ;
#5900 = VERTEX_POINT ( 'NONE', #2216 ) ;
#5901 = PLANE ( 'NONE',  #7366 ) ;
#5902 =( NAMED_UNIT ( * ) PLANE_ANGLE_UNIT ( ) SI_UNIT ( $, .RADIAN. ) );
#5903 = EDGE_CURVE ( 'NONE', #341, #4824, #1004, .T. ) ;
#5904 = CIRCLE ( 'NONE', #6531, 1.300000000000002487 ) ;
#5905 = CARTESIAN_POINT ( 'NONE',  ( -20.00000000000000000, 32.39999999999999858, -2.017369599999999874 ) ) ;
#5906 = DIRECTION ( 'NONE',  ( 0.000000000000000000, 1.748454679999999258E-07, -0.9999999999999846789 ) ) ;
#5907 = ORIENTED_EDGE ( 'NONE', *, *, #1430, .T. ) ;
#5908 = COLOUR_RGB ( '',1.000000000000000000, 0.6078431372549019107, 0.000000000000000000 ) ;
#5909 = ORIENTED_EDGE ( 'NONE', *, *, #5442, .T. ) ;
#5910 = PLANE ( 'NONE',  #287 ) ;
#5911 = CYLINDRICAL_SURFACE ( 'NONE', #5326, 2.174999999999999822 ) ;
#5912 = EDGE_CURVE ( 'NONE', #5735, #2717, #6318, .T. ) ;
#5913 = AXIS2_PLACEMENT_3D ( 'NONE', #1813, #3040, #4216 ) ;
#5914 = EDGE_CURVE ( 'NONE', #3962, #5655, #5694, .T. ) ;
#5915 = DIRECTION ( 'NONE',  ( 1.000000000000000000, 0.000000000000000000, 0.000000000000000000 ) ) ;
#5916 = DIRECTION ( 'NONE',  ( 0.000000000000000000, 1.748454679999999523E-07, -0.9999999999999846789 ) ) ;
#5917 = DIRECTION ( 'NONE',  ( -0.9999998395338443036, 0.0005665088575433642991, 9.905160942140897381E-11 ) ) ;
#5918 = CARTESIAN_POINT ( 'NONE',  ( 40.00000000000000000, -43.00000000000000000, 0.000000000000000000 ) ) ;
#5919 = CARTESIAN_POINT ( 'NONE',  ( -7.324219000000000424E-06, -2.999995496242035209, -5.979845765448489558 ) ) ;
#5920 = CARTESIAN_POINT ( 'NONE',  ( 12.69998224875000048, -6.599988428434190091, -4.517365194890917479 ) ) ;
#5921 = DIRECTION ( 'NONE',  ( 0.000000000000000000, -1.748454679999999787E-07, 0.9999999999999849010 ) ) ;
#5922 = EDGE_CURVE ( 'NONE', #2911, #240, #4661, .T. ) ;
#5923 = EDGE_CURVE ( 'NONE', #4655, #6053, #3227, .T. ) ;
#5924 = DIRECTION ( 'NONE',  ( 0.000000000000000000, -0.9999999999999847899, -1.748454679999999523E-07 ) ) ;
#5925 =( NAMED_UNIT ( * ) SI_UNIT ( $, .STERADIAN. ) SOLID_ANGLE_UNIT ( ) );
#5926 = FILL_AREA_STYLE_COLOUR ( '', #5138 ) ;
#5927 = MECHANICAL_DESIGN_GEOMETRIC_PRESENTATION_REPRESENTATION (  '', ( #7278 ), #182 ) ;
#5928 = FILL_AREA_STYLE ('',( #2859 ) ) ;
#5929 = LINE ( 'NONE', #2422, #4833 ) ;
#5930 = ORIENTED_EDGE ( 'NONE', *, *, #3690, .F. ) ;
#5931 = VECTOR ( 'NONE', #5273, 1000.000000000000227 ) ;
#5932 = CARTESIAN_POINT ( 'NONE',  ( -3.800007324219000004, -34.49999575194976131, -4.517370073080753556 ) ) ;
#5933 = ADVANCED_FACE ( 'NONE', ( #6960 ), #1499, .F. ) ;
#5934 =( LENGTH_UNIT ( ) NAMED_UNIT ( * ) SI_UNIT ( .MILLI., .METRE. ) );
#5935 = CARTESIAN_POINT ( 'NONE',  ( -40.00000000000000000, 40.00000000000000000, -2.017369599999999874 ) ) ;
#5936 = FILL_AREA_STYLE ('',( #5247 ) ) ;
#5937 = CIRCLE ( 'NONE', #4958, 1.399999999999999467 ) ;
#5938 = DIRECTION ( 'NONE',  ( 0.000000000000000000, -1.748454679999999258E-07, 0.9999999999999846789 ) ) ;
#5939 = UNCERTAINTY_MEASURE_WITH_UNIT (LENGTH_MEASURE( 1.000000000000000082E-05 ), #915, 'distance_accuracy_value', 'NONE');
#5940 = EDGE_LOOP ( 'NONE', ( #4428, #53, #2239, #1883 ) ) ;
#5941 = ORIENTED_EDGE ( 'NONE', *, *, #959, .T. ) ;
#5942 = AXIS2_PLACEMENT_3D ( 'NONE', #755, #6074, #1851 ) ;
#5943 = CARTESIAN_POINT ( 'NONE',  ( 0.6249926757810000399, -30.29999549624161403, -5.979850538729765574 ) ) ;
#5944 = CARTESIAN_POINT ( 'NONE',  ( -5.044673491250050823, -30.07549316241298598, -3.979848032427520277 ) ) ;
#5945 =( NAMED_UNIT ( * ) PLANE_ANGLE_UNIT ( ) SI_UNIT ( $, .RADIAN. ) );
#5946 = PRESENTATION_LAYER_ASSIGNMENT (  '', '', ( #5699 ) ) ;
#5947 =( GEOMETRIC_REPRESENTATION_CONTEXT ( 3 ) GLOBAL_UNCERTAINTY_ASSIGNED_CONTEXT ( ( #479 ) ) GLOBAL_UNIT_ASSIGNED_CONTEXT ( ( #3238, #3858, #322 ) ) REPRESENTATION_CONTEXT ( 'NONE', 'WORKASPACE' ) );
#5948 = ORIENTED_EDGE ( 'NONE', *, *, #618, .F. ) ;
#5949 = UNCERTAINTY_MEASURE_WITH_UNIT (LENGTH_MEASURE( 1.000000000000000082E-05 ), #1221, 'distance_accuracy_value', 'NONE');
#5950 = VERTEX_POINT ( 'NONE', #4288 ) ;
#5951 = VERTEX_POINT ( 'NONE', #3638 ) ;
#5952 = DIRECTION ( 'NONE',  ( -0.3826758252060216137, -0.9238826834630382567, -1.615367001671932091E-07 ) ) ;
#5953 = PRESENTATION_LAYER_ASSIGNMENT (  '', '', ( #3232 ) ) ;
#5954 = CARTESIAN_POINT ( 'NONE',  ( -12.70000732421899947, -6.600014062499999667, 0.000000000000000000 ) ) ;
#5955 = SURFACE_SIDE_STYLE ('',( #31 ) ) ;
#5956 = DIRECTION ( 'NONE',  ( 0.000000000000000000, -1.748454679999999258E-07, 0.9999999999999846789 ) ) ;
#5957 = FILL_AREA_STYLE ('',( #6465 ) ) ;
#5958 = ADVANCED_FACE ( 'NONE', ( #4182 ), #1768, .T. ) ;
#5959 = VECTOR ( 'NONE', #465, 1000.000000000000000 ) ;
#5960 = DIRECTION ( 'NONE',  ( 0.000000000000000000, 0.000000000000000000, 1.000000000000000000 ) ) ;
#5961 = CARTESIAN_POINT ( 'NONE',  ( 0.7569319557808930066, -2.993528396572691097, -2.017363586801686814 ) ) ;
#5962 = DIRECTION ( 'NONE',  ( 0.000000000000000000, 0.000000000000000000, 1.000000000000000000 ) ) ;
#5963 = FILL_AREA_STYLE_COLOUR ( '', #7031 ) ;
#5964 = SURFACE_STYLE_FILL_AREA ( #3614 ) ;
#5965 = AXIS2_PLACEMENT_3D ( 'NONE', #6238, #4457, #5127 ) ;
#5966 = DIRECTION ( 'NONE',  ( 0.000000000000000000, -1.748454679999999258E-07, 0.9999999999999846789 ) ) ;
#5967 = SURFACE_STYLE_FILL_AREA ( #1863 ) ;
#5968 = EDGE_CURVE ( 'NONE', #6096, #6705, #7104, .T. ) ;
#5969 = EDGE_CURVE ( 'NONE', #7576, #1687, #709, .T. ) ;
#5970 = VERTEX_POINT ( 'NONE', #5411 ) ;
#5971 = AXIS2_PLACEMENT_3D ( 'NONE', #2419, #5422, #71 ) ;
#5972 = LINE ( 'NONE', #1746, #2786 ) ;
#5973 = DIRECTION ( 'NONE',  ( -0.9999999999999962252, -8.742277723992851424E-08, -1.549848670304741832E-14 ) ) ;
#5974 = LINE ( 'NONE', #47, #4911 ) ;
#5975 = LINE ( 'NONE', #7680, #3640 ) ;
#5976 = LINE ( 'NONE', #6128, #3174 ) ;
#5977 = STYLED_ITEM ( 'NONE', ( #4732 ), #1485 ) ;
#5978 = ADVANCED_FACE ( 'NONE', ( #3669 ), #5911, .T. ) ;
#5979 = FILL_AREA_STYLE ('',( #116 ) ) ;
#5980 = ORIENTED_EDGE ( 'NONE', *, *, #5612, .T. ) ;
#5981 = FACE_OUTER_BOUND ( 'NONE', #3971, .T. ) ;
#5982 = ORIENTED_EDGE ( 'NONE', *, *, #5082, .T. ) ;
#5983 = VECTOR ( 'NONE', #16, 1000.000000000000000 ) ;
#5984 = FILL_AREA_STYLE ('',( #7097 ) ) ;
#5985 = CARTESIAN_POINT ( 'NONE',  ( 0.1271448087500000046, -30.49030310241298025, -3.979848104955158394 ) ) ;
#5986 = FACE_OUTER_BOUND ( 'NONE', #1489, .T. ) ;
#5987 = FILL_AREA_STYLE_COLOUR ( '', #3445 ) ;
#5988 = DIRECTION ( 'NONE',  ( 1.000000000000000000, 0.000000000000000000, 0.000000000000000000 ) ) ;
#5989 = PRESENTATION_LAYER_ASSIGNMENT (  '', '', ( #373 ) ) ;
#5990 = VERTEX_POINT ( 'NONE', #2999 ) ;
#5991 = ORIENTED_EDGE ( 'NONE', *, *, #1204, .F. ) ;
#5992 = SURFACE_STYLE_FILL_AREA ( #7218 ) ;
#5993 = VECTOR ( 'NONE', #7048, 1000.000000000000000 ) ;
#5994 = DIRECTION ( 'NONE',  ( 1.000000000000000000, 0.000000000000000000, 0.000000000000000000 ) ) ;
#5995 = DIRECTION ( 'NONE',  ( 0.000000000000000000, 1.748454679999999523E-07, -0.9999999999999846789 ) ) ;
#5996 =( NAMED_UNIT ( * ) SI_UNIT ( $, .STERADIAN. ) SOLID_ANGLE_UNIT ( ) );
#5997 = CYLINDRICAL_SURFACE ( 'NONE', #6203, 2.174999999999999822 ) ;
#5998 = DIRECTION ( 'NONE',  ( 0.000000000000000000, 0.000000000000000000, -1.000000000000000000 ) ) ;
#5999 = CARTESIAN_POINT ( 'NONE',  ( -5.000007324219000182, -30.29999549624161403, -5.979850538729765574 ) ) ;
#6000 = FACE_BOUND ( 'NONE', #6747, .T. ) ;
#6001 = VECTOR ( 'NONE', #7612, 999.9999999999998863 ) ;
#6002 = EDGE_CURVE ( 'NONE', #3023, #6858, #5372, .T. ) ;
#6003 = FILL_AREA_STYLE_COLOUR ( '', #1606 ) ;
#6004 = LINE ( 'NONE', #213, #3132 ) ;
#6005 = DIRECTION ( 'NONE',  ( 0.000000000000000000, 0.000000000000000000, 1.000000000000000000 ) ) ;
#6006 = AXIS2_PLACEMENT_3D ( 'NONE', #2398, #3067, #6640 ) ;
#6007 = ORIENTED_EDGE ( 'NONE', *, *, #4357, .T. ) ;
#6008 = CARTESIAN_POINT ( 'NONE',  ( -1.426568044219000075, -2.993528368903497938, -4.517363586801719677 ) ) ;
#6009 = AXIS2_PLACEMENT_3D ( 'NONE', #5312, #6480, #3547 ) ;
#6010 = COLOUR_RGB ( '',0.6431372549019607199, 0.6784313725490196401, 0.6980392156862744724 ) ;
#6011 = ADVANCED_FACE ( 'NONE', ( #4799 ), #7145, .T. ) ;
#6012 = AXIS2_PLACEMENT_3D ( 'NONE', #4766, #1856, #1202 ) ;
#6013 = EDGE_CURVE ( 'NONE', #5524, #6790, #5022, .T. ) ;
#6014 = CARTESIAN_POINT ( 'NONE',  ( -0.1271828512500000063, -30.49030249045373608, -7.479848724955104444 ) ) ;
#6015 = VERTEX_POINT ( 'NONE', #3744 ) ;
#6016 = AXIS2_PLACEMENT_3D ( 'NONE', #6451, #5819, #1110 ) ;
#6017 = UNCERTAINTY_MEASURE_WITH_UNIT (LENGTH_MEASURE( 1.000000000000000082E-05 ), #5415, 'distance_accuracy_value', 'NONE');
#6018 = VERTEX_POINT ( 'NONE', #5624 ) ;
#6019 = SURFACE_SIDE_STYLE ('',( #3700 ) ) ;
#6020 = ORIENTED_EDGE ( 'NONE', *, *, #2152, .T. ) ;
#6021 = STYLED_ITEM ( 'NONE', ( #3783 ), #6774 ) ;
#6022 = FILL_AREA_STYLE_COLOUR ( '', #6880 ) ;
#6023 = EDGE_CURVE ( 'NONE', #2211, #3743, #2841, .T. ) ;
#6024 = CARTESIAN_POINT ( 'NONE',  ( -5.000007324219000182, -6.599995496241980675, -5.979846394892175176 ) ) ;
#6025 = DIRECTION ( 'NONE',  ( 0.000000000000000000, 0.000000000000000000, -1.000000000000000000 ) ) ;
#6026 = PRESENTATION_LAYER_ASSIGNMENT (  '', '', ( #43 ) ) ;
#6027 = DIRECTION ( 'NONE',  ( 0.000000000000000000, 0.000000000000000000, 1.000000000000000000 ) ) ;
#6028 = COLOUR_RGB ( '',1.000000000000000000, 1.000000000000000000, 1.000000000000000000 ) ;
#6029 = EDGE_LOOP ( 'NONE', ( #3512, #4985 ) ) ;
#6030 = UNCERTAINTY_MEASURE_WITH_UNIT (LENGTH_MEASURE( 1.000000000000000082E-05 ), #1785, 'distance_accuracy_value', 'NONE');
#6031 = VERTEX_POINT ( 'NONE', #277 ) ;
#6032 = PRESENTATION_LAYER_ASSIGNMENT (  '', '', ( #2665 ) ) ;
#6033 = SURFACE_SIDE_STYLE ('',( #5992 ) ) ;
#6034 = AXIS2_PLACEMENT_3D ( 'NONE', #7134, #1797, #6557 ) ;
#6035 = DIRECTION ( 'NONE',  ( -0.0003646012926771497560, -0.9999999335329312622, -1.748454565423455228E-07 ) ) ;
#6036 = MECHANICAL_DESIGN_GEOMETRIC_PRESENTATION_REPRESENTATION (  '', ( #3932 ), #3800 ) ;
#6037 = CARTESIAN_POINT ( 'NONE',  ( 1.373431955780994418, -2.993528246511528934, -4.517363586801698361 ) ) ;
#6038 = MECHANICAL_DESIGN_GEOMETRIC_PRESENTATION_REPRESENTATION (  '', ( #3318 ), #4305 ) ;
#6039 = LINE ( 'NONE', #3197, #2205 ) ;
#6040 =( NAMED_UNIT ( * ) SI_UNIT ( $, .STERADIAN. ) SOLID_ANGLE_UNIT ( ) );
#6041 = PLANE ( 'NONE',  #6882 ) ;
#6042 = FILL_AREA_STYLE ('',( #642 ) ) ;
#6043 = FILL_AREA_STYLE_COLOUR ( '', #6657 ) ;
#6044 = MECHANICAL_DESIGN_GEOMETRIC_PRESENTATION_REPRESENTATION (  '', ( #6769 ), #4939 ) ;
#6045 = FILL_AREA_STYLE_COLOUR ( '', #4779 ) ;
#6046 = FILL_AREA_STYLE_COLOUR ( '', #6407 ) ;
#6047 = STYLED_ITEM ( 'NONE', ( #4506 ), #7674 ) ;
#6048 = CARTESIAN_POINT ( 'NONE',  ( -5.500007324219000182, -34.49999549624155293, -5.979851273080732277 ) ) ;
#6049 = FILL_AREA_STYLE ('',( #179 ) ) ;
#6050 = CARTESIAN_POINT ( 'NONE',  ( -21.50115916397999882, 39.99884083601299523, -2.017369599999999874 ) ) ;
#6051 =( GEOMETRIC_REPRESENTATION_CONTEXT ( 3 ) GLOBAL_UNCERTAINTY_ASSIGNED_CONTEXT ( ( #2987 ) ) GLOBAL_UNIT_ASSIGNED_CONTEXT ( ( #6572, #5870, #2292 ) ) REPRESENTATION_CONTEXT ( 'NONE', 'WORKASPACE' ) );
#6052 = EDGE_CURVE ( 'NONE', #6459, #86, #2760, .T. ) ;
#6053 = VERTEX_POINT ( 'NONE', #203 ) ;
#6054 = CARTESIAN_POINT ( 'NONE',  ( 1.373431955780994418, -2.993528001727873811, -5.917363586801676512 ) ) ;
#6055 = DIRECTION ( 'NONE',  ( 0.000000000000000000, 1.748454679999999258E-07, -0.9999999999999846789 ) ) ;
#6056 = SURFACE_STYLE_FILL_AREA ( #737 ) ;
#6057 = CARTESIAN_POINT ( 'NONE',  ( -5.044673491250050823, -30.07549255045374181, -7.479848652427466327 ) ) ;
#6058 = VECTOR ( 'NONE', #6856, 1000.000000000000227 ) ;
#6059 = EDGE_CURVE ( 'NONE', #7440, #3566, #1142, .T. ) ;
#6060 = ORIENTED_EDGE ( 'NONE', *, *, #382, .T. ) ;
#6061 = ORIENTED_EDGE ( 'NONE', *, *, #132, .F. ) ;
#6062 = PLANE ( 'NONE',  #1279 ) ;
#6063 = PRESENTATION_STYLE_ASSIGNMENT (( #2504 ) ) ;
#6064 = MECHANICAL_DESIGN_GEOMETRIC_PRESENTATION_REPRESENTATION (  '', ( #1696 ), #3209 ) ;
#6065 = VERTEX_POINT ( 'NONE', #3273 ) ;
#6066 = ADVANCED_FACE ( 'NONE', ( #1367 ), #801, .F. ) ;
#6067 = VERTEX_POINT ( 'NONE', #3196 ) ;
#6068 = MECHANICAL_DESIGN_GEOMETRIC_PRESENTATION_REPRESENTATION (  '', ( #6819 ), #3502 ) ;
#6069 = AXIS2_PLACEMENT_3D ( 'NONE', #7699, #100, #3041 ) ;
#6070 = CYLINDRICAL_SURFACE ( 'NONE', #3120, 1.300000000000002487 ) ;
#6071 = LINE ( 'NONE', #4329, #3947 ) ;
#6072 = COLOUR_RGB ( '',0.000000000000000000, 0.5019607843137254832, 0.000000000000000000 ) ;
#6073 = MECHANICAL_DESIGN_GEOMETRIC_PRESENTATION_REPRESENTATION (  '', ( #2215 ), #3839 ) ;
#6074 = DIRECTION ( 'NONE',  ( 0.000000000000000000, -1.748454679999999523E-07, 0.9999999999999846789 ) ) ;
#6075 = CARTESIAN_POINT ( 'NONE',  ( -6.851568044219009224, -34.99355869633539129, -4.517369181861998761 ) ) ;
#6076 = EDGE_CURVE ( 'NONE', #6053, #6567, #5547, .T. ) ;
#6077 = CARTESIAN_POINT ( 'NONE',  ( -11.70000678421900098, -31.00001606249999497, 0.000000000000000000 ) ) ;
#6078 = DIRECTION ( 'NONE',  ( 1.000000000000000000, 0.000000000000000000, 0.000000000000000000 ) ) ;
#6079 = VECTOR ( 'NONE', #1658, 1000.000000000000000 ) ;
#6080 = COLOUR_RGB ( '',1.000000000000000000, 0.6078431372549019107, 0.000000000000000000 ) ;
#6081 = CARTESIAN_POINT ( 'NONE',  ( -4.955364551250029947, -30.52447880241297895, -3.979848110930624294 ) ) ;
#6082 = CARTESIAN_POINT ( 'NONE',  ( 12.69899267578099966, -6.599995751950190837, -4.517365194892196456 ) ) ;
#6083 = AXIS2_PLACEMENT_3D ( 'NONE', #1442, #5578, #4909 ) ;
#6084 = DIRECTION ( 'NONE',  ( 0.000000000000000000, 0.000000000000000000, 1.000000000000000000 ) ) ;
#6085 = EDGE_LOOP ( 'NONE', ( #6020, #5789, #2203, #1438 ) ) ;
#6086 = FILL_AREA_STYLE_COLOUR ( '', #1057 ) ;
#6087 = AXIS2_PLACEMENT_3D ( 'NONE', #4417, #6853, #2769 ) ;
#6088 = DIRECTION ( 'NONE',  ( -1.000000000000000000, 0.000000000000000000, 0.000000000000000000 ) ) ;
#6089 = FILL_AREA_STYLE_COLOUR ( '', #3429 ) ;
#6090 = DIRECTION ( 'NONE',  ( 0.000000000000000000, 1.000000000000000000, 0.000000000000000000 ) ) ;
#6091 = ORIENTED_EDGE ( 'NONE', *, *, #2005, .T. ) ;
#6092 = STYLED_ITEM ( 'NONE', ( #5452 ), #1272 ) ;
#6093 = DIRECTION ( 'NONE',  ( 0.000000000000000000, -1.748454679999999523E-07, 0.9999999999999847899 ) ) ;
#6094 = ORIENTED_EDGE ( 'NONE', *, *, #3426, .F. ) ;
#6095 = PRESENTATION_STYLE_ASSIGNMENT (( #7286 ) ) ;
#6096 = VERTEX_POINT ( 'NONE', #3975 ) ;
#6097 = LINE ( 'NONE', #2544, #7009 ) ;
#6098 = CYLINDRICAL_SURFACE ( 'NONE', #354, 0.7834999999999989750 ) ;
#6099 = AXIS2_PLACEMENT_3D ( 'NONE', #4619, #2964, #1042 ) ;
#6100 = DIRECTION ( 'NONE',  ( -0.0007733734047254627215, 0.9999997009467437303, 0.000000000000000000 ) ) ;
#6101 = EDGE_CURVE ( 'NONE', #6321, #4269, #1691, .T. ) ;
#6102 = LINE ( 'NONE', #4144, #3782 ) ;
#6103 = VERTEX_POINT ( 'NONE', #1537 ) ;
#6104 = UNCERTAINTY_MEASURE_WITH_UNIT (LENGTH_MEASURE( 1.000000000000000082E-05 ), #7363, 'distance_accuracy_value', 'NONE');
#6105 = CIRCLE ( 'NONE', #6223, 1.100000000000000311 ) ;
#6106 = EDGE_LOOP ( 'NONE', ( #11, #1560, #1745, #876 ) ) ;
#6107 = ORIENTED_EDGE ( 'NONE', *, *, #1119, .F. ) ;
#6108 = PRESENTATION_STYLE_ASSIGNMENT (( #881 ) ) ;
#6109 = EDGE_CURVE ( 'NONE', #6067, #4605, #7034, .T. ) ;
#6110 = FACE_OUTER_BOUND ( 'NONE', #7582, .T. ) ;
#6111 = CARTESIAN_POINT ( 'NONE',  ( 0.1271448087500000046, -30.49030249045373608, -7.479848724955104444 ) ) ;
#6112 = DIRECTION ( 'NONE',  ( 0.000000000000000000, 0.000000000000000000, -1.000000000000000000 ) ) ;
#6113 = CARTESIAN_POINT ( 'NONE',  ( 2.999992675781000262, -4.599995751950220146, -4.517364845201260692 ) ) ;
#6114 = PRESENTATION_LAYER_ASSIGNMENT (  '', '', ( #5003 ) ) ;
#6115 = DIRECTION ( 'NONE',  ( 0.000000000000000000, 0.000000000000000000, 1.000000000000000000 ) ) ;
#6116 = EDGE_CURVE ( 'NONE', #3482, #4175, #1034, .T. ) ;
#6117 = FILL_AREA_STYLE_COLOUR ( '', #1726 ) ;
#6118 = LINE ( 'NONE', #5635, #6258 ) ;
#6119 = DIRECTION ( 'NONE',  ( -0.3826758252060216137, 0.9238826834630381457, 1.615367001671931827E-07 ) ) ;
#6120 = CARTESIAN_POINT ( 'NONE',  ( 12.69998224875000048, -6.599988428434190091, -4.517365194890917479 ) ) ;
#6121 = CARTESIAN_POINT ( 'NONE',  ( -9.021807453828001755, -9.999995971950001561, 1.499998807906999909 ) ) ;
#6122 = VERTEX_POINT ( 'NONE', #4089 ) ;
#6123 =( NAMED_UNIT ( * ) PLANE_ANGLE_UNIT ( ) SI_UNIT ( $, .RADIAN. ) );
#6124 = PRESENTATION_STYLE_ASSIGNMENT (( #77 ) ) ;
#6125 = SURFACE_SIDE_STYLE ('',( #4971 ) ) ;
#6126 = FACE_OUTER_BOUND ( 'NONE', #3392, .T. ) ;
#6127 = CARTESIAN_POINT ( 'NONE',  ( -4.955364551250029947, -30.52447819045373834, -7.479848730930570788 ) ) ;
#6128 = CARTESIAN_POINT ( 'NONE',  ( -5.000007324219000182, -6.599995496241980675, -5.979846394892175176 ) ) ;
#6129 = ORIENTED_EDGE ( 'NONE', *, *, #1940, .T. ) ;
#6130 = AXIS2_PLACEMENT_3D ( 'NONE', #5563, #816, #1972 ) ;
#6131 = VERTEX_POINT ( 'NONE', #5784 ) ;
#6132 = DIRECTION ( 'NONE',  ( 0.000000000000000000, 0.000000000000000000, 1.000000000000000000 ) ) ;
#6133 = ORIENTED_EDGE ( 'NONE', *, *, #947, .T. ) ;
#6134 = VECTOR ( 'NONE', #7306, 1000.000000000000227 ) ;
#6135 = STYLED_ITEM ( 'NONE', ( #3086 ), #6727 ) ;
#6136 = LINE ( 'NONE', #2505, #2787 ) ;
#6137 = STYLED_ITEM ( 'NONE', ( #5283 ), #3739 ) ;
#6138 = STYLED_ITEM ( 'NONE', ( #3809 ), #2985 ) ;
#6139 = EDGE_LOOP ( 'NONE', ( #1694, #156, #5455, #82 ) ) ;
#6140 = AXIS2_PLACEMENT_3D ( 'NONE', #3943, #5715, #455 ) ;
#6141 = EDGE_LOOP ( 'NONE', ( #5316, #2728, #1448, #2681 ) ) ;
#6142 = EDGE_CURVE ( 'NONE', #4646, #5524, #3935, .T. ) ;
#6143 = DIRECTION ( 'NONE',  ( 0.000000000000000000, 0.000000000000000000, 1.000000000000000000 ) ) ;
#6144 = AXIS2_PLACEMENT_3D ( 'NONE', #114, #4312, #1832 ) ;
#6145 =( GEOMETRIC_REPRESENTATION_CONTEXT ( 3 ) GLOBAL_UNCERTAINTY_ASSIGNED_CONTEXT ( ( #5611 ) ) GLOBAL_UNIT_ASSIGNED_CONTEXT ( ( #3904, #5200, #3949 ) ) REPRESENTATION_CONTEXT ( 'NONE', 'WORKASPACE' ) );
#6146 = PLANE ( 'NONE',  #3467 ) ;
#6147 = AXIS2_PLACEMENT_3D ( 'NONE', #1431, #7441, #935 ) ;
#6148 = MECHANICAL_DESIGN_GEOMETRIC_PRESENTATION_REPRESENTATION (  '', ( #4674 ), #6759 ) ;
#6149 = SURFACE_SIDE_STYLE ('',( #1343 ) ) ;
#6150 = EDGE_CURVE ( 'NONE', #3594, #4517, #4519, .T. ) ;
#6151 = EDGE_CURVE ( 'NONE', #6200, #4287, #4689, .T. ) ;
#6152 = AXIS2_PLACEMENT_3D ( 'NONE', #2224, #4148, #2857 ) ;
#6153 = DIRECTION ( 'NONE',  ( 0.000000000000000000, 0.000000000000000000, 1.000000000000000000 ) ) ;
#6154 = CARTESIAN_POINT ( 'NONE',  ( 11.69999213578100061, -7.600014602499998162, 2.540000000000000036 ) ) ;
#6155 = DIRECTION ( 'NONE',  ( 0.000000000000000000, 0.000000000000000000, -1.000000000000000000 ) ) ;
#6156 = MECHANICAL_DESIGN_GEOMETRIC_PRESENTATION_REPRESENTATION (  '', ( #5291 ), #553 ) ;
#6157 = MECHANICAL_DESIGN_GEOMETRIC_PRESENTATION_REPRESENTATION (  '', ( #2545 ), #1298 ) ;
#6158 = CARTESIAN_POINT ( 'NONE',  ( 40.00000000000000000, -43.00000000000000000, -2.017369599999999874 ) ) ;
#6159 = EDGE_CURVE ( 'NONE', #6478, #446, #2207, .T. ) ;
#6160 = ORIENTED_EDGE ( 'NONE', *, *, #976, .T. ) ;
#6161 = EDGE_CURVE ( 'NONE', #622, #4175, #7102, .T. ) ;
#6162 =( NAMED_UNIT ( * ) PLANE_ANGLE_UNIT ( ) SI_UNIT ( $, .RADIAN. ) );
#6163 =( GEOMETRIC_REPRESENTATION_CONTEXT ( 3 ) GLOBAL_UNCERTAINTY_ASSIGNED_CONTEXT ( ( #5939 ) ) GLOBAL_UNIT_ASSIGNED_CONTEXT ( ( #915, #2791, #6872 ) ) REPRESENTATION_CONTEXT ( 'NONE', 'WORKASPACE' ) );
#6164 = DIRECTION ( 'NONE',  ( 0.000000000000000000, 1.748454679999999787E-07, -0.9999999999999849010 ) ) ;
#6165 = VERTEX_POINT ( 'NONE', #1111 ) ;
#6166 = ADVANCED_FACE ( 'NONE', ( #5104 ), #4649, .T. ) ;
#6167 = ORIENTED_EDGE ( 'NONE', *, *, #3609, .T. ) ;
#6168 = PRESENTATION_LAYER_ASSIGNMENT (  '', '', ( #7542 ) ) ;
#6169 = DIRECTION ( 'NONE',  ( 0.000000000000000000, 1.748454679999999523E-07, -0.9999999999999846789 ) ) ;
#6170 = DIRECTION ( 'NONE',  ( 0.000000000000000000, -1.748454679999999258E-07, 0.9999999999999846789 ) ) ;
#6171 = EDGE_LOOP ( 'NONE', ( #2029, #218, #4009, #3856 ) ) ;
#6172 = FACE_BOUND ( 'NONE', #4323, .T. ) ;
#6173 =( NAMED_UNIT ( * ) PLANE_ANGLE_UNIT ( ) SI_UNIT ( $, .RADIAN. ) );
#6174 = FILL_AREA_STYLE ('',( #360 ) ) ;
#6175 = CIRCLE ( 'NONE', #3076, 0.6249999999999996669 ) ;
#6176 = ORIENTED_EDGE ( 'NONE', *, *, #4567, .T. ) ;
#6177 = UNCERTAINTY_MEASURE_WITH_UNIT (LENGTH_MEASURE( 1.000000000000000082E-05 ), #3716, 'distance_accuracy_value', 'NONE');
#6178 = EDGE_LOOP ( 'NONE', ( #1477, #6320, #357, #4757 ) ) ;
#6179 = LINE ( 'NONE', #752, #4565 ) ;
#6180 = VECTOR ( 'NONE', #5306, 1000.000000000000000 ) ;
#6181 = DIRECTION ( 'NONE',  ( 0.000000000000000000, -1.748454679999999787E-07, 0.9999999999999849010 ) ) ;
#6182 = FILL_AREA_STYLE ('',( #754 ) ) ;
#6183 = DIRECTION ( 'NONE',  ( 0.000000000000000000, 0.9999999999999846789, 1.748454679999999258E-07 ) ) ;
#6184 = VECTOR ( 'NONE', #1496, 1000.000000000000227 ) ;
#6185 = COLOUR_RGB ( '',1.000000000000000000, 0.6078431372549019107, 0.000000000000000000 ) ;
#6186 = EDGE_LOOP ( 'NONE', ( #3931, #5061, #461, #5108 ) ) ;
#6187 = DIRECTION ( 'NONE',  ( 0.000000000000000000, 0.9999999999999846789, 1.748454679999999258E-07 ) ) ;
#6188 = PRESENTATION_STYLE_ASSIGNMENT (( #5552 ) ) ;
#6189 = SURFACE_SIDE_STYLE ('',( #3752 ) ) ;
#6190 = DIRECTION ( 'NONE',  ( 1.000000000000000000, 0.000000000000000000, 0.000000000000000000 ) ) ;
#6191 = VECTOR ( 'NONE', #6792, 1000.000000000000000 ) ;
#6192 = CARTESIAN_POINT ( 'NONE',  ( 18.30000000000000071, -43.00000000000000000, 0.000000000000000000 ) ) ;
#6193 = DIRECTION ( 'NONE',  ( -1.000000000000000000, 0.000000000000000000, 0.000000000000000000 ) ) ;
#6194 = PRESENTATION_STYLE_ASSIGNMENT (( #7391 ) ) ;
#6195 = EDGE_CURVE ( 'NONE', #6664, #5706, #4611, .T. ) ;
#6196 = DIRECTION ( 'NONE',  ( 0.9999999335329465833, -0.0003646012926775833826, -6.374908238904735300E-11 ) ) ;
#6197 = OPEN_SHELL ( 'NONE', ( #6666, #450 ) ) ;
#6198 = ORIENTED_EDGE ( 'NONE', *, *, #228, .T. ) ;
#6199 = SURFACE_SIDE_STYLE ('',( #5486 ) ) ;
#6200 = VERTEX_POINT ( 'NONE', #1571 ) ;
#6201 =( LENGTH_UNIT ( ) NAMED_UNIT ( * ) SI_UNIT ( .MILLI., .METRE. ) );
#6202 = CARTESIAN_POINT ( 'NONE',  ( 18.30000000000000071, -38.50000000000000000, -2.017369599999999874 ) ) ;
#6203 = AXIS2_PLACEMENT_3D ( 'NONE', #3608, #7002, #5298 ) ;
#6204 = CARTESIAN_POINT ( 'NONE',  ( -24.50000000000000000, 43.00000000000000000, 0.000000000000000000 ) ) ;
#6205 = DIRECTION ( 'NONE',  ( 0.000000000000000000, 0.000000000000000000, -1.000000000000000000 ) ) ;
#6206 = EDGE_CURVE ( 'NONE', #3887, #6495, #409, .T. ) ;
#6207 = ORIENTED_EDGE ( 'NONE', *, *, #1669, .T. ) ;
#6208 = STYLED_ITEM ( 'NONE', ( #6479 ), #1109 ) ;
#6209 = CARTESIAN_POINT ( 'NONE',  ( -5.190334871250000148, -30.42715047045373566, -7.479848713913259672 ) ) ;
#6210 = DIRECTION ( 'NONE',  ( -0.3826758252060216137, 0.9238826834630381457, 1.615367001671931827E-07 ) ) ;
#6211 = VERTEX_POINT ( 'NONE', #6950 ) ;
#6212 = DIRECTION ( 'NONE',  ( 1.000000000000000000, 0.000000000000000000, 0.000000000000000000 ) ) ;
#6213 = FILL_AREA_STYLE_COLOUR ( '', #2295 ) ;
#6214 = CARTESIAN_POINT ( 'NONE',  ( 5.000722144379999179, -4.599266027643010624, -5.979846045073694327 ) ) ;
#6215 = EDGE_CURVE ( 'NONE', #3103, #6103, #1611, .T. ) ;
#6216 =( GEOMETRIC_REPRESENTATION_CONTEXT ( 3 ) GLOBAL_UNCERTAINTY_ASSIGNED_CONTEXT ( ( #233 ) ) GLOBAL_UNIT_ASSIGNED_CONTEXT ( ( #1174, #1206, #6 ) ) REPRESENTATION_CONTEXT ( 'NONE', 'WORKASPACE' ) );
#6217 = ORIENTED_EDGE ( 'NONE', *, *, #7436, .T. ) ;
#6218 = ORIENTED_EDGE ( 'NONE', *, *, #4623, .T. ) ;
#6219 = ORIENTED_EDGE ( 'NONE', *, *, #1612, .T. ) ;
#6220 = AXIS2_PLACEMENT_3D ( 'NONE', #1812, #1445, #127 ) ;
#6221 = FILL_AREA_STYLE ('',( #5787 ) ) ;
#6222 = PRESENTATION_STYLE_ASSIGNMENT (( #3861 ) ) ;
#6223 = AXIS2_PLACEMENT_3D ( 'NONE', #3306, #5659, #3019 ) ;
#6224 = VERTEX_POINT ( 'NONE', #5254 ) ;
#6225 =( LENGTH_UNIT ( ) NAMED_UNIT ( * ) SI_UNIT ( .MILLI., .METRE. ) );
#6226 =( GEOMETRIC_REPRESENTATION_CONTEXT ( 3 ) GLOBAL_UNCERTAINTY_ASSIGNED_CONTEXT ( ( #7099 ) ) GLOBAL_UNIT_ASSIGNED_CONTEXT ( ( #1969, #7342, #4370 ) ) REPRESENTATION_CONTEXT ( 'NONE', 'WORKASPACE' ) );
#6227 = CYLINDRICAL_SURFACE ( 'NONE', #5461, 1.499999999999999556 ) ;
#6228 = CARTESIAN_POINT ( 'NONE',  ( 14.69999999999999929, -38.50000000000000000, -2.017369599999999874 ) ) ;
#6229 = DIRECTION ( 'NONE',  ( 0.000000000000000000, 0.000000000000000000, 1.000000000000000000 ) ) ;
#6230 = LINE ( 'NONE', #6808, #5074 ) ;
#6231 = CARTESIAN_POINT ( 'NONE',  ( -0.02656804421900000115, -2.993528806017086819, -2.017363586801758757 ) ) ;
#6232 = ORIENTED_EDGE ( 'NONE', *, *, #3463, .T. ) ;
#6233 = SURFACE_STYLE_USAGE ( .BOTH. , #6814 ) ;
#6234 = ORIENTED_EDGE ( 'NONE', *, *, #4025, .T. ) ;
#6235 = ADVANCED_FACE ( 'NONE', ( #22 ), #5363, .F. ) ;
#6236 =( NAMED_UNIT ( * ) SI_UNIT ( $, .STERADIAN. ) SOLID_ANGLE_UNIT ( ) );
#6237 = DIRECTION ( 'NONE',  ( 0.000000000000000000, -1.748454679999999258E-07, 0.9999999999999846789 ) ) ;
#6238 = CARTESIAN_POINT ( 'NONE',  ( -3.800007324219000004, -34.49999575194976131, -4.517370073080753556 ) ) ;
#6239 = LINE ( 'NONE', #5086, #7503 ) ;
#6240 =( LENGTH_UNIT ( ) NAMED_UNIT ( * ) SI_UNIT ( .MILLI., .METRE. ) );
#6241 = PRESENTATION_LAYER_ASSIGNMENT (  '', '', ( #6618 ) ) ;
#6242 = VERTEX_POINT ( 'NONE', #5985 ) ;
#6243 =( NAMED_UNIT ( * ) SI_UNIT ( $, .STERADIAN. ) SOLID_ANGLE_UNIT ( ) );
#6244 = ORIENTED_EDGE ( 'NONE', *, *, #1143, .T. ) ;
#6245 = EDGE_CURVE ( 'NONE', #1325, #4937, #1220, .T. ) ;
#6246 = SURFACE_SIDE_STYLE ('',( #2823 ) ) ;
#6247 = EDGE_CURVE ( 'NONE', #6411, #6992, #3021, .T. ) ;
#6248 = PRESENTATION_STYLE_ASSIGNMENT (( #1526 ) ) ;
#6249 =( GEOMETRIC_REPRESENTATION_CONTEXT ( 3 ) GLOBAL_UNCERTAINTY_ASSIGNED_CONTEXT ( ( #1947 ) ) GLOBAL_UNIT_ASSIGNED_CONTEXT ( ( #6469, #2855, #5300 ) ) REPRESENTATION_CONTEXT ( 'NONE', 'WORKASPACE' ) );
#6250 = ORIENTED_EDGE ( 'NONE', *, *, #4016, .F. ) ;
#6251 = UNCERTAINTY_MEASURE_WITH_UNIT (LENGTH_MEASURE( 1.000000000000000082E-05 ), #6964, 'distance_accuracy_value', 'NONE');
#6252 = ORIENTED_EDGE ( 'NONE', *, *, #6822, .F. ) ;
#6253 = ORIENTED_EDGE ( 'NONE', *, *, #3642, .F. ) ;
#6254 = EDGE_CURVE ( 'NONE', #6645, #1997, #1637, .T. ) ;
#6255 = SURFACE_STYLE_FILL_AREA ( #5708 ) ;
#6256 = CARTESIAN_POINT ( 'NONE',  ( 9.999992675780999818, -10.49999575195012902, -4.517365876789521728 ) ) ;
#6257 = MECHANICAL_DESIGN_GEOMETRIC_PRESENTATION_REPRESENTATION (  '', ( #6137 ), #2281 ) ;
#6258 = VECTOR ( 'NONE', #5518, 1000.000000000000227 ) ;
#6259 = CARTESIAN_POINT ( 'NONE',  ( -7.500007324219000182, -34.99999549624153872, -5.979851360503466218 ) ) ;
#6260 = CARTESIAN_POINT ( 'NONE',  ( -7.324219028421710702E-06, -18.99999448194992979, 1.599998607906999881 ) ) ;
#6261 = AXIS2_PLACEMENT_3D ( 'NONE', #5161, #4626, #5723 ) ;
#6262 = ORIENTED_EDGE ( 'NONE', *, *, #872, .T. ) ;
#6263 = VECTOR ( 'NONE', #4153, 1000.000000000000000 ) ;
#6264 = LINE ( 'NONE', #3326, #3666 ) ;
#6265 = COLOUR_RGB ( '',0.000000000000000000, 0.5019607843137254832, 0.000000000000000000 ) ;
#6266 =( NAMED_UNIT ( * ) PLANE_ANGLE_UNIT ( ) SI_UNIT ( $, .RADIAN. ) );
#6267 =( LENGTH_UNIT ( ) NAMED_UNIT ( * ) SI_UNIT ( .MILLI., .METRE. ) );
#6268 = LINE ( 'NONE', #6228, #6741 ) ;
#6269 = COLOUR_RGB ( '',1.000000000000000000, 0.6078431372549019107, 0.000000000000000000 ) ;
#6270 = VECTOR ( 'NONE', #6090, 1000.000000000000000 ) ;
#6271 = CARTESIAN_POINT ( 'NONE',  ( 1.373431955780994418, -2.993528001727873811, -5.917363586801676512 ) ) ;
#6272 = STYLED_ITEM ( 'NONE', ( #7339 ), #7230 ) ;
#6273 = LINE ( 'NONE', #1626, #2587 ) ;
#6274 = LINE ( 'NONE', #931, #420 ) ;
#6275 = EDGE_LOOP ( 'NONE', ( #5433, #6217, #6600, #7346 ) ) ;
#6276 = ORIENTED_EDGE ( 'NONE', *, *, #3882, .T. ) ;
#6277 =( GEOMETRIC_REPRESENTATION_CONTEXT ( 3 ) GLOBAL_UNCERTAINTY_ASSIGNED_CONTEXT ( ( #3625 ) ) GLOBAL_UNIT_ASSIGNED_CONTEXT ( ( #4714, #4077, #2865 ) ) REPRESENTATION_CONTEXT ( 'NONE', 'WORKASPACE' ) );
#6278 = PRESENTATION_STYLE_ASSIGNMENT (( #4501 ) ) ;
#6279 = SURFACE_SIDE_STYLE ('',( #3911 ) ) ;
#6280 = DIRECTION ( 'NONE',  ( 0.000000000000000000, -1.748454679999999258E-07, 0.9999999999999846789 ) ) ;
#6281 = FILL_AREA_STYLE ('',( #3468 ) ) ;
#6282 = LINE ( 'NONE', #3914, #6787 ) ;
#6283 = AXIS2_PLACEMENT_3D ( 'NONE', #7383, #6112, #758 ) ;
#6284 = ORIENTED_EDGE ( 'NONE', *, *, #3747, .T. ) ;
#6285 =( NAMED_UNIT ( * ) SI_UNIT ( $, .STERADIAN. ) SOLID_ANGLE_UNIT ( ) );
#6286 = CARTESIAN_POINT ( 'NONE',  ( -10.70000624421900071, -8.600012602499997882, 1.499999539999999909 ) ) ;
#6287 = VERTEX_POINT ( 'NONE', #591 ) ;
#6288 = CIRCLE ( 'NONE', #557, 0.5000000000000000000 ) ;
#6289 = FILL_AREA_STYLE ('',( #6864 ) ) ;
#6290 = LINE ( 'NONE', #2745, #364 ) ;
#6291 = EDGE_CURVE ( 'NONE', #2395, #838, #626, .T. ) ;
#6292 = ORIENTED_EDGE ( 'NONE', *, *, #126, .T. ) ;
#6293 = ORIENTED_EDGE ( 'NONE', *, *, #5256, .T. ) ;
#6294 = DIRECTION ( 'NONE',  ( 1.000000000000000000, 0.000000000000000000, 0.000000000000000000 ) ) ;
#6295 = FILL_AREA_STYLE ('',( #2712 ) ) ;
#6296 = COLOUR_RGB ( '',0.000000000000000000, 0.5019607843137254832, 0.000000000000000000 ) ;
#6297 = DIRECTION ( 'NONE',  ( 0.000000000000000000, 0.000000000000000000, -1.000000000000000000 ) ) ;
#6298 = ADVANCED_FACE ( 'NONE', ( #7655 ), #4280, .T. ) ;
#6299 = ORIENTED_EDGE ( 'NONE', *, *, #7546, .T. ) ;
#6300 =( LENGTH_UNIT ( ) NAMED_UNIT ( * ) SI_UNIT ( .MILLI., .METRE. ) );
#6301 = COLOUR_RGB ( '',0.000000000000000000, 0.5019607843137254832, 0.000000000000000000 ) ;
#6302 = DIRECTION ( 'NONE',  ( 1.000000000000000000, 0.000000000000000000, 0.000000000000000000 ) ) ;
#6303 = SURFACE_STYLE_FILL_AREA ( #965 ) ;
#6304 = DIRECTION ( 'NONE',  ( -0.9999997009467437303, -0.0007733734047231489257, 0.000000000000000000 ) ) ;
#6305 = CARTESIAN_POINT ( 'NONE',  ( 23.00000000000000000, 41.50000000000000000, -2.017369599999999874 ) ) ;
#6306 = CARTESIAN_POINT ( 'NONE',  ( 11.69999213578100061, -31.00001606249999497, 0.000000000000000000 ) ) ;
#6307 = ADVANCED_FACE ( 'NONE', ( #7136 ), #3558, .T. ) ;
#6308 = DIRECTION ( 'NONE',  ( 1.000000000000000000, 0.000000000000000000, 0.000000000000000000 ) ) ;
#6309 = DIRECTION ( 'NONE',  ( 0.000000000000000000, -1.748454679999999787E-07, 0.9999999999999849010 ) ) ;
#6310 = EDGE_LOOP ( 'NONE', ( #6207, #7618, #3224, #2624 ) ) ;
#6311 = STYLED_ITEM ( 'NONE', ( #1927 ), #450 ) ;
#6312 = CIRCLE ( 'NONE', #6796, 0.6250000000000000000 ) ;
#6313 = ORIENTED_EDGE ( 'NONE', *, *, #4141, .T. ) ;
#6314 =( NAMED_UNIT ( * ) SI_UNIT ( $, .STERADIAN. ) SOLID_ANGLE_UNIT ( ) );
#6315 = SURFACE_STYLE_FILL_AREA ( #1553 ) ;
#6316 =( NAMED_UNIT ( * ) PLANE_ANGLE_UNIT ( ) SI_UNIT ( $, .RADIAN. ) );
#6317 = VECTOR ( 'NONE', #1624, 1000.000000000000227 ) ;
#6318 = CIRCLE ( 'NONE', #2462, 1.100000000000000311 ) ;
#6319 = UNCERTAINTY_MEASURE_WITH_UNIT (LENGTH_MEASURE( 1.000000000000000082E-05 ), #7309, 'distance_accuracy_value', 'NONE');
#6320 = ORIENTED_EDGE ( 'NONE', *, *, #7130, .T. ) ;
#6321 = VERTEX_POINT ( 'NONE', #2184 ) ;
#6322 = STYLED_ITEM ( 'NONE', ( #6373 ), #701 ) ;
#6323 = FILL_AREA_STYLE_COLOUR ( '', #276 ) ;
#6324 = CIRCLE ( 'NONE', #1712, 1.498841284246000383 ) ;
#6325 = CARTESIAN_POINT ( 'NONE',  ( 14.69999999999999929, -43.00000000000000000, -2.017369599999999874 ) ) ;
#6326 = CARTESIAN_POINT ( 'NONE',  ( -10.70000624421900071, -30.00001298249999593, 0.000000000000000000 ) ) ;
#6327 = SURFACE_STYLE_USAGE ( .BOTH. , #2668 ) ;
#6328 = EDGE_LOOP ( 'NONE', ( #7653, #1973 ) ) ;
#6329 = UNCERTAINTY_MEASURE_WITH_UNIT (LENGTH_MEASURE( 1.000000000000000082E-05 ), #2481, 'distance_accuracy_value', 'NONE');
#6330 = ORIENTED_EDGE ( 'NONE', *, *, #1281, .T. ) ;
#6331 = ORIENTED_EDGE ( 'NONE', *, *, #1363, .F. ) ;
#6332 = DIRECTION ( 'NONE',  ( 0.000000000000000000, -1.748454679999999258E-07, 0.9999999999999846789 ) ) ;
#6333 = EDGE_CURVE ( 'NONE', #5990, #3440, #7399, .T. ) ;
#6334 = CARTESIAN_POINT ( 'NONE',  ( 12.69999267578099911, -6.600016602499999330, 0.000000000000000000 ) ) ;
#6335 =( GEOMETRIC_REPRESENTATION_CONTEXT ( 3 ) GLOBAL_UNCERTAINTY_ASSIGNED_CONTEXT ( ( #5408 ) ) GLOBAL_UNIT_ASSIGNED_CONTEXT ( ( #1632, #2382, #5925 ) ) REPRESENTATION_CONTEXT ( 'NONE', 'WORKASPACE' ) );
#6336 = FACE_OUTER_BOUND ( 'NONE', #2812, .T. ) ;
#6337 = LINE ( 'NONE', #2629, #712 ) ;
#6338 = ORIENTED_EDGE ( 'NONE', *, *, #4796, .T. ) ;
#6339 = PRESENTATION_LAYER_ASSIGNMENT (  '', '', ( #5349 ) ) ;
#6340 = DIRECTION ( 'NONE',  ( 0.000000000000000000, 0.000000000000000000, 1.000000000000000000 ) ) ;
#6341 = EDGE_CURVE ( 'NONE', #547, #4878, #34, .T. ) ;
#6342 = EDGE_CURVE ( 'NONE', #6782, #7544, #3954, .T. ) ;
#6343 = CARTESIAN_POINT ( 'NONE',  ( 18.30000000000000071, -38.50000000000000000, -2.017369599999999874 ) ) ;
#6344 = CIRCLE ( 'NONE', #4125, 1.399999999999999689 ) ;
#6345 = DIRECTION ( 'NONE',  ( 0.000000000000000000, 0.000000000000000000, -1.000000000000000000 ) ) ;
#6346 = CARTESIAN_POINT ( 'NONE',  ( 8.501159163987001222, -27.50115916397999527, -2.017369599999999874 ) ) ;
#6347 = SURFACE_STYLE_FILL_AREA ( #3992 ) ;
#6348 = DIRECTION ( 'NONE',  ( 1.000000000000000000, 0.000000000000000000, 0.000000000000000000 ) ) ;
#6349 =( NAMED_UNIT ( * ) SI_UNIT ( $, .STERADIAN. ) SOLID_ANGLE_UNIT ( ) );
#6350 = ORIENTED_EDGE ( 'NONE', *, *, #923, .F. ) ;
#6351 =( GEOMETRIC_REPRESENTATION_CONTEXT ( 3 ) GLOBAL_UNCERTAINTY_ASSIGNED_CONTEXT ( ( #1116 ) ) GLOBAL_UNIT_ASSIGNED_CONTEXT ( ( #3967, #3352, #4559 ) ) REPRESENTATION_CONTEXT ( 'NONE', 'WORKASPACE' ) );
#6352 = ORIENTED_EDGE ( 'NONE', *, *, #2937, .T. ) ;
#6353 = EDGE_CURVE ( 'NONE', #4643, #975, #7355, .T. ) ;
#6354 = SURFACE_STYLE_FILL_AREA ( #7481 ) ;
#6355 = FACE_BOUND ( 'NONE', #6735, .T. ) ;
#6356 = CARTESIAN_POINT ( 'NONE',  ( 12.69999267578099911, -6.600016602499999330, 2.540000000000000036 ) ) ;
#6357 = LINE ( 'NONE', #2654, #742 ) ;
#6358 = DIRECTION ( 'NONE',  ( 1.000000000000000000, 0.000000000000000000, 0.000000000000000000 ) ) ;
#6359 = CIRCLE ( 'NONE', #1129, 1.499999999999999556 ) ;
#6360 =( NAMED_UNIT ( * ) PLANE_ANGLE_UNIT ( ) SI_UNIT ( $, .RADIAN. ) );
#6361 = ORIENTED_EDGE ( 'NONE', *, *, #773, .F. ) ;
#6362 = FILL_AREA_STYLE ('',( #4004 ) ) ;
#6363 =( LENGTH_UNIT ( ) NAMED_UNIT ( * ) SI_UNIT ( .MILLI., .METRE. ) );
#6364 = AXIS2_PLACEMENT_3D ( 'NONE', #5681, #334, #3412 ) ;
#6365 = LINE ( 'NONE', #7608, #4629 ) ;
#6366 = ORIENTED_EDGE ( 'NONE', *, *, #3020, .T. ) ;
#6367 = ORIENTED_EDGE ( 'NONE', *, *, #3169, .T. ) ;
#6368 = SURFACE_SIDE_STYLE ('',( #2118 ) ) ;
#6369 = DIRECTION ( 'NONE',  ( 0.000000000000000000, -1.748454679999999258E-07, 0.9999999999999846789 ) ) ;
#6370 =( GEOMETRIC_REPRESENTATION_CONTEXT ( 3 ) GLOBAL_UNCERTAINTY_ASSIGNED_CONTEXT ( ( #2105 ) ) GLOBAL_UNIT_ASSIGNED_CONTEXT ( ( #4206, #4134, #7688 ) ) REPRESENTATION_CONTEXT ( 'NONE', 'WORKASPACE' ) );
#6371 = SURFACE_STYLE_FILL_AREA ( #4051 ) ;
#6372 = PRESENTATION_STYLE_ASSIGNMENT (( #2797 ) ) ;
#6373 = PRESENTATION_STYLE_ASSIGNMENT (( #2838 ) ) ;
#6374 = VERTEX_POINT ( 'NONE', #121 ) ;
#6375 = PRESENTATION_LAYER_ASSIGNMENT (  '', '', ( #5150 ) ) ;
#6376 = EDGE_CURVE ( 'NONE', #706, #1873, #936, .T. ) ;
#6377 = ORIENTED_EDGE ( 'NONE', *, *, #3380, .F. ) ;
#6378 = DIRECTION ( 'NONE',  ( 0.000000000000000000, 0.000000000000000000, 1.000000000000000000 ) ) ;
#6379 = CIRCLE ( 'NONE', #7359, 1.498841284246002159 ) ;
#6380 = AXIS2_PLACEMENT_3D ( 'NONE', #3896, #2558, #3200 ) ;
#6381 = FILL_AREA_STYLE ('',( #7588 ) ) ;
#6382 = CARTESIAN_POINT ( 'NONE',  ( 10.69999159578100034, -30.00001298249999593, 0.000000000000000000 ) ) ;
#6383 = CYLINDRICAL_SURFACE ( 'NONE', #5812, 1.499999999999999556 ) ;
#6384 = FILL_AREA_STYLE ('',( #3499 ) ) ;
#6385 =( GEOMETRIC_REPRESENTATION_CONTEXT ( 3 ) GLOBAL_UNCERTAINTY_ASSIGNED_CONTEXT ( ( #4082 ) ) GLOBAL_UNIT_ASSIGNED_CONTEXT ( ( #5527, #6162, #7352 ) ) REPRESENTATION_CONTEXT ( 'NONE', 'WORKASPACE' ) );
#6386 =( GEOMETRIC_REPRESENTATION_CONTEXT ( 3 ) GLOBAL_UNCERTAINTY_ASSIGNED_CONTEXT ( ( #5865 ) ) GLOBAL_UNIT_ASSIGNED_CONTEXT ( ( #4427, #988, #5015 ) ) REPRESENTATION_CONTEXT ( 'NONE', 'WORKASPACE' ) );
#6387 = EDGE_CURVE ( 'NONE', #5684, #3658, #4539, .T. ) ;
#6388 = LINE ( 'NONE', #5159, #2290 ) ;
#6389 = ORIENTED_EDGE ( 'NONE', *, *, #1855, .T. ) ;
#6390 = FILL_AREA_STYLE ('',( #1673 ) ) ;
#6391 = PRESENTATION_LAYER_ASSIGNMENT (  '', '', ( #4792 ) ) ;
#6392 = SURFACE_STYLE_FILL_AREA ( #2815 ) ;
#6393 = SURFACE_STYLE_USAGE ( .BOTH. , #980 ) ;
#6394 = DIRECTION ( 'NONE',  ( 0.000000000000000000, 0.000000000000000000, 1.000000000000000000 ) ) ;
#6395 = DIRECTION ( 'NONE',  ( 0.7071067811865476838, 0.7071067811865366926, 1.236344160825354801E-07 ) ) ;
#6396 = PRESENTATION_LAYER_ASSIGNMENT (  '', '', ( #3677 ) ) ;
#6397 = EDGE_CURVE ( 'NONE', #5281, #6224, #3291, .T. ) ;
#6398 = EDGE_CURVE ( 'NONE', #4975, #5827, #2510, .T. ) ;
#6399 = STYLED_ITEM ( 'NONE', ( #3953 ), #4158 ) ;
#6400 = PRESENTATION_LAYER_ASSIGNMENT (  '', '', ( #4929 ) ) ;
#6401 = FACE_OUTER_BOUND ( 'NONE', #5329, .T. ) ;
#6402 = ORIENTED_EDGE ( 'NONE', *, *, #753, .F. ) ;
#6403 = SURFACE_STYLE_USAGE ( .BOTH. , #1639 ) ;
#6404 = FACE_BOUND ( 'NONE', #5642, .T. ) ;
#6405 = CARTESIAN_POINT ( 'NONE',  ( -11.70000678421900098, -7.600014602499998162, 0.000000000000000000 ) ) ;
#6406 = CARTESIAN_POINT ( 'NONE',  ( -9.810068044218997585, -34.99355811853482834, -9.301255507168969316 ) ) ;
#6407 = COLOUR_RGB ( '',0.000000000000000000, 0.5019607843137254832, 0.000000000000000000 ) ;
#6408 = CARTESIAN_POINT ( 'NONE',  ( -40.00000000000000000, 40.00000000000000000, 0.000000000000000000 ) ) ;
#6409 = VECTOR ( 'NONE', #2947, 1000.000000000000000 ) ;
#6410 = EDGE_CURVE ( 'NONE', #7252, #363, #6623, .T. ) ;
#6411 = VERTEX_POINT ( 'NONE', #5164 ) ;
#6412 = UNCERTAINTY_MEASURE_WITH_UNIT (LENGTH_MEASURE( 1.000000000000000082E-05 ), #3066, 'distance_accuracy_value', 'NONE');
#6413 = VERTEX_POINT ( 'NONE', #2098 ) ;
#6414 = AXIS2_PLACEMENT_3D ( 'NONE', #1022, #1857, #4887 ) ;
#6415 = EDGE_LOOP ( 'NONE', ( #1407, #3802, #361, #1732 ) ) ;
#6416 = PRESENTATION_STYLE_ASSIGNMENT (( #6912 ) ) ;
#6417 = SURFACE_STYLE_FILL_AREA ( #4570 ) ;
#6418 = CARTESIAN_POINT ( 'NONE',  ( 12.69899267578099966, -6.599995751950190837, -4.517365194892196456 ) ) ;
#6419 = CIRCLE ( 'NONE', #5913, 1.498841284246000605 ) ;
#6420 = VERTEX_POINT ( 'NONE', #7351 ) ;
#6421 = EDGE_LOOP ( 'NONE', ( #5763, #4749 ) ) ;
#6422 = AXIS2_PLACEMENT_3D ( 'NONE', #2167, #2754, #5627 ) ;
#6423 = CARTESIAN_POINT ( 'NONE',  ( 20.00000000000000000, 32.39999999999999858, -2.017369599999999874 ) ) ;
#6424 = CARTESIAN_POINT ( 'NONE',  ( -5.127182851250000617, -30.49030310241298025, -3.979848104955158394 ) ) ;
#6425 = DIRECTION ( 'NONE',  ( 0.000000000000000000, -1.748454679999999523E-07, 0.9999999999999846789 ) ) ;
#6426 = CARTESIAN_POINT ( 'NONE',  ( 12.69899267578099966, -6.599995496241980675, -5.979846394892175176 ) ) ;
#6427 = VECTOR ( 'NONE', #2899, 1000.000000000000000 ) ;
#6428 = SURFACE_STYLE_FILL_AREA ( #4808 ) ;
#6429 = LINE ( 'NONE', #6578, #1041 ) ;
#6430 = SURFACE_STYLE_FILL_AREA ( #4026 ) ;
#6431 = CARTESIAN_POINT ( 'NONE',  ( -23.00000000000000000, 41.50000000000000000, 0.000000000000000000 ) ) ;
#6432 = DIRECTION ( 'NONE',  ( 0.000000000000000000, 1.748454679999999523E-07, -0.9999999999999847899 ) ) ;
#6433 = AXIS2_PLACEMENT_3D ( 'NONE', #6726, #1424, #1379 ) ;
#6434 = ADVANCED_FACE ( 'NONE', ( #4500 ), #2732, .F. ) ;
#6435 = SURFACE_STYLE_FILL_AREA ( #5203 ) ;
#6436 = DIRECTION ( 'NONE',  ( 0.000000000000000000, 0.9999999999999847899, 1.748454679999999523E-07 ) ) ;
#6437 = DIRECTION ( 'NONE',  ( 0.000000000000000000, 1.748454679999999523E-07, -0.9999999999999846789 ) ) ;
#6438 = LINE ( 'NONE', #6974, #317 ) ;
#6439 = DIRECTION ( 'NONE',  ( 0.000000000000000000, -1.748454679999999787E-07, 0.9999999999999849010 ) ) ;
#6440 = ORIENTED_EDGE ( 'NONE', *, *, #957, .F. ) ;
#6441 = CARTESIAN_POINT ( 'NONE',  ( 40.00000000000000000, -40.00000000000000000, -2.017369599999999874 ) ) ;
#6442 = ADVANCED_FACE ( 'NONE', ( #340 ), #3906, .F. ) ;
#6443 = STYLED_ITEM ( 'NONE', ( #4062 ), #378 ) ;
#6444 = FACE_OUTER_BOUND ( 'NONE', #7322, .T. ) ;
#6445 = CARTESIAN_POINT ( 'NONE',  ( -4.955364551250029947, -30.52447880241297895, -3.979848110930624294 ) ) ;
#6446 = EDGE_LOOP ( 'NONE', ( #1991, #6007, #6909, #60 ) ) ;
#6447 = VERTEX_POINT ( 'NONE', #3287 ) ;
#6448 = AXIS2_PLACEMENT_3D ( 'NONE', #293, #459, #6810 ) ;
#6449 = SURFACE_STYLE_USAGE ( .BOTH. , #589 ) ;
#6450 = ORIENTED_EDGE ( 'NONE', *, *, #5922, .F. ) ;
#6451 = CARTESIAN_POINT ( 'NONE',  ( 8.999992675780998042, -34.99999549624153872, -5.979851360503466218 ) ) ;
#6452 = DIRECTION ( 'NONE',  ( 0.000000000000000000, 1.748454679999999787E-07, -0.9999999999999849010 ) ) ;
#6453 = EDGE_CURVE ( 'NONE', #5900, #1531, #6991, .T. ) ;
#6454 = DIRECTION ( 'NONE',  ( -1.000000000000000000, 0.000000000000000000, 0.000000000000000000 ) ) ;
#6455 = CARTESIAN_POINT ( 'NONE',  ( 9.525000000000000355, 8.000000000000000000, 0.000000000000000000 ) ) ;
#6456 = MECHANICAL_DESIGN_GEOMETRIC_PRESENTATION_REPRESENTATION (  '', ( #7691 ), #1216 ) ;
#6457 = LINE ( 'NONE', #3599, #6079 ) ;
#6458 = VERTEX_POINT ( 'NONE', #295 ) ;
#6459 = VERTEX_POINT ( 'NONE', #7345 ) ;
#6460 = STYLED_ITEM ( 'NONE', ( #6940 ), #1067 ) ;
#6461 = LINE ( 'NONE', #5792, #1391 ) ;
#6462 = CARTESIAN_POINT ( 'NONE',  ( 40.00000000000000000, 40.00000000000000000, -2.017369599999999874 ) ) ;
#6463 = FACE_OUTER_BOUND ( 'NONE', #3251, .T. ) ;
#6464 = CARTESIAN_POINT ( 'NONE',  ( -40.00000000000000000, -43.00000000000000000, -2.017369599999999874 ) ) ;
#6465 = FILL_AREA_STYLE_COLOUR ( '', #6185 ) ;
#6466 = VECTOR ( 'NONE', #2125, 1000.000000000000000 ) ;
#6467 = FILL_AREA_STYLE ('',( #4145 ) ) ;
#6468 = SURFACE_SIDE_STYLE ('',( #4704 ) ) ;
#6469 =( LENGTH_UNIT ( ) NAMED_UNIT ( * ) SI_UNIT ( .MILLI., .METRE. ) );
#6470 = CARTESIAN_POINT ( 'NONE',  ( 0.000000000000000000, 2.000000000000000000, -2.017369599999999874 ) ) ;
#6471 = CARTESIAN_POINT ( 'NONE',  ( -5.127182851250000617, -30.49030249045373608, -7.479848724955104444 ) ) ;
#6472 = LINE ( 'NONE', #6546, #2599 ) ;
#6473 = LINE ( 'NONE', #1555, #6486 ) ;
#6474 = PRESENTATION_STYLE_ASSIGNMENT (( #7154 ) ) ;
#6475 = SURFACE_STYLE_FILL_AREA ( #3425 ) ;
#6476 = VECTOR ( 'NONE', #5490, 1000.000000000000227 ) ;
#6477 = EDGE_CURVE ( 'NONE', #559, #2182, #3793, .T. ) ;
#6478 = VERTEX_POINT ( 'NONE', #3252 ) ;
#6479 = PRESENTATION_STYLE_ASSIGNMENT (( #7645 ) ) ;
#6480 = DIRECTION ( 'NONE',  ( 0.000000000000000000, 0.000000000000000000, 1.000000000000000000 ) ) ;
#6481 = DIRECTION ( 'NONE',  ( 0.000000000000000000, 0.000000000000000000, 1.000000000000000000 ) ) ;
#6482 =( LENGTH_UNIT ( ) NAMED_UNIT ( * ) SI_UNIT ( .MILLI., .METRE. ) );
#6483 = ORIENTED_EDGE ( 'NONE', *, *, #7103, .F. ) ;
#6484 = UNCERTAINTY_MEASURE_WITH_UNIT (LENGTH_MEASURE( 1.000000000000000082E-05 ), #1884, 'distance_accuracy_value', 'NONE');
#6485 = EDGE_CURVE ( 'NONE', #5951, #5241, #7437, .T. ) ;
#6486 = VECTOR ( 'NONE', #3956, 1000.000000000000000 ) ;
#6487 = VERTEX_POINT ( 'NONE', #1505 ) ;
#6488 = DIRECTION ( 'NONE',  ( 1.000000000000000000, 0.000000000000000000, 0.000000000000000000 ) ) ;
#6489 = ORIENTED_EDGE ( 'NONE', *, *, #4491, .T. ) ;
#6490 = ADVANCED_FACE ( 'NONE', ( #2727 ), #5121, .T. ) ;
#6491 = DIRECTION ( 'NONE',  ( 1.000000000000000000, 0.000000000000000000, 0.000000000000000000 ) ) ;
#6492 = SURFACE_SIDE_STYLE ('',( #3703 ) ) ;
#6493 = DIRECTION ( 'NONE',  ( 0.000000000000000000, 1.748454679999999787E-07, -0.9999999999999849010 ) ) ;
#6494 = CARTESIAN_POINT ( 'NONE',  ( -10.70000624421900071, -30.00001298249999593, 0.000000000000000000 ) ) ;
#6495 = VERTEX_POINT ( 'NONE', #5236 ) ;
#6496 = UNCERTAINTY_MEASURE_WITH_UNIT (LENGTH_MEASURE( 1.000000000000000082E-05 ), #6201, 'distance_accuracy_value', 'NONE');
#6497 = EDGE_CURVE ( 'NONE', #5225, #7560, #2256, .T. ) ;
#6498 = ORIENTED_EDGE ( 'NONE', *, *, #5473, .F. ) ;
#6499 = EDGE_CURVE ( 'NONE', #3743, #1948, #1010, .T. ) ;
#6500 = VECTOR ( 'NONE', #6332, 1000.000000000000227 ) ;
#6501 = FACE_OUTER_BOUND ( 'NONE', #4127, .T. ) ;
#6502 = FILL_AREA_STYLE_COLOUR ( '', #4403 ) ;
#6503 = CARTESIAN_POINT ( 'NONE',  ( -4.872855191250001106, -30.49030249045373608, -7.479848724955104444 ) ) ;
#6504 = CARTESIAN_POINT ( 'NONE',  ( -9.021807453828001755, -9.999995971950001561, 1.649998507907000089 ) ) ;
#6505 = MECHANICAL_DESIGN_GEOMETRIC_PRESENTATION_REPRESENTATION (  '', ( #265 ), #3154 ) ;
#6506 = SURFACE_STYLE_USAGE ( .BOTH. , #3718 ) ;
#6507 = COLOUR_RGB ( '',0.000000000000000000, 0.5019607843137254832, 0.000000000000000000 ) ;
#6508 = CARTESIAN_POINT ( 'NONE',  ( -41.30000000000000426, 40.00000000000000000, -2.017369599999999874 ) ) ;
#6509 = LINE ( 'NONE', #1132, #5959 ) ;
#6510 = AXIS2_PLACEMENT_3D ( 'NONE', #822, #2058, #4377 ) ;
#6511 = SURFACE_STYLE_USAGE ( .BOTH. , #2421 ) ;
#6512 = PRESENTATION_STYLE_ASSIGNMENT (( #648 ) ) ;
#6513 =( GEOMETRIC_REPRESENTATION_CONTEXT ( 3 ) GLOBAL_UNCERTAINTY_ASSIGNED_CONTEXT ( ( #4462 ) ) GLOBAL_UNIT_ASSIGNED_CONTEXT ( ( #2000, #4484, #4368 ) ) REPRESENTATION_CONTEXT ( 'NONE', 'WORKASPACE' ) );
#6514 = ORIENTED_EDGE ( 'NONE', *, *, #4504, .F. ) ;
#6515 = VECTOR ( 'NONE', #3302, 1000.000000000000000 ) ;
#6516 = DIRECTION ( 'NONE',  ( 0.000000000000000000, 1.748454679999999787E-07, -0.9999999999999849010 ) ) ;
#6517 =( GEOMETRIC_REPRESENTATION_CONTEXT ( 3 ) GLOBAL_UNCERTAINTY_ASSIGNED_CONTEXT ( ( #7660 ) ) GLOBAL_UNIT_ASSIGNED_CONTEXT ( ( #1213, #1392, #7316 ) ) REPRESENTATION_CONTEXT ( 'NONE', 'WORKASPACE' ) );
#6518 = CARTESIAN_POINT ( 'NONE',  ( -14.69999999999999929, -43.20000000000000284, 0.000000000000000000 ) ) ;
#6519 = AXIS2_PLACEMENT_3D ( 'NONE', #1127, #5419, #572 ) ;
#6520 = PRESENTATION_STYLE_ASSIGNMENT (( #5851 ) ) ;
#6521 = DIRECTION ( 'NONE',  ( 0.9238726279500996119, -0.3827001010250355439, -6.691337826737064132E-08 ) ) ;
#6522 = CIRCLE ( 'NONE', #921, 1.500000000000000000 ) ;
#6523 = AXIS2_PLACEMENT_3D ( 'NONE', #476, #2315, #3551 ) ;
#6524 = COLOUR_RGB ( '',1.000000000000000000, 1.000000000000000000, 1.000000000000000000 ) ;
#6525 = ORIENTED_EDGE ( 'NONE', *, *, #3609, .F. ) ;
#6526 = PRESENTATION_STYLE_ASSIGNMENT (( #6449 ) ) ;
#6527 = ORIENTED_EDGE ( 'NONE', *, *, #1811, .F. ) ;
#6528 = SURFACE_STYLE_USAGE ( .BOTH. , #4167 ) ;
#6529 = FILL_AREA_STYLE_COLOUR ( '', #4023 ) ;
#6530 = DIRECTION ( 'NONE',  ( 0.000000000000000000, 0.000000000000000000, -1.000000000000000000 ) ) ;
#6531 = AXIS2_PLACEMENT_3D ( 'NONE', #1055, #4627, #5800 ) ;
#6532 = EDGE_CURVE ( 'NONE', #4668, #240, #3898, .T. ) ;
#6533 = DIRECTION ( 'NONE',  ( 0.000000000000000000, -1.748454679999999523E-07, 0.9999999999999847899 ) ) ;
#6534 = ORIENTED_EDGE ( 'NONE', *, *, #2092, .T. ) ;
#6535 = COLOUR_RGB ( '',0.000000000000000000, 0.000000000000000000, 0.5019607843137254832 ) ;
#6536 = ORIENTED_EDGE ( 'NONE', *, *, #4623, .F. ) ;
#6537 = PRESENTATION_LAYER_ASSIGNMENT (  '', '', ( #3698 ) ) ;
#6538 = EDGE_CURVE ( 'NONE', #1718, #6321, #7521, .T. ) ;
#6539 = LINE ( 'NONE', #5263, #732 ) ;
#6540 = ADVANCED_FACE ( 'NONE', ( #6967 ), #6890, .F. ) ;
#6541 =( LENGTH_UNIT ( ) NAMED_UNIT ( * ) SI_UNIT ( .MILLI., .METRE. ) );
#6542 = STYLED_ITEM ( 'NONE', ( #6372 ), #4885 ) ;
#6543 = FILL_AREA_STYLE_COLOUR ( '', #6028 ) ;
#6544 = CARTESIAN_POINT ( 'NONE',  ( 8.977176106171999237, -27.99999553195000246, 1.649998507907000089 ) ) ;
#6545 = EDGE_CURVE ( 'NONE', #3805, #3023, #2892, .T. ) ;
#6546 = CARTESIAN_POINT ( 'NONE',  ( -5.127182851250000617, -30.49030249045373608, -7.479848724955104444 ) ) ;
#6547 = DIRECTION ( 'NONE',  ( 1.000000000000000000, 0.000000000000000000, 0.000000000000000000 ) ) ;
#6548 = DIRECTION ( 'NONE',  ( 1.000000000000000000, 0.000000000000000000, 0.000000000000000000 ) ) ;
#6549 = EDGE_LOOP ( 'NONE', ( #5621, #7038, #5465, #1359 ) ) ;
#6550 = VECTOR ( 'NONE', #5720, 1000.000000000000000 ) ;
#6551 = CARTESIAN_POINT ( 'NONE',  ( 39.99890579710099558, -39.99890579710000083, -2.017369599999999874 ) ) ;
#6552 = DIRECTION ( 'NONE',  ( -0.9999999999999962252, -8.742277447234150624E-08, -1.549848670304739938E-14 ) ) ;
#6553 = CARTESIAN_POINT ( 'NONE',  ( -10.50000732421900018, -37.99999549624150319, -5.979851885039869863 ) ) ;
#6554 =( GEOMETRIC_REPRESENTATION_CONTEXT ( 3 ) GLOBAL_UNCERTAINTY_ASSIGNED_CONTEXT ( ( #6789 ) ) GLOBAL_UNIT_ASSIGNED_CONTEXT ( ( #4625, #5683, #2852 ) ) REPRESENTATION_CONTEXT ( 'NONE', 'WORKASPACE' ) );
#6555 = COLOUR_RGB ( '',1.000000000000000000, 1.000000000000000000, 1.000000000000000000 ) ;
#6556 = ORIENTED_EDGE ( 'NONE', *, *, #861, .T. ) ;
#6557 = DIRECTION ( 'NONE',  ( 0.000000000000000000, 0.000000000000000000, 1.000000000000000000 ) ) ;
#6558 = VERTEX_POINT ( 'NONE', #4535 ) ;
#6559 = CARTESIAN_POINT ( 'NONE',  ( -0.1903348712500000095, -30.17282281045374148, -7.479848669445221532 ) ) ;
#6560 = CIRCLE ( 'NONE', #6929, 1.300000000000000044 ) ;
#6561 = FILL_AREA_STYLE ('',( #6529 ) ) ;
#6562 = DIRECTION ( 'NONE',  ( 0.000000000000000000, 1.748454679999999258E-07, -0.9999999999999846789 ) ) ;
#6563 =( GEOMETRIC_REPRESENTATION_CONTEXT ( 3 ) GLOBAL_UNCERTAINTY_ASSIGNED_CONTEXT ( ( #1882 ) ) GLOBAL_UNIT_ASSIGNED_CONTEXT ( ( #7550, #2370, #5862 ) ) REPRESENTATION_CONTEXT ( 'NONE', 'WORKASPACE' ) );
#6564 = CIRCLE ( 'NONE', #3357, 1.499999999999999556 ) ;
#6565 = ORIENTED_EDGE ( 'NONE', *, *, #1370, .F. ) ;
#6566 = UNCERTAINTY_MEASURE_WITH_UNIT (LENGTH_MEASURE( 1.000000000000000082E-05 ), #3713, 'distance_accuracy_value', 'NONE');
#6567 = VERTEX_POINT ( 'NONE', #4705 ) ;
#6568 = ORIENTED_EDGE ( 'NONE', *, *, #4398, .T. ) ;
#6569 = EDGE_CURVE ( 'NONE', #7414, #3723, #2401, .T. ) ;
#6570 = VECTOR ( 'NONE', #7461, 999.9999999999998863 ) ;
#6571 = VECTOR ( 'NONE', #5938, 1000.000000000000227 ) ;
#6572 =( LENGTH_UNIT ( ) NAMED_UNIT ( * ) SI_UNIT ( .MILLI., .METRE. ) );
#6573 = LINE ( 'NONE', #4354, #152 ) ;
#6574 = FILL_AREA_STYLE ('',( #2556 ) ) ;
#6575 = CARTESIAN_POINT ( 'NONE',  ( -4.775524931250000549, -30.34464111045367929, -7.479848699486872476 ) ) ;
#6576 =( GEOMETRIC_REPRESENTATION_CONTEXT ( 3 ) GLOBAL_UNCERTAINTY_ASSIGNED_CONTEXT ( ( #1961 ) ) GLOBAL_UNIT_ASSIGNED_CONTEXT ( ( #267, #2067, #2704 ) ) REPRESENTATION_CONTEXT ( 'NONE', 'WORKASPACE' ) );
#6577 = CYLINDRICAL_SURFACE ( 'NONE', #6679, 3.001094402371998981 ) ;
#6578 = CARTESIAN_POINT ( 'NONE',  ( -38.69999999999999574, -40.00000000000000000, -2.017369599999999874 ) ) ;
#6579 = EDGE_CURVE ( 'NONE', #193, #4562, #4109, .T. ) ;
#6580 = CARTESIAN_POINT ( 'NONE',  ( 10.49999267578099804, -34.99999549624153872, -5.979851360503466218 ) ) ;
#6581 =( NAMED_UNIT ( * ) SI_UNIT ( $, .STERADIAN. ) SOLID_ANGLE_UNIT ( ) );
#6582 = CARTESIAN_POINT ( 'NONE',  ( -40.00000000000000000, -40.00000000000000000, -2.017369599999999874 ) ) ;
#6583 = EDGE_CURVE ( 'NONE', #2285, #2018, #1652, .T. ) ;
#6584 =( LENGTH_UNIT ( ) NAMED_UNIT ( * ) SI_UNIT ( .MILLI., .METRE. ) );
#6585 = CIRCLE ( 'NONE', #3388, 1.498841284246002159 ) ;
#6586 = PRESENTATION_STYLE_ASSIGNMENT (( #4770 ) ) ;
#6587 = CARTESIAN_POINT ( 'NONE',  ( -24.50000000000000000, 43.00000000000000000, -2.017369599999999874 ) ) ;
#6588 = DIRECTION ( 'NONE',  ( 1.000000000000000000, 0.000000000000000000, 0.000000000000000000 ) ) ;
#6589 = APPLICATION_PROTOCOL_DEFINITION ( 'draft international standard', 'automotive_design', 1998, #7073 ) ;
#6590 = EDGE_CURVE ( 'NONE', #3766, #3805, #2973, .T. ) ;
#6591 = ORIENTED_EDGE ( 'NONE', *, *, #2356, .F. ) ;
#6592 = VECTOR ( 'NONE', #2234, 1000.000000000000000 ) ;
#6593 = CARTESIAN_POINT ( 'NONE',  ( 2.148431955780991220, -2.993527933975221877, -5.917363586801665853 ) ) ;
#6594 = CARTESIAN_POINT ( 'NONE',  ( 8.977176106171999237, -9.999995971950001561, 1.649998507907000089 ) ) ;
#6595 = DIRECTION ( 'NONE',  ( 1.000000000000000000, 0.000000000000000000, 0.000000000000000000 ) ) ;
#6596 =( LENGTH_UNIT ( ) NAMED_UNIT ( * ) SI_UNIT ( .MILLI., .METRE. ) );
#6597 = PRESENTATION_LAYER_ASSIGNMENT (  '', '', ( #496 ) ) ;
#6598 = EDGE_LOOP ( 'NONE', ( #5503, #5019, #5673, #6253 ) ) ;
#6599 = SURFACE_STYLE_USAGE ( .BOTH. , #7344 ) ;
#6600 = ORIENTED_EDGE ( 'NONE', *, *, #1475, .T. ) ;
#6601 = PRESENTATION_STYLE_ASSIGNMENT (( #4945 ) ) ;
#6602 = ORIENTED_EDGE ( 'NONE', *, *, #4346, .T. ) ;
#6603 = STYLED_ITEM ( 'NONE', ( #6474 ), #2138 ) ;
#6604 = DIRECTION ( 'NONE',  ( 0.3826758252060216137, 0.9238826834630381457, 1.615367001671931827E-07 ) ) ;
#6605 = SURFACE_STYLE_FILL_AREA ( #7212 ) ;
#6606 = CARTESIAN_POINT ( 'NONE',  ( 18.30000000000000071, -43.20000000000000284, 0.000000000000000000 ) ) ;
#6607 = SURFACE_STYLE_USAGE ( .BOTH. , #628 ) ;
#6608 = VECTOR ( 'NONE', #3755, 1000.000000000000000 ) ;
#6609 = VERTEX_POINT ( 'NONE', #3007 ) ;
#6610 = EDGE_LOOP ( 'NONE', ( #7090, #6366, #7662, #6788 ) ) ;
#6611 =( NAMED_UNIT ( * ) SI_UNIT ( $, .STERADIAN. ) SOLID_ANGLE_UNIT ( ) );
#6612 = SURFACE_STYLE_FILL_AREA ( #2447 ) ;
#6613 = SURFACE_SIDE_STYLE ('',( #3118 ) ) ;
#6614 = SURFACE_STYLE_USAGE ( .BOTH. , #5378 ) ;
#6615 = CARTESIAN_POINT ( 'NONE',  ( 12.70099267578100033, -35.79799549624153343, -5.979851500030148870 ) ) ;
#6616 = FACE_BOUND ( 'NONE', #232, .T. ) ;
#6617 = FACE_BOUND ( 'NONE', #4385, .T. ) ;
#6618 = STYLED_ITEM ( 'NONE', ( #842 ), #6066 ) ;
#6619 =( LENGTH_UNIT ( ) NAMED_UNIT ( * ) SI_UNIT ( .MILLI., .METRE. ) );
#6620 = CARTESIAN_POINT ( 'NONE',  ( -41.30000000000000426, 40.00000000000000000, 0.000000000000000000 ) ) ;
#6621 = FILL_AREA_STYLE ('',( #4196 ) ) ;
#6622 = EDGE_CURVE ( 'NONE', #341, #6638, #4678, .T. ) ;
#6623 = CIRCLE ( 'NONE', #7495, 2.198754738790999586 ) ;
#6624 = ORIENTED_EDGE ( 'NONE', *, *, #3160, .F. ) ;
#6625 = CARTESIAN_POINT ( 'NONE',  ( -7.324219000000000424E-06, -2.999995751950247147, -4.517364565448511726 ) ) ;
#6626 = COLOUR_RGB ( '',0.6980392156862744724, 0.6745098039215686736, 0.6901960784313725394 ) ;
#6627 = PRESENTATION_STYLE_ASSIGNMENT (( #7237 ) ) ;
#6628 =( GEOMETRIC_REPRESENTATION_CONTEXT ( 3 ) GLOBAL_UNCERTAINTY_ASSIGNED_CONTEXT ( ( #5773 ) ) GLOBAL_UNIT_ASSIGNED_CONTEXT ( ( #3379, #1591, #6349 ) ) REPRESENTATION_CONTEXT ( 'NONE', 'WORKASPACE' ) );
#6629 = EDGE_CURVE ( 'NONE', #2567, #990, #5340, .T. ) ;
#6630 = DIRECTION ( 'NONE',  ( 0.9999999999999961142, 8.742277655305796972E-08, 1.515390622692383300E-14 ) ) ;
#6631 = ORIENTED_EDGE ( 'NONE', *, *, #6333, .T. ) ;
#6632 = CYLINDRICAL_SURFACE ( 'NONE', #2466, 1.300000000000002487 ) ;
#6633 = PRESENTATION_LAYER_ASSIGNMENT (  '', '', ( #1274 ) ) ;
#6634 = PRESENTATION_LAYER_ASSIGNMENT (  '', '', ( #6138 ) ) ;
#6635 = UNCERTAINTY_MEASURE_WITH_UNIT (LENGTH_MEASURE( 1.000000000000000082E-05 ), #1326, 'distance_accuracy_value', 'NONE');
#6636 = EDGE_LOOP ( 'NONE', ( #6647, #6350, #3346, #6514 ) ) ;
#6637 = CARTESIAN_POINT ( 'NONE',  ( 0.2244750687499999786, -30.25533278241295676, -3.979848063871662678 ) ) ;
#6638 = VERTEX_POINT ( 'NONE', #1170 ) ;
#6639 = MECHANICAL_DESIGN_GEOMETRIC_PRESENTATION_REPRESENTATION (  '', ( #7245 ), #649 ) ;
#6640 = DIRECTION ( 'NONE',  ( 0.9999999999999962252, 8.742277704085994270E-08, 1.548860246407863928E-14 ) ) ;
#6641 = PRESENTATION_STYLE_ASSIGNMENT (( #3848 ) ) ;
#6642 = MECHANICAL_DESIGN_GEOMETRIC_PRESENTATION_REPRESENTATION (  '', ( #3297 ), #7241 ) ;
#6643 = EDGE_CURVE ( 'NONE', #2393, #2285, #6656, .T. ) ;
#6644 = AXIS2_PLACEMENT_3D ( 'NONE', #6231, #5640, #5797 ) ;
#6645 = VERTEX_POINT ( 'NONE', #4191 ) ;
#6646 = UNCERTAINTY_MEASURE_WITH_UNIT (LENGTH_MEASURE( 1.000000000000000082E-05 ), #1015, 'distance_accuracy_value', 'NONE');
#6647 = ORIENTED_EDGE ( 'NONE', *, *, #2494, .F. ) ;
#6648 = STYLED_ITEM ( 'NONE', ( #398 ), #3520 ) ;
#6649 = ORIENTED_EDGE ( 'NONE', *, *, #2250, .T. ) ;
#6650 = DIRECTION ( 'NONE',  ( 1.000000000000000000, 0.000000000000000000, 0.000000000000000000 ) ) ;
#6651 = PRESENTATION_LAYER_ASSIGNMENT (  '', '', ( #164 ) ) ;
#6652 = DIRECTION ( 'NONE',  ( 0.000000000000000000, 1.000000000000000000, 0.000000000000000000 ) ) ;
#6653 =( NAMED_UNIT ( * ) SI_UNIT ( $, .STERADIAN. ) SOLID_ANGLE_UNIT ( ) );
#6654 = CARTESIAN_POINT ( 'NONE',  ( 0.000000000000000000, 2.000000000000000000, 0.000000000000000000 ) ) ;
#6655 = SURFACE_SIDE_STYLE ('',( #174 ) ) ;
#6656 = LINE ( 'NONE', #6580, #5496 ) ;
#6657 = COLOUR_RGB ( '',0.000000000000000000, 0.5019607843137254832, 0.000000000000000000 ) ;
#6658 = SURFACE_STYLE_FILL_AREA ( #4296 ) ;
#6659 = DIRECTION ( 'NONE',  ( 0.7071067811865476838, -0.7071067811865366926, -1.236344160825354801E-07 ) ) ;
#6660 = SURFACE_STYLE_FILL_AREA ( #6049 ) ;
#6661 =( NAMED_UNIT ( * ) SI_UNIT ( $, .STERADIAN. ) SOLID_ANGLE_UNIT ( ) );
#6662 = STYLED_ITEM ( 'NONE', ( #600 ), #4739 ) ;
#6663 = FACE_OUTER_BOUND ( 'NONE', #3105, .T. ) ;
#6664 = VERTEX_POINT ( 'NONE', #6544 ) ;
#6665 =( NAMED_UNIT ( * ) PLANE_ANGLE_UNIT ( ) SI_UNIT ( $, .RADIAN. ) );
#6666 = ADVANCED_FACE ( 'NONE', ( #2339 ), #2452, .T. ) ;
#6667 = SURFACE_SIDE_STYLE ('',( #112 ) ) ;
#6668 = SURFACE_STYLE_FILL_AREA ( #696 ) ;
#6669 = DIRECTION ( 'NONE',  ( 0.9999997009467437303, 0.0007733734047231489257, 1.352209101274060492E-10 ) ) ;
#6670 = VECTOR ( 'NONE', #7315, 1000.000000000000227 ) ;
#6671 = ORIENTED_EDGE ( 'NONE', *, *, #5447, .T. ) ;
#6672 = CARTESIAN_POINT ( 'NONE',  ( 11.69999213578100061, -7.600014602499998162, 0.000000000000000000 ) ) ;
#6673 = ORIENTED_EDGE ( 'NONE', *, *, #2390, .F. ) ;
#6674 = EDGE_CURVE ( 'NONE', #4647, #6447, #37, .T. ) ;
#6675 = PRESENTATION_STYLE_ASSIGNMENT (( #708 ) ) ;
#6676 = AXIS2_PLACEMENT_3D ( 'NONE', #1824, #5425, #2943 ) ;
#6677 = ORIENTED_EDGE ( 'NONE', *, *, #7173, .T. ) ;
#6678 = ORIENTED_EDGE ( 'NONE', *, *, #1281, .F. ) ;
#6679 = AXIS2_PLACEMENT_3D ( 'NONE', #4331, #6685, #7301 ) ;
#6680 = AXIS2_PLACEMENT_3D ( 'NONE', #1676, #5840, #505 ) ;
#6681 = EDGE_CURVE ( 'NONE', #20, #2395, #4737, .T. ) ;
#6682 = SURFACE_SIDE_STYLE ('',( #2554 ) ) ;
#6683 = SURFACE_STYLE_FILL_AREA ( #4957 ) ;
#6684 = PRESENTATION_LAYER_ASSIGNMENT (  '', '', ( #6928 ) ) ;
#6685 = DIRECTION ( 'NONE',  ( 0.000000000000000000, 0.000000000000000000, -1.000000000000000000 ) ) ;
#6686 = PRESENTATION_LAYER_ASSIGNMENT (  '', '', ( #6322 ) ) ;
#6687 = OPEN_SHELL ( 'NONE', ( #1020, #2035, #370 ) ) ;
#6688 = CARTESIAN_POINT ( 'NONE',  ( -4.809703171250000686, -30.17282342241298920, -3.979848049445275482 ) ) ;
#6689 = MECHANICAL_DESIGN_GEOMETRIC_PRESENTATION_REPRESENTATION (  '', ( #1336 ), #4858 ) ;
#6690 = CARTESIAN_POINT ( 'NONE',  ( 23.00000000000000000, 41.50000000000000000, -2.017369599999999874 ) ) ;
#6691 = SURFACE_STYLE_FILL_AREA ( #2133 ) ;
#6692 = EDGE_LOOP ( 'NONE', ( #771, #2424, #2604, #2755 ) ) ;
#6693 =( LENGTH_UNIT ( ) NAMED_UNIT ( * ) SI_UNIT ( .MILLI., .METRE. ) );
#6694 = CARTESIAN_POINT ( 'NONE',  ( 0.1902968287500000077, -30.17282281045374148, -7.479848669445221532 ) ) ;
#6695 = DIRECTION ( 'NONE',  ( 0.000000000000000000, -1.748454679999999787E-07, 0.9999999999999849010 ) ) ;
#6696 =( NAMED_UNIT ( * ) PLANE_ANGLE_UNIT ( ) SI_UNIT ( $, .RADIAN. ) );
#6697 = CARTESIAN_POINT ( 'NONE',  ( -23.00000000000000000, 40.00000000000000000, -2.017369599999999874 ) ) ;
#6698 = ORIENTED_EDGE ( 'NONE', *, *, #3272, .F. ) ;
#6699 = EDGE_CURVE ( 'NONE', #7275, #7205, #4397, .T. ) ;
#6700 = MECHANICAL_DESIGN_GEOMETRIC_PRESENTATION_REPRESENTATION (  '', ( #6092 ), #1226 ) ;
#6701 = UNCERTAINTY_MEASURE_WITH_UNIT (LENGTH_MEASURE( 1.000000000000000082E-05 ), #286, 'distance_accuracy_value', 'NONE');
#6702 = VERTEX_POINT ( 'NONE', #685 ) ;
#6703 = PRESENTATION_STYLE_ASSIGNMENT (( #903 ) ) ;
#6704 =( NAMED_UNIT ( * ) PLANE_ANGLE_UNIT ( ) SI_UNIT ( $, .RADIAN. ) );
#6705 = VERTEX_POINT ( 'NONE', #4147 ) ;
#6706 = SURFACE_STYLE_FILL_AREA ( #1986 ) ;
#6707 = FACE_BOUND ( 'NONE', #4687, .T. ) ;
#6708 = EDGE_CURVE ( 'NONE', #3440, #3334, #1779, .T. ) ;
#6709 = VERTEX_POINT ( 'NONE', #3085 ) ;
#6710 = UNCERTAINTY_MEASURE_WITH_UNIT (LENGTH_MEASURE( 1.000000000000000082E-05 ), #7049, 'distance_accuracy_value', 'NONE');
#6711 = EDGE_CURVE ( 'NONE', #6840, #7438, #36, .T. ) ;
#6712 = VERTEX_POINT ( 'NONE', #1895 ) ;
#6713 = FILL_AREA_STYLE_COLOUR ( '', #6535 ) ;
#6714 = CARTESIAN_POINT ( 'NONE',  ( -5.000007324219000182, -6.599995496241980675, -5.979846394892175176 ) ) ;
#6715 = LINE ( 'NONE', #3117, #308 ) ;
#6716 = ADVANCED_FACE ( 'NONE', ( #7151, #1234, #4261, #2484, #6616, #2082, #1420, #3824, #4332, #3245, #1999, #847, #3161 ), #3278, .T. ) ;
#6717 = EDGE_CURVE ( 'NONE', #7144, #3812, #6264, .T. ) ;
#6718 =( NAMED_UNIT ( * ) PLANE_ANGLE_UNIT ( ) SI_UNIT ( $, .RADIAN. ) );
#6719 = DIRECTION ( 'NONE',  ( 0.9999999335329465833, -0.0003646012926775833826, -6.374908238904735300E-11 ) ) ;
#6720 = CARTESIAN_POINT ( 'NONE',  ( -10.70000624421900071, -8.600012602499997882, 0.000000000000000000 ) ) ;
#6721 = CIRCLE ( 'NONE', #6364, 1.300000000000002487 ) ;
#6722 = SURFACE_STYLE_FILL_AREA ( #210 ) ;
#6723 = SURFACE_STYLE_FILL_AREA ( #136 ) ;
#6724 = CARTESIAN_POINT ( 'NONE',  ( 10.69999159578100034, -8.600012602499997882, 2.000001080000000098 ) ) ;
#6725 = CARTESIAN_POINT ( 'NONE',  ( -9.021807453828001755, -9.999995971950001561, 1.649998507907000089 ) ) ;
#6726 = CARTESIAN_POINT ( 'NONE',  ( -9.000007324219000182, -34.99999549624153872, -5.979851360503466218 ) ) ;
#6727 = ADVANCED_FACE ( 'NONE', ( #4927 ), #7265, .F. ) ;
#6728 = PRESENTATION_STYLE_ASSIGNMENT (( #139 ) ) ;
#6729 = DIRECTION ( 'NONE',  ( 0.000000000000000000, -1.748454679999999787E-07, 0.9999999999999849010 ) ) ;
#6730 = ORIENTED_EDGE ( 'NONE', *, *, #6376, .F. ) ;
#6731 = DIRECTION ( 'NONE',  ( 0.000000000000000000, -1.748454679999999258E-07, 0.9999999999999846789 ) ) ;
#6732 = ORIENTED_EDGE ( 'NONE', *, *, #1660, .T. ) ;
#6733 = DIRECTION ( 'NONE',  ( 0.000000000000000000, -1.748454679999999258E-07, 0.9999999999999846789 ) ) ;
#6734 = CARTESIAN_POINT ( 'NONE',  ( -5.000007324219000182, -30.29999549624161403, -5.979850538729765574 ) ) ;
#6735 = EDGE_LOOP ( 'NONE', ( #857, #2328, #6218, #4566 ) ) ;
#6736 = VECTOR ( 'NONE', #2055, 1000.000000000000000 ) ;
#6737 = EDGE_LOOP ( 'NONE', ( #6649, #2882, #798, #2311 ) ) ;
#6738 = LINE ( 'NONE', #5573, #548 ) ;
#6739 =( NAMED_UNIT ( * ) PLANE_ANGLE_UNIT ( ) SI_UNIT ( $, .RADIAN. ) );
#6740 = ORIENTED_EDGE ( 'NONE', *, *, #7050, .T. ) ;
#6741 = VECTOR ( 'NONE', #6153, 1000.000000000000000 ) ;
#6742 = FILL_AREA_STYLE ('',( #5576 ) ) ;
#6743 = VECTOR ( 'NONE', #973, 1000.000000000000227 ) ;
#6744 = DIRECTION ( 'NONE',  ( 0.000000000000000000, 0.000000000000000000, 1.000000000000000000 ) ) ;
#6745 = MECHANICAL_DESIGN_GEOMETRIC_PRESENTATION_REPRESENTATION (  '', ( #423 ), #5498 ) ;
#6746 =( GEOMETRIC_REPRESENTATION_CONTEXT ( 3 ) GLOBAL_UNCERTAINTY_ASSIGNED_CONTEXT ( ( #1730 ) ) GLOBAL_UNIT_ASSIGNED_CONTEXT ( ( #5617, #3231, #6866 ) ) REPRESENTATION_CONTEXT ( 'NONE', 'WORKASPACE' ) );
#6747 = EDGE_LOOP ( 'NONE', ( #1031, #4740 ) ) ;
#6748 = AXIS2_PLACEMENT_3D ( 'NONE', #5293, #524, #6302 ) ;
#6749 = ORIENTED_EDGE ( 'NONE', *, *, #566, .F. ) ;
#6750 = CARTESIAN_POINT ( 'NONE',  ( -10.70000624421900071, -30.00001298249999593, 2.000001080000000098 ) ) ;
#6751 = PRESENTATION_LAYER_ASSIGNMENT (  '', '', ( #2525 ) ) ;
#6752 = AXIS2_PLACEMENT_3D ( 'NONE', #3518, #5214, #18 ) ;
#6753 = ADVANCED_FACE ( 'NONE', ( #2454 ), #7190, .F. ) ;
#6754 =( GEOMETRIC_REPRESENTATION_CONTEXT ( 3 ) GLOBAL_UNCERTAINTY_ASSIGNED_CONTEXT ( ( #153 ) ) GLOBAL_UNIT_ASSIGNED_CONTEXT ( ( #768, #7003, #2810 ) ) REPRESENTATION_CONTEXT ( 'NONE', 'WORKASPACE' ) );
#6755 =( NAMED_UNIT ( * ) SI_UNIT ( $, .STERADIAN. ) SOLID_ANGLE_UNIT ( ) );
#6756 = FILL_AREA_STYLE_COLOUR ( '', #1455 ) ;
#6757 = ORIENTED_EDGE ( 'NONE', *, *, #2005, .F. ) ;
#6758 = AXIS2_PLACEMENT_3D ( 'NONE', #4341, #2532, #7200 ) ;
#6759 =( GEOMETRIC_REPRESENTATION_CONTEXT ( 3 ) GLOBAL_UNCERTAINTY_ASSIGNED_CONTEXT ( ( #5396 ) ) GLOBAL_UNIT_ASSIGNED_CONTEXT ( ( #835, #5013, #3229 ) ) REPRESENTATION_CONTEXT ( 'NONE', 'WORKASPACE' ) );
#6760 = FACE_OUTER_BOUND ( 'NONE', #6692, .T. ) ;
#6761 = COLOUR_RGB ( '',0.000000000000000000, 0.000000000000000000, 0.5019607843137254832 ) ;
#6762 = ADVANCED_FACE ( 'NONE', ( #2683 ), #1461, .T. ) ;
#6763 =( LENGTH_UNIT ( ) NAMED_UNIT ( * ) SI_UNIT ( .MILLI., .METRE. ) );
#6764 = CARTESIAN_POINT ( 'NONE',  ( -41.30000000000000426, -1.592040838891559095E-16, -2.017369599999999874 ) ) ;
#6765 = LINE ( 'NONE', #3126, #3762 ) ;
#6766 = CARTESIAN_POINT ( 'NONE',  ( 1.300000000000000044, 2.000000000000000000, -2.017369599999999874 ) ) ;
#6767 = AXIS2_PLACEMENT_3D ( 'NONE', #4966, #2606, #3795 ) ;
#6768 = DIRECTION ( 'NONE',  ( 1.000000000000000000, 0.000000000000000000, 0.000000000000000000 ) ) ;
#6769 = STYLED_ITEM ( 'NONE', ( #6601 ), #4405 ) ;
#6770 = DIRECTION ( 'NONE',  ( 0.000000000000000000, 0.9999999999999846789, 1.748454679999999258E-07 ) ) ;
#6771 = ORIENTED_EDGE ( 'NONE', *, *, #7173, .F. ) ;
#6772 = ORIENTED_EDGE ( 'NONE', *, *, #5660, .T. ) ;
#6773 = MECHANICAL_DESIGN_GEOMETRIC_PRESENTATION_REPRESENTATION (  '', ( #6047 ), #7656 ) ;
#6774 = ADVANCED_FACE ( 'NONE', ( #6881 ), #6803, .T. ) ;
#6775 = PRESENTATION_STYLE_ASSIGNMENT (( #2653 ) ) ;
#6776 = CARTESIAN_POINT ( 'NONE',  ( 4.999992675780999818, -6.599995496241980675, -5.979846394892175176 ) ) ;
#6777 = UNCERTAINTY_MEASURE_WITH_UNIT (LENGTH_MEASURE( 1.000000000000000082E-05 ), #1515, 'distance_accuracy_value', 'NONE');
#6778 =( NAMED_UNIT ( * ) PLANE_ANGLE_UNIT ( ) SI_UNIT ( $, .RADIAN. ) );
#6779 = EDGE_LOOP ( 'NONE', ( #2799, #4609, #1331, #4507 ) ) ;
#6780 = LINE ( 'NONE', #2700, #2423 ) ;
#6781 = SURFACE_STYLE_FILL_AREA ( #3264 ) ;
#6782 = VERTEX_POINT ( 'NONE', #2330 ) ;
#6783 =( LENGTH_UNIT ( ) NAMED_UNIT ( * ) SI_UNIT ( .MILLI., .METRE. ) );
#6784 = SURFACE_SIDE_STYLE ('',( #89 ) ) ;
#6785 = LINE ( 'NONE', #5580, #2666 ) ;
#6786 = FACE_OUTER_BOUND ( 'NONE', #6141, .T. ) ;
#6787 = VECTOR ( 'NONE', #940, 1000.000000000000227 ) ;
#6788 = ORIENTED_EDGE ( 'NONE', *, *, #5488, .F. ) ;
#6789 = UNCERTAINTY_MEASURE_WITH_UNIT (LENGTH_MEASURE( 1.000000000000000082E-05 ), #4625, 'distance_accuracy_value', 'NONE');
#6790 = VERTEX_POINT ( 'NONE', #3493 ) ;
#6791 = COLOUR_RGB ( '',1.000000000000000000, 0.6078431372549019107, 0.000000000000000000 ) ;
#6792 = DIRECTION ( 'NONE',  ( 0.000000000000000000, 0.000000000000000000, 1.000000000000000000 ) ) ;
#6793 =( LENGTH_UNIT ( ) NAMED_UNIT ( * ) SI_UNIT ( .MILLI., .METRE. ) );
#6794 = CARTESIAN_POINT ( 'NONE',  ( -4.300007324219000004, -34.49999549624155293, -5.979851273080732277 ) ) ;
#6795 = VECTOR ( 'NONE', #6340, 1000.000000000000000 ) ;
#6796 = AXIS2_PLACEMENT_3D ( 'NONE', #5233, #335, #7043 ) ;
#6797 = ORIENTED_EDGE ( 'NONE', *, *, #6583, .T. ) ;
#6798 = EDGE_CURVE ( 'NONE', #3812, #6487, #1901, .T. ) ;
#6799 = SURFACE_STYLE_USAGE ( .BOTH. , #371 ) ;
#6800 =( LENGTH_UNIT ( ) NAMED_UNIT ( * ) SI_UNIT ( .MILLI., .METRE. ) );
#6801 = FILL_AREA_STYLE_COLOUR ( '', #5515 ) ;
#6802 =( NAMED_UNIT ( * ) SI_UNIT ( $, .STERADIAN. ) SOLID_ANGLE_UNIT ( ) );
#6803 = PLANE ( 'NONE',  #7506 ) ;
#6804 = PRESENTATION_LAYER_ASSIGNMENT (  '', '', ( #2215 ) ) ;
#6805 = LINE ( 'NONE', #2637, #2730 ) ;
#6806 = SURFACE_STYLE_FILL_AREA ( #3280 ) ;
#6807 = DIRECTION ( 'NONE',  ( 0.000000000000000000, 1.748454679999999258E-07, -0.9999999999999846789 ) ) ;
#6808 = CARTESIAN_POINT ( 'NONE',  ( -8.500007324219000182, -8.999995496241941950, -5.979846814521297738 ) ) ;
#6809 = EDGE_CURVE ( 'NONE', #6917, #2433, #2919, .T. ) ;
#6810 = DIRECTION ( 'NONE',  ( 0.000000000000000000, -1.748454679999999523E-07, 0.9999999999999847899 ) ) ;
#6811 = STYLED_ITEM ( 'NONE', ( #1249 ), #17 ) ;
#6812 = EDGE_CURVE ( 'NONE', #6067, #4915, #1580, .T. ) ;
#6813 = ORIENTED_EDGE ( 'NONE', *, *, #5071, .T. ) ;
#6814 = SURFACE_SIDE_STYLE ('',( #2052 ) ) ;
#6815 = SURFACE_STYLE_FILL_AREA ( #2649 ) ;
#6816 = DIRECTION ( 'NONE',  ( 1.000000000000000000, 0.000000000000000000, 0.000000000000000000 ) ) ;
#6817 = CIRCLE ( 'NONE', #6083, 0.6250000000000000000 ) ;
#6818 = CARTESIAN_POINT ( 'NONE',  ( 8.999992675780998042, -34.99999549624153872, -5.979851360503466218 ) ) ;
#6819 = STYLED_ITEM ( 'NONE', ( #5379 ), #181 ) ;
#6820 = FACE_OUTER_BOUND ( 'NONE', #5008, .T. ) ;
#6821 = DIRECTION ( 'NONE',  ( 0.9999999999999962252, 8.742277704085994270E-08, 1.548860246407863928E-14 ) ) ;
#6822 = EDGE_CURVE ( 'NONE', #5000, #563, #6461, .T. ) ;
#6823 = VERTEX_POINT ( 'NONE', #1001 ) ;
#6824 = DIRECTION ( 'NONE',  ( 0.000000000000000000, 0.000000000000000000, -1.000000000000000000 ) ) ;
#6825 = LINE ( 'NONE', #2191, #5421 ) ;
#6826 = ORIENTED_EDGE ( 'NONE', *, *, #2573, .T. ) ;
#6827 = SURFACE_STYLE_USAGE ( .BOTH. , #3923 ) ;
#6828 = SURFACE_SIDE_STYLE ('',( #2706 ) ) ;
#6829 = LINE ( 'NONE', #5245, #6839 ) ;
#6830 = CARTESIAN_POINT ( 'NONE',  ( -9.525000000000000355, 8.000000000000000000, 0.000000000000000000 ) ) ;
#6831 = PRESENTATION_LAYER_ASSIGNMENT (  '', '', ( #6092 ) ) ;
#6832 = VERTEX_POINT ( 'NONE', #2802 ) ;
#6833 = ORIENTED_EDGE ( 'NONE', *, *, #3523, .T. ) ;
#6834 = EDGE_LOOP ( 'NONE', ( #1951, #2134, #6338, #6671 ) ) ;
#6835 = CARTESIAN_POINT ( 'NONE',  ( 24.50000000000000000, 43.00000000000000000, -2.017369599999999874 ) ) ;
#6836 = CARTESIAN_POINT ( 'NONE',  ( -4.872855191250001106, -30.10967079045374106, -7.479848658403376760 ) ) ;
#6837 = CARTESIAN_POINT ( 'NONE',  ( 10.50053181571500005, -35.79953416426153012, -5.979851500299178113 ) ) ;
#6838 = CARTESIAN_POINT ( 'NONE',  ( -12.70000732421899947, -6.600014062499999667, 2.540000000000000036 ) ) ;
#6839 = VECTOR ( 'NONE', #1484, 1000.000000000000000 ) ;
#6840 = VERTEX_POINT ( 'NONE', #3369 ) ;
#6841 = SURFACE_STYLE_USAGE ( .BOTH. , #7425 ) ;
#6842 =( GEOMETRIC_REPRESENTATION_CONTEXT ( 3 ) GLOBAL_UNCERTAINTY_ASSIGNED_CONTEXT ( ( #5469 ) ) GLOBAL_UNIT_ASSIGNED_CONTEXT ( ( #6240, #5650, #7530 ) ) REPRESENTATION_CONTEXT ( 'NONE', 'WORKASPACE' ) );
#6843 = CARTESIAN_POINT ( 'NONE',  ( 40.00000000000000000, -43.00000000000000000, -2.017369599999999874 ) ) ;
#6844 = DIRECTION ( 'NONE',  ( 0.000000000000000000, 1.748454679999999787E-07, -0.9999999999999849010 ) ) ;
#6845 = CARTESIAN_POINT ( 'NONE',  ( -4.809703171250000686, -30.17282281045374148, -7.479848669445221532 ) ) ;
#6846 = VECTOR ( 'NONE', #5204, 1000.000000000000227 ) ;
#6847 = DIRECTION ( 'NONE',  ( 0.000000000000000000, 0.000000000000000000, -1.000000000000000000 ) ) ;
#6848 = CARTESIAN_POINT ( 'NONE',  ( 24.49884083601300233, 41.50115916398699767, -2.017369599999999874 ) ) ;
#6849 = DIRECTION ( 'NONE',  ( 0.000000000000000000, -1.000000000000000000, 0.000000000000000000 ) ) ;
#6850 = ORIENTED_EDGE ( 'NONE', *, *, #5299, .T. ) ;
#6851 = DIRECTION ( 'NONE',  ( 0.000000000000000000, 0.000000000000000000, 1.000000000000000000 ) ) ;
#6852 = ADVANCED_FACE ( 'NONE', ( #2248 ), #1546, .F. ) ;
#6853 = DIRECTION ( 'NONE',  ( -0.3827001010250414281, 0.9238726279500855121, 1.615349420063250050E-07 ) ) ;
#6854 = CARTESIAN_POINT ( 'NONE',  ( -18.30000000000000071, -38.50000000000000000, 0.000000000000000000 ) ) ;
#6855 = CARTESIAN_POINT ( 'NONE',  ( 23.00000000000000000, 40.00000000000000000, 0.000000000000000000 ) ) ;
#6856 = DIRECTION ( 'NONE',  ( 0.000000000000000000, -1.748454679999999258E-07, 0.9999999999999846789 ) ) ;
#6857 = UNCERTAINTY_MEASURE_WITH_UNIT (LENGTH_MEASURE( 1.000000000000000082E-05 ), #5728, 'distance_accuracy_value', 'NONE');
#6858 = VERTEX_POINT ( 'NONE', #419 ) ;
#6859 = CYLINDRICAL_SURFACE ( 'NONE', #7137, 1.498841284246000605 ) ;
#6860 = FACE_OUTER_BOUND ( 'NONE', #1979, .T. ) ;
#6861 = ORIENTED_EDGE ( 'NONE', *, *, #6109, .F. ) ;
#6862 = FILL_AREA_STYLE_COLOUR ( '', #4169 ) ;
#6863 = EDGE_CURVE ( 'NONE', #2192, #4358, #526, .T. ) ;
#6864 = FILL_AREA_STYLE_COLOUR ( '', #3506 ) ;
#6865 = SURFACE_SIDE_STYLE ('',( #987 ) ) ;
#6866 =( NAMED_UNIT ( * ) SI_UNIT ( $, .STERADIAN. ) SOLID_ANGLE_UNIT ( ) );
#6867 = EDGE_LOOP ( 'NONE', ( #429, #6936, #5471, #3530 ) ) ;
#6868 = UNCERTAINTY_MEASURE_WITH_UNIT (LENGTH_MEASURE( 1.000000000000000082E-05 ), #1942, 'distance_accuracy_value', 'NONE');
#6869 = VERTEX_POINT ( 'NONE', #4657 ) ;
#6870 = ORIENTED_EDGE ( 'NONE', *, *, #6545, .T. ) ;
#6871 = VECTOR ( 'NONE', #3122, 1000.000000000000227 ) ;
#6872 =( NAMED_UNIT ( * ) SI_UNIT ( $, .STERADIAN. ) SOLID_ANGLE_UNIT ( ) );
#6873 = CARTESIAN_POINT ( 'NONE',  ( -12.70001775124999810, -6.599986332541678991, -1.977365194890511768 ) ) ;
#6874 = EDGE_CURVE ( 'NONE', #3723, #7414, #1277, .T. ) ;
#6875 = LINE ( 'NONE', #5105, #2214 ) ;
#6876 = PRESENTATION_LAYER_ASSIGNMENT (  '', '', ( #2517 ) ) ;
#6877 = COLOUR_RGB ( '',0.000000000000000000, 0.5019607843137254832, 0.000000000000000000 ) ;
#6878 = APPLICATION_CONTEXT ( 'automotive_design' ) ;
#6879 = VERTEX_POINT ( 'NONE', #7620 ) ;
#6880 = COLOUR_RGB ( '',0.000000000000000000, 0.5019607843137254832, 0.000000000000000000 ) ;
#6881 = FACE_OUTER_BOUND ( 'NONE', #914, .T. ) ;
#6882 = AXIS2_PLACEMENT_3D ( 'NONE', #4366, #6078, #2557 ) ;
#6883 = DIRECTION ( 'NONE',  ( 1.000000000000000000, 0.000000000000000000, 0.000000000000000000 ) ) ;
#6884 = SURFACE_SIDE_STYLE ('',( #7513 ) ) ;
#6885 = DIRECTION ( 'NONE',  ( -0.000000000000000000, 1.000000000000000000, 0.000000000000000000 ) ) ;
#6886 = DIRECTION ( 'NONE',  ( 1.000000000000000000, 0.000000000000000000, 0.000000000000000000 ) ) ;
#6887 = CIRCLE ( 'NONE', #4044, 1.498841284246002159 ) ;
#6888 = LINE ( 'NONE', #3330, #7419 ) ;
#6889 = DIRECTION ( 'NONE',  ( 0.000000000000000000, 0.000000000000000000, 1.000000000000000000 ) ) ;
#6890 = CYLINDRICAL_SURFACE ( 'NONE', #644, 1.100000000000000311 ) ;
#6891 = COLOUR_RGB ( '',1.000000000000000000, 0.6078431372549019107, 0.000000000000000000 ) ;
#6892 = DIRECTION ( 'NONE',  ( 0.7071067811865476838, 0.7071067811865366926, 1.236344160825354801E-07 ) ) ;
#6893 = SURFACE_STYLE_FILL_AREA ( #4538 ) ;
#6894 = VECTOR ( 'NONE', #1601, 1000.000000000000000 ) ;
#6895 = SURFACE_SIDE_STYLE ('',( #6354 ) ) ;
#6896 = LINE ( 'NONE', #3874, #7235 ) ;
#6897 = LINE ( 'NONE', #4459, #3877 ) ;
#6898 = PRESENTATION_LAYER_ASSIGNMENT (  '', '', ( #2545 ) ) ;
#6899 = FILL_AREA_STYLE ('',( #2145 ) ) ;
#6900 = EDGE_CURVE ( 'NONE', #5092, #2540, #4618, .T. ) ;
#6901 = ORIENTED_EDGE ( 'NONE', *, *, #3968, .F. ) ;
#6902 = ORIENTED_EDGE ( 'NONE', *, *, #2739, .F. ) ;
#6903 = DIRECTION ( 'NONE',  ( 0.000000000000000000, -1.748454679999999523E-07, 0.9999999999999847899 ) ) ;
#6904 = STYLED_ITEM ( 'NONE', ( #3889 ), #4659 ) ;
#6905 = CARTESIAN_POINT ( 'NONE',  ( -38.69999999999999574, 40.00000000000000000, 0.000000000000000000 ) ) ;
#6906 = PLANE ( 'NONE',  #776 ) ;
#6907 = ORIENTED_EDGE ( 'NONE', *, *, #7183, .F. ) ;
#6908 = EDGE_CURVE ( 'NONE', #2537, #4498, #3531, .T. ) ;
#6909 = ORIENTED_EDGE ( 'NONE', *, *, #7140, .T. ) ;
#6910 = ORIENTED_EDGE ( 'NONE', *, *, #3618, .F. ) ;
#6911 =( LENGTH_UNIT ( ) NAMED_UNIT ( * ) SI_UNIT ( .MILLI., .METRE. ) );
#6912 = SURFACE_STYLE_USAGE ( .BOTH. , #5745 ) ;
#6913 =( NAMED_UNIT ( * ) PLANE_ANGLE_UNIT ( ) SI_UNIT ( $, .RADIAN. ) );
#6914 = AXIS2_PLACEMENT_3D ( 'NONE', #6455, #7035, #2959 ) ;
#6915 = CARTESIAN_POINT ( 'NONE',  ( -7.324219000000000424E-06, -2.999995751950247147, -4.517364565448511726 ) ) ;
#6916 =( NAMED_UNIT ( * ) SI_UNIT ( $, .STERADIAN. ) SOLID_ANGLE_UNIT ( ) );
#6917 = VERTEX_POINT ( 'NONE', #1619 ) ;
#6918 = EDGE_CURVE ( 'NONE', #1013, #4647, #4017, .T. ) ;
#6919 = AXIS2_PLACEMENT_3D ( 'NONE', #220, #4460, #6821 ) ;
#6920 = DIRECTION ( 'NONE',  ( 0.000000000000000000, 0.000000000000000000, 1.000000000000000000 ) ) ;
#6921 = LINE ( 'NONE', #1462, #4119 ) ;
#6922 = SURFACE_STYLE_FILL_AREA ( #1044 ) ;
#6923 = AXIS2_PLACEMENT_3D ( 'NONE', #4408, #811, #5037 ) ;
#6924 = CARTESIAN_POINT ( 'NONE',  ( -11.70000678421900098, -31.00001606249999497, 0.000000000000000000 ) ) ;
#6925 = DIRECTION ( 'NONE',  ( 0.9999997009467437303, 0.0007733734047231489257, 1.352209101274060492E-10 ) ) ;
#6926 = CARTESIAN_POINT ( 'NONE',  ( -3.000007324219000182, -2.999995496242035209, -5.979845765448489558 ) ) ;
#6927 = ORIENTED_EDGE ( 'NONE', *, *, #580, .F. ) ;
#6928 = STYLED_ITEM ( 'NONE', ( #924 ), #370 ) ;
#6929 = AXIS2_PLACEMENT_3D ( 'NONE', #6654, #1305, #979 ) ;
#6930 = EDGE_LOOP ( 'NONE', ( #5436, #1108 ) ) ;
#6931 = PRESENTATION_STYLE_ASSIGNMENT (( #859 ) ) ;
#6932 = FACE_OUTER_BOUND ( 'NONE', #4516, .T. ) ;
#6933 = DIRECTION ( 'NONE',  ( 0.000000000000000000, 0.000000000000000000, 1.000000000000000000 ) ) ;
#6934 = CIRCLE ( 'NONE', #91, 1.300000000000002487 ) ;
#6935 = VECTOR ( 'NONE', #7468, 1000.000000000000000 ) ;
#6936 = ORIENTED_EDGE ( 'NONE', *, *, #7378, .T. ) ;
#6937 = SURFACE_STYLE_USAGE ( .BOTH. , #7491 ) ;
#6938 =( NAMED_UNIT ( * ) SI_UNIT ( $, .STERADIAN. ) SOLID_ANGLE_UNIT ( ) );
#6939 = STYLED_ITEM ( 'NONE', ( #2688 ), #96 ) ;
#6940 = PRESENTATION_STYLE_ASSIGNMENT (( #3348 ) ) ;
#6941 =( LENGTH_UNIT ( ) NAMED_UNIT ( * ) SI_UNIT ( .MILLI., .METRE. ) );
#6942 = DIRECTION ( 'NONE',  ( 0.000000000000000000, 0.000000000000000000, -1.000000000000000000 ) ) ;
#6943 = EDGE_CURVE ( 'NONE', #6224, #1718, #5829, .T. ) ;
#6944 = AXIS2_PLACEMENT_3D ( 'NONE', #7452, #4599, #3394 ) ;
#6945 = ORIENTED_EDGE ( 'NONE', *, *, #1952, .T. ) ;
#6946 = UNCERTAINTY_MEASURE_WITH_UNIT (LENGTH_MEASURE( 1.000000000000000082E-05 ), #1465, 'distance_accuracy_value', 'NONE');
#6947 = ORIENTED_EDGE ( 'NONE', *, *, #5222, .T. ) ;
#6948 = EDGE_LOOP ( 'NONE', ( #5601, #3211, #5398, #7610 ) ) ;
#6949 = CARTESIAN_POINT ( 'NONE',  ( -40.00000000000000000, -43.00000000000000000, -2.017369599999999874 ) ) ;
#6950 = CARTESIAN_POINT ( 'NONE',  ( -9.500006104219000491, -28.49999453194999788, 1.499998807906999909 ) ) ;
#6951 = DIRECTION ( 'NONE',  ( 0.000000000000000000, 0.000000000000000000, 1.000000000000000000 ) ) ;
#6952 = MECHANICAL_DESIGN_GEOMETRIC_PRESENTATION_REPRESENTATION (  '', ( #2228 ), #1471 ) ;
#6953 = EDGE_CURVE ( 'NONE', #4250, #6558, #3784, .T. ) ;
#6954 = DIRECTION ( 'NONE',  ( 0.000000000000000000, 0.000000000000000000, 1.000000000000000000 ) ) ;
#6955 = ORIENTED_EDGE ( 'NONE', *, *, #617, .T. ) ;
#6956 = PLANE ( 'NONE',  #5555 ) ;
#6957 = DIRECTION ( 'NONE',  ( -1.000000000000000000, 0.000000000000000000, 0.000000000000000000 ) ) ;
#6958 = ADVANCED_FACE ( 'NONE', ( #6663 ), #3207, .T. ) ;
#6959 = AXIS2_PLACEMENT_3D ( 'NONE', #2112, #3397, #1604 ) ;
#6960 = FACE_OUTER_BOUND ( 'NONE', #7254, .T. ) ;
#6961 = EDGE_CURVE ( 'NONE', #5817, #2020, #7274, .T. ) ;
#6962 = CARTESIAN_POINT ( 'NONE',  ( 9.999992675780999818, -27.49999575194987145, -4.517368849162478384 ) ) ;
#6963 = CARTESIAN_POINT ( 'NONE',  ( -12.70001775124999810, -31.99998588843380176, -4.517369635965360786 ) ) ;
#6964 =( LENGTH_UNIT ( ) NAMED_UNIT ( * ) SI_UNIT ( .MILLI., .METRE. ) );
#6965 = CARTESIAN_POINT ( 'NONE',  ( -5.000007324219000182, -30.29999575194982597, -4.517369338729788630 ) ) ;
#6966 = CARTESIAN_POINT ( 'NONE',  ( -40.00000000000000000, 40.00000000000000000, -2.017369599999999874 ) ) ;
#6967 = FACE_OUTER_BOUND ( 'NONE', #6178, .T. ) ;
#6968 = ORIENTED_EDGE ( 'NONE', *, *, #5366, .T. ) ;
#6969 =( GEOMETRIC_REPRESENTATION_CONTEXT ( 3 ) GLOBAL_UNCERTAINTY_ASSIGNED_CONTEXT ( ( #877 ) ) GLOBAL_UNIT_ASSIGNED_CONTEXT ( ( #1793, #4123, #3548 ) ) REPRESENTATION_CONTEXT ( 'NONE', 'WORKASPACE' ) );
#6970 = ORIENTED_EDGE ( 'NONE', *, *, #5722, .T. ) ;
#6971 = DIRECTION ( 'NONE',  ( -1.000000000000000000, 0.000000000000000000, 0.000000000000000000 ) ) ;
#6972 = EDGE_CURVE ( 'NONE', #7216, #117, #3792, .T. ) ;
#6973 = LINE ( 'NONE', #1634, #4142 ) ;
#6974 = CARTESIAN_POINT ( 'NONE',  ( -0.2245105712499999850, -30.25533217045370904, -7.479848683871609616 ) ) ;
#6975 = FILL_AREA_STYLE ('',( #787 ) ) ;
#6976 = VERTEX_POINT ( 'NONE', #1427 ) ;
#6977 = SURFACE_STYLE_FILL_AREA ( #6362 ) ;
#6978 = AXIS2_PLACEMENT_3D ( 'NONE', #1934, #690, #1898 ) ;
#6979 = PLANE ( 'NONE',  #7128 ) ;
#6980 = CARTESIAN_POINT ( 'NONE',  ( 7.573431955781005698, -34.99355876408816357, -5.917369181862031979 ) ) ;
#6981 = SURFACE_SIDE_STYLE ('',( #2392 ) ) ;
#6982 = VERTEX_POINT ( 'NONE', #2564 ) ;
#6983 = ORIENTED_EDGE ( 'NONE', *, *, #4614, .T. ) ;
#6984 = SURFACE_STYLE_USAGE ( .BOTH. , #2161 ) ;
#6985 = CARTESIAN_POINT ( 'NONE',  ( -5.190334871250000148, -30.17282281045374148, -7.479848669445221532 ) ) ;
#6986 = COLOUR_RGB ( '',0.6431372549019607199, 0.6784313725490196401, 0.6980392156862744724 ) ;
#6987 = LINE ( 'NONE', #3488, #719 ) ;
#6988 = PRESENTATION_STYLE_ASSIGNMENT (( #5405 ) ) ;
#6989 = DIRECTION ( 'NONE',  ( 0.000000000000000000, -1.748454679999999258E-07, 0.9999999999999846789 ) ) ;
#6990 = ORIENTED_EDGE ( 'NONE', *, *, #6161, .F. ) ;
#6991 = CIRCLE ( 'NONE', #7227, 1.499999999999999556 ) ;
#6992 = VERTEX_POINT ( 'NONE', #4893 ) ;
#6993 = EDGE_CURVE ( 'NONE', #1533, #2751, #4372, .T. ) ;
#6994 = CARTESIAN_POINT ( 'NONE',  ( -40.00000000000000000, 0.000000000000000000, -2.017369599999999874 ) ) ;
#6995 = VECTOR ( 'NONE', #3988, 1000.000000000000000 ) ;
#6996 = DIRECTION ( 'NONE',  ( 0.000000000000000000, 0.000000000000000000, 1.000000000000000000 ) ) ;
#6997 = DIRECTION ( 'NONE',  ( 0.000000000000000000, -1.000000000000000000, 0.000000000000000000 ) ) ;
#6998 = CARTESIAN_POINT ( 'NONE',  ( 2.999992675781000262, -2.999995496242035209, -5.979845765448489558 ) ) ;
#6999 = DIRECTION ( 'NONE',  ( 0.000000000000000000, -0.9999999999999846789, -1.748454679999999258E-07 ) ) ;
#7000 = VECTOR ( 'NONE', #21, 1000.000000000000227 ) ;
#7001 = VECTOR ( 'NONE', #5497, 1000.000000000000227 ) ;
#7002 = DIRECTION ( 'NONE',  ( 0.000000000000000000, -1.748454679999999523E-07, 0.9999999999999846789 ) ) ;
#7003 =( NAMED_UNIT ( * ) PLANE_ANGLE_UNIT ( ) SI_UNIT ( $, .RADIAN. ) );
#7004 =( GEOMETRIC_REPRESENTATION_CONTEXT ( 3 ) GLOBAL_UNCERTAINTY_ASSIGNED_CONTEXT ( ( #4315 ) ) GLOBAL_UNIT_ASSIGNED_CONTEXT ( ( #3897, #2559, #3162 ) ) REPRESENTATION_CONTEXT ( 'NONE', 'WORKASPACE' ) );
#7005 = EDGE_CURVE ( 'NONE', #2953, #5827, #2049, .T. ) ;
#7006 = CARTESIAN_POINT ( 'NONE',  ( 8.973431955781000724, -34.99355932359359400, -2.017369181862070260 ) ) ;
#7007 = DIRECTION ( 'NONE',  ( 0.9999999999999961142, 8.742277695184497234E-08, 1.515390622692383300E-14 ) ) ;
#7008 = CARTESIAN_POINT ( 'NONE',  ( -11.70000678421900098, -31.00001606249999497, 0.000000000000000000 ) ) ;
#7009 = VECTOR ( 'NONE', #120, 1000.000000000000000 ) ;
#7010 = MECHANICAL_DESIGN_GEOMETRIC_PRESENTATION_REPRESENTATION (  '', ( #2412 ), #3437 ) ;
#7011 = CYLINDRICAL_SURFACE ( 'NONE', #7700, 0.5000000000000004441 ) ;
#7012 = DIRECTION ( 'NONE',  ( 0.000000000000000000, 0.000000000000000000, 1.000000000000000000 ) ) ;
#7013 = DIRECTION ( 'NONE',  ( 1.000000000000000000, 0.000000000000000000, -0.000000000000000000 ) ) ;
#7014 = CARTESIAN_POINT ( 'NONE',  ( 8.973431955781000724, -34.99355805003908415, -9.301255507168956882 ) ) ;
#7015 = CARTESIAN_POINT ( 'NONE',  ( -40.00000000000000000, 0.000000000000000000, -2.017369599999999874 ) ) ;
#7016 = COLOUR_RGB ( '',0.000000000000000000, 0.5019607843137254832, 0.000000000000000000 ) ;
#7017 = PRESENTATION_LAYER_ASSIGNMENT (  '', '', ( #1782 ) ) ;
#7018 = MECHANICAL_DESIGN_GEOMETRIC_PRESENTATION_REPRESENTATION (  '', ( #6648 ), #6277 ) ;
#7019 = DIRECTION ( 'NONE',  ( 1.000000000000000000, 0.000000000000000000, -0.000000000000000000 ) ) ;
#7020 = EDGE_CURVE ( 'NONE', #3440, #1385, #4338, .T. ) ;
#7021 = ORIENTED_EDGE ( 'NONE', *, *, #380, .F. ) ;
#7022 = VECTOR ( 'NONE', #6824, 1000.000000000000000 ) ;
#7023 = DIRECTION ( 'NONE',  ( 1.000000000000000000, 0.000000000000000000, 0.000000000000000000 ) ) ;
#7024 = PLANE ( 'NONE',  #5044 ) ;
#7025 =( GEOMETRIC_REPRESENTATION_CONTEXT ( 3 ) GLOBAL_UNCERTAINTY_ASSIGNED_CONTEXT ( ( #2828 ) ) GLOBAL_UNIT_ASSIGNED_CONTEXT ( ( #4768, #2814, #1014 ) ) REPRESENTATION_CONTEXT ( 'NONE', 'WORKASPACE' ) );
#7026 = LINE ( 'NONE', #6445, #3001 ) ;
#7027 = AXIS2_PLACEMENT_3D ( 'NONE', #6551, #652, #1904 ) ;
#7028 = ORIENTED_EDGE ( 'NONE', *, *, #380, .T. ) ;
#7029 = UNCERTAINTY_MEASURE_WITH_UNIT (LENGTH_MEASURE( 1.000000000000000082E-05 ), #5934, 'distance_accuracy_value', 'NONE');
#7030 = ORIENTED_EDGE ( 'NONE', *, *, #4788, .T. ) ;
#7031 = COLOUR_RGB ( '',0.6980392156862744724, 0.6745098039215686736, 0.6901960784313725394 ) ;
#7032 = SURFACE_STYLE_FILL_AREA ( #5899 ) ;
#7033 = VERTEX_POINT ( 'NONE', #6690 ) ;
#7034 = LINE ( 'NONE', #7460, #889 ) ;
#7035 = DIRECTION ( 'NONE',  ( 0.000000000000000000, 0.000000000000000000, 1.000000000000000000 ) ) ;
#7036 = AXIS2_PLACEMENT_3D ( 'NONE', #954, #5665, #7577 ) ;
#7037 =( NAMED_UNIT ( * ) PLANE_ANGLE_UNIT ( ) SI_UNIT ( $, .RADIAN. ) );
#7038 = ORIENTED_EDGE ( 'NONE', *, *, #1009, .T. ) ;
#7039 = ORIENTED_EDGE ( 'NONE', *, *, #4604, .F. ) ;
#7040 = FILL_AREA_STYLE ('',( #2848 ) ) ;
#7041 = PRESENTATION_STYLE_ASSIGNMENT (( #498 ) ) ;
#7042 = FILL_AREA_STYLE_COLOUR ( '', #4960 ) ;
#7043 = DIRECTION ( 'NONE',  ( 1.000000000000000000, 0.000000000000000000, 0.000000000000000000 ) ) ;
#7044 = ADVANCED_FACE ( 'NONE', ( #730 ), #814, .T. ) ;
#7045 = COLOUR_RGB ( '',0.000000000000000000, 0.5019607843137254832, 0.000000000000000000 ) ;
#7046 = FACE_OUTER_BOUND ( 'NONE', #2871, .T. ) ;
#7047 = DIRECTION ( 'NONE',  ( 0.000000000000000000, 0.000000000000000000, 1.000000000000000000 ) ) ;
#7048 = DIRECTION ( 'NONE',  ( 0.000000000000000000, 1.000000000000000000, 0.000000000000000000 ) ) ;
#7049 =( LENGTH_UNIT ( ) NAMED_UNIT ( * ) SI_UNIT ( .MILLI., .METRE. ) );
#7050 = EDGE_CURVE ( 'NONE', #2881, #4380, #7475, .T. ) ;
#7051 = EDGE_CURVE ( 'NONE', #3962, #7458, #5119, .T. ) ;
#7052 = AXIS2_PLACEMENT_3D ( 'NONE', #3501, #5960, #5834 ) ;
#7053 = VERTEX_POINT ( 'NONE', #2763 ) ;
#7054 = PRESENTATION_STYLE_ASSIGNMENT (( #905 ) ) ;
#7055 = CARTESIAN_POINT ( 'NONE',  ( -9.500006104219000491, -9.499994431950002038, 1.599998607906999881 ) ) ;
#7056 =( GEOMETRIC_REPRESENTATION_CONTEXT ( 3 ) GLOBAL_UNCERTAINTY_ASSIGNED_CONTEXT ( ( #6566 ) ) GLOBAL_UNIT_ASSIGNED_CONTEXT ( ( #3713, #3155, #6653 ) ) REPRESENTATION_CONTEXT ( 'NONE', 'WORKASPACE' ) );
#7057 = FILL_AREA_STYLE_COLOUR ( '', #6626 ) ;
#7058 = PRESENTATION_LAYER_ASSIGNMENT (  '', '', ( #2974 ) ) ;
#7059 = CARTESIAN_POINT ( 'NONE',  ( -4.809703171250000686, -30.42715108241298338, -3.979848093913314067 ) ) ;
#7060 = EDGE_CURVE ( 'NONE', #7053, #6413, #278, .T. ) ;
#7061 = SURFACE_STYLE_USAGE ( .BOTH. , #5581 ) ;
#7062 = ORIENTED_EDGE ( 'NONE', *, *, #4363, .T. ) ;
#7063 = ORIENTED_EDGE ( 'NONE', *, *, #6397, .T. ) ;
#7064 = MECHANICAL_DESIGN_GEOMETRIC_PRESENTATION_REPRESENTATION (  '', ( #2574 ), #336 ) ;
#7065 = OPEN_SHELL ( 'NONE', ( #344, #6235, #3220, #913, #1067, #5714, #1989, #6540, #1900, #5, #3930, #1534, #6727, #4537, #4307, #1375, #7536, #711, #882, #5262, #4885, #6716, #441, #4557, #2138, #7289, #3650, #2569, #1919, #6774, #3416, #4158, #3216, #4855, #1165, #189, #3831, #6307, #4949, #5292, #1980, #4131, #4231, #7044, #4659, #2441, #3840, #1248 ) ) ;
#7066 = ORIENTED_EDGE ( 'NONE', *, *, #1333, .F. ) ;
#7067 = DIRECTION ( 'NONE',  ( 1.000000000000000000, 0.000000000000000000, 0.000000000000000000 ) ) ;
#7068 = DIRECTION ( 'NONE',  ( 0.000000000000000000, 1.000000000000000000, 0.000000000000000000 ) ) ;
#7069 = CARTESIAN_POINT ( 'NONE',  ( 41.30000000000000426, 0.000000000000000000, -2.017369599999999874 ) ) ;
#7070 = COLOUR_RGB ( '',0.1843137254901960898, 0.7490196078431372584, 0.5803921568627450345 ) ;
#7071 = ORIENTED_EDGE ( 'NONE', *, *, #6150, .F. ) ;
#7072 = EDGE_LOOP ( 'NONE', ( #5688, #1599, #1297, #5724 ) ) ;
#7073 = APPLICATION_CONTEXT ( 'automotive_design' ) ;
#7074 = MECHANICAL_DESIGN_GEOMETRIC_PRESENTATION_REPRESENTATION (  '', ( #4232 ), #1340 ) ;
#7075 =( NAMED_UNIT ( * ) PLANE_ANGLE_UNIT ( ) SI_UNIT ( $, .RADIAN. ) );
#7076 = CIRCLE ( 'NONE', #989, 1.100000000000000311 ) ;
#7077 = CARTESIAN_POINT ( 'NONE',  ( -0.1903348712500000095, -30.17282281045374148, -7.479848669445221532 ) ) ;
#7078 = PRESENTATION_LAYER_ASSIGNMENT (  '', '', ( #4002 ) ) ;
#7079 = FACE_OUTER_BOUND ( 'NONE', #3136, .T. ) ;
#7080 = FILL_AREA_STYLE_COLOUR ( '', #4617 ) ;
#7081 = DIRECTION ( 'NONE',  ( -6.849784215730159577E-05, 0.9999999976540074886, 1.748454675898164919E-07 ) ) ;
#7082 = FILL_AREA_STYLE ('',( #4816 ) ) ;
#7083 = CIRCLE ( 'NONE', #2111, 1.498841284246000383 ) ;
#7084 =( NAMED_UNIT ( * ) SI_UNIT ( $, .STERADIAN. ) SOLID_ANGLE_UNIT ( ) );
#7085 = EDGE_LOOP ( 'NONE', ( #4784, #4786, #4895, #5566 ) ) ;
#7086 = ADVANCED_FACE ( 'NONE', ( #1627 ), #4584, .F. ) ;
#7087 = CARTESIAN_POINT ( 'NONE',  ( -38.69999999999999574, -40.00000000000000000, 0.000000000000000000 ) ) ;
#7088 = DIRECTION ( 'NONE',  ( 0.000000000000000000, -1.748454679999999787E-07, 0.9999999999999849010 ) ) ;
#7089 = DIRECTION ( 'NONE',  ( 0.000000000000000000, 0.000000000000000000, 1.000000000000000000 ) ) ;
#7090 = ORIENTED_EDGE ( 'NONE', *, *, #3408, .T. ) ;
#7091 = UNCERTAINTY_MEASURE_WITH_UNIT (LENGTH_MEASURE( 1.000000000000000082E-05 ), #2767, 'distance_accuracy_value', 'NONE');
#7092 = VECTOR ( 'NONE', #728, 1000.000000000000000 ) ;
#7093 = ORIENTED_EDGE ( 'NONE', *, *, #7622, .F. ) ;
#7094 =( LENGTH_UNIT ( ) NAMED_UNIT ( * ) SI_UNIT ( .MILLI., .METRE. ) );
#7095 = ORIENTED_EDGE ( 'NONE', *, *, #5914, .F. ) ;
#7096 = EDGE_CURVE ( 'NONE', #4211, #7101, #3565, .T. ) ;
#7097 = FILL_AREA_STYLE_COLOUR ( '', #3902 ) ;
#7098 = ORIENTED_EDGE ( 'NONE', *, *, #629, .T. ) ;
#7099 = UNCERTAINTY_MEASURE_WITH_UNIT (LENGTH_MEASURE( 1.000000000000000082E-05 ), #1969, 'distance_accuracy_value', 'NONE');
#7100 = ORIENTED_EDGE ( 'NONE', *, *, #2430, .F. ) ;
#7101 = VERTEX_POINT ( 'NONE', #5721 ) ;
#7102 = CIRCLE ( 'NONE', #1019, 2.000729601581999528 ) ;
#7103 = EDGE_CURVE ( 'NONE', #5743, #4014, #6388, .T. ) ;
#7104 = LINE ( 'NONE', #598, #7679 ) ;
#7105 = FACE_OUTER_BOUND ( 'NONE', #523, .T. ) ;
#7106 = LINE ( 'NONE', #3002, #3458 ) ;
#7107 = CARTESIAN_POINT ( 'NONE',  ( 11.69999213578100061, -7.600012062499999388, 2.000001080000000098 ) ) ;
#7108 = DIRECTION ( 'NONE',  ( 0.000000000000000000, -1.748454679999999787E-07, 0.9999999999999849010 ) ) ;
#7109 = AXIS2_PLACEMENT_3D ( 'NONE', #1468, #3869, #3170 ) ;
#7110 = DIRECTION ( 'NONE',  ( 1.000000000000000000, 0.000000000000000000, 0.000000000000000000 ) ) ;
#7111 = DIRECTION ( 'NONE',  ( 0.9238726279500996119, 0.3827001010250355439, 6.691337826737064132E-08 ) ) ;
#7112 = CARTESIAN_POINT ( 'NONE',  ( -0.02656804421900000115, -2.993528806017086819, -2.017363586801758757 ) ) ;
#7113 = FACE_OUTER_BOUND ( 'NONE', #384, .T. ) ;
#7114 = FACE_OUTER_BOUND ( 'NONE', #6737, .T. ) ;
#7115 = SURFACE_STYLE_FILL_AREA ( #1862 ) ;
#7116 =( GEOMETRIC_REPRESENTATION_CONTEXT ( 3 ) GLOBAL_UNCERTAINTY_ASSIGNED_CONTEXT ( ( #4563 ) ) GLOBAL_UNIT_ASSIGNED_CONTEXT ( ( #938, #4418, #4458 ) ) REPRESENTATION_CONTEXT ( 'NONE', 'WORKASPACE' ) );
#7117 = LINE ( 'NONE', #4708, #5595 ) ;
#7118 = SURFACE_SIDE_STYLE ('',( #5967 ) ) ;
#7119 = VECTOR ( 'NONE', #5261, 1000.000000000000227 ) ;
#7120 = ORIENTED_EDGE ( 'NONE', *, *, #2613, .T. ) ;
#7121 = COLOUR_RGB ( '',1.000000000000000000, 0.6078431372549019107, 0.000000000000000000 ) ;
#7122 =( GEOMETRIC_REPRESENTATION_CONTEXT ( 3 ) GLOBAL_UNCERTAINTY_ASSIGNED_CONTEXT ( ( #5619 ) ) GLOBAL_UNIT_ASSIGNED_CONTEXT ( ( #6482, #4157, #5355 ) ) REPRESENTATION_CONTEXT ( 'NONE', 'WORKASPACE' ) );
#7123 = CARTESIAN_POINT ( 'NONE',  ( -5.500007324219000182, -34.49999549624155293, -5.979851273080732277 ) ) ;
#7124 = PRESENTATION_LAYER_ASSIGNMENT (  '', '', ( #4919 ) ) ;
#7125 =( NAMED_UNIT ( * ) SI_UNIT ( $, .STERADIAN. ) SOLID_ANGLE_UNIT ( ) );
#7126 = FILL_AREA_STYLE ('',( #6089 ) ) ;
#7127 = PRESENTATION_STYLE_ASSIGNMENT (( #7061 ) ) ;
#7128 = AXIS2_PLACEMENT_3D ( 'NONE', #2267, #4776, #4713 ) ;
#7129 = AXIS2_PLACEMENT_3D ( 'NONE', #4512, #5702, #907 ) ;
#7130 = EDGE_CURVE ( 'NONE', #4748, #2717, #2091, .T. ) ;
#7131 = FACE_OUTER_BOUND ( 'NONE', #5544, .T. ) ;
#7132 =( GEOMETRIC_REPRESENTATION_CONTEXT ( 3 ) GLOBAL_UNCERTAINTY_ASSIGNED_CONTEXT ( ( #6635 ) ) GLOBAL_UNIT_ASSIGNED_CONTEXT ( ( #1326, #4785, #588 ) ) REPRESENTATION_CONTEXT ( 'NONE', 'WORKASPACE' ) );
#7133 = ORIENTED_EDGE ( 'NONE', *, *, #3523, .F. ) ;
#7134 = CARTESIAN_POINT ( 'NONE',  ( 18.30000000000000071, -43.00000000000000000, -2.017369599999999874 ) ) ;
#7135 = VERTEX_POINT ( 'NONE', #4493 ) ;
#7136 = FACE_OUTER_BOUND ( 'NONE', #5289, .T. ) ;
#7137 = AXIS2_PLACEMENT_3D ( 'NONE', #3430, #4075, #2312 ) ;
#7138 = CARTESIAN_POINT ( 'NONE',  ( -23.00000000000000000, 41.50000000000000000, -2.017369599999999874 ) ) ;
#7139 = DIRECTION ( 'NONE',  ( 0.000000000000000000, 0.000000000000000000, -1.000000000000000000 ) ) ;
#7140 = EDGE_CURVE ( 'NONE', #3271, #4870, #5507, .T. ) ;
#7141 = VERTEX_POINT ( 'NONE', #460 ) ;
#7142 = EDGE_CURVE ( 'NONE', #5253, #6982, #6274, .T. ) ;
#7143 = VERTEX_POINT ( 'NONE', #4667 ) ;
#7144 = VERTEX_POINT ( 'NONE', #891 ) ;
#7145 = PLANE ( 'NONE',  #2581 ) ;
#7146 = VECTOR ( 'NONE', #7459, 1000.000000000000000 ) ;
#7147 = CYLINDRICAL_SURFACE ( 'NONE', #2041, 0.6250000000000000000 ) ;
#7148 = CARTESIAN_POINT ( 'NONE',  ( 0.6249926757810000399, -30.29999575194982597, -4.517369338729788630 ) ) ;
#7149 = ADVANCED_FACE ( 'NONE', ( #2414 ), #535, .F. ) ;
#7150 = VECTOR ( 'NONE', #5287, 1000.000000000000227 ) ;
#7151 = FACE_BOUND ( 'NONE', #7311, .T. ) ;
#7152 =( NAMED_UNIT ( * ) PLANE_ANGLE_UNIT ( ) SI_UNIT ( $, .RADIAN. ) );
#7153 = VECTOR ( 'NONE', #5529, 1000.000000000000114 ) ;
#7154 = SURFACE_STYLE_USAGE ( .BOTH. , #2898 ) ;
#7155 = VERTEX_POINT ( 'NONE', #1704 ) ;
#7156 = PRESENTATION_LAYER_ASSIGNMENT (  '', '', ( #2450 ) ) ;
#7157 = DIRECTION ( 'NONE',  ( 0.9999999999999961142, 8.742277655305796972E-08, 1.515390622692383300E-14 ) ) ;
#7158 = CARTESIAN_POINT ( 'NONE',  ( -0.04467349125005000421, -30.52447819045373834, -7.479848730930570788 ) ) ;
#7159 = LINE ( 'NONE', #2355, #1978 ) ;
#7160 =( NAMED_UNIT ( * ) SI_UNIT ( $, .STERADIAN. ) SOLID_ANGLE_UNIT ( ) );
#7161 =( GEOMETRIC_REPRESENTATION_CONTEXT ( 3 ) GLOBAL_UNCERTAINTY_ASSIGNED_CONTEXT ( ( #6177 ) ) GLOBAL_UNIT_ASSIGNED_CONTEXT ( ( #3716, #4364, #1341 ) ) REPRESENTATION_CONTEXT ( 'NONE', 'WORKASPACE' ) );
#7162 = AXIS2_PLACEMENT_3D ( 'NONE', #1048, #2889, #2252 ) ;
#7163 = VERTEX_POINT ( 'NONE', #5835 ) ;
#7164 = PRESENTATION_STYLE_ASSIGNMENT (( #5394 ) ) ;
#7165 = UNCERTAINTY_MEASURE_WITH_UNIT (LENGTH_MEASURE( 1.000000000000000082E-05 ), #2208, 'distance_accuracy_value', 'NONE');
#7166 = ORIENTED_EDGE ( 'NONE', *, *, #2487, .T. ) ;
#7167 = SURFACE_STYLE_FILL_AREA ( #4828 ) ;
#7168 = CARTESIAN_POINT ( 'NONE',  ( -5.190334871250000148, -30.17282281045374148, -7.479848669445221532 ) ) ;
#7169 = ORIENTED_EDGE ( 'NONE', *, *, #1566, .T. ) ;
#7170 = MECHANICAL_DESIGN_GEOMETRIC_PRESENTATION_REPRESENTATION (  '', ( #6311 ), #7056 ) ;
#7171 =( NAMED_UNIT ( * ) PLANE_ANGLE_UNIT ( ) SI_UNIT ( $, .RADIAN. ) );
#7172 = AXIS2_PLACEMENT_3D ( 'NONE', #4990, #6143, #7374 ) ;
#7173 = EDGE_CURVE ( 'NONE', #4287, #3970, #4546, .T. ) ;
#7174 = CARTESIAN_POINT ( 'NONE',  ( -9.525000000000000355, 8.000000000000000000, -2.017369599999999874 ) ) ;
#7175 = DIRECTION ( 'NONE',  ( -0.9999999335329464722, 0.0003646012926752482280, 0.000000000000000000 ) ) ;
#7176 = LINE ( 'NONE', #6127, #1565 ) ;
#7177 = CARTESIAN_POINT ( 'NONE',  ( 0.000000000000000000, 2.000000000000000000, -2.017369599999999874 ) ) ;
#7178 = AXIS2_PLACEMENT_3D ( 'NONE', #7177, #7139, #747 ) ;
#7179 = VERTEX_POINT ( 'NONE', #3503 ) ;
#7180 = UNCERTAINTY_MEASURE_WITH_UNIT (LENGTH_MEASURE( 1.000000000000000082E-05 ), #1320, 'distance_accuracy_value', 'NONE');
#7181 = ORIENTED_EDGE ( 'NONE', *, *, #7447, .F. ) ;
#7182 = SURFACE_STYLE_FILL_AREA ( #4841 ) ;
#7183 = EDGE_CURVE ( 'NONE', #4347, #2575, #1201, .T. ) ;
#7184 = CIRCLE ( 'NONE', #5823, 1.100000000000000311 ) ;
#7185 = AXIS2_PLACEMENT_3D ( 'NONE', #3895, #5749, #3325 ) ;
#7186 = SURFACE_STYLE_FILL_AREA ( #4844 ) ;
#7187 = SURFACE_STYLE_USAGE ( .BOTH. , #5446 ) ;
#7188 = DIRECTION ( 'NONE',  ( 0.000000000000000000, -1.748454679999999787E-07, 0.9999999999999849010 ) ) ;
#7189 = FACE_BOUND ( 'NONE', #353, .T. ) ;
#7190 = PLANE ( 'NONE',  #5160 ) ;
#7191 = ADVANCED_FACE ( 'NONE', ( #604 ), #35, .F. ) ;
#7192 = SURFACE_STYLE_USAGE ( .BOTH. , #1931 ) ;
#7193 = STYLED_ITEM ( 'NONE', ( #608 ), #1210 ) ;
#7194 = LINE ( 'NONE', #727, #525 ) ;
#7195 = DIRECTION ( 'NONE',  ( -0.9238826834630523566, 0.3826758252060157850, 6.690913375043302168E-08 ) ) ;
#7196 = FACE_OUTER_BOUND ( 'NONE', #5059, .T. ) ;
#7197 = ORIENTED_EDGE ( 'NONE', *, *, #5473, .T. ) ;
#7198 = FILL_AREA_STYLE ('',( #3052 ) ) ;
#7199 = EDGE_CURVE ( 'NONE', #6065, #118, #3579, .T. ) ;
#7200 = DIRECTION ( 'NONE',  ( 1.000000000000000000, 0.000000000000000000, 0.000000000000000000 ) ) ;
#7201 = DIRECTION ( 'NONE',  ( -0.9238826834630522455, 0.3826758252060156740, 6.690913375043302168E-08 ) ) ;
#7202 = FACE_OUTER_BOUND ( 'NONE', #2740, .T. ) ;
#7203 = DIRECTION ( 'NONE',  ( 0.000000000000000000, 0.000000000000000000, 1.000000000000000000 ) ) ;
#7204 = AXIS2_PLACEMENT_3D ( 'NONE', #1831, #7089, #1747 ) ;
#7205 = VERTEX_POINT ( 'NONE', #5961 ) ;
#7206 = PLANE ( 'NONE',  #209 ) ;
#7207 = ORIENTED_EDGE ( 'NONE', *, *, #5914, .T. ) ;
#7208 =( NAMED_UNIT ( * ) SI_UNIT ( $, .STERADIAN. ) SOLID_ANGLE_UNIT ( ) );
#7209 = ORIENTED_EDGE ( 'NONE', *, *, #5064, .T. ) ;
#7210 = MECHANICAL_DESIGN_GEOMETRIC_PRESENTATION_REPRESENTATION (  '', ( #2249 ), #6226 ) ;
#7211 = FACE_OUTER_BOUND ( 'NONE', #2670, .T. ) ;
#7212 = FILL_AREA_STYLE ('',( #1293 ) ) ;
#7213 = DIRECTION ( 'NONE',  ( 0.000000000000000000, 0.000000000000000000, 1.000000000000000000 ) ) ;
#7214 = LINE ( 'NONE', #4249, #7302 ) ;
#7215 = ORIENTED_EDGE ( 'NONE', *, *, #3268, .F. ) ;
#7216 = VERTEX_POINT ( 'NONE', #4221 ) ;
#7217 = SURFACE_STYLE_FILL_AREA ( #4433 ) ;
#7218 = FILL_AREA_STYLE ('',( #2375 ) ) ;
#7219 = SURFACE_SIDE_STYLE ('',( #6612 ) ) ;
#7220 = CARTESIAN_POINT ( 'NONE',  ( -10.00000732421900018, -10.49999549624191886, -5.979847076789500449 ) ) ;
#7221 = VECTOR ( 'NONE', #3814, 1000.000000000000000 ) ;
#7222 = EDGE_CURVE ( 'NONE', #1072, #2509, #6429, .T. ) ;
#7223 = PRESENTATION_STYLE_ASSIGNMENT (( #5513 ) ) ;
#7224 = CARTESIAN_POINT ( 'NONE',  ( 4.999992675780999818, -6.599995496241980675, -5.979846394892175176 ) ) ;
#7225 = CARTESIAN_POINT ( 'NONE',  ( -5.044673491250050823, -30.07549255045374181, -7.479848652427466327 ) ) ;
#7226 = DIRECTION ( 'NONE',  ( 0.000000000000000000, -1.000000000000000000, 0.000000000000000000 ) ) ;
#7227 = AXIS2_PLACEMENT_3D ( 'NONE', #5641, #6729, #856 ) ;
#7228 = DIRECTION ( 'NONE',  ( -0.9238826834630522455, -0.3826758252060156740, -6.690913375043302168E-08 ) ) ;
#7229 = SURFACE_STYLE_USAGE ( .BOTH. , #7118 ) ;
#7230 = ADVANCED_FACE ( 'NONE', ( #5267 ), #6041, .F. ) ;
#7231 = CARTESIAN_POINT ( 'NONE',  ( 38.69999999999999574, -1.592040838891559095E-16, -2.017369599999999874 ) ) ;
#7232 =( GEOMETRIC_REPRESENTATION_CONTEXT ( 3 ) GLOBAL_UNCERTAINTY_ASSIGNED_CONTEXT ( ( #785 ) ) GLOBAL_UNIT_ASSIGNED_CONTEXT ( ( #4295, #2, #4222 ) ) REPRESENTATION_CONTEXT ( 'NONE', 'WORKASPACE' ) );
#7233 = VERTEX_POINT ( 'NONE', #6720 ) ;
#7234 = SURFACE_STYLE_FILL_AREA ( #3724 ) ;
#7235 = VECTOR ( 'NONE', #6280, 1000.000000000000227 ) ;
#7236 = AXIS2_PLACEMENT_3D ( 'NONE', #3825, #5035, #1968 ) ;
#7237 = SURFACE_STYLE_USAGE ( .BOTH. , #4272 ) ;
#7238 = DIRECTION ( 'NONE',  ( -1.000000000000000000, 0.000000000000000000, 0.000000000000000000 ) ) ;
#7239 = ORIENTED_EDGE ( 'NONE', *, *, #1466, .T. ) ;
#7240 = EDGE_CURVE ( 'NONE', #7659, #416, #3927, .T. ) ;
#7241 =( GEOMETRIC_REPRESENTATION_CONTEXT ( 3 ) GLOBAL_UNCERTAINTY_ASSIGNED_CONTEXT ( ( #405 ) ) GLOBAL_UNIT_ASSIGNED_CONTEXT ( ( #1179, #4076, #1715 ) ) REPRESENTATION_CONTEXT ( 'NONE', 'WORKASPACE' ) );
#7242 = VERTEX_POINT ( 'NONE', #3823 ) ;
#7243 = CARTESIAN_POINT ( 'NONE',  ( 43.00000000000000000, 40.00000000000000000, 0.000000000000000000 ) ) ;
#7244 = VERTEX_POINT ( 'NONE', #7264 ) ;
#7245 = STYLED_ITEM ( 'NONE', ( #7555 ), #6852 ) ;
#7246 = FACE_OUTER_BOUND ( 'NONE', #6779, .T. ) ;
#7247 = CARTESIAN_POINT ( 'NONE',  ( 8.977176106171999237, -27.99999553195000246, 1.499998807906999909 ) ) ;
#7248 = FACE_OUTER_BOUND ( 'NONE', #2202, .T. ) ;
#7249 = VECTOR ( 'NONE', #5838, 1000.000000000000227 ) ;
#7250 = COLOUR_RGB ( '',0.000000000000000000, 0.5019607843137254832, 0.000000000000000000 ) ;
#7251 = MECHANICAL_DESIGN_GEOMETRIC_PRESENTATION_REPRESENTATION (  '', ( #6272 ), #536 ) ;
#7252 = VERTEX_POINT ( 'NONE', #1418 ) ;
#7253 = UNCERTAINTY_MEASURE_WITH_UNIT (LENGTH_MEASURE( 1.000000000000000082E-05 ), #4065, 'distance_accuracy_value', 'NONE');
#7254 = EDGE_LOOP ( 'NONE', ( #4274, #2709, #2989, #2146 ) ) ;
#7255 = VECTOR ( 'NONE', #6971, 1000.000000000000000 ) ;
#7256 =( GEOMETRIC_REPRESENTATION_CONTEXT ( 3 ) GLOBAL_UNCERTAINTY_ASSIGNED_CONTEXT ( ( #555 ) ) GLOBAL_UNIT_ASSIGNED_CONTEXT ( ( #6941, #1603, #5244 ) ) REPRESENTATION_CONTEXT ( 'NONE', 'WORKASPACE' ) );
#7257 = ORIENTED_EDGE ( 'NONE', *, *, #6397, .F. ) ;
#7258 = PLANE ( 'NONE',  #3587 ) ;
#7259 = DIRECTION ( 'NONE',  ( 0.7071067811865475727, 0.7071067811865366926, 1.236344160825354536E-07 ) ) ;
#7260 = DIRECTION ( 'NONE',  ( 0.000000000000000000, 1.748454679999999523E-07, -0.9999999999999847899 ) ) ;
#7261 = COLOUR_RGB ( '',0.000000000000000000, 0.5019607843137254832, 0.000000000000000000 ) ;
#7262 = SURFACE_STYLE_FILL_AREA ( #6574 ) ;
#7263 = FACE_OUTER_BOUND ( 'NONE', #953, .T. ) ;
#7264 = CARTESIAN_POINT ( 'NONE',  ( 0.04463544874997000395, -30.52447819045373834, -7.479848730930570788 ) ) ;
#7265 = CYLINDRICAL_SURFACE ( 'NONE', #1382, 1.300000000000002487 ) ;
#7266 = AXIS2_PLACEMENT_3D ( 'NONE', #4465, #3961, #2064 ) ;
#7267 = COLOUR_RGB ( '',0.000000000000000000, 0.5019607843137254832, 0.000000000000000000 ) ;
#7268 = ADVANCED_FACE ( 'NONE', ( #5514 ), #242, .F. ) ;
#7269 = DIRECTION ( 'NONE',  ( 0.000000000000000000, -1.000000000000000000, 0.000000000000000000 ) ) ;
#7270 =( NAMED_UNIT ( * ) PLANE_ANGLE_UNIT ( ) SI_UNIT ( $, .RADIAN. ) );
#7271 = DIRECTION ( 'NONE',  ( -0.3826758252060216137, -0.9238826834630382567, -1.615367001671932091E-07 ) ) ;
#7272 = DIRECTION ( 'NONE',  ( 0.9999999999999962252, 8.742277735063201467E-08, 1.548860246407863928E-14 ) ) ;
#7273 = VECTOR ( 'NONE', #2378, 1000.000000000000000 ) ;
#7274 = LINE ( 'NONE', #4409, #2151 ) ;
#7275 = VERTEX_POINT ( 'NONE', #1998 ) ;
#7276 = SURFACE_STYLE_USAGE ( .BOTH. , #6199 ) ;
#7277 = CARTESIAN_POINT ( 'NONE',  ( 23.00000000000000000, 40.00000000000000000, -2.017369599999999874 ) ) ;
#7278 = STYLED_ITEM ( 'NONE', ( #4755 ), #4949 ) ;
#7279 = EDGE_CURVE ( 'NONE', #4175, #7576, #1854, .T. ) ;
#7280 = ADVANCED_FACE ( 'NONE', ( #6760 ), #4925, .T. ) ;
#7281 = CARTESIAN_POINT ( 'NONE',  ( 11.69999213578100061, -31.00001606249999497, 0.000000000000000000 ) ) ;
#7282 = ORIENTED_EDGE ( 'NONE', *, *, #7571, .T. ) ;
#7283 = PRESENTATION_LAYER_ASSIGNMENT (  '', '', ( #2958 ) ) ;
#7284 = ORIENTED_EDGE ( 'NONE', *, *, #1239, .T. ) ;
#7285 = FILL_AREA_STYLE_COLOUR ( '', #2933 ) ;
#7286 = SURFACE_STYLE_USAGE ( .BOTH. , #6019 ) ;
#7287 = VERTEX_POINT ( 'NONE', #5898 ) ;
#7288 = CARTESIAN_POINT ( 'NONE',  ( -4.955364551250029947, -30.07549255045374181, -7.479848652427466327 ) ) ;
#7289 = ADVANCED_FACE ( 'NONE', ( #558 ), #7384, .T. ) ;
#7290 = ADVANCED_FACE ( 'NONE', ( #3627, #5981 ), #3024, .T. ) ;
#7291 = CARTESIAN_POINT ( 'NONE',  ( 43.00000000000000000, 40.00000000000000000, -2.017369599999999874 ) ) ;
#7292 = VECTOR ( 'NONE', #854, 1000.000000000000000 ) ;
#7293 = ORIENTED_EDGE ( 'NONE', *, *, #5923, .T. ) ;
#7294 = VERTEX_POINT ( 'NONE', #6209 ) ;
#7295 = STYLED_ITEM ( 'NONE', ( #2932 ), #5669 ) ;
#7296 = EDGE_CURVE ( 'NONE', #1506, #86, #3920, .T. ) ;
#7297 = SURFACE_SIDE_STYLE ('',( #6683 ) ) ;
#7298 = VECTOR ( 'NONE', #995, 1000.000000000000000 ) ;
#7299 = STYLED_ITEM ( 'NONE', ( #6108 ), #6011 ) ;
#7300 = FILL_AREA_STYLE ('',( #3673 ) ) ;
#7301 = DIRECTION ( 'NONE',  ( -0.9999999335329464722, 0.0003646012926752482280, 0.000000000000000000 ) ) ;
#7302 = VECTOR ( 'NONE', #3111, 1000.000000000000227 ) ;
#7303 = OPEN_SHELL ( 'NONE', ( #5978, #7545 ) ) ;
#7304 = FILL_AREA_STYLE_COLOUR ( '', #6877 ) ;
#7305 = CARTESIAN_POINT ( 'NONE',  ( -9.000007324219000182, -34.99999549624153872, -5.979851360503466218 ) ) ;
#7306 = DIRECTION ( 'NONE',  ( 0.000000000000000000, 0.9999999999999846789, 1.748454679999999258E-07 ) ) ;
#7307 = FACE_OUTER_BOUND ( 'NONE', #3276, .T. ) ;
#7308 = VECTOR ( 'NONE', #3892, 999.9999999999998863 ) ;
#7309 =( LENGTH_UNIT ( ) NAMED_UNIT ( * ) SI_UNIT ( .MILLI., .METRE. ) );
#7310 =( NAMED_UNIT ( * ) SI_UNIT ( $, .STERADIAN. ) SOLID_ANGLE_UNIT ( ) );
#7311 = EDGE_LOOP ( 'NONE', ( #4198, #1032 ) ) ;
#7312 = VERTEX_POINT ( 'NONE', #7405 ) ;
#7313 = CARTESIAN_POINT ( 'NONE',  ( -4.775524931250000549, -30.34464172241292346, -3.979848079486925982 ) ) ;
#7314 = FILL_AREA_STYLE_COLOUR ( '', #1354 ) ;
#7315 = DIRECTION ( 'NONE',  ( 0.000000000000000000, -1.748454679999999258E-07, 0.9999999999999846789 ) ) ;
#7316 =( NAMED_UNIT ( * ) SI_UNIT ( $, .STERADIAN. ) SOLID_ANGLE_UNIT ( ) );
#7317 = ORIENTED_EDGE ( 'NONE', *, *, #1000, .F. ) ;
#7318 = MECHANICAL_DESIGN_GEOMETRIC_PRESENTATION_REPRESENTATION (  '', ( #5349 ), #4624 ) ;
#7319 = EDGE_CURVE ( 'NONE', #4047, #7584, #1404, .T. ) ;
#7320 = ORIENTED_EDGE ( 'NONE', *, *, #6579, .F. ) ;
#7321 = CARTESIAN_POINT ( 'NONE',  ( -8.425000000000000711, 8.000000000000000000, -2.017369599999999874 ) ) ;
#7322 = EDGE_LOOP ( 'NONE', ( #904, #5896, #2614, #1754 ) ) ;
#7323 = FACE_BOUND ( 'NONE', #2750, .T. ) ;
#7324 = CIRCLE ( 'NONE', #1476, 1.300000000000002487 ) ;
#7325 = VERTEX_POINT ( 'NONE', #2107 ) ;
#7326 = UNCERTAINTY_MEASURE_WITH_UNIT (LENGTH_MEASURE( 1.000000000000000082E-05 ), #804, 'distance_accuracy_value', 'NONE');
#7327 = ADVANCED_FACE ( 'NONE', ( #3803 ), #5052, .F. ) ;
#7328 = PRESENTATION_LAYER_ASSIGNMENT (  '', '', ( #4132 ) ) ;
#7329 = ORIENTED_EDGE ( 'NONE', *, *, #2560, .T. ) ;
#7330 = VERTEX_POINT ( 'NONE', #155 ) ;
#7331 = CARTESIAN_POINT ( 'NONE',  ( 1.300000000000000044, 2.000000000000000000, 0.000000000000000000 ) ) ;
#7332 = SURFACE_STYLE_FILL_AREA ( #3779 ) ;
#7333 = COLOUR_RGB ( '',0.000000000000000000, 0.5019607843137254832, 0.000000000000000000 ) ;
#7334 = DIRECTION ( 'NONE',  ( 1.000000000000000000, 0.000000000000000000, -0.000000000000000000 ) ) ;
#7335 = CARTESIAN_POINT ( 'NONE',  ( 40.00000000000000000, 0.000000000000000000, -2.017369599999999874 ) ) ;
#7336 = ORIENTED_EDGE ( 'NONE', *, *, #5038, .T. ) ;
#7337 = EDGE_CURVE ( 'NONE', #1873, #2901, #6738, .T. ) ;
#7338 = SURFACE_STYLE_USAGE ( .BOTH. , #1306 ) ;
#7339 = PRESENTATION_STYLE_ASSIGNMENT (( #4293 ) ) ;
#7340 = CIRCLE ( 'NONE', #3651, 1.300000000000002487 ) ;
#7341 = CYLINDRICAL_SURFACE ( 'NONE', #2273, 1.399999999999999689 ) ;
#7342 =( NAMED_UNIT ( * ) PLANE_ANGLE_UNIT ( ) SI_UNIT ( $, .RADIAN. ) );
#7343 = LINE ( 'NONE', #6845, #5680 ) ;
#7344 = SURFACE_SIDE_STYLE ('',( #4238 ) ) ;
#7345 = CARTESIAN_POINT ( 'NONE',  ( -10.62500000000000000, 8.000000000000000000, -2.017369599999999874 ) ) ;
#7346 = ORIENTED_EDGE ( 'NONE', *, *, #7060, .F. ) ;
#7347 =( NAMED_UNIT ( * ) SI_UNIT ( $, .STERADIAN. ) SOLID_ANGLE_UNIT ( ) );
#7348 = ORIENTED_EDGE ( 'NONE', *, *, #4120, .T. ) ;
#7349 = AXIS2_PLACEMENT_3D ( 'NONE', #669, #2956, #2437 ) ;
#7350 = LINE ( 'NONE', #386, #3047 ) ;
#7351 = CARTESIAN_POINT ( 'NONE',  ( -4.955364551250029947, -30.52447819045373834, -7.479848730930570788 ) ) ;
#7352 =( NAMED_UNIT ( * ) SI_UNIT ( $, .STERADIAN. ) SOLID_ANGLE_UNIT ( ) );
#7353 = CARTESIAN_POINT ( 'NONE',  ( 14.69999999999999929, -43.00000000000000000, -2.017369599999999874 ) ) ;
#7354 = DIRECTION ( 'NONE',  ( 0.000000000000000000, 1.748454679999999787E-07, -0.9999999999999849010 ) ) ;
#7355 = CIRCLE ( 'NONE', #135, 0.7834999999999989750 ) ;
#7356 = ORIENTED_EDGE ( 'NONE', *, *, #805, .F. ) ;
#7357 = DIRECTION ( 'NONE',  ( 1.000000000000000000, 0.000000000000000000, 0.000000000000000000 ) ) ;
#7358 = ORIENTED_EDGE ( 'NONE', *, *, #6376, .T. ) ;
#7359 = AXIS2_PLACEMENT_3D ( 'NONE', #2002, #1463, #212 ) ;
#7360 = COLOUR_RGB ( '',0.000000000000000000, 0.5019607843137254832, 0.000000000000000000 ) ;
#7361 = LINE ( 'NONE', #5438, #2470 ) ;
#7362 = PRESENTATION_STYLE_ASSIGNMENT (( #5097 ) ) ;
#7363 =( LENGTH_UNIT ( ) NAMED_UNIT ( * ) SI_UNIT ( .MILLI., .METRE. ) );
#7364 = EDGE_CURVE ( 'NONE', #3933, #2567, #6780, .T. ) ;
#7365 = FACE_OUTER_BOUND ( 'NONE', #2907, .T. ) ;
#7366 = AXIS2_PLACEMENT_3D ( 'NONE', #2874, #4087, #4789 ) ;
#7367 = COLOUR_RGB ( '',0.1843137254901960898, 0.7490196078431372584, 0.5803921568627450345 ) ;
#7368 = EDGE_LOOP ( 'NONE', ( #3697, #7329, #5386, #254 ) ) ;
#7369 = VECTOR ( 'NONE', #5229, 1000.000000000000227 ) ;
#7370 = ORIENTED_EDGE ( 'NONE', *, *, #1764, .F. ) ;
#7371 = EDGE_LOOP ( 'NONE', ( #5583, #5443 ) ) ;
#7372 = FACE_OUTER_BOUND ( 'NONE', #1218, .T. ) ;
#7373 =( GEOMETRIC_REPRESENTATION_CONTEXT ( 3 ) GLOBAL_UNCERTAINTY_ASSIGNED_CONTEXT ( ( #1106 ) ) GLOBAL_UNIT_ASSIGNED_CONTEXT ( ( #1602, #5700, #6938 ) ) REPRESENTATION_CONTEXT ( 'NONE', 'WORKASPACE' ) );
#7374 = DIRECTION ( 'NONE',  ( -0.9999997009467437303, 0.0007733734047231480583, 0.000000000000000000 ) ) ;
#7375 = AXIS2_PLACEMENT_3D ( 'NONE', #2611, #825, #5570 ) ;
#7376 = ADVANCED_FACE ( 'NONE', ( #5009 ), #6859, .F. ) ;
#7377 = SURFACE_STYLE_FILL_AREA ( #2078 ) ;
#7378 = EDGE_CURVE ( 'NONE', #5663, #5950, #2902, .T. ) ;
#7379 = ORIENTED_EDGE ( 'NONE', *, *, #1097, .T. ) ;
#7380 = PRESENTATION_LAYER_ASSIGNMENT (  '', '', ( #3305 ) ) ;
#7381 = VECTOR ( 'NONE', #3396, 1000.000000000000227 ) ;
#7382 = CARTESIAN_POINT ( 'NONE',  ( 20.00000000000000000, 32.39999999999999858, 0.000000000000000000 ) ) ;
#7383 = CARTESIAN_POINT ( 'NONE',  ( 9.525000000000000355, 8.000000000000000000, -2.017369599999999874 ) ) ;
#7384 = PLANE ( 'NONE',  #6034 ) ;
#7385 = STYLED_ITEM ( 'NONE', ( #830 ), #7290 ) ;
#7386 = SURFACE_SIDE_STYLE ('',( #2486 ) ) ;
#7387 = PRESENTATION_LAYER_ASSIGNMENT (  '', '', ( #1054 ) ) ;
#7388 = ADVANCED_FACE ( 'NONE', ( #5276 ), #7642, .T. ) ;
#7389 = CARTESIAN_POINT ( 'NONE',  ( -10.70001667124999933, -29.99998480843382964, -4.517369286274235840 ) ) ;
#7390 = DIRECTION ( 'NONE',  ( 1.000000000000000000, 0.000000000000000000, 0.000000000000000000 ) ) ;
#7391 = SURFACE_STYLE_USAGE ( .BOTH. , #7432 ) ;
#7392 = CIRCLE ( 'NONE', #7027, 3.001094402371998981 ) ;
#7393 =( GEOMETRIC_REPRESENTATION_CONTEXT ( 3 ) GLOBAL_UNCERTAINTY_ASSIGNED_CONTEXT ( ( #5705 ) ) GLOBAL_UNIT_ASSIGNED_CONTEXT ( ( #472, #5242, #5775 ) ) REPRESENTATION_CONTEXT ( 'NONE', 'WORKASPACE' ) );
#7394 = FILL_AREA_STYLE ('',( #2644 ) ) ;
#7395 = PRESENTATION_STYLE_ASSIGNMENT (( #4410 ) ) ;
#7396 = ORIENTED_EDGE ( 'NONE', *, *, #7538, .T. ) ;
#7397 = FILL_AREA_STYLE ('',( #5043 ) ) ;
#7398 = ORIENTED_EDGE ( 'NONE', *, *, #1419, .T. ) ;
#7399 = LINE ( 'NONE', #346, #5268 ) ;
#7400 = VECTOR ( 'NONE', #237, 1000.000000000000000 ) ;
#7401 =( LENGTH_UNIT ( ) NAMED_UNIT ( * ) SI_UNIT ( .MILLI., .METRE. ) );
#7402 = DIRECTION ( 'NONE',  ( 0.000000000000000000, 0.000000000000000000, -1.000000000000000000 ) ) ;
#7403 = UNCERTAINTY_MEASURE_WITH_UNIT (LENGTH_MEASURE( 1.000000000000000082E-05 ), #828, 'distance_accuracy_value', 'NONE');
#7404 = ORIENTED_EDGE ( 'NONE', *, *, #6342, .T. ) ;
#7405 = CARTESIAN_POINT ( 'NONE',  ( -38.69999999999999574, 0.000000000000000000, 0.000000000000000000 ) ) ;
#7406 = CARTESIAN_POINT ( 'NONE',  ( -9.026568044219001052, -34.99355888647993140, -4.517369181862031624 ) ) ;
#7407 = ORIENTED_EDGE ( 'NONE', *, *, #1996, .T. ) ;
#7408 = FILL_AREA_STYLE ('',( #6862 ) ) ;
#7409 = DIRECTION ( 'NONE',  ( 0.000000000000000000, 1.000000000000000000, 0.000000000000000000 ) ) ;
#7410 = DIRECTION ( 'NONE',  ( 0.000000000000000000, -1.748454679999999258E-07, 0.9999999999999846789 ) ) ;
#7411 =( NAMED_UNIT ( * ) PLANE_ANGLE_UNIT ( ) SI_UNIT ( $, .RADIAN. ) );
#7412 = DIRECTION ( 'NONE',  ( 0.9238726279500996119, 0.3827001010250355439, 6.691337826737064132E-08 ) ) ;
#7413 = VECTOR ( 'NONE', #7402, 1000.000000000000000 ) ;
#7414 = VERTEX_POINT ( 'NONE', #2147 ) ;
#7415 = UNCERTAINTY_MEASURE_WITH_UNIT (LENGTH_MEASURE( 1.000000000000000082E-05 ), #6793, 'distance_accuracy_value', 'NONE');
#7416 = EDGE_LOOP ( 'NONE', ( #62, #5783, #6483, #1592, #6757, #3483, #3112, #4837, #2073, #4758, #5845, #2661, #3180, #5644, #4054, #700, #394, #4253, #6250, #932, #5215, #4097, #945, #3480 ) ) ;
#7417 = ORIENTED_EDGE ( 'NONE', *, *, #4079, .F. ) ;
#7418 = EDGE_CURVE ( 'NONE', #845, #4711, #4057, .T. ) ;
#7419 = VECTOR ( 'NONE', #4622, 1000.000000000000000 ) ;
#7420 = SURFACE_STYLE_USAGE ( .BOTH. , #2675 ) ;
#7421 =( NAMED_UNIT ( * ) SI_UNIT ( $, .STERADIAN. ) SOLID_ANGLE_UNIT ( ) );
#7422 = CARTESIAN_POINT ( 'NONE',  ( 0.04463544874997000395, -30.52447880241297895, -3.979848110930624294 ) ) ;
#7423 = COLOUR_RGB ( '',0.000000000000000000, 0.5019607843137254832, 0.000000000000000000 ) ;
#7424 = EDGE_LOOP ( 'NONE', ( #4729, #5142, #839, #4373 ) ) ;
#7425 = SURFACE_SIDE_STYLE ('',( #5069 ) ) ;
#7426 = EDGE_CURVE ( 'NONE', #731, #4870, #5350, .T. ) ;
#7427 = AXIS2_PLACEMENT_3D ( 'NONE', #4482, #4439, #5193 ) ;
#7428 =( GEOMETRIC_REPRESENTATION_CONTEXT ( 3 ) GLOBAL_UNCERTAINTY_ASSIGNED_CONTEXT ( ( #3312 ) ) GLOBAL_UNIT_ASSIGNED_CONTEXT ( ( #6267, #5794, #457 ) ) REPRESENTATION_CONTEXT ( 'NONE', 'WORKASPACE' ) );
#7429 = DIRECTION ( 'NONE',  ( 0.000000000000000000, 0.000000000000000000, -1.000000000000000000 ) ) ;
#7430 = PRESENTATION_STYLE_ASSIGNMENT (( #3754 ) ) ;
#7431 = CARTESIAN_POINT ( 'NONE',  ( -43.00000000000000000, 40.00000000000000000, -2.017369599999999874 ) ) ;
#7432 = SURFACE_SIDE_STYLE ('',( #4335 ) ) ;
#7433 = VECTOR ( 'NONE', #1154, 1000.000000000000000 ) ;
#7434 = DIRECTION ( 'NONE',  ( -0.3826758252060216137, 0.9238826834630381457, 1.615367001671931827E-07 ) ) ;
#7435 = DIRECTION ( 'NONE',  ( 1.000000000000000000, 0.000000000000000000, -0.000000000000000000 ) ) ;
#7436 = EDGE_CURVE ( 'NONE', #7141, #741, #3689, .T. ) ;
#7437 = LINE ( 'NONE', #4494, #3661 ) ;
#7438 = VERTEX_POINT ( 'NONE', #4775 ) ;
#7439 = CARTESIAN_POINT ( 'NONE',  ( 12.69999267578099911, -32.00001406250000002, 0.000000000000000000 ) ) ;
#7440 = VERTEX_POINT ( 'NONE', #3653 ) ;
#7441 = DIRECTION ( 'NONE',  ( 0.000000000000000000, 0.000000000000000000, -1.000000000000000000 ) ) ;
#7442 = DIRECTION ( 'NONE',  ( -0.9999998395338443036, 0.0005665088575433642991, 9.905160942140897381E-11 ) ) ;
#7443 = CARTESIAN_POINT ( 'NONE',  ( -43.00000000000000000, -40.00000000000000000, -2.017369599999999874 ) ) ;
#7444 = FILL_AREA_STYLE_COLOUR ( '', #5275 ) ;
#7445 = DIRECTION ( 'NONE',  ( 1.000000000000000000, 0.000000000000000000, 0.000000000000000000 ) ) ;
#7446 = CARTESIAN_POINT ( 'NONE',  ( 12.69899267578099966, -6.599995496241980675, -5.979846394892175176 ) ) ;
#7447 = EDGE_CURVE ( 'NONE', #3428, #7101, #4199, .T. ) ;
#7448 = ORIENTED_EDGE ( 'NONE', *, *, #1744, .T. ) ;
#7449 = DIRECTION ( 'NONE',  ( 0.000000000000000000, 0.000000000000000000, 1.000000000000000000 ) ) ;
#7450 = ORIENTED_EDGE ( 'NONE', *, *, #1680, .F. ) ;
#7451 = CARTESIAN_POINT ( 'NONE',  ( 0.2244750687499999786, -30.34464111045367929, -7.479848699486872476 ) ) ;
#7452 = CARTESIAN_POINT ( 'NONE',  ( -7.324219000000000424E-06, -2.999995496242035209, -5.979845765448489558 ) ) ;
#7453 = CARTESIAN_POINT ( 'NONE',  ( -14.69999999999999929, -38.50000000000000000, -2.017369599999999874 ) ) ;
#7454 = DIRECTION ( 'NONE',  ( 0.000000000000000000, 0.000000000000000000, 1.000000000000000000 ) ) ;
#7455 = CARTESIAN_POINT ( 'NONE',  ( -0.02656804421900000115, -2.993527532462573859, -9.301249912108646711 ) ) ;
#7456 = ORIENTED_EDGE ( 'NONE', *, *, #5440, .T. ) ;
#7457 = ORIENTED_EDGE ( 'NONE', *, *, #3655, .T. ) ;
#7458 = VERTEX_POINT ( 'NONE', #6008 ) ;
#7459 = DIRECTION ( 'NONE',  ( -1.000000000000000000, 0.000000000000000000, 0.000000000000000000 ) ) ;
#7460 = CARTESIAN_POINT ( 'NONE',  ( 8.499992675780999818, -28.99999549624163819, -5.979850311430657150 ) ) ;
#7461 = DIRECTION ( 'NONE',  ( -0.3827001010250414281, -0.9238726279500855121, -1.615349420063250050E-07 ) ) ;
#7462 = LINE ( 'NONE', #5671, #3364 ) ;
#7463 = ORIENTED_EDGE ( 'NONE', *, *, #722, .F. ) ;
#7464 = CARTESIAN_POINT ( 'NONE',  ( 10.37343195578099575, -34.99355851930438632, -5.917369181861988459 ) ) ;
#7465 = CARTESIAN_POINT ( 'NONE',  ( -14.69999999999999929, -43.00000000000000000, -2.017369599999999874 ) ) ;
#7466 = CIRCLE ( 'NONE', #3757, 1.498841284246002159 ) ;
#7467 = LINE ( 'NONE', #6343, #4988 ) ;
#7468 = DIRECTION ( 'NONE',  ( 0.000000000000000000, 0.000000000000000000, -1.000000000000000000 ) ) ;
#7469 = LINE ( 'NONE', #2127, #1657 ) ;
#7470 = CARTESIAN_POINT ( 'NONE',  ( 10.69999159578100034, -30.00001298249999593, 2.000001080000000098 ) ) ;
#7471 = LINE ( 'NONE', #2759, #693 ) ;
#7472 = EDGE_CURVE ( 'NONE', #2711, #2743, #7392, .T. ) ;
#7473 = STYLED_ITEM ( 'NONE', ( #2086 ), #2396 ) ;
#7474 = CARTESIAN_POINT ( 'NONE',  ( -8.243068044219002743, -34.99355798154333996, -9.301255507168944447 ) ) ;
#7475 = LINE ( 'NONE', #2180, #3791 ) ;
#7476 = FILL_AREA_STYLE_COLOUR ( '', #259 ) ;
#7477 = ORIENTED_EDGE ( 'NONE', *, *, #3918, .F. ) ;
#7478 = CARTESIAN_POINT ( 'NONE',  ( -17.80000000000000071, 32.39999999999999858, 0.000000000000000000 ) ) ;
#7479 = EDGE_LOOP ( 'NONE', ( #6219, #507, #5186, #4694, #2672, #217, #885, #2842, #2284, #2626, #3401, #3071, #6262, #4325, #5531, #3907 ) ) ;
#7480 = PLANE ( 'NONE',  #2162 ) ;
#7481 = FILL_AREA_STYLE ('',( #2099 ) ) ;
#7482 =( LENGTH_UNIT ( ) NAMED_UNIT ( * ) SI_UNIT ( .MILLI., .METRE. ) );
#7483 = DIRECTION ( 'NONE',  ( -0.9999997009467437303, -0.0007733734047231480583, 0.000000000000000000 ) ) ;
#7484 =( LENGTH_UNIT ( ) NAMED_UNIT ( * ) SI_UNIT ( .MILLI., .METRE. ) );
#7485 = ADVANCED_FACE ( 'NONE', ( #5310 ), #5456, .T. ) ;
#7486 = UNCERTAINTY_MEASURE_WITH_UNIT (LENGTH_MEASURE( 1.000000000000000082E-05 ), #2319, 'distance_accuracy_value', 'NONE');
#7487 =( NAMED_UNIT ( * ) PLANE_ANGLE_UNIT ( ) SI_UNIT ( $, .RADIAN. ) );
#7488 = MECHANICAL_DESIGN_GEOMETRIC_PRESENTATION_REPRESENTATION (  '', ( #4520 ), #756 ) ;
#7489 = ORIENTED_EDGE ( 'NONE', *, *, #2680, .T. ) ;
#7490 = DIRECTION ( 'NONE',  ( 0.000000000000000000, 0.9999999999999847899, 1.748454679999999523E-07 ) ) ;
#7491 = SURFACE_SIDE_STYLE ('',( #6781 ) ) ;
#7492 = ORIENTED_EDGE ( 'NONE', *, *, #2632, .T. ) ;
#7493 = LINE ( 'NONE', #4558, #2272 ) ;
#7494 = PRESENTATION_STYLE_ASSIGNMENT (( #3884 ) ) ;
#7495 = AXIS2_PLACEMENT_3D ( 'NONE', #2503, #5084, #7442 ) ;
#7496 = EDGE_CURVE ( 'NONE', #6702, #5817, #5001, .T. ) ;
#7497 = VERTEX_POINT ( 'NONE', #3835 ) ;
#7498 = AXIS2_PLACEMENT_3D ( 'NONE', #4103, #1623, #7626 ) ;
#7499 = ORIENTED_EDGE ( 'NONE', *, *, #4567, .F. ) ;
#7500 = VECTOR ( 'NONE', #2416, 999.9999999999998863 ) ;
#7501 = CARTESIAN_POINT ( 'NONE',  ( 11.14843195578099078, -34.99355913344906099, -2.017369181862036953 ) ) ;
#7502 =( NAMED_UNIT ( * ) SI_UNIT ( $, .STERADIAN. ) SOLID_ANGLE_UNIT ( ) );
#7503 = VECTOR ( 'NONE', #6733, 1000.000000000000227 ) ;
#7504 = AXIS2_PLACEMENT_3D ( 'NONE', #1027, #1748, #4124 ) ;
#7505 =( NAMED_UNIT ( * ) PLANE_ANGLE_UNIT ( ) SI_UNIT ( $, .RADIAN. ) );
#7506 = AXIS2_PLACEMENT_3D ( 'NONE', #7465, #2124, #6115 ) ;
#7507 = EDGE_LOOP ( 'NONE', ( #3354, #6947, #6536, #4152 ) ) ;
#7508 = AXIS2_PLACEMENT_3D ( 'NONE', #6441, #5847, #5351 ) ;
#7509 = AXIS2_PLACEMENT_3D ( 'NONE', #1296, #3108, #7175 ) ;
#7510 = FILL_AREA_STYLE ('',( #4730 ) ) ;
#7511 = VECTOR ( 'NONE', #3830, 1000.000000000000000 ) ;
#7512 = CARTESIAN_POINT ( 'NONE',  ( 8.999992675780998042, -34.99999549624153872, -5.979851360503466218 ) ) ;
#7513 = SURFACE_STYLE_FILL_AREA ( #6381 ) ;
#7514 = CARTESIAN_POINT ( 'NONE',  ( -9.021807453828001755, -27.99999553195000246, 1.499998807906999909 ) ) ;
#7515 = AXIS2_PLACEMENT_3D ( 'NONE', #1351, #1280, #4233 ) ;
#7516 = FILL_AREA_STYLE ('',( #4530 ) ) ;
#7517 = VECTOR ( 'NONE', #3516, 1000.000000000000227 ) ;
#7518 = SURFACE_STYLE_FILL_AREA ( #6384 ) ;
#7519 = PRESENTATION_LAYER_ASSIGNMENT (  '', '', ( #4691 ) ) ;
#7520 = PRESENTATION_STYLE_ASSIGNMENT (( #5158 ) ) ;
#7521 = LINE ( 'NONE', #5877, #2008 ) ;
#7522 = ORIENTED_EDGE ( 'NONE', *, *, #1315, .F. ) ;
#7523 = ORIENTED_EDGE ( 'NONE', *, *, #3780, .T. ) ;
#7524 = EDGE_CURVE ( 'NONE', #7244, #5571, #3173, .T. ) ;
#7525 =( LENGTH_UNIT ( ) NAMED_UNIT ( * ) SI_UNIT ( .MILLI., .METRE. ) );
#7526 = SURFACE_SIDE_STYLE ('',( #6315 ) ) ;
#7527 =( GEOMETRIC_REPRESENTATION_CONTEXT ( 3 ) GLOBAL_UNCERTAINTY_ASSIGNED_CONTEXT ( ( #1322 ) ) GLOBAL_UNIT_ASSIGNED_CONTEXT ( ( #6693, #1317, #772 ) ) REPRESENTATION_CONTEXT ( 'NONE', 'WORKASPACE' ) );
#7528 = FILL_AREA_STYLE ('',( #5169 ) ) ;
#7529 = DIRECTION ( 'NONE',  ( 0.000000000000000000, 1.000000000000000000, 0.000000000000000000 ) ) ;
#7530 =( NAMED_UNIT ( * ) SI_UNIT ( $, .STERADIAN. ) SOLID_ANGLE_UNIT ( ) );
#7531 = CARTESIAN_POINT ( 'NONE',  ( 0.1271448087500000046, -30.49030249045373608, -7.479848724955104444 ) ) ;
#7532 = AXIS2_PLACEMENT_3D ( 'NONE', #1440, #1479, #5734 ) ;
#7533 = DIRECTION ( 'NONE',  ( 0.000000000000000000, -1.748454679999999258E-07, 0.9999999999999846789 ) ) ;
#7534 = ORIENTED_EDGE ( 'NONE', *, *, #1855, .F. ) ;
#7535 = VERTEX_POINT ( 'NONE', #2531 ) ;
#7536 = ADVANCED_FACE ( 'NONE', ( #818 ), #733, .F. ) ;
#7537 = CYLINDRICAL_SURFACE ( 'NONE', #7508, 1.300000000000002487 ) ;
#7538 = EDGE_CURVE ( 'NONE', #2920, #6609, #2676, .T. ) ;
#7539 = DIRECTION ( 'NONE',  ( 0.9999999999999961142, 8.742277655305796972E-08, 1.515390622692383300E-14 ) ) ;
#7540 = DIRECTION ( 'NONE',  ( 0.000000000000000000, 0.000000000000000000, 1.000000000000000000 ) ) ;
#7541 = EDGE_LOOP ( 'NONE', ( #659, #3234, #7682, #3810 ) ) ;
#7542 = STYLED_ITEM ( 'NONE', ( #5475 ), #4798 ) ;
#7543 = ORIENTED_EDGE ( 'NONE', *, *, #6798, .T. ) ;
#7544 = VERTEX_POINT ( 'NONE', #7439 ) ;
#7545 = ADVANCED_FACE ( 'NONE', ( #2647 ), #2011, .T. ) ;
#7546 = EDGE_CURVE ( 'NONE', #2953, #1682, #5904, .T. ) ;
#7547 =( NAMED_UNIT ( * ) PLANE_ANGLE_UNIT ( ) SI_UNIT ( $, .RADIAN. ) );
#7548 = DIRECTION ( 'NONE',  ( 0.000000000000000000, -1.748454679999999258E-07, 0.9999999999999846789 ) ) ;
#7549 =( GEOMETRIC_REPRESENTATION_CONTEXT ( 3 ) GLOBAL_UNCERTAINTY_ASSIGNED_CONTEXT ( ( #4474 ) ) GLOBAL_UNIT_ASSIGNED_CONTEXT ( ( #1076, #899, #4420 ) ) REPRESENTATION_CONTEXT ( 'NONE', 'WORKASPACE' ) );
#7550 =( LENGTH_UNIT ( ) NAMED_UNIT ( * ) SI_UNIT ( .MILLI., .METRE. ) );
#7551 = EDGE_LOOP ( 'NONE', ( #2169, #5309, #5137, #3600 ) ) ;
#7552 = CARTESIAN_POINT ( 'NONE',  ( -10.50000732421900018, -37.99999549624150319, -5.979851885039869863 ) ) ;
#7553 = PRESENTATION_LAYER_ASSIGNMENT (  '', '', ( #1696 ) ) ;
#7554 = EDGE_CURVE ( 'NONE', #396, #4277, #5762, .T. ) ;
#7555 = PRESENTATION_STYLE_ASSIGNMENT (( #3984 ) ) ;
#7556 = DIRECTION ( 'NONE',  ( 1.000000000000000000, 0.000000000000000000, 0.000000000000000000 ) ) ;
#7557 = DIRECTION ( 'NONE',  ( 0.000000000000000000, 1.748454679999999523E-07, -0.9999999999999846789 ) ) ;
#7558 = DIRECTION ( 'NONE',  ( 0.9999999999999961142, 8.742277655305796972E-08, 1.535329972990967195E-14 ) ) ;
#7559 = FILL_AREA_STYLE_COLOUR ( '', #7568 ) ;
#7560 = VERTEX_POINT ( 'NONE', #1012 ) ;
#7561 = COLOUR_RGB ( '',1.000000000000000000, 0.6078431372549019107, 0.000000000000000000 ) ;
#7562 = ORIENTED_EDGE ( 'NONE', *, *, #851, .F. ) ;
#7563 = LINE ( 'NONE', #6854, #4333 ) ;
#7564 = CARTESIAN_POINT ( 'NONE',  ( -3.000007324219000182, -4.599995496242009985, -5.979846045201238525 ) ) ;
#7565 = SURFACE_STYLE_FILL_AREA ( #6899 ) ;
#7566 = VERTEX_POINT ( 'NONE', #3418 ) ;
#7567 = CARTESIAN_POINT ( 'NONE',  ( 8.500000000000000000, -29.00000000000000000, -2.017369599999999874 ) ) ;
#7568 = COLOUR_RGB ( '',1.000000000000000000, 0.6078431372549019107, 0.000000000000000000 ) ;
#7569 = DIRECTION ( 'NONE',  ( -1.000000000000000000, 0.000000000000000000, 0.000000000000000000 ) ) ;
#7570 = FACE_OUTER_BOUND ( 'NONE', #3058, .T. ) ;
#7571 = EDGE_CURVE ( 'NONE', #7458, #452, #58, .T. ) ;
#7572 = EDGE_LOOP ( 'NONE', ( #3687, #3862 ) ) ;
#7573 = UNCERTAINTY_MEASURE_WITH_UNIT (LENGTH_MEASURE( 1.000000000000000082E-05 ), #4068, 'distance_accuracy_value', 'NONE');
#7574 = ORIENTED_EDGE ( 'NONE', *, *, #1755, .F. ) ;
#7575 = CARTESIAN_POINT ( 'NONE',  ( 8.499992675780999818, -8.999995496241941950, -5.979846814521297738 ) ) ;
#7576 = VERTEX_POINT ( 'NONE', #4067 ) ;
#7577 = DIRECTION ( 'NONE',  ( -0.9999999999999962252, -8.742277447234150624E-08, -1.549848670304739938E-14 ) ) ;
#7578 = DIRECTION ( 'NONE',  ( 0.000000000000000000, -0.9999999999999846789, -1.748454679999999258E-07 ) ) ;
#7579 = CYLINDRICAL_SURFACE ( 'NONE', #2187, 1.100000000000000311 ) ;
#7580 = DIRECTION ( 'NONE',  ( 0.000000000000000000, 1.000000000000000000, 0.000000000000000000 ) ) ;
#7581 = EDGE_CURVE ( 'NONE', #6103, #6823, #1672, .T. ) ;
#7582 = EDGE_LOOP ( 'NONE', ( #749, #4635, #1845, #4083 ) ) ;
#7583 = COLOUR_RGB ( '',0.000000000000000000, 0.5019607843137254832, 0.000000000000000000 ) ;
#7584 = VERTEX_POINT ( 'NONE', #7478 ) ;
#7585 = CARTESIAN_POINT ( 'NONE',  ( 12.69998224875000048, -31.99998633254128677, -1.977369635965398942 ) ) ;
#7586 = SURFACE_STYLE_FILL_AREA ( #7040 ) ;
#7587 = AXIS2_PLACEMENT_3D ( 'NONE', #6553, #4823, #1212 ) ;
#7588 = FILL_AREA_STYLE_COLOUR ( '', #462 ) ;
#7589 = DIRECTION ( 'NONE',  ( 0.000000000000000000, -1.748454679999999523E-07, 0.9999999999999846789 ) ) ;
#7590 = CARTESIAN_POINT ( 'NONE',  ( -9.021807453828001755, -27.99999553195000246, 1.649998507907000089 ) ) ;
#7591 = CARTESIAN_POINT ( 'NONE',  ( -7.324219000000000424E-06, -2.999995496242035209, -5.979845765448489558 ) ) ;
#7592 = EDGE_CURVE ( 'NONE', #5184, #2493, #4422, .T. ) ;
#7593 = SURFACE_STYLE_FILL_AREA ( #5234 ) ;
#7594 = DIRECTION ( 'NONE',  ( 0.000000000000000000, -1.748454679999999258E-07, 0.9999999999999846789 ) ) ;
#7595 = DIRECTION ( 'NONE',  ( 0.9999999999999961142, 8.742277655305796972E-08, 1.535329972990967195E-14 ) ) ;
#7596 = VERTEX_POINT ( 'NONE', #342 ) ;
#7597 =( NAMED_UNIT ( * ) SI_UNIT ( $, .STERADIAN. ) SOLID_ANGLE_UNIT ( ) );
#7598 = PLANE ( 'NONE',  #3049 ) ;
#7599 = PRESENTATION_STYLE_ASSIGNMENT (( #1058 ) ) ;
#7600 = CARTESIAN_POINT ( 'NONE',  ( 8.501151839767999263, -10.49883633225491941, -5.979847076586825239 ) ) ;
#7601 = CYLINDRICAL_SURFACE ( 'NONE', #1985, 0.7834999999999989750 ) ;
#7602 = COLOUR_RGB ( '',1.000000000000000000, 1.000000000000000000, 1.000000000000000000 ) ;
#7603 = ORIENTED_EDGE ( 'NONE', *, *, #4796, .F. ) ;
#7604 =( NAMED_UNIT ( * ) SI_UNIT ( $, .STERADIAN. ) SOLID_ANGLE_UNIT ( ) );
#7605 = DIRECTION ( 'NONE',  ( 0.000000000000000000, 0.000000000000000000, -1.000000000000000000 ) ) ;
#7606 =( NAMED_UNIT ( * ) SI_UNIT ( $, .STERADIAN. ) SOLID_ANGLE_UNIT ( ) );
#7607 = CARTESIAN_POINT ( 'NONE',  ( -11.70000678421900098, -31.00001606249999497, 0.000000000000000000 ) ) ;
#7608 = CARTESIAN_POINT ( 'NONE',  ( -5.224510571250000623, -30.29998537045374007, -7.479848691679018557 ) ) ;
#7609 = ORIENTED_EDGE ( 'NONE', *, *, #3361, .T. ) ;
#7610 = ORIENTED_EDGE ( 'NONE', *, *, #5176, .F. ) ;
#7611 = VERTEX_POINT ( 'NONE', #5123 ) ;
#7612 = DIRECTION ( 'NONE',  ( 0.7071067811865476838, 0.7071067811865366926, 1.236344160825354801E-07 ) ) ;
#7613 = AXIS2_PLACEMENT_3D ( 'NONE', #4873, #3596, #4244 ) ;
#7614 = EDGE_CURVE ( 'NONE', #3766, #4347, #4536, .T. ) ;
#7615 = DIRECTION ( 'NONE',  ( 0.000000000000000000, -1.000000000000000000, 0.000000000000000000 ) ) ;
#7616 = CARTESIAN_POINT ( 'NONE',  ( -8.500007324219000182, -8.999995751950152112, -4.517365614521319905 ) ) ;
#7617 = ORIENTED_EDGE ( 'NONE', *, *, #5337, .T. ) ;
#7618 = ORIENTED_EDGE ( 'NONE', *, *, #1724, .T. ) ;
#7619 = VECTOR ( 'NONE', #2465, 1000.000000000000000 ) ;
#7620 = CARTESIAN_POINT ( 'NONE',  ( -5.625007324218986859, -30.29999562409572889, -4.517369338729765538 ) ) ;
#7621 = VECTOR ( 'NONE', #3373, 999.9999999999998863 ) ;
#7622 = EDGE_CURVE ( 'NONE', #5950, #3705, #1790, .T. ) ;
#7623 = VECTOR ( 'NONE', #3044, 1000.000000000000000 ) ;
#7624 = ADVANCED_FACE ( 'NONE', ( #2936 ), #3538, .F. ) ;
#7625 =( NAMED_UNIT ( * ) SI_UNIT ( $, .STERADIAN. ) SOLID_ANGLE_UNIT ( ) );
#7626 = DIRECTION ( 'NONE',  ( -0.9999999999999962252, -8.742277447234150624E-08, -1.549848670304739938E-14 ) ) ;
#7627 = LINE ( 'NONE', #969, #4080 ) ;
#7628 = VECTOR ( 'NONE', #3524, 1000.000000000000227 ) ;
#7629 = FILL_AREA_STYLE ('',( #2298 ) ) ;
#7630 = CARTESIAN_POINT ( 'NONE',  ( -21.50000000000000000, 38.50000000000000000, -2.017369599999999874 ) ) ;
#7631 = SURFACE_STYLE_USAGE ( .BOTH. , #538 ) ;
#7632 = ADVANCED_FACE ( 'NONE', ( #1356 ), #1598, .F. ) ;
#7633 = DIRECTION ( 'NONE',  ( -0.7071067811865474617, -0.7071067811865368036, -1.236344160825355066E-07 ) ) ;
#7634 = AXIS2_PLACEMENT_3D ( 'NONE', #5656, #1523, #6212 ) ;
#7635 =( GEOMETRIC_REPRESENTATION_CONTEXT ( 3 ) GLOBAL_UNCERTAINTY_ASSIGNED_CONTEXT ( ( #2671 ) ) GLOBAL_UNIT_ASSIGNED_CONTEXT ( ( #6596, #79, #5393 ) ) REPRESENTATION_CONTEXT ( 'NONE', 'WORKASPACE' ) );
#7636 = FILL_AREA_STYLE_COLOUR ( '', #5686 ) ;
#7637 = DIRECTION ( 'NONE',  ( 0.000000000000000000, 0.000000000000000000, -1.000000000000000000 ) ) ;
#7638 =( NAMED_UNIT ( * ) PLANE_ANGLE_UNIT ( ) SI_UNIT ( $, .RADIAN. ) );
#7639 =( GEOMETRIC_REPRESENTATION_CONTEXT ( 3 ) GLOBAL_UNCERTAINTY_ASSIGNED_CONTEXT ( ( #1874 ) ) GLOBAL_UNIT_ASSIGNED_CONTEXT ( ( #5876, #1, #4736 ) ) REPRESENTATION_CONTEXT ( 'NONE', 'WORKASPACE' ) );
#7640 = MECHANICAL_DESIGN_GEOMETRIC_PRESENTATION_REPRESENTATION (  '', ( #4929 ), #1047 ) ;
#7641 = ORIENTED_EDGE ( 'NONE', *, *, #573, .F. ) ;
#7642 = PLANE ( 'NONE',  #2034 ) ;
#7643 = MECHANICAL_DESIGN_GEOMETRIC_PRESENTATION_REPRESENTATION (  '', ( #5648 ), #1539 ) ;
#7644 = CARTESIAN_POINT ( 'NONE',  ( 40.00000000000000000, -43.00000000000000000, 0.000000000000000000 ) ) ;
#7645 = SURFACE_STYLE_USAGE ( .BOTH. , #509 ) ;
#7646 = CARTESIAN_POINT ( 'NONE',  ( 9.499991455780998351, -9.499994431950002038, 1.499998807906999909 ) ) ;
#7647 = VECTOR ( 'NONE', #4349, 1000.000000000000227 ) ;
#7648 = DIRECTION ( 'NONE',  ( 0.9999999999999961142, 8.742277695184497234E-08, 1.515390622692383300E-14 ) ) ;
#7649 = SURFACE_STYLE_USAGE ( .BOTH. , #443 ) ;
#7650 = COLOUR_RGB ( '',1.000000000000000000, 0.6078431372549019107, 0.000000000000000000 ) ;
#7651 = ORIENTED_EDGE ( 'NONE', *, *, #5577, .T. ) ;
#7652 = UNCERTAINTY_MEASURE_WITH_UNIT (LENGTH_MEASURE( 1.000000000000000082E-05 ), #1360, 'distance_accuracy_value', 'NONE');
#7653 = ORIENTED_EDGE ( 'NONE', *, *, #4941, .F. ) ;
#7654 = ORIENTED_EDGE ( 'NONE', *, *, #4072, .T. ) ;
#7655 = FACE_OUTER_BOUND ( 'NONE', #1215, .T. ) ;
#7656 =( GEOMETRIC_REPRESENTATION_CONTEXT ( 3 ) GLOBAL_UNCERTAINTY_ASSIGNED_CONTEXT ( ( #3389 ) ) GLOBAL_UNIT_ASSIGNED_CONTEXT ( ( #3917, #6360, #2861 ) ) REPRESENTATION_CONTEXT ( 'NONE', 'WORKASPACE' ) );
#7657 = MECHANICAL_DESIGN_GEOMETRIC_PRESENTATION_REPRESENTATION (  '', ( #6662 ), #6051 ) ;
#7658 = SURFACE_SIDE_STYLE ('',( #1728 ) ) ;
#7659 = VERTEX_POINT ( 'NONE', #5844 ) ;
#7660 = UNCERTAINTY_MEASURE_WITH_UNIT (LENGTH_MEASURE( 1.000000000000000082E-05 ), #1213, 'distance_accuracy_value', 'NONE');
#7661 = PRODUCT_DEFINITION ( 'General', '', #3457, #3137 ) ;
#7662 = ORIENTED_EDGE ( 'NONE', *, *, #6681, .F. ) ;
#7663 = PRESENTATION_LAYER_ASSIGNMENT (  '', '', ( #1688 ) ) ;
#7664 = SURFACE_SIDE_STYLE ('',( #1121 ) ) ;
#7665 = CARTESIAN_POINT ( 'NONE',  ( -0.1903348712500000095, -30.42715047045373566, -7.479848713913259672 ) ) ;
#7666 = CYLINDRICAL_SURFACE ( 'NONE', #4336, 2.174999999999999822 ) ;
#7667 =( NAMED_UNIT ( * ) PLANE_ANGLE_UNIT ( ) SI_UNIT ( $, .RADIAN. ) );
#7668 = VECTOR ( 'NONE', #6933, 1000.000000000000000 ) ;
#7669 = EDGE_CURVE ( 'NONE', #2493, #6992, #2776, .T. ) ;
#7670 =( NAMED_UNIT ( * ) PLANE_ANGLE_UNIT ( ) SI_UNIT ( $, .RADIAN. ) );
#7671 = SURFACE_SIDE_STYLE ('',( #6430 ) ) ;
#7672 = VECTOR ( 'NONE', #3756, 1000.000000000000227 ) ;
#7673 = CARTESIAN_POINT ( 'NONE',  ( 2.999992675781000262, -2.999995496242035209, -5.979845765448489558 ) ) ;
#7674 = ADVANCED_FACE ( 'NONE', ( #6401 ), #4550, .F. ) ;
#7675 = VECTOR ( 'NONE', #3157, 1000.000000000000000 ) ;
#7676 = MECHANICAL_DESIGN_GEOMETRIC_PRESENTATION_REPRESENTATION (  '', ( #3834 ), #4213 ) ;
#7677 = ORIENTED_EDGE ( 'NONE', *, *, #3331, .F. ) ;
#7678 = SURFACE_STYLE_USAGE ( .BOTH. , #4640 ) ;
#7679 = VECTOR ( 'NONE', #6650, 1000.000000000000000 ) ;
#7680 = CARTESIAN_POINT ( 'NONE',  ( 0.2244750687499999786, -30.25533217045370904, -7.479848683871609616 ) ) ;
#7681 = EDGE_CURVE ( 'NONE', #6709, #2247, #298, .T. ) ;
#7682 = ORIENTED_EDGE ( 'NONE', *, *, #3940, .F. ) ;
#7683 = ORIENTED_EDGE ( 'NONE', *, *, #3169, .F. ) ;
#7684 = COLOUR_RGB ( '',0.000000000000000000, 0.5019607843137254832, 0.000000000000000000 ) ;
#7685 = CARTESIAN_POINT ( 'NONE',  ( -10.70000624421900071, -8.600012602499997882, 0.000000000000000000 ) ) ;
#7686 = ORIENTED_EDGE ( 'NONE', *, *, #4177, .T. ) ;
#7687 = CARTESIAN_POINT ( 'NONE',  ( -5.000007324219000182, -30.29999575194982597, -4.517369338729788630 ) ) ;
#7688 =( NAMED_UNIT ( * ) SI_UNIT ( $, .STERADIAN. ) SOLID_ANGLE_UNIT ( ) );
#7689 = LINE ( 'NONE', #2366, #1098 ) ;
#7690 = DIRECTION ( 'NONE',  ( 0.000000000000000000, 0.000000000000000000, -1.000000000000000000 ) ) ;
#7691 = STYLED_ITEM ( 'NONE', ( #956 ), #815 ) ;
#7692 = LINE ( 'NONE', #2244, #3611 ) ;
#7693 = ORIENTED_EDGE ( 'NONE', *, *, #6569, .F. ) ;
#7694 = ORIENTED_EDGE ( 'NONE', *, *, #7524, .F. ) ;
#7695 = MECHANICAL_DESIGN_GEOMETRIC_PRESENTATION_REPRESENTATION (  '', ( #3991 ), #6335 ) ;
#7696 = DIRECTION ( 'NONE',  ( -1.000000000000000000, 0.000000000000000000, 0.000000000000000000 ) ) ;
#7697 = FILL_AREA_STYLE ('',( #6502 ) ) ;
#7698 = FILL_AREA_STYLE ('',( #1666 ) ) ;
#7699 = CARTESIAN_POINT ( 'NONE',  ( 18.89999999999999858, 32.39999999999999858, -2.017369599999999874 ) ) ;
#7700 = AXIS2_PLACEMENT_3D ( 'NONE', #6048, #3753, #5480 ) ;
ENDSEC;
END-ISO-10303-21;
