ISO-10303-21;
HEADER;
FILE_DESCRIPTION (( 'STEP AP214' ),
    '1' );
FILE_NAME ('VC Sensor D3 D4 V1.0.STEP',
    '2026-01-09T12:25:53',
    ( '' ),
    ( '' ),
    'SwSTEP 2.0',
    'SolidWorks 2024',
    '' );
FILE_SCHEMA (( 'AUTOMOTIVE_DESIGN' ));
ENDSEC;

DATA;
#1 = VERTEX_POINT ( 'NONE', #4670 ) ;
#2 = CIRCLE ( 'NONE', #2739, 1.100000000000000311 ) ;
#3 = FACE_OUTER_BOUND ( 'NONE', #1253, .T. ) ;
#4 = VECTOR ( 'NONE', #49, 1000.000000000000000 ) ;
#5 = EDGE_CURVE ( 'NONE', #2016, #5032, #3479, .T. ) ;
#6 =( GEOMETRIC_REPRESENTATION_CONTEXT ( 3 ) GLOBAL_UNCERTAINTY_ASSIGNED_CONTEXT ( ( #1990 ) ) GLOBAL_UNIT_ASSIGNED_CONTEXT ( ( #4983, #2583, #1382 ) ) REPRESENTATION_CONTEXT ( 'NONE', 'WORKASPACE' ) );
#7 = CARTESIAN_POINT ( 'NONE',  ( -5.127172424218999325, -30.10969948249999817, -3.517367124556999958 ) ) ;
#8 = ADVANCED_FACE ( 'NONE', ( #334 ), #5072, .T. ) ;
#9 = FILL_AREA_STYLE ('',( #3568 ) ) ;
#10 = DIRECTION ( 'NONE',  ( 0.000000000000000000, -1.000000000000000000, 0.000000000000000000 ) ) ;
#11 = ORIENTED_EDGE ( 'NONE', *, *, #3855, .T. ) ;
#12 =( LENGTH_UNIT ( ) NAMED_UNIT ( * ) SI_UNIT ( .MILLI., .METRE. ) );
#13 = MECHANICAL_DESIGN_GEOMETRIC_PRESENTATION_REPRESENTATION (  '', ( #1004 ), #2164 ) ;
#14 = EDGE_CURVE ( 'NONE', #2189, #2212, #3552, .T. ) ;
#15 = CARTESIAN_POINT ( 'NONE',  ( 8.500000000000000000, -9.000000000000000000, -2.017369599999999874 ) ) ;
#16 = ORIENTED_EDGE ( 'NONE', *, *, #2811, .T. ) ;
#17 = CARTESIAN_POINT ( 'NONE',  ( -0.2245001442189999974, -30.30001406249999718, -3.517367124556999958 ) ) ;
#18 = UNCERTAINTY_MEASURE_WITH_UNIT (LENGTH_MEASURE( 1.000000000000000082E-05 ), #1586, 'distance_accuracy_value', 'NONE');
#19 = DIRECTION ( 'NONE',  ( 0.3827001010250414281, -0.9238726279500996119, 0.000000000000000000 ) ) ;
#20 = LINE ( 'NONE', #1602, #1230 ) ;
#21 = DIRECTION ( 'NONE',  ( -0.9238826834630523566, 0.3826758252060216137, 0.000000000000000000 ) ) ;
#22 = VERTEX_POINT ( 'NONE', #2314 ) ;
#23 = VECTOR ( 'NONE', #809, 1000.000000000000227 ) ;
#24 = AXIS2_PLACEMENT_3D ( 'NONE', #525, #2912, #4483 ) ;
#25 = FACE_OUTER_BOUND ( 'NONE', #4197, .T. ) ;
#26 = CIRCLE ( 'NONE', #4841, 1.498841284246002159 ) ;
#27 =( NAMED_UNIT ( * ) PLANE_ANGLE_UNIT ( ) SI_UNIT ( $, .RADIAN. ) );
#28 = VECTOR ( 'NONE', #1483, 1000.000000000000000 ) ;
#29 = DIRECTION ( 'NONE',  ( 0.000000000000000000, -1.000000000000000000, 0.000000000000000000 ) ) ;
#30 = FILL_AREA_STYLE ('',( #2005 ) ) ;
#31 = DIRECTION ( 'NONE',  ( 0.000000000000000000, 0.000000000000000000, 1.000000000000000000 ) ) ;
#32 = DIRECTION ( 'NONE',  ( -0.7071067811870476172, -0.7071067811860475283, 0.000000000000000000 ) ) ;
#33 = VECTOR ( 'NONE', #1291, 999.9999999999998863 ) ;
#34 = DIRECTION ( 'NONE',  ( 0.000000000000000000, -1.000000000000000000, 0.000000000000000000 ) ) ;
#35 = MECHANICAL_DESIGN_GEOMETRIC_PRESENTATION_REPRESENTATION (  '', ( #3858 ), #1841 ) ;
#36 = ORIENTED_EDGE ( 'NONE', *, *, #2202, .T. ) ;
#37 = FACE_OUTER_BOUND ( 'NONE', #2509, .T. ) ;
#38 =( NAMED_UNIT ( * ) SI_UNIT ( $, .STERADIAN. ) SOLID_ANGLE_UNIT ( ) );
#39 = AXIS2_PLACEMENT_3D ( 'NONE', #4068, #912, #4485 ) ;
#40 = SURFACE_SIDE_STYLE ('',( #824 ) ) ;
#41 = LINE ( 'NONE', #2039, #3114 ) ;
#42 = VERTEX_POINT ( 'NONE', #1134 ) ;
#43 = SURFACE_SIDE_STYLE ('',( #4780 ) ) ;
#44 = VECTOR ( 'NONE', #4021, 1000.000000000000000 ) ;
#45 = EDGE_CURVE ( 'NONE', #140, #3827, #2725, .T. ) ;
#46 = EDGE_CURVE ( 'NONE', #1, #2591, #749, .T. ) ;
#47 = MECHANICAL_DESIGN_GEOMETRIC_PRESENTATION_REPRESENTATION (  '', ( #2379 ), #2205 ) ;
#48 = DIRECTION ( 'NONE',  ( 0.000000000000000000, 0.000000000000000000, -1.000000000000000000 ) ) ;
#49 = DIRECTION ( 'NONE',  ( -1.000000000000000000, 0.000000000000000000, 0.000000000000000000 ) ) ;
#50 = EDGE_CURVE ( 'NONE', #1420, #1373, #4373, .T. ) ;
#51 = ORIENTED_EDGE ( 'NONE', *, *, #2093, .T. ) ;
#52 = PRESENTATION_LAYER_ASSIGNMENT (  '', '', ( #3875 ) ) ;
#53 = PRESENTATION_STYLE_ASSIGNMENT (( #123 ) ) ;
#54 = PLANE ( 'NONE',  #4367 ) ;
#55 = SURFACE_SIDE_STYLE ('',( #834 ) ) ;
#56 = FILL_AREA_STYLE_COLOUR ( '', #5130 ) ;
#57 = PRESENTATION_STYLE_ASSIGNMENT (( #474 ) ) ;
#58 = VECTOR ( 'NONE', #2434, 1000.000000000000000 ) ;
#59 = VERTEX_POINT ( 'NONE', #406 ) ;
#60 = SURFACE_STYLE_FILL_AREA ( #2827 ) ;
#61 = DIRECTION ( 'NONE',  ( 0.000000000000000000, 0.000000000000000000, 1.000000000000000000 ) ) ;
#62 = CARTESIAN_POINT ( 'NONE',  ( -10.00000000000000000, -27.50000000000000000, -2.017369599999999874 ) ) ;
#63 = COLOUR_RGB ( '',0.000000000000000000, 0.5019607843137254832, 0.000000000000000000 ) ;
#64 = MECHANICAL_DESIGN_GEOMETRIC_PRESENTATION_REPRESENTATION (  '', ( #2404 ), #5057 ) ;
#65 = ORIENTED_EDGE ( 'NONE', *, *, #4380, .T. ) ;
#66 = DIRECTION ( 'NONE',  ( 0.000000000000000000, 0.000000000000000000, -1.000000000000000000 ) ) ;
#67 = UNCERTAINTY_MEASURE_WITH_UNIT (LENGTH_MEASURE( 1.000000000000000082E-05 ), #1077, 'distance_accuracy_value', 'NONE');
#68 =( LENGTH_UNIT ( ) NAMED_UNIT ( * ) SI_UNIT ( .MILLI., .METRE. ) );
#69 = STYLED_ITEM ( 'NONE', ( #1689 ), #995 ) ;
#70 = MECHANICAL_DESIGN_GEOMETRIC_PRESENTATION_REPRESENTATION (  '', ( #4136 ), #3633 ) ;
#71 = EDGE_CURVE ( 'NONE', #3283, #2975, #1992, .T. ) ;
#72 = PRESENTATION_STYLE_ASSIGNMENT (( #579 ) ) ;
#73 =( LENGTH_UNIT ( ) NAMED_UNIT ( * ) SI_UNIT ( .MILLI., .METRE. ) );
#74 = PRESENTATION_LAYER_ASSIGNMENT (  '', '', ( #2322 ) ) ;
#75 = ORIENTED_EDGE ( 'NONE', *, *, #45, .T. ) ;
#76 = ADVANCED_FACE ( 'NONE', ( #3198 ), #4263, .T. ) ;
#77 = DIRECTION ( 'NONE',  ( 1.000000000000000000, 0.000000000000000000, 0.000000000000000000 ) ) ;
#78 = MECHANICAL_DESIGN_GEOMETRIC_PRESENTATION_REPRESENTATION (  '', ( #3310 ), #147 ) ;
#79 = CARTESIAN_POINT ( 'NONE',  ( -9.500006104219000491, -28.49999453194999788, 1.599998607906999881 ) ) ;
#80 = FILL_AREA_STYLE_COLOUR ( '', #2790 ) ;
#81 = FILL_AREA_STYLE_COLOUR ( '', #2867 ) ;
#82 = VECTOR ( 'NONE', #1888, 1000.000000000000000 ) ;
#83 = ORIENTED_EDGE ( 'NONE', *, *, #4622, .T. ) ;
#84 = FILL_AREA_STYLE ('',( #3598 ) ) ;
#85 = LINE ( 'NONE', #3240, #4400 ) ;
#86 = STYLED_ITEM ( 'NONE', ( #2532 ), #2165 ) ;
#87 = DIRECTION ( 'NONE',  ( -0.9999999335329464722, 0.0003646012926752482280, 0.000000000000000000 ) ) ;
#88 = STYLED_ITEM ( 'NONE', ( #2246 ), #2485 ) ;
#89 = VERTEX_POINT ( 'NONE', #2018 ) ;
#90 =( LENGTH_UNIT ( ) NAMED_UNIT ( * ) SI_UNIT ( .MILLI., .METRE. ) );
#91 = FACE_OUTER_BOUND ( 'NONE', #1283, .T. ) ;
#92 = DIRECTION ( 'NONE',  ( -0.0003646012926752482280, -0.9999999335329464722, 0.000000000000000000 ) ) ;
#93 = VERTEX_POINT ( 'NONE', #1300 ) ;
#94 = ADVANCED_FACE ( 'NONE', ( #1280 ), #488, .T. ) ;
#95 = EDGE_CURVE ( 'NONE', #22, #593, #136, .T. ) ;
#96 = CYLINDRICAL_SURFACE ( 'NONE', #1935, 1.100000000000000311 ) ;
#97 = LINE ( 'NONE', #3251, #857 ) ;
#98 = ADVANCED_FACE ( 'NONE', ( #91 ), #3308, .F. ) ;
#99 =( NAMED_UNIT ( * ) PLANE_ANGLE_UNIT ( ) SI_UNIT ( $, .RADIAN. ) );
#100 = EDGE_CURVE ( 'NONE', #4125, #2540, #4123, .T. ) ;
#101 = STYLED_ITEM ( 'NONE', ( #303 ), #3635 ) ;
#102 =( LENGTH_UNIT ( ) NAMED_UNIT ( * ) SI_UNIT ( .MILLI., .METRE. ) );
#103 = FACE_OUTER_BOUND ( 'NONE', #2245, .T. ) ;
#104 = CARTESIAN_POINT ( 'NONE',  ( -10.70000624421900071, -8.600012602499997882, 0.000000000000000000 ) ) ;
#105 =( GEOMETRIC_REPRESENTATION_CONTEXT ( 3 ) GLOBAL_UNCERTAINTY_ASSIGNED_CONTEXT ( ( #1152 ) ) GLOBAL_UNIT_ASSIGNED_CONTEXT ( ( #5031, #3384, #966 ) ) REPRESENTATION_CONTEXT ( 'NONE', 'WORKASPACE' ) );
#106 = COLOUR_RGB ( '',1.000000000000000000, 0.6078431372549019107, 0.000000000000000000 ) ;
#107 = LINE ( 'NONE', #4774, #3631 ) ;
#108 = CYLINDRICAL_SURFACE ( 'NONE', #4496, 1.498841284246002159 ) ;
#109 = FILL_AREA_STYLE ('',( #4844 ) ) ;
#110 = AXIS2_PLACEMENT_3D ( 'NONE', #1462, #3778, #4147 ) ;
#111 = PRESENTATION_LAYER_ASSIGNMENT (  '', '', ( #4362 ) ) ;
#112 = SURFACE_SIDE_STYLE ('',( #1296 ) ) ;
#113 = VERTEX_POINT ( 'NONE', #4981 ) ;
#114 = DIRECTION ( 'NONE',  ( 1.000000000000000000, 0.000000000000000000, 0.000000000000000000 ) ) ;
#115 = UNCERTAINTY_MEASURE_WITH_UNIT (LENGTH_MEASURE( 1.000000000000000082E-05 ), #3073, 'distance_accuracy_value', 'NONE');
#116 =( NAMED_UNIT ( * ) SI_UNIT ( $, .STERADIAN. ) SOLID_ANGLE_UNIT ( ) );
#117 = VECTOR ( 'NONE', #2605, 1000.000000000000000 ) ;
#118 = COLOUR_RGB ( '',0.000000000000000000, 0.5019607843137254832, 0.000000000000000000 ) ;
#119 = FILL_AREA_STYLE ('',( #2837 ) ) ;
#120 = ORIENTED_EDGE ( 'NONE', *, *, #1147, .T. ) ;
#121 = STYLED_ITEM ( 'NONE', ( #1459 ), #4897 ) ;
#122 = LINE ( 'NONE', #2906, #2443 ) ;
#123 = SURFACE_STYLE_USAGE ( .BOTH. , #516 ) ;
#124 = LINE ( 'NONE', #2123, #4550 ) ;
#125 = LINE ( 'NONE', #2963, #2793 ) ;
#126 = FILL_AREA_STYLE_COLOUR ( '', #743 ) ;
#127 = ADVANCED_FACE ( 'NONE', ( #3755, #1410, #3329, #3387, #1797, #1053, #2580, #4923, #3781, #4567, #4542 ), #192, .T. ) ;
#128 = CYLINDRICAL_SURFACE ( 'NONE', #613, 1.300000000000002487 ) ;
#129 = LINE ( 'NONE', #1709, #3847 ) ;
#130 = DIRECTION ( 'NONE',  ( 0.000000000000000000, 0.000000000000000000, -1.000000000000000000 ) ) ;
#131 = SURFACE_STYLE_FILL_AREA ( #4018 ) ;
#132 = DIRECTION ( 'NONE',  ( 0.0007733734047231480583, -0.9999997009467437303, 0.000000000000000000 ) ) ;
#133 = EDGE_CURVE ( 'NONE', #3849, #3628, #1379, .T. ) ;
#134 =( NAMED_UNIT ( * ) PLANE_ANGLE_UNIT ( ) SI_UNIT ( $, .RADIAN. ) );
#135 = VERTEX_POINT ( 'NONE', #2633 ) ;
#136 = LINE ( 'NONE', #2420, #1143 ) ;
#137 = VECTOR ( 'NONE', #3799, 1000.000000000000000 ) ;
#138 =( GEOMETRIC_REPRESENTATION_CONTEXT ( 3 ) GLOBAL_UNCERTAINTY_ASSIGNED_CONTEXT ( ( #4122 ) ) GLOBAL_UNIT_ASSIGNED_CONTEXT ( ( #2226, #2256, #1467 ) ) REPRESENTATION_CONTEXT ( 'NONE', 'WORKASPACE' ) );
#139 = DIRECTION ( 'NONE',  ( 0.000000000000000000, 0.000000000000000000, 1.000000000000000000 ) ) ;
#140 = VERTEX_POINT ( 'NONE', #3025 ) ;
#141 = ORIENTED_EDGE ( 'NONE', *, *, #50, .F. ) ;
#142 = SURFACE_STYLE_USAGE ( .BOTH. , #3339 ) ;
#143 = VECTOR ( 'NONE', #837, 1000.000000000000000 ) ;
#144 = SURFACE_STYLE_FILL_AREA ( #697 ) ;
#145 = SURFACE_STYLE_USAGE ( .BOTH. , #3705 ) ;
#146 = EDGE_LOOP ( 'NONE', ( #4326, #3365, #2831, #2981 ) ) ;
#147 =( GEOMETRIC_REPRESENTATION_CONTEXT ( 3 ) GLOBAL_UNCERTAINTY_ASSIGNED_CONTEXT ( ( #434 ) ) GLOBAL_UNIT_ASSIGNED_CONTEXT ( ( #883, #3234, #1663 ) ) REPRESENTATION_CONTEXT ( 'NONE', 'WORKASPACE' ) );
#148 = CARTESIAN_POINT ( 'NONE',  ( 14.69999999999999929, -38.50000000000000000, -2.017369599999999874 ) ) ;
#149 = CARTESIAN_POINT ( 'NONE',  ( -43.00000000000000000, 40.00000000000000000, 0.000000000000000000 ) ) ;
#150 = DIRECTION ( 'NONE',  ( 0.7071067811865474617, 0.7071067811865474617, 0.000000000000000000 ) ) ;
#151 =( NAMED_UNIT ( * ) PLANE_ANGLE_UNIT ( ) SI_UNIT ( $, .RADIAN. ) );
#152 = PRESENTATION_LAYER_ASSIGNMENT (  '', '', ( #4653 ) ) ;
#153 = FILL_AREA_STYLE_COLOUR ( '', #4467 ) ;
#154 = ORIENTED_EDGE ( 'NONE', *, *, #2429, .F. ) ;
#155 = EDGE_CURVE ( 'NONE', #3993, #2825, #4616, .T. ) ;
#156 = EDGE_CURVE ( 'NONE', #1, #1767, #2143, .T. ) ;
#157 = SURFACE_STYLE_USAGE ( .BOTH. , #2137 ) ;
#158 =( GEOMETRIC_REPRESENTATION_CONTEXT ( 3 ) GLOBAL_UNCERTAINTY_ASSIGNED_CONTEXT ( ( #895 ) ) GLOBAL_UNIT_ASSIGNED_CONTEXT ( ( #2465, #1309, #1729 ) ) REPRESENTATION_CONTEXT ( 'NONE', 'WORKASPACE' ) );
#159 = CARTESIAN_POINT ( 'NONE',  ( 8.977176106171999237, -27.99999553195000246, 1.499998807906999909 ) ) ;
#160 = FILL_AREA_STYLE_COLOUR ( '', #2783 ) ;
#161 = ORIENTED_EDGE ( 'NONE', *, *, #2163, .T. ) ;
#162 = LINE ( 'NONE', #1254, #2861 ) ;
#163 = UNCERTAINTY_MEASURE_WITH_UNIT (LENGTH_MEASURE( 1.000000000000000082E-05 ), #1005, 'distance_accuracy_value', 'NONE');
#164 = PRESENTATION_LAYER_ASSIGNMENT (  '', '', ( #3244 ) ) ;
#165 = ADVANCED_FACE ( 'NONE', ( #2530 ), #1775, .T. ) ;
#166 = DIRECTION ( 'NONE',  ( 1.000000000000000000, 0.000000000000000000, 0.000000000000000000 ) ) ;
#167 = ORIENTED_EDGE ( 'NONE', *, *, #4137, .T. ) ;
#168 = ORIENTED_EDGE ( 'NONE', *, *, #4808, .T. ) ;
#169 = ORIENTED_EDGE ( 'NONE', *, *, #3018, .T. ) ;
#170 =( LENGTH_UNIT ( ) NAMED_UNIT ( * ) SI_UNIT ( .MILLI., .METRE. ) );
#171 = CARTESIAN_POINT ( 'NONE',  ( -21.50000000000000000, 38.50000000000000000, 0.000000000000000000 ) ) ;
#172 = ORIENTED_EDGE ( 'NONE', *, *, #1680, .F. ) ;
#173 = CARTESIAN_POINT ( 'NONE',  ( -5.224500144218999331, -30.25536086250002654, -0.01736650455699990936 ) ) ;
#174 = ORIENTED_EDGE ( 'NONE', *, *, #1326, .F. ) ;
#175 = DIRECTION ( 'NONE',  ( -1.000000000000000000, 0.000000000000000000, 0.000000000000000000 ) ) ;
#176 = CARTESIAN_POINT ( 'NONE',  ( -5.127172424218999325, -30.49033118249999674, -3.517367124556999958 ) ) ;
#177 = DIRECTION ( 'NONE',  ( 0.000000000000000000, -1.000000000000000000, 0.000000000000000000 ) ) ;
#178 = PRESENTATION_STYLE_ASSIGNMENT (( #3856 ) ) ;
#179 = CARTESIAN_POINT ( 'NONE',  ( 10.69999159578100034, -8.600012602499997882, 2.000001080000000098 ) ) ;
#180 = AXIS2_PLACEMENT_3D ( 'NONE', #553, #2484, #114 ) ;
#181 = ORIENTED_EDGE ( 'NONE', *, *, #4519, .T. ) ;
#182 = VECTOR ( 'NONE', #3488, 1000.000000000000000 ) ;
#183 = CARTESIAN_POINT ( 'NONE',  ( -40.00000000000000000, 0.000000000000000000, -2.017369599999999874 ) ) ;
#184 = LINE ( 'NONE', #1769, #3118 ) ;
#185 = DIRECTION ( 'NONE',  ( 0.000000000000000000, 0.000000000000000000, 1.000000000000000000 ) ) ;
#186 = DIRECTION ( 'NONE',  ( 0.000000000000000000, 0.000000000000000000, -1.000000000000000000 ) ) ;
#187 = STYLED_ITEM ( 'NONE', ( #4914 ), #3894 ) ;
#188 = PLANE ( 'NONE',  #1438 ) ;
#189 = COLOUR_RGB ( '',0.000000000000000000, 0.5019607843137254832, 0.000000000000000000 ) ;
#190 = ORIENTED_EDGE ( 'NONE', *, *, #3034, .T. ) ;
#191 = CARTESIAN_POINT ( 'NONE',  ( 8.501159163987001222, -27.50115916397999527, 0.000000000000000000 ) ) ;
#192 = PLANE ( 'NONE',  #4962 ) ;
#193 = AXIS2_PLACEMENT_3D ( 'NONE', #4276, #3231, #2028 ) ;
#194 = VECTOR ( 'NONE', #3537, 1000.000000000000000 ) ;
#195 = FACE_OUTER_BOUND ( 'NONE', #4790, .T. ) ;
#196 = ADVANCED_FACE ( 'NONE', ( #3521 ), #3107, .F. ) ;
#197 = VERTEX_POINT ( 'NONE', #2387 ) ;
#198 = CIRCLE ( 'NONE', #3268, 1.498841284246000383 ) ;
#199 = VERTEX_POINT ( 'NONE', #766 ) ;
#200 = VERTEX_POINT ( 'NONE', #5114 ) ;
#201 =( GEOMETRIC_REPRESENTATION_CONTEXT ( 3 ) GLOBAL_UNCERTAINTY_ASSIGNED_CONTEXT ( ( #633 ) ) GLOBAL_UNIT_ASSIGNED_CONTEXT ( ( #688, #3862, #2279 ) ) REPRESENTATION_CONTEXT ( 'NONE', 'WORKASPACE' ) );
#202 = FACE_OUTER_BOUND ( 'NONE', #548, .T. ) ;
#203 = EDGE_CURVE ( 'NONE', #3061, #1718, #376, .T. ) ;
#204 = EDGE_LOOP ( 'NONE', ( #627, #5099 ) ) ;
#205 = LINE ( 'NONE', #4553, #2637 ) ;
#206 = ORIENTED_EDGE ( 'NONE', *, *, #2128, .T. ) ;
#207 = CARTESIAN_POINT ( 'NONE',  ( -0.1903244442189999941, -30.42717916249999988, -3.517367124556999958 ) ) ;
#208 = DIRECTION ( 'NONE',  ( 0.000000000000000000, -1.000000000000000000, 0.000000000000000000 ) ) ;
#209 = DIRECTION ( 'NONE',  ( -0.9238826834630522455, -0.3826758252060215582, 0.000000000000000000 ) ) ;
#210 = CARTESIAN_POINT ( 'NONE',  ( -0.2245001442189999974, -30.25536086250002654, -3.517367124556999958 ) ) ;
#211 = CARTESIAN_POINT ( 'NONE',  ( -1.300000000000000044, 2.000000000000000000, -2.017369599999999874 ) ) ;
#212 = CARTESIAN_POINT ( 'NONE',  ( 14.69999999999999929, -43.00000000000000000, -2.017369599999999874 ) ) ;
#213 = ORIENTED_EDGE ( 'NONE', *, *, #778, .T. ) ;
#214 =( NAMED_UNIT ( * ) PLANE_ANGLE_UNIT ( ) SI_UNIT ( $, .RADIAN. ) );
#215 = FILL_AREA_STYLE_COLOUR ( '', #4693 ) ;
#216 = CARTESIAN_POINT ( 'NONE',  ( -0.1903244442189999941, -30.17285150249999859, -3.517367124556999958 ) ) ;
#217 = ORIENTED_EDGE ( 'NONE', *, *, #3123, .T. ) ;
#218 = UNCERTAINTY_MEASURE_WITH_UNIT (LENGTH_MEASURE( 1.000000000000000082E-05 ), #1072, 'distance_accuracy_value', 'NONE');
#219 = CARTESIAN_POINT ( 'NONE',  ( -9.021807453828001755, -9.999995971950001561, 1.649998507907000089 ) ) ;
#220 = CARTESIAN_POINT ( 'NONE',  ( -0.1271724242190000187, -30.10969948249999817, -3.517367124556999958 ) ) ;
#221 = ORIENTED_EDGE ( 'NONE', *, *, #3658, .F. ) ;
#222 = ORIENTED_EDGE ( 'NONE', *, *, #1565, .T. ) ;
#223 = EDGE_CURVE ( 'NONE', #1803, #5094, #5137, .T. ) ;
#224 = AXIS2_PLACEMENT_3D ( 'NONE', #1561, #3151, #1975 ) ;
#225 = PLANE ( 'NONE',  #3596 ) ;
#226 = SURFACE_SIDE_STYLE ('',( #3037 ) ) ;
#227 = EDGE_LOOP ( 'NONE', ( #5025, #980, #3623, #3694 ) ) ;
#228 = DIRECTION ( 'NONE',  ( 1.000000000000000000, 0.000000000000000000, 0.000000000000000000 ) ) ;
#229 = ORIENTED_EDGE ( 'NONE', *, *, #14, .T. ) ;
#230 = ADVANCED_FACE ( 'NONE', ( #1130 ), #1571, .T. ) ;
#231 = DIRECTION ( 'NONE',  ( 0.000000000000000000, 0.000000000000000000, 1.000000000000000000 ) ) ;
#232 =( GEOMETRIC_REPRESENTATION_CONTEXT ( 3 ) GLOBAL_UNCERTAINTY_ASSIGNED_CONTEXT ( ( #1720 ) ) GLOBAL_UNIT_ASSIGNED_CONTEXT ( ( #3132, #2308, #3189 ) ) REPRESENTATION_CONTEXT ( 'NONE', 'WORKASPACE' ) );
#233 = DIRECTION ( 'NONE',  ( 0.000000000000000000, 0.000000000000000000, -1.000000000000000000 ) ) ;
#234 = SURFACE_STYLE_USAGE ( .BOTH. , #4580 ) ;
#235 = CARTESIAN_POINT ( 'NONE',  ( -24.49884083601000029, 41.50115916398699767, -2.017369599999999874 ) ) ;
#236 = DIRECTION ( 'NONE',  ( 0.000000000000000000, 0.000000000000000000, -1.000000000000000000 ) ) ;
#237 = CIRCLE ( 'NONE', #565, 1.300000000000002487 ) ;
#238 = VERTEX_POINT ( 'NONE', #2084 ) ;
#239 = FILL_AREA_STYLE_COLOUR ( '', #3833 ) ;
#240 = LINE ( 'NONE', #159, #2619 ) ;
#241 = SURFACE_STYLE_USAGE ( .BOTH. , #3888 ) ;
#242 = PRESENTATION_LAYER_ASSIGNMENT (  '', '', ( #2146 ) ) ;
#243 = SURFACE_STYLE_FILL_AREA ( #3051 ) ;
#244 = EDGE_LOOP ( 'NONE', ( #3067, #3700, #3343, #1035 ) ) ;
#245 = CARTESIAN_POINT ( 'NONE',  ( 9.499991455780998351, -9.499994431950002038, 1.499998807906999909 ) ) ;
#246 = PRESENTATION_STYLE_ASSIGNMENT (( #3362 ) ) ;
#247 = MECHANICAL_DESIGN_GEOMETRIC_PRESENTATION_REPRESENTATION (  '', ( #668 ), #1901 ) ;
#248 = SURFACE_STYLE_USAGE ( .BOTH. , #1356 ) ;
#249 =( GEOMETRIC_REPRESENTATION_CONTEXT ( 3 ) GLOBAL_UNCERTAINTY_ASSIGNED_CONTEXT ( ( #3606 ) ) GLOBAL_UNIT_ASSIGNED_CONTEXT ( ( #3116, #1699, #4049 ) ) REPRESENTATION_CONTEXT ( 'NONE', 'WORKASPACE' ) );
#250 = EDGE_LOOP ( 'NONE', ( #1051, #258, #4372, #3117 ) ) ;
#251 = ORIENTED_EDGE ( 'NONE', *, *, #1089, .T. ) ;
#252 = ORIENTED_EDGE ( 'NONE', *, *, #5127, .T. ) ;
#253 = VECTOR ( 'NONE', #5006, 1000.000000000000000 ) ;
#254 = CARTESIAN_POINT ( 'NONE',  ( -40.00000000000000000, 43.00000000000000000, 0.000000000000000000 ) ) ;
#255 = EDGE_CURVE ( 'NONE', #4125, #2692, #4124, .T. ) ;
#256 =( GEOMETRIC_REPRESENTATION_CONTEXT ( 3 ) GLOBAL_UNCERTAINTY_ASSIGNED_CONTEXT ( ( #383 ) ) GLOBAL_UNIT_ASSIGNED_CONTEXT ( ( #1155, #3258, #4142 ) ) REPRESENTATION_CONTEXT ( 'NONE', 'WORKASPACE' ) );
#257 = EDGE_CURVE ( 'NONE', #3401, #4291, #2799, .T. ) ;
#258 = ORIENTED_EDGE ( 'NONE', *, *, #4178, .T. ) ;
#259 = EDGE_CURVE ( 'NONE', #4678, #1306, #4842, .T. ) ;
#260 = CARTESIAN_POINT ( 'NONE',  ( 0.04464587578097000548, -30.52450688249999899, -3.517367124556999958 ) ) ;
#261 = EDGE_LOOP ( 'NONE', ( #1451, #5050, #739, #2501 ) ) ;
#262 = CARTESIAN_POINT ( 'NONE',  ( -23.00000000000000000, 41.50000000000000000, -2.017369599999999874 ) ) ;
#263 = PRESENTATION_STYLE_ASSIGNMENT (( #2544 ) ) ;
#264 = CARTESIAN_POINT ( 'NONE',  ( -4.809692744218999394, -30.42717916249999988, -0.01736650455699990936 ) ) ;
#265 = ADVANCED_FACE ( 'NONE', ( #4460 ), #1619, .T. ) ;
#266 = EDGE_CURVE ( 'NONE', #1718, #2285, #107, .T. ) ;
#267 = PLANE ( 'NONE',  #2095 ) ;
#268 = ORIENTED_EDGE ( 'NONE', *, *, #4304, .F. ) ;
#269 = CARTESIAN_POINT ( 'NONE',  ( -4.955354124219029543, -30.07552124249999537, -3.517367124556999958 ) ) ;
#270 = PLANE ( 'NONE',  #943 ) ;
#271 = FILL_AREA_STYLE_COLOUR ( '', #2186 ) ;
#272 = EDGE_CURVE ( 'NONE', #485, #1046, #4064, .T. ) ;
#273 = ORIENTED_EDGE ( 'NONE', *, *, #2460, .F. ) ;
#274 = CIRCLE ( 'NONE', #3097, 1.300000000000002487 ) ;
#275 = UNCERTAINTY_MEASURE_WITH_UNIT (LENGTH_MEASURE( 1.000000000000000082E-05 ), #5083, 'distance_accuracy_value', 'NONE');
#276 = PRESENTATION_STYLE_ASSIGNMENT (( #1747 ) ) ;
#277 = VECTOR ( 'NONE', #3594, 1000.000000000000000 ) ;
#278 = DIRECTION ( 'NONE',  ( 1.000000000000000000, 0.000000000000000000, 0.000000000000000000 ) ) ;
#279 = VERTEX_POINT ( 'NONE', #820 ) ;
#280 = FACE_OUTER_BOUND ( 'NONE', #4623, .T. ) ;
#281 = EDGE_LOOP ( 'NONE', ( #2566, #2746, #4807, #939 ) ) ;
#282 =( GEOMETRIC_REPRESENTATION_CONTEXT ( 3 ) GLOBAL_UNCERTAINTY_ASSIGNED_CONTEXT ( ( #4742 ) ) GLOBAL_UNIT_ASSIGNED_CONTEXT ( ( #2966, #1512, #3562 ) ) REPRESENTATION_CONTEXT ( 'NONE', 'WORKASPACE' ) );
#283 =( GEOMETRIC_REPRESENTATION_CONTEXT ( 3 ) GLOBAL_UNCERTAINTY_ASSIGNED_CONTEXT ( ( #1517 ) ) GLOBAL_UNIT_ASSIGNED_CONTEXT ( ( #1511, #3098, #3509 ) ) REPRESENTATION_CONTEXT ( 'NONE', 'WORKASPACE' ) );
#284 = ORIENTED_EDGE ( 'NONE', *, *, #2958, .F. ) ;
#285 = DIRECTION ( 'NONE',  ( 0.000000000000000000, 0.000000000000000000, 1.000000000000000000 ) ) ;
#286 = STYLED_ITEM ( 'NONE', ( #3712 ), #4205 ) ;
#287 = SURFACE_SIDE_STYLE ('',( #2589 ) ) ;
#288 = ORIENTED_EDGE ( 'NONE', *, *, #4702, .T. ) ;
#289 = DIRECTION ( 'NONE',  ( 0.000000000000000000, -1.000000000000000000, 0.000000000000000000 ) ) ;
#290 = MECHANICAL_DESIGN_GEOMETRIC_PRESENTATION_REPRESENTATION (  '', ( #1611 ), #1533 ) ;
#291 = ORIENTED_EDGE ( 'NONE', *, *, #1713, .T. ) ;
#292 = CARTESIAN_POINT ( 'NONE',  ( -43.00000000000000000, -40.00000000000000000, -2.017369599999999874 ) ) ;
#293 = DIRECTION ( 'NONE',  ( -1.000000000000000000, 0.000000000000000000, 0.000000000000000000 ) ) ;
#294 = DIRECTION ( 'NONE',  ( 0.000000000000000000, 0.000000000000000000, 1.000000000000000000 ) ) ;
#295 =( NAMED_UNIT ( * ) PLANE_ANGLE_UNIT ( ) SI_UNIT ( $, .RADIAN. ) );
#296 = DIRECTION ( 'NONE',  ( 1.000000000000000000, 0.000000000000000000, 0.000000000000000000 ) ) ;
#297 = PRESENTATION_LAYER_ASSIGNMENT (  '', '', ( #2703 ) ) ;
#298 = ADVANCED_FACE ( 'NONE', ( #2012 ), #3648, .T. ) ;
#299 = SURFACE_STYLE_USAGE ( .BOTH. , #737 ) ;
#300 = CARTESIAN_POINT ( 'NONE',  ( 12.69999267578099911, -6.600016602499999330, 0.000000000000000000 ) ) ;
#301 = CARTESIAN_POINT ( 'NONE',  ( 0.2244854957809999940, -30.34466980249999679, -3.517367124556999958 ) ) ;
#302 = ORIENTED_EDGE ( 'NONE', *, *, #2481, .F. ) ;
#303 = PRESENTATION_STYLE_ASSIGNMENT (( #4227 ) ) ;
#304 = STYLED_ITEM ( 'NONE', ( #983 ), #5095 ) ;
#305 =( LENGTH_UNIT ( ) NAMED_UNIT ( * ) SI_UNIT ( .MILLI., .METRE. ) );
#306 = EDGE_CURVE ( 'NONE', #2212, #279, #989, .T. ) ;
#307 = DIRECTION ( 'NONE',  ( -0.9238826834630522455, 0.3826758252060215582, 0.000000000000000000 ) ) ;
#308 = ORIENTED_EDGE ( 'NONE', *, *, #677, .T. ) ;
#309 = FILL_AREA_STYLE_COLOUR ( '', #446 ) ;
#310 = ORIENTED_EDGE ( 'NONE', *, *, #3252, .F. ) ;
#311 = VERTEX_POINT ( 'NONE', #4606 ) ;
#312 = STYLED_ITEM ( 'NONE', ( #3054 ), #230 ) ;
#313 = VERTEX_POINT ( 'NONE', #2995 ) ;
#314 = DIRECTION ( 'NONE',  ( 0.000000000000000000, 0.000000000000000000, 1.000000000000000000 ) ) ;
#315 = CIRCLE ( 'NONE', #1218, 1.300000000000002487 ) ;
#316 = SURFACE_SIDE_STYLE ('',( #1534 ) ) ;
#317 =( LENGTH_UNIT ( ) NAMED_UNIT ( * ) SI_UNIT ( .MILLI., .METRE. ) );
#318 = VECTOR ( 'NONE', #4937, 1000.000000000000000 ) ;
#319 = OPEN_SHELL ( 'NONE', ( #2491 ) ) ;
#320 = DIRECTION ( 'NONE',  ( 0.000000000000000000, 0.000000000000000000, 1.000000000000000000 ) ) ;
#321 = CARTESIAN_POINT ( 'NONE',  ( 14.69999999999999929, -43.00000000000000000, 0.000000000000000000 ) ) ;
#322 = AXIS2_PLACEMENT_3D ( 'NONE', #2435, #2262, #2371 ) ;
#323 = PRESENTATION_LAYER_ASSIGNMENT (  '', '', ( #4704 ) ) ;
#324 = DIRECTION ( 'NONE',  ( 0.000000000000000000, 0.000000000000000000, -1.000000000000000000 ) ) ;
#325 = DIRECTION ( 'NONE',  ( -1.000000000000000000, 0.000000000000000000, 0.000000000000000000 ) ) ;
#326 = ORIENTED_EDGE ( 'NONE', *, *, #257, .F. ) ;
#327 =( NAMED_UNIT ( * ) SI_UNIT ( $, .STERADIAN. ) SOLID_ANGLE_UNIT ( ) );
#328 = EDGE_CURVE ( 'NONE', #3850, #1190, #2941, .T. ) ;
#329 = VECTOR ( 'NONE', #1867, 1000.000000000000000 ) ;
#330 = LINE ( 'NONE', #744, #3655 ) ;
#331 = ORIENTED_EDGE ( 'NONE', *, *, #3505, .F. ) ;
#332 = CARTESIAN_POINT ( 'NONE',  ( 43.00000000000000000, 40.00000000000000000, -2.017369599999999874 ) ) ;
#333 = EDGE_CURVE ( 'NONE', #2169, #494, #3713, .T. ) ;
#334 = FACE_OUTER_BOUND ( 'NONE', #4293, .T. ) ;
#335 = VERTEX_POINT ( 'NONE', #3322 ) ;
#336 = SURFACE_SIDE_STYLE ('',( #5045 ) ) ;
#337 = CARTESIAN_POINT ( 'NONE',  ( -10.70000624421900071, -8.600012602499997882, 2.000001080000000098 ) ) ;
#338 = VERTEX_POINT ( 'NONE', #1402 ) ;
#339 = DIRECTION ( 'NONE',  ( 0.000000000000000000, 0.000000000000000000, 1.000000000000000000 ) ) ;
#340 = COLOUR_RGB ( '',1.000000000000000000, 0.6078431372549019107, 0.000000000000000000 ) ;
#341 = LINE ( 'NONE', #1920, #194 ) ;
#342 = CARTESIAN_POINT ( 'NONE',  ( 21.50115916398700122, 39.99884083601299523, -2.017369599999999874 ) ) ;
#343 = SURFACE_STYLE_USAGE ( .BOTH. , #5133 ) ;
#344 = ORIENTED_EDGE ( 'NONE', *, *, #1557, .T. ) ;
#345 = DIRECTION ( 'NONE',  ( 0.7071067811865474617, -0.7071067811865474617, 0.000000000000000000 ) ) ;
#346 = CARTESIAN_POINT ( 'NONE',  ( -0.1271724242190000187, -30.49033118249999674, -3.517367124556999958 ) ) ;
#347 = DIRECTION ( 'NONE',  ( 0.000000000000000000, 0.000000000000000000, 1.000000000000000000 ) ) ;
#348 = FILL_AREA_STYLE ('',( #1177 ) ) ;
#349 = ORIENTED_EDGE ( 'NONE', *, *, #3956, .T. ) ;
#350 = CARTESIAN_POINT ( 'NONE',  ( 40.00000000000000000, -43.00000000000000000, -2.017369599999999874 ) ) ;
#351 = STYLED_ITEM ( 'NONE', ( #841 ), #3758 ) ;
#352 = ORIENTED_EDGE ( 'NONE', *, *, #1706, .F. ) ;
#353 = ADVANCED_FACE ( 'NONE', ( #3351 ), #597, .F. ) ;
#354 = LINE ( 'NONE', #3671, #1116 ) ;
#355 = MECHANICAL_DESIGN_GEOMETRIC_PRESENTATION_REPRESENTATION (  '', ( #4184 ), #282 ) ;
#356 = STYLED_ITEM ( 'NONE', ( #4625 ), #2922 ) ;
#357 = ORIENTED_EDGE ( 'NONE', *, *, #2342, .F. ) ;
#358 = COLOUR_RGB ( '',0.000000000000000000, 0.000000000000000000, 0.5019607843137254832 ) ;
#359 = MECHANICAL_DESIGN_GEOMETRIC_PRESENTATION_REPRESENTATION (  '', ( #527 ), #1606 ) ;
#360 = EDGE_CURVE ( 'NONE', #3809, #113, #1425, .T. ) ;
#361 =( NAMED_UNIT ( * ) SI_UNIT ( $, .STERADIAN. ) SOLID_ANGLE_UNIT ( ) );
#362 =( NAMED_UNIT ( * ) PLANE_ANGLE_UNIT ( ) SI_UNIT ( $, .RADIAN. ) );
#363 = PRESENTATION_STYLE_ASSIGNMENT (( #4329 ) ) ;
#364 = VECTOR ( 'NONE', #3325, 1000.000000000000227 ) ;
#365 = VECTOR ( 'NONE', #2366, 1000.000000000000000 ) ;
#366 =( NAMED_UNIT ( * ) SI_UNIT ( $, .STERADIAN. ) SOLID_ANGLE_UNIT ( ) );
#367 =( NAMED_UNIT ( * ) SI_UNIT ( $, .STERADIAN. ) SOLID_ANGLE_UNIT ( ) );
#368 = VECTOR ( 'NONE', #2384, 1000.000000000000114 ) ;
#369 = PRODUCT ( 'VC Sensor D3 D4 V1.0', 'VC Sensor D3 D4 V1.0', '', ( #1043 ) ) ;
#370 = LINE ( 'NONE', #1614, #143 ) ;
#371 = CARTESIAN_POINT ( 'NONE',  ( 40.00000000000000000, 40.00000000000000000, -2.017369599999999874 ) ) ;
#372 = FILL_AREA_STYLE_COLOUR ( '', #862 ) ;
#373 = ORIENTED_EDGE ( 'NONE', *, *, #813, .T. ) ;
#374 = LINE ( 'NONE', #3942, #1600 ) ;
#375 = UNCERTAINTY_MEASURE_WITH_UNIT (LENGTH_MEASURE( 1.000000000000000082E-05 ), #3939, 'distance_accuracy_value', 'NONE');
#376 = LINE ( 'NONE', #1873, #3461 ) ;
#377 = STYLED_ITEM ( 'NONE', ( #870 ), #4679 ) ;
#378 = DIRECTION ( 'NONE',  ( -0.0007733734047231489257, 0.9999997009467437303, 0.000000000000000000 ) ) ;
#379 = DIRECTION ( 'NONE',  ( 0.000000000000000000, 0.000000000000000000, -1.000000000000000000 ) ) ;
#380 = AXIS2_PLACEMENT_3D ( 'NONE', #3804, #2944, #3719 ) ;
#381 = VERTEX_POINT ( 'NONE', #4117 ) ;
#382 =( LENGTH_UNIT ( ) NAMED_UNIT ( * ) SI_UNIT ( .MILLI., .METRE. ) );
#383 = UNCERTAINTY_MEASURE_WITH_UNIT (LENGTH_MEASURE( 1.000000000000000082E-05 ), #1155, 'distance_accuracy_value', 'NONE');
#384 =( LENGTH_UNIT ( ) NAMED_UNIT ( * ) SI_UNIT ( .MILLI., .METRE. ) );
#385 = PLANE ( 'NONE',  #1776 ) ;
#386 =( NAMED_UNIT ( * ) PLANE_ANGLE_UNIT ( ) SI_UNIT ( $, .RADIAN. ) );
#387 = ORIENTED_EDGE ( 'NONE', *, *, #2804, .T. ) ;
#388 = EDGE_CURVE ( 'NONE', #2606, #2669, #3048, .T. ) ;
#389 = LINE ( 'NONE', #1535, #1652 ) ;
#390 = CARTESIAN_POINT ( 'NONE',  ( -11.70000678421900098, -31.00001606249999497, 0.000000000000000000 ) ) ;
#391 = STYLED_ITEM ( 'NONE', ( #4330 ), #464 ) ;
#392 = CYLINDRICAL_SURFACE ( 'NONE', #2022, 1.300000000000002487 ) ;
#393 = EDGE_CURVE ( 'NONE', #2776, #2343, #1710, .T. ) ;
#394 = DIRECTION ( 'NONE',  ( 0.000000000000000000, 0.000000000000000000, 1.000000000000000000 ) ) ;
#395 = COLOUR_RGB ( '',0.000000000000000000, 0.5019607843137254832, 0.000000000000000000 ) ;
#396 = PRESENTATION_STYLE_ASSIGNMENT (( #4796 ) ) ;
#397 = CYLINDRICAL_SURFACE ( 'NONE', #3353, 1.100000000000000311 ) ;
#398 = VERTEX_POINT ( 'NONE', #4998 ) ;
#399 = DIRECTION ( 'NONE',  ( 0.000000000000000000, 0.000000000000000000, 1.000000000000000000 ) ) ;
#400 = FILL_AREA_STYLE ('',( #1544 ) ) ;
#401 = AXIS2_PLACEMENT_3D ( 'NONE', #4391, #3495, #378 ) ;
#402 = PRESENTATION_STYLE_ASSIGNMENT (( #795 ) ) ;
#403 =( NAMED_UNIT ( * ) SI_UNIT ( $, .STERADIAN. ) SOLID_ANGLE_UNIT ( ) );
#404 = EDGE_LOOP ( 'NONE', ( #1205, #2931 ) ) ;
#405 =( LENGTH_UNIT ( ) NAMED_UNIT ( * ) SI_UNIT ( .MILLI., .METRE. ) );
#406 = CARTESIAN_POINT ( 'NONE',  ( -38.69999999999999574, 40.00000000000000000, -2.017369599999999874 ) ) ;
#407 = LINE ( 'NONE', #4753, #4313 ) ;
#408 = AXIS2_PLACEMENT_3D ( 'NONE', #2006, #1591, #3590 ) ;
#409 = FILL_AREA_STYLE ('',( #1210 ) ) ;
#410 = FILL_AREA_STYLE ('',( #4787 ) ) ;
#411 = DIRECTION ( 'NONE',  ( 1.000000000000000000, 0.000000000000000000, 0.000000000000000000 ) ) ;
#412 = VECTOR ( 'NONE', #2964, 1000.000000000000000 ) ;
#413 = VERTEX_POINT ( 'NONE', #1372 ) ;
#414 = CIRCLE ( 'NONE', #2073, 1.300000000000002487 ) ;
#415 = PLANE ( 'NONE',  #5005 ) ;
#416 = SURFACE_STYLE_USAGE ( .BOTH. , #1919 ) ;
#417 = DIRECTION ( 'NONE',  ( 0.000000000000000000, 1.000000000000000000, 0.000000000000000000 ) ) ;
#418 = CARTESIAN_POINT ( 'NONE',  ( 23.00000000000000000, 40.00000000000000000, 0.000000000000000000 ) ) ;
#419 = PRESENTATION_LAYER_ASSIGNMENT (  '', '', ( #2158 ) ) ;
#420 = DIRECTION ( 'NONE',  ( 0.000000000000000000, 1.000000000000000000, 0.000000000000000000 ) ) ;
#421 = EDGE_CURVE ( 'NONE', #4658, #1959, #3299, .T. ) ;
#422 = ADVANCED_FACE ( 'NONE', ( #547 ), #3016, .F. ) ;
#423 = CARTESIAN_POINT ( 'NONE',  ( -11.70000678421900098, -31.00001606249999497, 2.540000000000000036 ) ) ;
#424 = ORIENTED_EDGE ( 'NONE', *, *, #2132, .F. ) ;
#425 = LINE ( 'NONE', #4311, #5098 ) ;
#426 = UNCERTAINTY_MEASURE_WITH_UNIT (LENGTH_MEASURE( 1.000000000000000082E-05 ), #722, 'distance_accuracy_value', 'NONE');
#427 = DIRECTION ( 'NONE',  ( 0.000000000000000000, 0.000000000000000000, 1.000000000000000000 ) ) ;
#428 = SURFACE_STYLE_USAGE ( .BOTH. , #4866 ) ;
#429 = LINE ( 'NONE', #3944, #1321 ) ;
#430 = DIRECTION ( 'NONE',  ( 0.000000000000000000, 0.000000000000000000, -1.000000000000000000 ) ) ;
#431 = ADVANCED_FACE ( 'NONE', ( #5024 ), #3911, .T. ) ;
#432 = ORIENTED_EDGE ( 'NONE', *, *, #4528, .T. ) ;
#433 = CARTESIAN_POINT ( 'NONE',  ( -4.955354124219029543, -30.07552124249999537, -0.01736650455699990936 ) ) ;
#434 = UNCERTAINTY_MEASURE_WITH_UNIT (LENGTH_MEASURE( 1.000000000000000082E-05 ), #883, 'distance_accuracy_value', 'NONE');
#435 = DIRECTION ( 'NONE',  ( 1.000000000000000000, 0.000000000000000000, 0.000000000000000000 ) ) ;
#436 = DIRECTION ( 'NONE',  ( -0.000000000000000000, 1.000000000000000000, 0.000000000000000000 ) ) ;
#437 = CARTESIAN_POINT ( 'NONE',  ( -11.70000678421900098, -31.00001352250000153, 2.000001080000000098 ) ) ;
#438 = ORIENTED_EDGE ( 'NONE', *, *, #421, .T. ) ;
#439 =( GEOMETRIC_REPRESENTATION_CONTEXT ( 3 ) GLOBAL_UNCERTAINTY_ASSIGNED_CONTEXT ( ( #583 ) ) GLOBAL_UNIT_ASSIGNED_CONTEXT ( ( #3932, #3119, #361 ) ) REPRESENTATION_CONTEXT ( 'NONE', 'WORKASPACE' ) );
#440 = COLOUR_RGB ( '',1.000000000000000000, 1.000000000000000000, 1.000000000000000000 ) ;
#441 = DIRECTION ( 'NONE',  ( 0.000000000000000000, 0.000000000000000000, 1.000000000000000000 ) ) ;
#442 = MECHANICAL_DESIGN_GEOMETRIC_PRESENTATION_REPRESENTATION (  '', ( #3011 ), #4596 ) ;
#443 = FILL_AREA_STYLE_COLOUR ( '', #445 ) ;
#444 = CARTESIAN_POINT ( 'NONE',  ( 40.00000000000000000, 40.00000000000000000, 0.000000000000000000 ) ) ;
#445 = COLOUR_RGB ( '',1.000000000000000000, 0.6078431372549019107, 0.000000000000000000 ) ;
#446 = COLOUR_RGB ( '',1.000000000000000000, 0.6078431372549019107, 0.000000000000000000 ) ;
#447 = CARTESIAN_POINT ( 'NONE',  ( -10.00000000000000000, -10.50000000000000000, 0.000000000000000000 ) ) ;
#448 = DIRECTION ( 'NONE',  ( 0.000000000000000000, 0.000000000000000000, 1.000000000000000000 ) ) ;
#449 = CARTESIAN_POINT ( 'NONE',  ( -0.1903244442189999941, -30.17285150249999859, -3.517367124556999958 ) ) ;
#450 = STYLED_ITEM ( 'NONE', ( #2032 ), #4246 ) ;
#451 = CARTESIAN_POINT ( 'NONE',  ( -1.300000000000000044, 2.000000000000000000, -2.017369599999999874 ) ) ;
#452 = MECHANICAL_DESIGN_GEOMETRIC_PRESENTATION_REPRESENTATION (  '', ( #2369 ), #3200 ) ;
#453 = VERTEX_POINT ( 'NONE', #3046 ) ;
#454 = PLANE ( 'NONE',  #3507 ) ;
#455 = CARTESIAN_POINT ( 'NONE',  ( -8.501159163987001222, -10.49884083601000029, 0.000000000000000000 ) ) ;
#456 = EDGE_CURVE ( 'NONE', #4915, #4268, #3072, .T. ) ;
#457 = VECTOR ( 'NONE', #2479, 1000.000000000000000 ) ;
#458 = DIRECTION ( 'NONE',  ( 0.000000000000000000, 0.000000000000000000, 1.000000000000000000 ) ) ;
#459 = VERTEX_POINT ( 'NONE', #2658 ) ;
#460 =( NAMED_UNIT ( * ) SI_UNIT ( $, .STERADIAN. ) SOLID_ANGLE_UNIT ( ) );
#461 = MECHANICAL_DESIGN_GEOMETRIC_PRESENTATION_REPRESENTATION (  '', ( #4288 ), #4452 ) ;
#462 =( NAMED_UNIT ( * ) PLANE_ANGLE_UNIT ( ) SI_UNIT ( $, .RADIAN. ) );
#463 = DIRECTION ( 'NONE',  ( 0.000000000000000000, 0.000000000000000000, -1.000000000000000000 ) ) ;
#464 = ADVANCED_FACE ( 'NONE', ( #5082 ), #1095, .T. ) ;
#465 = PRESENTATION_LAYER_ASSIGNMENT (  '', '', ( #4112 ) ) ;
#466 = CARTESIAN_POINT ( 'NONE',  ( 10.69999159578100034, -30.00001298249999593, 0.000000000000000000 ) ) ;
#467 = SURFACE_STYLE_FILL_AREA ( #119 ) ;
#468 = EDGE_LOOP ( 'NONE', ( #3498, #4353, #83, #4668 ) ) ;
#469 = FACE_OUTER_BOUND ( 'NONE', #3392, .T. ) ;
#470 = DIRECTION ( 'NONE',  ( 0.000000000000000000, 0.000000000000000000, 1.000000000000000000 ) ) ;
#471 = LINE ( 'NONE', #2863, #2446 ) ;
#472 = CARTESIAN_POINT ( 'NONE',  ( -11.70000678421900098, -7.600014602499998162, 2.540000000000000036 ) ) ;
#473 = FILL_AREA_STYLE_COLOUR ( '', #1725 ) ;
#474 = SURFACE_STYLE_USAGE ( .BOTH. , #817 ) ;
#475 = MECHANICAL_DESIGN_GEOMETRIC_PRESENTATION_REPRESENTATION (  '', ( #1631 ), #4954 ) ;
#476 =( LENGTH_UNIT ( ) NAMED_UNIT ( * ) SI_UNIT ( .MILLI., .METRE. ) );
#477 = EDGE_LOOP ( 'NONE', ( #1821, #4992, #5119, #4267, #631, #1164, #1442, #1416, #1444, #3146, #4904, #2700, #1305, #3646, #1199, #3731 ) ) ;
#478 = SURFACE_STYLE_FILL_AREA ( #931 ) ;
#479 = SURFACE_SIDE_STYLE ('',( #60 ) ) ;
#480 = STYLED_ITEM ( 'NONE', ( #2841 ), #492 ) ;
#481 = PLANE ( 'NONE',  #913 ) ;
#482 = CARTESIAN_POINT ( 'NONE',  ( -9.021807453828001755, -27.99999553195000246, 1.499998807906999909 ) ) ;
#483 = CIRCLE ( 'NONE', #1885, 1.300000000000002487 ) ;
#484 = PRESENTATION_LAYER_ASSIGNMENT (  '', '', ( #1220 ) ) ;
#485 = VERTEX_POINT ( 'NONE', #4763 ) ;
#486 = UNCERTAINTY_MEASURE_WITH_UNIT (LENGTH_MEASURE( 1.000000000000000082E-05 ), #2077, 'distance_accuracy_value', 'NONE');
#487 = EDGE_CURVE ( 'NONE', #453, #1448, #4216, .T. ) ;
#488 = PLANE ( 'NONE',  #734 ) ;
#489 = VECTOR ( 'NONE', #3115, 1000.000000000000000 ) ;
#490 = DIRECTION ( 'NONE',  ( 0.000000000000000000, -1.000000000000000000, 0.000000000000000000 ) ) ;
#491 = LINE ( 'NONE', #535, #503 ) ;
#492 = ADVANCED_FACE ( 'NONE', ( #3986 ), #2792, .F. ) ;
#493 =( GEOMETRIC_REPRESENTATION_CONTEXT ( 3 ) GLOBAL_UNCERTAINTY_ASSIGNED_CONTEXT ( ( #4751 ) ) GLOBAL_UNIT_ASSIGNED_CONTEXT ( ( #3491, #4585, #3805 ) ) REPRESENTATION_CONTEXT ( 'NONE', 'WORKASPACE' ) );
#494 = VERTEX_POINT ( 'NONE', #4360 ) ;
#495 = DIRECTION ( 'NONE',  ( 0.000000000000000000, 1.000000000000000000, 0.000000000000000000 ) ) ;
#496 = MECHANICAL_DESIGN_GEOMETRIC_PRESENTATION_REPRESENTATION (  '', ( #2146 ), #4978 ) ;
#497 = CARTESIAN_POINT ( 'NONE',  ( 39.99890579710099558, 39.99890579710099558, 0.000000000000000000 ) ) ;
#498 = CARTESIAN_POINT ( 'NONE',  ( 23.00000000000000000, 40.00000000000000000, -2.017369599999999874 ) ) ;
#499 = DIRECTION ( 'NONE',  ( 0.000000000000000000, 0.000000000000000000, 1.000000000000000000 ) ) ;
#500 = VECTOR ( 'NONE', #1417, 1000.000000000000000 ) ;
#501 =( LENGTH_UNIT ( ) NAMED_UNIT ( * ) SI_UNIT ( .MILLI., .METRE. ) );
#502 = SURFACE_STYLE_FILL_AREA ( #4912 ) ;
#503 = VECTOR ( 'NONE', #850, 1000.000000000000000 ) ;
#504 = FILL_AREA_STYLE_COLOUR ( '', #358 ) ;
#505 = DIRECTION ( 'NONE',  ( 1.000000000000000000, 0.000000000000000000, 0.000000000000000000 ) ) ;
#506 = AXIS2_PLACEMENT_3D ( 'NONE', #3364, #2978, #2584 ) ;
#507 = CARTESIAN_POINT ( 'NONE',  ( 9.499991455780998351, -9.499994431950002038, 1.599998607906999881 ) ) ;
#508 = FILL_AREA_STYLE ('',( #2916 ) ) ;
#509 =( GEOMETRIC_REPRESENTATION_CONTEXT ( 3 ) GLOBAL_UNCERTAINTY_ASSIGNED_CONTEXT ( ( #115 ) ) GLOBAL_UNIT_ASSIGNED_CONTEXT ( ( #3073, #3047, #1869 ) ) REPRESENTATION_CONTEXT ( 'NONE', 'WORKASPACE' ) );
#510 = ORIENTED_EDGE ( 'NONE', *, *, #3754, .T. ) ;
#511 = FILL_AREA_STYLE_COLOUR ( '', #2177 ) ;
#512 = DIRECTION ( 'NONE',  ( 1.000000000000000000, 0.000000000000000000, 0.000000000000000000 ) ) ;
#513 = ORIENTED_EDGE ( 'NONE', *, *, #3727, .T. ) ;
#514 = EDGE_CURVE ( 'NONE', #1782, #3452, #1612, .T. ) ;
#515 = FILL_AREA_STYLE_COLOUR ( '', #189 ) ;
#516 = SURFACE_SIDE_STYLE ('',( #4880 ) ) ;
#517 = PRESENTATION_STYLE_ASSIGNMENT (( #3616 ) ) ;
#518 = PRESENTATION_LAYER_ASSIGNMENT (  '', '', ( #4354 ) ) ;
#519 = CARTESIAN_POINT ( 'NONE',  ( -12.70000732421899947, -32.00001406250000002, 0.000000000000000000 ) ) ;
#520 = EDGE_CURVE ( 'NONE', #3420, #2462, #1265, .T. ) ;
#521 = PRESENTATION_LAYER_ASSIGNMENT (  '', '', ( #4356 ) ) ;
#522 = LINE ( 'NONE', #3740, #4035 ) ;
#523 = DIRECTION ( 'NONE',  ( -0.000000000000000000, 1.000000000000000000, 0.000000000000000000 ) ) ;
#524 = FILL_AREA_STYLE ('',( #2823 ) ) ;
#525 = CARTESIAN_POINT ( 'NONE',  ( -21.50115916397999882, 39.99884083601299523, 0.000000000000000000 ) ) ;
#526 = VECTOR ( 'NONE', #1216, 999.9999999999998863 ) ;
#527 = STYLED_ITEM ( 'NONE', ( #517 ), #3301 ) ;
#528 =( NAMED_UNIT ( * ) PLANE_ANGLE_UNIT ( ) SI_UNIT ( $, .RADIAN. ) );
#529 =( GEOMETRIC_REPRESENTATION_CONTEXT ( 3 ) GLOBAL_UNCERTAINTY_ASSIGNED_CONTEXT ( ( #1201 ) ) GLOBAL_UNIT_ASSIGNED_CONTEXT ( ( #4640, #2661, #630 ) ) REPRESENTATION_CONTEXT ( 'NONE', 'WORKASPACE' ) );
#530 =( GEOMETRIC_REPRESENTATION_CONTEXT ( 3 ) GLOBAL_UNCERTAINTY_ASSIGNED_CONTEXT ( ( #4689 ) ) GLOBAL_UNIT_ASSIGNED_CONTEXT ( ( #2457, #3445, #4566 ) ) REPRESENTATION_CONTEXT ( 'NONE', 'WORKASPACE' ) );
#531 = EDGE_LOOP ( 'NONE', ( #3366, #2141, #352, #3040 ) ) ;
#532 = FACE_OUTER_BOUND ( 'NONE', #3790, .T. ) ;
#533 = UNCERTAINTY_MEASURE_WITH_UNIT (LENGTH_MEASURE( 1.000000000000000082E-05 ), #3683, 'distance_accuracy_value', 'NONE');
#534 =( GEOMETRIC_REPRESENTATION_CONTEXT ( 3 ) GLOBAL_UNCERTAINTY_ASSIGNED_CONTEXT ( ( #3967 ) ) GLOBAL_UNIT_ASSIGNED_CONTEXT ( ( #1049, #3383, #580 ) ) REPRESENTATION_CONTEXT ( 'NONE', 'WORKASPACE' ) );
#535 = CARTESIAN_POINT ( 'NONE',  ( 38.69999999999999574, -1.592040838891559095E-16, -2.017369599999999874 ) ) ;
#536 = EDGE_LOOP ( 'NONE', ( #2650, #4403, #2549, #4586 ) ) ;
#537 = STYLED_ITEM ( 'NONE', ( #4059 ), #5002 ) ;
#538 = VERTEX_POINT ( 'NONE', #1636 ) ;
#539 = ADVANCED_FACE ( 'NONE', ( #812 ), #881, .T. ) ;
#540 = LINE ( 'NONE', #173, #3379 ) ;
#541 = ORIENTED_EDGE ( 'NONE', *, *, #4861, .T. ) ;
#542 = FILL_AREA_STYLE_COLOUR ( '', #951 ) ;
#543 = SURFACE_STYLE_FILL_AREA ( #3741 ) ;
#544 = DIRECTION ( 'NONE',  ( 1.000000000000000000, 0.000000000000000000, 0.000000000000000000 ) ) ;
#545 = EDGE_CURVE ( 'NONE', #3583, #1139, #2080, .T. ) ;
#546 = DIRECTION ( 'NONE',  ( 0.000000000000000000, 1.000000000000000000, 0.000000000000000000 ) ) ;
#547 = FACE_OUTER_BOUND ( 'NONE', #468, .T. ) ;
#548 = EDGE_LOOP ( 'NONE', ( #1443, #1937, #3533, #154 ) ) ;
#549 = FILL_AREA_STYLE ('',( #2065 ) ) ;
#550 = DIRECTION ( 'NONE',  ( 0.000000000000000000, 0.000000000000000000, 1.000000000000000000 ) ) ;
#551 = DIRECTION ( 'NONE',  ( 0.0003646012926752482280, 0.9999999335329464722, 0.000000000000000000 ) ) ;
#552 = ORIENTED_EDGE ( 'NONE', *, *, #3985, .T. ) ;
#553 = CARTESIAN_POINT ( 'NONE',  ( -40.00000000000000000, -40.00000000000000000, -2.017369599999999874 ) ) ;
#554 = PRESENTATION_STYLE_ASSIGNMENT (( #1028 ) ) ;
#555 = AXIS2_PLACEMENT_3D ( 'NONE', #1922, #3511, #296 ) ;
#556 = VECTOR ( 'NONE', #3782, 1000.000000000000000 ) ;
#557 = COLOUR_RGB ( '',0.000000000000000000, 0.5019607843137254832, 0.000000000000000000 ) ;
#558 = EDGE_LOOP ( 'NONE', ( #510, #1524, #1861, #4245 ) ) ;
#559 = ORIENTED_EDGE ( 'NONE', *, *, #1276, .T. ) ;
#560 = STYLED_ITEM ( 'NONE', ( #402 ), #919 ) ;
#561 = PRESENTATION_LAYER_ASSIGNMENT (  '', '', ( #4472 ) ) ;
#562 = VERTEX_POINT ( 'NONE', #3272 ) ;
#563 = CARTESIAN_POINT ( 'NONE',  ( -5.224500144218999331, -30.34466980249999679, -3.517367124556999958 ) ) ;
#564 = SURFACE_STYLE_USAGE ( .BOTH. , #287 ) ;
#565 = AXIS2_PLACEMENT_3D ( 'NONE', #4537, #2020, #3610 ) ;
#566 = ORIENTED_EDGE ( 'NONE', *, *, #2429, .T. ) ;
#567 = CARTESIAN_POINT ( 'NONE',  ( -41.30000000000000426, -1.592040838891555891E-16, -2.017369599999999874 ) ) ;
#568 = ORIENTED_EDGE ( 'NONE', *, *, #3950, .F. ) ;
#569 = DIRECTION ( 'NONE',  ( -1.000000000000000000, 0.000000000000000000, 0.000000000000000000 ) ) ;
#570 = DIRECTION ( 'NONE',  ( 1.000000000000000000, 0.000000000000000000, 0.000000000000000000 ) ) ;
#571 = EDGE_CURVE ( 'NONE', #1277, #3844, #3563, .T. ) ;
#572 = CARTESIAN_POINT ( 'NONE',  ( 0.2244854957809999940, -30.25536086250002654, -3.517367124556999958 ) ) ;
#573 = CIRCLE ( 'NONE', #3068, 3.001094402371998981 ) ;
#574 = FILL_AREA_STYLE ('',( #1839 ) ) ;
#575 = CARTESIAN_POINT ( 'NONE',  ( -11.70000678421900098, -31.00001606249999497, 0.000000000000000000 ) ) ;
#576 = VERTEX_POINT ( 'NONE', #3767 ) ;
#577 = EDGE_CURVE ( 'NONE', #1457, #59, #315, .T. ) ;
#578 = DIRECTION ( 'NONE',  ( 0.000000000000000000, 0.000000000000000000, -1.000000000000000000 ) ) ;
#579 = SURFACE_STYLE_USAGE ( .BOTH. , #2805 ) ;
#580 =( NAMED_UNIT ( * ) SI_UNIT ( $, .STERADIAN. ) SOLID_ANGLE_UNIT ( ) );
#581 = SURFACE_SIDE_STYLE ('',( #3807 ) ) ;
#582 = VERTEX_POINT ( 'NONE', #567 ) ;
#583 = UNCERTAINTY_MEASURE_WITH_UNIT (LENGTH_MEASURE( 1.000000000000000082E-05 ), #3932, 'distance_accuracy_value', 'NONE');
#584 = EDGE_CURVE ( 'NONE', #4985, #2016, #4964, .T. ) ;
#585 =( GEOMETRIC_REPRESENTATION_CONTEXT ( 3 ) GLOBAL_UNCERTAINTY_ASSIGNED_CONTEXT ( ( #1774 ) ) GLOBAL_UNIT_ASSIGNED_CONTEXT ( ( #4777, #796, #4692 ) ) REPRESENTATION_CONTEXT ( 'NONE', 'WORKASPACE' ) );
#586 = ORIENTED_EDGE ( 'NONE', *, *, #1537, .F. ) ;
#587 = ORIENTED_EDGE ( 'NONE', *, *, #1566, .T. ) ;
#588 = EDGE_LOOP ( 'NONE', ( #1157, #592, #1394, #4779 ) ) ;
#589 = CARTESIAN_POINT ( 'NONE',  ( 24.49884083601300233, 41.50115916398699767, 0.000000000000000000 ) ) ;
#590 = DIRECTION ( 'NONE',  ( 0.000000000000000000, 0.000000000000000000, 1.000000000000000000 ) ) ;
#591 = FILL_AREA_STYLE ('',( #1080 ) ) ;
#592 = ORIENTED_EDGE ( 'NONE', *, *, #2333, .T. ) ;
#593 = VERTEX_POINT ( 'NONE', #2959 ) ;
#594 = LINE ( 'NONE', #262, #2178 ) ;
#595 = FILL_AREA_STYLE ('',( #4163 ) ) ;
#596 = FILL_AREA_STYLE ('',( #3013 ) ) ;
#597 = PLANE ( 'NONE',  #2396 ) ;
#598 = VERTEX_POINT ( 'NONE', #4109 ) ;
#599 = VECTOR ( 'NONE', #3987, 1000.000000000000114 ) ;
#600 = DIRECTION ( 'NONE',  ( -0.3826758252060216137, 0.9238826834630523566, 0.000000000000000000 ) ) ;
#601 = PRESENTATION_STYLE_ASSIGNMENT (( #1794 ) ) ;
#602 =( GEOMETRIC_REPRESENTATION_CONTEXT ( 3 ) GLOBAL_UNCERTAINTY_ASSIGNED_CONTEXT ( ( #5064 ) ) GLOBAL_UNIT_ASSIGNED_CONTEXT ( ( #2133, #3321, #3624 ) ) REPRESENTATION_CONTEXT ( 'NONE', 'WORKASPACE' ) );
#603 = PRESENTATION_STYLE_ASSIGNMENT (( #2427 ) ) ;
#604 = AXIS2_PLACEMENT_3D ( 'NONE', #589, #2621, #1362 ) ;
#605 = VERTEX_POINT ( 'NONE', #2932 ) ;
#606 = EDGE_CURVE ( 'NONE', #335, #4389, #4526, .T. ) ;
#607 = CARTESIAN_POINT ( 'NONE',  ( 9.499991455780998351, -28.49999453194999788, 1.499998807906999909 ) ) ;
#608 = MECHANICAL_DESIGN_GEOMETRIC_PRESENTATION_REPRESENTATION (  '', ( #2857 ), #105 ) ;
#609 = AXIS2_PLACEMENT_3D ( 'NONE', #2655, #4250, #2270 ) ;
#610 = DIRECTION ( 'NONE',  ( 0.000000000000000000, 0.000000000000000000, 1.000000000000000000 ) ) ;
#611 =( NAMED_UNIT ( * ) PLANE_ANGLE_UNIT ( ) SI_UNIT ( $, .RADIAN. ) );
#612 = EDGE_LOOP ( 'NONE', ( #432, #2179, #172, #2574 ) ) ;
#613 = AXIS2_PLACEMENT_3D ( 'NONE', #4887, #930, #544 ) ;
#614 = AXIS2_PLACEMENT_3D ( 'NONE', #3703, #4907, #1730 ) ;
#615 = EDGE_CURVE ( 'NONE', #1927, #4672, #620, .T. ) ;
#616 = ORIENTED_EDGE ( 'NONE', *, *, #2234, .F. ) ;
#617 = LINE ( 'NONE', #4933, #3569 ) ;
#618 = ORIENTED_EDGE ( 'NONE', *, *, #1367, .T. ) ;
#619 = STYLED_ITEM ( 'NONE', ( #2888 ), #4552 ) ;
#620 = LINE ( 'NONE', #2152, #2136 ) ;
#621 = ORIENTED_EDGE ( 'NONE', *, *, #4867, .F. ) ;
#622 = CARTESIAN_POINT ( 'NONE',  ( 40.00000000000000000, 0.000000000000000000, -2.017369599999999874 ) ) ;
#623 = PRESENTATION_LAYER_ASSIGNMENT (  '', '', ( #121 ) ) ;
#624 =( NAMED_UNIT ( * ) SI_UNIT ( $, .STERADIAN. ) SOLID_ANGLE_UNIT ( ) );
#625 = CARTESIAN_POINT ( 'NONE',  ( 10.69999159578100034, -30.00001298249999593, 2.000001080000000098 ) ) ;
#626 = CARTESIAN_POINT ( 'NONE',  ( -4.809692744218999394, -30.17285150249999859, -0.01736650455699990936 ) ) ;
#627 = ORIENTED_EDGE ( 'NONE', *, *, #1883, .T. ) ;
#628 = CARTESIAN_POINT ( 'NONE',  ( 40.00000000000000000, 40.00000000000000000, -2.017369599999999874 ) ) ;
#629 = SURFACE_SIDE_STYLE ('',( #2630 ) ) ;
#630 =( NAMED_UNIT ( * ) SI_UNIT ( $, .STERADIAN. ) SOLID_ANGLE_UNIT ( ) );
#631 = ORIENTED_EDGE ( 'NONE', *, *, #860, .T. ) ;
#632 = PRESENTATION_STYLE_ASSIGNMENT (( #2663 ) ) ;
#633 = UNCERTAINTY_MEASURE_WITH_UNIT (LENGTH_MEASURE( 1.000000000000000082E-05 ), #688, 'distance_accuracy_value', 'NONE');
#634 = FILL_AREA_STYLE_COLOUR ( '', #63 ) ;
#635 = CARTESIAN_POINT ( 'NONE',  ( -18.89999999999999858, 32.39999999999999858, 0.000000000000000000 ) ) ;
#636 = EDGE_CURVE ( 'NONE', #200, #93, #540, .T. ) ;
#637 = LINE ( 'NONE', #4620, #4987 ) ;
#638 = EDGE_CURVE ( 'NONE', #2493, #4583, #205, .T. ) ;
#639 = STYLED_ITEM ( 'NONE', ( #4436 ), #265 ) ;
#640 = EDGE_LOOP ( 'NONE', ( #2148, #3492, #2196, #4101 ) ) ;
#641 = ORIENTED_EDGE ( 'NONE', *, *, #3398, .F. ) ;
#642 = ORIENTED_EDGE ( 'NONE', *, *, #4782, .F. ) ;
#643 = STYLED_ITEM ( 'NONE', ( #856 ), #539 ) ;
#644 = ADVANCED_FACE ( 'NONE', ( #1335 ), #4189, .T. ) ;
#645 = FILL_AREA_STYLE_COLOUR ( '', #4761 ) ;
#646 = EDGE_CURVE ( 'NONE', #562, #1040, #124, .T. ) ;
#647 = VECTOR ( 'NONE', #2986, 1000.000000000000000 ) ;
#648 = ORIENTED_EDGE ( 'NONE', *, *, #5027, .F. ) ;
#649 = VECTOR ( 'NONE', #1208, 1000.000000000000000 ) ;
#650 = EDGE_LOOP ( 'NONE', ( #4908, #2147, #586, #326 ) ) ;
#651 = EDGE_CURVE ( 'NONE', #1881, #3385, #4158, .T. ) ;
#652 = DIRECTION ( 'NONE',  ( 0.000000000000000000, 0.000000000000000000, 1.000000000000000000 ) ) ;
#653 = CIRCLE ( 'NONE', #1226, 1.300000000000000044 ) ;
#654 = CARTESIAN_POINT ( 'NONE',  ( 40.00000000000000000, 43.00000000000000000, -2.017369599999999874 ) ) ;
#655 = CARTESIAN_POINT ( 'NONE',  ( 40.00000000000000000, -43.00000000000000000, 0.000000000000000000 ) ) ;
#656 = CARTESIAN_POINT ( 'NONE',  ( 20.00000000000000000, 32.39999999999999858, -2.017369599999999874 ) ) ;
#657 =( NAMED_UNIT ( * ) SI_UNIT ( $, .STERADIAN. ) SOLID_ANGLE_UNIT ( ) );
#658 = VECTOR ( 'NONE', #1021, 1000.000000000000114 ) ;
#659 = EDGE_LOOP ( 'NONE', ( #840, #1079 ) ) ;
#660 = DIRECTION ( 'NONE',  ( 1.000000000000000000, 0.000000000000000000, 0.000000000000000000 ) ) ;
#661 = SURFACE_STYLE_USAGE ( .BOTH. , #716 ) ;
#662 = CARTESIAN_POINT ( 'NONE',  ( 0.2244854957809999940, -30.25536086250002654, -3.517367124556999958 ) ) ;
#663 = VECTOR ( 'NONE', #4836, 1000.000000000000000 ) ;
#664 = FACE_OUTER_BOUND ( 'NONE', #4879, .T. ) ;
#665 = EDGE_LOOP ( 'NONE', ( #1549, #4069, #1726, #3352 ) ) ;
#666 = FILL_AREA_STYLE_COLOUR ( '', #2050 ) ;
#667 = CARTESIAN_POINT ( 'NONE',  ( -8.500000000000000000, -29.00000000000000000, -2.017369599999999874 ) ) ;
#668 = STYLED_ITEM ( 'NONE', ( #4032 ), #1715 ) ;
#669 = FACE_OUTER_BOUND ( 'NONE', #4368, .T. ) ;
#670 = SURFACE_STYLE_FILL_AREA ( #4233 ) ;
#671 = CIRCLE ( 'NONE', #3400, 3.001094402371998981 ) ;
#672 = ORIENTED_EDGE ( 'NONE', *, *, #3065, .T. ) ;
#673 = VERTEX_POINT ( 'NONE', #1731 ) ;
#674 = VERTEX_POINT ( 'NONE', #1805 ) ;
#675 = CARTESIAN_POINT ( 'NONE',  ( 21.50000000000000000, 38.50000000000000000, -2.017369599999999874 ) ) ;
#676 = ORIENTED_EDGE ( 'NONE', *, *, #4238, .F. ) ;
#677 = EDGE_CURVE ( 'NONE', #2624, #4986, #4991, .T. ) ;
#678 = DIRECTION ( 'NONE',  ( 0.000000000000000000, 0.000000000000000000, 1.000000000000000000 ) ) ;
#679 = VERTEX_POINT ( 'NONE', #905 ) ;
#680 = DIRECTION ( 'NONE',  ( -0.9238826834630522455, -0.3826758252060215582, 0.000000000000000000 ) ) ;
#681 = CARTESIAN_POINT ( 'NONE',  ( -5.190324444218999744, -30.42717916249999988, -3.517367124556999958 ) ) ;
#682 = CARTESIAN_POINT ( 'NONE',  ( -12.70000732421899947, -32.00001406250000002, 0.000000000000000000 ) ) ;
#683 = SURFACE_SIDE_STYLE ('',( #5023 ) ) ;
#684 = EDGE_CURVE ( 'NONE', #902, #3850, #2497, .T. ) ;
#685 =( NAMED_UNIT ( * ) PLANE_ANGLE_UNIT ( ) SI_UNIT ( $, .RADIAN. ) );
#686 = DIRECTION ( 'NONE',  ( 0.7071067811865474617, -0.7071067811865474617, 0.000000000000000000 ) ) ;
#687 = CARTESIAN_POINT ( 'NONE',  ( -0.2245001442189999974, -30.34466980249999679, -3.517367124556999958 ) ) ;
#688 =( LENGTH_UNIT ( ) NAMED_UNIT ( * ) SI_UNIT ( .MILLI., .METRE. ) );
#689 = EDGE_LOOP ( 'NONE', ( #1855, #4607, #648, #4237 ) ) ;
#690 = DIRECTION ( 'NONE',  ( 1.000000000000000000, 0.000000000000000000, 0.000000000000000000 ) ) ;
#691 = AXIS2_PLACEMENT_3D ( 'NONE', #4731, #1166, #2704 ) ;
#692 = CARTESIAN_POINT ( 'NONE',  ( -10.70000624421900071, -30.00001298249999593, 1.499999539999999909 ) ) ;
#693 = MECHANICAL_DESIGN_GEOMETRIC_PRESENTATION_REPRESENTATION (  '', ( #351 ), #4591 ) ;
#694 = STYLED_ITEM ( 'NONE', ( #3820 ), #2872 ) ;
#695 = LINE ( 'NONE', #2364, #1658 ) ;
#696 = VERTEX_POINT ( 'NONE', #4082 ) ;
#697 = FILL_AREA_STYLE ('',( #309 ) ) ;
#698 = FILL_AREA_STYLE_COLOUR ( '', #4878 ) ;
#699 = VECTOR ( 'NONE', #4139, 1000.000000000000000 ) ;
#700 = VECTOR ( 'NONE', #4811, 1000.000000000000227 ) ;
#701 = VERTEX_POINT ( 'NONE', #3973 ) ;
#702 = COLOUR_RGB ( '',0.000000000000000000, 0.5019607843137254832, 0.000000000000000000 ) ;
#703 = FILL_AREA_STYLE_COLOUR ( '', #4733 ) ;
#704 = VECTOR ( 'NONE', #3605, 999.9999999999998863 ) ;
#705 = ORIENTED_EDGE ( 'NONE', *, *, #456, .F. ) ;
#706 = VECTOR ( 'NONE', #2660, 1000.000000000000000 ) ;
#707 = ORIENTED_EDGE ( 'NONE', *, *, #4404, .F. ) ;
#708 = PLANE ( 'NONE',  #3331 ) ;
#709 = PLANE ( 'NONE',  #982 ) ;
#710 = COLOUR_RGB ( '',1.000000000000000000, 0.6078431372549019107, 0.000000000000000000 ) ;
#711 = DIRECTION ( 'NONE',  ( 0.000000000000000000, -1.000000000000000000, 0.000000000000000000 ) ) ;
#712 = EDGE_CURVE ( 'NONE', #2726, #89, #407, .T. ) ;
#713 = FILL_AREA_STYLE_COLOUR ( '', #1605 ) ;
#714 = AXIS2_PLACEMENT_3D ( 'NONE', #4686, #3490, #715 ) ;
#715 = DIRECTION ( 'NONE',  ( 1.000000000000000000, 0.000000000000000000, 0.000000000000000000 ) ) ;
#716 = SURFACE_SIDE_STYLE ('',( #1048 ) ) ;
#717 = EDGE_CURVE ( 'NONE', #4955, #338, #4399, .T. ) ;
#718 =( LENGTH_UNIT ( ) NAMED_UNIT ( * ) SI_UNIT ( .MILLI., .METRE. ) );
#719 = ORIENTED_EDGE ( 'NONE', *, *, #684, .T. ) ;
#720 = DIRECTION ( 'NONE',  ( -0.000000000000000000, 1.000000000000000000, 0.000000000000000000 ) ) ;
#721 = LINE ( 'NONE', #3813, #2665 ) ;
#722 =( LENGTH_UNIT ( ) NAMED_UNIT ( * ) SI_UNIT ( .MILLI., .METRE. ) );
#723 = DIRECTION ( 'NONE',  ( 1.000000000000000000, 0.000000000000000000, 0.000000000000000000 ) ) ;
#724 = EDGE_LOOP ( 'NONE', ( #1471, #1057, #3317, #310 ) ) ;
#725 = DIRECTION ( 'NONE',  ( 0.000000000000000000, 1.000000000000000000, 0.000000000000000000 ) ) ;
#726 = ORIENTED_EDGE ( 'NONE', *, *, #3333, .F. ) ;
#727 = ORIENTED_EDGE ( 'NONE', *, *, #1361, .T. ) ;
#728 = FACE_BOUND ( 'NONE', #3948, .T. ) ;
#729 =( NAMED_UNIT ( * ) SI_UNIT ( $, .STERADIAN. ) SOLID_ANGLE_UNIT ( ) );
#730 = ORIENTED_EDGE ( 'NONE', *, *, #2617, .F. ) ;
#731 = COLOUR_RGB ( '',0.6980392156862744724, 0.6745098039215686736, 0.6901960784313725394 ) ;
#732 = DIRECTION ( 'NONE',  ( 0.000000000000000000, -1.000000000000000000, 0.000000000000000000 ) ) ;
#733 = VECTOR ( 'NONE', #4477, 1000.000000000000000 ) ;
#734 = AXIS2_PLACEMENT_3D ( 'NONE', #2115, #435, #3697 ) ;
#735 = STYLED_ITEM ( 'NONE', ( #1292 ), #1018 ) ;
#736 = CARTESIAN_POINT ( 'NONE',  ( 12.69999267578099911, -6.600016602499999330, 2.540000000000000036 ) ) ;
#737 = SURFACE_SIDE_STYLE ('',( #3049 ) ) ;
#738 =( GEOMETRIC_REPRESENTATION_CONTEXT ( 3 ) GLOBAL_UNCERTAINTY_ASSIGNED_CONTEXT ( ( #4071 ) ) GLOBAL_UNIT_ASSIGNED_CONTEXT ( ( #2046, #2551, #2444 ) ) REPRESENTATION_CONTEXT ( 'NONE', 'WORKASPACE' ) );
#739 = ORIENTED_EDGE ( 'NONE', *, *, #3539, .F. ) ;
#740 = UNCERTAINTY_MEASURE_WITH_UNIT (LENGTH_MEASURE( 1.000000000000000082E-05 ), #4837, 'distance_accuracy_value', 'NONE');
#741 = DIRECTION ( 'NONE',  ( 0.000000000000000000, 1.000000000000000000, 0.000000000000000000 ) ) ;
#742 = EDGE_CURVE ( 'NONE', #4583, #3677, #3457, .T. ) ;
#743 = COLOUR_RGB ( '',0.6980392156862744724, 0.6745098039215686736, 0.6901960784313725394 ) ;
#744 = CARTESIAN_POINT ( 'NONE',  ( 8.977176106171999237, -27.99999553195000246, 1.649998507907000089 ) ) ;
#745 = EDGE_LOOP ( 'NONE', ( #4261, #4133, #1463, #961 ) ) ;
#746 = CARTESIAN_POINT ( 'NONE',  ( -40.00000000000000000, 43.00000000000000000, -2.017369599999999874 ) ) ;
#747 = UNCERTAINTY_MEASURE_WITH_UNIT (LENGTH_MEASURE( 1.000000000000000082E-05 ), #1256, 'distance_accuracy_value', 'NONE');
#748 = AXIS2_PLACEMENT_3D ( 'NONE', #4453, #4474, #853 ) ;
#749 = LINE ( 'NONE', #350, #649 ) ;
#750 = EDGE_CURVE ( 'NONE', #1782, #1420, #3039, .T. ) ;
#751 = EDGE_LOOP ( 'NONE', ( #1427, #3924 ) ) ;
#752 = COLOUR_RGB ( '',0.000000000000000000, 0.5019607843137254832, 0.000000000000000000 ) ;
#753 = ORIENTED_EDGE ( 'NONE', *, *, #1722, .T. ) ;
#754 = AXIS2_PLACEMENT_3D ( 'NONE', #1577, #3871, #3166 ) ;
#755 = CARTESIAN_POINT ( 'NONE',  ( 0.04464587578097000548, -30.52450688249999899, -0.01736650455699990936 ) ) ;
#756 = FACE_OUTER_BOUND ( 'NONE', #261, .T. ) ;
#757 = PRESENTATION_LAYER_ASSIGNMENT (  '', '', ( #88 ) ) ;
#758 = CARTESIAN_POINT ( 'NONE',  ( 24.50000000000000000, 43.00000000000000000, -2.017369599999999874 ) ) ;
#759 = DIRECTION ( 'NONE',  ( -1.000000000000000000, 0.000000000000000000, 0.000000000000000000 ) ) ;
#760 = DIRECTION ( 'NONE',  ( 0.000000000000000000, 0.000000000000000000, 1.000000000000000000 ) ) ;
#761 = DIRECTION ( 'NONE',  ( 0.000000000000000000, 0.000000000000000000, 1.000000000000000000 ) ) ;
#762 = LINE ( 'NONE', #3155, #4725 ) ;
#763 = DIRECTION ( 'NONE',  ( 0.000000000000000000, 1.000000000000000000, 0.000000000000000000 ) ) ;
#764 = FACE_OUTER_BOUND ( 'NONE', #4501, .T. ) ;
#765 = ORIENTED_EDGE ( 'NONE', *, *, #1557, .F. ) ;
#766 = CARTESIAN_POINT ( 'NONE',  ( -10.70000624421900071, -30.00001298249999593, 2.000001080000000098 ) ) ;
#767 = CARTESIAN_POINT ( 'NONE',  ( 39.99890579710099558, 39.99890579710099558, -2.017369599999999874 ) ) ;
#768 = PRESENTATION_STYLE_ASSIGNMENT (( #1156 ) ) ;
#769 = EDGE_CURVE ( 'NONE', #135, #4678, #4244, .T. ) ;
#770 = ORIENTED_EDGE ( 'NONE', *, *, #1269, .T. ) ;
#771 =( NAMED_UNIT ( * ) PLANE_ANGLE_UNIT ( ) SI_UNIT ( $, .RADIAN. ) );
#772 = ORIENTED_EDGE ( 'NONE', *, *, #4528, .F. ) ;
#773 = VECTOR ( 'NONE', #3298, 1000.000000000000000 ) ;
#774 = STYLED_ITEM ( 'NONE', ( #903 ), #2812 ) ;
#775 = FILL_AREA_STYLE_COLOUR ( '', #3639 ) ;
#776 = DIRECTION ( 'NONE',  ( 0.000000000000000000, 0.000000000000000000, -1.000000000000000000 ) ) ;
#777 = CARTESIAN_POINT ( 'NONE',  ( 14.69999999999999929, -43.00000000000000000, -2.017369599999999874 ) ) ;
#778 = EDGE_CURVE ( 'NONE', #4956, #973, #483, .T. ) ;
#779 = COLOUR_RGB ( '',1.000000000000000000, 1.000000000000000000, 1.000000000000000000 ) ;
#780 = STYLED_ITEM ( 'NONE', ( #1214 ), #2845 ) ;
#781 = VERTEX_POINT ( 'NONE', #260 ) ;
#782 = VECTOR ( 'NONE', #1169, 1000.000000000000000 ) ;
#783 = CARTESIAN_POINT ( 'NONE',  ( 38.69999999999999574, -40.00000000000000000, -2.017369599999999874 ) ) ;
#784 = LINE ( 'NONE', #2789, #2656 ) ;
#785 = CARTESIAN_POINT ( 'NONE',  ( -4.872844764218999813, -30.10969948249999817, -0.01736650455699990936 ) ) ;
#786 = CIRCLE ( 'NONE', #1036, 1.300000000000002487 ) ;
#787 = DIRECTION ( 'NONE',  ( 0.9238726279500996119, 0.3827001010250414281, 0.000000000000000000 ) ) ;
#788 = SURFACE_SIDE_STYLE ('',( #3937 ) ) ;
#789 = DIRECTION ( 'NONE',  ( 1.000000000000000000, 0.000000000000000000, 0.000000000000000000 ) ) ;
#790 = DIRECTION ( 'NONE',  ( -0.7071067811870476172, 0.7071067811860475283, 0.000000000000000000 ) ) ;
#791 = ORIENTED_EDGE ( 'NONE', *, *, #545, .F. ) ;
#792 = LINE ( 'NONE', #1515, #2590 ) ;
#793 = UNCERTAINTY_MEASURE_WITH_UNIT (LENGTH_MEASURE( 1.000000000000000082E-05 ), #4814, 'distance_accuracy_value', 'NONE');
#794 = VECTOR ( 'NONE', #2352, 1000.000000000000000 ) ;
#795 = SURFACE_STYLE_USAGE ( .BOTH. , #3893 ) ;
#796 =( NAMED_UNIT ( * ) PLANE_ANGLE_UNIT ( ) SI_UNIT ( $, .RADIAN. ) );
#797 = SURFACE_STYLE_FILL_AREA ( #3083 ) ;
#798 = DIRECTION ( 'NONE',  ( 0.9238726279500996119, 0.3827001010250414281, 0.000000000000000000 ) ) ;
#799 = VERTEX_POINT ( 'NONE', #1863 ) ;
#800 = UNCERTAINTY_MEASURE_WITH_UNIT (LENGTH_MEASURE( 1.000000000000000082E-05 ), #962, 'distance_accuracy_value', 'NONE');
#801 = CARTESIAN_POINT ( 'NONE',  ( -18.30000000000000071, -43.00000000000000000, -2.017369599999999874 ) ) ;
#802 = ADVANCED_FACE ( 'NONE', ( #1507 ), #1832, .F. ) ;
#803 = EDGE_CURVE ( 'NONE', #1087, #2534, #3219, .T. ) ;
#804 = DIRECTION ( 'NONE',  ( 0.000000000000000000, 0.000000000000000000, 1.000000000000000000 ) ) ;
#805 = DIRECTION ( 'NONE',  ( 1.000000000000000000, 0.000000000000000000, 0.000000000000000000 ) ) ;
#806 = EDGE_LOOP ( 'NONE', ( #3032, #3578, #1833, #4688 ) ) ;
#807 = EDGE_CURVE ( 'NONE', #538, #1903, #2809, .T. ) ;
#808 = EDGE_CURVE ( 'NONE', #2016, #1087, #2666, .T. ) ;
#809 = DIRECTION ( 'NONE',  ( 0.3826758252060215582, 0.9238826834630522455, 0.000000000000000000 ) ) ;
#810 = DIRECTION ( 'NONE',  ( -0.9999999999999950040, 1.000000010007988968E-07, 0.000000000000000000 ) ) ;
#811 = CARTESIAN_POINT ( 'NONE',  ( 40.00000000000000000, -43.00000000000000000, -2.017369599999999874 ) ) ;
#812 = FACE_OUTER_BOUND ( 'NONE', #3762, .T. ) ;
#813 = EDGE_CURVE ( 'NONE', #4900, #1801, #1798, .T. ) ;
#814 = STYLED_ITEM ( 'NONE', ( #4784 ), #802 ) ;
#815 = DIRECTION ( 'NONE',  ( 0.000000000000000000, 0.000000000000000000, -1.000000000000000000 ) ) ;
#816 = PLANE ( 'NONE',  #1486 ) ;
#817 = SURFACE_SIDE_STYLE ('',( #3210 ) ) ;
#818 = ORIENTED_EDGE ( 'NONE', *, *, #4468, .T. ) ;
#819 = CARTESIAN_POINT ( 'NONE',  ( 11.69999213578100061, -31.00001606249999497, 2.540000000000000036 ) ) ;
#820 = CARTESIAN_POINT ( 'NONE',  ( 0.1903072557809999954, -30.17285150249999859, -0.01736650455699990936 ) ) ;
#821 = STYLED_ITEM ( 'NONE', ( #5096 ), #1031 ) ;
#822 = PRESENTATION_LAYER_ASSIGNMENT (  '', '', ( #2404 ) ) ;
#823 =( NAMED_UNIT ( * ) PLANE_ANGLE_UNIT ( ) SI_UNIT ( $, .RADIAN. ) );
#824 = SURFACE_STYLE_FILL_AREA ( #3165 ) ;
#825 = AXIS2_PLACEMENT_3D ( 'NONE', #4386, #1956, #4307 ) ;
#826 = ORIENTED_EDGE ( 'NONE', *, *, #1560, .F. ) ;
#827 =( NAMED_UNIT ( * ) PLANE_ANGLE_UNIT ( ) SI_UNIT ( $, .RADIAN. ) );
#828 = VERTEX_POINT ( 'NONE', #667 ) ;
#829 = MECHANICAL_DESIGN_GEOMETRIC_PRESENTATION_REPRESENTATION (  '', ( #3244 ), #1241 ) ;
#830 =( NAMED_UNIT ( * ) SI_UNIT ( $, .STERADIAN. ) SOLID_ANGLE_UNIT ( ) );
#831 = PLANE ( 'NONE',  #4982 ) ;
#832 = ADVANCED_FACE ( 'NONE', ( #3330 ), #4588, .F. ) ;
#833 = MECHANICAL_DESIGN_GEOMETRIC_PRESENTATION_REPRESENTATION (  '', ( #2153 ), #249 ) ;
#834 = SURFACE_STYLE_FILL_AREA ( #4407 ) ;
#835 = COLOUR_RGB ( '',0.000000000000000000, 0.5019607843137254832, 0.000000000000000000 ) ;
#836 = DIRECTION ( 'NONE',  ( 0.9999999335329464722, -0.0003646012926752482280, 0.000000000000000000 ) ) ;
#837 = DIRECTION ( 'NONE',  ( -1.000000000000000000, 0.000000000000000000, 0.000000000000000000 ) ) ;
#838 = CARTESIAN_POINT ( 'NONE',  ( 18.89999999999999858, 32.39999999999999858, -2.017369599999999874 ) ) ;
#839 = ADVANCED_FACE ( 'NONE', ( #971 ), #4150, .T. ) ;
#840 = ORIENTED_EDGE ( 'NONE', *, *, #2489, .T. ) ;
#841 = PRESENTATION_STYLE_ASSIGNMENT (( #4337 ) ) ;
#842 = CIRCLE ( 'NONE', #1168, 1.300000000000002487 ) ;
#843 = CARTESIAN_POINT ( 'NONE',  ( 10.00000000000000000, -10.50000000000000000, -2.017369599999999874 ) ) ;
#844 = PRESENTATION_STYLE_ASSIGNMENT (( #3191 ) ) ;
#845 = ORIENTED_EDGE ( 'NONE', *, *, #4116, .F. ) ;
#846 = LINE ( 'NONE', #433, #704 ) ;
#847 = UNCERTAINTY_MEASURE_WITH_UNIT (LENGTH_MEASURE( 1.000000000000000082E-05 ), #3667, 'distance_accuracy_value', 'NONE');
#848 = DIRECTION ( 'NONE',  ( 0.000000000000000000, 0.000000000000000000, 1.000000000000000000 ) ) ;
#849 = LINE ( 'NONE', #2167, #2559 ) ;
#850 = DIRECTION ( 'NONE',  ( 0.000000000000000000, 0.000000000000000000, -1.000000000000000000 ) ) ;
#851 = VERTEX_POINT ( 'NONE', #2695 ) ;
#852 =( GEOMETRIC_REPRESENTATION_CONTEXT ( 3 ) GLOBAL_UNCERTAINTY_ASSIGNED_CONTEXT ( ( #1618 ) ) GLOBAL_UNIT_ASSIGNED_CONTEXT ( ( #12, #1984, #3917 ) ) REPRESENTATION_CONTEXT ( 'NONE', 'WORKASPACE' ) );
#853 = DIRECTION ( 'NONE',  ( 0.000000000000000000, 0.000000000000000000, -1.000000000000000000 ) ) ;
#854 = MECHANICAL_DESIGN_GEOMETRIC_PRESENTATION_REPRESENTATION (  '', ( #694 ), #3848 ) ;
#855 = DIRECTION ( 'NONE',  ( 0.000000000000000000, 0.000000000000000000, 1.000000000000000000 ) ) ;
#856 = PRESENTATION_STYLE_ASSIGNMENT (( #4427 ) ) ;
#857 = VECTOR ( 'NONE', #417, 1000.000000000000000 ) ;
#858 = DIRECTION ( 'NONE',  ( -0.7071067811870476172, -0.7071067811860475283, 0.000000000000000000 ) ) ;
#859 = LINE ( 'NONE', #4037, #663 ) ;
#860 = EDGE_CURVE ( 'NONE', #1139, #1224, #3162, .T. ) ;
#861 = LINE ( 'NONE', #449, #4781 ) ;
#862 = COLOUR_RGB ( '',0.000000000000000000, 0.5019607843137254832, 0.000000000000000000 ) ;
#863 = MECHANICAL_DESIGN_GEOMETRIC_PRESENTATION_REPRESENTATION (  '', ( #1192 ), #2437 ) ;
#864 = ORIENTED_EDGE ( 'NONE', *, *, #2547, .F. ) ;
#865 = LINE ( 'NONE', #887, #3760 ) ;
#866 = DIRECTION ( 'NONE',  ( 1.000000000000000000, 0.000000000000000000, 0.000000000000000000 ) ) ;
#867 = COLOUR_RGB ( '',0.000000000000000000, 0.5019607843137254832, 0.000000000000000000 ) ;
#868 = EDGE_CURVE ( 'NONE', #1171, #3816, #4314, .T. ) ;
#869 = CARTESIAN_POINT ( 'NONE',  ( 10.69999159578100034, -30.00001298249999593, 0.000000000000000000 ) ) ;
#870 = PRESENTATION_STYLE_ASSIGNMENT (( #2895 ) ) ;
#871 = ORIENTED_EDGE ( 'NONE', *, *, #4468, .F. ) ;
#872 = AXIS2_PLACEMENT_3D ( 'NONE', #2472, #1222, #4061 ) ;
#873 =( NAMED_UNIT ( * ) PLANE_ANGLE_UNIT ( ) SI_UNIT ( $, .RADIAN. ) );
#874 =( NAMED_UNIT ( * ) SI_UNIT ( $, .STERADIAN. ) SOLID_ANGLE_UNIT ( ) );
#875 = CYLINDRICAL_SURFACE ( 'NONE', #2144, 1.300000000000002487 ) ;
#876 = SURFACE_STYLE_FILL_AREA ( #1258 ) ;
#877 = ORIENTED_EDGE ( 'NONE', *, *, #1875, .T. ) ;
#878 = MECHANICAL_DESIGN_GEOMETRIC_PRESENTATION_REPRESENTATION (  '', ( #304 ), #2040 ) ;
#879 =( LENGTH_UNIT ( ) NAMED_UNIT ( * ) SI_UNIT ( .MILLI., .METRE. ) );
#880 = FILL_AREA_STYLE ('',( #3250 ) ) ;
#881 = PLANE ( 'NONE',  #1965 ) ;
#882 = SURFACE_SIDE_STYLE ('',( #2842 ) ) ;
#883 =( LENGTH_UNIT ( ) NAMED_UNIT ( * ) SI_UNIT ( .MILLI., .METRE. ) );
#884 =( NAMED_UNIT ( * ) SI_UNIT ( $, .STERADIAN. ) SOLID_ANGLE_UNIT ( ) );
#885 = AXIS2_PLACEMENT_3D ( 'NONE', #212, #4218, #4504 ) ;
#886 = CARTESIAN_POINT ( 'NONE',  ( 0.000000000000000000, 2.000000000000000000, 0.000000000000000000 ) ) ;
#887 = CARTESIAN_POINT ( 'NONE',  ( 17.80000000000000071, 32.39999999999999858, -2.017369599999999874 ) ) ;
#888 = DIRECTION ( 'NONE',  ( 0.000000000000000000, 1.000000000000000000, 0.000000000000000000 ) ) ;
#889 = DIRECTION ( 'NONE',  ( 0.000000000000000000, 0.000000000000000000, -1.000000000000000000 ) ) ;
#890 = PRESENTATION_LAYER_ASSIGNMENT (  '', '', ( #480 ) ) ;
#891 = SURFACE_STYLE_FILL_AREA ( #2849 ) ;
#892 =( NAMED_UNIT ( * ) PLANE_ANGLE_UNIT ( ) SI_UNIT ( $, .RADIAN. ) );
#893 = COLOUR_RGB ( '',0.000000000000000000, 0.5019607843137254832, 0.000000000000000000 ) ;
#894 = ORIENTED_EDGE ( 'NONE', *, *, #3627, .T. ) ;
#895 = UNCERTAINTY_MEASURE_WITH_UNIT (LENGTH_MEASURE( 1.000000000000000082E-05 ), #2465, 'distance_accuracy_value', 'NONE');
#896 = EDGE_CURVE ( 'NONE', #1616, #4029, #4342, .T. ) ;
#897 = PRESENTATION_STYLE_ASSIGNMENT (( #2900 ) ) ;
#898 = MECHANICAL_DESIGN_GEOMETRIC_PRESENTATION_REPRESENTATION (  '', ( #735 ), #3808 ) ;
#899 = CARTESIAN_POINT ( 'NONE',  ( -39.99890579710000083, -39.99890579710000083, -2.017369599999999874 ) ) ;
#900 = EDGE_CURVE ( 'NONE', #2356, #3401, #2885, .T. ) ;
#901 = VECTOR ( 'NONE', #490, 1000.000000000000000 ) ;
#902 = VERTEX_POINT ( 'NONE', #346 ) ;
#903 = PRESENTATION_STYLE_ASSIGNMENT (( #4381 ) ) ;
#904 = LINE ( 'NONE', #3269, #2564 ) ;
#905 = CARTESIAN_POINT ( 'NONE',  ( -0.1903244442189999941, -30.17285150249999859, -3.517367124556999958 ) ) ;
#906 = CARTESIAN_POINT ( 'NONE',  ( -4.809692744218999394, -30.42717916249999988, -3.517367124556999958 ) ) ;
#907 = CARTESIAN_POINT ( 'NONE',  ( -40.00000000000000000, -43.00000000000000000, -2.017369599999999874 ) ) ;
#908 = PRESENTATION_STYLE_ASSIGNMENT (( #4255 ) ) ;
#909 =( NAMED_UNIT ( * ) SI_UNIT ( $, .STERADIAN. ) SOLID_ANGLE_UNIT ( ) );
#910 = DIRECTION ( 'NONE',  ( 0.000000000000000000, 0.000000000000000000, -1.000000000000000000 ) ) ;
#911 = AXIS2_PLACEMENT_3D ( 'NONE', #2391, #1936, #278 ) ;
#912 = DIRECTION ( 'NONE',  ( 0.9238726279500996119, -0.3827001010250414281, 0.000000000000000000 ) ) ;
#913 = AXIS2_PLACEMENT_3D ( 'NONE', #3440, #1019, #5028 ) ;
#914 = ORIENTED_EDGE ( 'NONE', *, *, #3785, .T. ) ;
#915 = CARTESIAN_POINT ( 'NONE',  ( 40.00000000000000000, -40.00000000000000000, -2.017369599999999874 ) ) ;
#916 =( NAMED_UNIT ( * ) SI_UNIT ( $, .STERADIAN. ) SOLID_ANGLE_UNIT ( ) );
#917 = EDGE_CURVE ( 'NONE', #4883, #89, #3968, .T. ) ;
#918 = DIRECTION ( 'NONE',  ( 0.000000000000000000, 0.000000000000000000, -1.000000000000000000 ) ) ;
#919 = ADVANCED_FACE ( 'NONE', ( #2334 ), #1175, .T. ) ;
#920 = ORIENTED_EDGE ( 'NONE', *, *, #5036, .F. ) ;
#921 = ORIENTED_EDGE ( 'NONE', *, *, #3028, .T. ) ;
#922 = ADVANCED_FACE ( 'NONE', ( #3522 ), #4369, .T. ) ;
#923 =( LENGTH_UNIT ( ) NAMED_UNIT ( * ) SI_UNIT ( .MILLI., .METRE. ) );
#924 = LINE ( 'NONE', #4081, #3241 ) ;
#925 = PLANE ( 'NONE',  #4097 ) ;
#926 = VECTOR ( 'NONE', #652, 1000.000000000000000 ) ;
#927 = FILL_AREA_STYLE ('',( #2542 ) ) ;
#928 = ORIENTED_EDGE ( 'NONE', *, *, #421, .F. ) ;
#929 = DIRECTION ( 'NONE',  ( 0.3826758252060215582, 0.9238826834630522455, 0.000000000000000000 ) ) ;
#930 = DIRECTION ( 'NONE',  ( 0.000000000000000000, 0.000000000000000000, -1.000000000000000000 ) ) ;
#931 = FILL_AREA_STYLE ('',( #4040 ) ) ;
#932 = PRESENTATION_LAYER_ASSIGNMENT (  '', '', ( #1023 ) ) ;
#933 = CIRCLE ( 'NONE', #5010, 1.300000000000002487 ) ;
#934 = ORIENTED_EDGE ( 'NONE', *, *, #3716, .F. ) ;
#935 = CARTESIAN_POINT ( 'NONE',  ( -12.70000732421899947, -6.600014062499999667, 0.000000000000000000 ) ) ;
#936 = CARTESIAN_POINT ( 'NONE',  ( -4.775514504218999257, -30.25536086250002654, -0.01736650455699990936 ) ) ;
#937 = PRESENTATION_LAYER_ASSIGNMENT (  '', '', ( #286 ) ) ;
#938 = COLOUR_RGB ( '',0.000000000000000000, 0.5019607843137254832, 0.000000000000000000 ) ;
#939 = ORIENTED_EDGE ( 'NONE', *, *, #1176, .F. ) ;
#940 = CARTESIAN_POINT ( 'NONE',  ( -4.775514504218999257, -30.34466980249999679, -3.517367124556999958 ) ) ;
#941 = UNCERTAINTY_MEASURE_WITH_UNIT (LENGTH_MEASURE( 1.000000000000000082E-05 ), #73, 'distance_accuracy_value', 'NONE');
#942 = DIRECTION ( 'NONE',  ( 0.000000000000000000, 0.000000000000000000, 1.000000000000000000 ) ) ;
#943 = AXIS2_PLACEMENT_3D ( 'NONE', #4665, #4687, #789 ) ;
#944 = AXIS2_PLACEMENT_3D ( 'NONE', #4892, #963, #660 ) ;
#945 = SURFACE_STYLE_USAGE ( .BOTH. , #2257 ) ;
#946 = EDGE_LOOP ( 'NONE', ( #1010, #914, #4929, #1235 ) ) ;
#947 = ORIENTED_EDGE ( 'NONE', *, *, #3220, .F. ) ;
#948 = ORIENTED_EDGE ( 'NONE', *, *, #3534, .F. ) ;
#949 = LINE ( 'NONE', #4154, #3761 ) ;
#950 = DIRECTION ( 'NONE',  ( 0.000000000000000000, 0.000000000000000000, 1.000000000000000000 ) ) ;
#951 = COLOUR_RGB ( '',0.000000000000000000, 0.5019607843137254832, 0.000000000000000000 ) ;
#952 = ORIENTED_EDGE ( 'NONE', *, *, #2272, .T. ) ;
#953 = EDGE_CURVE ( 'NONE', #4990, #140, #2063, .T. ) ;
#954 = DIRECTION ( 'NONE',  ( 0.9238726279500996119, -0.3827001010250414281, 0.000000000000000000 ) ) ;
#955 = EDGE_CURVE ( 'NONE', #2692, #828, #2454, .T. ) ;
#956 =( LENGTH_UNIT ( ) NAMED_UNIT ( * ) SI_UNIT ( .MILLI., .METRE. ) );
#957 =( NAMED_UNIT ( * ) SI_UNIT ( $, .STERADIAN. ) SOLID_ANGLE_UNIT ( ) );
#958 = DIRECTION ( 'NONE',  ( -1.000000000000000000, 0.000000000000000000, 0.000000000000000000 ) ) ;
#959 = EDGE_CURVE ( 'NONE', #2527, #5091, #85, .T. ) ;
#960 = SURFACE_SIDE_STYLE ('',( #4533 ) ) ;
#961 = ORIENTED_EDGE ( 'NONE', *, *, #4995, .F. ) ;
#962 =( LENGTH_UNIT ( ) NAMED_UNIT ( * ) SI_UNIT ( .MILLI., .METRE. ) );
#963 = DIRECTION ( 'NONE',  ( 0.000000000000000000, 0.000000000000000000, 1.000000000000000000 ) ) ;
#964 = CARTESIAN_POINT ( 'NONE',  ( -38.69999999999999574, 0.000000000000000000, -2.017369599999999874 ) ) ;
#965 = CARTESIAN_POINT ( 'NONE',  ( 10.00000000000000000, -10.50000000000000000, -2.017369599999999874 ) ) ;
#966 =( NAMED_UNIT ( * ) SI_UNIT ( $, .STERADIAN. ) SOLID_ANGLE_UNIT ( ) );
#967 = VERTEX_POINT ( 'NONE', #4819 ) ;
#968 = PRESENTATION_STYLE_ASSIGNMENT (( #3752 ) ) ;
#969 =( LENGTH_UNIT ( ) NAMED_UNIT ( * ) SI_UNIT ( .MILLI., .METRE. ) );
#970 = VECTOR ( 'NONE', #2522, 1000.000000000000000 ) ;
#971 = FACE_OUTER_BOUND ( 'NONE', #3003, .T. ) ;
#972 = VECTOR ( 'NONE', #4321, 1000.000000000000000 ) ;
#973 = VERTEX_POINT ( 'NONE', #1668 ) ;
#974 = EDGE_LOOP ( 'NONE', ( #4234, #181, #284, #3672 ) ) ;
#975 = COLOUR_RGB ( '',0.000000000000000000, 0.5019607843137254832, 0.000000000000000000 ) ;
#976 = CARTESIAN_POINT ( 'NONE',  ( 18.30000000000000071, -38.50000000000000000, 0.000000000000000000 ) ) ;
#977 = FILL_AREA_STYLE_COLOUR ( '', #1732 ) ;
#978 = MECHANICAL_DESIGN_GEOMETRIC_PRESENTATION_REPRESENTATION (  '', ( #3642 ), #4478 ) ;
#979 =( LENGTH_UNIT ( ) NAMED_UNIT ( * ) SI_UNIT ( .MILLI., .METRE. ) );
#980 = ORIENTED_EDGE ( 'NONE', *, *, #896, .T. ) ;
#981 = ORIENTED_EDGE ( 'NONE', *, *, #4813, .F. ) ;
#982 = AXIS2_PLACEMENT_3D ( 'NONE', #1810, #293, #1092 ) ;
#983 = PRESENTATION_STYLE_ASSIGNMENT (( #3708 ) ) ;
#984 =( LENGTH_UNIT ( ) NAMED_UNIT ( * ) SI_UNIT ( .MILLI., .METRE. ) );
#985 = EDGE_CURVE ( 'NONE', #2954, #1038, #2871, .T. ) ;
#986 = DIRECTION ( 'NONE',  ( 0.000000000000000000, 0.000000000000000000, 1.000000000000000000 ) ) ;
#987 = PRESENTATION_LAYER_ASSIGNMENT (  '', '', ( #1581 ) ) ;
#988 = CARTESIAN_POINT ( 'NONE',  ( -11.70000678421900098, -7.600014602499998162, 2.540000000000000036 ) ) ;
#989 = LINE ( 'NONE', #4582, #1227 ) ;
#990 = ORIENTED_EDGE ( 'NONE', *, *, #1532, .F. ) ;
#991 = FACE_OUTER_BOUND ( 'NONE', #1081, .T. ) ;
#992 = STYLED_ITEM ( 'NONE', ( #4569 ), #2107 ) ;
#993 = CARTESIAN_POINT ( 'NONE',  ( -1.300000000000000044, 2.000000000000000000, 0.000000000000000000 ) ) ;
#994 = CARTESIAN_POINT ( 'NONE',  ( -0.1903244442189999941, -30.17285150249999859, -3.517367124556999958 ) ) ;
#995 = ADVANCED_FACE ( 'NONE', ( #2064 ), #1228, .T. ) ;
#996 = FILL_AREA_STYLE ('',( #3720 ) ) ;
#997 = FACE_OUTER_BOUND ( 'NONE', #4902, .T. ) ;
#998 = ORIENTED_EDGE ( 'NONE', *, *, #638, .T. ) ;
#999 = FILL_AREA_STYLE ('',( #4285 ) ) ;
#1000 = UNCERTAINTY_MEASURE_WITH_UNIT (LENGTH_MEASURE( 1.000000000000000082E-05 ), #90, 'distance_accuracy_value', 'NONE');
#1001 = MECHANICAL_DESIGN_GEOMETRIC_PRESENTATION_REPRESENTATION (  '', ( #1318 ), #4899 ) ;
#1002 = DIRECTION ( 'NONE',  ( 0.000000000000000000, -1.000000000000000000, 0.000000000000000000 ) ) ;
#1003 = DIRECTION ( 'NONE',  ( 1.000000000000000000, 0.000000000000000000, 0.000000000000000000 ) ) ;
#1004 = STYLED_ITEM ( 'NONE', ( #4917 ), #2482 ) ;
#1005 =( LENGTH_UNIT ( ) NAMED_UNIT ( * ) SI_UNIT ( .MILLI., .METRE. ) );
#1006 = ORIENTED_EDGE ( 'NONE', *, *, #2547, .T. ) ;
#1007 = ORIENTED_EDGE ( 'NONE', *, *, #1030, .F. ) ;
#1008 = ORIENTED_EDGE ( 'NONE', *, *, #3960, .T. ) ;
#1009 = FILL_AREA_STYLE ('',( #977 ) ) ;
#1010 = ORIENTED_EDGE ( 'NONE', *, *, #717, .T. ) ;
#1011 = ORIENTED_EDGE ( 'NONE', *, *, #2643, .T. ) ;
#1012 = CARTESIAN_POINT ( 'NONE',  ( -14.69999999999999929, -43.00000000000000000, 0.000000000000000000 ) ) ;
#1013 = FILL_AREA_STYLE ('',( #153 ) ) ;
#1014 = COLOUR_RGB ( '',1.000000000000000000, 0.6078431372549019107, 0.000000000000000000 ) ;
#1015 = ORIENTED_EDGE ( 'NONE', *, *, #3027, .F. ) ;
#1016 = VECTOR ( 'NONE', #3558, 1000.000000000000000 ) ;
#1017 = EDGE_CURVE ( 'NONE', #967, #4191, #653, .T. ) ;
#1018 = ADVANCED_FACE ( 'NONE', ( #2848 ), #4088, .T. ) ;
#1019 = DIRECTION ( 'NONE',  ( -0.9238826834630523566, -0.3826758252060216137, 0.000000000000000000 ) ) ;
#1020 = FILL_AREA_STYLE ('',( #215 ) ) ;
#1021 = DIRECTION ( 'NONE',  ( -0.9999999999999950040, 1.000000010007988968E-07, 0.000000000000000000 ) ) ;
#1022 = CARTESIAN_POINT ( 'NONE',  ( 9.499991455780998351, -28.49999453194999788, 1.599998607906999881 ) ) ;
#1023 = STYLED_ITEM ( 'NONE', ( #363 ), #4050 ) ;
#1024 = SURFACE_SIDE_STYLE ('',( #243 ) ) ;
#1025 = AXIS2_PLACEMENT_3D ( 'NONE', #4138, #1764, #1371 ) ;
#1026 = EDGE_LOOP ( 'NONE', ( #1334, #2947, #4464, #2331 ) ) ;
#1027 = FACE_OUTER_BOUND ( 'NONE', #1607, .T. ) ;
#1028 = SURFACE_STYLE_USAGE ( .BOTH. , #3361 ) ;
#1029 = SURFACE_STYLE_USAGE ( .BOTH. , #3725 ) ;
#1030 = EDGE_CURVE ( 'NONE', #22, #2776, #4726, .T. ) ;
#1031 = ADVANCED_FACE ( 'NONE', ( #1860, #3554, #728, #1162, #5074, #4294, #3454, #2751, #1136, #1550, #3951 ), #2318, .F. ) ;
#1032 = AXIS2_PLACEMENT_3D ( 'NONE', #1665, #1315, #4838 ) ;
#1033 = VECTOR ( 'NONE', #1364, 1000.000000000000000 ) ;
#1034 = CARTESIAN_POINT ( 'NONE',  ( -10.00000000000000000, -10.50000000000000000, -2.017369599999999874 ) ) ;
#1035 = ORIENTED_EDGE ( 'NONE', *, *, #2163, .F. ) ;
#1036 = AXIS2_PLACEMENT_3D ( 'NONE', #2397, #4893, #1995 ) ;
#1037 = ORIENTED_EDGE ( 'NONE', *, *, #2400, .F. ) ;
#1038 = VERTEX_POINT ( 'NONE', #1583 ) ;
#1039 = CARTESIAN_POINT ( 'NONE',  ( -18.30000000000000071, -38.50000000000000000, -2.017369599999999874 ) ) ;
#1040 = VERTEX_POINT ( 'NONE', #3090 ) ;
#1041 = VECTOR ( 'NONE', #32, 1000.000000000000114 ) ;
#1042 = CARTESIAN_POINT ( 'NONE',  ( -4.955354124219029543, -30.52450688249999899, -3.517367124556999958 ) ) ;
#1043 = PRODUCT_CONTEXT ( 'NONE', #4775, 'mechanical' ) ;
#1044 = LINE ( 'NONE', #3405, #2685 ) ;
#1045 = DIRECTION ( 'NONE',  ( 0.000000000000000000, -1.000000000000000000, 0.000000000000000000 ) ) ;
#1046 = VERTEX_POINT ( 'NONE', #3928 ) ;
#1047 = DIRECTION ( 'NONE',  ( 0.000000000000000000, -1.000000000000000000, 0.000000000000000000 ) ) ;
#1048 = SURFACE_STYLE_FILL_AREA ( #5001 ) ;
#1049 =( LENGTH_UNIT ( ) NAMED_UNIT ( * ) SI_UNIT ( .MILLI., .METRE. ) );
#1050 = SURFACE_STYLE_USAGE ( .BOTH. , #1024 ) ;
#1051 = ORIENTED_EDGE ( 'NONE', *, *, #917, .T. ) ;
#1052 = UNCERTAINTY_MEASURE_WITH_UNIT (LENGTH_MEASURE( 1.000000000000000082E-05 ), #2111, 'distance_accuracy_value', 'NONE');
#1053 = FACE_BOUND ( 'NONE', #1917, .T. ) ;
#1054 = CARTESIAN_POINT ( 'NONE',  ( 41.30000000000000426, 0.000000000000000000, 0.000000000000000000 ) ) ;
#1055 = EDGE_CURVE ( 'NONE', #1623, #2451, #1477, .T. ) ;
#1056 = AXIS2_PLACEMENT_3D ( 'NONE', #444, #2381, #4409 ) ;
#1057 = ORIENTED_EDGE ( 'NONE', *, *, #1327, .T. ) ;
#1058 = EDGE_LOOP ( 'NONE', ( #1357, #952, #4545, #3946 ) ) ;
#1059 = EDGE_LOOP ( 'NONE', ( #559, #1568, #920, #4938 ) ) ;
#1060 = VECTOR ( 'NONE', #678, 1000.000000000000000 ) ;
#1061 = CARTESIAN_POINT ( 'NONE',  ( -5.044663064219049531, -30.52450688249999899, -3.517367124556999958 ) ) ;
#1062 =( NAMED_UNIT ( * ) SI_UNIT ( $, .STERADIAN. ) SOLID_ANGLE_UNIT ( ) );
#1063 = ADVANCED_FACE ( 'NONE', ( #4755 ), #4699, .T. ) ;
#1064 = ORIENTED_EDGE ( 'NONE', *, *, #4839, .F. ) ;
#1065 = CARTESIAN_POINT ( 'NONE',  ( -23.00000000000000000, 40.00000000000000000, -2.017369599999999874 ) ) ;
#1066 = VERTEX_POINT ( 'NONE', #3221 ) ;
#1067 = VECTOR ( 'NONE', #1170, 1000.000000000000000 ) ;
#1068 = VECTOR ( 'NONE', #4170, 1000.000000000000000 ) ;
#1069 = CARTESIAN_POINT ( 'NONE',  ( -24.50000000000000000, 43.00000000000000000, -2.017369599999999874 ) ) ;
#1070 =( LENGTH_UNIT ( ) NAMED_UNIT ( * ) SI_UNIT ( .MILLI., .METRE. ) );
#1071 = ORIENTED_EDGE ( 'NONE', *, *, #1838, .T. ) ;
#1072 =( LENGTH_UNIT ( ) NAMED_UNIT ( * ) SI_UNIT ( .MILLI., .METRE. ) );
#1073 = FILL_AREA_STYLE ('',( #1466 ) ) ;
#1074 = VECTOR ( 'NONE', #4155, 1000.000000000000000 ) ;
#1075 = SURFACE_SIDE_STYLE ('',( #2613 ) ) ;
#1076 = CYLINDRICAL_SURFACE ( 'NONE', #1119, 1.498841284246000383 ) ;
#1077 =( LENGTH_UNIT ( ) NAMED_UNIT ( * ) SI_UNIT ( .MILLI., .METRE. ) );
#1078 = AXIS2_PLACEMENT_3D ( 'NONE', #2560, #3311, #2951 ) ;
#1079 = ORIENTED_EDGE ( 'NONE', *, *, #2234, .T. ) ;
#1080 = FILL_AREA_STYLE_COLOUR ( '', #3940 ) ;
#1081 = EDGE_LOOP ( 'NONE', ( #3715, #168, #4319, #4131 ) ) ;
#1082 = ORIENTED_EDGE ( 'NONE', *, *, #3788, .T. ) ;
#1083 = EDGE_CURVE ( 'NONE', #1903, #538, #1893, .T. ) ;
#1084 = STYLED_ITEM ( 'NONE', ( #3496 ), #2301 ) ;
#1085 = EDGE_CURVE ( 'NONE', #2118, #576, #237, .T. ) ;
#1086 =( NAMED_UNIT ( * ) PLANE_ANGLE_UNIT ( ) SI_UNIT ( $, .RADIAN. ) );
#1087 = VERTEX_POINT ( 'NONE', #2972 ) ;
#1088 = ORIENTED_EDGE ( 'NONE', *, *, #4211, .T. ) ;
#1089 = EDGE_CURVE ( 'NONE', #3527, #59, #3654, .T. ) ;
#1090 = CARTESIAN_POINT ( 'NONE',  ( 10.69999159578100034, -8.600012602499997882, 2.000001080000000098 ) ) ;
#1091 =( LENGTH_UNIT ( ) NAMED_UNIT ( * ) SI_UNIT ( .MILLI., .METRE. ) );
#1092 = DIRECTION ( 'NONE',  ( 0.000000000000000000, 0.000000000000000000, 1.000000000000000000 ) ) ;
#1093 = LINE ( 'NONE', #4273, #1342 ) ;
#1094 = PRESENTATION_STYLE_ASSIGNMENT (( #1455 ) ) ;
#1095 = PLANE ( 'NONE',  #224 ) ;
#1096 = PRESENTATION_STYLE_ASSIGNMENT (( #1487 ) ) ;
#1097 = LINE ( 'NONE', #3887, #1359 ) ;
#1098 = PLANE ( 'NONE',  #5062 ) ;
#1099 = CARTESIAN_POINT ( 'NONE',  ( -0.2245001442189999974, -30.30001406249999718, -3.517367124556999958 ) ) ;
#1100 = CARTESIAN_POINT ( 'NONE',  ( -12.70000732421899947, -6.600014062499999667, 0.000000000000000000 ) ) ;
#1101 = ORIENTED_EDGE ( 'NONE', *, *, #1327, .F. ) ;
#1102 =( NAMED_UNIT ( * ) SI_UNIT ( $, .STERADIAN. ) SOLID_ANGLE_UNIT ( ) );
#1103 = VECTOR ( 'NONE', #3535, 1000.000000000000000 ) ;
#1104 = UNCERTAINTY_MEASURE_WITH_UNIT (LENGTH_MEASURE( 1.000000000000000082E-05 ), #3180, 'distance_accuracy_value', 'NONE');
#1105 = DIRECTION ( 'NONE',  ( -1.000000000000000000, 0.000000000000000000, 0.000000000000000000 ) ) ;
#1106 =( NAMED_UNIT ( * ) SI_UNIT ( $, .STERADIAN. ) SOLID_ANGLE_UNIT ( ) );
#1107 = VECTOR ( 'NONE', #399, 1000.000000000000000 ) ;
#1108 =( LENGTH_UNIT ( ) NAMED_UNIT ( * ) SI_UNIT ( .MILLI., .METRE. ) );
#1109 = EDGE_LOOP ( 'NONE', ( #3786, #3500, #621, #1911 ) ) ;
#1110 = CARTESIAN_POINT ( 'NONE',  ( -18.30000000000000071, -38.50000000000000000, -2.017369599999999874 ) ) ;
#1111 = STYLED_ITEM ( 'NONE', ( #603 ), #4079 ) ;
#1112 = EDGE_LOOP ( 'NONE', ( #308, #3745, #3779, #2786 ) ) ;
#1113 = PRESENTATION_LAYER_ASSIGNMENT (  '', '', ( #5013 ) ) ;
#1114 = CARTESIAN_POINT ( 'NONE',  ( -0.04466306421905000268, -30.52450688249999899, -3.517367124556999958 ) ) ;
#1115 = ORIENTED_EDGE ( 'NONE', *, *, #1017, .T. ) ;
#1116 = VECTOR ( 'NONE', #1186, 1000.000000000000227 ) ;
#1117 = DIRECTION ( 'NONE',  ( 0.000000000000000000, -1.000000000000000000, 0.000000000000000000 ) ) ;
#1118 =( LENGTH_UNIT ( ) NAMED_UNIT ( * ) SI_UNIT ( .MILLI., .METRE. ) );
#1119 = AXIS2_PLACEMENT_3D ( 'NONE', #1545, #2416, #4822 ) ;
#1120 = DIRECTION ( 'NONE',  ( 0.000000000000000000, -1.000000000000000000, 0.000000000000000000 ) ) ;
#1121 = EDGE_CURVE ( 'NONE', #3035, #2074, #2855, .T. ) ;
#1122 = DIRECTION ( 'NONE',  ( 0.000000000000000000, 0.000000000000000000, 1.000000000000000000 ) ) ;
#1123 = SURFACE_STYLE_USAGE ( .BOTH. , #1897 ) ;
#1124 = AXIS2_PLACEMENT_3D ( 'NONE', #3304, #2602, #3324 ) ;
#1125 = CARTESIAN_POINT ( 'NONE',  ( -0.1271724242190000187, -30.10969948249999817, -3.517367124556999958 ) ) ;
#1126 = CARTESIAN_POINT ( 'NONE',  ( 0.04464587578097000548, -30.07552124249999537, -3.517367124556999958 ) ) ;
#1127 = EDGE_CURVE ( 'NONE', #3458, #4672, #4786, .T. ) ;
#1128 = VERTEX_POINT ( 'NONE', #2945 ) ;
#1129 = DIRECTION ( 'NONE',  ( -1.000000000000000000, 0.000000000000000000, 0.000000000000000000 ) ) ;
#1130 = FACE_OUTER_BOUND ( 'NONE', #558, .T. ) ;
#1131 = FILL_AREA_STYLE_COLOUR ( '', #1244 ) ;
#1132 = PLANE ( 'NONE',  #4075 ) ;
#1133 = ORIENTED_EDGE ( 'NONE', *, *, #778, .F. ) ;
#1134 = CARTESIAN_POINT ( 'NONE',  ( 41.30000000000000426, -40.00000000000000000, 0.000000000000000000 ) ) ;
#1135 = ORIENTED_EDGE ( 'NONE', *, *, #4239, .T. ) ;
#1136 = FACE_BOUND ( 'NONE', #2340, .T. ) ;
#1137 = AXIS2_PLACEMENT_3D ( 'NONE', #4818, #1594, #3239 ) ;
#1138 = LINE ( 'NONE', #3532, #4072 ) ;
#1139 = VERTEX_POINT ( 'NONE', #2461 ) ;
#1140 = PRESENTATION_LAYER_ASSIGNMENT (  '', '', ( #4305 ) ) ;
#1141 = SURFACE_STYLE_USAGE ( .BOTH. , #1215 ) ;
#1142 = MECHANICAL_DESIGN_GEOMETRIC_PRESENTATION_REPRESENTATION (  '', ( #814 ), #4877 ) ;
#1143 = VECTOR ( 'NONE', #1721, 1000.000000000000000 ) ;
#1144 = CARTESIAN_POINT ( 'NONE',  ( 0.1903072557809999954, -30.42717916249999988, -0.01736650455699990936 ) ) ;
#1145 = SURFACE_STYLE_FILL_AREA ( #3958 ) ;
#1146 = PRESENTATION_LAYER_ASSIGNMENT (  '', '', ( #4720 ) ) ;
#1147 = EDGE_CURVE ( 'NONE', #1040, #5032, #4144, .T. ) ;
#1148 = CARTESIAN_POINT ( 'NONE',  ( -10.70000624421900071, -8.600012602499997882, 2.000001080000000098 ) ) ;
#1149 = LINE ( 'NONE', #2740, #1346 ) ;
#1150 = VERTEX_POINT ( 'NONE', #964 ) ;
#1151 = DIRECTION ( 'NONE',  ( 0.9238726279500996119, -0.3827001010250414281, 0.000000000000000000 ) ) ;
#1152 = UNCERTAINTY_MEASURE_WITH_UNIT (LENGTH_MEASURE( 1.000000000000000082E-05 ), #5031, 'distance_accuracy_value', 'NONE');
#1153 =( NAMED_UNIT ( * ) PLANE_ANGLE_UNIT ( ) SI_UNIT ( $, .RADIAN. ) );
#1154 = ADVANCED_FACE ( 'NONE', ( #1376 ), #875, .F. ) ;
#1155 =( LENGTH_UNIT ( ) NAMED_UNIT ( * ) SI_UNIT ( .MILLI., .METRE. ) );
#1156 = SURFACE_STYLE_USAGE ( .BOTH. , #3921 ) ;
#1157 = ORIENTED_EDGE ( 'NONE', *, *, #2401, .T. ) ;
#1158 = CARTESIAN_POINT ( 'NONE',  ( 10.00000000000000000, -10.50000000000000000, -2.017369599999999874 ) ) ;
#1159 = UNCERTAINTY_MEASURE_WITH_UNIT (LENGTH_MEASURE( 1.000000000000000082E-05 ), #305, 'distance_accuracy_value', 'NONE');
#1160 = COLOUR_RGB ( '',0.000000000000000000, 0.5019607843137254832, 0.000000000000000000 ) ;
#1161 = CARTESIAN_POINT ( 'NONE',  ( 0.04464587578097000548, -30.07552124249999537, -0.01736650455699990936 ) ) ;
#1162 = FACE_BOUND ( 'NONE', #3544, .T. ) ;
#1163 = FACE_OUTER_BOUND ( 'NONE', #5047, .T. ) ;
#1164 = ORIENTED_EDGE ( 'NONE', *, *, #4710, .T. ) ;
#1165 = CIRCLE ( 'NONE', #2745, 1.300000000000002487 ) ;
#1166 = DIRECTION ( 'NONE',  ( 0.000000000000000000, 0.000000000000000000, 1.000000000000000000 ) ) ;
#1167 = CARTESIAN_POINT ( 'NONE',  ( 18.30000000000000071, -38.50000000000000000, -2.017369599999999874 ) ) ;
#1168 = AXIS2_PLACEMENT_3D ( 'NONE', #183, #3803, #3464 ) ;
#1169 = DIRECTION ( 'NONE',  ( 1.000000000000000000, 0.000000000000000000, 0.000000000000000000 ) ) ;
#1170 = DIRECTION ( 'NONE',  ( 0.000000000000000000, 0.000000000000000000, 1.000000000000000000 ) ) ;
#1171 = VERTEX_POINT ( 'NONE', #1650 ) ;
#1172 = SURFACE_SIDE_STYLE ('',( #1569 ) ) ;
#1173 = EDGE_CURVE ( 'NONE', #4883, #1782, #849, .T. ) ;
#1174 = DIRECTION ( 'NONE',  ( 0.000000000000000000, 0.000000000000000000, 1.000000000000000000 ) ) ;
#1175 = PLANE ( 'NONE',  #4967 ) ;
#1176 = EDGE_CURVE ( 'NONE', #593, #2343, #4026, .T. ) ;
#1177 = FILL_AREA_STYLE_COLOUR ( '', #2496 ) ;
#1178 = MECHANICAL_DESIGN_GEOMETRIC_PRESENTATION_REPRESENTATION (  '', ( #4663 ), #4265 ) ;
#1179 = ORIENTED_EDGE ( 'NONE', *, *, #985, .F. ) ;
#1180 = EDGE_CURVE ( 'NONE', #3058, #4182, #2819, .T. ) ;
#1181 = EDGE_LOOP ( 'NONE', ( #1082, #4740, #5076, #4515 ) ) ;
#1182 = EDGE_CURVE ( 'NONE', #2483, #2838, #2395, .T. ) ;
#1183 = PRESENTATION_LAYER_ASSIGNMENT (  '', '', ( #187 ) ) ;
#1184 = VECTOR ( 'NONE', #3702, 1000.000000000000000 ) ;
#1185 = PRESENTATION_STYLE_ASSIGNMENT (( #4652 ) ) ;
#1186 = DIRECTION ( 'NONE',  ( -0.9238826834630522455, -0.3826758252060215582, 0.000000000000000000 ) ) ;
#1187 = STYLED_ITEM ( 'NONE', ( #1921 ), #4046 ) ;
#1188 = STYLED_ITEM ( 'NONE', ( #4523 ), #3341 ) ;
#1189 = EDGE_CURVE ( 'NONE', #1306, #485, #20, .T. ) ;
#1190 = VERTEX_POINT ( 'NONE', #687 ) ;
#1191 = VECTOR ( 'NONE', #5112, 1000.000000000000000 ) ;
#1192 = STYLED_ITEM ( 'NONE', ( #2393 ), #3446 ) ;
#1193 = DIRECTION ( 'NONE',  ( 0.9999997009467437303, 0.0007733734047254636973, 0.000000000000000000 ) ) ;
#1194 = CARTESIAN_POINT ( 'NONE',  ( -10.70000624421900071, -8.600012602499997882, 0.000000000000000000 ) ) ;
#1195 = SURFACE_SIDE_STYLE ('',( #1267 ) ) ;
#1196 =( GEOMETRIC_REPRESENTATION_CONTEXT ( 3 ) GLOBAL_UNCERTAINTY_ASSIGNED_CONTEXT ( ( #740 ) ) GLOBAL_UNIT_ASSIGNED_CONTEXT ( ( #4837, #3297, #4012 ) ) REPRESENTATION_CONTEXT ( 'NONE', 'WORKASPACE' ) );
#1197 = DIRECTION ( 'NONE',  ( 0.000000000000000000, 0.000000000000000000, 1.000000000000000000 ) ) ;
#1198 = FILL_AREA_STYLE ('',( #372 ) ) ;
#1199 = ORIENTED_EDGE ( 'NONE', *, *, #4110, .T. ) ;
#1200 = LINE ( 'NONE', #1928, #1107 ) ;
#1201 = UNCERTAINTY_MEASURE_WITH_UNIT (LENGTH_MEASURE( 1.000000000000000082E-05 ), #4640, 'distance_accuracy_value', 'NONE');
#1202 =( NAMED_UNIT ( * ) PLANE_ANGLE_UNIT ( ) SI_UNIT ( $, .RADIAN. ) );
#1203 = AXIS2_PLACEMENT_3D ( 'NONE', #2677, #2323, #3906 ) ;
#1204 = DIRECTION ( 'NONE',  ( 0.3827001010250414281, 0.9238726279500996119, 0.000000000000000000 ) ) ;
#1205 = ORIENTED_EDGE ( 'NONE', *, *, #2609, .F. ) ;
#1206 =( NAMED_UNIT ( * ) SI_UNIT ( $, .STERADIAN. ) SOLID_ANGLE_UNIT ( ) );
#1207 = UNCERTAINTY_MEASURE_WITH_UNIT (LENGTH_MEASURE( 1.000000000000000082E-05 ), #4865, 'distance_accuracy_value', 'NONE');
#1208 = DIRECTION ( 'NONE',  ( 0.000000000000000000, 0.000000000000000000, 1.000000000000000000 ) ) ;
#1209 = ADVANCED_FACE ( 'NONE', ( #2688 ), #4200, .T. ) ;
#1210 = FILL_AREA_STYLE_COLOUR ( '', #3814 ) ;
#1211 = DIRECTION ( 'NONE',  ( 0.9238726279500996119, 0.3827001010250414281, 0.000000000000000000 ) ) ;
#1212 = ORIENTED_EDGE ( 'NONE', *, *, #2652, .T. ) ;
#1213 = EDGE_CURVE ( 'NONE', #4927, #42, #2897, .T. ) ;
#1214 = PRESENTATION_STYLE_ASSIGNMENT (( #2880 ) ) ;
#1215 = SURFACE_SIDE_STYLE ('',( #4791 ) ) ;
#1216 = DIRECTION ( 'NONE',  ( -0.3827001010250414281, -0.9238726279500996119, 0.000000000000000000 ) ) ;
#1217 = FILL_AREA_STYLE ('',( #56 ) ) ;
#1218 = AXIS2_PLACEMENT_3D ( 'NONE', #3344, #1759, #2514 ) ;
#1219 = CARTESIAN_POINT ( 'NONE',  ( -5.224500144218999331, -30.30001406249999718, -3.517367124556999958 ) ) ;
#1220 = STYLED_ITEM ( 'NONE', ( #3217 ), #76 ) ;
#1221 = CARTESIAN_POINT ( 'NONE',  ( 0.1903072557809999954, -30.42717916249999988, -3.517367124556999958 ) ) ;
#1222 = DIRECTION ( 'NONE',  ( -0.7071067811860475283, -0.7071067811870476172, 0.000000000000000000 ) ) ;
#1223 = FILL_AREA_STYLE ('',( #504 ) ) ;
#1224 = VERTEX_POINT ( 'NONE', #269 ) ;
#1225 = CARTESIAN_POINT ( 'NONE',  ( 0.1271552357809999922, -30.49033118249999674, -3.517367124556999958 ) ) ;
#1226 = AXIS2_PLACEMENT_3D ( 'NONE', #2500, #61, #3625 ) ;
#1227 = VECTOR ( 'NONE', #4890, 1000.000000000000114 ) ;
#1228 = PLANE ( 'NONE',  #3145 ) ;
#1229 =( NAMED_UNIT ( * ) PLANE_ANGLE_UNIT ( ) SI_UNIT ( $, .RADIAN. ) );
#1230 = VECTOR ( 'NONE', #3442, 1000.000000000000000 ) ;
#1231 = ORIENTED_EDGE ( 'NONE', *, *, #615, .F. ) ;
#1232 = FILL_AREA_STYLE ('',( #2042 ) ) ;
#1233 = STYLED_ITEM ( 'NONE', ( #4272 ), #1626 ) ;
#1234 = CARTESIAN_POINT ( 'NONE',  ( 10.69999159578100034, -8.600012602499997882, 1.499999539999999909 ) ) ;
#1235 = ORIENTED_EDGE ( 'NONE', *, *, #2775, .F. ) ;
#1236 = EDGE_CURVE ( 'NONE', #679, #2119, #4562, .T. ) ;
#1237 = EDGE_CURVE ( 'NONE', #3766, #238, #5060, .T. ) ;
#1238 = PRESENTATION_LAYER_ASSIGNMENT (  '', '', ( #3163 ) ) ;
#1239 =( LENGTH_UNIT ( ) NAMED_UNIT ( * ) SI_UNIT ( .MILLI., .METRE. ) );
#1240 = CARTESIAN_POINT ( 'NONE',  ( -21.50000000000000000, 38.50000000000000000, -2.017369599999999874 ) ) ;
#1241 =( GEOMETRIC_REPRESENTATION_CONTEXT ( 3 ) GLOBAL_UNCERTAINTY_ASSIGNED_CONTEXT ( ( #1580 ) ) GLOBAL_UNIT_ASSIGNED_CONTEXT ( ( #1325, #611, #1749 ) ) REPRESENTATION_CONTEXT ( 'NONE', 'WORKASPACE' ) );
#1242 = EDGE_CURVE ( 'NONE', #1087, #4173, #3835, .T. ) ;
#1243 = SURFACE_STYLE_FILL_AREA ( #1217 ) ;
#1244 = COLOUR_RGB ( '',1.000000000000000000, 1.000000000000000000, 1.000000000000000000 ) ;
#1245 =( NAMED_UNIT ( * ) SI_UNIT ( $, .STERADIAN. ) SOLID_ANGLE_UNIT ( ) );
#1246 = DIRECTION ( 'NONE',  ( 0.000000000000000000, 0.000000000000000000, -1.000000000000000000 ) ) ;
#1247 = VERTEX_POINT ( 'NONE', #4254 ) ;
#1248 = CARTESIAN_POINT ( 'NONE',  ( 8.500000000000000000, -9.000000000000000000, 0.000000000000000000 ) ) ;
#1249 = CARTESIAN_POINT ( 'NONE',  ( 11.69999213578100061, -7.600014602499998162, 0.000000000000000000 ) ) ;
#1250 = DIRECTION ( 'NONE',  ( 0.000000000000000000, 1.000000000000000000, 0.000000000000000000 ) ) ;
#1251 = FACE_OUTER_BOUND ( 'NONE', #1502, .T. ) ;
#1252 = DIRECTION ( 'NONE',  ( 0.000000000000000000, 0.000000000000000000, -1.000000000000000000 ) ) ;
#1253 = EDGE_LOOP ( 'NONE', ( #1547, #4121, #4226, #3323 ) ) ;
#1254 = CARTESIAN_POINT ( 'NONE',  ( 40.00000000000000000, -43.00000000000000000, 0.000000000000000000 ) ) ;
#1255 = UNCERTAINTY_MEASURE_WITH_UNIT (LENGTH_MEASURE( 1.000000000000000082E-05 ), #2955, 'distance_accuracy_value', 'NONE');
#1256 =( LENGTH_UNIT ( ) NAMED_UNIT ( * ) SI_UNIT ( .MILLI., .METRE. ) );
#1257 = CARTESIAN_POINT ( 'NONE',  ( -5.044663064219049531, -30.07552124249999537, -3.517367124556999958 ) ) ;
#1258 = FILL_AREA_STYLE ('',( #3246 ) ) ;
#1259 = VERTEX_POINT ( 'NONE', #4976 ) ;
#1260 = VECTOR ( 'NONE', #4251, 1000.000000000000000 ) ;
#1261 = VECTOR ( 'NONE', #175, 1000.000000000000000 ) ;
#1262 = CARTESIAN_POINT ( 'NONE',  ( -5.044663064219049531, -30.52450688249999899, -0.01736650455699990936 ) ) ;
#1263 = VECTOR ( 'NONE', #5055, 1000.000000000000114 ) ;
#1264 = CIRCLE ( 'NONE', #4016, 1.498841284246002159 ) ;
#1265 = LINE ( 'NONE', #3618, #1634 ) ;
#1266 = PRESENTATION_LAYER_ASSIGNMENT (  '', '', ( #2857 ) ) ;
#1267 = SURFACE_STYLE_FILL_AREA ( #1662 ) ;
#1268 = DIRECTION ( 'NONE',  ( 0.000000000000000000, 0.000000000000000000, -1.000000000000000000 ) ) ;
#1269 = EDGE_CURVE ( 'NONE', #5032, #2534, #3860, .T. ) ;
#1270 = SURFACE_SIDE_STYLE ('',( #3255 ) ) ;
#1271 = AXIS2_PLACEMENT_3D ( 'NONE', #1980, #10, #4388 ) ;
#1272 = AXIS2_PLACEMENT_3D ( 'NONE', #17, #2723, #4396 ) ;
#1273 = CARTESIAN_POINT ( 'NONE',  ( 0.1271552357809999922, -30.10969948249999817, -3.517367124556999958 ) ) ;
#1274 = DIRECTION ( 'NONE',  ( 0.000000000000000000, 0.000000000000000000, 1.000000000000000000 ) ) ;
#1275 =( GEOMETRIC_REPRESENTATION_CONTEXT ( 3 ) GLOBAL_UNCERTAINTY_ASSIGNED_CONTEXT ( ( #4950 ) ) GLOBAL_UNIT_ASSIGNED_CONTEXT ( ( #5085, #3103, #4308 ) ) REPRESENTATION_CONTEXT ( 'NONE', 'WORKASPACE' ) );
#1276 = EDGE_CURVE ( 'NONE', #1139, #1277, #4610, .T. ) ;
#1277 = VERTEX_POINT ( 'NONE', #2193 ) ;
#1278 = DIRECTION ( 'NONE',  ( 0.000000000000000000, 0.000000000000000000, -1.000000000000000000 ) ) ;
#1279 = AXIS2_PLACEMENT_3D ( 'NONE', #1736, #2129, #2519 ) ;
#1280 = FACE_OUTER_BOUND ( 'NONE', #227, .T. ) ;
#1281 =( GEOMETRIC_REPRESENTATION_CONTEXT ( 3 ) GLOBAL_UNCERTAINTY_ASSIGNED_CONTEXT ( ( #1104 ) ) GLOBAL_UNIT_ASSIGNED_CONTEXT ( ( #3180, #2820, #1245 ) ) REPRESENTATION_CONTEXT ( 'NONE', 'WORKASPACE' ) );
#1282 = CARTESIAN_POINT ( 'NONE',  ( 0.04464587578097000548, -30.52450688249999899, -3.517367124556999958 ) ) ;
#1283 = EDGE_LOOP ( 'NONE', ( #3334, #1912, #642, #2125 ) ) ;
#1284 = SURFACE_SIDE_STYLE ('',( #4497 ) ) ;
#1285 = SURFACE_STYLE_FILL_AREA ( #880 ) ;
#1286 = LINE ( 'NONE', #498, #2097 ) ;
#1287 = SURFACE_SIDE_STYLE ('',( #1243 ) ) ;
#1288 = LINE ( 'NONE', #2887, #1987 ) ;
#1289 = SURFACE_STYLE_USAGE ( .BOTH. , #1270 ) ;
#1290 =( GEOMETRIC_REPRESENTATION_CONTEXT ( 3 ) GLOBAL_UNCERTAINTY_ASSIGNED_CONTEXT ( ( #4489 ) ) GLOBAL_UNIT_ASSIGNED_CONTEXT ( ( #3161, #4312, #3892 ) ) REPRESENTATION_CONTEXT ( 'NONE', 'WORKASPACE' ) );
#1291 = DIRECTION ( 'NONE',  ( -0.3827001010250414281, -0.9238726279500996119, 0.000000000000000000 ) ) ;
#1292 = PRESENTATION_STYLE_ASSIGNMENT (( #428 ) ) ;
#1293 = ADVANCED_FACE ( 'NONE', ( #4664 ), #1098, .T. ) ;
#1294 = FACE_OUTER_BOUND ( 'NONE', #588, .T. ) ;
#1295 = SURFACE_SIDE_STYLE ('',( #1692 ) ) ;
#1296 = SURFACE_STYLE_FILL_AREA ( #508 ) ;
#1297 = VECTOR ( 'NONE', #3318, 1000.000000000000114 ) ;
#1298 = ORIENTED_EDGE ( 'NONE', *, *, #4684, .F. ) ;
#1299 = UNCERTAINTY_MEASURE_WITH_UNIT (LENGTH_MEASURE( 1.000000000000000082E-05 ), #4744, 'distance_accuracy_value', 'NONE');
#1300 = CARTESIAN_POINT ( 'NONE',  ( -5.190324444218999744, -30.17285150249999859, -0.01736650455699990936 ) ) ;
#1301 = EDGE_CURVE ( 'NONE', #4433, #2189, #762, .T. ) ;
#1302 = MECHANICAL_DESIGN_GEOMETRIC_PRESENTATION_REPRESENTATION (  '', ( #560 ), #2892 ) ;
#1303 = DIRECTION ( 'NONE',  ( 0.000000000000000000, 0.000000000000000000, -1.000000000000000000 ) ) ;
#1304 = AXIS2_PLACEMENT_3D ( 'NONE', #3566, #1979, #2737 ) ;
#1305 = ORIENTED_EDGE ( 'NONE', *, *, #1429, .T. ) ;
#1306 = VERTEX_POINT ( 'NONE', #1924 ) ;
#1307 = DIRECTION ( 'NONE',  ( 0.7071067811865475727, 0.7071067811865475727, 0.000000000000000000 ) ) ;
#1308 = VECTOR ( 'NONE', #1370, 1000.000000000000000 ) ;
#1309 =( NAMED_UNIT ( * ) PLANE_ANGLE_UNIT ( ) SI_UNIT ( $, .RADIAN. ) );
#1310 = DIRECTION ( 'NONE',  ( 0.000000000000000000, -1.000000000000000000, 0.000000000000000000 ) ) ;
#1311 = COLOUR_RGB ( '',1.000000000000000000, 1.000000000000000000, 1.000000000000000000 ) ;
#1312 = SURFACE_SIDE_STYLE ('',( #2568 ) ) ;
#1313 =( NAMED_UNIT ( * ) SI_UNIT ( $, .STERADIAN. ) SOLID_ANGLE_UNIT ( ) );
#1314 = AXIS2_PLACEMENT_3D ( 'NONE', #2876, #139, #4450 ) ;
#1315 = DIRECTION ( 'NONE',  ( 0.000000000000000000, 0.000000000000000000, 1.000000000000000000 ) ) ;
#1316 = PRESENTATION_STYLE_ASSIGNMENT (( #4196 ) ) ;
#1317 = CARTESIAN_POINT ( 'NONE',  ( -4.809692744218999394, -30.17285150249999859, -3.517367124556999958 ) ) ;
#1318 = STYLED_ITEM ( 'NONE', ( #4318 ), #2208 ) ;
#1319 = DIRECTION ( 'NONE',  ( 0.000000000000000000, 1.000000000000000000, 0.000000000000000000 ) ) ;
#1320 = LINE ( 'NONE', #3172, #2698 ) ;
#1321 = VECTOR ( 'NONE', #2771, 1000.000000000000000 ) ;
#1322 = VERTEX_POINT ( 'NONE', #3989 ) ;
#1323 = LINE ( 'NONE', #2918, #3108 ) ;
#1324 = DIRECTION ( 'NONE',  ( 0.000000000000000000, 0.000000000000000000, 1.000000000000000000 ) ) ;
#1325 =( LENGTH_UNIT ( ) NAMED_UNIT ( * ) SI_UNIT ( .MILLI., .METRE. ) );
#1326 = EDGE_CURVE ( 'NONE', #3965, #1259, #2480, .T. ) ;
#1327 = EDGE_CURVE ( 'NONE', #2669, #1492, #3962, .T. ) ;
#1328 = ORIENTED_EDGE ( 'NONE', *, *, #4858, .F. ) ;
#1329 = ORIENTED_EDGE ( 'NONE', *, *, #5027, .T. ) ;
#1330 = ORIENTED_EDGE ( 'NONE', *, *, #2541, .F. ) ;
#1331 = CARTESIAN_POINT ( 'NONE',  ( -38.69999999999999574, -40.00000000000000000, -2.017369599999999874 ) ) ;
#1332 = EDGE_CURVE ( 'NONE', #42, #4927, #2647, .T. ) ;
#1333 = CARTESIAN_POINT ( 'NONE',  ( -5.224500144218999331, -30.30001406249999718, -0.01736650455699990936 ) ) ;
#1334 = ORIENTED_EDGE ( 'NONE', *, *, #3680, .T. ) ;
#1335 = FACE_OUTER_BOUND ( 'NONE', #1112, .T. ) ;
#1336 = ORIENTED_EDGE ( 'NONE', *, *, #2401, .F. ) ;
#1337 = VECTOR ( 'NONE', #1802, 1000.000000000000000 ) ;
#1338 = FILL_AREA_STYLE ('',( #542 ) ) ;
#1339 = SURFACE_SIDE_STYLE ('',( #502 ) ) ;
#1340 = LINE ( 'NONE', #682, #2019 ) ;
#1341 =( GEOMETRIC_REPRESENTATION_CONTEXT ( 3 ) GLOBAL_UNCERTAINTY_ASSIGNED_CONTEXT ( ( #1985 ) ) GLOBAL_UNIT_ASSIGNED_CONTEXT ( ( #3510, #3910, #5105 ) ) REPRESENTATION_CONTEXT ( 'NONE', 'WORKASPACE' ) );
#1342 = VECTOR ( 'NONE', #320, 1000.000000000000000 ) ;
#1343 = FILL_AREA_STYLE_COLOUR ( '', #1880 ) ;
#1344 = ORIENTED_EDGE ( 'NONE', *, *, #3028, .F. ) ;
#1345 = LINE ( 'NONE', #4169, #1613 ) ;
#1346 = VECTOR ( 'NONE', #3571, 1000.000000000000000 ) ;
#1347 = CARTESIAN_POINT ( 'NONE',  ( 18.89999999999999858, 32.39999999999999858, 0.000000000000000000 ) ) ;
#1348 = COLOUR_RGB ( '',0.000000000000000000, 0.5019607843137254832, 0.000000000000000000 ) ;
#1349 = CARTESIAN_POINT ( 'NONE',  ( -20.00000000000000000, 32.39999999999999858, -2.017369599999999874 ) ) ;
#1350 = ORIENTED_EDGE ( 'NONE', *, *, #50, .T. ) ;
#1351 = FILL_AREA_STYLE ('',( #4444 ) ) ;
#1352 = UNCERTAINTY_MEASURE_WITH_UNIT (LENGTH_MEASURE( 1.000000000000000082E-05 ), #3746, 'distance_accuracy_value', 'NONE');
#1353 = PRESENTATION_LAYER_ASSIGNMENT (  '', '', ( #3859 ) ) ;
#1354 = CARTESIAN_POINT ( 'NONE',  ( 12.69999267578099911, -32.00001406250000002, 0.000000000000000000 ) ) ;
#1355 = PRESENTATION_LAYER_ASSIGNMENT (  '', '', ( #4936 ) ) ;
#1356 = SURFACE_SIDE_STYLE ('',( #4593 ) ) ;
#1357 = ORIENTED_EDGE ( 'NONE', *, *, #606, .F. ) ;
#1358 = ORIENTED_EDGE ( 'NONE', *, *, #577, .T. ) ;
#1359 = VECTOR ( 'NONE', #4306, 1000.000000000000000 ) ;
#1360 = ORIENTED_EDGE ( 'NONE', *, *, #4462, .T. ) ;
#1361 = EDGE_CURVE ( 'NONE', #135, #701, #2031, .T. ) ;
#1362 = DIRECTION ( 'NONE',  ( -0.9999997009467437303, -0.0007733734047231480583, 0.000000000000000000 ) ) ;
#1363 = CARTESIAN_POINT ( 'NONE',  ( -9.500006104219000491, -9.499994431950002038, 1.599998607906999881 ) ) ;
#1364 = DIRECTION ( 'NONE',  ( 0.000000000000000000, 0.000000000000000000, 1.000000000000000000 ) ) ;
#1365 = ORIENTED_EDGE ( 'NONE', *, *, #677, .F. ) ;
#1366 = ORIENTED_EDGE ( 'NONE', *, *, #1326, .T. ) ;
#1367 = EDGE_CURVE ( 'NONE', #3583, #5121, #4767, .T. ) ;
#1368 = LINE ( 'NONE', #3402, #3845 ) ;
#1369 = CARTESIAN_POINT ( 'NONE',  ( 11.69999213578100061, -7.600014602499998162, 0.000000000000000000 ) ) ;
#1370 = DIRECTION ( 'NONE',  ( 0.000000000000000000, 0.000000000000000000, 1.000000000000000000 ) ) ;
#1371 = DIRECTION ( 'NONE',  ( 1.000000000000000000, 0.000000000000000000, 0.000000000000000000 ) ) ;
#1372 = CARTESIAN_POINT ( 'NONE',  ( -17.80000000000000071, 32.39999999999999858, -2.017369599999999874 ) ) ;
#1373 = VERTEX_POINT ( 'NONE', #5132 ) ;
#1374 = VECTOR ( 'NONE', #3278, 1000.000000000000000 ) ;
#1375 = DIRECTION ( 'NONE',  ( 1.000000000000000000, 0.000000000000000000, 0.000000000000000000 ) ) ;
#1376 = FACE_OUTER_BOUND ( 'NONE', #4803, .T. ) ;
#1377 = PRESENTATION_STYLE_ASSIGNMENT (( #2195 ) ) ;
#1378 = ORIENTED_EDGE ( 'NONE', *, *, #2576, .T. ) ;
#1379 = LINE ( 'NONE', #245, #2124 ) ;
#1380 = VECTOR ( 'NONE', #1045, 1000.000000000000000 ) ;
#1381 = CARTESIAN_POINT ( 'NONE',  ( 18.89999999999999858, 32.39999999999999858, 0.000000000000000000 ) ) ;
#1382 =( NAMED_UNIT ( * ) SI_UNIT ( $, .STERADIAN. ) SOLID_ANGLE_UNIT ( ) );
#1383 = STYLED_ITEM ( 'NONE', ( #554 ), #127 ) ;
#1384 = FILL_AREA_STYLE ('',( #2615 ) ) ;
#1385 = ORIENTED_EDGE ( 'NONE', *, *, #1176, .T. ) ;
#1386 = VERTEX_POINT ( 'NONE', #3938 ) ;
#1387 = ORIENTED_EDGE ( 'NONE', *, *, #1180, .T. ) ;
#1388 = DIRECTION ( 'NONE',  ( 0.000000000000000000, 1.000000000000000000, 0.000000000000000000 ) ) ;
#1389 = CARTESIAN_POINT ( 'NONE',  ( -40.00000000000000000, 40.00000000000000000, -2.017369599999999874 ) ) ;
#1390 = PRESENTATION_LAYER_ASSIGNMENT (  '', '', ( #3642 ) ) ;
#1391 = EDGE_LOOP ( 'NONE', ( #4852, #3063, #772, #1939 ) ) ;
#1392 = EDGE_CURVE ( 'NONE', #4583, #3085, #3515, .T. ) ;
#1393 = PRESENTATION_STYLE_ASSIGNMENT (( #145 ) ) ;
#1394 = ORIENTED_EDGE ( 'NONE', *, *, #2926, .F. ) ;
#1395 = CARTESIAN_POINT ( 'NONE',  ( 10.69999159578100034, -30.00001298249999593, 1.499999539999999909 ) ) ;
#1396 = CARTESIAN_POINT ( 'NONE',  ( 0.04464587578097000548, -30.52450688249999899, -3.517367124556999958 ) ) ;
#1397 = DIRECTION ( 'NONE',  ( 0.000000000000000000, 0.000000000000000000, 1.000000000000000000 ) ) ;
#1398 = CARTESIAN_POINT ( 'NONE',  ( -5.224500144218999331, -30.25536086250002654, -3.517367124556999958 ) ) ;
#1399 = EDGE_CURVE ( 'NONE', #3816, #22, #5110, .T. ) ;
#1400 = COLOUR_RGB ( '',1.000000000000000000, 1.000000000000000000, 1.000000000000000000 ) ;
#1401 = SURFACE_SIDE_STYLE ('',( #4634 ) ) ;
#1402 = CARTESIAN_POINT ( 'NONE',  ( -23.00000000000000000, 40.00000000000000000, 0.000000000000000000 ) ) ;
#1403 = EDGE_LOOP ( 'NONE', ( #3223, #4722 ) ) ;
#1404 =( GEOMETRIC_REPRESENTATION_CONTEXT ( 3 ) GLOBAL_UNCERTAINTY_ASSIGNED_CONTEXT ( ( #941 ) ) GLOBAL_UNIT_ASSIGNED_CONTEXT ( ( #73, #2856, #2422 ) ) REPRESENTATION_CONTEXT ( 'NONE', 'WORKASPACE' ) );
#1405 =( NAMED_UNIT ( * ) PLANE_ANGLE_UNIT ( ) SI_UNIT ( $, .RADIAN. ) );
#1406 = DIRECTION ( 'NONE',  ( 1.000000000000000000, 0.000000000000000000, 0.000000000000000000 ) ) ;
#1407 = EDGE_LOOP ( 'NONE', ( #3450, #1786, #1772, #2942 ) ) ;
#1408 = SURFACE_SIDE_STYLE ('',( #3023 ) ) ;
#1409 = UNCERTAINTY_MEASURE_WITH_UNIT (LENGTH_MEASURE( 1.000000000000000082E-05 ), #2302, 'distance_accuracy_value', 'NONE');
#1410 = FACE_BOUND ( 'NONE', #751, .T. ) ;
#1411 = DIRECTION ( 'NONE',  ( 1.000000000000000000, 0.000000000000000000, 0.000000000000000000 ) ) ;
#1412 = CARTESIAN_POINT ( 'NONE',  ( -5.224500144218999331, -30.25536086250002654, -3.517367124556999958 ) ) ;
#1413 =( NAMED_UNIT ( * ) PLANE_ANGLE_UNIT ( ) SI_UNIT ( $, .RADIAN. ) );
#1414 = ORIENTED_EDGE ( 'NONE', *, *, #4622, .F. ) ;
#1415 = ORIENTED_EDGE ( 'NONE', *, *, #4654, .F. ) ;
#1416 = ORIENTED_EDGE ( 'NONE', *, *, #3333, .T. ) ;
#1417 = DIRECTION ( 'NONE',  ( 0.000000000000000000, -1.000000000000000000, 0.000000000000000000 ) ) ;
#1418 = VERTEX_POINT ( 'NONE', #2383 ) ;
#1419 = SURFACE_STYLE_FILL_AREA ( #3092 ) ;
#1420 = VERTEX_POINT ( 'NONE', #4333 ) ;
#1421 = LINE ( 'NONE', #2936, #1516 ) ;
#1422 = FACE_OUTER_BOUND ( 'NONE', #4510, .T. ) ;
#1423 = COLOUR_RGB ( '',1.000000000000000000, 0.6078431372549019107, 0.000000000000000000 ) ;
#1424 = PRESENTATION_STYLE_ASSIGNMENT (( #1790 ) ) ;
#1425 = LINE ( 'NONE', #2217, #137 ) ;
#1426 = MECHANICAL_DESIGN_GEOMETRIC_PRESENTATION_REPRESENTATION (  '', ( #101 ), #4266 ) ;
#1427 = ORIENTED_EDGE ( 'NONE', *, *, #2377, .T. ) ;
#1428 = AXIS2_PLACEMENT_3D ( 'NONE', #210, #1454, #3044 ) ;
#1429 = EDGE_CURVE ( 'NONE', #2667, #2483, #370, .T. ) ;
#1430 = DIRECTION ( 'NONE',  ( 1.000000000000000000, 0.000000000000000000, 0.000000000000000000 ) ) ;
#1431 = CARTESIAN_POINT ( 'NONE',  ( -11.70000678421900098, -31.00001606249999497, 2.540000000000000036 ) ) ;
#1432 =( NAMED_UNIT ( * ) SI_UNIT ( $, .STERADIAN. ) SOLID_ANGLE_UNIT ( ) );
#1433 = COLOUR_RGB ( '',1.000000000000000000, 1.000000000000000000, 1.000000000000000000 ) ;
#1434 =( LENGTH_UNIT ( ) NAMED_UNIT ( * ) SI_UNIT ( .MILLI., .METRE. ) );
#1435 = MECHANICAL_DESIGN_GEOMETRIC_PRESENTATION_REPRESENTATION (  '', ( #4354 ), #3101 ) ;
#1436 = VERTEX_POINT ( 'NONE', #2795 ) ;
#1437 = FILL_AREA_STYLE_COLOUR ( '', #557 ) ;
#1438 = AXIS2_PLACEMENT_3D ( 'NONE', #3183, #4309, #3517 ) ;
#1439 = PRESENTATION_LAYER_ASSIGNMENT (  '', '', ( #2187 ) ) ;
#1440 = EDGE_CURVE ( 'NONE', #4846, #598, #3062, .T. ) ;
#1441 = DIRECTION ( 'NONE',  ( 0.000000000000000000, 0.000000000000000000, 1.000000000000000000 ) ) ;
#1442 = ORIENTED_EDGE ( 'NONE', *, *, #3688, .T. ) ;
#1443 = ORIENTED_EDGE ( 'NONE', *, *, #2400, .T. ) ;
#1444 = ORIENTED_EDGE ( 'NONE', *, *, #5037, .T. ) ;
#1445 = PRESENTATION_LAYER_ASSIGNMENT (  '', '', ( #4288 ) ) ;
#1446 =( NAMED_UNIT ( * ) PLANE_ANGLE_UNIT ( ) SI_UNIT ( $, .RADIAN. ) );
#1447 = DIRECTION ( 'NONE',  ( 0.000000000000000000, 0.000000000000000000, 1.000000000000000000 ) ) ;
#1448 = VERTEX_POINT ( 'NONE', #4738 ) ;
#1449 = VECTOR ( 'NONE', #3961, 1000.000000000000000 ) ;
#1450 = DIRECTION ( 'NONE',  ( 0.000000000000000000, 1.000000000000000000, 0.000000000000000000 ) ) ;
#1451 = ORIENTED_EDGE ( 'NONE', *, *, #255, .T. ) ;
#1452 = LINE ( 'NONE', #1395, #4180 ) ;
#1453 = DIRECTION ( 'NONE',  ( 0.000000000000000000, 0.000000000000000000, -1.000000000000000000 ) ) ;
#1454 = DIRECTION ( 'NONE',  ( -0.9238826834630523566, 0.3826758252060216137, 0.000000000000000000 ) ) ;
#1455 = SURFACE_STYLE_USAGE ( .BOTH. , #1401 ) ;
#1456 =( NAMED_UNIT ( * ) PLANE_ANGLE_UNIT ( ) SI_UNIT ( $, .RADIAN. ) );
#1457 = VERTEX_POINT ( 'NONE', #2821 ) ;
#1458 = SURFACE_SIDE_STYLE ('',( #2601 ) ) ;
#1459 = PRESENTATION_STYLE_ASSIGNMENT (( #2328 ) ) ;
#1460 =( NAMED_UNIT ( * ) PLANE_ANGLE_UNIT ( ) SI_UNIT ( $, .RADIAN. ) );
#1461 = SURFACE_STYLE_FILL_AREA ( #3443 ) ;
#1462 = CARTESIAN_POINT ( 'NONE',  ( -24.49884083601000029, 41.50115916398699767, -2.017369599999999874 ) ) ;
#1463 = ORIENTED_EDGE ( 'NONE', *, *, #2013, .F. ) ;
#1464 = CARTESIAN_POINT ( 'NONE',  ( -9.021807453828001755, -27.99999553195000246, 1.499998807906999909 ) ) ;
#1465 = ADVANCED_FACE ( 'NONE', ( #3620 ), #816, .F. ) ;
#1466 = FILL_AREA_STYLE_COLOUR ( '', #2219 ) ;
#1467 =( NAMED_UNIT ( * ) SI_UNIT ( $, .STERADIAN. ) SOLID_ANGLE_UNIT ( ) );
#1468 = EDGE_CURVE ( 'NONE', #4173, #562, #4060, .T. ) ;
#1469 = PRESENTATION_LAYER_ASSIGNMENT (  '', '', ( #2309 ) ) ;
#1470 = VECTOR ( 'NONE', #394, 1000.000000000000000 ) ;
#1471 = ORIENTED_EDGE ( 'NONE', *, *, #2743, .T. ) ;
#1472 = DIRECTION ( 'NONE',  ( -0.000000000000000000, 1.000000000000000000, 0.000000000000000000 ) ) ;
#1473 = ADVANCED_FACE ( 'NONE', ( #2127 ), #2938, .F. ) ;
#1474 = VERTEX_POINT ( 'NONE', #907 ) ;
#1475 = ORIENTED_EDGE ( 'NONE', *, *, #1121, .T. ) ;
#1476 = MECHANICAL_DESIGN_GEOMETRIC_PRESENTATION_REPRESENTATION (  '', ( #4716 ), #5138 ) ;
#1477 = LINE ( 'NONE', #1964, #489 ) ;
#1478 = PLANE ( 'NONE',  #1991 ) ;
#1479 = ORIENTED_EDGE ( 'NONE', *, *, #4746, .T. ) ;
#1480 = ORIENTED_EDGE ( 'NONE', *, *, #4315, .T. ) ;
#1481 = FACE_OUTER_BOUND ( 'NONE', #281, .T. ) ;
#1482 = FILL_AREA_STYLE ('',( #2569 ) ) ;
#1483 = DIRECTION ( 'NONE',  ( 1.000000000000000000, 0.000000000000000000, 0.000000000000000000 ) ) ;
#1484 = CARTESIAN_POINT ( 'NONE',  ( -5.000007994549154233, -30.30001473283011748, -3.517367124556999958 ) ) ;
#1485 = FILL_AREA_STYLE_COLOUR ( '', #731 ) ;
#1486 = AXIS2_PLACEMENT_3D ( 'NONE', #2058, #523, #2157 ) ;
#1487 = SURFACE_STYLE_USAGE ( .BOTH. , #2686 ) ;
#1488 = LINE ( 'NONE', #3514, #1698 ) ;
#1489 = CARTESIAN_POINT ( 'NONE',  ( -5.044663064219049531, -30.07552124249999537, -3.517367124556999958 ) ) ;
#1490 = SURFACE_STYLE_FILL_AREA ( #1513 ) ;
#1491 = MECHANICAL_DESIGN_GEOMETRIC_PRESENTATION_REPRESENTATION (  '', ( #4653 ), #3074 ) ;
#1492 = VERTEX_POINT ( 'NONE', #149 ) ;
#1493 =( NAMED_UNIT ( * ) PLANE_ANGLE_UNIT ( ) SI_UNIT ( $, .RADIAN. ) );
#1494 = SURFACE_SIDE_STYLE ('',( #1874 ) ) ;
#1495 = AXIS2_PLACEMENT_3D ( 'NONE', #4727, #2398, #805 ) ;
#1496 = SURFACE_STYLE_FILL_AREA ( #4590 ) ;
#1497 =( NAMED_UNIT ( * ) SI_UNIT ( $, .STERADIAN. ) SOLID_ANGLE_UNIT ( ) );
#1498 =( GEOMETRIC_REPRESENTATION_CONTEXT ( 3 ) GLOBAL_UNCERTAINTY_ASSIGNED_CONTEXT ( ( #4804 ) ) GLOBAL_UNIT_ASSIGNED_CONTEXT ( ( #4823, #892, #1645 ) ) REPRESENTATION_CONTEXT ( 'NONE', 'WORKASPACE' ) );
#1499 = ORIENTED_EDGE ( 'NONE', *, *, #2128, .F. ) ;
#1500 =( LENGTH_UNIT ( ) NAMED_UNIT ( * ) SI_UNIT ( .MILLI., .METRE. ) );
#1501 = DIRECTION ( 'NONE',  ( 0.000000000000000000, 1.000000000000000000, 0.000000000000000000 ) ) ;
#1502 = EDGE_LOOP ( 'NONE', ( #4729, #4749, #1133, #2672 ) ) ;
#1503 = ADVANCED_FACE ( 'NONE', ( #1735 ), #2843, .T. ) ;
#1504 = SURFACE_STYLE_FILL_AREA ( #2701 ) ;
#1505 = VECTOR ( 'NONE', #1714, 1000.000000000000000 ) ;
#1506 = ORIENTED_EDGE ( 'NONE', *, *, #2460, .T. ) ;
#1507 = FACE_OUTER_BOUND ( 'NONE', #4336, .T. ) ;
#1508 = EDGE_CURVE ( 'NONE', #2975, #1623, #859, .T. ) ;
#1509 = FILL_AREA_STYLE_COLOUR ( '', #3934 ) ;
#1510 = CARTESIAN_POINT ( 'NONE',  ( -18.89999999999999858, 32.39999999999999858, -2.017369599999999874 ) ) ;
#1511 =( LENGTH_UNIT ( ) NAMED_UNIT ( * ) SI_UNIT ( .MILLI., .METRE. ) );
#1512 =( NAMED_UNIT ( * ) PLANE_ANGLE_UNIT ( ) SI_UNIT ( $, .RADIAN. ) );
#1513 = FILL_AREA_STYLE ('',( #3156 ) ) ;
#1514 = ORIENTED_EDGE ( 'NONE', *, *, #2517, .T. ) ;
#1515 = CARTESIAN_POINT ( 'NONE',  ( 24.50000000000000000, 43.00000000000000000, -2.017369599999999874 ) ) ;
#1516 = VECTOR ( 'NONE', #1808, 1000.000000000000227 ) ;
#1517 = UNCERTAINTY_MEASURE_WITH_UNIT (LENGTH_MEASURE( 1.000000000000000082E-05 ), #1511, 'distance_accuracy_value', 'NONE');
#1518 = SURFACE_SIDE_STYLE ('',( #4287 ) ) ;
#1519 = FILL_AREA_STYLE ('',( #2388 ) ) ;
#1520 = FILL_AREA_STYLE_COLOUR ( '', #118 ) ;
#1521 = COLOUR_RGB ( '',0.000000000000000000, 0.5019607843137254832, 0.000000000000000000 ) ;
#1522 =( GEOMETRIC_REPRESENTATION_CONTEXT ( 3 ) GLOBAL_UNCERTAINTY_ASSIGNED_CONTEXT ( ( #1255 ) ) GLOBAL_UNIT_ASSIGNED_CONTEXT ( ( #2955, #2983, #2588 ) ) REPRESENTATION_CONTEXT ( 'NONE', 'WORKASPACE' ) );
#1523 = DIRECTION ( 'NONE',  ( 0.000000000000000000, 1.000000000000000000, 0.000000000000000000 ) ) ;
#1524 = ORIENTED_EDGE ( 'NONE', *, *, #4343, .T. ) ;
#1525 =( NAMED_UNIT ( * ) SI_UNIT ( $, .STERADIAN. ) SOLID_ANGLE_UNIT ( ) );
#1526 = VECTOR ( 'NONE', #3434, 1000.000000000000000 ) ;
#1527 = VECTOR ( 'NONE', #3149, 1000.000000000000000 ) ;
#1528 = ORIENTED_EDGE ( 'NONE', *, *, #2076, .F. ) ;
#1529 = DIRECTION ( 'NONE',  ( 0.000000000000000000, 0.000000000000000000, -1.000000000000000000 ) ) ;
#1530 = AXIS2_PLACEMENT_3D ( 'NONE', #915, #1278, #3673 ) ;
#1531 = ORIENTED_EDGE ( 'NONE', *, *, #1595, .T. ) ;
#1532 = EDGE_CURVE ( 'NONE', #1968, #3159, #1807, .T. ) ;
#1533 =( GEOMETRIC_REPRESENTATION_CONTEXT ( 3 ) GLOBAL_UNCERTAINTY_ASSIGNED_CONTEXT ( ( #2768 ) ) GLOBAL_UNIT_ASSIGNED_CONTEXT ( ( #4538, #1770, #3356 ) ) REPRESENTATION_CONTEXT ( 'NONE', 'WORKASPACE' ) );
#1534 = SURFACE_STYLE_FILL_AREA ( #2676 ) ;
#1535 = CARTESIAN_POINT ( 'NONE',  ( 12.69999267578099911, -6.600016602499999330, 2.540000000000000036 ) ) ;
#1536 = FACE_OUTER_BOUND ( 'NONE', #4534, .T. ) ;
#1537 = EDGE_CURVE ( 'NONE', #4291, #2540, #1288, .T. ) ;
#1538 = DIRECTION ( 'NONE',  ( 0.000000000000000000, 0.000000000000000000, -1.000000000000000000 ) ) ;
#1539 = CIRCLE ( 'NONE', #2036, 1.300000000000000044 ) ;
#1540 = CARTESIAN_POINT ( 'NONE',  ( -14.69999999999999929, -38.50000000000000000, -2.017369599999999874 ) ) ;
#1541 = FILL_AREA_STYLE ('',( #3209 ) ) ;
#1542 = ORIENTED_EDGE ( 'NONE', *, *, #3019, .T. ) ;
#1543 =( GEOMETRIC_REPRESENTATION_CONTEXT ( 3 ) GLOBAL_UNCERTAINTY_ASSIGNED_CONTEXT ( ( #1822 ) ) GLOBAL_UNIT_ASSIGNED_CONTEXT ( ( #1091, #4630, #3095 ) ) REPRESENTATION_CONTEXT ( 'NONE', 'WORKASPACE' ) );
#1544 = FILL_AREA_STYLE_COLOUR ( '', #3546 ) ;
#1545 = CARTESIAN_POINT ( 'NONE',  ( -8.501159163987001222, -10.49884083601000029, -2.017369599999999874 ) ) ;
#1546 = SURFACE_SIDE_STYLE ('',( #5118 ) ) ;
#1547 = ORIENTED_EDGE ( 'NONE', *, *, #2682, .T. ) ;
#1548 = DIRECTION ( 'NONE',  ( 1.000000000000000000, 0.000000000000000000, 0.000000000000000000 ) ) ;
#1549 = ORIENTED_EDGE ( 'NONE', *, *, #1814, .T. ) ;
#1550 = FACE_BOUND ( 'NONE', #1988, .T. ) ;
#1551 = VECTOR ( 'NONE', #2573, 999.9999999999998863 ) ;
#1552 = SURFACE_STYLE_USAGE ( .BOTH. , #1944 ) ;
#1553 = ORIENTED_EDGE ( 'NONE', *, *, #5, .F. ) ;
#1554 = MECHANICAL_DESIGN_GEOMETRIC_PRESENTATION_REPRESENTATION (  '', ( #4305 ), #3289 ) ;
#1555 = CARTESIAN_POINT ( 'NONE',  ( 10.69999159578100034, -30.00001298249999593, 0.000000000000000000 ) ) ;
#1556 = CARTESIAN_POINT ( 'NONE',  ( -0.1271724242190000187, -30.10969948249999817, -3.517367124556999958 ) ) ;
#1557 = EDGE_CURVE ( 'NONE', #459, #3393, #5020, .T. ) ;
#1558 =( GEOMETRIC_REPRESENTATION_CONTEXT ( 3 ) GLOBAL_UNCERTAINTY_ASSIGNED_CONTEXT ( ( #3925 ) ) GLOBAL_UNIT_ASSIGNED_CONTEXT ( ( #384, #3900, #4783 ) ) REPRESENTATION_CONTEXT ( 'NONE', 'WORKASPACE' ) );
#1559 = LINE ( 'NONE', #3486, #782 ) ;
#1560 = EDGE_CURVE ( 'NONE', #2112, #3878, #3069, .T. ) ;
#1561 = CARTESIAN_POINT ( 'NONE',  ( 0.1271552357809999922, -30.10969948249999817, -3.517367124556999958 ) ) ;
#1562 = STYLED_ITEM ( 'NONE', ( #1185 ), #1063 ) ;
#1563 = CARTESIAN_POINT ( 'NONE',  ( 41.30000000000000426, 40.00000000000000000, -2.017369599999999874 ) ) ;
#1564 = DIRECTION ( 'NONE',  ( 0.000000000000000000, 0.000000000000000000, 1.000000000000000000 ) ) ;
#1565 = EDGE_CURVE ( 'NONE', #3444, #140, #4661, .T. ) ;
#1566 = EDGE_CURVE ( 'NONE', #3504, #4883, #2241, .T. ) ;
#1567 = VECTOR ( 'NONE', #185, 1000.000000000000000 ) ;
#1568 = ORIENTED_EDGE ( 'NONE', *, *, #571, .T. ) ;
#1569 = SURFACE_STYLE_FILL_AREA ( #5087 ) ;
#1570 = UNCERTAINTY_MEASURE_WITH_UNIT (LENGTH_MEASURE( 1.000000000000000082E-05 ), #718, 'distance_accuracy_value', 'NONE');
#1571 = PLANE ( 'NONE',  #3371 ) ;
#1572 = CARTESIAN_POINT ( 'NONE',  ( 14.69999999999999929, -38.50000000000000000, 0.000000000000000000 ) ) ;
#1573 = PLANE ( 'NONE',  #4576 ) ;
#1574 = MECHANICAL_DESIGN_GEOMETRIC_PRESENTATION_REPRESENTATION (  '', ( #1233 ), #1728 ) ;
#1575 =( NAMED_UNIT ( * ) PLANE_ANGLE_UNIT ( ) SI_UNIT ( $, .RADIAN. ) );
#1576 = EDGE_CURVE ( 'NONE', #3677, #781, #3043, .T. ) ;
#1577 = CARTESIAN_POINT ( 'NONE',  ( 39.99890579710099558, -39.99890579710000083, 0.000000000000000000 ) ) ;
#1578 = ORIENTED_EDGE ( 'NONE', *, *, #3567, .T. ) ;
#1579 = PLANE ( 'NONE',  #1272 ) ;
#1580 = UNCERTAINTY_MEASURE_WITH_UNIT (LENGTH_MEASURE( 1.000000000000000082E-05 ), #1325, 'distance_accuracy_value', 'NONE');
#1581 = STYLED_ITEM ( 'NONE', ( #2207 ), #1836 ) ;
#1582 = FILL_AREA_STYLE ('',( #2699 ) ) ;
#1583 = CARTESIAN_POINT ( 'NONE',  ( -5.190324444218999744, -30.17285150249999859, -3.517367124556999958 ) ) ;
#1584 = AXIS2_PLACEMENT_3D ( 'NONE', #4806, #4098, #3264 ) ;
#1585 = ORIENTED_EDGE ( 'NONE', *, *, #1680, .T. ) ;
#1586 =( LENGTH_UNIT ( ) NAMED_UNIT ( * ) SI_UNIT ( .MILLI., .METRE. ) );
#1587 = SURFACE_STYLE_FILL_AREA ( #3536 ) ;
#1588 = DIRECTION ( 'NONE',  ( 0.000000000000000000, 0.000000000000000000, 1.000000000000000000 ) ) ;
#1589 =( LENGTH_UNIT ( ) NAMED_UNIT ( * ) SI_UNIT ( .MILLI., .METRE. ) );
#1590 = CYLINDRICAL_SURFACE ( 'NONE', #5034, 1.300000000000002487 ) ;
#1591 = DIRECTION ( 'NONE',  ( 0.000000000000000000, 0.000000000000000000, 1.000000000000000000 ) ) ;
#1592 = SURFACE_STYLE_FILL_AREA ( #9 ) ;
#1593 = ORIENTED_EDGE ( 'NONE', *, *, #953, .T. ) ;
#1594 = DIRECTION ( 'NONE',  ( 0.000000000000000000, 0.000000000000000000, -1.000000000000000000 ) ) ;
#1595 = EDGE_CURVE ( 'NONE', #1066, #113, #3829, .T. ) ;
#1596 = SURFACE_STYLE_FILL_AREA ( #2337 ) ;
#1597 = VECTOR ( 'NONE', #680, 1000.000000000000227 ) ;
#1598 = ORIENTED_EDGE ( 'NONE', *, *, #2171, .T. ) ;
#1599 = ADVANCED_FACE ( 'NONE', ( #4555 ), #709, .F. ) ;
#1600 = VECTOR ( 'NONE', #4773, 1000.000000000000000 ) ;
#1601 = MECHANICAL_DESIGN_GEOMETRIC_PRESENTATION_REPRESENTATION (  '', ( #356 ), #1522 ) ;
#1602 = CARTESIAN_POINT ( 'NONE',  ( -11.70000678421900098, -7.600014602499998162, 0.000000000000000000 ) ) ;
#1603 = CARTESIAN_POINT ( 'NONE',  ( 0.1903072557809999954, -30.17285150249999859, -3.517367124556999958 ) ) ;
#1604 = SURFACE_STYLE_USAGE ( .BOTH. , #5145 ) ;
#1605 = COLOUR_RGB ( '',0.000000000000000000, 0.5019607843137254832, 0.000000000000000000 ) ;
#1606 =( GEOMETRIC_REPRESENTATION_CONTEXT ( 3 ) GLOBAL_UNCERTAINTY_ASSIGNED_CONTEXT ( ( #4228 ) ) GLOBAL_UNIT_ASSIGNED_CONTEXT ( ( #4406, #3207, #4476 ) ) REPRESENTATION_CONTEXT ( 'NONE', 'WORKASPACE' ) );
#1607 = EDGE_LOOP ( 'NONE', ( #2873, #2982, #5042, #2260 ) ) ;
#1608 = MECHANICAL_DESIGN_GEOMETRIC_PRESENTATION_REPRESENTATION (  '', ( #2935 ), #4428 ) ;
#1609 = FILL_AREA_STYLE_COLOUR ( '', #1160 ) ;
#1610 = CARTESIAN_POINT ( 'NONE',  ( 0.1903072557809999954, -30.17285150249999859, -3.517367124556999958 ) ) ;
#1611 = STYLED_ITEM ( 'NONE', ( #601 ), #4350 ) ;
#1612 = LINE ( 'NONE', #4812, #1470 ) ;
#1613 = VECTOR ( 'NONE', #550, 1000.000000000000000 ) ;
#1614 = CARTESIAN_POINT ( 'NONE',  ( -4.955354124219029543, -30.52450688249999899, -3.517367124556999958 ) ) ;
#1615 = SURFACE_STYLE_USAGE ( .BOTH. , #4666 ) ;
#1616 = VERTEX_POINT ( 'NONE', #3375 ) ;
#1617 = PLANE ( 'NONE',  #2358 ) ;
#1618 = UNCERTAINTY_MEASURE_WITH_UNIT (LENGTH_MEASURE( 1.000000000000000082E-05 ), #12, 'distance_accuracy_value', 'NONE');
#1619 = PLANE ( 'NONE',  #3882 ) ;
#1620 = CARTESIAN_POINT ( 'NONE',  ( -5.224500144218999331, -30.25536086250002654, -3.517367124556999958 ) ) ;
#1621 = PRESENTATION_STYLE_ASSIGNMENT (( #3920 ) ) ;
#1622 = LINE ( 'NONE', #4091, #4853 ) ;
#1623 = VERTEX_POINT ( 'NONE', #3404 ) ;
#1624 = CARTESIAN_POINT ( 'NONE',  ( -18.30000000000000071, -38.50000000000000000, 0.000000000000000000 ) ) ;
#1625 = UNCERTAINTY_MEASURE_WITH_UNIT (LENGTH_MEASURE( 1.000000000000000082E-05 ), #1894, 'distance_accuracy_value', 'NONE');
#1626 = ADVANCED_FACE ( 'NONE', ( #1422 ), #4604, .F. ) ;
#1627 = CARTESIAN_POINT ( 'NONE',  ( -0.2245001442189999974, -30.30001406249999718, -0.01736650455699990936 ) ) ;
#1628 = LINE ( 'NONE', #4028, #2905 ) ;
#1629 = EDGE_CURVE ( 'NONE', #5136, #398, #5103, .T. ) ;
#1630 = EDGE_LOOP ( 'NONE', ( #4395, #2010, #4565, #273 ) ) ;
#1631 = STYLED_ITEM ( 'NONE', ( #2360 ), #196 ) ;
#1632 = CARTESIAN_POINT ( 'NONE',  ( -7.324219029150471591E-06, -19.30001279249995605, 2.000001080000000098 ) ) ;
#1633 = FACE_OUTER_BOUND ( 'NONE', #2934, .T. ) ;
#1634 = VECTOR ( 'NONE', #2054, 1000.000000000000000 ) ;
#1635 = LINE ( 'NONE', #4007, #526 ) ;
#1636 = CARTESIAN_POINT ( 'NONE',  ( 20.00000000000000000, 32.39999999999999858, 0.000000000000000000 ) ) ;
#1637 = VECTOR ( 'NONE', #1324, 1000.000000000000000 ) ;
#1638 = PRESENTATION_STYLE_ASSIGNMENT (( #3686 ) ) ;
#1639 =( NAMED_UNIT ( * ) SI_UNIT ( $, .STERADIAN. ) SOLID_ANGLE_UNIT ( ) );
#1640 = EDGE_LOOP ( 'NONE', ( #4188, #1983, #2412, #2173 ) ) ;
#1641 = CARTESIAN_POINT ( 'NONE',  ( -12.70000732421899947, -32.00001406250000002, 0.000000000000000000 ) ) ;
#1642 = CARTESIAN_POINT ( 'NONE',  ( -5.224500144218999331, -30.30001406249999718, -3.517367124556999958 ) ) ;
#1643 = DIRECTION ( 'NONE',  ( 0.000000000000000000, 1.000000000000000000, 0.000000000000000000 ) ) ;
#1644 = STYLED_ITEM ( 'NONE', ( #2303 ), #1293 ) ;
#1645 =( NAMED_UNIT ( * ) SI_UNIT ( $, .STERADIAN. ) SOLID_ANGLE_UNIT ( ) );
#1646 = ORIENTED_EDGE ( 'NONE', *, *, #4116, .T. ) ;
#1647 = FILL_AREA_STYLE_COLOUR ( '', #4100 ) ;
#1648 = FILL_AREA_STYLE_COLOUR ( '', #2550 ) ;
#1649 = STYLED_ITEM ( 'NONE', ( #2000 ), #1654 ) ;
#1650 = CARTESIAN_POINT ( 'NONE',  ( -10.70000624421900071, -30.00001298249999593, 0.000000000000000000 ) ) ;
#1651 = CYLINDRICAL_SURFACE ( 'NONE', #3315, 1.300000000000000044 ) ;
#1652 = VECTOR ( 'NONE', #810, 1000.000000000000114 ) ;
#1653 = ORIENTED_EDGE ( 'NONE', *, *, #1746, .F. ) ;
#1654 = ADVANCED_FACE ( 'NONE', ( #756 ), #3121, .F. ) ;
#1655 =( GEOMETRIC_REPRESENTATION_CONTEXT ( 3 ) GLOBAL_UNCERTAINTY_ASSIGNED_CONTEXT ( ( #2090 ) ) GLOBAL_UNIT_ASSIGNED_CONTEXT ( ( #3877, #1086, #729 ) ) REPRESENTATION_CONTEXT ( 'NONE', 'WORKASPACE' ) );
#1656 =( NAMED_UNIT ( * ) PLANE_ANGLE_UNIT ( ) SI_UNIT ( $, .RADIAN. ) );
#1657 = CARTESIAN_POINT ( 'NONE',  ( 1.300000000000000044, 2.000000000000000000, -2.017369599999999874 ) ) ;
#1658 = VECTOR ( 'NONE', #798, 999.9999999999998863 ) ;
#1659 = SURFACE_SIDE_STYLE ('',( #3178 ) ) ;
#1660 = EDGE_CURVE ( 'NONE', #2838, #5122, #784, .T. ) ;
#1661 = PRESENTATION_LAYER_ASSIGNMENT (  '', '', ( #2001 ) ) ;
#1662 = FILL_AREA_STYLE ('',( #80 ) ) ;
#1663 =( NAMED_UNIT ( * ) SI_UNIT ( $, .STERADIAN. ) SOLID_ANGLE_UNIT ( ) );
#1664 = FILL_AREA_STYLE_COLOUR ( '', #710 ) ;
#1665 = CARTESIAN_POINT ( 'NONE',  ( -40.00000000000000000, 0.000000000000000000, 0.000000000000000000 ) ) ;
#1666 = ORIENTED_EDGE ( 'NONE', *, *, #1560, .T. ) ;
#1667 = DIRECTION ( 'NONE',  ( 0.000000000000000000, 0.000000000000000000, -1.000000000000000000 ) ) ;
#1668 = CARTESIAN_POINT ( 'NONE',  ( 38.69999999999999574, 40.00000000000000000, -2.017369599999999874 ) ) ;
#1669 = LINE ( 'NONE', #4067, #2943 ) ;
#1670 = VERTEX_POINT ( 'NONE', #3585 ) ;
#1671 = CARTESIAN_POINT ( 'NONE',  ( 14.69999999999999929, -38.50000000000000000, -2.017369599999999874 ) ) ;
#1672 = UNCERTAINTY_MEASURE_WITH_UNIT (LENGTH_MEASURE( 1.000000000000000082E-05 ), #317, 'distance_accuracy_value', 'NONE');
#1673 = FILL_AREA_STYLE ('',( #4073 ) ) ;
#1674 = VERTEX_POINT ( 'NONE', #1969 ) ;
#1675 = PRESENTATION_LAYER_ASSIGNMENT (  '', '', ( #774 ) ) ;
#1676 = FILL_AREA_STYLE ('',( #515 ) ) ;
#1677 = AXIS2_PLACEMENT_3D ( 'NONE', #3071, #3408, #3045 ) ;
#1678 = VECTOR ( 'NONE', #2215, 1000.000000000000000 ) ;
#1679 = SURFACE_STYLE_FILL_AREA ( #2466 ) ;
#1680 = EDGE_CURVE ( 'NONE', #2119, #3787, #1951, .T. ) ;
#1681 = CARTESIAN_POINT ( 'NONE',  ( -5.127172424218999325, -30.10969948249999817, -3.517367124556999958 ) ) ;
#1682 =( NAMED_UNIT ( * ) SI_UNIT ( $, .STERADIAN. ) SOLID_ANGLE_UNIT ( ) );
#1683 = DIRECTION ( 'NONE',  ( -0.000000000000000000, 1.000000000000000000, 0.000000000000000000 ) ) ;
#1684 = DIRECTION ( 'NONE',  ( 1.000000000000000000, 0.000000000000000000, 0.000000000000000000 ) ) ;
#1685 = MECHANICAL_DESIGN_GEOMETRIC_PRESENTATION_REPRESENTATION (  '', ( #3859 ), #534 ) ;
#1686 = EDGE_CURVE ( 'NONE', #2534, #562, #389, .T. ) ;
#1687 = LINE ( 'NONE', #4864, #3186 ) ;
#1688 =( NAMED_UNIT ( * ) SI_UNIT ( $, .STERADIAN. ) SOLID_ANGLE_UNIT ( ) );
#1689 = PRESENTATION_STYLE_ASSIGNMENT (( #3257 ) ) ;
#1690 =( GEOMETRIC_REPRESENTATION_CONTEXT ( 3 ) GLOBAL_UNCERTAINTY_ASSIGNED_CONTEXT ( ( #426 ) ) GLOBAL_UNIT_ASSIGNED_CONTEXT ( ( #722, #1575, #2390 ) ) REPRESENTATION_CONTEXT ( 'NONE', 'WORKASPACE' ) );
#1691 = CARTESIAN_POINT ( 'NONE',  ( -0.04466306421905000268, -30.07552124249999537, -0.01736650455699990936 ) ) ;
#1692 = SURFACE_STYLE_FILL_AREA ( #109 ) ;
#1693 = SURFACE_STYLE_FILL_AREA ( #410 ) ;
#1694 = ORIENTED_EDGE ( 'NONE', *, *, #577, .F. ) ;
#1695 = CIRCLE ( 'NONE', #4608, 1.100000000000000311 ) ;
#1696 = DIRECTION ( 'NONE',  ( -1.000000000000000000, 0.000000000000000000, 0.000000000000000000 ) ) ;
#1697 = CARTESIAN_POINT ( 'NONE',  ( 12.69999267578099911, -6.600016602499999330, 0.000000000000000000 ) ) ;
#1698 = VECTOR ( 'NONE', #5131, 1000.000000000000000 ) ;
#1699 =( NAMED_UNIT ( * ) PLANE_ANGLE_UNIT ( ) SI_UNIT ( $, .RADIAN. ) );
#1700 = ORIENTED_EDGE ( 'NONE', *, *, #813, .F. ) ;
#1701 = FILL_AREA_STYLE ('',( #2052 ) ) ;
#1702 = DIRECTION ( 'NONE',  ( 0.3826758252060215582, 0.9238826834630522455, 0.000000000000000000 ) ) ;
#1703 = ORIENTED_EDGE ( 'NONE', *, *, #900, .F. ) ;
#1704 = ADVANCED_FACE ( 'NONE', ( #25 ), #831, .T. ) ;
#1705 = DIRECTION ( 'NONE',  ( 0.000000000000000000, 0.000000000000000000, 1.000000000000000000 ) ) ;
#1706 = EDGE_CURVE ( 'NONE', #1190, #3458, #3907, .T. ) ;
#1707 = VECTOR ( 'NONE', #787, 999.9999999999998863 ) ;
#1708 = SURFACE_SIDE_STYLE ('',( #4414 ) ) ;
#1709 = CARTESIAN_POINT ( 'NONE',  ( 18.30000000000000071, -43.20000000000000284, -2.017369599999999874 ) ) ;
#1710 = LINE ( 'NONE', #179, #1380 ) ;
#1711 =( LENGTH_UNIT ( ) NAMED_UNIT ( * ) SI_UNIT ( .MILLI., .METRE. ) );
#1712 = VECTOR ( 'NONE', #289, 1000.000000000000000 ) ;
#1713 = EDGE_CURVE ( 'NONE', #3878, #3809, #573, .T. ) ;
#1714 = DIRECTION ( 'NONE',  ( 1.000000000000000000, 0.000000000000000000, 0.000000000000000000 ) ) ;
#1715 = ADVANCED_FACE ( 'NONE', ( #2026 ), #4425, .F. ) ;
#1716 = AXIS2_PLACEMENT_3D ( 'NONE', #2291, #1529, #3846 ) ;
#1717 = MECHANICAL_DESIGN_GEOMETRIC_PRESENTATION_REPRESENTATION (  '', ( #3141 ), #1558 ) ;
#1718 = VERTEX_POINT ( 'NONE', #2121 ) ;
#1719 = CARTESIAN_POINT ( 'NONE',  ( -5.190324444218999744, -30.17285150249999859, -3.517367124556999958 ) ) ;
#1720 = UNCERTAINTY_MEASURE_WITH_UNIT (LENGTH_MEASURE( 1.000000000000000082E-05 ), #3132, 'distance_accuracy_value', 'NONE');
#1721 = DIRECTION ( 'NONE',  ( 0.000000000000000000, -1.000000000000000000, 0.000000000000000000 ) ) ;
#1722 = EDGE_CURVE ( 'NONE', #3628, #1959, #924, .T. ) ;
#1723 = AXIS2_PLACEMENT_3D ( 'NONE', #3245, #804, #4946 ) ;
#1724 = SURFACE_SIDE_STYLE ('',( #876 ) ) ;
#1725 = COLOUR_RGB ( '',0.000000000000000000, 0.5019607843137254832, 0.000000000000000000 ) ;
#1726 = ORIENTED_EDGE ( 'NONE', *, *, #1508, .F. ) ;
#1727 = EDGE_LOOP ( 'NONE', ( #2561, #3428, #1037, #4159 ) ) ;
#1728 =( GEOMETRIC_REPRESENTATION_CONTEXT ( 3 ) GLOBAL_UNCERTAINTY_ASSIGNED_CONTEXT ( ( #4347 ) ) GLOBAL_UNIT_ASSIGNED_CONTEXT ( ( #3348, #2595, #624 ) ) REPRESENTATION_CONTEXT ( 'NONE', 'WORKASPACE' ) );
#1729 =( NAMED_UNIT ( * ) SI_UNIT ( $, .STERADIAN. ) SOLID_ANGLE_UNIT ( ) );
#1730 = DIRECTION ( 'NONE',  ( 0.000000000000000000, 0.000000000000000000, -1.000000000000000000 ) ) ;
#1731 = CARTESIAN_POINT ( 'NONE',  ( 11.69999213578100061, -31.00001352250000153, 2.000001080000000098 ) ) ;
#1732 = COLOUR_RGB ( '',1.000000000000000000, 0.6078431372549019107, 0.000000000000000000 ) ;
#1733 = ORIENTED_EDGE ( 'NONE', *, *, #3187, .T. ) ;
#1734 = FACE_OUTER_BOUND ( 'NONE', #1727, .T. ) ;
#1735 = FACE_OUTER_BOUND ( 'NONE', #3378, .T. ) ;
#1736 = CARTESIAN_POINT ( 'NONE',  ( -4.955354124219029543, -30.52450688249999899, -3.517367124556999958 ) ) ;
#1737 = VECTOR ( 'NONE', #1441, 1000.000000000000000 ) ;
#1738 = ORIENTED_EDGE ( 'NONE', *, *, #3570, .T. ) ;
#1739 = MECHANICAL_DESIGN_GEOMETRIC_PRESENTATION_REPRESENTATION (  '', ( #86 ), #1998 ) ;
#1740 = DIRECTION ( 'NONE',  ( 0.000000000000000000, 0.000000000000000000, -1.000000000000000000 ) ) ;
#1741 = CARTESIAN_POINT ( 'NONE',  ( -41.30000000000000426, 40.00000000000000000, -2.017369599999999874 ) ) ;
#1742 = FILL_AREA_STYLE ('',( #160 ) ) ;
#1743 = AXIS2_PLACEMENT_3D ( 'NONE', #1768, #2577, #1430 ) ;
#1744 = ORIENTED_EDGE ( 'NONE', *, *, #646, .T. ) ;
#1745 = SURFACE_STYLE_FILL_AREA ( #2089 ) ;
#1746 = EDGE_CURVE ( 'NONE', #538, #3965, #904, .T. ) ;
#1747 = SURFACE_STYLE_USAGE ( .BOTH. , #3724 ) ;
#1748 = FILL_AREA_STYLE_COLOUR ( '', #3291 ) ;
#1749 =( NAMED_UNIT ( * ) SI_UNIT ( $, .STERADIAN. ) SOLID_ANGLE_UNIT ( ) );
#1750 = ORIENTED_EDGE ( 'NONE', *, *, #4178, .F. ) ;
#1751 = ADVANCED_FACE ( 'NONE', ( #2512, #4107 ), #4906, .T. ) ;
#1752 = VERTEX_POINT ( 'NONE', #1331 ) ;
#1753 = ORIENTED_EDGE ( 'NONE', *, *, #272, .F. ) ;
#1754 = CARTESIAN_POINT ( 'NONE',  ( -10.00000000000000000, -27.50000000000000000, 0.000000000000000000 ) ) ;
#1755 = PRESENTATION_STYLE_ASSIGNMENT (( #564 ) ) ;
#1756 = STYLED_ITEM ( 'NONE', ( #2556 ), #3501 ) ;
#1757 = DIRECTION ( 'NONE',  ( 0.000000000000000000, -1.000000000000000000, 0.000000000000000000 ) ) ;
#1758 = EDGE_LOOP ( 'NONE', ( #5113, #3636 ) ) ;
#1759 = DIRECTION ( 'NONE',  ( 0.000000000000000000, 0.000000000000000000, 1.000000000000000000 ) ) ;
#1760 = EDGE_LOOP ( 'NONE', ( #3876, #1806, #3572, #4999 ) ) ;
#1761 = VECTOR ( 'NONE', #2890, 1000.000000000000000 ) ;
#1762 = MECHANICAL_DESIGN_GEOMETRIC_PRESENTATION_REPRESENTATION (  '', ( #780 ), #5007 ) ;
#1763 = CARTESIAN_POINT ( 'NONE',  ( -40.00000000000000000, 40.00000000000000000, 0.000000000000000000 ) ) ;
#1764 = DIRECTION ( 'NONE',  ( 0.000000000000000000, 0.000000000000000000, 1.000000000000000000 ) ) ;
#1765 = LINE ( 'NONE', #2216, #1848 ) ;
#1766 = MECHANICAL_DESIGN_GEOMETRIC_PRESENTATION_REPRESENTATION (  '', ( #1188 ), #3266 ) ;
#1767 = VERTEX_POINT ( 'NONE', #4810 ) ;
#1768 = CARTESIAN_POINT ( 'NONE',  ( -40.00000000000000000, 40.00000000000000000, -2.017369599999999874 ) ) ;
#1769 = CARTESIAN_POINT ( 'NONE',  ( 24.50000000000000000, 43.00000000000000000, 0.000000000000000000 ) ) ;
#1770 =( NAMED_UNIT ( * ) PLANE_ANGLE_UNIT ( ) SI_UNIT ( $, .RADIAN. ) );
#1771 = CYLINDRICAL_SURFACE ( 'NONE', #110, 1.498841284246002159 ) ;
#1772 = ORIENTED_EDGE ( 'NONE', *, *, #2377, .F. ) ;
#1773 = DIRECTION ( 'NONE',  ( -0.3827001010250414281, -0.9238726279500996119, 0.000000000000000000 ) ) ;
#1774 = UNCERTAINTY_MEASURE_WITH_UNIT (LENGTH_MEASURE( 1.000000000000000082E-05 ), #4777, 'distance_accuracy_value', 'NONE');
#1775 = PLANE ( 'NONE',  #2974 ) ;
#1776 = AXIS2_PLACEMENT_3D ( 'NONE', #965, #1406, #3806 ) ;
#1777 = DIRECTION ( 'NONE',  ( -0.9999997009467437303, 0.0007733734047231480583, 0.000000000000000000 ) ) ;
#1778 = MECHANICAL_DESIGN_GEOMETRIC_PRESENTATION_REPRESENTATION (  '', ( #2290 ), #1690 ) ;
#1779 = CARTESIAN_POINT ( 'NONE',  ( -4.872844764218999813, -30.10969948249999817, -3.517367124556999958 ) ) ;
#1780 = EDGE_CURVE ( 'NONE', #598, #967, #2928, .T. ) ;
#1781 = VERTEX_POINT ( 'NONE', #2862 ) ;
#1782 = VERTEX_POINT ( 'NONE', #1039 ) ;
#1783 = AXIS2_PLACEMENT_3D ( 'NONE', #3914, #1923, #761 ) ;
#1784 = EDGE_CURVE ( 'NONE', #4527, #335, #2, .T. ) ;
#1785 = AXIS2_PLACEMENT_3D ( 'NONE', #1788, #1809, #2214 ) ;
#1786 = ORIENTED_EDGE ( 'NONE', *, *, #606, .T. ) ;
#1787 = DIRECTION ( 'NONE',  ( 0.000000000000000000, 0.000000000000000000, -1.000000000000000000 ) ) ;
#1788 = CARTESIAN_POINT ( 'NONE',  ( -24.49884083601000029, 41.50115916398699767, 0.000000000000000000 ) ) ;
#1789 = FILL_AREA_STYLE_COLOUR ( '', #5146 ) ;
#1790 = SURFACE_STYLE_USAGE ( .BOTH. , #3376 ) ;
#1791 = CARTESIAN_POINT ( 'NONE',  ( -5.224500144218999331, -30.25536086250002654, -3.517367124556999958 ) ) ;
#1792 = ORIENTED_EDGE ( 'NONE', *, *, #955, .T. ) ;
#1793 =( GEOMETRIC_REPRESENTATION_CONTEXT ( 3 ) GLOBAL_UNCERTAINTY_ASSIGNED_CONTEXT ( ( #1207 ) ) GLOBAL_UNIT_ASSIGNED_CONTEXT ( ( #4865, #2891, #2499 ) ) REPRESENTATION_CONTEXT ( 'NONE', 'WORKASPACE' ) );
#1794 = SURFACE_STYLE_USAGE ( .BOTH. , #2250 ) ;
#1795 = ORIENTED_EDGE ( 'NONE', *, *, #5069, .T. ) ;
#1796 = DIRECTION ( 'NONE',  ( 1.000000000000000000, 0.000000000000000000, 0.000000000000000000 ) ) ;
#1797 = FACE_BOUND ( 'NONE', #4627, .T. ) ;
#1798 = LINE ( 'NONE', #3840, #556 ) ;
#1799 = LINE ( 'NONE', #1779, #1737 ) ;
#1800 = ORIENTED_EDGE ( 'NONE', *, *, #4659, .F. ) ;
#1801 = VERTEX_POINT ( 'NONE', #4242 ) ;
#1802 = DIRECTION ( 'NONE',  ( 0.000000000000000000, 0.000000000000000000, 1.000000000000000000 ) ) ;
#1803 = VERTEX_POINT ( 'NONE', #3425 ) ;
#1804 = EDGE_CURVE ( 'NONE', #593, #1171, #2150, .T. ) ;
#1805 = CARTESIAN_POINT ( 'NONE',  ( 23.00000000000000000, 40.00000000000000000, -2.017369599999999874 ) ) ;
#1806 = ORIENTED_EDGE ( 'NONE', *, *, #2455, .T. ) ;
#1807 = CIRCLE ( 'NONE', #2562, 1.498841284246002159 ) ;
#1808 = DIRECTION ( 'NONE',  ( -0.3826758252060215582, 0.9238826834630522455, 0.000000000000000000 ) ) ;
#1809 = DIRECTION ( 'NONE',  ( 0.000000000000000000, 0.000000000000000000, -1.000000000000000000 ) ) ;
#1810 = CARTESIAN_POINT ( 'NONE',  ( -10.00000000000000000, -27.50000000000000000, -2.017369599999999874 ) ) ;
#1811 = LINE ( 'NONE', #655, #4920 ) ;
#1812 = COLOUR_RGB ( '',0.6980392156862744724, 0.6745098039215686736, 0.6901960784313725394 ) ;
#1813 = LINE ( 'NONE', #625, #1260 ) ;
#1814 = EDGE_CURVE ( 'NONE', #3283, #279, #617, .T. ) ;
#1815 = DIRECTION ( 'NONE',  ( -0.0003646012926752482280, -0.9999999335329464722, 0.000000000000000000 ) ) ;
#1816 = EDGE_LOOP ( 'NONE', ( #1842, #1479, #1365, #3422 ) ) ;
#1817 = FILL_AREA_STYLE ('',( #3412 ) ) ;
#1818 = AXIS2_PLACEMENT_3D ( 'NONE', #1114, #1915, #21 ) ;
#1819 = DIRECTION ( 'NONE',  ( 0.000000000000000000, 0.000000000000000000, 1.000000000000000000 ) ) ;
#1820 = CARTESIAN_POINT ( 'NONE',  ( -5.190324444218999744, -30.42717916249999988, -3.517367124556999958 ) ) ;
#1821 = ORIENTED_EDGE ( 'NONE', *, *, #4926, .T. ) ;
#1822 = UNCERTAINTY_MEASURE_WITH_UNIT (LENGTH_MEASURE( 1.000000000000000082E-05 ), #1091, 'distance_accuracy_value', 'NONE');
#1823 = PRESENTATION_LAYER_ASSIGNMENT (  '', '', ( #1318 ) ) ;
#1824 = CARTESIAN_POINT ( 'NONE',  ( 43.00000000000000000, 40.00000000000000000, -2.017369599999999874 ) ) ;
#1825 = COLOUR_RGB ( '',1.000000000000000000, 1.000000000000000000, 1.000000000000000000 ) ;
#1826 = FILL_AREA_STYLE_COLOUR ( '', #3913 ) ;
#1827 = ORIENTED_EDGE ( 'NONE', *, *, #917, .F. ) ;
#1828 = ORIENTED_EDGE ( 'NONE', *, *, #3281, .T. ) ;
#1829 = ORIENTED_EDGE ( 'NONE', *, *, #3407, .T. ) ;
#1830 = DIRECTION ( 'NONE',  ( 1.000000000000000000, 0.000000000000000000, 0.000000000000000000 ) ) ;
#1831 = ORIENTED_EDGE ( 'NONE', *, *, #2239, .T. ) ;
#1832 = CYLINDRICAL_SURFACE ( 'NONE', #4801, 1.300000000000002487 ) ;
#1833 = ORIENTED_EDGE ( 'NONE', *, *, #2239, .F. ) ;
#1834 = LINE ( 'NONE', #2267, #1261 ) ;
#1835 =( NAMED_UNIT ( * ) SI_UNIT ( $, .STERADIAN. ) SOLID_ANGLE_UNIT ( ) );
#1836 = ADVANCED_FACE ( 'NONE', ( #4960 ), #1478, .F. ) ;
#1837 =( NAMED_UNIT ( * ) PLANE_ANGLE_UNIT ( ) SI_UNIT ( $, .RADIAN. ) );
#1838 = EDGE_CURVE ( 'NONE', #59, #1457, #414, .T. ) ;
#1839 = FILL_AREA_STYLE_COLOUR ( '', #1433 ) ;
#1840 = DIRECTION ( 'NONE',  ( 0.000000000000000000, 0.000000000000000000, -1.000000000000000000 ) ) ;
#1841 =( GEOMETRIC_REPRESENTATION_CONTEXT ( 3 ) GLOBAL_UNCERTAINTY_ASSIGNED_CONTEXT ( ( #218 ) ) GLOBAL_UNIT_ASSIGNED_CONTEXT ( ( #1072, #2197, #4257 ) ) REPRESENTATION_CONTEXT ( 'NONE', 'WORKASPACE' ) );
#1842 = ORIENTED_EDGE ( 'NONE', *, *, #2582, .T. ) ;
#1843 = AXIS2_PLACEMENT_3D ( 'NONE', #4830, #1307, #4080 ) ;
#1844 = LINE ( 'NONE', #2760, #3685 ) ;
#1845 = DIRECTION ( 'NONE',  ( -0.9238826834630523566, -0.3826758252060216137, 0.000000000000000000 ) ) ;
#1846 = EDGE_CURVE ( 'NONE', #1959, #3306, #2537, .T. ) ;
#1847 = FILL_AREA_STYLE_COLOUR ( '', #1857 ) ;
#1848 = VECTOR ( 'NONE', #4997, 1000.000000000000000 ) ;
#1849 = VECTOR ( 'NONE', #1757, 1000.000000000000000 ) ;
#1850 = ORIENTED_EDGE ( 'NONE', *, *, #4110, .F. ) ;
#1851 = DIRECTION ( 'NONE',  ( 0.000000000000000000, 1.000000000000000000, 0.000000000000000000 ) ) ;
#1852 = CARTESIAN_POINT ( 'NONE',  ( 40.00000000000000000, 0.000000000000000000, -2.017369599999999874 ) ) ;
#1853 = PRESENTATION_STYLE_ASSIGNMENT (( #1029 ) ) ;
#1854 = DIRECTION ( 'NONE',  ( 0.000000000000000000, 0.000000000000000000, 1.000000000000000000 ) ) ;
#1855 = ORIENTED_EDGE ( 'NONE', *, *, #900, .T. ) ;
#1856 = SURFACE_STYLE_FILL_AREA ( #591 ) ;
#1857 = COLOUR_RGB ( '',1.000000000000000000, 0.6078431372549019107, 0.000000000000000000 ) ;
#1858 = EDGE_LOOP ( 'NONE', ( #1006, #4650, #11, #4256, #1578, #1506, #587, #4213, #3468, #3287, #51, #3874, #1008, #4290, #4829, #1942, #3903, #167, #1378, #2952, #2697, #3139, #2969, #2181 ) ) ;
#1859 =( GEOMETRIC_REPRESENTATION_CONTEXT ( 3 ) GLOBAL_UNCERTAINTY_ASSIGNED_CONTEXT ( ( #1052 ) ) GLOBAL_UNIT_ASSIGNED_CONTEXT ( ( #2111, #1229, #4199 ) ) REPRESENTATION_CONTEXT ( 'NONE', 'WORKASPACE' ) );
#1860 = FACE_BOUND ( 'NONE', #404, .T. ) ;
#1861 = ORIENTED_EDGE ( 'NONE', *, *, #2071, .F. ) ;
#1862 = MECHANICAL_DESIGN_GEOMETRIC_PRESENTATION_REPRESENTATION (  '', ( #537 ), #2297 ) ;
#1863 = CARTESIAN_POINT ( 'NONE',  ( -41.30000000000000426, 40.00000000000000000, 0.000000000000000000 ) ) ;
#1864 = ORIENTED_EDGE ( 'NONE', *, *, #712, .T. ) ;
#1865 = DIRECTION ( 'NONE',  ( 0.000000000000000000, 0.000000000000000000, 1.000000000000000000 ) ) ;
#1866 = PRODUCT_DEFINITION_FORMATION_WITH_SPECIFIED_SOURCE ( 'Symmetric', '', #369, .NOT_KNOWN. ) ;
#1867 = DIRECTION ( 'NONE',  ( 0.000000000000000000, 0.000000000000000000, 1.000000000000000000 ) ) ;
#1868 = PLANE ( 'NONE',  #3851 ) ;
#1869 =( NAMED_UNIT ( * ) SI_UNIT ( $, .STERADIAN. ) SOLID_ANGLE_UNIT ( ) );
#1870 = CYLINDRICAL_SURFACE ( 'NONE', #2611, 1.300000000000002487 ) ;
#1871 = FILL_AREA_STYLE_COLOUR ( '', #779 ) ;
#1872 = ORIENTED_EDGE ( 'NONE', *, *, #2903, .T. ) ;
#1873 = CARTESIAN_POINT ( 'NONE',  ( 8.977176106171999237, -9.999995971950001561, 1.499998807906999909 ) ) ;
#1874 = SURFACE_STYLE_FILL_AREA ( #1519 ) ;
#1875 = EDGE_CURVE ( 'NONE', #3006, #1418, #3822, .T. ) ;
#1876 = MECHANICAL_DESIGN_GEOMETRIC_PRESENTATION_REPRESENTATION (  '', ( #639 ), #3218 ) ;
#1877 = EDGE_CURVE ( 'NONE', #2648, #1418, #2176, .T. ) ;
#1878 = LINE ( 'NONE', #3473, #3080 ) ;
#1879 = FACE_OUTER_BOUND ( 'NONE', #2251, .T. ) ;
#1880 = COLOUR_RGB ( '',0.000000000000000000, 0.5019607843137254832, 0.000000000000000000 ) ;
#1881 = VERTEX_POINT ( 'NONE', #254 ) ;
#1882 = ORIENTED_EDGE ( 'NONE', *, *, #2171, .F. ) ;
#1883 = EDGE_CURVE ( 'NONE', #3288, #851, #4410, .T. ) ;
#1884 = ORIENTED_EDGE ( 'NONE', *, *, #5075, .T. ) ;
#1885 = AXIS2_PLACEMENT_3D ( 'NONE', #1891, #314, #2649 ) ;
#1886 = MECHANICAL_DESIGN_GEOMETRIC_PRESENTATION_REPRESENTATION (  '', ( #1383 ), #2057 ) ;
#1887 =( NAMED_UNIT ( * ) SI_UNIT ( $, .STERADIAN. ) SOLID_ANGLE_UNIT ( ) );
#1888 = DIRECTION ( 'NONE',  ( 0.000000000000000000, 0.000000000000000000, 1.000000000000000000 ) ) ;
#1889 = COLOUR_RGB ( '',1.000000000000000000, 0.6078431372549019107, 0.000000000000000000 ) ;
#1890 = VERTEX_POINT ( 'NONE', #2263 ) ;
#1891 = CARTESIAN_POINT ( 'NONE',  ( 40.00000000000000000, 40.00000000000000000, -2.017369599999999874 ) ) ;
#1892 = FACE_OUTER_BOUND ( 'NONE', #2492, .T. ) ;
#1893 = CIRCLE ( 'NONE', #2237, 1.100000000000000311 ) ;
#1894 =( LENGTH_UNIT ( ) NAMED_UNIT ( * ) SI_UNIT ( .MILLI., .METRE. ) );
#1895 = LINE ( 'NONE', #785, #1941 ) ;
#1896 = SURFACE_SIDE_STYLE ('',( #3538 ) ) ;
#1897 = SURFACE_SIDE_STYLE ('',( #4685 ) ) ;
#1898 = PRESENTATION_LAYER_ASSIGNMENT (  '', '', ( #3310 ) ) ;
#1899 = PLANE ( 'NONE',  #1783 ) ;
#1900 = FILL_AREA_STYLE ('',( #2249 ) ) ;
#1901 =( GEOMETRIC_REPRESENTATION_CONTEXT ( 3 ) GLOBAL_UNCERTAINTY_ASSIGNED_CONTEXT ( ( #2919 ) ) GLOBAL_UNIT_ASSIGNED_CONTEXT ( ( #1239, #3615, #2425 ) ) REPRESENTATION_CONTEXT ( 'NONE', 'WORKASPACE' ) );
#1902 = CARTESIAN_POINT ( 'NONE',  ( -38.69999999999999574, 0.000000000000000000, 0.000000000000000000 ) ) ;
#1903 = VERTEX_POINT ( 'NONE', #3009 ) ;
#1904 = FILL_AREA_STYLE ('',( #4799 ) ) ;
#1905 = DIRECTION ( 'NONE',  ( 0.000000000000000000, 0.000000000000000000, 1.000000000000000000 ) ) ;
#1906 = CIRCLE ( 'NONE', #1314, 1.498841284246002159 ) ;
#1907 = SURFACE_STYLE_USAGE ( .BOTH. , #3084 ) ;
#1908 = ADVANCED_FACE ( 'NONE', ( #202 ), #5046, .T. ) ;
#1909 = PRESENTATION_LAYER_ASSIGNMENT (  '', '', ( #1084 ) ) ;
#1910 = ORIENTED_EDGE ( 'NONE', *, *, #2265, .F. ) ;
#1911 = ORIENTED_EDGE ( 'NONE', *, *, #3861, .F. ) ;
#1912 = ORIENTED_EDGE ( 'NONE', *, *, #2048, .T. ) ;
#1913 = AXIS2_PLACEMENT_3D ( 'NONE', #4418, #379, #3601 ) ;
#1914 = SURFACE_STYLE_USAGE ( .BOTH. , #336 ) ;
#1915 = DIRECTION ( 'NONE',  ( -0.3826758252060216137, -0.9238826834630523566, 0.000000000000000000 ) ) ;
#1916 = EDGE_CURVE ( 'NONE', #4470, #2776, #3977, .T. ) ;
#1917 = EDGE_LOOP ( 'NONE', ( #213, #4772 ) ) ;
#1918 = SHAPE_DEFINITION_REPRESENTATION ( #2376, #2878 ) ;
#1919 = SURFACE_SIDE_STYLE ('',( #1587 ) ) ;
#1920 = CARTESIAN_POINT ( 'NONE',  ( -38.69999999999999574, -40.00000000000000000, -2.017369599999999874 ) ) ;
#1921 = PRESENTATION_STYLE_ASSIGNMENT (( #3935 ) ) ;
#1922 = CARTESIAN_POINT ( 'NONE',  ( -7.324219028421710702E-06, -18.99999448194992979, 1.599998607906999881 ) ) ;
#1923 = DIRECTION ( 'NONE',  ( -1.000000000000000000, 0.000000000000000000, 0.000000000000000000 ) ) ;
#1924 = CARTESIAN_POINT ( 'NONE',  ( -11.70000678421900098, -7.600014602499998162, 0.000000000000000000 ) ) ;
#1925 = DIRECTION ( 'NONE',  ( 0.000000000000000000, 0.000000000000000000, -1.000000000000000000 ) ) ;
#1926 =( NAMED_UNIT ( * ) SI_UNIT ( $, .STERADIAN. ) SOLID_ANGLE_UNIT ( ) );
#1927 = VERTEX_POINT ( 'NONE', #3144 ) ;
#1928 = CARTESIAN_POINT ( 'NONE',  ( 8.500000000000000000, -29.00000000000000000, -2.017369599999999874 ) ) ;
#1929 = PRESENTATION_LAYER_ASSIGNMENT (  '', '', ( #4179 ) ) ;
#1930 = VECTOR ( 'NONE', #1865, 1000.000000000000000 ) ;
#1931 = UNCERTAINTY_MEASURE_WITH_UNIT (LENGTH_MEASURE( 1.000000000000000082E-05 ), #5004, 'distance_accuracy_value', 'NONE');
#1932 = FILL_AREA_STYLE ('',( #4745 ) ) ;
#1933 = CARTESIAN_POINT ( 'NONE',  ( 10.69999159578100034, -30.00001298249999593, 2.000001080000000098 ) ) ;
#1934 = VECTOR ( 'NONE', #236, 1000.000000000000000 ) ;
#1935 = AXIS2_PLACEMENT_3D ( 'NONE', #2927, #2536, #4209 ) ;
#1936 = DIRECTION ( 'NONE',  ( -0.000000000000000000, 1.000000000000000000, 0.000000000000000000 ) ) ;
#1937 = ORIENTED_EDGE ( 'NONE', *, *, #3249, .T. ) ;
#1938 = UNCERTAINTY_MEASURE_WITH_UNIT (LENGTH_MEASURE( 1.000000000000000082E-05 ), #2711, 'distance_accuracy_value', 'NONE');
#1939 = ORIENTED_EDGE ( 'NONE', *, *, #5127, .F. ) ;
#1940 = PRESENTATION_LAYER_ASSIGNMENT (  '', '', ( #4849 ) ) ;
#1941 = VECTOR ( 'NONE', #2405, 1000.000000000000114 ) ;
#1942 = ORIENTED_EDGE ( 'NONE', *, *, #3682, .T. ) ;
#1943 = EDGE_CURVE ( 'NONE', #3105, #3993, #1138, .T. ) ;
#1944 = SURFACE_SIDE_STYLE ('',( #1693 ) ) ;
#1945 = COLOUR_RGB ( '',1.000000000000000000, 0.6078431372549019107, 0.000000000000000000 ) ;
#1946 = PRESENTATION_STYLE_ASSIGNMENT (( #1604 ) ) ;
#1947 = ORIENTED_EDGE ( 'NONE', *, *, #4211, .F. ) ;
#1948 = EDGE_CURVE ( 'NONE', #3657, #1801, #1967, .T. ) ;
#1949 = EDGE_CURVE ( 'NONE', #3267, #3006, #3555, .T. ) ;
#1950 = DIRECTION ( 'NONE',  ( 0.000000000000000000, 0.000000000000000000, -1.000000000000000000 ) ) ;
#1951 = LINE ( 'NONE', #1556, #2829 ) ;
#1952 = PRESENTATION_LAYER_ASSIGNMENT (  '', '', ( #2290 ) ) ;
#1953 = PLANE ( 'NONE',  #3518 ) ;
#1954 = LINE ( 'NONE', #5051, #926 ) ;
#1955 = CARTESIAN_POINT ( 'NONE',  ( 18.30000000000000071, -38.50000000000000000, -2.017369599999999874 ) ) ;
#1956 = DIRECTION ( 'NONE',  ( 0.000000000000000000, 0.000000000000000000, 1.000000000000000000 ) ) ;
#1957 = DIRECTION ( 'NONE',  ( 0.000000000000000000, 1.000000000000000000, 0.000000000000000000 ) ) ;
#1958 = LINE ( 'NONE', #2763, #2780 ) ;
#1959 = VERTEX_POINT ( 'NONE', #4700 ) ;
#1960 =( NAMED_UNIT ( * ) PLANE_ANGLE_UNIT ( ) SI_UNIT ( $, .RADIAN. ) );
#1961 = DIRECTION ( 'NONE',  ( 0.000000000000000000, 0.000000000000000000, 1.000000000000000000 ) ) ;
#1962 = ORIENTED_EDGE ( 'NONE', *, *, #1182, .T. ) ;
#1963 = FACE_OUTER_BOUND ( 'NONE', #250, .T. ) ;
#1964 = CARTESIAN_POINT ( 'NONE',  ( 0.2244854957809999940, -30.25536086250002654, -0.01736650455699990936 ) ) ;
#1965 = AXIS2_PLACEMENT_3D ( 'NONE', #2468, #4057, #499 ) ;
#1966 = SURFACE_STYLE_USAGE ( .BOTH. , #112 ) ;
#1967 = LINE ( 'NONE', #4352, #3487 ) ;
#1968 = VERTEX_POINT ( 'NONE', #2784 ) ;
#1969 = CARTESIAN_POINT ( 'NONE',  ( -10.70000624421900071, -8.600012602499997882, 0.000000000000000000 ) ) ;
#1970 = VECTOR ( 'NONE', #5066, 1000.000000000000000 ) ;
#1971 = OPEN_SHELL ( 'NONE', ( #3501, #802, #98, #4679, #4494, #2107, #1154, #5135, #2485, #8, #3472, #1503, #298, #94, #1704, #3301, #4145, #4932, #2007, #2335, #2165, #2139, #76, #3630, #3309, #832, #2812, #4102, #919, #3662, #165, #2044, #839, #1031, #4046, #127, #196, #4246, #4874, #2845, #4486, #5002, #1654, #4108, #2436, #1599, #4584, #1465, #2872, #4350, #4754, #422 ) ) ;
#1972 = CARTESIAN_POINT ( 'NONE',  ( -40.00000000000000000, -40.00000000000000000, 0.000000000000000000 ) ) ;
#1973 = ADVANCED_FACE ( 'NONE', ( #5123 ), #4756, .F. ) ;
#1974 = FILL_AREA_STYLE_COLOUR ( '', #2772 ) ;
#1975 = DIRECTION ( 'NONE',  ( 0.000000000000000000, 0.000000000000000000, -1.000000000000000000 ) ) ;
#1976 = AXIS2_PLACEMENT_3D ( 'NONE', #455, #889, #4437 ) ;
#1977 = LINE ( 'NONE', #1563, #4009 ) ;
#1978 = CARTESIAN_POINT ( 'NONE',  ( -12.70000732421899947, -32.00001406250000002, 0.000000000000000000 ) ) ;
#1979 = DIRECTION ( 'NONE',  ( 0.000000000000000000, 0.000000000000000000, 1.000000000000000000 ) ) ;
#1980 = CARTESIAN_POINT ( 'NONE',  ( 40.00000000000000000, -43.00000000000000000, -2.017369599999999874 ) ) ;
#1981 = EDGE_CURVE ( 'NONE', #3088, #4029, #2319, .T. ) ;
#1982 = AXIS2_PLACEMENT_3D ( 'NONE', #1257, #436, #1994 ) ;
#1983 = ORIENTED_EDGE ( 'NONE', *, *, #2539, .T. ) ;
#1984 =( NAMED_UNIT ( * ) PLANE_ANGLE_UNIT ( ) SI_UNIT ( $, .RADIAN. ) );
#1985 = UNCERTAINTY_MEASURE_WITH_UNIT (LENGTH_MEASURE( 1.000000000000000082E-05 ), #3510, 'distance_accuracy_value', 'NONE');
#1986 = CARTESIAN_POINT ( 'NONE',  ( -4.872844764218999813, -30.49033118249999674, -3.517367124556999958 ) ) ;
#1987 = VECTOR ( 'NONE', #4083, 1000.000000000000000 ) ;
#1988 = EDGE_LOOP ( 'NONE', ( #4701, #3769 ) ) ;
#1989 = FILL_AREA_STYLE ('',( #1647 ) ) ;
#1990 = UNCERTAINTY_MEASURE_WITH_UNIT (LENGTH_MEASURE( 1.000000000000000082E-05 ), #4983, 'distance_accuracy_value', 'NONE');
#1991 = AXIS2_PLACEMENT_3D ( 'NONE', #4129, #2646, #950 ) ;
#1992 = LINE ( 'NONE', #3579, #4802 ) ;
#1993 = SURFACE_STYLE_USAGE ( .BOTH. , #2781 ) ;
#1994 = DIRECTION ( 'NONE',  ( 1.000000000000000000, 0.000000000000000000, 0.000000000000000000 ) ) ;
#1995 = DIRECTION ( 'NONE',  ( 1.000000000000000000, 0.000000000000000000, 0.000000000000000000 ) ) ;
#1996 = DIRECTION ( 'NONE',  ( 0.000000000000000000, 1.000000000000000000, 0.000000000000000000 ) ) ;
#1997 = EDGE_LOOP ( 'NONE', ( #4930, #1385, #2060, #1007 ) ) ;
#1998 =( GEOMETRIC_REPRESENTATION_CONTEXT ( 3 ) GLOBAL_UNCERTAINTY_ASSIGNED_CONTEXT ( ( #2557 ) ) GLOBAL_UNIT_ASSIGNED_CONTEXT ( ( #1108, #2744, #1497 ) ) REPRESENTATION_CONTEXT ( 'NONE', 'WORKASPACE' ) );
#1999 = DIRECTION ( 'NONE',  ( 0.000000000000000000, 0.000000000000000000, 1.000000000000000000 ) ) ;
#2000 = PRESENTATION_STYLE_ASSIGNMENT (( #416 ) ) ;
#2001 = STYLED_ITEM ( 'NONE', ( #1621 ), #2431 ) ;
#2002 = CARTESIAN_POINT ( 'NONE',  ( 18.30000000000000071, -43.00000000000000000, -2.017369599999999874 ) ) ;
#2003 =( LENGTH_UNIT ( ) NAMED_UNIT ( * ) SI_UNIT ( .MILLI., .METRE. ) );
#2004 = CARTESIAN_POINT ( 'NONE',  ( 8.500000000000000000, -9.000000000000000000, -2.017369599999999874 ) ) ;
#2005 = FILL_AREA_STYLE_COLOUR ( '', #4202 ) ;
#2006 = CARTESIAN_POINT ( 'NONE',  ( 40.00000000000000000, -40.00000000000000000, 0.000000000000000000 ) ) ;
#2007 = ADVANCED_FACE ( 'NONE', ( #1163 ), #4675, .T. ) ;
#2008 = DIRECTION ( 'NONE',  ( 0.000000000000000000, 0.000000000000000000, -1.000000000000000000 ) ) ;
#2009 = LINE ( 'NONE', #3592, #4769 ) ;
#2010 = ORIENTED_EDGE ( 'NONE', *, *, #4339, .T. ) ;
#2011 = DIRECTION ( 'NONE',  ( 0.000000000000000000, -1.000000000000000000, 0.000000000000000000 ) ) ;
#2012 = FACE_OUTER_BOUND ( 'NONE', #1630, .T. ) ;
#2013 = EDGE_CURVE ( 'NONE', #2423, #381, #3656, .T. ) ;
#2014 = CARTESIAN_POINT ( 'NONE',  ( -0.04466306421905000268, -30.52450688249999899, -3.517367124556999958 ) ) ;
#2015 = VECTOR ( 'NONE', #3041, 1000.000000000000227 ) ;
#2016 = VERTEX_POINT ( 'NONE', #3675 ) ;
#2017 = LINE ( 'NONE', #3169, #365 ) ;
#2018 = CARTESIAN_POINT ( 'NONE',  ( -14.69999999999999929, -38.50000000000000000, 0.000000000000000000 ) ) ;
#2019 = VECTOR ( 'NONE', #2994, 1000.000000000000000 ) ;
#2020 = DIRECTION ( 'NONE',  ( 0.000000000000000000, 0.000000000000000000, 1.000000000000000000 ) ) ;
#2021 = LINE ( 'NONE', #3612, #4 ) ;
#2022 = AXIS2_PLACEMENT_3D ( 'NONE', #5081, #3124, #4705 ) ;
#2023 = ORIENTED_EDGE ( 'NONE', *, *, #750, .F. ) ;
#2024 = PRESENTATION_LAYER_ASSIGNMENT (  '', '', ( #450 ) ) ;
#2025 = PRESENTATION_LAYER_ASSIGNMENT (  '', '', ( #1756 ) ) ;
#2026 = FACE_OUTER_BOUND ( 'NONE', #2238, .T. ) ;
#2027 = CARTESIAN_POINT ( 'NONE',  ( -0.04466306421905000268, -30.52450688249999899, -0.01736650455699990936 ) ) ;
#2028 = DIRECTION ( 'NONE',  ( 0.000000000000000000, 1.000000000000000000, 0.000000000000000000 ) ) ;
#2029 = VECTOR ( 'NONE', #5030, 1000.000000000000000 ) ;
#2030 = SURFACE_STYLE_USAGE ( .BOTH. , #1659 ) ;
#2031 = LINE ( 'NONE', #2329, #3305 ) ;
#2032 = PRESENTATION_STYLE_ASSIGNMENT (( #4013 ) ) ;
#2033 = ORIENTED_EDGE ( 'NONE', *, *, #3226, .F. ) ;
#2034 = CARTESIAN_POINT ( 'NONE',  ( 11.69999213578100061, -31.00001606249999497, 0.000000000000000000 ) ) ;
#2035 = PRESENTATION_STYLE_ASSIGNMENT (( #4017 ) ) ;
#2036 = AXIS2_PLACEMENT_3D ( 'NONE', #2166, #2971, #3413 ) ;
#2037 = DIRECTION ( 'NONE',  ( 0.3826758252060215582, 0.9238826834630522455, 0.000000000000000000 ) ) ;
#2038 = LINE ( 'NONE', #2389, #3580 ) ;
#2039 = CARTESIAN_POINT ( 'NONE',  ( 0.1271552357809999922, -30.10969948249999817, -3.517367124556999958 ) ) ;
#2040 =( GEOMETRIC_REPRESENTATION_CONTEXT ( 3 ) GLOBAL_UNCERTAINTY_ASSIGNED_CONTEXT ( ( #3918 ) ) GLOBAL_UNIT_ASSIGNED_CONTEXT ( ( #956, #3795, #4579 ) ) REPRESENTATION_CONTEXT ( 'NONE', 'WORKASPACE' ) );
#2041 = ORIENTED_EDGE ( 'NONE', *, *, #360, .F. ) ;
#2042 = FILL_AREA_STYLE_COLOUR ( '', #1348 ) ;
#2043 = UNCERTAINTY_MEASURE_WITH_UNIT (LENGTH_MEASURE( 1.000000000000000082E-05 ), #3102, 'distance_accuracy_value', 'NONE');
#2044 = ADVANCED_FACE ( 'NONE', ( #2902 ), #2488, .T. ) ;
#2045 = FILL_AREA_STYLE ('',( #1648 ) ) ;
#2046 =( LENGTH_UNIT ( ) NAMED_UNIT ( * ) SI_UNIT ( .MILLI., .METRE. ) );
#2047 = DIRECTION ( 'NONE',  ( 0.000000000000000000, 1.000000000000000000, 0.000000000000000000 ) ) ;
#2048 = EDGE_CURVE ( 'NONE', #576, #3735, #491, .T. ) ;
#2049 = ORIENTED_EDGE ( 'NONE', *, *, #4971, .F. ) ;
#2050 = COLOUR_RGB ( '',0.000000000000000000, 0.5019607843137254832, 0.000000000000000000 ) ;
#2051 = DIRECTION ( 'NONE',  ( 0.000000000000000000, 0.000000000000000000, -1.000000000000000000 ) ) ;
#2052 = FILL_AREA_STYLE_COLOUR ( '', #2773 ) ;
#2053 = MECHANICAL_DESIGN_GEOMETRIC_PRESENTATION_REPRESENTATION (  '', ( #2467 ), #3701 ) ;
#2054 = DIRECTION ( 'NONE',  ( 0.000000000000000000, -1.000000000000000000, 0.000000000000000000 ) ) ;
#2055 = AXIS2_PLACEMENT_3D ( 'NONE', #1381, #4230, #1411 ) ;
#2056 = FACE_OUTER_BOUND ( 'NONE', #4572, .T. ) ;
#2057 =( GEOMETRIC_REPRESENTATION_CONTEXT ( 3 ) GLOBAL_UNCERTAINTY_ASSIGNED_CONTEXT ( ( #3196 ) ) GLOBAL_UNIT_ASSIGNED_CONTEXT ( ( #969, #3004, #2255 ) ) REPRESENTATION_CONTEXT ( 'NONE', 'WORKASPACE' ) );
#2058 = CARTESIAN_POINT ( 'NONE',  ( -8.500000000000000000, -9.000000000000000000, -2.017369599999999874 ) ) ;
#2059 = CARTESIAN_POINT ( 'NONE',  ( -8.500000000000000000, -9.000000000000000000, -2.017369599999999874 ) ) ;
#2060 = ORIENTED_EDGE ( 'NONE', *, *, #393, .F. ) ;
#2061 = SURFACE_STYLE_USAGE ( .BOTH. , #2521 ) ;
#2062 = CARTESIAN_POINT ( 'NONE',  ( -0.02231567382797157786, -18.99999575194999935, 1.649998507907000089 ) ) ;
#2063 = CIRCLE ( 'NONE', #1976, 1.498841284246000383 ) ;
#2064 = FACE_OUTER_BOUND ( 'NONE', #2586, .T. ) ;
#2065 = FILL_AREA_STYLE_COLOUR ( '', #4420 ) ;
#2066 = DIRECTION ( 'NONE',  ( 0.000000000000000000, 0.000000000000000000, 1.000000000000000000 ) ) ;
#2067 = VERTEX_POINT ( 'NONE', #4492 ) ;
#2068 = LINE ( 'NONE', #1719, #4446 ) ;
#2069 = SURFACE_SIDE_STYLE ('',( #2802 ) ) ;
#2070 = AXIS2_PLACEMENT_3D ( 'NONE', #4162, #3982, #339 ) ;
#2071 = EDGE_CURVE ( 'NONE', #781, #5136, #4828, .T. ) ;
#2072 = DIRECTION ( 'NONE',  ( 0.000000000000000000, 1.000000000000000000, 0.000000000000000000 ) ) ;
#2073 = AXIS2_PLACEMENT_3D ( 'NONE', #1389, #2236, #2984 ) ;
#2074 = VERTEX_POINT ( 'NONE', #437 ) ;
#2075 = COLOUR_RGB ( '',0.000000000000000000, 0.5019607843137254832, 0.000000000000000000 ) ;
#2076 = EDGE_CURVE ( 'NONE', #1418, #2527, #1906, .T. ) ;
#2077 =( LENGTH_UNIT ( ) NAMED_UNIT ( * ) SI_UNIT ( .MILLI., .METRE. ) );
#2078 = DIRECTION ( 'NONE',  ( 0.000000000000000000, 0.000000000000000000, -1.000000000000000000 ) ) ;
#2079 = DIRECTION ( 'NONE',  ( 0.000000000000000000, 0.000000000000000000, 1.000000000000000000 ) ) ;
#2080 = LINE ( 'NONE', #1681, #1707 ) ;
#2081 = DIRECTION ( 'NONE',  ( -0.9999997009467437303, -0.0007733734047231480583, 0.000000000000000000 ) ) ;
#2082 = LINE ( 'NONE', #4115, #33 ) ;
#2083 = CARTESIAN_POINT ( 'NONE',  ( -0.04466306421905000268, -30.07552124249999537, -3.517367124556999958 ) ) ;
#2084 = CARTESIAN_POINT ( 'NONE',  ( -0.04466306421905000268, -30.07552124249999537, -0.01736650455699990936 ) ) ;
#2085 = SURFACE_SIDE_STYLE ('',( #891 ) ) ;
#2086 = CARTESIAN_POINT ( 'NONE',  ( -11.70000678421900098, -31.00001606249999497, 0.000000000000000000 ) ) ;
#2087 = LINE ( 'NONE', #2526, #457 ) ;
#2088 = ORIENTED_EDGE ( 'NONE', *, *, #1237, .F. ) ;
#2089 = FILL_AREA_STYLE ('',( #511 ) ) ;
#2090 = UNCERTAINTY_MEASURE_WITH_UNIT (LENGTH_MEASURE( 1.000000000000000082E-05 ), #3877, 'distance_accuracy_value', 'NONE');
#2091 = DIRECTION ( 'NONE',  ( 0.000000000000000000, -1.000000000000000000, 0.000000000000000000 ) ) ;
#2092 = ORIENTED_EDGE ( 'NONE', *, *, #1440, .T. ) ;
#2093 = EDGE_CURVE ( 'NONE', #1474, #2231, #671, .T. ) ;
#2094 =( NAMED_UNIT ( * ) PLANE_ANGLE_UNIT ( ) SI_UNIT ( $, .RADIAN. ) );
#2095 = AXIS2_PLACEMENT_3D ( 'NONE', #3150, #1122, #4734 ) ;
#2096 = DIRECTION ( 'NONE',  ( 0.0003646012926752482280, 0.9999999335329464722, 0.000000000000000000 ) ) ;
#2097 = VECTOR ( 'NONE', #2816, 1000.000000000000000 ) ;
#2098 =( LENGTH_UNIT ( ) NAMED_UNIT ( * ) SI_UNIT ( .MILLI., .METRE. ) );
#2099 = EDGE_CURVE ( 'NONE', #3898, #4119, #2021, .T. ) ;
#2100 = CARTESIAN_POINT ( 'NONE',  ( -20.00000000000000000, 32.39999999999999858, -2.017369599999999874 ) ) ;
#2101 = EDGE_CURVE ( 'NONE', #4974, #1674, #1628, .T. ) ;
#2102 =( GEOMETRIC_REPRESENTATION_CONTEXT ( 3 ) GLOBAL_UNCERTAINTY_ASSIGNED_CONTEXT ( ( #375 ) ) GLOBAL_UNIT_ASSIGNED_CONTEXT ( ( #3939, #4366, #1926 ) ) REPRESENTATION_CONTEXT ( 'NONE', 'WORKASPACE' ) );
#2103 = MECHANICAL_DESIGN_GEOMETRIC_PRESENTATION_REPRESENTATION (  '', ( #4362 ), #283 ) ;
#2104 = DIRECTION ( 'NONE',  ( 0.9238726279500996119, 0.3827001010250414281, 0.000000000000000000 ) ) ;
#2105 =( GEOMETRIC_REPRESENTATION_CONTEXT ( 3 ) GLOBAL_UNCERTAINTY_ASSIGNED_CONTEXT ( ( #2306 ) ) GLOBAL_UNIT_ASSIGNED_CONTEXT ( ( #3531, #134, #4402 ) ) REPRESENTATION_CONTEXT ( 'NONE', 'WORKASPACE' ) );
#2106 = CARTESIAN_POINT ( 'NONE',  ( -4.955354124219029543, -30.07552124249999537, -0.01736650455699990936 ) ) ;
#2107 = ADVANCED_FACE ( 'NONE', ( #3634 ), #1651, .F. ) ;
#2108 = FILL_AREA_STYLE ('',( #1343 ) ) ;
#2109 = AXIS2_PLACEMENT_3D ( 'NONE', #628, #4223, #1375 ) ;
#2110 = CARTESIAN_POINT ( 'NONE',  ( -8.501159163987001222, -27.50115916397999527, -2.017369599999999874 ) ) ;
#2111 =( LENGTH_UNIT ( ) NAMED_UNIT ( * ) SI_UNIT ( .MILLI., .METRE. ) );
#2112 = VERTEX_POINT ( 'NONE', #4181 ) ;
#2113 = CARTESIAN_POINT ( 'NONE',  ( -38.69999999999999574, 40.00000000000000000, 0.000000000000000000 ) ) ;
#2114 = CIRCLE ( 'NONE', #380, 1.300000000000002487 ) ;
#2115 = CARTESIAN_POINT ( 'NONE',  ( 14.69999999999999929, -38.50000000000000000, -2.017369599999999874 ) ) ;
#2116 = CIRCLE ( 'NONE', #1785, 1.498841284246002159 ) ;
#2117 = DIRECTION ( 'NONE',  ( 0.000000000000000000, 0.000000000000000000, 1.000000000000000000 ) ) ;
#2118 = VERTEX_POINT ( 'NONE', #1054 ) ;
#2119 = VERTEX_POINT ( 'NONE', #220 ) ;
#2120 =( NAMED_UNIT ( * ) SI_UNIT ( $, .STERADIAN. ) SOLID_ANGLE_UNIT ( ) );
#2121 = CARTESIAN_POINT ( 'NONE',  ( 8.977176106171999237, -9.999995971950001561, 1.649998507907000089 ) ) ;
#2122 = CARTESIAN_POINT ( 'NONE',  ( -4.809692744218999394, -30.42717916249999988, -3.517367124556999958 ) ) ;
#2123 = CARTESIAN_POINT ( 'NONE',  ( -12.70000732421899947, -6.600014062499999667, 2.540000000000000036 ) ) ;
#2124 = VECTOR ( 'NONE', #3417, 1000.000000000000000 ) ;
#2125 = ORIENTED_EDGE ( 'NONE', *, *, #4442, .F. ) ;
#2126 = FILL_AREA_STYLE ('',( #4603 ) ) ;
#2127 = FACE_OUTER_BOUND ( 'NONE', #4014, .T. ) ;
#2128 = EDGE_CURVE ( 'NONE', #576, #2118, #3996, .T. ) ;
#2129 = DIRECTION ( 'NONE',  ( 0.000000000000000000, -1.000000000000000000, 0.000000000000000000 ) ) ;
#2130 = AXIS2_PLACEMENT_3D ( 'NONE', #3463, #1840, #5056 ) ;
#2131 = CARTESIAN_POINT ( 'NONE',  ( -41.30000000000000426, -40.00000000000000000, -2.017369599999999874 ) ) ;
#2132 = EDGE_CURVE ( 'NONE', #2741, #4212, #1799, .T. ) ;
#2133 =( LENGTH_UNIT ( ) NAMED_UNIT ( * ) SI_UNIT ( .MILLI., .METRE. ) );
#2134 = CARTESIAN_POINT ( 'NONE',  ( 9.499991455780998351, -9.499994431950002038, 1.599998607906999881 ) ) ;
#2135 = ORIENTED_EDGE ( 'NONE', *, *, #266, .F. ) ;
#2136 = VECTOR ( 'NONE', #2211, 1000.000000000000000 ) ;
#2137 = SURFACE_SIDE_STYLE ('',( #4535 ) ) ;
#2138 =( NAMED_UNIT ( * ) SI_UNIT ( $, .STERADIAN. ) SOLID_ANGLE_UNIT ( ) );
#2139 = ADVANCED_FACE ( 'NONE', ( #195 ), #4514, .T. ) ;
#2140 =( GEOMETRIC_REPRESENTATION_CONTEXT ( 3 ) GLOBAL_UNCERTAINTY_ASSIGNED_CONTEXT ( ( #2724 ) ) GLOBAL_UNIT_ASSIGNED_CONTEXT ( ( #4065, #3599, #2913 ) ) REPRESENTATION_CONTEXT ( 'NONE', 'WORKASPACE' ) );
#2141 = ORIENTED_EDGE ( 'NONE', *, *, #4378, .T. ) ;
#2142 = DIRECTION ( 'NONE',  ( 0.000000000000000000, 0.000000000000000000, 1.000000000000000000 ) ) ;
#2143 = LINE ( 'NONE', #4229, #3640 ) ;
#2144 = AXIS2_PLACEMENT_3D ( 'NONE', #4422, #4047, #4918 ) ;
#2145 = VERTEX_POINT ( 'NONE', #3391 ) ;
#2146 = STYLED_ITEM ( 'NONE', ( #1638 ), #1473 ) ;
#2147 = ORIENTED_EDGE ( 'NONE', *, *, #100, .T. ) ;
#2148 = ORIENTED_EDGE ( 'NONE', *, *, #2481, .T. ) ;
#2149 = SURFACE_SIDE_STYLE ('',( #2235 ) ) ;
#2150 = LINE ( 'NONE', #4626, #2415 ) ;
#2151 = VERTEX_POINT ( 'NONE', #1034 ) ;
#2152 = CARTESIAN_POINT ( 'NONE',  ( -0.2245001442189999974, -30.25536086250002654, -3.517367124556999958 ) ) ;
#2153 = STYLED_ITEM ( 'NONE', ( #5097 ), #2007 ) ;
#2154 = ORIENTED_EDGE ( 'NONE', *, *, #4493, .F. ) ;
#2155 = LINE ( 'NONE', #207, #3756 ) ;
#2156 = CARTESIAN_POINT ( 'NONE',  ( 12.69999267578099911, -32.00001406250000002, 2.540000000000000036 ) ) ;
#2157 = DIRECTION ( 'NONE',  ( 1.000000000000000000, 0.000000000000000000, 0.000000000000000000 ) ) ;
#2158 = STYLED_ITEM ( 'NONE', ( #3783 ), #2335 ) ;
#2159 = LINE ( 'NONE', #2184, #1678 ) ;
#2160 = DIRECTION ( 'NONE',  ( 0.000000000000000000, -1.000000000000000000, 0.000000000000000000 ) ) ;
#2161 = SURFACE_STYLE_USAGE ( .BOTH. , #3690 ) ;
#2162 = ORIENTED_EDGE ( 'NONE', *, *, #3089, .F. ) ;
#2163 = EDGE_CURVE ( 'NONE', #3816, #4470, #637, .T. ) ;
#2164 =( GEOMETRIC_REPRESENTATION_CONTEXT ( 3 ) GLOBAL_UNCERTAINTY_ASSIGNED_CONTEXT ( ( #800 ) ) GLOBAL_UNIT_ASSIGNED_CONTEXT ( ( #962, #3626, #4975 ) ) REPRESENTATION_CONTEXT ( 'NONE', 'WORKASPACE' ) );
#2165 = ADVANCED_FACE ( 'NONE', ( #3815 ), #3419, .T. ) ;
#2166 = CARTESIAN_POINT ( 'NONE',  ( 0.000000000000000000, 2.000000000000000000, -2.017369599999999874 ) ) ;
#2167 = CARTESIAN_POINT ( 'NONE',  ( -14.69999999999999929, -38.50000000000000000, -2.017369599999999874 ) ) ;
#2168 = CARTESIAN_POINT ( 'NONE',  ( 39.99890579710099558, 39.99890579710099558, -2.017369599999999874 ) ) ;
#2169 = VERTEX_POINT ( 'NONE', #4260 ) ;
#2170 = LINE ( 'NONE', #2874, #4278 ) ;
#2171 = EDGE_CURVE ( 'NONE', #2119, #3766, #695, .T. ) ;
#2172 = ORIENTED_EDGE ( 'NONE', *, *, #4659, .T. ) ;
#2173 = ORIENTED_EDGE ( 'NONE', *, *, #1565, .F. ) ;
#2174 = ORIENTED_EDGE ( 'NONE', *, *, #1943, .T. ) ;
#2175 = FILL_AREA_STYLE_COLOUR ( '', #106 ) ;
#2176 = LINE ( 'NONE', #675, #1074 ) ;
#2177 = COLOUR_RGB ( '',0.000000000000000000, 0.5019607843137254832, 0.000000000000000000 ) ;
#2178 = VECTOR ( 'NONE', #2962, 1000.000000000000000 ) ;
#2179 = ORIENTED_EDGE ( 'NONE', *, *, #3955, .T. ) ;
#2180 = SURFACE_STYLE_FILL_AREA ( #927 ) ;
#2181 = ORIENTED_EDGE ( 'NONE', *, *, #3367, .T. ) ;
#2182 = PRESENTATION_LAYER_ASSIGNMENT (  '', '', ( #3011 ) ) ;
#2183 = FACE_OUTER_BOUND ( 'NONE', #1407, .T. ) ;
#2184 = CARTESIAN_POINT ( 'NONE',  ( 38.69999999999999574, 40.00000000000000000, -2.017369599999999874 ) ) ;
#2185 = CARTESIAN_POINT ( 'NONE',  ( 8.500000000000000000, -29.00000000000000000, 0.000000000000000000 ) ) ;
#2186 = COLOUR_RGB ( '',0.000000000000000000, 0.5019607843137254832, 0.000000000000000000 ) ;
#2187 = STYLED_ITEM ( 'NONE', ( #4792 ), #3309 ) ;
#2188 = SURFACE_STYLE_FILL_AREA ( #2108 ) ;
#2189 = VERTEX_POINT ( 'NONE', #3548 ) ;
#2190 = CYLINDRICAL_SURFACE ( 'NONE', #1743, 1.300000000000002487 ) ;
#2191 = SURFACE_STYLE_FILL_AREA ( #1020 ) ;
#2192 = PRESENTATION_LAYER_ASSIGNMENT (  '', '', ( #4277 ) ) ;
#2193 = CARTESIAN_POINT ( 'NONE',  ( -5.044663064219049531, -30.07552124249999537, -0.01736650455699990936 ) ) ;
#2194 = VECTOR ( 'NONE', #1773, 999.9999999999998863 ) ;
#2195 = SURFACE_STYLE_USAGE ( .BOTH. , #581 ) ;
#2196 = ORIENTED_EDGE ( 'NONE', *, *, #2903, .F. ) ;
#2197 =( NAMED_UNIT ( * ) PLANE_ANGLE_UNIT ( ) SI_UNIT ( $, .RADIAN. ) );
#2198 = UNCERTAINTY_MEASURE_WITH_UNIT (LENGTH_MEASURE( 1.000000000000000082E-05 ), #2596, 'distance_accuracy_value', 'NONE');
#2199 = FILL_AREA_STYLE ('',( #666 ) ) ;
#2200 = DIRECTION ( 'NONE',  ( 0.000000000000000000, 1.000000000000000000, 0.000000000000000000 ) ) ;
#2201 = FILL_AREA_STYLE_COLOUR ( '', #835 ) ;
#2202 = EDGE_CURVE ( 'NONE', #4182, #1150, #3476, .T. ) ;
#2203 = ORIENTED_EDGE ( 'NONE', *, *, #1276, .F. ) ;
#2204 = ORIENTED_EDGE ( 'NONE', *, *, #2899, .T. ) ;
#2205 =( GEOMETRIC_REPRESENTATION_CONTEXT ( 3 ) GLOBAL_UNCERTAINTY_ASSIGNED_CONTEXT ( ( #1409 ) ) GLOBAL_UNIT_ASSIGNED_CONTEXT ( ( #2302, #2687, #4332 ) ) REPRESENTATION_CONTEXT ( 'NONE', 'WORKASPACE' ) );
#2206 = ORIENTED_EDGE ( 'NONE', *, *, #46, .F. ) ;
#2207 = PRESENTATION_STYLE_ASSIGNMENT (( #5014 ) ) ;
#2208 = ADVANCED_FACE ( 'NONE', ( #4721 ), #4289, .F. ) ;
#2209 = VECTOR ( 'NONE', #3012, 1000.000000000000000 ) ;
#2210 = ORIENTED_EDGE ( 'NONE', *, *, #1713, .F. ) ;
#2211 = DIRECTION ( 'NONE',  ( 0.000000000000000000, 0.000000000000000000, 1.000000000000000000 ) ) ;
#2212 = VERTEX_POINT ( 'NONE', #4344 ) ;
#2213 = LINE ( 'NONE', #4578, #2015 ) ;
#2214 = DIRECTION ( 'NONE',  ( -0.0007733734047254627215, 0.9999997009467437303, 0.000000000000000000 ) ) ;
#2215 = DIRECTION ( 'NONE',  ( 0.000000000000000000, 0.000000000000000000, -1.000000000000000000 ) ) ;
#2216 = CARTESIAN_POINT ( 'NONE',  ( 8.977176106171999237, -27.99999553195000246, 1.499998807906999909 ) ) ;
#2217 = CARTESIAN_POINT ( 'NONE',  ( 43.00000000000000000, 40.00000000000000000, 0.000000000000000000 ) ) ;
#2218 = EDGE_LOOP ( 'NONE', ( #4957, #2374, #3916, #4000 ) ) ;
#2219 = COLOUR_RGB ( '',1.000000000000000000, 0.6078431372549019107, 0.000000000000000000 ) ;
#2220 = LINE ( 'NONE', #936, #4374 ) ;
#2221 = CARTESIAN_POINT ( 'NONE',  ( 14.69999999999999929, -38.50000000000000000, -2.017369599999999874 ) ) ;
#2222 =( NAMED_UNIT ( * ) PLANE_ANGLE_UNIT ( ) SI_UNIT ( $, .RADIAN. ) );
#2223 = EDGE_LOOP ( 'NONE', ( #3052, #4948, #3706, #1328 ) ) ;
#2224 = CARTESIAN_POINT ( 'NONE',  ( 11.69999213578100061, -7.600014602499998162, 0.000000000000000000 ) ) ;
#2225 = CARTESIAN_POINT ( 'NONE',  ( 1.853844668378999813E-15, 0.1464237228789999901, -2.017369599999999874 ) ) ;
#2226 =( LENGTH_UNIT ( ) NAMED_UNIT ( * ) SI_UNIT ( .MILLI., .METRE. ) );
#2227 = LINE ( 'NONE', #3029, #253 ) ;
#2228 = VECTOR ( 'NONE', #741, 1000.000000000000000 ) ;
#2229 = MECHANICAL_DESIGN_GEOMETRIC_PRESENTATION_REPRESENTATION (  '', ( #4472 ), #3380 ) ;
#2230 = DIRECTION ( 'NONE',  ( 0.000000000000000000, 0.000000000000000000, 1.000000000000000000 ) ) ;
#2231 = VERTEX_POINT ( 'NONE', #3449 ) ;
#2232 = VECTOR ( 'NONE', #3668, 1000.000000000000000 ) ;
#2233 = ORIENTED_EDGE ( 'NONE', *, *, #1595, .F. ) ;
#2234 = EDGE_CURVE ( 'NONE', #582, #1150, #1165, .T. ) ;
#2235 = SURFACE_STYLE_FILL_AREA ( #4521 ) ;
#2236 = DIRECTION ( 'NONE',  ( 0.000000000000000000, 0.000000000000000000, 1.000000000000000000 ) ) ;
#2237 = AXIS2_PLACEMENT_3D ( 'NONE', #1347, #3632, #4004 ) ;
#2238 = EDGE_LOOP ( 'NONE', ( #3113, #753, #928, #4443 ) ) ;
#2239 = EDGE_CURVE ( 'NONE', #4594, #1718, #330, .T. ) ;
#2240 = LINE ( 'NONE', #4602, #1597 ) ;
#2241 = LINE ( 'NONE', #4631, #412 ) ;
#2242 = DIRECTION ( 'NONE',  ( 0.000000000000000000, 0.000000000000000000, -1.000000000000000000 ) ) ;
#2243 =( GEOMETRIC_REPRESENTATION_CONTEXT ( 3 ) GLOBAL_UNCERTAINTY_ASSIGNED_CONTEXT ( ( #1672 ) ) GLOBAL_UNIT_ASSIGNED_CONTEXT ( ( #317, #5078, #4299 ) ) REPRESENTATION_CONTEXT ( 'NONE', 'WORKASPACE' ) );
#2244 = CARTESIAN_POINT ( 'NONE',  ( -11.70000678421900098, -7.600014602499998162, 0.000000000000000000 ) ) ;
#2245 = EDGE_LOOP ( 'NONE', ( #2853, #4345, #2135, #2344 ) ) ;
#2246 = PRESENTATION_STYLE_ASSIGNMENT (( #4222 ) ) ;
#2247 = AXIS2_PLACEMENT_3D ( 'NONE', #2505, #1303, #92 ) ;
#2248 = SURFACE_SIDE_STYLE ('',( #2191 ) ) ;
#2249 = FILL_AREA_STYLE_COLOUR ( '', #4973 ) ;
#2250 = SURFACE_SIDE_STYLE ('',( #2946 ) ) ;
#2251 = EDGE_LOOP ( 'NONE', ( #2456, #222, #3453, #357 ) ) ;
#2252 = LINE ( 'NONE', #1464, #2516 ) ;
#2253 = UNCERTAINTY_MEASURE_WITH_UNIT (LENGTH_MEASURE( 1.000000000000000082E-05 ), #1118, 'distance_accuracy_value', 'NONE');
#2254 = AXIS2_PLACEMENT_3D ( 'NONE', #2338, #5141, #3922 ) ;
#2255 =( NAMED_UNIT ( * ) SI_UNIT ( $, .STERADIAN. ) SOLID_ANGLE_UNIT ( ) );
#2256 =( NAMED_UNIT ( * ) PLANE_ANGLE_UNIT ( ) SI_UNIT ( $, .RADIAN. ) );
#2257 = SURFACE_SIDE_STYLE ('',( #670 ) ) ;
#2258 = EDGE_LOOP ( 'NONE', ( #3247, #161, #2154, #3338 ) ) ;
#2259 = LINE ( 'NONE', #1333, #2858 ) ;
#2260 = ORIENTED_EDGE ( 'NONE', *, *, #2576, .F. ) ;
#2261 = ORIENTED_EDGE ( 'NONE', *, *, #1017, .F. ) ;
#2262 = DIRECTION ( 'NONE',  ( 0.000000000000000000, 0.000000000000000000, -1.000000000000000000 ) ) ;
#2263 = CARTESIAN_POINT ( 'NONE',  ( -10.00000000000000000, -27.50000000000000000, -2.017369599999999874 ) ) ;
#2264 = ORIENTED_EDGE ( 'NONE', *, *, #1780, .F. ) ;
#2265 = EDGE_CURVE ( 'NONE', #113, #2591, #2993, .T. ) ;
#2266 = ORIENTED_EDGE ( 'NONE', *, *, #4589, .F. ) ;
#2267 = CARTESIAN_POINT ( 'NONE',  ( 11.69999213578100061, -7.600012062499999388, 2.000001080000000098 ) ) ;
#2268 = CARTESIAN_POINT ( 'NONE',  ( -8.500000000000000000, -9.000000000000000000, -2.017369599999999874 ) ) ;
#2269 = CIRCLE ( 'NONE', #3508, 1.300000000000002487 ) ;
#2270 = DIRECTION ( 'NONE',  ( 1.000000000000000000, 0.000000000000000000, 0.000000000000000000 ) ) ;
#2271 = ADVANCED_FACE ( 'NONE', ( #4694 ), #1132, .T. ) ;
#2272 = EDGE_CURVE ( 'NONE', #335, #4527, #3167, .T. ) ;
#2273 = LINE ( 'NONE', #1791, #2511 ) ;
#2274 = PRESENTATION_STYLE_ASSIGNMENT (( #1123 ) ) ;
#2275 = PRESENTATION_LAYER_ASSIGNMENT (  '', '', ( #351 ) ) ;
#2276 = PRESENTATION_LAYER_ASSIGNMENT (  '', '', ( #356 ) ) ;
#2277 = PRESENTATION_STYLE_ASSIGNMENT (( #299 ) ) ;
#2278 = DIRECTION ( 'NONE',  ( 0.7071067811865474617, 0.7071067811865474617, 0.000000000000000000 ) ) ;
#2279 =( NAMED_UNIT ( * ) SI_UNIT ( $, .STERADIAN. ) SOLID_ANGLE_UNIT ( ) );
#2280 = EDGE_CURVE ( 'NONE', #2462, #4974, #2227, .T. ) ;
#2281 = ORIENTED_EDGE ( 'NONE', *, *, #3152, .T. ) ;
#2282 = SURFACE_SIDE_STYLE ('',( #2632 ) ) ;
#2283 = SURFACE_SIDE_STYLE ('',( #2719 ) ) ;
#2284 = PRESENTATION_LAYER_ASSIGNMENT (  '', '', ( #1192 ) ) ;
#2285 = VERTEX_POINT ( 'NONE', #219 ) ;
#2286 = CARTESIAN_POINT ( 'NONE',  ( -24.50000000000000000, 43.00000000000000000, 0.000000000000000000 ) ) ;
#2287 = AXIS2_PLACEMENT_3D ( 'NONE', #2168, #186, #551 ) ;
#2288 = ORIENTED_EDGE ( 'NONE', *, *, #4339, .F. ) ;
#2289 = ORIENTED_EDGE ( 'NONE', *, *, #2899, .F. ) ;
#2290 = STYLED_ITEM ( 'NONE', ( #768 ), #4584 ) ;
#2291 = CARTESIAN_POINT ( 'NONE',  ( 1.853844668378999813E-15, 0.1464237228789999901, 0.000000000000000000 ) ) ;
#2292 =( NAMED_UNIT ( * ) SI_UNIT ( $, .STERADIAN. ) SOLID_ANGLE_UNIT ( ) );
#2293 = ORIENTED_EDGE ( 'NONE', *, *, #3539, .T. ) ;
#2294 = PRESENTATION_LAYER_ASSIGNMENT (  '', '', ( #2379 ) ) ;
#2295 = ORIENTED_EDGE ( 'NONE', *, *, #3658, .T. ) ;
#2296 = LINE ( 'NONE', #4680, #1103 ) ;
#2297 =( GEOMETRIC_REPRESENTATION_CONTEXT ( 3 ) GLOBAL_UNCERTAINTY_ASSIGNED_CONTEXT ( ( #3597 ) ) GLOBAL_UNIT_ASSIGNED_CONTEXT ( ( #501, #3233, #1682 ) ) REPRESENTATION_CONTEXT ( 'NONE', 'WORKASPACE' ) );
#2298 = LINE ( 'NONE', #3908, #5101 ) ;
#2299 = CARTESIAN_POINT ( 'NONE',  ( -4.955354124219029543, -30.52450688249999899, -0.01736650455699990936 ) ) ;
#2300 = CARTESIAN_POINT ( 'NONE',  ( -41.30000000000000426, -40.00000000000000000, -2.017369599999999874 ) ) ;
#2301 = ADVANCED_FACE ( 'NONE', ( #669 ), #3869, .T. ) ;
#2302 =( LENGTH_UNIT ( ) NAMED_UNIT ( * ) SI_UNIT ( .MILLI., .METRE. ) );
#2303 = PRESENTATION_STYLE_ASSIGNMENT (( #661 ) ) ;
#2304 = LINE ( 'NONE', #3890, #3768 ) ;
#2305 = EDGE_LOOP ( 'NONE', ( #3759, #3699, #826, #4141 ) ) ;
#2306 = UNCERTAINTY_MEASURE_WITH_UNIT (LENGTH_MEASURE( 1.000000000000000082E-05 ), #3531, 'distance_accuracy_value', 'NONE');
#2307 = DIRECTION ( 'NONE',  ( 0.000000000000000000, 1.000000000000000000, 0.000000000000000000 ) ) ;
#2308 =( NAMED_UNIT ( * ) PLANE_ANGLE_UNIT ( ) SI_UNIT ( $, .RADIAN. ) );
#2309 = STYLED_ITEM ( 'NONE', ( #276 ), #165 ) ;
#2310 = EDGE_CURVE ( 'NONE', #2483, #5063, #721, .T. ) ;
#2311 =( NAMED_UNIT ( * ) SI_UNIT ( $, .STERADIAN. ) SOLID_ANGLE_UNIT ( ) );
#2312 = ORIENTED_EDGE ( 'NONE', *, *, #333, .T. ) ;
#2313 =( NAMED_UNIT ( * ) PLANE_ANGLE_UNIT ( ) SI_UNIT ( $, .RADIAN. ) );
#2314 = CARTESIAN_POINT ( 'NONE',  ( 10.69999159578100034, -8.600012602499997882, 0.000000000000000000 ) ) ;
#2315 = VERTEX_POINT ( 'NONE', #1824 ) ;
#2316 = VECTOR ( 'NONE', #2200, 1000.000000000000000 ) ;
#2317 = AXIS2_PLACEMENT_3D ( 'NONE', #4873, #1696, #848 ) ;
#2318 = PLANE ( 'NONE',  #1716 ) ;
#2319 = LINE ( 'NONE', #777, #82 ) ;
#2320 = ORIENTED_EDGE ( 'NONE', *, *, #5043, .T. ) ;
#2321 = PRESENTATION_LAYER_ASSIGNMENT (  '', '', ( #4136 ) ) ;
#2322 = STYLED_ITEM ( 'NONE', ( #72 ), #1154 ) ;
#2323 = DIRECTION ( 'NONE',  ( 0.000000000000000000, 0.000000000000000000, 1.000000000000000000 ) ) ;
#2324 = DIRECTION ( 'NONE',  ( 0.000000000000000000, 0.000000000000000000, -1.000000000000000000 ) ) ;
#2325 = LINE ( 'NONE', #5126, #2929 ) ;
#2326 = DIRECTION ( 'NONE',  ( 0.000000000000000000, 0.000000000000000000, 1.000000000000000000 ) ) ;
#2327 = LINE ( 'NONE', #4707, #4673 ) ;
#2328 = SURFACE_STYLE_USAGE ( .BOTH. , #788 ) ;
#2329 = CARTESIAN_POINT ( 'NONE',  ( 11.69999213578100061, -31.00001606249999497, 0.000000000000000000 ) ) ;
#2330 = AXIS2_PLACEMENT_3D ( 'NONE', #3176, #2378, #1193 ) ;
#2331 = ORIENTED_EDGE ( 'NONE', *, *, #3960, .F. ) ;
#2332 = DIRECTION ( 'NONE',  ( -0.9999999335329464722, 0.0003646012926752482280, 0.000000000000000000 ) ) ;
#2333 = EDGE_CURVE ( 'NONE', #1890, #2924, #1878, .T. ) ;
#2334 = FACE_OUTER_BOUND ( 'NONE', #1109, .T. ) ;
#2335 = ADVANCED_FACE ( 'NONE', ( #3005 ), #5067, .T. ) ;
#2336 = VECTOR ( 'NONE', #2091, 1000.000000000000000 ) ;
#2337 = FILL_AREA_STYLE ('',( #3214 ) ) ;
#2338 = CARTESIAN_POINT ( 'NONE',  ( -11.70000678421900098, -7.600014602499998162, 0.000000000000000000 ) ) ;
#2339 = MECHANICAL_DESIGN_GEOMETRIC_PRESENTATION_REPRESENTATION (  '', ( #3999 ), #1498 ) ;
#2340 = EDGE_LOOP ( 'NONE', ( #2808, #1344 ) ) ;
#2341 = SURFACE_STYLE_USAGE ( .BOTH. , #4320 ) ;
#2342 = EDGE_CURVE ( 'NONE', #2151, #4990, #4719, .T. ) ;
#2343 = VERTEX_POINT ( 'NONE', #1933 ) ;
#2344 = ORIENTED_EDGE ( 'NONE', *, *, #203, .F. ) ;
#2345 = VECTOR ( 'NONE', #458, 1000.000000000000000 ) ;
#2346 = SURFACE_STYLE_FILL_AREA ( #2782 ) ;
#2347 = VERTEX_POINT ( 'NONE', #1986 ) ;
#2348 = PRESENTATION_STYLE_ASSIGNMENT (( #4759 ) ) ;
#2349 = LINE ( 'NONE', #390, #3852 ) ;
#2350 = FILL_AREA_STYLE ('',( #713 ) ) ;
#2351 = DIRECTION ( 'NONE',  ( -0.0007733734047254627215, -0.9999997009467437303, 0.000000000000000000 ) ) ;
#2352 = DIRECTION ( 'NONE',  ( 0.000000000000000000, 0.000000000000000000, 1.000000000000000000 ) ) ;
#2353 = DIRECTION ( 'NONE',  ( -0.3827001010250414281, 0.9238726279500996119, 0.000000000000000000 ) ) ;
#2354 = PRESENTATION_STYLE_ASSIGNMENT (( #343 ) ) ;
#2355 = PRESENTATION_STYLE_ASSIGNMENT (( #1615 ) ) ;
#2356 = VERTEX_POINT ( 'NONE', #15 ) ;
#2357 = LINE ( 'NONE', #3212, #4015 ) ;
#2358 = AXIS2_PLACEMENT_3D ( 'NONE', #1641, #4434, #3277 ) ;
#2359 = UNCERTAINTY_MEASURE_WITH_UNIT (LENGTH_MEASURE( 1.000000000000000082E-05 ), #2098, 'distance_accuracy_value', 'NONE');
#2360 = PRESENTATION_STYLE_ASSIGNMENT (( #3131 ) ) ;
#2361 = CARTESIAN_POINT ( 'NONE',  ( -5.044663064219049531, -30.07552124249999537, -3.517367124556999958 ) ) ;
#2362 = PLANE ( 'NONE',  #2839 ) ;
#2363 =( GEOMETRIC_REPRESENTATION_CONTEXT ( 3 ) GLOBAL_UNCERTAINTY_ASSIGNED_CONTEXT ( ( #3493 ) ) GLOBAL_UNIT_ASSIGNED_CONTEXT ( ( #1434, #2222, #4172 ) ) REPRESENTATION_CONTEXT ( 'NONE', 'WORKASPACE' ) );
#2364 = CARTESIAN_POINT ( 'NONE',  ( -0.1271724242190000187, -30.10969948249999817, -3.517367124556999958 ) ) ;
#2365 = ORIENTED_EDGE ( 'NONE', *, *, #2265, .T. ) ;
#2366 = DIRECTION ( 'NONE',  ( 0.000000000000000000, 0.000000000000000000, 1.000000000000000000 ) ) ;
#2367 = UNCERTAINTY_MEASURE_WITH_UNIT (LENGTH_MEASURE( 1.000000000000000082E-05 ), #4376, 'distance_accuracy_value', 'NONE');
#2368 = SURFACE_STYLE_USAGE ( .BOTH. , #2748 ) ;
#2369 = STYLED_ITEM ( 'NONE', ( #3873 ), #3396 ) ;
#2370 = EDGE_CURVE ( 'NONE', #3061, #5011, #429, .T. ) ;
#2371 = DIRECTION ( 'NONE',  ( 0.000000000000000000, -1.000000000000000000, 0.000000000000000000 ) ) ;
#2372 = DIRECTION ( 'NONE',  ( 0.000000000000000000, -1.000000000000000000, 0.000000000000000000 ) ) ;
#2373 = SURFACE_SIDE_STYLE ('',( #2753 ) ) ;
#2374 = ORIENTED_EDGE ( 'NONE', *, *, #1055, .T. ) ;
#2375 = COLOUR_RGB ( '',0.000000000000000000, 0.5019607843137254832, 0.000000000000000000 ) ;
#2376 = PRODUCT_DEFINITION_SHAPE ( 'NONE', 'NONE',  #4166 ) ;
#2377 = EDGE_CURVE ( 'NONE', #413, #4389, #4743, .T. ) ;
#2378 = DIRECTION ( 'NONE',  ( 0.000000000000000000, 0.000000000000000000, -1.000000000000000000 ) ) ;
#2379 = STYLED_ITEM ( 'NONE', ( #2277 ), #4874 ) ;
#2380 = SURFACE_STYLE_USAGE ( .BOTH. , #4300 ) ;
#2381 = DIRECTION ( 'NONE',  ( 0.000000000000000000, 0.000000000000000000, 1.000000000000000000 ) ) ;
#2382 = CARTESIAN_POINT ( 'NONE',  ( -41.30000000000000426, -40.00000000000000000, 0.000000000000000000 ) ) ;
#2383 = CARTESIAN_POINT ( 'NONE',  ( 21.50000000000000000, 38.50000000000000000, 0.000000000000000000 ) ) ;
#2384 = DIRECTION ( 'NONE',  ( -0.7071067811870476172, 0.7071067811860475283, 0.000000000000000000 ) ) ;
#2385 = ORIENTED_EDGE ( 'NONE', *, *, #4490, .T. ) ;
#2386 = VECTOR ( 'NONE', #4968, 1000.000000000000000 ) ;
#2387 = CARTESIAN_POINT ( 'NONE',  ( -4.872844764218999813, -30.49033118249999674, -0.01736650455699990936 ) ) ;
#2388 = FILL_AREA_STYLE_COLOUR ( '', #1889 ) ;
#2389 = CARTESIAN_POINT ( 'NONE',  ( -0.04466306421905000268, -30.52450688249999899, -3.517367124556999958 ) ) ;
#2390 =( NAMED_UNIT ( * ) SI_UNIT ( $, .STERADIAN. ) SOLID_ANGLE_UNIT ( ) );
#2391 = CARTESIAN_POINT ( 'NONE',  ( 24.50000000000000000, 43.00000000000000000, -2.017369599999999874 ) ) ;
#2392 = ORIENTED_EDGE ( 'NONE', *, *, #4283, .F. ) ;
#2393 = PRESENTATION_STYLE_ASSIGNMENT (( #2747 ) ) ;
#2394 = DIRECTION ( 'NONE',  ( 0.000000000000000000, 0.000000000000000000, 1.000000000000000000 ) ) ;
#2395 = LINE ( 'NONE', #4827, #2408 ) ;
#2396 = AXIS2_PLACEMENT_3D ( 'NONE', #575, #3409, #2599 ) ;
#2397 = CARTESIAN_POINT ( 'NONE',  ( 40.00000000000000000, 40.00000000000000000, 0.000000000000000000 ) ) ;
#2398 = DIRECTION ( 'NONE',  ( -0.000000000000000000, 1.000000000000000000, 0.000000000000000000 ) ) ;
#2399 = ORIENTED_EDGE ( 'NONE', *, *, #5100, .F. ) ;
#2400 = EDGE_CURVE ( 'NONE', #313, #398, #3525, .T. ) ;
#2401 = EDGE_CURVE ( 'NONE', #828, #1890, #4903, .T. ) ;
#2402 = DIRECTION ( 'NONE',  ( -1.000000000000000000, 0.000000000000000000, 0.000000000000000000 ) ) ;
#2403 = AXIS2_PLACEMENT_3D ( 'NONE', #1642, #4843, #1274 ) ;
#2404 = STYLED_ITEM ( 'NONE', ( #4002 ), #98 ) ;
#2405 = DIRECTION ( 'NONE',  ( 0.7071067811865474617, -0.7071067811865474617, 0.000000000000000000 ) ) ;
#2406 =( NAMED_UNIT ( * ) PLANE_ANGLE_UNIT ( ) SI_UNIT ( $, .RADIAN. ) );
#2407 = ADVANCED_FACE ( 'NONE', ( #3575 ), #2362, .T. ) ;
#2408 = VECTOR ( 'NONE', #3581, 1000.000000000000000 ) ;
#2409 = CARTESIAN_POINT ( 'NONE',  ( -23.00000000000000000, 40.00000000000000000, -2.017369599999999874 ) ) ;
#2410 = PLANE ( 'NONE',  #872 ) ;
#2411 = FILL_AREA_STYLE_COLOUR ( '', #3435 ) ;
#2412 = ORIENTED_EDGE ( 'NONE', *, *, #45, .F. ) ;
#2413 = LINE ( 'NONE', #2826, #277 ) ;
#2414 = UNCERTAINTY_MEASURE_WITH_UNIT (LENGTH_MEASURE( 1.000000000000000082E-05 ), #4084, 'distance_accuracy_value', 'NONE');
#2415 = VECTOR ( 'NONE', #3764, 1000.000000000000000 ) ;
#2416 = DIRECTION ( 'NONE',  ( 0.000000000000000000, 0.000000000000000000, -1.000000000000000000 ) ) ;
#2417 = ORIENTED_EDGE ( 'NONE', *, *, #2868, .F. ) ;
#2418 = UNCERTAINTY_MEASURE_WITH_UNIT (LENGTH_MEASURE( 1.000000000000000082E-05 ), #1711, 'distance_accuracy_value', 'NONE');
#2419 = VECTOR ( 'NONE', #441, 1000.000000000000000 ) ;
#2420 = CARTESIAN_POINT ( 'NONE',  ( 10.69999159578100034, -8.600012602499997882, 0.000000000000000000 ) ) ;
#2421 = COLOUR_RGB ( '',0.000000000000000000, 0.5019607843137254832, 0.000000000000000000 ) ;
#2422 =( NAMED_UNIT ( * ) SI_UNIT ( $, .STERADIAN. ) SOLID_ANGLE_UNIT ( ) );
#2423 = VERTEX_POINT ( 'NONE', #2800 ) ;
#2424 = MECHANICAL_DESIGN_GEOMETRIC_PRESENTATION_REPRESENTATION (  '', ( #1084 ), #6 ) ;
#2425 =( NAMED_UNIT ( * ) SI_UNIT ( $, .STERADIAN. ) SOLID_ANGLE_UNIT ( ) );
#2426 = PRESENTATION_LAYER_ASSIGNMENT (  '', '', ( #4663 ) ) ;
#2427 = SURFACE_STYLE_USAGE ( .BOTH. , #55 ) ;
#2428 = CARTESIAN_POINT ( 'NONE',  ( -5.224500144218999331, -30.34466980249999679, -3.517367124556999958 ) ) ;
#2429 = EDGE_CURVE ( 'NONE', #313, #902, #2038, .T. ) ;
#2430 = DIRECTION ( 'NONE',  ( 1.000000000000000000, 0.000000000000000000, 0.000000000000000000 ) ) ;
#2431 = ADVANCED_FACE ( 'NONE', ( #5089 ), #1573, .F. ) ;
#2432 = DIRECTION ( 'NONE',  ( 0.000000000000000000, -1.000000000000000000, 0.000000000000000000 ) ) ;
#2433 = ORIENTED_EDGE ( 'NONE', *, *, #255, .F. ) ;
#2434 = DIRECTION ( 'NONE',  ( 0.000000000000000000, 0.000000000000000000, 1.000000000000000000 ) ) ;
#2435 = CARTESIAN_POINT ( 'NONE',  ( -7.324219028886552219E-06, -19.30001279249995605, 0.000000000000000000 ) ) ;
#2436 = ADVANCED_FACE ( 'NONE', ( #1294 ), #108, .F. ) ;
#2437 =( GEOMETRIC_REPRESENTATION_CONTEXT ( 3 ) GLOBAL_UNCERTAINTY_ASSIGNED_CONTEXT ( ( #4587 ) ) GLOBAL_UNIT_ASSIGNED_CONTEXT ( ( #382, #771, #460 ) ) REPRESENTATION_CONTEXT ( 'NONE', 'WORKASPACE' ) );
#2438 = CIRCLE ( 'NONE', #2852, 1.498841284246002159 ) ;
#2439 = ORIENTED_EDGE ( 'NONE', *, *, #4499, .T. ) ;
#2440 = CARTESIAN_POINT ( 'NONE',  ( 10.69999159578100034, -8.600012602499997882, 0.000000000000000000 ) ) ;
#2441 = DIRECTION ( 'NONE',  ( 0.000000000000000000, 0.000000000000000000, 1.000000000000000000 ) ) ;
#2442 = AXIS2_PLACEMENT_3D ( 'NONE', #4840, #4817, #505 ) ;
#2443 = VECTOR ( 'NONE', #3659, 999.9999999999998863 ) ;
#2444 =( NAMED_UNIT ( * ) SI_UNIT ( $, .STERADIAN. ) SOLID_ANGLE_UNIT ( ) );
#2445 = CIRCLE ( 'NONE', #1677, 3.001094402371998981 ) ;
#2446 = VECTOR ( 'NONE', #4882, 999.9999999999998863 ) ;
#2447 = ORIENTED_EDGE ( 'NONE', *, *, #3406, .T. ) ;
#2448 = DIRECTION ( 'NONE',  ( 0.000000000000000000, 0.000000000000000000, 1.000000000000000000 ) ) ;
#2449 = CARTESIAN_POINT ( 'NONE',  ( 41.30000000000000426, 40.00000000000000000, -2.017369599999999874 ) ) ;
#2450 = SURFACE_STYLE_USAGE ( .BOTH. , #1339 ) ;
#2451 = VERTEX_POINT ( 'NONE', #2524 ) ;
#2452 = DIRECTION ( 'NONE',  ( 0.000000000000000000, -1.000000000000000000, 0.000000000000000000 ) ) ;
#2453 = CARTESIAN_POINT ( 'NONE',  ( -11.70000678421900098, -31.00001606249999497, 0.000000000000000000 ) ) ;
#2454 = LINE ( 'NONE', #4042, #2232 ) ;
#2455 = EDGE_CURVE ( 'NONE', #238, #2189, #3717, .T. ) ;
#2456 = ORIENTED_EDGE ( 'NONE', *, *, #3439, .T. ) ;
#2457 =( LENGTH_UNIT ( ) NAMED_UNIT ( * ) SI_UNIT ( .MILLI., .METRE. ) );
#2458 = UNCERTAINTY_MEASURE_WITH_UNIT (LENGTH_MEASURE( 1.000000000000000082E-05 ), #4323, 'distance_accuracy_value', 'NONE');
#2459 =( NAMED_UNIT ( * ) PLANE_ANGLE_UNIT ( ) SI_UNIT ( $, .RADIAN. ) );
#2460 = EDGE_CURVE ( 'NONE', #3088, #3504, #4120, .T. ) ;
#2461 = CARTESIAN_POINT ( 'NONE',  ( -5.044663064219049531, -30.07552124249999537, -3.517367124556999958 ) ) ;
#2462 = VERTEX_POINT ( 'NONE', #869 ) ;
#2463 = MECHANICAL_DESIGN_GEOMETRIC_PRESENTATION_REPRESENTATION (  '', ( #2309 ), #2803 ) ;
#2464 = PLANE ( 'NONE',  #1843 ) ;
#2465 =( LENGTH_UNIT ( ) NAMED_UNIT ( * ) SI_UNIT ( .MILLI., .METRE. ) );
#2466 = FILL_AREA_STYLE ('',( #3983 ) ) ;
#2467 = STYLED_ITEM ( 'NONE', ( #2274 ), #431 ) ;
#2468 = CARTESIAN_POINT ( 'NONE',  ( -5.190324444218999744, -30.17285150249999859, -3.517367124556999958 ) ) ;
#2469 = CARTESIAN_POINT ( 'NONE',  ( -10.70000624421900071, -8.600012602499997882, 1.499999539999999909 ) ) ;
#2470 = AXIS2_PLACEMENT_3D ( 'NONE', #1110, #1548, #1501 ) ;
#2471 = DIRECTION ( 'NONE',  ( 1.000000000000000000, 0.000000000000000000, 0.000000000000000000 ) ) ;
#2472 = CARTESIAN_POINT ( 'NONE',  ( -5.127172424218999325, -30.49033118249999674, -3.517367124556999958 ) ) ;
#2473 =( LENGTH_UNIT ( ) NAMED_UNIT ( * ) SI_UNIT ( .MILLI., .METRE. ) );
#2474 = CARTESIAN_POINT ( 'NONE',  ( 43.00000000000000000, 40.00000000000000000, 0.000000000000000000 ) ) ;
#2475 = SURFACE_STYLE_USAGE ( .BOTH. , #479 ) ;
#2476 = PRESENTATION_LAYER_ASSIGNMENT (  '', '', ( #69 ) ) ;
#2477 = SURFACE_STYLE_FILL_AREA ( #4461 ) ;
#2478 = DIRECTION ( 'NONE',  ( 0.000000000000000000, 0.000000000000000000, -1.000000000000000000 ) ) ;
#2479 = DIRECTION ( 'NONE',  ( 0.000000000000000000, 1.000000000000000000, 0.000000000000000000 ) ) ;
#2480 = CIRCLE ( 'NONE', #1304, 1.100000000000000311 ) ;
#2481 = EDGE_CURVE ( 'NONE', #1890, #2151, #4891, .T. ) ;
#2482 = ADVANCED_FACE ( 'NONE', ( #2914 ), #481, .T. ) ;
#2483 = VERTEX_POINT ( 'NONE', #4253 ) ;
#2484 = DIRECTION ( 'NONE',  ( 0.000000000000000000, 0.000000000000000000, 1.000000000000000000 ) ) ;
#2485 = ADVANCED_FACE ( 'NONE', ( #991 ), #2190, .F. ) ;
#2486 =( LENGTH_UNIT ( ) NAMED_UNIT ( * ) SI_UNIT ( .MILLI., .METRE. ) );
#2487 = STYLED_ITEM ( 'NONE', ( #396 ), #1465 ) ;
#2488 = CYLINDRICAL_SURFACE ( 'NONE', #2247, 3.001094402371998981 ) ;
#2489 = EDGE_CURVE ( 'NONE', #1150, #582, #842, .T. ) ;
#2490 = STYLED_ITEM ( 'NONE', ( #3933 ), #1704 ) ;
#2491 = ADVANCED_FACE ( 'NONE', ( #4168 ), #3354, .F. ) ;
#2492 = EDGE_LOOP ( 'NONE', ( #618, #1828, #2203, #791 ) ) ;
#2493 = VERTEX_POINT ( 'NONE', #3153 ) ;
#2494 = FILL_AREA_STYLE_COLOUR ( '', #1400 ) ;
#2495 = DIRECTION ( 'NONE',  ( -1.000000000000000000, 0.000000000000000000, 0.000000000000000000 ) ) ;
#2496 = COLOUR_RGB ( '',1.000000000000000000, 0.6078431372549019107, 0.000000000000000000 ) ;
#2497 = LINE ( 'NONE', #2908, #1297 ) ;
#2498 =( NAMED_UNIT ( * ) PLANE_ANGLE_UNIT ( ) SI_UNIT ( $, .RADIAN. ) );
#2499 =( NAMED_UNIT ( * ) SI_UNIT ( $, .STERADIAN. ) SOLID_ANGLE_UNIT ( ) );
#2500 = CARTESIAN_POINT ( 'NONE',  ( 0.000000000000000000, 2.000000000000000000, -2.017369599999999874 ) ) ;
#2501 = ORIENTED_EDGE ( 'NONE', *, *, #100, .F. ) ;
#2502 = LINE ( 'NONE', #940, #2194 ) ;
#2503 = UNCERTAINTY_MEASURE_WITH_UNIT (LENGTH_MEASURE( 1.000000000000000082E-05 ), #4635, 'distance_accuracy_value', 'NONE');
#2504 = MECHANICAL_DESIGN_GEOMETRIC_PRESENTATION_REPRESENTATION (  '', ( #4916 ), #439 ) ;
#2505 = CARTESIAN_POINT ( 'NONE',  ( -39.99890579710000083, -39.99890579710000083, -2.017369599999999874 ) ) ;
#2506 = EDGE_LOOP ( 'NONE', ( #268, #2988 ) ) ;
#2507 = VECTOR ( 'NONE', #1129, 1000.000000000000000 ) ;
#2508 = PRESENTATION_LAYER_ASSIGNMENT (  '', '', ( #694 ) ) ;
#2509 = EDGE_LOOP ( 'NONE', ( #3891, #4551, #4816, #3038 ) ) ;
#2510 = EDGE_CURVE ( 'NONE', #1448, #4956, #1977, .T. ) ;
#2511 = VECTOR ( 'NONE', #2572, 1000.000000000000000 ) ;
#2512 = FACE_BOUND ( 'NONE', #536, .T. ) ;
#2513 = CIRCLE ( 'NONE', #4270, 1.300000000000002487 ) ;
#2514 = DIRECTION ( 'NONE',  ( 1.000000000000000000, 0.000000000000000000, 0.000000000000000000 ) ) ;
#2515 = PRESENTATION_LAYER_ASSIGNMENT (  '', '', ( #3265 ) ) ;
#2516 = VECTOR ( 'NONE', #3053, 1000.000000000000000 ) ;
#2517 = EDGE_CURVE ( 'NONE', #93, #5121, #4735, .T. ) ;
#2518 = CYLINDRICAL_SURFACE ( 'NONE', #3691, 1.100000000000000311 ) ;
#2519 = DIRECTION ( 'NONE',  ( 0.000000000000000000, 0.000000000000000000, -1.000000000000000000 ) ) ;
#2520 = PRESENTATION_LAYER_ASSIGNMENT (  '', '', ( #4776 ) ) ;
#2521 = SURFACE_SIDE_STYLE ('',( #478 ) ) ;
#2522 = DIRECTION ( 'NONE',  ( -1.000000000000000000, 0.000000000000000000, 0.000000000000000000 ) ) ;
#2523 = ORIENTED_EDGE ( 'NONE', *, *, #1180, .F. ) ;
#2524 = CARTESIAN_POINT ( 'NONE',  ( 0.2244854957809999940, -30.34466980249999679, -0.01736650455699990936 ) ) ;
#2525 = SURFACE_STYLE_USAGE ( .BOTH. , #2248 ) ;
#2526 = CARTESIAN_POINT ( 'NONE',  ( 11.69999213578100061, -31.00001352250000153, 2.000001080000000098 ) ) ;
#2527 = VERTEX_POINT ( 'NONE', #418 ) ;
#2528 = DIRECTION ( 'NONE',  ( -0.9238826834630522455, -0.3826758252060215582, 0.000000000000000000 ) ) ;
#2529 = COLOUR_RGB ( '',0.000000000000000000, 0.5019607843137254832, 0.000000000000000000 ) ;
#2530 = FACE_OUTER_BOUND ( 'NONE', #724, .T. ) ;
#2531 = CARTESIAN_POINT ( 'NONE',  ( -40.00000000000000000, -40.00000000000000000, -2.017369599999999874 ) ) ;
#2532 = PRESENTATION_STYLE_ASSIGNMENT (( #945 ) ) ;
#2533 = EDGE_LOOP ( 'NONE', ( #1531, #2365, #2206, #864 ) ) ;
#2534 = VERTEX_POINT ( 'NONE', #736 ) ;
#2535 = ORIENTED_EDGE ( 'NONE', *, *, #4901, .F. ) ;
#2536 = DIRECTION ( 'NONE',  ( 0.000000000000000000, 0.000000000000000000, -1.000000000000000000 ) ) ;
#2537 = LINE ( 'NONE', #1363, #500 ) ;
#2538 = SURFACE_STYLE_USAGE ( .BOTH. , #4647 ) ;
#2539 = EDGE_CURVE ( 'NONE', #2356, #3827, #2735, .T. ) ;
#2540 = VERTEX_POINT ( 'NONE', #3588 ) ;
#2541 = EDGE_CURVE ( 'NONE', #3401, #4125, #2327, .T. ) ;
#2542 = FILL_AREA_STYLE_COLOUR ( '', #3637 ) ;
#2543 = ORIENTED_EDGE ( 'NONE', *, *, #514, .T. ) ;
#2544 = SURFACE_STYLE_USAGE ( .BOTH. , #4530 ) ;
#2545 =( GEOMETRIC_REPRESENTATION_CONTEXT ( 3 ) GLOBAL_UNCERTAINTY_ASSIGNED_CONTEXT ( ( #4541 ) ) GLOBAL_UNIT_ASSIGNED_CONTEXT ( ( #2003, #27, #4793 ) ) REPRESENTATION_CONTEXT ( 'NONE', 'WORKASPACE' ) );
#2546 = CARTESIAN_POINT ( 'NONE',  ( -21.50000000000000000, 38.50000000000000000, 0.000000000000000000 ) ) ;
#2547 = EDGE_CURVE ( 'NONE', #1066, #1, #3179, .T. ) ;
#2548 = DIRECTION ( 'NONE',  ( -0.3826758252060215582, 0.9238826834630522455, 0.000000000000000000 ) ) ;
#2549 = ORIENTED_EDGE ( 'NONE', *, *, #4493, .T. ) ;
#2550 = COLOUR_RGB ( '',0.000000000000000000, 0.5019607843137254832, 0.000000000000000000 ) ;
#2551 =( NAMED_UNIT ( * ) PLANE_ANGLE_UNIT ( ) SI_UNIT ( $, .RADIAN. ) );
#2552 = LINE ( 'NONE', #3001, #117 ) ;
#2553 = PRESENTATION_STYLE_ASSIGNMENT (( #1050 ) ) ;
#2554 = PRESENTATION_LAYER_ASSIGNMENT (  '', '', ( #639 ) ) ;
#2555 = EDGE_LOOP ( 'NONE', ( #2041, #2210, #1064, #2289, #3751, #1528, #3818, #3872, #4601, #4236, #4005, #2266, #1101, #4076, #1015, #845, #1750, #4487, #2288, #4524, #2417, #5015, #3438, #1910 ) ) ;
#2556 = PRESENTATION_STYLE_ASSIGNMENT (( #4825 ) ) ;
#2557 = UNCERTAINTY_MEASURE_WITH_UNIT (LENGTH_MEASURE( 1.000000000000000082E-05 ), #1108, 'distance_accuracy_value', 'NONE');
#2558 = SURFACE_STYLE_FILL_AREA ( #3388 ) ;
#2559 = VECTOR ( 'NONE', #3748, 1000.000000000000000 ) ;
#2560 = CARTESIAN_POINT ( 'NONE',  ( 40.00000000000000000, 0.000000000000000000, 0.000000000000000000 ) ) ;
#2561 = ORIENTED_EDGE ( 'NONE', *, *, #2071, .T. ) ;
#2562 = AXIS2_PLACEMENT_3D ( 'NONE', #3320, #1268, #2081 ) ;
#2563 = ORIENTED_EDGE ( 'NONE', *, *, #1392, .F. ) ;
#2564 = VECTOR ( 'NONE', #4498, 1000.000000000000000 ) ;
#2565 = DIRECTION ( 'NONE',  ( 1.000000000000000000, 0.000000000000000000, 0.000000000000000000 ) ) ;
#2566 = ORIENTED_EDGE ( 'NONE', *, *, #1804, .T. ) ;
#2567 = VECTOR ( 'NONE', #3173, 1000.000000000000000 ) ;
#2568 = SURFACE_STYLE_FILL_AREA ( #2126 ) ;
#2569 = FILL_AREA_STYLE_COLOUR ( '', #4645 ) ;
#2570 = AXIS2_PLACEMENT_3D ( 'NONE', #767, #2721, #2828 ) ;
#2571 = CARTESIAN_POINT ( 'NONE',  ( -9.021807453828001755, -9.999995971950001561, 1.649998507907000089 ) ) ;
#2572 = DIRECTION ( 'NONE',  ( 0.000000000000000000, 0.000000000000000000, 1.000000000000000000 ) ) ;
#2573 = DIRECTION ( 'NONE',  ( 0.3827001010250414281, -0.9238726279500996119, 0.000000000000000000 ) ) ;
#2574 = ORIENTED_EDGE ( 'NONE', *, *, #1236, .F. ) ;
#2575 = MECHANICAL_DESIGN_GEOMETRIC_PRESENTATION_REPRESENTATION (  '', ( #2001 ), #256 ) ;
#2576 = EDGE_CURVE ( 'NONE', #2648, #674, #2438, .T. ) ;
#2577 = DIRECTION ( 'NONE',  ( 0.000000000000000000, 0.000000000000000000, -1.000000000000000000 ) ) ;
#2578 = PRESENTATION_STYLE_ASSIGNMENT (( #241 ) ) ;
#2579 = EDGE_LOOP ( 'NONE', ( #2433, #1330, #1703, #2923, #4597, #302, #1336, #2641 ) ) ;
#2580 = FACE_BOUND ( 'NONE', #2585, .T. ) ;
#2581 = CARTESIAN_POINT ( 'NONE',  ( -18.30000000000000071, -43.00000000000000000, -2.017369599999999874 ) ) ;
#2582 = EDGE_CURVE ( 'NONE', #1781, #494, #1954, .T. ) ;
#2583 =( NAMED_UNIT ( * ) PLANE_ANGLE_UNIT ( ) SI_UNIT ( $, .RADIAN. ) );
#2584 = DIRECTION ( 'NONE',  ( -0.9999997009467437303, -0.0007733734047231480583, 0.000000000000000000 ) ) ;
#2585 = EDGE_LOOP ( 'NONE', ( #4624, #288 ) ) ;
#2586 = EDGE_LOOP ( 'NONE', ( #5086, #2312, #2764, #726 ) ) ;
#2587 = VERTEX_POINT ( 'NONE', #4160 ) ;
#2588 =( NAMED_UNIT ( * ) SI_UNIT ( $, .STERADIAN. ) SOLID_ANGLE_UNIT ( ) );
#2589 = SURFACE_STYLE_FILL_AREA ( #1009 ) ;
#2590 = VECTOR ( 'NONE', #4741, 1000.000000000000000 ) ;
#2591 = VERTEX_POINT ( 'NONE', #3738 ) ;
#2592 = PRESENTATION_LAYER_ASSIGNMENT (  '', '', ( #4184 ) ) ;
#2593 = LINE ( 'NONE', #4529, #23 ) ;
#2594 = PLANE ( 'NONE',  #4943 ) ;
#2595 =( NAMED_UNIT ( * ) PLANE_ANGLE_UNIT ( ) SI_UNIT ( $, .RADIAN. ) );
#2596 =( LENGTH_UNIT ( ) NAMED_UNIT ( * ) SI_UNIT ( .MILLI., .METRE. ) );
#2597 =( NAMED_UNIT ( * ) SI_UNIT ( $, .STERADIAN. ) SOLID_ANGLE_UNIT ( ) );
#2598 = AXIS2_PLACEMENT_3D ( 'NONE', #886, #4797, #2911 ) ;
#2599 = DIRECTION ( 'NONE',  ( 0.000000000000000000, 0.000000000000000000, 1.000000000000000000 ) ) ;
#2600 = VERTEX_POINT ( 'NONE', #4193 ) ;
#2601 = SURFACE_STYLE_FILL_AREA ( #2998 ) ;
#2602 = DIRECTION ( 'NONE',  ( 0.000000000000000000, 0.000000000000000000, -1.000000000000000000 ) ) ;
#2603 = MECHANICAL_DESIGN_GEOMETRIC_PRESENTATION_REPRESENTATION (  '', ( #3943 ), #4280 ) ;
#2604 = SURFACE_STYLE_FILL_AREA ( #1900 ) ;
#2605 = DIRECTION ( 'NONE',  ( -1.000000000000000000, 0.000000000000000000, 0.000000000000000000 ) ) ;
#2606 = VERTEX_POINT ( 'NONE', #4247 ) ;
#2607 = CYLINDRICAL_SURFACE ( 'NONE', #4093, 1.498841284246002159 ) ;
#2608 = UNCERTAINTY_MEASURE_WITH_UNIT (LENGTH_MEASURE( 1.000000000000000082E-05 ), #476, 'distance_accuracy_value', 'NONE');
#2609 = EDGE_CURVE ( 'NONE', #3527, #799, #274, .T. ) ;
#2610 =( NAMED_UNIT ( * ) SI_UNIT ( $, .STERADIAN. ) SOLID_ANGLE_UNIT ( ) );
#2611 = AXIS2_PLACEMENT_3D ( 'NONE', #371, #1925, #3127 ) ;
#2612 = DIRECTION ( 'NONE',  ( 0.000000000000000000, 0.000000000000000000, -1.000000000000000000 ) ) ;
#2613 = SURFACE_STYLE_FILL_AREA ( #3389 ) ;
#2614 = COLOUR_RGB ( '',0.000000000000000000, 0.5019607843137254832, 0.000000000000000000 ) ;
#2615 = FILL_AREA_STYLE_COLOUR ( '', #2421 ) ;
#2616 = ORIENTED_EDGE ( 'NONE', *, *, #638, .F. ) ;
#2617 = EDGE_CURVE ( 'NONE', #459, #4944, #2213, .T. ) ;
#2618 = EDGE_LOOP ( 'NONE', ( #1071, #1358 ) ) ;
#2619 = VECTOR ( 'NONE', #1819, 1000.000000000000000 ) ;
#2620 = ORIENTED_EDGE ( 'NONE', *, *, #2645, .F. ) ;
#2621 = DIRECTION ( 'NONE',  ( 0.000000000000000000, 0.000000000000000000, -1.000000000000000000 ) ) ;
#2622 = FILL_AREA_STYLE_COLOUR ( '', #1311 ) ;
#2623 = ORIENTED_EDGE ( 'NONE', *, *, #156, .F. ) ;
#2624 = VERTEX_POINT ( 'NONE', #2989 ) ;
#2625 = DIRECTION ( 'NONE',  ( 1.000000000000000000, 0.000000000000000000, 0.000000000000000000 ) ) ;
#2626 = DIRECTION ( 'NONE',  ( -0.0007733734047254627215, 0.9999997009467437303, 0.000000000000000000 ) ) ;
#2627 = LINE ( 'NONE', #211, #1934 ) ;
#2628 = CARTESIAN_POINT ( 'NONE',  ( -39.99890579710000083, -39.99890579710000083, 0.000000000000000000 ) ) ;
#2629 = EDGE_LOOP ( 'NONE', ( #4094, #4051 ) ) ;
#2630 = SURFACE_STYLE_FILL_AREA ( #1742 ) ;
#2631 = EDGE_LOOP ( 'NONE', ( #1115, #4921 ) ) ;
#2632 = SURFACE_STYLE_FILL_AREA ( #3864 ) ;
#2633 = CARTESIAN_POINT ( 'NONE',  ( 11.69999213578100061, -31.00001606249999497, 0.000000000000000000 ) ) ;
#2634 = MECHANICAL_DESIGN_GEOMETRIC_PRESENTATION_REPRESENTATION (  '', ( #3969 ), #3469 ) ;
#2635 = SURFACE_SIDE_STYLE ('',( #5035 ) ) ;
#2636 = DIRECTION ( 'NONE',  ( 0.000000000000000000, 0.000000000000000000, 1.000000000000000000 ) ) ;
#2637 = VECTOR ( 'NONE', #3292, 999.9999999999998863 ) ;
#2638 = PRESENTATION_LAYER_ASSIGNMENT (  '', '', ( #3141 ) ) ;
#2639 = EDGE_CURVE ( 'NONE', #3850, #5142, #2155, .T. ) ;
#2640 = ORIENTED_EDGE ( 'NONE', *, *, #1746, .T. ) ;
#2641 = ORIENTED_EDGE ( 'NONE', *, *, #955, .F. ) ;
#2642 = EDGE_LOOP ( 'NONE', ( #3838, #877, #3530, #2754 ) ) ;
#2643 = EDGE_CURVE ( 'NONE', #3393, #696, #1421, .T. ) ;
#2644 = DIRECTION ( 'NONE',  ( -0.3826758252060216137, -0.9238826834630523566, 0.000000000000000000 ) ) ;
#2645 = EDGE_CURVE ( 'NONE', #1968, #5091, #1368, .T. ) ;
#2646 = DIRECTION ( 'NONE',  ( -1.000000000000000000, 0.000000000000000000, 0.000000000000000000 ) ) ;
#2647 = CIRCLE ( 'NONE', #408, 1.300000000000002487 ) ;
#2648 = VERTEX_POINT ( 'NONE', #4993 ) ;
#2649 = DIRECTION ( 'NONE',  ( 1.000000000000000000, 0.000000000000000000, 0.000000000000000000 ) ) ;
#2650 = ORIENTED_EDGE ( 'NONE', *, *, #393, .T. ) ;
#2651 = MECHANICAL_DESIGN_GEOMETRIC_PRESENTATION_REPRESENTATION (  '', ( #1649 ), #3721 ) ;
#2652 = EDGE_CURVE ( 'NONE', #197, #2600, #2240, .T. ) ;
#2653 = APPLICATION_PROTOCOL_DEFINITION ( 'draft international standard', 'automotive_design', 1998, #5039 ) ;
#2654 = DIRECTION ( 'NONE',  ( 0.000000000000000000, 0.000000000000000000, 1.000000000000000000 ) ) ;
#2655 = CARTESIAN_POINT ( 'NONE',  ( 40.00000000000000000, -40.00000000000000000, -2.017369599999999874 ) ) ;
#2656 = VECTOR ( 'NONE', #3957, 1000.000000000000227 ) ;
#2657 = CARTESIAN_POINT ( 'NONE',  ( -0.1903244442189999941, -30.17285150249999859, -0.01736650455699990936 ) ) ;
#2658 = CARTESIAN_POINT ( 'NONE',  ( -5.190324444218999744, -30.42717916249999988, -3.517367124556999958 ) ) ;
#2659 = CARTESIAN_POINT ( 'NONE',  ( -0.04466306421905000268, -30.07552124249999537, -3.517367124556999958 ) ) ;
#2660 = DIRECTION ( 'NONE',  ( 0.000000000000000000, 0.000000000000000000, 1.000000000000000000 ) ) ;
#2661 =( NAMED_UNIT ( * ) PLANE_ANGLE_UNIT ( ) SI_UNIT ( $, .RADIAN. ) );
#2662 = ORIENTED_EDGE ( 'NONE', *, *, #1269, .F. ) ;
#2663 = SURFACE_STYLE_USAGE ( .BOTH. , #1408 ) ;
#2664 = UNCERTAINTY_MEASURE_WITH_UNIT (LENGTH_MEASURE( 1.000000000000000082E-05 ), #2473, 'distance_accuracy_value', 'NONE');
#2665 = VECTOR ( 'NONE', #307, 1000.000000000000227 ) ;
#2666 = LINE ( 'NONE', #1354, #2316 ) ;
#2667 = VERTEX_POINT ( 'NONE', #1042 ) ;
#2668 = DIRECTION ( 'NONE',  ( 0.3827001010250414281, -0.9238726279500996119, 0.000000000000000000 ) ) ;
#2669 = VERTEX_POINT ( 'NONE', #4939 ) ;
#2670 = EDGE_LOOP ( 'NONE', ( #1542, #3237, #1831, #5009 ) ) ;
#2671 = FILL_AREA_STYLE ('',( #3502 ) ) ;
#2672 = ORIENTED_EDGE ( 'NONE', *, *, #2510, .F. ) ;
#2673 = EDGE_CURVE ( 'NONE', #781, #313, #3374, .T. ) ;
#2674 = DIRECTION ( 'NONE',  ( -1.000000000000000000, 0.000000000000000000, 0.000000000000000000 ) ) ;
#2675 = ORIENTED_EDGE ( 'NONE', *, *, #1367, .F. ) ;
#2676 = FILL_AREA_STYLE ('',( #3485 ) ) ;
#2677 = CARTESIAN_POINT ( 'NONE',  ( 0.000000000000000000, 0.000000000000000000, 0.000000000000000000 ) ) ;
#2678 = SURFACE_STYLE_FILL_AREA ( #1482 ) ;
#2679 = PRESENTATION_LAYER_ASSIGNMENT (  '', '', ( #4916 ) ) ;
#2680 = CARTESIAN_POINT ( 'NONE',  ( 14.69999999999999929, -43.00000000000000000, -2.017369599999999874 ) ) ;
#2681 = PLANE ( 'NONE',  #193 ) ;
#2682 = EDGE_CURVE ( 'NONE', #2067, #311, #594, .T. ) ;
#2683 = FILL_AREA_STYLE ('',( #3125 ) ) ;
#2684 = CIRCLE ( 'NONE', #24, 1.498841284246002159 ) ;
#2685 = VECTOR ( 'NONE', #5022, 1000.000000000000000 ) ;
#2686 = SURFACE_SIDE_STYLE ('',( #5058 ) ) ;
#2687 =( NAMED_UNIT ( * ) PLANE_ANGLE_UNIT ( ) SI_UNIT ( $, .RADIAN. ) );
#2688 = FACE_OUTER_BOUND ( 'NONE', #4451, .T. ) ;
#2689 = LINE ( 'NONE', #301, #706 ) ;
#2690 = PRESENTATION_LAYER_ASSIGNMENT (  '', '', ( #1187 ) ) ;
#2691 = VECTOR ( 'NONE', #2668, 999.9999999999998863 ) ;
#2692 = VERTEX_POINT ( 'NONE', #4966 ) ;
#2693 = FACE_OUTER_BOUND ( 'NONE', #3010, .T. ) ;
#2694 = DIRECTION ( 'NONE',  ( 0.000000000000000000, 0.000000000000000000, 1.000000000000000000 ) ) ;
#2695 = CARTESIAN_POINT ( 'NONE',  ( 38.69999999999999574, -40.00000000000000000, -2.017369599999999874 ) ) ;
#2696 =( LENGTH_UNIT ( ) NAMED_UNIT ( * ) SI_UNIT ( .MILLI., .METRE. ) );
#2697 = ORIENTED_EDGE ( 'NONE', *, *, #1532, .T. ) ;
#2698 = VECTOR ( 'NONE', #2372, 1000.000000000000000 ) ;
#2699 = FILL_AREA_STYLE_COLOUR ( '', #3975 ) ;
#2700 = ORIENTED_EDGE ( 'NONE', *, *, #3576, .T. ) ;
#2701 = FILL_AREA_STYLE ('',( #703 ) ) ;
#2702 = ORIENTED_EDGE ( 'NONE', *, *, #487, .T. ) ;
#2703 = STYLED_ITEM ( 'NONE', ( #3565 ), #4932 ) ;
#2704 = DIRECTION ( 'NONE',  ( -0.9999997009467437303, 0.0007733734047231480583, 0.000000000000000000 ) ) ;
#2705 = APPLICATION_PROTOCOL_DEFINITION ( 'draft international standard', 'automotive_design', 1998, #4775 ) ;
#2706 =( GEOMETRIC_REPRESENTATION_CONTEXT ( 3 ) GLOBAL_UNCERTAINTY_ASSIGNED_CONTEXT ( ( #2253 ) ) GLOBAL_UNIT_ASSIGNED_CONTEXT ( ( #1118, #362, #4298 ) ) REPRESENTATION_CONTEXT ( 'NONE', 'WORKASPACE' ) );
#2707 = EDGE_CURVE ( 'NONE', #4183, #3035, #1834, .T. ) ;
#2708 = SURFACE_STYLE_FILL_AREA ( #4732 ) ;
#2709 = EDGE_CURVE ( 'NONE', #4268, #1752, #2269, .T. ) ;
#2710 = LINE ( 'NONE', #2299, #3192 ) ;
#2711 =( LENGTH_UNIT ( ) NAMED_UNIT ( * ) SI_UNIT ( .MILLI., .METRE. ) );
#2712 = FACE_OUTER_BOUND ( 'NONE', #3823, .T. ) ;
#2713 =( NAMED_UNIT ( * ) PLANE_ANGLE_UNIT ( ) SI_UNIT ( $, .RADIAN. ) );
#2714 = EDGE_CURVE ( 'NONE', #381, #1803, #1452, .T. ) ;
#2715 = CARTESIAN_POINT ( 'NONE',  ( -18.30000000000000071, -38.50000000000000000, 0.000000000000000000 ) ) ;
#2716 = ORIENTED_EDGE ( 'NONE', *, *, #1236, .T. ) ;
#2717 = SURFACE_STYLE_USAGE ( .BOTH. , #1172 ) ;
#2718 = UNCERTAINTY_MEASURE_WITH_UNIT (LENGTH_MEASURE( 1.000000000000000082E-05 ), #3106, 'distance_accuracy_value', 'NONE');
#2719 = SURFACE_STYLE_FILL_AREA ( #1073 ) ;
#2720 = MECHANICAL_DESIGN_GEOMETRIC_PRESENTATION_REPRESENTATION (  '', ( #4704 ), #1793 ) ;
#2721 = DIRECTION ( 'NONE',  ( 0.000000000000000000, 0.000000000000000000, -1.000000000000000000 ) ) ;
#2722 = EDGE_LOOP ( 'NONE', ( #705, #921, #1733, #2797 ) ) ;
#2723 = DIRECTION ( 'NONE',  ( -1.000000000000000000, 0.000000000000000000, 0.000000000000000000 ) ) ;
#2724 = UNCERTAINTY_MEASURE_WITH_UNIT (LENGTH_MEASURE( 1.000000000000000082E-05 ), #4065, 'distance_accuracy_value', 'NONE');
#2725 = LINE ( 'NONE', #2779, #972 ) ;
#2726 = VERTEX_POINT ( 'NONE', #1012 ) ;
#2727 = AXIS2_PLACEMENT_3D ( 'NONE', #3399, #954, #1787 ) ;
#2728 = OPEN_SHELL ( 'NONE', ( #2208, #353, #3894, #3609, #3992, #3758, #2431, #4104, #1626 ) ) ;
#2729 =( NAMED_UNIT ( * ) SI_UNIT ( $, .STERADIAN. ) SOLID_ANGLE_UNIT ( ) );
#2730 = ORIENTED_EDGE ( 'NONE', *, *, #3727, .F. ) ;
#2731 =( NAMED_UNIT ( * ) PLANE_ANGLE_UNIT ( ) SI_UNIT ( $, .RADIAN. ) );
#2732 = CARTESIAN_POINT ( 'NONE',  ( -0.2245001442189999974, -30.34466980249999679, -3.517367124556999958 ) ) ;
#2733 = DIRECTION ( 'NONE',  ( 0.000000000000000000, -1.000000000000000000, 0.000000000000000000 ) ) ;
#2734 = VECTOR ( 'NONE', #2402, 1000.000000000000000 ) ;
#2735 = LINE ( 'NONE', #2004, #182 ) ;
#2736 = CARTESIAN_POINT ( 'NONE',  ( 0.1271552357809999922, -30.10969948249999817, -3.517367124556999958 ) ) ;
#2737 = DIRECTION ( 'NONE',  ( 1.000000000000000000, 0.000000000000000000, 0.000000000000000000 ) ) ;
#2738 = PRESENTATION_STYLE_ASSIGNMENT (( #3542 ) ) ;
#2739 = AXIS2_PLACEMENT_3D ( 'NONE', #4600, #1447, #1830 ) ;
#2740 = CARTESIAN_POINT ( 'NONE',  ( -21.50000000000000000, 38.50000000000000000, -2.017369599999999874 ) ) ;
#2741 = VERTEX_POINT ( 'NONE', #4134 ) ;
#2742 = FILL_AREA_STYLE_COLOUR ( '', #1521 ) ;
#2743 = EDGE_CURVE ( 'NONE', #2231, #2669, #4629, .T. ) ;
#2744 =( NAMED_UNIT ( * ) PLANE_ANGLE_UNIT ( ) SI_UNIT ( $, .RADIAN. ) );
#2745 = AXIS2_PLACEMENT_3D ( 'NONE', #3497, #1961, #723 ) ;
#2746 = ORIENTED_EDGE ( 'NONE', *, *, #3302, .T. ) ;
#2747 = SURFACE_STYLE_USAGE ( .BOTH. , #43 ) ;
#2748 = SURFACE_SIDE_STYLE ('',( #3529 ) ) ;
#2749 = EDGE_CURVE ( 'NONE', #4672, #1386, #2593, .T. ) ;
#2750 = PRESENTATION_LAYER_ASSIGNMENT (  '', '', ( #1004 ) ) ;
#2751 = FACE_BOUND ( 'NONE', #2846, .T. ) ;
#2752 = PLANE ( 'NONE',  #3202 ) ;
#2753 = SURFACE_STYLE_FILL_AREA ( #4295 ) ;
#2754 = ORIENTED_EDGE ( 'NONE', *, *, #4137, .F. ) ;
#2755 = SURFACE_STYLE_USAGE ( .BOTH. , #4355 ) ;
#2756 =( NAMED_UNIT ( * ) PLANE_ANGLE_UNIT ( ) SI_UNIT ( $, .RADIAN. ) );
#2757 = DIRECTION ( 'NONE',  ( 1.000000000000000000, 0.000000000000000000, 0.000000000000000000 ) ) ;
#2758 = SURFACE_STYLE_FILL_AREA ( #2683 ) ;
#2759 =( GEOMETRIC_REPRESENTATION_CONTEXT ( 3 ) GLOBAL_UNCERTAINTY_ASSIGNED_CONTEXT ( ( #3753 ) ) GLOBAL_UNIT_ASSIGNED_CONTEXT ( ( #879, #2094, #2120 ) ) REPRESENTATION_CONTEXT ( 'NONE', 'WORKASPACE' ) );
#2760 = CARTESIAN_POINT ( 'NONE',  ( -9.021807453828001755, -27.99999553195000246, 1.649998507907000089 ) ) ;
#2761 = SURFACE_STYLE_FILL_AREA ( #1541 ) ;
#2762 = DIRECTION ( 'NONE',  ( 0.000000000000000000, 0.000000000000000000, -1.000000000000000000 ) ) ;
#2763 = CARTESIAN_POINT ( 'NONE',  ( -5.127172424218999325, -30.49033118249999674, -3.517367124556999958 ) ) ;
#2764 = ORIENTED_EDGE ( 'NONE', *, *, #2582, .F. ) ;
#2765 = CARTESIAN_POINT ( 'NONE',  ( 0.1271552357809999922, -30.49033118249999674, -3.517367124556999958 ) ) ;
#2766 = COLOUR_RGB ( '',0.000000000000000000, 0.000000000000000000, 0.5019607843137254832 ) ;
#2767 = PRESENTATION_LAYER_ASSIGNMENT (  '', '', ( #780 ) ) ;
#2768 = UNCERTAINTY_MEASURE_WITH_UNIT (LENGTH_MEASURE( 1.000000000000000082E-05 ), #4538, 'distance_accuracy_value', 'NONE');
#2769 =( LENGTH_UNIT ( ) NAMED_UNIT ( * ) SI_UNIT ( .MILLI., .METRE. ) );
#2770 = DIRECTION ( 'NONE',  ( 1.000000000000000000, 0.000000000000000000, 0.000000000000000000 ) ) ;
#2771 = DIRECTION ( 'NONE',  ( -1.000000000000000000, 0.000000000000000000, 0.000000000000000000 ) ) ;
#2772 = COLOUR_RGB ( '',1.000000000000000000, 0.6078431372549019107, 0.000000000000000000 ) ;
#2773 = COLOUR_RGB ( '',0.000000000000000000, 0.5019607843137254832, 0.000000000000000000 ) ;
#2774 = SURFACE_STYLE_USAGE ( .BOTH. , #1546 ) ;
#2775 = EDGE_CURVE ( 'NONE', #4955, #3267, #3587, .T. ) ;
#2776 = VERTEX_POINT ( 'NONE', #1090 ) ;
#2777 = UNCERTAINTY_MEASURE_WITH_UNIT (LENGTH_MEASURE( 1.000000000000000082E-05 ), #3455, 'distance_accuracy_value', 'NONE');
#2778 = ADVANCED_FACE ( 'NONE', ( #1892 ), #415, .T. ) ;
#2779 = CARTESIAN_POINT ( 'NONE',  ( -8.500000000000000000, -9.000000000000000000, 0.000000000000000000 ) ) ;
#2780 = VECTOR ( 'NONE', #790, 1000.000000000000114 ) ;
#2781 = SURFACE_SIDE_STYLE ('',( #1419 ) ) ;
#2782 = FILL_AREA_STYLE ('',( #775 ) ) ;
#2783 = COLOUR_RGB ( '',1.000000000000000000, 0.6078431372549019107, 0.000000000000000000 ) ;
#2784 = CARTESIAN_POINT ( 'NONE',  ( 23.00000000000000000, 41.50000000000000000, -2.017369599999999874 ) ) ;
#2785 = ADVANCED_FACE ( 'NONE', ( #1481 ), #708, .F. ) ;
#2786 = ORIENTED_EDGE ( 'NONE', *, *, #3561, .F. ) ;
#2787 = PRESENTATION_LAYER_ASSIGNMENT (  '', '', ( #377 ) ) ;
#2788 = SURFACE_SIDE_STYLE ('',( #3094 ) ) ;
#2789 = CARTESIAN_POINT ( 'NONE',  ( -5.044663064219049531, -30.52450688249999899, -0.01736650455699990936 ) ) ;
#2790 = COLOUR_RGB ( '',0.000000000000000000, 0.5019607843137254832, 0.000000000000000000 ) ;
#2791 = CARTESIAN_POINT ( 'NONE',  ( -23.00000000000000000, 41.50000000000000000, 0.000000000000000000 ) ) ;
#2792 = PLANE ( 'NONE',  #3886 ) ;
#2793 = VECTOR ( 'NONE', #2104, 999.9999999999998863 ) ;
#2794 = CARTESIAN_POINT ( 'NONE',  ( -7.324219028886552219E-06, -19.30001279249995605, 1.499999539999999909 ) ) ;
#2795 = CARTESIAN_POINT ( 'NONE',  ( -4.809692744218999394, -30.17285150249999859, -3.517367124556999958 ) ) ;
#2796 = LINE ( 'NONE', #4412, #3681 ) ;
#2797 = ORIENTED_EDGE ( 'NONE', *, *, #2709, .F. ) ;
#2798 = LINE ( 'NONE', #3573, #3426 ) ;
#2799 = LINE ( 'NONE', #843, #58 ) ;
#2800 = CARTESIAN_POINT ( 'NONE',  ( 10.69999159578100034, -8.600012602499997882, 1.499999539999999909 ) ) ;
#2801 = EDGE_LOOP ( 'NONE', ( #3215, #2702, #3204, #4713 ) ) ;
#2802 = SURFACE_STYLE_FILL_AREA ( #2045 ) ;
#2803 =( GEOMETRIC_REPRESENTATION_CONTEXT ( 3 ) GLOBAL_UNCERTAINTY_ASSIGNED_CONTEXT ( ( #1299 ) ) GLOBAL_UNIT_ASSIGNED_CONTEXT ( ( #4744, #1960, #327 ) ) REPRESENTATION_CONTEXT ( 'NONE', 'WORKASPACE' ) );
#2804 = EDGE_CURVE ( 'NONE', #674, #2527, #2296, .T. ) ;
#2805 = SURFACE_SIDE_STYLE ('',( #2835 ) ) ;
#2806 = MECHANICAL_DESIGN_GEOMETRIC_PRESENTATION_REPRESENTATION (  '', ( #643 ), #3222 ) ;
#2807 = CARTESIAN_POINT ( 'NONE',  ( 10.00000000000000000, -10.50000000000000000, 0.000000000000000000 ) ) ;
#2808 = ORIENTED_EDGE ( 'NONE', *, *, #3199, .F. ) ;
#2809 = CIRCLE ( 'NONE', #2055, 1.100000000000000311 ) ;
#2810 = AXIS2_PLACEMENT_3D ( 'NONE', #1852, #2977, #3811 ) ;
#2811 = EDGE_CURVE ( 'NONE', #4927, #851, #3147, .T. ) ;
#2812 = ADVANCED_FACE ( 'NONE', ( #3 ), #3880, .T. ) ;
#2813 = PRESENTATION_STYLE_ASSIGNMENT (( #3678 ) ) ;
#2814 = VECTOR ( 'NONE', #1905, 1000.000000000000000 ) ;
#2815 = OPEN_SHELL ( 'NONE', ( #265, #4205, #4897, #3635 ) ) ;
#2816 = DIRECTION ( 'NONE',  ( 0.000000000000000000, 1.000000000000000000, 0.000000000000000000 ) ) ;
#2817 = FACE_OUTER_BOUND ( 'NONE', #612, .T. ) ;
#2818 = ADVANCED_FACE ( 'NONE', ( #469 ), #2464, .T. ) ;
#2819 = CIRCLE ( 'NONE', #1723, 1.300000000000002487 ) ;
#2820 =( NAMED_UNIT ( * ) PLANE_ANGLE_UNIT ( ) SI_UNIT ( $, .RADIAN. ) );
#2821 = CARTESIAN_POINT ( 'NONE',  ( -41.30000000000000426, 40.00000000000000000, -2.017369599999999874 ) ) ;
#2822 = FACE_OUTER_BOUND ( 'NONE', #3737, .T. ) ;
#2823 = FILL_AREA_STYLE_COLOUR ( '', #702 ) ;
#2824 = PRESENTATION_LAYER_ASSIGNMENT (  '', '', ( #2487 ) ) ;
#2825 = VERTEX_POINT ( 'NONE', #4006 ) ;
#2826 = CARTESIAN_POINT ( 'NONE',  ( 0.1271552357809999922, -30.49033118249999674, -3.517367124556999958 ) ) ;
#2827 = FILL_AREA_STYLE ('',( #4087 ) ) ;
#2828 = DIRECTION ( 'NONE',  ( 0.0003646012926752482280, 0.9999999335329464722, 0.000000000000000000 ) ) ;
#2829 = VECTOR ( 'NONE', #4382, 1000.000000000000000 ) ;
#2830 = CARTESIAN_POINT ( 'NONE',  ( -40.00000000000000000, 43.00000000000000000, -2.017369599999999874 ) ) ;
#2831 = ORIENTED_EDGE ( 'NONE', *, *, #2280, .T. ) ;
#2832 = DIRECTION ( 'NONE',  ( 0.000000000000000000, -1.000000000000000000, 0.000000000000000000 ) ) ;
#2833 = UNCERTAINTY_MEASURE_WITH_UNIT (LENGTH_MEASURE( 1.000000000000000082E-05 ), #2769, 'distance_accuracy_value', 'NONE');
#2834 = SURFACE_STYLE_USAGE ( .BOTH. , #4848 ) ;
#2835 = SURFACE_STYLE_FILL_AREA ( #409 ) ;
#2836 =( GEOMETRIC_REPRESENTATION_CONTEXT ( 3 ) GLOBAL_UNCERTAINTY_ASSIGNED_CONTEXT ( ( #3551 ) ) GLOBAL_UNIT_ASSIGNED_CONTEXT ( ( #2696, #3895, #403 ) ) REPRESENTATION_CONTEXT ( 'NONE', 'WORKASPACE' ) );
#2837 = FILL_AREA_STYLE_COLOUR ( '', #2987 ) ;
#2838 = VERTEX_POINT ( 'NONE', #1262 ) ;
#2839 = AXIS2_PLACEMENT_3D ( 'NONE', #4747, #4316, #5140 ) ;
#2840 = EDGE_CURVE ( 'NONE', #279, #1623, #122, .T. ) ;
#2841 = PRESENTATION_STYLE_ASSIGNMENT (( #2030 ) ) ;
#2842 = SURFACE_STYLE_FILL_AREA ( #30 ) ;
#2843 = PLANE ( 'NONE',  #3645 ) ;
#2844 = CARTESIAN_POINT ( 'NONE',  ( 8.977176106171999237, -9.999995971950001561, 1.499998807906999909 ) ) ;
#2845 = ADVANCED_FACE ( 'NONE', ( #4809 ), #96, .F. ) ;
#2846 = EDGE_LOOP ( 'NONE', ( #3184, #5092, #1872, #1593, #75, #1329, #3261, #2293 ) ) ;
#2847 = LINE ( 'NONE', #4459, #773 ) ;
#2848 = FACE_OUTER_BOUND ( 'NONE', #146, .T. ) ;
#2849 = FILL_AREA_STYLE ('',( #3670 ) ) ;
#2850 = LINE ( 'NONE', #482, #44 ) ;
#2851 = VECTOR ( 'NONE', #3695, 1000.000000000000000 ) ;
#2852 = AXIS2_PLACEMENT_3D ( 'NONE', #342, #760, #2351 ) ;
#2853 = ORIENTED_EDGE ( 'NONE', *, *, #2370, .T. ) ;
#2854 = DIRECTION ( 'NONE',  ( 0.000000000000000000, 0.000000000000000000, -1.000000000000000000 ) ) ;
#2855 = LINE ( 'NONE', #3355, #901 ) ;
#2856 =( NAMED_UNIT ( * ) PLANE_ANGLE_UNIT ( ) SI_UNIT ( $, .RADIAN. ) );
#2857 = STYLED_ITEM ( 'NONE', ( #1377 ), #4102 ) ;
#2858 = VECTOR ( 'NONE', #725, 1000.000000000000000 ) ;
#2859 = ORIENTED_EDGE ( 'NONE', *, *, #4926, .F. ) ;
#2860 = VECTOR ( 'NONE', #3644, 1000.000000000000000 ) ;
#2861 = VECTOR ( 'NONE', #3327, 1000.000000000000000 ) ;
#2862 = CARTESIAN_POINT ( 'NONE',  ( -4.775514504218999257, -30.25536086250002654, -3.517367124556999958 ) ) ;
#2863 = CARTESIAN_POINT ( 'NONE',  ( -5.127172424218999325, -30.10969948249999817, -0.01736650455699990936 ) ) ;
#2864 =( LENGTH_UNIT ( ) NAMED_UNIT ( * ) SI_UNIT ( .MILLI., .METRE. ) );
#2865 = EDGE_CURVE ( 'NONE', #4944, #696, #3789, .T. ) ;
#2866 = SURFACE_STYLE_USAGE ( .BOTH. , #1195 ) ;
#2867 = COLOUR_RGB ( '',1.000000000000000000, 0.6078431372549019107, 0.000000000000000000 ) ;
#2868 = EDGE_CURVE ( 'NONE', #1801, #1616, #4547, .T. ) ;
#2869 = DIRECTION ( 'NONE',  ( 0.000000000000000000, 0.000000000000000000, 1.000000000000000000 ) ) ;
#2870 = SURFACE_SIDE_STYLE ('',( #4800 ) ) ;
#2871 = LINE ( 'NONE', #1620, #4881 ) ;
#2872 = ADVANCED_FACE ( 'NONE', ( #4128 ), #3733, .F. ) ;
#2873 = ORIENTED_EDGE ( 'NONE', *, *, #1877, .T. ) ;
#2874 = CARTESIAN_POINT ( 'NONE',  ( -41.30000000000000426, -1.592040838891559095E-16, -2.017369599999999874 ) ) ;
#2875 = UNCERTAINTY_MEASURE_WITH_UNIT (LENGTH_MEASURE( 1.000000000000000082E-05 ), #102, 'distance_accuracy_value', 'NONE');
#2876 = CARTESIAN_POINT ( 'NONE',  ( 21.50115916398700122, 39.99884083601299523, 0.000000000000000000 ) ) ;
#2877 = EDGE_LOOP ( 'NONE', ( #4894, #1387, #36, #616 ) ) ;
#2878 = MANIFOLD_SURFACE_SHAPE_REPRESENTATION ( 'VC Sensor D3 D4 V1.0', ( #3732, #1203 ), #1543 ) ;
#2879 = VECTOR ( 'NONE', #2307, 1000.000000000000000 ) ;
#2880 = SURFACE_STYLE_USAGE ( .BOTH. , #1284 ) ;
#2881 = SURFACE_STYLE_USAGE ( .BOTH. , #3660 ) ;
#2882 = CARTESIAN_POINT ( 'NONE',  ( 41.30000000000000426, -40.00000000000000000, -2.017369599999999874 ) ) ;
#2883 =( GEOMETRIC_REPRESENTATION_CONTEXT ( 3 ) GLOBAL_UNCERTAINTY_ASSIGNED_CONTEXT ( ( #4445 ) ) GLOBAL_UNIT_ASSIGNED_CONTEXT ( ( #3884, #685, #366 ) ) REPRESENTATION_CONTEXT ( 'NONE', 'WORKASPACE' ) );
#2884 = CARTESIAN_POINT ( 'NONE',  ( -4.775514504218999257, -30.34466980249999679, -3.517367124556999958 ) ) ;
#2885 = CIRCLE ( 'NONE', #401, 1.498841284246000383 ) ;
#2886 = VECTOR ( 'NONE', #2394, 1000.000000000000000 ) ;
#2887 = CARTESIAN_POINT ( 'NONE',  ( 10.00000000000000000, -10.50000000000000000, 0.000000000000000000 ) ) ;
#2888 = PRESENTATION_STYLE_ASSIGNMENT (( #1289 ) ) ;
#2889 = SURFACE_STYLE_FILL_AREA ( #524 ) ;
#2890 = DIRECTION ( 'NONE',  ( 0.000000000000000000, 0.000000000000000000, 1.000000000000000000 ) ) ;
#2891 =( NAMED_UNIT ( * ) PLANE_ANGLE_UNIT ( ) SI_UNIT ( $, .RADIAN. ) );
#2892 =( GEOMETRIC_REPRESENTATION_CONTEXT ( 3 ) GLOBAL_UNCERTAINTY_ASSIGNED_CONTEXT ( ( #1159 ) ) GLOBAL_UNIT_ASSIGNED_CONTEXT ( ( #305, #1153, #1106 ) ) REPRESENTATION_CONTEXT ( 'NONE', 'WORKASPACE' ) );
#2893 = SURFACE_SIDE_STYLE ('',( #2477 ) ) ;
#2894 = PRESENTATION_STYLE_ASSIGNMENT (( #4090 ) ) ;
#2895 = SURFACE_STYLE_USAGE ( .BOTH. , #1295 ) ;
#2896 = PLANE ( 'NONE',  #39 ) ;
#2897 = CIRCLE ( 'NONE', #4058, 1.300000000000002487 ) ;
#2898 = EDGE_LOOP ( 'NONE', ( #4871, #2447, #424, #3519 ) ) ;
#2899 = EDGE_CURVE ( 'NONE', #5091, #1322, #3936, .T. ) ;
#2900 = SURFACE_STYLE_USAGE ( .BOTH. , #4898 ) ;
#2901 = STYLED_ITEM ( 'NONE', ( #2991 ), #1599 ) ;
#2902 = FACE_OUTER_BOUND ( 'NONE', #1181, .T. ) ;
#2903 = EDGE_CURVE ( 'NONE', #2924, #4990, #949, .T. ) ;
#2904 = ORIENTED_EDGE ( 'NONE', *, *, #3985, .F. ) ;
#2905 = VECTOR ( 'NONE', #2047, 1000.000000000000000 ) ;
#2906 = CARTESIAN_POINT ( 'NONE',  ( 0.1903072557809999954, -30.17285150249999859, -0.01736650455699990936 ) ) ;
#2907 = AXIS2_PLACEMENT_3D ( 'NONE', #1412, #4618, #2636 ) ;
#2908 = CARTESIAN_POINT ( 'NONE',  ( -0.1271724242190000187, -30.49033118249999674, -3.517367124556999958 ) ) ;
#2909 = ORIENTED_EDGE ( 'NONE', *, *, #2132, .T. ) ;
#2910 =( NAMED_UNIT ( * ) PLANE_ANGLE_UNIT ( ) SI_UNIT ( $, .RADIAN. ) );
#2911 = DIRECTION ( 'NONE',  ( 1.000000000000000000, 0.000000000000000000, 0.000000000000000000 ) ) ;
#2912 = DIRECTION ( 'NONE',  ( 0.000000000000000000, 0.000000000000000000, 1.000000000000000000 ) ) ;
#2913 =( NAMED_UNIT ( * ) SI_UNIT ( $, .STERADIAN. ) SOLID_ANGLE_UNIT ( ) );
#2914 = FACE_OUTER_BOUND ( 'NONE', #531, .T. ) ;
#2915 =( LENGTH_UNIT ( ) NAMED_UNIT ( * ) SI_UNIT ( .MILLI., .METRE. ) );
#2916 = FILL_AREA_STYLE_COLOUR ( '', #1945 ) ;
#2917 = ORIENTED_EDGE ( 'NONE', *, *, #3784, .F. ) ;
#2918 = CARTESIAN_POINT ( 'NONE',  ( -4.872844764218999813, -30.49033118249999674, -3.517367124556999958 ) ) ;
#2919 = UNCERTAINTY_MEASURE_WITH_UNIT (LENGTH_MEASURE( 1.000000000000000082E-05 ), #1239, 'distance_accuracy_value', 'NONE');
#2920 = DIRECTION ( 'NONE',  ( 0.000000000000000000, -1.000000000000000000, 0.000000000000000000 ) ) ;
#2921 =( GEOMETRIC_REPRESENTATION_CONTEXT ( 3 ) GLOBAL_UNCERTAINTY_ASSIGNED_CONTEXT ( ( #18 ) ) GLOBAL_UNIT_ASSIGNED_CONTEXT ( ( #1586, #2731, #3980 ) ) REPRESENTATION_CONTEXT ( 'NONE', 'WORKASPACE' ) );
#2922 = ADVANCED_FACE ( 'NONE', ( #4574 ), #225, .T. ) ;
#2923 = ORIENTED_EDGE ( 'NONE', *, *, #4274, .F. ) ;
#2924 = VERTEX_POINT ( 'NONE', #1754 ) ;
#2925 = VECTOR ( 'NONE', #986, 1000.000000000000000 ) ;
#2926 = EDGE_CURVE ( 'NONE', #4119, #2924, #26, .T. ) ;
#2927 = CARTESIAN_POINT ( 'NONE',  ( 18.89999999999999858, 32.39999999999999858, -2.017369599999999874 ) ) ;
#2928 = LINE ( 'NONE', #1657, #3726 ) ;
#2929 = VECTOR ( 'NONE', #2757, 1000.000000000000000 ) ;
#2930 = CARTESIAN_POINT ( 'NONE',  ( -21.50000000000000000, 38.50000000000000000, -2.017369599999999874 ) ) ;
#2931 = ORIENTED_EDGE ( 'NONE', *, *, #4832, .F. ) ;
#2932 = CARTESIAN_POINT ( 'NONE',  ( 8.977176106171999237, -27.99999553195000246, 1.499998807906999909 ) ) ;
#2933 =( GEOMETRIC_REPRESENTATION_CONTEXT ( 3 ) GLOBAL_UNCERTAINTY_ASSIGNED_CONTEXT ( ( #1570 ) ) GLOBAL_UNIT_ASSIGNED_CONTEXT ( ( #718, #3158, #3964 ) ) REPRESENTATION_CONTEXT ( 'NONE', 'WORKASPACE' ) );
#2934 = EDGE_LOOP ( 'NONE', ( #2953, #4157, #1700, #4546 ) ) ;
#2935 = STYLED_ITEM ( 'NONE', ( #3971 ), #3472 ) ;
#2936 = CARTESIAN_POINT ( 'NONE',  ( -5.190324444218999744, -30.42717916249999988, -0.01736650455699990936 ) ) ;
#2937 = SURFACE_STYLE_FILL_AREA ( #1338 ) ;
#2938 = PLANE ( 'NONE',  #4063 ) ;
#2939 = VECTOR ( 'NONE', #2762, 1000.000000000000000 ) ;
#2940 = FACE_OUTER_BOUND ( 'NONE', #1391, .T. ) ;
#2941 = LINE ( 'NONE', #4558, #3792 ) ;
#2942 = ORIENTED_EDGE ( 'NONE', *, *, #2992, .F. ) ;
#2943 = VECTOR ( 'NONE', #430, 1000.000000000000000 ) ;
#2944 = DIRECTION ( 'NONE',  ( 0.000000000000000000, 0.000000000000000000, 1.000000000000000000 ) ) ;
#2945 = CARTESIAN_POINT ( 'NONE',  ( -38.69999999999999574, -40.00000000000000000, 0.000000000000000000 ) ) ;
#2946 = SURFACE_STYLE_FILL_AREA ( #996 ) ;
#2947 = ORIENTED_EDGE ( 'NONE', *, *, #4589, .T. ) ;
#2948 = SURFACE_STYLE_FILL_AREA ( #1351 ) ;
#2949 = AXIS2_PLACEMENT_3D ( 'NONE', #3747, #3020, #4609 ) ;
#2950 = SURFACE_STYLE_FILL_AREA ( #4203 ) ;
#2951 = DIRECTION ( 'NONE',  ( 1.000000000000000000, 0.000000000000000000, 0.000000000000000000 ) ) ;
#2952 = ORIENTED_EDGE ( 'NONE', *, *, #3226, .T. ) ;
#2953 = ORIENTED_EDGE ( 'NONE', *, *, #3373, .T. ) ;
#2954 = VERTEX_POINT ( 'NONE', #1398 ) ;
#2955 =( LENGTH_UNIT ( ) NAMED_UNIT ( * ) SI_UNIT ( .MILLI., .METRE. ) );
#2956 = CARTESIAN_POINT ( 'NONE',  ( -5.190324444218999744, -30.42717916249999988, -0.01736650455699990936 ) ) ;
#2957 = ORIENTED_EDGE ( 'NONE', *, *, #3197, .F. ) ;
#2958 = EDGE_CURVE ( 'NONE', #2347, #197, #3350, .T. ) ;
#2959 = CARTESIAN_POINT ( 'NONE',  ( 10.69999159578100034, -30.00001298249999593, 0.000000000000000000 ) ) ;
#2960 = COLOUR_RGB ( '',0.000000000000000000, 0.000000000000000000, 0.5019607843137254832 ) ;
#2961 = ORIENTED_EDGE ( 'NONE', *, *, #3788, .F. ) ;
#2962 = DIRECTION ( 'NONE',  ( 0.000000000000000000, 0.000000000000000000, 1.000000000000000000 ) ) ;
#2963 = CARTESIAN_POINT ( 'NONE',  ( -0.1271724242190000187, -30.10969948249999817, -0.01736650455699990936 ) ) ;
#2964 = DIRECTION ( 'NONE',  ( 0.000000000000000000, 1.000000000000000000, 0.000000000000000000 ) ) ;
#2965 = CARTESIAN_POINT ( 'NONE',  ( -11.70000678421900098, -7.600012062499999388, 2.000001080000000098 ) ) ;
#2966 =( LENGTH_UNIT ( ) NAMED_UNIT ( * ) SI_UNIT ( .MILLI., .METRE. ) );
#2967 = EDGE_CURVE ( 'NONE', #453, #973, #2159, .T. ) ;
#2968 = PRESENTATION_STYLE_ASSIGNMENT (( #2161 ) ) ;
#2969 = ORIENTED_EDGE ( 'NONE', *, *, #4408, .T. ) ;
#2970 = VECTOR ( 'NONE', #5077, 1000.000000000000114 ) ;
#2971 = DIRECTION ( 'NONE',  ( 0.000000000000000000, 0.000000000000000000, 1.000000000000000000 ) ) ;
#2972 = CARTESIAN_POINT ( 'NONE',  ( 12.69999267578099911, -6.600016602499999330, 0.000000000000000000 ) ) ;
#2973 = COLOUR_RGB ( '',0.000000000000000000, 0.5019607843137254832, 0.000000000000000000 ) ;
#2974 = AXIS2_PLACEMENT_3D ( 'NONE', #3545, #1105, #2694 ) ;
#2975 = VERTEX_POINT ( 'NONE', #572 ) ;
#2976 = UNCERTAINTY_MEASURE_WITH_UNIT (LENGTH_MEASURE( 1.000000000000000082E-05 ), #979, 'distance_accuracy_value', 'NONE');
#2977 = DIRECTION ( 'NONE',  ( 0.000000000000000000, 0.000000000000000000, -1.000000000000000000 ) ) ;
#2978 = DIRECTION ( 'NONE',  ( 0.000000000000000000, 0.000000000000000000, -1.000000000000000000 ) ) ;
#2979 = ORIENTED_EDGE ( 'NONE', *, *, #3187, .F. ) ;
#2980 =( GEOMETRIC_REPRESENTATION_CONTEXT ( 3 ) GLOBAL_UNCERTAINTY_ASSIGNED_CONTEXT ( ( #2043 ) ) GLOBAL_UNIT_ASSIGNED_CONTEXT ( ( #3102, #2713, #4709 ) ) REPRESENTATION_CONTEXT ( 'NONE', 'WORKASPACE' ) );
#2981 = ORIENTED_EDGE ( 'NONE', *, *, #2101, .T. ) ;
#2982 = ORIENTED_EDGE ( 'NONE', *, *, #2076, .T. ) ;
#2983 =( NAMED_UNIT ( * ) PLANE_ANGLE_UNIT ( ) SI_UNIT ( $, .RADIAN. ) );
#2984 = DIRECTION ( 'NONE',  ( 1.000000000000000000, 0.000000000000000000, 0.000000000000000000 ) ) ;
#2985 = ORIENTED_EDGE ( 'NONE', *, *, #2673, .T. ) ;
#2986 = DIRECTION ( 'NONE',  ( 1.000000000000000000, 0.000000000000000000, 0.000000000000000000 ) ) ;
#2987 = COLOUR_RGB ( '',0.000000000000000000, 0.5019607843137254832, 0.000000000000000000 ) ;
#2988 = ORIENTED_EDGE ( 'NONE', *, *, #487, .F. ) ;
#2989 = CARTESIAN_POINT ( 'NONE',  ( -4.775514504218999257, -30.34466980249999679, -3.517367124556999958 ) ) ;
#2990 = CARTESIAN_POINT ( 'NONE',  ( -4.775514504218999257, -30.25536086250002654, -3.517367124556999958 ) ) ;
#2991 = PRESENTATION_STYLE_ASSIGNMENT (( #4215 ) ) ;
#2992 = EDGE_CURVE ( 'NONE', #4527, #413, #4996, .T. ) ;
#2993 = CIRCLE ( 'NONE', #754, 3.001094402371998981 ) ;
#2994 = DIRECTION ( 'NONE',  ( 0.000000000000000000, 0.000000000000000000, 1.000000000000000000 ) ) ;
#2995 = CARTESIAN_POINT ( 'NONE',  ( -0.04466306421905000268, -30.52450688249999899, -3.517367124556999958 ) ) ;
#2996 = ORIENTED_EDGE ( 'NONE', *, *, #1332, .T. ) ;
#2997 = VECTOR ( 'NONE', #4438, 1000.000000000000000 ) ;
#2998 = FILL_AREA_STYLE ('',( #239 ) ) ;
#2999 = DIRECTION ( 'NONE',  ( 0.9238726279500996119, -0.3827001010250414281, 0.000000000000000000 ) ) ;
#3000 = EDGE_CURVE ( 'NONE', #2587, #2067, #1264, .T. ) ;
#3001 = CARTESIAN_POINT ( 'NONE',  ( 18.30000000000000071, -38.50000000000000000, -2.017369599999999874 ) ) ;
#3002 = PLANE ( 'NONE',  #3607 ) ;
#3003 = EDGE_LOOP ( 'NONE', ( #1350, #4757, #2961, #2162 ) ) ;
#3004 =( NAMED_UNIT ( * ) PLANE_ANGLE_UNIT ( ) SI_UNIT ( $, .RADIAN. ) );
#3005 = FACE_OUTER_BOUND ( 'NONE', #3650, .T. ) ;
#3006 = VERTEX_POINT ( 'NONE', #2546 ) ;
#3007 = ORIENTED_EDGE ( 'NONE', *, *, #456, .T. ) ;
#3008 = COLOUR_RGB ( '',1.000000000000000000, 0.6078431372549019107, 0.000000000000000000 ) ;
#3009 = CARTESIAN_POINT ( 'NONE',  ( 17.80000000000000071, 32.39999999999999858, 0.000000000000000000 ) ) ;
#3010 = EDGE_LOOP ( 'NONE', ( #894, #3941, #2535, #4044 ) ) ;
#3011 = STYLED_ITEM ( 'NONE', ( #1424 ), #3057 ) ;
#3012 = DIRECTION ( 'NONE',  ( 0.000000000000000000, -1.000000000000000000, 0.000000000000000000 ) ) ;
#3013 = FILL_AREA_STYLE_COLOUR ( '', #1014 ) ;
#3014 = CIRCLE ( 'NONE', #1032, 1.300000000000002487 ) ;
#3015 = VECTOR ( 'NONE', #1120, 1000.000000000000000 ) ;
#3016 = CYLINDRICAL_SURFACE ( 'NONE', #2130, 1.300000000000002487 ) ;
#3017 = ORIENTED_EDGE ( 'NONE', *, *, #1189, .T. ) ;
#3018 = EDGE_CURVE ( 'NONE', #4985, #1040, #1340, .T. ) ;
#3019 = EDGE_CURVE ( 'NONE', #2285, #1247, #4532, .T. ) ;
#3020 = DIRECTION ( 'NONE',  ( 0.000000000000000000, 0.000000000000000000, 1.000000000000000000 ) ) ;
#3021 = FACE_OUTER_BOUND ( 'NONE', #2218, .T. ) ;
#3022 = VERTEX_POINT ( 'NONE', #264 ) ;
#3023 = SURFACE_STYLE_FILL_AREA ( #999 ) ;
#3024 = UNCERTAINTY_MEASURE_WITH_UNIT (LENGTH_MEASURE( 1.000000000000000082E-05 ), #4557, 'distance_accuracy_value', 'NONE');
#3025 = CARTESIAN_POINT ( 'NONE',  ( -8.500000000000000000, -9.000000000000000000, 0.000000000000000000 ) ) ;
#3026 = VECTOR ( 'NONE', #3602, 1000.000000000000000 ) ;
#3027 = EDGE_CURVE ( 'NONE', #1373, #2606, #1811, .T. ) ;
#3028 = EDGE_CURVE ( 'NONE', #4915, #1128, #4677, .T. ) ;
#3029 = CARTESIAN_POINT ( 'NONE',  ( 10.69999159578100034, -30.00001298249999593, 0.000000000000000000 ) ) ;
#3030 = CIRCLE ( 'NONE', #2949, 1.300000000000002487 ) ;
#3031 = PRESENTATION_STYLE_ASSIGNMENT (( #248 ) ) ;
#3032 = ORIENTED_EDGE ( 'NONE', *, *, #3930, .T. ) ;
#3033 = EDGE_LOOP ( 'NONE', ( #4495, #4642, #174, #1653 ) ) ;
#3034 = EDGE_CURVE ( 'NONE', #2667, #2600, #1044, .T. ) ;
#3035 = VERTEX_POINT ( 'NONE', #2965 ) ;
#3036 = SURFACE_STYLE_USAGE ( .BOTH. , #2149 ) ;
#3037 = SURFACE_STYLE_FILL_AREA ( #4210 ) ;
#3038 = ORIENTED_EDGE ( 'NONE', *, *, #3018, .F. ) ;
#3039 = LINE ( 'NONE', #5048, #1712 ) ;
#3040 = ORIENTED_EDGE ( 'NONE', *, *, #328, .F. ) ;
#3041 = DIRECTION ( 'NONE',  ( -0.3826758252060215582, 0.9238826834630522455, 0.000000000000000000 ) ) ;
#3042 = CARTESIAN_POINT ( 'NONE',  ( -0.1903244442189999941, -30.42717916249999988, -0.01736650455699990936 ) ) ;
#3043 = LINE ( 'NONE', #3432, #4728 ) ;
#3044 = DIRECTION ( 'NONE',  ( 0.000000000000000000, 0.000000000000000000, 1.000000000000000000 ) ) ;
#3045 = DIRECTION ( 'NONE',  ( -0.9999999335329464722, 0.0003646012926752482280, 0.000000000000000000 ) ) ;
#3046 = CARTESIAN_POINT ( 'NONE',  ( 38.69999999999999574, 40.00000000000000000, 0.000000000000000000 ) ) ;
#3047 =( NAMED_UNIT ( * ) PLANE_ANGLE_UNIT ( ) SI_UNIT ( $, .RADIAN. ) );
#3048 = CIRCLE ( 'NONE', #4048, 3.001094402371998981 ) ;
#3049 = SURFACE_STYLE_FILL_AREA ( #5109 ) ;
#3050 = SURFACE_SIDE_STYLE ('',( #1461 ) ) ;
#3051 = FILL_AREA_STYLE ('',( #1871 ) ) ;
#3052 = ORIENTED_EDGE ( 'NONE', *, *, #4654, .T. ) ;
#3053 = DIRECTION ( 'NONE',  ( 1.000000000000000000, 0.000000000000000000, 0.000000000000000000 ) ) ;
#3054 = PRESENTATION_STYLE_ASSIGNMENT (( #5065 ) ) ;
#3055 =( NAMED_UNIT ( * ) PLANE_ANGLE_UNIT ( ) SI_UNIT ( $, .RADIAN. ) );
#3056 = OPEN_SHELL ( 'NONE', ( #2482, #1908, #5095, #230, #4275, #4375, #4348, #464, #3190, #3446, #3057, #4079, #1293, #4430, #2271 ) ) ;
#3057 = ADVANCED_FACE ( 'NONE', ( #2940 ), #3433, .T. ) ;
#3058 = VERTEX_POINT ( 'NONE', #4633 ) ;
#3059 = LINE ( 'NONE', #3499, #2691 ) ;
#3060 = EDGE_CURVE ( 'NONE', #851, #3288, #4357, .T. ) ;
#3061 = VERTEX_POINT ( 'NONE', #3177 ) ;
#3062 = CIRCLE ( 'NONE', #825, 1.300000000000000044 ) ;
#3063 = ORIENTED_EDGE ( 'NONE', *, *, #2749, .T. ) ;
#3064 = SURFACE_SIDE_STYLE ('',( #2346 ) ) ;
#3065 = EDGE_CURVE ( 'NONE', #2975, #2493, #2298, .T. ) ;
#3066 = ORIENTED_EDGE ( 'NONE', *, *, #2099, .F. ) ;
#3067 = ORIENTED_EDGE ( 'NONE', *, *, #1399, .T. ) ;
#3068 = AXIS2_PLACEMENT_3D ( 'NONE', #497, #2078, #2096 ) ;
#3069 = LINE ( 'NONE', #654, #329 ) ;
#3070 = PRESENTATION_STYLE_ASSIGNMENT (( #2380 ) ) ;
#3071 = CARTESIAN_POINT ( 'NONE',  ( -39.99890579710000083, 39.99890579710099558, -2.017369599999999874 ) ) ;
#3072 = LINE ( 'NONE', #2300, #4708 ) ;
#3073 =( LENGTH_UNIT ( ) NAMED_UNIT ( * ) SI_UNIT ( .MILLI., .METRE. ) );
#3074 =( GEOMETRIC_REPRESENTATION_CONTEXT ( 3 ) GLOBAL_UNCERTAINTY_ASSIGNED_CONTEXT ( ( #4847 ) ) GLOBAL_UNIT_ASSIGNED_CONTEXT ( ( #3368, #386, #2292 ) ) REPRESENTATION_CONTEXT ( 'NONE', 'WORKASPACE' ) );
#3075 = LINE ( 'NONE', #2736, #4785 ) ;
#3076 = DIRECTION ( 'NONE',  ( 0.000000000000000000, 0.000000000000000000, 1.000000000000000000 ) ) ;
#3077 = DIRECTION ( 'NONE',  ( -1.000000010007988968E-07, -0.9999999999999950040, 0.000000000000000000 ) ) ;
#3078 = ORIENTED_EDGE ( 'NONE', *, *, #2868, .T. ) ;
#3079 = UNCERTAINTY_MEASURE_WITH_UNIT (LENGTH_MEASURE( 1.000000000000000082E-05 ), #4092, 'distance_accuracy_value', 'NONE');
#3080 = VECTOR ( 'NONE', #610, 1000.000000000000000 ) ;
#3081 = DIRECTION ( 'NONE',  ( 1.000000000000000000, 0.000000000000000000, 0.000000000000000000 ) ) ;
#3082 = SURFACE_SIDE_STYLE ('',( #1496 ) ) ;
#3083 = FILL_AREA_STYLE ('',( #1520 ) ) ;
#3084 = SURFACE_SIDE_STYLE ('',( #5038 ) ) ;
#3085 = VERTEX_POINT ( 'NONE', #1144 ) ;
#3086 = LINE ( 'NONE', #332, #1849 ) ;
#3087 = EDGE_LOOP ( 'NONE', ( #3793, #1795, #3242, #3842 ) ) ;
#3088 = VERTEX_POINT ( 'NONE', #2680 ) ;
#3089 = EDGE_CURVE ( 'NONE', #1420, #1474, #4328, .T. ) ;
#3090 = CARTESIAN_POINT ( 'NONE',  ( -12.70000732421899947, -32.00001406250000002, 2.540000000000000036 ) ) ;
#3091 = EDGE_LOOP ( 'NONE', ( #1585, #1884, #2088, #1882 ) ) ;
#3092 = FILL_AREA_STYLE ('',( #3825 ) ) ;
#3093 = EDGE_CURVE ( 'NONE', #3159, #2112, #2325, .T. ) ;
#3094 = SURFACE_STYLE_FILL_AREA ( #3175 ) ;
#3095 =( NAMED_UNIT ( * ) SI_UNIT ( $, .STERADIAN. ) SOLID_ANGLE_UNIT ( ) );
#3096 = VECTOR ( 'NONE', #2142, 1000.000000000000000 ) ;
#3097 = AXIS2_PLACEMENT_3D ( 'NONE', #1763, #231, #2625 ) ;
#3098 =( NAMED_UNIT ( * ) PLANE_ANGLE_UNIT ( ) SI_UNIT ( $, .RADIAN. ) );
#3099 = CARTESIAN_POINT ( 'NONE',  ( 9.499991455780998351, -28.49999453194999788, 1.499998807906999909 ) ) ;
#3100 = MECHANICAL_DESIGN_GEOMETRIC_PRESENTATION_REPRESENTATION (  '', ( #187 ), #602 ) ;
#3101 =( GEOMETRIC_REPRESENTATION_CONTEXT ( 3 ) GLOBAL_UNCERTAINTY_ASSIGNED_CONTEXT ( ( #486 ) ) GLOBAL_UNIT_ASSIGNED_CONTEXT ( ( #2077, #1656, #4854 ) ) REPRESENTATION_CONTEXT ( 'NONE', 'WORKASPACE' ) );
#3102 =( LENGTH_UNIT ( ) NAMED_UNIT ( * ) SI_UNIT ( .MILLI., .METRE. ) );
#3103 =( NAMED_UNIT ( * ) PLANE_ANGLE_UNIT ( ) SI_UNIT ( $, .RADIAN. ) );
#3104 = PRESENTATION_LAYER_ASSIGNMENT (  '', '', ( #1111 ) ) ;
#3105 = VERTEX_POINT ( 'NONE', #3460 ) ;
#3106 =( LENGTH_UNIT ( ) NAMED_UNIT ( * ) SI_UNIT ( .MILLI., .METRE. ) );
#3107 = CYLINDRICAL_SURFACE ( 'NONE', #3133, 1.100000000000000311 ) ;
#3108 = VECTOR ( 'NONE', #2528, 1000.000000000000227 ) ;
#3109 = DIRECTION ( 'NONE',  ( 1.000000000000000000, 0.000000000000000000, 0.000000000000000000 ) ) ;
#3110 = EDGE_LOOP ( 'NONE', ( #770, #3774, #1744, #120 ) ) ;
#3111 = DIRECTION ( 'NONE',  ( 1.000000000000000000, 0.000000000000000000, 0.000000000000000000 ) ) ;
#3112 = STYLED_ITEM ( 'NONE', ( #2354 ), #4486 ) ;
#3113 = ORIENTED_EDGE ( 'NONE', *, *, #133, .T. ) ;
#3114 = VECTOR ( 'NONE', #2066, 1000.000000000000000 ) ;
#3115 = DIRECTION ( 'NONE',  ( 0.000000000000000000, -1.000000000000000000, 0.000000000000000000 ) ) ;
#3116 =( LENGTH_UNIT ( ) NAMED_UNIT ( * ) SI_UNIT ( .MILLI., .METRE. ) );
#3117 = ORIENTED_EDGE ( 'NONE', *, *, #1173, .F. ) ;
#3118 = VECTOR ( 'NONE', #4561, 1000.000000000000000 ) ;
#3119 =( NAMED_UNIT ( * ) PLANE_ANGLE_UNIT ( ) SI_UNIT ( $, .RADIAN. ) );
#3120 = PRESENTATION_LAYER_ASSIGNMENT (  '', '', ( #304 ) ) ;
#3121 = CYLINDRICAL_SURFACE ( 'NONE', #2330, 1.498841284246000383 ) ;
#3122 = LINE ( 'NONE', #2791, #3015 ) ;
#3123 = EDGE_CURVE ( 'NONE', #4212, #2169, #1895, .T. ) ;
#3124 = DIRECTION ( 'NONE',  ( 0.000000000000000000, 0.000000000000000000, -1.000000000000000000 ) ) ;
#3125 = FILL_AREA_STYLE_COLOUR ( '', #4392 ) ;
#3126 = FILL_AREA_STYLE_COLOUR ( '', #2529 ) ;
#3127 = DIRECTION ( 'NONE',  ( 1.000000000000000000, 0.000000000000000000, 0.000000000000000000 ) ) ;
#3128 = CARTESIAN_POINT ( 'NONE',  ( -8.500000000000000000, -29.00000000000000000, 0.000000000000000000 ) ) ;
#3129 = EDGE_CURVE ( 'NONE', #311, #338, #3122, .T. ) ;
#3130 = ORIENTED_EDGE ( 'NONE', *, *, #259, .T. ) ;
#3131 = SURFACE_STYLE_USAGE ( .BOTH. , #1518 ) ;
#3132 =( LENGTH_UNIT ( ) NAMED_UNIT ( * ) SI_UNIT ( .MILLI., .METRE. ) );
#3133 = AXIS2_PLACEMENT_3D ( 'NONE', #4341, #4690, #4258 ) ;
#3134 = DIRECTION ( 'NONE',  ( -0.9238826834630522455, 0.3826758252060215582, 0.000000000000000000 ) ) ;
#3135 =( NAMED_UNIT ( * ) PLANE_ANGLE_UNIT ( ) SI_UNIT ( $, .RADIAN. ) );
#3136 = COLOUR_RGB ( '',1.000000000000000000, 1.000000000000000000, 1.000000000000000000 ) ;
#3137 = ORIENTED_EDGE ( 'NONE', *, *, #769, .T. ) ;
#3138 = UNCERTAINTY_MEASURE_WITH_UNIT (LENGTH_MEASURE( 1.000000000000000082E-05 ), #923, 'distance_accuracy_value', 'NONE');
#3139 = ORIENTED_EDGE ( 'NONE', *, *, #3093, .T. ) ;
#3140 = PRESENTATION_LAYER_ASSIGNMENT (  '', '', ( #4632 ) ) ;
#3141 = STYLED_ITEM ( 'NONE', ( #4752 ), #8 ) ;
#3142 =( NAMED_UNIT ( * ) PLANE_ANGLE_UNIT ( ) SI_UNIT ( $, .RADIAN. ) );
#3143 = CARTESIAN_POINT ( 'NONE',  ( 40.00000000000000000, -43.00000000000000000, 0.000000000000000000 ) ) ;
#3144 = CARTESIAN_POINT ( 'NONE',  ( -0.2245001442189999974, -30.25536086250002654, -3.517367124556999958 ) ) ;
#3145 = AXIS2_PLACEMENT_3D ( 'NONE', #1317, #3995, #910 ) ;
#3146 = ORIENTED_EDGE ( 'NONE', *, *, #3561, .T. ) ;
#3147 = LINE ( 'NONE', #783, #1016 ) ;
#3148 = VECTOR ( 'NONE', #4448, 1000.000000000000000 ) ;
#3149 = DIRECTION ( 'NONE',  ( -1.000000000000000000, 0.000000000000000000, 0.000000000000000000 ) ) ;
#3150 = CARTESIAN_POINT ( 'NONE',  ( -7.641719011059001422E-06, -19.30001469749997511, 2.540000000000000036 ) ) ;
#3151 = DIRECTION ( 'NONE',  ( 0.7071067811865475727, 0.7071067811865475727, 0.000000000000000000 ) ) ;
#3152 = EDGE_CURVE ( 'NONE', #2074, #673, #1559, .T. ) ;
#3153 = CARTESIAN_POINT ( 'NONE',  ( 0.2244854957809999940, -30.34466980249999679, -3.517367124556999958 ) ) ;
#3154 =( NAMED_UNIT ( * ) PLANE_ANGLE_UNIT ( ) SI_UNIT ( $, .RADIAN. ) );
#3155 = CARTESIAN_POINT ( 'NONE',  ( 0.04464587578097000548, -30.07552124249999537, -3.517367124556999958 ) ) ;
#3156 = FILL_AREA_STYLE_COLOUR ( '', #867 ) ;
#3157 = PRESENTATION_LAYER_ASSIGNMENT (  '', '', ( #4151 ) ) ;
#3158 =( NAMED_UNIT ( * ) PLANE_ANGLE_UNIT ( ) SI_UNIT ( $, .RADIAN. ) );
#3159 = VERTEX_POINT ( 'NONE', #758 ) ;
#3160 = PRESENTATION_STYLE_ASSIGNMENT (( #2717 ) ) ;
#3161 =( LENGTH_UNIT ( ) NAMED_UNIT ( * ) SI_UNIT ( .MILLI., .METRE. ) );
#3162 = LINE ( 'NONE', #2361, #4471 ) ;
#3163 = STYLED_ITEM ( 'NONE', ( #4423 ), #2044 ) ;
#3164 = EDGE_CURVE ( 'NONE', #973, #4956, #933, .T. ) ;
#3165 = FILL_AREA_STYLE ('',( #1131 ) ) ;
#3166 = DIRECTION ( 'NONE',  ( 0.9999999335329464722, -0.0003646012926752482280, 0.000000000000000000 ) ) ;
#3167 = CIRCLE ( 'NONE', #4249, 1.100000000000000311 ) ;
#3168 = EDGE_LOOP ( 'NONE', ( #3397, #229, #1415, #2730 ) ) ;
#3169 = CARTESIAN_POINT ( 'NONE',  ( -8.500000000000000000, -29.00000000000000000, -2.017369599999999874 ) ) ;
#3170 = DIRECTION ( 'NONE',  ( 0.9238726279500996119, -0.3827001010250414281, 0.000000000000000000 ) ) ;
#3171 = STYLED_ITEM ( 'NONE', ( #2894 ), #2436 ) ;
#3172 = CARTESIAN_POINT ( 'NONE',  ( 11.69999213578100061, -7.600014602499998162, 2.540000000000000036 ) ) ;
#3173 = DIRECTION ( 'NONE',  ( 0.000000000000000000, 0.000000000000000000, 1.000000000000000000 ) ) ;
#3174 = EDGE_LOOP ( 'NONE', ( #1962, #4544, #3729, #5003 ) ) ;
#3175 = FILL_AREA_STYLE ('',( #1509 ) ) ;
#3176 = CARTESIAN_POINT ( 'NONE',  ( 8.501159163987001222, -27.50115916397999527, -2.017369599999999874 ) ) ;
#3177 = CARTESIAN_POINT ( 'NONE',  ( 8.977176106171999237, -9.999995971950001561, 1.499998807906999909 ) ) ;
#3178 = SURFACE_STYLE_FILL_AREA ( #3208 ) ;
#3179 = CIRCLE ( 'NONE', #4506, 3.001094402371998981 ) ;
#3180 =( LENGTH_UNIT ( ) NAMED_UNIT ( * ) SI_UNIT ( .MILLI., .METRE. ) );
#3181 = DIRECTION ( 'NONE',  ( 1.000000000000000000, 0.000000000000000000, 0.000000000000000000 ) ) ;
#3182 = CARTESIAN_POINT ( 'NONE',  ( 41.30000000000000426, 0.000000000000000000, -2.017369599999999874 ) ) ;
#3183 = CARTESIAN_POINT ( 'NONE',  ( 8.500000000000000000, -29.00000000000000000, -2.017369599999999874 ) ) ;
#3184 = ORIENTED_EDGE ( 'NONE', *, *, #2099, .T. ) ;
#3185 = CARTESIAN_POINT ( 'NONE',  ( -39.99890579710000083, 39.99890579710099558, -2.017369599999999874 ) ) ;
#3186 = VECTOR ( 'NONE', #2869, 1000.000000000000000 ) ;
#3187 = EDGE_CURVE ( 'NONE', #1128, #1752, #341, .T. ) ;
#3188 = DIRECTION ( 'NONE',  ( 0.000000000000000000, 0.000000000000000000, -1.000000000000000000 ) ) ;
#3189 =( NAMED_UNIT ( * ) SI_UNIT ( $, .STERADIAN. ) SOLID_ANGLE_UNIT ( ) );
#3190 = ADVANCED_FACE ( 'NONE', ( #1536 ), #1953, .T. ) ;
#3191 = SURFACE_STYLE_USAGE ( .BOTH. , #4393 ) ;
#3192 = VECTOR ( 'NONE', #759, 1000.000000000000000 ) ;
#3193 = MECHANICAL_DESIGN_GEOMETRIC_PRESENTATION_REPRESENTATION (  '', ( #2187 ), #3430 ) ;
#3194 = ORIENTED_EDGE ( 'NONE', *, *, #3950, .T. ) ;
#3195 = FACE_OUTER_BOUND ( 'NONE', #3483, .T. ) ;
#3196 = UNCERTAINTY_MEASURE_WITH_UNIT (LENGTH_MEASURE( 1.000000000000000082E-05 ), #969, 'distance_accuracy_value', 'NONE');
#3197 = EDGE_CURVE ( 'NONE', #4678, #4165, #2349, .T. ) ;
#3198 = FACE_OUTER_BOUND ( 'NONE', #4695, .T. ) ;
#3199 = EDGE_CURVE ( 'NONE', #1128, #4915, #2513, .T. ) ;
#3200 =( GEOMETRIC_REPRESENTATION_CONTEXT ( 3 ) GLOBAL_UNCERTAINTY_ASSIGNED_CONTEXT ( ( #3865 ) ) GLOBAL_UNIT_ASSIGNED_CONTEXT ( ( #1500, #2313, #1525 ) ) REPRESENTATION_CONTEXT ( 'NONE', 'WORKASPACE' ) );
#3201 = CARTESIAN_POINT ( 'NONE',  ( -12.70000732421899947, -32.00001406250000002, 2.540000000000000036 ) ) ;
#3202 = AXIS2_PLACEMENT_3D ( 'NONE', #1603, #1211, #776 ) ;
#3203 = EDGE_CURVE ( 'NONE', #1674, #3420, #4762, .T. ) ;
#3204 = ORIENTED_EDGE ( 'NONE', *, *, #2510, .T. ) ;
#3205 = CIRCLE ( 'NONE', #944, 1.300000000000002487 ) ;
#3206 = CARTESIAN_POINT ( 'NONE',  ( -23.00000000000000000, 41.50000000000000000, -2.017369599999999874 ) ) ;
#3207 =( NAMED_UNIT ( * ) PLANE_ANGLE_UNIT ( ) SI_UNIT ( $, .RADIAN. ) );
#3208 = FILL_AREA_STYLE ('',( #4833 ) ) ;
#3209 = FILL_AREA_STYLE_COLOUR ( '', #3714 ) ;
#3210 = SURFACE_STYLE_FILL_AREA ( #3275 ) ;
#3211 = ORIENTED_EDGE ( 'NONE', *, *, #636, .T. ) ;
#3212 = CARTESIAN_POINT ( 'NONE',  ( 0.04464587578097000548, -30.07552124249999537, -3.517367124556999958 ) ) ;
#3213 = DIRECTION ( 'NONE',  ( -1.000000000000000000, 0.000000000000000000, 0.000000000000000000 ) ) ;
#3214 = FILL_AREA_STYLE_COLOUR ( '', #340 ) ;
#3215 = ORIENTED_EDGE ( 'NONE', *, *, #2967, .F. ) ;
#3216 = CARTESIAN_POINT ( 'NONE',  ( -8.501159163987001222, -10.49884083601000029, -2.017369599999999874 ) ) ;
#3217 = PRESENTATION_STYLE_ASSIGNMENT (( #2834 ) ) ;
#3218 =( GEOMETRIC_REPRESENTATION_CONTEXT ( 3 ) GLOBAL_UNCERTAINTY_ASSIGNED_CONTEXT ( ( #847 ) ) GLOBAL_UNIT_ASSIGNED_CONTEXT ( ( #3667, #1202, #1688 ) ) REPRESENTATION_CONTEXT ( 'NONE', 'WORKASPACE' ) );
#3219 = LINE ( 'NONE', #1697, #5053 ) ;
#3220 = EDGE_CURVE ( 'NONE', #1436, #2169, #1093, .T. ) ;
#3221 = CARTESIAN_POINT ( 'NONE',  ( 43.00000000000000000, -40.00000000000000000, -2.017369599999999874 ) ) ;
#3222 =( GEOMETRIC_REPRESENTATION_CONTEXT ( 3 ) GLOBAL_UNCERTAINTY_ASSIGNED_CONTEXT ( ( #3696 ) ) GLOBAL_UNIT_ASSIGNED_CONTEXT ( ( #2864, #99, #4456 ) ) REPRESENTATION_CONTEXT ( 'NONE', 'WORKASPACE' ) );
#3223 = ORIENTED_EDGE ( 'NONE', *, *, #1784, .F. ) ;
#3224 = PRESENTATION_LAYER_ASSIGNMENT (  '', '', ( #814 ) ) ;
#3225 = VECTOR ( 'NONE', #3170, 999.9999999999998863 ) ;
#3226 = EDGE_CURVE ( 'NONE', #674, #1968, #1286, .T. ) ;
#3227 = FILL_AREA_STYLE_COLOUR ( '', #1423 ) ;
#3228 = DIRECTION ( 'NONE',  ( 1.000000000000000000, 0.000000000000000000, 0.000000000000000000 ) ) ;
#3229 = VECTOR ( 'NONE', #285, 1000.000000000000000 ) ;
#3230 = MECHANICAL_DESIGN_GEOMETRIC_PRESENTATION_REPRESENTATION (  '', ( #312 ), #1290 ) ;
#3231 = DIRECTION ( 'NONE',  ( 1.000000000000000000, 0.000000000000000000, 0.000000000000000000 ) ) ;
#3232 = VECTOR ( 'NONE', #2278, 1000.000000000000114 ) ;
#3233 =( NAMED_UNIT ( * ) PLANE_ANGLE_UNIT ( ) SI_UNIT ( $, .RADIAN. ) );
#3234 =( NAMED_UNIT ( * ) PLANE_ANGLE_UNIT ( ) SI_UNIT ( $, .RADIAN. ) );
#3235 =( NAMED_UNIT ( * ) SI_UNIT ( $, .STERADIAN. ) SOLID_ANGLE_UNIT ( ) );
#3236 = MECHANICAL_DESIGN_GEOMETRIC_PRESENTATION_REPRESENTATION (  '', ( #2901 ), #3817 ) ;
#3237 = ORIENTED_EDGE ( 'NONE', *, *, #4901, .T. ) ;
#3238 = CARTESIAN_POINT ( 'NONE',  ( -0.1271724242190000187, -30.10969948249999817, -0.01736650455699990936 ) ) ;
#3239 = DIRECTION ( 'NONE',  ( 0.9999997009467437303, 0.0007733734047254636973, 0.000000000000000000 ) ) ;
#3240 = CARTESIAN_POINT ( 'NONE',  ( 23.00000000000000000, 40.00000000000000000, 0.000000000000000000 ) ) ;
#3241 = VECTOR ( 'NONE', #4054, 1000.000000000000000 ) ;
#3242 = ORIENTED_EDGE ( 'NONE', *, *, #2682, .F. ) ;
#3243 = UNCERTAINTY_MEASURE_WITH_UNIT (LENGTH_MEASURE( 1.000000000000000082E-05 ), #170, 'distance_accuracy_value', 'NONE');
#3244 = STYLED_ITEM ( 'NONE', ( #3031 ), #2139 ) ;
#3245 = CARTESIAN_POINT ( 'NONE',  ( -40.00000000000000000, 0.000000000000000000, 0.000000000000000000 ) ) ;
#3246 = FILL_AREA_STYLE_COLOUR ( '', #2075 ) ;
#3247 = ORIENTED_EDGE ( 'NONE', *, *, #868, .T. ) ;
#3248 = MECHANICAL_DESIGN_GEOMETRIC_PRESENTATION_REPRESENTATION (  '', ( #3494 ), #585 ) ;
#3249 = EDGE_CURVE ( 'NONE', #398, #2145, #3641, .T. ) ;
#3250 = FILL_AREA_STYLE_COLOUR ( '', #1812 ) ;
#3251 = CARTESIAN_POINT ( 'NONE',  ( -43.00000000000000000, -40.00000000000000000, -2.017369599999999874 ) ) ;
#3252 = EDGE_CURVE ( 'NONE', #2231, #4655, #97, .T. ) ;
#3253 = DIRECTION ( 'NONE',  ( 1.000000000000000000, 0.000000000000000000, 0.000000000000000000 ) ) ;
#3254 = CARTESIAN_POINT ( 'NONE',  ( -14.69999999999999929, -43.00000000000000000, -2.017369599999999874 ) ) ;
#3255 = SURFACE_STYLE_FILL_AREA ( #4038 ) ;
#3256 = LINE ( 'NONE', #3666, #1761 ) ;
#3257 = SURFACE_STYLE_USAGE ( .BOTH. , #2893 ) ;
#3258 =( NAMED_UNIT ( * ) PLANE_ANGLE_UNIT ( ) SI_UNIT ( $, .RADIAN. ) );
#3259 = LINE ( 'NONE', #2830, #3026 ) ;
#3260 = COLOUR_RGB ( '',1.000000000000000000, 1.000000000000000000, 1.000000000000000000 ) ;
#3261 = ORIENTED_EDGE ( 'NONE', *, *, #1537, .T. ) ;
#3262 = CARTESIAN_POINT ( 'NONE',  ( 43.00000000000000000, 40.00000000000000000, -2.017369599999999874 ) ) ;
#3263 = FILL_AREA_STYLE ('',( #698 ) ) ;
#3264 = DIRECTION ( 'NONE',  ( 0.000000000000000000, 1.000000000000000000, 0.000000000000000000 ) ) ;
#3265 = STYLED_ITEM ( 'NONE', ( #2553 ), #4104 ) ;
#3266 =( GEOMETRIC_REPRESENTATION_CONTEXT ( 3 ) GLOBAL_UNCERTAINTY_ASSIGNED_CONTEXT ( ( #2976 ) ) GLOBAL_UNIT_ASSIGNED_CONTEXT ( ( #979, #4934, #5071 ) ) REPRESENTATION_CONTEXT ( 'NONE', 'WORKASPACE' ) );
#3267 = VERTEX_POINT ( 'NONE', #1240 ) ;
#3268 = AXIS2_PLACEMENT_3D ( 'NONE', #191, #4895, #4872 ) ;
#3269 = CARTESIAN_POINT ( 'NONE',  ( 20.00000000000000000, 32.39999999999999858, -2.017369599999999874 ) ) ;
#3270 = SURFACE_SIDE_STYLE ('',( #1679 ) ) ;
#3271 = MECHANICAL_DESIGN_GEOMETRIC_PRESENTATION_REPRESENTATION (  '', ( #377 ), #1859 ) ;
#3272 = CARTESIAN_POINT ( 'NONE',  ( -12.70000732421899947, -6.600014062499999667, 2.540000000000000036 ) ) ;
#3273 =( GEOMETRIC_REPRESENTATION_CONTEXT ( 3 ) GLOBAL_UNCERTAINTY_ASSIGNED_CONTEXT ( ( #2414 ) ) GLOBAL_UNIT_ASSIGNED_CONTEXT ( ( #4084, #3687, #1313 ) ) REPRESENTATION_CONTEXT ( 'NONE', 'WORKASPACE' ) );
#3274 = EDGE_CURVE ( 'NONE', #902, #2145, #4034, .T. ) ;
#3275 = FILL_AREA_STYLE ('',( #81 ) ) ;
#3276 = PLANE ( 'NONE',  #5106 ) ;
#3277 = DIRECTION ( 'NONE',  ( 1.000000000000000000, 0.000000000000000000, 0.000000000000000000 ) ) ;
#3278 = DIRECTION ( 'NONE',  ( 0.000000000000000000, 0.000000000000000000, 1.000000000000000000 ) ) ;
#3279 = VECTOR ( 'NONE', #578, 1000.000000000000000 ) ;
#3280 =( NAMED_UNIT ( * ) SI_UNIT ( $, .STERADIAN. ) SOLID_ANGLE_UNIT ( ) );
#3281 = EDGE_CURVE ( 'NONE', #5121, #1277, #471, .T. ) ;
#3282 =( NAMED_UNIT ( * ) PLANE_ANGLE_UNIT ( ) SI_UNIT ( $, .RADIAN. ) );
#3283 = VERTEX_POINT ( 'NONE', #1610 ) ;
#3284 = CYLINDRICAL_SURFACE ( 'NONE', #1530, 1.300000000000002487 ) ;
#3285 = UNCERTAINTY_MEASURE_WITH_UNIT (LENGTH_MEASURE( 1.000000000000000082E-05 ), #68, 'distance_accuracy_value', 'NONE');
#3286 = SURFACE_SIDE_STYLE ('',( #467 ) ) ;
#3287 = ORIENTED_EDGE ( 'NONE', *, *, #3089, .T. ) ;
#3288 = VERTEX_POINT ( 'NONE', #2882 ) ;
#3289 =( GEOMETRIC_REPRESENTATION_CONTEXT ( 3 ) GLOBAL_UNCERTAINTY_ASSIGNED_CONTEXT ( ( #1938 ) ) GLOBAL_UNIT_ASSIGNED_CONTEXT ( ( #2711, #3437, #4303 ) ) REPRESENTATION_CONTEXT ( 'NONE', 'WORKASPACE' ) );
#3290 =( NAMED_UNIT ( * ) PLANE_ANGLE_UNIT ( ) SI_UNIT ( $, .RADIAN. ) );
#3291 = COLOUR_RGB ( '',0.000000000000000000, 0.5019607843137254832, 0.000000000000000000 ) ;
#3292 = DIRECTION ( 'NONE',  ( -0.3827001010250414281, -0.9238726279500996119, 0.000000000000000000 ) ) ;
#3293 = EDGE_LOOP ( 'NONE', ( #3757, #3927, #251, #1694 ) ) ;
#3294 = PRESENTATION_LAYER_ASSIGNMENT (  '', '', ( #1562 ) ) ;
#3295 = DIRECTION ( 'NONE',  ( 0.000000000000000000, 0.000000000000000000, 1.000000000000000000 ) ) ;
#3296 = SURFACE_SIDE_STYLE ('',( #543 ) ) ;
#3297 =( NAMED_UNIT ( * ) PLANE_ANGLE_UNIT ( ) SI_UNIT ( $, .RADIAN. ) );
#3298 = DIRECTION ( 'NONE',  ( 1.000000000000000000, 0.000000000000000000, 0.000000000000000000 ) ) ;
#3299 = LINE ( 'NONE', #2134, #970 ) ;
#3300 = FILL_AREA_STYLE_COLOUR ( '', #4805 ) ;
#3301 = ADVANCED_FACE ( 'NONE', ( #1633 ), #54, .T. ) ;
#3302 = EDGE_CURVE ( 'NONE', #1171, #199, #3661, .T. ) ;
#3303 = CARTESIAN_POINT ( 'NONE',  ( 40.00000000000000000, -43.00000000000000000, -2.017369599999999874 ) ) ;
#3304 = CARTESIAN_POINT ( 'NONE',  ( -40.00000000000000000, -40.00000000000000000, -2.017369599999999874 ) ) ;
#3305 = VECTOR ( 'NONE', #31, 1000.000000000000000 ) ;
#3306 = VERTEX_POINT ( 'NONE', #79 ) ;
#3307 = LINE ( 'NONE', #3262, #3096 ) ;
#3308 = CYLINDRICAL_SURFACE ( 'NONE', #2810, 1.300000000000002487 ) ;
#3309 = ADVANCED_FACE ( 'NONE', ( #4831 ), #925, .T. ) ;
#3310 = STYLED_ITEM ( 'NONE', ( #4531 ), #1503 ) ;
#3311 = DIRECTION ( 'NONE',  ( 0.000000000000000000, 0.000000000000000000, 1.000000000000000000 ) ) ;
#3312 = VECTOR ( 'NONE', #4548, 1000.000000000000000 ) ;
#3313 = ORIENTED_EDGE ( 'NONE', *, *, #3570, .F. ) ;
#3314 = ORIENTED_EDGE ( 'NONE', *, *, #1083, .T. ) ;
#3315 = AXIS2_PLACEMENT_3D ( 'NONE', #4204, #4925, #166 ) ;
#3316 = MECHANICAL_DESIGN_GEOMETRIC_PRESENTATION_REPRESENTATION (  '', ( #2158 ), #2836 ) ;
#3317 = ORIENTED_EDGE ( 'NONE', *, *, #3680, .F. ) ;
#3318 = DIRECTION ( 'NONE',  ( -0.7071067811870476172, 0.7071067811860475283, 0.000000000000000000 ) ) ;
#3319 = CARTESIAN_POINT ( 'NONE',  ( -5.127172424218999325, -30.49033118249999674, -0.01736650455699990936 ) ) ;
#3320 = CARTESIAN_POINT ( 'NONE',  ( 24.49884083601300233, 41.50115916398699767, -2.017369599999999874 ) ) ;
#3321 =( NAMED_UNIT ( * ) PLANE_ANGLE_UNIT ( ) SI_UNIT ( $, .RADIAN. ) );
#3322 = CARTESIAN_POINT ( 'NONE',  ( -20.00000000000000000, 32.39999999999999858, 0.000000000000000000 ) ) ;
#3323 = ORIENTED_EDGE ( 'NONE', *, *, #3682, .F. ) ;
#3324 = DIRECTION ( 'NONE',  ( 1.000000000000000000, 0.000000000000000000, 0.000000000000000000 ) ) ;
#3325 = DIRECTION ( 'NONE',  ( -0.3826758252060215582, 0.9238826834630522455, 0.000000000000000000 ) ) ;
#3326 = EDGE_LOOP ( 'NONE', ( #1360, #1135, #2563, #2616 ) ) ;
#3327 = DIRECTION ( 'NONE',  ( -1.000000000000000000, 0.000000000000000000, 0.000000000000000000 ) ) ;
#3328 = UNCERTAINTY_MEASURE_WITH_UNIT (LENGTH_MEASURE( 1.000000000000000082E-05 ), #4066, 'distance_accuracy_value', 'NONE');
#3329 = FACE_BOUND ( 'NONE', #659, .T. ) ;
#3330 = FACE_OUTER_BOUND ( 'NONE', #946, .T. ) ;
#3331 = AXIS2_PLACEMENT_3D ( 'NONE', #1555, #1117, #1950 ) ;
#3332 = EDGE_CURVE ( 'NONE', #696, #200, #2259, .T. ) ;
#3333 = EDGE_CURVE ( 'NONE', #1436, #1781, #3059, .T. ) ;
#3334 = ORIENTED_EDGE ( 'NONE', *, *, #1085, .T. ) ;
#3335 = ORIENTED_EDGE ( 'NONE', *, *, #1429, .F. ) ;
#3336 = AXIS2_PLACEMENT_3D ( 'NONE', #4949, #3780, #1796 ) ;
#3337 = VECTOR ( 'NONE', #177, 1000.000000000000000 ) ;
#3338 = ORIENTED_EDGE ( 'NONE', *, *, #3302, .F. ) ;
#3339 = SURFACE_SIDE_STYLE ('',( #5012 ) ) ;
#3340 = PRESENTATION_LAYER_ASSIGNMENT (  '', '', ( #1188 ) ) ;
#3341 = ADVANCED_FACE ( 'NONE', ( #5041 ), #4669, .T. ) ;
#3342 = DIRECTION ( 'NONE',  ( 0.7071067811860475283, -0.7071067811870476172, 0.000000000000000000 ) ) ;
#3343 = ORIENTED_EDGE ( 'NONE', *, *, #1916, .F. ) ;
#3344 = CARTESIAN_POINT ( 'NONE',  ( -40.00000000000000000, 40.00000000000000000, -2.017369599999999874 ) ) ;
#3345 = AXIS2_PLACEMENT_3D ( 'NONE', #3528, #2832, #66 ) ;
#3346 = DIRECTION ( 'NONE',  ( 0.000000000000000000, 0.000000000000000000, 1.000000000000000000 ) ) ;
#3347 = CARTESIAN_POINT ( 'NONE',  ( -5.127172424218999325, -30.10969948249999817, -0.01736650455699990936 ) ) ;
#3348 =( LENGTH_UNIT ( ) NAMED_UNIT ( * ) SI_UNIT ( .MILLI., .METRE. ) );
#3349 = COLOUR_RGB ( '',0.000000000000000000, 0.5019607843137254832, 0.000000000000000000 ) ;
#3350 = LINE ( 'NONE', #3773, #2925 ) ;
#3351 = FACE_OUTER_BOUND ( 'NONE', #3931, .T. ) ;
#3352 = ORIENTED_EDGE ( 'NONE', *, *, #71, .F. ) ;
#3353 = AXIS2_PLACEMENT_3D ( 'NONE', #838, #2008, #1684 ) ;
#3354 = PLANE ( 'NONE',  #4089 ) ;
#3355 = CARTESIAN_POINT ( 'NONE',  ( -11.70000678421900098, -7.600012062499999388, 2.000001080000000098 ) ) ;
#3356 =( NAMED_UNIT ( * ) SI_UNIT ( $, .STERADIAN. ) SOLID_ANGLE_UNIT ( ) );
#3357 = FACE_OUTER_BOUND ( 'NONE', #3087, .T. ) ;
#3358 = ORIENTED_EDGE ( 'NONE', *, *, #3373, .F. ) ;
#3359 = PLANE ( 'NONE',  #3336 ) ;
#3360 = MECHANICAL_DESIGN_GEOMETRIC_PRESENTATION_REPRESENTATION (  '', ( #4112 ), #5117 ) ;
#3361 = SURFACE_SIDE_STYLE ('',( #2950 ) ) ;
#3362 = SURFACE_STYLE_USAGE ( .BOTH. , #2635 ) ;
#3363 = COLOUR_RGB ( '',1.000000000000000000, 0.6078431372549019107, 0.000000000000000000 ) ;
#3364 = CARTESIAN_POINT ( 'NONE',  ( 24.49884083601300233, 41.50115916398699767, -2.017369599999999874 ) ) ;
#3365 = ORIENTED_EDGE ( 'NONE', *, *, #520, .T. ) ;
#3366 = ORIENTED_EDGE ( 'NONE', *, *, #2639, .T. ) ;
#3367 = EDGE_CURVE ( 'NONE', #2315, #1066, #3086, .T. ) ;
#3368 =( LENGTH_UNIT ( ) NAMED_UNIT ( * ) SI_UNIT ( .MILLI., .METRE. ) );
#3369 = ORIENTED_EDGE ( 'NONE', *, *, #1846, .T. ) ;
#3370 = DIRECTION ( 'NONE',  ( 1.000000000000000000, 0.000000000000000000, 0.000000000000000000 ) ) ;
#3371 = AXIS2_PLACEMENT_3D ( 'NONE', #1225, #4041, #3188 ) ;
#3372 = ORIENTED_EDGE ( 'NONE', *, *, #1468, .T. ) ;
#3373 = EDGE_CURVE ( 'NONE', #1767, #3657, #4696, .T. ) ;
#3374 = LINE ( 'NONE', #4214, #4429 ) ;
#3375 = CARTESIAN_POINT ( 'NONE',  ( 14.69999999999999929, -38.50000000000000000, 0.000000000000000000 ) ) ;
#3376 = SURFACE_SIDE_STYLE ('',( #4913 ) ) ;
#3377 = FACE_BOUND ( 'NONE', #4243, .T. ) ;
#3378 = EDGE_LOOP ( 'NONE', ( #541, #1864, #1827, #5018 ) ) ;
#3379 = VECTOR ( 'NONE', #1702, 1000.000000000000227 ) ;
#3380 =( GEOMETRIC_REPRESENTATION_CONTEXT ( 3 ) GLOBAL_UNCERTAINTY_ASSIGNED_CONTEXT ( ( #4896 ) ) GLOBAL_UNIT_ASSIGNED_CONTEXT ( ( #2486, #462, #916 ) ) REPRESENTATION_CONTEXT ( 'NONE', 'WORKASPACE' ) );
#3381 =( NAMED_UNIT ( * ) SI_UNIT ( $, .STERADIAN. ) SOLID_ANGLE_UNIT ( ) );
#3382 = DIRECTION ( 'NONE',  ( 0.000000000000000000, 0.000000000000000000, 1.000000000000000000 ) ) ;
#3383 =( NAMED_UNIT ( * ) PLANE_ANGLE_UNIT ( ) SI_UNIT ( $, .RADIAN. ) );
#3384 =( NAMED_UNIT ( * ) PLANE_ANGLE_UNIT ( ) SI_UNIT ( $, .RADIAN. ) );
#3385 = VERTEX_POINT ( 'NONE', #2286 ) ;
#3386 = CARTESIAN_POINT ( 'NONE',  ( 18.30000000000000071, -43.00000000000000000, 0.000000000000000000 ) ) ;
#3387 = FACE_BOUND ( 'NONE', #2631, .T. ) ;
#3388 = FILL_AREA_STYLE ('',( #1748 ) ) ;
#3389 = FILL_AREA_STYLE ('',( #4644 ) ) ;
#3390 = VECTOR ( 'NONE', #3467, 1000.000000000000000 ) ;
#3391 = CARTESIAN_POINT ( 'NONE',  ( -0.1271724242190000187, -30.49033118249999674, -0.01736650455699990936 ) ) ;
#3392 = EDGE_LOOP ( 'NONE', ( #2909, #217, #947, #3481 ) ) ;
#3393 = VERTEX_POINT ( 'NONE', #2956 ) ;
#3394 = MECHANICAL_DESIGN_GEOMETRIC_PRESENTATION_REPRESENTATION (  '', ( #2490 ), #2243 ) ;
#3395 = DIRECTION ( 'NONE',  ( 0.000000000000000000, 0.000000000000000000, 1.000000000000000000 ) ) ;
#3396 = ADVANCED_FACE ( 'NONE', ( #280 ), #4156, .T. ) ;
#3397 = ORIENTED_EDGE ( 'NONE', *, *, #1301, .T. ) ;
#3398 = EDGE_CURVE ( 'NONE', #3105, #3306, #4001, .T. ) ;
#3399 = CARTESIAN_POINT ( 'NONE',  ( -4.775514504218999257, -30.34466980249999679, -3.517367124556999958 ) ) ;
#3400 = AXIS2_PLACEMENT_3D ( 'NONE', #899, #918, #4788 ) ;
#3401 = VERTEX_POINT ( 'NONE', #1158 ) ;
#3402 = CARTESIAN_POINT ( 'NONE',  ( 23.00000000000000000, 41.50000000000000000, -2.017369599999999874 ) ) ;
#3403 = CARTESIAN_POINT ( 'NONE',  ( -9.021807453828001755, -9.999995971950001561, 1.499998807906999909 ) ) ;
#3404 = CARTESIAN_POINT ( 'NONE',  ( 0.2244854957809999940, -30.25536086250002654, -0.01736650455699990936 ) ) ;
#3405 = CARTESIAN_POINT ( 'NONE',  ( -4.955354124219029543, -30.52450688249999899, -3.517367124556999958 ) ) ;
#3406 = EDGE_CURVE ( 'NONE', #3844, #4212, #846, .T. ) ;
#3407 = EDGE_CURVE ( 'NONE', #828, #4119, #2017, .T. ) ;
#3408 = DIRECTION ( 'NONE',  ( 0.000000000000000000, 0.000000000000000000, -1.000000000000000000 ) ) ;
#3409 = DIRECTION ( 'NONE',  ( -1.000000000000000000, 0.000000000000000000, 0.000000000000000000 ) ) ;
#3410 = ORIENTED_EDGE ( 'NONE', *, *, #3478, .T. ) ;
#3411 =( GEOMETRIC_REPRESENTATION_CONTEXT ( 3 ) GLOBAL_UNCERTAINTY_ASSIGNED_CONTEXT ( ( #3328 ) ) GLOBAL_UNIT_ASSIGNED_CONTEXT ( ( #4066, #528, #3280 ) ) REPRESENTATION_CONTEXT ( 'NONE', 'WORKASPACE' ) );
#3412 = FILL_AREA_STYLE_COLOUR ( '', #1825 ) ;
#3413 = DIRECTION ( 'NONE',  ( 1.000000000000000000, 0.000000000000000000, 0.000000000000000000 ) ) ;
#3414 = DIRECTION ( 'NONE',  ( 1.000000000000000000, 0.000000000000000000, 0.000000000000000000 ) ) ;
#3415 = VERTEX_POINT ( 'NONE', #746 ) ;
#3416 = DIRECTION ( 'NONE',  ( 0.000000000000000000, 0.000000000000000000, -1.000000000000000000 ) ) ;
#3417 = DIRECTION ( 'NONE',  ( -1.000000000000000000, 0.000000000000000000, 0.000000000000000000 ) ) ;
#3418 =( LENGTH_UNIT ( ) NAMED_UNIT ( * ) SI_UNIT ( .MILLI., .METRE. ) );
#3419 = PLANE ( 'NONE',  #911 ) ;
#3420 = VERTEX_POINT ( 'NONE', #2440 ) ;
#3421 = ORIENTED_EDGE ( 'NONE', *, *, #1361, .F. ) ;
#3422 = ORIENTED_EDGE ( 'NONE', *, *, #5037, .F. ) ;
#3423 = MECHANICAL_DESIGN_GEOMETRIC_PRESENTATION_REPRESENTATION (  '', ( #4834 ), #2921 ) ;
#3424 = DIRECTION ( 'NONE',  ( -0.0007733734047231489257, 0.9999997009467437303, 0.000000000000000000 ) ) ;
#3425 = CARTESIAN_POINT ( 'NONE',  ( -10.70000624421900071, -30.00001298249999593, 1.499999539999999909 ) ) ;
#3426 = VECTOR ( 'NONE', #345, 1000.000000000000114 ) ;
#3427 = ORIENTED_EDGE ( 'NONE', *, *, #155, .T. ) ;
#3428 = ORIENTED_EDGE ( 'NONE', *, *, #1629, .T. ) ;
#3429 = MECHANICAL_DESIGN_GEOMETRIC_PRESENTATION_REPRESENTATION (  '', ( #1111 ), #2363 ) ;
#3430 =( GEOMETRIC_REPRESENTATION_CONTEXT ( 3 ) GLOBAL_UNCERTAINTY_ASSIGNED_CONTEXT ( ( #2359 ) ) GLOBAL_UNIT_ASSIGNED_CONTEXT ( ( #2098, #3290, #4500 ) ) REPRESENTATION_CONTEXT ( 'NONE', 'WORKASPACE' ) );
#3431 = CARTESIAN_POINT ( 'NONE',  ( -40.00000000000000000, -40.00000000000000000, -2.017369599999999874 ) ) ;
#3432 = CARTESIAN_POINT ( 'NONE',  ( 0.1271552357809999922, -30.49033118249999674, -3.517367124556999958 ) ) ;
#3433 = PLANE ( 'NONE',  #1428 ) ;
#3434 = DIRECTION ( 'NONE',  ( 1.000000000000000000, 0.000000000000000000, 0.000000000000000000 ) ) ;
#3435 = COLOUR_RGB ( '',0.000000000000000000, 0.5019607843137254832, 0.000000000000000000 ) ;
#3436 = VECTOR ( 'NONE', #4346, 1000.000000000000000 ) ;
#3437 =( NAMED_UNIT ( * ) PLANE_ANGLE_UNIT ( ) SI_UNIT ( $, .RADIAN. ) );
#3438 = ORIENTED_EDGE ( 'NONE', *, *, #3600, .F. ) ;
#3439 = EDGE_CURVE ( 'NONE', #2151, #3444, #3770, .T. ) ;
#3440 = CARTESIAN_POINT ( 'NONE',  ( -0.1903244442189999941, -30.42717916249999988, -3.517367124556999958 ) ) ;
#3441 = AXIS2_PLACEMENT_3D ( 'NONE', #662, #4563, #3749 ) ;
#3442 = DIRECTION ( 'NONE',  ( 1.000000000000000000, 0.000000000000000000, 0.000000000000000000 ) ) ;
#3443 = FILL_AREA_STYLE ('',( #1847 ) ) ;
#3444 = VERTEX_POINT ( 'NONE', #3947 ) ;
#3445 =( NAMED_UNIT ( * ) PLANE_ANGLE_UNIT ( ) SI_UNIT ( $, .RADIAN. ) );
#3446 = ADVANCED_FACE ( 'NONE', ( #3195 ), #1579, .T. ) ;
#3447 = SURFACE_STYLE_USAGE ( .BOTH. , #1075 ) ;
#3448 = PRESENTATION_LAYER_ASSIGNMENT (  '', '', ( #537 ) ) ;
#3449 = CARTESIAN_POINT ( 'NONE',  ( -43.00000000000000000, -40.00000000000000000, -2.017369599999999874 ) ) ;
#3450 = ORIENTED_EDGE ( 'NONE', *, *, #1784, .T. ) ;
#3451 = CARTESIAN_POINT ( 'NONE',  ( 18.30000000000000071, -43.00000000000000000, -2.017369599999999874 ) ) ;
#3452 = VERTEX_POINT ( 'NONE', #1624 ) ;
#3453 = ORIENTED_EDGE ( 'NONE', *, *, #953, .F. ) ;
#3454 = FACE_BOUND ( 'NONE', #4649, .T. ) ;
#3455 =( LENGTH_UNIT ( ) NAMED_UNIT ( * ) SI_UNIT ( .MILLI., .METRE. ) );
#3456 = ORIENTED_EDGE ( 'NONE', *, *, #1085, .F. ) ;
#3457 = LINE ( 'NONE', #3879, #2970 ) ;
#3458 = VERTEX_POINT ( 'NONE', #4750 ) ;
#3459 = SURFACE_STYLE_FILL_AREA ( #3854 ) ;
#3460 = CARTESIAN_POINT ( 'NONE',  ( -9.500006104219000491, -28.49999453194999788, 1.499998807906999909 ) ) ;
#3461 = VECTOR ( 'NONE', #1174, 1000.000000000000000 ) ;
#3462 = DIRECTION ( 'NONE',  ( 0.000000000000000000, 0.000000000000000000, -1.000000000000000000 ) ) ;
#3463 = CARTESIAN_POINT ( 'NONE',  ( 40.00000000000000000, -40.00000000000000000, -2.017369599999999874 ) ) ;
#3464 = DIRECTION ( 'NONE',  ( 1.000000000000000000, 0.000000000000000000, 0.000000000000000000 ) ) ;
#3465 = PRESENTATION_LAYER_ASSIGNMENT (  '', '', ( #2467 ) ) ;
#3466 = FILL_AREA_STYLE_COLOUR ( '', #4033 ) ;
#3467 = DIRECTION ( 'NONE',  ( 0.000000000000000000, 1.000000000000000000, 0.000000000000000000 ) ) ;
#3468 = ORIENTED_EDGE ( 'NONE', *, *, #750, .T. ) ;
#3469 =( GEOMETRIC_REPRESENTATION_CONTEXT ( 3 ) GLOBAL_UNCERTAINTY_ASSIGNED_CONTEXT ( ( #533 ) ) GLOBAL_UNIT_ASSIGNED_CONTEXT ( ( #3683, #3736, #4909 ) ) REPRESENTATION_CONTEXT ( 'NONE', 'WORKASPACE' ) );
#3470 = PRESENTATION_LAYER_ASSIGNMENT (  '', '', ( #1383 ) ) ;
#3471 = CARTESIAN_POINT ( 'NONE',  ( -14.69999999999999929, -38.50000000000000000, -2.017369599999999874 ) ) ;
#3472 = ADVANCED_FACE ( 'NONE', ( #1963 ), #3550, .T. ) ;
#3473 = CARTESIAN_POINT ( 'NONE',  ( -10.00000000000000000, -27.50000000000000000, -2.017369599999999874 ) ) ;
#3474 = MECHANICAL_DESIGN_GEOMETRIC_PRESENTATION_REPRESENTATION (  '', ( #69 ), #2140 ) ;
#3475 = VECTOR ( 'NONE', #888, 1000.000000000000000 ) ;
#3476 = LINE ( 'NONE', #4748, #4417 ) ;
#3477 = ORIENTED_EDGE ( 'NONE', *, *, #808, .T. ) ;
#3478 = EDGE_CURVE ( 'NONE', #3058, #582, #2170, .T. ) ;
#3479 = LINE ( 'NONE', #4349, #3709 ) ;
#3480 = MECHANICAL_DESIGN_GEOMETRIC_PRESENTATION_REPRESENTATION (  '', ( #2322 ), #738 ) ;
#3481 = ORIENTED_EDGE ( 'NONE', *, *, #3688, .F. ) ;
#3482 = CARTESIAN_POINT ( 'NONE',  ( 10.69999159578100034, -8.600012602499997882, 0.000000000000000000 ) ) ;
#3483 = EDGE_LOOP ( 'NONE', ( #871, #4646, #4039, #1231 ) ) ;
#3484 = PRESENTATION_LAYER_ASSIGNMENT (  '', '', ( #2490 ) ) ;
#3485 = FILL_AREA_STYLE_COLOUR ( '', #3260 ) ;
#3486 = CARTESIAN_POINT ( 'NONE',  ( -11.70000678421900098, -31.00001352250000153, 2.000001080000000098 ) ) ;
#3487 = VECTOR ( 'NONE', #1996, 1000.000000000000000 ) ;
#3488 = DIRECTION ( 'NONE',  ( 0.000000000000000000, 0.000000000000000000, 1.000000000000000000 ) ) ;
#3489 = VECTOR ( 'NONE', #347, 1000.000000000000000 ) ;
#3490 = DIRECTION ( 'NONE',  ( 0.000000000000000000, 0.000000000000000000, -1.000000000000000000 ) ) ;
#3491 =( LENGTH_UNIT ( ) NAMED_UNIT ( * ) SI_UNIT ( .MILLI., .METRE. ) );
#3492 = ORIENTED_EDGE ( 'NONE', *, *, #2342, .T. ) ;
#3493 = UNCERTAINTY_MEASURE_WITH_UNIT (LENGTH_MEASURE( 1.000000000000000082E-05 ), #1434, 'distance_accuracy_value', 'NONE');
#3494 = STYLED_ITEM ( 'NONE', ( #844 ), #2407 ) ;
#3495 = DIRECTION ( 'NONE',  ( 0.000000000000000000, 0.000000000000000000, -1.000000000000000000 ) ) ;
#3496 = PRESENTATION_STYLE_ASSIGNMENT (( #3447 ) ) ;
#3497 = CARTESIAN_POINT ( 'NONE',  ( -40.00000000000000000, 0.000000000000000000, -2.017369599999999874 ) ) ;
#3498 = ORIENTED_EDGE ( 'NONE', *, *, #2811, .F. ) ;
#3499 = CARTESIAN_POINT ( 'NONE',  ( -4.809692744218999394, -30.17285150249999859, -3.517367124556999958 ) ) ;
#3500 = ORIENTED_EDGE ( 'NONE', *, *, #651, .T. ) ;
#3501 = ADVANCED_FACE ( 'NONE', ( #532 ), #3284, .F. ) ;
#3502 = FILL_AREA_STYLE_COLOUR ( '', #975 ) ;
#3503 = SURFACE_STYLE_USAGE ( .BOTH. , #2373 ) ;
#3504 = VERTEX_POINT ( 'NONE', #4465 ) ;
#3505 = EDGE_CURVE ( 'NONE', #1038, #93, #2068, .T. ) ;
#3506 = DIRECTION ( 'NONE',  ( -0.3827001010250414281, 0.9238726279500996119, 0.000000000000000000 ) ) ;
#3507 = AXIS2_PLACEMENT_3D ( 'NONE', #2034, #2452, #1667 ) ;
#3508 = AXIS2_PLACEMENT_3D ( 'NONE', #3431, #3853, #5019 ) ;
#3509 =( NAMED_UNIT ( * ) SI_UNIT ( $, .STERADIAN. ) SOLID_ANGLE_UNIT ( ) );
#3510 =( LENGTH_UNIT ( ) NAMED_UNIT ( * ) SI_UNIT ( .MILLI., .METRE. ) );
#3511 = DIRECTION ( 'NONE',  ( 0.000000000000000000, 0.000000000000000000, 1.000000000000000000 ) ) ;
#3512 = MECHANICAL_DESIGN_GEOMETRIC_PRESENTATION_REPRESENTATION (  '', ( #4356 ), #852 ) ;
#3513 = AXIS2_PLACEMENT_3D ( 'NONE', #4240, #4905, #3424 ) ;
#3514 = CARTESIAN_POINT ( 'NONE',  ( -9.021807453828001755, -9.999995971950001561, 1.499998807906999909 ) ) ;
#3515 = LINE ( 'NONE', #1221, #1067 ) ;
#3516 = CARTESIAN_POINT ( 'NONE',  ( -5.127172424218999325, -30.49033118249999674, -0.01736650455699990936 ) ) ;
#3517 = DIRECTION ( 'NONE',  ( 0.000000000000000000, 0.000000000000000000, -1.000000000000000000 ) ) ;
#3518 = AXIS2_PLACEMENT_3D ( 'NONE', #3881, #5054, #711 ) ;
#3519 = ORIENTED_EDGE ( 'NONE', *, *, #4710, .F. ) ;
#3520 = SURFACE_STYLE_FILL_AREA ( #1904 ) ;
#3521 = FACE_OUTER_BOUND ( 'NONE', #1058, .T. ) ;
#3522 = FACE_OUTER_BOUND ( 'NONE', #5073, .T. ) ;
#3523 = MECHANICAL_DESIGN_GEOMETRIC_PRESENTATION_REPRESENTATION (  '', ( #286 ), #4516 ) ;
#3524 = COLOUR_RGB ( '',1.000000000000000000, 1.000000000000000000, 1.000000000000000000 ) ;
#3525 = LINE ( 'NONE', #2014, #2345 ) ;
#3526 = FILL_AREA_STYLE ('',( #3945 ) ) ;
#3527 = VERTEX_POINT ( 'NONE', #2113 ) ;
#3528 = CARTESIAN_POINT ( 'NONE',  ( -14.69999999999999929, -38.50000000000000000, -2.017369599999999874 ) ) ;
#3529 = SURFACE_STYLE_FILL_AREA ( #1582 ) ;
#3530 = ORIENTED_EDGE ( 'NONE', *, *, #1877, .F. ) ;
#3531 =( LENGTH_UNIT ( ) NAMED_UNIT ( * ) SI_UNIT ( .MILLI., .METRE. ) );
#3532 = CARTESIAN_POINT ( 'NONE',  ( -9.500006104219000491, -28.49999453194999788, 1.499998807906999909 ) ) ;
#3533 = ORIENTED_EDGE ( 'NONE', *, *, #3274, .F. ) ;
#3534 = EDGE_CURVE ( 'NONE', #1752, #4268, #5093, .T. ) ;
#3535 = DIRECTION ( 'NONE',  ( 0.000000000000000000, 0.000000000000000000, 1.000000000000000000 ) ) ;
#3536 = FILL_AREA_STYLE ('',( #4760 ) ) ;
#3537 = DIRECTION ( 'NONE',  ( 0.000000000000000000, 0.000000000000000000, -1.000000000000000000 ) ) ;
#3538 = SURFACE_STYLE_FILL_AREA ( #2350 ) ;
#3539 = EDGE_CURVE ( 'NONE', #2540, #3898, #198, .T. ) ;
#3540 = LINE ( 'NONE', #1069, #794 ) ;
#3541 = CARTESIAN_POINT ( 'NONE',  ( -10.70000624421900071, -8.600012602499997882, 0.000000000000000000 ) ) ;
#3542 = SURFACE_STYLE_USAGE ( .BOTH. , #3050 ) ;
#3543 = PLANE ( 'NONE',  #1271 ) ;
#3544 = EDGE_LOOP ( 'NONE', ( #676, #4152 ) ) ;
#3545 = CARTESIAN_POINT ( 'NONE',  ( -43.00000000000000000, -40.00000000000000000, -2.017369599999999874 ) ) ;
#3546 = COLOUR_RGB ( '',0.000000000000000000, 0.5019607843137254832, 0.000000000000000000 ) ;
#3547 = DIRECTION ( 'NONE',  ( 0.000000000000000000, 0.000000000000000000, 1.000000000000000000 ) ) ;
#3548 = CARTESIAN_POINT ( 'NONE',  ( 0.04464587578097000548, -30.07552124249999537, -0.01736650455699990936 ) ) ;
#3549 = EDGE_LOOP ( 'NONE', ( #190, #3863, #4518, #3335 ) ) ;
#3550 = PLANE ( 'NONE',  #3345 ) ;
#3551 = UNCERTAINTY_MEASURE_WITH_UNIT (LENGTH_MEASURE( 1.000000000000000082E-05 ), #2696, 'distance_accuracy_value', 'NONE');
#3552 = LINE ( 'NONE', #1161, #3225 ) ;
#3553 = OPEN_SHELL ( 'NONE', ( #1209, #4549, #2922, #4552, #3396, #3341, #644, #4050, #995, #2818, #3923, #922, #2301, #539, #2778, #1063, #2407 ) ) ;
#3554 = FACE_BOUND ( 'NONE', #1403, .T. ) ;
#3555 = LINE ( 'NONE', #4324, #2567 ) ;
#3556 =( GEOMETRIC_REPRESENTATION_CONTEXT ( 3 ) GLOBAL_UNCERTAINTY_ASSIGNED_CONTEXT ( ( #2367 ) ) GLOBAL_UNIT_ASSIGNED_CONTEXT ( ( #4376, #4674, #1887 ) ) REPRESENTATION_CONTEXT ( 'NONE', 'WORKASPACE' ) );
#3557 = ORIENTED_EDGE ( 'NONE', *, *, #3199, .T. ) ;
#3558 = DIRECTION ( 'NONE',  ( 0.000000000000000000, 0.000000000000000000, -1.000000000000000000 ) ) ;
#3559 = PRESENTATION_LAYER_ASSIGNMENT (  '', '', ( #1644 ) ) ;
#3560 = DIRECTION ( 'NONE',  ( 1.000000000000000000, 0.000000000000000000, 0.000000000000000000 ) ) ;
#3561 = EDGE_CURVE ( 'NONE', #2624, #4577, #2502, .T. ) ;
#3562 =( NAMED_UNIT ( * ) SI_UNIT ( $, .STERADIAN. ) SOLID_ANGLE_UNIT ( ) );
#3563 = LINE ( 'NONE', #4132, #4127 ) ;
#3564 = PRESENTATION_LAYER_ASSIGNMENT (  '', '', ( #2901 ) ) ;
#3565 = PRESENTATION_STYLE_ASSIGNMENT (( #4385 ) ) ;
#3566 = CARTESIAN_POINT ( 'NONE',  ( 18.89999999999999858, 32.39999999999999858, -2.017369599999999874 ) ) ;
#3567 = EDGE_CURVE ( 'NONE', #4421, #3088, #4095, .T. ) ;
#3568 = FILL_AREA_STYLE_COLOUR ( '', #2375 ) ;
#3569 = VECTOR ( 'NONE', #590, 1000.000000000000000 ) ;
#3570 = EDGE_CURVE ( 'NONE', #2315, #3809, #3307, .T. ) ;
#3571 = DIRECTION ( 'NONE',  ( 1.000000000000000000, 0.000000000000000000, 0.000000000000000000 ) ) ;
#3572 = ORIENTED_EDGE ( 'NONE', *, *, #1301, .F. ) ;
#3573 = CARTESIAN_POINT ( 'NONE',  ( -4.872844764218999813, -30.10969948249999817, -3.517367124556999958 ) ) ;
#3574 = PRESENTATION_LAYER_ASSIGNMENT (  '', '', ( #992 ) ) ;
#3575 = FACE_OUTER_BOUND ( 'NONE', #2898, .T. ) ;
#3576 = EDGE_CURVE ( 'NONE', #2347, #2667, #1323, .T. ) ;
#3577 = COLOUR_RGB ( '',1.000000000000000000, 1.000000000000000000, 1.000000000000000000 ) ;
#3578 = ORIENTED_EDGE ( 'NONE', *, *, #203, .T. ) ;
#3579 = CARTESIAN_POINT ( 'NONE',  ( 0.1903072557809999954, -30.17285150249999859, -3.517367124556999958 ) ) ;
#3580 = VECTOR ( 'NONE', #3134, 1000.000000000000227 ) ;
#3581 = DIRECTION ( 'NONE',  ( 0.000000000000000000, 0.000000000000000000, 1.000000000000000000 ) ) ;
#3582 = PRESENTATION_STYLE_ASSIGNMENT (( #1552 ) ) ;
#3583 = VERTEX_POINT ( 'NONE', #3723 ) ;
#3584 = FILL_AREA_STYLE_COLOUR ( '', #3008 ) ;
#3585 = CARTESIAN_POINT ( 'NONE',  ( 0.1271552357809999922, -30.49033118249999674, -0.01736650455699990936 ) ) ;
#3586 =( NAMED_UNIT ( * ) SI_UNIT ( $, .STERADIAN. ) SOLID_ANGLE_UNIT ( ) );
#3587 = CIRCLE ( 'NONE', #691, 1.498841284246002159 ) ;
#3588 = CARTESIAN_POINT ( 'NONE',  ( 10.00000000000000000, -27.50000000000000000, 0.000000000000000000 ) ) ;
#3589 = LINE ( 'NONE', #2469, #5026 ) ;
#3590 = DIRECTION ( 'NONE',  ( 1.000000000000000000, 0.000000000000000000, 0.000000000000000000 ) ) ;
#3591 =( NAMED_UNIT ( * ) PLANE_ANGLE_UNIT ( ) SI_UNIT ( $, .RADIAN. ) );
#3592 = CARTESIAN_POINT ( 'NONE',  ( -12.70000732421899947, -6.600014062499999667, 0.000000000000000000 ) ) ;
#3593 = ORIENTED_EDGE ( 'NONE', *, *, #4167, .T. ) ;
#3594 = DIRECTION ( 'NONE',  ( 0.000000000000000000, 0.000000000000000000, 1.000000000000000000 ) ) ;
#3595 = CIRCLE ( 'NONE', #2442, 1.100000000000000311 ) ;
#3596 = AXIS2_PLACEMENT_3D ( 'NONE', #1061, #2644, #4988 ) ;
#3597 = UNCERTAINTY_MEASURE_WITH_UNIT (LENGTH_MEASURE( 1.000000000000000082E-05 ), #501, 'distance_accuracy_value', 'NONE');
#3598 = FILL_AREA_STYLE_COLOUR ( '', #4301 ) ;
#3599 =( NAMED_UNIT ( * ) PLANE_ANGLE_UNIT ( ) SI_UNIT ( $, .RADIAN. ) );
#3600 = EDGE_CURVE ( 'NONE', #2591, #3657, #162, .T. ) ;
#3601 = DIRECTION ( 'NONE',  ( 0.0007733734047231480583, -0.9999997009467437303, 0.000000000000000000 ) ) ;
#3602 = DIRECTION ( 'NONE',  ( 0.000000000000000000, 0.000000000000000000, 1.000000000000000000 ) ) ;
#3603 = PRESENTATION_LAYER_ASSIGNMENT (  '', '', ( #527 ) ) ;
#3604 = ORIENTED_EDGE ( 'NONE', *, *, #4238, .T. ) ;
#3605 = DIRECTION ( 'NONE',  ( 0.9238726279500996119, -0.3827001010250414281, 0.000000000000000000 ) ) ;
#3606 = UNCERTAINTY_MEASURE_WITH_UNIT (LENGTH_MEASURE( 1.000000000000000082E-05 ), #3116, 'distance_accuracy_value', 'NONE');
#3607 = AXIS2_PLACEMENT_3D ( 'NONE', #4224, #3077, #3750 ) ;
#3608 = AXIS2_PLACEMENT_3D ( 'NONE', #3216, #4024, #3629 ) ;
#3609 = ADVANCED_FACE ( 'NONE', ( #3651 ), #4922, .F. ) ;
#3610 = DIRECTION ( 'NONE',  ( 1.000000000000000000, 0.000000000000000000, 0.000000000000000000 ) ) ;
#3611 = VECTOR ( 'NONE', #763, 1000.000000000000000 ) ;
#3612 = CARTESIAN_POINT ( 'NONE',  ( 8.500000000000000000, -29.00000000000000000, 0.000000000000000000 ) ) ;
#3613 = ORIENTED_EDGE ( 'NONE', *, *, #3956, .F. ) ;
#3614 = PRESENTATION_LAYER_ASSIGNMENT (  '', '', ( #619 ) ) ;
#3615 =( NAMED_UNIT ( * ) PLANE_ANGLE_UNIT ( ) SI_UNIT ( $, .RADIAN. ) );
#3616 = SURFACE_STYLE_USAGE ( .BOTH. , #3679 ) ;
#3617 = PLANE ( 'NONE',  #4440 ) ;
#3618 = CARTESIAN_POINT ( 'NONE',  ( 10.69999159578100034, -8.600012602499997882, 0.000000000000000000 ) ) ;
#3619 = DIRECTION ( 'NONE',  ( 0.000000000000000000, 0.000000000000000000, 1.000000000000000000 ) ) ;
#3620 = FACE_OUTER_BOUND ( 'NONE', #1640, .T. ) ;
#3621 = DIRECTION ( 'NONE',  ( 0.000000000000000000, 0.000000000000000000, 1.000000000000000000 ) ) ;
#3622 =( NAMED_UNIT ( * ) PLANE_ANGLE_UNIT ( ) SI_UNIT ( $, .RADIAN. ) );
#3623 = ORIENTED_EDGE ( 'NONE', *, *, #1981, .F. ) ;
#3624 =( NAMED_UNIT ( * ) SI_UNIT ( $, .STERADIAN. ) SOLID_ANGLE_UNIT ( ) );
#3625 = DIRECTION ( 'NONE',  ( 1.000000000000000000, 0.000000000000000000, 0.000000000000000000 ) ) ;
#3626 =( NAMED_UNIT ( * ) PLANE_ANGLE_UNIT ( ) SI_UNIT ( $, .RADIAN. ) );
#3627 = EDGE_CURVE ( 'NONE', #3905, #605, #2252, .T. ) ;
#3628 = VERTEX_POINT ( 'NONE', #5033 ) ;
#3629 = DIRECTION ( 'NONE',  ( -0.9999997009467437303, -0.0007733734047231489257, 0.000000000000000000 ) ) ;
#3630 = ADVANCED_FACE ( 'NONE', ( #1027 ), #2607, .F. ) ;
#3631 = VECTOR ( 'NONE', #3213, 1000.000000000000000 ) ;
#3632 = DIRECTION ( 'NONE',  ( 0.000000000000000000, 0.000000000000000000, 1.000000000000000000 ) ) ;
#3633 =( GEOMETRIC_REPRESENTATION_CONTEXT ( 3 ) GLOBAL_UNCERTAINTY_ASSIGNED_CONTEXT ( ( #4025 ) ) GLOBAL_UNIT_ASSIGNED_CONTEXT ( ( #4164, #3744, #4972 ) ) REPRESENTATION_CONTEXT ( 'NONE', 'WORKASPACE' ) );
#3634 = FACE_OUTER_BOUND ( 'NONE', #4296, .T. ) ;
#3635 = ADVANCED_FACE ( 'NONE', ( #2693 ), #3359, .F. ) ;
#3636 = ORIENTED_EDGE ( 'NONE', *, *, #1083, .F. ) ;
#3637 = COLOUR_RGB ( '',1.000000000000000000, 0.6078431372549019107, 0.000000000000000000 ) ;
#3638 = SURFACE_SIDE_STYLE ('',( #4031 ) ) ;
#3639 = COLOUR_RGB ( '',1.000000000000000000, 0.6078431372549019107, 0.000000000000000000 ) ;
#3640 = VECTOR ( 'NONE', #4176, 1000.000000000000000 ) ;
#3641 = LINE ( 'NONE', #2027, #700 ) ;
#3642 = STYLED_ITEM ( 'NONE', ( #2578 ), #1209 ) ;
#3643 = CARTESIAN_POINT ( 'NONE',  ( -4.775514504218999257, -30.34466980249999679, -0.01736650455699990936 ) ) ;
#3644 = DIRECTION ( 'NONE',  ( 1.000000000000000000, 0.000000000000000000, 0.000000000000000000 ) ) ;
#3645 = AXIS2_PLACEMENT_3D ( 'NONE', #3254, #4480, #4860 ) ;
#3646 = ORIENTED_EDGE ( 'NONE', *, *, #2310, .T. ) ;
#3647 = CARTESIAN_POINT ( 'NONE',  ( -0.1903244442189999941, -30.42717916249999988, -3.517367124556999958 ) ) ;
#3648 = PLANE ( 'NONE',  #885 ) ;
#3649 = FILL_AREA_STYLE_COLOUR ( '', #4225 ) ;
#3650 = EDGE_LOOP ( 'NONE', ( #1666, #291, #3313, #4078 ) ) ;
#3651 = FACE_OUTER_BOUND ( 'NONE', #5008, .T. ) ;
#3652 = UNCERTAINTY_MEASURE_WITH_UNIT (LENGTH_MEASURE( 1.000000000000000082E-05 ), #3418, 'distance_accuracy_value', 'NONE');
#3653 = PRESENTATION_LAYER_ASSIGNMENT (  '', '', ( #2153 ) ) ;
#3654 = LINE ( 'NONE', #4401, #4641 ) ;
#3655 = VECTOR ( 'NONE', #1523, 1000.000000000000000 ) ;
#3656 = LINE ( 'NONE', #1234, #2336 ) ;
#3657 = VERTEX_POINT ( 'NONE', #3386 ) ;
#3658 = EDGE_CURVE ( 'NONE', #701, #4165, #4980, .T. ) ;
#3659 = DIRECTION ( 'NONE',  ( 0.3827001010250414281, -0.9238726279500996119, 0.000000000000000000 ) ) ;
#3660 = SURFACE_SIDE_STYLE ('',( #1285 ) ) ;
#3661 = LINE ( 'NONE', #4426, #3765 ) ;
#3662 = ADVANCED_FACE ( 'NONE', ( #3994 ), #4714, .T. ) ;
#3663 = CARTESIAN_POINT ( 'NONE',  ( 38.69999999999999574, -40.00000000000000000, 0.000000000000000000 ) ) ;
#3664 = LINE ( 'NONE', #4458, #1041 ) ;
#3665 = CARTESIAN_POINT ( 'NONE',  ( 11.69999213578100061, -7.600012062499999388, 2.000001080000000098 ) ) ;
#3666 = CARTESIAN_POINT ( 'NONE',  ( -40.00000000000000000, -43.00000000000000000, -2.017369599999999874 ) ) ;
#3667 =( LENGTH_UNIT ( ) NAMED_UNIT ( * ) SI_UNIT ( .MILLI., .METRE. ) );
#3668 = DIRECTION ( 'NONE',  ( -1.000000000000000000, 0.000000000000000000, 0.000000000000000000 ) ) ;
#3669 = AXIS2_PLACEMENT_3D ( 'NONE', #3206, #77, #495 ) ;
#3670 = FILL_AREA_STYLE_COLOUR ( '', #4340 ) ;
#3671 = CARTESIAN_POINT ( 'NONE',  ( 0.1271552357809999922, -30.49033118249999674, -0.01736650455699990936 ) ) ;
#3672 = ORIENTED_EDGE ( 'NONE', *, *, #4963, .F. ) ;
#3673 = DIRECTION ( 'NONE',  ( 1.000000000000000000, 0.000000000000000000, 0.000000000000000000 ) ) ;
#3674 = VECTOR ( 'NONE', #2326, 1000.000000000000000 ) ;
#3675 = CARTESIAN_POINT ( 'NONE',  ( 12.69999267578099911, -32.00001406250000002, 0.000000000000000000 ) ) ;
#3676 = MECHANICAL_DESIGN_GEOMETRIC_PRESENTATION_REPRESENTATION (  '', ( #5013 ), #2102 ) ;
#3677 = VERTEX_POINT ( 'NONE', #2765 ) ;
#3678 = SURFACE_STYLE_USAGE ( .BOTH. , #3638 ) ;
#3679 = SURFACE_SIDE_STYLE ('',( #4455 ) ) ;
#3680 = EDGE_CURVE ( 'NONE', #4655, #1492, #374, .T. ) ;
#3681 = VECTOR ( 'NONE', #2430, 1000.000000000000000 ) ;
#3682 = EDGE_CURVE ( 'NONE', #2067, #4955, #425, .T. ) ;
#3683 =( LENGTH_UNIT ( ) NAMED_UNIT ( * ) SI_UNIT ( .MILLI., .METRE. ) );
#3684 = DIRECTION ( 'NONE',  ( 0.000000000000000000, 0.000000000000000000, -1.000000000000000000 ) ) ;
#3685 = VECTOR ( 'NONE', #4363, 1000.000000000000000 ) ;
#3686 = SURFACE_STYLE_USAGE ( .BOTH. , #3296 ) ;
#3687 =( NAMED_UNIT ( * ) PLANE_ANGLE_UNIT ( ) SI_UNIT ( $, .RADIAN. ) );
#3688 = EDGE_CURVE ( 'NONE', #2741, #1436, #2798, .T. ) ;
#3689 = CARTESIAN_POINT ( 'NONE',  ( 9.499991455780998351, -9.499994431950002038, 1.499998807906999909 ) ) ;
#3690 = SURFACE_SIDE_STYLE ('',( #2188 ) ) ;
#3691 = AXIS2_PLACEMENT_3D ( 'NONE', #1510, #1453, #4660 ) ;
#3692 = CARTESIAN_POINT ( 'NONE',  ( -0.2245001442189999974, -30.25536086250002654, -0.01736650455699990936 ) ) ;
#3693 = FACE_OUTER_BOUND ( 'NONE', #3326, .T. ) ;
#3694 = ORIENTED_EDGE ( 'NONE', *, *, #3567, .F. ) ;
#3695 = DIRECTION ( 'NONE',  ( 0.000000000000000000, -1.000000000000000000, 0.000000000000000000 ) ) ;
#3696 = UNCERTAINTY_MEASURE_WITH_UNIT (LENGTH_MEASURE( 1.000000000000000082E-05 ), #2864, 'distance_accuracy_value', 'NONE');
#3697 = DIRECTION ( 'NONE',  ( 0.000000000000000000, 1.000000000000000000, 0.000000000000000000 ) ) ;
#3698 = SURFACE_STYLE_USAGE ( .BOTH. , #3286 ) ;
#3699 = ORIENTED_EDGE ( 'NONE', *, *, #4839, .T. ) ;
#3700 = ORIENTED_EDGE ( 'NONE', *, *, #1030, .T. ) ;
#3701 =( GEOMETRIC_REPRESENTATION_CONTEXT ( 3 ) GLOBAL_UNCERTAINTY_ASSIGNED_CONTEXT ( ( #2503 ) ) GLOBAL_UNIT_ASSIGNED_CONTEXT ( ( #4635, #1456, #657 ) ) REPRESENTATION_CONTEXT ( 'NONE', 'WORKASPACE' ) );
#3702 = DIRECTION ( 'NONE',  ( -1.000000000000000000, 0.000000000000000000, 0.000000000000000000 ) ) ;
#3703 = CARTESIAN_POINT ( 'NONE',  ( -4.872844764218999813, -30.49033118249999674, -3.517367124556999958 ) ) ;
#3704 = PRESENTATION_LAYER_ASSIGNMENT (  '', '', ( #4716 ) ) ;
#3705 = SURFACE_SIDE_STYLE ('',( #2180 ) ) ;
#3706 = ORIENTED_EDGE ( 'NONE', *, *, #1814, .F. ) ;
#3707 = MECHANICAL_DESIGN_GEOMETRIC_PRESENTATION_REPRESENTATION (  '', ( #4720 ), #232 ) ;
#3708 = SURFACE_STYLE_USAGE ( .BOTH. , #1312 ) ;
#3709 = VECTOR ( 'NONE', #4724, 1000.000000000000000 ) ;
#3710 = CARTESIAN_POINT ( 'NONE',  ( -9.500006104219000491, -28.49999453194999788, 1.499998807906999909 ) ) ;
#3711 = CARTESIAN_POINT ( 'NONE',  ( -5.190324444218999744, -30.17285150249999859, -3.517367124556999958 ) ) ;
#3712 = PRESENTATION_STYLE_ASSIGNMENT (( #4863 ) ) ;
#3713 = LINE ( 'NONE', #626, #1551 ) ;
#3714 = COLOUR_RGB ( '',0.000000000000000000, 0.5019607843137254832, 0.000000000000000000 ) ;
#3715 = ORIENTED_EDGE ( 'NONE', *, *, #2609, .T. ) ;
#3716 = EDGE_CURVE ( 'NONE', #3159, #1322, #792, .T. ) ;
#3717 = LINE ( 'NONE', #1691, #1505 ) ;
#3718 = EDGE_CURVE ( 'NONE', #2692, #3898, #1200, .T. ) ;
#3719 = DIRECTION ( 'NONE',  ( 1.000000000000000000, 0.000000000000000000, 0.000000000000000000 ) ) ;
#3720 = FILL_AREA_STYLE_COLOUR ( '', #3349 ) ;
#3721 =( GEOMETRIC_REPRESENTATION_CONTEXT ( 3 ) GLOBAL_UNCERTAINTY_ASSIGNED_CONTEXT ( ( #1625 ) ) GLOBAL_UNIT_ASSIGNED_CONTEXT ( ( #1894, #2756, #5125 ) ) REPRESENTATION_CONTEXT ( 'NONE', 'WORKASPACE' ) );
#3722 = ORIENTED_EDGE ( 'NONE', *, *, #328, .T. ) ;
#3723 = CARTESIAN_POINT ( 'NONE',  ( -5.127172424218999325, -30.10969948249999817, -3.517367124556999958 ) ) ;
#3724 = SURFACE_SIDE_STYLE ('',( #3839 ) ) ;
#3725 = SURFACE_SIDE_STYLE ('',( #2558 ) ) ;
#3726 = VECTOR ( 'NONE', #2051, 1000.000000000000000 ) ;
#3727 = EDGE_CURVE ( 'NONE', #4433, #3819, #2357, .T. ) ;
#3728 = STYLED_ITEM ( 'NONE', ( #1946 ), #1973 ) ;
#3729 = ORIENTED_EDGE ( 'NONE', *, *, #4703, .F. ) ;
#3730 = ORIENTED_EDGE ( 'NONE', *, *, #2202, .F. ) ;
#3731 = ORIENTED_EDGE ( 'NONE', *, *, #2617, .T. ) ;
#3732 = SHELL_BASED_SURFACE_MODEL ( 'NONE', ( #1971, #3056, #3553, #3802, #4717, #319, #2815, #4221, #2728 ) );
#3733 = CYLINDRICAL_SURFACE ( 'NONE', #3513, 1.498841284246000383 ) ;
#3734 = DIRECTION ( 'NONE',  ( 0.000000000000000000, 0.000000000000000000, -1.000000000000000000 ) ) ;
#3735 = VERTEX_POINT ( 'NONE', #4390 ) ;
#3736 =( NAMED_UNIT ( * ) PLANE_ANGLE_UNIT ( ) SI_UNIT ( $, .RADIAN. ) );
#3737 = EDGE_LOOP ( 'NONE', ( #4570, #2385, #765, #1850 ) ) ;
#3738 = CARTESIAN_POINT ( 'NONE',  ( 40.00000000000000000, -43.00000000000000000, 0.000000000000000000 ) ) ;
#3739 = MECHANICAL_DESIGN_GEOMETRIC_PRESENTATION_REPRESENTATION (  '', ( #3171 ), #3411 ) ;
#3740 = CARTESIAN_POINT ( 'NONE',  ( -4.955354124219029543, -30.07552124249999537, -3.517367124556999958 ) ) ;
#3741 = FILL_AREA_STYLE ('',( #126 ) ) ;
#3742 = CARTESIAN_POINT ( 'NONE',  ( -17.80000000000000071, 32.39999999999999858, -2.017369599999999874 ) ) ;
#3743 = LINE ( 'NONE', #2244, #699 ) ;
#3744 =( NAMED_UNIT ( * ) PLANE_ANGLE_UNIT ( ) SI_UNIT ( $, .RADIAN. ) );
#3745 = ORIENTED_EDGE ( 'NONE', *, *, #4074, .T. ) ;
#3746 =( LENGTH_UNIT ( ) NAMED_UNIT ( * ) SI_UNIT ( .MILLI., .METRE. ) );
#3747 = CARTESIAN_POINT ( 'NONE',  ( -40.00000000000000000, 40.00000000000000000, 0.000000000000000000 ) ) ;
#3748 = DIRECTION ( 'NONE',  ( -1.000000000000000000, 0.000000000000000000, 0.000000000000000000 ) ) ;
#3749 = DIRECTION ( 'NONE',  ( 0.000000000000000000, 1.000000000000000000, 0.000000000000000000 ) ) ;
#3750 = DIRECTION ( 'NONE',  ( -0.9999999999999950040, 1.000000010007988968E-07, 0.000000000000000000 ) ) ;
#3751 = ORIENTED_EDGE ( 'NONE', *, *, #959, .F. ) ;
#3752 = SURFACE_STYLE_USAGE ( .BOTH. , #4540 ) ;
#3753 = UNCERTAINTY_MEASURE_WITH_UNIT (LENGTH_MEASURE( 1.000000000000000082E-05 ), #879, 'distance_accuracy_value', 'NONE');
#3754 = EDGE_CURVE ( 'NONE', #3677, #1670, #2413, .T. ) ;
#3755 = FACE_BOUND ( 'NONE', #2618, .T. ) ;
#3756 = VECTOR ( 'NONE', #3794, 1000.000000000000000 ) ;
#3757 = ORIENTED_EDGE ( 'NONE', *, *, #4808, .F. ) ;
#3758 = ADVANCED_FACE ( 'NONE', ( #37 ), #1617, .F. ) ;
#3759 = ORIENTED_EDGE ( 'NONE', *, *, #3716, .T. ) ;
#3760 = VECTOR ( 'NONE', #4086, 1000.000000000000000 ) ;
#3761 = VECTOR ( 'NONE', #1388, 1000.000000000000000 ) ;
#3762 = EDGE_LOOP ( 'NONE', ( #4219, #1514, #2675, #4979 ) ) ;
#3763 = FILL_AREA_STYLE ('',( #2175 ) ) ;
#3764 = DIRECTION ( 'NONE',  ( -1.000000000000000000, 0.000000000000000000, 0.000000000000000000 ) ) ;
#3765 = VECTOR ( 'NONE', #2448, 1000.000000000000000 ) ;
#3766 = VERTEX_POINT ( 'NONE', #2083 ) ;
#3767 = CARTESIAN_POINT ( 'NONE',  ( 38.69999999999999574, -1.592040838891555891E-16, 0.000000000000000000 ) ) ;
#3768 = VECTOR ( 'NONE', #325, 1000.000000000000000 ) ;
#3769 = ORIENTED_EDGE ( 'NONE', *, *, #1213, .F. ) ;
#3770 = CIRCLE ( 'NONE', #3608, 1.498841284246000383 ) ;
#3771 = LINE ( 'NONE', #1369, #2386 ) ;
#3772 = PRESENTATION_LAYER_ASSIGNMENT (  '', '', ( #3112 ) ) ;
#3773 = CARTESIAN_POINT ( 'NONE',  ( -4.872844764218999813, -30.49033118249999674, -3.517367124556999958 ) ) ;
#3774 = ORIENTED_EDGE ( 'NONE', *, *, #1686, .T. ) ;
#3775 = LINE ( 'NONE', #1741, #3279 ) ;
#3776 = FILL_AREA_STYLE_COLOUR ( '', #4232 ) ;
#3777 = LINE ( 'NONE', #1022, #2029 ) ;
#3778 = DIRECTION ( 'NONE',  ( 0.000000000000000000, 0.000000000000000000, -1.000000000000000000 ) ) ;
#3779 = ORIENTED_EDGE ( 'NONE', *, *, #3831, .F. ) ;
#3780 = DIRECTION ( 'NONE',  ( -0.000000000000000000, 1.000000000000000000, 0.000000000000000000 ) ) ;
#3781 = FACE_BOUND ( 'NONE', #2629, .T. ) ;
#3782 = DIRECTION ( 'NONE',  ( 0.000000000000000000, 0.000000000000000000, 1.000000000000000000 ) ) ;
#3783 = PRESENTATION_STYLE_ASSIGNMENT (( #4231 ) ) ;
#3784 = EDGE_CURVE ( 'NONE', #1903, #1259, #865, .T. ) ;
#3785 = EDGE_CURVE ( 'NONE', #338, #3006, #2684, .T. ) ;
#3786 = ORIENTED_EDGE ( 'NONE', *, *, #4651, .T. ) ;
#3787 = VERTEX_POINT ( 'NONE', #3238 ) ;
#3788 = EDGE_CURVE ( 'NONE', #1474, #2606, #3256, .T. ) ;
#3789 = LINE ( 'NONE', #563, #1337 ) ;
#3790 = EDGE_LOOP ( 'NONE', ( #2996, #16, #5124, #1414 ) ) ;
#3791 = CARTESIAN_POINT ( 'NONE',  ( -40.00000000000000000, 43.00000000000000000, 0.000000000000000000 ) ) ;
#3792 = VECTOR ( 'NONE', #2548, 1000.000000000000227 ) ;
#3793 = ORIENTED_EDGE ( 'NONE', *, *, #4867, .T. ) ;
#3794 = DIRECTION ( 'NONE',  ( 0.000000000000000000, 0.000000000000000000, 1.000000000000000000 ) ) ;
#3795 =( NAMED_UNIT ( * ) PLANE_ANGLE_UNIT ( ) SI_UNIT ( $, .RADIAN. ) );
#3796 = MECHANICAL_DESIGN_GEOMETRIC_PRESENTATION_REPRESENTATION (  '', ( #480 ), #2545 ) ;
#3797 = DIRECTION ( 'NONE',  ( 0.000000000000000000, 0.000000000000000000, -1.000000000000000000 ) ) ;
#3798 = LINE ( 'NONE', #988, #1526 ) ;
#3799 = DIRECTION ( 'NONE',  ( 0.000000000000000000, -1.000000000000000000, 0.000000000000000000 ) ) ;
#3800 = ORIENTED_EDGE ( 'NONE', *, *, #3332, .T. ) ;
#3801 = AXIS2_PLACEMENT_3D ( 'NONE', #2581, #1002, #4177 ) ;
#3802 = OPEN_SHELL ( 'NONE', ( #1715, #431, #1473 ) ) ;
#3803 = DIRECTION ( 'NONE',  ( 0.000000000000000000, 0.000000000000000000, 1.000000000000000000 ) ) ;
#3804 = CARTESIAN_POINT ( 'NONE',  ( 40.00000000000000000, 0.000000000000000000, -2.017369599999999874 ) ) ;
#3805 =( NAMED_UNIT ( * ) SI_UNIT ( $, .STERADIAN. ) SOLID_ANGLE_UNIT ( ) );
#3806 = DIRECTION ( 'NONE',  ( 0.000000000000000000, 1.000000000000000000, 0.000000000000000000 ) ) ;
#3807 = SURFACE_STYLE_FILL_AREA ( #4564 ) ;
#3808 =( GEOMETRIC_REPRESENTATION_CONTEXT ( 3 ) GLOBAL_UNCERTAINTY_ASSIGNED_CONTEXT ( ( #2418 ) ) GLOBAL_UNIT_ASSIGNED_CONTEXT ( ( #1711, #823, #38 ) ) REPRESENTATION_CONTEXT ( 'NONE', 'WORKASPACE' ) );
#3809 = VERTEX_POINT ( 'NONE', #2474 ) ;
#3810 = UNCERTAINTY_MEASURE_WITH_UNIT (LENGTH_MEASURE( 1.000000000000000082E-05 ), #2915, 'distance_accuracy_value', 'NONE');
#3811 = DIRECTION ( 'NONE',  ( 1.000000000000000000, 0.000000000000000000, 0.000000000000000000 ) ) ;
#3812 = FILL_AREA_STYLE ('',( #634 ) ) ;
#3813 = CARTESIAN_POINT ( 'NONE',  ( -5.044663064219049531, -30.52450688249999899, -3.517367124556999958 ) ) ;
#3814 = COLOUR_RGB ( '',0.000000000000000000, 0.5019607843137254832, 0.000000000000000000 ) ;
#3815 = FACE_OUTER_BOUND ( 'NONE', #2305, .T. ) ;
#3816 = VERTEX_POINT ( 'NONE', #104 ) ;
#3817 =( GEOMETRIC_REPRESENTATION_CONTEXT ( 3 ) GLOBAL_UNCERTAINTY_ASSIGNED_CONTEXT ( ( #4397 ) ) GLOBAL_UNIT_ASSIGNED_CONTEXT ( ( #984, #4248, #1835 ) ) REPRESENTATION_CONTEXT ( 'NONE', 'WORKASPACE' ) );
#3818 = ORIENTED_EDGE ( 'NONE', *, *, #1875, .F. ) ;
#3819 = VERTEX_POINT ( 'NONE', #1273 ) ;
#3820 = PRESENTATION_STYLE_ASSIGNMENT (( #3036 ) ) ;
#3821 = AXIS2_PLACEMENT_3D ( 'NONE', #1632, #470, #3228 ) ;
#3822 = LINE ( 'NONE', #171, #3312 ) ;
#3823 = EDGE_LOOP ( 'NONE', ( #3613, #2092, #4667, #981 ) ) ;
#3824 = EDGE_CURVE ( 'NONE', #4389, #413, #3595, .T. ) ;
#3825 = FILL_AREA_STYLE_COLOUR ( '', #395 ) ;
#3826 = VECTOR ( 'NONE', #2117, 1000.000000000000000 ) ;
#3827 = VERTEX_POINT ( 'NONE', #1248 ) ;
#3828 = DIRECTION ( 'NONE',  ( -1.000000000000000000, 0.000000000000000000, 0.000000000000000000 ) ) ;
#3829 = LINE ( 'NONE', #5052, #1308 ) ;
#3830 = FACE_OUTER_BOUND ( 'NONE', #3110, .T. ) ;
#3831 = EDGE_CURVE ( 'NONE', #4577, #3022, #1687, .T. ) ;
#3832 = ORIENTED_EDGE ( 'NONE', *, *, #2707, .T. ) ;
#3833 = COLOUR_RGB ( '',0.000000000000000000, 0.5019607843137254832, 0.000000000000000000 ) ;
#3834 = FACE_OUTER_BOUND ( 'NONE', #2722, .T. ) ;
#3835 = LINE ( 'NONE', #300, #658 ) ;
#3836 = PLANE ( 'NONE',  #3441 ) ;
#3837 = DIRECTION ( 'NONE',  ( -0.7071067811865475727, 0.7071067811865475727, 0.000000000000000000 ) ) ;
#3838 = ORIENTED_EDGE ( 'NONE', *, *, #1949, .T. ) ;
#3839 = SURFACE_STYLE_FILL_AREA ( #2199 ) ;
#3840 = CARTESIAN_POINT ( 'NONE',  ( 18.30000000000000071, -38.50000000000000000, -2.017369599999999874 ) ) ;
#3841 = SURFACE_STYLE_USAGE ( .BOTH. , #1724 ) ;
#3842 = ORIENTED_EDGE ( 'NONE', *, *, #3000, .F. ) ;
#3843 = ORIENTED_EDGE ( 'NONE', *, *, #4283, .T. ) ;
#3844 = VERTEX_POINT ( 'NONE', #2106 ) ;
#3845 = VECTOR ( 'NONE', #3346, 1000.000000000000000 ) ;
#3846 = DIRECTION ( 'NONE',  ( 0.000000000000000000, -1.000000000000000000, 0.000000000000000000 ) ) ;
#3847 = VECTOR ( 'NONE', #546, 1000.000000000000000 ) ;
#3848 =( GEOMETRIC_REPRESENTATION_CONTEXT ( 3 ) GLOBAL_UNCERTAINTY_ASSIGNED_CONTEXT ( ( #3243 ) ) GLOBAL_UNIT_ASSIGNED_CONTEXT ( ( #170, #1446, #4959 ) ) REPRESENTATION_CONTEXT ( 'NONE', 'WORKASPACE' ) );
#3849 = VERTEX_POINT ( 'NONE', #3689 ) ;
#3850 = VERTEX_POINT ( 'NONE', #3647 ) ;
#3851 = AXIS2_PLACEMENT_3D ( 'NONE', #1484, #3462, #2160 ) ;
#3852 = VECTOR ( 'NONE', #4358, 1000.000000000000000 ) ;
#3853 = DIRECTION ( 'NONE',  ( 0.000000000000000000, 0.000000000000000000, 1.000000000000000000 ) ) ;
#3854 = FILL_AREA_STYLE ('',( #1789 ) ) ;
#3855 = EDGE_CURVE ( 'NONE', #1767, #4900, #129, .T. ) ;
#3856 = SURFACE_STYLE_USAGE ( .BOTH. , #683 ) ;
#3857 = MECHANICAL_DESIGN_GEOMETRIC_PRESENTATION_REPRESENTATION (  '', ( #3265 ), #529 ) ;
#3858 = STYLED_ITEM ( 'NONE', ( #632 ), #3630 ) ;
#3859 = STYLED_ITEM ( 'NONE', ( #4947 ), #4375 ) ;
#3860 = LINE ( 'NONE', #5084, #3390 ) ;
#3861 = EDGE_CURVE ( 'NONE', #3415, #2587, #2847, .T. ) ;
#3862 =( NAMED_UNIT ( * ) PLANE_ANGLE_UNIT ( ) SI_UNIT ( $, .RADIAN. ) );
#3863 = ORIENTED_EDGE ( 'NONE', *, *, #4011, .T. ) ;
#3864 = FILL_AREA_STYLE ('',( #4643 ) ) ;
#3865 = UNCERTAINTY_MEASURE_WITH_UNIT (LENGTH_MEASURE( 1.000000000000000082E-05 ), #1500, 'distance_accuracy_value', 'NONE');
#3866 =( NAMED_UNIT ( * ) SI_UNIT ( $, .STERADIAN. ) SOLID_ANGLE_UNIT ( ) );
#3867 = MECHANICAL_DESIGN_GEOMETRIC_PRESENTATION_REPRESENTATION (  '', ( #4936 ), #1196 ) ;
#3868 = CARTESIAN_POINT ( 'NONE',  ( -40.00000000000000000, 43.00000000000000000, -2.017369599999999874 ) ) ;
#3869 = PLANE ( 'NONE',  #2907 ) ;
#3870 = MECHANICAL_DESIGN_GEOMETRIC_PRESENTATION_REPRESENTATION (  '', ( #2703 ), #1281 ) ;
#3871 = DIRECTION ( 'NONE',  ( 0.000000000000000000, 0.000000000000000000, -1.000000000000000000 ) ) ;
#3872 = ORIENTED_EDGE ( 'NONE', *, *, #3785, .F. ) ;
#3873 = PRESENTATION_STYLE_ASSIGNMENT (( #3899 ) ) ;
#3874 = ORIENTED_EDGE ( 'NONE', *, *, #3252, .T. ) ;
#3875 = STYLED_ITEM ( 'NONE', ( #263 ), #5135 ) ;
#3876 = ORIENTED_EDGE ( 'NONE', *, *, #1237, .T. ) ;
#3877 =( LENGTH_UNIT ( ) NAMED_UNIT ( * ) SI_UNIT ( .MILLI., .METRE. ) );
#3878 = VERTEX_POINT ( 'NONE', #4503 ) ;
#3879 = CARTESIAN_POINT ( 'NONE',  ( 0.1903072557809999954, -30.42717916249999988, -3.517367124556999958 ) ) ;
#3880 = PLANE ( 'NONE',  #3669 ) ;
#3881 = CARTESIAN_POINT ( 'NONE',  ( -7.994549154206000608E-06, -30.30001473283011748, -3.517367124556999958 ) ) ;
#3882 = AXIS2_PLACEMENT_3D ( 'NONE', #2062, #427, #866 ) ;
#3883 = CARTESIAN_POINT ( 'NONE',  ( 9.499991455780998351, -9.499994431950002038, 1.499998807906999909 ) ) ;
#3884 =( LENGTH_UNIT ( ) NAMED_UNIT ( * ) SI_UNIT ( .MILLI., .METRE. ) );
#3885 = DIRECTION ( 'NONE',  ( 0.000000000000000000, -1.000000000000000000, 0.000000000000000000 ) ) ;
#3886 = AXIS2_PLACEMENT_3D ( 'NONE', #3959, #4384, #4857 ) ;
#3887 = CARTESIAN_POINT ( 'NONE',  ( -14.69999999999999929, -43.00000000000000000, -2.017369599999999874 ) ) ;
#3888 = SURFACE_SIDE_STYLE ('',( #2604 ) ) ;
#3889 = LINE ( 'NONE', #3182, #2939 ) ;
#3890 = CARTESIAN_POINT ( 'NONE',  ( -14.69999999999999929, -38.50000000000000000, 0.000000000000000000 ) ) ;
#3891 = ORIENTED_EDGE ( 'NONE', *, *, #584, .T. ) ;
#3892 =( NAMED_UNIT ( * ) SI_UNIT ( $, .STERADIAN. ) SOLID_ANGLE_UNIT ( ) );
#3893 = SURFACE_SIDE_STYLE ('',( #5139 ) ) ;
#3894 = ADVANCED_FACE ( 'NONE', ( #4889 ), #454, .F. ) ;
#3895 =( NAMED_UNIT ( * ) PLANE_ANGLE_UNIT ( ) SI_UNIT ( $, .RADIAN. ) );
#3896 = MECHANICAL_DESIGN_GEOMETRIC_PRESENTATION_REPRESENTATION (  '', ( #821 ), #3974 ) ;
#3897 = PRESENTATION_LAYER_ASSIGNMENT (  '', '', ( #312 ) ) ;
#3898 = VERTEX_POINT ( 'NONE', #2185 ) ;
#3899 = SURFACE_STYLE_USAGE ( .BOTH. , #4262 ) ;
#3900 =( NAMED_UNIT ( * ) PLANE_ANGLE_UNIT ( ) SI_UNIT ( $, .RADIAN. ) );
#3901 = EDGE_CURVE ( 'NONE', #2343, #199, #1813, .T. ) ;
#3902 = VECTOR ( 'NONE', #3076, 1000.000000000000000 ) ;
#3903 = ORIENTED_EDGE ( 'NONE', *, *, #2775, .T. ) ;
#3904 = FILL_AREA_STYLE_COLOUR ( '', #752 ) ;
#3905 = VERTEX_POINT ( 'NONE', #4662 ) ;
#3906 = DIRECTION ( 'NONE',  ( 1.000000000000000000, 0.000000000000000000, 0.000000000000000000 ) ) ;
#3907 = LINE ( 'NONE', #2732, #2419 ) ;
#3908 = CARTESIAN_POINT ( 'NONE',  ( 0.2244854957809999940, -30.25536086250002654, -3.517367124556999958 ) ) ;
#3909 = MECHANICAL_DESIGN_GEOMETRIC_PRESENTATION_REPRESENTATION (  '', ( #3728 ), #1655 ) ;
#3910 =( NAMED_UNIT ( * ) PLANE_ANGLE_UNIT ( ) SI_UNIT ( $, .RADIAN. ) );
#3911 = PLANE ( 'NONE',  #555 ) ;
#3912 = CARTESIAN_POINT ( 'NONE',  ( 39.99890579710099558, -39.99890579710000083, -2.017369599999999874 ) ) ;
#3913 = COLOUR_RGB ( '',0.000000000000000000, 0.5019607843137254832, 0.000000000000000000 ) ;
#3914 = CARTESIAN_POINT ( 'NONE',  ( 8.977176106171999237, -27.99999553195000246, 1.499998807906999909 ) ) ;
#3915 = SURFACE_STYLE_FILL_AREA ( #4770 ) ;
#3916 = ORIENTED_EDGE ( 'NONE', *, *, #4462, .F. ) ;
#3917 =( NAMED_UNIT ( * ) SI_UNIT ( $, .STERADIAN. ) SOLID_ANGLE_UNIT ( ) );
#3918 = UNCERTAINTY_MEASURE_WITH_UNIT (LENGTH_MEASURE( 1.000000000000000082E-05 ), #956, 'distance_accuracy_value', 'NONE');
#3919 = PRESENTATION_LAYER_ASSIGNMENT (  '', '', ( #3171 ) ) ;
#3920 = SURFACE_STYLE_USAGE ( .BOTH. , #40 ) ;
#3921 = SURFACE_SIDE_STYLE ('',( #797 ) ) ;
#3922 = DIRECTION ( 'NONE',  ( 1.000000000000000000, 0.000000000000000000, 0.000000000000000000 ) ) ;
#3923 = ADVANCED_FACE ( 'NONE', ( #4605 ), #1868, .T. ) ;
#3924 = ORIENTED_EDGE ( 'NONE', *, *, #3824, .T. ) ;
#3925 = UNCERTAINTY_MEASURE_WITH_UNIT (LENGTH_MEASURE( 1.000000000000000082E-05 ), #384, 'distance_accuracy_value', 'NONE');
#3926 = VERTEX_POINT ( 'NONE', #4195 ) ;
#3927 = ORIENTED_EDGE ( 'NONE', *, *, #4832, .T. ) ;
#3928 = CARTESIAN_POINT ( 'NONE',  ( 11.69999213578100061, -7.600014602499998162, 2.540000000000000036 ) ) ;
#3929 = DIRECTION ( 'NONE',  ( 1.000000000000000000, 0.000000000000000000, 0.000000000000000000 ) ) ;
#3930 = EDGE_CURVE ( 'NONE', #605, #3061, #1765, .T. ) ;
#3931 = EDGE_LOOP ( 'NONE', ( #3130, #552, #1298, #2957 ) ) ;
#3932 =( LENGTH_UNIT ( ) NAMED_UNIT ( * ) SI_UNIT ( .MILLI., .METRE. ) );
#3933 = PRESENTATION_STYLE_ASSIGNMENT (( #1141 ) ) ;
#3934 = COLOUR_RGB ( '',0.000000000000000000, 0.5019607843137254832, 0.000000000000000000 ) ;
#3935 = SURFACE_STYLE_USAGE ( .BOTH. , #1896 ) ;
#3936 = CIRCLE ( 'NONE', #604, 1.498841284246002159 ) ;
#3937 = SURFACE_STYLE_FILL_AREA ( #5059 ) ;
#3938 = CARTESIAN_POINT ( 'NONE',  ( -0.1903244442189999941, -30.17285150249999859, -0.01736650455699990936 ) ) ;
#3939 =( LENGTH_UNIT ( ) NAMED_UNIT ( * ) SI_UNIT ( .MILLI., .METRE. ) );
#3940 = COLOUR_RGB ( '',1.000000000000000000, 0.6078431372549019107, 0.000000000000000000 ) ;
#3941 = ORIENTED_EDGE ( 'NONE', *, *, #4789, .T. ) ;
#3942 = CARTESIAN_POINT ( 'NONE',  ( -43.00000000000000000, 40.00000000000000000, -2.017369599999999874 ) ) ;
#3943 = STYLED_ITEM ( 'NONE', ( #3582 ), #4348 ) ;
#3944 = CARTESIAN_POINT ( 'NONE',  ( 8.977176106171999237, -9.999995971950001561, 1.499998807906999909 ) ) ;
#3945 = FILL_AREA_STYLE_COLOUR ( '', #3577 ) ;
#3946 = ORIENTED_EDGE ( 'NONE', *, *, #3824, .F. ) ;
#3947 = CARTESIAN_POINT ( 'NONE',  ( -8.500000000000000000, -9.000000000000000000, -2.017369599999999874 ) ) ;
#3948 = EDGE_LOOP ( 'NONE', ( #1947, #2523 ) ) ;
#3949 = PRODUCT_RELATED_PRODUCT_CATEGORY ( 'part', '', ( #369 ) ) ;
#3950 = EDGE_CURVE ( 'NONE', #4965, #1046, #3798, .T. ) ;
#3951 = FACE_OUTER_BOUND ( 'NONE', #2555, .T. ) ;
#3952 = FACE_OUTER_BOUND ( 'NONE', #650, .T. ) ;
#3953 = ORIENTED_EDGE ( 'NONE', *, *, #2048, .F. ) ;
#3954 = AXIS2_PLACEMENT_3D ( 'NONE', #4766, #815, #836 ) ;
#3955 = EDGE_CURVE ( 'NONE', #1386, #3787, #4970, .T. ) ;
#3956 = EDGE_CURVE ( 'NONE', #4846, #4191, #2627, .T. ) ;
#3957 = DIRECTION ( 'NONE',  ( -0.9238826834630522455, 0.3826758252060215582, 0.000000000000000000 ) ) ;
#3958 = FILL_AREA_STYLE ('',( #1974 ) ) ;
#3959 = CARTESIAN_POINT ( 'NONE',  ( 10.69999159578100034, -8.600012602499997882, 0.000000000000000000 ) ) ;
#3960 = EDGE_CURVE ( 'NONE', #4655, #3415, #2445, .T. ) ;
#3961 = DIRECTION ( 'NONE',  ( 0.000000000000000000, 1.000000000000000000, 0.000000000000000000 ) ) ;
#3962 = LINE ( 'NONE', #4010, #4884 ) ;
#3963 = FACE_OUTER_BOUND ( 'NONE', #3033, .T. ) ;
#3964 =( NAMED_UNIT ( * ) SI_UNIT ( $, .STERADIAN. ) SOLID_ANGLE_UNIT ( ) );
#3965 = VERTEX_POINT ( 'NONE', #656 ) ;
#3966 = DIRECTION ( 'NONE',  ( 0.000000000000000000, 0.000000000000000000, -1.000000000000000000 ) ) ;
#3967 = UNCERTAINTY_MEASURE_WITH_UNIT (LENGTH_MEASURE( 1.000000000000000082E-05 ), #1049, 'distance_accuracy_value', 'NONE');
#3968 = LINE ( 'NONE', #3471, #2814 ) ;
#3969 = STYLED_ITEM ( 'NONE', ( #1393 ), #644 ) ;
#3970 = EDGE_LOOP ( 'NONE', ( #3593, #169, #4798, #4621 ) ) ;
#3971 = PRESENTATION_STYLE_ASSIGNMENT (( #2341 ) ) ;
#3972 = UNCERTAINTY_MEASURE_WITH_UNIT (LENGTH_MEASURE( 1.000000000000000082E-05 ), #1070, 'distance_accuracy_value', 'NONE');
#3973 = CARTESIAN_POINT ( 'NONE',  ( 11.69999213578100061, -31.00001606249999497, 2.540000000000000036 ) ) ;
#3974 =( GEOMETRIC_REPRESENTATION_CONTEXT ( 3 ) GLOBAL_UNCERTAINTY_ASSIGNED_CONTEXT ( ( #2458 ) ) GLOBAL_UNIT_ASSIGNED_CONTEXT ( ( #4323, #3142, #2729 ) ) REPRESENTATION_CONTEXT ( 'NONE', 'WORKASPACE' ) );
#3975 = COLOUR_RGB ( '',0.000000000000000000, 0.5019607843137254832, 0.000000000000000000 ) ;
#3976 = FACE_OUTER_BOUND ( 'NONE', #665, .T. ) ;
#3977 = LINE ( 'NONE', #337, #4984 ) ;
#3978 = VECTOR ( 'NONE', #3181, 1000.000000000000000 ) ;
#3979 = ORIENTED_EDGE ( 'NONE', *, *, #1242, .T. ) ;
#3980 =( NAMED_UNIT ( * ) SI_UNIT ( $, .STERADIAN. ) SOLID_ANGLE_UNIT ( ) );
#3981 = VECTOR ( 'NONE', #1197, 1000.000000000000000 ) ;
#3982 = DIRECTION ( 'NONE',  ( -1.000000000000000000, 0.000000000000000000, 0.000000000000000000 ) ) ;
#3983 = FILL_AREA_STYLE_COLOUR ( '', #4441 ) ;
#3984 = EDGE_CURVE ( 'NONE', #2954, #200, #2273, .T. ) ;
#3985 = EDGE_CURVE ( 'NONE', #1306, #4965, #3743, .T. ) ;
#3986 = FACE_OUTER_BOUND ( 'NONE', #1997, .T. ) ;
#3987 = DIRECTION ( 'NONE',  ( 0.7071067811865474617, 0.7071067811865474617, 0.000000000000000000 ) ) ;
#3988 = CARTESIAN_POINT ( 'NONE',  ( -10.70000624421900071, -30.00001298249999593, 0.000000000000000000 ) ) ;
#3989 = CARTESIAN_POINT ( 'NONE',  ( 24.50000000000000000, 43.00000000000000000, 0.000000000000000000 ) ) ;
#3990 = AXIS2_PLACEMENT_3D ( 'NONE', #4575, #3395, #2565 ) ;
#3991 = PRESENTATION_STYLE_ASSIGNMENT (( #5134 ) ) ;
#3992 = ADVANCED_FACE ( 'NONE', ( #3377, #3830 ), #267, .T. ) ;
#3993 = VERTEX_POINT ( 'NONE', #3099 ) ;
#3994 = FACE_OUTER_BOUND ( 'NONE', #1026, .T. ) ;
#3995 = DIRECTION ( 'NONE',  ( 0.9238726279500996119, 0.3827001010250414281, 0.000000000000000000 ) ) ;
#3996 = CIRCLE ( 'NONE', #1078, 1.300000000000002487 ) ;
#3997 = CARTESIAN_POINT ( 'NONE',  ( -10.00000000000000000, -10.50000000000000000, -2.017369599999999874 ) ) ;
#3998 = CARTESIAN_POINT ( 'NONE',  ( -39.99890579710000083, 39.99890579710099558, 0.000000000000000000 ) ) ;
#3999 = STYLED_ITEM ( 'NONE', ( #4371 ), #2271 ) ;
#4000 = ORIENTED_EDGE ( 'NONE', *, *, #3065, .F. ) ;
#4001 = LINE ( 'NONE', #4723, #3436 ) ;
#4002 = PRESENTATION_STYLE_ASSIGNMENT (( #4398 ) ) ;
#4003 = PRESENTATION_LAYER_ASSIGNMENT (  '', '', ( #3494 ) ) ;
#4004 = DIRECTION ( 'NONE',  ( 1.000000000000000000, 0.000000000000000000, 0.000000000000000000 ) ) ;
#4005 = ORIENTED_EDGE ( 'NONE', *, *, #651, .F. ) ;
#4006 = CARTESIAN_POINT ( 'NONE',  ( 9.499991455780998351, -28.49999453194999788, 1.599998607906999881 ) ) ;
#4007 = CARTESIAN_POINT ( 'NONE',  ( -4.775514504218999257, -30.34466980249999679, -0.01736650455699990936 ) ) ;
#4008 = PRESENTATION_LAYER_ASSIGNMENT (  '', '', ( #4850 ) ) ;
#4009 = VECTOR ( 'NONE', #324, 1000.000000000000000 ) ;
#4010 = CARTESIAN_POINT ( 'NONE',  ( -43.00000000000000000, -40.00000000000000000, 0.000000000000000000 ) ) ;
#4011 = EDGE_CURVE ( 'NONE', #2600, #2838, #2710, .T. ) ;
#4012 =( NAMED_UNIT ( * ) SI_UNIT ( $, .STERADIAN. ) SOLID_ANGLE_UNIT ( ) );
#4013 = SURFACE_STYLE_USAGE ( .BOTH. , #4481 ) ;
#4014 = EDGE_LOOP ( 'NONE', ( #2174, #3427, #1800, #641 ) ) ;
#4015 = VECTOR ( 'NONE', #1151, 999.9999999999998863 ) ;
#4016 = AXIS2_PLACEMENT_3D ( 'NONE', #235, #2242, #2626 ) ;
#4017 = SURFACE_STYLE_USAGE ( .BOTH. , #2870 ) ;
#4018 = FILL_AREA_STYLE ('',( #3300 ) ) ;
#4019 = EDGE_CURVE ( 'NONE', #3849, #4658, #4383, .T. ) ;
#4020 = CARTESIAN_POINT ( 'NONE',  ( -18.89999999999999858, 32.39999999999999858, -2.017369599999999874 ) ) ;
#4021 = DIRECTION ( 'NONE',  ( 0.000000000000000000, 0.000000000000000000, 1.000000000000000000 ) ) ;
#4022 = MECHANICAL_DESIGN_GEOMETRIC_PRESENTATION_REPRESENTATION (  '', ( #1187 ), #1341 ) ;
#4023 = ORIENTED_EDGE ( 'NONE', *, *, #360, .T. ) ;
#4024 = DIRECTION ( 'NONE',  ( 0.000000000000000000, 0.000000000000000000, -1.000000000000000000 ) ) ;
#4025 = UNCERTAINTY_MEASURE_WITH_UNIT (LENGTH_MEASURE( 1.000000000000000082E-05 ), #4164, 'distance_accuracy_value', 'NONE');
#4026 = LINE ( 'NONE', #466, #1567 ) ;
#4027 = COLOUR_RGB ( '',1.000000000000000000, 0.6078431372549019107, 0.000000000000000000 ) ;
#4028 = CARTESIAN_POINT ( 'NONE',  ( -10.70000624421900071, -30.00001298249999593, 0.000000000000000000 ) ) ;
#4029 = VERTEX_POINT ( 'NONE', #321 ) ;
#4030 = CIRCLE ( 'NONE', #4691, 3.001094402371998981 ) ;
#4031 = SURFACE_STYLE_FILL_AREA ( #4473 ) ;
#4032 = PRESENTATION_STYLE_ASSIGNMENT (( #2881 ) ) ;
#4033 = COLOUR_RGB ( '',0.000000000000000000, 0.000000000000000000, 0.5019607843137254832 ) ;
#4034 = LINE ( 'NONE', #4056, #4924 ) ;
#4035 = VECTOR ( 'NONE', #4994, 1000.000000000000000 ) ;
#4036 = LINE ( 'NONE', #906, #4855 ) ;
#4037 = CARTESIAN_POINT ( 'NONE',  ( 0.2244854957809999940, -30.25536086250002654, -3.517367124556999958 ) ) ;
#4038 = FILL_AREA_STYLE ('',( #1664 ) ) ;
#4039 = ORIENTED_EDGE ( 'NONE', *, *, #1127, .T. ) ;
#4040 = FILL_AREA_STYLE_COLOUR ( '', #440 ) ;
#4041 = DIRECTION ( 'NONE',  ( 0.3826758252060216137, -0.9238826834630523566, 0.000000000000000000 ) ) ;
#4042 = CARTESIAN_POINT ( 'NONE',  ( 8.500000000000000000, -29.00000000000000000, -2.017369599999999874 ) ) ;
#4043 = CARTESIAN_POINT ( 'NONE',  ( 8.977176106171999237, -27.99999553195000246, 1.649998507907000089 ) ) ;
#4044 = ORIENTED_EDGE ( 'NONE', *, *, #4615, .F. ) ;
#4045 = SURFACE_SIDE_STYLE ('',( #1745 ) ) ;
#4046 = ADVANCED_FACE ( 'NONE', ( #4302 ), #392, .F. ) ;
#4047 = DIRECTION ( 'NONE',  ( 0.000000000000000000, 0.000000000000000000, -1.000000000000000000 ) ) ;
#4048 = AXIS2_PLACEMENT_3D ( 'NONE', #2628, #130, #1815 ) ;
#4049 =( NAMED_UNIT ( * ) SI_UNIT ( $, .STERADIAN. ) SOLID_ANGLE_UNIT ( ) );
#4050 = ADVANCED_FACE ( 'NONE', ( #5129 ), #2681, .T. ) ;
#4051 = ORIENTED_EDGE ( 'NONE', *, *, #2709, .T. ) ;
#4052 = AXIS2_PLACEMENT_3D ( 'NONE', #4617, #2612, #1777 ) ;
#4053 = MECHANICAL_DESIGN_GEOMETRIC_PRESENTATION_REPRESENTATION (  '', ( #1220 ), #4637 ) ;
#4054 = DIRECTION ( 'NONE',  ( 0.000000000000000000, 0.000000000000000000, 1.000000000000000000 ) ) ;
#4055 = PRESENTATION_LAYER_ASSIGNMENT (  '', '', ( #821 ) ) ;
#4056 = CARTESIAN_POINT ( 'NONE',  ( -0.1271724242190000187, -30.49033118249999674, -3.517367124556999958 ) ) ;
#4057 = DIRECTION ( 'NONE',  ( -0.7071067811865475727, 0.7071067811865475727, 0.000000000000000000 ) ) ;
#4058 = AXIS2_PLACEMENT_3D ( 'NONE', #4638, #3382, #3414 ) ;
#4059 = PRESENTATION_STYLE_ASSIGNMENT (( #2866 ) ) ;
#4060 = LINE ( 'NONE', #4113, #4146 ) ;
#4061 = DIRECTION ( 'NONE',  ( -0.7071067811870475062, 0.7071067811860474173, 0.000000000000000000 ) ) ;
#4062 = FACE_OUTER_BOUND ( 'NONE', #2877, .T. ) ;
#4063 = AXIS2_PLACEMENT_3D ( 'NONE', #3710, #1683, #2471 ) ;
#4064 = LINE ( 'NONE', #1249, #1374 ) ;
#4065 =( LENGTH_UNIT ( ) NAMED_UNIT ( * ) SI_UNIT ( .MILLI., .METRE. ) );
#4066 =( LENGTH_UNIT ( ) NAMED_UNIT ( * ) SI_UNIT ( .MILLI., .METRE. ) );
#4067 = CARTESIAN_POINT ( 'NONE',  ( 41.30000000000000426, -40.00000000000000000, -2.017369599999999874 ) ) ;
#4068 = CARTESIAN_POINT ( 'NONE',  ( 0.2244854957809999940, -30.34466980249999679, -3.517367124556999958 ) ) ;
#4069 = ORIENTED_EDGE ( 'NONE', *, *, #2840, .T. ) ;
#4070 =( NAMED_UNIT ( * ) SI_UNIT ( $, .STERADIAN. ) SOLID_ANGLE_UNIT ( ) );
#4071 = UNCERTAINTY_MEASURE_WITH_UNIT (LENGTH_MEASURE( 1.000000000000000082E-05 ), #2046, 'distance_accuracy_value', 'NONE');
#4072 = VECTOR ( 'NONE', #411, 1000.000000000000000 ) ;
#4073 = FILL_AREA_STYLE_COLOUR ( '', #893 ) ;
#4074 = EDGE_CURVE ( 'NONE', #4986, #3022, #1635, .T. ) ;
#4075 = AXIS2_PLACEMENT_3D ( 'NONE', #4778, #1204, #1252 ) ;
#4076 = ORIENTED_EDGE ( 'NONE', *, *, #388, .F. ) ;
#4077 = MECHANICAL_DESIGN_GEOMETRIC_PRESENTATION_REPRESENTATION (  '', ( #88 ), #509 ) ;
#4078 = ORIENTED_EDGE ( 'NONE', *, *, #4408, .F. ) ;
#4079 = ADVANCED_FACE ( 'NONE', ( #2817 ), #3617, .T. ) ;
#4080 = DIRECTION ( 'NONE',  ( 0.000000000000000000, 0.000000000000000000, -1.000000000000000000 ) ) ;
#4081 = CARTESIAN_POINT ( 'NONE',  ( -9.500006104219000491, -9.499994431950002038, 1.499998807906999909 ) ) ;
#4082 = CARTESIAN_POINT ( 'NONE',  ( -5.224500144218999331, -30.34466980249999679, -0.01736650455699990936 ) ) ;
#4083 = DIRECTION ( 'NONE',  ( 0.000000000000000000, -1.000000000000000000, 0.000000000000000000 ) ) ;
#4084 =( LENGTH_UNIT ( ) NAMED_UNIT ( * ) SI_UNIT ( .MILLI., .METRE. ) );
#4085 = CARTESIAN_POINT ( 'NONE',  ( -4.872844764218999813, -30.10969948249999817, -0.01736650455699990936 ) ) ;
#4086 = DIRECTION ( 'NONE',  ( 0.000000000000000000, 0.000000000000000000, -1.000000000000000000 ) ) ;
#4087 = FILL_AREA_STYLE_COLOUR ( '', #2960 ) ;
#4088 = PLANE ( 'NONE',  #322 ) ;
#4089 = AXIS2_PLACEMENT_3D ( 'NONE', #2794, #5108, #3885 ) ;
#4090 = SURFACE_STYLE_USAGE ( .BOTH. , #2085 ) ;
#4091 = CARTESIAN_POINT ( 'NONE',  ( -9.500006104219000491, -28.49999453194999788, 1.599998607906999881 ) ) ;
#4092 =( LENGTH_UNIT ( ) NAMED_UNIT ( * ) SI_UNIT ( .MILLI., .METRE. ) );
#4093 = AXIS2_PLACEMENT_3D ( 'NONE', #4174, #3416, #4614 ) ;
#4094 = ORIENTED_EDGE ( 'NONE', *, *, #3534, .T. ) ;
#4095 = LINE ( 'NONE', #1671, #2851 ) ;
#4096 =( GEOMETRIC_REPRESENTATION_CONTEXT ( 3 ) GLOBAL_UNCERTAINTY_ASSIGNED_CONTEXT ( ( #3024 ) ) GLOBAL_UNIT_ASSIGNED_CONTEXT ( ( #4557, #295, #2597 ) ) REPRESENTATION_CONTEXT ( 'NONE', 'WORKASPACE' ) );
#4097 = AXIS2_PLACEMENT_3D ( 'NONE', #2930, #1472, #3111 ) ;
#4098 = DIRECTION ( 'NONE',  ( 1.000000000000000000, 0.000000000000000000, 0.000000000000000000 ) ) ;
#4099 = MECHANICAL_DESIGN_GEOMETRIC_PRESENTATION_REPRESENTATION (  '', ( #4277 ), #2933 ) ;
#4100 = COLOUR_RGB ( '',1.000000000000000000, 0.6078431372549019107, 0.000000000000000000 ) ;
#4101 = ORIENTED_EDGE ( 'NONE', *, *, #2333, .F. ) ;
#4102 = ADVANCED_FACE ( 'NONE', ( #3357 ), #1771, .T. ) ;
#4103 = ORIENTED_EDGE ( 'NONE', *, *, #3197, .T. ) ;
#4104 = ADVANCED_FACE ( 'NONE', ( #997 ), #3002, .F. ) ;
#4105 = CIRCLE ( 'NONE', #2287, 3.001094402371998981 ) ;
#4106 =( NAMED_UNIT ( * ) PLANE_ANGLE_UNIT ( ) SI_UNIT ( $, .RADIAN. ) );
#4107 = FACE_OUTER_BOUND ( 'NONE', #4824, .T. ) ;
#4108 = ADVANCED_FACE ( 'NONE', ( #664 ), #188, .F. ) ;
#4109 = CARTESIAN_POINT ( 'NONE',  ( 1.300000000000000044, 2.000000000000000000, 0.000000000000000000 ) ) ;
#4110 = EDGE_CURVE ( 'NONE', #5063, #459, #1958, .T. ) ;
#4111 = LINE ( 'NONE', #2990, #2209 ) ;
#4112 = STYLED_ITEM ( 'NONE', ( #5000 ), #4754 ) ;
#4113 = CARTESIAN_POINT ( 'NONE',  ( -12.70000732421899947, -6.600014062499999667, 0.000000000000000000 ) ) ;
#4114 = LINE ( 'NONE', #3711, #4198 ) ;
#4115 = CARTESIAN_POINT ( 'NONE',  ( 0.2244854957809999940, -30.34466980249999679, -0.01736650455699990936 ) ) ;
#4116 = EDGE_CURVE ( 'NONE', #3452, #1373, #4335, .T. ) ;
#4117 = CARTESIAN_POINT ( 'NONE',  ( 10.69999159578100034, -30.00001298249999593, 1.499999539999999909 ) ) ;
#4118 = MECHANICAL_DESIGN_GEOMETRIC_PRESENTATION_REPRESENTATION (  '', ( #3875 ), #2706 ) ;
#4119 = VERTEX_POINT ( 'NONE', #3128 ) ;
#4120 = LINE ( 'NONE', #3303, #2997 ) ;
#4121 = ORIENTED_EDGE ( 'NONE', *, *, #3129, .T. ) ;
#4122 = UNCERTAINTY_MEASURE_WITH_UNIT (LENGTH_MEASURE( 1.000000000000000082E-05 ), #2226, 'distance_accuracy_value', 'NONE');
#4123 = LINE ( 'NONE', #4511, #1637 ) ;
#4124 = CIRCLE ( 'NONE', #1137, 1.498841284246000383 ) ;
#4125 = VERTEX_POINT ( 'NONE', #4712 ) ;
#4126 = ORIENTED_EDGE ( 'NONE', *, *, #4858, .T. ) ;
#4127 = VECTOR ( 'NONE', #3370, 1000.000000000000000 ) ;
#4128 = FACE_OUTER_BOUND ( 'NONE', #689, .T. ) ;
#4129 = CARTESIAN_POINT ( 'NONE',  ( -10.70000624421900071, -30.00001298249999593, 0.000000000000000000 ) ) ;
#4130 = VECTOR ( 'NONE', #2674, 1000.000000000000000 ) ;
#4131 = ORIENTED_EDGE ( 'NONE', *, *, #1089, .F. ) ;
#4132 = CARTESIAN_POINT ( 'NONE',  ( -5.044663064219049531, -30.07552124249999537, -0.01736650455699990936 ) ) ;
#4133 = ORIENTED_EDGE ( 'NONE', *, *, #2714, .F. ) ;
#4134 = CARTESIAN_POINT ( 'NONE',  ( -4.872844764218999813, -30.10969948249999817, -3.517367124556999958 ) ) ;
#4135 = DIRECTION ( 'NONE',  ( 0.000000000000000000, 0.000000000000000000, -1.000000000000000000 ) ) ;
#4136 = STYLED_ITEM ( 'NONE', ( #1316 ), #353 ) ;
#4137 = EDGE_CURVE ( 'NONE', #3267, #2648, #1149, .T. ) ;
#4138 = CARTESIAN_POINT ( 'NONE',  ( -40.00000000000000000, -40.00000000000000000, 0.000000000000000000 ) ) ;
#4139 = DIRECTION ( 'NONE',  ( 0.000000000000000000, 0.000000000000000000, 1.000000000000000000 ) ) ;
#4140 = VECTOR ( 'NONE', #2072, 1000.000000000000000 ) ;
#4141 = ORIENTED_EDGE ( 'NONE', *, *, #3093, .F. ) ;
#4142 =( NAMED_UNIT ( * ) SI_UNIT ( $, .STERADIAN. ) SOLID_ANGLE_UNIT ( ) );
#4143 = CYLINDRICAL_SURFACE ( 'NONE', #1124, 1.300000000000002487 ) ;
#4144 = LINE ( 'NONE', #3201, #3148 ) ;
#4145 = ADVANCED_FACE ( 'NONE', ( #764 ), #3543, .T. ) ;
#4146 = VECTOR ( 'NONE', #1705, 1000.000000000000000 ) ;
#4147 = DIRECTION ( 'NONE',  ( -0.0007733734047254627215, 0.9999997009467437303, 0.000000000000000000 ) ) ;
#4148 = ORIENTED_EDGE ( 'NONE', *, *, #959, .T. ) ;
#4149 = DIRECTION ( 'NONE',  ( 0.000000000000000000, 0.000000000000000000, 1.000000000000000000 ) ) ;
#4150 = PLANE ( 'NONE',  #3801 ) ;
#4151 = STYLED_ITEM ( 'NONE', ( #53 ), #1751 ) ;
#4152 = ORIENTED_EDGE ( 'NONE', *, *, #1440, .F. ) ;
#4153 = ORIENTED_EDGE ( 'NONE', *, *, #1686, .F. ) ;
#4154 = CARTESIAN_POINT ( 'NONE',  ( -10.00000000000000000, -27.50000000000000000, 0.000000000000000000 ) ) ;
#4155 = DIRECTION ( 'NONE',  ( 0.000000000000000000, 0.000000000000000000, 1.000000000000000000 ) ) ;
#4156 = PLANE ( 'NONE',  #614 ) ;
#4157 = ORIENTED_EDGE ( 'NONE', *, *, #1948, .T. ) ;
#4158 = LINE ( 'NONE', #3791, #4394 ) ;
#4159 = ORIENTED_EDGE ( 'NONE', *, *, #2673, .F. ) ;
#4160 = CARTESIAN_POINT ( 'NONE',  ( -24.50000000000000000, 43.00000000000000000, -2.017369599999999874 ) ) ;
#4161 = DIRECTION ( 'NONE',  ( -0.0007733734047231489257, 0.9999997009467437303, 0.000000000000000000 ) ) ;
#4162 = CARTESIAN_POINT ( 'NONE',  ( 12.69999267578099911, -32.00001406250000002, 0.000000000000000000 ) ) ;
#4163 = FILL_AREA_STYLE_COLOUR ( '', #4185 ) ;
#4164 =( LENGTH_UNIT ( ) NAMED_UNIT ( * ) SI_UNIT ( .MILLI., .METRE. ) );
#4165 = VERTEX_POINT ( 'NONE', #423 ) ;
#4166 = PRODUCT_DEFINITION ( 'General', '', #1866, #4286 ) ;
#4167 = EDGE_CURVE ( 'NONE', #4173, #4985, #2009, .T. ) ;
#4168 = FACE_OUTER_BOUND ( 'NONE', #745, .T. ) ;
#4169 = CARTESIAN_POINT ( 'NONE',  ( -5.127172424218999325, -30.49033118249999674, -3.517367124556999958 ) ) ;
#4170 = DIRECTION ( 'NONE',  ( 0.000000000000000000, 0.000000000000000000, 1.000000000000000000 ) ) ;
#4171 = CARTESIAN_POINT ( 'NONE',  ( -0.1903244442189999941, -30.42717916249999988, -0.01736650455699990936 ) ) ;
#4172 =( NAMED_UNIT ( * ) SI_UNIT ( $, .STERADIAN. ) SOLID_ANGLE_UNIT ( ) );
#4173 = VERTEX_POINT ( 'NONE', #1100 ) ;
#4174 = CARTESIAN_POINT ( 'NONE',  ( 21.50115916398700122, 39.99884083601299523, -2.017369599999999874 ) ) ;
#4175 = UNCERTAINTY_MEASURE_WITH_UNIT (LENGTH_MEASURE( 1.000000000000000082E-05 ), #1589, 'distance_accuracy_value', 'NONE');
#4176 = DIRECTION ( 'NONE',  ( -1.000000000000000000, 0.000000000000000000, 0.000000000000000000 ) ) ;
#4177 = DIRECTION ( 'NONE',  ( 0.000000000000000000, 0.000000000000000000, -1.000000000000000000 ) ) ;
#4178 = EDGE_CURVE ( 'NONE', #89, #3452, #2304, .T. ) ;
#4179 = STYLED_ITEM ( 'NONE', ( #1094 ), #3923 ) ;
#4180 = VECTOR ( 'NONE', #569, 1000.000000000000000 ) ;
#4181 = CARTESIAN_POINT ( 'NONE',  ( 40.00000000000000000, 43.00000000000000000, -2.017369599999999874 ) ) ;
#4182 = VERTEX_POINT ( 'NONE', #1902 ) ;
#4183 = VERTEX_POINT ( 'NONE', #3665 ) ;
#4184 = STYLED_ITEM ( 'NONE', ( #178 ), #3992 ) ;
#4185 = COLOUR_RGB ( '',1.000000000000000000, 0.6078431372549019107, 0.000000000000000000 ) ;
#4186 = ORIENTED_EDGE ( 'NONE', *, *, #803, .F. ) ;
#4187 =( NAMED_UNIT ( * ) PLANE_ANGLE_UNIT ( ) SI_UNIT ( $, .RADIAN. ) );
#4188 = ORIENTED_EDGE ( 'NONE', *, *, #4274, .T. ) ;
#4189 = PLANE ( 'NONE',  #2727 ) ;
#4190 = MECHANICAL_DESIGN_GEOMETRIC_PRESENTATION_REPRESENTATION (  '', ( #450 ), #4683 ) ;
#4191 = VERTEX_POINT ( 'NONE', #451 ) ;
#4192 = PRESENTATION_LAYER_ASSIGNMENT (  '', '', ( #2935 ) ) ;
#4193 = CARTESIAN_POINT ( 'NONE',  ( -4.955354124219029543, -30.52450688249999899, -0.01736650455699990936 ) ) ;
#4194 = CARTESIAN_POINT ( 'NONE',  ( -10.70000624421900071, -8.600012602499997882, 1.499999539999999909 ) ) ;
#4195 = CARTESIAN_POINT ( 'NONE',  ( 41.30000000000000426, 0.000000000000000000, -2.017369599999999874 ) ) ;
#4196 = SURFACE_STYLE_USAGE ( .BOTH. , #960 ) ;
#4197 = EDGE_LOOP ( 'NONE', ( #373, #3078, #2399, #707 ) ) ;
#4198 = VECTOR ( 'NONE', #150, 1000.000000000000114 ) ;
#4199 =( NAMED_UNIT ( * ) SI_UNIT ( $, .STERADIAN. ) SOLID_ANGLE_UNIT ( ) );
#4200 = PLANE ( 'NONE',  #5144 ) ;
#4201 = ORIENTED_EDGE ( 'NONE', *, *, #4971, .T. ) ;
#4202 = COLOUR_RGB ( '',0.000000000000000000, 0.5019607843137254832, 0.000000000000000000 ) ;
#4203 = FILL_AREA_STYLE ('',( #1437 ) ) ;
#4204 = CARTESIAN_POINT ( 'NONE',  ( 0.000000000000000000, 2.000000000000000000, -2.017369599999999874 ) ) ;
#4205 = ADVANCED_FACE ( 'NONE', ( #103 ), #3276, .F. ) ;
#4206 = EDGE_LOOP ( 'NONE', ( #2917, #3314, #2640, #2049 ) ) ;
#4207 = ORIENTED_EDGE ( 'NONE', *, *, #71, .T. ) ;
#4208 = ORIENTED_EDGE ( 'NONE', *, *, #4684, .T. ) ;
#4209 = DIRECTION ( 'NONE',  ( 1.000000000000000000, 0.000000000000000000, 0.000000000000000000 ) ) ;
#4210 = FILL_AREA_STYLE ('',( #2622 ) ) ;
#4211 = EDGE_CURVE ( 'NONE', #4182, #3058, #3014, .T. ) ;
#4212 = VERTEX_POINT ( 'NONE', #4085 ) ;
#4213 = ORIENTED_EDGE ( 'NONE', *, *, #1173, .T. ) ;
#4214 = CARTESIAN_POINT ( 'NONE',  ( 0.04464587578097000548, -30.52450688249999899, -3.517367124556999958 ) ) ;
#4215 = SURFACE_STYLE_USAGE ( .BOTH. , #4969 ) ;
#4216 = CIRCLE ( 'NONE', #1056, 1.300000000000002487 ) ;
#4217 =( NAMED_UNIT ( * ) SI_UNIT ( $, .STERADIAN. ) SOLID_ANGLE_UNIT ( ) );
#4218 = DIRECTION ( 'NONE',  ( 0.000000000000000000, -1.000000000000000000, 0.000000000000000000 ) ) ;
#4219 = ORIENTED_EDGE ( 'NONE', *, *, #3505, .T. ) ;
#4220 = MECHANICAL_DESIGN_GEOMETRIC_PRESENTATION_REPRESENTATION (  '', ( #4632 ), #138 ) ;
#4221 = OPEN_SHELL ( 'NONE', ( #1751, #1836, #2785, #492, #1973 ) ) ;
#4222 = SURFACE_STYLE_USAGE ( .BOTH. , #1458 ) ;
#4223 = DIRECTION ( 'NONE',  ( 0.000000000000000000, 0.000000000000000000, -1.000000000000000000 ) ) ;
#4224 = CARTESIAN_POINT ( 'NONE',  ( 12.69999267578099911, -6.600016602499999330, 0.000000000000000000 ) ) ;
#4225 = COLOUR_RGB ( '',1.000000000000000000, 0.6078431372549019107, 0.000000000000000000 ) ;
#4226 = ORIENTED_EDGE ( 'NONE', *, *, #717, .F. ) ;
#4227 = SURFACE_STYLE_USAGE ( .BOTH. , #2282 ) ;
#4228 = UNCERTAINTY_MEASURE_WITH_UNIT (LENGTH_MEASURE( 1.000000000000000082E-05 ), #4406, 'distance_accuracy_value', 'NONE');
#4229 = CARTESIAN_POINT ( 'NONE',  ( 40.00000000000000000, -43.00000000000000000, -2.017369599999999874 ) ) ;
#4230 = DIRECTION ( 'NONE',  ( 0.000000000000000000, 0.000000000000000000, 1.000000000000000000 ) ) ;
#4231 = SURFACE_STYLE_USAGE ( .BOTH. , #3082 ) ;
#4232 = COLOUR_RGB ( '',1.000000000000000000, 0.6078431372549019107, 0.000000000000000000 ) ;
#4233 = FILL_AREA_STYLE ('',( #1826 ) ) ;
#4234 = ORIENTED_EDGE ( 'NONE', *, *, #3831, .T. ) ;
#4235 = COLOUR_RGB ( '',0.000000000000000000, 0.5019607843137254832, 0.000000000000000000 ) ;
#4236 = ORIENTED_EDGE ( 'NONE', *, *, #5069, .F. ) ;
#4237 = ORIENTED_EDGE ( 'NONE', *, *, #2539, .F. ) ;
#4238 = EDGE_CURVE ( 'NONE', #598, #4846, #4365, .T. ) ;
#4239 = EDGE_CURVE ( 'NONE', #2451, #3085, #2082, .T. ) ;
#4240 = CARTESIAN_POINT ( 'NONE',  ( 8.501159163987001222, -10.49884083601000029, -2.017369599999999874 ) ) ;
#4241 =( GEOMETRIC_REPRESENTATION_CONTEXT ( 3 ) GLOBAL_UNCERTAINTY_ASSIGNED_CONTEXT ( ( #2777 ) ) GLOBAL_UNIT_ASSIGNED_CONTEXT ( ( #3455, #4187, #1062 ) ) REPRESENTATION_CONTEXT ( 'NONE', 'WORKASPACE' ) );
#4242 = CARTESIAN_POINT ( 'NONE',  ( 18.30000000000000071, -38.50000000000000000, 0.000000000000000000 ) ) ;
#4243 = EDGE_LOOP ( 'NONE', ( #3843, #2295, #4208, #3194 ) ) ;
#4244 = LINE ( 'NONE', #4656, #4130 ) ;
#4245 = ORIENTED_EDGE ( 'NONE', *, *, #1576, .F. ) ;
#4246 = ADVANCED_FACE ( 'NONE', ( #4062 ), #128, .F. ) ;
#4247 = CARTESIAN_POINT ( 'NONE',  ( -40.00000000000000000, -43.00000000000000000, 0.000000000000000000 ) ) ;
#4248 =( NAMED_UNIT ( * ) PLANE_ANGLE_UNIT ( ) SI_UNIT ( $, .RADIAN. ) );
#4249 = AXIS2_PLACEMENT_3D ( 'NONE', #635, #1854, #1003 ) ;
#4250 = DIRECTION ( 'NONE',  ( 0.000000000000000000, 0.000000000000000000, 1.000000000000000000 ) ) ;
#4251 = DIRECTION ( 'NONE',  ( -1.000000000000000000, 0.000000000000000000, 0.000000000000000000 ) ) ;
#4252 = SURFACE_SIDE_STYLE ('',( #2758 ) ) ;
#4253 = CARTESIAN_POINT ( 'NONE',  ( -5.044663064219049531, -30.52450688249999899, -3.517367124556999958 ) ) ;
#4254 = CARTESIAN_POINT ( 'NONE',  ( -9.021807453828001755, -27.99999553195000246, 1.649998507907000089 ) ) ;
#4255 = SURFACE_STYLE_USAGE ( .BOTH. , #4768 ) ;
#4256 = ORIENTED_EDGE ( 'NONE', *, *, #4404, .T. ) ;
#4257 =( NAMED_UNIT ( * ) SI_UNIT ( $, .STERADIAN. ) SOLID_ANGLE_UNIT ( ) );
#4258 = DIRECTION ( 'NONE',  ( 1.000000000000000000, 0.000000000000000000, 0.000000000000000000 ) ) ;
#4259 = CARTESIAN_POINT ( 'NONE',  ( 0.1903072557809999954, -30.42717916249999988, -3.517367124556999958 ) ) ;
#4260 = CARTESIAN_POINT ( 'NONE',  ( -4.809692744218999394, -30.17285150249999859, -0.01736650455699990936 ) ) ;
#4261 = ORIENTED_EDGE ( 'NONE', *, *, #223, .F. ) ;
#4262 = SURFACE_SIDE_STYLE ('',( #1856 ) ) ;
#4263 = PLANE ( 'NONE',  #2317 ) ;
#4264 = ORIENTED_EDGE ( 'NONE', *, *, #2489, .F. ) ;
#4265 =( GEOMETRIC_REPRESENTATION_CONTEXT ( 3 ) GLOBAL_UNCERTAINTY_ASSIGNED_CONTEXT ( ( #1352 ) ) GLOBAL_UNIT_ASSIGNED_CONTEXT ( ( #3746, #214, #3381 ) ) REPRESENTATION_CONTEXT ( 'NONE', 'WORKASPACE' ) );
#4266 =( GEOMETRIC_REPRESENTATION_CONTEXT ( 3 ) GLOBAL_UNCERTAINTY_ASSIGNED_CONTEXT ( ( #1931 ) ) GLOBAL_UNIT_ASSIGNED_CONTEXT ( ( #5004, #1493, #1102 ) ) REPRESENTATION_CONTEXT ( 'NONE', 'WORKASPACE' ) );
#4267 = ORIENTED_EDGE ( 'NONE', *, *, #545, .T. ) ;
#4268 = VERTEX_POINT ( 'NONE', #2131 ) ;
#4269 =( GEOMETRIC_REPRESENTATION_CONTEXT ( 3 ) GLOBAL_UNCERTAINTY_ASSIGNED_CONTEXT ( ( #4175 ) ) GLOBAL_UNIT_ASSIGNED_CONTEXT ( ( #1589, #2406, #3586 ) ) REPRESENTATION_CONTEXT ( 'NONE', 'WORKASPACE' ) );
#4270 = AXIS2_PLACEMENT_3D ( 'NONE', #1972, #1588, #4682 ) ;
#4271 = PRESENTATION_STYLE_ASSIGNMENT (( #2755 ) ) ;
#4272 = PRESENTATION_STYLE_ASSIGNMENT (( #234 ) ) ;
#4273 = CARTESIAN_POINT ( 'NONE',  ( -4.809692744218999394, -30.17285150249999859, -3.517367124556999958 ) ) ;
#4274 = EDGE_CURVE ( 'NONE', #3444, #2356, #4432, .T. ) ;
#4275 = ADVANCED_FACE ( 'NONE', ( #3693 ), #2896, .T. ) ;
#4276 = CARTESIAN_POINT ( 'NONE',  ( -4.775514504218999257, -30.25536086250002654, -3.517367124556999958 ) ) ;
#4277 = STYLED_ITEM ( 'NONE', ( #3991 ), #4145 ) ;
#4278 = VECTOR ( 'NONE', #2854, 1000.000000000000000 ) ;
#4279 = FILL_AREA_STYLE ('',( #1485 ) ) ;
#4280 =( GEOMETRIC_REPRESENTATION_CONTEXT ( 3 ) GLOBAL_UNCERTAINTY_ASSIGNED_CONTEXT ( ( #3079 ) ) GLOBAL_UNIT_ASSIGNED_CONTEXT ( ( #4092, #3282, #4377 ) ) REPRESENTATION_CONTEXT ( 'NONE', 'WORKASPACE' ) );
#4281 = FACE_OUTER_BOUND ( 'NONE', #2801, .T. ) ;
#4282 = SURFACE_STYLE_FILL_AREA ( #1198 ) ;
#4283 = EDGE_CURVE ( 'NONE', #1046, #701, #1320, .T. ) ;
#4284 = ORIENTED_EDGE ( 'NONE', *, *, #803, .T. ) ;
#4285 = FILL_AREA_STYLE_COLOUR ( '', #938 ) ;
#4286 = PRODUCT_DEFINITION_CONTEXT ( 'detailed design', #5039, 'design' ) ;
#4287 = SURFACE_STYLE_FILL_AREA ( #400 ) ;
#4288 = STYLED_ITEM ( 'NONE', ( #57 ), #4549 ) ;
#4289 = PLANE ( 'NONE',  #2254 ) ;
#4290 = ORIENTED_EDGE ( 'NONE', *, *, #3861, .T. ) ;
#4291 = VERTEX_POINT ( 'NONE', #2807 ) ;
#4292 = VECTOR ( 'NONE', #929, 1000.000000000000227 ) ;
#4293 = EDGE_LOOP ( 'NONE', ( #2543, #1646, #141, #2023 ) ) ;
#4294 = FACE_BOUND ( 'NONE', #2506, .T. ) ;
#4295 = FILL_AREA_STYLE ('',( #3904 ) ) ;
#4296 = EDGE_LOOP ( 'NONE', ( #3604, #349, #2261, #2264 ) ) ;
#4297 = SURFACE_STYLE_FILL_AREA ( #4327 ) ;
#4298 =( NAMED_UNIT ( * ) SI_UNIT ( $, .STERADIAN. ) SOLID_ANGLE_UNIT ( ) );
#4299 =( NAMED_UNIT ( * ) SI_UNIT ( $, .STERADIAN. ) SOLID_ANGLE_UNIT ( ) );
#4300 = SURFACE_SIDE_STYLE ('',( #2708 ) ) ;
#4301 = COLOUR_RGB ( '',0.000000000000000000, 0.5019607843137254832, 0.000000000000000000 ) ;
#4302 = FACE_OUTER_BOUND ( 'NONE', #3293, .T. ) ;
#4303 =( NAMED_UNIT ( * ) SI_UNIT ( $, .STERADIAN. ) SOLID_ANGLE_UNIT ( ) );
#4304 = EDGE_CURVE ( 'NONE', #1448, #453, #786, .T. ) ;
#4305 = STYLED_ITEM ( 'NONE', ( #2968 ), #422 ) ;
#4306 = DIRECTION ( 'NONE',  ( 0.000000000000000000, 0.000000000000000000, 1.000000000000000000 ) ) ;
#4307 = DIRECTION ( 'NONE',  ( 1.000000000000000000, 0.000000000000000000, 0.000000000000000000 ) ) ;
#4308 =( NAMED_UNIT ( * ) SI_UNIT ( $, .STERADIAN. ) SOLID_ANGLE_UNIT ( ) );
#4309 = DIRECTION ( 'NONE',  ( 0.000000000000000000, -1.000000000000000000, 0.000000000000000000 ) ) ;
#4310 = ORIENTED_EDGE ( 'NONE', *, *, #46, .T. ) ;
#4311 = CARTESIAN_POINT ( 'NONE',  ( -23.00000000000000000, 41.50000000000000000, -2.017369599999999874 ) ) ;
#4312 =( NAMED_UNIT ( * ) PLANE_ANGLE_UNIT ( ) SI_UNIT ( $, .RADIAN. ) );
#4313 = VECTOR ( 'NONE', #1450, 1000.000000000000000 ) ;
#4314 = LINE ( 'NONE', #4718, #2228 ) ;
#4315 = EDGE_CURVE ( 'NONE', #673, #4183, #2087, .T. ) ;
#4316 = DIRECTION ( 'NONE',  ( 0.3827001010250414281, 0.9238726279500996119, 0.000000000000000000 ) ) ;
#4317 = PRESENTATION_LAYER_ASSIGNMENT (  '', '', ( #560 ) ) ;
#4318 = PRESENTATION_STYLE_ASSIGNMENT (( #1907 ) ) ;
#4319 = ORIENTED_EDGE ( 'NONE', *, *, #1838, .F. ) ;
#4320 = SURFACE_SIDE_STYLE ('',( #5143 ) ) ;
#4321 = DIRECTION ( 'NONE',  ( 1.000000000000000000, 0.000000000000000000, 0.000000000000000000 ) ) ;
#4322 = ORIENTED_EDGE ( 'NONE', *, *, #3718, .F. ) ;
#4323 =( LENGTH_UNIT ( ) NAMED_UNIT ( * ) SI_UNIT ( .MILLI., .METRE. ) );
#4324 = CARTESIAN_POINT ( 'NONE',  ( -21.50000000000000000, 38.50000000000000000, -2.017369599999999874 ) ) ;
#4325 = PRESENTATION_LAYER_ASSIGNMENT (  '', '', ( #1233 ) ) ;
#4326 = ORIENTED_EDGE ( 'NONE', *, *, #3203, .T. ) ;
#4327 = FILL_AREA_STYLE ('',( #3584 ) ) ;
#4328 = LINE ( 'NONE', #811, #1527 ) ;
#4329 = SURFACE_STYLE_USAGE ( .BOTH. , #4359 ) ;
#4330 = PRESENTATION_STYLE_ASSIGNMENT (( #4706 ) ) ;
#4331 = DIRECTION ( 'NONE',  ( 0.9999999335329464722, -0.0003646012926752482280, 0.000000000000000000 ) ) ;
#4332 =( NAMED_UNIT ( * ) SI_UNIT ( $, .STERADIAN. ) SOLID_ANGLE_UNIT ( ) );
#4333 = CARTESIAN_POINT ( 'NONE',  ( -18.30000000000000071, -43.00000000000000000, -2.017369599999999874 ) ) ;
#4334 = LINE ( 'NONE', #1099, #3611 ) ;
#4335 = LINE ( 'NONE', #2715, #1191 ) ;
#4336 = EDGE_LOOP ( 'NONE', ( #3557, #3007, #948, #2979 ) ) ;
#4337 = SURFACE_STYLE_USAGE ( .BOTH. , #4416 ) ;
#4338 = UNCERTAINTY_MEASURE_WITH_UNIT (LENGTH_MEASURE( 1.000000000000000082E-05 ), #405, 'distance_accuracy_value', 'NONE');
#4339 = EDGE_CURVE ( 'NONE', #4029, #2726, #4508, .T. ) ;
#4340 = COLOUR_RGB ( '',0.000000000000000000, 0.5019607843137254832, 0.000000000000000000 ) ;
#4341 = CARTESIAN_POINT ( 'NONE',  ( -18.89999999999999858, 32.39999999999999858, -2.017369599999999874 ) ) ;
#4342 = LINE ( 'NONE', #1572, #1970 ) ;
#4343 = EDGE_CURVE ( 'NONE', #1670, #5136, #354, .T. ) ;
#4344 = CARTESIAN_POINT ( 'NONE',  ( 0.1271552357809999922, -30.10969948249999817, -0.01736650455699990936 ) ) ;
#4345 = ORIENTED_EDGE ( 'NONE', *, *, #4868, .T. ) ;
#4346 = DIRECTION ( 'NONE',  ( 0.000000000000000000, 0.000000000000000000, 1.000000000000000000 ) ) ;
#4347 = UNCERTAINTY_MEASURE_WITH_UNIT (LENGTH_MEASURE( 1.000000000000000082E-05 ), #3348, 'distance_accuracy_value', 'NONE');
#4348 = ADVANCED_FACE ( 'NONE', ( #3976 ), #2752, .T. ) ;
#4349 = CARTESIAN_POINT ( 'NONE',  ( 12.69999267578099911, -32.00001406250000002, 0.000000000000000000 ) ) ;
#4350 = ADVANCED_FACE ( 'NONE', ( #3952 ), #385, .F. ) ;
#4351 = PRESENTATION_STYLE_ASSIGNMENT (( #1966 ) ) ;
#4352 = CARTESIAN_POINT ( 'NONE',  ( 18.30000000000000071, -43.20000000000000284, 0.000000000000000000 ) ) ;
#4353 = ORIENTED_EDGE ( 'NONE', *, *, #1213, .T. ) ;
#4354 = STYLED_ITEM ( 'NONE', ( #2813 ), #2818 ) ;
#4355 = SURFACE_SIDE_STYLE ('',( #4297 ) ) ;
#4356 = STYLED_ITEM ( 'NONE', ( #3160 ), #3662 ) ;
#4357 = CIRCLE ( 'NONE', #609, 1.300000000000002487 ) ;
#4358 = DIRECTION ( 'NONE',  ( 0.000000000000000000, 0.000000000000000000, 1.000000000000000000 ) ) ;
#4359 = SURFACE_SIDE_STYLE ('',( #1145 ) ) ;
#4360 = CARTESIAN_POINT ( 'NONE',  ( -4.775514504218999257, -30.25536086250002654, -0.01736650455699990936 ) ) ;
#4361 = MECHANICAL_DESIGN_GEOMETRIC_PRESENTATION_REPRESENTATION (  '', ( #4179 ), #4096 ) ;
#4362 = STYLED_ITEM ( 'NONE', ( #3070 ), #3190 ) ;
#4363 = DIRECTION ( 'NONE',  ( 1.000000000000000000, 0.000000000000000000, 0.000000000000000000 ) ) ;
#4364 = SURFACE_SIDE_STYLE ('',( #2761 ) ) ;
#4365 = CIRCLE ( 'NONE', #2598, 1.300000000000000044 ) ;
#4366 =( NAMED_UNIT ( * ) PLANE_ANGLE_UNIT ( ) SI_UNIT ( $, .RADIAN. ) );
#4367 = AXIS2_PLACEMENT_3D ( 'NONE', #2002, #2495, #2079 ) ;
#4368 = EDGE_LOOP ( 'NONE', ( #4613, #3211, #331, #1179 ) ) ;
#4369 = PLANE ( 'NONE',  #2403 ) ;
#4370 = PRESENTATION_LAYER_ASSIGNMENT (  '', '', ( #3943 ) ) ;
#4371 = PRESENTATION_STYLE_ASSIGNMENT (( #2774 ) ) ;
#4372 = ORIENTED_EDGE ( 'NONE', *, *, #514, .F. ) ;
#4373 = LINE ( 'NONE', #801, #2886 ) ;
#4374 = VECTOR ( 'NONE', #1047, 1000.000000000000000 ) ;
#4375 = ADVANCED_FACE ( 'NONE', ( #3021 ), #3836, .T. ) ;
#4376 =( LENGTH_UNIT ( ) NAMED_UNIT ( * ) SI_UNIT ( .MILLI., .METRE. ) );
#4377 =( NAMED_UNIT ( * ) SI_UNIT ( $, .STERADIAN. ) SOLID_ANGLE_UNIT ( ) );
#4378 = EDGE_CURVE ( 'NONE', #5142, #3458, #4977, .T. ) ;
#4379 = ORIENTED_EDGE ( 'NONE', *, *, #4702, .F. ) ;
#4380 = EDGE_CURVE ( 'NONE', #2825, #4658, #3777, .T. ) ;
#4381 = SURFACE_STYLE_USAGE ( .BOTH. , #2788 ) ;
#4382 = DIRECTION ( 'NONE',  ( 0.000000000000000000, 0.000000000000000000, 1.000000000000000000 ) ) ;
#4383 = LINE ( 'NONE', #3883, #3674 ) ;
#4384 = DIRECTION ( 'NONE',  ( 1.000000000000000000, 0.000000000000000000, 0.000000000000000000 ) ) ;
#4385 = SURFACE_STYLE_USAGE ( .BOTH. , #882 ) ;
#4386 = CARTESIAN_POINT ( 'NONE',  ( 0.000000000000000000, 2.000000000000000000, 0.000000000000000000 ) ) ;
#4387 = CARTESIAN_POINT ( 'NONE',  ( -17.80000000000000071, 32.39999999999999858, 0.000000000000000000 ) ) ;
#4388 = DIRECTION ( 'NONE',  ( 0.000000000000000000, 0.000000000000000000, -1.000000000000000000 ) ) ;
#4389 = VERTEX_POINT ( 'NONE', #1349 ) ;
#4390 = CARTESIAN_POINT ( 'NONE',  ( 38.69999999999999574, -1.592040838891555891E-16, -2.017369599999999874 ) ) ;
#4391 = CARTESIAN_POINT ( 'NONE',  ( 8.501159163987001222, -10.49884083601000029, -2.017369599999999874 ) ) ;
#4392 = COLOUR_RGB ( '',1.000000000000000000, 0.6078431372549019107, 0.000000000000000000 ) ;
#4393 = SURFACE_SIDE_STYLE ('',( #1596 ) ) ;
#4394 = VECTOR ( 'NONE', #228, 1000.000000000000000 ) ;
#4395 = ORIENTED_EDGE ( 'NONE', *, *, #1981, .T. ) ;
#4396 = DIRECTION ( 'NONE',  ( 0.000000000000000000, 0.000000000000000000, 1.000000000000000000 ) ) ;
#4397 = UNCERTAINTY_MEASURE_WITH_UNIT (LENGTH_MEASURE( 1.000000000000000082E-05 ), #984, 'distance_accuracy_value', 'NONE');
#4398 = SURFACE_STYLE_USAGE ( .BOTH. , #2069 ) ;
#4399 = LINE ( 'NONE', #1065, #1060 ) ;
#4400 = VECTOR ( 'NONE', #1250, 1000.000000000000000 ) ;
#4401 = CARTESIAN_POINT ( 'NONE',  ( -38.69999999999999574, 40.00000000000000000, -2.017369599999999874 ) ) ;
#4402 =( NAMED_UNIT ( * ) SI_UNIT ( $, .STERADIAN. ) SOLID_ANGLE_UNIT ( ) );
#4403 = ORIENTED_EDGE ( 'NONE', *, *, #3901, .T. ) ;
#4404 = EDGE_CURVE ( 'NONE', #4900, #4421, #2552, .T. ) ;
#4405 = CARTESIAN_POINT ( 'NONE',  ( 0.04464587578097000548, -30.52450688249999899, -0.01736650455699990936 ) ) ;
#4406 =( LENGTH_UNIT ( ) NAMED_UNIT ( * ) SI_UNIT ( .MILLI., .METRE. ) );
#4407 = FILL_AREA_STYLE ('',( #443 ) ) ;
#4408 = EDGE_CURVE ( 'NONE', #2112, #2315, #4105, .T. ) ;
#4409 = DIRECTION ( 'NONE',  ( 1.000000000000000000, 0.000000000000000000, 0.000000000000000000 ) ) ;
#4410 = CIRCLE ( 'NONE', #3990, 1.300000000000002487 ) ;
#4411 = CYLINDRICAL_SURFACE ( 'NONE', #3954, 3.001094402371998981 ) ;
#4412 = CARTESIAN_POINT ( 'NONE',  ( -0.04466306421905000268, -30.07552124249999537, -3.517367124556999958 ) ) ;
#4413 = PRESENTATION_LAYER_ASSIGNMENT (  '', '', ( #3728 ) ) ;
#4414 = SURFACE_STYLE_FILL_AREA ( #1223 ) ;
#4415 = EDGE_LOOP ( 'NONE', ( #3369, #2172, #65, #438 ) ) ;
#4416 = SURFACE_SIDE_STYLE ('',( #3520 ) ) ;
#4417 = VECTOR ( 'NONE', #5090, 1000.000000000000000 ) ;
#4418 = CARTESIAN_POINT ( 'NONE',  ( -8.501159163987001222, -27.50115916397999527, -2.017369599999999874 ) ) ;
#4419 = DIRECTION ( 'NONE',  ( 1.000000000000000000, 0.000000000000000000, 0.000000000000000000 ) ) ;
#4420 = COLOUR_RGB ( '',1.000000000000000000, 0.6078431372549019107, 0.000000000000000000 ) ;
#4421 = VERTEX_POINT ( 'NONE', #2221 ) ;
#4422 = CARTESIAN_POINT ( 'NONE',  ( -40.00000000000000000, 0.000000000000000000, -2.017369599999999874 ) ) ;
#4423 = PRESENTATION_STYLE_ASSIGNMENT (( #3698 ) ) ;
#4424 = ORIENTED_EDGE ( 'NONE', *, *, #2958, .T. ) ;
#4425 = PLANE ( 'NONE',  #748 ) ;
#4426 = CARTESIAN_POINT ( 'NONE',  ( -10.70000624421900071, -30.00001298249999593, 0.000000000000000000 ) ) ;
#4427 = SURFACE_STYLE_USAGE ( .BOTH. , #1287 ) ;
#4428 =( GEOMETRIC_REPRESENTATION_CONTEXT ( 3 ) GLOBAL_UNCERTAINTY_ASSIGNED_CONTEXT ( ( #4338 ) ) GLOBAL_UNIT_ASSIGNED_CONTEXT ( ( #405, #827, #1206 ) ) REPRESENTATION_CONTEXT ( 'NONE', 'WORKASPACE' ) );
#4429 = VECTOR ( 'NONE', #3828, 1000.000000000000000 ) ;
#4430 = ADVANCED_FACE ( 'NONE', ( #4611 ), #270, .T. ) ;
#4431 = PLANE ( 'NONE',  #1279 ) ;
#4432 = LINE ( 'NONE', #2059, #2860 ) ;
#4433 = VERTEX_POINT ( 'NONE', #1126 ) ;
#4434 = DIRECTION ( 'NONE',  ( -0.000000000000000000, 1.000000000000000000, 0.000000000000000000 ) ) ;
#4435 = VECTOR ( 'NONE', #3797, 1000.000000000000000 ) ;
#4436 = PRESENTATION_STYLE_ASSIGNMENT (( #2475 ) ) ;
#4437 = DIRECTION ( 'NONE',  ( -0.9999997009467437303, -0.0007733734047231489257, 0.000000000000000000 ) ) ;
#4438 = DIRECTION ( 'NONE',  ( -1.000000000000000000, 0.000000000000000000, 0.000000000000000000 ) ) ;
#4439 = CYLINDRICAL_SURFACE ( 'NONE', #2109, 1.300000000000002487 ) ;
#4440 = AXIS2_PLACEMENT_3D ( 'NONE', #216, #3837, #4612 ) ;
#4441 = COLOUR_RGB ( '',0.000000000000000000, 0.5019607843137254832, 0.000000000000000000 ) ;
#4442 = EDGE_CURVE ( 'NONE', #2118, #3926, #3889, .T. ) ;
#4443 = ORIENTED_EDGE ( 'NONE', *, *, #4019, .F. ) ;
#4444 = FILL_AREA_STYLE_COLOUR ( '', #3524 ) ;
#4445 = UNCERTAINTY_MEASURE_WITH_UNIT (LENGTH_MEASURE( 1.000000000000000082E-05 ), #3884, 'distance_accuracy_value', 'NONE');
#4446 = VECTOR ( 'NONE', #4149, 1000.000000000000000 ) ;
#4447 =( NAMED_UNIT ( * ) PLANE_ANGLE_UNIT ( ) SI_UNIT ( $, .RADIAN. ) );
#4448 = DIRECTION ( 'NONE',  ( 1.000000000000000000, 0.000000000000000000, 0.000000000000000000 ) ) ;
#4449 = MECHANICAL_DESIGN_GEOMETRIC_PRESENTATION_REPRESENTATION (  '', ( #3112 ), #1275 ) ;
#4450 = DIRECTION ( 'NONE',  ( -0.0007733734047254627215, -0.9999997009467437303, 0.000000000000000000 ) ) ;
#4451 = EDGE_LOOP ( 'NONE', ( #344, #1011, #5070, #730 ) ) ;
#4452 =( GEOMETRIC_REPRESENTATION_CONTEXT ( 3 ) GLOBAL_UNCERTAINTY_ASSIGNED_CONTEXT ( ( #793 ) ) GLOBAL_UNIT_ASSIGNED_CONTEXT ( ( #4814, #3591, #884 ) ) REPRESENTATION_CONTEXT ( 'NONE', 'WORKASPACE' ) );
#4453 = CARTESIAN_POINT ( 'NONE',  ( 9.499991455780998351, -9.499994431950002038, 1.499998807906999909 ) ) ;
#4454 =( GEOMETRIC_REPRESENTATION_CONTEXT ( 3 ) GLOBAL_UNCERTAINTY_ASSIGNED_CONTEXT ( ( #275 ) ) GLOBAL_UNIT_ASSIGNED_CONTEXT ( ( #5083, #3154, #367 ) ) REPRESENTATION_CONTEXT ( 'NONE', 'WORKASPACE' ) );
#4455 = SURFACE_STYLE_FILL_AREA ( #1701 ) ;
#4456 =( NAMED_UNIT ( * ) SI_UNIT ( $, .STERADIAN. ) SOLID_ANGLE_UNIT ( ) );
#4457 = CIRCLE ( 'NONE', #4619, 1.498841284246000383 ) ;
#4458 = CARTESIAN_POINT ( 'NONE',  ( -4.809692744218999394, -30.42717916249999988, -0.01736650455699990936 ) ) ;
#4459 = CARTESIAN_POINT ( 'NONE',  ( -40.00000000000000000, 43.00000000000000000, -2.017369599999999874 ) ) ;
#4460 = FACE_OUTER_BOUND ( 'NONE', #2670, .T. ) ;
#4461 = FILL_AREA_STYLE ('',( #3649 ) ) ;
#4462 = EDGE_CURVE ( 'NONE', #2493, #2451, #2689, .T. ) ;
#4463 = DIRECTION ( 'NONE',  ( 1.000000000000000000, 0.000000000000000000, 0.000000000000000000 ) ) ;
#4464 = ORIENTED_EDGE ( 'NONE', *, *, #4651, .F. ) ;
#4465 = CARTESIAN_POINT ( 'NONE',  ( -14.69999999999999929, -43.00000000000000000, -2.017369599999999874 ) ) ;
#4466 = SURFACE_STYLE_FILL_AREA ( #1673 ) ;
#4467 = COLOUR_RGB ( '',1.000000000000000000, 1.000000000000000000, 1.000000000000000000 ) ;
#4468 = EDGE_CURVE ( 'NONE', #1190, #1927, #4334, .T. ) ;
#4469 = MECHANICAL_DESIGN_GEOMETRIC_PRESENTATION_REPRESENTATION (  '', ( #391 ), #2883 ) ;
#4470 = VERTEX_POINT ( 'NONE', #1148 ) ;
#4471 = VECTOR ( 'NONE', #3081, 1000.000000000000000 ) ;
#4472 = STYLED_ITEM ( 'NONE', ( #897 ), #94 ) ;
#4473 = FILL_AREA_STYLE ('',( #3227 ) ) ;
#4474 = DIRECTION ( 'NONE',  ( 0.000000000000000000, -1.000000000000000000, 0.000000000000000000 ) ) ;
#4475 = MECHANICAL_DESIGN_GEOMETRIC_PRESENTATION_REPRESENTATION (  '', ( #1562 ), #3556 ) ;
#4476 =( NAMED_UNIT ( * ) SI_UNIT ( $, .STERADIAN. ) SOLID_ANGLE_UNIT ( ) );
#4477 = DIRECTION ( 'NONE',  ( 0.000000000000000000, 0.000000000000000000, 1.000000000000000000 ) ) ;
#4478 =( GEOMETRIC_REPRESENTATION_CONTEXT ( 3 ) GLOBAL_UNCERTAINTY_ASSIGNED_CONTEXT ( ( #3972 ) ) GLOBAL_UNIT_ASSIGNED_CONTEXT ( ( #1070, #1460, #1432 ) ) REPRESENTATION_CONTEXT ( 'NONE', 'WORKASPACE' ) );
#4479 = DIRECTION ( 'NONE',  ( 1.000000000000000000, 0.000000000000000000, 0.000000000000000000 ) ) ;
#4480 = DIRECTION ( 'NONE',  ( -1.000000000000000000, 0.000000000000000000, 0.000000000000000000 ) ) ;
#4481 = SURFACE_SIDE_STYLE ('',( #2889 ) ) ;
#4482 = VECTOR ( 'NONE', #1397, 1000.000000000000000 ) ;
#4483 = DIRECTION ( 'NONE',  ( -0.9999997009467437303, 0.0007733734047231480583, 0.000000000000000000 ) ) ;
#4484 = MECHANICAL_DESIGN_GEOMETRIC_PRESENTATION_REPRESENTATION (  '', ( #1581 ), #4241 ) ;
#4485 = DIRECTION ( 'NONE',  ( 0.000000000000000000, 0.000000000000000000, -1.000000000000000000 ) ) ;
#4486 = ADVANCED_FACE ( 'NONE', ( #4281 ), #1870, .F. ) ;
#4487 = ORIENTED_EDGE ( 'NONE', *, *, #712, .F. ) ;
#4488 =( NAMED_UNIT ( * ) PLANE_ANGLE_UNIT ( ) SI_UNIT ( $, .RADIAN. ) );
#4489 = UNCERTAINTY_MEASURE_WITH_UNIT (LENGTH_MEASURE( 1.000000000000000082E-05 ), #3161, 'distance_accuracy_value', 'NONE');
#4490 = EDGE_CURVE ( 'NONE', #5122, #3393, #5061, .T. ) ;
#4491 = MECHANICAL_DESIGN_GEOMETRIC_PRESENTATION_REPRESENTATION (  '', ( #3163 ), #1404 ) ;
#4492 = CARTESIAN_POINT ( 'NONE',  ( -23.00000000000000000, 41.50000000000000000, -2.017369599999999874 ) ) ;
#4493 = EDGE_CURVE ( 'NONE', #199, #4470, #5111, .T. ) ;
#4494 = ADVANCED_FACE ( 'NONE', ( #3963 ), #397, .F. ) ;
#4495 = ORIENTED_EDGE ( 'NONE', *, *, #807, .T. ) ;
#4496 = AXIS2_PLACEMENT_3D ( 'NONE', #2110, #1740, #132 ) ;
#4497 = SURFACE_STYLE_FILL_AREA ( #1676 ) ;
#4498 = DIRECTION ( 'NONE',  ( 0.000000000000000000, 0.000000000000000000, -1.000000000000000000 ) ) ;
#4499 = EDGE_CURVE ( 'NONE', #3766, #4433, #2796, .T. ) ;
#4500 =( NAMED_UNIT ( * ) SI_UNIT ( $, .STERADIAN. ) SOLID_ANGLE_UNIT ( ) );
#4501 = EDGE_LOOP ( 'NONE', ( #4310, #4698, #3358, #2623 ) ) ;
#4502 = LINE ( 'NONE', #148, #4697 ) ;
#4503 = CARTESIAN_POINT ( 'NONE',  ( 40.00000000000000000, 43.00000000000000000, 0.000000000000000000 ) ) ;
#4504 = DIRECTION ( 'NONE',  ( 0.000000000000000000, 0.000000000000000000, -1.000000000000000000 ) ) ;
#4505 = EDGE_LOOP ( 'NONE', ( #3017, #4595, #568, #2904 ) ) ;
#4506 = AXIS2_PLACEMENT_3D ( 'NONE', #3912, #4794, #4331 ) ;
#4507 = LINE ( 'NONE', #4945, #4525 ) ;
#4508 = LINE ( 'NONE', #3143, #5017 ) ;
#4509 = COLOUR_RGB ( '',1.000000000000000000, 1.000000000000000000, 1.000000000000000000 ) ;
#4510 = EDGE_LOOP ( 'NONE', ( #3477, #4284, #2662, #1553 ) ) ;
#4511 = CARTESIAN_POINT ( 'NONE',  ( 10.00000000000000000, -27.50000000000000000, -2.017369599999999874 ) ) ;
#4512 = MECHANICAL_DESIGN_GEOMETRIC_PRESENTATION_REPRESENTATION (  '', ( #1023 ), #4269 ) ;
#4513 = AXIS2_PLACEMENT_3D ( 'NONE', #2122, #3342, #3734 ) ;
#4514 = CYLINDRICAL_SURFACE ( 'NONE', #506, 1.498841284246002159 ) ;
#4515 = ORIENTED_EDGE ( 'NONE', *, *, #2093, .F. ) ;
#4516 =( GEOMETRIC_REPRESENTATION_CONTEXT ( 3 ) GLOBAL_UNCERTAINTY_ASSIGNED_CONTEXT ( ( #2608 ) ) GLOBAL_UNIT_ASSIGNED_CONTEXT ( ( #476, #151, #3235 ) ) REPRESENTATION_CONTEXT ( 'NONE', 'WORKASPACE' ) );
#4517 = PRESENTATION_LAYER_ASSIGNMENT (  '', '', ( #3858 ) ) ;
#4518 = ORIENTED_EDGE ( 'NONE', *, *, #1182, .F. ) ;
#4519 = EDGE_CURVE ( 'NONE', #3022, #197, #3664, .T. ) ;
#4520 = PRESENTATION_LAYER_ASSIGNMENT (  '', '', ( #1611 ) ) ;
#4521 = FILL_AREA_STYLE ('',( #645 ) ) ;
#4522 = FILL_AREA_STYLE ('',( #2494 ) ) ;
#4523 = PRESENTATION_STYLE_ASSIGNMENT (( #2538 ) ) ;
#4524 = ORIENTED_EDGE ( 'NONE', *, *, #896, .F. ) ;
#4525 = VECTOR ( 'NONE', #2999, 999.9999999999998863 ) ;
#4526 = LINE ( 'NONE', #2100, #318 ) ;
#4527 = VERTEX_POINT ( 'NONE', #4387 ) ;
#4528 = EDGE_CURVE ( 'NONE', #679, #1386, #861, .T. ) ;
#4529 = CARTESIAN_POINT ( 'NONE',  ( -0.2245001442189999974, -30.25536086250002654, -0.01736650455699990936 ) ) ;
#4530 = SURFACE_SIDE_STYLE ('',( #2937 ) ) ;
#4531 = PRESENTATION_STYLE_ASSIGNMENT (( #2450 ) ) ;
#4532 = LINE ( 'NONE', #2571, #3337 ) ;
#4533 = SURFACE_STYLE_FILL_AREA ( #1013 ) ;
#4534 = EDGE_LOOP ( 'NONE', ( #818, #252, #2716, #1598, #2439, #513, #4126, #4207, #672, #998, #5044, #4539, #2985, #566, #719, #3722 ) ) ;
#4535 = SURFACE_STYLE_FILL_AREA ( #549 ) ;
#4536 = LINE ( 'NONE', #1431, #5021 ) ;
#4537 = CARTESIAN_POINT ( 'NONE',  ( 40.00000000000000000, 0.000000000000000000, 0.000000000000000000 ) ) ;
#4538 =( LENGTH_UNIT ( ) NAMED_UNIT ( * ) SI_UNIT ( .MILLI., .METRE. ) );
#4539 = ORIENTED_EDGE ( 'NONE', *, *, #1576, .T. ) ;
#4540 = SURFACE_SIDE_STYLE ('',( #2948 ) ) ;
#4541 = UNCERTAINTY_MEASURE_WITH_UNIT (LENGTH_MEASURE( 1.000000000000000082E-05 ), #2003, 'distance_accuracy_value', 'NONE');
#4542 = FACE_OUTER_BOUND ( 'NONE', #1858, .T. ) ;
#4543 = VECTOR ( 'NONE', #942, 1000.000000000000000 ) ;
#4544 = ORIENTED_EDGE ( 'NONE', *, *, #1660, .T. ) ;
#4545 = ORIENTED_EDGE ( 'NONE', *, *, #2992, .T. ) ;
#4546 = ORIENTED_EDGE ( 'NONE', *, *, #3855, .F. ) ;
#4547 = LINE ( 'NONE', #976, #1184 ) ;
#4548 = DIRECTION ( 'NONE',  ( 1.000000000000000000, 0.000000000000000000, 0.000000000000000000 ) ) ;
#4549 = ADVANCED_FACE ( 'NONE', ( #2822 ), #2410, .T. ) ;
#4550 = VECTOR ( 'NONE', #1310, 1000.000000000000000 ) ;
#4551 = ORIENTED_EDGE ( 'NONE', *, *, #5, .T. ) ;
#4552 = ADVANCED_FACE ( 'NONE', ( #4862 ), #4431, .T. ) ;
#4553 = CARTESIAN_POINT ( 'NONE',  ( 0.2244854957809999940, -30.34466980249999679, -3.517367124556999958 ) ) ;
#4554 = CARTESIAN_POINT ( 'NONE',  ( 23.00000000000000000, 41.50000000000000000, 0.000000000000000000 ) ) ;
#4555 = FACE_OUTER_BOUND ( 'NONE', #640, .T. ) ;
#4556 = EDGE_CURVE ( 'NONE', #1038, #3583, #4114, .T. ) ;
#4557 =( LENGTH_UNIT ( ) NAMED_UNIT ( * ) SI_UNIT ( .MILLI., .METRE. ) );
#4558 = CARTESIAN_POINT ( 'NONE',  ( -0.1903244442189999941, -30.42717916249999988, -3.517367124556999958 ) ) ;
#4559 = MECHANICAL_DESIGN_GEOMETRIC_PRESENTATION_REPRESENTATION (  '', ( #1644 ), #493 ) ;
#4560 = ORIENTED_EDGE ( 'NONE', *, *, #3984, .F. ) ;
#4561 = DIRECTION ( 'NONE',  ( 1.000000000000000000, 0.000000000000000000, 0.000000000000000000 ) ) ;
#4562 = LINE ( 'NONE', #994, #3232 ) ;
#4563 = DIRECTION ( 'NONE',  ( 1.000000000000000000, 0.000000000000000000, 0.000000000000000000 ) ) ;
#4564 = FILL_AREA_STYLE ('',( #271 ) ) ;
#4565 = ORIENTED_EDGE ( 'NONE', *, *, #4861, .F. ) ;
#4566 =( NAMED_UNIT ( * ) SI_UNIT ( $, .STERADIAN. ) SOLID_ANGLE_UNIT ( ) );
#4567 = FACE_BOUND ( 'NONE', #204, .T. ) ;
#4568 = PRESENTATION_LAYER_ASSIGNMENT (  '', '', ( #668 ) ) ;
#4569 = PRESENTATION_STYLE_ASSIGNMENT (( #3841 ) ) ;
#4570 = ORIENTED_EDGE ( 'NONE', *, *, #4703, .T. ) ;
#4571 = ORIENTED_EDGE ( 'NONE', *, *, #2865, .T. ) ;
#4572 = EDGE_LOOP ( 'NONE', ( #3953, #206, #5040, #4379 ) ) ;
#4573 = PRESENTATION_LAYER_ASSIGNMENT (  '', '', ( #3999 ) ) ;
#4574 = FACE_OUTER_BOUND ( 'NONE', #3174, .T. ) ;
#4575 = CARTESIAN_POINT ( 'NONE',  ( 40.00000000000000000, -40.00000000000000000, -2.017369599999999874 ) ) ;
#4576 = AXIS2_PLACEMENT_3D ( 'NONE', #935, #4463, #1643 ) ;
#4577 = VERTEX_POINT ( 'NONE', #4886 ) ;
#4578 = CARTESIAN_POINT ( 'NONE',  ( -5.190324444218999744, -30.42717916249999988, -3.517367124556999958 ) ) ;
#4579 =( NAMED_UNIT ( * ) SI_UNIT ( $, .STERADIAN. ) SOLID_ANGLE_UNIT ( ) );
#4580 = SURFACE_SIDE_STYLE ('',( #2678 ) ) ;
#4581 = DIRECTION ( 'NONE',  ( 0.000000000000000000, 0.000000000000000000, -1.000000000000000000 ) ) ;
#4582 = CARTESIAN_POINT ( 'NONE',  ( 0.1271552357809999922, -30.10969948249999817, -0.01736650455699990936 ) ) ;
#4583 = VERTEX_POINT ( 'NONE', #4259 ) ;
#4584 = ADVANCED_FACE ( 'NONE', ( #1879 ), #1076, .F. ) ;
#4585 =( NAMED_UNIT ( * ) PLANE_ANGLE_UNIT ( ) SI_UNIT ( $, .RADIAN. ) );
#4586 = ORIENTED_EDGE ( 'NONE', *, *, #1916, .T. ) ;
#4587 = UNCERTAINTY_MEASURE_WITH_UNIT (LENGTH_MEASURE( 1.000000000000000082E-05 ), #382, 'distance_accuracy_value', 'NONE');
#4588 = CYLINDRICAL_SURFACE ( 'NONE', #4052, 1.498841284246002159 ) ;
#4589 = EDGE_CURVE ( 'NONE', #1492, #1881, #4030, .T. ) ;
#4590 = FILL_AREA_STYLE ('',( #2201 ) ) ;
#4591 =( GEOMETRIC_REPRESENTATION_CONTEXT ( 3 ) GLOBAL_UNCERTAINTY_ASSIGNED_CONTEXT ( ( #2718 ) ) GLOBAL_UNIT_ASSIGNED_CONTEXT ( ( #3106, #2498, #909 ) ) REPRESENTATION_CONTEXT ( 'NONE', 'WORKASPACE' ) );
#4592 = MECHANICAL_DESIGN_GEOMETRIC_PRESENTATION_REPRESENTATION (  '', ( #774 ), #2759 ) ;
#4593 = SURFACE_STYLE_FILL_AREA ( #1384 ) ;
#4594 = VERTEX_POINT ( 'NONE', #4043 ) ;
#4595 = ORIENTED_EDGE ( 'NONE', *, *, #272, .T. ) ;
#4596 =( GEOMETRIC_REPRESENTATION_CONTEXT ( 3 ) GLOBAL_UNCERTAINTY_ASSIGNED_CONTEXT ( ( #2198 ) ) GLOBAL_UNIT_ASSIGNED_CONTEXT ( ( #2596, #1837, #4217 ) ) REPRESENTATION_CONTEXT ( 'NONE', 'WORKASPACE' ) );
#4597 = ORIENTED_EDGE ( 'NONE', *, *, #3439, .F. ) ;
#4598 = CARTESIAN_POINT ( 'NONE',  ( -8.501159163987001222, -27.50115916397999527, 0.000000000000000000 ) ) ;
#4599 = MECHANICAL_DESIGN_GEOMETRIC_PRESENTATION_REPRESENTATION (  '', ( #4849 ), #2105 ) ;
#4600 = CARTESIAN_POINT ( 'NONE',  ( -18.89999999999999858, 32.39999999999999858, 0.000000000000000000 ) ) ;
#4601 = ORIENTED_EDGE ( 'NONE', *, *, #3129, .F. ) ;
#4602 = CARTESIAN_POINT ( 'NONE',  ( -4.872844764218999813, -30.49033118249999674, -0.01736650455699990936 ) ) ;
#4603 = FILL_AREA_STYLE_COLOUR ( '', #3363 ) ;
#4604 = PLANE ( 'NONE',  #2070 ) ;
#4605 = FACE_OUTER_BOUND ( 'NONE', #477, .T. ) ;
#4606 = CARTESIAN_POINT ( 'NONE',  ( -23.00000000000000000, 41.50000000000000000, 0.000000000000000000 ) ) ;
#4607 = ORIENTED_EDGE ( 'NONE', *, *, #257, .T. ) ;
#4608 = AXIS2_PLACEMENT_3D ( 'NONE', #4859, #3619, #3253 ) ;
#4609 = DIRECTION ( 'NONE',  ( 1.000000000000000000, 0.000000000000000000, 0.000000000000000000 ) ) ;
#4610 = LINE ( 'NONE', #1489, #3902 ) ;
#4611 = FACE_OUTER_BOUND ( 'NONE', #1760, .T. ) ;
#4612 = DIRECTION ( 'NONE',  ( 0.000000000000000000, 0.000000000000000000, 1.000000000000000000 ) ) ;
#4613 = ORIENTED_EDGE ( 'NONE', *, *, #3984, .T. ) ;
#4614 = DIRECTION ( 'NONE',  ( -0.0007733734047254627215, -0.9999997009467437303, 0.000000000000000000 ) ) ;
#4615 = EDGE_CURVE ( 'NONE', #3905, #1247, #2850, .T. ) ;
#4616 = LINE ( 'NONE', #607, #4543 ) ;
#4617 = CARTESIAN_POINT ( 'NONE',  ( -21.50115916397999882, 39.99884083601299523, -2.017369599999999874 ) ) ;
#4618 = DIRECTION ( 'NONE',  ( -0.9238826834630523566, 0.3826758252060216137, 0.000000000000000000 ) ) ;
#4619 = AXIS2_PLACEMENT_3D ( 'NONE', #4940, #3684, #4161 ) ;
#4620 = CARTESIAN_POINT ( 'NONE',  ( -10.70000624421900071, -8.600012602499997882, 0.000000000000000000 ) ) ;
#4621 = ORIENTED_EDGE ( 'NONE', *, *, #1468, .F. ) ;
#4622 = EDGE_CURVE ( 'NONE', #42, #3288, #1669, .T. ) ;
#4623 = EDGE_LOOP ( 'NONE', ( #4424, #1212, #4910, #4935 ) ) ;
#4624 = ORIENTED_EDGE ( 'NONE', *, *, #4782, .T. ) ;
#4625 = PRESENTATION_STYLE_ASSIGNMENT (( #142 ) ) ;
#4626 = CARTESIAN_POINT ( 'NONE',  ( 10.69999159578100034, -30.00001298249999593, 0.000000000000000000 ) ) ;
#4627 = EDGE_LOOP ( 'NONE', ( #1366, #4201 ) ) ;
#4628 = ORIENTED_EDGE ( 'NONE', *, *, #3367, .F. ) ;
#4629 = LINE ( 'NONE', #292, #1930 ) ;
#4630 =( NAMED_UNIT ( * ) PLANE_ANGLE_UNIT ( ) SI_UNIT ( $, .RADIAN. ) );
#4631 = CARTESIAN_POINT ( 'NONE',  ( -14.69999999999999929, -43.20000000000000284, -2.017369599999999874 ) ) ;
#4632 = STYLED_ITEM ( 'NONE', ( #1853 ), #832 ) ;
#4633 = CARTESIAN_POINT ( 'NONE',  ( -41.30000000000000426, -1.592040838891555891E-16, 0.000000000000000000 ) ) ;
#4634 = SURFACE_STYLE_FILL_AREA ( #596 ) ;
#4635 =( LENGTH_UNIT ( ) NAMED_UNIT ( * ) SI_UNIT ( .MILLI., .METRE. ) );
#4636 = PRESENTATION_LAYER_ASSIGNMENT (  '', '', ( #735 ) ) ;
#4637 =( GEOMETRIC_REPRESENTATION_CONTEXT ( 3 ) GLOBAL_UNCERTAINTY_ASSIGNED_CONTEXT ( ( #747 ) ) GLOBAL_UNIT_ASSIGNED_CONTEXT ( ( #1256, #873, #116 ) ) REPRESENTATION_CONTEXT ( 'NONE', 'WORKASPACE' ) );
#4638 = CARTESIAN_POINT ( 'NONE',  ( 40.00000000000000000, -40.00000000000000000, 0.000000000000000000 ) ) ;
#4639 = SURFACE_STYLE_USAGE ( .BOTH. , #629 ) ;
#4640 =( LENGTH_UNIT ( ) NAMED_UNIT ( * ) SI_UNIT ( .MILLI., .METRE. ) );
#4641 = VECTOR ( 'NONE', #48, 1000.000000000000000 ) ;
#4642 = ORIENTED_EDGE ( 'NONE', *, *, #3784, .T. ) ;
#4643 = FILL_AREA_STYLE_COLOUR ( '', #2766 ) ;
#4644 = FILL_AREA_STYLE_COLOUR ( '', #4820 ) ;
#4645 = COLOUR_RGB ( '',1.000000000000000000, 1.000000000000000000, 1.000000000000000000 ) ;
#4646 = ORIENTED_EDGE ( 'NONE', *, *, #1706, .T. ) ;
#4647 = SURFACE_SIDE_STYLE ('',( #144 ) ) ;
#4648 = MECHANICAL_DESIGN_GEOMETRIC_PRESENTATION_REPRESENTATION (  '', ( #2487 ), #2980 ) ;
#4649 = EDGE_LOOP ( 'NONE', ( #3456, #1499 ) ) ;
#4650 = ORIENTED_EDGE ( 'NONE', *, *, #156, .T. ) ;
#4651 = EDGE_CURVE ( 'NONE', #3415, #1881, #3259, .T. ) ;
#4652 = SURFACE_STYLE_USAGE ( .BOTH. , #3064 ) ;
#4653 = STYLED_ITEM ( 'NONE', ( #1755 ), #1908 ) ;
#4654 = EDGE_CURVE ( 'NONE', #3819, #2212, #41, .T. ) ;
#4655 = VERTEX_POINT ( 'NONE', #4869 ) ;
#4656 = CARTESIAN_POINT ( 'NONE',  ( 11.69999213578100061, -31.00001606249999497, 0.000000000000000000 ) ) ;
#4657 =( GEOMETRIC_REPRESENTATION_CONTEXT ( 3 ) GLOBAL_UNCERTAINTY_ASSIGNED_CONTEXT ( ( #163 ) ) GLOBAL_UNIT_ASSIGNED_CONTEXT ( ( #1005, #1413, #4953 ) ) REPRESENTATION_CONTEXT ( 'NONE', 'WORKASPACE' ) );
#4658 = VERTEX_POINT ( 'NONE', #507 ) ;
#4659 = EDGE_CURVE ( 'NONE', #3306, #2825, #1622, .T. ) ;
#4660 = DIRECTION ( 'NONE',  ( 1.000000000000000000, 0.000000000000000000, 0.000000000000000000 ) ) ;
#4661 = LINE ( 'NONE', #2268, #5068 ) ;
#4662 = CARTESIAN_POINT ( 'NONE',  ( -9.021807453828001755, -27.99999553195000246, 1.499998807906999909 ) ) ;
#4663 = STYLED_ITEM ( 'NONE', ( #1096 ), #2491 ) ;
#4664 = FACE_OUTER_BOUND ( 'NONE', #3091, .T. ) ;
#4665 = CARTESIAN_POINT ( 'NONE',  ( -0.04466306421905000268, -30.07552124249999537, -3.517367124556999958 ) ) ;
#4666 = SURFACE_SIDE_STYLE ('',( #3915 ) ) ;
#4667 = ORIENTED_EDGE ( 'NONE', *, *, #1780, .T. ) ;
#4668 = ORIENTED_EDGE ( 'NONE', *, *, #3060, .F. ) ;
#4669 = PLANE ( 'NONE',  #4513 ) ;
#4670 = CARTESIAN_POINT ( 'NONE',  ( 40.00000000000000000, -43.00000000000000000, -2.017369599999999874 ) ) ;
#4671 = MECHANICAL_DESIGN_GEOMETRIC_PRESENTATION_REPRESENTATION (  '', ( #4850 ), #530 ) ;
#4672 = VERTEX_POINT ( 'NONE', #3692 ) ;
#4673 = VECTOR ( 'NONE', #29, 1000.000000000000000 ) ;
#4674 =( NAMED_UNIT ( * ) PLANE_ANGLE_UNIT ( ) SI_UNIT ( $, .RADIAN. ) );
#4675 = PLANE ( 'NONE',  #1584 ) ;
#4676 = PRESENTATION_LAYER_ASSIGNMENT (  '', '', ( #101 ) ) ;
#4677 = CIRCLE ( 'NONE', #1025, 1.300000000000002487 ) ;
#4678 = VERTEX_POINT ( 'NONE', #2086 ) ;
#4679 = ADVANCED_FACE ( 'NONE', ( #1251 ), #4439, .F. ) ;
#4680 = CARTESIAN_POINT ( 'NONE',  ( 23.00000000000000000, 40.00000000000000000, -2.017369599999999874 ) ) ;
#4681 = FILL_AREA_STYLE ('',( #1609 ) ) ;
#4682 = DIRECTION ( 'NONE',  ( 1.000000000000000000, 0.000000000000000000, 0.000000000000000000 ) ) ;
#4683 =( GEOMETRIC_REPRESENTATION_CONTEXT ( 3 ) GLOBAL_UNCERTAINTY_ASSIGNED_CONTEXT ( ( #2664 ) ) GLOBAL_UNIT_ASSIGNED_CONTEXT ( ( #2473, #3622, #1639 ) ) REPRESENTATION_CONTEXT ( 'NONE', 'WORKASPACE' ) );
#4684 = EDGE_CURVE ( 'NONE', #4165, #4965, #4536, .T. ) ;
#4685 = SURFACE_STYLE_FILL_AREA ( #4279 ) ;
#4686 = CARTESIAN_POINT ( 'NONE',  ( 0.000000000000000000, 2.000000000000000000, -2.017369599999999874 ) ) ;
#4687 = DIRECTION ( 'NONE',  ( -0.000000000000000000, 1.000000000000000000, 0.000000000000000000 ) ) ;
#4688 = ORIENTED_EDGE ( 'NONE', *, *, #4789, .F. ) ;
#4689 = UNCERTAINTY_MEASURE_WITH_UNIT (LENGTH_MEASURE( 1.000000000000000082E-05 ), #2457, 'distance_accuracy_value', 'NONE');
#4690 = DIRECTION ( 'NONE',  ( 0.000000000000000000, 0.000000000000000000, -1.000000000000000000 ) ) ;
#4691 = AXIS2_PLACEMENT_3D ( 'NONE', #3998, #2478, #87 ) ;
#4692 =( NAMED_UNIT ( * ) SI_UNIT ( $, .STERADIAN. ) SOLID_ANGLE_UNIT ( ) );
#4693 = COLOUR_RGB ( '',0.000000000000000000, 0.5019607843137254832, 0.000000000000000000 ) ;
#4694 = FACE_OUTER_BOUND ( 'NONE', #3168, .T. ) ;
#4695 = EDGE_LOOP ( 'NONE', ( #387, #4148, #2620, #2033 ) ) ;
#4696 = LINE ( 'NONE', #3451, #1033 ) ;
#4697 = VECTOR ( 'NONE', #3295, 1000.000000000000000 ) ;
#4698 = ORIENTED_EDGE ( 'NONE', *, *, #3600, .T. ) ;
#4699 = PLANE ( 'NONE',  #1982 ) ;
#4700 = CARTESIAN_POINT ( 'NONE',  ( -9.500006104219000491, -9.499994431950002038, 1.599998607906999881 ) ) ;
#4701 = ORIENTED_EDGE ( 'NONE', *, *, #1332, .F. ) ;
#4702 = EDGE_CURVE ( 'NONE', #3735, #3926, #3205, .T. ) ;
#4703 = EDGE_CURVE ( 'NONE', #5063, #5122, #1345, .T. ) ;
#4704 = STYLED_ITEM ( 'NONE', ( #2035 ), #298 ) ;
#4705 = DIRECTION ( 'NONE',  ( 1.000000000000000000, 0.000000000000000000, 0.000000000000000000 ) ) ;
#4706 = SURFACE_STYLE_USAGE ( .BOTH. , #4252 ) ;
#4707 = CARTESIAN_POINT ( 'NONE',  ( 10.00000000000000000, -10.50000000000000000, -2.017369599999999874 ) ) ;
#4708 = VECTOR ( 'NONE', #1538, 1000.000000000000000 ) ;
#4709 =( NAMED_UNIT ( * ) SI_UNIT ( $, .STERADIAN. ) SOLID_ANGLE_UNIT ( ) );
#4710 = EDGE_CURVE ( 'NONE', #1224, #2741, #4507, .T. ) ;
#4711 = CARTESIAN_POINT ( 'NONE',  ( -10.70000624421900071, -30.00001298249999593, 2.000001080000000098 ) ) ;
#4712 = CARTESIAN_POINT ( 'NONE',  ( 10.00000000000000000, -27.50000000000000000, -2.017369599999999874 ) ) ;
#4713 = ORIENTED_EDGE ( 'NONE', *, *, #3164, .F. ) ;
#4714 = CYLINDRICAL_SURFACE ( 'NONE', #4919, 3.001094402371998981 ) ;
#4715 =( NAMED_UNIT ( * ) PLANE_ANGLE_UNIT ( ) SI_UNIT ( $, .RADIAN. ) );
#4716 = STYLED_ITEM ( 'NONE', ( #246 ), #839 ) ;
#4717 = OPEN_SHELL ( 'NONE', ( #1018 ) ) ;
#4718 = CARTESIAN_POINT ( 'NONE',  ( -10.70000624421900071, -30.00001298249999593, 0.000000000000000000 ) ) ;
#4719 = LINE ( 'NONE', #3997, #3489 ) ;
#4720 = STYLED_ITEM ( 'NONE', ( #5088 ), #922 ) ;
#4721 = FACE_OUTER_BOUND ( 'NONE', #4505, .T. ) ;
#4722 = ORIENTED_EDGE ( 'NONE', *, *, #2272, .F. ) ;
#4723 = CARTESIAN_POINT ( 'NONE',  ( -9.500006104219000491, -28.49999453194999788, 1.499998807906999909 ) ) ;
#4724 = DIRECTION ( 'NONE',  ( 0.000000000000000000, 0.000000000000000000, 1.000000000000000000 ) ) ;
#4725 = VECTOR ( 'NONE', #1564, 1000.000000000000000 ) ;
#4726 = LINE ( 'NONE', #3482, #3229 ) ;
#4727 = CARTESIAN_POINT ( 'NONE',  ( -10.70000624421900071, -8.600012602499997882, 0.000000000000000000 ) ) ;
#4728 = VECTOR ( 'NONE', #209, 1000.000000000000227 ) ;
#4729 = ORIENTED_EDGE ( 'NONE', *, *, #4304, .T. ) ;
#4730 = MECHANICAL_DESIGN_GEOMETRIC_PRESENTATION_REPRESENTATION (  '', ( #4151 ), #158 ) ;
#4731 = CARTESIAN_POINT ( 'NONE',  ( -21.50115916397999882, 39.99884083601299523, -2.017369599999999874 ) ) ;
#4732 = FILL_AREA_STYLE ('',( #5080 ) ) ;
#4733 = COLOUR_RGB ( '',1.000000000000000000, 1.000000000000000000, 1.000000000000000000 ) ;
#4734 = DIRECTION ( 'NONE',  ( 1.000000000000000000, 0.000000000000000000, 0.000000000000000000 ) ) ;
#4735 = LINE ( 'NONE', #4765, #599 ) ;
#4736 = PRESENTATION_LAYER_ASSIGNMENT (  '', '', ( #86 ) ) ;
#4737 = FACE_OUTER_BOUND ( 'NONE', #806, .T. ) ;
#4738 = CARTESIAN_POINT ( 'NONE',  ( 41.30000000000000426, 40.00000000000000000, 0.000000000000000000 ) ) ;
#4739 = SURFACE_SIDE_STYLE ('',( #4282 ) ) ;
#4740 = ORIENTED_EDGE ( 'NONE', *, *, #388, .T. ) ;
#4741 = DIRECTION ( 'NONE',  ( 0.000000000000000000, 0.000000000000000000, 1.000000000000000000 ) ) ;
#4742 = UNCERTAINTY_MEASURE_WITH_UNIT (LENGTH_MEASURE( 1.000000000000000082E-05 ), #2966, 'distance_accuracy_value', 'NONE');
#4743 = CIRCLE ( 'NONE', #5079, 1.100000000000000311 ) ;
#4744 =( LENGTH_UNIT ( ) NAMED_UNIT ( * ) SI_UNIT ( .MILLI., .METRE. ) );
#4745 = FILL_AREA_STYLE_COLOUR ( '', #2973 ) ;
#4746 = EDGE_CURVE ( 'NONE', #494, #4986, #2220, .T. ) ;
#4747 = CARTESIAN_POINT ( 'NONE',  ( -4.955354124219029543, -30.07552124249999537, -3.517367124556999958 ) ) ;
#4748 = CARTESIAN_POINT ( 'NONE',  ( -38.69999999999999574, 0.000000000000000000, -2.017369599999999874 ) ) ;
#4749 = ORIENTED_EDGE ( 'NONE', *, *, #2967, .T. ) ;
#4750 = CARTESIAN_POINT ( 'NONE',  ( -0.2245001442189999974, -30.34466980249999679, -0.01736650455699990936 ) ) ;
#4751 = UNCERTAINTY_MEASURE_WITH_UNIT (LENGTH_MEASURE( 1.000000000000000082E-05 ), #3491, 'distance_accuracy_value', 'NONE');
#4752 = PRESENTATION_STYLE_ASSIGNMENT (( #2368 ) ) ;
#4753 = CARTESIAN_POINT ( 'NONE',  ( -14.69999999999999929, -43.20000000000000284, 0.000000000000000000 ) ) ;
#4754 = ADVANCED_FACE ( 'NONE', ( #3834 ), #4143, .F. ) ;
#4755 = FACE_OUTER_BOUND ( 'NONE', #1059, .T. ) ;
#4756 = PLANE ( 'NONE',  #1495 ) ;
#4757 = ORIENTED_EDGE ( 'NONE', *, *, #3027, .T. ) ;
#4758 = PRESENTATION_LAYER_ASSIGNMENT (  '', '', ( #4834 ) ) ;
#4759 = SURFACE_STYLE_USAGE ( .BOTH. , #316 ) ;
#4760 = FILL_AREA_STYLE_COLOUR ( '', #4235 ) ;
#4761 = COLOUR_RGB ( '',0.000000000000000000, 0.5019607843137254832, 0.000000000000000000 ) ;
#4762 = LINE ( 'NONE', #1194, #28 ) ;
#4763 = CARTESIAN_POINT ( 'NONE',  ( 11.69999213578100061, -7.600014602499998162, 0.000000000000000000 ) ) ;
#4764 = PRESENTATION_LAYER_ASSIGNMENT (  '', '', ( #2369 ) ) ;
#4765 = CARTESIAN_POINT ( 'NONE',  ( -5.190324444218999744, -30.17285150249999859, -0.01736650455699990936 ) ) ;
#4766 = CARTESIAN_POINT ( 'NONE',  ( 39.99890579710099558, -39.99890579710000083, -2.017369599999999874 ) ) ;
#4767 = LINE ( 'NONE', #7, #3981 ) ;
#4768 = SURFACE_SIDE_STYLE ('',( #1592 ) ) ;
#4769 = VECTOR ( 'NONE', #34, 1000.000000000000000 ) ;
#4770 = FILL_AREA_STYLE ('',( #2411 ) ) ;
#4771 = AXIS2_PLACEMENT_3D ( 'NONE', #2224, #690, #1851 ) ;
#4772 = ORIENTED_EDGE ( 'NONE', *, *, #3164, .T. ) ;
#4773 = DIRECTION ( 'NONE',  ( 0.000000000000000000, 0.000000000000000000, 1.000000000000000000 ) ) ;
#4774 = CARTESIAN_POINT ( 'NONE',  ( 8.977176106171999237, -9.999995971950001561, 1.649998507907000089 ) ) ;
#4775 = APPLICATION_CONTEXT ( 'automotive_design' ) ;
#4776 = STYLED_ITEM ( 'NONE', ( #2738 ), #4430 ) ;
#4777 =( LENGTH_UNIT ( ) NAMED_UNIT ( * ) SI_UNIT ( .MILLI., .METRE. ) );
#4778 = CARTESIAN_POINT ( 'NONE',  ( 0.04464587578097000548, -30.07552124249999537, -3.517367124556999958 ) ) ;
#4779 = ORIENTED_EDGE ( 'NONE', *, *, #3407, .F. ) ;
#4780 = SURFACE_STYLE_FILL_AREA ( #1989 ) ;
#4781 = VECTOR ( 'NONE', #3621, 1000.000000000000000 ) ;
#4782 = EDGE_CURVE ( 'NONE', #3926, #3735, #2114, .T. ) ;
#4783 =( NAMED_UNIT ( * ) SI_UNIT ( $, .STERADIAN. ) SOLID_ANGLE_UNIT ( ) );
#4784 = PRESENTATION_STYLE_ASSIGNMENT (( #1993 ) ) ;
#4785 = VECTOR ( 'NONE', #686, 1000.000000000000114 ) ;
#4786 = LINE ( 'NONE', #1627, #4140 ) ;
#4787 = FILL_AREA_STYLE_COLOUR ( '', #4027 ) ;
#4788 = DIRECTION ( 'NONE',  ( -0.0003646012926752482280, -0.9999999335329464722, 0.000000000000000000 ) ) ;
#4789 = EDGE_CURVE ( 'NONE', #605, #4594, #240, .T. ) ;
#4790 = EDGE_LOOP ( 'NONE', ( #4876, #2204, #934, #990 ) ) ;
#4791 = SURFACE_STYLE_FILL_AREA ( #4681 ) ;
#4792 = PRESENTATION_STYLE_ASSIGNMENT (( #4856 ) ) ;
#4793 =( NAMED_UNIT ( * ) SI_UNIT ( $, .STERADIAN. ) SOLID_ANGLE_UNIT ( ) );
#4794 = DIRECTION ( 'NONE',  ( 0.000000000000000000, 0.000000000000000000, -1.000000000000000000 ) ) ;
#4795 = LINE ( 'NONE', #1219, #1449 ) ;
#4796 = SURFACE_STYLE_USAGE ( .BOTH. , #4364 ) ;
#4797 = DIRECTION ( 'NONE',  ( 0.000000000000000000, 0.000000000000000000, 1.000000000000000000 ) ) ;
#4798 = ORIENTED_EDGE ( 'NONE', *, *, #646, .F. ) ;
#4799 = FILL_AREA_STYLE_COLOUR ( '', #4509 ) ;
#4800 = SURFACE_STYLE_FILL_AREA ( #84 ) ;
#4801 = AXIS2_PLACEMENT_3D ( 'NONE', #2531, #463, #512 ) ;
#4802 = VECTOR ( 'NONE', #19, 999.9999999999998863 ) ;
#4803 = EDGE_LOOP ( 'NONE', ( #1088, #3410, #4264, #3730 ) ) ;
#4804 = UNCERTAINTY_MEASURE_WITH_UNIT (LENGTH_MEASURE( 1.000000000000000082E-05 ), #4823, 'distance_accuracy_value', 'NONE');
#4805 = COLOUR_RGB ( '',1.000000000000000000, 1.000000000000000000, 1.000000000000000000 ) ;
#4806 = CARTESIAN_POINT ( 'NONE',  ( 43.00000000000000000, 40.00000000000000000, -2.017369599999999874 ) ) ;
#4807 = ORIENTED_EDGE ( 'NONE', *, *, #3901, .F. ) ;
#4808 = EDGE_CURVE ( 'NONE', #799, #1457, #3775, .T. ) ;
#4809 = FACE_OUTER_BOUND ( 'NONE', #4206, .T. ) ;
#4810 = CARTESIAN_POINT ( 'NONE',  ( 18.30000000000000071, -43.00000000000000000, -2.017369599999999874 ) ) ;
#4811 = DIRECTION ( 'NONE',  ( -0.9238826834630522455, 0.3826758252060215582, 0.000000000000000000 ) ) ;
#4812 = CARTESIAN_POINT ( 'NONE',  ( -18.30000000000000071, -38.50000000000000000, -2.017369599999999874 ) ) ;
#4813 = EDGE_CURVE ( 'NONE', #4191, #967, #1539, .T. ) ;
#4814 =( LENGTH_UNIT ( ) NAMED_UNIT ( * ) SI_UNIT ( .MILLI., .METRE. ) );
#4815 = MECHANICAL_DESIGN_GEOMETRIC_PRESENTATION_REPRESENTATION (  '', ( #992 ), #4657 ) ;
#4816 = ORIENTED_EDGE ( 'NONE', *, *, #1147, .F. ) ;
#4817 = DIRECTION ( 'NONE',  ( 0.000000000000000000, 0.000000000000000000, 1.000000000000000000 ) ) ;
#4818 = CARTESIAN_POINT ( 'NONE',  ( 8.501159163987001222, -27.50115916397999527, -2.017369599999999874 ) ) ;
#4819 = CARTESIAN_POINT ( 'NONE',  ( 1.300000000000000044, 2.000000000000000000, -2.017369599999999874 ) ) ;
#4820 = COLOUR_RGB ( '',1.000000000000000000, 0.6078431372549019107, 0.000000000000000000 ) ;
#4821 = DIRECTION ( 'NONE',  ( 0.000000000000000000, 1.000000000000000000, 0.000000000000000000 ) ) ;
#4822 = DIRECTION ( 'NONE',  ( -0.9999997009467437303, -0.0007733734047231489257, 0.000000000000000000 ) ) ;
#4823 =( LENGTH_UNIT ( ) NAMED_UNIT ( * ) SI_UNIT ( .MILLI., .METRE. ) );
#4824 = EDGE_LOOP ( 'NONE', ( #1480, #3832, #1475, #2281 ) ) ;
#4825 = SURFACE_STYLE_USAGE ( .BOTH. , #4045 ) ;
#4826 = SURFACE_STYLE_FILL_AREA ( #3263 ) ;
#4827 = CARTESIAN_POINT ( 'NONE',  ( -5.044663064219049531, -30.52450688249999899, -3.517367124556999958 ) ) ;
#4828 = LINE ( 'NONE', #1282, #3826 ) ;
#4829 = ORIENTED_EDGE ( 'NONE', *, *, #3000, .T. ) ;
#4830 = CARTESIAN_POINT ( 'NONE',  ( -4.872844764218999813, -30.10969948249999817, -3.517367124556999958 ) ) ;
#4831 = FACE_OUTER_BOUND ( 'NONE', #2642, .T. ) ;
#4832 = EDGE_CURVE ( 'NONE', #799, #3527, #3030, .T. ) ;
#4833 = FILL_AREA_STYLE_COLOUR ( '', #3136 ) ;
#4834 = STYLED_ITEM ( 'NONE', ( #4271 ), #2778 ) ;
#4835 = FACE_OUTER_BOUND ( 'NONE', #2533, .T. ) ;
#4836 = DIRECTION ( 'NONE',  ( 0.000000000000000000, 0.000000000000000000, 1.000000000000000000 ) ) ;
#4837 =( LENGTH_UNIT ( ) NAMED_UNIT ( * ) SI_UNIT ( .MILLI., .METRE. ) );
#4838 = DIRECTION ( 'NONE',  ( 1.000000000000000000, 0.000000000000000000, 0.000000000000000000 ) ) ;
#4839 = EDGE_CURVE ( 'NONE', #1322, #3878, #184, .T. ) ;
#4840 = CARTESIAN_POINT ( 'NONE',  ( -18.89999999999999858, 32.39999999999999858, -2.017369599999999874 ) ) ;
#4841 = AXIS2_PLACEMENT_3D ( 'NONE', #4598, #4581, #4942 ) ;
#4842 = LINE ( 'NONE', #2453, #3475 ) ;
#4843 = DIRECTION ( 'NONE',  ( -1.000000000000000000, 0.000000000000000000, 0.000000000000000000 ) ) ;
#4844 = FILL_AREA_STYLE_COLOUR ( '', #2614 ) ;
#4845 = COLOUR_RGB ( '',1.000000000000000000, 0.6078431372549019107, 0.000000000000000000 ) ;
#4846 = VERTEX_POINT ( 'NONE', #993 ) ;
#4847 = UNCERTAINTY_MEASURE_WITH_UNIT (LENGTH_MEASURE( 1.000000000000000082E-05 ), #3368, 'distance_accuracy_value', 'NONE');
#4848 = SURFACE_SIDE_STYLE ('',( #4826 ) ) ;
#4849 = STYLED_ITEM ( 'NONE', ( #4351 ), #4275 ) ;
#4850 = STYLED_ITEM ( 'NONE', ( #968 ), #3609 ) ;
#4851 = VECTOR ( 'NONE', #1957, 1000.000000000000000 ) ;
#4852 = ORIENTED_EDGE ( 'NONE', *, *, #615, .T. ) ;
#4853 = VECTOR ( 'NONE', #4419, 1000.000000000000000 ) ;
#4854 =( NAMED_UNIT ( * ) SI_UNIT ( $, .STERADIAN. ) SOLID_ANGLE_UNIT ( ) );
#4855 = VECTOR ( 'NONE', #858, 1000.000000000000114 ) ;
#4856 = SURFACE_STYLE_USAGE ( .BOTH. , #3270 ) ;
#4857 = DIRECTION ( 'NONE',  ( 0.000000000000000000, 1.000000000000000000, 0.000000000000000000 ) ) ;
#4858 = EDGE_CURVE ( 'NONE', #3819, #3283, #3075, .T. ) ;
#4859 = CARTESIAN_POINT ( 'NONE',  ( 18.89999999999999858, 32.39999999999999858, -2.017369599999999874 ) ) ;
#4860 = DIRECTION ( 'NONE',  ( 0.000000000000000000, 0.000000000000000000, 1.000000000000000000 ) ) ;
#4861 = EDGE_CURVE ( 'NONE', #3504, #2726, #1097, .T. ) ;
#4862 = FACE_OUTER_BOUND ( 'NONE', #3549, .T. ) ;
#4863 = SURFACE_STYLE_USAGE ( .BOTH. , #1708 ) ;
#4864 = CARTESIAN_POINT ( 'NONE',  ( -4.809692744218999394, -30.42717916249999988, -3.517367124556999958 ) ) ;
#4865 =( LENGTH_UNIT ( ) NAMED_UNIT ( * ) SI_UNIT ( .MILLI., .METRE. ) );
#4866 = SURFACE_SIDE_STYLE ('',( #131 ) ) ;
#4867 = EDGE_CURVE ( 'NONE', #2587, #3385, #3540, .T. ) ;
#4868 = EDGE_CURVE ( 'NONE', #5011, #2285, #1488, .T. ) ;
#4869 = CARTESIAN_POINT ( 'NONE',  ( -43.00000000000000000, 40.00000000000000000, -2.017369599999999874 ) ) ;
#4870 = DIRECTION ( 'NONE',  ( -1.000000000000000000, 0.000000000000000000, 0.000000000000000000 ) ) ;
#4871 = ORIENTED_EDGE ( 'NONE', *, *, #5036, .T. ) ;
#4872 = DIRECTION ( 'NONE',  ( 0.9999997009467437303, 0.0007733734047254636973, 0.000000000000000000 ) ) ;
#4873 = CARTESIAN_POINT ( 'NONE',  ( 23.00000000000000000, 40.00000000000000000, -2.017369599999999874 ) ) ;
#4874 = ADVANCED_FACE ( 'NONE', ( #2712 ), #5029, .F. ) ;
#4875 = PRESENTATION_LAYER_ASSIGNMENT (  '', '', ( #3969 ) ) ;
#4876 = ORIENTED_EDGE ( 'NONE', *, *, #2645, .T. ) ;
#4877 =( GEOMETRIC_REPRESENTATION_CONTEXT ( 3 ) GLOBAL_UNCERTAINTY_ASSIGNED_CONTEXT ( ( #5120 ) ) GLOBAL_UNIT_ASSIGNED_CONTEXT ( ( #5016, #4447, #874 ) ) REPRESENTATION_CONTEXT ( 'NONE', 'WORKASPACE' ) );
#4878 = COLOUR_RGB ( '',0.000000000000000000, 0.5019607843137254832, 0.000000000000000000 ) ;
#4879 = EDGE_LOOP ( 'NONE', ( #1792, #1829, #3066, #4322 ) ) ;
#4880 = SURFACE_STYLE_FILL_AREA ( #4522 ) ;
#4881 = VECTOR ( 'NONE', #2037, 1000.000000000000227 ) ;
#4882 = DIRECTION ( 'NONE',  ( 0.9238726279500996119, 0.3827001010250414281, 0.000000000000000000 ) ) ;
#4883 = VERTEX_POINT ( 'NONE', #1540 ) ;
#4884 = VECTOR ( 'NONE', #420, 1000.000000000000000 ) ;
#4885 = LINE ( 'NONE', #4911, #4292 ) ;
#4886 = CARTESIAN_POINT ( 'NONE',  ( -4.809692744218999394, -30.42717916249999988, -3.517367124556999958 ) ) ;
#4887 = CARTESIAN_POINT ( 'NONE',  ( -40.00000000000000000, 0.000000000000000000, -2.017369599999999874 ) ) ;
#4888 = PRESENTATION_LAYER_ASSIGNMENT (  '', '', ( #1649 ) ) ;
#4889 = FACE_OUTER_BOUND ( 'NONE', #4961, .T. ) ;
#4890 = DIRECTION ( 'NONE',  ( 0.7071067811865474617, -0.7071067811865474617, 0.000000000000000000 ) ) ;
#4891 = LINE ( 'NONE', #62, #4989 ) ;
#4892 = CARTESIAN_POINT ( 'NONE',  ( 40.00000000000000000, 0.000000000000000000, -2.017369599999999874 ) ) ;
#4893 = DIRECTION ( 'NONE',  ( 0.000000000000000000, 0.000000000000000000, 1.000000000000000000 ) ) ;
#4894 = ORIENTED_EDGE ( 'NONE', *, *, #3478, .F. ) ;
#4895 = DIRECTION ( 'NONE',  ( 0.000000000000000000, 0.000000000000000000, -1.000000000000000000 ) ) ;
#4896 = UNCERTAINTY_MEASURE_WITH_UNIT (LENGTH_MEASURE( 1.000000000000000082E-05 ), #2486, 'distance_accuracy_value', 'NONE');
#4897 = ADVANCED_FACE ( 'NONE', ( #4737 ), #1899, .F. ) ;
#4898 = SURFACE_SIDE_STYLE ('',( #4466 ) ) ;
#4899 =( GEOMETRIC_REPRESENTATION_CONTEXT ( 3 ) GLOBAL_UNCERTAINTY_ASSIGNED_CONTEXT ( ( #67 ) ) GLOBAL_UNIT_ASSIGNED_CONTEXT ( ( #1077, #3135, #2311 ) ) REPRESENTATION_CONTEXT ( 'NONE', 'WORKASPACE' ) );
#4900 = VERTEX_POINT ( 'NONE', #1955 ) ;
#4901 = EDGE_CURVE ( 'NONE', #1247, #4594, #1844, .T. ) ;
#4902 = EDGE_LOOP ( 'NONE', ( #3979, #3372, #4153, #4186 ) ) ;
#4903 = CIRCLE ( 'NONE', #1913, 1.498841284246002159 ) ;
#4904 = ORIENTED_EDGE ( 'NONE', *, *, #4963, .T. ) ;
#4905 = DIRECTION ( 'NONE',  ( 0.000000000000000000, 0.000000000000000000, -1.000000000000000000 ) ) ;
#4906 = PLANE ( 'NONE',  #3821 ) ;
#4907 = DIRECTION ( 'NONE',  ( 0.3826758252060216137, -0.9238826834630523566, 0.000000000000000000 ) ) ;
#4908 = ORIENTED_EDGE ( 'NONE', *, *, #2541, .T. ) ;
#4909 =( NAMED_UNIT ( * ) SI_UNIT ( $, .STERADIAN. ) SOLID_ANGLE_UNIT ( ) );
#4910 = ORIENTED_EDGE ( 'NONE', *, *, #3034, .F. ) ;
#4911 = CARTESIAN_POINT ( 'NONE',  ( -0.2245001442189999974, -30.25536086250002654, -3.517367124556999958 ) ) ;
#4912 = FILL_AREA_STYLE ('',( #473 ) ) ;
#4913 = SURFACE_STYLE_FILL_AREA ( #595 ) ;
#4914 = PRESENTATION_STYLE_ASSIGNMENT (( #2061 ) ) ;
#4915 = VERTEX_POINT ( 'NONE', #2382 ) ;
#4916 = STYLED_ITEM ( 'NONE', ( #2348 ), #2785 ) ;
#4917 = PRESENTATION_STYLE_ASSIGNMENT (( #157 ) ) ;
#4918 = DIRECTION ( 'NONE',  ( 1.000000000000000000, 0.000000000000000000, 0.000000000000000000 ) ) ;
#4919 = AXIS2_PLACEMENT_3D ( 'NONE', #3185, #3966, #2332 ) ;
#4920 = VECTOR ( 'NONE', #958, 1000.000000000000000 ) ;
#4921 = ORIENTED_EDGE ( 'NONE', *, *, #4813, .T. ) ;
#4922 = PLANE ( 'NONE',  #4771 ) ;
#4923 = FACE_BOUND ( 'NONE', #2579, .T. ) ;
#4924 = VECTOR ( 'NONE', #855, 1000.000000000000000 ) ;
#4925 = DIRECTION ( 'NONE',  ( 0.000000000000000000, 0.000000000000000000, -1.000000000000000000 ) ) ;
#4926 = EDGE_CURVE ( 'NONE', #4944, #2954, #4795, .T. ) ;
#4927 = VERTEX_POINT ( 'NONE', #3663 ) ;
#4928 = MECHANICAL_DESIGN_GEOMETRIC_PRESENTATION_REPRESENTATION (  '', ( #1756 ), #5107 ) ;
#4929 = ORIENTED_EDGE ( 'NONE', *, *, #1949, .F. ) ;
#4930 = ORIENTED_EDGE ( 'NONE', *, *, #95, .T. ) ;
#4931 = MECHANICAL_DESIGN_GEOMETRIC_PRESENTATION_REPRESENTATION (  '', ( #4776 ), #201 ) ;
#4932 = ADVANCED_FACE ( 'NONE', ( #4835 ), #4411, .T. ) ;
#4933 = CARTESIAN_POINT ( 'NONE',  ( 0.1903072557809999954, -30.17285150249999859, -3.517367124556999958 ) ) ;
#4934 =( NAMED_UNIT ( * ) PLANE_ANGLE_UNIT ( ) SI_UNIT ( $, .RADIAN. ) );
#4935 = ORIENTED_EDGE ( 'NONE', *, *, #3576, .F. ) ;
#4936 = STYLED_ITEM ( 'NONE', ( #908 ), #4494 ) ;
#4937 = DIRECTION ( 'NONE',  ( 0.000000000000000000, 0.000000000000000000, -1.000000000000000000 ) ) ;
#4938 = ORIENTED_EDGE ( 'NONE', *, *, #860, .F. ) ;
#4939 = CARTESIAN_POINT ( 'NONE',  ( -43.00000000000000000, -40.00000000000000000, 0.000000000000000000 ) ) ;
#4940 = CARTESIAN_POINT ( 'NONE',  ( 8.501159163987001222, -10.49884083601000029, 0.000000000000000000 ) ) ;
#4941 = MECHANICAL_DESIGN_GEOMETRIC_PRESENTATION_REPRESENTATION (  '', ( #121 ), #4454 ) ;
#4942 = DIRECTION ( 'NONE',  ( 0.0007733734047231480583, -0.9999997009467437303, 0.000000000000000000 ) ) ;
#4943 = AXIS2_PLACEMENT_3D ( 'NONE', #1396, #208, #233 ) ;
#4944 = VERTEX_POINT ( 'NONE', #2428 ) ;
#4945 = CARTESIAN_POINT ( 'NONE',  ( -4.955354124219029543, -30.07552124249999537, -3.517367124556999958 ) ) ;
#4946 = DIRECTION ( 'NONE',  ( 1.000000000000000000, 0.000000000000000000, 0.000000000000000000 ) ) ;
#4947 = PRESENTATION_STYLE_ASSIGNMENT (( #4639 ) ) ;
#4948 = ORIENTED_EDGE ( 'NONE', *, *, #306, .T. ) ;
#4949 = CARTESIAN_POINT ( 'NONE',  ( -9.021807453828001755, -27.99999553195000246, 1.499998807906999909 ) ) ;
#4950 = UNCERTAINTY_MEASURE_WITH_UNIT (LENGTH_MEASURE( 1.000000000000000082E-05 ), #5085, 'distance_accuracy_value', 'NONE');
#4951 = DIRECTION ( 'NONE',  ( 0.000000000000000000, 0.000000000000000000, -1.000000000000000000 ) ) ;
#4952 =( NAMED_UNIT ( * ) SI_UNIT ( $, .STERADIAN. ) SOLID_ANGLE_UNIT ( ) );
#4953 =( NAMED_UNIT ( * ) SI_UNIT ( $, .STERADIAN. ) SOLID_ANGLE_UNIT ( ) );
#4954 =( GEOMETRIC_REPRESENTATION_CONTEXT ( 3 ) GLOBAL_UNCERTAINTY_ASSIGNED_CONTEXT ( ( #2833 ) ) GLOBAL_UNIT_ASSIGNED_CONTEXT ( ( #2769, #4715, #3866 ) ) REPRESENTATION_CONTEXT ( 'NONE', 'WORKASPACE' ) );
#4955 = VERTEX_POINT ( 'NONE', #2409 ) ;
#4956 = VERTEX_POINT ( 'NONE', #2449 ) ;
#4957 = ORIENTED_EDGE ( 'NONE', *, *, #1508, .T. ) ;
#4958 = PRESENTATION_LAYER_ASSIGNMENT (  '', '', ( #391 ) ) ;
#4959 =( NAMED_UNIT ( * ) SI_UNIT ( $, .STERADIAN. ) SOLID_ANGLE_UNIT ( ) );
#4960 = FACE_OUTER_BOUND ( 'NONE', #2258, .T. ) ;
#4961 = EDGE_LOOP ( 'NONE', ( #3137, #4103, #221, #3421 ) ) ;
#4962 = AXIS2_PLACEMENT_3D ( 'NONE', #2225, #4951, #2920 ) ;
#4963 = EDGE_CURVE ( 'NONE', #4577, #2347, #4036, .T. ) ;
#4964 = LINE ( 'NONE', #519, #647 ) ;
#4965 = VERTEX_POINT ( 'NONE', #472 ) ;
#4966 = CARTESIAN_POINT ( 'NONE',  ( 8.500000000000000000, -29.00000000000000000, -2.017369599999999874 ) ) ;
#4967 = AXIS2_PLACEMENT_3D ( 'NONE', #3868, #720, #2770 ) ;
#4968 = DIRECTION ( 'NONE',  ( 0.000000000000000000, -1.000000000000000000, 0.000000000000000000 ) ) ;
#4969 = SURFACE_SIDE_STYLE ('',( #3459 ) ) ;
#4970 = LINE ( 'NONE', #2657, #1263 ) ;
#4971 = EDGE_CURVE ( 'NONE', #1259, #3965, #1695, .T. ) ;
#4972 =( NAMED_UNIT ( * ) SI_UNIT ( $, .STERADIAN. ) SOLID_ANGLE_UNIT ( ) );
#4973 = COLOUR_RGB ( '',1.000000000000000000, 0.6078431372549019107, 0.000000000000000000 ) ;
#4974 = VERTEX_POINT ( 'NONE', #3988 ) ;
#4975 =( NAMED_UNIT ( * ) SI_UNIT ( $, .STERADIAN. ) SOLID_ANGLE_UNIT ( ) );
#4976 = CARTESIAN_POINT ( 'NONE',  ( 17.80000000000000071, 32.39999999999999858, -2.017369599999999874 ) ) ;
#4977 = LINE ( 'NONE', #4171, #364 ) ;
#4978 =( GEOMETRIC_REPRESENTATION_CONTEXT ( 3 ) GLOBAL_UNCERTAINTY_ASSIGNED_CONTEXT ( ( #2875 ) ) GLOBAL_UNIT_ASSIGNED_CONTEXT ( ( #102, #2910, #957 ) ) REPRESENTATION_CONTEXT ( 'NONE', 'WORKASPACE' ) );
#4979 = ORIENTED_EDGE ( 'NONE', *, *, #4556, .F. ) ;
#4980 = LINE ( 'NONE', #819, #2507 ) ;
#4981 = CARTESIAN_POINT ( 'NONE',  ( 43.00000000000000000, -40.00000000000000000, 0.000000000000000000 ) ) ;
#4982 = AXIS2_PLACEMENT_3D ( 'NONE', #1167, #732, #2324 ) ;
#4983 =( LENGTH_UNIT ( ) NAMED_UNIT ( * ) SI_UNIT ( .MILLI., .METRE. ) );
#4984 = VECTOR ( 'NONE', #3929, 1000.000000000000000 ) ;
#4985 = VERTEX_POINT ( 'NONE', #1978 ) ;
#4986 = VERTEX_POINT ( 'NONE', #3643 ) ;
#4987 = VECTOR ( 'NONE', #2230, 1000.000000000000000 ) ;
#4988 = DIRECTION ( 'NONE',  ( -0.9238826834630523566, 0.3826758252060216137, 0.000000000000000000 ) ) ;
#4989 = VECTOR ( 'NONE', #4821, 1000.000000000000000 ) ;
#4990 = VERTEX_POINT ( 'NONE', #447 ) ;
#4991 = LINE ( 'NONE', #2884, #733 ) ;
#4992 = ORIENTED_EDGE ( 'NONE', *, *, #985, .T. ) ;
#4993 = CARTESIAN_POINT ( 'NONE',  ( 21.50000000000000000, 38.50000000000000000, -2.017369599999999874 ) ) ;
#4994 = DIRECTION ( 'NONE',  ( 0.000000000000000000, 0.000000000000000000, 1.000000000000000000 ) ) ;
#4995 = EDGE_CURVE ( 'NONE', #5094, #2423, #3589, .T. ) ;
#4996 = LINE ( 'NONE', #3742, #4435 ) ;
#4997 = DIRECTION ( 'NONE',  ( 0.000000000000000000, 1.000000000000000000, 0.000000000000000000 ) ) ;
#4998 = CARTESIAN_POINT ( 'NONE',  ( -0.04466306421905000268, -30.52450688249999899, -0.01736650455699990936 ) ) ;
#4999 = ORIENTED_EDGE ( 'NONE', *, *, #4499, .F. ) ;
#5000 = PRESENTATION_STYLE_ASSIGNMENT (( #2525 ) ) ;
#5001 = FILL_AREA_STYLE ('',( #3776 ) ) ;
#5002 = ADVANCED_FACE ( 'NONE', ( #2056 ), #1590, .F. ) ;
#5003 = ORIENTED_EDGE ( 'NONE', *, *, #2310, .F. ) ;
#5004 =( LENGTH_UNIT ( ) NAMED_UNIT ( * ) SI_UNIT ( .MILLI., .METRE. ) );
#5005 = AXIS2_PLACEMENT_3D ( 'NONE', #5102, #3506, #1999 ) ;
#5006 = DIRECTION ( 'NONE',  ( -1.000000000000000000, 0.000000000000000000, 0.000000000000000000 ) ) ;
#5007 =( GEOMETRIC_REPRESENTATION_CONTEXT ( 3 ) GLOBAL_UNCERTAINTY_ASSIGNED_CONTEXT ( ( #3138 ) ) GLOBAL_UNIT_ASSIGNED_CONTEXT ( ( #923, #4106, #830 ) ) REPRESENTATION_CONTEXT ( 'NONE', 'WORKASPACE' ) );
#5008 = EDGE_LOOP ( 'NONE', ( #2320, #727, #2392, #1753 ) ) ;
#5009 = ORIENTED_EDGE ( 'NONE', *, *, #266, .T. ) ;
#5010 = AXIS2_PLACEMENT_3D ( 'NONE', #5104, #294, #3560 ) ;
#5011 = VERTEX_POINT ( 'NONE', #3403 ) ;
#5012 = SURFACE_STYLE_FILL_AREA ( #3763 ) ;
#5013 = STYLED_ITEM ( 'NONE', ( #2355 ), #4108 ) ;
#5014 = SURFACE_STYLE_USAGE ( .BOTH. , #226 ) ;
#5015 = ORIENTED_EDGE ( 'NONE', *, *, #1948, .F. ) ;
#5016 =( LENGTH_UNIT ( ) NAMED_UNIT ( * ) SI_UNIT ( .MILLI., .METRE. ) );
#5017 = VECTOR ( 'NONE', #4870, 1000.000000000000000 ) ;
#5018 = ORIENTED_EDGE ( 'NONE', *, *, #1566, .F. ) ;
#5019 = DIRECTION ( 'NONE',  ( 1.000000000000000000, 0.000000000000000000, 0.000000000000000000 ) ) ;
#5020 = LINE ( 'NONE', #681, #4482 ) ;
#5021 = VECTOR ( 'NONE', #1319, 1000.000000000000000 ) ;
#5022 = DIRECTION ( 'NONE',  ( 0.000000000000000000, 0.000000000000000000, 1.000000000000000000 ) ) ;
#5023 = SURFACE_STYLE_FILL_AREA ( #574 ) ;
#5024 = FACE_OUTER_BOUND ( 'NONE', #4415, .T. ) ;
#5025 = ORIENTED_EDGE ( 'NONE', *, *, #5100, .T. ) ;
#5026 = VECTOR ( 'NONE', #4479, 1000.000000000000000 ) ;
#5027 = EDGE_CURVE ( 'NONE', #3827, #4291, #4457, .T. ) ;
#5028 = DIRECTION ( 'NONE',  ( -0.3826758252060216137, 0.9238826834630523566, 0.000000000000000000 ) ) ;
#5029 = CYLINDRICAL_SURFACE ( 'NONE', #714, 1.300000000000000044 ) ;
#5030 = DIRECTION ( 'NONE',  ( 0.000000000000000000, 1.000000000000000000, 0.000000000000000000 ) ) ;
#5031 =( LENGTH_UNIT ( ) NAMED_UNIT ( * ) SI_UNIT ( .MILLI., .METRE. ) );
#5032 = VERTEX_POINT ( 'NONE', #2156 ) ;
#5033 = CARTESIAN_POINT ( 'NONE',  ( -9.500006104219000491, -9.499994431950002038, 1.499998807906999909 ) ) ;
#5034 = AXIS2_PLACEMENT_3D ( 'NONE', #622, #4135, #570 ) ;
#5035 = SURFACE_STYLE_FILL_AREA ( #3812 ) ;
#5036 = EDGE_CURVE ( 'NONE', #1224, #3844, #522, .T. ) ;
#5037 = EDGE_CURVE ( 'NONE', #1781, #2624, #4111, .T. ) ;
#5038 = SURFACE_STYLE_FILL_AREA ( #3526 ) ;
#5039 = APPLICATION_CONTEXT ( 'automotive_design' ) ;
#5040 = ORIENTED_EDGE ( 'NONE', *, *, #4442, .T. ) ;
#5041 = FACE_OUTER_BOUND ( 'NONE', #974, .T. ) ;
#5042 = ORIENTED_EDGE ( 'NONE', *, *, #2804, .F. ) ;
#5043 = EDGE_CURVE ( 'NONE', #485, #135, #3771, .T. ) ;
#5044 = ORIENTED_EDGE ( 'NONE', *, *, #742, .T. ) ;
#5045 = SURFACE_STYLE_FILL_AREA ( #2671 ) ;
#5046 = PLANE ( 'NONE',  #1818 ) ;
#5047 = EDGE_LOOP ( 'NONE', ( #1738, #4023, #2233, #4628 ) ) ;
#5048 = CARTESIAN_POINT ( 'NONE',  ( -18.30000000000000071, -38.50000000000000000, -2.017369599999999874 ) ) ;
#5049 = PRESENTATION_LAYER_ASSIGNMENT (  '', '', ( #643 ) ) ;
#5050 = ORIENTED_EDGE ( 'NONE', *, *, #3718, .T. ) ;
#5051 = CARTESIAN_POINT ( 'NONE',  ( -4.775514504218999257, -30.25536086250002654, -3.517367124556999958 ) ) ;
#5052 = CARTESIAN_POINT ( 'NONE',  ( 43.00000000000000000, -40.00000000000000000, -2.017369599999999874 ) ) ;
#5053 = VECTOR ( 'NONE', #2441, 1000.000000000000000 ) ;
#5054 = DIRECTION ( 'NONE',  ( 0.000000000000000000, 0.000000000000000000, -1.000000000000000000 ) ) ;
#5055 = DIRECTION ( 'NONE',  ( 0.7071067811865474617, 0.7071067811865474617, 0.000000000000000000 ) ) ;
#5056 = DIRECTION ( 'NONE',  ( 1.000000000000000000, 0.000000000000000000, 0.000000000000000000 ) ) ;
#5057 =( GEOMETRIC_REPRESENTATION_CONTEXT ( 3 ) GLOBAL_UNCERTAINTY_ASSIGNED_CONTEXT ( ( #3285 ) ) GLOBAL_UNIT_ASSIGNED_CONTEXT ( ( #68, #2459, #2610 ) ) REPRESENTATION_CONTEXT ( 'NONE', 'WORKASPACE' ) );
#5058 = SURFACE_STYLE_FILL_AREA ( #1817 ) ;
#5059 = FILL_AREA_STYLE ('',( #3466 ) ) ;
#5060 = LINE ( 'NONE', #2659, #1068 ) ;
#5061 = LINE ( 'NONE', #3516, #368 ) ;
#5062 = AXIS2_PLACEMENT_3D ( 'NONE', #1125, #2353, #448 ) ;
#5063 = VERTEX_POINT ( 'NONE', #176 ) ;
#5064 = UNCERTAINTY_MEASURE_WITH_UNIT (LENGTH_MEASURE( 1.000000000000000082E-05 ), #2133, 'distance_accuracy_value', 'NONE');
#5065 = SURFACE_STYLE_USAGE ( .BOTH. , #2283 ) ;
#5066 = DIRECTION ( 'NONE',  ( 0.000000000000000000, -1.000000000000000000, 0.000000000000000000 ) ) ;
#5067 = CYLINDRICAL_SURFACE ( 'NONE', #2570, 3.001094402371998981 ) ;
#5068 = VECTOR ( 'NONE', #2654, 1000.000000000000000 ) ;
#5069 = EDGE_CURVE ( 'NONE', #3385, #311, #2116, .T. ) ;
#5070 = ORIENTED_EDGE ( 'NONE', *, *, #2865, .F. ) ;
#5071 =( NAMED_UNIT ( * ) SI_UNIT ( $, .STERADIAN. ) SOLID_ANGLE_UNIT ( ) );
#5072 = PLANE ( 'NONE',  #2470 ) ;
#5073 = EDGE_LOOP ( 'NONE', ( #2859, #4571, #3800, #4560 ) ) ;
#5074 = FACE_BOUND ( 'NONE', #1758, .T. ) ;
#5075 = EDGE_CURVE ( 'NONE', #3787, #238, #125, .T. ) ;
#5076 = ORIENTED_EDGE ( 'NONE', *, *, #2743, .F. ) ;
#5077 = DIRECTION ( 'NONE',  ( -0.7071067811870476172, -0.7071067811860475283, 0.000000000000000000 ) ) ;
#5078 =( NAMED_UNIT ( * ) PLANE_ANGLE_UNIT ( ) SI_UNIT ( $, .RADIAN. ) );
#5079 = AXIS2_PLACEMENT_3D ( 'NONE', #4020, #3547, #3109 ) ;
#5080 = FILL_AREA_STYLE_COLOUR ( '', #4845 ) ;
#5081 = CARTESIAN_POINT ( 'NONE',  ( -40.00000000000000000, 40.00000000000000000, -2.017369599999999874 ) ) ;
#5082 = FACE_OUTER_BOUND ( 'NONE', #2223, .T. ) ;
#5083 =( LENGTH_UNIT ( ) NAMED_UNIT ( * ) SI_UNIT ( .MILLI., .METRE. ) );
#5084 = CARTESIAN_POINT ( 'NONE',  ( 12.69999267578099911, -32.00001406250000002, 2.540000000000000036 ) ) ;
#5085 =( LENGTH_UNIT ( ) NAMED_UNIT ( * ) SI_UNIT ( .MILLI., .METRE. ) );
#5086 = ORIENTED_EDGE ( 'NONE', *, *, #3220, .T. ) ;
#5087 = FILL_AREA_STYLE ('',( #2742 ) ) ;
#5088 = PRESENTATION_STYLE_ASSIGNMENT (( #5116 ) ) ;
#5089 = FACE_OUTER_BOUND ( 'NONE', #3970, .T. ) ;
#5090 = DIRECTION ( 'NONE',  ( 0.000000000000000000, 0.000000000000000000, -1.000000000000000000 ) ) ;
#5091 = VERTEX_POINT ( 'NONE', #4554 ) ;
#5092 = ORIENTED_EDGE ( 'NONE', *, *, #2926, .T. ) ;
#5093 = CIRCLE ( 'NONE', #180, 1.300000000000002487 ) ;
#5094 = VERTEX_POINT ( 'NONE', #4194 ) ;
#5095 = ADVANCED_FACE ( 'NONE', ( #1734 ), #2594, .T. ) ;
#5096 = PRESENTATION_STYLE_ASSIGNMENT (( #1914 ) ) ;
#5097 = PRESENTATION_STYLE_ASSIGNMENT (( #3503 ) ) ;
#5098 = VECTOR ( 'NONE', #2011, 1000.000000000000000 ) ;
#5099 = ORIENTED_EDGE ( 'NONE', *, *, #3060, .T. ) ;
#5100 = EDGE_CURVE ( 'NONE', #4421, #1616, #4502, .T. ) ;
#5101 = VECTOR ( 'NONE', #2733, 1000.000000000000000 ) ;
#5102 = CARTESIAN_POINT ( 'NONE',  ( -5.127172424218999325, -30.10969948249999817, -3.517367124556999958 ) ) ;
#5103 = LINE ( 'NONE', #4405, #2734 ) ;
#5104 = CARTESIAN_POINT ( 'NONE',  ( 40.00000000000000000, 40.00000000000000000, -2.017369599999999874 ) ) ;
#5105 =( NAMED_UNIT ( * ) SI_UNIT ( $, .STERADIAN. ) SOLID_ANGLE_UNIT ( ) );
#5106 = AXIS2_PLACEMENT_3D ( 'NONE', #2844, #2432, #1246 ) ;
#5107 =( GEOMETRIC_REPRESENTATION_CONTEXT ( 3 ) GLOBAL_UNCERTAINTY_ASSIGNED_CONTEXT ( ( #1000 ) ) GLOBAL_UNIT_ASSIGNED_CONTEXT ( ( #90, #4488, #4070 ) ) REPRESENTATION_CONTEXT ( 'NONE', 'WORKASPACE' ) );
#5108 = DIRECTION ( 'NONE',  ( 0.000000000000000000, 0.000000000000000000, -1.000000000000000000 ) ) ;
#5109 = FILL_AREA_STYLE ('',( #3126 ) ) ;
#5110 = LINE ( 'NONE', #3541, #3978 ) ;
#5111 = LINE ( 'NONE', #4711, #4851 ) ;
#5112 = DIRECTION ( 'NONE',  ( 0.000000000000000000, -1.000000000000000000, 0.000000000000000000 ) ) ;
#5113 = ORIENTED_EDGE ( 'NONE', *, *, #807, .F. ) ;
#5114 = CARTESIAN_POINT ( 'NONE',  ( -5.224500144218999331, -30.25536086250002654, -0.01736650455699990936 ) ) ;
#5115 = MECHANICAL_DESIGN_GEOMETRIC_PRESENTATION_REPRESENTATION (  '', ( #619 ), #3273 ) ;
#5116 = SURFACE_STYLE_USAGE ( .BOTH. , #1494 ) ;
#5117 =( GEOMETRIC_REPRESENTATION_CONTEXT ( 3 ) GLOBAL_UNCERTAINTY_ASSIGNED_CONTEXT ( ( #3810 ) ) GLOBAL_UNIT_ASSIGNED_CONTEXT ( ( #2915, #1405, #2138 ) ) REPRESENTATION_CONTEXT ( 'NONE', 'WORKASPACE' ) );
#5118 = SURFACE_STYLE_FILL_AREA ( #348 ) ;
#5119 = ORIENTED_EDGE ( 'NONE', *, *, #4556, .T. ) ;
#5120 = UNCERTAINTY_MEASURE_WITH_UNIT (LENGTH_MEASURE( 1.000000000000000082E-05 ), #5016, 'distance_accuracy_value', 'NONE');
#5121 = VERTEX_POINT ( 'NONE', #3347 ) ;
#5122 = VERTEX_POINT ( 'NONE', #3319 ) ;
#5123 = FACE_OUTER_BOUND ( 'NONE', #244, .T. ) ;
#5124 = ORIENTED_EDGE ( 'NONE', *, *, #1883, .F. ) ;
#5125 =( NAMED_UNIT ( * ) SI_UNIT ( $, .STERADIAN. ) SOLID_ANGLE_UNIT ( ) );
#5126 = CARTESIAN_POINT ( 'NONE',  ( 24.50000000000000000, 43.00000000000000000, -2.017369599999999874 ) ) ;
#5127 = EDGE_CURVE ( 'NONE', #1927, #679, #4885, .T. ) ;
#5128 = PRESENTATION_LAYER_ASSIGNMENT (  '', '', ( #1631 ) ) ;
#5129 = FACE_OUTER_BOUND ( 'NONE', #1816, .T. ) ;
#5130 = COLOUR_RGB ( '',1.000000000000000000, 0.6078431372549019107, 0.000000000000000000 ) ;
#5131 = DIRECTION ( 'NONE',  ( 0.000000000000000000, 0.000000000000000000, 1.000000000000000000 ) ) ;
#5132 = CARTESIAN_POINT ( 'NONE',  ( -18.30000000000000071, -43.00000000000000000, 0.000000000000000000 ) ) ;
#5133 = SURFACE_SIDE_STYLE ('',( #1490 ) ) ;
#5134 = SURFACE_STYLE_USAGE ( .BOTH. , #4739 ) ;
#5135 = ADVANCED_FACE ( 'NONE', ( #2183 ), #2518, .F. ) ;
#5136 = VERTEX_POINT ( 'NONE', #755 ) ;
#5137 = LINE ( 'NONE', #692, #2879 ) ;
#5138 =( GEOMETRIC_REPRESENTATION_CONTEXT ( 3 ) GLOBAL_UNCERTAINTY_ASSIGNED_CONTEXT ( ( #3652 ) ) GLOBAL_UNIT_ASSIGNED_CONTEXT ( ( #3418, #3055, #4952 ) ) REPRESENTATION_CONTEXT ( 'NONE', 'WORKASPACE' ) );
#5139 = SURFACE_STYLE_FILL_AREA ( #1932 ) ;
#5140 = DIRECTION ( 'NONE',  ( 0.000000000000000000, 0.000000000000000000, -1.000000000000000000 ) ) ;
#5141 = DIRECTION ( 'NONE',  ( -0.000000000000000000, 1.000000000000000000, 0.000000000000000000 ) ) ;
#5142 = VERTEX_POINT ( 'NONE', #3042 ) ;
#5143 = SURFACE_STYLE_FILL_AREA ( #1232 ) ;
#5144 = AXIS2_PLACEMENT_3D ( 'NONE', #1820, #1845, #600 ) ;
#5145 = SURFACE_SIDE_STYLE ('',( #1504 ) ) ;
#5146 = COLOUR_RGB ( '',0.000000000000000000, 0.5019607843137254832, 0.000000000000000000 ) ;
ENDSEC;
END-ISO-10303-21;
